case,reference_case,angle_group,signed_mean_db,rms_db,max_abs_db,max_abs_freq_hz,max_abs_angle_deg
stable,wide-svd,0_60,-0.48789686883089806,2.1575113434407402,9.27537195597806,1200.0,30.0
stable,wide-svd,70_90,-0.9502402533806187,2.417659538736387,10.080393046299065,1200.0,90.0
stable,wide-svd,80_90,-1.1127777965349388,2.625504597705443,10.080393046299065,1200.0,90.0
stable,wide-svd,90,-1.1709238915147782,2.8167304223427343,10.080393046299065,1200.0,90.0
wide-svd,wide-svd,0_60,0.0,0.0,0.0,300.0,0.0
wide-svd,wide-svd,70_90,0.0,0.0,0.0,300.0,70.0
wide-svd,wide-svd,80_90,0.0,0.0,0.0,300.0,80.0
wide-svd,wide-svd,90,0.0,0.0,0.0,300.0,90.0
axisymmetric-directivity,wide-svd,0_60,1.2193108624467235,3.1990433150150213,9.41001803938667,1200.0,30.0
axisymmetric-directivity,wide-svd,70_90,8.182937515415455,10.03173744096601,27.640381003048034,1009.0756983044574,90.0
axisymmetric-directivity,wide-svd,80_90,8.571565557770324,11.045946069252864,27.640381003048034,1009.0756983044574,90.0
axisymmetric-directivity,wide-svd,90,8.426763000384518,12.445991377640878,27.640381003048034,1009.0756983044574,90.0
profile-ring-compact,wide-svd,0_60,0.9409811999957552,3.302789911104067,10.289661461706885,1200.0,30.0
profile-ring-compact,wide-svd,70_90,-1.0923999891234477,10.875305442575076,24.126790401812976,1200.0,90.0
profile-ring-compact,wide-svd,80_90,-4.726796835406802,12.3948484144588,24.126790401812976,1200.0,90.0
profile-ring-compact,wide-svd,90,-14.888508668991534,16.207659507560056,24.126790401812976,1200.0,90.0
profile-ring-compact-svd,wide-svd,0_60,0.9409839549601309,3.3027930326995962,10.289661461707567,1200.0,30.0
profile-ring-compact-svd,wide-svd,70_90,-1.0927066871581326,10.875875511959311,24.126790402101648,1200.0,90.0
profile-ring-compact-svd,wide-svd,80_90,-4.7272633713877,12.395595790685222,24.126790402101648,1200.0,90.0
profile-ring-compact-svd,wide-svd,90,-14.889454184040712,16.208800669941983,24.126790402101648,1200.0,90.0
profile-ring-full,wide-svd,0_60,0.9468787092333688,3.2904776051266653,10.26981997863318,1200.0,30.0
profile-ring-full,wide-svd,70_90,-1.1062283306049083,10.948963538941443,23.807835422111353,1200.0,90.0
profile-ring-full,wide-svd,80_90,-4.755749312211092,12.494201538562411,23.807835422111353,1200.0,90.0
profile-ring-full,wide-svd,90,-14.97035438365094,16.362410270095808,23.807835422111353,1200.0,90.0
profile-ring-full-svd,wide-svd,0_60,0.9467599059197624,3.289132753824574,10.263890957093025,1200.0,30.0
profile-ring-full-svd,wide-svd,70_90,-1.107607863825783,10.948484894212635,23.803115236114238,1200.0,90.0
profile-ring-full-svd,wide-svd,80_90,-4.757076361835737,12.494174805077407,23.803115236114238,1200.0,90.0
profile-ring-full-svd,wide-svd,90,-14.97069928246527,16.36366213520241,23.803115236114238,1200.0,90.0
modal-compact2,wide-svd,0_60,0.3717596292081303,2.5260234143181357,9.841966745227836,1200.0,30.0
modal-compact2,wide-svd,70_90,4.756881582798073,6.899720412018959,21.43670918031146,1009.0756983044574,90.0
modal-compact2,wide-svd,80_90,5.207281166625966,7.909559426818912,21.43670918031146,1009.0756983044574,90.0
modal-compact2,wide-svd,90,7.493532216122728,10.052234260957242,21.43670918031146,1009.0756983044574,90.0
modal-compact3,wide-svd,0_60,0.5703932493931474,2.529791496185531,9.304268222335793,1200.0,30.0
modal-compact3,wide-svd,70_90,4.156481592258624,5.754511308063266,15.852038875601465,1009.0756983044574,90.0
modal-compact3,wide-svd,80_90,3.9428329044303254,6.163840824501147,15.852038875601465,1009.0756983044574,90.0
modal-compact3,wide-svd,90,4.5028891728980005,7.044979938905653,15.852038875601465,1009.0756983044574,90.0
modal-full2,wide-svd,0_60,0.3266199274834523,2.49579914409972,9.861009474947224,1200.0,30.0
modal-full2,wide-svd,70_90,4.78212027169134,6.951199455606648,21.3668819547604,1009.0756983044574,90.0
modal-full2,wide-svd,80_90,5.318066177294003,8.009616887877225,21.3668819547604,1009.0756983044574,90.0
modal-full2,wide-svd,90,7.742548749970262,10.170214263209289,21.3668819547604,1009.0756983044574,90.0
modal-full3,wide-svd,0_60,0.5761761184509322,2.5318730842837116,9.368399287107124,1200.0,30.0
modal-full3,wide-svd,70_90,3.877215095047658,5.567438469974299,13.479481375211208,1009.0756983044574,90.0
modal-full3,wide-svd,80_90,3.523807319815266,5.887448453691733,13.479481375211208,1009.0756983044574,90.0
modal-full3,wide-svd,90,3.73537520868319,6.556881328397372,13.479481375211208,1009.0756983044574,90.0
modal-full4-svd,wide-svd,0_60,1.3853243519711793,3.083017471366605,9.369432069384317,1200.0,30.0
modal-full4-svd,wide-svd,70_90,2.2838730410376535,7.483637962835993,19.42452498171749,1132.6491752180323,90.0
modal-full4-svd,wide-svd,80_90,-0.17169862459473548,7.541926859154536,19.42452498171749,1132.6491752180323,90.0
modal-full4-svd,wide-svd,90,-6.324639162802903,7.98484737277289,19.42452498171749,1132.6491752180323,90.0
measured-stable,wide-svd,0_60,-6.865563639878687,8.744041731200387,19.79150528494219,436.6959548526562,30.0
measured-stable,wide-svd,70_90,3.1369839701118383,6.826857565490299,24.386492200840685,1009.0756983044574,90.0
measured-stable,wide-svd,80_90,5.635773310532777,8.143714645166494,24.386492200840685,1009.0756983044574,90.0
measured-stable,wide-svd,90,8.50629002060037,10.924473775587156,24.386492200840685,1009.0756983044574,90.0
measured-profile-ring-compact,wide-svd,0_60,0.11964432972246182,3.378885710341647,10.489157953402653,1200.0,30.0
measured-profile-ring-compact,wide-svd,70_90,3.523608967350755,7.981218565261433,19.608038147481714,1038.6438732073716,80.0
measured-profile-ring-compact,wide-svd,80_90,3.640903317100352,8.453293001083672,19.608038147481714,1038.6438732073716,80.0
measured-profile-ring-compact,wide-svd,90,3.9915803134422547,8.620707899882369,18.230822603853397,848.5281374238571,90.0
measured-profile-ring-full,wide-svd,0_60,0.12367757402197892,3.351248458309535,10.479647084810622,1200.0,30.0
measured-profile-ring-full,wide-svd,70_90,3.5610190973009432,7.92901314808475,20.08438727585466,1038.6438732073716,80.0
measured-profile-ring-full,wide-svd,80_90,3.6886477044740102,8.406106506591291,20.08438727585466,1038.6438732073716,80.0
measured-profile-ring-full,wide-svd,90,4.048628199570533,8.588121412915816,17.75813812679666,848.5281374238571,90.0
measured-modal-full2,wide-svd,0_60,-0.31497827204001994,2.831690014463036,11.009276683087151,1200.0,40.0
measured-modal-full2,wide-svd,70_90,5.283837139966259,9.176138901592955,29.868547848343624,1009.0756983044574,90.0
measured-modal-full2,wide-svd,80_90,6.79067847446019,11.10656432656137,29.868547848343624,1009.0756983044574,90.0
measured-modal-full2,wide-svd,90,11.011928306223211,13.96546746523714,29.868547848343624,1009.0756983044574,90.0
measured-modal-full4-svd,wide-svd,0_60,0.5841235165484563,2.6296319772004466,11.53623561317896,1200.0,30.0
measured-modal-full4-svd,wide-svd,70_90,4.9883975823909825,7.3298330197179125,22.61558794241047,1009.0756983044574,90.0
measured-modal-full4-svd,wide-svd,80_90,4.952304313837373,8.116212069782971,22.61558794241047,1009.0756983044574,90.0
measured-modal-full4-svd,wide-svd,90,5.1300115358978085,9.156949024424755,22.61558794241047,1009.0756983044574,90.0
d55-r25-95-svd,wide-svd,0_60,0.2569293960495357,0.645695711469898,2.883123203796721,1200.0,60.0
d55-r25-95-svd,wide-svd,70_90,-0.3472693591865265,1.2934043097655386,3.2695211563989233,1200.0,70.0
d55-r25-95-svd,wide-svd,80_90,-0.7185249294576516,1.3926100317808765,2.545895258196637,1200.0,80.0
d55-r25-95-svd,wide-svd,90,-1.2749431729170906,1.5329874223172517,1.914564453627282,336.7386144928119,90.0
asym-f45-r55-r35-svd,wide-svd,0_60,0.09137096173869358,0.2528842666576032,1.2317587148028721,1200.0,60.0
asym-f45-r55-r35-svd,wide-svd,70_90,0.40942744470978354,1.5192856476326857,8.816466306452725,1069.0784617684071,90.0
asym-f45-r55-r35-svd,wide-svd,80_90,0.29827462280642975,1.7792076633964893,8.816466306452725,1069.0784617684071,90.0
asym-f45-r55-r35-svd,wide-svd,90,-0.11958688580484089,2.2728695665495895,8.816466306452725,1069.0784617684071,90.0
asym-f45-r55-front35-rear25-svd,wide-svd,0_60,0.0887107121821251,0.46430048222736664,1.9582145969145301,1200.0,60.0
asym-f45-r55-front35-rear25-svd,wide-svd,70_90,0.12956001501469377,1.6794739417460478,12.305855474035866,1038.6438732073716,90.0
asym-f45-r55-front35-rear25-svd,wide-svd,80_90,-0.03821125151047946,1.9486641413720656,12.305855474035866,1038.6438732073716,90.0
asym-f45-r55-front35-rear25-svd,wide-svd,90,-0.4974595758967522,2.457710616164863,12.305855474035866,1038.6438732073716,90.0
h1659-profile-compact-split-discrete-svd,wide-svd,0_60,2.213335469675556,5.642120617524598,17.616787679057417,925.3264952447645,60.0
h1659-profile-compact-split-discrete-svd,wide-svd,70_90,6.1090059615654075,9.864264571065917,22.610275791666957,436.6959548526562,90.0
h1659-profile-compact-split-discrete-svd,wide-svd,80_90,5.206823306774107,9.53720491256211,22.610275791666957,436.6959548526562,90.0
h1659-profile-compact-split-discrete-svd,wide-svd,90,2.642605072374505,9.757189104398888,22.610275791666957,436.6959548526562,90.0
h1659-profile-full-split-discrete-svd,wide-svd,0_60,2.287578957549884,5.69480725840655,15.022955490383374,898.9842461260089,60.0
h1659-profile-full-split-discrete-svd,wide-svd,70_90,6.516317459707175,9.572321214288028,19.108223237127817,898.9842461260089,70.0
h1659-profile-full-split-discrete-svd,wide-svd,80_90,5.876074699092675,8.972194362936916,16.161688127633056,1009.0756983044574,90.0
h1659-profile-full-split-discrete-svd,wide-svd,90,3.931645520225089,8.39731172014552,16.161688127633056,1009.0756983044574,90.0
split-ring-r35-az24,wide-svd,0_60,-1.2239082279035136,2.326761452966986,9.980399274535458,1200.0,30.0
split-ring-r35-az24,wide-svd,70_90,-3.426407377413569,4.44461152198676,22.3127636530522,980.3492719446599,90.0
split-ring-r35-az24,wide-svd,80_90,-3.777663617356192,4.955050970206703,22.3127636530522,980.3492719446599,90.0
split-ring-r35-az24,wide-svd,90,-3.8733937478648097,5.5722663008178905,22.3127636530522,980.3492719446599,90.0
split-ring-r25-95-az48-svd,wide-svd,0_60,-1.2172977460356165,2.3238245474190866,9.976971302099017,1200.0,30.0
split-ring-r25-95-az48-svd,wide-svd,70_90,-3.460507484833472,4.479608578699992,22.606372962963142,980.3492719446599,90.0
split-ring-r25-95-az48-svd,wide-svd,80_90,-3.812933800848487,4.9951519902214985,22.606372962963142,980.3492719446599,90.0
split-ring-r25-95-az48-svd,wide-svd,90,-3.8832550534956645,5.601495959354382,22.606372962963142,980.3492719446599,90.0
active-surface-dipole-m3,wide-svd,0_60,-0.13114085968673392,3.5652977772527628,13.845049542902238,1200.0,40.0
active-surface-dipole-m3,wide-svd,70_90,7.179874022088249,8.544255652446562,24.976305302544787,1009.0756983044574,90.0
active-surface-dipole-m3,wide-svd,80_90,8.266739792087476,9.618902701103153,24.976305302544787,1009.0756983044574,90.0
active-surface-dipole-m3,wide-svd,90,8.920564403790447,11.103610041140337,24.976305302544787,1009.0756983044574,90.0
split-active-dipole-m4g16-svd,wide-svd,0_60,1.2263286742006052,3.310772368582184,9.922628504247399,1200.0,30.0
split-active-dipole-m4g16-svd,wide-svd,70_90,1.7206016000746662,8.345907920927537,16.200504717461946,1200.0,90.0
split-active-dipole-m4g16-svd,wide-svd,80_90,-1.0610211383013315,8.707365299270656,16.200504717461946,1200.0,90.0
split-active-dipole-m4g16-svd,wide-svd,90,-9.08013801045947,9.703303096942506,16.200504717461946,1200.0,90.0
split-active-measured-m4g30,wide-svd,0_60,1.630794439381475,4.130015174586287,9.900815991861336,1200.0,30.0
split-active-measured-m4g30,wide-svd,70_90,7.398141190098695,9.92929384075624,25.10061000249422,1009.0756983044574,90.0
split-active-measured-m4g30,wide-svd,80_90,6.502382096890048,10.151382053906987,25.10061000249422,1009.0756983044574,90.0
split-active-measured-m4g30,wide-svd,90,3.7624495624906085,10.169920334652533,25.10061000249422,1009.0756983044574,90.0
physical-diaphragm-compact-coupled-measured-m2-az16-q3-reg1e-06,wide-svd,0_60,1.0979769260565246,3.22037708057492,9.68214600559827,1200.0,30.0
physical-diaphragm-compact-coupled-measured-m2-az16-q3-reg1e-06,wide-svd,70_90,10.36508199120299,11.476084711575192,27.023143799894513,1009.0756983044574,90.0
physical-diaphragm-compact-coupled-measured-m2-az16-q3-reg1e-06,wide-svd,80_90,11.370256618372165,12.686007543720622,27.023143799894513,1009.0756983044574,90.0
physical-diaphragm-compact-coupled-measured-m2-az16-q3-reg1e-06,wide-svd,90,11.726041293927914,13.824230609215167,27.023143799894513,1009.0756983044574,90.0
physical-diaphragm-compact-coupled-measured-m2-az16-q3-reg3e-06,wide-svd,0_60,1.0984069681878326,3.2207643150159537,9.681918318876413,1200.0,30.0
physical-diaphragm-compact-coupled-measured-m2-az16-q3-reg3e-06,wide-svd,70_90,10.364787384789784,11.474637906529617,27.01978220989264,1009.0756983044574,90.0
physical-diaphragm-compact-coupled-measured-m2-az16-q3-reg3e-06,wide-svd,80_90,11.369513284396671,12.683857269594641,27.01978220989264,1009.0756983044574,90.0
physical-diaphragm-compact-coupled-measured-m2-az16-q3-reg3e-06,wide-svd,90,11.724609131168593,13.82084799880497,27.01978220989264,1009.0756983044574,90.0
physical-diaphragm-compact-coupled-measured-m2-az24-q3-reg1e-06,wide-svd,0_60,1.1047604286044106,3.2291781964111,9.680825328214766,1200.0,30.0
physical-diaphragm-compact-coupled-measured-m2-az24-q3-reg1e-06,wide-svd,70_90,10.481727896553561,11.589802685942109,27.184432004491498,1009.0756983044574,90.0
physical-diaphragm-compact-coupled-measured-m2-az24-q3-reg1e-06,wide-svd,80_90,11.51772942809554,12.822007504200075,27.184432004491498,1009.0756983044574,90.0
physical-diaphragm-compact-coupled-measured-m2-az24-q3-reg1e-06,wide-svd,90,11.917423702933617,13.988653038978095,27.184432004491498,1009.0756983044574,90.0
physical-diaphragm-compact-coupled-measured-m2-az24-q3-reg3e-06,wide-svd,0_60,1.105227881917383,3.2295884050556336,9.680572072391826,1200.0,30.0
physical-diaphragm-compact-coupled-measured-m2-az24-q3-reg3e-06,wide-svd,70_90,10.480720688041373,11.587624689576513,27.180172950857887,1009.0756983044574,90.0
physical-diaphragm-compact-coupled-measured-m2-az24-q3-reg3e-06,wide-svd,80_90,11.515998749414143,12.818926368244034,27.180172950857887,1009.0756983044574,90.0
physical-diaphragm-compact-coupled-measured-m2-az24-q3-reg3e-06,wide-svd,90,11.91453459422223,13.984037749120532,27.180172950857887,1009.0756983044574,90.0
physical-diaphragm-compact-coupled-dipole-m2-az16-q3-reg1e-06,wide-svd,0_60,1.4382102797638674,3.5579518140454844,9.872522945663505,1200.0,30.0
physical-diaphragm-compact-coupled-dipole-m2-az16-q3-reg1e-06,wide-svd,70_90,14.877755321544095,16.365541079884913,37.321625319940196,1009.0756983044574,90.0
physical-diaphragm-compact-coupled-dipole-m2-az16-q3-reg1e-06,wide-svd,80_90,16.74290734082008,18.384804288720552,37.321625319940196,1009.0756983044574,90.0
physical-diaphragm-compact-coupled-dipole-m2-az16-q3-reg1e-06,wide-svd,90,18.246199940130513,20.4914596374729,37.321625319940196,1009.0756983044574,90.0
physical-diaphragm-compact-coupled-dipole-m2-az16-q3-reg3e-06,wide-svd,0_60,1.4385664478854874,3.5583708855039187,9.87242397246849,1200.0,30.0
physical-diaphragm-compact-coupled-dipole-m2-az16-q3-reg3e-06,wide-svd,70_90,14.879184879728559,16.36651810987412,37.32202032087193,1009.0756983044574,90.0
physical-diaphragm-compact-coupled-dipole-m2-az16-q3-reg3e-06,wide-svd,80_90,16.744410660404487,18.385758606728345,37.32202032087193,1009.0756983044574,90.0
physical-diaphragm-compact-coupled-dipole-m2-az16-q3-reg3e-06,wide-svd,90,18.247651440107074,20.492284389121213,37.32202032087193,1009.0756983044574,90.0
physical-diaphragm-compact-coupled-dipole-m2-az24-q3-reg1e-06,wide-svd,0_60,1.4683705248376706,3.586492154465081,9.83310315806213,1200.0,30.0
physical-diaphragm-compact-coupled-dipole-m2-az24-q3-reg1e-06,wide-svd,70_90,15.066297328108567,16.551142587329053,37.57600479349532,1009.0756983044574,90.0
physical-diaphragm-compact-coupled-dipole-m2-az24-q3-reg1e-06,wide-svd,80_90,16.954265509035796,18.587092366468916,37.57600479349532,1009.0756983044574,90.0
physical-diaphragm-compact-coupled-dipole-m2-az24-q3-reg1e-06,wide-svd,90,18.48163041038257,20.706034980208024,37.57600479349532,1009.0756983044574,90.0
physical-diaphragm-compact-coupled-dipole-m2-az24-q3-reg3e-06,wide-svd,0_60,1.4687904351392438,3.586986747364716,9.832985856977146,1200.0,30.0
physical-diaphragm-compact-coupled-dipole-m2-az24-q3-reg3e-06,wide-svd,70_90,15.067939279045811,16.552269163016845,37.57645989877593,1009.0756983044574,90.0
physical-diaphragm-compact-coupled-dipole-m2-az24-q3-reg3e-06,wide-svd,80_90,16.955983767977514,18.588190420935216,37.57645989877593,1009.0756983044574,90.0
physical-diaphragm-compact-coupled-dipole-m2-az24-q3-reg3e-06,wide-svd,90,18.48327966575859,20.70698325435409,37.57645989877593,1009.0756983044574,90.0
physical-diaphragm-compact-coupled-measured-m3-az16-q3-reg1e-06,wide-svd,0_60,0.5410574420003521,2.9583589591830606,10.123746422764242,1200.0,30.0
physical-diaphragm-compact-coupled-measured-m3-az16-q3-reg1e-06,wide-svd,70_90,7.403912963747529,8.496879313222692,23.307625535809535,1009.0756983044574,90.0
physical-diaphragm-compact-coupled-measured-m3-az16-q3-reg1e-06,wide-svd,80_90,8.04308891043827,9.3678268331085,23.307625535809535,1009.0756983044574,90.0
physical-diaphragm-compact-coupled-measured-m3-az16-q3-reg1e-06,wide-svd,90,7.9374804369789,10.310304262740166,23.307625535809535,1009.0756983044574,90.0
physical-diaphragm-compact-coupled-measured-m3-az16-q3-reg3e-06,wide-svd,0_60,0.7092110619653459,3.093953007914819,10.089938596785714,1200.0,30.0
physical-diaphragm-compact-coupled-measured-m3-az16-q3-reg3e-06,wide-svd,70_90,8.377055343514797,9.29672218439028,23.046169635357636,1009.0756983044574,90.0
physical-diaphragm-compact-coupled-measured-m3-az16-q3-reg3e-06,wide-svd,80_90,9.144880916668848,10.196649016142464,23.046169635357636,1009.0756983044574,90.0
physical-diaphragm-compact-coupled-measured-m3-az16-q3-reg3e-06,wide-svd,90,9.18149021790043,11.003771148318796,23.046169635357636,1009.0756983044574,90.0
physical-diaphragm-compact-coupled-measured-m3-az24-q3-reg1e-06,wide-svd,0_60,0.5173901631273871,2.9467236443835207,10.138044959631983,1200.0,30.0
physical-diaphragm-compact-coupled-measured-m3-az24-q3-reg1e-06,wide-svd,70_90,7.316654882001579,8.43995386200259,23.35762277912653,1009.0756983044574,90.0
physical-diaphragm-compact-coupled-measured-m3-az24-q3-reg1e-06,wide-svd,80_90,7.95849575754886,9.320771455788913,23.35762277912653,1009.0756983044574,90.0
physical-diaphragm-compact-coupled-measured-m3-az24-q3-reg1e-06,wide-svd,90,7.8681506029869634,10.304560578831625,23.35762277912653,1009.0756983044574,90.0
physical-diaphragm-compact-coupled-measured-m3-az24-q3-reg3e-06,wide-svd,0_60,0.6882409885876422,3.087816284005013,10.107369119644062,1200.0,30.0
physical-diaphragm-compact-coupled-measured-m3-az24-q3-reg3e-06,wide-svd,70_90,8.325275551127014,9.248724779659815,23.115307841810775,1009.0756983044574,90.0
physical-diaphragm-compact-coupled-measured-m3-az24-q3-reg3e-06,wide-svd,80_90,9.102580406781973,10.15358090953245,23.115307841810775,1009.0756983044574,90.0
physical-diaphragm-compact-coupled-measured-m3-az24-q3-reg3e-06,wide-svd,90,9.15946047796736,10.985117126452137,23.115307841810775,1009.0756983044574,90.0
physical-diaphragm-compact-coupled-dipole-m3-az16-q3-reg1e-06,wide-svd,0_60,0.3812479006946077,3.4861391601481286,12.20934774059485,1200.0,40.0
physical-diaphragm-compact-coupled-dipole-m3-az16-q3-reg1e-06,wide-svd,70_90,8.577768721375715,9.651475949471559,22.587355211510285,1009.0756983044574,90.0
physical-diaphragm-compact-coupled-dipole-m3-az16-q3-reg1e-06,wide-svd,80_90,9.74490230842089,10.68106592724257,22.587355211510285,1009.0756983044574,90.0
physical-diaphragm-compact-coupled-dipole-m3-az16-q3-reg1e-06,wide-svd,90,10.596866478926804,11.8876824235563,22.587355211510285,1009.0756983044574,90.0
physical-diaphragm-compact-coupled-dipole-m3-az16-q3-reg3e-06,wide-svd,0_60,0.6307618622017519,3.542277903877653,11.961591435795633,1200.0,40.0
physical-diaphragm-compact-coupled-dipole-m3-az16-q3-reg3e-06,wide-svd,70_90,10.536478667995457,11.730493404733489,25.844756609379388,1009.0756983044574,90.0
physical-diaphragm-compact-coupled-dipole-m3-az16-q3-reg3e-06,wide-svd,80_90,12.015785467908618,13.141351938989393,25.844756609379388,1009.0756983044574,90.0
physical-diaphragm-compact-coupled-dipole-m3-az16-q3-reg3e-06,wide-svd,90,13.19428674532227,14.735087004943509,25.844756609379388,1009.0756983044574,90.0
physical-diaphragm-compact-coupled-dipole-m3-az24-q3-reg1e-06,wide-svd,0_60,0.3647709254412974,3.4762809377915382,12.190856417877384,1200.0,40.0
physical-diaphragm-compact-coupled-dipole-m3-az24-q3-reg1e-06,wide-svd,70_90,8.404795403260094,9.46627949859765,22.277636278132555,1009.0756983044574,90.0
physical-diaphragm-compact-coupled-dipole-m3-az24-q3-reg1e-06,wide-svd,80_90,9.537820950291191,10.45659228134566,22.277636278132555,1009.0756983044574,90.0
physical-diaphragm-compact-coupled-dipole-m3-az24-q3-reg1e-06,wide-svd,90,10.35330773926277,11.618095664332873,22.277636278132555,1009.0756983044574,90.0
physical-diaphragm-compact-coupled-dipole-m3-az24-q3-reg3e-06,wide-svd,0_60,0.6120683653783079,3.5422914347451795,11.968254458883301,1200.0,40.0
physical-diaphragm-compact-coupled-dipole-m3-az24-q3-reg3e-06,wide-svd,70_90,10.398407614805203,11.578050687664941,25.41356568060693,1009.0756983044574,90.0
physical-diaphragm-compact-coupled-dipole-m3-az24-q3-reg3e-06,wide-svd,80_90,11.86073333522464,12.95844819012602,25.41356568060693,1009.0756983044574,90.0
physical-diaphragm-compact-coupled-dipole-m3-az24-q3-reg3e-06,wide-svd,90,13.027989419686682,14.520248980312926,25.41356568060693,1009.0756983044574,90.0
physical-diaphragm-compact-coupled-measured-az16-q3-reg1e-06,wide-svd,0_60,1.0457354862684027,2.74417766084706,8.848453147888819,1200.0,20.0
physical-diaphragm-compact-coupled-measured-az16-q3-reg1e-06,wide-svd,70_90,6.557292557496664,8.14122426127747,24.030011080759593,1009.0756983044574,90.0
physical-diaphragm-compact-coupled-measured-az16-q3-reg1e-06,wide-svd,80_90,6.7184095184895,8.843485515709604,24.030011080759593,1009.0756983044574,90.0
physical-diaphragm-compact-coupled-measured-az16-q3-reg1e-06,wide-svd,90,7.795628581448375,10.365381159717145,24.030011080759593,1009.0756983044574,90.0
physical-diaphragm-compact-coupled-measured-az16-q3-reg3e-06,wide-svd,0_60,0.9184964157596625,2.9113972807321677,9.021342492987287,1200.0,30.0
physical-diaphragm-compact-coupled-measured-az16-q3-reg3e-06,wide-svd,70_90,7.55362837172363,8.967490328233778,22.4725165620886,1009.0756983044574,90.0
physical-diaphragm-compact-coupled-measured-az16-q3-reg3e-06,wide-svd,80_90,8.220964376793418,9.7522613308928,22.4725165620886,1009.0756983044574,90.0
physical-diaphragm-compact-coupled-measured-az16-q3-reg3e-06,wide-svd,90,8.97759928637668,10.818422032674704,22.4725165620886,1009.0756983044574,90.0
physical-diaphragm-compact-coupled-measured-az24-q3-reg1e-06,wide-svd,0_60,1.1106843917095264,2.7672029223583685,8.835179601742965,1200.0,20.0
physical-diaphragm-compact-coupled-measured-az24-q3-reg1e-06,wide-svd,70_90,6.685609613640106,8.1206248575565,24.41745502516263,1009.0756983044574,90.0
physical-diaphragm-compact-coupled-measured-az24-q3-reg1e-06,wide-svd,80_90,6.815629359492212,8.779308549078241,24.41745502516263,1009.0756983044574,90.0
physical-diaphragm-compact-coupled-measured-az24-q3-reg1e-06,wide-svd,90,7.773419687058215,10.432005716108973,24.41745502516263,1009.0756983044574,90.0
physical-diaphragm-compact-coupled-measured-az24-q3-reg3e-06,wide-svd,0_60,0.9588786221308934,2.884844219405811,8.970360524899064,1200.0,20.0
physical-diaphragm-compact-coupled-measured-az24-q3-reg3e-06,wide-svd,70_90,7.430533593620661,8.956514067307443,22.544622714556347,1009.0756983044574,90.0
physical-diaphragm-compact-coupled-measured-az24-q3-reg3e-06,wide-svd,80_90,7.992947484100482,9.761518857133941,22.544622714556347,1009.0756983044574,90.0
physical-diaphragm-compact-coupled-measured-az24-q3-reg3e-06,wide-svd,90,8.974876677247378,10.825808303603717,22.544622714556347,1009.0756983044574,90.0
physical-diaphragm-compact-coupled-dipole-az16-q3-reg1e-06,wide-svd,0_60,0.5481307693561598,3.1217188470872403,10.562483300535646,1200.0,30.0
physical-diaphragm-compact-coupled-dipole-az16-q3-reg1e-06,wide-svd,70_90,7.621218301827065,8.760522410975975,18.67057042791879,1009.0756983044574,90.0
physical-diaphragm-compact-coupled-dipole-az16-q3-reg1e-06,wide-svd,80_90,8.381663800686601,9.57361996537641,18.67057042791879,1009.0756983044574,90.0
physical-diaphragm-compact-coupled-dipole-az16-q3-reg1e-06,wide-svd,90,8.826485852206783,10.490939782841142,18.67057042791879,1009.0756983044574,90.0
physical-diaphragm-compact-coupled-dipole-az16-q3-reg3e-06,wide-svd,0_60,0.5755935062244579,3.4397360236694534,11.030079388234995,1200.0,40.0
physical-diaphragm-compact-coupled-dipole-az16-q3-reg3e-06,wide-svd,70_90,9.638373146127822,11.063570475847905,24.303902153429668,1009.0756983044574,90.0
physical-diaphragm-compact-coupled-dipole-az16-q3-reg3e-06,wide-svd,80_90,11.068312458373537,12.343921670034172,24.303902153429668,1009.0756983044574,90.0
physical-diaphragm-compact-coupled-dipole-az16-q3-reg3e-06,wide-svd,90,12.320616505720725,13.893343987671642,24.303902153429668,1009.0756983044574,90.0
physical-diaphragm-compact-coupled-dipole-az24-q3-reg1e-06,wide-svd,0_60,0.5674369460973365,3.077408931784735,10.500656208531822,1200.0,30.0
physical-diaphragm-compact-coupled-dipole-az24-q3-reg1e-06,wide-svd,70_90,7.453889393995523,8.540690332494098,17.71180171395335,1009.0756983044574,90.0
physical-diaphragm-compact-coupled-dipole-az24-q3-reg1e-06,wide-svd,80_90,8.11420560153662,9.29726611036356,17.71180171395335,1009.0756983044574,90.0
physical-diaphragm-compact-coupled-dipole-az24-q3-reg1e-06,wide-svd,90,8.380369984535841,10.117108622484508,17.71180171395335,1009.0756983044574,90.0
physical-diaphragm-compact-coupled-dipole-az24-q3-reg3e-06,wide-svd,0_60,0.571798413804344,3.3980574774118213,10.909539922990461,1200.0,30.0
physical-diaphragm-compact-coupled-dipole-az24-q3-reg3e-06,wide-svd,70_90,9.44985539085937,10.863961533629572,23.706893584680607,1009.0756983044574,90.0
physical-diaphragm-compact-coupled-dipole-az24-q3-reg3e-06,wide-svd,80_90,10.829106459460988,12.110218207109284,23.706893584680607,1009.0756983044574,90.0
physical-diaphragm-compact-coupled-dipole-az24-q3-reg3e-06,wide-svd,90,12.061595607914288,13.620596739078724,23.706893584680607,1009.0756983044574,90.0
physical-diaphragm-full-coupled-measured-m2-az16-q3-reg1e-06,wide-svd,0_60,0.9041781131503291,3.211250917624182,10.038952850859303,1200.0,30.0
physical-diaphragm-full-coupled-measured-m2-az16-q3-reg1e-06,wide-svd,70_90,10.609691341016633,11.727719231178508,27.097104726210553,1009.0756983044574,90.0
physical-diaphragm-full-coupled-measured-m2-az16-q3-reg1e-06,wide-svd,80_90,11.877368165556836,13.084899111098872,27.097104726210553,1009.0756983044574,90.0
physical-diaphragm-full-coupled-measured-m2-az16-q3-reg1e-06,wide-svd,90,12.591956717113344,14.447760694436916,27.097104726210553,1009.0756983044574,90.0
physical-diaphragm-full-coupled-dipole-m2-az16-q3-reg1e-06,wide-svd,0_60,1.3947256530311665,3.6528487749729406,10.369965971306797,1200.0,30.0
physical-diaphragm-full-coupled-dipole-m2-az16-q3-reg1e-06,wide-svd,70_90,15.842211736384986,17.292706021440324,38.472482522618066,1009.0756983044574,90.0
physical-diaphragm-full-coupled-dipole-m2-az16-q3-reg1e-06,wide-svd,80_90,17.882437374323338,19.430551575227973,38.472482522618066,1009.0756983044574,90.0
physical-diaphragm-full-coupled-dipole-m2-az16-q3-reg1e-06,wide-svd,90,19.547362075515156,21.620075587083647,38.472482522618066,1009.0756983044574,90.0
physical-diaphragm-full-coupled-measured-m3-az16-q3-reg1e-06,wide-svd,0_60,-0.3761214630561174,3.4190485490616895,18.813491215577642,1200.0,60.0
physical-diaphragm-full-coupled-measured-m3-az16-q3-reg1e-06,wide-svd,70_90,1.1307787814198584,8.790210441826305,26.65872044466284,1009.0756983044574,90.0
physical-diaphragm-full-coupled-measured-m3-az16-q3-reg1e-06,wide-svd,80_90,2.1253034295883886,9.612300047579783,26.65872044466284,1009.0756983044574,90.0
physical-diaphragm-full-coupled-measured-m3-az16-q3-reg1e-06,wide-svd,90,3.4515055912573853,12.987964663735799,26.65872044466284,1009.0756983044574,90.0
physical-diaphragm-full-coupled-dipole-m3-az16-q3-reg1e-06,wide-svd,0_60,0.8052961983924918,2.9289136202751056,9.801045046790989,1200.0,30.0
physical-diaphragm-full-coupled-dipole-m3-az16-q3-reg1e-06,wide-svd,70_90,2.2602300520861536,6.5193241784503435,24.32647661508252,1200.0,90.0
physical-diaphragm-full-coupled-dipole-m3-az16-q3-reg1e-06,wide-svd,80_90,0.4771198905030709,6.652322937264767,24.32647661508252,1200.0,90.0
physical-diaphragm-full-coupled-dipole-m3-az16-q3-reg1e-06,wide-svd,90,-4.6722771594297905,7.113216711635632,24.32647661508252,1200.0,90.0
physical-diaphragm-full-coupled-measured-az16-q3-reg1e-06,wide-svd,0_60,0.74535959192247,2.2652197073948757,8.823292846179768,1200.0,20.0
physical-diaphragm-full-coupled-measured-az16-q3-reg1e-06,wide-svd,70_90,2.281493024268352,8.711141714330543,27.577803291427976,1009.0756983044574,90.0
physical-diaphragm-full-coupled-measured-az16-q3-reg1e-06,wide-svd,80_90,1.390954453557308,10.260124344992082,27.577803291427976,1009.0756983044574,90.0
physical-diaphragm-full-coupled-measured-az16-q3-reg1e-06,wide-svd,90,3.5014585617444993,13.6227284687064,27.577803291427976,1009.0756983044574,90.0
physical-diaphragm-full-coupled-dipole-az16-q3-reg1e-06,wide-svd,0_60,0.8298650225991089,2.9566560603762624,10.1824379737199,1200.0,30.0
physical-diaphragm-full-coupled-dipole-az16-q3-reg1e-06,wide-svd,70_90,2.6759051316079563,6.194063356005223,16.9390517173863,1200.0,90.0
physical-diaphragm-full-coupled-dipole-az16-q3-reg1e-06,wide-svd,80_90,0.9298264427881079,6.09524691432008,16.9390517173863,1200.0,90.0
physical-diaphragm-full-coupled-dipole-az16-q3-reg1e-06,wide-svd,90,-4.278378766710863,5.685100716924967,16.9390517173863,1200.0,90.0
physical-diaphragm-compact-coupled-measured-m3-az16-q3-reg1e-06-svd1e-05,wide-svd,0_60,0.5410574419992875,2.958358959181755,10.123746422763077,1200.0,30.0
physical-diaphragm-compact-coupled-measured-m3-az16-q3-reg1e-06-svd1e-05,wide-svd,70_90,7.403912963739911,8.49687931321341,23.30762553586615,1009.0756983044574,90.0
physical-diaphragm-compact-coupled-measured-m3-az16-q3-reg1e-06-svd1e-05,wide-svd,80_90,8.043088910430063,9.367826833098357,23.30762553586615,1009.0756983044574,90.0
physical-diaphragm-compact-coupled-measured-m3-az16-q3-reg1e-06-svd1e-05,wide-svd,90,7.937480436972613,10.310304262731336,23.30762553586615,1009.0756983044574,90.0
physical-diaphragm-compact-coupled-measured-az16-q3-reg1e-06-svd1e-05,wide-svd,0_60,1.045735486269163,2.744177660846757,8.848453147888364,1200.0,20.0
physical-diaphragm-compact-coupled-measured-az16-q3-reg1e-06-svd1e-05,wide-svd,70_90,6.557292557507185,8.14122426127395,24.030011080982177,1009.0756983044574,90.0
physical-diaphragm-compact-coupled-measured-az16-q3-reg1e-06-svd1e-05,wide-svd,80_90,6.718409518502877,8.843485515704769,24.030011080982177,1009.0756983044574,90.0
physical-diaphragm-compact-coupled-measured-az16-q3-reg1e-06-svd1e-05,wide-svd,90,7.795628581438825,10.365381159709637,24.030011080982177,1009.0756983044574,90.0
physical-diaphragm-full-coupled-measured-m3-az16-q3-reg1e-06-svd1e-05,wide-svd,0_60,-0.3761214630564245,3.4190485490612827,18.81349121556284,1200.0,60.0
physical-diaphragm-full-coupled-measured-m3-az16-q3-reg1e-06-svd1e-05,wide-svd,70_90,1.1307787814154313,8.790210441829137,26.658720444683354,1009.0756983044574,90.0
physical-diaphragm-full-coupled-measured-m3-az16-q3-reg1e-06-svd1e-05,wide-svd,80_90,2.125303429578779,9.612300047588732,26.658720444683354,1009.0756983044574,90.0
physical-diaphragm-full-coupled-measured-m3-az16-q3-reg1e-06-svd1e-05,wide-svd,90,3.4515055912467028,12.987964663751487,26.658720444683354,1009.0756983044574,90.0
physical-diaphragm-full-coupled-measured-az16-q3-reg1e-06-svd1e-05,wide-svd,0_60,0.7453595919227695,2.2652197073950444,8.823292846185936,1200.0,20.0
physical-diaphragm-full-coupled-measured-az16-q3-reg1e-06-svd1e-05,wide-svd,70_90,2.2814930242701124,8.711141714328807,27.577803291436517,1009.0756983044574,90.0
physical-diaphragm-full-coupled-measured-az16-q3-reg1e-06-svd1e-05,wide-svd,80_90,1.3909544535595684,10.260124344989956,27.577803291436517,1009.0756983044574,90.0
physical-diaphragm-full-coupled-measured-az16-q3-reg1e-06-svd1e-05,wide-svd,90,3.5014585616944682,13.622728468746255,27.577803291436517,1009.0756983044574,90.0
physical-rear-basket-compact-measured-m2-rb1-az16-gap16-q3-reg1e-06,wide-svd,0_60,0.9380696557003044,2.68033809468037,9.066337679748216,1200.0,20.0
physical-rear-basket-compact-measured-m2-rb1-az16-gap16-q3-reg1e-06,wide-svd,70_90,4.976165787210266,7.519022914871138,20.801894727251828,1009.0756983044574,90.0
physical-rear-basket-compact-measured-m2-rb1-az16-gap16-q3-reg1e-06,wide-svd,80_90,4.488967922462649,8.12347634820817,20.801894727251828,1009.0756983044574,90.0
physical-rear-basket-compact-measured-m2-rb1-az16-gap16-q3-reg1e-06,wide-svd,90,3.8020554483215445,9.289009207372418,20.801894727251828,1009.0756983044574,90.0
physical-rear-basket-compact-measured-m3-rb1-az16-gap16-q3-reg1e-06,wide-svd,0_60,1.8239201448147528,3.151298396473007,7.695333227249023,848.5281374238571,60.0
physical-rear-basket-compact-measured-m3-rb1-az16-gap16-q3-reg1e-06,wide-svd,70_90,5.203253895790597,8.373437277761926,27.90365199492394,1009.0756983044574,90.0
physical-rear-basket-compact-measured-m3-rb1-az16-gap16-q3-reg1e-06,wide-svd,80_90,4.451330379584907,8.972757772726391,27.90365199492394,1009.0756983044574,90.0
physical-rear-basket-compact-measured-m3-rb1-az16-gap16-q3-reg1e-06,wide-svd,90,5.86564205574764,11.897851588689397,27.90365199492394,1009.0756983044574,90.0
physical-rear-basket-compact-measured-m4-rb1-az16-gap16-q3-reg1e-06,wide-svd,0_60,2.1879367551088755,3.6529573539770284,9.019886616492528,800.9039125020206,60.0
physical-rear-basket-compact-measured-m4-rb1-az16-gap16-q3-reg1e-06,wide-svd,70_90,6.263271244467572,9.430829676666352,29.82052346886946,1009.0756983044574,90.0
physical-rear-basket-compact-measured-m4-rb1-az16-gap16-q3-reg1e-06,wide-svd,80_90,5.623354820318058,10.09241872558068,29.82052346886946,1009.0756983044574,90.0
physical-rear-basket-compact-measured-m4-rb1-az16-gap16-q3-reg1e-06,wide-svd,90,6.998947799198747,13.273500771841263,29.82052346886946,1009.0756983044574,90.0
physical-rear-basket-compact-measured-m2-rb2-az16-gap16-q3-reg1e-06,wide-svd,0_60,2.2131135217819056,3.9565124781082286,9.556780623815918,713.5242690016327,60.0
physical-rear-basket-compact-measured-m2-rb2-az16-gap16-q3-reg1e-06,wide-svd,70_90,7.2635781396149675,10.222301695882852,29.050778815515983,1009.0756983044574,90.0
physical-rear-basket-compact-measured-m2-rb2-az16-gap16-q3-reg1e-06,wide-svd,80_90,6.664021453239858,10.831975816549209,29.050778815515983,1009.0756983044574,90.0
physical-rear-basket-compact-measured-m2-rb2-az16-gap16-q3-reg1e-06,wide-svd,90,7.304489984797394,13.40350283795879,29.050778815515983,1009.0756983044574,90.0
physical-rear-basket-compact-measured-m3-rb2-az16-gap16-q3-reg1e-06,wide-svd,0_60,2.310838323442065,4.23949393407852,9.889642332967718,673.4772289856238,60.0
physical-rear-basket-compact-measured-m3-rb2-az16-gap16-q3-reg1e-06,wide-svd,70_90,7.773906883032283,10.359960238854253,27.992966988575063,1009.0756983044574,90.0
physical-rear-basket-compact-measured-m3-rb2-az16-gap16-q3-reg1e-06,wide-svd,80_90,7.166610379757379,10.832409463461968,27.992966988575063,1009.0756983044574,90.0
physical-rear-basket-compact-measured-m3-rb2-az16-gap16-q3-reg1e-06,wide-svd,90,7.321614951412679,12.99978104827616,27.992966988575063,1009.0756983044574,90.0
physical-rear-basket-compact-measured-m4-rb2-az16-gap16-q3-reg1e-06,wide-svd,0_60,2.3015915075424394,4.3142381977833555,9.930207864153452,673.4772289856238,60.0
physical-rear-basket-compact-measured-m4-rb2-az16-gap16-q3-reg1e-06,wide-svd,70_90,7.902147708059038,10.342168691733765,27.33220247410199,1009.0756983044574,90.0
physical-rear-basket-compact-measured-m4-rb2-az16-gap16-q3-reg1e-06,wide-svd,80_90,7.288189825772896,10.755408574073277,27.33220247410199,1009.0756983044574,90.0
physical-rear-basket-compact-measured-m4-rb2-az16-gap16-q3-reg1e-06,wide-svd,90,7.214754575484813,12.701374152400932,27.33220247410199,1009.0756983044574,90.0
physical-rear-basket-full-measured-m2-rb1-az16-gap16-q3-reg1e-06,wide-svd,0_60,0.7964803515799315,2.6219250164481807,9.3170319452326,1200.0,30.0
physical-rear-basket-full-measured-m2-rb1-az16-gap16-q3-reg1e-06,wide-svd,70_90,4.553160382470367,7.137617156105906,20.894564024062937,1009.0756983044574,90.0
physical-rear-basket-full-measured-m2-rb1-az16-gap16-q3-reg1e-06,wide-svd,80_90,4.13312576835346,7.807033894633324,20.894564024062937,1009.0756983044574,90.0
physical-rear-basket-full-measured-m2-rb1-az16-gap16-q3-reg1e-06,wide-svd,90,3.848117242200809,9.292346745087123,20.894564024062937,1009.0756983044574,90.0
physical-rear-basket-full-measured-m3-rb1-az16-gap16-q3-reg1e-06,wide-svd,0_60,1.810215807827316,3.1346319828470417,7.702803286916435,848.5281374238571,60.0
physical-rear-basket-full-measured-m3-rb1-az16-gap16-q3-reg1e-06,wide-svd,70_90,5.184041215989073,8.512272004076474,28.98415094584751,1009.0756983044574,90.0
physical-rear-basket-full-measured-m3-rb1-az16-gap16-q3-reg1e-06,wide-svd,80_90,4.534732460876878,9.24581768606563,28.98415094584751,1009.0756983044574,90.0
physical-rear-basket-full-measured-m3-rb1-az16-gap16-q3-reg1e-06,wide-svd,90,6.3137497778756595,12.520246640423258,28.98415094584751,1009.0756983044574,90.0
physical-rear-basket-full-measured-m4-rb1-az16-gap16-q3-reg1e-06,wide-svd,0_60,2.2732548117322366,3.831575042967819,9.379852248167403,755.9526299369239,60.0
physical-rear-basket-full-measured-m4-rb1-az16-gap16-q3-reg1e-06,wide-svd,70_90,6.731411588811216,9.877962330451185,30.09285478597009,1009.0756983044574,90.0
physical-rear-basket-full-measured-m4-rb1-az16-gap16-q3-reg1e-06,wide-svd,80_90,6.173553471794564,10.588235035820952,30.09285478597009,1009.0756983044574,90.0
physical-rear-basket-full-measured-m4-rb1-az16-gap16-q3-reg1e-06,wide-svd,90,7.505077978042549,13.711625444675542,30.09285478597009,1009.0756983044574,90.0
physical-rear-basket-full-measured-m2-rb2-az16-gap16-q3-reg1e-06,wide-svd,0_60,2.270562847557195,4.023523256442239,9.658233724466989,693.2116181233638,60.0
physical-rear-basket-full-measured-m2-rb2-az16-gap16-q3-reg1e-06,wide-svd,70_90,7.415682522175098,10.312636406978493,29.11264249557407,1009.0756983044574,90.0
physical-rear-basket-full-measured-m2-rb2-az16-gap16-q3-reg1e-06,wide-svd,80_90,6.816075009427153,10.903218662075163,29.11264249557407,1009.0756983044574,90.0
physical-rear-basket-full-measured-m2-rb2-az16-gap16-q3-reg1e-06,wide-svd,90,7.41407103358077,13.450136176175294,29.11264249557407,1009.0756983044574,90.0
physical-rear-basket-full-measured-m3-rb2-az16-gap16-q3-reg1e-06,wide-svd,0_60,2.2996836909152436,4.259215864012779,9.896822486925345,673.4772289856238,60.0
physical-rear-basket-full-measured-m3-rb2-az16-gap16-q3-reg1e-06,wide-svd,70_90,7.81916913400124,10.348478421461568,27.725757578330715,1009.0756983044574,90.0
physical-rear-basket-full-measured-m3-rb2-az16-gap16-q3-reg1e-06,wide-svd,80_90,7.214777613263178,10.802150358572954,27.725757578330715,1009.0756983044574,90.0
physical-rear-basket-full-measured-m3-rb2-az16-gap16-q3-reg1e-06,wide-svd,90,7.283677496858654,12.878661510332849,27.725757578330715,1009.0756983044574,90.0
physical-rear-basket-full-measured-m4-rb2-az16-gap16-q3-reg1e-06,wide-svd,0_60,2.282237023892491,4.3380412471712395,9.921746812112985,654.3046395991546,60.0
physical-rear-basket-full-measured-m4-rb2-az16-gap16-q3-reg1e-06,wide-svd,70_90,7.955439214292317,10.31855837097359,26.972899205068984,1009.0756983044574,90.0
physical-rear-basket-full-measured-m4-rb2-az16-gap16-q3-reg1e-06,wide-svd,80_90,7.34515964693103,10.705975145967518,26.972899205068984,1009.0756983044574,90.0
physical-rear-basket-full-measured-m4-rb2-az16-gap16-q3-reg1e-06,wide-svd,90,7.155033111538648,12.520731669005242,26.972899205068984,1009.0756983044574,90.0
physical-rear-basket-compact-dipole-m2-rb1-az16-gap16-q3-reg1e-06,wide-svd,0_60,1.0201900121742264,2.9068131483755013,9.408495038632125,1200.0,30.0
physical-rear-basket-compact-dipole-m2-rb1-az16-gap16-q3-reg1e-06,wide-svd,70_90,4.163046030763949,8.423209841383356,19.654779081432018,1009.0756983044574,90.0
physical-rear-basket-compact-dipole-m2-rb1-az16-gap16-q3-reg1e-06,wide-svd,80_90,2.8497874850148466,9.079938900342462,19.654779081432018,1009.0756983044574,90.0
physical-rear-basket-compact-dipole-m2-rb1-az16-gap16-q3-reg1e-06,wide-svd,90,-1.383876135893952,10.205409191277191,19.654779081432018,1009.0756983044574,90.0
physical-rear-basket-compact-dipole-m3-rb1-az16-gap16-q3-reg1e-06,wide-svd,0_60,1.1497551051986044,2.9928038339711973,9.412225821207414,1200.0,30.0
physical-rear-basket-compact-dipole-m3-rb1-az16-gap16-q3-reg1e-06,wide-svd,70_90,2.2128387432540033,7.610740071655387,16.57355650026423,300.0,90.0
physical-rear-basket-compact-dipole-m3-rb1-az16-gap16-q3-reg1e-06,wide-svd,80_90,-0.06241667361373046,7.906807251056803,16.57355650026423,300.0,90.0
physical-rear-basket-compact-dipole-m3-rb1-az16-gap16-q3-reg1e-06,wide-svd,90,-6.427968890190733,8.673761794249314,16.57355650026423,300.0,90.0
physical-rear-basket-compact-dipole-m4-rb1-az16-gap16-q3-reg1e-06,wide-svd,0_60,1.2088934594230687,3.1017848757343636,9.579356313687896,1200.0,30.0
physical-rear-basket-compact-dipole-m4-rb1-az16-gap16-q3-reg1e-06,wide-svd,70_90,0.7847974532610154,8.872429646662685,24.423423508966927,952.4406311809197,90.0
physical-rear-basket-compact-dipole-m4-rb1-az16-gap16-q3-reg1e-06,wide-svd,80_90,-2.272442301924843,9.62012924017004,24.423423508966927,952.4406311809197,90.0
physical-rear-basket-compact-dipole-m4-rb1-az16-gap16-q3-reg1e-06,wide-svd,90,-10.820465767532854,11.659431757180386,24.423423508966927,952.4406311809197,90.0
physical-rear-basket-compact-dipole-m2-rb2-az16-gap16-q3-reg1e-06,wide-svd,0_60,1.1381001491413485,3.223746480604083,10.089109693939108,1200.0,30.0
physical-rear-basket-compact-dipole-m2-rb2-az16-gap16-q3-reg1e-06,wide-svd,70_90,1.369023444578304,8.595301433750132,21.56991882727312,1200.0,90.0
physical-rear-basket-compact-dipole-m2-rb2-az16-gap16-q3-reg1e-06,wide-svd,80_90,-1.4698205836898506,9.166895413501711,21.56991882727312,1200.0,90.0
physical-rear-basket-compact-dipole-m2-rb2-az16-gap16-q3-reg1e-06,wide-svd,90,-9.646030457400636,10.660473518638376,21.56991882727312,1200.0,90.0
physical-rear-basket-compact-dipole-m3-rb2-az16-gap16-q3-reg1e-06,wide-svd,0_60,1.216414566488775,3.296827066774294,10.084761668831703,1200.0,30.0
physical-rear-basket-compact-dipole-m3-rb2-az16-gap16-q3-reg1e-06,wide-svd,70_90,0.9227000851987609,9.219261308978984,22.24550577791252,1069.0784617684071,90.0
physical-rear-basket-compact-dipole-m3-rb2-az16-gap16-q3-reg1e-06,wide-svd,80_90,-2.2209358639057903,9.974881761883395,22.24550577791252,1069.0784617684071,90.0
physical-rear-basket-compact-dipole-m3-rb2-az16-gap16-q3-reg1e-06,wide-svd,90,-11.251091776573377,11.987617593124117,22.24550577791252,1069.0784617684071,90.0
physical-rear-basket-compact-dipole-m4-rb2-az16-gap16-q3-reg1e-06,wide-svd,0_60,1.2387634044412823,3.3235122930619565,10.097828306963734,1200.0,30.0
physical-rear-basket-compact-dipole-m4-rb2-az16-gap16-q3-reg1e-06,wide-svd,70_90,0.8645802224264263,9.375607026982859,25.02552225067189,1069.0784617684071,90.0
physical-rear-basket-compact-dipole-m4-rb2-az16-gap16-q3-reg1e-06,wide-svd,80_90,-2.333817710187079,10.172310797046778,25.02552225067189,1069.0784617684071,90.0
physical-rear-basket-compact-dipole-m4-rb2-az16-gap16-q3-reg1e-06,wide-svd,90,-11.521053302741194,12.299860306741877,25.02552225067189,1069.0784617684071,90.0
physical-rear-basket-full-dipole-m2-rb1-az16-gap16-q3-reg1e-06,wide-svd,0_60,1.0158439250204618,2.8974947923124033,9.369846494540042,1200.0,30.0
physical-rear-basket-full-dipole-m2-rb1-az16-gap16-q3-reg1e-06,wide-svd,70_90,3.953095817453295,8.317531437187593,18.945425223093217,1009.0756983044574,90.0
physical-rear-basket-full-dipole-m2-rb1-az16-gap16-q3-reg1e-06,wide-svd,80_90,2.5589362878558157,8.951158439675526,18.945425223093217,1009.0756983044574,90.0
physical-rear-basket-full-dipole-m2-rb1-az16-gap16-q3-reg1e-06,wide-svd,90,-1.8578408303246485,10.070207016149132,18.945425223093217,1009.0756983044574,90.0
physical-rear-basket-full-dipole-m3-rb1-az16-gap16-q3-reg1e-06,wide-svd,0_60,1.1615603209162102,3.001891917917062,9.413998363553063,1200.0,30.0
physical-rear-basket-full-dipole-m3-rb1-az16-gap16-q3-reg1e-06,wide-svd,70_90,1.7194769263024932,7.71179208748612,16.617170001608905,300.0,90.0
physical-rear-basket-full-dipole-m3-rb1-az16-gap16-q3-reg1e-06,wide-svd,80_90,-0.7966005949137509,8.055508991076575,16.617170001608905,300.0,90.0
physical-rear-basket-full-dipole-m3-rb1-az16-gap16-q3-reg1e-06,wide-svd,90,-7.78042547144831,9.03044022479252,16.617170001608905,300.0,90.0
physical-rear-basket-full-dipole-m4-rb1-az16-gap16-q3-reg1e-06,wide-svd,0_60,1.2331277656761215,3.162770680230527,9.68568354897343,1200.0,30.0
physical-rear-basket-full-dipole-m4-rb1-az16-gap16-q3-reg1e-06,wide-svd,70_90,0.33532183975404917,9.522589772194952,20.22437314755713,778.1037327906058,90.0
physical-rear-basket-full-dipole-m4-rb1-az16-gap16-q3-reg1e-06,wide-svd,80_90,-2.9884933850561657,10.47816749349646,20.22437314755713,778.1037327906058,90.0
physical-rear-basket-full-dipole-m4-rb1-az16-gap16-q3-reg1e-06,wide-svd,90,-12.304708006749077,13.036224872585999,20.22437314755713,778.1037327906058,90.0
physical-rear-basket-full-dipole-m2-rb2-az16-gap16-q3-reg1e-06,wide-svd,0_60,1.1516358690200401,3.2378368512542526,10.08282078503403,1200.0,30.0
physical-rear-basket-full-dipole-m2-rb2-az16-gap16-q3-reg1e-06,wide-svd,70_90,1.3415118769039718,8.648393589188101,21.664617323965487,1200.0,90.0
physical-rear-basket-full-dipole-m2-rb2-az16-gap16-q3-reg1e-06,wide-svd,80_90,-1.52836348825132,9.22770809739017,21.664617323965487,1200.0,90.0
physical-rear-basket-full-dipole-m2-rb2-az16-gap16-q3-reg1e-06,wide-svd,90,-9.791034389165766,10.750883235274372,21.664617323965487,1200.0,90.0
physical-rear-basket-full-dipole-m3-rb2-az16-gap16-q3-reg1e-06,wide-svd,0_60,1.222981194109753,3.305802082492814,10.086134892596846,1200.0,30.0
physical-rear-basket-full-dipole-m3-rb2-az16-gap16-q3-reg1e-06,wide-svd,70_90,0.9135893221455305,9.278452161853357,22.66006390263376,1069.0784617684071,90.0
physical-rear-basket-full-dipole-m3-rb2-az16-gap16-q3-reg1e-06,wide-svd,80_90,-2.242813033155515,10.050604571612302,22.66006390263376,1069.0784617684071,90.0
physical-rear-basket-full-dipole-m3-rb2-az16-gap16-q3-reg1e-06,wide-svd,90,-11.313043865729089,12.106990619236258,22.66006390263376,1069.0784617684071,90.0
physical-rear-basket-full-dipole-m4-rb2-az16-gap16-q3-reg1e-06,wide-svd,0_60,1.2493246403102571,3.336627213259023,10.09975043289188,1200.0,30.0
physical-rear-basket-full-dipole-m4-rb2-az16-gap16-q3-reg1e-06,wide-svd,70_90,0.8652819047897921,9.416972752244385,24.444858919564126,1100.4048518456054,90.0
physical-rear-basket-full-dipole-m4-rb2-az16-gap16-q3-reg1e-06,wide-svd,80_90,-2.3443963588387717,10.220794366504382,24.444858919564126,1100.4048518456054,90.0
physical-rear-basket-full-dipole-m4-rb2-az16-gap16-q3-reg1e-06,wide-svd,90,-11.563885229483784,12.373130043291862,24.444858919564126,1100.4048518456054,90.0
physical-rear-basket-compact-measured-m2-rb2-az24-gap16-q3-reg1e-06,wide-svd,0_60,2.146325098796253,3.8733823328936707,9.392783488348734,713.5242690016327,60.0
physical-rear-basket-compact-measured-m2-rb2-az24-gap16-q3-reg1e-06,wide-svd,70_90,7.081966267488368,10.095433366897515,28.983066686367295,1009.0756983044574,90.0
physical-rear-basket-compact-measured-m2-rb2-az24-gap16-q3-reg1e-06,wide-svd,80_90,6.483659448867153,10.725525941629504,28.983066686367295,1009.0756983044574,90.0
physical-rear-basket-compact-measured-m2-rb2-az24-gap16-q3-reg1e-06,wide-svd,90,7.191496088193979,13.335444178953392,28.983066686367295,1009.0756983044574,90.0
physical-rear-basket-compact-measured-m3-rb2-az24-gap16-q3-reg1e-06,wide-svd,0_60,2.298948998313831,4.206525601148812,9.840446044517158,693.2116181233638,60.0
physical-rear-basket-compact-measured-m3-rb2-az24-gap16-q3-reg1e-06,wide-svd,70_90,7.702854820864619,10.331696186669099,28.13017288958332,1009.0756983044574,90.0
physical-rear-basket-compact-measured-m3-rb2-az24-gap16-q3-reg1e-06,wide-svd,80_90,7.099479861944374,10.82337185366971,28.13017288958332,1009.0756983044574,90.0
physical-rear-basket-compact-measured-m3-rb2-az24-gap16-q3-reg1e-06,wide-svd,90,7.324631707856479,13.049936555010522,28.13017288958332,1009.0756983044574,90.0
physical-rear-basket-compact-measured-m4-rb2-az24-gap16-q3-reg1e-06,wide-svd,0_60,2.302007925745821,4.297319524608396,9.910373235101638,673.4772289856238,60.0
physical-rear-basket-compact-measured-m4-rb2-az24-gap16-q3-reg1e-06,wide-svd,70_90,7.864680631801393,10.334217576450808,27.47363606780548,1009.0756983044574,90.0
physical-rear-basket-compact-measured-m4-rb2-az24-gap16-q3-reg1e-06,wide-svd,80_90,7.256589870117864,10.7639435215356,27.47363606780548,1009.0756983044574,90.0
physical-rear-basket-compact-measured-m4-rb2-az24-gap16-q3-reg1e-06,wide-svd,90,7.247062760657593,12.765490810296138,27.47363606780548,1009.0756983044574,90.0
physical-rear-basket-compact-dipole-m2-rb2-az24-gap16-q3-reg1e-06,wide-svd,0_60,1.1230115906919103,3.207082807885412,10.092790035541057,1200.0,30.0
physical-rear-basket-compact-dipole-m2-rb2-az24-gap16-q3-reg1e-06,wide-svd,70_90,1.3906460684802568,8.54134855494228,21.485946629114146,1200.0,90.0
physical-rear-basket-compact-dipole-m2-rb2-az24-gap16-q3-reg1e-06,wide-svd,80_90,-1.416087517853392,9.108470465737962,21.485946629114146,1200.0,90.0
physical-rear-basket-compact-dipole-m2-rb2-az24-gap16-q3-reg1e-06,wide-svd,90,-9.501586958898928,10.581341952118997,21.485946629114146,1200.0,90.0
physical-rear-basket-compact-dipole-m3-rb2-az24-gap16-q3-reg1e-06,wide-svd,0_60,1.2112369053979763,3.2880361940564673,10.077446299623602,1200.0,30.0
physical-rear-basket-compact-dipole-m3-rb2-az24-gap16-q3-reg1e-06,wide-svd,70_90,0.8702829821206737,9.267984254322505,23.269378580635582,1069.0784617684071,90.0
physical-rear-basket-compact-dipole-m3-rb2-az24-gap16-q3-reg1e-06,wide-svd,80_90,-2.2891182429683665,10.050147109083088,23.269378580635582,1069.0784617684071,90.0
physical-rear-basket-compact-dipole-m3-rb2-az24-gap16-q3-reg1e-06,wide-svd,90,-11.362111694666401,12.125176635083402,23.269378580635582,1069.0784617684071,90.0
physical-rear-basket-compact-dipole-m4-rb2-az24-gap16-q3-reg1e-06,wide-svd,0_60,1.2378103195873211,3.3190453566143967,10.089138951271863,1200.0,30.0
physical-rear-basket-compact-dipole-m4-rb2-az24-gap16-q3-reg1e-06,wide-svd,70_90,0.7795996258548125,9.500816520679761,27.86318853229408,1069.0784617684071,90.0
physical-rear-basket-compact-dipole-m4-rb2-az24-gap16-q3-reg1e-06,wide-svd,80_90,-2.455145356376089,10.349475353898107,27.86318853229408,1069.0784617684071,90.0
physical-rear-basket-compact-dipole-m4-rb2-az24-gap16-q3-reg1e-06,wide-svd,90,-11.743931566149879,12.602135242290805,27.86318853229408,1069.0784617684071,90.0
physical-rear-basket-compact-measured-m2-rb2-az16-gap30-q3-reg1e-06,wide-svd,0_60,2.2984714585505968,4.116963124440523,9.758837742382589,693.2116181233638,60.0
physical-rear-basket-compact-measured-m2-rb2-az16-gap30-q3-reg1e-06,wide-svd,70_90,7.498236480084004,10.264669477280263,28.258713733332755,1009.0756983044574,90.0
physical-rear-basket-compact-measured-m2-rb2-az16-gap30-q3-reg1e-06,wide-svd,80_90,6.756861024261646,10.699042464309272,28.258713733332755,1009.0756983044574,90.0
physical-rear-basket-compact-measured-m2-rb2-az16-gap30-q3-reg1e-06,wide-svd,90,6.752202118934771,12.916136610160937,28.258713733332755,1009.0756983044574,90.0
physical-rear-basket-compact-measured-m3-rb2-az16-gap30-q3-reg1e-06,wide-svd,0_60,2.2946427846180146,4.356424137642197,9.989280333595929,673.4772289856238,60.0
physical-rear-basket-compact-measured-m3-rb2-az16-gap30-q3-reg1e-06,wide-svd,70_90,7.896881900464535,10.300206502701904,26.497459402020695,1009.0756983044574,90.0
physical-rear-basket-compact-measured-m3-rb2-az16-gap30-q3-reg1e-06,wide-svd,80_90,7.168654857938267,10.602080557437032,26.497459402020695,1009.0756983044574,90.0
physical-rear-basket-compact-measured-m3-rb2-az16-gap30-q3-reg1e-06,wide-svd,90,6.497808152025479,12.171433790704018,26.497459402020695,1009.0756983044574,90.0
physical-rear-basket-compact-measured-m4-rb2-az16-gap30-q3-reg1e-06,wide-svd,0_60,2.223714678060009,4.38258295268384,9.946583226144483,654.3046395991546,60.0
physical-rear-basket-compact-measured-m4-rb2-az16-gap30-q3-reg1e-06,wide-svd,70_90,7.9392334675679805,10.225966294170746,25.825456430328437,1009.0756983044574,90.0
physical-rear-basket-compact-measured-m4-rb2-az16-gap30-q3-reg1e-06,wide-svd,80_90,7.211736952681175,10.48177409978868,25.825456430328437,1009.0756983044574,90.0
physical-rear-basket-compact-measured-m4-rb2-az16-gap30-q3-reg1e-06,wide-svd,90,6.256530269040442,11.736141478902299,25.825456430328437,1009.0756983044574,90.0
physical-rear-basket-full-measured-m2-rb2-az16-gap30-q3-reg1e-06,wide-svd,0_60,2.3408234179813086,4.167138830479647,9.82569025861168,693.2116181233638,60.0
physical-rear-basket-full-measured-m2-rb2-az16-gap30-q3-reg1e-06,wide-svd,70_90,7.608428214893101,10.334267381049703,28.297691751129477,1009.0756983044574,90.0
physical-rear-basket-full-measured-m2-rb2-az16-gap30-q3-reg1e-06,wide-svd,80_90,6.864582127689884,10.75418362816403,28.297691751129477,1009.0756983044574,90.0
physical-rear-basket-full-measured-m2-rb2-az16-gap30-q3-reg1e-06,wide-svd,90,6.825613605616734,12.950511464534722,28.297691751129477,1009.0756983044574,90.0
physical-rear-basket-full-measured-m3-rb2-az16-gap30-q3-reg1e-06,wide-svd,0_60,2.2654018597849794,4.358957602213369,9.968448347248355,654.3046395991546,60.0
physical-rear-basket-full-measured-m3-rb2-az16-gap30-q3-reg1e-06,wide-svd,70_90,7.915835312480332,10.272150576553521,26.225923876784826,1009.0756983044574,90.0
physical-rear-basket-full-measured-m3-rb2-az16-gap30-q3-reg1e-06,wide-svd,80_90,7.193209072963024,10.560024690677212,26.225923876784826,1009.0756983044574,90.0
physical-rear-basket-full-measured-m3-rb2-az16-gap30-q3-reg1e-06,wide-svd,90,6.415580664315804,12.006223154501537,26.225923876784826,1009.0756983044574,90.0
physical-rear-basket-full-measured-m4-rb2-az16-gap30-q3-reg1e-06,wide-svd,0_60,2.17958048153157,4.378235897765746,9.890935260256349,635.6778566155772,60.0
physical-rear-basket-full-measured-m4-rb2-az16-gap30-q3-reg1e-06,wide-svd,70_90,7.95392665154153,10.187622366599681,25.647756507326314,1009.0756983044574,90.0
physical-rear-basket-full-measured-m4-rb2-az16-gap30-q3-reg1e-06,wide-svd,80_90,7.234183659023094,10.429792102106038,25.647756507326314,1009.0756983044574,90.0
physical-rear-basket-full-measured-m4-rb2-az16-gap30-q3-reg1e-06,wide-svd,90,6.1477574616706825,11.525200273596177,25.647756507326314,1009.0756983044574,90.0
physical-rear-basket-compact-measured-m4-rb3-az16-gap16-q3-reg1e-06,wide-svd,0_60,2.0533342071830107,4.342660410890123,10.309610009341668,1200.0,30.0
physical-rear-basket-compact-measured-m4-rb3-az16-gap16-q3-reg1e-06,wide-svd,70_90,7.829341021897963,10.011439641429423,25.05366722847529,1009.0756983044574,90.0
physical-rear-basket-compact-measured-m4-rb3-az16-gap16-q3-reg1e-06,wide-svd,80_90,7.105799274566721,10.225711577085896,25.05366722847529,1009.0756983044574,90.0
physical-rear-basket-compact-measured-m4-rb3-az16-gap16-q3-reg1e-06,wide-svd,90,6.032263258229291,11.250894180734646,25.05366722847529,1009.0756983044574,90.0
physical-rear-basket-compact-measured-m4-rb4-az16-gap16-q3-reg1e-06,wide-svd,0_60,1.9598453416552046,4.332472223515195,10.485539522804103,1200.0,30.0
physical-rear-basket-compact-measured-m4-rb4-az16-gap16-q3-reg1e-06,wide-svd,70_90,7.766158280555802,9.906999112773017,24.62449592476007,1009.0756983044574,90.0
physical-rear-basket-compact-measured-m4-rb4-az16-gap16-q3-reg1e-06,wide-svd,80_90,7.002151733671537,10.068565494334809,24.62449592476007,1009.0756983044574,90.0
physical-rear-basket-compact-measured-m4-rb4-az16-gap16-q3-reg1e-06,wide-svd,90,5.58378026514071,10.774497473780029,24.62449592476007,1009.0756983044574,90.0
physical-rear-basket-full-measured-m4-rb3-az16-gap16-q3-reg1e-06,wide-svd,0_60,1.9815423531374343,4.331684863027263,10.390324910979558,1200.0,30.0
physical-rear-basket-full-measured-m4-rb3-az16-gap16-q3-reg1e-06,wide-svd,70_90,7.803843640088786,9.940872530886065,24.808143409917072,1009.0756983044574,90.0
physical-rear-basket-full-measured-m4-rb3-az16-gap16-q3-reg1e-06,wide-svd,80_90,7.066360072882366,10.125433579659049,24.808143409917072,1009.0756983044574,90.0
physical-rear-basket-full-measured-m4-rb3-az16-gap16-q3-reg1e-06,wide-svd,90,5.7543729806992925,10.906469633858315,24.808143409917072,1009.0756983044574,90.0
physical-rear-basket-full-measured-m4-rb4-az16-gap16-q3-reg1e-06,wide-svd,0_60,1.8662471674406764,4.302751463389641,10.541030277678189,1200.0,30.0
physical-rear-basket-full-measured-m4-rb4-az16-gap16-q3-reg1e-06,wide-svd,70_90,7.70568153164493,9.83358832044424,24.500197935056192,1009.0756983044574,90.0
physical-rear-basket-full-measured-m4-rb4-az16-gap16-q3-reg1e-06,wide-svd,80_90,6.919668517491441,9.972530479824691,24.500197935056192,1009.0756983044574,90.0
physical-rear-basket-full-measured-m4-rb4-az16-gap16-q3-reg1e-06,wide-svd,90,5.211300670011136,10.40743352586068,24.500197935056192,1009.0756983044574,90.0
physical-rear-basket-compact-measured-m4-rb3-az16-gap30-q3-reg1e-06,wide-svd,0_60,1.9726260458714544,4.328979252653018,10.069570055032969,1200.0,30.0
physical-rear-basket-compact-measured-m4-rb3-az16-gap30-q3-reg1e-06,wide-svd,70_90,7.799612696304567,10.016283246711856,25.021386882374905,1009.0756983044574,90.0
physical-rear-basket-compact-measured-m4-rb3-az16-gap30-q3-reg1e-06,wide-svd,80_90,6.996094073858877,10.18305787885522,25.021386882374905,1009.0756983044574,90.0
physical-rear-basket-compact-measured-m4-rb3-az16-gap30-q3-reg1e-06,wide-svd,90,5.1821179500439305,10.699813716382438,25.021386882374905,1009.0756983044574,90.0
physical-rear-basket-compact-measured-m4-rb4-az16-gap30-q3-reg1e-06,wide-svd,0_60,1.8713819118085624,4.2902079039967385,10.165602413013374,1200.0,30.0
physical-rear-basket-compact-measured-m4-rb4-az16-gap30-q3-reg1e-06,wide-svd,70_90,7.717843924638098,9.968780145242674,24.99636644457709,1009.0756983044574,90.0
physical-rear-basket-compact-measured-m4-rb4-az16-gap30-q3-reg1e-06,wide-svd,80_90,6.88446448343072,10.128305575612885,24.99636644457709,1009.0756983044574,90.0
physical-rear-basket-compact-measured-m4-rb4-az16-gap30-q3-reg1e-06,wide-svd,90,4.754689677564377,10.414600989124304,24.99636644457709,1009.0756983044574,90.0
physical-rear-basket-compact-measured-m4-rb2-az16-gap16-q3-reg3e-06,wide-svd,0_60,2.1821051828010964,3.993341345064373,9.586655972888742,693.2116181233638,60.0
physical-rear-basket-compact-measured-m4-rb2-az16-gap16-q3-reg3e-06,wide-svd,70_90,7.264807014619952,10.165869327789288,28.664764635842644,1009.0756983044574,90.0
physical-rear-basket-compact-measured-m4-rb2-az16-gap16-q3-reg3e-06,wide-svd,80_90,6.697541275061096,10.777024475290801,28.664764635842644,1009.0756983044574,90.0
physical-rear-basket-compact-measured-m4-rb2-az16-gap16-q3-reg3e-06,wide-svd,90,7.308641247969825,13.2863689190082,28.664764635842644,1009.0756983044574,90.0
physical-rear-basket-compact-measured-m4-rb2-az16-gap16-q3-reg1e-06-svd1e-05,wide-svd,0_60,2.3015905992696233,4.314239858591103,9.930207902189316,673.4772289856238,60.0
physical-rear-basket-compact-measured-m4-rb2-az16-gap16-q3-reg1e-06-svd1e-05,wide-svd,70_90,7.902151174048314,10.342171957587652,27.332211822233354,1009.0756983044574,90.0
physical-rear-basket-compact-measured-m4-rb2-az16-gap16-q3-reg1e-06-svd1e-05,wide-svd,80_90,7.2881935838217675,10.755412522133458,27.332211822233354,1009.0756983044574,90.0
physical-rear-basket-compact-measured-m4-rb2-az16-gap16-q3-reg1e-06-svd1e-05,wide-svd,90,7.2147589155772,12.70137862170206,27.332211822233354,1009.0756983044574,90.0
sweep-split-active-surface-compact-annular-az16-gap30-q3-reg1e-06,wide-svd,0_60,1.7296000902051207,4.165203994791353,10.194478605716284,1200.0,30.0
sweep-split-active-surface-compact-annular-az16-gap30-q3-reg1e-06,wide-svd,70_90,7.342068313844346,9.761756510232987,24.621036617543183,1009.0756983044574,90.0
sweep-split-active-surface-compact-annular-az16-gap30-q3-reg1e-06,wide-svd,80_90,6.468144558471132,9.934480149264123,24.621036617543183,1009.0756983044574,90.0
sweep-split-active-surface-compact-annular-az16-gap30-q3-reg1e-06,wide-svd,90,4.312301472803973,10.20845749450128,24.621036617543183,1009.0756983044574,90.0
sweep-split-active-surface-compact-annular-az16-gap30-q3-reg1e-06-svd1e-06,wide-svd,0_60,1.7296000902071336,4.165203994793216,10.194478605696062,1200.0,30.0
sweep-split-active-surface-compact-annular-az16-gap30-q3-reg1e-06-svd1e-06,wide-svd,70_90,7.342068313848275,9.761756510236193,24.62103661754883,1009.0756983044574,90.0
sweep-split-active-surface-compact-annular-az16-gap30-q3-reg1e-06-svd1e-06,wide-svd,80_90,6.468144558473084,9.934480149266117,24.62103661754883,1009.0756983044574,90.0
sweep-split-active-surface-compact-annular-az16-gap30-q3-reg1e-06-svd1e-06,wide-svd,90,4.312301472793694,10.208457494500024,24.62103661754883,1009.0756983044574,90.0
sweep-split-active-surface-compact-annular-az16-gap30-q3-reg1e-06-svd1e-05,wide-svd,0_60,1.729567024003216,4.165181989506346,10.194478605696062,1200.0,30.0
sweep-split-active-surface-compact-annular-az16-gap30-q3-reg1e-06-svd1e-05,wide-svd,70_90,7.342118355172496,9.761827185627551,24.62103661754883,1009.0756983044574,90.0
sweep-split-active-surface-compact-annular-az16-gap30-q3-reg1e-06-svd1e-05,wide-svd,80_90,6.46817838456841,9.934536962786865,24.62103661754883,1009.0756983044574,90.0
sweep-split-active-surface-compact-annular-az16-gap30-q3-reg1e-06-svd1e-05,wide-svd,90,4.31222326515173,10.20842309112733,24.62103661754883,1009.0756983044574,90.0
sweep-split-active-surface-compact-annular-az16-gap36-q3-reg1e-06,wide-svd,0_60,1.707697596306802,4.133001374998888,9.973181193968799,1200.0,30.0
sweep-split-active-surface-compact-annular-az16-gap36-q3-reg1e-06,wide-svd,70_90,7.347020080648932,9.845273124030102,25.060807944906983,1009.0756983044574,90.0
sweep-split-active-surface-compact-annular-az16-gap36-q3-reg1e-06,wide-svd,80_90,6.466176967398191,10.054065907884459,25.060807944906983,1009.0756983044574,90.0
sweep-split-active-surface-compact-annular-az16-gap36-q3-reg1e-06,wide-svd,90,4.093500693339751,10.26330654965395,25.060807944906983,1009.0756983044574,90.0
sweep-split-active-surface-compact-annular-az16-gap36-q3-reg1e-06-svd1e-06,wide-svd,0_60,1.7076975963081404,4.133001374999693,9.973181193953138,1200.0,30.0
sweep-split-active-surface-compact-annular-az16-gap36-q3-reg1e-06-svd1e-06,wide-svd,70_90,7.347020080648483,9.845273124027104,25.060807944924775,1009.0756983044574,90.0
sweep-split-active-surface-compact-annular-az16-gap36-q3-reg1e-06-svd1e-06,wide-svd,80_90,6.466176967396324,10.054065907879002,25.060807944924775,1009.0756983044574,90.0
sweep-split-active-surface-compact-annular-az16-gap36-q3-reg1e-06-svd1e-06,wide-svd,90,4.093500693332779,10.263306549642909,25.060807944924775,1009.0756983044574,90.0
sweep-split-active-surface-compact-annular-az16-gap36-q3-reg1e-06-svd1e-05,wide-svd,0_60,1.7076670358388824,4.132980125936096,9.973181193953138,1200.0,30.0
sweep-split-active-surface-compact-annular-az16-gap36-q3-reg1e-06-svd1e-05,wide-svd,70_90,7.347058751062147,9.845333920171651,25.060807944924775,1009.0756983044574,90.0
sweep-split-active-surface-compact-annular-az16-gap36-q3-reg1e-06-svd1e-05,wide-svd,80_90,6.466201000216029,10.054116622973073,25.060807944924775,1009.0756983044574,90.0
sweep-split-active-surface-compact-annular-az16-gap36-q3-reg1e-06-svd1e-05,wide-svd,90,4.093424717709089,10.263281226582365,25.060807944924775,1009.0756983044574,90.0
sweep-split-active-surface-full-annular-az16-gap30-q3-reg1e-06,wide-svd,0_60,1.6801163704514004,4.137433886484458,10.190185183526182,1200.0,30.0
sweep-split-active-surface-full-annular-az16-gap30-q3-reg1e-06,wide-svd,70_90,7.373646882366933,9.77139185739278,24.85624475550911,1009.0756983044574,90.0
sweep-split-active-surface-full-annular-az16-gap30-q3-reg1e-06,wide-svd,80_90,6.539737718926247,9.975582020604664,24.85624475550911,1009.0756983044574,90.0
sweep-split-active-surface-full-annular-az16-gap30-q3-reg1e-06,wide-svd,90,4.384081922825418,10.205971895979078,24.85624475550911,1009.0756983044574,90.0
sweep-split-active-surface-full-annular-az16-gap30-q3-reg1e-06-svd1e-06,wide-svd,0_60,1.6801166307092534,4.137434110077135,10.190185200187699,1200.0,30.0
sweep-split-active-surface-full-annular-az16-gap30-q3-reg1e-06-svd1e-06,wide-svd,70_90,7.373646430846318,9.771390509615495,24.85624475503542,1009.0756983044574,90.0
sweep-split-active-surface-full-annular-az16-gap30-q3-reg1e-06-svd1e-06,wide-svd,80_90,6.539736365376529,9.975579673785237,24.85624475503542,1009.0756983044574,90.0
sweep-split-active-surface-full-annular-az16-gap30-q3-reg1e-06-svd1e-06,wide-svd,90,4.38407721584302,10.205967454436456,24.85624475503542,1009.0756983044574,90.0
sweep-split-active-surface-full-annular-az16-gap30-q3-reg1e-06-svd1e-05,wide-svd,0_60,1.6800595640303315,4.13739358452428,10.18999191081177,1200.0,30.0
sweep-split-active-surface-full-annular-az16-gap30-q3-reg1e-06-svd1e-05,wide-svd,70_90,7.3737023333813925,9.77147519036568,24.85614391787079,1009.0756983044574,90.0
sweep-split-active-surface-full-annular-az16-gap30-q3-reg1e-06-svd1e-05,wide-svd,80_90,6.539759445992357,9.97563505225648,24.85614391787079,1009.0756983044574,90.0
sweep-split-active-surface-full-annular-az16-gap30-q3-reg1e-06-svd1e-05,wide-svd,90,4.383929310725291,10.205854252971667,24.85614391787079,1009.0756983044574,90.0
sweep-split-active-surface-full-annular-az16-gap36-q3-reg1e-06,wide-svd,0_60,1.665591086659679,4.108459303644861,9.9722981428108,1200.0,30.0
sweep-split-active-surface-full-annular-az16-gap36-q3-reg1e-06,wide-svd,70_90,7.393771131392001,9.870671194862997,25.285651702291332,1009.0756983044574,90.0
sweep-split-active-surface-full-annular-az16-gap36-q3-reg1e-06,wide-svd,80_90,6.557688563132833,10.11546314757932,25.285651702291332,1009.0756983044574,90.0
sweep-split-active-surface-full-annular-az16-gap36-q3-reg1e-06,wide-svd,90,4.209127446722959,10.308318783561186,25.285651702291332,1009.0756983044574,90.0
sweep-split-active-surface-full-annular-az16-gap36-q3-reg1e-06-svd1e-06,wide-svd,0_60,1.6655913450998414,4.10845955226734,9.972298146046853,1200.0,30.0
sweep-split-active-surface-full-annular-az16-gap36-q3-reg1e-06-svd1e-06,wide-svd,70_90,7.393770640891604,9.870670081183851,25.285651701837196,1009.0756983044574,90.0
sweep-split-active-surface-full-annular-az16-gap36-q3-reg1e-06-svd1e-06,wide-svd,80_90,6.55768712199603,10.115461107068757,25.285651701837196,1009.0756983044574,90.0
sweep-split-active-surface-full-annular-az16-gap36-q3-reg1e-06-svd1e-06,wide-svd,90,4.20912240293648,10.30831472206645,25.285651701837196,1009.0756983044574,90.0
sweep-split-active-surface-full-annular-az16-gap36-q3-reg1e-06-svd1e-05,wide-svd,0_60,1.665520673002423,4.108409704182478,9.972020859131433,1200.0,30.0
sweep-split-active-surface-full-annular-az16-gap36-q3-reg1e-06-svd1e-05,wide-svd,70_90,7.393833716492696,9.870768578088121,25.28553158820847,1009.0756983044574,90.0
sweep-split-active-surface-full-annular-az16-gap36-q3-reg1e-06-svd1e-05,wide-svd,80_90,6.557715020956688,10.115531502474,25.28553158820847,1009.0756983044574,90.0
sweep-split-active-surface-full-annular-az16-gap36-q3-reg1e-06-svd1e-05,wide-svd,90,4.208966940562327,10.308199900235714,25.28553158820847,1009.0756983044574,90.0
sweep-split-active-surface-compact-annular-az16-gap24-q3-reg1e-06,wide-svd,0_60,1.7592528259738565,4.1912086524098395,10.406776209603024,1200.0,30.0
sweep-split-active-surface-compact-annular-az16-gap24-q3-reg1e-06,wide-svd,70_90,7.337358193523189,9.701721825000593,24.22956967601875,1009.0756983044574,90.0
sweep-split-active-surface-compact-annular-az16-gap24-q3-reg1e-06,wide-svd,80_90,6.474728825987779,9.852663014626883,24.22956967601875,1009.0756983044574,90.0
sweep-split-active-surface-compact-annular-az16-gap24-q3-reg1e-06,wide-svd,90,4.565735903435639,10.24490641601732,24.22956967601875,1009.0756983044574,90.0
sweep-split-active-surface-compact-annular-az24-gap24-q3-reg1e-06,wide-svd,0_60,1.757495186317121,4.192240722322397,10.392766397778743,1200.0,30.0
sweep-split-active-surface-compact-annular-az24-gap24-q3-reg1e-06,wide-svd,70_90,7.339049364799329,9.70211722544234,24.233970908703917,1009.0756983044574,90.0
sweep-split-active-surface-compact-annular-az24-gap24-q3-reg1e-06,wide-svd,80_90,6.47514503050813,9.8516615271507,24.233970908703917,1009.0756983044574,90.0
sweep-split-active-surface-compact-annular-az24-gap24-q3-reg1e-06,wide-svd,90,4.548619088728857,10.232343524128801,24.233970908703917,1009.0756983044574,90.0
sweep-split-active-surface-compact-annular-az16-gap28-q3-reg1e-06,wide-svd,0_60,1.7385623784209672,4.174696236414043,10.267015215135771,1200.0,30.0
sweep-split-active-surface-compact-annular-az16-gap28-q3-reg1e-06,wide-svd,70_90,7.340432886717998,9.738857987710684,24.482379001093506,1009.0756983044574,90.0
sweep-split-active-surface-compact-annular-az16-gap28-q3-reg1e-06,wide-svd,80_90,6.469674239680468,9.902516973834302,24.482379001093506,1009.0756983044574,90.0
sweep-split-active-surface-compact-annular-az16-gap28-q3-reg1e-06,wide-svd,90,4.392205723051608,10.209401916683765,24.482379001093506,1009.0756983044574,90.0
sweep-split-active-surface-compact-annular-az24-gap28-q3-reg1e-06,wide-svd,0_60,1.7367012804371638,4.175285008264836,10.249760885743825,1200.0,30.0
sweep-split-active-surface-compact-annular-az24-gap28-q3-reg1e-06,wide-svd,70_90,7.342691845791557,9.740899488259616,24.493910007968758,1009.0756983044574,90.0
sweep-split-active-surface-compact-annular-az24-gap28-q3-reg1e-06,wide-svd,80_90,6.470762849219385,9.90381026002155,24.493910007968758,1009.0756983044574,90.0
sweep-split-active-surface-compact-annular-az24-gap28-q3-reg1e-06,wide-svd,90,4.373993395642958,10.199116862060961,24.493910007968758,1009.0756983044574,90.0
sweep-split-active-surface-compact-annular-az16-gap32-q3-reg1e-06,wide-svd,0_60,1.721513219195875,4.155044962990335,10.121065501850325,1200.0,30.0
sweep-split-active-surface-compact-annular-az16-gap32-q3-reg1e-06,wide-svd,70_90,7.343746556268603,9.78725013191533,24.764722220394837,1009.0756983044574,90.0
sweep-split-active-surface-compact-annular-az16-gap32-q3-reg1e-06,wide-svd,80_90,6.467130473283764,9.9706035314634,24.764722220394837,1009.0756983044574,90.0
sweep-split-active-surface-compact-annular-az16-gap32-q3-reg1e-06,wide-svd,90,4.236215337601501,10.217607082782958,24.764722220394837,1009.0756983044574,90.0
sweep-split-active-surface-compact-annular-az24-gap32-q3-reg1e-06,wide-svd,0_60,1.719892275345127,4.155298342957914,10.101649511964908,1200.0,30.0
sweep-split-active-surface-compact-annular-az24-gap32-q3-reg1e-06,wide-svd,70_90,7.346459193985934,9.791013605900565,24.780765336546125,1009.0756983044574,90.0
sweep-split-active-surface-compact-annular-az24-gap32-q3-reg1e-06,wide-svd,80_90,6.468840297321314,9.974385285246372,24.780765336546125,1009.0756983044574,90.0
sweep-split-active-surface-compact-annular-az24-gap32-q3-reg1e-06,wide-svd,90,4.218425445935928,10.211489119921684,24.780765336546125,1009.0756983044574,90.0
sweep-split-active-surface-compact-annular-az16-gap42-q3-reg1e-06,wide-svd,0_60,1.6919330657147986,4.096254827701528,9.75142830467847,1200.0,30.0
sweep-split-active-surface-compact-annular-az16-gap42-q3-reg1e-06,wide-svd,70_90,7.351015509586292,9.947854284691953,25.511578417006533,1009.0756983044574,90.0
sweep-split-active-surface-compact-annular-az16-gap42-q3-reg1e-06,wide-svd,80_90,6.466153944477919,10.203933595200315,25.511578417006533,1009.0756983044574,90.0
sweep-split-active-surface-compact-annular-az16-gap42-q3-reg1e-06,wide-svd,90,3.897705562407904,10.39223456174516,25.511578417006533,1009.0756983044574,90.0
sweep-split-active-surface-compact-annular-az24-gap42-q3-reg1e-06,wide-svd,0_60,1.691043116541608,4.095999450072988,9.73052473375239,1200.0,30.0
sweep-split-active-surface-compact-annular-az24-gap42-q3-reg1e-06,wide-svd,70_90,7.354385328813694,9.95565258491907,25.53221617742041,1009.0756983044574,90.0
sweep-split-active-surface-compact-annular-az24-gap42-q3-reg1e-06,wide-svd,80_90,6.468869989150676,10.213630404523771,25.53221617742041,1009.0756983044574,90.0
sweep-split-active-surface-compact-annular-az24-gap42-q3-reg1e-06,wide-svd,90,3.8817799936954827,10.397736886420684,25.53221617742041,1009.0756983044574,90.0
sweep-split-active-surface-compact-annular-az16-gap28-q3-reg3e-07,wide-svd,0_60,1.6025998409257554,4.138794889008434,9.895707069672824,1200.0,30.0
sweep-split-active-surface-compact-annular-az16-gap28-q3-reg3e-07,wide-svd,70_90,7.4211793632161385,9.985733224764934,24.999413823935434,1009.0756983044574,90.0
sweep-split-active-surface-compact-annular-az16-gap28-q3-reg3e-07,wide-svd,80_90,6.505567705822287,10.210863788696226,24.999413823935434,1009.0756983044574,90.0
sweep-split-active-surface-compact-annular-az16-gap28-q3-reg3e-07,wide-svd,90,3.583178976154422,10.162786036813873,24.999413823935434,1009.0756983044574,90.0
sweep-split-active-surface-compact-annular-az16-gap28-q3-reg3e-06,wide-svd,0_60,1.7340922771300378,3.9875684953867405,10.232386259533726,1200.0,30.0
sweep-split-active-surface-compact-annular-az16-gap28-q3-reg3e-06,wide-svd,70_90,6.939784204236637,9.572644352432203,24.376197751378,1009.0756983044574,90.0
sweep-split-active-surface-compact-annular-az16-gap28-q3-reg3e-06,wide-svd,80_90,6.144522484805213,9.867663751405633,24.376197751378,1009.0756983044574,90.0
sweep-split-active-surface-compact-annular-az16-gap28-q3-reg3e-06,wide-svd,90,5.017961193964141,10.899763683227457,24.376197751378,1009.0756983044574,90.0
sweep-split-active-surface-compact-annular-az16-gap30-q3-reg3e-07,wide-svd,0_60,1.5914000275608873,4.119880498147947,9.821403866990764,1200.0,30.0
sweep-split-active-surface-compact-annular-az16-gap30-q3-reg3e-07,wide-svd,70_90,7.418354244011255,10.038841121825312,25.15335420304295,1009.0756983044574,90.0
sweep-split-active-surface-compact-annular-az16-gap30-q3-reg3e-07,wide-svd,80_90,6.505421798443667,10.293809385400522,25.15335420304295,1009.0756983044574,90.0
sweep-split-active-surface-compact-annular-az16-gap30-q3-reg3e-07,wide-svd,90,3.526127293517762,10.277019617756972,25.15335420304295,1009.0756983044574,90.0
sweep-split-active-surface-compact-annular-az16-gap30-q3-reg3e-06,wide-svd,0_60,1.7289015975326243,3.9895651719788203,10.182780764359407,1200.0,30.0
sweep-split-active-surface-compact-annular-az16-gap30-q3-reg3e-06,wide-svd,70_90,6.950364831434789,9.576167406917305,24.366465084967636,1009.0756983044574,90.0
sweep-split-active-surface-compact-annular-az16-gap30-q3-reg3e-06,wide-svd,80_90,6.1470584099133205,9.863235784683155,24.366465084967636,1009.0756983044574,90.0
sweep-split-active-surface-compact-annular-az16-gap30-q3-reg3e-06,wide-svd,90,4.925462786491699,10.829487516593561,24.366465084967636,1009.0756983044574,90.0
sweep-split-active-surface-compact-annular-az16-gap32-q3-reg3e-07,wide-svd,0_60,1.5812077980467438,4.101217221191376,9.7513998803379,1200.0,30.0
sweep-split-active-surface-compact-annular-az16-gap32-q3-reg3e-07,wide-svd,70_90,7.4160063029477605,10.094044659215294,25.30481195847431,1009.0756983044574,90.0
sweep-split-active-surface-compact-annular-az16-gap32-q3-reg3e-07,wide-svd,80_90,6.505871828421304,10.379503159303928,25.30481195847431,1009.0756983044574,90.0
sweep-split-active-surface-compact-annular-az16-gap32-q3-reg3e-07,wide-svd,90,3.4721274815493453,10.398311448201182,25.30481195847431,1009.0756983044574,90.0
sweep-split-active-surface-compact-annular-az16-gap32-q3-reg3e-06,wide-svd,0_60,1.724173608683227,3.990263315016526,10.127862473599109,1200.0,30.0
sweep-split-active-surface-compact-annular-az16-gap32-q3-reg3e-06,wide-svd,70_90,6.960485424141085,9.58184949062835,24.380231285230586,1009.0756983044574,90.0
sweep-split-active-surface-compact-annular-az16-gap32-q3-reg3e-06,wide-svd,80_90,6.1497572260004825,9.862619936548732,24.380231285230586,1009.0756983044574,90.0
sweep-split-active-surface-compact-annular-az16-gap32-q3-reg3e-06,wide-svd,90,4.836381104182188,10.76692288119716,24.380231285230586,1009.0756983044574,90.0
sweep-split-active-surface-compact-annular-az16-gap30-q3-reg3e-07-svd1e-05,wide-svd,0_60,1.5912905776404431,4.119824114004604,9.821403866770936,1200.0,30.0
sweep-split-active-surface-compact-annular-az16-gap30-q3-reg3e-07-svd1e-05,wide-svd,70_90,7.418527124506635,10.039099654448862,25.153354203128607,1009.0756983044574,90.0
sweep-split-active-surface-compact-annular-az16-gap30-q3-reg3e-07-svd1e-05,wide-svd,80_90,6.505546567203484,10.294039125416438,25.153354203128607,1009.0756983044574,90.0
sweep-split-active-surface-compact-annular-az16-gap30-q3-reg3e-07-svd1e-05,wide-svd,90,3.5259516313976524,10.277029874821359,25.153354203128607,1009.0756983044574,90.0
sweep-split-active-surface-compact-annular-az16-gap30-q3-reg3e-06-svd1e-05,wide-svd,0_60,1.7288907900209651,3.9895573231088006,10.182780764363002,1200.0,30.0
sweep-split-active-surface-compact-annular-az16-gap30-q3-reg3e-06-svd1e-05,wide-svd,70_90,6.950384851288997,9.576191265790634,24.366465084956687,1009.0756983044574,90.0
sweep-split-active-surface-compact-annular-az16-gap30-q3-reg3e-06-svd1e-05,wide-svd,80_90,6.147073520047467,9.863254087038067,24.366465084956687,1009.0756983044574,90.0
sweep-split-active-surface-compact-annular-az16-gap30-q3-reg3e-06-svd1e-05,wide-svd,90,4.925436582280219,10.829473641837936,24.366465084956687,1009.0756983044574,90.0
sweep-split-active-surface-full-annular-az16-gap24-q3-reg1e-06,wide-svd,0_60,1.7021482570357487,4.160043784296843,10.39893298376775,1200.0,30.0
sweep-split-active-surface-full-annular-az16-gap24-q3-reg1e-06,wide-svd,70_90,7.349689927171068,9.690674334556297,24.44379065255235,1009.0756983044574,90.0
sweep-split-active-surface-full-annular-az16-gap24-q3-reg1e-06,wide-svd,80_90,6.521562501379579,9.866718051430658,24.44379065255235,1009.0756983044574,90.0
sweep-split-active-surface-full-annular-az16-gap24-q3-reg1e-06,wide-svd,90,4.5891793684702895,10.18593177860908,24.44379065255235,1009.0756983044574,90.0
sweep-split-active-surface-compact-annular-dipole-az16-gap30-q3-reg1e-06,wide-svd,0_60,1.181113807699905,3.2922799106359544,10.075042108695541,1200.0,30.0
sweep-split-active-surface-compact-annular-dipole-az16-gap30-q3-reg1e-06,wide-svd,70_90,2.039904916508688,8.243400566119059,18.377568832453427,1200.0,90.0
sweep-split-active-surface-compact-annular-dipole-az16-gap30-q3-reg1e-06,wide-svd,80_90,-0.5583866913111932,8.585181016478908,18.377568832453427,1200.0,90.0
sweep-split-active-surface-compact-annular-dipole-az16-gap30-q3-reg1e-06,wide-svd,90,-8.120853839811549,9.457238456429756,18.377568832453427,1200.0,90.0
sweep-split-active-surface-full-annular-az16-gap24-q3-reg1e-06-svd1e-05,wide-svd,0_60,1.7020924651191123,4.160006777307203,10.398798342224154,1200.0,30.0
sweep-split-active-surface-full-annular-az16-gap24-q3-reg1e-06-svd1e-05,wide-svd,70_90,7.349757881767475,9.690767360864575,24.4437030959931,1009.0756983044574,90.0
sweep-split-active-surface-full-annular-az16-gap24-q3-reg1e-06-svd1e-05,wide-svd,80_90,6.521598483805287,9.866778734294863,24.4437030959931,1009.0756983044574,90.0
sweep-split-active-surface-full-annular-az16-gap24-q3-reg1e-06-svd1e-05,wide-svd,90,4.589041787731069,10.18581622312056,24.4437030959931,1009.0756983044574,90.0
sweep-split-active-surface-compact-annular-dipole-az16-gap30-q3-reg1e-06-svd1e-05,wide-svd,0_60,1.1811112508029589,3.2922798199793135,10.07504210867522,1200.0,30.0
sweep-split-active-surface-compact-annular-dipole-az16-gap30-q3-reg1e-06-svd1e-05,wide-svd,70_90,2.039934545805295,8.243403328409292,18.377568832484243,1200.0,90.0
sweep-split-active-surface-compact-annular-dipole-az16-gap30-q3-reg1e-06-svd1e-05,wide-svd,80_90,-0.5583503870035575,8.585176155592775,18.377568832484243,1200.0,90.0
sweep-split-active-surface-compact-annular-dipole-az16-gap30-q3-reg1e-06-svd1e-05,wide-svd,90,-8.120805071173537,9.457205192127175,18.377568832484243,1200.0,90.0
sweep-split-active-surface-compact-uniform-annular-az16-gap24-q3-reg1e-06-m4,wide-svd,0_60,1.7859059727239581,4.238580179668847,10.272349017288548,1200.0,30.0
sweep-split-active-surface-compact-uniform-annular-az16-gap24-q3-reg1e-06-m4,wide-svd,70_90,7.470901829123831,9.774570267633852,24.3838065862314,1009.0756983044574,90.0
sweep-split-active-surface-compact-uniform-annular-az16-gap24-q3-reg1e-06-m4,wide-svd,80_90,6.61136393483592,9.907861120635562,24.3838065862314,1009.0756983044574,90.0
sweep-split-active-surface-compact-uniform-annular-az16-gap24-q3-reg1e-06-m4,wide-svd,90,4.571313786085768,10.19173933058283,24.3838065862314,1009.0756983044574,90.0
sweep-split-active-surface-compact-uniform-annular-az16-gap24-q3-reg3e-06-m4,wide-svd,0_60,1.815314945293624,4.091226620961965,10.301815268394819,1200.0,30.0
sweep-split-active-surface-compact-uniform-annular-az16-gap24-q3-reg3e-06-m4,wide-svd,70_90,7.159624088978291,9.687039808547636,24.438692794549596,1009.0756983044574,90.0
sweep-split-active-surface-compact-uniform-annular-az16-gap24-q3-reg3e-06-m4,wide-svd,80_90,6.374098136045768,9.952809729404917,24.438692794549596,1009.0756983044574,90.0
sweep-split-active-surface-compact-uniform-annular-az16-gap24-q3-reg3e-06-m4,wide-svd,90,5.260949008116247,10.98217366719152,24.438692794549596,1009.0756983044574,90.0
sweep-split-active-surface-compact-uniform-annular-az24-gap24-q3-reg1e-06-m4,wide-svd,0_60,1.7842186923758794,4.23821633308845,10.247375103010114,1200.0,30.0
sweep-split-active-surface-compact-uniform-annular-az24-gap24-q3-reg1e-06-m4,wide-svd,70_90,7.47192977196448,9.775379751229348,24.39312270764529,1009.0756983044574,90.0
sweep-split-active-surface-compact-uniform-annular-az24-gap24-q3-reg1e-06-m4,wide-svd,80_90,6.6118833013444895,9.908173453385203,24.39312270764529,1009.0756983044574,90.0
sweep-split-active-surface-compact-uniform-annular-az24-gap24-q3-reg1e-06-m4,wide-svd,90,4.556261468869037,10.182175579047371,24.39312270764529,1009.0756983044574,90.0
sweep-split-active-surface-compact-uniform-annular-az24-gap24-q3-reg3e-06-m4,wide-svd,0_60,1.8143975822562473,4.095737092335703,10.302752377572716,1200.0,30.0
sweep-split-active-surface-compact-uniform-annular-az24-gap24-q3-reg3e-06-m4,wide-svd,70_90,7.165985948146706,9.686504997113964,24.41592092578327,1009.0756983044574,90.0
sweep-split-active-surface-compact-uniform-annular-az24-gap24-q3-reg3e-06-m4,wide-svd,80_90,6.3790965770381085,9.948722634914365,24.41592092578327,1009.0756983044574,90.0
sweep-split-active-surface-compact-uniform-annular-az24-gap24-q3-reg3e-06-m4,wide-svd,90,5.246209281184989,10.962719745621897,24.41592092578327,1009.0756983044574,90.0
sweep-split-active-surface-compact-uniform-annular-az16-gap24-q3-reg1e-06-m5,wide-svd,0_60,1.764043821371609,4.241412266072011,10.212619761327872,1200.0,30.0
sweep-split-active-surface-compact-uniform-annular-az16-gap24-q3-reg1e-06-m5,wide-svd,70_90,7.493930067132466,9.793867502199648,24.466814238081355,1009.0756983044574,90.0
sweep-split-active-surface-compact-uniform-annular-az16-gap24-q3-reg1e-06-m5,wide-svd,80_90,6.623486649655252,9.920205495919731,24.466814238081355,1009.0756983044574,90.0
sweep-split-active-surface-compact-uniform-annular-az16-gap24-q3-reg1e-06-m5,wide-svd,90,4.414935537331423,10.08471231967889,24.466814238081355,1009.0756983044574,90.0
sweep-split-active-surface-compact-uniform-annular-az16-gap24-q3-reg3e-06-m5,wide-svd,0_60,1.820662476936482,4.138647300990009,10.329930809120299,1200.0,30.0
sweep-split-active-surface-compact-uniform-annular-az16-gap24-q3-reg3e-06-m5,wide-svd,70_90,7.25055923545804,9.707769010054516,24.324824581547674,1009.0756983044574,90.0
sweep-split-active-surface-compact-uniform-annular-az16-gap24-q3-reg3e-06-m5,wide-svd,80_90,6.447916110733729,9.935473785489352,24.324824581547674,1009.0756983044574,90.0
sweep-split-active-surface-compact-uniform-annular-az16-gap24-q3-reg3e-06-m5,wide-svd,90,5.136565263864933,10.802166320666155,24.324824581547674,1009.0756983044574,90.0
sweep-split-active-surface-compact-uniform-annular-az24-gap24-q3-reg1e-06-m5,wide-svd,0_60,1.7622909076760331,4.239905415024954,10.181498990936959,1200.0,30.0
sweep-split-active-surface-compact-uniform-annular-az24-gap24-q3-reg1e-06-m5,wide-svd,70_90,7.493704300573216,9.794993316507783,24.477577449243967,1009.0756983044574,90.0
sweep-split-active-surface-compact-uniform-annular-az24-gap24-q3-reg1e-06-m5,wide-svd,80_90,6.62294985545197,9.921558100313618,24.477577449243967,1009.0756983044574,90.0
sweep-split-active-surface-compact-uniform-annular-az24-gap24-q3-reg1e-06-m5,wide-svd,90,4.399734976720057,10.078040339972407,24.477577449243967,1009.0756983044574,90.0
sweep-split-active-surface-compact-uniform-annular-az24-gap24-q3-reg3e-06-m5,wide-svd,0_60,1.8195495612799157,4.142308148249478,10.326131123651379,1200.0,30.0
sweep-split-active-surface-compact-uniform-annular-az24-gap24-q3-reg3e-06-m5,wide-svd,70_90,7.255995358585036,9.70747783758665,24.31146921360324,1009.0756983044574,90.0
sweep-split-active-surface-compact-uniform-annular-az24-gap24-q3-reg3e-06-m5,wide-svd,80_90,6.452133144435001,9.932155382915285,24.31146921360324,1009.0756983044574,90.0
sweep-split-active-surface-compact-uniform-annular-az24-gap24-q3-reg3e-06-m5,wide-svd,90,5.121706028651153,10.78411709710002,24.31146921360324,1009.0756983044574,90.0
sweep-split-active-surface-compact-uniform-annular-az16-gap24-q3-reg1e-06-m6,wide-svd,0_60,1.7428851566555295,4.237005747047228,10.14949044522028,1200.0,30.0
sweep-split-active-surface-compact-uniform-annular-az16-gap24-q3-reg1e-06-m6,wide-svd,70_90,7.503730319515609,9.812439825515721,24.5388721497093,1009.0756983044574,90.0
sweep-split-active-surface-compact-uniform-annular-az16-gap24-q3-reg1e-06-m6,wide-svd,80_90,6.625639973396556,9.939076674912071,24.5388721497093,1009.0756983044574,90.0
sweep-split-active-surface-compact-uniform-annular-az16-gap24-q3-reg1e-06-m6,wide-svd,90,4.285317572526736,10.019966550353567,24.5388721497093,1009.0756983044574,90.0
sweep-split-active-surface-compact-uniform-annular-az16-gap24-q3-reg3e-06-m6,wide-svd,0_60,1.820645782313976,4.170979603216183,10.340298335067175,1200.0,30.0
sweep-split-active-surface-compact-uniform-annular-az16-gap24-q3-reg3e-06-m6,wide-svd,70_90,7.314284656983702,9.722701421294957,24.27886648671287,1009.0756983044574,90.0
sweep-split-active-surface-compact-uniform-annular-az16-gap24-q3-reg3e-06-m6,wide-svd,80_90,6.498256846803282,9.92299399673347,24.27886648671287,1009.0756983044574,90.0
sweep-split-active-surface-compact-uniform-annular-az16-gap24-q3-reg3e-06-m6,wide-svd,90,5.027752192861583,10.658913457773716,24.27886648671287,1009.0756983044574,90.0
sweep-split-active-surface-compact-uniform-annular-az24-gap24-q3-reg1e-06-m6,wide-svd,0_60,1.741114359748837,4.234549735548978,10.113170619751898,1200.0,30.0
sweep-split-active-surface-compact-uniform-annular-az24-gap24-q3-reg1e-06-m6,wide-svd,70_90,7.502468043014658,9.813872845598608,24.549983536688536,1009.0756983044574,90.0
sweep-split-active-surface-compact-uniform-annular-az24-gap24-q3-reg1e-06-m6,wide-svd,80_90,6.624229337028968,9.941351485718114,24.549983536688536,1009.0756983044574,90.0
sweep-split-active-surface-compact-uniform-annular-az24-gap24-q3-reg1e-06-m6,wide-svd,90,4.269938499356048,10.01593119364607,24.549983536688536,1009.0756983044574,90.0
sweep-split-active-surface-compact-uniform-annular-az24-gap24-q3-reg3e-06-m6,wide-svd,0_60,1.8193845007417324,4.17388476343718,10.33245307395974,1200.0,30.0
sweep-split-active-surface-compact-uniform-annular-az24-gap24-q3-reg3e-06-m6,wide-svd,70_90,7.31889793038639,9.722636174141048,24.272555107157316,1009.0756983044574,90.0
sweep-split-active-surface-compact-uniform-annular-az24-gap24-q3-reg3e-06-m6,wide-svd,80_90,6.501783803354366,9.92037749372774,24.272555107157316,1009.0756983044574,90.0
sweep-split-active-surface-compact-uniform-annular-az24-gap24-q3-reg3e-06-m6,wide-svd,90,5.012849543143095,10.64227142308868,24.272555107157316,1009.0756983044574,90.0
sweep-split-active-surface-compact-uniform-annular-az16-gap24-q3-reg1e-06-m7,wide-svd,0_60,1.722946307487396,4.228687434255684,10.085917355430524,1200.0,30.0
sweep-split-active-surface-compact-uniform-annular-az16-gap24-q3-reg1e-06-m7,wide-svd,70_90,7.506102626879196,9.830900120886232,24.59969751816074,1009.0756983044574,90.0
sweep-split-active-surface-compact-uniform-annular-az16-gap24-q3-reg1e-06-m7,wide-svd,80_90,6.622454878706398,9.962206306915801,24.59969751816074,1009.0756983044574,90.0
sweep-split-active-surface-compact-uniform-annular-az16-gap24-q3-reg1e-06-m7,wide-svd,90,4.174886519843926,9.983821812519029,24.59969751816074,1009.0756983044574,90.0
sweep-split-active-surface-compact-uniform-annular-az16-gap24-q3-reg3e-06-m7,wide-svd,0_60,1.8175845317372685,4.19366982167822,10.340068800933736,1200.0,30.0
sweep-split-active-surface-compact-uniform-annular-az16-gap24-q3-reg3e-06-m7,wide-svd,70_90,7.360739478046056,9.734424250527328,24.269447607489596,1009.0756983044574,90.0
sweep-split-active-surface-compact-uniform-annular-az16-gap24-q3-reg3e-06-m7,wide-svd,80_90,6.533933163470791,9.914447278960575,24.269447607489596,1009.0756983044574,90.0
sweep-split-active-surface-compact-uniform-annular-az16-gap24-q3-reg3e-06-m7,wide-svd,90,4.931440187774597,10.542413727214237,24.269447607489596,1009.0756983044574,90.0
sweep-split-active-surface-compact-uniform-annular-az24-gap24-q3-reg1e-06-m7,wide-svd,0_60,1.721188212932343,4.225425222169387,10.045134976526185,1200.0,30.0
sweep-split-active-surface-compact-uniform-annular-az24-gap24-q3-reg1e-06-m7,wide-svd,70_90,7.503964227229582,9.832642152205203,24.610702789603934,1009.0756983044574,90.0
sweep-split-active-surface-compact-uniform-annular-az24-gap24-q3-reg1e-06-m7,wide-svd,80_90,6.620306110917011,9.965327223914278,24.610702789603934,1009.0756983044574,90.0
sweep-split-active-surface-compact-uniform-annular-az24-gap24-q3-reg1e-06-m7,wide-svd,90,4.159314551857022,9.982223592725713,24.610702789603934,1009.0756983044574,90.0
sweep-split-active-surface-compact-uniform-annular-az24-gap24-q3-reg3e-06-m7,wide-svd,0_60,1.8162070663092338,4.195897303518072,10.328666834267153,1200.0,30.0
sweep-split-active-surface-compact-uniform-annular-az24-gap24-q3-reg3e-06-m7,wide-svd,70_90,7.364612615522042,9.734554769467424,24.268252123576346,1009.0756983044574,90.0
sweep-split-active-surface-compact-uniform-annular-az24-gap24-q3-reg3e-06-m7,wide-svd,80_90,6.536840405803779,9.912454497301573,24.268252123576346,1009.0756983044574,90.0
sweep-split-active-surface-compact-uniform-annular-az24-gap24-q3-reg3e-06-m7,wide-svd,90,4.916518431295699,10.527117814278725,24.268252123576346,1009.0756983044574,90.0
sweep-split-active-surface-compact-uniform-annular-az16-gap28-q3-reg1e-06-m4,wide-svd,0_60,1.7671303375807832,4.220776872383203,10.137530281951854,1200.0,30.0
sweep-split-active-surface-compact-uniform-annular-az16-gap28-q3-reg1e-06-m4,wide-svd,70_90,7.473270809185631,9.8208359497116,24.65157818368855,1009.0756983044574,90.0
sweep-split-active-surface-compact-uniform-annular-az16-gap28-q3-reg1e-06-m4,wide-svd,80_90,6.606423566666018,9.971798296589434,24.65157818368855,1009.0756983044574,90.0
sweep-split-active-surface-compact-uniform-annular-az16-gap28-q3-reg1e-06-m4,wide-svd,90,4.407624371835912,10.189035440011597,24.65157818368855,1009.0756983044574,90.0
sweep-split-active-surface-compact-uniform-annular-az16-gap28-q3-reg3e-06-m4,wide-svd,0_60,1.8046530832679026,4.096745207162545,10.209476687339148,1200.0,30.0
sweep-split-active-surface-compact-uniform-annular-az16-gap28-q3-reg3e-06-m4,wide-svd,70_90,7.180766968137968,9.695621042205405,24.417946657551525,1009.0756983044574,90.0
sweep-split-active-surface-compact-uniform-annular-az16-gap28-q3-reg3e-06-m4,wide-svd,80_90,6.377457937884734,9.944548082561809,24.417946657551525,1009.0756983044574,90.0
sweep-split-active-surface-compact-uniform-annular-az16-gap28-q3-reg3e-06-m4,wide-svd,90,5.070076986619372,10.839771728567545,24.417946657551525,1009.0756983044574,90.0
sweep-split-active-surface-compact-uniform-annular-az24-gap28-q3-reg1e-06-m4,wide-svd,0_60,1.7652970422414276,4.219980490972638,10.110267505969048,1200.0,30.0
sweep-split-active-surface-compact-uniform-annular-az24-gap28-q3-reg1e-06-m4,wide-svd,70_90,7.47476595025338,9.823277749614109,24.666411289750073,1009.0756983044574,90.0
sweep-split-active-surface-compact-uniform-annular-az24-gap28-q3-reg1e-06-m4,wide-svd,80_90,6.60751292976325,9.974426807290921,24.666411289750073,1009.0756983044574,90.0
sweep-split-active-surface-compact-uniform-annular-az24-gap28-q3-reg1e-06-m4,wide-svd,90,4.391333042129521,10.181992572317396,24.666411289750073,1009.0756983044574,90.0
sweep-split-active-surface-compact-uniform-annular-az24-gap28-q3-reg3e-06-m4,wide-svd,0_60,1.8041358135823415,4.101515235068031,10.20666009631077,1200.0,30.0
sweep-split-active-surface-compact-uniform-annular-az24-gap28-q3-reg3e-06-m4,wide-svd,70_90,7.188922517134745,9.696961306353852,24.40660858100601,1009.0756983044574,90.0
sweep-split-active-surface-compact-uniform-annular-az24-gap28-q3-reg3e-06-m4,wide-svd,80_90,6.3841797855207,9.942397820112527,24.40660858100601,1009.0756983044574,90.0
sweep-split-active-surface-compact-uniform-annular-az24-gap28-q3-reg3e-06-m4,wide-svd,90,5.054381562250525,10.820577320220229,24.40660858100601,1009.0756983044574,90.0
sweep-split-active-surface-compact-uniform-annular-az16-gap28-q3-reg1e-06-m5,wide-svd,0_60,1.7440820890689206,4.219473817846373,10.075126068454793,1200.0,30.0
sweep-split-active-surface-compact-uniform-annular-az16-gap28-q3-reg1e-06-m5,wide-svd,70_90,7.493826266840732,9.849792637453602,24.754668314745047,1009.0756983044574,90.0
sweep-split-active-surface-compact-uniform-annular-az16-gap28-q3-reg1e-06-m5,wide-svd,80_90,6.618431807737367,10.001566984577277,24.754668314745047,1009.0756983044574,90.0
sweep-split-active-surface-compact-uniform-annular-az16-gap28-q3-reg1e-06-m5,wide-svd,90,4.259544819017523,10.12033190644124,24.754668314745047,1009.0756983044574,90.0
sweep-split-active-surface-compact-uniform-annular-az16-gap28-q3-reg3e-06-m5,wide-svd,0_60,1.8080469509480472,4.1391964638255985,10.224800578780417,1200.0,30.0
sweep-split-active-surface-compact-uniform-annular-az16-gap28-q3-reg3e-06-m5,wide-svd,70_90,7.267042758165279,9.722591133174566,24.38680491506426,1009.0756983044574,90.0
sweep-split-active-surface-compact-uniform-annular-az16-gap28-q3-reg3e-06-m5,wide-svd,80_90,6.448488915619817,9.939748562117146,24.38680491506426,1009.0756983044574,90.0
sweep-split-active-surface-compact-uniform-annular-az16-gap28-q3-reg3e-06-m5,wide-svd,90,4.948884103031606,10.68116868533699,24.38680491506426,1009.0756983044574,90.0
sweep-split-active-surface-compact-uniform-annular-az24-gap28-q3-reg1e-06-m5,wide-svd,0_60,1.74209961152411,4.217428784359357,10.041910623813436,1200.0,30.0
sweep-split-active-surface-compact-uniform-annular-az24-gap28-q3-reg1e-06-m5,wide-svd,70_90,7.493866344201756,9.85259770867148,24.769576980377423,1009.0756983044574,90.0
sweep-split-active-surface-compact-uniform-annular-az24-gap28-q3-reg1e-06-m5,wide-svd,80_90,6.618304830635754,10.005417483190163,24.769576980377423,1009.0756983044574,90.0
sweep-split-active-surface-compact-uniform-annular-az24-gap28-q3-reg1e-06-m5,wide-svd,90,4.243127603045913,10.116864429553454,24.769576980377423,1009.0756983044574,90.0
sweep-split-active-surface-compact-uniform-annular-az24-gap28-q3-reg3e-06-m5,wide-svd,0_60,1.8072167839342275,4.1429546941644935,10.217592938441612,1200.0,30.0
sweep-split-active-surface-compact-uniform-annular-az24-gap28-q3-reg3e-06-m5,wide-svd,70_90,7.273974273571883,9.72410213450273,24.38486056421084,1009.0756983044574,90.0
sweep-split-active-surface-compact-uniform-annular-az24-gap28-q3-reg3e-06-m5,wide-svd,80_90,6.454161921553254,9.938424711058083,24.38486056421084,1009.0756983044574,90.0
sweep-split-active-surface-compact-uniform-annular-az24-gap28-q3-reg3e-06-m5,wide-svd,90,4.932974188781247,10.66377007525416,24.38486056421084,1009.0756983044574,90.0
sweep-split-active-surface-compact-uniform-annular-az16-gap28-q3-reg1e-06-m6,wide-svd,0_60,1.7220725761308857,4.211916790438007,10.011147145395356,1200.0,30.0
sweep-split-active-surface-compact-uniform-annular-az16-gap28-q3-reg1e-06-m6,wide-svd,70_90,7.501938865421562,9.876811771970312,24.83657955282336,1009.0756983044574,90.0
sweep-split-active-surface-compact-uniform-annular-az16-gap28-q3-reg1e-06-m6,wide-svd,80_90,6.620820386661441,10.035322306923756,24.83657955282336,1009.0756983044574,90.0
sweep-split-active-surface-compact-uniform-annular-az16-gap28-q3-reg1e-06-m6,wide-svd,90,4.137088396790848,10.089155291849938,24.83657955282336,1009.0756983044574,90.0
sweep-split-active-surface-compact-uniform-annular-az16-gap28-q3-reg3e-06-m6,wide-svd,0_60,1.8065524287255397,4.1675156124244435,10.226314341152246,1200.0,30.0
sweep-split-active-surface-compact-uniform-annular-az16-gap28-q3-reg3e-06-m6,wide-svd,70_90,7.327268602901799,9.743236648335039,24.401694217790464,1009.0756983044574,90.0
sweep-split-active-surface-compact-uniform-annular-az16-gap28-q3-reg3e-06-m6,wide-svd,80_90,6.496976586704061,9.938462053003242,24.401694217790464,1009.0756983044574,90.0
sweep-split-active-surface-compact-uniform-annular-az16-gap28-q3-reg3e-06-m6,wide-svd,90,4.8436535141009704,10.558195933770854,24.401694217790464,1009.0756983044574,90.0
sweep-split-active-surface-compact-uniform-annular-az24-gap28-q3-reg1e-06-m6,wide-svd,0_60,1.720015443936713,4.208845587545694,9.972868551610205,1200.0,30.0
sweep-split-active-surface-compact-uniform-annular-az24-gap28-q3-reg1e-06-m6,wide-svd,70_90,7.500799030615895,9.87999406714402,24.85093715332342,1009.0756983044574,90.0
sweep-split-active-surface-compact-uniform-annular-az24-gap28-q3-reg1e-06-m6,wide-svd,80_90,6.619710846852963,10.040276628522538,24.85093715332342,1009.0756983044574,90.0
sweep-split-active-surface-compact-uniform-annular-az24-gap28-q3-reg1e-06-m6,wide-svd,90,4.120533934547365,10.088939716284571,24.85093715332342,1009.0756983044574,90.0
sweep-split-active-surface-compact-uniform-annular-az24-gap28-q3-reg3e-06-m6,wide-svd,0_60,1.805477433116067,4.170393454837532,10.215335667511212,1200.0,30.0
sweep-split-active-surface-compact-uniform-annular-az24-gap28-q3-reg3e-06-m6,wide-svd,70_90,7.333139548141003,9.744912289006821,24.406007676597127,1009.0756983044574,90.0
sweep-split-active-surface-compact-uniform-annular-az24-gap28-q3-reg3e-06-m6,wide-svd,80_90,6.501748635496046,9.937881192272023,24.406007676597127,1009.0756983044574,90.0
sweep-split-active-surface-compact-uniform-annular-az24-gap28-q3-reg3e-06-m6,wide-svd,90,4.827631868198747,10.542527157817998,24.406007676597127,1009.0756983044574,90.0
sweep-split-active-surface-compact-uniform-annular-az16-gap28-q3-reg1e-06-m7,wide-svd,0_60,1.70149593470738,4.201109490205069,9.94775152239977,1200.0,30.0
sweep-split-active-surface-compact-uniform-annular-az16-gap28-q3-reg1e-06-m7,wide-svd,70_90,7.503103663612145,9.902792951446642,24.90227627971891,1009.0756983044574,90.0
sweep-split-active-surface-compact-uniform-annular-az16-gap28-q3-reg1e-06-m7,wide-svd,80_90,6.618033657352537,10.071439050670882,24.90227627971891,1009.0756983044574,90.0
sweep-split-active-surface-compact-uniform-annular-az16-gap28-q3-reg1e-06-m7,wide-svd,90,4.0328842367283055,10.082740230802246,24.90227627971891,1009.0756983044574,90.0
sweep-split-active-surface-compact-uniform-annular-az16-gap28-q3-reg3e-06-m7,wide-svd,0_60,1.8023218678741355,4.186868950556901,10.21972242930542,1200.0,30.0
sweep-split-active-surface-compact-uniform-annular-az16-gap28-q3-reg3e-06-m7,wide-svd,70_90,7.370987022752173,9.76015378621804,24.43679956923004,1009.0756983044574,90.0
sweep-split-active-surface-compact-uniform-annular-az16-gap28-q3-reg3e-06-m7,wide-svd,80_90,6.5313806344193575,9.939936538851152,24.43679956923004,1009.0756983044574,90.0
sweep-split-active-surface-compact-uniform-annular-az16-gap28-q3-reg3e-06-m7,wide-svd,90,4.751010130347576,10.460686897369673,24.43679956923004,1009.0756983044574,90.0
sweep-split-active-surface-compact-uniform-annular-az24-gap28-q3-reg1e-06-m7,wide-svd,0_60,1.699412088588308,4.197173476754835,9.905113512883005,1200.0,30.0
sweep-split-active-surface-compact-uniform-annular-az24-gap28-q3-reg1e-06-m7,wide-svd,70_90,7.500980705087559,9.90636047593132,24.915912001003903,1009.0756983044574,90.0
sweep-split-active-surface-compact-uniform-annular-az24-gap28-q3-reg1e-06-m7,wide-svd,80_90,6.616108787774777,10.07740784910171,24.915912001003903,1009.0756983044574,90.0
sweep-split-active-surface-compact-uniform-annular-az24-gap28-q3-reg1e-06-m7,wide-svd,90,4.016186702198265,10.085499544207211,24.915912001003903,1009.0756983044574,90.0
sweep-split-active-surface-compact-uniform-annular-az24-gap28-q3-reg3e-06-m7,wide-svd,0_60,1.8010504285121063,4.188969356575698,10.205405717824831,1200.0,30.0
sweep-split-active-surface-compact-uniform-annular-az24-gap28-q3-reg3e-06-m7,wide-svd,70_90,7.37592405508036,9.761977643783872,24.445211986102358,1009.0756983044574,90.0
sweep-split-active-surface-compact-uniform-annular-az24-gap28-q3-reg3e-06-m7,wide-svd,80_90,6.535363039660527,9.940016623797861,24.445211986102358,1009.0756983044574,90.0
sweep-split-active-surface-compact-uniform-annular-az24-gap28-q3-reg3e-06-m7,wide-svd,90,4.7349211281600825,10.446650651656274,24.445211986102358,1009.0756983044574,90.0
sweep-split-active-surface-compact-uniform-annular-az16-gap32-q3-reg1e-06-m4,wide-svd,0_60,1.7506854301940005,4.199655104994487,10.00111655049443,1200.0,30.0
sweep-split-active-surface-compact-uniform-annular-az16-gap32-q3-reg1e-06-m4,wide-svd,70_90,7.474129112431122,9.876161271979168,24.937204893161073,1009.0756983044574,90.0
sweep-split-active-surface-compact-uniform-annular-az16-gap32-q3-reg1e-06-m4,wide-svd,80_90,6.601828358578479,10.051220815863543,24.937204893161073,1009.0756983044574,90.0
sweep-split-active-surface-compact-uniform-annular-az16-gap32-q3-reg1e-06-m4,wide-svd,90,4.256506569535005,10.224703941498333,24.937204893161073,1009.0756983044574,90.0
sweep-split-active-surface-compact-uniform-annular-az16-gap32-q3-reg3e-06-m4,wide-svd,0_60,1.7946018066163303,4.096214048184372,10.097704551006444,1200.0,30.0
sweep-split-active-surface-compact-uniform-annular-az16-gap32-q3-reg3e-06-m4,wide-svd,70_90,7.197476185533141,9.711288781444336,24.483906600579843,1009.0756983044574,90.0
sweep-split-active-surface-compact-uniform-annular-az16-gap32-q3-reg3e-06-m4,wide-svd,80_90,6.378854601945329,9.950386283775522,24.483906600579843,1009.0756983044574,90.0
sweep-split-active-surface-compact-uniform-annular-az16-gap32-q3-reg3e-06-m4,wide-svd,90,4.890008867962867,10.72714023741124,24.483906600579843,1009.0756983044574,90.0
sweep-split-active-surface-compact-uniform-annular-az24-gap32-q3-reg1e-06-m4,wide-svd,0_60,1.7490393702207994,4.19856040502284,9.97281785800051,1200.0,30.0
sweep-split-active-surface-compact-uniform-annular-az24-gap32-q3-reg1e-06-m4,wide-svd,70_90,7.475950876656915,9.880263484767113,24.95525830161079,1009.0756983044574,90.0
sweep-split-active-surface-compact-uniform-annular-az24-gap32-q3-reg1e-06-m4,wide-svd,80_90,6.603391432615835,10.056278638962064,24.95525830161079,1009.0756983044574,90.0
sweep-split-active-surface-compact-uniform-annular-az24-gap32-q3-reg1e-06-m4,wide-svd,90,4.240450547226738,10.221900493857042,24.95525830161079,1009.0756983044574,90.0
sweep-split-active-surface-compact-uniform-annular-az24-gap32-q3-reg3e-06-m4,wide-svd,0_60,1.7945441221056577,4.10089721237229,10.091799554123327,1200.0,30.0
sweep-split-active-surface-compact-uniform-annular-az24-gap32-q3-reg3e-06-m4,wide-svd,70_90,7.2066244618888105,9.714490355478485,24.484866365568664,1009.0756983044574,90.0
sweep-split-active-surface-compact-uniform-annular-az24-gap32-q3-reg3e-06-m4,wide-svd,80_90,6.386629390201961,9.950598870707324,24.484866365568664,1009.0756983044574,90.0
sweep-split-active-surface-compact-uniform-annular-az24-gap32-q3-reg3e-06-m4,wide-svd,90,4.874654446378031,10.710791979909265,24.484866365568664,1009.0756983044574,90.0
sweep-split-active-surface-compact-uniform-annular-az16-gap32-q3-reg1e-06-m5,wide-svd,0_60,1.7266859041865414,4.1948904795800095,9.939689084194285,1200.0,30.0
sweep-split-active-surface-compact-uniform-annular-az16-gap32-q3-reg1e-06-m5,wide-svd,70_90,7.492740863766534,9.914921644007983,25.050878333413152,1009.0756983044574,90.0
sweep-split-active-surface-compact-uniform-annular-az16-gap32-q3-reg1e-06-m5,wide-svd,80_90,6.614036815067815,10.09815250145107,25.050878333413152,1009.0756983044574,90.0
sweep-split-active-surface-compact-uniform-annular-az16-gap32-q3-reg1e-06-m5,wide-svd,90,4.116525108573528,10.194381153783873,25.050878333413152,1009.0756983044574,90.0
sweep-split-active-surface-compact-uniform-annular-az16-gap32-q3-reg3e-06-m5,wide-svd,0_60,1.7964575964263594,4.134142927048592,10.103816759239123,1200.0,30.0
sweep-split-active-surface-compact-uniform-annular-az16-gap32-q3-reg3e-06-m5,wide-svd,70_90,7.27970325292454,9.745212961182878,24.524235941296922,1009.0756983044574,90.0
sweep-split-active-surface-compact-uniform-annular-az16-gap32-q3-reg3e-06-m5,wide-svd,80_90,6.447644897595409,9.958964221539023,24.524235941296922,1009.0756983044574,90.0
sweep-split-active-surface-compact-uniform-annular-az16-gap32-q3-reg3e-06-m5,wide-svd,90,4.772756835494199,10.592896328653536,24.524235941296922,1009.0756983044574,90.0
sweep-split-active-surface-compact-uniform-annular-az24-gap32-q3-reg1e-06-m5,wide-svd,0_60,1.724841446832053,4.192524923853517,9.905762422501752,1200.0,30.0
sweep-split-active-surface-compact-uniform-annular-az24-gap32-q3-reg1e-06-m5,wide-svd,70_90,7.492999715097286,9.919394559074112,25.067919156508466,1009.0756983044574,90.0
sweep-split-active-surface-compact-uniform-annular-az24-gap32-q3-reg1e-06-m5,wide-svd,80_90,6.614291284591944,10.10448938281889,25.067919156508466,1009.0756983044574,90.0
sweep-split-active-surface-compact-uniform-annular-az24-gap32-q3-reg1e-06-m5,wide-svd,90,4.10032332126657,10.195481033832147,25.067919156508466,1009.0756983044574,90.0
sweep-split-active-surface-compact-uniform-annular-az24-gap32-q3-reg3e-06-m5,wide-svd,0_60,1.7960358657910112,4.137757144860154,10.093981735443606,1200.0,30.0
sweep-split-active-surface-compact-uniform-annular-az24-gap32-q3-reg3e-06-m5,wide-svd,70_90,7.287484254120904,9.748542998555127,24.532945041182025,1009.0756983044574,90.0
sweep-split-active-surface-compact-uniform-annular-az24-gap32-q3-reg3e-06-m5,wide-svd,80_90,6.454246468964708,9.960025914600301,24.532945041182025,1009.0756983044574,90.0
sweep-split-active-surface-compact-uniform-annular-az24-gap32-q3-reg3e-06-m5,wide-svd,90,4.757175927108458,10.57864414046047,24.532945041182025,1009.0756983044574,90.0
sweep-split-active-surface-compact-uniform-annular-az16-gap32-q3-reg1e-06-m6,wide-svd,0_60,1.7039824807311243,4.184747262441225,9.87784781408962,1200.0,30.0
sweep-split-active-surface-compact-uniform-annular-az16-gap32-q3-reg1e-06-m6,wide-svd,70_90,7.499567958148502,9.950431431051133,25.13686148581194,1009.0756983044574,90.0
sweep-split-active-surface-compact-uniform-annular-az16-gap32-q3-reg1e-06-m6,wide-svd,80_90,6.616868551689277,10.146431551796601,25.13686148581194,1009.0756983044574,90.0
sweep-split-active-surface-compact-uniform-annular-az16-gap32-q3-reg1e-06-m6,wide-svd,90,4.000947944613941,10.196238187948708,25.13686148581194,1009.0756983044574,90.0
sweep-split-active-surface-compact-uniform-annular-az16-gap32-q3-reg3e-06-m6,wide-svd,0_60,1.7938015182728704,4.158861450246039,10.099438018944412,1200.0,30.0
sweep-split-active-surface-compact-uniform-annular-az16-gap32-q3-reg3e-06-m6,wide-svd,70_90,7.33692713076444,9.771986011931237,24.587649830126324,1009.0756983044574,90.0
sweep-split-active-surface-compact-uniform-annular-az16-gap32-q3-reg3e-06-m6,wide-svd,80_90,6.4947022244231745,9.969278162689779,24.587649830126324,1009.0756983044574,90.0
sweep-split-active-surface-compact-uniform-annular-az16-gap32-q3-reg3e-06-m6,wide-svd,90,4.671572538842583,10.492106054195258,24.587649830126324,1009.0756983044574,90.0
sweep-split-active-surface-compact-uniform-annular-az24-gap32-q3-reg1e-06-m6,wide-svd,0_60,1.7020278675311664,4.18134196421719,9.839094335919683,1200.0,30.0
sweep-split-active-surface-compact-uniform-annular-az24-gap32-q3-reg1e-06-m6,wide-svd,70_90,7.498567624443546,9.955298556330268,25.152711174517222,1009.0756983044574,90.0
sweep-split-active-surface-compact-uniform-annular-az24-gap32-q3-reg1e-06-m6,wide-svd,80_90,6.616073452780384,10.153925455869937,25.152711174517222,1009.0756983044574,90.0
sweep-split-active-surface-compact-uniform-annular-az24-gap32-q3-reg1e-06-m6,wide-svd,90,3.9845964719709612,10.200845104751437,25.152711174517222,1009.0756983044574,90.0
sweep-split-active-surface-compact-uniform-annular-az24-gap32-q3-reg3e-06-m6,wide-svd,0_60,1.7930894120314342,4.161554049703786,10.08619818141517,1200.0,30.0
sweep-split-active-surface-compact-uniform-annular-az24-gap32-q3-reg3e-06-m6,wide-svd,70_90,7.343530134481221,9.775435525182896,24.60090409681748,1009.0756983044574,90.0
sweep-split-active-surface-compact-uniform-annular-az24-gap32-q3-reg3e-06-m6,wide-svd,80_90,6.500300424748384,9.971083302173751,24.60090409681748,1009.0756983044574,90.0
sweep-split-active-surface-compact-uniform-annular-az24-gap32-q3-reg3e-06-m6,wide-svd,90,4.655863445370968,10.479800519762303,24.60090409681748,1009.0756983044574,90.0
sweep-split-active-surface-compact-uniform-annular-az16-gap32-q3-reg1e-06-m7,wide-svd,0_60,1.6828747206645032,4.1719336472077835,9.817146261770333,1200.0,30.0
sweep-split-active-surface-compact-uniform-annular-az16-gap32-q3-reg1e-06-m7,wide-svd,70_90,7.499841566641197,9.98388682132714,25.203719121694633,1009.0756983044574,90.0
sweep-split-active-surface-compact-uniform-annular-az16-gap32-q3-reg1e-06-m7,wide-svd,80_90,6.614620686096431,10.195084728169961,25.203719121694633,1009.0756983044574,90.0
sweep-split-active-surface-compact-uniform-annular-az16-gap32-q3-reg1e-06-m7,wide-svd,90,3.902658591911791,10.218582444022056,25.203719121694633,1009.0756983044574,90.0
sweep-split-active-surface-compact-uniform-annular-az16-gap32-q3-reg3e-06-m7,wide-svd,0_60,1.7886518797789321,4.175256372781134,10.08899441283117,1200.0,30.0
sweep-split-active-surface-compact-uniform-annular-az16-gap32-q3-reg3e-06-m7,wide-svd,70_90,7.378326583806946,9.794359259404143,24.656049912348166,1009.0756983044574,90.0
sweep-split-active-surface-compact-uniform-annular-az16-gap32-q3-reg3e-06-m7,wide-svd,80_90,6.528171847088772,9.980960776047784,24.656049912348166,1009.0756983044574,90.0
sweep-split-active-surface-compact-uniform-annular-az16-gap32-q3-reg3e-06-m7,wide-svd,90,4.582884637004697,10.414867240383932,24.656049912348166,1009.0756983044574,90.0
sweep-split-active-surface-compact-uniform-annular-az24-gap32-q3-reg1e-06-m7,wide-svd,0_60,1.6808670826046987,4.167654859141928,9.774211208853487,1200.0,30.0
sweep-split-active-surface-compact-uniform-annular-az24-gap32-q3-reg1e-06-m7,wide-svd,70_90,7.497796733368797,9.989155089975677,25.21844468101316,1009.0756983044574,90.0
sweep-split-active-surface-compact-uniform-annular-az24-gap32-q3-reg1e-06-m7,wide-svd,80_90,6.612958989917531,10.203633533266641,25.21844468101316,1009.0756983044574,90.0
sweep-split-active-surface-compact-uniform-annular-az24-gap32-q3-reg1e-06-m7,wide-svd,90,3.8861563718466665,10.226348641413852,25.21844468101316,1009.0756983044574,90.0
sweep-split-active-surface-compact-uniform-annular-az24-gap32-q3-reg3e-06-m7,wide-svd,0_60,1.7877034449959928,4.17714044021661,10.07271422977756,1200.0,30.0
sweep-split-active-surface-compact-uniform-annular-az24-gap32-q3-reg3e-06-m7,wide-svd,70_90,7.383898290980315,9.79791833433543,24.67190474993987,1009.0756983044574,90.0
sweep-split-active-surface-compact-uniform-annular-az24-gap32-q3-reg3e-06-m7,wide-svd,80_90,6.532895393270598,9.983423724545421,24.67190474993987,1009.0756983044574,90.0
sweep-split-active-surface-compact-uniform-annular-az24-gap32-q3-reg3e-06-m7,wide-svd,90,4.567091481101385,10.404371607809264,24.67190474993987,1009.0756983044574,90.0
sweep-split-active-surface-compact-uniform-annular-az16-gap36-q3-reg1e-06-m4,wide-svd,0_60,1.7366450030634715,4.176086155204199,9.86547672160684,1200.0,30.0
sweep-split-active-surface-compact-uniform-annular-az16-gap36-q3-reg1e-06-m4,wide-svd,70_90,7.473962579282905,9.939847766691468,25.23012315374264,1009.0756983044574,90.0
sweep-split-active-surface-compact-uniform-annular-az16-gap36-q3-reg1e-06-m4,wide-svd,80_90,6.59762032672617,10.144428412515742,25.23012315374264,1009.0756983044574,90.0
sweep-split-active-surface-compact-uniform-annular-az16-gap36-q3-reg1e-06-m4,wide-svd,90,4.11575953010677,10.294664786827635,25.23012315374264,1009.0756983044574,90.0
sweep-split-active-surface-compact-uniform-annular-az16-gap36-q3-reg3e-06-m4,wide-svd,0_60,1.7857574107044818,4.0908948820170945,9.972229333442527,1200.0,30.0
sweep-split-active-surface-compact-uniform-annular-az16-gap36-q3-reg3e-06-m4,wide-svd,70_90,7.211298112269362,9.734205838598974,24.620255613202445,1009.0756983044574,90.0
sweep-split-active-surface-compact-uniform-annular-az16-gap36-q3-reg3e-06-m4,wide-svd,80_90,6.379542455350646,9.969790493983265,24.620255613202445,1009.0756983044574,90.0
sweep-split-active-surface-compact-uniform-annular-az16-gap36-q3-reg3e-06-m4,wide-svd,90,4.720589302679818,10.64376592509826,24.620255613202445,1009.0756983044574,90.0
sweep-split-active-surface-compact-uniform-annular-az24-gap36-q3-reg1e-06-m4,wide-svd,0_60,1.7352500774033452,4.174785464964627,9.837121993890648,1200.0,30.0
sweep-split-active-surface-compact-uniform-annular-az24-gap36-q3-reg1e-06-m4,wide-svd,70_90,7.475994898134911,9.945541027070385,25.249942323070933,1009.0756983044574,90.0
sweep-split-active-surface-compact-uniform-annular-az24-gap36-q3-reg1e-06-m4,wide-svd,80_90,6.5995270696153145,10.151835622169378,25.249942323070933,1009.0756983044574,90.0
sweep-split-active-surface-compact-uniform-annular-az24-gap36-q3-reg1e-06-m4,wide-svd,90,4.100276920215869,10.296483469132852,25.249942323070933,1009.0756983044574,90.0
sweep-split-active-surface-compact-uniform-annular-az24-gap36-q3-reg3e-06-m4,wide-svd,0_60,1.7861256486516321,4.095380434281735,9.964031322681848,1200.0,30.0
sweep-split-active-surface-compact-uniform-annular-az24-gap36-q3-reg3e-06-m4,wide-svd,70_90,7.221021185165555,9.739167064032346,24.631699232724877,1009.0756983044574,90.0
sweep-split-active-surface-compact-uniform-annular-az24-gap36-q3-reg3e-06-m4,wide-svd,80_90,6.387972801968378,9.972409712482618,24.631699232724877,1009.0756983044574,90.0
sweep-split-active-surface-compact-uniform-annular-az24-gap36-q3-reg3e-06-m4,wide-svd,90,4.705825883154046,10.631126591482166,24.631699232724877,1009.0756983044574,90.0
sweep-split-active-surface-compact-uniform-annular-az16-gap36-q3-reg1e-06-m5,wide-svd,0_60,1.7118309669137453,4.1684029407297,9.807928816980208,1200.0,30.0
sweep-split-active-surface-compact-uniform-annular-az16-gap36-q3-reg1e-06-m5,wide-svd,70_90,7.490963283262438,9.988483159866238,25.34791486009759,1009.0756983044574,90.0
sweep-split-active-surface-compact-uniform-annular-az16-gap36-q3-reg1e-06-m5,wide-svd,80_90,6.6101396742992575,10.208200307166386,25.34791486009759,1009.0756983044574,90.0
sweep-split-active-surface-compact-uniform-annular-az16-gap36-q3-reg1e-06-m5,wide-svd,90,3.9834030914462066,10.302286868075056,25.34791486009759,1009.0756983044574,90.0
sweep-split-active-surface-compact-uniform-annular-az16-gap36-q3-reg3e-06-m5,wide-svd,0_60,1.7863837597725507,4.124710740267513,9.972144010592345,1200.0,30.0
sweep-split-active-surface-compact-uniform-annular-az16-gap36-q3-reg3e-06-m5,wide-svd,70_90,7.2898738975238695,9.775494281241892,24.717924436331494,1009.0756983044574,90.0
sweep-split-active-surface-compact-uniform-annular-az16-gap36-q3-reg3e-06-m5,wide-svd,80_90,6.446380959315093,9.992150759367751,24.717924436331494,1009.0756983044574,90.0
sweep-split-active-surface-compact-uniform-annular-az16-gap36-q3-reg3e-06-m5,wide-svd,90,4.607534604514302,10.535863784097181,24.717924436331494,1009.0756983044574,90.0
sweep-split-active-surface-compact-uniform-annular-az24-gap36-q3-reg1e-06-m5,wide-svd,0_60,1.7102017045266449,4.165844962375739,9.774327241547354,1200.0,30.0
sweep-split-active-surface-compact-uniform-annular-az24-gap36-q3-reg1e-06-m5,wide-svd,70_90,7.491373640175093,9.994543803745895,25.365993967372084,1009.0756983044574,90.0
sweep-split-active-surface-compact-uniform-annular-az24-gap36-q3-reg1e-06-m5,wide-svd,80_90,6.610684876746121,10.216896553537632,25.365993967372084,1009.0756983044574,90.0
sweep-split-active-surface-compact-uniform-annular-az24-gap36-q3-reg1e-06-m5,wide-svd,90,3.9677551456700733,10.308165771907133,25.365993967372084,1009.0756983044574,90.0
sweep-split-active-surface-compact-uniform-annular-az24-gap36-q3-reg3e-06-m5,wide-svd,0_60,1.7863588646745927,4.128114609969336,9.960499676118403,1200.0,30.0
sweep-split-active-surface-compact-uniform-annular-az24-gap36-q3-reg3e-06-m5,wide-svd,70_90,7.2981518392203855,9.780543396146891,24.73493369490665,1009.0756983044574,90.0
sweep-split-active-surface-compact-uniform-annular-az24-gap36-q3-reg3e-06-m5,wide-svd,80_90,6.4535736485350785,9.995608961317222,24.73493369490665,1009.0756983044574,90.0
sweep-split-active-surface-compact-uniform-annular-az24-gap36-q3-reg3e-06-m5,wide-svd,90,4.592557673597746,10.525529608637424,24.73493369490665,1009.0756983044574,90.0
sweep-split-active-surface-compact-uniform-annular-az16-gap36-q3-reg1e-06-m6,wide-svd,0_60,1.6885149226762375,4.1561237204106485,9.750611813709355,1200.0,30.0
sweep-split-active-surface-compact-uniform-annular-az16-gap36-q3-reg1e-06-m6,wide-svd,70_90,7.496759274721839,10.032461595280397,25.4342476682638,1009.0756983044574,90.0
sweep-split-active-surface-compact-uniform-annular-az16-gap36-q3-reg1e-06-m6,wide-svd,80_90,6.61347443303927,10.270591208447119,25.4342476682638,1009.0756983044574,90.0
sweep-split-active-surface-compact-uniform-annular-az16-gap36-q3-reg1e-06-m6,wide-svd,90,3.8742405944647698,10.336247797316567,25.4342476682638,1009.0756983044574,90.0
sweep-split-active-surface-compact-uniform-annular-az16-gap36-q3-reg3e-06-m6,wide-svd,0_60,1.7827942602558269,4.146193420341421,9.964304080039526,1200.0,30.0
sweep-split-active-surface-compact-uniform-annular-az16-gap36-q3-reg3e-06-m6,wide-svd,70_90,7.344415158897952,9.808615667987857,24.817404504950872,1009.0756983044574,90.0
sweep-split-active-surface-compact-uniform-annular-az16-gap36-q3-reg3e-06-m6,wide-svd,80_90,6.4922205637701795,10.014197024055566,24.817404504950872,1009.0756983044574,90.0
sweep-split-active-surface-compact-uniform-annular-az16-gap36-q3-reg3e-06-m6,wide-svd,90,4.51048127802137,10.458453283348728,24.817404504950872,1009.0756983044574,90.0
sweep-split-active-surface-compact-uniform-annular-az24-gap36-q3-reg1e-06-m6,wide-svd,0_60,1.686748335904641,4.1525397325079485,9.712460908061786,1200.0,30.0
sweep-split-active-surface-compact-uniform-annular-az24-gap36-q3-reg1e-06-m6,wide-svd,70_90,7.495866123426073,10.038912658496711,25.45074089721639,1009.0756983044574,90.0
sweep-split-active-surface-compact-uniform-annular-az24-gap36-q3-reg1e-06-m6,wide-svd,80_90,6.612929824737868,10.280443668878585,25.45074089721639,1009.0756983044574,90.0
sweep-split-active-surface-compact-uniform-annular-az24-gap36-q3-reg1e-06-m6,wide-svd,90,3.858425038810918,10.345713204306307,25.45074089721639,1009.0756983044574,90.0
sweep-split-active-surface-compact-uniform-annular-az24-gap36-q3-reg3e-06-m6,wide-svd,0_60,1.7824511059836816,4.14866957077673,9.949643056184925,1200.0,30.0
sweep-split-active-surface-compact-uniform-annular-az24-gap36-q3-reg3e-06-m6,wide-svd,70_90,7.351450574749164,9.813744981205069,24.83715322706511,1009.0756983044574,90.0
sweep-split-active-surface-compact-uniform-annular-az24-gap36-q3-reg3e-06-m6,wide-svd,80_90,6.498355381950907,10.0183787442906,24.83715322706511,1009.0756983044574,90.0
sweep-split-active-surface-compact-uniform-annular-az24-gap36-q3-reg3e-06-m6,wide-svd,90,4.495378666011503,10.450212307951873,24.83715322706511,1009.0756983044574,90.0
sweep-split-active-surface-compact-uniform-annular-az16-gap36-q3-reg1e-06-m7,wide-svd,0_60,1.6669224785121368,4.141686483507533,9.694628131836268,1200.0,30.0
sweep-split-active-surface-compact-uniform-annular-az16-gap36-q3-reg1e-06-m7,wide-svd,70_90,7.496343807465458,10.073286362952754,25.499988061099067,1009.0756983044574,90.0
sweep-split-active-surface-compact-uniform-annular-az16-gap36-q3-reg1e-06-m7,wide-svd,80_90,6.611795325321604,10.331289229193839,25.499988061099067,1009.0756983044574,90.0
sweep-split-active-surface-compact-uniform-annular-az16-gap36-q3-reg1e-06-m7,wide-svd,90,3.7814277561566296,10.386076075859128,25.499988061099067,1009.0756983044574,90.0
sweep-split-active-surface-compact-uniform-annular-az16-gap36-q3-reg3e-06-m7,wide-svd,0_60,1.7769013367931958,4.159956564734893,9.952039691401481,1200.0,30.0
sweep-split-active-surface-compact-uniform-annular-az16-gap36-q3-reg3e-06-m7,wide-svd,70_90,7.383761219608989,9.836582772853578,24.908994945763823,1009.0756983044574,90.0
sweep-split-active-surface-compact-uniform-annular-az16-gap36-q3-reg3e-06-m7,wide-svd,80_90,6.52491837918464,10.036103197428888,24.908994945763823,1009.0756983044574,90.0
sweep-split-active-surface-compact-uniform-annular-az16-gap36-q3-reg3e-06-m7,wide-svd,90,4.425735699737985,10.402247378090047,24.908994945763823,1009.0756983044574,90.0
sweep-split-active-surface-compact-uniform-annular-az24-gap36-q3-reg1e-06-m7,wide-svd,0_60,1.6650817657538943,4.137241802546557,9.652499606405726,1200.0,30.0
sweep-split-active-surface-compact-uniform-annular-az24-gap36-q3-reg1e-06-m7,wide-svd,70_90,7.494370639745228,10.08012858732,25.515125704078685,1009.0756983044574,90.0
sweep-split-active-surface-compact-uniform-annular-az24-gap36-q3-reg1e-06-m7,wide-svd,80_90,6.610351611972957,10.342181068484805,25.515125704078685,1009.0756983044574,90.0
sweep-split-active-surface-compact-uniform-annular-az24-gap36-q3-reg1e-06-m7,wide-svd,90,3.7654452739927566,10.398714789026418,25.515125704078685,1009.0756983044574,90.0
sweep-split-active-surface-compact-uniform-annular-az24-gap36-q3-reg3e-06-m7,wide-svd,0_60,1.776296395374154,4.161621966582596,9.934659045891124,1200.0,30.0
sweep-split-active-surface-compact-uniform-annular-az24-gap36-q3-reg3e-06-m7,wide-svd,70_90,7.389711768163122,9.84179037190542,24.929949667985923,1009.0756983044574,90.0
sweep-split-active-surface-compact-uniform-annular-az24-gap36-q3-reg3e-06-m7,wide-svd,80_90,6.530132717059594,10.040925983805407,24.929949667985923,1009.0756983044574,90.0
sweep-split-active-surface-compact-uniform-annular-az24-gap36-q3-reg3e-06-m7,wide-svd,90,4.410546650159483,10.39593565841911,24.929949667985923,1009.0756983044574,90.0
sweep-split-active-surface-full-uniform-annular-az16-gap24-q3-reg1e-06-m5,wide-svd,0_60,1.773791980253876,4.2161310209745775,10.328483495614663,1200.0,30.0
sweep-split-active-surface-full-uniform-annular-az16-gap24-q3-reg1e-06-m5,wide-svd,70_90,7.446672175673203,9.740784724891725,24.37492101182127,1009.0756983044574,90.0
sweep-split-active-surface-full-uniform-annular-az16-gap24-q3-reg1e-06-m5,wide-svd,80_90,6.618943262359569,9.895296470073642,24.37492101182127,1009.0756983044574,90.0
sweep-split-active-surface-full-uniform-annular-az16-gap24-q3-reg1e-06-m5,wide-svd,90,4.754850877539179,10.269643707046033,24.37492101182127,1009.0756983044574,90.0
sweep-split-active-surface-full-uniform-annular-az16-gap24-q3-reg3e-06-m5,wide-svd,0_60,1.784067284672199,4.040981015117598,10.306395106526466,1200.0,30.0
sweep-split-active-surface-full-uniform-annular-az16-gap24-q3-reg3e-06-m5,wide-svd,70_90,7.076685244153994,9.649369985509068,24.547435467595164,1009.0756983044574,90.0
sweep-split-active-surface-full-uniform-annular-az16-gap24-q3-reg3e-06-m5,wide-svd,80_90,6.327325400313441,9.959200360011222,24.547435467595164,1009.0756983044574,90.0
sweep-split-active-surface-full-uniform-annular-az16-gap24-q3-reg3e-06-m5,wide-svd,90,5.418228863708856,11.109444374421127,24.547435467595164,1009.0756983044574,90.0
sweep-split-active-surface-full-uniform-annular-az16-gap24-q3-reg1e-06-m7,wide-svd,0_60,1.744188487838111,4.225806805936333,10.252144215373008,1200.0,30.0
sweep-split-active-surface-full-uniform-annular-az16-gap24-q3-reg1e-06-m7,wide-svd,70_90,7.492420234969104,9.769822326037806,24.485241753725653,1009.0756983044574,90.0
sweep-split-active-surface-full-uniform-annular-az16-gap24-q3-reg1e-06-m7,wide-svd,80_90,6.64666748980188,9.908465112589496,24.485241753725653,1009.0756983044574,90.0
sweep-split-active-surface-full-uniform-annular-az16-gap24-q3-reg1e-06-m7,wide-svd,90,4.52136626087567,10.092123353398055,24.485241753725653,1009.0756983044574,90.0
sweep-split-active-surface-full-uniform-annular-az16-gap24-q3-reg3e-06-m7,wide-svd,0_60,1.79578880478877,4.117309225896393,10.35561603703485,1200.0,30.0
sweep-split-active-surface-full-uniform-annular-az16-gap24-q3-reg3e-06-m7,wide-svd,70_90,7.226888707060218,9.681807002405234,24.356790905462624,1009.0756983044574,90.0
sweep-split-active-surface-full-uniform-annular-az16-gap24-q3-reg3e-06-m7,wide-svd,80_90,6.451234438263399,9.92998275283028,24.356790905462624,1009.0756983044574,90.0
sweep-split-active-surface-full-uniform-annular-az16-gap24-q3-reg3e-06-m7,wide-svd,90,5.237326083078048,10.830321913374052,24.356790905462624,1009.0756983044574,90.0
sweep-split-active-surface-full-uniform-annular-az16-gap32-q3-reg1e-06-m5,wide-svd,0_60,1.7443159943817255,4.187886452082756,10.071006566820827,1200.0,30.0
sweep-split-active-surface-full-uniform-annular-az16-gap32-q3-reg1e-06-m5,wide-svd,70_90,7.468837006786132,9.836580987831944,24.894145559527125,1009.0756983044574,90.0
sweep-split-active-surface-full-uniform-annular-az16-gap32-q3-reg1e-06-m5,wide-svd,80_90,6.628414484434921,10.022112477950499,24.894145559527125,1009.0756983044574,90.0
sweep-split-active-surface-full-uniform-annular-az16-gap32-q3-reg1e-06-m5,wide-svd,90,4.460009042436317,10.264279496735771,24.894145559527125,1009.0756983044574,90.0
sweep-split-active-surface-full-uniform-annular-az16-gap32-q3-reg3e-06-m5,wide-svd,0_60,1.7732283357156133,4.060203790180801,10.122725446326712,1200.0,30.0
sweep-split-active-surface-full-uniform-annular-az16-gap32-q3-reg3e-06-m5,wide-svd,70_90,7.141168002804657,9.679153246053929,24.538815990433335,1009.0756983044574,90.0
sweep-split-active-surface-full-uniform-annular-az16-gap32-q3-reg3e-06-m5,wide-svd,80_90,6.358554825145614,9.954402750418723,24.538815990433335,1009.0756983044574,90.0
sweep-split-active-surface-full-uniform-annular-az16-gap32-q3-reg3e-06-m5,wide-svd,90,5.072084307222079,10.84817140223108,24.538815990433335,1009.0756983044574,90.0
sweep-split-active-surface-full-uniform-annular-az16-gap32-q3-reg1e-06-m7,wide-svd,0_60,1.710339280881934,4.185007766930479,9.990272314439267,1200.0,30.0
sweep-split-active-surface-full-uniform-annular-az16-gap32-q3-reg1e-06-m7,wide-svd,70_90,7.5055242552474875,9.8919873847826,25.051227761791623,1009.0756983044574,90.0
sweep-split-active-surface-full-uniform-annular-az16-gap32-q3-reg1e-06-m7,wide-svd,80_90,6.653864699809292,10.083938091697329,25.051227761791623,1009.0756983044574,90.0
sweep-split-active-surface-full-uniform-annular-az16-gap32-q3-reg1e-06-m7,wide-svd,90,4.249380573369606,10.195169143934217,25.051227761791623,1009.0756983044574,90.0
sweep-split-active-surface-full-uniform-annular-az16-gap32-q3-reg3e-06-m7,wide-svd,0_60,1.7785623171080047,4.121341861801588,10.139084187891555,1200.0,30.0
sweep-split-active-surface-full-uniform-annular-az16-gap32-q3-reg3e-06-m7,wide-svd,70_90,7.276553618290441,9.728487547601533,24.57358853702074,1009.0756983044574,90.0
sweep-split-active-surface-full-uniform-annular-az16-gap32-q3-reg3e-06-m7,wide-svd,80_90,6.473446132670539,9.960538103770462,24.57358853702074,1009.0756983044574,90.0
sweep-split-active-surface-full-uniform-annular-az16-gap32-q3-reg3e-06-m7,wide-svd,90,4.902074074029425,10.630829939271463,24.57358853702074,1009.0756983044574,90.0
