case,source_model,source_profile,rear_phase,mode_count,basis_kind,side_gap_mm,rear_basket_mode_count,half_depth_mm,radii_mm,front_depth_mm,rear_depth_mm,front_radii_mm,rear_radii_mm,angle_group,signed_mean_db,rms_db,max_abs_db,max_abs_freq_hz,max_abs_angle_deg,fit_front_norm_rms_db_300_1200,fit_rear_norm_rms_db_300_1200,fit_side_worst_norm_rms_db_300_1200,fit_front_abs_rms_db_300_1200,fit_rear_abs_rms_db_300_1200,fit_side_worst_abs_rms_db_300_1200,fit_front_phase_rms_deg_300_1200,fit_rear_phase_rms_deg_300_1200,fit_side_worst_phase_rms_deg_300_1200,design_cond_max,effective_cond_max,source_count,basis_count
stable,split-discrete,symmetric_depth_rings,dipole,0,modal,0.0,0,45.0,"0,40,75",,,,,0_60,0.10454724209311901,0.1709259487032572,0.47792823371568716,1200.0,60.0,2.5413041727005856,2.641708975226253,2.641708975226253,2.507494244720231,2.5977155412639417,2.5977155412639417,16.23373975871606,16.308285322309604,16.308285322309604,563830.4299080084,563830.4299080084,10,10
stable,split-discrete,symmetric_depth_rings,dipole,0,modal,0.0,0,45.0,"0,40,75",,,,,70_90,0.34918031902688634,0.6159535565631995,2.7833503388403784,1038.6438732073716,90.0,2.5413041727005856,2.641708975226253,2.641708975226253,2.507494244720231,2.5977155412639417,2.5977155412639417,16.23373975871606,16.308285322309604,16.308285322309604,563830.4299080084,563830.4299080084,10,10
stable,split-discrete,symmetric_depth_rings,dipole,0,modal,0.0,0,45.0,"0,40,75",,,,,80_90,0.22997224986386444,0.6231474664767874,2.7833503388403784,1038.6438732073716,90.0,2.5413041727005856,2.641708975226253,2.641708975226253,2.507494244720231,2.5977155412639417,2.5977155412639417,16.23373975871606,16.308285322309604,16.308285322309604,563830.4299080084,563830.4299080084,10,10
stable,split-discrete,symmetric_depth_rings,dipole,0,modal,0.0,0,45.0,"0,40,75",,,,,90,-0.1001067864682682,0.6220538855988164,2.7833503388403784,1038.6438732073716,90.0,2.5413041727005856,2.641708975226253,2.641708975226253,2.507494244720231,2.5977155412639417,2.5977155412639417,16.23373975871606,16.308285322309604,16.308285322309604,563830.4299080084,563830.4299080084,10,10
wide-svd,split-discrete,symmetric_depth_rings,dipole,0,modal,0.0,0,45.0,"0,35,70,95",,,,,0_60,0.11610721018380579,0.19172533224747226,0.7813839211901339,1200.0,60.0,2.403629532132933,2.499624076654854,2.499624076654854,2.381093284497877,2.4694379891703324,2.4694379891703324,14.888741264596408,14.960913682536923,14.960913682536923,4210773111.770026,95408.74325642301,14,14
wide-svd,split-discrete,symmetric_depth_rings,dipole,0,modal,0.0,0,45.0,"0,35,70,95",,,,,70_90,0.24622467220938293,0.5459264027271364,2.5885345375709363,1038.6438732073716,90.0,2.403629532132933,2.499624076654854,2.499624076654854,2.381093284497877,2.4694379891703324,2.4694379891703324,14.888741264596408,14.960913682536923,14.960913682536923,4210773111.770026,95408.74325642301,14,14
wide-svd,split-discrete,symmetric_depth_rings,dipole,0,modal,0.0,0,45.0,"0,35,70,95",,,,,80_90,0.09707004369590588,0.5370753805615225,2.5885345375709363,1038.6438732073716,90.0,2.403629532132933,2.499624076654854,2.499624076654854,2.381093284497877,2.4694379891703324,2.4694379891703324,14.888741264596408,14.960913682536923,14.960913682536923,4210773111.770026,95408.74325642301,14,14
wide-svd,split-discrete,symmetric_depth_rings,dipole,0,modal,0.0,0,45.0,"0,35,70,95",,,,,90,-0.16122406198280265,0.605926713416053,2.5885345375709363,1038.6438732073716,90.0,2.403629532132933,2.499624076654854,2.499624076654854,2.381093284497877,2.4694379891703324,2.4694379891703324,14.888741264596408,14.960913682536923,14.960913682536923,4210773111.770026,95408.74325642301,14,14
axisymmetric-directivity,axisymmetric-directivity,measured_axisymmetric_directivity,dipole,0,modal,0.0,0,,,,,,,0_60,0.04718897740313092,0.0617537714780218,0.21348233249506876,1200.0,60.0,7.269262770027132e-15,0.5687227244669742,0.5687227244669742,5.132981030276421e-15,0.5687227244669747,0.5687227244669747,1.978307069726565e-15,68.0336051416609,68.0336051416609,nan,nan,13,13
axisymmetric-directivity,axisymmetric-directivity,measured_axisymmetric_directivity,dipole,0,modal,0.0,0,,,,,,,70_90,0.13079324928120287,0.1468715002319266,0.33456916928948743,1200.0,80.0,7.269262770027132e-15,0.5687227244669742,0.5687227244669742,5.132981030276421e-15,0.5687227244669747,0.5687227244669747,1.978307069726565e-15,68.0336051416609,68.0336051416609,nan,nan,13,13
axisymmetric-directivity,axisymmetric-directivity,measured_axisymmetric_directivity,dipole,0,modal,0.0,0,,,,,,,80_90,0.1473472727070202,0.16279536616336998,0.33456916928948743,1200.0,80.0,7.269262770027132e-15,0.5687227244669742,0.5687227244669742,5.132981030276421e-15,0.5687227244669747,0.5687227244669747,1.978307069726565e-15,68.0336051416609,68.0336051416609,nan,nan,13,13
axisymmetric-directivity,axisymmetric-directivity,measured_axisymmetric_directivity,dipole,0,modal,0.0,0,,,,,,,90,0.17882596731459444,0.18343666272879522,0.31615664259217624,1200.0,90.0,7.269262770027132e-15,0.5687227244669742,0.5687227244669742,5.132981030276421e-15,0.5687227244669747,0.5687227244669747,1.978307069726565e-15,68.0336051416609,68.0336051416609,nan,nan,13,13
profile-ring-compact,split-profile-ring,h1659-acoustic-compact,dipole,0,modal,0.0,0,,,,,,,0_60,0.014167033422882941,0.039374522340424524,0.16171567061651615,1009.0756983044574,60.0,0.8653203154998468,1.0925572044675143,1.0925572044675143,0.8562072300949246,1.0328271344427808,1.0328271344427808,12.28264666638224,12.268863818042682,12.28264666638224,122952.91711349,122952.91711349,146,8
profile-ring-compact,split-profile-ring,h1659-acoustic-compact,dipole,0,modal,0.0,0,,,,,,,70_90,0.08400574026546236,0.14052915182291403,0.3954159706436684,980.3492719446599,90.0,0.8653203154998468,1.0925572044675143,1.0925572044675143,0.8562072300949246,1.0328271344427808,1.0328271344427808,12.28264666638224,12.268863818042682,12.28264666638224,122952.91711349,122952.91711349,146,8
profile-ring-compact,split-profile-ring,h1659-acoustic-compact,dipole,0,modal,0.0,0,,,,,,,80_90,0.10601044062945165,0.16087139086631183,0.3954159706436684,980.3492719446599,90.0,0.8653203154998468,1.0925572044675143,1.0925572044675143,0.8562072300949246,1.0328271344427808,1.0328271344427808,12.28264666638224,12.268863818042682,12.28264666638224,122952.91711349,122952.91711349,146,8
profile-ring-compact,split-profile-ring,h1659-acoustic-compact,dipole,0,modal,0.0,0,,,,,,,90,0.16897711499876256,0.20665151233971796,0.3954159706436684,980.3492719446599,90.0,0.8653203154998468,1.0925572044675143,1.0925572044675143,0.8562072300949246,1.0328271344427808,1.0328271344427808,12.28264666638224,12.268863818042682,12.28264666638224,122952.91711349,122952.91711349,146,8
profile-ring-compact-svd,split-profile-ring,h1659-acoustic-compact,dipole,0,modal,0.0,0,,,,,,,0_60,0.014167159290747168,0.03937451639703025,0.161715670610036,1009.0756983044574,60.0,0.8653177118419157,1.0925572044660359,1.0925572044660359,0.8562046997773363,1.032827134440768,1.032827134440768,12.282651230759521,12.268863818052726,12.282651230759521,122952.91711349,93596.74372359687,146,8
profile-ring-compact-svd,split-profile-ring,h1659-acoustic-compact,dipole,0,modal,0.0,0,,,,,,,70_90,0.08400424157349659,0.14052781570579528,0.39541597063966094,980.3492719446599,90.0,0.8653177118419157,1.0925572044660359,1.0925572044660359,0.8562046997773363,1.032827134440768,1.032827134440768,12.282651230759521,12.268863818052726,12.282651230759521,122952.91711349,93596.74372359687,146,8
profile-ring-compact-svd,split-profile-ring,h1659-acoustic-compact,dipole,0,modal,0.0,0,,,,,,,80_90,0.10600809252636935,0.16086964330246747,0.39541597063966094,980.3492719446599,90.0,0.8653177118419157,1.0925572044660359,1.0925572044660359,0.8562046997773363,1.032827134440768,1.032827134440768,12.282651230759521,12.268863818052726,12.282651230759521,122952.91711349,93596.74372359687,146,8
profile-ring-compact-svd,split-profile-ring,h1659-acoustic-compact,dipole,0,modal,0.0,0,,,,,,,90,0.16897251880162503,0.2066487863883637,0.39541597063966094,980.3492719446599,90.0,0.8653177118419157,1.0925572044660359,1.0925572044660359,0.8562046997773363,1.032827134440768,1.032827134440768,12.282651230759521,12.268863818052726,12.282651230759521,122952.91711349,93596.74372359687,146,8
profile-ring-full,split-profile-ring,h1659-acoustic-full,dipole,0,modal,0.0,0,,,,,,,0_60,0.014010222372989318,0.03864140714680979,0.15886113307108474,1132.6491752180323,60.0,0.8547934313314776,1.0902869353140505,1.0902869353140505,0.8452022319404184,1.0301010645196196,1.0301010645196196,12.297853262050523,12.29738702440897,12.297853262050523,16889263911.391638,16889263911.391638,242,12
profile-ring-full,split-profile-ring,h1659-acoustic-full,dipole,0,modal,0.0,0,,,,,,,70_90,0.08272928087324753,0.13902313990055462,0.3912257676931503,980.3492719446599,90.0,0.8547934313314776,1.0902869353140505,1.0902869353140505,0.8452022319404184,1.0301010645196196,1.0301010645196196,12.297853262050523,12.29738702440897,12.297853262050523,16889263911.391638,16889263911.391638,242,12
profile-ring-full,split-profile-ring,h1659-acoustic-full,dipole,0,modal,0.0,0,,,,,,,80_90,0.10431439993070109,0.15935934874524527,0.3912257676931503,980.3492719446599,90.0,0.8547934313314776,1.0902869353140505,1.0902869353140505,0.8452022319404184,1.0301010645196196,1.0301010645196196,12.297853262050523,12.29738702440897,12.297853262050523,16889263911.391638,16889263911.391638,242,12
profile-ring-full,split-profile-ring,h1659-acoustic-full,dipole,0,modal,0.0,0,,,,,,,90,0.16577154069313246,0.20511645688335287,0.3912257676931503,980.3492719446599,90.0,0.8547934313314776,1.0902869353140505,1.0902869353140505,0.8452022319404184,1.0301010645196196,1.0301010645196196,12.297853262050523,12.29738702440897,12.297853262050523,16889263911.391638,16889263911.391638,242,12
profile-ring-full-svd,split-profile-ring,h1659-acoustic-full,dipole,0,modal,0.0,0,,,,,,,0_60,0.0139881087923291,0.03854455108058188,0.15837117383067323,1038.6438732073716,60.0,0.8548204220443274,1.090526539206954,1.090526539206954,0.8452311812700046,1.0303709149873241,1.0303709149873241,12.297965536672582,12.298195305203274,12.298195305203274,16889263911.391638,98853.41878725123,242,12
profile-ring-full-svd,split-profile-ring,h1659-acoustic-full,dipole,0,modal,0.0,0,,,,,,,70_90,0.08270888176156728,0.13897375984499982,0.39120280057495194,980.3492719446599,90.0,0.8548204220443274,1.090526539206954,1.090526539206954,0.8452311812700046,1.0303709149873241,1.0303709149873241,12.297965536672582,12.298195305203274,12.298195305203274,16889263911.391638,98853.41878725123,242,12
profile-ring-full-svd,split-profile-ring,h1659-acoustic-full,dipole,0,modal,0.0,0,,,,,,,80_90,0.10430832766587976,0.1593448821637713,0.39120280057495194,980.3492719446599,90.0,0.8548204220443274,1.090526539206954,1.090526539206954,0.8452311812700046,1.0303709149873241,1.0303709149873241,12.297965536672582,12.298195305203274,12.298195305203274,16889263911.391638,98853.41878725123,242,12
profile-ring-full-svd,split-profile-ring,h1659-acoustic-full,dipole,0,modal,0.0,0,,,,,,,90,0.16579489639413778,0.20516954711683488,0.39120280057495194,980.3492719446599,90.0,0.8548204220443274,1.090526539206954,1.090526539206954,0.8452311812700046,1.0303709149873241,1.0303709149873241,12.297965536672582,12.298195305203274,12.298195305203274,16889263911.391638,98853.41878725123,242,12
modal-compact2,split-profile-ring,h1659-modal-compact-2,dipole,0,modal,0.0,0,,,,,,,0_60,0.009712418355808796,0.020957539743960998,0.08343843489448943,1200.0,60.0,2.6313590599354084,1.2258531038469411,2.6313590599354084,2.5779584887807063,0.9744356054264338,2.5779584887807063,15.048220136071363,13.73435785863306,15.048220136071363,53.50483184349278,53.50483184349278,292,4
modal-compact2,split-profile-ring,h1659-modal-compact-2,dipole,0,modal,0.0,0,,,,,,,70_90,0.09574178788510793,0.15044402781619415,0.2627494768106615,1165.838329384327,90.0,2.6313590599354084,1.2258531038469411,2.6313590599354084,2.5779584887807063,0.9744356054264338,2.5779584887807063,15.048220136071363,13.73435785863306,15.048220136071363,53.50483184349278,53.50483184349278,292,4
modal-compact2,split-profile-ring,h1659-modal-compact-2,dipole,0,modal,0.0,0,,,,,,,80_90,0.13069838641418247,0.17848760547492734,0.2627494768106615,1165.838329384327,90.0,2.6313590599354084,1.2258531038469411,2.6313590599354084,2.5779584887807063,0.9744356054264338,2.5779584887807063,15.048220136071363,13.73435785863306,15.048220136071363,53.50483184349278,53.50483184349278,292,4
modal-compact2,split-profile-ring,h1659-modal-compact-2,dipole,0,modal,0.0,0,,,,,,,90,0.21698463769564857,0.21808176336733817,0.2627494768106615,1165.838329384327,90.0,2.6313590599354084,1.2258531038469411,2.6313590599354084,2.5779584887807063,0.9744356054264338,2.5779584887807063,15.048220136071363,13.73435785863306,15.048220136071363,53.50483184349278,53.50483184349278,292,4
modal-compact3,split-profile-ring,h1659-modal-compact-3,dipole,0,modal,0.0,0,,,,,,,0_60,0.009010350538695523,0.018854562316364468,0.0667583878949003,1038.6438732073716,60.0,2.2148930283780937,1.1713502189438307,2.2148930283780937,2.1835432699492974,0.9336087957852017,2.1835432699492974,14.029297746176718,13.529452509458245,14.029297746176718,9940.690141027377,9940.690141027377,438,6
modal-compact3,split-profile-ring,h1659-modal-compact-3,dipole,0,modal,0.0,0,,,,,,,70_90,0.08449628322247538,0.1368738954952514,0.26363277318562695,1132.6491752180323,90.0,2.2148930283780937,1.1713502189438307,2.2148930283780937,2.1835432699492974,0.9336087957852017,2.1835432699492974,14.029297746176718,13.529452509458245,14.029297746176718,9940.690141027377,9940.690141027377,438,6
modal-compact3,split-profile-ring,h1659-modal-compact-3,dipole,0,modal,0.0,0,,,,,,,80_90,0.11524751295376301,0.16296010294821006,0.26363277318562695,1132.6491752180323,90.0,2.2148930283780937,1.1713502189438307,2.2148930283780937,2.1835432699492974,0.9336087957852017,2.1835432699492974,14.029297746176718,13.529452509458245,14.029297746176718,9940.690141027377,9940.690141027377,438,6
modal-compact3,split-profile-ring,h1659-modal-compact-3,dipole,0,modal,0.0,0,,,,,,,90,0.2061081800297405,0.20716823448937313,0.26363277318562695,1132.6491752180323,90.0,2.2148930283780937,1.1713502189438307,2.2148930283780937,2.1835432699492974,0.9336087957852017,2.1835432699492974,14.029297746176718,13.529452509458245,14.029297746176718,9940.690141027377,9940.690141027377,438,6
modal-full2,split-profile-ring,h1659-modal-full-2,dipole,0,modal,0.0,0,,,,,,,0_60,0.010104393619078689,0.02128139933972083,0.0821773042662457,1200.0,60.0,2.6822386556549738,1.2614326095356283,2.6822386556549738,2.628811786383559,1.00741976485708,2.628811786383559,15.13392272666505,13.88907671239139,15.13392272666505,57.61922369441561,57.61922369441561,484,4
modal-full2,split-profile-ring,h1659-modal-full-2,dipole,0,modal,0.0,0,,,,,,,70_90,0.10055331166517788,0.15322473016207558,0.263674029164342,1165.838329384327,90.0,2.6822386556549738,1.2614326095356283,2.6822386556549738,2.628811786383559,1.00741976485708,2.628811786383559,15.13392272666505,13.88907671239139,15.13392272666505,57.61922369441561,57.61922369441561,484,4
modal-full2,split-profile-ring,h1659-modal-full-2,dipole,0,modal,0.0,0,,,,,,,80_90,0.13670346423848243,0.18161461174125876,0.263674029164342,1165.838329384327,90.0,2.6822386556549738,1.2614326095356283,2.6822386556549738,2.628811786383559,1.00741976485708,2.628811786383559,15.13392272666505,13.88907671239139,15.13392272666505,57.61922369441561,57.61922369441561,484,4
modal-full2,split-profile-ring,h1659-modal-full-2,dipole,0,modal,0.0,0,,,,,,,90,0.21981488888291914,0.2208228679320191,0.263674029164342,1165.838329384327,90.0,2.6822386556549738,1.2614326095356283,2.6822386556549738,2.628811786383559,1.00741976485708,2.628811786383559,15.13392272666505,13.88907671239139,15.13392272666505,57.61922369441561,57.61922369441561,484,4
modal-full3,split-profile-ring,h1659-modal-full-3,dipole,0,modal,0.0,0,,,,,,,0_60,0.008983406329310809,0.01842807385796095,0.06418126530910229,1069.0784617684071,60.0,2.18409462940999,1.2042961173057831,2.18409462940999,2.155968641386649,0.9654800131551927,2.155968641386649,13.920467476644095,13.607926566550297,13.920467476644095,9334.95058033656,9334.95058033656,726,6
modal-full3,split-profile-ring,h1659-modal-full-3,dipole,0,modal,0.0,0,,,,,,,70_90,0.08348033789030702,0.13500908859011906,0.2743693986029143,1132.6491752180323,90.0,2.18409462940999,1.2042961173057831,2.18409462940999,2.155968641386649,0.9654800131551927,2.155968641386649,13.920467476644095,13.607926566550297,13.920467476644095,9334.95058033656,9334.95058033656,726,6
modal-full3,split-profile-ring,h1659-modal-full-3,dipole,0,modal,0.0,0,,,,,,,80_90,0.11426132102968709,0.16103910587522008,0.2743693986029143,1132.6491752180323,90.0,2.18409462940999,1.2042961173057831,2.18409462940999,2.155968641386649,0.9654800131551927,2.155968641386649,13.920467476644095,13.607926566550297,13.920467476644095,9334.95058033656,9334.95058033656,726,6
modal-full3,split-profile-ring,h1659-modal-full-3,dipole,0,modal,0.0,0,,,,,,,90,0.2057486047741526,0.20688816178284497,0.2743693986029143,1132.6491752180323,90.0,2.18409462940999,1.2042961173057831,2.18409462940999,2.155968641386649,0.9654800131551927,2.155968641386649,13.920467476644095,13.607926566550297,13.920467476644095,9334.95058033656,9334.95058033656,726,6
modal-full4-svd,split-profile-ring,h1659-modal-full-4,dipole,0,modal,0.0,0,,,,,,,0_60,-0.00027036663467814844,0.02249216395720825,0.17252296858050897,1200.0,60.0,1.050088912320182,0.952309781470404,1.050088912320182,1.0388725493052466,0.8683867136403286,1.0388725493052466,12.998901566223541,12.920951074479005,12.998901566223541,287291.5016281438,95692.63020565057,968,8
modal-full4-svd,split-profile-ring,h1659-modal-full-4,dipole,0,modal,0.0,0,,,,,,,70_90,0.03980721806504282,0.10295195708225856,0.2830628503100101,1100.4048518456054,90.0,1.050088912320182,0.952309781470404,1.050088912320182,1.0388725493052466,0.8683867136403286,1.0388725493052466,12.998901566223541,12.920951074479005,12.998901566223541,287291.5016281438,95692.63020565057,968,8
modal-full4-svd,split-profile-ring,h1659-modal-full-4,dipole,0,modal,0.0,0,,,,,,,80_90,0.06609831949953163,0.12325267464031102,0.2830628503100101,1100.4048518456054,90.0,1.050088912320182,0.952309781470404,1.050088912320182,1.0388725493052466,0.8683867136403286,1.0388725493052466,12.998901566223541,12.920951074479005,12.998901566223541,287291.5016281438,95692.63020565057,968,8
modal-full4-svd,split-profile-ring,h1659-modal-full-4,dipole,0,modal,0.0,0,,,,,,,90,0.16229515589871027,0.16642603459359703,0.2830628503100101,1100.4048518456054,90.0,1.050088912320182,0.952309781470404,1.050088912320182,1.0388725493052466,0.8683867136403286,1.0388725493052466,12.998901566223541,12.920951074479005,12.998901566223541,287291.5016281438,95692.63020565057,968,8
measured-stable,split-discrete,symmetric_depth_rings,measured,0,modal,0.0,0,45.0,"0,40,75",,,,,0_60,-0.15340378179381728,0.5430940850167848,2.116366852603896,476.2203155904598,30.0,2.5413041727005856,2.862234970147041,2.862234970147041,2.507494244720231,2.6669073048844703,2.6669073048844703,16.23373975871606,27.75883123683443,27.75883123683443,563830.4299080084,563830.4299080084,10,10
measured-stable,split-discrete,symmetric_depth_rings,measured,0,modal,0.0,0,45.0,"0,40,75",,,,,70_90,-0.9873098446570849,1.7349414265396628,4.212387580793909,1200.0,70.0,2.5413041727005856,2.862234970147041,2.862234970147041,2.507494244720231,2.6669073048844703,2.6669073048844703,16.23373975871606,27.75883123683443,27.75883123683443,563830.4299080084,563830.4299080084,10,10
measured-stable,split-discrete,symmetric_depth_rings,measured,0,modal,0.0,0,45.0,"0,40,75",,,,,80_90,-1.7207294426590818,1.9176014043877414,4.035964003373152,1200.0,80.0,2.5413041727005856,2.862234970147041,2.862234970147041,2.507494244720231,2.6669073048844703,2.6669073048844703,16.23373975871606,27.75883123683443,27.75883123683443,563830.4299080084,563830.4299080084,10,10
measured-stable,split-discrete,symmetric_depth_rings,measured,0,modal,0.0,0,45.0,"0,40,75",,,,,90,-1.753922786236595,1.8582133647577141,2.5396055010742487,1132.6491752180323,90.0,2.5413041727005856,2.862234970147041,2.862234970147041,2.507494244720231,2.6669073048844703,2.6669073048844703,16.23373975871606,27.75883123683443,27.75883123683443,563830.4299080084,563830.4299080084,10,10
measured-profile-ring-compact,split-profile-ring,h1659-acoustic-compact,measured,0,modal,0.0,0,,,,,,,0_60,0.021368163803173065,0.055666942360052235,0.43563914096537815,898.9842461260089,60.0,0.8653203154998468,4.59509967195541,4.59509967195541,0.8562072300949246,4.332562375989909,4.332562375989909,12.28264666638224,24.57179824348774,24.57179824348774,122952.91711349,122952.91711349,146,8
measured-profile-ring-compact,split-profile-ring,h1659-acoustic-compact,measured,0,modal,0.0,0,,,,,,,70_90,0.1604815175705409,0.1967533338041637,0.5263269192404323,1009.0756983044574,80.0,0.8653203154998468,4.59509967195541,4.59509967195541,0.8562072300949246,4.332562375989909,4.332562375989909,12.28264666638224,24.57179824348774,24.57179824348774,122952.91711349,122952.91711349,146,8
measured-profile-ring-compact,split-profile-ring,h1659-acoustic-compact,measured,0,modal,0.0,0,,,,,,,80_90,0.19530755068778885,0.22003736708261204,0.5263269192404323,1009.0756983044574,80.0,0.8653203154998468,4.59509967195541,4.59509967195541,0.8562072300949246,4.332562375989909,4.332562375989909,12.28264666638224,24.57179824348774,24.57179824348774,122952.91711349,122952.91711349,146,8
measured-profile-ring-compact,split-profile-ring,h1659-acoustic-compact,measured,0,modal,0.0,0,,,,,,,90,0.24410182364335295,0.2521313946695216,0.43981188101246715,898.9842461260089,90.0,0.8653203154998468,4.59509967195541,4.59509967195541,0.8562072300949246,4.332562375989909,4.332562375989909,12.28264666638224,24.57179824348774,24.57179824348774,122952.91711349,122952.91711349,146,8
measured-profile-ring-full,split-profile-ring,h1659-acoustic-full,measured,0,modal,0.0,0,,,,,,,0_60,0.02134312589753304,0.05338410084626412,0.4139481979581916,898.9842461260089,60.0,0.8547934313314776,4.652795109637316,4.652795109637316,0.8452022319404184,4.383073273698403,4.383073273698403,12.297853262050523,24.630410022139017,24.630410022139017,16889263911.391638,16889263911.391638,242,12
measured-profile-ring-full,split-profile-ring,h1659-acoustic-full,measured,0,modal,0.0,0,,,,,,,70_90,0.16122995331111353,0.19548512045776859,0.501040916594711,1009.0756983044574,80.0,0.8547934313314776,4.652795109637316,4.652795109637316,0.8452022319404184,4.383073273698403,4.383073273698403,12.297853262050523,24.630410022139017,24.630410022139017,16889263911.391638,16889263911.391638,242,12
measured-profile-ring-full,split-profile-ring,h1659-acoustic-full,measured,0,modal,0.0,0,,,,,,,80_90,0.19642393339321673,0.2190486115074648,0.501040916594711,1009.0756983044574,80.0,0.8547934313314776,4.652795109637316,4.652795109637316,0.8452022319404184,4.383073273698403,4.383073273698403,12.297853262050523,24.630410022139017,24.630410022139017,16889263911.391638,16889263911.391638,242,12
measured-profile-ring-full,split-profile-ring,h1659-acoustic-full,measured,0,modal,0.0,0,,,,,,,90,0.24440645428487756,0.2518000034144939,0.4315044563028181,898.9842461260089,90.0,0.8547934313314776,4.652795109637316,4.652795109637316,0.8452022319404184,4.383073273698403,4.383073273698403,12.297853262050523,24.630410022139017,24.630410022139017,16889263911.391638,16889263911.391638,242,12
measured-modal-full2,split-profile-ring,h1659-modal-full-2,measured,0,modal,0.0,0,,,,,,,0_60,0.008383674195252294,0.0435877276747245,0.3521486667452436,1200.0,60.0,2.6822386556549738,5.966672444121461,5.966672444121461,2.628811786383559,6.200199218100268,6.200199218100268,15.13392272666505,62.847174804023616,62.847174804023616,57.61922369441561,57.61922369441561,484,4
measured-modal-full2,split-profile-ring,h1659-modal-full-2,measured,0,modal,0.0,0,,,,,,,70_90,0.15379314163874735,0.2291663689418845,0.39669353250741324,1200.0,70.0,2.6822386556549738,5.966672444121461,5.966672444121461,2.628811786383559,6.200199218100268,6.200199218100268,15.13392272666505,62.847174804023616,62.847174804023616,57.61922369441561,57.61922369441561,484,4
measured-modal-full2,split-profile-ring,h1659-modal-full-2,measured,0,modal,0.0,0,,,,,,,80_90,0.19235270694700046,0.24892853422022018,0.35963135298726456,1200.0,80.0,2.6822386556549738,5.966672444121461,5.966672444121461,2.628811786383559,6.200199218100268,6.200199218100268,15.13392272666505,62.847174804023616,62.847174804023616,57.61922369441561,57.61922369441561,484,4
measured-modal-full2,split-profile-ring,h1659-modal-full-2,measured,0,modal,0.0,0,,,,,,,90,0.2597043571182385,0.26325260337843637,0.3490526872526942,1200.0,90.0,2.6822386556549738,5.966672444121461,5.966672444121461,2.628811786383559,6.200199218100268,6.200199218100268,15.13392272666505,62.847174804023616,62.847174804023616,57.61922369441561,57.61922369441561,484,4
measured-modal-full4-svd,split-profile-ring,h1659-modal-full-4,measured,0,modal,0.0,0,,,,,,,0_60,0.023120975672024625,0.05324302769915054,0.39820516069838163,1200.0,60.0,1.050088912320182,5.118591204425127,5.118591204425127,1.0388725493052466,5.207304731894543,5.207304731894543,12.998901566223541,38.86057814438738,38.86057814438738,287291.5016281438,95692.63020565057,968,8
measured-modal-full4-svd,split-profile-ring,h1659-modal-full-4,measured,0,modal,0.0,0,,,,,,,70_90,0.13829702533155594,0.17307220946309135,0.4694293020272937,1200.0,90.0,1.050088912320182,5.118591204425127,5.118591204425127,1.0388725493052466,5.207304731894543,5.207304731894543,12.998901566223541,38.86057814438738,38.86057814438738,287291.5016281438,95692.63020565057,968,8
measured-modal-full4-svd,split-profile-ring,h1659-modal-full-4,measured,0,modal,0.0,0,,,,,,,80_90,0.17306762797139982,0.19923934458479106,0.4694293020272937,1200.0,90.0,1.050088912320182,5.118591204425127,5.118591204425127,1.0388725493052466,5.207304731894543,5.207304731894543,12.998901566223541,38.86057814438738,38.86057814438738,287291.5016281438,95692.63020565057,968,8
measured-modal-full4-svd,split-profile-ring,h1659-modal-full-4,measured,0,modal,0.0,0,,,,,,,90,0.24178738125930127,0.24632062233910046,0.4694293020272937,1200.0,90.0,1.050088912320182,5.118591204425127,5.118591204425127,1.0388725493052466,5.207304731894543,5.207304731894543,12.998901566223541,38.86057814438738,38.86057814438738,287291.5016281438,95692.63020565057,968,8
d55-r25-95-svd,split-discrete,symmetric_depth_rings,dipole,0,modal,0.0,0,55.0,"0,25,50,75,95",,,,,0_60,0.112699588472164,0.18702508289799089,0.7733928774484937,1200.0,60.0,2.53735215131827,2.6386246441174785,2.6386246441174785,2.51777851859631,2.612130425268334,2.612130425268334,15.283396428297948,15.338327737679702,15.338327737679702,443894469.7398827,93856.41086537826,18,18
d55-r25-95-svd,split-discrete,symmetric_depth_rings,dipole,0,modal,0.0,0,55.0,"0,25,50,75,95",,,,,70_90,0.28581910864882665,0.5676766726813498,2.4920410495143486,1038.6438732073716,90.0,2.53735215131827,2.6386246441174785,2.6386246441174785,2.51777851859631,2.612130425268334,2.612130425268334,15.283396428297948,15.338327737679702,15.338327737679702,443894469.7398827,93856.41086537826,18,18
d55-r25-95-svd,split-discrete,symmetric_depth_rings,dipole,0,modal,0.0,0,55.0,"0,25,50,75,95",,,,,80_90,0.15406861225028506,0.5705361267498638,2.4920410495143486,1038.6438732073716,90.0,2.53735215131827,2.6386246441174785,2.6386246441174785,2.51777851859631,2.612130425268334,2.612130425268334,15.283396428297948,15.338327737679702,15.338327737679702,443894469.7398827,93856.41086537826,18,18
d55-r25-95-svd,split-discrete,symmetric_depth_rings,dipole,0,modal,0.0,0,55.0,"0,25,50,75,95",,,,,90,-0.13552786887616095,0.6018635071149321,2.4920410495143486,1038.6438732073716,90.0,2.53735215131827,2.6386246441174785,2.6386246441174785,2.51777851859631,2.612130425268334,2.612130425268334,15.283396428297948,15.338327737679702,15.338327737679702,443894469.7398827,93856.41086537826,18,18
asym-f45-r55-r35-svd,split-discrete,asymmetric_depth_rings,dipole,0,modal,0.0,0,,,45.0,55.0,"0,35,70,95","0,35,70,95",0_60,0.11126846562662503,0.18493327447696092,0.7436598465046274,1200.0,60.0,2.403629532132933,2.6562940469439607,2.6562940469439607,2.381093284497877,2.627206255113623,2.627206255113623,14.888741264596408,15.473842382008106,15.473842382008106,4210773111.770026,99223.79578205566,14,14
asym-f45-r55-r35-svd,split-discrete,asymmetric_depth_rings,dipole,0,modal,0.0,0,,,45.0,55.0,"0,35,70,95","0,35,70,95",70_90,0.2854669488593876,0.4727386826851616,0.8500930211790632,1200.0,90.0,2.403629532132933,2.6562940469439607,2.6562940469439607,2.381093284497877,2.627206255113623,2.627206255113623,14.888741264596408,15.473842382008106,15.473842382008106,4210773111.770026,99223.79578205566,14,14
asym-f45-r55-r35-svd,split-discrete,asymmetric_depth_rings,dipole,0,modal,0.0,0,,,45.0,55.0,"0,35,70,95","0,35,70,95",80_90,0.1428051896284578,0.4045210704536733,0.8500930211790632,1200.0,90.0,2.403629532132933,2.6562940469439607,2.6562940469439607,2.381093284497877,2.627206255113623,2.627206255113623,14.888741264596408,15.473842382008106,15.473842382008106,4210773111.770026,99223.79578205566,14,14
asym-f45-r55-r35-svd,split-discrete,asymmetric_depth_rings,dipole,0,modal,0.0,0,,,45.0,55.0,"0,35,70,95","0,35,70,95",90,-0.13884787100916998,0.28775025040449215,0.8500930211790632,1200.0,90.0,2.403629532132933,2.6562940469439607,2.6562940469439607,2.381093284497877,2.627206255113623,2.627206255113623,14.888741264596408,15.473842382008106,15.473842382008106,4210773111.770026,99223.79578205566,14,14
asym-f45-r55-front35-rear25-svd,split-discrete,asymmetric_depth_rings,dipole,0,modal,0.0,0,,,45.0,55.0,"0,35,70,95","0,25,50,75,95",0_60,0.11455330470795014,0.19080560604697278,0.802712145644783,1200.0,60.0,2.403629532132933,2.6386246441174785,2.6386246441174785,2.381093284497877,2.612130425268334,2.612130425268334,14.888741264596408,15.338327737679702,15.338327737679702,4210773111.770026,95408.74325642301,16,16
asym-f45-r55-front35-rear25-svd,split-discrete,asymmetric_depth_rings,dipole,0,modal,0.0,0,,,45.0,55.0,"0,35,70,95","0,25,50,75,95",70_90,0.22518367483712112,0.8899215955121902,8.450638183655336,1038.6438732073716,90.0,2.403629532132933,2.6386246441174785,2.6386246441174785,2.381093284497877,2.612130425268334,2.612130425268334,14.888741264596408,15.338327737679702,15.338327737679702,4210773111.770026,95408.74325642301,16,16
asym-f45-r55-front35-rear25-svd,split-discrete,asymmetric_depth_rings,dipole,0,modal,0.0,0,,,45.0,55.0,"0,35,70,95","0,25,50,75,95",80_90,0.04874140867320237,1.006006512666416,8.450638183655336,1038.6438732073716,90.0,2.403629532132933,2.6386246441174785,2.6386246441174785,2.381093284497877,2.612130425268334,2.612130425268334,14.888741264596408,15.338327737679702,15.338327737679702,4210773111.770026,95408.74325642301,16,16
asym-f45-r55-front35-rear25-svd,split-discrete,asymmetric_depth_rings,dipole,0,modal,0.0,0,,,45.0,55.0,"0,35,70,95","0,25,50,75,95",90,-0.3526379363022108,1.3224116681310938,8.450638183655336,1038.6438732073716,90.0,2.403629532132933,2.6386246441174785,2.6386246441174785,2.381093284497877,2.612130425268334,2.612130425268334,14.888741264596408,15.338327737679702,15.338327737679702,4210773111.770026,95408.74325642301,16,16
h1659-profile-compact-split-discrete-svd,split-discrete,h1659-acoustic-compact,dipole,0,modal,0.0,0,45.0,"0,40,75",,,,,0_60,0.023635532374317435,0.33219488218758547,5.636805827388045,925.3264952447645,60.0,1.386646227987682,1.1605338253872586,1.386646227987682,1.3723132558843645,1.1493190389509471,1.3723132558843645,11.159362042371033,10.977509534404684,11.159362042371033,12166360.240667708,99448.66754426697,14,14
h1659-profile-compact-split-discrete-svd,split-discrete,h1659-acoustic-compact,dipole,0,modal,0.0,0,45.0,"0,40,75",,,,,70_90,0.20945096505353356,1.2109341702057037,11.319119241655223,873.3919097053125,80.0,1.386646227987682,1.1605338253872586,1.386646227987682,1.3723132558843645,1.1493190389509471,1.3723132558843645,11.159362042371033,10.977509534404684,11.159362042371033,12166360.240667708,99448.66754426697,14,14
h1659-profile-compact-split-discrete-svd,split-discrete,h1659-acoustic-compact,dipole,0,modal,0.0,0,45.0,"0,40,75",,,,,80_90,0.3444899431227974,1.4063469123993821,11.319119241655223,873.3919097053125,80.0,1.386646227987682,1.1605338253872586,1.386646227987682,1.3723132558843645,1.1493190389509471,1.3723132558843645,11.159362042371033,10.977509534404684,11.159362042371033,12166360.240667708,99448.66754426697,14,14
h1659-profile-compact-split-discrete-svd,split-discrete,h1659-acoustic-compact,dipole,0,modal,0.0,0,45.0,"0,40,75",,,,,90,0.3522761820536265,0.7538197227594057,3.0386074298576915,424.26406871192853,90.0,1.386646227987682,1.1605338253872586,1.386646227987682,1.3723132558843645,1.1493190389509471,1.3723132558843645,11.159362042371033,10.977509534404684,11.159362042371033,12166360.240667708,99448.66754426697,14,14
h1659-profile-full-split-discrete-svd,split-discrete,h1659-acoustic-full,dipole,0,modal,0.0,0,45.0,"0,40,75",,,,,0_60,0.023620788535498538,0.20724630075437556,2.4280248238884283,898.9842461260089,60.0,1.3970608352575566,1.1693387151462213,1.3970608352575566,1.3828032167795299,1.1587163510772638,1.3828032167795299,11.102550821775395,10.989715068238796,11.102550821775395,8303543.30178611,97108.20029109567,22,22
h1659-profile-full-split-discrete-svd,split-discrete,h1659-acoustic-full,dipole,0,modal,0.0,0,45.0,"0,40,75",,,,,70_90,0.2534412802963246,1.3200403347748573,12.354502727445755,873.3919097053125,80.0,1.3970608352575566,1.1693387151462213,1.3970608352575566,1.3828032167795299,1.1587163510772638,1.3828032167795299,11.102550821775395,10.989715068238796,11.102550821775395,8303543.30178611,97108.20029109567,22,22
h1659-profile-full-split-discrete-svd,split-discrete,h1659-acoustic-full,dipole,0,modal,0.0,0,45.0,"0,40,75",,,,,80_90,0.4159720838368144,1.4440191174939059,12.354502727445755,873.3919097053125,80.0,1.3970608352575566,1.1693387151462213,1.3970608352575566,1.3828032167795299,1.1587163510772638,1.3828032167795299,11.102550821775395,10.989715068238796,11.102550821775395,8303543.30178611,97108.20029109567,22,22
h1659-profile-full-split-discrete-svd,split-discrete,h1659-acoustic-full,dipole,0,modal,0.0,0,45.0,"0,40,75",,,,,90,0.3796960671477107,0.5223102316107455,1.2095976599990408,400.4519562510103,90.0,1.3970608352575566,1.1693387151462213,1.3970608352575566,1.3828032167795299,1.1587163510772638,1.3828032167795299,11.102550821775395,10.989715068238796,11.102550821775395,8303543.30178611,97108.20029109567,22,22
split-ring-r35-az24,split-ring,symmetric_depth_rings,dipole,0,modal,0.0,0,45.0,"0,35,70,95",,,,,0_60,0.004678668024580658,0.04404714279064104,0.1479479798907093,300.0,60.0,2.797038515610811,2.944094740572189,2.944094740572189,2.8330822109954843,2.9580075344487367,2.9580075344487367,17.54463056530474,17.498997927819953,17.54463056530474,5560359.023005064,5560359.023005064,146,8
split-ring-r35-az24,split-ring,symmetric_depth_rings,dipole,0,modal,0.0,0,45.0,"0,35,70,95",,,,,70_90,0.22834071413525953,0.24847903209543237,0.3660665833791725,300.0,80.0,2.797038515610811,2.944094740572189,2.944094740572189,2.8330822109954843,2.9580075344487367,2.9580075344487367,17.54463056530474,17.498997927819953,17.54463056530474,5560359.023005064,5560359.023005064,146,8
split-ring-r35-az24,split-ring,symmetric_depth_rings,dipole,0,modal,0.0,0,45.0,"0,35,70,95",,,,,80_90,0.27308338060732845,0.2794209748569014,0.3660665833791725,300.0,80.0,2.797038515610811,2.944094740572189,2.944094740572189,2.8330822109954843,2.9580075344487367,2.9580075344487367,17.54463056530474,17.498997927819953,17.54463056530474,5560359.023005064,5560359.023005064,146,8
split-ring-r35-az24,split-ring,symmetric_depth_rings,dipole,0,modal,0.0,0,45.0,"0,35,70,95",,,,,90,0.2759701687945194,0.27933103737418435,0.32135876177669687,300.0,90.0,2.797038515610811,2.944094740572189,2.944094740572189,2.8330822109954843,2.9580075344487367,2.9580075344487367,17.54463056530474,17.498997927819953,17.54463056530474,5560359.023005064,5560359.023005064,146,8
split-ring-r25-95-az48-svd,split-ring,symmetric_depth_rings,dipole,0,modal,0.0,0,45.0,"0,25,50,75,95",,,,,0_60,0.0035014975690420744,0.044179341566916476,0.1478602255896604,300.0,60.0,2.789678661570972,2.936219347092238,2.936219347092238,2.8270908428411983,2.951808628913937,2.951808628913937,17.49722465689258,17.449164796044517,17.49722465689258,1450905948.2251554,94023.59205765196,386,10
split-ring-r25-95-az48-svd,split-ring,symmetric_depth_rings,dipole,0,modal,0.0,0,45.0,"0,25,50,75,95",,,,,70_90,0.2270538532335513,0.24777126362865465,0.3661339456083219,300.0,80.0,2.789678661570972,2.936219347092238,2.936219347092238,2.8270908428411983,2.951808628913937,2.951808628913937,17.49722465689258,17.449164796044517,17.49722465689258,1450905948.2251554,94023.59205765196,386,10
split-ring-r25-95-az48-svd,split-ring,symmetric_depth_rings,dipole,0,modal,0.0,0,45.0,"0,25,50,75,95",,,,,80_90,0.27233738811558766,0.2787693674432693,0.3661339456083219,300.0,80.0,2.789678661570972,2.936219347092238,2.936219347092238,2.8270908428411983,2.951808628913937,2.951808628913937,17.49722465689258,17.449164796044517,17.49722465689258,1450905948.2251554,94023.59205765196,386,10
split-ring-r25-95-az48-svd,split-ring,symmetric_depth_rings,dipole,0,modal,0.0,0,45.0,"0,25,50,75,95",,,,,90,0.27411183187640153,0.277698402310926,0.3213172574477561,300.0,90.0,2.789678661570972,2.936219347092238,2.936219347092238,2.8270908428411983,2.951808628913937,2.951808628913937,17.49722465689258,17.449164796044517,17.49722465689258,1450905948.2251554,94023.59205765196,386,10
active-surface-dipole-m3,active-surface-modal,h1659-acoustic-compact,dipole,3,modal,0.0,0,,,,,,,0_60,0.03690717735135904,0.0728226684573491,0.4273007495479604,1200.0,60.0,2.1455372055423214,6.110858458899987,6.110858458899987,2.2234067564206614,5.472940302086978,5.472940302086978,67.33020682734713,32.405944090719295,67.33020682734713,2728.045602758013,2728.045602758013,3,3
active-surface-dipole-m3,active-surface-modal,h1659-acoustic-compact,dipole,3,modal,0.0,0,,,,,,,70_90,0.19049782373091223,0.23183353248476757,0.5055916772943903,1200.0,90.0,2.1455372055423214,6.110858458899987,6.110858458899987,2.2234067564206614,5.472940302086978,5.472940302086978,67.33020682734713,32.405944090719295,67.33020682734713,2728.045602758013,2728.045602758013,3,3
active-surface-dipole-m3,active-surface-modal,h1659-acoustic-compact,dipole,3,modal,0.0,0,,,,,,,80_90,0.20836693657774732,0.24637258995423802,0.5055916772943903,1200.0,90.0,2.1455372055423214,6.110858458899987,6.110858458899987,2.2234067564206614,5.472940302086978,5.472940302086978,67.33020682734713,32.405944090719295,67.33020682734713,2728.045602758013,2728.045602758013,3,3
active-surface-dipole-m3,active-surface-modal,h1659-acoustic-compact,dipole,3,modal,0.0,0,,,,,,,90,0.23088270918593917,0.26136620403519023,0.5055916772943903,1200.0,90.0,2.1455372055423214,6.110858458899987,6.110858458899987,2.2234067564206614,5.472940302086978,5.472940302086978,67.33020682734713,32.405944090719295,67.33020682734713,2728.045602758013,2728.045602758013,3,3
split-active-dipole-m4g16-svd,split-active-surface-modal,h1659-acoustic-compact,dipole,4,modal,16.0,0,,,,,,,0_60,0.01737419939676289,0.03717708767543207,0.16367195639261212,1200.0,60.0,7.807088469844982,7.623636288913344,7.807088469844982,7.740582124372524,7.509649833535103,7.740582124372524,29.492807248876318,54.56120643414429,54.56120643414429,397205456.35192645,95165.09610456436,8,8
split-active-dipole-m4g16-svd,split-active-surface-modal,h1659-acoustic-compact,dipole,4,modal,16.0,0,,,,,,,70_90,0.07884278551114429,0.11175674589214508,0.3138282821756704,1200.0,90.0,7.807088469844982,7.623636288913344,7.807088469844982,7.740582124372524,7.509649833535103,7.740582124372524,29.492807248876318,54.56120643414429,54.56120643414429,397205456.35192645,95165.09610456436,8,8
split-active-dipole-m4g16-svd,split-active-surface-modal,h1659-acoustic-compact,dipole,4,modal,16.0,0,,,,,,,80_90,0.09776378888131566,0.12722755733861477,0.3138282821756704,1200.0,90.0,7.807088469844982,7.623636288913344,7.807088469844982,7.740582124372524,7.509649833535103,7.740582124372524,29.492807248876318,54.56120643414429,54.56120643414429,397205456.35192645,95165.09610456436,8,8
split-active-dipole-m4g16-svd,split-active-surface-modal,h1659-acoustic-compact,dipole,4,modal,16.0,0,,,,,,,90,0.15109049082088347,0.1645045340934871,0.3138282821756704,1200.0,90.0,7.807088469844982,7.623636288913344,7.807088469844982,7.740582124372524,7.509649833535103,7.740582124372524,29.492807248876318,54.56120643414429,54.56120643414429,397205456.35192645,95165.09610456436,8,8
split-active-measured-m4g30,split-active-surface-modal,h1659-acoustic-compact,measured,4,modal,30.0,0,,,,,,,0_60,0.005992505424311398,0.07200453660679383,0.24393661077620266,1038.6438732073716,60.0,2.517849474082636,3.7660813909885853,3.7660813909885853,2.5533264567297986,4.046282413554309,4.046282413554309,42.5701322794002,37.21709048858433,42.5701322794002,655444739.8063935,94297.82365548919,8,8
split-active-measured-m4g30,split-active-surface-modal,h1659-acoustic-compact,measured,4,modal,30.0,0,,,,,,,70_90,0.04243559019268038,0.15056986623199123,0.2586311471979599,1100.4048518456054,70.0,2.517849474082636,3.7660813909885853,3.7660813909885853,2.5533264567297986,4.046282413554309,4.046282413554309,42.5701322794002,37.21709048858433,42.5701322794002,655444739.8063935,94297.82365548919,8,8
split-active-measured-m4g30,split-active-surface-modal,h1659-acoustic-compact,measured,4,modal,30.0,0,,,,,,,80_90,0.05459918263298119,0.14734213978720329,0.2314696769027691,1069.0784617684071,90.0,2.517849474082636,3.7660813909885853,3.7660813909885853,2.5533264567297986,4.046282413554309,4.046282413554309,42.5701322794002,37.21709048858433,42.5701322794002,655444739.8063935,94297.82365548919,8,8
split-active-measured-m4g30,split-active-surface-modal,h1659-acoustic-compact,measured,4,modal,30.0,0,,,,,,,90,0.12082590574808051,0.13529566695977308,0.2314696769027691,1069.0784617684071,90.0,2.517849474082636,3.7660813909885853,3.7660813909885853,2.5533264567297986,4.046282413554309,4.046282413554309,42.5701322794002,37.21709048858433,42.5701322794002,655444739.8063935,94297.82365548919,8,8
physical-diaphragm-compact-coupled-measured-m2-az16-q3-reg1e-06,active-surface-modal,h1659-acoustic-compact,measured,2,physical-diaphragm,0.0,0,,,,,,,0_60,0.022175780913306707,0.03640740148633926,0.13531961002837534,1200.0,60.0,2.8642247845417574,7.064314028890185,7.064314028890185,2.815348128759067,8.138148075145013,8.138148075145013,63.51044558491316,90.06549032383808,90.06549032383808,112.57415466344735,112.57415466344735,2,2
physical-diaphragm-compact-coupled-measured-m2-az16-q3-reg1e-06,active-surface-modal,h1659-acoustic-compact,measured,2,physical-diaphragm,0.0,0,,,,,,,70_90,0.0978242566283475,0.11390387487606411,0.2308811332568652,1200.0,90.0,2.8642247845417574,7.064314028890185,7.064314028890185,2.815348128759067,8.138148075145013,8.138148075145013,63.51044558491316,90.06549032383808,90.06549032383808,112.57415466344735,112.57415466344735,2,2
physical-diaphragm-compact-coupled-measured-m2-az16-q3-reg1e-06,active-surface-modal,h1659-acoustic-compact,measured,2,physical-diaphragm,0.0,0,,,,,,,80_90,0.10735971491878042,0.12214691694055448,0.2308811332568652,1200.0,90.0,2.8642247845417574,7.064314028890185,7.064314028890185,2.815348128759067,8.138148075145013,8.138148075145013,63.51044558491316,90.06549032383808,90.06549032383808,112.57415466344735,112.57415466344735,2,2
physical-diaphragm-compact-coupled-measured-m2-az16-q3-reg1e-06,active-surface-modal,h1659-acoustic-compact,measured,2,physical-diaphragm,0.0,0,,,,,,,90,0.12096035076549298,0.1325267620620583,0.2308811332568652,1200.0,90.0,2.8642247845417574,7.064314028890185,7.064314028890185,2.815348128759067,8.138148075145013,8.138148075145013,63.51044558491316,90.06549032383808,90.06549032383808,112.57415466344735,112.57415466344735,2,2
physical-diaphragm-compact-coupled-measured-m2-az16-q3-reg3e-06,active-surface-modal,h1659-acoustic-compact,measured,2,physical-diaphragm,0.0,0,,,,,,,0_60,0.022162175042998757,0.03638724862357475,0.1352815723346481,1200.0,60.0,2.864951301667463,7.1359205605553635,7.1359205605553635,2.816179259804482,8.218420832058033,8.218420832058033,63.4514043163604,90.11306098734426,90.11306098734426,112.57415466344735,112.57415466344735,2,2
physical-diaphragm-compact-coupled-measured-m2-az16-q3-reg3e-06,active-surface-modal,h1659-acoustic-compact,measured,2,physical-diaphragm,0.0,0,,,,,,,70_90,0.09776682141887168,0.113847964150261,0.23085009973931392,1200.0,90.0,2.864951301667463,7.1359205605553635,7.1359205605553635,2.816179259804482,8.218420832058033,8.218420832058033,63.4514043163604,90.11306098734426,90.11306098734426,112.57415466344735,112.57415466344735,2,2
physical-diaphragm-compact-coupled-measured-m2-az16-q3-reg3e-06,active-surface-modal,h1659-acoustic-compact,measured,2,physical-diaphragm,0.0,0,,,,,,,80_90,0.10729806410370159,0.1220889997572707,0.23085009973931392,1200.0,90.0,2.864951301667463,7.1359205605553635,7.1359205605553635,2.816179259804482,8.218420832058033,8.218420832058033,63.4514043163604,90.11306098734426,90.11306098734426,112.57415466344735,112.57415466344735,2,2
physical-diaphragm-compact-coupled-measured-m2-az16-q3-reg3e-06,active-surface-modal,h1659-acoustic-compact,measured,2,physical-diaphragm,0.0,0,,,,,,,90,0.12089081060984094,0.13246498859199113,0.23085009973931392,1200.0,90.0,2.864951301667463,7.1359205605553635,7.1359205605553635,2.816179259804482,8.218420832058033,8.218420832058033,63.4514043163604,90.11306098734426,90.11306098734426,112.57415466344735,112.57415466344735,2,2
physical-diaphragm-compact-coupled-measured-m2-az24-q3-reg1e-06,active-surface-modal,h1659-acoustic-compact,measured,2,physical-diaphragm,0.0,0,,,,,,,0_60,0.022285278516407755,0.03658057010555101,0.13601078066273686,1200.0,60.0,2.937139121736174,6.993249402844007,6.993249402844007,2.8603023338681615,8.051779109212946,8.051779109212946,63.87253680331119,90.01451934221106,90.01451934221106,122.48630252986747,122.48630252986747,2,2
physical-diaphragm-compact-coupled-measured-m2-az24-q3-reg1e-06,active-surface-modal,h1659-acoustic-compact,measured,2,physical-diaphragm,0.0,0,,,,,,,70_90,0.09811413560449389,0.11419769586057617,0.23082708519072526,1200.0,90.0,2.937139121736174,6.993249402844007,6.993249402844007,2.8603023338681615,8.051779109212946,8.051779109212946,63.87253680331119,90.01451934221106,90.01451934221106,122.48630252986747,122.48630252986747,2,2
physical-diaphragm-compact-coupled-measured-m2-az24-q3-reg1e-06,active-surface-modal,h1659-acoustic-compact,measured,2,physical-diaphragm,0.0,0,,,,,,,80_90,0.10750157970374201,0.12230158231695079,0.23082708519072526,1200.0,90.0,2.937139121736174,6.993249402844007,6.993249402844007,2.8603023338681615,8.051779109212946,8.051779109212946,63.87253680331119,90.01451934221106,90.01451934221106,122.48630252986747,122.48630252986747,2,2
physical-diaphragm-compact-coupled-measured-m2-az24-q3-reg1e-06,active-surface-modal,h1659-acoustic-compact,measured,2,physical-diaphragm,0.0,0,,,,,,,90,0.12084128833078041,0.13245797663557807,0.23082708519072526,1200.0,90.0,2.937139121736174,6.993249402844007,6.993249402844007,2.8603023338681615,8.051779109212946,8.051779109212946,63.87253680331119,90.01451934221106,90.01451934221106,122.48630252986747,122.48630252986747,2,2
physical-diaphragm-compact-coupled-measured-m2-az24-q3-reg3e-06,active-surface-modal,h1659-acoustic-compact,measured,2,physical-diaphragm,0.0,0,,,,,,,0_60,0.022268112565407568,0.03655567533977801,0.1359649989394569,1200.0,60.0,2.9376101736380926,7.079720949517617,7.079720949517617,2.8609806380695244,8.147907523659999,8.147907523659999,63.80452982201461,90.0689325559663,90.0689325559663,122.48630252986747,122.48630252986747,2,2
physical-diaphragm-compact-coupled-measured-m2-az24-q3-reg3e-06,active-surface-modal,h1659-acoustic-compact,measured,2,physical-diaphragm,0.0,0,,,,,,,70_90,0.09804076984843416,0.11412904375000121,0.23079160470500426,1200.0,90.0,2.9376101736380926,7.079720949517617,7.079720949517617,2.8609806380695244,8.147907523659999,8.147907523659999,63.80452982201461,90.0689325559663,90.0689325559663,122.48630252986747,122.48630252986747,2,2
physical-diaphragm-compact-coupled-measured-m2-az24-q3-reg3e-06,active-surface-modal,h1659-acoustic-compact,measured,2,physical-diaphragm,0.0,0,,,,,,,80_90,0.10742251627689173,0.12223034861138707,0.23079160470500426,1200.0,90.0,2.9376101736380926,7.079720949517617,7.079720949517617,2.8609806380695244,8.147907523659999,8.147907523659999,63.80452982201461,90.0689325559663,90.0689325559663,122.48630252986747,122.48630252986747,2,2
physical-diaphragm-compact-coupled-measured-m2-az24-q3-reg3e-06,active-surface-modal,h1659-acoustic-compact,measured,2,physical-diaphragm,0.0,0,,,,,,,90,0.12075221579265312,0.1323817778853764,0.23079160470500426,1200.0,90.0,2.9376101736380926,7.079720949517617,7.079720949517617,2.8609806380695244,8.147907523659999,8.147907523659999,63.80452982201461,90.0689325559663,90.0689325559663,122.48630252986747,122.48630252986747,2,2
physical-diaphragm-compact-coupled-dipole-m2-az16-q3-reg1e-06,active-surface-modal,h1659-acoustic-compact,dipole,2,physical-diaphragm,0.0,0,,,,,,,0_60,0.04782627129443295,0.08562472972055185,0.342514762373753,1200.0,60.0,5.085809903924154,4.243362938496957,5.085809903924154,4.178570102048331,4.261498438077436,4.261498438077436,69.40584065996006,29.209681339582186,69.40584065996006,112.57415466344735,112.57415466344735,2,2
physical-diaphragm-compact-coupled-dipole-m2-az16-q3-reg1e-06,active-surface-modal,h1659-acoustic-compact,dipole,2,physical-diaphragm,0.0,0,,,,,,,70_90,0.13766209596495713,0.15906844988923205,0.321097825685726,1200.0,70.0,5.085809903924154,4.243362938496957,5.085809903924154,4.178570102048331,4.261498438077436,4.261498438077436,69.40584065996006,29.209681339582186,69.40584065996006,112.57415466344735,112.57415466344735,2,2
physical-diaphragm-compact-coupled-dipole-m2-az16-q3-reg1e-06,active-surface-modal,h1659-acoustic-compact,dipole,2,physical-diaphragm,0.0,0,,,,,,,80_90,0.14266328589847757,0.16025910875101435,0.30296165801634345,1200.0,80.0,5.085809903924154,4.243362938496957,5.085809903924154,4.178570102048331,4.261498438077436,4.261498438077436,69.40584065996006,29.209681339582186,69.40584065996006,112.57415466344735,112.57415466344735,2,2
physical-diaphragm-compact-coupled-dipole-m2-az16-q3-reg1e-06,active-surface-modal,h1659-acoustic-compact,dipole,2,physical-diaphragm,0.0,0,,,,,,,90,0.15078421170413825,0.16426681441854263,0.2982673632667314,1200.0,90.0,5.085809903924154,4.243362938496957,5.085809903924154,4.178570102048331,4.261498438077436,4.261498438077436,69.40584065996006,29.209681339582186,69.40584065996006,112.57415466344735,112.57415466344735,2,2
physical-diaphragm-compact-coupled-dipole-m2-az16-q3-reg3e-06,active-surface-modal,h1659-acoustic-compact,dipole,2,physical-diaphragm,0.0,0,,,,,,,0_60,0.04782543365065549,0.08562361338779531,0.3425096725532555,1200.0,60.0,5.086646297680157,4.245059661888432,5.086646297680157,4.174235932907924,4.255843480593576,4.255843480593576,69.40178053378237,29.22083577385031,69.40178053378237,112.57415466344735,112.57415466344735,2,2
physical-diaphragm-compact-coupled-dipole-m2-az16-q3-reg3e-06,active-surface-modal,h1659-acoustic-compact,dipole,2,physical-diaphragm,0.0,0,,,,,,,70_90,0.13764340100707176,0.1590551391830854,0.3210921952460666,1200.0,70.0,5.086646297680157,4.245059661888432,5.086646297680157,4.174235932907924,4.255843480593576,4.255843480593576,69.40178053378237,29.22083577385031,69.40178053378237,112.57415466344735,112.57415466344735,2,2
physical-diaphragm-compact-coupled-dipole-m2-az16-q3-reg3e-06,active-surface-modal,h1659-acoustic-compact,dipole,2,physical-diaphragm,0.0,0,,,,,,,80_90,0.1426409382885389,0.16024365560825934,0.30295644754677653,1200.0,80.0,5.086646297680157,4.245059661888432,5.086646297680157,4.174235932907924,4.255843480593576,4.255843480593576,69.40178053378237,29.22083577385031,69.40178053378237,112.57415466344735,112.57415466344735,2,2
physical-diaphragm-compact-coupled-dipole-m2-az16-q3-reg3e-06,active-surface-modal,h1659-acoustic-compact,dipole,2,physical-diaphragm,0.0,0,,,,,,,90,0.15075720113084487,0.16424826759392863,0.29826226153556945,1200.0,90.0,5.086646297680157,4.245059661888432,5.086646297680157,4.174235932907924,4.255843480593576,4.255843480593576,69.40178053378237,29.22083577385031,69.40178053378237,112.57415466344735,112.57415466344735,2,2
physical-diaphragm-compact-coupled-dipole-m2-az24-q3-reg1e-06,active-surface-modal,h1659-acoustic-compact,dipole,2,physical-diaphragm,0.0,0,,,,,,,0_60,0.0485924093434605,0.08665662754151301,0.3421788114061002,1200.0,60.0,5.210315472032129,4.317788941450099,5.210315472032129,4.2720072759503,4.328555015751594,4.328555015751594,69.50741943924315,29.570068165866886,69.50741943924315,122.48630252986747,122.48630252986747,2,2
physical-diaphragm-compact-coupled-dipole-m2-az24-q3-reg1e-06,active-surface-modal,h1659-acoustic-compact,dipole,2,physical-diaphragm,0.0,0,,,,,,,70_90,0.1374089722994476,0.15859465749648846,0.31952844248915824,1200.0,70.0,5.210315472032129,4.317788941450099,5.210315472032129,4.2720072759503,4.328555015751594,4.328555015751594,69.50741943924315,29.570068165866886,69.50741943924315,122.48630252986747,122.48630252986747,2,2
physical-diaphragm-compact-coupled-dipole-m2-az24-q3-reg1e-06,active-surface-modal,h1659-acoustic-compact,dipole,2,physical-diaphragm,0.0,0,,,,,,,80_90,0.1421049483588804,0.15953442325154957,0.30100622420320633,1200.0,80.0,5.210315472032129,4.317788941450099,5.210315472032129,4.2720072759503,4.328555015751594,4.328555015751594,69.50741943924315,29.570068165866886,69.50741943924315,122.48630252986747,122.48630252986747,2,2
physical-diaphragm-compact-coupled-dipole-m2-az24-q3-reg1e-06,active-surface-modal,h1659-acoustic-compact,dipole,2,physical-diaphragm,0.0,0,,,,,,,90,0.14987840526321763,0.16330025376942733,0.29608918981566035,1200.0,90.0,5.210315472032129,4.317788941450099,5.210315472032129,4.2720072759503,4.328555015751594,4.328555015751594,69.50741943924315,29.570068165866886,69.50741943924315,122.48630252986747,122.48630252986747,2,2
physical-diaphragm-compact-coupled-dipole-m2-az24-q3-reg3e-06,active-surface-modal,h1659-acoustic-compact,dipole,2,physical-diaphragm,0.0,0,,,,,,,0_60,0.04859117156364421,0.08665512552756491,0.34217271408232364,1200.0,60.0,5.211275906090994,4.319752084120072,5.211275906090994,4.2671712309968655,4.3218699160816385,4.3218699160816385,69.5026825641751,29.58322154060653,69.5026825641751,122.48630252986747,122.48630252986747,2,2
physical-diaphragm-compact-coupled-dipole-m2-az24-q3-reg3e-06,active-surface-modal,h1659-acoustic-compact,dipole,2,physical-diaphragm,0.0,0,,,,,,,70_90,0.13738636162414639,0.15857868918590076,0.31952179634015465,1200.0,70.0,5.211275906090994,4.319752084120072,5.211275906090994,4.2671712309968655,4.3218699160816385,4.3218699160816385,69.5026825641751,29.58322154060653,69.5026825641751,122.48630252986747,122.48630252986747,2,2
physical-diaphragm-compact-coupled-dipole-m2-az24-q3-reg3e-06,active-surface-modal,h1659-acoustic-compact,dipole,2,physical-diaphragm,0.0,0,,,,,,,80_90,0.1420781622442744,0.1595159758644601,0.30100006178463445,1200.0,80.0,5.211275906090994,4.319752084120072,5.211275906090994,4.2671712309968655,4.3218699160816385,4.3218699160816385,69.5026825641751,29.58322154060653,69.5026825641751,122.48630252986747,122.48630252986747,2,2
physical-diaphragm-compact-coupled-dipole-m2-az24-q3-reg3e-06,active-surface-modal,h1659-acoustic-compact,dipole,2,physical-diaphragm,0.0,0,,,,,,,90,0.14984640633401486,0.16327828546765938,0.2960831531360668,1200.0,90.0,5.211275906090994,4.319752084120072,5.211275906090994,4.2671712309968655,4.3218699160816385,4.3218699160816385,69.5026825641751,29.58322154060653,69.5026825641751,122.48630252986747,122.48630252986747,2,2
physical-diaphragm-compact-coupled-measured-m3-az16-q3-reg1e-06,active-surface-modal,h1659-acoustic-compact,measured,3,physical-diaphragm,0.0,0,,,,,,,0_60,0.020006443050684518,0.0353164566871347,0.18553160364138677,1200.0,60.0,1.9267828748995726,4.422437033652596,4.422437033652596,2.096075523066632,6.374259813426192,6.374259813426192,64.88581552297984,78.88860747610723,78.88860747610723,5700.172184617325,5700.172184617325,3,3
physical-diaphragm-compact-coupled-measured-m3-az16-q3-reg1e-06,active-surface-modal,h1659-acoustic-compact,measured,3,physical-diaphragm,0.0,0,,,,,,,70_90,0.11209009345581629,0.1362069284114314,0.2755974334517006,1200.0,90.0,1.9267828748995726,4.422437033652596,4.422437033652596,2.096075523066632,6.374259813426192,6.374259813426192,64.88581552297984,78.88860747610723,78.88860747610723,5700.172184617325,5700.172184617325,3,3
physical-diaphragm-compact-coupled-measured-m3-az16-q3-reg1e-06,active-surface-modal,h1659-acoustic-compact,measured,3,physical-diaphragm,0.0,0,,,,,,,80_90,0.12483646840511499,0.1471931377681741,0.2755974334517006,1200.0,90.0,1.9267828748995726,4.422437033652596,4.422437033652596,2.096075523066632,6.374259813426192,6.374259813426192,64.88581552297984,78.88860747610723,78.88860747610723,5700.172184617325,5700.172184617325,3,3
physical-diaphragm-compact-coupled-measured-m3-az16-q3-reg1e-06,active-surface-modal,h1659-acoustic-compact,measured,3,physical-diaphragm,0.0,0,,,,,,,90,0.14284516328293273,0.1609300843367591,0.2755974334517006,1200.0,90.0,1.9267828748995726,4.422437033652596,4.422437033652596,2.096075523066632,6.374259813426192,6.374259813426192,64.88581552297984,78.88860747610723,78.88860747610723,5700.172184617325,5700.172184617325,3,3
physical-diaphragm-compact-coupled-measured-m3-az16-q3-reg3e-06,active-surface-modal,h1659-acoustic-compact,measured,3,physical-diaphragm,0.0,0,,,,,,,0_60,0.020884539233356644,0.03593493139149423,0.17854071564746476,1200.0,60.0,2.2480250708626732,5.9210381784906625,5.9210381784906625,2.3341332274566904,7.568019747457067,7.568019747457067,63.536405701883865,79.98339963960478,79.98339963960478,5700.172184617325,5700.172184617325,3,3
physical-diaphragm-compact-coupled-measured-m3-az16-q3-reg3e-06,active-surface-modal,h1659-acoustic-compact,measured,3,physical-diaphragm,0.0,0,,,,,,,70_90,0.10919012316375473,0.13132454342952013,0.2716891634495653,1200.0,90.0,2.2480250708626732,5.9210381784906625,5.9210381784906625,2.3341332274566904,7.568019747457067,7.568019747457067,63.536405701883865,79.98339963960478,79.98339963960478,5700.172184617325,5700.172184617325,3,3
physical-diaphragm-compact-coupled-measured-m3-az16-q3-reg3e-06,active-surface-modal,h1659-acoustic-compact,measured,3,physical-diaphragm,0.0,0,,,,,,,80_90,0.12082505189348637,0.141393574905955,0.2716891634495653,1200.0,90.0,2.2480250708626732,5.9210381784906625,5.9210381784906625,2.3341332274566904,7.568019747457067,7.568019747457067,63.536405701883865,79.98339963960478,79.98339963960478,5700.172184617325,5700.172184617325,3,3
physical-diaphragm-compact-coupled-measured-m3-az16-q3-reg3e-06,active-surface-modal,h1659-acoustic-compact,measured,3,physical-diaphragm,0.0,0,,,,,,,90,0.13725321011245978,0.15398643278093643,0.2716891634495653,1200.0,90.0,2.2480250708626732,5.9210381784906625,5.9210381784906625,2.3341332274566904,7.568019747457067,7.568019747457067,63.536405701883865,79.98339963960478,79.98339963960478,5700.172184617325,5700.172184617325,3,3
physical-diaphragm-compact-coupled-measured-m3-az24-q3-reg1e-06,active-surface-modal,h1659-acoustic-compact,measured,3,physical-diaphragm,0.0,0,,,,,,,0_60,0.019853012276196326,0.03513231749687123,0.18617590251509597,1200.0,60.0,1.9137158652094108,4.300295564137555,4.300295564137555,2.0851781862015515,6.278021276080635,6.278021276080635,65.10820843122879,78.90558101862479,78.90558101862479,5382.358345197915,5382.358345197915,3,3
physical-diaphragm-compact-coupled-measured-m3-az24-q3-reg1e-06,active-surface-modal,h1659-acoustic-compact,measured,3,physical-diaphragm,0.0,0,,,,,,,70_90,0.11286244661053656,0.13729811582458068,0.2768071534825225,1200.0,90.0,1.9137158652094108,4.300295564137555,4.300295564137555,2.0851781862015515,6.278021276080635,6.278021276080635,65.10820843122879,78.90558101862479,78.90558101862479,5382.358345197915,5382.358345197915,3,3
physical-diaphragm-compact-coupled-measured-m3-az24-q3-reg1e-06,active-surface-modal,h1659-acoustic-compact,measured,3,physical-diaphragm,0.0,0,,,,,,,80_90,0.12576656639961808,0.14840750230194763,0.2768071534825225,1200.0,90.0,1.9137158652094108,4.300295564137555,4.300295564137555,2.0851781862015515,6.278021276080635,6.278021276080635,65.10820843122879,78.90558101862479,78.90558101862479,5382.358345197915,5382.358345197915,3,3
physical-diaphragm-compact-coupled-measured-m3-az24-q3-reg1e-06,active-surface-modal,h1659-acoustic-compact,measured,3,physical-diaphragm,0.0,0,,,,,,,90,0.1438766626249411,0.16218212606757193,0.2768071534825225,1200.0,90.0,1.9137158652094108,4.300295564137555,4.300295564137555,2.0851781862015515,6.278021276080635,6.278021276080635,65.10820843122879,78.90558101862479,78.90558101862479,5382.358345197915,5382.358345197915,3,3
physical-diaphragm-compact-coupled-measured-m3-az24-q3-reg3e-06,active-surface-modal,h1659-acoustic-compact,measured,3,physical-diaphragm,0.0,0,,,,,,,0_60,0.020814496530910172,0.03588813905545367,0.17991743100072455,1200.0,60.0,2.2502674676337158,5.7817116603296625,5.7817116603296625,2.3309629045438776,7.442002494635395,7.442002494635395,63.765936463715526,79.88974815672606,79.88974815672606,5382.358345197915,5382.358345197915,3,3
physical-diaphragm-compact-coupled-measured-m3-az24-q3-reg3e-06,active-surface-modal,h1659-acoustic-compact,measured,3,physical-diaphragm,0.0,0,,,,,,,70_90,0.11017169205761568,0.13265853878966874,0.27330924757579567,1200.0,90.0,2.2502674676337158,5.7817116603296625,5.7817116603296625,2.3309629045438776,7.442002494635395,7.442002494635395,63.765936463715526,79.88974815672606,79.88974815672606,5382.358345197915,5382.358345197915,3,3
physical-diaphragm-compact-coupled-measured-m3-az24-q3-reg3e-06,active-surface-modal,h1659-acoustic-compact,measured,3,physical-diaphragm,0.0,0,,,,,,,80_90,0.12190241881728867,0.14280460215464444,0.27330924757579567,1200.0,90.0,2.2502674676337158,5.7817116603296625,5.7817116603296625,2.3309629045438776,7.442002494635395,7.442002494635395,63.765936463715526,79.88974815672606,79.88974815672606,5382.358345197915,5382.358345197915,3,3
physical-diaphragm-compact-coupled-measured-m3-az24-q3-reg3e-06,active-surface-modal,h1659-acoustic-compact,measured,3,physical-diaphragm,0.0,0,,,,,,,90,0.13832509052052502,0.1553573613160604,0.27330924757579567,1200.0,90.0,2.2502674676337158,5.7817116603296625,5.7817116603296625,2.3309629045438776,7.442002494635395,7.442002494635395,63.765936463715526,79.88974815672606,79.88974815672606,5382.358345197915,5382.358345197915,3,3
physical-diaphragm-compact-coupled-dipole-m3-az16-q3-reg1e-06,active-surface-modal,h1659-acoustic-compact,dipole,3,physical-diaphragm,0.0,0,,,,,,,0_60,0.03135123459322314,0.056008565864452436,0.28059142313324514,1200.0,60.0,2.756953225712203,5.786202206251026,5.786202206251026,2.6331932728670338,5.350523356841627,5.350523356841627,67.01254614392661,26.856160235886044,67.01254614392661,5700.172184617325,5700.172184617325,3,3
physical-diaphragm-compact-coupled-dipole-m3-az16-q3-reg1e-06,active-surface-modal,h1659-acoustic-compact,dipole,3,physical-diaphragm,0.0,0,,,,,,,70_90,0.15801876110168378,0.19117680966983946,0.4442756681546456,1200.0,90.0,2.756953225712203,5.786202206251026,5.786202206251026,2.6331932728670338,5.350523356841627,5.350523356841627,67.01254614392661,26.856160235886044,67.01254614392661,5700.172184617325,5700.172184617325,3,3
physical-diaphragm-compact-coupled-dipole-m3-az16-q3-reg1e-06,active-surface-modal,h1659-acoustic-compact,dipole,3,physical-diaphragm,0.0,0,,,,,,,80_90,0.17523941906821672,0.20653154530519421,0.4442756681546456,1200.0,90.0,2.756953225712203,5.786202206251026,5.786202206251026,2.6331932728670338,5.350523356841627,5.350523356841627,67.01254614392661,26.856160235886044,67.01254614392661,5700.172184617325,5700.172184617325,3,3
physical-diaphragm-compact-coupled-dipole-m3-az16-q3-reg1e-06,active-surface-modal,h1659-acoustic-compact,dipole,3,physical-diaphragm,0.0,0,,,,,,,90,0.1959570800932411,0.22302397308462435,0.4442756681546456,1200.0,90.0,2.756953225712203,5.786202206251026,5.786202206251026,2.6331932728670338,5.350523356841627,5.350523356841627,67.01254614392661,26.856160235886044,67.01254614392661,5700.172184617325,5700.172184617325,3,3
physical-diaphragm-compact-coupled-dipole-m3-az16-q3-reg3e-06,active-surface-modal,h1659-acoustic-compact,dipole,3,physical-diaphragm,0.0,0,,,,,,,0_60,0.03534345590265293,0.0631833794401142,0.3012246338780429,1200.0,60.0,3.1828597083009265,4.853807796765842,4.853807796765842,2.906607719433559,4.637372668930855,4.637372668930855,68.09658954077932,26.632106033724146,68.09658954077932,5700.172184617325,5700.172184617325,3,3
physical-diaphragm-compact-coupled-dipole-m3-az16-q3-reg3e-06,active-surface-modal,h1659-acoustic-compact,dipole,3,physical-diaphragm,0.0,0,,,,,,,70_90,0.15651972515859333,0.1889056989134584,0.4337228641966888,1200.0,90.0,3.1828597083009265,4.853807796765842,4.853807796765842,2.906607719433559,4.637372668930855,4.637372668930855,68.09658954077932,26.632106033724146,68.09658954077932,5700.172184617325,5700.172184617325,3,3
physical-diaphragm-compact-coupled-dipole-m3-az16-q3-reg3e-06,active-surface-modal,h1659-acoustic-compact,dipole,3,physical-diaphragm,0.0,0,,,,,,,80_90,0.16951892656308115,0.19986445501777406,0.4337228641966888,1200.0,90.0,3.1828597083009265,4.853807796765842,4.853807796765842,2.906607719433559,4.637372668930855,4.637372668930855,68.09658954077932,26.632106033724146,68.09658954077932,5700.172184617325,5700.172184617325,3,3
physical-diaphragm-compact-coupled-dipole-m3-az16-q3-reg3e-06,active-surface-modal,h1659-acoustic-compact,dipole,3,physical-diaphragm,0.0,0,,,,,,,90,0.1847177138676116,0.211155410426443,0.4337228641966888,1200.0,90.0,3.1828597083009265,4.853807796765842,4.853807796765842,2.906607719433559,4.637372668930855,4.637372668930855,68.09658954077932,26.632106033724146,68.09658954077932,5700.172184617325,5700.172184617325,3,3
physical-diaphragm-compact-coupled-dipole-m3-az24-q3-reg1e-06,active-surface-modal,h1659-acoustic-compact,dipole,3,physical-diaphragm,0.0,0,,,,,,,0_60,0.031080391551621057,0.05538775011435198,0.27702196135650325,1200.0,60.0,2.7516067715463843,5.899101276415605,5.899101276415605,2.6364408131368893,5.448687192702446,5.448687192702446,66.94086253687627,26.97188907845972,66.94086253687627,5382.358345197915,5382.358345197915,3,3
physical-diaphragm-compact-coupled-dipole-m3-az24-q3-reg1e-06,active-surface-modal,h1659-acoustic-compact,dipole,3,physical-diaphragm,0.0,0,,,,,,,70_90,0.15782339989174934,0.1908664469909876,0.4446125043155007,1200.0,90.0,2.7516067715463843,5.899101276415605,5.899101276415605,2.6364408131368893,5.448687192702446,5.448687192702446,66.94086253687627,26.97188907845972,66.94086253687627,5382.358345197915,5382.358345197915,3,3
physical-diaphragm-compact-coupled-dipole-m3-az24-q3-reg1e-06,active-surface-modal,h1659-acoustic-compact,dipole,3,physical-diaphragm,0.0,0,,,,,,,80_90,0.17545966255637932,0.206685653981582,0.4446125043155007,1200.0,90.0,2.7516067715463843,5.899101276415605,5.899101276415605,2.6364408131368893,5.448687192702446,5.448687192702446,66.94086253687627,26.97188907845972,66.94086253687627,5382.358345197915,5382.358345197915,3,3
physical-diaphragm-compact-coupled-dipole-m3-az24-q3-reg1e-06,active-surface-modal,h1659-acoustic-compact,dipole,3,physical-diaphragm,0.0,0,,,,,,,90,0.19678518541573628,0.22382936795964078,0.4446125043155007,1200.0,90.0,2.7516067715463843,5.899101276415605,5.899101276415605,2.6364408131368893,5.448687192702446,5.448687192702446,66.94086253687627,26.97188907845972,66.94086253687627,5382.358345197915,5382.358345197915,3,3
physical-diaphragm-compact-coupled-dipole-m3-az24-q3-reg3e-06,active-surface-modal,h1659-acoustic-compact,dipole,3,physical-diaphragm,0.0,0,,,,,,,0_60,0.03504315133870487,0.06240578738731466,0.29642865733462287,1200.0,60.0,3.1779291926887616,4.961058873859927,4.961058873859927,2.9086635670915957,4.725267377174433,4.725267377174433,68.06918409299627,26.694351454597136,68.06918409299627,5382.358345197915,5382.358345197915,3,3
physical-diaphragm-compact-coupled-dipole-m3-az24-q3-reg3e-06,active-surface-modal,h1659-acoustic-compact,dipole,3,physical-diaphragm,0.0,0,,,,,,,70_90,0.1566822037939857,0.18899978469499973,0.4348115473159595,1200.0,90.0,3.1779291926887616,4.961058873859927,4.961058873859927,2.9086635670915957,4.725267377174433,4.725267377174433,68.06918409299627,26.694351454597136,68.06918409299627,5382.358345197915,5382.358345197915,3,3
physical-diaphragm-compact-coupled-dipole-m3-az24-q3-reg3e-06,active-surface-modal,h1659-acoustic-compact,dipole,3,physical-diaphragm,0.0,0,,,,,,,80_90,0.1700613529264809,0.200476079418635,0.4348115473159595,1200.0,90.0,3.1779291926887616,4.961058873859927,4.961058873859927,2.9086635670915957,4.725267377174433,4.725267377174433,68.06918409299627,26.694351454597136,68.06918409299627,5382.358345197915,5382.358345197915,3,3
physical-diaphragm-compact-coupled-dipole-m3-az24-q3-reg3e-06,active-surface-modal,h1659-acoustic-compact,dipole,3,physical-diaphragm,0.0,0,,,,,,,90,0.18561090518096027,0.21225859666392416,0.4348115473159595,1200.0,90.0,3.1779291926887616,4.961058873859927,4.961058873859927,2.9086635670915957,4.725267377174433,4.725267377174433,68.06918409299627,26.694351454597136,68.06918409299627,5382.358345197915,5382.358345197915,3,3
physical-diaphragm-compact-coupled-measured-az16-q3-reg1e-06,active-surface-modal,h1659-acoustic-compact,measured,4,physical-diaphragm,0.0,0,,,,,,,0_60,0.005875211184046829,0.013289374799081953,0.0432076998635722,1200.0,30.0,2.144464861660611,4.286161230618588,4.286161230618588,2.3254747635134443,5.753708572461752,5.753708572461752,56.04328507548461,69.51404336116843,69.51404336116843,37641.93822963838,37641.93822963838,4,4
physical-diaphragm-compact-coupled-measured-az16-q3-reg1e-06,active-surface-modal,h1659-acoustic-compact,measured,4,physical-diaphragm,0.0,0,,,,,,,70_90,0.045751771602975236,0.10262724134267358,0.5235444001144955,1009.0756983044574,80.0,2.144464861660611,4.286161230618588,4.286161230618588,2.3254747635134443,5.753708572461752,5.753708572461752,56.04328507548461,69.51404336116843,69.51404336116843,37641.93822963838,37641.93822963838,4,4
physical-diaphragm-compact-coupled-measured-az16-q3-reg1e-06,active-surface-modal,h1659-acoustic-compact,measured,4,physical-diaphragm,0.0,0,,,,,,,80_90,0.06543430498296501,0.12195157591351914,0.5235444001144955,1009.0756983044574,80.0,2.144464861660611,4.286161230618588,4.286161230618588,2.3254747635134443,5.753708572461752,5.753708572461752,56.04328507548461,69.51404336116843,69.51404336116843,37641.93822963838,37641.93822963838,4,4
physical-diaphragm-compact-coupled-measured-az16-q3-reg1e-06,active-surface-modal,h1659-acoustic-compact,measured,4,physical-diaphragm,0.0,0,,,,,,,90,0.10479977522151428,0.11050236140842155,0.1778859925340086,1200.0,90.0,2.144464861660611,4.286161230618588,4.286161230618588,2.3254747635134443,5.753708572461752,5.753708572461752,56.04328507548461,69.51404336116843,69.51404336116843,37641.93822963838,37641.93822963838,4,4
physical-diaphragm-compact-coupled-measured-az16-q3-reg3e-06,active-surface-modal,h1659-acoustic-compact,measured,4,physical-diaphragm,0.0,0,,,,,,,0_60,0.009630289450882174,0.018578134419144812,0.05819264159465831,1200.0,60.0,2.8168199447606996,5.6892458930142915,5.6892458930142915,3.040720293467686,7.18181591106037,7.18181591106037,60.791005660378026,74.09141172615836,74.09141172615836,37641.93822963838,37641.93822963838,4,4
physical-diaphragm-compact-coupled-measured-az16-q3-reg3e-06,active-surface-modal,h1659-acoustic-compact,measured,4,physical-diaphragm,0.0,0,,,,,,,70_90,0.0797747031592657,0.1175677846752497,0.473839062579934,1165.838329384327,80.0,2.8168199447606996,5.6892458930142915,5.6892458930142915,3.040720293467686,7.18181591106037,7.18181591106037,60.791005660378026,74.09141172615836,74.09141172615836,37641.93822963838,37641.93822963838,4,4
physical-diaphragm-compact-coupled-measured-az16-q3-reg3e-06,active-surface-modal,h1659-acoustic-compact,measured,4,physical-diaphragm,0.0,0,,,,,,,80_90,0.10797185206114028,0.13448163089881884,0.473839062579934,1165.838329384327,80.0,2.8168199447606996,5.6892458930142915,5.6892458930142915,3.040720293467686,7.18181591106037,7.18181591106037,60.791005660378026,74.09141172615836,74.09141172615836,37641.93822963838,37641.93822963838,4,4
physical-diaphragm-compact-coupled-measured-az16-q3-reg3e-06,active-surface-modal,h1659-acoustic-compact,measured,4,physical-diaphragm,0.0,0,,,,,,,90,0.11572348642078396,0.12347677695998138,0.18876728470159776,1200.0,90.0,2.8168199447606996,5.6892458930142915,5.6892458930142915,3.040720293467686,7.18181591106037,7.18181591106037,60.791005660378026,74.09141172615836,74.09141172615836,37641.93822963838,37641.93822963838,4,4
physical-diaphragm-compact-coupled-measured-az24-q3-reg1e-06,active-surface-modal,h1659-acoustic-compact,measured,4,physical-diaphragm,0.0,0,,,,,,,0_60,0.005781694744238021,0.013771679993673874,0.05410203346157516,1200.0,30.0,2.0636759008326915,4.216117680694408,4.216117680694408,2.217685319235002,5.61184996984058,5.61184996984058,55.380318071386995,68.8387594969572,68.8387594969572,33111.576545466814,33111.576545466814,4,4
physical-diaphragm-compact-coupled-measured-az24-q3-reg1e-06,active-surface-modal,h1659-acoustic-compact,measured,4,physical-diaphragm,0.0,0,,,,,,,70_90,0.0421958224676924,0.08941048129748536,0.3234505697981902,980.3492719446599,80.0,2.0636759008326915,4.216117680694408,4.216117680694408,2.217685319235002,5.61184996984058,5.61184996984058,55.380318071386995,68.8387594969572,68.8387594969572,33111.576545466814,33111.576545466814,4,4
physical-diaphragm-compact-coupled-measured-az24-q3-reg1e-06,active-surface-modal,h1659-acoustic-compact,measured,4,physical-diaphragm,0.0,0,,,,,,,80_90,0.0612713898416442,0.10603524803359794,0.3234505697981902,980.3492719446599,80.0,2.0636759008326915,4.216117680694408,4.216117680694408,2.217685319235002,5.61184996984058,5.61184996984058,55.380318071386995,68.8387594969572,68.8387594969572,33111.576545466814,33111.576545466814,4,4
physical-diaphragm-compact-coupled-measured-az24-q3-reg1e-06,active-surface-modal,h1659-acoustic-compact,measured,4,physical-diaphragm,0.0,0,,,,,,,90,0.10183285966954897,0.10729823909773883,0.1806615440222359,1200.0,90.0,2.0636759008326915,4.216117680694408,4.216117680694408,2.217685319235002,5.61184996984058,5.61184996984058,55.380318071386995,68.8387594969572,68.8387594969572,33111.576545466814,33111.576545466814,4,4
physical-diaphragm-compact-coupled-measured-az24-q3-reg3e-06,active-surface-modal,h1659-acoustic-compact,measured,4,physical-diaphragm,0.0,0,,,,,,,0_60,0.00917923586597138,0.017195490095309816,0.0535321635150936,713.5242690016327,60.0,2.7797381012512643,5.544733914853424,5.544733914853424,2.986455099343744,6.990321021049183,6.990321021049183,59.160097393270455,73.2520852311041,73.2520852311041,33111.576545466814,33111.576545466814,4,4
physical-diaphragm-compact-coupled-measured-az24-q3-reg3e-06,active-surface-modal,h1659-acoustic-compact,measured,4,physical-diaphragm,0.0,0,,,,,,,70_90,0.08078131428380232,0.1315693226929021,0.6932175610416706,1132.6491752180323,80.0,2.7797381012512643,5.544733914853424,5.544733914853424,2.986455099343744,6.990321021049183,6.990321021049183,59.160097393270455,73.2520852311041,73.2520852311041,33111.576545466814,33111.576545466814,4,4
physical-diaphragm-compact-coupled-measured-az24-q3-reg3e-06,active-surface-modal,h1659-acoustic-compact,measured,4,physical-diaphragm,0.0,0,,,,,,,80_90,0.1108346452378901,0.1543616148508398,0.6932175610416706,1132.6491752180323,80.0,2.7797381012512643,5.544733914853424,5.544733914853424,2.986455099343744,6.990321021049183,6.990321021049183,59.160097393270455,73.2520852311041,73.2520852311041,33111.576545466814,33111.576545466814,4,4
physical-diaphragm-compact-coupled-measured-az24-q3-reg3e-06,active-surface-modal,h1659-acoustic-compact,measured,4,physical-diaphragm,0.0,0,,,,,,,90,0.11347352968294436,0.12063169404086622,0.18775537062999348,1200.0,90.0,2.7797381012512643,5.544733914853424,5.544733914853424,2.986455099343744,6.990321021049183,6.990321021049183,59.160097393270455,73.2520852311041,73.2520852311041,33111.576545466814,33111.576545466814,4,4
physical-diaphragm-compact-coupled-dipole-az16-q3-reg1e-06,active-surface-modal,h1659-acoustic-compact,dipole,4,physical-diaphragm,0.0,0,,,,,,,0_60,0.027433287101191525,0.045319538447919326,0.19423942595516053,1200.0,60.0,3.418771241228648,4.636352823161292,4.636352823161292,3.3400360656935937,4.3364723638890785,4.3364723638890785,61.88075441656487,23.525800088361333,61.88075441656487,37641.93822963838,37641.93822963838,4,4
physical-diaphragm-compact-coupled-dipole-az16-q3-reg1e-06,active-surface-modal,h1659-acoustic-compact,dipole,4,physical-diaphragm,0.0,0,,,,,,,70_90,0.14089509979329173,0.16389571175040255,0.3760673979733653,1200.0,90.0,3.418771241228648,4.636352823161292,4.636352823161292,3.3400360656935937,4.3364723638890785,4.3364723638890785,61.88075441656487,23.525800088361333,61.88075441656487,37641.93822963838,37641.93822963838,4,4
physical-diaphragm-compact-coupled-dipole-az16-q3-reg1e-06,active-surface-modal,h1659-acoustic-compact,dipole,4,physical-diaphragm,0.0,0,,,,,,,80_90,0.15986921739403503,0.18121255241162532,0.3760673979733653,1200.0,90.0,3.418771241228648,4.636352823161292,4.636352823161292,3.3400360656935937,4.3364723638890785,4.3364723638890785,61.88075441656487,23.525800088361333,61.88075441656487,37641.93822963838,37641.93822963838,4,4
physical-diaphragm-compact-coupled-dipole-az16-q3-reg1e-06,active-surface-modal,h1659-acoustic-compact,dipole,4,physical-diaphragm,0.0,0,,,,,,,90,0.18485058380145994,0.2036880449816056,0.3760673979733653,1200.0,90.0,3.418771241228648,4.636352823161292,4.636352823161292,3.3400360656935937,4.3364723638890785,4.3364723638890785,61.88075441656487,23.525800088361333,61.88075441656487,37641.93822963838,37641.93822963838,4,4
physical-diaphragm-compact-coupled-dipole-az16-q3-reg3e-06,active-surface-modal,h1659-acoustic-compact,dipole,4,physical-diaphragm,0.0,0,,,,,,,0_60,0.03010785533826643,0.049803886363235524,0.16470303467976777,1165.838329384327,60.0,3.301190552978025,4.298861722140064,4.298861722140064,3.124431203048401,4.099853647900193,4.099853647900193,66.33998610836349,24.5003067567734,66.33998610836349,37641.93822963838,37641.93822963838,4,4
physical-diaphragm-compact-coupled-dipole-az16-q3-reg3e-06,active-surface-modal,h1659-acoustic-compact,dipole,4,physical-diaphragm,0.0,0,,,,,,,70_90,0.15275824671870666,0.180969671208584,0.3901362690234791,1200.0,80.0,3.301190552978025,4.298861722140064,4.298861722140064,3.124431203048401,4.099853647900193,4.099853647900193,66.33998610836349,24.5003067567734,66.33998610836349,37641.93822963838,37641.93822963838,4,4
physical-diaphragm-compact-coupled-dipole-az16-q3-reg3e-06,active-surface-modal,h1659-acoustic-compact,dipole,4,physical-diaphragm,0.0,0,,,,,,,80_90,0.16859561963715897,0.19577610304671936,0.3901362690234791,1200.0,80.0,3.301190552978025,4.298861722140064,4.298861722140064,3.124431203048401,4.099853647900193,4.099853647900193,66.33998610836349,24.5003067567734,66.33998610836349,37641.93822963838,37641.93822963838,4,4
physical-diaphragm-compact-coupled-dipole-az16-q3-reg3e-06,active-surface-modal,h1659-acoustic-compact,dipole,4,physical-diaphragm,0.0,0,,,,,,,90,0.18309518136728542,0.2054390716237473,0.38786635672072833,1200.0,90.0,3.301190552978025,4.298861722140064,4.298861722140064,3.124431203048401,4.099853647900193,4.099853647900193,66.33998610836349,24.5003067567734,66.33998610836349,37641.93822963838,37641.93822963838,4,4
physical-diaphragm-compact-coupled-dipole-az24-q3-reg1e-06,active-surface-modal,h1659-acoustic-compact,dipole,4,physical-diaphragm,0.0,0,,,,,,,0_60,0.027627923540172968,0.04575679515137719,0.1989577427967788,1200.0,60.0,3.5405014564918007,4.679227627592146,4.679227627592146,3.464893658720065,4.389060587734624,4.389060587734624,61.127123902980934,23.743377510157373,61.127123902980934,33111.576545466814,33111.576545466814,4,4
physical-diaphragm-compact-coupled-dipole-az24-q3-reg1e-06,active-surface-modal,h1659-acoustic-compact,dipole,4,physical-diaphragm,0.0,0,,,,,,,70_90,0.13924212275819067,0.161579156062992,0.3783754003966422,1200.0,90.0,3.5405014564918007,4.679227627592146,4.679227627592146,3.464893658720065,4.389060587734624,4.389060587734624,61.127123902980934,23.743377510157373,61.127123902980934,33111.576545466814,33111.576545466814,4,4
physical-diaphragm-compact-coupled-dipole-az24-q3-reg1e-06,active-surface-modal,h1659-acoustic-compact,dipole,4,physical-diaphragm,0.0,0,,,,,,,80_90,0.15823085311167734,0.17885321442939645,0.3783754003966422,1200.0,90.0,3.5405014564918007,4.679227627592146,4.679227627592146,3.464893658720065,4.389060587734624,4.389060587734624,61.127123902980934,23.743377510157373,61.127123902980934,33111.576545466814,33111.576545466814,4,4
physical-diaphragm-compact-coupled-dipole-az24-q3-reg1e-06,active-surface-modal,h1659-acoustic-compact,dipole,4,physical-diaphragm,0.0,0,,,,,,,90,0.18482039542007528,0.20328424485925956,0.3783754003966422,1200.0,90.0,3.5405014564918007,4.679227627592146,4.679227627592146,3.464893658720065,4.389060587734624,4.389060587734624,61.127123902980934,23.743377510157373,61.127123902980934,33111.576545466814,33111.576545466814,4,4
physical-diaphragm-compact-coupled-dipole-az24-q3-reg3e-06,active-surface-modal,h1659-acoustic-compact,dipole,4,physical-diaphragm,0.0,0,,,,,,,0_60,0.029990162484608576,0.04933463593397503,0.17369952920661547,1200.0,60.0,3.3541476388611473,4.306781816416825,4.306781816416825,3.1877500586482426,4.1028123353858055,4.1028123353858055,65.7444074368916,24.417493241663408,65.7444074368916,33111.576545466814,33111.576545466814,4,4
physical-diaphragm-compact-coupled-dipole-az24-q3-reg3e-06,active-surface-modal,h1659-acoustic-compact,dipole,4,physical-diaphragm,0.0,0,,,,,,,70_90,0.15204828642106635,0.17934292063594276,0.38453683133565875,1200.0,90.0,3.3541476388611473,4.306781816416825,4.306781816416825,3.1877500586482426,4.1028123353858055,4.1028123353858055,65.7444074368916,24.417493241663408,65.7444074368916,33111.576545466814,33111.576545466814,4,4
physical-diaphragm-compact-coupled-dipole-az24-q3-reg3e-06,active-surface-modal,h1659-acoustic-compact,dipole,4,physical-diaphragm,0.0,0,,,,,,,80_90,0.16842107150693372,0.1947589264270228,0.38453683133565875,1200.0,90.0,3.3541476388611473,4.306781816416825,4.306781816416825,3.1877500586482426,4.1028123353858055,4.1028123353858055,65.7444074368916,24.417493241663408,65.7444074368916,33111.576545466814,33111.576545466814,4,4
physical-diaphragm-compact-coupled-dipole-az24-q3-reg3e-06,active-surface-modal,h1659-acoustic-compact,dipole,4,physical-diaphragm,0.0,0,,,,,,,90,0.18352737286126125,0.2054349580109374,0.38453683133565875,1200.0,90.0,3.3541476388611473,4.306781816416825,4.306781816416825,3.1877500586482426,4.1028123353858055,4.1028123353858055,65.7444074368916,24.417493241663408,65.7444074368916,33111.576545466814,33111.576545466814,4,4
physical-diaphragm-full-coupled-measured-m2-az16-q3-reg1e-06,active-surface-modal,h1659-acoustic-full,measured,2,physical-diaphragm,0.0,0,,,,,,,0_60,0.026369929560971193,0.04265923946123611,0.1526491996771142,1200.0,60.0,3.2173403665504545,6.615398905288714,6.615398905288714,3.223057923328515,7.606632626476626,7.606632626476626,66.02554795736722,91.80535213780502,91.80535213780502,131.86956205475852,131.86956205475852,2,2
physical-diaphragm-full-coupled-measured-m2-az16-q3-reg1e-06,active-surface-modal,h1659-acoustic-full,measured,2,physical-diaphragm,0.0,0,,,,,,,70_90,0.11739176928341918,0.13556421777084193,0.2643471311140715,1200.0,90.0,3.2173403665504545,6.615398905288714,6.615398905288714,3.223057923328515,7.606632626476626,7.606632626476626,66.02554795736722,91.80535213780502,91.80535213780502,131.86956205475852,131.86956205475852,2,2
physical-diaphragm-full-coupled-measured-m2-az16-q3-reg1e-06,active-surface-modal,h1659-acoustic-full,measured,2,physical-diaphragm,0.0,0,,,,,,,80_90,0.12602590946234274,0.14300044721616492,0.2643471311140715,1200.0,90.0,3.2173403665504545,6.615398905288714,6.615398905288714,3.223057923328515,7.606632626476626,7.606632626476626,66.02554795736722,91.80535213780502,91.80535213780502,131.86956205475852,131.86956205475852,2,2
physical-diaphragm-full-coupled-measured-m2-az16-q3-reg1e-06,active-surface-modal,h1659-acoustic-full,measured,2,physical-diaphragm,0.0,0,,,,,,,90,0.1373990492498778,0.15126180124043828,0.2643471311140715,1200.0,90.0,3.2173403665504545,6.615398905288714,6.615398905288714,3.223057923328515,7.606632626476626,7.606632626476626,66.02554795736722,91.80535213780502,91.80535213780502,131.86956205475852,131.86956205475852,2,2
physical-diaphragm-full-coupled-dipole-m2-az16-q3-reg1e-06,active-surface-modal,h1659-acoustic-full,dipole,2,physical-diaphragm,0.0,0,,,,,,,0_60,0.06276156566580635,0.11061451316237228,0.4207215947609768,1200.0,50.0,5.73192301291528,4.7635257290080615,5.73192301291528,4.785804968677485,4.806466386384975,4.806466386384975,70.94840740048916,31.860989296072745,70.94840740048916,131.86956205475852,131.86956205475852,2,2
physical-diaphragm-full-coupled-dipole-m2-az16-q3-reg1e-06,active-surface-modal,h1659-acoustic-full,dipole,2,physical-diaphragm,0.0,0,,,,,,,70_90,0.16138018110370134,0.18672141849395812,0.37833956600128005,1200.0,70.0,5.73192301291528,4.7635257290080615,5.73192301291528,4.785804968677485,4.806466386384975,4.806466386384975,70.94840740048916,31.860989296072745,70.94840740048916,131.86956205475852,131.86956205475852,2,2
physical-diaphragm-full-coupled-dipole-m2-az16-q3-reg1e-06,active-surface-modal,h1659-acoustic-full,dipole,2,physical-diaphragm,0.0,0,,,,,,,80_90,0.1638438674569271,0.18552855737538823,0.3552267966554439,1200.0,80.0,5.73192301291528,4.7635257290080615,5.73192301291528,4.785804968677485,4.806466386384975,4.806466386384975,70.94840740048916,31.860989296072745,70.94840740048916,131.86956205475852,131.86956205475852,2,2
physical-diaphragm-full-coupled-dipole-m2-az16-q3-reg1e-06,active-surface-modal,h1659-acoustic-full,dipole,2,physical-diaphragm,0.0,0,,,,,,,90,0.1696623361033137,0.18772026904273753,0.3491942323635726,1200.0,90.0,5.73192301291528,4.7635257290080615,5.73192301291528,4.785804968677485,4.806466386384975,4.806466386384975,70.94840740048916,31.860989296072745,70.94840740048916,131.86956205475852,131.86956205475852,2,2
physical-diaphragm-full-coupled-measured-m3-az16-q3-reg1e-06,active-surface-modal,h1659-acoustic-full,measured,3,physical-diaphragm,0.0,0,,,,,,,0_60,-0.014859269959412174,0.08330679239652036,0.8014388234970724,1165.838329384327,60.0,3.7577203106813264,2.921637361932548,3.7577203106813264,3.4961420763204223,5.261761932633841,5.261761932633841,56.94547727214336,69.51823586406968,69.51823586406968,1876.2368992349743,1876.2368992349743,3,3
physical-diaphragm-full-coupled-measured-m3-az16-q3-reg1e-06,active-surface-modal,h1659-acoustic-full,measured,3,physical-diaphragm,0.0,0,,,,,,,70_90,0.11850282981073301,0.3167796144304068,1.8345984246675897,1009.0756983044574,70.0,3.7577203106813264,2.921637361932548,3.7577203106813264,3.4961420763204223,5.261761932633841,5.261761932633841,56.94547727214336,69.51823586406968,69.51823586406968,1876.2368992349743,1876.2368992349743,3,3
physical-diaphragm-full-coupled-measured-m3-az16-q3-reg1e-06,active-surface-modal,h1659-acoustic-full,measured,3,physical-diaphragm,0.0,0,,,,,,,80_90,0.1477054237643178,0.23248579454266874,0.4107965387251582,848.5281374238571,80.0,3.7577203106813264,2.921637361932548,3.7577203106813264,3.4961420763204223,5.261761932633841,5.261761932633841,56.94547727214336,69.51823586406968,69.51823586406968,1876.2368992349743,1876.2368992349743,3,3
physical-diaphragm-full-coupled-measured-m3-az16-q3-reg1e-06,active-surface-modal,h1659-acoustic-full,measured,3,physical-diaphragm,0.0,0,,,,,,,90,0.1699639158295949,0.21015803038981207,0.32554386427605664,1200.0,90.0,3.7577203106813264,2.921637361932548,3.7577203106813264,3.4961420763204223,5.261761932633841,5.261761932633841,56.94547727214336,69.51823586406968,69.51823586406968,1876.2368992349743,1876.2368992349743,3,3
physical-diaphragm-full-coupled-dipole-m3-az16-q3-reg1e-06,active-surface-modal,h1659-acoustic-full,dipole,3,physical-diaphragm,0.0,0,,,,,,,0_60,0.011916757601536194,0.020099099899816997,0.08475907174192798,1200.0,60.0,7.050034270433703,7.419181860082669,7.419181860082669,7.104250828911994,7.232021152210847,7.232021152210847,55.56644468002945,34.43480399755765,55.56644468002945,1876.2368992349743,1876.2368992349743,3,3
physical-diaphragm-full-coupled-dipole-m3-az16-q3-reg1e-06,active-surface-modal,h1659-acoustic-full,dipole,3,physical-diaphragm,0.0,0,,,,,,,70_90,0.0912375630326221,0.12455088342959224,0.41814725211860804,1165.838329384327,90.0,7.050034270433703,7.419181860082669,7.419181860082669,7.104250828911994,7.232021152210847,7.232021152210847,55.56644468002945,34.43480399755765,55.56644468002945,1876.2368992349743,1876.2368992349743,3,3
physical-diaphragm-full-coupled-dipole-m3-az16-q3-reg1e-06,active-surface-modal,h1659-acoustic-full,dipole,3,physical-diaphragm,0.0,0,,,,,,,80_90,0.11573871187273478,0.14818348746030235,0.41814725211860804,1165.838329384327,90.0,7.050034270433703,7.419181860082669,7.419181860082669,7.104250828911994,7.232021152210847,7.232021152210847,55.56644468002945,34.43480399755765,55.56644468002945,1876.2368992349743,1876.2368992349743,3,3
physical-diaphragm-full-coupled-dipole-m3-az16-q3-reg1e-06,active-surface-modal,h1659-acoustic-full,dipole,3,physical-diaphragm,0.0,0,,,,,,,90,0.1731897716477086,0.19838936269030025,0.41814725211860804,1165.838329384327,90.0,7.050034270433703,7.419181860082669,7.419181860082669,7.104250828911994,7.232021152210847,7.232021152210847,55.56644468002945,34.43480399755765,55.56644468002945,1876.2368992349743,1876.2368992349743,3,3
physical-diaphragm-full-coupled-measured-az16-q3-reg1e-06,active-surface-modal,h1659-acoustic-full,measured,4,physical-diaphragm,0.0,0,,,,,,,0_60,0.004634369987638472,0.013806179075943654,0.06608134366850038,1200.0,40.0,2.5556445179019787,3.1192376294411335,3.1192376294411335,2.4368311068035853,4.71169952127013,4.71169952127013,49.66257723466444,62.0527799650139,62.0527799650139,30687.79315455735,30687.79315455735,4,4
physical-diaphragm-full-coupled-measured-az16-q3-reg1e-06,active-surface-modal,h1659-acoustic-full,measured,4,physical-diaphragm,0.0,0,,,,,,,70_90,-0.01066288026708515,0.22354064111033584,1.2387281325130601,734.4321259827932,80.0,2.5556445179019787,3.1192376294411335,3.1192376294411335,2.4368311068035853,4.71169952127013,4.71169952127013,49.66257723466444,62.0527799650139,62.0527799650139,30687.79315455735,30687.79315455735,4,4
physical-diaphragm-full-coupled-measured-az16-q3-reg1e-06,active-surface-modal,h1659-acoustic-full,measured,4,physical-diaphragm,0.0,0,,,,,,,80_90,-0.006217241940111137,0.2726858393869624,1.2387281325130601,734.4321259827932,80.0,2.5556445179019787,3.1192376294411335,3.1192376294411335,2.4368311068035853,4.71169952127013,4.71169952127013,49.66257723466444,62.0527799650139,62.0527799650139,30687.79315455735,30687.79315455735,4,4
physical-diaphragm-full-coupled-measured-az16-q3-reg1e-06,active-surface-modal,h1659-acoustic-full,measured,4,physical-diaphragm,0.0,0,,,,,,,90,0.1226838520420988,0.15807055048233934,0.20983208368333095,550.2024259228027,90.0,2.5556445179019787,3.1192376294411335,3.1192376294411335,2.4368311068035853,4.71169952127013,4.71169952127013,49.66257723466444,62.0527799650139,62.0527799650139,30687.79315455735,30687.79315455735,4,4
physical-diaphragm-full-coupled-dipole-az16-q3-reg1e-06,active-surface-modal,h1659-acoustic-full,dipole,4,physical-diaphragm,0.0,0,,,,,,,0_60,0.018416563231913197,0.036951592777768855,0.19905336542606733,1200.0,60.0,6.323110743347879,6.521423527119847,6.521423527119847,6.31429564565972,6.347488703684136,6.347488703684136,44.95687728625663,38.31192222433181,44.95687728625663,30687.79315455735,30687.79315455735,4,4
physical-diaphragm-full-coupled-dipole-az16-q3-reg1e-06,active-surface-modal,h1659-acoustic-full,dipole,4,physical-diaphragm,0.0,0,,,,,,,70_90,0.0978113348732948,0.12613843238979827,0.35151050109509896,1200.0,90.0,6.323110743347879,6.521423527119847,6.521423527119847,6.31429564565972,6.347488703684136,6.347488703684136,44.95687728625663,38.31192222433181,44.95687728625663,30687.79315455735,30687.79315455735,4,4
physical-diaphragm-full-coupled-dipole-az16-q3-reg1e-06,active-surface-modal,h1659-acoustic-full,dipole,4,physical-diaphragm,0.0,0,,,,,,,80_90,0.11773293853876249,0.1433045830578788,0.35151050109509896,1200.0,90.0,6.323110743347879,6.521423527119847,6.521423527119847,6.31429564565972,6.347488703684136,6.347488703684136,44.95687728625663,38.31192222433181,44.95687728625663,30687.79315455735,30687.79315455735,4,4
physical-diaphragm-full-coupled-dipole-az16-q3-reg1e-06,active-surface-modal,h1659-acoustic-full,dipole,4,physical-diaphragm,0.0,0,,,,,,,90,0.16514187745099904,0.18123935840098362,0.35151050109509896,1200.0,90.0,6.323110743347879,6.521423527119847,6.521423527119847,6.31429564565972,6.347488703684136,6.347488703684136,44.95687728625663,38.31192222433181,44.95687728625663,30687.79315455735,30687.79315455735,4,4
physical-diaphragm-compact-coupled-measured-m3-az16-q3-reg1e-06-svd1e-05,active-surface-modal,h1659-acoustic-compact,measured,3,physical-diaphragm,0.0,0,,,,,,,0_60,0.020006443050663594,0.0353164566871108,0.18553160364110965,1200.0,60.0,1.9267828749044593,4.422437033660454,4.422437033660454,2.09607552306995,6.3742598134320145,6.3742598134320145,64.8858155230675,78.88860747610252,78.88860747610252,5700.172184617325,5700.172184617325,3,3
physical-diaphragm-compact-coupled-measured-m3-az16-q3-reg1e-06-svd1e-05,active-surface-modal,h1659-acoustic-compact,measured,3,physical-diaphragm,0.0,0,,,,,,,70_90,0.11209009345581068,0.1362069284114143,0.27559743345157983,1200.0,90.0,1.9267828749044593,4.422437033660454,4.422437033660454,2.09607552306995,6.3742598134320145,6.3742598134320145,64.8858155230675,78.88860747610252,78.88860747610252,5700.172184617325,5700.172184617325,3,3
physical-diaphragm-compact-coupled-measured-m3-az16-q3-reg1e-06-svd1e-05,active-surface-modal,h1659-acoustic-compact,measured,3,physical-diaphragm,0.0,0,,,,,,,80_90,0.1248364684051503,0.14719313776818288,0.27559743345157983,1200.0,90.0,1.9267828749044593,4.422437033660454,4.422437033660454,2.09607552306995,6.3742598134320145,6.3742598134320145,64.8858155230675,78.88860747610252,78.88860747610252,5700.172184617325,5700.172184617325,3,3
physical-diaphragm-compact-coupled-measured-m3-az16-q3-reg1e-06-svd1e-05,active-surface-modal,h1659-acoustic-compact,measured,3,physical-diaphragm,0.0,0,,,,,,,90,0.1428451632830328,0.16093008433682213,0.27559743345157983,1200.0,90.0,1.9267828749044593,4.422437033660454,4.422437033660454,2.09607552306995,6.3742598134320145,6.3742598134320145,64.8858155230675,78.88860747610252,78.88860747610252,5700.172184617325,5700.172184617325,3,3
physical-diaphragm-compact-coupled-measured-az16-q3-reg1e-06-svd1e-05,active-surface-modal,h1659-acoustic-compact,measured,4,physical-diaphragm,0.0,0,,,,,,,0_60,0.005875211183997505,0.013289374799059723,0.043207699863273774,1200.0,30.0,2.144464861650974,4.286161230616814,4.286161230616814,2.325474763504369,5.753708572457301,5.753708572457301,56.04328507563194,69.51404336123969,69.51404336123969,37641.93822963838,37641.93822963838,4,4
physical-diaphragm-compact-coupled-measured-az16-q3-reg1e-06-svd1e-05,active-surface-modal,h1659-acoustic-compact,measured,4,physical-diaphragm,0.0,0,,,,,,,70_90,0.04575177160189159,0.10262724134748327,0.5235444001773644,1009.0756983044574,80.0,2.144464861650974,4.286161230616814,4.286161230616814,2.325474763504369,5.753708572457301,5.753708572457301,56.04328507563194,69.51404336123969,69.51404336123969,37641.93822963838,37641.93822963838,4,4
physical-diaphragm-compact-coupled-measured-az16-q3-reg1e-06-svd1e-05,active-surface-modal,h1659-acoustic-compact,measured,4,physical-diaphragm,0.0,0,,,,,,,80_90,0.06543430498129989,0.12195157591963281,0.5235444001773644,1009.0756983044574,80.0,2.144464861650974,4.286161230616814,4.286161230616814,2.325474763504369,5.753708572457301,5.753708572457301,56.04328507563194,69.51404336123969,69.51404336123969,37641.93822963838,37641.93822963838,4,4
physical-diaphragm-compact-coupled-measured-az16-q3-reg1e-06-svd1e-05,active-surface-modal,h1659-acoustic-compact,measured,4,physical-diaphragm,0.0,0,,,,,,,90,0.10479977522131706,0.11050236140820964,0.17788599253392334,1200.0,90.0,2.144464861650974,4.286161230616814,4.286161230616814,2.325474763504369,5.753708572457301,5.753708572457301,56.04328507563194,69.51404336123969,69.51404336123969,37641.93822963838,37641.93822963838,4,4
physical-diaphragm-full-coupled-measured-m3-az16-q3-reg1e-06-svd1e-05,active-surface-modal,h1659-acoustic-full,measured,3,physical-diaphragm,0.0,0,,,,,,,0_60,-0.014859269959410165,0.08330679239650174,0.8014388234984793,1165.838329384327,60.0,3.7577203106758517,2.9216373619261287,3.7577203106758517,3.496142076314518,5.261761932630286,5.261761932630286,56.94547727196148,69.51823586405374,69.51823586405374,1876.2368992349743,1876.2368992349743,3,3
physical-diaphragm-full-coupled-measured-m3-az16-q3-reg1e-06-svd1e-05,active-surface-modal,h1659-acoustic-full,measured,3,physical-diaphragm,0.0,0,,,,,,,70_90,0.1185028298106416,0.316779614428907,1.834598424672862,1009.0756983044574,70.0,3.7577203106758517,2.9216373619261287,3.7577203106758517,3.496142076314518,5.261761932630286,5.261761932630286,56.94547727196148,69.51823586405374,69.51823586405374,1876.2368992349743,1876.2368992349743,3,3
physical-diaphragm-full-coupled-measured-m3-az16-q3-reg1e-06-svd1e-05,active-surface-modal,h1659-acoustic-full,measured,3,physical-diaphragm,0.0,0,,,,,,,80_90,0.1477054237629376,0.23248579454170926,0.4107965387242203,848.5281374238571,80.0,3.7577203106758517,2.9216373619261287,3.7577203106758517,3.496142076314518,5.261761932630286,5.261761932630286,56.94547727196148,69.51823586405374,69.51823586405374,1876.2368992349743,1876.2368992349743,3,3
physical-diaphragm-full-coupled-measured-m3-az16-q3-reg1e-06-svd1e-05,active-surface-modal,h1659-acoustic-full,measured,3,physical-diaphragm,0.0,0,,,,,,,90,0.16996391582866685,0.21015803038914518,0.325543864276014,1200.0,90.0,3.7577203106758517,2.9216373619261287,3.7577203106758517,3.496142076314518,5.261761932630286,5.261761932630286,56.94547727196148,69.51823586405374,69.51823586405374,1876.2368992349743,1876.2368992349743,3,3
physical-diaphragm-full-coupled-measured-az16-q3-reg1e-06-svd1e-05,active-surface-modal,h1659-acoustic-full,measured,4,physical-diaphragm,0.0,0,,,,,,,0_60,0.004634369987615623,0.013806179075927514,0.0660813436683867,1200.0,40.0,2.555644517891941,3.119237629433261,3.119237629433261,2.436831106793759,4.711699521263454,4.711699521263454,49.66257723449284,62.05277996515278,62.05277996515278,30687.79315455735,30687.79315455735,4,4
physical-diaphragm-full-coupled-measured-az16-q3-reg1e-06-svd1e-05,active-surface-modal,h1659-acoustic-full,measured,4,physical-diaphragm,0.0,0,,,,,,,70_90,-0.010662880263995813,0.22354064110102226,1.238728132428399,734.4321259827932,80.0,2.555644517891941,3.119237629433261,3.119237629433261,2.436831106793759,4.711699521263454,4.711699521263454,49.66257723449284,62.05277996515278,62.05277996515278,30687.79315455735,30687.79315455735,4,4
physical-diaphragm-full-coupled-measured-az16-q3-reg1e-06-svd1e-05,active-surface-modal,h1659-acoustic-full,measured,4,physical-diaphragm,0.0,0,,,,,,,80_90,-0.006217241935480755,0.2726858393755165,1.238728132428399,734.4321259827932,80.0,2.555644517891941,3.119237629433261,3.119237629433261,2.436831106793759,4.711699521263454,4.711699521263454,49.66257723449284,62.05277996515278,62.05277996515278,30687.79315455735,30687.79315455735,4,4
physical-diaphragm-full-coupled-measured-az16-q3-reg1e-06-svd1e-05,active-surface-modal,h1659-acoustic-full,measured,4,physical-diaphragm,0.0,0,,,,,,,90,0.12268385204278215,0.15807055048128435,0.209832083684951,550.2024259228027,90.0,2.555644517891941,3.119237629433261,3.119237629433261,2.436831106793759,4.711699521263454,4.711699521263454,49.66257723449284,62.05277996515278,62.05277996515278,30687.79315455735,30687.79315455735,4,4
physical-rear-basket-compact-measured-m2-rb1-az16-gap16-q3-reg1e-06,coupled-rear-basket-active-surface,h1659-acoustic-compact,measured,2,physical-diaphragm,16.0,1,,,,,,,0_60,0.005840088253020267,0.019161412631537676,0.09674303068484136,1200.0,60.0,1.2755459934116915,2.634704109260918,2.634704109260918,1.3303632080011096,4.542516849185636,4.542516849185636,71.59116340293089,72.73714903542552,72.73714903542552,326.1680921116882,326.1680921116882,3,3
physical-rear-basket-compact-measured-m2-rb1-az16-gap16-q3-reg1e-06,coupled-rear-basket-active-surface,h1659-acoustic-compact,measured,2,physical-diaphragm,16.0,1,,,,,,,70_90,0.045636240478727025,0.0829678301046114,0.17994695214304102,1200.0,90.0,1.2755459934116915,2.634704109260918,2.634704109260918,1.3303632080011096,4.542516849185636,4.542516849185636,71.59116340293089,72.73714903542552,72.73714903542552,326.1680921116882,326.1680921116882,3,3
physical-rear-basket-compact-measured-m2-rb1-az16-gap16-q3-reg1e-06,coupled-rear-basket-active-surface,h1659-acoustic-compact,measured,2,physical-diaphragm,16.0,1,,,,,,,80_90,0.06498107294817998,0.09815158388460178,0.17994695214304102,1200.0,90.0,1.2755459934116915,2.634704109260918,2.634704109260918,1.3303632080011096,4.542516849185636,4.542516849185636,71.59116340293089,72.73714903542552,72.73714903542552,326.1680921116882,326.1680921116882,3,3
physical-rear-basket-compact-measured-m2-rb1-az16-gap16-q3-reg1e-06,coupled-rear-basket-active-surface,h1659-acoustic-compact,measured,2,physical-diaphragm,16.0,1,,,,,,,90,0.12570255054120297,0.127177576500921,0.17994695214304102,1200.0,90.0,1.2755459934116915,2.634704109260918,2.634704109260918,1.3303632080011096,4.542516849185636,4.542516849185636,71.59116340293089,72.73714903542552,72.73714903542552,326.1680921116882,326.1680921116882,3,3
physical-rear-basket-compact-measured-m3-rb1-az16-gap16-q3-reg1e-06,coupled-rear-basket-active-surface,h1659-acoustic-compact,measured,3,physical-diaphragm,16.0,1,,,,,,,0_60,-0.06647832326388659,0.12405923743567294,0.5099748113773899,1200.0,60.0,1.7687832533339536,3.43186615972424,3.43186615972424,1.5324422858614917,4.510074133084797,4.510074133084797,59.95395097647737,64.30114719446564,64.30114719446564,13065.359433755593,13065.359433755593,4,4
physical-rear-basket-compact-measured-m3-rb1-az16-gap16-q3-reg1e-06,coupled-rear-basket-active-surface,h1659-acoustic-compact,measured,3,physical-diaphragm,16.0,1,,,,,,,70_90,-0.10917238838661329,0.20389352435998767,0.6292647698907814,1200.0,70.0,1.7687832533339536,3.43186615972424,3.43186615972424,1.5324422858614917,4.510074133084797,4.510074133084797,59.95395097647737,64.30114719446564,64.30114719446564,13065.359433755593,13065.359433755593,4,4
physical-rear-basket-compact-measured-m3-rb1-az16-gap16-q3-reg1e-06,coupled-rear-basket-active-surface,h1659-acoustic-compact,measured,3,physical-diaphragm,16.0,1,,,,,,,80_90,-0.08092923967625944,0.18455696302635033,0.5624119090766513,980.3492719446599,80.0,1.7687832533339536,3.43186615972424,3.43186615972424,1.5324422858614917,4.510074133084797,4.510074133084797,59.95395097647737,64.30114719446564,64.30114719446564,13065.359433755593,13065.359433755593,4,4
physical-rear-basket-compact-measured-m3-rb1-az16-gap16-q3-reg1e-06,coupled-rear-basket-active-surface,h1659-acoustic-compact,measured,3,physical-diaphragm,16.0,1,,,,,,,90,0.00019305046718579193,0.12591559250173415,0.30252470790149033,1200.0,90.0,1.7687832533339536,3.43186615972424,3.43186615972424,1.5324422858614917,4.510074133084797,4.510074133084797,59.95395097647737,64.30114719446564,64.30114719446564,13065.359433755593,13065.359433755593,4,4
physical-rear-basket-compact-measured-m4-rb1-az16-gap16-q3-reg1e-06,coupled-rear-basket-active-surface,h1659-acoustic-compact,measured,4,physical-diaphragm,16.0,1,,,,,,,0_60,-0.08488840375230498,0.13733611547638971,0.42024883733577667,1200.0,60.0,1.7951111480369268,3.6847254158995097,3.6847254158995097,1.463127849660944,4.399848261852409,4.399848261852409,55.1075698691669,60.21844108746082,60.21844108746082,198975.29475136107,198975.29475136107,5,5
physical-rear-basket-compact-measured-m4-rb1-az16-gap16-q3-reg1e-06,coupled-rear-basket-active-surface,h1659-acoustic-compact,measured,4,physical-diaphragm,16.0,1,,,,,,,70_90,-0.1484360966826254,0.21751735247976242,0.4919203926625215,1200.0,70.0,1.7951111480369268,3.6847254158995097,3.6847254158995097,1.463127849660944,4.399848261852409,4.399848261852409,55.1075698691669,60.21844108746082,60.21844108746082,198975.29475136107,198975.29475136107,5,5
physical-rear-basket-compact-measured-m4-rb1-az16-gap16-q3-reg1e-06,coupled-rear-basket-active-surface,h1659-acoustic-compact,measured,4,physical-diaphragm,16.0,1,,,,,,,80_90,-0.12125796742211385,0.19673818941125076,0.43822069927774265,873.3919097053125,80.0,1.7951111480369268,3.6847254158995097,3.6847254158995097,1.463127849660944,4.399848261852409,4.399848261852409,55.1075698691669,60.21844108746082,60.21844108746082,198975.29475136107,198975.29475136107,5,5
physical-rear-basket-compact-measured-m4-rb1-az16-gap16-q3-reg1e-06,coupled-rear-basket-active-surface,h1659-acoustic-compact,measured,4,physical-diaphragm,16.0,1,,,,,,,90,-0.03385665065288649,0.12802642387223656,0.23148836701982134,1100.4048518456054,90.0,1.7951111480369268,3.6847254158995097,3.6847254158995097,1.463127849660944,4.399848261852409,4.399848261852409,55.1075698691669,60.21844108746082,60.21844108746082,198975.29475136107,198975.29475136107,5,5
physical-rear-basket-compact-measured-m2-rb2-az16-gap16-q3-reg1e-06,coupled-rear-basket-active-surface,h1659-acoustic-compact,measured,2,physical-diaphragm,16.0,2,,,,,,,0_60,-0.03644735223133218,0.055536349254370086,0.15157400038768287,713.5242690016327,60.0,1.5820302151232717,3.796425416889398,3.796425416889398,1.5181972803556036,4.322799777154042,4.322799777154042,50.471104122162785,52.32282228777365,52.32282228777365,3434.0234887212227,3434.0234887212227,4,4
physical-rear-basket-compact-measured-m2-rb2-az16-gap16-q3-reg1e-06,coupled-rear-basket-active-surface,h1659-acoustic-compact,measured,2,physical-diaphragm,16.0,2,,,,,,,70_90,-0.06789012620690481,0.12511019815491953,0.23173887513814861,734.4321259827932,80.0,1.5820302151232717,3.796425416889398,3.796425416889398,1.5181972803556036,4.322799777154042,4.322799777154042,50.471104122162785,52.32282228777365,52.32282228777365,3434.0234887212227,3434.0234887212227,4,4
physical-rear-basket-compact-measured-m2-rb2-az16-gap16-q3-reg1e-06,coupled-rear-basket-active-surface,h1659-acoustic-compact,measured,2,physical-diaphragm,16.0,2,,,,,,,80_90,-0.04242690093439073,0.12405826053317873,0.23173887513814861,734.4321259827932,80.0,1.5820302151232717,3.796425416889398,3.796425416889398,1.5181972803556036,4.322799777154042,4.322799777154042,50.471104122162785,52.32282228777365,52.32282228777365,3434.0234887212227,3434.0234887212227,4,4
physical-rear-basket-compact-measured-m2-rb2-az16-gap16-q3-reg1e-06,coupled-rear-basket-active-surface,h1659-acoustic-compact,measured,2,physical-diaphragm,16.0,2,,,,,,,90,0.051375506897224046,0.07430203905626914,0.15472973238174603,300.0,90.0,1.5820302151232717,3.796425416889398,3.796425416889398,1.5181972803556036,4.322799777154042,4.322799777154042,50.471104122162785,52.32282228777365,52.32282228777365,3434.0234887212227,3434.0234887212227,4,4
physical-rear-basket-compact-measured-m3-rb2-az16-gap16-q3-reg1e-06,coupled-rear-basket-active-surface,h1659-acoustic-compact,measured,3,physical-diaphragm,16.0,2,,,,,,,0_60,-0.046586845073831484,0.06894201318849734,0.17578429543174678,693.2116181233638,60.0,1.4627181505840254,4.431106114268533,4.431106114268533,1.394555942960953,4.85200376138888,4.85200376138888,49.054733519563634,48.83808487594356,49.054733519563634,84991.00863594582,84991.00863594582,5,5
physical-rear-basket-compact-measured-m3-rb2-az16-gap16-q3-reg1e-06,coupled-rear-basket-active-surface,h1659-acoustic-compact,measured,3,physical-diaphragm,16.0,2,,,,,,,70_90,-0.08081664665303813,0.13815425356849395,0.2461981043667052,693.2116181233638,80.0,1.4627181505840254,4.431106114268533,4.431106114268533,1.394555942960953,4.85200376138888,4.85200376138888,49.054733519563634,48.83808487594356,49.054733519563634,84991.00863594582,84991.00863594582,5,5
physical-rear-basket-compact-measured-m3-rb2-az16-gap16-q3-reg1e-06,coupled-rear-basket-active-surface,h1659-acoustic-compact,measured,3,physical-diaphragm,16.0,2,,,,,,,80_90,-0.05802253551982517,0.1344033333515893,0.2461981043667052,693.2116181233638,80.0,1.4627181505840254,4.431106114268533,4.431106114268533,1.394555942960953,4.85200376138888,4.85200376138888,49.054733519563634,48.83808487594356,49.054733519563634,84991.00863594582,84991.00863594582,5,5
physical-rear-basket-compact-measured-m3-rb2-az16-gap16-q3-reg1e-06,coupled-rear-basket-active-surface,h1659-acoustic-compact,measured,3,physical-diaphragm,16.0,2,,,,,,,90,0.031581149929036434,0.06868069957893246,0.1736674481376994,1200.0,90.0,1.4627181505840254,4.431106114268533,4.431106114268533,1.394555942960953,4.85200376138888,4.85200376138888,49.054733519563634,48.83808487594356,49.054733519563634,84991.00863594582,84991.00863594582,5,5
physical-rear-basket-compact-measured-m4-rb2-az16-gap16-q3-reg1e-06,coupled-rear-basket-active-surface,h1659-acoustic-compact,measured,4,physical-diaphragm,16.0,2,,,,,,,0_60,-0.04661853039744513,0.07144449359778299,0.17736787057673808,654.3046395991546,60.0,1.4313069798317388,4.692765889965849,4.692765889965849,1.3695728451175773,5.068865819162872,5.068865819162872,48.47583268948625,46.210351319857196,48.47583268948625,18286557.12109824,18286557.12109824,6,6
physical-rear-basket-compact-measured-m4-rb2-az16-gap16-q3-reg1e-06,coupled-rear-basket-active-surface,h1659-acoustic-compact,measured,4,physical-diaphragm,16.0,2,,,,,,,70_90,-0.07808411442591494,0.14154304517726923,0.24376166794422716,673.4772289856238,80.0,1.4313069798317388,4.692765889965849,4.692765889965849,1.3695728451175773,5.068865819162872,5.068865819162872,48.47583268948625,46.210351319857196,48.47583268948625,18286557.12109824,18286557.12109824,6,6
physical-rear-basket-compact-measured-m4-rb2-az16-gap16-q3-reg1e-06,coupled-rear-basket-active-surface,h1659-acoustic-compact,measured,4,physical-diaphragm,16.0,2,,,,,,,80_90,-0.056440530191945185,0.13741622822100533,0.24376166794422716,673.4772289856238,80.0,1.4313069798317388,4.692765889965849,4.692765889965849,1.3695728451175773,5.068865819162872,5.068865819162872,48.47583268948625,46.210351319857196,48.47583268948625,18286557.12109824,18286557.12109824,6,6
physical-rear-basket-compact-measured-m4-rb2-az16-gap16-q3-reg1e-06,coupled-rear-basket-active-surface,h1659-acoustic-compact,measured,4,physical-diaphragm,16.0,2,,,,,,,90,0.031099193755870894,0.07226440234884463,0.2016004207205171,1200.0,90.0,1.4313069798317388,4.692765889965849,4.692765889965849,1.3695728451175773,5.068865819162872,5.068865819162872,48.47583268948625,46.210351319857196,48.47583268948625,18286557.12109824,18286557.12109824,6,6
physical-rear-basket-full-measured-m2-rb1-az16-gap16-q3-reg1e-06,coupled-rear-basket-active-surface,h1659-acoustic-full,measured,2,physical-diaphragm,16.0,1,,,,,,,0_60,0.006367064382892019,0.01979642535498998,0.11016007653555704,1200.0,60.0,1.2378294092515878,2.6830766864640374,2.6830766864640374,1.3359454617872994,4.555431796717109,4.555431796717109,70.78087255122529,71.4710083931704,71.4710083931704,264.4979695025878,264.4979695025878,3,3
physical-rear-basket-full-measured-m2-rb1-az16-gap16-q3-reg1e-06,coupled-rear-basket-active-surface,h1659-acoustic-full,measured,2,physical-diaphragm,16.0,1,,,,,,,70_90,0.05283060589332847,0.09344594534895204,0.2107802398806271,1200.0,90.0,1.2378294092515878,2.6830766864640374,2.6830766864640374,1.3359454617872994,4.555431796717109,4.555431796717109,70.78087255122529,71.4710083931704,71.4710083931704,264.4979695025878,264.4979695025878,3,3
physical-rear-basket-full-measured-m2-rb1-az16-gap16-q3-reg1e-06,coupled-rear-basket-active-surface,h1659-acoustic-full,measured,2,physical-diaphragm,16.0,1,,,,,,,80_90,0.07416576295692164,0.11051160214088583,0.2107802398806271,1200.0,90.0,1.2378294092515878,2.6830766864640374,2.6830766864640374,1.3359454617872994,4.555431796717109,4.555431796717109,70.78087255122529,71.4710083931704,71.4710083931704,264.4979695025878,264.4979695025878,3,3
physical-rear-basket-full-measured-m2-rb1-az16-gap16-q3-reg1e-06,coupled-rear-basket-active-surface,h1659-acoustic-full,measured,2,physical-diaphragm,16.0,1,,,,,,,90,0.13983722640387625,0.14213515947996566,0.2107802398806271,1200.0,90.0,1.2378294092515878,2.6830766864640374,2.6830766864640374,1.3359454617872994,4.555431796717109,4.555431796717109,70.78087255122529,71.4710083931704,71.4710083931704,264.4979695025878,264.4979695025878,3,3
physical-rear-basket-full-measured-m3-rb1-az16-gap16-q3-reg1e-06,coupled-rear-basket-active-surface,h1659-acoustic-full,measured,3,physical-diaphragm,16.0,1,,,,,,,0_60,-0.06937548804818917,0.12780551825798978,0.5014867473118585,1200.0,60.0,1.7973996034028785,3.5398850413511123,3.5398850413511123,1.567648851905391,4.502331861187739,4.502331861187739,58.60173656641828,62.87064837058299,62.87064837058299,12353.670332933145,12353.670332933145,4,4
physical-rear-basket-full-measured-m3-rb1-az16-gap16-q3-reg1e-06,coupled-rear-basket-active-surface,h1659-acoustic-full,measured,3,physical-diaphragm,16.0,1,,,,,,,70_90,-0.11449636610236916,0.2078995889126469,0.6268286807001289,1200.0,70.0,1.7973996034028785,3.5398850413511123,3.5398850413511123,1.567648851905391,4.502331861187739,4.502331861187739,58.60173656641828,62.87064837058299,62.87064837058299,12353.670332933145,12353.670332933145,4,4
physical-rear-basket-full-measured-m3-rb1-az16-gap16-q3-reg1e-06,coupled-rear-basket-active-surface,h1659-acoustic-full,measured,3,physical-diaphragm,16.0,1,,,,,,,80_90,-0.08479919772271026,0.1855653893339046,0.5192450677788898,925.3264952447645,80.0,1.7973996034028785,3.5398850413511123,3.5398850413511123,1.567648851905391,4.502331861187739,4.502331861187739,58.60173656641828,62.87064837058299,62.87064837058299,12353.670332933145,12353.670332933145,4,4
physical-rear-basket-full-measured-m3-rb1-az16-gap16-q3-reg1e-06,coupled-rear-basket-active-surface,h1659-acoustic-full,measured,3,physical-diaphragm,16.0,1,,,,,,,90,0.0019677200265959404,0.1301142909414514,0.28596734914902555,1200.0,90.0,1.7973996034028785,3.5398850413511123,3.5398850413511123,1.567648851905391,4.502331861187739,4.502331861187739,58.60173656641828,62.87064837058299,62.87064837058299,12353.670332933145,12353.670332933145,4,4
physical-rear-basket-full-measured-m4-rb1-az16-gap16-q3-reg1e-06,coupled-rear-basket-active-surface,h1659-acoustic-full,measured,4,physical-diaphragm,16.0,1,,,,,,,0_60,-0.08387313402061762,0.12715805142779088,0.3326682662516589,1069.0784617684071,60.0,1.7062541107500324,3.8288499321646676,3.8288499321646676,1.3835505294930999,4.406003589840352,4.406003589840352,52.97073156298182,57.44549710262318,57.44549710262318,130435.36607182174,130435.36607182174,5,5
physical-rear-basket-full-measured-m4-rb1-az16-gap16-q3-reg1e-06,coupled-rear-basket-active-surface,h1659-acoustic-full,measured,4,physical-diaphragm,16.0,1,,,,,,,70_90,-0.1458302553088974,0.20208144136945827,0.3915204200583915,800.9039125020206,80.0,1.7062541107500324,3.8288499321646676,3.8288499321646676,1.3835505294930999,4.406003589840352,4.406003589840352,52.97073156298182,57.44549710262318,57.44549710262318,130435.36607182174,130435.36607182174,5,5
physical-rear-basket-full-measured-m4-rb1-az16-gap16-q3-reg1e-06,coupled-rear-basket-active-surface,h1659-acoustic-full,measured,4,physical-diaphragm,16.0,1,,,,,,,80_90,-0.11883989250001625,0.18407582578550866,0.3915204200583915,800.9039125020206,80.0,1.7062541107500324,3.8288499321646676,3.8288499321646676,1.3835505294930999,4.406003589840352,4.406003589840352,52.97073156298182,57.44549710262318,57.44549710262318,130435.36607182174,130435.36607182174,5,5
physical-rear-basket-full-measured-m4-rb1-az16-gap16-q3-reg1e-06,coupled-rear-basket-active-surface,h1659-acoustic-full,measured,4,physical-diaphragm,16.0,1,,,,,,,90,-0.03071561851102981,0.11106898283047488,0.17743058503275222,980.3492719446599,90.0,1.7062541107500324,3.8288499321646676,3.8288499321646676,1.3835505294930999,4.406003589840352,4.406003589840352,52.97073156298182,57.44549710262318,57.44549710262318,130435.36607182174,130435.36607182174,5,5
physical-rear-basket-full-measured-m2-rb2-az16-gap16-q3-reg1e-06,coupled-rear-basket-active-surface,h1659-acoustic-full,measured,2,physical-diaphragm,16.0,2,,,,,,,0_60,-0.03889154553318972,0.05833431746217502,0.155855609854882,713.5242690016327,60.0,1.585413280678273,3.8130935250693634,3.8130935250693634,1.5185943918804237,4.323094188483577,4.323094188483577,50.27046462144564,51.958314224111255,51.958314224111255,3140.2636437689775,3140.2636437689775,4,4
physical-rear-basket-full-measured-m2-rb2-az16-gap16-q3-reg1e-06,coupled-rear-basket-active-surface,h1659-acoustic-full,measured,2,physical-diaphragm,16.0,2,,,,,,,70_90,-0.07292735591721214,0.1277724310106591,0.23448773555131197,713.5242690016327,80.0,1.585413280678273,3.8130935250693634,3.8130935250693634,1.5185943918804237,4.323094188483577,4.323094188483577,50.27046462144564,51.958314224111255,51.958314224111255,3140.2636437689775,3140.2636437689775,4,4
physical-rear-basket-full-measured-m2-rb2-az16-gap16-q3-reg1e-06,coupled-rear-basket-active-surface,h1659-acoustic-full,measured,2,physical-diaphragm,16.0,2,,,,,,,80_90,-0.04730226101083982,0.12552607437215188,0.23448773555131197,713.5242690016327,80.0,1.585413280678273,3.8130935250693634,3.8130935250693634,1.5185943918804237,4.323094188483577,4.323094188483577,50.27046462144564,51.958314224111255,51.958314224111255,3140.2636437689775,3140.2636437689775,4,4
physical-rear-basket-full-measured-m2-rb2-az16-gap16-q3-reg1e-06,coupled-rear-basket-active-surface,h1659-acoustic-full,measured,2,physical-diaphragm,16.0,2,,,,,,,90,0.045911129667944736,0.07079773899865935,0.15206461290786422,300.0,90.0,1.585413280678273,3.8130935250693634,3.8130935250693634,1.5185943918804237,4.323094188483577,4.323094188483577,50.27046462144564,51.958314224111255,51.958314224111255,3140.2636437689775,3140.2636437689775,4,4
physical-rear-basket-full-measured-m3-rb2-az16-gap16-q3-reg1e-06,coupled-rear-basket-active-surface,h1659-acoustic-full,measured,3,physical-diaphragm,16.0,2,,,,,,,0_60,-0.0465649727759285,0.06912263058164492,0.17493928977800266,673.4772289856238,60.0,1.4542157271367429,4.607433851117437,4.607433851117437,1.38838534420198,5.0109685683648335,5.0109685683648335,48.77919534865435,47.68600925548872,48.77919534865435,76194.02641768093,76194.02641768093,5,5
physical-rear-basket-full-measured-m3-rb2-az16-gap16-q3-reg1e-06,coupled-rear-basket-active-surface,h1659-acoustic-full,measured,3,physical-diaphragm,16.0,2,,,,,,,70_90,-0.07902456840253501,0.13819817158394215,0.24330916585074647,673.4772289856238,80.0,1.4542157271367429,4.607433851117437,4.607433851117437,1.38838534420198,5.0109685683648335,5.0109685683648335,48.77919534865435,47.68600925548872,48.77919534865435,76194.02641768093,76194.02641768093,5,5
physical-rear-basket-full-measured-m3-rb2-az16-gap16-q3-reg1e-06,coupled-rear-basket-active-surface,h1659-acoustic-full,measured,3,physical-diaphragm,16.0,2,,,,,,,80_90,-0.05671643813521078,0.13440912223359294,0.24330916585074647,673.4772289856238,80.0,1.4542157271367429,4.607433851117437,4.607433851117437,1.38838534420198,5.0109685683648335,5.0109685683648335,48.77919534865435,47.68600925548872,48.77919534865435,76194.02641768093,76194.02641768093,5,5
physical-rear-basket-full-measured-m3-rb2-az16-gap16-q3-reg1e-06,coupled-rear-basket-active-surface,h1659-acoustic-full,measured,3,physical-diaphragm,16.0,2,,,,,,,90,0.0320707098015328,0.06934941062395582,0.17910421882869798,1200.0,90.0,1.4542157271367429,4.607433851117437,4.607433851117437,1.38838534420198,5.0109685683648335,5.0109685683648335,48.77919534865435,47.68600925548872,48.77919534865435,76194.02641768093,76194.02641768093,5,5
physical-rear-basket-full-measured-m4-rb2-az16-gap16-q3-reg1e-06,coupled-rear-basket-active-surface,h1659-acoustic-full,measured,4,physical-diaphragm,16.0,2,,,,,,,0_60,-0.04640881675195785,0.07228873781159971,0.17693733111951815,635.6778566155772,60.0,1.4167579806319575,4.46032073499736,4.46032073499736,1.3570042078863023,4.8175358088940055,4.8175358088940055,48.09867995435818,45.07298328990461,48.09867995435818,12150630.382810188,12150630.382810188,6,6
physical-rear-basket-full-measured-m4-rb2-az16-gap16-q3-reg1e-06,coupled-rear-basket-active-surface,h1659-acoustic-full,measured,4,physical-diaphragm,16.0,2,,,,,,,70_90,-0.07534117443837171,0.1426100134923109,0.24098325119326347,654.3046395991546,80.0,1.4167579806319575,4.46032073499736,4.46032073499736,1.3570042078863023,4.8175358088940055,4.8175358088940055,48.09867995435818,45.07298328990461,48.09867995435818,12150630.382810188,12150630.382810188,6,6
physical-rear-basket-full-measured-m4-rb2-az16-gap16-q3-reg1e-06,coupled-rear-basket-active-surface,h1659-acoustic-full,measured,4,physical-diaphragm,16.0,2,,,,,,,80_90,-0.05435065296091019,0.13820537362479868,0.24098325119326347,654.3046395991546,80.0,1.4167579806319575,4.46032073499736,4.46032073499736,1.3570042078863023,4.8175358088940055,4.8175358088940055,48.09867995435818,45.07298328990461,48.09867995435818,12150630.382810188,12150630.382810188,6,6
physical-rear-basket-full-measured-m4-rb2-az16-gap16-q3-reg1e-06,coupled-rear-basket-active-surface,h1659-acoustic-full,measured,4,physical-diaphragm,16.0,2,,,,,,,90,0.03174939673341131,0.0741157415725906,0.20905743974459767,1200.0,90.0,1.4167579806319575,4.46032073499736,4.46032073499736,1.3570042078863023,4.8175358088940055,4.8175358088940055,48.09867995435818,45.07298328990461,48.09867995435818,12150630.382810188,12150630.382810188,6,6
physical-rear-basket-compact-dipole-m2-rb1-az16-gap16-q3-reg1e-06,coupled-rear-basket-active-surface,h1659-acoustic-compact,dipole,2,physical-diaphragm,16.0,1,,,,,,,0_60,0.01391612234191337,0.025447690158442466,0.12735579800607155,1200.0,60.0,3.571698138713381,4.282090747919586,4.282090747919586,3.642003651624519,3.9517468816847736,3.9517468816847736,44.780814818045606,39.38090148514872,44.780814818045606,326.1680921116882,326.1680921116882,3,3
physical-rear-basket-compact-dipole-m2-rb1-az16-gap16-q3-reg1e-06,coupled-rear-basket-active-surface,h1659-acoustic-compact,dipole,2,physical-diaphragm,16.0,1,,,,,,,70_90,0.08393956339123579,0.10283578574283653,0.2374662499645126,1200.0,90.0,3.571698138713381,4.282090747919586,4.282090747919586,3.642003651624519,3.9517468816847736,3.9517468816847736,44.780814818045606,39.38090148514872,44.780814818045606,326.1680921116882,326.1680921116882,3,3
physical-rear-basket-compact-dipole-m2-rb1-az16-gap16-q3-reg1e-06,coupled-rear-basket-active-surface,h1659-acoustic-compact,dipole,2,physical-diaphragm,16.0,1,,,,,,,80_90,0.10281817231410112,0.11831178859187778,0.2374662499645126,1200.0,90.0,3.571698138713381,4.282090747919586,4.282090747919586,3.642003651624519,3.9517468816847736,3.9517468816847736,44.780814818045606,39.38090148514872,44.780814818045606,326.1680921116882,326.1680921116882,3,3
physical-rear-basket-compact-dipole-m2-rb1-az16-gap16-q3-reg1e-06,coupled-rear-basket-active-surface,h1659-acoustic-compact,dipole,2,physical-diaphragm,16.0,1,,,,,,,90,0.14522142180503678,0.14898453157700742,0.2374662499645126,1200.0,90.0,3.571698138713381,4.282090747919586,4.282090747919586,3.642003651624519,3.9517468816847736,3.9517468816847736,44.780814818045606,39.38090148514872,44.780814818045606,326.1680921116882,326.1680921116882,3,3
physical-rear-basket-compact-dipole-m3-rb1-az16-gap16-q3-reg1e-06,coupled-rear-basket-active-surface,h1659-acoustic-compact,dipole,3,physical-diaphragm,16.0,1,,,,,,,0_60,0.009817265373109231,0.020803737810693442,0.11852082709938827,1200.0,60.0,5.269731449037887,5.416781200901093,5.416781200901093,5.307531327398494,5.124270861193469,5.307531327398494,47.39989484725198,35.99638804891868,47.39989484725198,13065.359433755593,13065.359433755593,4,4
physical-rear-basket-compact-dipole-m3-rb1-az16-gap16-q3-reg1e-06,coupled-rear-basket-active-surface,h1659-acoustic-compact,dipole,3,physical-diaphragm,16.0,1,,,,,,,70_90,0.0597122979444791,0.07680572178291668,0.20701863325666636,1200.0,90.0,5.269731449037887,5.416781200901093,5.416781200901093,5.307531327398494,5.124270861193469,5.307531327398494,47.39989484725198,35.99638804891868,47.39989484725198,13065.359433755593,13065.359433755593,4,4
physical-rear-basket-compact-dipole-m3-rb1-az16-gap16-q3-reg1e-06,coupled-rear-basket-active-surface,h1659-acoustic-compact,dipole,3,physical-diaphragm,16.0,1,,,,,,,80_90,0.07666627129174806,0.09040099397560772,0.20701863325666636,1200.0,90.0,5.269731449037887,5.416781200901093,5.416781200901093,5.307531327398494,5.124270861193469,5.307531327398494,47.39989484725198,35.99638804891868,47.39989484725198,13065.359433755593,13065.359433755593,4,4
physical-rear-basket-compact-dipole-m3-rb1-az16-gap16-q3-reg1e-06,coupled-rear-basket-active-surface,h1659-acoustic-compact,dipole,3,physical-diaphragm,16.0,1,,,,,,,90,0.119182888283828,0.12067144233940968,0.20701863325666636,1200.0,90.0,5.269731449037887,5.416781200901093,5.416781200901093,5.307531327398494,5.124270861193469,5.307531327398494,47.39989484725198,35.99638804891868,47.39989484725198,13065.359433755593,13065.359433755593,4,4
physical-rear-basket-compact-dipole-m4-rb1-az16-gap16-q3-reg1e-06,coupled-rear-basket-active-surface,h1659-acoustic-compact,dipole,4,physical-diaphragm,16.0,1,,,,,,,0_60,0.010042671032113976,0.0249380610494138,0.1387863518104595,1200.0,60.0,6.616710693162951,6.631680535476265,6.631680535476265,6.621511310448266,6.396033493868161,6.621511310448266,47.115064795263415,35.576738821162394,47.115064795263415,198975.29475136107,198975.29475136107,5,5
physical-rear-basket-compact-dipole-m4-rb1-az16-gap16-q3-reg1e-06,coupled-rear-basket-active-surface,h1659-acoustic-compact,dipole,4,physical-diaphragm,16.0,1,,,,,,,70_90,0.06117758718801328,0.09444817573308419,0.5888513717513817,925.3264952447645,90.0,6.616710693162951,6.631680535476265,6.631680535476265,6.621511310448266,6.396033493868161,6.621511310448266,47.115064795263415,35.576738821162394,47.115064795263415,198975.29475136107,198975.29475136107,5,5
physical-rear-basket-compact-dipole-m4-rb1-az16-gap16-q3-reg1e-06,coupled-rear-basket-active-surface,h1659-acoustic-compact,dipole,4,physical-diaphragm,16.0,1,,,,,,,80_90,0.08024905057687651,0.11182244705495518,0.5888513717513817,925.3264952447645,90.0,6.616710693162951,6.631680535476265,6.631680535476265,6.621511310448266,6.396033493868161,6.621511310448266,47.115064795263415,35.576738821162394,47.115064795263415,198975.29475136107,198975.29475136107,5,5
physical-rear-basket-compact-dipole-m4-rb1-az16-gap16-q3-reg1e-06,coupled-rear-basket-active-surface,h1659-acoustic-compact,dipole,4,physical-diaphragm,16.0,1,,,,,,,90,0.13191031103103265,0.15212124740565516,0.5888513717513817,925.3264952447645,90.0,6.616710693162951,6.631680535476265,6.631680535476265,6.621511310448266,6.396033493868161,6.621511310448266,47.115064795263415,35.576738821162394,47.115064795263415,198975.29475136107,198975.29475136107,5,5
physical-rear-basket-compact-dipole-m2-rb2-az16-gap16-q3-reg1e-06,coupled-rear-basket-active-surface,h1659-acoustic-compact,dipole,2,physical-diaphragm,16.0,2,,,,,,,0_60,0.019251300004425303,0.04147848650882193,0.20029068720096888,1200.0,60.0,8.010204744977807,7.83618919070105,8.010204744977807,7.9459831288324585,7.708001232922013,7.9459831288324585,31.451868183670925,50.314149562654414,50.314149562654414,3434.0234887212227,3434.0234887212227,4,4
physical-rear-basket-compact-dipole-m2-rb2-az16-gap16-q3-reg1e-06,coupled-rear-basket-active-surface,h1659-acoustic-compact,dipole,2,physical-diaphragm,16.0,2,,,,,,,70_90,0.08605401327817186,0.1195301026978315,0.3595838364448838,1200.0,90.0,8.010204744977807,7.83618919070105,8.010204744977807,7.9459831288324585,7.708001232922013,7.9459831288324585,31.451868183670925,50.314149562654414,50.314149562654414,3434.0234887212227,3434.0234887212227,4,4
physical-rear-basket-compact-dipole-m2-rb2-az16-gap16-q3-reg1e-06,coupled-rear-basket-active-surface,h1659-acoustic-compact,dipole,2,physical-diaphragm,16.0,2,,,,,,,80_90,0.10584237561852583,0.13572039883936182,0.3595838364448838,1200.0,90.0,8.010204744977807,7.83618919070105,8.010204744977807,7.9459831288324585,7.708001232922013,7.9459831288324585,31.451868183670925,50.314149562654414,50.314149562654414,3434.0234887212227,3434.0234887212227,4,4
physical-rear-basket-compact-dipole-m2-rb2-az16-gap16-q3-reg1e-06,coupled-rear-basket-active-surface,h1659-acoustic-compact,dipole,2,physical-diaphragm,16.0,2,,,,,,,90,0.16109551080326484,0.17503256933123904,0.3595838364448838,1200.0,90.0,8.010204744977807,7.83618919070105,8.010204744977807,7.9459831288324585,7.708001232922013,7.9459831288324585,31.451868183670925,50.314149562654414,50.314149562654414,3434.0234887212227,3434.0234887212227,4,4
physical-rear-basket-compact-dipole-m3-rb2-az16-gap16-q3-reg1e-06,coupled-rear-basket-active-surface,h1659-acoustic-compact,dipole,3,physical-diaphragm,16.0,2,,,,,,,0_60,0.01675434156181348,0.03944054282395207,0.19918947987563485,1200.0,60.0,9.14970376157454,8.99970464703231,9.14970376157454,9.091735883570902,8.868165331133177,9.091735883570902,29.525000746612115,52.44497438197143,52.44497438197143,84991.00863594582,84991.00863594582,5,5
physical-rear-basket-compact-dipole-m3-rb2-az16-gap16-q3-reg1e-06,coupled-rear-basket-active-surface,h1659-acoustic-compact,dipole,3,physical-diaphragm,16.0,2,,,,,,,70_90,0.08191096435375371,0.12056541711435352,0.3772770831810277,1069.0784617684071,90.0,9.14970376157454,8.99970464703231,9.14970376157454,9.091735883570902,8.868165331133177,9.091735883570902,29.525000746612115,52.44497438197143,52.44497438197143,84991.00863594582,84991.00863594582,5,5
physical-rear-basket-compact-dipole-m3-rb2-az16-gap16-q3-reg1e-06,coupled-rear-basket-active-surface,h1659-acoustic-compact,dipole,3,physical-diaphragm,16.0,2,,,,,,,80_90,0.10348610090291394,0.1382897392502988,0.3772770831810277,1069.0784617684071,90.0,9.14970376157454,8.99970464703231,9.14970376157454,9.091735883570902,8.868165331133177,9.091735883570902,29.525000746612115,52.44497438197143,52.44497438197143,84991.00863594582,84991.00863594582,5,5
physical-rear-basket-compact-dipole-m3-rb2-az16-gap16-q3-reg1e-06,coupled-rear-basket-active-surface,h1659-acoustic-compact,dipole,3,physical-diaphragm,16.0,2,,,,,,,90,0.16472645148559464,0.18107761917450194,0.3772770831810277,1069.0784617684071,90.0,9.14970376157454,8.99970464703231,9.14970376157454,9.091735883570902,8.868165331133177,9.091735883570902,29.525000746612115,52.44497438197143,52.44497438197143,84991.00863594582,84991.00863594582,5,5
physical-rear-basket-compact-dipole-m4-rb2-az16-gap16-q3-reg1e-06,coupled-rear-basket-active-surface,h1659-acoustic-compact,dipole,4,physical-diaphragm,16.0,2,,,,,,,0_60,0.015914547653678512,0.03902294950196832,0.20035055569881877,1200.0,60.0,9.30733185040893,9.159295708694186,9.30733185040893,9.250930540212096,9.027253498853282,9.250930540212096,28.292081175628496,53.952079250813114,53.952079250813114,18286557.12109824,18286557.12109824,6,6
physical-rear-basket-compact-dipole-m4-rb2-az16-gap16-q3-reg1e-06,coupled-rear-basket-active-surface,h1659-acoustic-compact,dipole,4,physical-diaphragm,16.0,2,,,,,,,70_90,0.08156346312078509,0.12344474269659629,0.43653249825894136,1069.0784617684071,90.0,9.30733185040893,9.159295708694186,9.30733185040893,9.250930540212096,9.027253498853282,9.250930540212096,28.292081175628496,53.952079250813114,53.952079250813114,18286557.12109824,18286557.12109824,6,6
physical-rear-basket-compact-dipole-m4-rb2-az16-gap16-q3-reg1e-06,coupled-rear-basket-active-surface,h1659-acoustic-compact,dipole,4,physical-diaphragm,16.0,2,,,,,,,80_90,0.10405896979368295,0.14214922117424972,0.43653249825894136,1069.0784617684071,90.0,9.30733185040893,9.159295708694186,9.30733185040893,9.250930540212096,9.027253498853282,9.250930540212096,28.292081175628496,53.952079250813114,53.952079250813114,18286557.12109824,18286557.12109824,6,6
physical-rear-basket-compact-dipole-m4-rb2-az16-gap16-q3-reg1e-06,coupled-rear-basket-active-surface,h1659-acoustic-compact,dipole,4,physical-diaphragm,16.0,2,,,,,,,90,0.1681836795130696,0.1871210227748836,0.43653249825894136,1069.0784617684071,90.0,9.30733185040893,9.159295708694186,9.30733185040893,9.250930540212096,9.027253498853282,9.250930540212096,28.292081175628496,53.952079250813114,53.952079250813114,18286557.12109824,18286557.12109824,6,6
physical-rear-basket-full-dipole-m2-rb1-az16-gap16-q3-reg1e-06,coupled-rear-basket-active-surface,h1659-acoustic-full,dipole,2,physical-diaphragm,16.0,1,,,,,,,0_60,0.013426998782526407,0.024285345143422545,0.11917657960951544,1200.0,60.0,3.7696485526379004,4.351405363756468,4.351405363756468,3.8356630787876766,4.045281227417603,4.045281227417603,44.366020967827396,40.464176285362186,44.366020967827396,264.4979695025878,264.4979695025878,3,3
physical-rear-basket-full-dipole-m2-rb1-az16-gap16-q3-reg1e-06,coupled-rear-basket-active-surface,h1659-acoustic-full,dipole,2,physical-diaphragm,16.0,1,,,,,,,70_90,0.08313282951725526,0.10185237772417875,0.2321462150523601,1200.0,90.0,3.7696485526379004,4.351405363756468,4.351405363756468,3.8356630787876766,4.045281227417603,4.045281227417603,44.366020967827396,40.464176285362186,44.366020967827396,264.4979695025878,264.4979695025878,3,3
physical-rear-basket-full-dipole-m2-rb1-az16-gap16-q3-reg1e-06,coupled-rear-basket-active-surface,h1659-acoustic-full,dipole,2,physical-diaphragm,16.0,1,,,,,,,80_90,0.10231525293400527,0.11764546947282978,0.2321462150523601,1200.0,90.0,3.7696485526379004,4.351405363756468,4.351405363756468,3.8356630787876766,4.045281227417603,4.045281227417603,44.366020967827396,40.464176285362186,44.366020967827396,264.4979695025878,264.4979695025878,3,3
physical-rear-basket-full-dipole-m2-rb1-az16-gap16-q3-reg1e-06,coupled-rear-basket-active-surface,h1659-acoustic-full,dipole,2,physical-diaphragm,16.0,1,,,,,,,90,0.1458403896930247,0.14921048124583036,0.2321462150523601,1200.0,90.0,3.7696485526379004,4.351405363756468,4.351405363756468,3.8356630787876766,4.045281227417603,4.045281227417603,44.366020967827396,40.464176285362186,44.366020967827396,264.4979695025878,264.4979695025878,3,3
physical-rear-basket-full-dipole-m3-rb1-az16-gap16-q3-reg1e-06,coupled-rear-basket-active-surface,h1659-acoustic-full,dipole,3,physical-diaphragm,16.0,1,,,,,,,0_60,0.009458821290803748,0.020895650401828638,0.11886206612302885,1200.0,60.0,5.669885822465875,5.76183258247511,5.76183258247511,5.698249451228989,5.488168076362632,5.698249451228989,47.07677588055429,36.38659837722259,47.07677588055429,12353.670332933145,12353.670332933145,4,4
physical-rear-basket-full-dipole-m3-rb1-az16-gap16-q3-reg1e-06,coupled-rear-basket-active-surface,h1659-acoustic-full,dipole,3,physical-diaphragm,16.0,1,,,,,,,70_90,0.0556108717028897,0.07463482729729447,0.21749161558368257,1200.0,90.0,5.669885822465875,5.76183258247511,5.76183258247511,5.698249451228989,5.488168076362632,5.698249451228989,47.07677588055429,36.38659837722259,47.07677588055429,12353.670332933145,12353.670332933145,4,4
physical-rear-basket-full-dipole-m3-rb1-az16-gap16-q3-reg1e-06,coupled-rear-basket-active-surface,h1659-acoustic-full,dipole,3,physical-diaphragm,16.0,1,,,,,,,80_90,0.07162511622279806,0.08798769110041883,0.21749161558368257,1200.0,90.0,5.669885822465875,5.76183258247511,5.76183258247511,5.698249451228989,5.488168076362632,5.698249451228989,47.07677588055429,36.38659837722259,47.07677588055429,12353.670332933145,12353.670332933145,4,4
physical-rear-basket-full-dipole-m3-rb1-az16-gap16-q3-reg1e-06,coupled-rear-basket-active-surface,h1659-acoustic-full,dipole,3,physical-diaphragm,16.0,1,,,,,,,90,0.11249502151566848,0.11831102473626137,0.21749161558368257,1200.0,90.0,5.669885822465875,5.76183258247511,5.76183258247511,5.698249451228989,5.488168076362632,5.698249451228989,47.07677588055429,36.38659837722259,47.07677588055429,12353.670332933145,12353.670332933145,4,4
physical-rear-basket-full-dipole-m4-rb1-az16-gap16-q3-reg1e-06,coupled-rear-basket-active-surface,h1659-acoustic-full,dipole,4,physical-diaphragm,16.0,1,,,,,,,0_60,0.010633471644947507,0.02766914918756141,0.15077531839629188,1200.0,60.0,7.684360138910817,7.6366490930723945,7.684360138910817,7.672037186183757,7.435469650633582,7.672037186183757,46.52159085407871,36.672668132451676,46.52159085407871,130435.36607182174,130435.36607182174,5,5
physical-rear-basket-full-dipole-m4-rb1-az16-gap16-q3-reg1e-06,coupled-rear-basket-active-surface,h1659-acoustic-full,dipole,4,physical-diaphragm,16.0,1,,,,,,,70_90,0.08133603813078893,0.13524916094015169,0.5043746809322442,778.1037327906058,90.0,7.684360138910817,7.6366490930723945,7.684360138910817,7.672037186183757,7.435469650633582,7.672037186183757,46.52159085407871,36.672668132451676,46.52159085407871,130435.36607182174,130435.36607182174,5,5
physical-rear-basket-full-dipole-m4-rb1-az16-gap16-q3-reg1e-06,coupled-rear-basket-active-surface,h1659-acoustic-full,dipole,4,physical-diaphragm,16.0,1,,,,,,,80_90,0.11036708304308102,0.16228515730601942,0.5043746809322442,778.1037327906058,90.0,7.684360138910817,7.6366490930723945,7.684360138910817,7.672037186183757,7.435469650633582,7.672037186183757,46.52159085407871,36.672668132451676,46.52159085407871,130435.36607182174,130435.36607182174,5,5
physical-rear-basket-full-dipole-m4-rb1-az16-gap16-q3-reg1e-06,coupled-rear-basket-active-surface,h1659-acoustic-full,dipole,4,physical-diaphragm,16.0,1,,,,,,,90,0.1929443751379566,0.2245763161987341,0.5043746809322442,778.1037327906058,90.0,7.684360138910817,7.6366490930723945,7.684360138910817,7.672037186183757,7.435469650633582,7.672037186183757,46.52159085407871,36.672668132451676,46.52159085407871,130435.36607182174,130435.36607182174,5,5
physical-rear-basket-full-dipole-m2-rb2-az16-gap16-q3-reg1e-06,coupled-rear-basket-active-surface,h1659-acoustic-full,dipole,2,physical-diaphragm,16.0,2,,,,,,,0_60,0.019010021357898844,0.04134323177148727,0.19944630780165085,1200.0,60.0,8.105884417309667,7.931442900619696,8.105884417309667,8.041573947934875,7.804036854233175,8.041573947934875,31.171746972340067,50.76807316776262,50.76807316776262,3140.2636437689775,3140.2636437689775,4,4
physical-rear-basket-full-dipole-m2-rb2-az16-gap16-q3-reg1e-06,coupled-rear-basket-active-surface,h1659-acoustic-full,dipole,2,physical-diaphragm,16.0,2,,,,,,,70_90,0.08523134669085834,0.11915086842486461,0.3572288917345432,1200.0,90.0,8.105884417309667,7.931442900619696,8.105884417309667,8.041573947934875,7.804036854233175,8.041573947934875,31.171746972340067,50.76807316776262,50.76807316776262,3140.2636437689775,3140.2636437689775,4,4
physical-rear-basket-full-dipole-m2-rb2-az16-gap16-q3-reg1e-06,coupled-rear-basket-active-surface,h1659-acoustic-full,dipole,2,physical-diaphragm,16.0,2,,,,,,,80_90,0.10507693027864845,0.13534467224606733,0.3572288917345432,1200.0,90.0,8.105884417309667,7.931442900619696,8.105884417309667,8.041573947934875,7.804036854233175,8.041573947934875,31.171746972340067,50.76807316776262,50.76807316776262,3140.2636437689775,3140.2636437689775,4,4
physical-rear-basket-full-dipole-m2-rb2-az16-gap16-q3-reg1e-06,coupled-rear-basket-active-surface,h1659-acoustic-full,dipole,2,physical-diaphragm,16.0,2,,,,,,,90,0.1606742738294091,0.17471286568250619,0.3572288917345432,1200.0,90.0,8.105884417309667,7.931442900619696,8.105884417309667,8.041573947934875,7.804036854233175,8.041573947934875,31.171746972340067,50.76807316776262,50.76807316776262,3140.2636437689775,3140.2636437689775,4,4
physical-rear-basket-full-dipole-m3-rb2-az16-gap16-q3-reg1e-06,coupled-rear-basket-active-surface,h1659-acoustic-full,dipole,3,physical-diaphragm,16.0,2,,,,,,,0_60,0.016450464804902053,0.03914299507603661,0.1984652183272786,1200.0,60.0,9.221473980467415,9.072551321243472,9.221473980467415,9.16384510187073,8.941311296315714,9.16384510187073,28.53072386011695,53.401825043437384,53.401825043437384,76194.02641768093,76194.02641768093,5,5
physical-rear-basket-full-dipole-m3-rb2-az16-gap16-q3-reg1e-06,coupled-rear-basket-active-surface,h1659-acoustic-full,dipole,3,physical-diaphragm,16.0,2,,,,,,,70_90,0.08202972631927886,0.12202055029341742,0.3916559033272051,1069.0784617684071,90.0,9.221473980467415,9.072551321243472,9.221473980467415,9.16384510187073,8.941311296315714,9.16384510187073,28.53072386011695,53.401825043437384,53.401825043437384,76194.02641768093,76194.02641768093,5,5
physical-rear-basket-full-dipole-m3-rb2-az16-gap16-q3-reg1e-06,coupled-rear-basket-active-surface,h1659-acoustic-full,dipole,3,physical-diaphragm,16.0,2,,,,,,,80_90,0.10397497759490346,0.1402219701051625,0.3916559033272051,1069.0784617684071,90.0,9.221473980467415,9.072551321243472,9.221473980467415,9.16384510187073,8.941311296315714,9.16384510187073,28.53072386011695,53.401825043437384,53.401825043437384,76194.02641768093,76194.02641768093,5,5
physical-rear-basket-full-dipole-m3-rb2-az16-gap16-q3-reg1e-06,coupled-rear-basket-active-surface,h1659-acoustic-full,dipole,3,physical-diaphragm,16.0,2,,,,,,,90,0.1663310581251366,0.18403800291476735,0.3916559033272051,1069.0784617684071,90.0,9.221473980467415,9.072551321243472,9.221473980467415,9.16384510187073,8.941311296315714,9.16384510187073,28.53072386011695,53.401825043437384,53.401825043437384,76194.02641768093,76194.02641768093,5,5
physical-rear-basket-full-dipole-m4-rb2-az16-gap16-q3-reg1e-06,coupled-rear-basket-active-surface,h1659-acoustic-full,dipole,4,physical-diaphragm,16.0,2,,,,,,,0_60,0.01538863087923348,0.038621890503100734,0.1997399107874145,1200.0,60.0,9.438703343653984,9.292839023794281,9.438703343653984,9.38333032239602,9.160954553840709,9.38333032239602,27.321437283863755,54.974256162748546,54.974256162748546,12150630.382810188,12150630.382810188,6,6
physical-rear-basket-full-dipole-m4-rb2-az16-gap16-q3-reg1e-06,coupled-rear-basket-active-surface,h1659-acoustic-full,dipole,4,physical-diaphragm,16.0,2,,,,,,,70_90,0.08119847981449194,0.12417270509781515,0.398976125390476,1069.0784617684071,90.0,9.438703343653984,9.292839023794281,9.438703343653984,9.38333032239602,9.160954553840709,9.38333032239602,27.321437283863755,54.974256162748546,54.974256162748546,12150630.382810188,12150630.382810188,6,6
physical-rear-basket-full-dipole-m4-rb2-az16-gap16-q3-reg1e-06,coupled-rear-basket-active-surface,h1659-acoustic-full,dipole,4,physical-diaphragm,16.0,2,,,,,,,80_90,0.10409270980595568,0.14316030560126977,0.398976125390476,1069.0784617684071,90.0,9.438703343653984,9.292839023794281,9.438703343653984,9.38333032239602,9.160954553840709,9.38333032239602,27.321437283863755,54.974256162748546,54.974256162748546,12150630.382810188,12150630.382810188,6,6
physical-rear-basket-full-dipole-m4-rb2-az16-gap16-q3-reg1e-06,coupled-rear-basket-active-surface,h1659-acoustic-full,dipole,4,physical-diaphragm,16.0,2,,,,,,,90,0.16942620670667496,0.1887221900611471,0.398976125390476,1069.0784617684071,90.0,9.438703343653984,9.292839023794281,9.438703343653984,9.38333032239602,9.160954553840709,9.38333032239602,27.321437283863755,54.974256162748546,54.974256162748546,12150630.382810188,12150630.382810188,6,6
physical-rear-basket-compact-measured-m2-rb2-az24-gap16-q3-reg1e-06,coupled-rear-basket-active-surface,h1659-acoustic-compact,measured,2,physical-diaphragm,16.0,2,,,,,,,0_60,-0.03404548219322975,0.05253735273477312,0.14615609110965977,734.4321259827932,60.0,1.5731696300255644,3.767147273334837,3.767147273334837,1.512780237360059,4.315868292021707,4.315868292021707,50.786570858116235,52.82010606271087,52.82010606271087,3647.3434207842256,3647.3434207842256,4,4
physical-rear-basket-compact-measured-m2-rb2-az24-gap16-q3-reg1e-06,coupled-rear-basket-active-surface,h1659-acoustic-compact,measured,2,physical-diaphragm,16.0,2,,,,,,,70_90,-0.06281590990174092,0.12230013632289267,0.22915522169203228,734.4321259827932,80.0,1.5731696300255644,3.767147273334837,3.767147273334837,1.512780237360059,4.315868292021707,4.315868292021707,50.786570858116235,52.82010606271087,52.82010606271087,3647.3434207842256,3647.3434207842256,4,4
physical-rear-basket-compact-measured-m2-rb2-az24-gap16-q3-reg1e-06,coupled-rear-basket-active-surface,h1659-acoustic-compact,measured,2,physical-diaphragm,16.0,2,,,,,,,80_90,-0.03757038654643535,0.12253291089862504,0.22915522169203228,734.4321259827932,80.0,1.5731696300255644,3.767147273334837,3.767147273334837,1.512780237360059,4.315868292021707,4.315868292021707,50.786570858116235,52.82010606271087,52.82010606271087,3647.3434207842256,3647.3434207842256,4,4
physical-rear-basket-compact-measured-m2-rb2-az24-gap16-q3-reg1e-06,coupled-rear-basket-active-surface,h1659-acoustic-compact,measured,2,physical-diaphragm,16.0,2,,,,,,,90,0.05701539864800197,0.0773861795289037,0.1556017829434282,300.0,90.0,1.5731696300255644,3.767147273334837,3.767147273334837,1.512780237360059,4.315868292021707,4.315868292021707,50.786570858116235,52.82010606271087,52.82010606271087,3647.3434207842256,3647.3434207842256,4,4
physical-rear-basket-compact-measured-m3-rb2-az24-gap16-q3-reg1e-06,coupled-rear-basket-active-surface,h1659-acoustic-compact,measured,3,physical-diaphragm,16.0,2,,,,,,,0_60,-0.047367570909844794,0.06916534305090234,0.1772147824949002,693.2116181233638,60.0,1.4584090287196003,4.376931025201154,4.376931025201154,1.3846367383580291,4.808142391544774,4.808142391544774,49.28977506399707,49.409688225164075,49.409688225164075,82670.64408576657,82670.64408576657,5,5
physical-rear-basket-compact-measured-m3-rb2-az24-gap16-q3-reg1e-06,coupled-rear-basket-active-surface,h1659-acoustic-compact,measured,3,physical-diaphragm,16.0,2,,,,,,,70_90,-0.08217596711419464,0.138071065467056,0.24895414416709372,693.2116181233638,80.0,1.4584090287196003,4.376931025201154,4.376931025201154,1.3846367383580291,4.808142391544774,4.808142391544774,49.28977506399707,49.409688225164075,49.409688225164075,82670.64408576657,82670.64408576657,5,5
physical-rear-basket-compact-measured-m3-rb2-az24-gap16-q3-reg1e-06,coupled-rear-basket-active-surface,h1659-acoustic-compact,measured,3,physical-diaphragm,16.0,2,,,,,,,80_90,-0.059278963432957424,0.1341927112557909,0.24895414416709372,693.2116181233638,80.0,1.4584090287196003,4.376931025201154,4.376931025201154,1.3846367383580291,4.808142391544774,4.808142391544774,49.28977506399707,49.409688225164075,49.409688225164075,82670.64408576657,82670.64408576657,5,5
physical-rear-basket-compact-measured-m3-rb2-az24-gap16-q3-reg1e-06,coupled-rear-basket-active-surface,h1659-acoustic-compact,measured,3,physical-diaphragm,16.0,2,,,,,,,90,0.030645406983718846,0.06758985655153213,0.16488210403692705,1200.0,90.0,1.4584090287196003,4.376931025201154,4.376931025201154,1.3846367383580291,4.808142391544774,4.808142391544774,49.28977506399707,49.409688225164075,49.409688225164075,82670.64408576657,82670.64408576657,5,5
physical-rear-basket-compact-measured-m4-rb2-az24-gap16-q3-reg1e-06,coupled-rear-basket-active-surface,h1659-acoustic-compact,measured,4,physical-diaphragm,16.0,2,,,,,,,0_60,-0.048424195407112486,0.0724441568153633,0.1804077166146527,673.4772289856238,60.0,1.4241958768822318,4.719088968732268,4.719088968732268,1.3532057305642218,5.100302561763429,5.100302561763429,48.66678043366578,46.677599742550576,48.66678043366578,12900203.404152742,12900203.404152742,6,6
physical-rear-basket-compact-measured-m4-rb2-az24-gap16-q3-reg1e-06,coupled-rear-basket-active-surface,h1659-acoustic-compact,measured,4,physical-diaphragm,16.0,2,,,,,,,70_90,-0.08114831775501252,0.14220553764497912,0.24783007125373757,673.4772289856238,80.0,1.4241958768822318,4.719088968732268,4.719088968732268,1.3532057305642218,5.100302561763429,5.100302561763429,48.66678043366578,46.677599742550576,48.66678043366578,12900203.404152742,12900203.404152742,6,6
physical-rear-basket-compact-measured-m4-rb2-az24-gap16-q3-reg1e-06,coupled-rear-basket-active-surface,h1659-acoustic-compact,measured,4,physical-diaphragm,16.0,2,,,,,,,80_90,-0.05941550135402031,0.13773261310444967,0.24783007125373757,673.4772289856238,80.0,1.4241958768822318,4.719088968732268,4.719088968732268,1.3532057305642218,5.100302561763429,5.100302561763429,48.66678043366578,46.677599742550576,48.66678043366578,12900203.404152742,12900203.404152742,6,6
physical-rear-basket-compact-measured-m4-rb2-az24-gap16-q3-reg1e-06,coupled-rear-basket-active-surface,h1659-acoustic-compact,measured,4,physical-diaphragm,16.0,2,,,,,,,90,0.02831027732418717,0.07028287200996573,0.19344867829401124,1200.0,90.0,1.4241958768822318,4.719088968732268,4.719088968732268,1.3532057305642218,5.100302561763429,5.100302561763429,48.66678043366578,46.677599742550576,48.66678043366578,12900203.404152742,12900203.404152742,6,6
physical-rear-basket-compact-dipole-m2-rb2-az24-gap16-q3-reg1e-06,coupled-rear-basket-active-surface,h1659-acoustic-compact,dipole,2,physical-diaphragm,16.0,2,,,,,,,0_60,0.019293093808139556,0.04132169224323958,0.2004408831245783,1200.0,60.0,7.921567746616619,7.749803436225934,7.921567746616619,7.8584703987994535,7.620382209896707,7.8584703987994535,31.575990011586775,49.75668583853852,49.75668583853852,3647.3434207842256,3647.3434207842256,4,4
physical-rear-basket-compact-dipole-m2-rb2-az24-gap16-q3-reg1e-06,coupled-rear-basket-active-surface,h1659-acoustic-compact,dipole,2,physical-diaphragm,16.0,2,,,,,,,70_90,0.0867780911600501,0.1197908021253386,0.3610544304829446,1200.0,90.0,7.921567746616619,7.749803436225934,7.921567746616619,7.8584703987994535,7.620382209896707,7.8584703987994535,31.575990011586775,49.75668583853852,49.75668583853852,3647.3434207842256,3647.3434207842256,4,4
physical-rear-basket-compact-dipole-m2-rb2-az24-gap16-q3-reg1e-06,coupled-rear-basket-active-surface,h1659-acoustic-compact,dipole,2,physical-diaphragm,16.0,2,,,,,,,80_90,0.1065702411146495,0.13602132726498956,0.3610544304829446,1200.0,90.0,7.921567746616619,7.749803436225934,7.921567746616619,7.8584703987994535,7.620382209896707,7.8584703987994535,31.575990011586775,49.75668583853852,49.75668583853852,3647.3434207842256,3647.3434207842256,4,4
physical-rear-basket-compact-dipole-m2-rb2-az24-gap16-q3-reg1e-06,coupled-rear-basket-active-surface,h1659-acoustic-compact,dipole,2,physical-diaphragm,16.0,2,,,,,,,90,0.16159673176361491,0.1753408023467912,0.3610544304829446,1200.0,90.0,7.921567746616619,7.749803436225934,7.921567746616619,7.8584703987994535,7.620382209896707,7.8584703987994535,31.575990011586775,49.75668583853852,49.75668583853852,3647.3434207842256,3647.3434207842256,4,4
physical-rear-basket-compact-dipole-m3-rb2-az24-gap16-q3-reg1e-06,coupled-rear-basket-active-surface,h1659-acoustic-compact,dipole,3,physical-diaphragm,16.0,2,,,,,,,0_60,0.016632681829691947,0.03909656343302226,0.19791364396019873,1200.0,60.0,9.143290066672135,8.995801696862149,9.143290066672135,9.086428163393078,8.862560941123297,9.086428163393078,29.587779418870372,52.11204589507038,52.11204589507038,82670.64408576657,82670.64408576657,5,5
physical-rear-basket-compact-dipole-m3-rb2-az24-gap16-q3-reg1e-06,coupled-rear-basket-active-surface,h1659-acoustic-compact,dipole,3,physical-diaphragm,16.0,2,,,,,,,70_90,0.0822120747638841,0.1208828840688087,0.3900005951827126,1069.0784617684071,90.0,9.143290066672135,8.995801696862149,9.143290066672135,9.086428163393078,8.862560941123297,9.086428163393078,29.587779418870372,52.11204589507038,52.11204589507038,82670.64408576657,82670.64408576657,5,5
physical-rear-basket-compact-dipole-m3-rb2-az24-gap16-q3-reg1e-06,coupled-rear-basket-active-surface,h1659-acoustic-compact,dipole,3,physical-diaphragm,16.0,2,,,,,,,80_90,0.10397130576923098,0.13884213697613826,0.3900005951827126,1069.0784617684071,90.0,9.143290066672135,8.995801696862149,9.143290066672135,9.086428163393078,8.862560941123297,9.086428163393078,29.587779418870372,52.11204589507038,52.11204589507038,82670.64408576657,82670.64408576657,5,5
physical-rear-basket-compact-dipole-m3-rb2-az24-gap16-q3-reg1e-06,coupled-rear-basket-active-surface,h1659-acoustic-compact,dipole,3,physical-diaphragm,16.0,2,,,,,,,90,0.16565661966604575,0.1821026942298346,0.3900005951827126,1069.0784617684071,90.0,9.143290066672135,8.995801696862149,9.143290066672135,9.086428163393078,8.862560941123297,9.086428163393078,29.587779418870372,52.11204589507038,52.11204589507038,82670.64408576657,82670.64408576657,5,5
physical-rear-basket-compact-dipole-m4-rb2-az24-gap16-q3-reg1e-06,coupled-rear-basket-active-surface,h1659-acoustic-compact,dipole,4,physical-diaphragm,16.0,2,,,,,,,0_60,0.01563546866588126,0.038551037497126656,0.19869243457138452,1200.0,60.0,9.369566967371343,9.224842446775556,9.369566967371343,9.314604801343458,9.091073940741131,9.314604801343458,28.15539972783787,53.76088828169876,53.76088828169876,12900203.404152742,12900203.404152742,6,6
physical-rear-basket-compact-dipole-m4-rb2-az24-gap16-q3-reg1e-06,coupled-rear-basket-active-surface,h1659-acoustic-compact,dipole,4,physical-diaphragm,16.0,2,,,,,,,70_90,0.08223143997645313,0.12577766341751528,0.5096476456634917,1069.0784617684071,90.0,9.369566967371343,9.224842446775556,9.369566967371343,9.314604801343458,9.091073940741131,9.314604801343458,28.15539972783787,53.76088828169876,53.76088828169876,12900203.404152742,12900203.404152742,6,6
physical-rear-basket-compact-dipole-m4-rb2-az24-gap16-q3-reg1e-06,coupled-rear-basket-active-surface,h1659-acoustic-compact,dipole,4,physical-diaphragm,16.0,2,,,,,,,80_90,0.10531417250321216,0.14536414896093103,0.5096476456634917,1069.0784617684071,90.0,9.369566967371343,9.224842446775556,9.369566967371343,9.314604801343458,9.091073940741131,9.314604801343458,28.15539972783787,53.76088828169876,53.76088828169876,12900203.404152742,12900203.404152742,6,6
physical-rear-basket-compact-dipole-m4-rb2-az24-gap16-q3-reg1e-06,coupled-rear-basket-active-surface,h1659-acoustic-compact,dipole,4,physical-diaphragm,16.0,2,,,,,,,90,0.17112068936970598,0.19224727458238194,0.5096476456634917,1069.0784617684071,90.0,9.369566967371343,9.224842446775556,9.369566967371343,9.314604801343458,9.091073940741131,9.314604801343458,28.15539972783787,53.76088828169876,53.76088828169876,12900203.404152742,12900203.404152742,6,6
physical-rear-basket-compact-measured-m2-rb2-az16-gap30-q3-reg1e-06,coupled-rear-basket-active-surface,h1659-acoustic-compact,measured,2,physical-diaphragm,30.0,2,,,,,,,0_60,-0.02355002728819591,0.04873035335025915,0.1276181727139587,635.6778566155772,60.0,1.7344079184364898,3.8235284417145063,3.8235284417145063,1.7425790870901414,4.356292298103525,4.356292298103525,50.427905812152,52.69839762486484,52.69839762486484,2649.8799166108215,2649.8799166108215,4,4
physical-rear-basket-compact-measured-m2-rb2-az16-gap30-q3-reg1e-06,coupled-rear-basket-active-surface,h1659-acoustic-compact,measured,2,physical-diaphragm,30.0,2,,,,,,,70_90,-0.05321025436104515,0.11724216586551728,0.20662553746517176,693.2116181233638,80.0,1.7344079184364898,3.8235284417145063,3.8235284417145063,1.7425790870901414,4.356292298103525,4.356292298103525,50.427905812152,52.69839762486484,52.69839762486484,2649.8799166108215,2649.8799166108215,4,4
physical-rear-basket-compact-measured-m2-rb2-az16-gap30-q3-reg1e-06,coupled-rear-basket-active-surface,h1659-acoustic-compact,measured,2,physical-diaphragm,30.0,2,,,,,,,80_90,-0.029201291675229606,0.12027437480662248,0.20662553746517176,693.2116181233638,80.0,1.7344079184364898,3.8235284417145063,3.8235284417145063,1.7425790870901414,4.356292298103525,4.356292298103525,50.427905812152,52.69839762486484,52.69839762486484,2649.8799166108215,2649.8799166108215,4,4
physical-rear-basket-compact-measured-m2-rb2-az16-gap30-q3-reg1e-06,coupled-rear-basket-active-surface,h1659-acoustic-compact,measured,2,physical-diaphragm,30.0,2,,,,,,,90,0.0651001416920163,0.07824576376468201,0.16818885022129848,1200.0,90.0,1.7344079184364898,3.8235284417145063,3.8235284417145063,1.7425790870901414,4.356292298103525,4.356292298103525,50.427905812152,52.69839762486484,52.69839762486484,2649.8799166108215,2649.8799166108215,4,4
physical-rear-basket-compact-measured-m3-rb2-az16-gap30-q3-reg1e-06,coupled-rear-basket-active-surface,h1659-acoustic-compact,measured,3,physical-diaphragm,30.0,2,,,,,,,0_60,-0.038564692531774594,0.061961310571938676,0.15331375170690364,600.0,60.0,1.6406826662041782,4.27034344949075,4.27034344949075,1.641795906883881,4.657136015414755,4.657136015414755,48.46783130723955,46.06275481137337,48.46783130723955,55242.458959300166,55242.458959300166,5,5
physical-rear-basket-compact-measured-m3-rb2-az16-gap30-q3-reg1e-06,coupled-rear-basket-active-surface,h1659-acoustic-compact,measured,3,physical-diaphragm,30.0,2,,,,,,,70_90,-0.06461037229625394,0.13148273590757,0.2209819659119603,635.6778566155772,80.0,1.6406826662041782,4.27034344949075,4.27034344949075,1.641795906883881,4.657136015414755,4.657136015414755,48.46783130723955,46.06275481137337,48.46783130723955,55242.458959300166,55242.458959300166,5,5
physical-rear-basket-compact-measured-m3-rb2-az16-gap30-q3-reg1e-06,coupled-rear-basket-active-surface,h1659-acoustic-compact,measured,3,physical-diaphragm,30.0,2,,,,,,,80_90,-0.04438662890638966,0.12871773740707979,0.2209819659119603,635.6778566155772,80.0,1.6406826662041782,4.27034344949075,4.27034344949075,1.641795906883881,4.657136015414755,4.657136015414755,48.46783130723955,46.06275481137337,48.46783130723955,55242.458959300166,55242.458959300166,5,5
physical-rear-basket-compact-measured-m3-rb2-az16-gap30-q3-reg1e-06,coupled-rear-basket-active-surface,h1659-acoustic-compact,measured,3,physical-diaphragm,30.0,2,,,,,,,90,0.04274099099741874,0.06821242577476079,0.18193075293801542,1200.0,90.0,1.6406826662041782,4.27034344949075,4.27034344949075,1.641795906883881,4.657136015414755,4.657136015414755,48.46783130723955,46.06275481137337,48.46783130723955,55242.458959300166,55242.458959300166,5,5
physical-rear-basket-compact-measured-m4-rb2-az16-gap30-q3-reg1e-06,coupled-rear-basket-active-surface,h1659-acoustic-compact,measured,4,physical-diaphragm,30.0,2,,,,,,,0_60,-0.0374706639401878,0.0644332276579333,0.1603626791241055,1200.0,60.0,1.6339132698328875,4.012672433079162,4.012672433079162,1.6409386032151696,4.354313929041752,4.354313929041752,47.66522356643435,44.3473000052438,47.66522356643435,8937537.958281148,8937537.958281148,6,6
physical-rear-basket-compact-measured-m4-rb2-az16-gap30-q3-reg1e-06,coupled-rear-basket-active-surface,h1659-acoustic-compact,measured,4,physical-diaphragm,30.0,2,,,,,,,70_90,-0.056533253477812885,0.13488459843359207,0.21685229751594193,582.9191646921635,80.0,1.6339132698328875,4.012672433079162,4.012672433079162,1.6409386032151696,4.354313929041752,4.354313929041752,47.66522356643435,44.3473000052438,47.66522356643435,8937537.958281148,8937537.958281148,6,6
physical-rear-basket-compact-measured-m4-rb2-az16-gap30-q3-reg1e-06,coupled-rear-basket-active-surface,h1659-acoustic-compact,measured,4,physical-diaphragm,30.0,2,,,,,,,80_90,-0.03781507434231883,0.13116283957563477,0.21685229751594193,582.9191646921635,80.0,1.6339132698328875,4.012672433079162,4.012672433079162,1.6409386032151696,4.354313929041752,4.354313929041752,47.66522356643435,44.3473000052438,47.66522356643435,8937537.958281148,8937537.958281148,6,6
physical-rear-basket-compact-measured-m4-rb2-az16-gap30-q3-reg1e-06,coupled-rear-basket-active-surface,h1659-acoustic-compact,measured,4,physical-diaphragm,30.0,2,,,,,,,90,0.04546796943810154,0.074338306757664,0.19937545731681183,1200.0,90.0,1.6339132698328875,4.012672433079162,4.012672433079162,1.6409386032151696,4.354313929041752,4.354313929041752,47.66522356643435,44.3473000052438,47.66522356643435,8937537.958281148,8937537.958281148,6,6
physical-rear-basket-full-measured-m2-rb2-az16-gap30-q3-reg1e-06,coupled-rear-basket-active-surface,h1659-acoustic-full,measured,2,physical-diaphragm,30.0,2,,,,,,,0_60,-0.024948278179648228,0.05025551632908002,0.129934886686776,635.6778566155772,60.0,1.7508461407881262,3.8351967178617956,3.8351967178617956,1.757573017027014,4.35944384035602,4.35944384035602,50.2815720034377,52.29519635008051,52.29519635008051,2456.084851420072,2456.084851420072,4,4
physical-rear-basket-full-measured-m2-rb2-az16-gap30-q3-reg1e-06,coupled-rear-basket-active-surface,h1659-acoustic-full,measured,2,physical-diaphragm,30.0,2,,,,,,,70_90,-0.05625751846694245,0.11891826507401597,0.20747521487620446,693.2116181233638,80.0,1.7508461407881262,3.8351967178617956,3.8351967178617956,1.757573017027014,4.35944384035602,4.35944384035602,50.2815720034377,52.29519635008051,52.29519635008051,2456.084851420072,2456.084851420072,4,4
physical-rear-basket-full-measured-m2-rb2-az16-gap30-q3-reg1e-06,coupled-rear-basket-active-surface,h1659-acoustic-full,measured,2,physical-diaphragm,30.0,2,,,,,,,80_90,-0.03206603971922268,0.12123414945640162,0.20747521487620446,693.2116181233638,80.0,1.7508461407881262,3.8351967178617956,3.8351967178617956,1.757573017027014,4.35944384035602,4.35944384035602,50.2815720034377,52.29519635008051,52.29519635008051,2456.084851420072,2456.084851420072,4,4
physical-rear-basket-full-measured-m2-rb2-az16-gap30-q3-reg1e-06,coupled-rear-basket-active-surface,h1659-acoustic-full,measured,2,physical-diaphragm,30.0,2,,,,,,,90,0.06223041637717607,0.07611697289543151,0.16647527064784384,1200.0,90.0,1.7508461407881262,3.8351967178617956,3.8351967178617956,1.757573017027014,4.35944384035602,4.35944384035602,50.2815720034377,52.29519635008051,52.29519635008051,2456.084851420072,2456.084851420072,4,4
physical-rear-basket-full-measured-m3-rb2-az16-gap30-q3-reg1e-06,coupled-rear-basket-active-surface,h1659-acoustic-full,measured,3,physical-diaphragm,30.0,2,,,,,,,0_60,-0.03855041990159325,0.062048727627988055,0.15238607904915114,582.9191646921635,60.0,1.645820927830569,4.135963439600654,4.135963439600654,1.648356481081175,4.506377603430076,4.506377603430076,48.12674509214453,45.19756366275226,48.12674509214453,49247.62021652675,49247.62021652675,5,5
physical-rear-basket-full-measured-m3-rb2-az16-gap30-q3-reg1e-06,coupled-rear-basket-active-surface,h1659-acoustic-full,measured,3,physical-diaphragm,30.0,2,,,,,,,70_90,-0.061543582567015975,0.13123570384552707,0.2175344634092582,617.5813419860953,80.0,1.645820927830569,4.135963439600654,4.135963439600654,1.648356481081175,4.506377603430076,4.506377603430076,48.12674509214453,45.19756366275226,48.12674509214453,49247.62021652675,49247.62021652675,5,5
physical-rear-basket-full-measured-m3-rb2-az16-gap30-q3-reg1e-06,coupled-rear-basket-active-surface,h1659-acoustic-full,measured,3,physical-diaphragm,30.0,2,,,,,,,80_90,-0.04189417402148505,0.12815967274164916,0.2175344634092582,617.5813419860953,80.0,1.645820927830569,4.135963439600654,4.135963439600654,1.648356481081175,4.506377603430076,4.506377603430076,48.12674509214453,45.19756366275226,48.12674509214453,49247.62021652675,49247.62021652675,5,5
physical-rear-basket-full-measured-m3-rb2-az16-gap30-q3-reg1e-06,coupled-rear-basket-active-surface,h1659-acoustic-full,measured,3,physical-diaphragm,30.0,2,,,,,,,90,0.04377369552655831,0.0688223998228499,0.1803303569985033,1200.0,90.0,1.645820927830569,4.135963439600654,4.135963439600654,1.648356481081175,4.506377603430076,4.506377603430076,48.12674509214453,45.19756366275226,48.12674509214453,49247.62021652675,49247.62021652675,5,5
physical-rear-basket-full-measured-m4-rb2-az16-gap30-q3-reg1e-06,coupled-rear-basket-active-surface,h1659-acoustic-full,measured,4,physical-diaphragm,30.0,2,,,,,,,0_60,-0.03675251310591336,0.06503857342078023,0.17027286062967306,1200.0,60.0,1.632442561367798,3.9125183095721874,3.9125183095721874,1.6410488868046942,4.231832654319747,4.231832654319747,47.19433468672786,43.38997171209494,47.19433468672786,4518955.118686702,4518955.118686702,6,6
physical-rear-basket-full-measured-m4-rb2-az16-gap30-q3-reg1e-06,coupled-rear-basket-active-surface,h1659-acoustic-full,measured,4,physical-diaphragm,30.0,2,,,,,,,70_90,-0.05164702571122879,0.13560473858675579,0.21624996681871522,1200.0,70.0,1.632442561367798,3.9125183095721874,3.9125183095721874,1.6410488868046942,4.231832654319747,4.231832654319747,47.19433468672786,43.38997171209494,47.19433468672786,4518955.118686702,4518955.118686702,6,6
physical-rear-basket-full-measured-m4-rb2-az16-gap30-q3-reg1e-06,coupled-rear-basket-active-surface,h1659-acoustic-full,measured,4,physical-diaphragm,30.0,2,,,,,,,80_90,-0.03370604573618537,0.13137760900686438,0.2147895722106128,550.2024259228027,80.0,1.632442561367798,3.9125183095721874,3.9125183095721874,1.6410488868046942,4.231832654319747,4.231832654319747,47.19433468672786,43.38997171209494,47.19433468672786,4518955.118686702,4518955.118686702,6,6
physical-rear-basket-full-measured-m4-rb2-az16-gap30-q3-reg1e-06,coupled-rear-basket-active-surface,h1659-acoustic-full,measured,4,physical-diaphragm,30.0,2,,,,,,,90,0.0473129594392948,0.07645910308525418,0.20062622596269364,1200.0,90.0,1.632442561367798,3.9125183095721874,3.9125183095721874,1.6410488868046942,4.231832654319747,4.231832654319747,47.19433468672786,43.38997171209494,47.19433468672786,4518955.118686702,4518955.118686702,6,6
physical-rear-basket-compact-measured-m4-rb3-az16-gap16-q3-reg1e-06,coupled-rear-basket-active-surface,h1659-acoustic-compact,measured,4,physical-diaphragm,16.0,3,,,,,,,0_60,-0.02040495333882867,0.07001985954801646,0.2653605818356226,1200.0,60.0,1.6064142304504356,4.054884370162642,4.054884370162642,1.6324539972099956,4.376399538127011,4.376399538127011,46.30263271577295,41.6317324908591,46.30263271577295,20844015.889427576,20844015.889427576,7,7
physical-rear-basket-compact-measured-m4-rb3-az16-gap16-q3-reg1e-06,coupled-rear-basket-active-surface,h1659-acoustic-compact,measured,4,physical-diaphragm,16.0,3,,,,,,,70_90,-0.024622963835278136,0.14455745100361392,0.2883777669290808,1200.0,90.0,1.6064142304504356,4.054884370162642,4.054884370162642,1.6324539972099956,4.376399538127011,4.376399538127011,46.30263271577295,41.6317324908591,46.30263271577295,20844015.889427576,20844015.889427576,7,7
physical-rear-basket-compact-measured-m4-rb3-az16-gap16-q3-reg1e-06,coupled-rear-basket-active-surface,h1659-acoustic-compact,measured,4,physical-diaphragm,16.0,3,,,,,,,80_90,-0.0064097180226569414,0.14313596880720178,0.2883777669290808,1200.0,90.0,1.6064142304504356,4.054884370162642,4.054884370162642,1.6324539972099956,4.376399538127011,4.376399538127011,46.30263271577295,41.6317324908591,46.30263271577295,20844015.889427576,20844015.889427576,7,7
physical-rear-basket-compact-measured-m4-rb3-az16-gap16-q3-reg1e-06,coupled-rear-basket-active-surface,h1659-acoustic-compact,measured,4,physical-diaphragm,16.0,3,,,,,,,90,0.07547048685386039,0.11144212639201627,0.2883777669290808,1200.0,90.0,1.6064142304504356,4.054884370162642,4.054884370162642,1.6324539972099956,4.376399538127011,4.376399538127011,46.30263271577295,41.6317324908591,46.30263271577295,20844015.889427576,20844015.889427576,7,7
physical-rear-basket-compact-measured-m4-rb4-az16-gap16-q3-reg1e-06,coupled-rear-basket-active-surface,h1659-acoustic-compact,measured,4,physical-diaphragm,16.0,4,,,,,,,0_60,-0.011874422711294566,0.0745830349506719,0.2918567438731827,1200.0,60.0,1.7065553891191025,3.9710095703042083,3.9710095703042083,1.7428204804916991,4.275432758509506,4.275432758509506,45.46427260514467,40.37077604212861,45.46427260514467,1196353950.7384667,1196353950.7384667,8,8
physical-rear-basket-compact-measured-m4-rb4-az16-gap16-q3-reg1e-06,coupled-rear-basket-active-surface,h1659-acoustic-compact,measured,4,physical-diaphragm,16.0,4,,,,,,,70_90,-0.0069766083673521335,0.15048676385149073,0.30444516832570656,1200.0,90.0,1.7065553891191025,3.9710095703042083,3.9710095703042083,1.7428204804916991,4.275432758509506,4.275432758509506,45.46427260514467,40.37077604212861,45.46427260514467,1196353950.7384667,1196353950.7384667,8,8
physical-rear-basket-compact-measured-m4-rb4-az16-gap16-q3-reg1e-06,coupled-rear-basket-active-surface,h1659-acoustic-compact,measured,4,physical-diaphragm,16.0,4,,,,,,,80_90,0.010060444880566326,0.14904419810712927,0.30444516832570656,1200.0,90.0,1.7065553891191025,3.9710095703042083,3.9710095703042083,1.7428204804916991,4.275432758509506,4.275432758509506,45.46427260514467,40.37077604212861,45.46427260514467,1196353950.7384667,1196353950.7384667,8,8
physical-rear-basket-compact-measured-m4-rb4-az16-gap16-q3-reg1e-06,coupled-rear-basket-active-surface,h1659-acoustic-compact,measured,4,physical-diaphragm,16.0,4,,,,,,,90,0.0890394941551401,0.12472734854759543,0.30444516832570656,1200.0,90.0,1.7065553891191025,3.9710095703042083,3.9710095703042083,1.7428204804916991,4.275432758509506,4.275432758509506,45.46427260514467,40.37077604212861,45.46427260514467,1196353950.7384667,1196353950.7384667,8,8
physical-rear-basket-full-measured-m4-rb3-az16-gap16-q3-reg1e-06,coupled-rear-basket-active-surface,h1659-acoustic-full,measured,4,physical-diaphragm,16.0,3,,,,,,,0_60,-0.01633822648114617,0.07249592293762855,0.2784316226629926,1200.0,60.0,1.636165018661965,3.952756056369604,3.952756056369604,1.6684714546299604,4.2514708832184445,4.2514708832184445,45.65920713005196,40.645182586849025,45.65920713005196,15230639.95023348,15230639.95023348,7,7
physical-rear-basket-full-measured-m4-rb3-az16-gap16-q3-reg1e-06,coupled-rear-basket-active-surface,h1659-acoustic-full,measured,4,physical-diaphragm,16.0,3,,,,,,,70_90,-0.014094306880400169,0.14816601104683355,0.2917704880344516,1200.0,70.0,1.636165018661965,3.952756056369604,3.952756056369604,1.6684714546299604,4.2514708832184445,4.2514708832184445,45.65920713005196,40.645182586849025,45.65920713005196,15230639.95023348,15230639.95023348,7,7
physical-rear-basket-full-measured-m4-rb3-az16-gap16-q3-reg1e-06,coupled-rear-basket-active-surface,h1659-acoustic-full,measured,4,physical-diaphragm,16.0,3,,,,,,,80_90,0.0029858958405020717,0.14616042018685724,0.29149793848966965,1200.0,90.0,1.636165018661965,3.952756056369604,3.952756056369604,1.6684714546299604,4.2514708832184445,4.2514708832184445,45.65920713005196,40.645182586849025,45.65920713005196,15230639.95023348,15230639.95023348,7,7
physical-rear-basket-full-measured-m4-rb3-az16-gap16-q3-reg1e-06,coupled-rear-basket-active-surface,h1659-acoustic-full,measured,4,physical-diaphragm,16.0,3,,,,,,,90,0.08177519479664497,0.11766525245912111,0.29149793848966965,1200.0,90.0,1.636165018661965,3.952756056369604,3.952756056369604,1.6684714546299604,4.2514708832184445,4.2514708832184445,45.65920713005196,40.645182586849025,45.65920713005196,15230639.95023348,15230639.95023348,7,7
physical-rear-basket-full-measured-m4-rb4-az16-gap16-q3-reg1e-06,coupled-rear-basket-active-surface,h1659-acoustic-full,measured,4,physical-diaphragm,16.0,4,,,,,,,0_60,-0.005964681156086995,0.078225319845362,0.30007900683798994,1200.0,60.0,1.7679544341558513,3.890126041855869,3.890126041855869,1.8087070805971497,4.172190497536965,4.172190497536965,44.64260731665267,39.24396130467482,44.64260731665267,670017646.1597744,670017646.1597744,8,8
physical-rear-basket-full-measured-m4-rb4-az16-gap16-q3-reg1e-06,coupled-rear-basket-active-surface,h1659-acoustic-full,measured,4,physical-diaphragm,16.0,4,,,,,,,70_90,0.007043414214928477,0.15543488701364105,0.3097117109557601,1200.0,70.0,1.7679544341558513,3.890126041855869,3.890126041855869,1.8087070805971497,4.172190497536965,4.172190497536965,44.64260731665267,39.24396130467482,44.64260731665267,670017646.1597744,670017646.1597744,8,8
physical-rear-basket-full-measured-m4-rb4-az16-gap16-q3-reg1e-06,coupled-rear-basket-active-surface,h1659-acoustic-full,measured,4,physical-diaphragm,16.0,4,,,,,,,80_90,0.02273635710664961,0.15334869967050538,0.3055606052931594,1200.0,90.0,1.7679544341558513,3.890126041855869,3.890126041855869,1.8087070805971497,4.172190497536965,4.172190497536965,44.64260731665267,39.24396130467482,44.64260731665267,670017646.1597744,670017646.1597744,8,8
physical-rear-basket-full-measured-m4-rb4-az16-gap16-q3-reg1e-06,coupled-rear-basket-active-surface,h1659-acoustic-full,measured,4,physical-diaphragm,16.0,4,,,,,,,90,0.09788739222569441,0.13256638498634427,0.3055606052931594,1200.0,90.0,1.7679544341558513,3.890126041855869,3.890126041855869,1.8087070805971497,4.172190497536965,4.172190497536965,44.64260731665267,39.24396130467482,44.64260731665267,670017646.1597744,670017646.1597744,8,8
physical-rear-basket-compact-measured-m4-rb3-az16-gap30-q3-reg1e-06,coupled-rear-basket-active-surface,h1659-acoustic-compact,measured,4,physical-diaphragm,30.0,3,,,,,,,0_60,-0.017315576969962356,0.064154776002664,0.23187571515153138,1200.0,60.0,1.9476857394029474,3.8068568319276763,3.8068568319276763,1.988351013521622,4.107160110062089,4.107160110062089,45.29180793375527,40.37790015143696,45.29180793375527,11410191.590161402,11410191.590161402,7,7
physical-rear-basket-compact-measured-m4-rb3-az16-gap30-q3-reg1e-06,coupled-rear-basket-active-surface,h1659-acoustic-compact,measured,4,physical-diaphragm,30.0,3,,,,,,,70_90,-0.010646017945946766,0.138792491511505,0.26576265638416174,1200.0,70.0,1.9476857394029474,3.8068568319276763,3.8068568319276763,1.988351013521622,4.107160110062089,4.107160110062089,45.29180793375527,40.37790015143696,45.29180793375527,11410191.590161402,11410191.590161402,7,7
physical-rear-basket-compact-measured-m4-rb3-az16-gap30-q3-reg1e-06,coupled-rear-basket-active-surface,h1659-acoustic-compact,measured,4,physical-diaphragm,30.0,3,,,,,,,80_90,0.005255209358679192,0.1357143367312461,0.23872906720465892,1200.0,90.0,1.9476857394029474,3.8068568319276763,3.8068568319276763,1.988351013521622,4.107160110062089,4.107160110062089,45.29180793375527,40.37790015143696,45.29180793375527,11410191.590161402,11410191.590161402,7,7
physical-rear-basket-compact-measured-m4-rb3-az16-gap30-q3-reg1e-06,coupled-rear-basket-active-surface,h1659-acoustic-compact,measured,4,physical-diaphragm,30.0,3,,,,,,,90,0.08138366819713057,0.1052744220840709,0.23872906720465892,1200.0,90.0,1.9476857394029474,3.8068568319276763,3.8068568319276763,1.988351013521622,4.107160110062089,4.107160110062089,45.29180793375527,40.37790015143696,45.29180793375527,11410191.590161402,11410191.590161402,7,7
physical-rear-basket-compact-measured-m4-rb4-az16-gap30-q3-reg1e-06,coupled-rear-basket-active-surface,h1659-acoustic-compact,measured,4,physical-diaphragm,30.0,4,,,,,,,0_60,-0.009971902692795473,0.06725612471999387,0.24702414977976161,1200.0,60.0,2.0791301964385536,3.7837828707936136,3.7837828707936136,2.122962384289497,4.068802920377641,4.068802920377641,44.25742110430437,38.99381534816369,44.25742110430437,2030167294.4018812,2030167294.4018812,8,8
physical-rear-basket-compact-measured-m4-rb4-az16-gap30-q3-reg1e-06,coupled-rear-basket-active-surface,h1659-acoustic-compact,measured,4,physical-diaphragm,30.0,4,,,,,,,70_90,0.005955372183257115,0.1435842805856708,0.27832529069725354,1200.0,70.0,2.0791301964385536,3.7837828707936136,3.7837828707936136,2.122962384289497,4.068802920377641,4.068802920377641,44.25742110430437,38.99381534816369,44.25742110430437,2030167294.4018812,2030167294.4018812,8,8
physical-rear-basket-compact-measured-m4-rb4-az16-gap30-q3-reg1e-06,coupled-rear-basket-active-surface,h1659-acoustic-compact,measured,4,physical-diaphragm,30.0,4,,,,,,,80_90,0.020652678699444225,0.14026589111635074,0.24808672785491126,1200.0,90.0,2.0791301964385536,3.7837828707936136,3.7837828707936136,2.122962384289497,4.068802920377641,4.068802920377641,44.25742110430437,38.99381534816369,44.25742110430437,2030167294.4018812,2030167294.4018812,8,8
physical-rear-basket-compact-measured-m4-rb4-az16-gap30-q3-reg1e-06,coupled-rear-basket-active-surface,h1659-acoustic-compact,measured,4,physical-diaphragm,30.0,4,,,,,,,90,0.09329971738702951,0.1161907026651448,0.24808672785491126,1200.0,90.0,2.0791301964385536,3.7837828707936136,3.7837828707936136,2.122962384289497,4.068802920377641,4.068802920377641,44.25742110430437,38.99381534816369,44.25742110430437,2030167294.4018812,2030167294.4018812,8,8
physical-rear-basket-compact-measured-m4-rb2-az16-gap16-q3-reg3e-06,coupled-rear-basket-active-surface,h1659-acoustic-compact,measured,4,physical-diaphragm,16.0,2,,,,,,,0_60,-0.04638168698156997,0.06737025070388387,0.18017419586293215,734.4321259827932,60.0,1.4605904884170946,4.11099443720713,4.11099443720713,1.3637926658998076,4.5968350165113,4.5968350165113,50.09216420165788,51.5422784765385,51.5422784765385,18286557.12109824,18286557.12109824,6,6
physical-rear-basket-compact-measured-m4-rb2-az16-gap16-q3-reg3e-06,coupled-rear-basket-active-surface,h1659-acoustic-compact,measured,4,physical-diaphragm,16.0,2,,,,,,,70_90,-0.07925836621548916,0.1352298124632001,0.25578743425683825,734.4321259827932,80.0,1.4605904884170946,4.11099443720713,4.11099443720713,1.3637926658998076,4.5968350165113,4.5968350165113,50.09216420165788,51.5422784765385,51.5422784765385,18286557.12109824,18286557.12109824,6,6
physical-rear-basket-compact-measured-m4-rb2-az16-gap16-q3-reg3e-06,coupled-rear-basket-active-surface,h1659-acoustic-compact,measured,4,physical-diaphragm,16.0,2,,,,,,,80_90,-0.05536991611312138,0.1320548703951066,0.25578743425683825,734.4321259827932,80.0,1.4605904884170946,4.11099443720713,4.11099443720713,1.3637926658998076,4.5968350165113,4.5968350165113,50.09216420165788,51.5422784765385,51.5422784765385,18286557.12109824,18286557.12109824,6,6
physical-rear-basket-compact-measured-m4-rb2-az16-gap16-q3-reg3e-06,coupled-rear-basket-active-surface,h1659-acoustic-compact,measured,4,physical-diaphragm,16.0,2,,,,,,,90,0.03631351307535392,0.07268853342281816,0.14839912107100162,300.0,90.0,1.4605904884170946,4.11099443720713,4.11099443720713,1.3637926658998076,4.5968350165113,4.5968350165113,50.09216420165788,51.5422784765385,51.5422784765385,18286557.12109824,18286557.12109824,6,6
physical-rear-basket-compact-measured-m4-rb2-az16-gap16-q3-reg1e-06-svd1e-05,coupled-rear-basket-active-surface,h1659-acoustic-compact,measured,4,physical-diaphragm,16.0,2,,,,,,,0_60,-0.04661799293083248,0.07144460890408628,0.17736783084119878,654.3046395991546,60.0,1.4313082346561792,4.692753601052972,4.692753601052972,1.3695739896365164,5.068853503070301,5.068853503070301,48.47583669730308,46.21033337566729,48.47583669730308,18286557.12109824,70885.17106488979,6,6
physical-rear-basket-compact-measured-m4-rb2-az16-gap16-q3-reg1e-06-svd1e-05,coupled-rear-basket-active-surface,h1659-acoustic-compact,measured,4,physical-diaphragm,16.0,2,,,,,,,70_90,-0.07808338000111327,0.14154355095965518,0.24376161751407466,673.4772289856238,80.0,1.4313082346561792,4.692753601052972,4.692753601052972,1.3695739896365164,5.068853503070301,5.068853503070301,48.47583669730308,46.21033337566729,48.47583669730308,18286557.12109824,70885.17106488979,6,6
physical-rear-basket-compact-measured-m4-rb2-az16-gap16-q3-reg1e-06-svd1e-05,coupled-rear-basket-active-surface,h1659-acoustic-compact,measured,4,physical-diaphragm,16.0,2,,,,,,,80_90,-0.0564397781390842,0.1374168530064254,0.24376161751407466,673.4772289856238,80.0,1.4313082346561792,4.692753601052972,4.692753601052972,1.3695739896365164,5.068853503070301,5.068853503070301,48.47583669730308,46.21033337566729,48.47583669730308,18286557.12109824,70885.17106488979,6,6
physical-rear-basket-compact-measured-m4-rb2-az16-gap16-q3-reg1e-06-svd1e-05,coupled-rear-basket-active-surface,h1659-acoustic-compact,measured,4,physical-diaphragm,16.0,2,,,,,,,90,0.031099928347453815,0.0722658436129549,0.2016097033336024,1200.0,90.0,1.4313082346561792,4.692753601052972,4.692753601052972,1.3695739896365164,5.068853503070301,5.068853503070301,48.47583669730308,46.21033337566729,48.47583669730308,18286557.12109824,70885.17106488979,6,6
sweep-split-active-surface-compact-annular-az16-gap30-q3-reg1e-06,split-active-surface-modal,h1659-acoustic-compact,measured,3,annular,30.0,0,,,,,,,0_60,0.002707356399305307,0.06643195835216117,0.25336695445721347,1132.6491752180323,60.0,2.294935822896134,3.792297446725477,3.792297446725477,2.32504825035899,4.133824272701804,4.133824272701804,44.83029574793941,40.0742977054899,44.83029574793941,882277.509111974,882277.509111974,6,6
sweep-split-active-surface-compact-annular-az16-gap30-q3-reg1e-06,split-active-surface-modal,h1659-acoustic-compact,measured,3,annular,30.0,0,,,,,,,70_90,0.028460879367547386,0.1438057308114682,0.2758549339739318,1200.0,70.0,2.294935822896134,3.792297446725477,3.792297446725477,2.32504825035899,4.133824272701804,4.133824272701804,44.83029574793941,40.0742977054899,44.83029574793941,882277.509111974,882277.509111974,6,6
sweep-split-active-surface-compact-annular-az16-gap30-q3-reg1e-06,split-active-surface-modal,h1659-acoustic-compact,measured,3,annular,30.0,0,,,,,,,80_90,0.043347286804716285,0.14368027421287627,0.2504021202747282,1165.838329384327,90.0,2.294935822896134,3.792297446725477,3.792297446725477,2.32504825035899,4.133824272701804,4.133824272701804,44.83029574793941,40.0742977054899,44.83029574793941,882277.509111974,882277.509111974,6,6
sweep-split-active-surface-compact-annular-az16-gap30-q3-reg1e-06,split-active-surface-modal,h1659-acoustic-compact,measured,3,annular,30.0,0,,,,,,,90,0.11897659659375168,0.1350693146058951,0.2504021202747282,1165.838329384327,90.0,2.294935822896134,3.792297446725477,3.792297446725477,2.32504825035899,4.133824272701804,4.133824272701804,44.83029574793941,40.0742977054899,44.83029574793941,882277.509111974,882277.509111974,6,6
sweep-split-active-surface-compact-annular-az16-gap30-q3-reg1e-06-svd1e-06,split-active-surface-modal,h1659-acoustic-compact,measured,3,annular,30.0,0,,,,,,,0_60,0.0027073563992509077,0.06643195835218042,0.2533669544546129,1132.6491752180323,60.0,2.2949358229031542,3.792297446726679,3.792297446726679,2.325048250366116,4.13382427270333,4.13382427270333,44.8302957479274,40.07429770545102,44.8302957479274,882277.509111974,882277.509111974,6,6
sweep-split-active-surface-compact-annular-az16-gap30-q3-reg1e-06-svd1e-06,split-active-surface-modal,h1659-acoustic-compact,measured,3,annular,30.0,0,,,,,,,70_90,0.02846087936759913,0.1438057308115293,0.27585493397127436,1200.0,70.0,2.2949358229031542,3.792297446726679,3.792297446726679,2.325048250366116,4.13382427270333,4.13382427270333,44.8302957479274,40.07429770545102,44.8302957479274,882277.509111974,882277.509111974,6,6
sweep-split-active-surface-compact-annular-az16-gap30-q3-reg1e-06-svd1e-06,split-active-surface-modal,h1659-acoustic-compact,measured,3,annular,30.0,0,,,,,,,80_90,0.04334728680482704,0.14368027421295118,0.2504021202758864,1165.838329384327,90.0,2.2949358229031542,3.792297446726679,3.792297446726679,2.325048250366116,4.13382427270333,4.13382427270333,44.8302957479274,40.07429770545102,44.8302957479274,882277.509111974,882277.509111974,6,6
sweep-split-active-surface-compact-annular-az16-gap30-q3-reg1e-06-svd1e-06,split-active-surface-modal,h1659-acoustic-compact,measured,3,annular,30.0,0,,,,,,,90,0.11897659659403306,0.13506931460599322,0.2504021202758864,1165.838329384327,90.0,2.2949358229031542,3.792297446726679,3.792297446726679,2.325048250366116,4.13382427270333,4.13382427270333,44.8302957479274,40.07429770545102,44.8302957479274,882277.509111974,882277.509111974,6,6
sweep-split-active-surface-compact-annular-az16-gap30-q3-reg1e-06-svd1e-05,split-active-surface-modal,h1659-acoustic-compact,measured,3,annular,30.0,0,,,,,,,0_60,0.002720276709704908,0.066427481749645,0.2533669544546129,1132.6491752180323,60.0,2.2949593028319812,3.792337183081373,3.792337183081373,2.3250642983904526,4.13385267643356,4.13385267643356,44.83000907854914,40.07433775511334,44.83000907854914,882277.509111974,92547.37085477926,6,6
sweep-split-active-surface-compact-annular-az16-gap30-q3-reg1e-06-svd1e-05,split-active-surface-modal,h1659-acoustic-compact,measured,3,annular,30.0,0,,,,,,,70_90,0.02847872198065124,0.14380072296644722,0.27585493397127436,1200.0,70.0,2.2949593028319812,3.792337183081373,3.792337183081373,2.3250642983904526,4.13385267643356,4.13385267643356,44.83000907854914,40.07433775511334,44.83000907854914,882277.509111974,92547.37085477926,6,6
sweep-split-active-surface-compact-annular-az16-gap30-q3-reg1e-06-svd1e-05,split-active-surface-modal,h1659-acoustic-compact,measured,3,annular,30.0,0,,,,,,,80_90,0.04336472870427363,0.1436779602585824,0.2504021202758864,1165.838329384327,90.0,2.2949593028319812,3.792337183081373,3.792337183081373,2.3250642983904526,4.13385267643356,4.13385267643356,44.83000907854914,40.07433775511334,44.83000907854914,882277.509111974,92547.37085477926,6,6
sweep-split-active-surface-compact-annular-az16-gap30-q3-reg1e-06-svd1e-05,split-active-surface-modal,h1659-acoustic-compact,measured,3,annular,30.0,0,,,,,,,90,0.11899436189822417,0.13507874523649116,0.2504021202758864,1165.838329384327,90.0,2.2949593028319812,3.792337183081373,3.792337183081373,2.3250642983904526,4.13385267643356,4.13385267643356,44.83000907854914,40.07433775511334,44.83000907854914,882277.509111974,92547.37085477926,6,6
sweep-split-active-surface-compact-annular-az16-gap36-q3-reg1e-06,split-active-surface-modal,h1659-acoustic-compact,measured,3,annular,36.0,0,,,,,,,0_60,0.0005477554903768652,0.06123016211957238,0.22532379918828127,1100.4048518456054,60.0,2.437167422025313,3.7587127590972593,3.7587127590972593,2.4669925552164607,4.088237656615548,4.088237656615548,44.27483856664914,39.8305962497651,44.27483856664914,942052.2380535847,942052.2380535847,6,6
sweep-split-active-surface-compact-annular-az16-gap36-q3-reg1e-06,split-active-surface-modal,h1659-acoustic-compact,measured,3,annular,36.0,0,,,,,,,70_90,0.029343422207130005,0.13821805159263006,0.25725421108295166,1200.0,70.0,2.437167422025313,3.7587127590972593,3.7587127590972593,2.4669925552164607,4.088237656615548,4.088237656615548,44.27483856664914,39.8305962497651,44.27483856664914,942052.2380535847,942052.2380535847,6,6
sweep-split-active-surface-compact-annular-az16-gap36-q3-reg1e-06,split-active-surface-modal,h1659-acoustic-compact,measured,3,annular,36.0,0,,,,,,,80_90,0.04328990024084171,0.13726502900652893,0.2208308473965488,1132.6491752180323,90.0,2.437167422025313,3.7587127590972593,3.7587127590972593,2.4669925552164607,4.088237656615548,4.088237656615548,44.27483856664914,39.8305962497651,44.27483856664914,942052.2380535847,942052.2380535847,6,6
sweep-split-active-surface-compact-annular-az16-gap36-q3-reg1e-06,split-active-surface-modal,h1659-acoustic-compact,measured,3,annular,36.0,0,,,,,,,90,0.11612512307983708,0.12770248903052506,0.2208308473965488,1132.6491752180323,90.0,2.437167422025313,3.7587127590972593,3.7587127590972593,2.4669925552164607,4.088237656615548,4.088237656615548,44.27483856664914,39.8305962497651,44.27483856664914,942052.2380535847,942052.2380535847,6,6
sweep-split-active-surface-compact-annular-az16-gap36-q3-reg1e-06-svd1e-06,split-active-surface-modal,h1659-acoustic-compact,measured,3,annular,36.0,0,,,,,,,0_60,0.0005477554903176809,0.06123016211960061,0.22532379918973788,1100.4048518456054,60.0,2.4371674220217776,3.758712759093722,3.758712759093722,2.466992555213146,4.088237656612013,4.088237656612013,44.274838566636014,39.830596249758514,44.274838566636014,942052.2380535847,942052.2380535847,6,6
sweep-split-active-surface-compact-annular-az16-gap36-q3-reg1e-06-svd1e-06,split-active-surface-modal,h1659-acoustic-compact,measured,3,annular,36.0,0,,,,,,,70_90,0.029343422207025648,0.13821805159256603,0.25725421108086977,1200.0,70.0,2.4371674220217776,3.758712759093722,3.758712759093722,2.466992555213146,4.088237656612013,4.088237656612013,44.274838566636014,39.830596249758514,44.274838566636014,942052.2380535847,942052.2380535847,6,6
sweep-split-active-surface-compact-annular-az16-gap36-q3-reg1e-06-svd1e-06,split-active-surface-modal,h1659-acoustic-compact,measured,3,annular,36.0,0,,,,,,,80_90,0.04328990024074223,0.1372650290064582,0.22083084739548298,1132.6491752180323,90.0,2.4371674220217776,3.758712759093722,3.758712759093722,2.466992555213146,4.088237656612013,4.088237656612013,44.274838566636014,39.830596249758514,44.274838566636014,942052.2380535847,942052.2380535847,6,6
sweep-split-active-surface-compact-annular-az16-gap36-q3-reg1e-06-svd1e-06,split-active-surface-modal,h1659-acoustic-compact,measured,3,annular,36.0,0,,,,,,,90,0.11612512307974718,0.12770248903042422,0.22083084739548298,1132.6491752180323,90.0,2.4371674220217776,3.758712759093722,3.758712759093722,2.466992555213146,4.088237656612013,4.088237656612013,44.274838566636014,39.830596249758514,44.274838566636014,942052.2380535847,942052.2380535847,6,6
sweep-split-active-surface-compact-annular-az16-gap36-q3-reg1e-06-svd1e-05,split-active-surface-modal,h1659-acoustic-compact,measured,3,annular,36.0,0,,,,,,,0_60,0.0005588100058585096,0.0612274985482982,0.22532379918973788,1100.4048518456054,60.0,2.4371824460533547,3.758743005269082,3.758743005269082,2.4670013429196826,4.088258633303893,4.088258633303893,44.27456093723762,39.83060166492161,44.27456093723762,942052.2380535847,98236.31457767398,6,6
sweep-split-active-surface-compact-annular-az16-gap36-q3-reg1e-06-svd1e-05,split-active-surface-modal,h1659-acoustic-compact,measured,3,annular,36.0,0,,,,,,,70_90,0.02935880752357647,0.13821486441757194,0.25725421108086977,1200.0,70.0,2.4371824460533547,3.758743005269082,3.758743005269082,2.4670013429196826,4.088258633303893,4.088258633303893,44.27456093723762,39.83060166492161,44.27456093723762,942052.2380535847,98236.31457767398,6,6
sweep-split-active-surface-compact-annular-az16-gap36-q3-reg1e-06-svd1e-05,split-active-surface-modal,h1659-acoustic-compact,measured,3,annular,36.0,0,,,,,,,80_90,0.0433049206899902,0.13726415791519872,0.22083084739548298,1132.6491752180323,90.0,2.4371824460533547,3.758743005269082,3.758743005269082,2.4670013429196826,4.088258633303893,4.088258633303893,44.27456093723762,39.83060166492161,44.27456093723762,942052.2380535847,98236.31457767398,6,6
sweep-split-active-surface-compact-annular-az16-gap36-q3-reg1e-06-svd1e-05,split-active-surface-modal,h1659-acoustic-compact,measured,3,annular,36.0,0,,,,,,,90,0.11614024269055113,0.127712186262414,0.22083084739548298,1132.6491752180323,90.0,2.4371824460533547,3.758743005269082,3.758743005269082,2.4670013429196826,4.088258633303893,4.088258633303893,44.27456093723762,39.83060166492161,44.27456093723762,942052.2380535847,98236.31457767398,6,6
sweep-split-active-surface-full-annular-az16-gap30-q3-reg1e-06,split-active-surface-modal,h1659-acoustic-full,measured,5,annular,30.0,0,,,,,,,0_60,0.0025987725814930465,0.06802313910070347,0.2547654043297314,1132.6491752180323,60.0,2.196563654488297,3.728008388321422,3.728008388321422,2.2282775728588957,4.041920867328013,4.041920867328013,44.23319754925935,38.993956885339834,44.23319754925935,865534081801.4777,865534081801.4777,10,10
sweep-split-active-surface-full-annular-az16-gap30-q3-reg1e-06,split-active-surface-modal,h1659-acoustic-full,measured,5,annular,30.0,0,,,,,,,70_90,0.031429882154823736,0.14658250848551652,0.2772268333925183,1200.0,70.0,2.196563654488297,3.728008388321422,3.728008388321422,2.2282775728588957,4.041920867328013,4.041920867328013,44.23319754925935,38.993956885339834,44.23319754925935,865534081801.4777,865534081801.4777,10,10
sweep-split-active-surface-full-annular-az16-gap30-q3-reg1e-06,split-active-surface-modal,h1659-acoustic-full,measured,5,annular,30.0,0,,,,,,,80_90,0.04541999615100089,0.145337015122116,0.24870893985472264,1165.838329384327,90.0,2.196563654488297,3.728008388321422,3.728008388321422,2.2282775728588957,4.041920867328013,4.041920867328013,44.23319754925935,38.993956885339834,44.23319754925935,865534081801.4777,865534081801.4777,10,10
sweep-split-active-surface-full-annular-az16-gap30-q3-reg1e-06,split-active-surface-modal,h1659-acoustic-full,measured,5,annular,30.0,0,,,,,,,90,0.11787118772112268,0.13499900353761324,0.24870893985472264,1165.838329384327,90.0,2.196563654488297,3.728008388321422,3.728008388321422,2.2282775728588957,4.041920867328013,4.041920867328013,44.23319754925935,38.993956885339834,44.23319754925935,865534081801.4777,865534081801.4777,10,10
sweep-split-active-surface-full-annular-az16-gap30-q3-reg1e-06-svd1e-06,split-active-surface-modal,h1659-acoustic-full,measured,5,annular,30.0,0,,,,,,,0_60,0.0025987148988014077,0.0680230313456623,0.25476540672026005,1132.6491752180323,60.0,2.1965646892424493,3.728009535857813,3.728009535857813,2.228278464109263,4.04192205858953,4.04192205858953,44.23319496351537,38.99396131847327,44.23319496351537,865534081801.4777,964120.5265389599,10,10
sweep-split-active-surface-full-annular-az16-gap30-q3-reg1e-06-svd1e-06,split-active-surface-modal,h1659-acoustic-full,measured,5,annular,30.0,0,,,,,,,70_90,0.03142978559181648,0.14658241617465964,0.277226841143154,1200.0,70.0,2.1965646892424493,3.728009535857813,3.728009535857813,2.228278464109263,4.04192205858953,4.04192205858953,44.23319496351537,38.99396131847327,44.23319496351537,865534081801.4777,964120.5265389599,10,10
sweep-split-active-surface-full-annular-az16-gap30-q3-reg1e-06-svd1e-06,split-active-surface-modal,h1659-acoustic-full,measured,5,annular,30.0,0,,,,,,,80_90,0.045419889942324425,0.14533691783547306,0.24870894474589988,1165.838329384327,90.0,2.1965646892424493,3.728009535857813,3.728009535857813,2.228278464109263,4.04192205858953,4.04192205858953,44.23319496351537,38.99396131847327,44.23319496351537,865534081801.4777,964120.5265389599,10,10
sweep-split-active-surface-full-annular-az16-gap30-q3-reg1e-06-svd1e-06,split-active-surface-modal,h1659-acoustic-full,measured,5,annular,30.0,0,,,,,,,90,0.11787109739635167,0.1349988852671239,0.24870894474589988,1165.838329384327,90.0,2.1965646892424493,3.728009535857813,3.728009535857813,2.228278464109263,4.04192205858953,4.04192205858953,44.23319496351537,38.99396131847327,44.23319496351537,865534081801.4777,964120.5265389599,10,10
sweep-split-active-surface-full-annular-az16-gap30-q3-reg1e-06-svd1e-05,split-active-surface-modal,h1659-acoustic-full,measured,5,annular,30.0,0,,,,,,,0_60,0.0026154948181058226,0.06802027015496111,0.25475165801951505,1132.6491752180323,60.0,2.1965830709853584,3.7280935926229266,3.7280935926229266,2.228288017616264,4.04199002892325,4.04199002892325,44.23289712498653,38.99415815942008,44.23289712498653,865534081801.4777,98532.92309640846,10,10
sweep-split-active-surface-full-annular-az16-gap30-q3-reg1e-06-svd1e-05,split-active-surface-modal,h1659-acoustic-full,measured,5,annular,30.0,0,,,,,,,70_90,0.031453093269843364,0.14657439045020954,0.2771814173152265,1200.0,70.0,2.1965830709853584,3.7280935926229266,3.7280935926229266,2.228288017616264,4.04199002892325,4.04199002892325,44.23289712498653,38.99415815942008,44.23289712498653,865534081801.4777,98532.92309640846,10,10
sweep-split-active-surface-full-annular-az16-gap30-q3-reg1e-06-svd1e-05,split-active-surface-modal,h1659-acoustic-full,measured,5,annular,30.0,0,,,,,,,80_90,0.04544222974519268,0.14533182611206263,0.2486729393166769,1165.838329384327,90.0,2.1965830709853584,3.7280935926229266,3.7280935926229266,2.228288017616264,4.04199002892325,4.04199002892325,44.23289712498653,38.99415815942008,44.23289712498653,865534081801.4777,98532.92309640846,10,10
sweep-split-active-surface-full-annular-az16-gap30-q3-reg1e-06-svd1e-05,split-active-surface-modal,h1659-acoustic-full,measured,5,annular,30.0,0,,,,,,,90,0.11789376831509013,0.13500879889712403,0.2486729393166769,1165.838329384327,90.0,2.1965830709853584,3.7280935926229266,3.7280935926229266,2.228288017616264,4.04199002892325,4.04199002892325,44.23289712498653,38.99415815942008,44.23289712498653,865534081801.4777,98532.92309640846,10,10
sweep-split-active-surface-full-annular-az16-gap36-q3-reg1e-06,split-active-surface-modal,h1659-acoustic-full,measured,5,annular,36.0,0,,,,,,,0_60,1.5398353483752113e-05,0.06286144423216757,0.22712894772940473,1100.4048518456054,60.0,2.3208216257426706,3.693627963319695,3.693627963319695,2.352787808837204,3.9953593054888548,3.9953593054888548,43.77413298108645,38.75189568510432,43.77413298108645,730748942156.2336,730748942156.2336,10,10
sweep-split-active-surface-full-annular-az16-gap36-q3-reg1e-06,split-active-surface-modal,h1659-acoustic-full,measured,5,annular,36.0,0,,,,,,,70_90,0.03127396946137182,0.1409265898257622,0.25856014768717017,1200.0,70.0,2.3208216257426706,3.693627963319695,3.693627963319695,2.352787808837204,3.9953593054888548,3.9953593054888548,43.77413298108645,38.75189568510432,43.77413298108645,730748942156.2336,730748942156.2336,10,10
sweep-split-active-surface-full-annular-az16-gap36-q3-reg1e-06,split-active-surface-modal,h1659-acoustic-full,measured,5,annular,36.0,0,,,,,,,80_90,0.044353127447373394,0.13882218775464508,0.2203732345439562,1132.6491752180323,90.0,2.3208216257426706,3.693627963319695,3.693627963319695,2.352787808837204,3.9953593054888548,3.9953593054888548,43.77413298108645,38.75189568510432,43.77413298108645,730748942156.2336,730748942156.2336,10,10
sweep-split-active-surface-full-annular-az16-gap36-q3-reg1e-06,split-active-surface-modal,h1659-acoustic-full,measured,5,annular,36.0,0,,,,,,,90,0.11411292334242039,0.1270127518451582,0.2203732345439562,1132.6491752180323,90.0,2.3208216257426706,3.693627963319695,3.693627963319695,2.352787808837204,3.9953593054888548,3.9953593054888548,43.77413298108645,38.75189568510432,43.77413298108645,730748942156.2336,730748942156.2336,10,10
sweep-split-active-surface-full-annular-az16-gap36-q3-reg1e-06-svd1e-06,split-active-surface-modal,h1659-acoustic-full,measured,5,annular,36.0,0,,,,,,,0_60,1.5348874176145367e-05,0.06286133932214973,0.22712894810107542,1100.4048518456054,60.0,2.320822942367321,3.6936291124471956,3.6936291124471956,2.3527889938176907,3.99536052260794,3.99536052260794,43.774130002353296,38.75190024122769,43.774130002353296,730748942156.2336,974114.0798322539,10,10
sweep-split-active-surface-full-annular-az16-gap36-q3-reg1e-06-svd1e-06,split-active-surface-modal,h1659-acoustic-full,measured,5,annular,36.0,0,,,,,,,70_90,0.03127388509117489,0.1409265053531048,0.2585601494091989,1200.0,70.0,2.320822942367321,3.6936291124471956,3.6936291124471956,2.3527889938176907,3.99536052260794,3.99536052260794,43.774130002353296,38.75190024122769,43.774130002353296,730748942156.2336,974114.0798322539,10,10
sweep-split-active-surface-full-annular-az16-gap36-q3-reg1e-06-svd1e-06,split-active-surface-modal,h1659-acoustic-full,measured,5,annular,36.0,0,,,,,,,80_90,0.04435303367158119,0.1388221003347249,0.22037323525712793,1132.6491752180323,90.0,2.320822942367321,3.6936291124471956,3.6936291124471956,2.3527889938176907,3.99536052260794,3.99536052260794,43.774130002353296,38.75190024122769,43.774130002353296,730748942156.2336,974114.0798322539,10,10
sweep-split-active-surface-full-annular-az16-gap36-q3-reg1e-06-svd1e-06,split-active-surface-modal,h1659-acoustic-full,measured,5,annular,36.0,0,,,,,,,90,0.1141128442804306,0.127012650123749,0.22037323525712793,1132.6491752180323,90.0,2.320822942367321,3.6936291124471956,3.6936291124471956,2.3527889938176907,3.99536052260794,3.99536052260794,43.774130002353296,38.75190024122769,43.774130002353296,730748942156.2336,974114.0798322539,10,10
sweep-split-active-surface-full-annular-az16-gap36-q3-reg1e-06-svd1e-05,split-active-surface-modal,h1659-acoustic-full,measured,5,annular,36.0,0,,,,,,,0_60,3.319232676265143e-05,0.06286473474702318,0.2271153102421053,1100.4048518456054,60.0,2.3208322521372784,3.693721035672834,3.693721035672834,2.3527894612877067,3.99543551960624,3.99543551960624,43.773833737249504,38.752143440641284,43.773833737249504,730748942156.2336,91729.15584893417,10,10
sweep-split-active-surface-full-annular-az16-gap36-q3-reg1e-06-svd1e-05,split-active-surface-modal,h1659-acoustic-full,measured,5,annular,36.0,0,,,,,,,70_90,0.03129893347611351,0.14092127535337298,0.25849762471381155,1200.0,70.0,2.3208322521372784,3.693721035672834,3.693721035672834,2.3527894612877067,3.99543551960624,3.99543551960624,43.773833737249504,38.752143440641284,43.773833737249504,730748942156.2336,91729.15584893417,10,10
sweep-split-active-surface-full-annular-az16-gap36-q3-reg1e-06-svd1e-05,split-active-surface-modal,h1659-acoustic-full,measured,5,annular,36.0,0,,,,,,,80_90,0.04437680852663253,0.13881942596253408,0.22033846012028846,1132.6491752180323,90.0,2.3208322521372784,3.693721035672834,3.693721035672834,2.3527894612877067,3.99543551960624,3.99543551960624,43.773833737249504,38.752143440641284,43.773833737249504,730748942156.2336,91729.15584893417,10,10
sweep-split-active-surface-full-annular-az16-gap36-q3-reg1e-06-svd1e-05,split-active-surface-modal,h1659-acoustic-full,measured,5,annular,36.0,0,,,,,,,90,0.11413650128227003,0.12702519461075246,0.22033846012028846,1132.6491752180323,90.0,2.3208322521372784,3.693721035672834,3.693721035672834,2.3527894612877067,3.99543551960624,3.99543551960624,43.773833737249504,38.752143440641284,43.773833737249504,730748942156.2336,91729.15584893417,10,10
sweep-split-active-surface-compact-annular-az16-gap24-q3-reg1e-06,split-active-surface-modal,h1659-acoustic-compact,measured,3,annular,24.0,0,,,,,,,0_60,0.004258953263985177,0.07146309278501294,0.2791374085538507,1165.838329384327,60.0,2.167938018624144,3.8543176878054615,3.8543176878054615,2.195940242359215,4.211010345152449,4.211010345152449,45.35075209475705,40.426445184303475,45.35075209475705,866010.4028729785,866010.4028729785,6,6
sweep-split-active-surface-compact-annular-az16-gap24-q3-reg1e-06,split-active-surface-modal,h1659-acoustic-compact,measured,3,annular,24.0,0,,,,,,,70_90,0.026399548694201913,0.14849716406153712,0.29363953192380876,1200.0,70.0,2.167938018624144,3.8543176878054615,3.8543176878054615,2.195940242359215,4.211010345152449,4.211010345152449,45.35075209475705,40.426445184303475,45.35075209475705,866010.4028729785,866010.4028729785,6,6
sweep-split-active-surface-compact-annular-az16-gap24-q3-reg1e-06,split-active-surface-modal,h1659-acoustic-compact,measured,3,annular,24.0,0,,,,,,,80_90,0.04233106438558398,0.14941848404191665,0.28203831624637843,1200.0,90.0,2.167938018624144,3.8543176878054615,3.8543176878054615,2.195940242359215,4.211010345152449,4.211010345152449,45.35075209475705,40.426445184303475,45.35075209475705,866010.4028729785,866010.4028729785,6,6
sweep-split-active-surface-compact-annular-az16-gap24-q3-reg1e-06,split-active-surface-modal,h1659-acoustic-compact,measured,3,annular,24.0,0,,,,,,,90,0.12109828964993713,0.14206021352088796,0.28203831624637843,1200.0,90.0,2.167938018624144,3.8543176878054615,3.8543176878054615,2.195940242359215,4.211010345152449,4.211010345152449,45.35075209475705,40.426445184303475,45.35075209475705,866010.4028729785,866010.4028729785,6,6
sweep-split-active-surface-compact-annular-az24-gap24-q3-reg1e-06,split-active-surface-modal,h1659-acoustic-compact,measured,3,annular,24.0,0,,,,,,,0_60,0.004325327095669263,0.07154903756504837,0.27742079140722353,1165.838329384327,60.0,2.1746686284605814,3.848983774389547,3.848983774389547,2.2028482737675357,4.203675883680576,4.203675883680576,45.295354791780575,40.34121289871909,45.295354791780575,839417.1748465319,839417.1748465319,6,6
sweep-split-active-surface-compact-annular-az24-gap24-q3-reg1e-06,split-active-surface-modal,h1659-acoustic-compact,measured,3,annular,24.0,0,,,,,,,70_90,0.026712154971213264,0.1486409435232423,0.29184242100471636,1200.0,70.0,2.1746686284605814,3.848983774389547,3.848983774389547,2.2028482737675357,4.203675883680576,4.203675883680576,45.295354791780575,40.34121289871909,45.295354791780575,839417.1748465319,839417.1748465319,6,6
sweep-split-active-surface-compact-annular-az24-gap24-q3-reg1e-06,split-active-surface-modal,h1659-acoustic-compact,measured,3,annular,24.0,0,,,,,,,80_90,0.042587520966046635,0.1494768150624295,0.27969882548288894,1200.0,90.0,2.1746686284605814,3.848983774389547,3.848983774389547,2.2028482737675357,4.203675883680576,4.203675883680576,45.295354791780575,40.34121289871909,45.295354791780575,839417.1748465319,839417.1748465319,6,6
sweep-split-active-surface-compact-annular-az24-gap24-q3-reg1e-06,split-active-surface-modal,h1659-acoustic-compact,measured,3,annular,24.0,0,,,,,,,90,0.12115756543373553,0.142010425996966,0.27969882548288894,1200.0,90.0,2.1746686284605814,3.848983774389547,3.848983774389547,2.2028482737675357,4.203675883680576,4.203675883680576,45.295354791780575,40.34121289871909,45.295354791780575,839417.1748465319,839417.1748465319,6,6
sweep-split-active-surface-compact-annular-az16-gap28-q3-reg1e-06,split-active-surface-modal,h1659-acoustic-compact,measured,3,annular,28.0,0,,,,,,,0_60,0.0033043678288831534,0.06815890654212922,0.2619815138789221,1132.6491752180323,60.0,2.250951946689165,3.809682930308979,3.809682930308979,2.2806480620888485,4.155869331396055,4.155869331396055,45.00994170228276,40.17846245146461,45.00994170228276,872281.4182623203,872281.4182623203,6,6
sweep-split-active-surface-compact-annular-az16-gap28-q3-reg1e-06,split-active-surface-modal,h1659-acoustic-compact,measured,3,annular,28.0,0,,,,,,,70_90,0.027925121258308414,0.14549430726460197,0.28195033674736436,1200.0,70.0,2.250951946689165,3.809682930308979,3.809682930308979,2.2806480620888485,4.155869331396055,4.155869331396055,45.00994170228276,40.17846245146461,45.00994170228276,872281.4182623203,872281.4182623203,6,6
sweep-split-active-surface-compact-annular-az16-gap28-q3-reg1e-06,split-active-surface-modal,h1659-acoustic-compact,measured,3,annular,28.0,0,,,,,,,80_90,0.04314754677375273,0.1456932937467654,0.2607097280599717,1165.838329384327,90.0,2.250951946689165,3.809682930308979,3.809682930308979,2.2806480620888485,4.155869331396055,4.155869331396055,45.00994170228276,40.17846245146461,45.00994170228276,872281.4182623203,872281.4182623203,6,6
sweep-split-active-surface-compact-annular-az16-gap28-q3-reg1e-06,split-active-surface-modal,h1659-acoustic-compact,measured,3,annular,28.0,0,,,,,,,90,0.11978161501816267,0.1374711110836994,0.2607097280599717,1165.838329384327,90.0,2.250951946689165,3.809682930308979,3.809682930308979,2.2806480620888485,4.155869331396055,4.155869331396055,45.00994170228276,40.17846245146461,45.00994170228276,872281.4182623203,872281.4182623203,6,6
sweep-split-active-surface-compact-annular-az24-gap28-q3-reg1e-06,split-active-surface-modal,h1659-acoustic-compact,measured,3,annular,28.0,0,,,,,,,0_60,0.003343679771014998,0.06822929984662227,0.2606610521447976,1132.6491752180323,60.0,2.2590235548636213,3.8053049177053007,3.8053049177053007,2.2888870389444245,4.149300773844605,4.149300773844605,44.94242232600143,40.07995764103915,44.94242232600143,842926.3688653233,842926.3688653233,6,6
sweep-split-active-surface-compact-annular-az24-gap28-q3-reg1e-06,split-active-surface-modal,h1659-acoustic-compact,measured,3,annular,28.0,0,,,,,,,70_90,0.028235679562181336,0.14559960106465467,0.27971933082740463,1200.0,70.0,2.2590235548636213,3.8053049177053007,3.8053049177053007,2.2888870389444245,4.149300773844605,4.149300773844605,44.94242232600143,40.07995764103915,44.94242232600143,842926.3688653233,842926.3688653233,6,6
sweep-split-active-surface-compact-annular-az24-gap28-q3-reg1e-06,split-active-surface-modal,h1659-acoustic-compact,measured,3,annular,28.0,0,,,,,,,80_90,0.043393303887931105,0.145705077788374,0.2587609884168742,1165.838329384327,90.0,2.2590235548636213,3.8053049177053007,3.8053049177053007,2.2888870389444245,4.149300773844605,4.149300773844605,44.94242232600143,40.07995764103915,44.94242232600143,842926.3688653233,842926.3688653233,6,6
sweep-split-active-surface-compact-annular-az24-gap28-q3-reg1e-06,split-active-surface-modal,h1659-acoustic-compact,measured,3,annular,28.0,0,,,,,,,90,0.11979519534993474,0.13735196094620472,0.2587609884168742,1165.838329384327,90.0,2.2590235548636213,3.8053049177053007,3.8053049177053007,2.2888870389444245,4.149300773844605,4.149300773844605,44.94242232600143,40.07995764103915,44.94242232600143,842926.3688653233,842926.3688653233,6,6
sweep-split-active-surface-compact-annular-az16-gap32-q3-reg1e-06,split-active-surface-modal,h1659-acoustic-compact,measured,3,annular,32.0,0,,,,,,,0_60,0.0020434149333715445,0.0646873192674676,0.2442471944275013,1132.6491752180323,60.0,2.3406312582734756,3.7780752475703125,3.7780752475703125,2.3708936500127615,4.115297793706465,4.115297793706465,44.65108959455462,39.982101417908524,44.65108959455462,897013.8093325441,897013.8093325441,6,6
sweep-split-active-surface-compact-annular-az16-gap32-q3-reg1e-06,split-active-surface-modal,h1659-acoustic-compact,measured,3,annular,32.0,0,,,,,,,70_90,0.02886589153192599,0.14201883636272386,0.2696815458410242,1200.0,70.0,2.3406312582734756,3.7780752475703125,3.7780752475703125,2.3708936500127615,4.115297793706465,4.115297793706465,44.65108959455462,39.982101417908524,44.65108959455462,897013.8093325441,897013.8093325441,6,6
sweep-split-active-surface-compact-annular-az16-gap32-q3-reg1e-06,split-active-surface-modal,h1659-acoustic-compact,measured,3,annular,32.0,0,,,,,,,80_90,0.043428175048845614,0.14159339628383746,0.24008470749036093,1165.838329384327,90.0,2.3406312582734756,3.7780752475703125,3.7780752475703125,2.3708936500127615,4.115297793706465,4.115297793706465,44.65108959455462,39.982101417908524,44.65108959455462,897013.8093325441,897013.8093325441,6,6
sweep-split-active-surface-compact-annular-az16-gap32-q3-reg1e-06,split-active-surface-modal,h1659-acoustic-compact,measured,3,annular,32.0,0,,,,,,,90,0.11809156916409082,0.13262764332926988,0.24008470749036093,1165.838329384327,90.0,2.3406312582734756,3.7780752475703125,3.7780752475703125,2.3708936500127615,4.115297793706465,4.115297793706465,44.65108959455462,39.982101417908524,44.65108959455462,897013.8093325441,897013.8093325441,6,6
sweep-split-active-surface-compact-annular-az24-gap32-q3-reg1e-06,split-active-surface-modal,h1659-acoustic-compact,measured,3,annular,32.0,0,,,,,,,0_60,0.0020381957030378302,0.06473094425590976,0.24243646936910324,1132.6491752180323,60.0,2.3499252724698456,3.7748402420010745,3.7748402420010745,2.3803269774476226,4.109893917807197,4.109893917807197,44.578860583043216,39.876148962504246,44.578860583043216,863988.9795303622,863988.9795303622,6,6
sweep-split-active-surface-compact-annular-az24-gap32-q3-reg1e-06,split-active-surface-modal,h1659-acoustic-compact,measured,3,annular,32.0,0,,,,,,,70_90,0.029125499276974307,0.14206179472998326,0.26713788516592274,1200.0,70.0,2.3499252724698456,3.7748402420010745,3.7748402420010745,2.3803269774476226,4.109893917807197,4.109893917807197,44.578860583043216,39.876148962504246,44.578860583043216,863988.9795303622,863988.9795303622,6,6
sweep-split-active-surface-compact-annular-az24-gap32-q3-reg1e-06,split-active-surface-modal,h1659-acoustic-compact,measured,3,annular,32.0,0,,,,,,,80_90,0.0436222654271901,0.14154402125441662,0.2383185757842412,1132.6491752180323,90.0,2.3499252724698456,3.7748402420010745,3.7748402420010745,2.3803269774476226,4.109893917807197,4.109893917807197,44.578860583043216,39.876148962504246,44.578860583043216,863988.9795303622,863988.9795303622,6,6
sweep-split-active-surface-compact-annular-az24-gap32-q3-reg1e-06,split-active-surface-modal,h1659-acoustic-compact,measured,3,annular,32.0,0,,,,,,,90,0.11804716715876164,0.13243370620608372,0.2383185757842412,1132.6491752180323,90.0,2.3499252724698456,3.7748402420010745,3.7748402420010745,2.3803269774476226,4.109893917807197,4.109893917807197,44.578860583043216,39.876148962504246,44.578860583043216,863988.9795303622,863988.9795303622,6,6
sweep-split-active-surface-compact-annular-az16-gap42-q3-reg1e-06,split-active-surface-modal,h1659-acoustic-compact,measured,3,annular,42.0,0,,,,,,,0_60,-0.002028100487576162,0.05640044660060326,0.1961091814353253,1069.0784617684071,60.0,2.594349879551605,3.750987547044088,3.750987547044088,2.62192194771684,4.070658932052259,4.070658932052259,43.66241637694226,39.67905838897326,43.66241637694226,1058438.6890947253,1058438.6890947253,6,6
sweep-split-active-surface-compact-annular-az16-gap42-q3-reg1e-06,split-active-surface-modal,h1659-acoustic-compact,measured,3,annular,42.0,0,,,,,,,70_90,0.02939662046394159,0.13214586136962922,0.238665908712278,1200.0,70.0,2.594349879551605,3.750987547044088,3.750987547044088,2.62192194771684,4.070658932052259,4.070658932052259,43.66241637694226,39.67905838897326,43.66241637694226,1058438.6890947253,1058438.6890947253,6,6
sweep-split-active-surface-compact-annular-az16-gap42-q3-reg1e-06,split-active-surface-modal,h1659-acoustic-compact,measured,3,annular,42.0,0,,,,,,,80_90,0.042487876147562526,0.13058060578143232,0.19499986436930072,1132.6491752180323,80.0,2.594349879551605,3.750987547044088,3.750987547044088,2.62192194771684,4.070658932052259,4.070658932052259,43.66241637694226,39.67905838897326,43.66241637694226,1058438.6890947253,1058438.6890947253,6,6
sweep-split-active-surface-compact-annular-az16-gap42-q3-reg1e-06,split-active-surface-modal,h1659-acoustic-compact,measured,3,annular,42.0,0,,,,,,,90,0.112789531064579,0.12043040524432187,0.19312895302159205,1100.4048518456054,90.0,2.594349879551605,3.750987547044088,3.750987547044088,2.62192194771684,4.070658932052259,4.070658932052259,43.66241637694226,39.67905838897326,43.66241637694226,1058438.6890947253,1058438.6890947253,6,6
sweep-split-active-surface-compact-annular-az24-gap42-q3-reg1e-06,split-active-surface-modal,h1659-acoustic-compact,measured,3,annular,42.0,0,,,,,,,0_60,-0.0021361225360328998,0.05644175713859186,0.19491149707332767,1069.0784617684071,60.0,2.6068815338652858,3.7509730282470684,3.7509730282470684,2.6344990655604215,4.068760663406043,4.068760663406043,43.58365963021772,39.56049987099437,43.58365963021772,1008686.0367412309,1008686.0367412309,6,6
sweep-split-active-surface-compact-annular-az24-gap42-q3-reg1e-06,split-active-surface-modal,h1659-acoustic-compact,measured,3,annular,42.0,0,,,,,,,70_90,0.0295223320125285,0.13206854724908326,0.2358095431357583,1200.0,70.0,2.6068815338652858,3.7509730282470684,3.7509730282470684,2.6344990655604215,4.068760663406043,4.068760663406043,43.58365963021772,39.56049987099437,43.58365963021772,1008686.0367412309,1008686.0367412309,6,6
sweep-split-active-surface-compact-annular-az24-gap42-q3-reg1e-06,split-active-surface-modal,h1659-acoustic-compact,measured,3,annular,42.0,0,,,,,,,80_90,0.04255480290458871,0.1304267959767007,0.1933274352710299,1132.6491752180323,80.0,2.6068815338652858,3.7509730282470684,3.7509730282470684,2.6344990655604215,4.068760663406043,4.068760663406043,43.58365963021772,39.56049987099437,43.58365963021772,1008686.0367412309,1008686.0367412309,6,6
sweep-split-active-surface-compact-annular-az24-gap42-q3-reg1e-06,split-active-surface-modal,h1659-acoustic-compact,measured,3,annular,42.0,0,,,,,,,90,0.11263960745158363,0.12013065531349842,0.1916353595253213,1100.4048518456054,90.0,2.6068815338652858,3.7509730282470684,3.7509730282470684,2.6344990655604215,4.068760663406043,4.068760663406043,43.58365963021772,39.56049987099437,43.58365963021772,1008686.0367412309,1008686.0367412309,6,6
sweep-split-active-surface-compact-annular-az16-gap28-q3-reg3e-07,split-active-surface-modal,h1659-acoustic-compact,measured,3,annular,28.0,0,,,,,,,0_60,0.009156775273302796,0.0784509665969128,0.25742694249132114,1009.0756983044574,60.0,2.568084759286672,3.802335387891616,3.802335387891616,2.60617014050698,4.0626849945727885,4.0626849945727885,41.72594190609017,36.078191735874604,41.72594190609017,872281.4182623203,872281.4182623203,6,6
sweep-split-active-surface-compact-annular-az16-gap28-q3-reg3e-07,split-active-surface-modal,h1659-acoustic-compact,measured,3,annular,28.0,0,,,,,,,70_90,0.048332051334149376,0.15732837887365012,0.26529271370922203,1069.0784617684071,70.0,2.568084759286672,3.802335387891616,3.802335387891616,2.60617014050698,4.0626849945727885,4.0626849945727885,41.72594190609017,36.078191735874604,41.72594190609017,872281.4182623203,872281.4182623203,6,6
sweep-split-active-surface-compact-annular-az16-gap28-q3-reg3e-07,split-active-surface-modal,h1659-acoustic-compact,measured,3,annular,28.0,0,,,,,,,80_90,0.059705031387723796,0.15310107072262844,0.24060146399220628,1038.6438732073716,90.0,2.568084759286672,3.802335387891616,3.802335387891616,2.60617014050698,4.0626849945727885,4.0626849945727885,41.72594190609017,36.078191735874604,41.72594190609017,872281.4182623203,872281.4182623203,6,6
sweep-split-active-surface-compact-annular-az16-gap28-q3-reg3e-07,split-active-surface-modal,h1659-acoustic-compact,measured,3,annular,28.0,0,,,,,,,90,0.12310561209758937,0.13974352967815193,0.24060146399220628,1038.6438732073716,90.0,2.568084759286672,3.802335387891616,3.802335387891616,2.60617014050698,4.0626849945727885,4.0626849945727885,41.72594190609017,36.078191735874604,41.72594190609017,872281.4182623203,872281.4182623203,6,6
sweep-split-active-surface-compact-annular-az16-gap28-q3-reg3e-06,split-active-surface-modal,h1659-acoustic-compact,measured,3,annular,28.0,0,,,,,,,0_60,0.0013424061544346406,0.05469821588005277,0.2522469611328475,1200.0,60.0,2.019522146100704,3.905764671447584,3.905764671447584,2.023760922622245,4.3635276369351,4.3635276369351,47.5392988135559,44.07063165235538,47.5392988135559,872281.4182623203,872281.4182623203,6,6
sweep-split-active-surface-compact-annular-az16-gap28-q3-reg3e-06,split-active-surface-modal,h1659-acoustic-compact,measured,3,annular,28.0,0,,,,,,,70_90,0.017491452512586134,0.12975245442005723,0.27159283432744985,1200.0,90.0,2.019522146100704,3.905764671447584,3.905764671447584,2.023760922622245,4.3635276369351,4.3635276369351,47.5392988135559,44.07063165235538,47.5392988135559,872281.4182623203,872281.4182623203,6,6
sweep-split-active-surface-compact-annular-az16-gap28-q3-reg3e-06,split-active-surface-modal,h1659-acoustic-compact,measured,3,annular,28.0,0,,,,,,,80_90,0.035554340958841205,0.13607307300917063,0.27159283432744985,1200.0,90.0,2.019522146100704,3.905764671447584,3.905764671447584,2.023760922622245,4.3635276369351,4.3635276369351,47.5392988135559,44.07063165235538,47.5392988135559,872281.4182623203,872281.4182623203,6,6
sweep-split-active-surface-compact-annular-az16-gap28-q3-reg3e-06,split-active-surface-modal,h1659-acoustic-compact,measured,3,annular,28.0,0,,,,,,,90,0.12301823026799685,0.13722405442758318,0.27159283432744985,1200.0,90.0,2.019522146100704,3.905764671447584,3.905764671447584,2.023760922622245,4.3635276369351,4.3635276369351,47.5392988135559,44.07063165235538,47.5392988135559,872281.4182623203,872281.4182623203,6,6
sweep-split-active-surface-compact-annular-az16-gap30-q3-reg3e-07,split-active-surface-modal,h1659-acoustic-compact,measured,3,annular,30.0,0,,,,,,,0_60,0.008257105767192845,0.07648113865889543,0.24990203167433833,1009.0756983044574,60.0,2.6242061002629224,3.8012078707494155,3.8012078707494155,2.6620506433770923,4.058870271790042,4.058870271790042,41.484278220257586,35.89892249695486,41.484278220257586,882277.509111974,882277.509111974,6,6
sweep-split-active-surface-compact-annular-az16-gap30-q3-reg3e-07,split-active-surface-modal,h1659-acoustic-compact,measured,3,annular,30.0,0,,,,,,,70_90,0.04865126711354129,0.1551795929399689,0.259883167755973,1038.6438732073716,70.0,2.6242061002629224,3.8012078707494155,3.8012078707494155,2.6620506433770923,4.058870271790042,4.058870271790042,41.484278220257586,35.89892249695486,41.484278220257586,882277.509111974,882277.509111974,6,6
sweep-split-active-surface-compact-annular-az16-gap30-q3-reg3e-07,split-active-surface-modal,h1659-acoustic-compact,measured,3,annular,30.0,0,,,,,,,80_90,0.05969203298802487,0.15073307281559656,0.23294351116963696,1009.0756983044574,90.0,2.6242061002629224,3.8012078707494155,3.8012078707494155,2.6620506433770923,4.058870271790042,4.058870271790042,41.484278220257586,35.89892249695486,41.484278220257586,882277.509111974,882277.509111974,6,6
sweep-split-active-surface-compact-annular-az16-gap30-q3-reg3e-07,split-active-surface-modal,h1659-acoustic-compact,measured,3,annular,30.0,0,,,,,,,90,0.12215242976571805,0.13722401105727663,0.23294351116963696,1009.0756983044574,90.0,2.6242061002629224,3.8012078707494155,3.8012078707494155,2.6620506433770923,4.058870271790042,4.058870271790042,41.484278220257586,35.89892249695486,41.484278220257586,882277.509111974,882277.509111974,6,6
sweep-split-active-surface-compact-annular-az16-gap30-q3-reg3e-06,split-active-surface-modal,h1659-acoustic-compact,measured,3,annular,30.0,0,,,,,,,0_60,0.0010887105346051062,0.05357844302959889,0.24478555142849245,1200.0,60.0,2.0494549045765367,3.870674013717436,3.870674013717436,2.0563005866807873,4.321974185425794,4.321974185425794,47.40865221334381,44.02195740032271,47.40865221334381,882277.509111974,882277.509111974,6,6
sweep-split-active-surface-compact-annular-az16-gap30-q3-reg3e-06,split-active-surface-modal,h1659-acoustic-compact,measured,3,annular,30.0,0,,,,,,,70_90,0.018194065322653233,0.12868251741088393,0.2672348563382414,1200.0,70.0,2.0494549045765367,3.870674013717436,3.870674013717436,2.0563005866807873,4.321974185425794,4.321974185425794,47.40865221334381,44.02195740032271,47.40865221334381,882277.509111974,882277.509111974,6,6
sweep-split-active-surface-compact-annular-az16-gap30-q3-reg3e-06,split-active-surface-modal,h1659-acoustic-compact,measured,3,annular,30.0,0,,,,,,,80_90,0.03592055567522339,0.1346275521791626,0.26193262037465104,1200.0,90.0,2.0494549045765367,3.870674013717436,3.870674013717436,2.0563005866807873,4.321974185425794,4.321974185425794,47.40865221334381,44.02195740032271,47.40865221334381,882277.509111974,882277.509111974,6,6
sweep-split-active-surface-compact-annular-az16-gap30-q3-reg3e-06,split-active-surface-modal,h1659-acoustic-compact,measured,3,annular,30.0,0,,,,,,,90,0.12234910169982541,0.13540777623435898,0.26193262037465104,1200.0,90.0,2.0494549045765367,3.870674013717436,3.870674013717436,2.0563005866807873,4.321974185425794,4.321974185425794,47.40865221334381,44.02195740032271,47.40865221334381,882277.509111974,882277.509111974,6,6
sweep-split-active-surface-compact-annular-az16-gap32-q3-reg3e-07,split-active-surface-modal,h1659-acoustic-compact,measured,3,annular,32.0,0,,,,,,,0_60,0.007326188473529198,0.07457584111108895,0.24225829880783323,980.3492719446599,60.0,2.682221690038028,3.803684238919296,3.803684238919296,2.719608776877965,4.058986318942084,4.058986318942084,41.24482316334899,35.730178787671136,41.24482316334899,897013.8093325441,897013.8093325441,6,6
sweep-split-active-surface-compact-annular-az16-gap32-q3-reg3e-07,split-active-surface-modal,h1659-acoustic-compact,measured,3,annular,32.0,0,,,,,,,70_90,0.048877222626130964,0.15303465107287798,0.25457028853357144,1038.6438732073716,70.0,2.682221690038028,3.803684238919296,3.803684238919296,2.719608776877965,4.058986318942084,4.058986318942084,41.24482316334899,35.730178787671136,41.24482316334899,897013.8093325441,897013.8093325441,6,6
sweep-split-active-surface-compact-annular-az16-gap32-q3-reg3e-07,split-active-surface-modal,h1659-acoustic-compact,measured,3,annular,32.0,0,,,,,,,80_90,0.0596013517383719,0.14839480401019334,0.225871906533456,1009.0756983044574,90.0,2.682221690038028,3.803684238919296,3.803684238919296,2.719608776877965,4.058986318942084,4.058986318942084,41.24482316334899,35.730178787671136,41.24482316334899,897013.8093325441,897013.8093325441,6,6
sweep-split-active-surface-compact-annular-az16-gap32-q3-reg3e-07,split-active-surface-modal,h1659-acoustic-compact,measured,3,annular,32.0,0,,,,,,,90,0.12117508163172623,0.1347908775148805,0.225871906533456,1009.0756983044574,90.0,2.682221690038028,3.803684238919296,3.803684238919296,2.719608776877965,4.058986318942084,4.058986318942084,41.24482316334899,35.730178787671136,41.24482316334899,897013.8093325441,897013.8093325441,6,6
sweep-split-active-surface-compact-annular-az16-gap32-q3-reg3e-06,split-active-surface-modal,h1659-acoustic-compact,measured,3,annular,32.0,0,,,,,,,0_60,0.0007603041193321579,0.052377207507245754,0.23646855978517323,1200.0,60.0,2.0810744228233746,3.83934687915069,3.83934687915069,2.0901643019445304,4.284459145720641,4.284459145720641,47.28069043138918,43.98689776259777,47.28069043138918,897013.8093325441,897013.8093325441,6,6
sweep-split-active-surface-compact-annular-az16-gap32-q3-reg3e-06,split-active-surface-modal,h1659-acoustic-compact,measured,3,annular,32.0,0,,,,,,,70_90,0.018775445177385188,0.1274683048981292,0.2632308832875907,1200.0,70.0,2.0810744228233746,3.83934687915069,3.83934687915069,2.0901643019445304,4.284459145720641,4.284459145720641,47.28069043138918,43.98689776259777,47.28069043138918,897013.8093325441,897013.8093325441,6,6
sweep-split-active-surface-compact-annular-az16-gap32-q3-reg3e-06,split-active-surface-modal,h1659-acoustic-compact,measured,3,annular,32.0,0,,,,,,,80_90,0.03617302274626438,0.13305630135683452,0.25197439471971705,1200.0,90.0,2.0810744228233746,3.83934687915069,3.83934687915069,2.0901643019445304,4.284459145720641,4.284459145720641,47.28069043138918,43.98689776259777,47.28069043138918,897013.8093325441,897013.8093325441,6,6
sweep-split-active-surface-compact-annular-az16-gap32-q3-reg3e-06,split-active-surface-modal,h1659-acoustic-compact,measured,3,annular,32.0,0,,,,,,,90,0.12157725202938818,0.1334779682280907,0.25197439471971705,1200.0,90.0,2.0810744228233746,3.83934687915069,3.83934687915069,2.0901643019445304,4.284459145720641,4.284459145720641,47.28069043138918,43.98689776259777,47.28069043138918,897013.8093325441,897013.8093325441,6,6
sweep-split-active-surface-compact-annular-az16-gap30-q3-reg3e-07-svd1e-05,split-active-surface-modal,h1659-acoustic-compact,measured,3,annular,30.0,0,,,,,,,0_60,0.008296896760934364,0.07649274279394641,0.24990203167725156,1009.0756983044574,60.0,2.6242342801748073,3.8013058337600416,3.8013058337600416,2.662058721047822,4.0589370873401585,4.0589370873401585,41.48362921060528,35.89933093214324,41.48362921060528,882277.509111974,92547.37085477926,6,6
sweep-split-active-surface-compact-annular-az16-gap30-q3-reg3e-07-svd1e-05,split-active-surface-modal,h1659-acoustic-compact,measured,3,annular,30.0,0,,,,,,,70_90,0.04870517067521265,0.15518573434000058,0.25988316774596143,1038.6438732073716,70.0,2.6242342801748073,3.8013058337600416,3.8013058337600416,2.662058721047822,4.0589370873401585,4.0589370873401585,41.48362921060528,35.89933093214324,41.48362921060528,882277.509111974,92547.37085477926,6,6
sweep-split-active-surface-compact-annular-az16-gap30-q3-reg3e-07-svd1e-05,split-active-surface-modal,h1659-acoustic-compact,measured,3,annular,30.0,0,,,,,,,80_90,0.05974426413717416,0.15074358574091754,0.23294351117070988,1009.0756983044574,90.0,2.6242342801748073,3.8013058337600416,3.8013058337600416,2.662058721047822,4.0589370873401585,4.0589370873401585,41.48362921060528,35.89933093214324,41.48362921060528,882277.509111974,92547.37085477926,6,6
sweep-split-active-surface-compact-annular-az16-gap30-q3-reg3e-07-svd1e-05,split-active-surface-modal,h1659-acoustic-compact,measured,3,annular,30.0,0,,,,,,,90,0.12220445087200366,0.137258840158592,0.23294351117070988,1009.0756983044574,90.0,2.6242342801748073,3.8013058337600416,3.8013058337600416,2.662058721047822,4.0589370873401585,4.0589370873401585,41.48362921060528,35.89933093214324,41.48362921060528,882277.509111974,92547.37085477926,6,6
sweep-split-active-surface-compact-annular-az16-gap30-q3-reg3e-06-svd1e-05,split-active-surface-modal,h1659-acoustic-compact,measured,3,annular,30.0,0,,,,,,,0_60,0.0010930308407099743,0.05357524299053537,0.2447855514290893,1200.0,60.0,2.0494646246801045,3.870688607670343,3.870688607670343,2.056307472866772,4.3219841859056505,4.3219841859056505,47.40855412323548,44.02196866659565,47.40855412323548,882277.509111974,92547.37085477926,6,6
sweep-split-active-surface-compact-annular-az16-gap30-q3-reg3e-06-svd1e-05,split-active-surface-modal,h1659-acoustic-compact,measured,3,annular,30.0,0,,,,,,,70_90,0.018200079841701515,0.12867955218994334,0.26723485633883115,1200.0,70.0,2.0494646246801045,3.870688607670343,3.870688607670343,2.056307472866772,4.3219841859056505,4.3219841859056505,47.40855412323548,44.02196866659565,47.40855412323548,882277.509111974,92547.37085477926,6,6
sweep-split-active-surface-compact-annular-az16-gap30-q3-reg3e-06-svd1e-05,split-active-surface-modal,h1659-acoustic-compact,measured,3,annular,30.0,0,,,,,,,80_90,0.0359264360114962,0.1346257524080014,0.26193262037481446,1200.0,90.0,2.0494646246801045,3.870688607670343,3.870688607670343,2.056307472866772,4.3219841859056505,4.3219841859056505,47.40855412323548,44.02196866659565,47.40855412323548,882277.509111974,92547.37085477926,6,6
sweep-split-active-surface-compact-annular-az16-gap30-q3-reg3e-06-svd1e-05,split-active-surface-modal,h1659-acoustic-compact,measured,3,annular,30.0,0,,,,,,,90,0.12235509308594368,0.13541036211968419,0.26193262037481446,1200.0,90.0,2.0494646246801045,3.870688607670343,3.870688607670343,2.056307472866772,4.3219841859056505,4.3219841859056505,47.40855412323548,44.02196866659565,47.40855412323548,882277.509111974,92547.37085477926,6,6
sweep-split-active-surface-full-annular-az16-gap24-q3-reg1e-06,split-active-surface-modal,h1659-acoustic-full,measured,5,annular,24.0,0,,,,,,,0_60,0.00459648423693777,0.072831907104101,0.2796126766568179,1165.838329384327,60.0,2.089669842597578,3.7849425563720502,3.7849425563720502,2.118380224817156,4.115770273615665,4.115770273615665,44.67939790226472,39.35106598392077,44.67939790226472,1145300065958.9094,1145300065958.9094,10,10
sweep-split-active-surface-full-annular-az16-gap24-q3-reg1e-06,split-active-surface-modal,h1659-acoustic-full,measured,5,annular,24.0,0,,,,,,,70_90,0.03045979425166871,0.15113136368155078,0.29501856837911333,1200.0,70.0,2.089669842597578,3.7849425563720502,3.7849425563720502,2.118380224817156,4.115770273615665,4.115770273615665,44.67939790226472,39.35106598392077,44.67939790226472,1145300065958.9094,1145300065958.9094,10,10
sweep-split-active-surface-full-annular-az16-gap24-q3-reg1e-06,split-active-surface-modal,h1659-acoustic-full,measured,5,annular,24.0,0,,,,,,,80_90,0.04549540924099705,0.15099996178765884,0.27831916838263027,1200.0,90.0,2.089669842597578,3.7849425563720502,3.7849425563720502,2.118380224817156,4.115770273615665,4.115770273615665,44.67939790226472,39.35106598392077,44.67939790226472,1145300065958.9094,1145300065958.9094,10,10
sweep-split-active-surface-full-annular-az16-gap24-q3-reg1e-06,split-active-surface-modal,h1659-acoustic-full,measured,5,annular,24.0,0,,,,,,,90,0.12108644007438338,0.1425161539797037,0.27831916838263027,1200.0,90.0,2.089669842597578,3.7849425563720502,3.7849425563720502,2.118380224817156,4.115770273615665,4.115770273615665,44.67939790226472,39.35106598392077,44.67939790226472,1145300065958.9094,1145300065958.9094,10,10
sweep-split-active-surface-compact-annular-dipole-az16-gap30-q3-reg1e-06,split-active-surface-modal,h1659-acoustic-compact,dipole,3,annular,30.0,0,,,,,,,0_60,0.019373954107077682,0.0406088424186719,0.19039567937907975,1200.0,60.0,7.21232315245653,7.019908594974503,7.21232315245653,7.143915364959132,6.904446976621884,7.143915364959132,24.515180947577605,55.92559450752056,55.92559450752056,882277.509111974,882277.509111974,6,6
sweep-split-active-surface-compact-annular-dipole-az16-gap30-q3-reg1e-06,split-active-surface-modal,h1659-acoustic-compact,dipole,3,annular,30.0,0,,,,,,,70_90,0.0842325107803972,0.11749517638770537,0.3469281994376985,1200.0,90.0,7.21232315245653,7.019908594974503,7.21232315245653,7.143915364959132,6.904446976621884,7.143915364959132,24.515180947577605,55.92559450752056,55.92559450752056,882277.509111974,882277.509111974,6,6
sweep-split-active-surface-compact-annular-dipole-az16-gap30-q3-reg1e-06,split-active-surface-modal,h1659-acoustic-compact,dipole,3,annular,30.0,0,,,,,,,80_90,0.10277931741481142,0.13267759725718128,0.3469281994376985,1200.0,90.0,7.21232315245653,7.019908594974503,7.21232315245653,7.143915364959132,6.904446976621884,7.143915364959132,24.515180947577605,55.92559450752056,55.92559450752056,882277.509111974,882277.509111974,6,6
sweep-split-active-surface-compact-annular-dipole-az16-gap30-q3-reg1e-06,split-active-surface-modal,h1659-acoustic-compact,dipole,3,annular,30.0,0,,,,,,,90,0.1544602553305488,0.16930748528537298,0.3469281994376985,1200.0,90.0,7.21232315245653,7.019908594974503,7.21232315245653,7.143915364959132,6.904446976621884,7.143915364959132,24.515180947577605,55.92559450752056,55.92559450752056,882277.509111974,882277.509111974,6,6
sweep-split-active-surface-full-annular-az16-gap24-q3-reg1e-06-svd1e-05,split-active-surface-modal,h1659-acoustic-full,measured,5,annular,24.0,0,,,,,,,0_60,0.004615003100460795,0.07282657549910838,0.2795985477491101,1165.838329384327,60.0,2.0896944559287456,3.7850291625462744,3.7850291625462744,2.1183956083492874,4.115838631492,4.115838631492,44.67912298971189,39.351312559655035,44.67912298971189,1145300065958.9094,97339.22547664527,10,10
sweep-split-active-surface-full-annular-az16-gap24-q3-reg1e-06-svd1e-05,split-active-surface-modal,h1659-acoustic-full,measured,5,annular,24.0,0,,,,,,,70_90,0.030485301587481285,0.1511220569727672,0.2949849190958389,1200.0,70.0,2.0896944559287456,3.7850291625462744,3.7850291625462744,2.1183956083492874,4.115838631492,4.115838631492,44.67912298971189,39.351312559655035,44.67912298971189,1145300065958.9094,97339.22547664527,10,10
sweep-split-active-surface-full-annular-az16-gap24-q3-reg1e-06-svd1e-05,split-active-surface-modal,h1659-acoustic-full,measured,5,annular,24.0,0,,,,,,,80_90,0.04552001294450385,0.15099399275985037,0.27828143599281674,1200.0,90.0,2.0896944559287456,3.7850291625462744,3.7850291625462744,2.1183956083492874,4.115838631492,4.115838631492,44.67912298971189,39.351312559655035,44.67912298971189,1145300065958.9094,97339.22547664527,10,10
sweep-split-active-surface-full-annular-az16-gap24-q3-reg1e-06-svd1e-05,split-active-surface-modal,h1659-acoustic-full,measured,5,annular,24.0,0,,,,,,,90,0.12111167891146805,0.14252599861820225,0.27828143599281674,1200.0,90.0,2.0896944559287456,3.7850291625462744,3.7850291625462744,2.1183956083492874,4.115838631492,4.115838631492,44.67912298971189,39.351312559655035,44.67912298971189,1145300065958.9094,97339.22547664527,10,10
sweep-split-active-surface-compact-annular-dipole-az16-gap30-q3-reg1e-06-svd1e-05,split-active-surface-modal,h1659-acoustic-compact,dipole,3,annular,30.0,0,,,,,,,0_60,0.01937537766615697,0.04060952434221071,0.19039567937515045,1200.0,60.0,7.212299164664299,7.019884648096669,7.212299164664299,7.143889146154189,6.904420762939294,7.143889146154189,24.515138534754353,55.92564414907198,55.92564414907198,882277.509111974,92547.37085477926,6,6
sweep-split-active-surface-compact-annular-dipole-az16-gap30-q3-reg1e-06-svd1e-05,split-active-surface-modal,h1659-acoustic-compact,dipole,3,annular,30.0,0,,,,,,,70_90,0.08423424611430742,0.11749604024774281,0.3469281994339397,1200.0,90.0,7.212299164664299,7.019884648096669,7.212299164664299,7.143889146154189,6.904420762939294,7.143889146154189,24.515138534754353,55.92564414907198,55.92564414907198,882277.509111974,92547.37085477926,6,6
sweep-split-active-surface-compact-annular-dipole-az16-gap30-q3-reg1e-06-svd1e-05,split-active-surface-modal,h1659-acoustic-compact,dipole,3,annular,30.0,0,,,,,,,80_90,0.10278095990362082,0.13267855340210621,0.3469281994339397,1200.0,90.0,7.212299164664299,7.019884648096669,7.212299164664299,7.143889146154189,6.904420762939294,7.143889146154189,24.515138534754353,55.92564414907198,55.92564414907198,882277.509111974,92547.37085477926,6,6
sweep-split-active-surface-compact-annular-dipole-az16-gap30-q3-reg1e-06-svd1e-05,split-active-surface-modal,h1659-acoustic-compact,dipole,3,annular,30.0,0,,,,,,,90,0.15446191222552746,0.16930870256198227,0.3469281994339397,1200.0,90.0,7.212299164664299,7.019884648096669,7.212299164664299,7.143889146154189,6.904420762939294,7.143889146154189,24.515138534754353,55.92564414907198,55.92564414907198,882277.509111974,92547.37085477926,6,6
sweep-split-active-surface-compact-uniform-annular-az16-gap24-q3-reg1e-06-m4,split-active-surface-modal,h1659-acoustic-compact,measured,4,uniform-annular,24.0,0,,,,,,,0_60,0.001771689863362878,0.07301008331244452,0.26567352138715705,1132.6491752180323,60.0,2.1530795209490523,3.8144444558798387,3.8144444558798387,2.1882853073274506,4.138605709659052,4.138605709659052,44.883667525821245,39.704320489028134,44.883667525821245,546752804.5397103,546752804.5397103,8,8
sweep-split-active-surface-compact-uniform-annular-az16-gap24-q3-reg1e-06-m4,split-active-surface-modal,h1659-acoustic-compact,measured,4,uniform-annular,24.0,0,,,,,,,70_90,0.02318389139947474,0.15060474287440587,0.28071640971483447,1165.838329384327,70.0,2.1530795209490523,3.8144444558798387,3.8144444558798387,2.1882853073274506,4.138605709659052,4.138605709659052,44.883667525821245,39.704320489028134,44.883667525821245,546752804.5397103,546752804.5397103,8,8
sweep-split-active-surface-compact-uniform-annular-az16-gap24-q3-reg1e-06-m4,split-active-surface-modal,h1659-acoustic-compact,measured,4,uniform-annular,24.0,0,,,,,,,80_90,0.03849766805806111,0.1498685397204214,0.2666708953188177,1165.838329384327,90.0,2.1530795209490523,3.8144444558798387,3.8144444558798387,2.1882853073274506,4.138605709659052,4.138605709659052,44.883667525821245,39.704320489028134,44.883667525821245,546752804.5397103,546752804.5397103,8,8
sweep-split-active-surface-compact-uniform-annular-az16-gap24-q3-reg1e-06-m4,split-active-surface-modal,h1659-acoustic-compact,measured,4,uniform-annular,24.0,0,,,,,,,90,0.11461430770747894,0.13723340876210346,0.2666708953188177,1165.838329384327,90.0,2.1530795209490523,3.8144444558798387,3.8144444558798387,2.1882853073274506,4.138605709659052,4.138605709659052,44.883667525821245,39.704320489028134,44.883667525821245,546752804.5397103,546752804.5397103,8,8
sweep-split-active-surface-compact-uniform-annular-az16-gap24-q3-reg3e-06-m4,split-active-surface-modal,h1659-acoustic-compact,measured,4,uniform-annular,24.0,0,,,,,,,0_60,-0.0017655893240473078,0.059523809205565936,0.2607744098055562,1200.0,60.0,1.9406693481940813,3.9487426554381804,3.9487426554381804,1.9538796994202066,4.3741327962203576,4.3741327962203576,47.28775056004752,43.37104816025666,47.28775056004752,546752804.5397103,546752804.5397103,8,8
sweep-split-active-surface-compact-uniform-annular-az16-gap24-q3-reg3e-06-m4,split-active-surface-modal,h1659-acoustic-compact,measured,4,uniform-annular,24.0,0,,,,,,,70_90,0.009737767671556784,0.13459938822131035,0.28354077783621534,1200.0,90.0,1.9406693481940813,3.9487426554381804,3.9487426554381804,1.9538796994202066,4.3741327962203576,4.3741327962203576,47.28775056004752,43.37104816025666,47.28775056004752,546752804.5397103,546752804.5397103,8,8
sweep-split-active-surface-compact-uniform-annular-az16-gap24-q3-reg3e-06-m4,split-active-surface-modal,h1659-acoustic-compact,measured,4,uniform-annular,24.0,0,,,,,,,80_90,0.027968345796831117,0.13931380113753677,0.28354077783621534,1200.0,90.0,1.9406693481940813,3.9487426554381804,3.9487426554381804,1.9538796994202066,4.3741327962203576,4.3741327962203576,47.28775056004752,43.37104816025666,47.28775056004752,546752804.5397103,546752804.5397103,8,8
sweep-split-active-surface-compact-uniform-annular-az16-gap24-q3-reg3e-06-m4,split-active-surface-modal,h1659-acoustic-compact,measured,4,uniform-annular,24.0,0,,,,,,,90,0.11482892472719838,0.1340910047013051,0.28354077783621534,1200.0,90.0,1.9406693481940813,3.9487426554381804,3.9487426554381804,1.9538796994202066,4.3741327962203576,4.3741327962203576,47.28775056004752,43.37104816025666,47.28775056004752,546752804.5397103,546752804.5397103,8,8
sweep-split-active-surface-compact-uniform-annular-az24-gap24-q3-reg1e-06-m4,split-active-surface-modal,h1659-acoustic-compact,measured,4,uniform-annular,24.0,0,,,,,,,0_60,0.001749871712571773,0.07294801873175925,0.26351852394085995,1100.4048518456054,60.0,2.1591236850004947,3.807956354271507,3.807956354271507,2.1944478751138243,4.130102798888099,4.130102798888099,44.8239212690095,39.61642209319921,44.8239212690095,518292532.53843975,518292532.53843975,8,8
sweep-split-active-surface-compact-uniform-annular-az24-gap24-q3-reg1e-06-m4,split-active-surface-modal,h1659-acoustic-compact,measured,4,uniform-annular,24.0,0,,,,,,,70_90,0.023386225308447455,0.15055720817087168,0.2786153425079476,1165.838329384327,70.0,2.1591236850004947,3.807956354271507,3.807956354271507,2.1944478751138243,4.130102798888099,4.130102798888099,44.8239212690095,39.61642209319921,44.8239212690095,518292532.53843975,518292532.53843975,8,8
sweep-split-active-surface-compact-uniform-annular-az24-gap24-q3-reg1e-06-m4,split-active-surface-modal,h1659-acoustic-compact,measured,4,uniform-annular,24.0,0,,,,,,,80_90,0.038641792784269546,0.1497430408970667,0.2646502721063939,1132.6491752180323,90.0,2.1591236850004947,3.807956354271507,3.807956354271507,2.1944478751138243,4.130102798888099,4.130102798888099,44.8239212690095,39.61642209319921,44.8239212690095,518292532.53843975,518292532.53843975,8,8
sweep-split-active-surface-compact-uniform-annular-az24-gap24-q3-reg1e-06-m4,split-active-surface-modal,h1659-acoustic-compact,measured,4,uniform-annular,24.0,0,,,,,,,90,0.11454330102473063,0.13695898440714893,0.2646502721063939,1132.6491752180323,90.0,2.1591236850004947,3.807956354271507,3.807956354271507,2.1944478751138243,4.130102798888099,4.130102798888099,44.8239212690095,39.61642209319921,44.8239212690095,518292532.53843975,518292532.53843975,8,8
sweep-split-active-surface-compact-uniform-annular-az24-gap24-q3-reg3e-06-m4,split-active-surface-modal,h1659-acoustic-compact,measured,4,uniform-annular,24.0,0,,,,,,,0_60,-0.0016993295351918649,0.059774836114808785,0.26042048675137863,1200.0,60.0,1.9447298985182606,3.9379696120817753,3.9379696120817753,1.958536532772778,4.360572479750424,4.360572479750424,47.23530938405345,43.275514611967246,47.23530938405345,518292532.53843975,518292532.53843975,8,8
sweep-split-active-surface-compact-uniform-annular-az24-gap24-q3-reg3e-06-m4,split-active-surface-modal,h1659-acoustic-compact,measured,4,uniform-annular,24.0,0,,,,,,,70_90,0.010040413316625238,0.13496340587347191,0.2827417683972939,1200.0,90.0,1.9447298985182606,3.9379696120817753,3.9379696120817753,1.958536532772778,4.360572479750424,4.360572479750424,47.23530938405345,43.275514611967246,47.23530938405345,518292532.53843975,518292532.53843975,8,8
sweep-split-active-surface-compact-uniform-annular-az24-gap24-q3-reg3e-06-m4,split-active-surface-modal,h1659-acoustic-compact,measured,4,uniform-annular,24.0,0,,,,,,,80_90,0.028207288697563327,0.13954568630923278,0.2827417683972939,1200.0,90.0,1.9447298985182606,3.9379696120817753,3.9379696120817753,1.958536532772778,4.360572479750424,4.360572479750424,47.23530938405345,43.275514611967246,47.23530938405345,518292532.53843975,518292532.53843975,8,8
sweep-split-active-surface-compact-uniform-annular-az24-gap24-q3-reg3e-06-m4,split-active-surface-modal,h1659-acoustic-compact,measured,4,uniform-annular,24.0,0,,,,,,,90,0.11486348847072768,0.13416248278495393,0.2827417683972939,1200.0,90.0,1.9447298985182606,3.9379696120817753,3.9379696120817753,1.958536532772778,4.360572479750424,4.360572479750424,47.23530938405345,43.275514611967246,47.23530938405345,518292532.53843975,518292532.53843975,8,8
sweep-split-active-surface-compact-uniform-annular-az16-gap24-q3-reg1e-06-m5,split-active-surface-modal,h1659-acoustic-compact,measured,5,uniform-annular,24.0,0,,,,,,,0_60,0.0028872410094987495,0.07512053235276572,0.26486377993189336,1100.4048518456054,60.0,2.2034513741670656,3.7985208791511744,3.7985208791511744,2.240609975335599,4.105659690136553,4.105659690136553,44.35332382276875,38.98533589131975,44.35332382276875,7.233587318355622e+35,7.233587318355622e+35,10,10
sweep-split-active-surface-compact-uniform-annular-az16-gap24-q3-reg1e-06-m5,split-active-surface-modal,h1659-acoustic-compact,measured,5,uniform-annular,24.0,0,,,,,,,70_90,0.026936365430406714,0.15315683709233147,0.2770533295901032,1165.838329384327,70.0,2.2034513741670656,3.7985208791511744,3.7985208791511744,2.240609975335599,4.105659690136553,4.105659690136553,44.35332382276875,38.98533589131975,44.35332382276875,7.233587318355622e+35,7.233587318355622e+35,10,10
sweep-split-active-surface-compact-uniform-annular-az16-gap24-q3-reg1e-06-m5,split-active-surface-modal,h1659-acoustic-compact,measured,5,uniform-annular,24.0,0,,,,,,,80_90,0.04157527557825916,0.1515418888785672,0.2620840962224946,1132.6491752180323,90.0,2.2034513741670656,3.7985208791511744,3.7985208791511744,2.240609975335599,4.105659690136553,4.105659690136553,44.35332382276875,38.98533589131975,44.35332382276875,7.233587318355622e+35,7.233587318355622e+35,10,10
sweep-split-active-surface-compact-uniform-annular-az16-gap24-q3-reg1e-06-m5,split-active-surface-modal,h1659-acoustic-compact,measured,5,uniform-annular,24.0,0,,,,,,,90,0.11532328601974796,0.1378916009670986,0.2620840962224946,1132.6491752180323,90.0,2.2034513741670656,3.7985208791511744,3.7985208791511744,2.240609975335599,4.105659690136553,4.105659690136553,44.35332382276875,38.98533589131975,44.35332382276875,7.233587318355622e+35,7.233587318355622e+35,10,10
sweep-split-active-surface-compact-uniform-annular-az16-gap24-q3-reg3e-06-m5,split-active-surface-modal,h1659-acoustic-compact,measured,5,uniform-annular,24.0,0,,,,,,,0_60,-0.0013336520969557616,0.06256536058312966,0.2640903673721766,1200.0,60.0,1.9775969944502718,3.910994727766424,3.910994727766424,1.9972441312414166,4.313408270129632,4.313408270129632,46.819333336435555,42.603959537328734,46.819333336435555,7.233587318355622e+35,7.233587318355622e+35,10,10
sweep-split-active-surface-compact-uniform-annular-az16-gap24-q3-reg3e-06-m5,split-active-surface-modal,h1659-acoustic-compact,measured,5,uniform-annular,24.0,0,,,,,,,70_90,0.011711728701790443,0.13807668022198727,0.2826608224043241,1200.0,90.0,1.9775969944502718,3.910994727766424,3.910994727766424,1.9972441312414166,4.313408270129632,4.313408270129632,46.819333336435555,42.603959537328734,46.819333336435555,7.233587318355622e+35,7.233587318355622e+35,10,10
sweep-split-active-surface-compact-uniform-annular-az16-gap24-q3-reg3e-06-m5,split-active-surface-modal,h1659-acoustic-compact,measured,5,uniform-annular,24.0,0,,,,,,,80_90,0.029401169290364088,0.14154809286300046,0.2826608224043241,1200.0,90.0,1.9775969944502718,3.910994727766424,3.910994727766424,1.9972441312414166,4.313408270129632,4.313408270129632,46.819333336435555,42.603959537328734,46.819333336435555,7.233587318355622e+35,7.233587318355622e+35,10,10
sweep-split-active-surface-compact-uniform-annular-az16-gap24-q3-reg3e-06-m5,split-active-surface-modal,h1659-acoustic-compact,measured,5,uniform-annular,24.0,0,,,,,,,90,0.11419470147170069,0.1345211165303587,0.2826608224043241,1200.0,90.0,1.9775969944502718,3.910994727766424,3.910994727766424,1.9972441312414166,4.313408270129632,4.313408270129632,46.819333336435555,42.603959537328734,46.819333336435555,7.233587318355622e+35,7.233587318355622e+35,10,10
sweep-split-active-surface-compact-uniform-annular-az24-gap24-q3-reg1e-06-m5,split-active-surface-modal,h1659-acoustic-compact,measured,5,uniform-annular,24.0,0,,,,,,,0_60,0.0028333073123481384,0.07498142977155477,0.2629739150845083,1100.4048518456054,60.0,2.2097741653472793,3.792274670150486,3.792274670150486,2.246994414016649,4.0975435662955,4.0975435662955,44.28882102081431,38.897526478324096,44.28882102081431,6.952368152708298e+35,6.952368152708298e+35,10,10
sweep-split-active-surface-compact-uniform-annular-az24-gap24-q3-reg1e-06-m5,split-active-surface-modal,h1659-acoustic-compact,measured,5,uniform-annular,24.0,0,,,,,,,70_90,0.027097704830004673,0.1529837514747653,0.2749880587456772,1132.6491752180323,70.0,2.2097741653472793,3.792274670150486,3.792274670150486,2.246994414016649,4.0975435662955,4.0975435662955,44.28882102081431,38.897526478324096,44.28882102081431,6.952368152708298e+35,6.952368152708298e+35,10,10
sweep-split-active-surface-compact-uniform-annular-az24-gap24-q3-reg1e-06-m5,split-active-surface-modal,h1659-acoustic-compact,measured,5,uniform-annular,24.0,0,,,,,,,80_90,0.0416788778330945,0.15130289041226858,0.25964954463804446,1132.6491752180323,90.0,2.2097741653472793,3.792274670150486,3.792274670150486,2.246994414016649,4.0975435662955,4.0975435662955,44.28882102081431,38.897526478324096,44.28882102081431,6.952368152708298e+35,6.952368152708298e+35,10,10
sweep-split-active-surface-compact-uniform-annular-az24-gap24-q3-reg1e-06-m5,split-active-surface-modal,h1659-acoustic-compact,measured,5,uniform-annular,24.0,0,,,,,,,90,0.11520813829306233,0.13750942567697985,0.25964954463804446,1132.6491752180323,90.0,2.2097741653472793,3.792274670150486,3.792274670150486,2.246994414016649,4.0975435662955,4.0975435662955,44.28882102081431,38.897526478324096,44.28882102081431,6.952368152708298e+35,6.952368152708298e+35,10,10
sweep-split-active-surface-compact-uniform-annular-az24-gap24-q3-reg3e-06-m5,split-active-surface-modal,h1659-acoustic-compact,measured,5,uniform-annular,24.0,0,,,,,,,0_60,-0.001278947437235362,0.06276697936850424,0.26293520358626665,1200.0,60.0,1.9821254004716715,3.9016055122135307,3.9016055122135307,2.0022544015740174,4.30136638421487,4.30136638421487,46.76726631528387,42.510848525249706,46.76726631528387,6.952368152708298e+35,6.952368152708298e+35,10,10
sweep-split-active-surface-compact-uniform-annular-az24-gap24-q3-reg3e-06-m5,split-active-surface-modal,h1659-acoustic-compact,measured,5,uniform-annular,24.0,0,,,,,,,70_90,0.012004178312289825,0.13838729109221143,0.28224936164026815,1200.0,70.0,1.9821254004716715,3.9016055122135307,3.9016055122135307,2.0022544015740174,4.30136638421487,4.30136638421487,46.76726631528387,42.510848525249706,46.76726631528387,6.952368152708298e+35,6.952368152708298e+35,10,10
sweep-split-active-surface-compact-uniform-annular-az24-gap24-q3-reg3e-06-m5,split-active-surface-modal,h1659-acoustic-compact,measured,5,uniform-annular,24.0,0,,,,,,,80_90,0.029631038501500874,0.14173503406215934,0.28139313786881814,1200.0,90.0,1.9821254004716715,3.9016055122135307,3.9016055122135307,2.0022544015740174,4.30136638421487,4.30136638421487,46.76726631528387,42.510848525249706,46.76726631528387,6.952368152708298e+35,6.952368152708298e+35,10,10
sweep-split-active-surface-compact-uniform-annular-az24-gap24-q3-reg3e-06-m5,split-active-surface-modal,h1659-acoustic-compact,measured,5,uniform-annular,24.0,0,,,,,,,90,0.11421725046699512,0.1345451971018276,0.28139313786881814,1200.0,90.0,1.9821254004716715,3.9016055122135307,3.9016055122135307,2.0022544015740174,4.30136638421487,4.30136638421487,46.76726631528387,42.510848525249706,46.76726631528387,6.952368152708298e+35,6.952368152708298e+35,10,10
sweep-split-active-surface-compact-uniform-annular-az16-gap24-q3-reg1e-06-m6,split-active-surface-modal,h1659-acoustic-compact,measured,6,uniform-annular,24.0,0,,,,,,,0_60,0.003867617863526928,0.07664195041236356,0.263530768229991,1069.0784617684071,60.0,2.245715739235344,3.787069126878832,3.787069126878832,2.2840445606918367,4.081092891214401,4.081092891214401,43.895340944964474,38.4003631440052,43.895340944964474,1.5742977239294373e+51,1.5742977239294373e+51,12,12
sweep-split-active-surface-compact-uniform-annular-az16-gap24-q3-reg1e-06-m6,split-active-surface-modal,h1659-acoustic-compact,measured,6,uniform-annular,24.0,0,,,,,,,70_90,0.030188881784629855,0.15495316587720412,0.2744765665865785,1132.6491752180323,70.0,2.245715739235344,3.787069126878832,3.787069126878832,2.2840445606918367,4.081092891214401,4.081092891214401,43.895340944964474,38.4003631440052,43.895340944964474,1.5742977239294373e+51,1.5742977239294373e+51,12,12
sweep-split-active-surface-compact-uniform-annular-az16-gap24-q3-reg1e-06-m6,split-active-surface-modal,h1659-acoustic-compact,measured,6,uniform-annular,24.0,0,,,,,,,80_90,0.04425570575247875,0.15268012865223912,0.25817771805769496,1100.4048518456054,90.0,2.245715739235344,3.787069126878832,3.787069126878832,2.2840445606918367,4.081092891214401,4.081092891214401,43.895340944964474,38.4003631440052,43.895340944964474,1.5742977239294373e+51,1.5742977239294373e+51,12,12
sweep-split-active-surface-compact-uniform-annular-az16-gap24-q3-reg1e-06-m6,split-active-surface-modal,h1659-acoustic-compact,measured,6,uniform-annular,24.0,0,,,,,,,90,0.11601927819926576,0.13832793307440913,0.25817771805769496,1100.4048518456054,90.0,2.245715739235344,3.787069126878832,3.787069126878832,2.2840445606918367,4.081092891214401,4.081092891214401,43.895340944964474,38.4003631440052,43.895340944964474,1.5742977239294373e+51,1.5742977239294373e+51,12,12
sweep-split-active-surface-compact-uniform-annular-az16-gap24-q3-reg3e-06-m6,split-active-surface-modal,h1659-acoustic-compact,measured,6,uniform-annular,24.0,0,,,,,,,0_60,-0.0008720110710943634,0.06496578741537026,0.26473579163163663,1200.0,60.0,2.0104412348071454,3.884900512323795,3.884900512323795,2.0345555717186743,4.269447905511128,4.269447905511128,46.434910804336134,41.98663685647303,46.434910804336134,1.5742977239294373e+51,1.5742977239294373e+51,12,12
sweep-split-active-surface-compact-uniform-annular-az16-gap24-q3-reg3e-06-m6,split-active-surface-modal,h1659-acoustic-compact,measured,6,uniform-annular,24.0,0,,,,,,,70_90,0.013622368926115411,0.14088992153324584,0.28499539029994736,1200.0,70.0,2.0104412348071454,3.884900512323795,3.884900512323795,2.0345555717186743,4.269447905511128,4.269447905511128,46.434910804336134,41.98663685647303,46.434910804336134,1.5742977239294373e+51,1.5742977239294373e+51,12,12
sweep-split-active-surface-compact-uniform-annular-az16-gap24-q3-reg3e-06-m6,split-active-surface-modal,h1659-acoustic-compact,measured,6,uniform-annular,24.0,0,,,,,,,80_90,0.03085157366470743,0.14339154021263306,0.2808151749739167,1200.0,90.0,2.0104412348071454,3.884900512323795,3.884900512323795,2.0345555717186743,4.269447905511128,4.269447905511128,46.434910804336134,41.98663685647303,46.434910804336134,1.5742977239294373e+51,1.5742977239294373e+51,12,12
sweep-split-active-surface-compact-uniform-annular-az16-gap24-q3-reg3e-06-m6,split-active-surface-modal,h1659-acoustic-compact,measured,6,uniform-annular,24.0,0,,,,,,,90,0.11391475271525817,0.134994170848548,0.2808151749739167,1200.0,90.0,2.0104412348071454,3.884900512323795,3.884900512323795,2.0345555717186743,4.269447905511128,4.269447905511128,46.434910804336134,41.98663685647303,46.434910804336134,1.5742977239294373e+51,1.5742977239294373e+51,12,12
sweep-split-active-surface-compact-uniform-annular-az24-gap24-q3-reg1e-06-m6,split-active-surface-modal,h1659-acoustic-compact,measured,6,uniform-annular,24.0,0,,,,,,,0_60,0.0037819922779700425,0.07644142002886199,0.26200390821642827,1069.0784617684071,60.0,2.252240923290931,3.7809157484177063,3.7809157484177063,2.2905968666942518,4.073173240041889,4.073173240041889,43.828478496079285,38.31218014808601,43.828478496079285,2.8058659924061686e+51,2.8058659924061686e+51,12,12
sweep-split-active-surface-compact-uniform-annular-az24-gap24-q3-reg1e-06-m6,split-active-surface-modal,h1659-acoustic-compact,measured,6,uniform-annular,24.0,0,,,,,,,70_90,0.030309158812660435,0.15466942554487484,0.2719924672094507,1132.6491752180323,70.0,2.252240923290931,3.7809157484177063,3.7809157484177063,2.2905968666942518,4.073173240041889,4.073173240041889,43.828478496079285,38.31218014808601,43.828478496079285,2.8058659924061686e+51,2.8058659924061686e+51,12,12
sweep-split-active-surface-compact-uniform-annular-az24-gap24-q3-reg1e-06-m6,split-active-surface-modal,h1659-acoustic-compact,measured,6,uniform-annular,24.0,0,,,,,,,80_90,0.0443182086453884,0.15233978952608107,0.2561044268836028,1100.4048518456054,90.0,2.252240923290931,3.7809157484177063,3.7809157484177063,2.2905968666942518,4.073173240041889,4.073173240041889,43.828478496079285,38.31218014808601,43.828478496079285,2.8058659924061686e+51,2.8058659924061686e+51,12,12
sweep-split-active-surface-compact-uniform-annular-az24-gap24-q3-reg1e-06-m6,split-active-surface-modal,h1659-acoustic-compact,measured,6,uniform-annular,24.0,0,,,,,,,90,0.11585899648006215,0.13784882548090643,0.2561044268836028,1100.4048518456054,90.0,2.252240923290931,3.7809157484177063,3.7809157484177063,2.2905968666942518,4.073173240041889,4.073173240041889,43.828478496079285,38.31218014808601,43.828478496079285,2.8058659924061686e+51,2.8058659924061686e+51,12,12
sweep-split-active-surface-compact-uniform-annular-az24-gap24-q3-reg3e-06-m6,split-active-surface-modal,h1659-acoustic-compact,measured,6,uniform-annular,24.0,0,,,,,,,0_60,-0.0008285531787902159,0.06512091613849212,0.2637957089766374,1165.838329384327,60.0,2.015334654773448,3.876422052365949,3.876422052365949,2.039840735502044,4.258443537924335,4.258443537924335,46.3803034560587,41.89517834991084,46.3803034560587,2.8058659924061686e+51,2.8058659924061686e+51,12,12
sweep-split-active-surface-compact-uniform-annular-az24-gap24-q3-reg3e-06-m6,split-active-surface-modal,h1659-acoustic-compact,measured,6,uniform-annular,24.0,0,,,,,,,70_90,0.01390316960028182,0.14114515966938393,0.2841799406136545,1200.0,70.0,2.015334654773448,3.876422052365949,3.876422052365949,2.039840735502044,4.258443537924335,4.258443537924335,46.3803034560587,41.89517834991084,46.3803034560587,2.8058659924061686e+51,2.8058659924061686e+51,12,12
sweep-split-active-surface-compact-uniform-annular-az24-gap24-q3-reg3e-06-m6,split-active-surface-modal,h1659-acoustic-compact,measured,6,uniform-annular,24.0,0,,,,,,,80_90,0.031070795147705065,0.14353144979666602,0.27912369166178763,1200.0,90.0,2.015334654773448,3.876422052365949,3.876422052365949,2.039840735502044,4.258443537924335,4.258443537924335,46.3803034560587,41.89517834991084,46.3803034560587,2.8058659924061686e+51,2.8058659924061686e+51,12,12
sweep-split-active-surface-compact-uniform-annular-az24-gap24-q3-reg3e-06-m6,split-active-surface-modal,h1659-acoustic-compact,measured,6,uniform-annular,24.0,0,,,,,,,90,0.11392496852253238,0.1349715486950724,0.27912369166178763,1200.0,90.0,2.015334654773448,3.876422052365949,3.876422052365949,2.039840735502044,4.258443537924335,4.258443537924335,46.3803034560587,41.89517834991084,46.3803034560587,2.8058659924061686e+51,2.8058659924061686e+51,12,12
sweep-split-active-surface-compact-uniform-annular-az16-gap24-q3-reg1e-06-m7,split-active-surface-modal,h1659-acoustic-compact,measured,7,uniform-annular,24.0,0,,,,,,,0_60,0.004730176339266514,0.07778233650054762,0.2628083871503293,1069.0784617684071,60.0,2.2821054112981076,3.7782382658162517,3.7782382658162517,2.3211818754974507,4.061694496899448,4.061694496899448,43.49723881913675,37.90592054345728,43.49723881913675,4.762344081655927e+67,4.762344081655927e+67,14,14
sweep-split-active-surface-compact-uniform-annular-az16-gap24-q3-reg1e-06-m7,split-active-surface-modal,h1659-acoustic-compact,measured,7,uniform-annular,24.0,0,,,,,,,70_90,0.03304166103267222,0.15624520088100402,0.27201044544011665,1100.4048518456054,70.0,2.2821054112981076,3.7782382658162517,3.7782382658162517,2.3211818754974507,4.061694496899448,4.061694496899448,43.49723881913675,37.90592054345728,43.49723881913675,4.762344081655927e+67,4.762344081655927e+67,14,14
sweep-split-active-surface-compact-uniform-annular-az16-gap24-q3-reg1e-06-m7,split-active-surface-modal,h1659-acoustic-compact,measured,7,uniform-annular,24.0,0,,,,,,,80_90,0.046610766975864394,0.15345710309057647,0.25472645221675805,1100.4048518456054,90.0,2.2821054112981076,3.7782382658162517,3.7782382658162517,2.3211818754974507,4.061694496899448,4.061694496899448,43.49723881913675,37.90592054345728,43.49723881913675,4.762344081655927e+67,4.762344081655927e+67,14,14
sweep-split-active-surface-compact-uniform-annular-az16-gap24-q3-reg1e-06-m7,split-active-surface-modal,h1659-acoustic-compact,measured,7,uniform-annular,24.0,0,,,,,,,90,0.116662493241951,0.13859980951276454,0.25472645221675805,1100.4048518456054,90.0,2.2821054112981076,3.7782382658162517,3.7782382658162517,2.3211818754974507,4.061694496899448,4.061694496899448,43.49723881913675,37.90592054345728,43.49723881913675,4.762344081655927e+67,4.762344081655927e+67,14,14
sweep-split-active-surface-compact-uniform-annular-az16-gap24-q3-reg3e-06-m7,split-active-surface-modal,h1659-acoustic-compact,measured,7,uniform-annular,24.0,0,,,,,,,0_60,-0.00040403455347492914,0.06691864832391063,0.26614499667532954,1165.838329384327,60.0,2.039916811032284,3.8656938496013526,3.8656938496013526,2.067268357650364,4.2357852177586715,4.2357852177586715,46.098349197196576,41.47080240502651,46.098349197196576,4.762344081655927e+67,4.762344081655927e+67,14,14
sweep-split-active-surface-compact-uniform-annular-az16-gap24-q3-reg3e-06-m7,split-active-surface-modal,h1659-acoustic-compact,measured,7,uniform-annular,24.0,0,,,,,,,70_90,0.01544262330543915,0.14321604571736643,0.2858734375380294,1200.0,70.0,2.039916811032284,3.8656938496013526,3.8656938496013526,2.067268357650364,4.2357852177586715,4.2357852177586715,46.098349197196576,41.47080240502651,46.098349197196576,4.762344081655927e+67,4.762344081655927e+67,14,14
sweep-split-active-surface-compact-uniform-annular-az16-gap24-q3-reg3e-06-m7,split-active-surface-modal,h1659-acoustic-compact,measured,7,uniform-annular,24.0,0,,,,,,,80_90,0.03226909850722398,0.1449337200494411,0.27839881594182714,1200.0,90.0,2.039916811032284,3.8656938496013526,3.8656938496013526,2.067268357650364,4.2357852177586715,4.2357852177586715,46.098349197196576,41.47080240502651,46.098349197196576,4.762344081655927e+67,4.762344081655927e+67,14,14
sweep-split-active-surface-compact-uniform-annular-az16-gap24-q3-reg3e-06-m7,split-active-surface-modal,h1659-acoustic-compact,measured,7,uniform-annular,24.0,0,,,,,,,90,0.11383903887147423,0.13545669329084647,0.27839881594182714,1200.0,90.0,2.039916811032284,3.8656938496013526,3.8656938496013526,2.067268357650364,4.2357852177586715,4.2357852177586715,46.098349197196576,41.47080240502651,46.098349197196576,4.762344081655927e+67,4.762344081655927e+67,14,14
sweep-split-active-surface-compact-uniform-annular-az24-gap24-q3-reg1e-06-m7,split-active-surface-modal,h1659-acoustic-compact,measured,7,uniform-annular,24.0,0,,,,,,,0_60,0.004613454764137035,0.07753320859366968,0.2607877412905566,1069.0784617684071,60.0,2.288791457363987,3.772107309161,3.772107309161,2.3278737683472626,4.053872952553035,4.053872952553035,43.4279514002778,37.817085489532936,43.4279514002778,7.027359101544055e+66,7.027359101544055e+66,14,14
sweep-split-active-surface-compact-uniform-annular-az24-gap24-q3-reg1e-06-m7,split-active-surface-modal,h1659-acoustic-compact,measured,7,uniform-annular,24.0,0,,,,,,,70_90,0.033121292310134574,0.1558634904216569,0.26994267480065304,1100.4048518456054,70.0,2.288791457363987,3.772107309161,3.772107309161,2.3278737683472626,4.053872952553035,4.053872952553035,43.4279514002778,37.817085489532936,43.4279514002778,7.027359101544055e+66,7.027359101544055e+66,14,14
sweep-split-active-surface-compact-uniform-annular-az24-gap24-q3-reg1e-06-m7,split-active-surface-modal,h1659-acoustic-compact,measured,7,uniform-annular,24.0,0,,,,,,,80_90,0.04663221162365399,0.15302618187080091,0.25284474766385046,1069.0784617684071,90.0,2.288791457363987,3.772107309161,3.772107309161,2.3278737683472626,4.053872952553035,4.053872952553035,43.4279514002778,37.817085489532936,43.4279514002778,7.027359101544055e+66,7.027359101544055e+66,14,14
sweep-split-active-surface-compact-uniform-annular-az24-gap24-q3-reg1e-06-m7,split-active-surface-modal,h1659-acoustic-compact,measured,7,uniform-annular,24.0,0,,,,,,,90,0.11645688337311767,0.1380336002721111,0.25284474766385046,1069.0784617684071,90.0,2.288791457363987,3.772107309161,3.772107309161,2.3278737683472626,4.053872952553035,4.053872952553035,43.4279514002778,37.817085489532936,43.4279514002778,7.027359101544055e+66,7.027359101544055e+66,14,14
sweep-split-active-surface-compact-uniform-annular-az24-gap24-q3-reg3e-06-m7,split-active-surface-modal,h1659-acoustic-compact,measured,7,uniform-annular,24.0,0,,,,,,,0_60,-0.0003716333357712419,0.06703047519948756,0.2648522809148588,1165.838329384327,60.0,2.0451020674756624,3.857847311643602,3.857847311643602,2.072773610498689,4.225526661518697,4.225526661518697,46.0436292313329,41.38052001114596,46.0436292313329,7.027359101544055e+66,7.027359101544055e+66,14,14
sweep-split-active-surface-compact-uniform-annular-az24-gap24-q3-reg3e-06-m7,split-active-surface-modal,h1659-acoustic-compact,measured,7,uniform-annular,24.0,0,,,,,,,70_90,0.015711054885029573,0.14341635134695682,0.2845939626895273,1200.0,70.0,2.0451020674756624,3.857847311643602,3.857847311643602,2.072773610498689,4.225526661518697,4.225526661518697,46.0436292313329,41.38052001114596,46.0436292313329,7.027359101544055e+66,7.027359101544055e+66,14,14
sweep-split-active-surface-compact-uniform-annular-az24-gap24-q3-reg3e-06-m7,split-active-surface-modal,h1659-acoustic-compact,measured,7,uniform-annular,24.0,0,,,,,,,80_90,0.03247681181394523,0.14502648475734217,0.27631682887553666,1200.0,90.0,2.0451020674756624,3.857847311643602,3.857847311643602,2.072773610498689,4.225526661518697,4.225526661518697,46.0436292313329,41.38052001114596,46.0436292313329,7.027359101544055e+66,7.027359101544055e+66,14,14
sweep-split-active-surface-compact-uniform-annular-az24-gap24-q3-reg3e-06-m7,split-active-surface-modal,h1659-acoustic-compact,measured,7,uniform-annular,24.0,0,,,,,,,90,0.11383658232572269,0.1353885981793063,0.27631682887553666,1200.0,90.0,2.0451020674756624,3.857847311643602,3.857847311643602,2.072773610498689,4.225526661518697,4.225526661518697,46.0436292313329,41.38052001114596,46.0436292313329,7.027359101544055e+66,7.027359101544055e+66,14,14
sweep-split-active-surface-compact-uniform-annular-az16-gap28-q3-reg1e-06-m4,split-active-surface-modal,h1659-acoustic-compact,measured,4,uniform-annular,28.0,0,,,,,,,0_60,0.0007919153722627444,0.0696685023974833,0.25062258049995734,1100.4048518456054,60.0,2.2484272208334244,3.7785922003255488,3.7785922003255488,2.284548833844074,4.095336476039001,4.095336476039001,44.55499166523816,39.44830415308879,44.55499166523816,663851851.2316878,663851851.2316878,8,8
sweep-split-active-surface-compact-uniform-annular-az16-gap28-q3-reg1e-06-m4,split-active-surface-modal,h1659-acoustic-compact,measured,4,uniform-annular,28.0,0,,,,,,,70_90,0.02462792107224589,0.1474014053192362,0.27028322826565443,1165.838329384327,70.0,2.2484272208334244,3.7785922003255488,3.7785922003255488,2.284548833844074,4.095336476039001,4.095336476039001,44.55499166523816,39.44830415308879,44.55499166523816,663851851.2316878,663851851.2316878,8,8
sweep-split-active-surface-compact-uniform-annular-az16-gap28-q3-reg1e-06-m4,split-active-surface-modal,h1659-acoustic-compact,measured,4,uniform-annular,28.0,0,,,,,,,80_90,0.03929770740341303,0.14603620389585673,0.2485104529577029,1132.6491752180323,90.0,2.2484272208334244,3.7785922003255488,3.7785922003255488,2.284548833844074,4.095336476039001,4.095336476039001,44.55499166523816,39.44830415308879,44.55499166523816,663851851.2316878,663851851.2316878,8,8
sweep-split-active-surface-compact-uniform-annular-az16-gap28-q3-reg1e-06-m4,split-active-surface-modal,h1659-acoustic-compact,measured,4,uniform-annular,28.0,0,,,,,,,90,0.11354245236562398,0.13266878741874208,0.2485104529577029,1132.6491752180323,90.0,2.2484272208334244,3.7785922003255488,3.7785922003255488,2.284548833844074,4.095336476039001,4.095336476039001,44.55499166523816,39.44830415308879,44.55499166523816,663851851.2316878,663851851.2316878,8,8
sweep-split-active-surface-compact-uniform-annular-az16-gap28-q3-reg3e-06-m4,split-active-surface-modal,h1659-acoustic-compact,measured,4,uniform-annular,28.0,0,,,,,,,0_60,-0.0020045294492436042,0.05736417496967502,0.24693080773054277,1200.0,60.0,2.01010688112861,3.877916982266814,3.877916982266814,2.027933224021492,4.292149554332733,4.292149554332733,47.038385603782395,43.20488264473646,47.038385603782395,663851851.2316878,663851851.2316878,8,8
sweep-split-active-surface-compact-uniform-annular-az16-gap28-q3-reg3e-06-m4,split-active-surface-modal,h1659-acoustic-compact,measured,4,uniform-annular,28.0,0,,,,,,,70_90,0.011584229515381874,0.13264007190998997,0.2711824014979456,1200.0,70.0,2.01010688112861,3.877916982266814,3.877916982266814,2.027933224021492,4.292149554332733,4.292149554332733,47.038385603782395,43.20488264473646,47.038385603782395,663851851.2316878,663851851.2316878,8,8
sweep-split-active-surface-compact-uniform-annular-az16-gap28-q3-reg3e-06-m4,split-active-surface-modal,h1659-acoustic-compact,measured,4,uniform-annular,28.0,0,,,,,,,80_90,0.029173962130602932,0.1366507907269671,0.26501204287338,1200.0,90.0,2.01010688112861,3.877916982266814,3.877916982266814,2.027933224021492,4.292149554332733,4.292149554332733,47.038385603782395,43.20488264473646,47.038385603782395,663851851.2316878,663851851.2316878,8,8
sweep-split-active-surface-compact-uniform-annular-az16-gap28-q3-reg3e-06-m4,split-active-surface-modal,h1659-acoustic-compact,measured,4,uniform-annular,28.0,0,,,,,,,90,0.11415664122802736,0.13079348099072274,0.26501204287338,1200.0,90.0,2.01010688112861,3.877916982266814,3.877916982266814,2.027933224021492,4.292149554332733,4.292149554332733,47.038385603782395,43.20488264473646,47.038385603782395,663851851.2316878,663851851.2316878,8,8
sweep-split-active-surface-compact-uniform-annular-az24-gap28-q3-reg1e-06-m4,split-active-surface-modal,h1659-acoustic-compact,measured,4,uniform-annular,28.0,0,,,,,,,0_60,0.0007479294991308652,0.06961723064041193,0.2489940913132429,1100.4048518456054,60.0,2.2559723549553463,3.7730684424047705,3.7730684424047705,2.292208710896676,4.0876296967426615,4.0876296967426615,44.48605979935373,39.34663790964867,44.48605979935373,633957097.6134928,633957097.6134928,8,8
sweep-split-active-surface-compact-uniform-annular-az24-gap28-q3-reg1e-06-m4,split-active-surface-modal,h1659-acoustic-compact,measured,4,uniform-annular,28.0,0,,,,,,,70_90,0.024837090629710266,0.14733309452371832,0.2678379243897595,1165.838329384327,70.0,2.2559723549553463,3.7730684424047705,3.7730684424047705,2.292208710896676,4.0876296967426615,4.0876296967426615,44.48605979935373,39.34663790964867,44.48605979935373,633957097.6134928,633957097.6134928,8,8
sweep-split-active-surface-compact-uniform-annular-az24-gap28-q3-reg1e-06-m4,split-active-surface-modal,h1659-acoustic-compact,measured,4,uniform-annular,28.0,0,,,,,,,80_90,0.039439489747175746,0.145882095795801,0.24633823993558224,1132.6491752180323,90.0,2.2559723549553463,3.7730684424047705,3.7730684424047705,2.292208710896676,4.0876296967426615,4.0876296967426615,44.48605979935373,39.34663790964867,44.48605979935373,633957097.6134928,633957097.6134928,8,8
sweep-split-active-surface-compact-uniform-annular-az24-gap28-q3-reg1e-06-m4,split-active-surface-modal,h1659-acoustic-compact,measured,4,uniform-annular,28.0,0,,,,,,,90,0.1134345622587923,0.1323457117804548,0.24633823993558224,1132.6491752180323,90.0,2.2559723549553463,3.7730684424047705,3.7730684424047705,2.292208710896676,4.0876296967426615,4.0876296967426615,44.48605979935373,39.34663790964867,44.48605979935373,633957097.6134928,633957097.6134928,8,8
sweep-split-active-surface-compact-uniform-annular-az24-gap28-q3-reg3e-06-m4,split-active-surface-modal,h1659-acoustic-compact,measured,4,uniform-annular,28.0,0,,,,,,,0_60,-0.0019732021135843063,0.05759658176396124,0.24596250235956774,1200.0,60.0,2.0157559394576468,3.8687661842223506,3.8687661842223506,2.034152442707422,4.279925266564664,4.279925266564664,46.97659332597663,43.0955008131107,46.97659332597663,633957097.6134928,633957097.6134928,8,8
sweep-split-active-surface-compact-uniform-annular-az24-gap28-q3-reg3e-06-m4,split-active-surface-modal,h1659-acoustic-compact,measured,4,uniform-annular,28.0,0,,,,,,,70_90,0.01186143094220134,0.13297592366261904,0.27108729563993705,1200.0,70.0,2.0157559394576468,3.8687661842223506,3.8687661842223506,2.034152442707422,4.279925266564664,4.279925266564664,46.97659332597663,43.0955008131107,46.97659332597663,633957097.6134928,633957097.6134928,8,8
sweep-split-active-surface-compact-uniform-annular-az24-gap28-q3-reg3e-06-m4,split-active-surface-modal,h1659-acoustic-compact,measured,4,uniform-annular,28.0,0,,,,,,,80_90,0.02938245140126414,0.13683984192040147,0.26386133139727264,1200.0,90.0,2.0157559394576468,3.8687661842223506,3.8687661842223506,2.034152442707422,4.279925266564664,4.279925266564664,46.97659332597663,43.0955008131107,46.97659332597663,633957097.6134928,633957097.6134928,8,8
sweep-split-active-surface-compact-uniform-annular-az24-gap28-q3-reg3e-06-m4,split-active-surface-modal,h1659-acoustic-compact,measured,4,uniform-annular,28.0,0,,,,,,,90,0.11412847132264498,0.1307778001948563,0.26386133139727264,1200.0,90.0,2.0157559394576468,3.8687661842223506,3.8687661842223506,2.034152442707422,4.279925266564664,4.279925266564664,46.97659332597663,43.0955008131107,46.97659332597663,633957097.6134928,633957097.6134928,8,8
sweep-split-active-surface-compact-uniform-annular-az16-gap28-q3-reg1e-06-m5,split-active-surface-modal,h1659-acoustic-compact,measured,5,uniform-annular,28.0,0,,,,,,,0_60,0.0017748315942316736,0.07162523574937125,0.24947386582029196,1100.4048518456054,60.0,2.303061844848771,3.7687429396853274,3.7687429396853274,2.3408188815960314,4.06919409845166,4.06919409845166,44.001148144559174,38.70863872472381,44.001148144559174,5.3652238277991415e+35,5.3652238277991415e+35,10,10
sweep-split-active-surface-compact-uniform-annular-az16-gap28-q3-reg1e-06-m5,split-active-surface-modal,h1659-acoustic-compact,measured,5,uniform-annular,28.0,0,,,,,,,70_90,0.028290548288990098,0.14973928378799825,0.26671813334515093,1132.6491752180323,70.0,2.303061844848771,3.7687429396853274,3.7687429396853274,2.3408188815960314,4.06919409845166,4.06919409845166,44.001148144559174,38.70863872472381,44.001148144559174,5.3652238277991415e+35,5.3652238277991415e+35,10,10
sweep-split-active-surface-compact-uniform-annular-az16-gap28-q3-reg1e-06-m5,split-active-surface-modal,h1659-acoustic-compact,measured,5,uniform-annular,28.0,0,,,,,,,80_90,0.042284700438179,0.14752367674355263,0.244444926842327,1100.4048518456054,90.0,2.303061844848771,3.7687429396853274,3.7687429396853274,2.3408188815960314,4.06919409845166,4.06919409845166,44.001148144559174,38.70863872472381,44.001148144559174,5.3652238277991415e+35,5.3652238277991415e+35,10,10
sweep-split-active-surface-compact-uniform-annular-az16-gap28-q3-reg1e-06-m5,split-active-surface-modal,h1659-acoustic-compact,measured,5,uniform-annular,28.0,0,,,,,,,90,0.11417170319723703,0.13318400599745467,0.244444926842327,1100.4048518456054,90.0,2.303061844848771,3.7687429396853274,3.7687429396853274,2.3408188815960314,4.06919409845166,4.06919409845166,44.001148144559174,38.70863872472381,44.001148144559174,5.3652238277991415e+35,5.3652238277991415e+35,10,10
sweep-split-active-surface-compact-uniform-annular-az16-gap28-q3-reg3e-06-m5,split-active-surface-modal,h1659-acoustic-compact,measured,5,uniform-annular,28.0,0,,,,,,,0_60,-0.0017320971996644993,0.06012181990345839,0.24844549744868516,1200.0,60.0,2.052998949096877,3.8483906703645334,3.8483906703645334,2.0761920064193076,4.240335579240363,4.240335579240363,46.55709516810787,42.4211060164572,46.55709516810787,5.3652238277991415e+35,5.3652238277991415e+35,10,10
sweep-split-active-surface-compact-uniform-annular-az16-gap28-q3-reg3e-06-m5,split-active-surface-modal,h1659-acoustic-compact,measured,5,uniform-annular,28.0,0,,,,,,,70_90,0.013488151161136561,0.13585904108067554,0.27487556092837195,1200.0,70.0,2.052998949096877,3.8483906703645334,3.8483906703645334,2.0761920064193076,4.240335579240363,4.240335579240363,46.55709516810787,42.4211060164572,46.55709516810787,5.3652238277991415e+35,5.3652238277991415e+35,10,10
sweep-split-active-surface-compact-uniform-annular-az16-gap28-q3-reg3e-06-m5,split-active-surface-modal,h1659-acoustic-compact,measured,5,uniform-annular,28.0,0,,,,,,,80_90,0.030536463196458932,0.13863218572314526,0.2632635702091193,1200.0,90.0,2.052998949096877,3.8483906703645334,3.8483906703645334,2.0761920064193076,4.240335579240363,4.240335579240363,46.55709516810787,42.4211060164572,46.55709516810787,5.3652238277991415e+35,5.3652238277991415e+35,10,10
sweep-split-active-surface-compact-uniform-annular-az16-gap28-q3-reg3e-06-m5,split-active-surface-modal,h1659-acoustic-compact,measured,5,uniform-annular,28.0,0,,,,,,,90,0.11344622266261623,0.13091509978602797,0.2632635702091193,1200.0,90.0,2.052998949096877,3.8483906703645334,3.8483906703645334,2.0761920064193076,4.240335579240363,4.240335579240363,46.55709516810787,42.4211060164572,46.55709516810787,5.3652238277991415e+35,5.3652238277991415e+35,10,10
sweep-split-active-surface-compact-uniform-annular-az24-gap28-q3-reg1e-06-m5,split-active-surface-modal,h1659-acoustic-compact,measured,5,uniform-annular,28.0,0,,,,,,,0_60,0.0016999660894458633,0.07150595507598966,0.2480615035120266,1069.0784617684071,60.0,2.3108332170828283,3.7633950332104003,3.7633950332104003,2.3486521564794605,4.061812485231123,4.061812485231123,43.926837600871835,38.60717836270648,43.926837600871835,9.980863242720542e+35,9.980863242720542e+35,10,10
sweep-split-active-surface-compact-uniform-annular-az24-gap28-q3-reg1e-06-m5,split-active-surface-modal,h1659-acoustic-compact,measured,5,uniform-annular,28.0,0,,,,,,,70_90,0.02846247037322155,0.1495468464483508,0.26445637185980786,1132.6491752180323,70.0,2.3108332170828283,3.7633950332104003,3.7633950332104003,2.3486521564794605,4.061812485231123,4.061812485231123,43.926837600871835,38.60717836270648,43.926837600871835,9.980863242720542e+35,9.980863242720542e+35,10,10
sweep-split-active-surface-compact-uniform-annular-az24-gap28-q3-reg1e-06-m5,split-active-surface-modal,h1659-acoustic-compact,measured,5,uniform-annular,28.0,0,,,,,,,80_90,0.042388711259437085,0.14725862999898368,0.24250252816994333,1100.4048518456054,90.0,2.3108332170828283,3.7633950332104003,3.7633950332104003,2.3486521564794605,4.061812485231123,4.061812485231123,43.926837600871835,38.60717836270648,43.926837600871835,9.980863242720542e+35,9.980863242720542e+35,10,10
sweep-split-active-surface-compact-uniform-annular-az24-gap28-q3-reg1e-06-m5,split-active-surface-modal,h1659-acoustic-compact,measured,5,uniform-annular,28.0,0,,,,,,,90,0.11402115130317217,0.13275996191045014,0.24250252816994333,1100.4048518456054,90.0,2.3108332170828283,3.7633950332104003,3.7633950332104003,2.3486521564794605,4.061812485231123,4.061812485231123,43.926837600871835,38.60717836270648,43.926837600871835,9.980863242720542e+35,9.980863242720542e+35,10,10
sweep-split-active-surface-compact-uniform-annular-az24-gap28-q3-reg3e-06-m5,split-active-surface-modal,h1659-acoustic-compact,measured,5,uniform-annular,28.0,0,,,,,,,0_60,-0.001709574296003382,0.060309240756866105,0.2475719998905177,1165.838329384327,60.0,2.059122149830081,3.8404217700536534,3.8404217700536534,2.0827750551587014,4.229470284260667,4.229470284260667,46.49621200223369,42.31399193800089,46.49621200223369,9.980863242720542e+35,9.980863242720542e+35,10,10
sweep-split-active-surface-compact-uniform-annular-az24-gap28-q3-reg3e-06-m5,split-active-surface-modal,h1659-acoustic-compact,measured,5,uniform-annular,28.0,0,,,,,,,70_90,0.013762237731873357,0.13614249664997605,0.27418525526555015,1200.0,70.0,2.059122149830081,3.8404217700536534,3.8404217700536534,2.0827750551587014,4.229470284260667,4.229470284260667,46.49621200223369,42.31399193800089,46.49621200223369,9.980863242720542e+35,9.980863242720542e+35,10,10
sweep-split-active-surface-compact-uniform-annular-az24-gap28-q3-reg3e-06-m5,split-active-surface-modal,h1659-acoustic-compact,measured,5,uniform-annular,28.0,0,,,,,,,80_90,0.030742313759001015,0.13877902953625237,0.26165988614136637,1200.0,90.0,2.059122149830081,3.8404217700536534,3.8404217700536534,2.0827750551587014,4.229470284260667,4.229470284260667,46.49621200223369,42.31399193800089,46.49621200223369,9.980863242720542e+35,9.980863242720542e+35,10,10
sweep-split-active-surface-compact-uniform-annular-az24-gap28-q3-reg3e-06-m5,split-active-surface-modal,h1659-acoustic-compact,measured,5,uniform-annular,28.0,0,,,,,,,90,0.11341287632873323,0.13086006840086187,0.26165988614136637,1200.0,90.0,2.059122149830081,3.8404217700536534,3.8404217700536534,2.0827750551587014,4.229470284260667,4.229470284260667,46.49621200223369,42.31399193800089,46.49621200223369,9.980863242720542e+35,9.980863242720542e+35,10,10
sweep-split-active-surface-compact-uniform-annular-az16-gap28-q3-reg1e-06-m6,split-active-surface-modal,h1659-acoustic-compact,measured,6,uniform-annular,28.0,0,,,,,,,0_60,0.0026520994772899673,0.07305165720037711,0.2492249360728067,1069.0784617684071,60.0,2.348590598081409,3.7621600202618333,3.7621600202618333,2.387337302276632,4.050057335240051,4.050057335240051,43.52981259253905,38.105839097598384,43.52981259253905,8.36627531929102e+50,8.36627531929102e+50,12,12
sweep-split-active-surface-compact-uniform-annular-az16-gap28-q3-reg1e-06-m6,split-active-surface-modal,h1659-acoustic-compact,measured,6,uniform-annular,28.0,0,,,,,,,70_90,0.03146977549519454,0.1513806875743259,0.2637437183028837,1132.6491752180323,70.0,2.348590598081409,3.7621600202618333,3.7621600202618333,2.387337302276632,4.050057335240051,4.050057335240051,43.52981259253905,38.105839097598384,43.52981259253905,8.36627531929102e+50,8.36627531929102e+50,12,12
sweep-split-active-surface-compact-uniform-annular-az16-gap28-q3-reg1e-06-m6,split-active-surface-modal,h1659-acoustic-compact,measured,6,uniform-annular,28.0,0,,,,,,,80_90,0.0448913030391662,0.14853309415341198,0.24113635088504282,1100.4048518456054,90.0,2.348590598081409,3.7621600202618333,3.7621600202618333,2.387337302276632,4.050057335240051,4.050057335240051,43.52981259253905,38.105839097598384,43.52981259253905,8.36627531929102e+50,8.36627531929102e+50,12,12
sweep-split-active-surface-compact-uniform-annular-az16-gap28-q3-reg1e-06-m6,split-active-surface-modal,h1659-acoustic-compact,measured,6,uniform-annular,28.0,0,,,,,,,90,0.11480492524468722,0.1335436561699025,0.24113635088504282,1100.4048518456054,90.0,2.348590598081409,3.7621600202618333,3.7621600202618333,2.387337302276632,4.050057335240051,4.050057335240051,43.52981259253905,38.105839097598384,43.52981259253905,8.36627531929102e+50,8.36627531929102e+50,12,12
sweep-split-active-surface-compact-uniform-annular-az16-gap28-q3-reg3e-06-m6,split-active-surface-modal,h1659-acoustic-compact,measured,6,uniform-annular,28.0,0,,,,,,,0_60,-0.0013983626642444158,0.062304220008127575,0.25035873637612127,1165.838329384327,60.0,2.0904412482089105,3.828457665449567,3.828457665449567,2.1173491435927287,4.203154551883958,4.203154551883958,46.15369229238222,41.78943526631459,46.15369229238222,8.36627531929102e+50,8.36627531929102e+50,12,12
sweep-split-active-surface-compact-uniform-annular-az16-gap28-q3-reg3e-06-m6,split-active-surface-modal,h1659-acoustic-compact,measured,6,uniform-annular,28.0,0,,,,,,,70_90,0.015335055024902459,0.13845854152579132,0.2763560543333199,1200.0,70.0,2.0904412482089105,3.828457665449567,3.828457665449567,2.1173491435927287,4.203154551883958,4.203154551883958,46.15369229238222,41.78943526631459,46.15369229238222,8.36627531929102e+50,8.36627531929102e+50,12,12
sweep-split-active-surface-compact-uniform-annular-az16-gap28-q3-reg3e-06-m6,split-active-surface-modal,h1659-acoustic-compact,measured,6,uniform-annular,28.0,0,,,,,,,80_90,0.031922699047361676,0.14027025643087926,0.2608272317500706,1200.0,90.0,2.0904412482089105,3.828457665449567,3.828457665449567,2.1173491435927287,4.203154551883958,4.203154551883958,46.15369229238222,41.78943526631459,46.15369229238222,8.36627531929102e+50,8.36627531929102e+50,12,12
sweep-split-active-surface-compact-uniform-annular-az16-gap28-q3-reg3e-06-m6,split-active-surface-modal,h1659-acoustic-compact,measured,6,uniform-annular,28.0,0,,,,,,,90,0.11310015943322457,0.1311487524613398,0.2608272317500706,1200.0,90.0,2.0904412482089105,3.828457665449567,3.828457665449567,2.1173491435927287,4.203154551883958,4.203154551883958,46.15369229238222,41.78943526631459,46.15369229238222,8.36627531929102e+50,8.36627531929102e+50,12,12
sweep-split-active-surface-compact-uniform-annular-az24-gap28-q3-reg1e-06-m6,split-active-surface-modal,h1659-acoustic-compact,measured,6,uniform-annular,28.0,0,,,,,,,0_60,0.002545896990052215,0.07287961715624516,0.2472504547115122,1069.0784617684071,60.0,2.356517166965128,3.7568610892048278,3.7568610892048278,2.3952938718069894,4.042829786374273,4.042829786374273,43.45310530600059,38.00408098817867,43.45310530600059,1.422872647703936e+51,1.422872647703936e+51,12,12
sweep-split-active-surface-compact-uniform-annular-az24-gap28-q3-reg1e-06-m6,split-active-surface-modal,h1659-acoustic-compact,measured,6,uniform-annular,28.0,0,,,,,,,70_90,0.031602477802936776,0.1510787133355786,0.2616748681336034,1100.4048518456054,70.0,2.356517166965128,3.7568610892048278,3.7568610892048278,2.3952938718069894,4.042829786374273,4.042829786374273,43.45310530600059,38.00408098817867,43.45310530600059,1.422872647703936e+51,1.422872647703936e+51,12,12
sweep-split-active-surface-compact-uniform-annular-az24-gap28-q3-reg1e-06-m6,split-active-surface-modal,h1659-acoustic-compact,measured,6,uniform-annular,28.0,0,,,,,,,80_90,0.04495527118694414,0.1481688277136434,0.23937303312039404,1069.0784617684071,90.0,2.356517166965128,3.7568610892048278,3.7568610892048278,2.3952938718069894,4.042829786374273,4.042829786374273,43.45310530600059,38.00408098817867,43.45310530600059,1.422872647703936e+51,1.422872647703936e+51,12,12
sweep-split-active-surface-compact-uniform-annular-az24-gap28-q3-reg1e-06-m6,split-active-surface-modal,h1659-acoustic-compact,measured,6,uniform-annular,28.0,0,,,,,,,90,0.11460927928834044,0.13302825752215686,0.23937303312039404,1069.0784617684071,90.0,2.356517166965128,3.7568610892048278,3.7568610892048278,2.3952938718069894,4.042829786374273,4.042829786374273,43.45310530600059,38.00408098817867,43.45310530600059,1.422872647703936e+51,1.422872647703936e+51,12,12
sweep-split-active-surface-compact-uniform-annular-az24-gap28-q3-reg3e-06-m6,split-active-surface-modal,h1659-acoustic-compact,measured,6,uniform-annular,28.0,0,,,,,,,0_60,-0.0013847142475036896,0.06244933090913589,0.24904492278712098,1165.838329384327,60.0,2.0969265551489142,3.821268165998601,3.821268165998601,2.124207882520984,4.193221803676589,4.193221803676589,46.08980903603002,41.6839430664527,46.08980903603002,1.422872647703936e+51,1.422872647703936e+51,12,12
sweep-split-active-surface-compact-uniform-annular-az24-gap28-q3-reg3e-06-m6,split-active-surface-modal,h1659-acoustic-compact,measured,6,uniform-annular,28.0,0,,,,,,,70_90,0.015603430760661143,0.13868784081939137,0.2751579927043366,1200.0,70.0,2.0969265551489142,3.821268165998601,3.821268165998601,2.124207882520984,4.193221803676589,4.193221803676589,46.08980903603002,41.6839430664527,46.08980903603002,1.422872647703936e+51,1.422872647703936e+51,12,12
sweep-split-active-surface-compact-uniform-annular-az24-gap28-q3-reg3e-06-m6,split-active-surface-modal,h1659-acoustic-compact,measured,6,uniform-annular,28.0,0,,,,,,,80_90,0.032123220081845774,0.1403725438993118,0.25880845397000485,1200.0,90.0,2.0969265551489142,3.821268165998601,3.821268165998601,2.124207882520984,4.193221803676589,4.193221803676589,46.08980903603002,41.6839430664527,46.08980903603002,1.422872647703936e+51,1.422872647703936e+51,12,12
sweep-split-active-surface-compact-uniform-annular-az24-gap28-q3-reg3e-06-m6,split-active-surface-modal,h1659-acoustic-compact,measured,6,uniform-annular,28.0,0,,,,,,,90,0.11305975734707403,0.13105379114789908,0.25880845397000485,1200.0,90.0,2.0969265551489142,3.821268165998601,3.821268165998601,2.124207882520984,4.193221803676589,4.193221803676589,46.08980903603002,41.6839430664527,46.08980903603002,1.422872647703936e+51,1.422872647703936e+51,12,12
sweep-split-active-surface-compact-uniform-annular-az16-gap28-q3-reg1e-06-m7,split-active-surface-modal,h1659-acoustic-compact,measured,7,uniform-annular,28.0,0,,,,,,,0_60,0.0034313635135353295,0.07413625155601225,0.24856712627131827,1038.6438732073716,60.0,2.387602831408994,3.7574107225444617,3.7574107225444617,2.4269895958590695,4.035189555274179,4.035189555274179,43.11827312082466,37.59552126608831,43.11827312082466,3.340576331282962e+67,3.340576331282962e+67,14,14
sweep-split-active-surface-compact-uniform-annular-az16-gap28-q3-reg1e-06-m7,split-active-surface-modal,h1659-acoustic-compact,measured,7,uniform-annular,28.0,0,,,,,,,70_90,0.03426119140747321,0.1525587337332985,0.2618150739501601,1100.4048518456054,70.0,2.387602831408994,3.7574107225444617,3.7574107225444617,2.4269895958590695,4.035189555274179,4.035189555274179,43.11827312082466,37.59552126608831,43.11827312082466,3.340576331282962e+67,3.340576331282962e+67,14,14
sweep-split-active-surface-compact-uniform-annular-az16-gap28-q3-reg1e-06-m7,split-active-surface-modal,h1659-acoustic-compact,measured,7,uniform-annular,28.0,0,,,,,,,80_90,0.04718461934521707,0.14922027442480762,0.23895104002654932,1069.0784617684071,90.0,2.387602831408994,3.7574107225444617,3.7574107225444617,2.4269895958590695,4.035189555274179,4.035189555274179,43.11827312082466,37.59552126608831,43.11827312082466,3.340576331282962e+67,3.340576331282962e+67,14,14
sweep-split-active-surface-compact-uniform-annular-az16-gap28-q3-reg1e-06-m7,split-active-surface-modal,h1659-acoustic-compact,measured,7,uniform-annular,28.0,0,,,,,,,90,0.11539720318428996,0.13378192630807167,0.23895104002654932,1069.0784617684071,90.0,2.387602831408994,3.7574107225444617,3.7574107225444617,2.4269895958590695,4.035189555274179,4.035189555274179,43.11827312082466,37.59552126608831,43.11827312082466,3.340576331282962e+67,3.340576331282962e+67,14,14
sweep-split-active-surface-compact-uniform-annular-az16-gap28-q3-reg3e-06-m7,split-active-surface-modal,h1659-acoustic-compact,measured,7,uniform-annular,28.0,0,,,,,,,0_60,-0.0010361367608312862,0.06408388327366048,0.2508162082228793,1165.838329384327,60.0,2.1236180420505835,3.814157398003298,3.814157398003298,2.153213976573226,4.174941336965149,4.174941336965149,45.80846699610079,41.26109404159001,45.80846699610079,3.340576331282962e+67,3.340576331282962e+67,14,14
sweep-split-active-surface-compact-uniform-annular-az16-gap28-q3-reg3e-06-m7,split-active-surface-modal,h1659-acoustic-compact,measured,7,uniform-annular,28.0,0,,,,,,,70_90,0.0170982538054196,0.1406048648595921,0.2765145836616085,1200.0,70.0,2.1236180420505835,3.814157398003298,3.814157398003298,2.153213976573226,4.174941336965149,4.174941336965149,45.80846699610079,41.26109404159001,45.80846699610079,3.340576331282962e+67,3.340576331282962e+67,14,14
sweep-split-active-surface-compact-uniform-annular-az16-gap28-q3-reg3e-06-m7,split-active-surface-modal,h1659-acoustic-compact,measured,7,uniform-annular,28.0,0,,,,,,,80_90,0.03328270065814563,0.14164234157591002,0.25798966617317376,1200.0,90.0,2.1236180420505835,3.814157398003298,3.814157398003298,2.153213976573226,4.174941336965149,4.174941336965149,45.80846699610079,41.26109404159001,45.80846699610079,3.340576331282962e+67,3.340576331282962e+67,14,14
sweep-split-active-surface-compact-uniform-annular-az16-gap28-q3-reg3e-06-m7,split-active-surface-modal,h1659-acoustic-compact,measured,7,uniform-annular,28.0,0,,,,,,,90,0.1129671979807466,0.13142188773375385,0.25798966617317376,1200.0,90.0,2.1236180420505835,3.814157398003298,3.814157398003298,2.153213976573226,4.174941336965149,4.174941336965149,45.80846699610079,41.26109404159001,45.80846699610079,3.340576331282962e+67,3.340576331282962e+67,14,14
sweep-split-active-surface-compact-uniform-annular-az24-gap28-q3-reg1e-06-m7,split-active-surface-modal,h1659-acoustic-compact,measured,7,uniform-annular,28.0,0,,,,,,,0_60,0.0032938645442986947,0.07392405582201207,0.24701837272279192,1038.6438732073716,60.0,2.395649157933231,3.7521038228654184,3.7521038228654184,2.435046420434478,4.028029967477914,4.028029967477914,43.03589484521697,37.493150719229014,43.03589484521697,5.2348909926146474e+67,5.2348909926146474e+67,14,14
sweep-split-active-surface-compact-uniform-annular-az24-gap28-q3-reg1e-06-m7,split-active-surface-modal,h1659-acoustic-compact,measured,7,uniform-annular,28.0,0,,,,,,,70_90,0.03435390048407328,0.15215977319694116,0.2594064525807269,1100.4048518456054,70.0,2.395649157933231,3.7521038228654184,3.7521038228654184,2.435046420434478,4.028029967477914,4.028029967477914,43.03589484521697,37.493150719229014,43.03589484521697,5.2348909926146474e+67,5.2348909926146474e+67,14,14
sweep-split-active-surface-compact-uniform-annular-az24-gap28-q3-reg1e-06-m7,split-active-surface-modal,h1659-acoustic-compact,measured,7,uniform-annular,28.0,0,,,,,,,80_90,0.04720755267751845,0.14876736178175895,0.23696451593559686,1069.0784617684071,90.0,2.395649157933231,3.7521038228654184,3.7521038228654184,2.435046420434478,4.028029967477914,4.028029967477914,43.03589484521697,37.493150719229014,43.03589484521697,5.2348909926146474e+67,5.2348909926146474e+67,14,14
sweep-split-active-surface-compact-uniform-annular-az24-gap28-q3-reg1e-06-m7,split-active-surface-modal,h1659-acoustic-compact,measured,7,uniform-annular,28.0,0,,,,,,,90,0.11515546545136746,0.13318440858409666,0.23696451593559686,1069.0784617684071,90.0,2.395649157933231,3.7521038228654184,3.7521038228654184,2.435046420434478,4.028029967477914,4.028029967477914,43.03589484521697,37.493150719229014,43.03589484521697,5.2348909926146474e+67,5.2348909926146474e+67,14,14
sweep-split-active-surface-compact-uniform-annular-az24-gap28-q3-reg3e-06-m7,split-active-surface-modal,h1659-acoustic-compact,measured,7,uniform-annular,28.0,0,,,,,,,0_60,-0.00103155544162689,0.06418960796780601,0.2489606700536271,1165.838329384327,60.0,2.1303860675972177,3.807507094579032,3.807507094579032,2.1602869836412415,4.16567888049195,4.16567888049195,45.74474187336421,41.156798566570416,45.74474187336421,5.2348909926146474e+67,5.2348909926146474e+67,14,14
sweep-split-active-surface-compact-uniform-annular-az24-gap28-q3-reg3e-06-m7,split-active-surface-modal,h1659-acoustic-compact,measured,7,uniform-annular,28.0,0,,,,,,,70_90,0.017359185692540014,0.140780397318879,0.27487073206279433,1200.0,70.0,2.1303860675972177,3.807507094579032,3.807507094579032,2.1602869836412415,4.16567888049195,4.16567888049195,45.74474187336421,41.156798566570416,45.74474187336421,5.2348909926146474e+67,5.2348909926146474e+67,14,14
sweep-split-active-surface-compact-uniform-annular-az24-gap28-q3-reg3e-06-m7,split-active-surface-modal,h1659-acoustic-compact,measured,7,uniform-annular,28.0,0,,,,,,,80_90,0.033476055720343234,0.14169961516309076,0.2558367161177273,1165.838329384327,90.0,2.1303860675972177,3.807507094579032,3.807507094579032,2.1602869836412415,4.16567888049195,4.16567888049195,45.74474187336421,41.156798566570416,45.74474187336421,5.2348909926146474e+67,5.2348909926146474e+67,14,14
sweep-split-active-surface-compact-uniform-annular-az24-gap28-q3-reg3e-06-m7,split-active-surface-modal,h1659-acoustic-compact,measured,7,uniform-annular,28.0,0,,,,,,,90,0.11291818241842831,0.1312871048155012,0.2558367161177273,1165.838329384327,90.0,2.1303860675972177,3.807507094579032,3.807507094579032,2.1602869836412415,4.16567888049195,4.16567888049195,45.74474187336421,41.156798566570416,45.74474187336421,5.2348909926146474e+67,5.2348909926146474e+67,14,14
sweep-split-active-surface-compact-uniform-annular-az16-gap32-q3-reg1e-06-m4,split-active-surface-modal,h1659-acoustic-compact,measured,4,uniform-annular,32.0,0,,,,,,,0_60,-0.000405333183246261,0.06627010687595826,0.2345498378515245,1100.4048518456054,60.0,2.3505220230568735,3.7552385969578097,3.7552385969578097,2.3864786218060474,4.065857843521021,4.065857843521021,44.21075019877439,39.23254464878427,44.21075019877439,823512850.3996228,823512850.3996228,8,8
sweep-split-active-surface-compact-uniform-annular-az16-gap32-q3-reg1e-06-m4,split-active-surface-modal,h1659-acoustic-compact,measured,4,uniform-annular,32.0,0,,,,,,,70_90,0.025672352815555147,0.14385715141016045,0.2593444216457428,1165.838329384327,70.0,2.3505220230568735,3.7552385969578097,3.7552385969578097,2.3864786218060474,4.065857843521021,4.065857843521021,44.21075019877439,39.23254464878427,44.21075019877439,823512850.3996228,823512850.3996228,8,8
sweep-split-active-surface-compact-uniform-annular-az16-gap32-q3-reg1e-06-m4,split-active-surface-modal,h1659-acoustic-compact,measured,4,uniform-annular,32.0,0,,,,,,,80_90,0.03973856803513825,0.14195503257511258,0.23040149739851046,1100.4048518456054,90.0,2.3505220230568735,3.7552385969578097,3.7552385969578097,2.3864786218060474,4.065857843521021,4.065857843521021,44.21075019877439,39.23254464878427,44.21075019877439,823512850.3996228,823512850.3996228,8,8
sweep-split-active-surface-compact-uniform-annular-az16-gap32-q3-reg1e-06-m4,split-active-surface-modal,h1659-acoustic-compact,measured,4,uniform-annular,32.0,0,,,,,,,90,0.11224418019063323,0.1280197588751079,0.23040149739851046,1100.4048518456054,90.0,2.3505220230568735,3.7552385969578097,3.7552385969578097,2.3864786218060474,4.065857843521021,4.065857843521021,44.21075019877439,39.23254464878427,44.21075019877439,823512850.3996228,823512850.3996228,8,8
sweep-split-active-surface-compact-uniform-annular-az16-gap32-q3-reg3e-06-m4,split-active-surface-modal,h1659-acoustic-compact,measured,4,uniform-annular,32.0,0,,,,,,,0_60,-0.002512537284672257,0.05489056046541635,0.2299704840615675,1200.0,60.0,2.08633061778392,3.8211502551783973,3.8211502551783973,2.107229003431559,4.225491431255059,4.225491431255059,46.76744385569315,43.089022216575366,46.76744385569315,823512850.3996228,823512850.3996228,8,8
sweep-split-active-surface-compact-uniform-annular-az16-gap32-q3-reg3e-06-m4,split-active-surface-modal,h1659-acoustic-compact,measured,4,uniform-annular,32.0,0,,,,,,,70_90,0.013044826143594444,0.13013823710991804,0.26292499161390737,1200.0,70.0,2.08633061778392,3.8211502551783973,3.8211502551783973,2.107229003431559,4.225491431255059,4.225491431255059,46.76744385569315,43.089022216575366,46.76744385569315,823512850.3996228,823512850.3996228,8,8
sweep-split-active-surface-compact-uniform-annular-az16-gap32-q3-reg3e-06-m4,split-active-surface-modal,h1659-acoustic-compact,measured,4,uniform-annular,32.0,0,,,,,,,80_90,0.030020423258747323,0.1335182717354628,0.24543703279930185,1200.0,90.0,2.08633061778392,3.8211502551783973,3.8211502551783973,2.107229003431559,4.225491431255059,4.225491431255059,46.76744385569315,43.089022216575366,46.76744385569315,823512850.3996228,823512850.3996228,8,8
sweep-split-active-surface-compact-uniform-annular-az16-gap32-q3-reg3e-06-m4,split-active-surface-modal,h1659-acoustic-compact,measured,4,uniform-annular,32.0,0,,,,,,,90,0.11317123946616627,0.12710662475961831,0.24543703279930185,1200.0,90.0,2.08633061778392,3.8211502551783973,3.8211502551783973,2.107229003431559,4.225491431255059,4.225491431255059,46.76744385569315,43.089022216575366,46.76744385569315,823512850.3996228,823512850.3996228,8,8
sweep-split-active-surface-compact-uniform-annular-az24-gap32-q3-reg1e-06-m4,split-active-surface-modal,h1659-acoustic-compact,measured,4,uniform-annular,32.0,0,,,,,,,0_60,-0.0004863452373030442,0.0662186434648386,0.23250606128116402,1100.4048518456054,60.0,2.359458364371335,3.750939994016561,3.750939994016561,2.3955091528102135,4.0594219700463166,4.0594219700463166,44.13415841171824,39.12317406899709,44.13415841171824,804593232.2290118,804593232.2290118,8,8
sweep-split-active-surface-compact-uniform-annular-az24-gap32-q3-reg1e-06-m4,split-active-surface-modal,h1659-acoustic-compact,measured,4,uniform-annular,32.0,0,,,,,,,70_90,0.025842848249326127,0.14374619068670091,0.25667188446615086,1165.838329384327,70.0,2.359458364371335,3.750939994016561,3.750939994016561,2.3955091528102135,4.0594219700463166,4.0594219700463166,44.13415841171824,39.12317406899709,44.13415841171824,804593232.2290118,804593232.2290118,8,8
sweep-split-active-surface-compact-uniform-annular-az24-gap32-q3-reg1e-06-m4,split-active-surface-modal,h1659-acoustic-compact,measured,4,uniform-annular,32.0,0,,,,,,,80_90,0.03984092716191095,0.14176010242974413,0.2287165972203411,1100.4048518456054,90.0,2.359458364371335,3.750939994016561,3.750939994016561,2.3955091528102135,4.0594219700463166,4.0594219700463166,44.13415841171824,39.12317406899709,44.13415841171824,804593232.2290118,804593232.2290118,8,8
sweep-split-active-surface-compact-uniform-annular-az24-gap32-q3-reg1e-06-m4,split-active-surface-modal,h1659-acoustic-compact,measured,4,uniform-annular,32.0,0,,,,,,,90,0.11209211282639898,0.12764749265185937,0.2287165972203411,1100.4048518456054,90.0,2.359458364371335,3.750939994016561,3.750939994016561,2.3955091528102135,4.0594219700463166,4.0594219700463166,44.13415841171824,39.12317406899709,44.13415841171824,804593232.2290118,804593232.2290118,8,8
sweep-split-active-surface-compact-uniform-annular-az24-gap32-q3-reg3e-06-m4,split-active-surface-modal,h1659-acoustic-compact,measured,4,uniform-annular,32.0,0,,,,,,,0_60,-0.002525103170897775,0.05508361764072556,0.22892313331151826,1165.838329384327,60.0,2.0934883988155013,3.8137373532655254,3.8137373532655254,2.114871195781144,4.215002128998078,4.215002128998078,46.70154668976928,42.97213062614258,46.70154668976928,804593232.2290118,804593232.2290118,8,8
sweep-split-active-surface-compact-uniform-annular-az24-gap32-q3-reg3e-06-m4,split-active-surface-modal,h1659-acoustic-compact,measured,4,uniform-annular,32.0,0,,,,,,,70_90,0.013267492460108256,0.13041579550699606,0.2624541191938832,1200.0,70.0,2.0934883988155013,3.8137373532655254,3.8137373532655254,2.114871195781144,4.215002128998078,4.215002128998078,46.70154668976928,42.97213062614258,46.70154668976928,804593232.2290118,804593232.2290118,8,8
sweep-split-active-surface-compact-uniform-annular-az24-gap32-q3-reg3e-06-m4,split-active-surface-modal,h1659-acoustic-compact,measured,4,uniform-annular,32.0,0,,,,,,,80_90,0.030175877442045466,0.13364676429992275,0.24400541756783412,1200.0,90.0,2.0934883988155013,3.8137373532655254,3.8137373532655254,2.114871195781144,4.215002128998078,4.215002128998078,46.70154668976928,42.97213062614258,46.70154668976928,804593232.2290118,804593232.2290118,8,8
sweep-split-active-surface-compact-uniform-annular-az24-gap32-q3-reg3e-06-m4,split-active-surface-modal,h1659-acoustic-compact,measured,4,uniform-annular,32.0,0,,,,,,,90,0.11308530574956284,0.1270029748352032,0.24400541756783412,1200.0,90.0,2.0934883988155013,3.8137373532655254,3.8137373532655254,2.114871195781144,4.215002128998078,4.215002128998078,46.70154668976928,42.97213062614258,46.70154668976928,804593232.2290118,804593232.2290118,8,8
sweep-split-active-surface-compact-uniform-annular-az16-gap32-q3-reg1e-06-m5,split-active-surface-modal,h1659-acoustic-compact,measured,5,uniform-annular,32.0,0,,,,,,,0_60,0.00046496700641522013,0.06813187758881133,0.23431490899981355,1069.0784617684071,60.0,2.4095225189386054,3.751611780499769,3.751611780499769,2.446848112917412,4.046630400367746,4.046630400367746,43.636516488369516,38.47047368161928,43.636516488369516,5.967281211671114e+35,5.967281211671114e+35,10,10
sweep-split-active-surface-compact-uniform-annular-az16-gap32-q3-reg1e-06-m5,split-active-surface-modal,h1659-acoustic-compact,measured,5,uniform-annular,32.0,0,,,,,,,70_90,0.02925962697223903,0.14604450349355394,0.255995892583897,1132.6491752180323,70.0,2.4095225189386054,3.751611780499769,3.751611780499769,2.446848112917412,4.046630400367746,4.046630400367746,43.636516488369516,38.47047368161928,43.636516488369516,5.967281211671114e+35,5.967281211671114e+35,10,10
sweep-split-active-surface-compact-uniform-annular-az16-gap32-q3-reg1e-06-m5,split-active-surface-modal,h1659-acoustic-compact,measured,5,uniform-annular,32.0,0,,,,,,,80_90,0.04265224817210349,0.14332146308168633,0.22750983342820064,1100.4048518456054,90.0,2.4095225189386054,3.751611780499769,3.751611780499769,2.446848112917412,4.046630400367746,4.046630400367746,43.636516488369516,38.47047368161928,43.636516488369516,5.967281211671114e+35,5.967281211671114e+35,10,10
sweep-split-active-surface-compact-uniform-annular-az16-gap32-q3-reg1e-06-m5,split-active-surface-modal,h1659-acoustic-compact,measured,5,uniform-annular,32.0,0,,,,,,,90,0.1128227731846911,0.12847142360984193,0.22750983342820064,1100.4048518456054,90.0,2.4095225189386054,3.751611780499769,3.751611780499769,2.446848112917412,4.046630400367746,4.046630400367746,43.636516488369516,38.47047368161928,43.636516488369516,5.967281211671114e+35,5.967281211671114e+35,10,10
sweep-split-active-surface-compact-uniform-annular-az16-gap32-q3-reg3e-06-m5,split-active-surface-modal,h1659-acoustic-compact,measured,5,uniform-annular,32.0,0,,,,,,,0_60,-0.0023951262855941933,0.05740928908707952,0.23257731973637874,1165.838329384327,60.0,2.1350677186905034,3.7990935200230864,3.7990935200230864,2.1603810753118458,4.181890429677315,4.181890429677315,46.2700096920607,42.285972892297394,46.2700096920607,5.967281211671114e+35,5.967281211671114e+35,10,10
sweep-split-active-surface-compact-uniform-annular-az16-gap32-q3-reg3e-06-m5,split-active-surface-modal,h1659-acoustic-compact,measured,5,uniform-annular,32.0,0,,,,,,,70_90,0.014863993217781106,0.1331220540011048,0.26560249095640387,1200.0,70.0,2.1350677186905034,3.7990935200230864,3.7990935200230864,2.1603810753118458,4.181890429677315,4.181890429677315,46.2700096920607,42.285972892297394,46.2700096920607,5.967281211671114e+35,5.967281211671114e+35,10,10
sweep-split-active-surface-compact-uniform-annular-az16-gap32-q3-reg3e-06-m5,split-active-surface-modal,h1659-acoustic-compact,measured,5,uniform-annular,32.0,0,,,,,,,80_90,0.031300313158253025,0.13527623125192206,0.24314665144536463,1200.0,90.0,2.1350677186905034,3.7990935200230864,3.7990935200230864,2.1603810753118458,4.181890429677315,4.181890429677315,46.2700096920607,42.285972892297394,46.2700096920607,5.967281211671114e+35,5.967281211671114e+35,10,10
sweep-split-active-surface-compact-uniform-annular-az16-gap32-q3-reg3e-06-m5,split-active-surface-modal,h1659-acoustic-compact,measured,5,uniform-annular,32.0,0,,,,,,,90,0.11239379995416997,0.1269670299704707,0.24314665144536463,1200.0,90.0,2.1350677186905034,3.7990935200230864,3.7990935200230864,2.1603810753118458,4.181890429677315,4.181890429677315,46.2700096920607,42.285972892297394,46.2700096920607,5.967281211671114e+35,5.967281211671114e+35,10,10
sweep-split-active-surface-compact-uniform-annular-az24-gap32-q3-reg1e-06-m5,split-active-surface-modal,h1659-acoustic-compact,measured,5,uniform-annular,32.0,0,,,,,,,0_60,0.0003543629313322951,0.06802401844503463,0.23251727504833042,1069.0784617684071,60.0,2.418632609475998,3.747443073406132,3.747443073406132,2.456009566101658,4.040467858222795,4.040467858222795,43.557874519788996,38.36127648525832,43.557874519788996,8.840420344789443e+35,8.840420344789443e+35,10,10
sweep-split-active-surface-compact-uniform-annular-az24-gap32-q3-reg1e-06-m5,split-active-surface-modal,h1659-acoustic-compact,measured,5,uniform-annular,32.0,0,,,,,,,70_90,0.02939581278859528,0.14581427766985905,0.2534957324394753,1132.6491752180323,70.0,2.418632609475998,3.747443073406132,3.747443073406132,2.456009566101658,4.040467858222795,4.040467858222795,43.557874519788996,38.36127648525832,43.557874519788996,8.840420344789443e+35,8.840420344789443e+35,10,10
sweep-split-active-surface-compact-uniform-annular-az24-gap32-q3-reg1e-06-m5,split-active-surface-modal,h1659-acoustic-compact,measured,5,uniform-annular,32.0,0,,,,,,,80_90,0.04271909652083326,0.14302123910618045,0.22565665578223104,1069.0784617684071,90.0,2.418632609475998,3.747443073406132,3.747443073406132,2.456009566101658,4.040467858222795,4.040467858222795,43.557874519788996,38.36127648525832,43.557874519788996,8.840420344789443e+35,8.840420344789443e+35,10,10
sweep-split-active-surface-compact-uniform-annular-az24-gap32-q3-reg1e-06-m5,split-active-surface-modal,h1659-acoustic-compact,measured,5,uniform-annular,32.0,0,,,,,,,90,0.11262943482302114,0.1280078667699002,0.22565665578223104,1069.0784617684071,90.0,2.418632609475998,3.747443073406132,3.747443073406132,2.456009566101658,4.040467858222795,4.040467858222795,43.557874519788996,38.36127648525832,43.557874519788996,8.840420344789443e+35,8.840420344789443e+35,10,10
sweep-split-active-surface-compact-uniform-annular-az24-gap32-q3-reg3e-06-m5,split-active-surface-modal,h1659-acoustic-compact,measured,5,uniform-annular,32.0,0,,,,,,,0_60,-0.0024154477405087197,0.057563305656735335,0.2313394648871352,1165.838329384327,60.0,2.142696135950083,3.7926995897600833,3.7926995897600833,2.1683974631181315,4.172622820892917,4.172622820892917,46.20134320151723,42.17124042461735,46.20134320151723,8.840420344789443e+35,8.840420344789443e+35,10,10
sweep-split-active-surface-compact-uniform-annular-az24-gap32-q3-reg3e-06-m5,split-active-surface-modal,h1659-acoustic-compact,measured,5,uniform-annular,32.0,0,,,,,,,70_90,0.015086123305935497,0.1333489445965743,0.2645812881155081,1200.0,70.0,2.142696135950083,3.7926995897600833,3.7926995897600833,2.1683974631181315,4.172622820892917,4.172622820892917,46.20134320151723,42.17124042461735,46.20134320151723,8.840420344789443e+35,8.840420344789443e+35,10,10
sweep-split-active-surface-compact-uniform-annular-az24-gap32-q3-reg3e-06-m5,split-active-surface-modal,h1659-acoustic-compact,measured,5,uniform-annular,32.0,0,,,,,,,80_90,0.0314554716078075,0.13536528956771823,0.24128824744367705,1200.0,90.0,2.142696135950083,3.7926995897600833,3.7926995897600833,2.1683974631181315,4.172622820892917,4.172622820892917,46.20134320151723,42.17124042461735,46.20134320151723,8.840420344789443e+35,8.840420344789443e+35,10,10
sweep-split-active-surface-compact-uniform-annular-az24-gap32-q3-reg3e-06-m5,split-active-surface-modal,h1659-acoustic-compact,measured,5,uniform-annular,32.0,0,,,,,,,90,0.11230583201541715,0.1268305165437886,0.24128824744367705,1200.0,90.0,2.142696135950083,3.7926995897600833,3.7926995897600833,2.1683974631181315,4.172622820892917,4.172622820892917,46.20134320151723,42.17124042461735,46.20134320151723,8.840420344789443e+35,8.840420344789443e+35,10,10
sweep-split-active-surface-compact-uniform-annular-az16-gap32-q3-reg1e-06-m6,split-active-surface-modal,h1659-acoustic-compact,measured,6,uniform-annular,32.0,0,,,,,,,0_60,0.0012583148593615047,0.06951088463717112,0.23389239848350485,1038.6438732073716,60.0,2.4584119708611674,3.750084270337923,3.750084270337923,2.4965790646712684,4.03307894591335,4.03307894591335,43.154264879294665,37.84844149133999,43.154264879294665,1.3179850636453626e+51,1.3179850636453626e+51,12,12
sweep-split-active-surface-compact-uniform-annular-az16-gap32-q3-reg1e-06-m6,split-active-surface-modal,h1659-acoustic-compact,measured,6,uniform-annular,32.0,0,,,,,,,70_90,0.032381983719041524,0.1475873561466702,0.253313789872017,1100.4048518456054,70.0,2.4584119708611674,3.750084270337923,3.750084270337923,2.4965790646712684,4.03307894591335,4.03307894591335,43.154264879294665,37.84844149133999,43.154264879294665,1.3179850636453626e+51,1.3179850636453626e+51,12,12
sweep-split-active-surface-compact-uniform-annular-az16-gap32-q3-reg1e-06-m6,split-active-surface-modal,h1659-acoustic-compact,measured,6,uniform-annular,32.0,0,,,,,,,80_90,0.045203630176640315,0.14425909410612786,0.22539715620408884,1069.0784617684071,90.0,2.4584119708611674,3.750084270337923,3.750084270337923,2.4965790646712684,4.03307894591335,4.03307894591335,43.154264879294665,37.84844149133999,43.154264879294665,1.3179850636453626e+51,1.3179850636453626e+51,12,12
sweep-split-active-surface-compact-uniform-annular-az16-gap32-q3-reg1e-06-m6,split-active-surface-modal,h1659-acoustic-compact,measured,6,uniform-annular,32.0,0,,,,,,,90,0.11342005145770101,0.1288227573067547,0.22539715620408884,1069.0784617684071,90.0,2.4584119708611674,3.750084270337923,3.750084270337923,2.4965790646712684,4.03307894591335,4.03307894591335,43.154264879294665,37.84844149133999,43.154264879294665,1.3179850636453626e+51,1.3179850636453626e+51,12,12
sweep-split-active-surface-compact-uniform-annular-az16-gap32-q3-reg3e-06-m6,split-active-surface-modal,h1659-acoustic-compact,measured,6,uniform-annular,32.0,0,,,,,,,0_60,-0.0021833416214362003,0.05941380960275511,0.2334982027653325,1165.838329384327,60.0,2.1770626794296573,3.7849090802822762,3.7849090802822762,2.205428390120901,4.151096494323269,4.151096494323269,45.8528774312585,41.63817541172611,45.8528774312585,1.3179850636453626e+51,1.3179850636453626e+51,12,12
sweep-split-active-surface-compact-uniform-annular-az16-gap32-q3-reg3e-06-m6,split-active-surface-modal,h1659-acoustic-compact,measured,6,uniform-annular,32.0,0,,,,,,,70_90,0.016639927529696476,0.13553418740075476,0.26641435442964223,1200.0,70.0,2.1770626794296573,3.7849090802822762,3.7849090802822762,2.205428390120901,4.151096494323269,4.151096494323269,45.8528774312585,41.63817541172611,45.8528774312585,1.3179850636453626e+51,1.3179850636453626e+51,12,12
sweep-split-active-surface-compact-uniform-annular-az16-gap32-q3-reg3e-06-m6,split-active-surface-modal,h1659-acoustic-compact,measured,6,uniform-annular,32.0,0,,,,,,,80_90,0.032617362947381476,0.13673941623701233,0.24038909205934544,1200.0,90.0,2.1770626794296573,3.7849090802822762,3.7849090802822762,2.205428390120901,4.151096494323269,4.151096494323269,45.8528774312585,41.63817541172611,45.8528774312585,1.3179850636453626e+51,1.3179850636453626e+51,12,12
sweep-split-active-surface-compact-uniform-annular-az16-gap32-q3-reg3e-06-m6,split-active-surface-modal,h1659-acoustic-compact,measured,6,uniform-annular,32.0,0,,,,,,,90,0.11199273074631078,0.127006500839486,0.24038909205934544,1200.0,90.0,2.1770626794296573,3.7849090802822762,3.7849090802822762,2.205428390120901,4.151096494323269,4.151096494323269,45.8528774312585,41.63817541172611,45.8528774312585,1.3179850636453626e+51,1.3179850636453626e+51,12,12
sweep-split-active-surface-compact-uniform-annular-az24-gap32-q3-reg1e-06-m6,split-active-surface-modal,h1659-acoustic-compact,measured,6,uniform-annular,32.0,0,,,,,,,0_60,0.001117226871429032,0.06936098158757946,0.23241355686010223,1038.6438732073716,60.0,2.467631046640252,3.7459350754862144,3.7459350754862144,2.5058244457396976,4.027034753938798,4.027034753938798,43.07020764318331,37.738894806921344,43.07020764318331,1.4395469718291272e+51,1.4395469718291272e+51,12,12
sweep-split-active-surface-compact-uniform-annular-az24-gap32-q3-reg1e-06-m6,split-active-surface-modal,h1659-acoustic-compact,measured,6,uniform-annular,32.0,0,,,,,,,70_90,0.03248096782202005,0.14725194068089048,0.25111141258773273,1100.4048518456054,70.0,2.467631046640252,3.7459350754862144,3.7459350754862144,2.5058244457396976,4.027034753938798,4.027034753938798,43.07020764318331,37.738894806921344,43.07020764318331,1.4395469718291272e+51,1.4395469718291272e+51,12,12
sweep-split-active-surface-compact-uniform-annular-az24-gap32-q3-reg1e-06-m6,split-active-surface-modal,h1659-acoustic-compact,measured,6,uniform-annular,32.0,0,,,,,,,80_90,0.04523189670211567,0.14386475405655755,0.22353677376057135,1069.0784617684071,90.0,2.467631046640252,3.7459350754862144,3.7459350754862144,2.5058244457396976,4.027034753938798,4.027034753938798,43.07020764318331,37.738894806921344,43.07020764318331,1.4395469718291272e+51,1.4395469718291272e+51,12,12
sweep-split-active-surface-compact-uniform-annular-az24-gap32-q3-reg1e-06-m6,split-active-surface-modal,h1659-acoustic-compact,measured,6,uniform-annular,32.0,0,,,,,,,90,0.1131823116208336,0.1282764104302956,0.22353677376057135,1069.0784617684071,90.0,2.467631046640252,3.7459350754862144,3.7459350754862144,2.5058244457396976,4.027034753938798,4.027034753938798,43.07020764318331,37.738894806921344,43.07020764318331,1.4395469718291272e+51,1.4395469718291272e+51,12,12
sweep-split-active-surface-compact-uniform-annular-az24-gap32-q3-reg3e-06-m6,split-active-surface-modal,h1659-acoustic-compact,measured,6,uniform-annular,32.0,0,,,,,,,0_60,-0.0022114441707188764,0.05953108264356255,0.23168791128257027,1165.838329384327,60.0,2.1850435545438844,3.779190031145013,3.779190031145013,2.2137223027527893,4.142670636140968,4.142670636140968,45.78506136497611,41.525021650567275,45.78506136497611,1.4395469718291272e+51,1.4395469718291272e+51,12,12
sweep-split-active-surface-compact-uniform-annular-az24-gap32-q3-reg3e-06-m6,split-active-surface-modal,h1659-acoustic-compact,measured,6,uniform-annular,32.0,0,,,,,,,70_90,0.016858920171857826,0.1357090116295408,0.26492171000007403,1200.0,70.0,2.1850435545438844,3.779190031145013,3.779190031145013,2.2137223027527893,4.142670636140968,4.142670636140968,45.78506136497611,41.525021650567275,45.78506136497611,1.4395469718291272e+51,1.4395469718291272e+51,12,12
sweep-split-active-surface-compact-uniform-annular-az24-gap32-q3-reg3e-06-m6,split-active-surface-modal,h1659-acoustic-compact,measured,6,uniform-annular,32.0,0,,,,,,,80_90,0.03276947797719721,0.13678674904472293,0.2385395517655624,1165.838329384327,90.0,2.1850435545438844,3.779190031145013,3.779190031145013,2.2137223027527893,4.142670636140968,4.142670636140968,45.78506136497611,41.525021650567275,45.78506136497611,1.4395469718291272e+51,1.4395469718291272e+51,12,12
sweep-split-active-surface-compact-uniform-annular-az24-gap32-q3-reg3e-06-m6,split-active-surface-modal,h1659-acoustic-compact,measured,6,uniform-annular,32.0,0,,,,,,,90,0.11190031124382303,0.1268360373029767,0.2385395517655624,1165.838329384327,90.0,2.1850435545438844,3.779190031145013,3.779190031145013,2.2137223027527893,4.142670636140968,4.142670636140968,45.78506136497611,41.525021650567275,45.78506136497611,1.4395469718291272e+51,1.4395469718291272e+51,12,12
sweep-split-active-surface-compact-uniform-annular-az16-gap32-q3-reg1e-06-m7,split-active-surface-modal,h1659-acoustic-compact,measured,7,uniform-annular,32.0,0,,,,,,,0_60,0.0019726609776687435,0.0705787051257187,0.23378536920633053,1038.6438732073716,60.0,2.50013409629181,3.7496104618931514,3.7496104618931514,2.538855862834316,4.0229098938306915,4.0229098938306915,42.72093894116892,37.32106046087888,42.72093894116892,8.28951371954059e+66,8.28951371954059e+66,14,14
sweep-split-active-surface-compact-uniform-annular-az16-gap32-q3-reg1e-06-m7,split-active-surface-modal,h1659-acoustic-compact,measured,7,uniform-annular,32.0,0,,,,,,,70_90,0.03512930174352618,0.14870168419512678,0.2512463685733479,1100.4048518456054,70.0,2.50013409629181,3.7496104618931514,3.7496104618931514,2.538855862834316,4.0229098938306915,4.0229098938306915,42.72093894116892,37.32106046087888,42.72093894116892,8.28951371954059e+66,8.28951371954059e+66,14,14
sweep-split-active-surface-compact-uniform-annular-az16-gap32-q3-reg1e-06-m7,split-active-surface-modal,h1659-acoustic-compact,measured,7,uniform-annular,32.0,0,,,,,,,80_90,0.0474542430581599,0.14490725069996457,0.2235838593782873,1038.6438732073716,90.0,2.50013409629181,3.7496104618931514,3.7496104618931514,2.538855862834316,4.0229098938306915,4.0229098938306915,42.72093894116892,37.32106046087888,42.72093894116892,8.28951371954059e+66,8.28951371954059e+66,14,14
sweep-split-active-surface-compact-uniform-annular-az16-gap32-q3-reg1e-06-m7,split-active-surface-modal,h1659-acoustic-compact,measured,7,uniform-annular,32.0,0,,,,,,,90,0.11398644324273283,0.1290875150689073,0.2235838593782873,1038.6438732073716,90.0,2.50013409629181,3.7496104618931514,3.7496104618931514,2.538855862834316,4.0229098938306915,4.0229098938306915,42.72093894116892,37.32106046087888,42.72093894116892,8.28951371954059e+66,8.28951371954059e+66,14,14
sweep-split-active-surface-compact-uniform-annular-az16-gap32-q3-reg3e-06-m7,split-active-surface-modal,h1659-acoustic-compact,measured,7,uniform-annular,32.0,0,,,,,,,0_60,-0.0019202677463074616,0.06105622374000918,0.23410612550952692,1132.6491752180323,60.0,2.2139330653741753,3.7752839308077837,3.7752839308077837,2.244507063400592,4.1281050267079715,4.1281050267079715,45.501920195876686,41.09596453220421,45.501920195876686,8.28951371954059e+66,8.28951371954059e+66,14,14
sweep-split-active-surface-compact-uniform-annular-az16-gap32-q3-reg3e-06-m7,split-active-surface-modal,h1659-acoustic-compact,measured,7,uniform-annular,32.0,0,,,,,,,70_90,0.0183431123418712,0.13752779629829268,0.2661217868486645,1200.0,70.0,2.2139330653741753,3.7752839308077837,3.7752839308077837,2.244507063400592,4.1281050267079715,4.1281050267079715,45.501920195876686,41.09596453220421,45.501920195876686,8.28951371954059e+66,8.28951371954059e+66,14,14
sweep-split-active-surface-compact-uniform-annular-az16-gap32-q3-reg3e-06-m7,split-active-surface-modal,h1659-acoustic-compact,measured,7,uniform-annular,32.0,0,,,,,,,80_90,0.03391886067201638,0.13797130335036603,0.23842420974614242,1165.838329384327,90.0,2.2139330653741753,3.7752839308077837,3.7752839308077837,2.244507063400592,4.1281050267079715,4.1281050267079715,45.501920195876686,41.09596453220421,45.501920195876686,8.28951371954059e+66,8.28951371954059e+66,14,14
sweep-split-active-surface-compact-uniform-annular-az16-gap32-q3-reg3e-06-m7,split-active-surface-modal,h1659-acoustic-compact,measured,7,uniform-annular,32.0,0,,,,,,,90,0.11181414210156228,0.12713239641138063,0.23842420974614242,1165.838329384327,90.0,2.2139330653741753,3.7752839308077837,3.7752839308077837,2.244507063400592,4.1281050267079715,4.1281050267079715,45.501920195876686,41.09596453220421,45.501920195876686,8.28951371954059e+66,8.28951371954059e+66,14,14
sweep-split-active-surface-compact-uniform-annular-az24-gap32-q3-reg1e-06-m7,split-active-surface-modal,h1659-acoustic-compact,measured,7,uniform-annular,32.0,0,,,,,,,0_60,0.0018008361370863064,0.07039863754560517,0.23212193386461877,1009.0756983044574,60.0,2.5094330832423157,3.745433453863866,3.745433453863866,2.548166482809155,4.016907960721309,4.016907960721309,42.63353905450675,37.21083342054341,42.63353905450675,4.261033041472039e+67,4.261033041472039e+67,14,14
sweep-split-active-surface-compact-uniform-annular-az24-gap32-q3-reg1e-06-m7,split-active-surface-modal,h1659-acoustic-compact,measured,7,uniform-annular,32.0,0,,,,,,,70_90,0.03518969850893171,0.14827323249778082,0.24916069902808147,1069.0784617684071,70.0,2.5094330832423157,3.745433453863866,3.745433453863866,2.548166482809155,4.016907960721309,4.016907960721309,42.63353905450675,37.21083342054341,42.63353905450675,4.261033041472039e+67,4.261033041472039e+67,14,14
sweep-split-active-surface-compact-uniform-annular-az24-gap32-q3-reg1e-06-m7,split-active-surface-modal,h1659-acoustic-compact,measured,7,uniform-annular,32.0,0,,,,,,,80_90,0.04744242046477203,0.14442898043918007,0.22205525757915723,1038.6438732073716,90.0,2.5094330832423157,3.745433453863866,3.745433453863866,2.548166482809155,4.016907960721309,4.016907960721309,42.63353905450675,37.21083342054341,42.63353905450675,4.261033041472039e+67,4.261033041472039e+67,14,14
sweep-split-active-surface-compact-uniform-annular-az24-gap32-q3-reg1e-06-m7,split-active-surface-modal,h1659-acoustic-compact,measured,7,uniform-annular,32.0,0,,,,,,,90,0.1137029060109988,0.12846688950154617,0.22205525757915723,1038.6438732073716,90.0,2.5094330832423157,3.745433453863866,3.745433453863866,2.548166482809155,4.016907960721309,4.016907960721309,42.63353905450675,37.21083342054341,42.63353905450675,4.261033041472039e+67,4.261033041472039e+67,14,14
sweep-split-active-surface-compact-uniform-annular-az24-gap32-q3-reg3e-06-m7,split-active-surface-modal,h1659-acoustic-compact,measured,7,uniform-annular,32.0,0,,,,,,,0_60,-0.0019564066455902886,0.06113932550801639,0.23277395852681337,1132.6491752180323,60.0,2.2221827898635764,3.7700316032386683,3.7700316032386683,2.253010975761522,4.120284222016482,4.120284222016482,45.43457396588958,40.98399001236226,45.43457396588958,4.261033041472039e+67,4.261033041472039e+67,14,14
sweep-split-active-surface-compact-uniform-annular-az24-gap32-q3-reg3e-06-m7,split-active-surface-modal,h1659-acoustic-compact,measured,7,uniform-annular,32.0,0,,,,,,,70_90,0.01855703402040033,0.1376510061481879,0.2642132983943455,1200.0,70.0,2.2221827898635764,3.7700316032386683,3.7700316032386683,2.253010975761522,4.120284222016482,4.120284222016482,45.43457396588958,40.98399001236226,45.43457396588958,4.261033041472039e+67,4.261033041472039e+67,14,14
sweep-split-active-surface-compact-uniform-annular-az24-gap32-q3-reg3e-06-m7,split-active-surface-modal,h1659-acoustic-compact,measured,7,uniform-annular,32.0,0,,,,,,,80_90,0.03406587658615493,0.13797633631240955,0.2365259254389258,1165.838329384327,90.0,2.2221827898635764,3.7700316032386683,3.7700316032386683,2.253010975761522,4.120284222016482,4.120284222016482,45.43457396588958,40.98399001236226,45.43457396588958,4.261033041472039e+67,4.261033041472039e+67,14,14
sweep-split-active-surface-compact-uniform-annular-az24-gap32-q3-reg3e-06-m7,split-active-surface-modal,h1659-acoustic-compact,measured,7,uniform-annular,32.0,0,,,,,,,90,0.11171521659805822,0.12692752187971806,0.2365259254389258,1165.838329384327,90.0,2.2221827898635764,3.7700316032386683,3.7700316032386683,2.253010975761522,4.120284222016482,4.120284222016482,45.43457396588958,40.98399001236226,45.43457396588958,4.261033041472039e+67,4.261033041472039e+67,14,14
sweep-split-active-surface-compact-uniform-annular-az16-gap36-q3-reg1e-06-m4,split-active-surface-modal,h1659-acoustic-compact,measured,4,uniform-annular,36.0,0,,,,,,,0_60,-0.0017878104673466437,0.06294636303315965,0.21763784537169073,1069.0784617684071,60.0,2.459094871009387,3.743859334908486,3.743859334908486,2.493957387033871,4.049351092413178,4.049351092413178,43.83871383276072,39.053572300374384,43.83871383276072,967035380.2338396,967035380.2338396,8,8
sweep-split-active-surface-compact-uniform-annular-az16-gap36-q3-reg1e-06-m4,split-active-surface-modal,h1659-acoustic-compact,measured,4,uniform-annular,36.0,0,,,,,,,70_90,0.026359673864982665,0.14007665798557356,0.24819504696090178,1165.838329384327,70.0,2.459094871009387,3.743859334908486,3.743859334908486,2.493957387033871,4.049351092413178,4.049351092413178,43.83871383276072,39.053572300374384,43.83871383276072,967035380.2338396,967035380.2338396,8,8
sweep-split-active-surface-compact-uniform-annular-az16-gap36-q3-reg1e-06-m4,split-active-surface-modal,h1659-acoustic-compact,measured,4,uniform-annular,36.0,0,,,,,,,80_90,0.03986061562463266,0.1377274450604257,0.21347420417104956,1100.4048518456054,90.0,2.459094871009387,3.743859334908486,3.743859334908486,2.493957387033871,4.049351092413178,4.049351092413178,43.83871383276072,39.053572300374384,43.83871383276072,967035380.2338396,967035380.2338396,8,8
sweep-split-active-surface-compact-uniform-annular-az16-gap36-q3-reg1e-06-m4,split-active-surface-modal,h1659-acoustic-compact,measured,4,uniform-annular,36.0,0,,,,,,,90,0.11074437249048692,0.12338781774903146,0.21347420417104956,1100.4048518456054,90.0,2.459094871009387,3.743859334908486,3.743859334908486,2.493957387033871,4.049351092413178,4.049351092413178,43.83871383276072,39.053572300374384,43.83871383276072,967035380.2338396,967035380.2338396,8,8
sweep-split-active-surface-compact-uniform-annular-az16-gap36-q3-reg3e-06-m4,split-active-surface-modal,h1659-acoustic-compact,measured,4,uniform-annular,36.0,0,,,,,,,0_60,-0.0032727743078987638,0.05227757976090303,0.21257530518765577,1165.838329384327,60.0,2.1687296204936994,3.7769883998881246,3.7769883998881246,2.1913948702268153,4.172455564250779,4.172455564250779,46.47820302690967,43.018136696394926,46.47820302690967,967035380.2338396,967035380.2338396,8,8
sweep-split-active-surface-compact-uniform-annular-az16-gap36-q3-reg3e-06-m4,split-active-surface-modal,h1659-acoustic-compact,measured,4,uniform-annular,36.0,0,,,,,,,70_90,0.014116607426600938,0.12721130145839726,0.2532320507893502,1200.0,70.0,2.1687296204936994,3.7769883998881246,3.7769883998881246,2.1913948702268153,4.172455564250779,4.172455564250779,46.47820302690967,43.018136696394926,46.47820302690967,967035380.2338396,967035380.2338396,8,8
sweep-split-active-surface-compact-uniform-annular-az16-gap36-q3-reg3e-06-m4,split-active-surface-modal,h1659-acoustic-compact,measured,4,uniform-annular,36.0,0,,,,,,,80_90,0.03050371513091069,0.13003288281825542,0.22522033105711614,1200.0,90.0,2.1687296204936994,3.7769883998881246,3.7769883998881246,2.1913948702268153,4.172455564250779,4.172455564250779,46.47820302690967,43.018136696394926,46.47820302690967,967035380.2338396,967035380.2338396,8,8
sweep-split-active-surface-compact-uniform-annular-az16-gap36-q3-reg3e-06-m4,split-active-surface-modal,h1659-acoustic-compact,measured,4,uniform-annular,36.0,0,,,,,,,90,0.11187096099505683,0.1231481736749655,0.22522033105711614,1200.0,90.0,2.1687296204936994,3.7769883998881246,3.7769883998881246,2.1913948702268153,4.172455564250779,4.172455564250779,46.47820302690967,43.018136696394926,46.47820302690967,967035380.2338396,967035380.2338396,8,8
sweep-split-active-surface-compact-uniform-annular-az24-gap36-q3-reg1e-06-m4,split-active-surface-modal,h1659-acoustic-compact,measured,4,uniform-annular,36.0,0,,,,,,,0_60,-0.0019047215634614147,0.06290444757217396,0.21611629491026463,1069.0784617684071,60.0,2.469445735786637,3.7409078197471226,3.7409078197471226,2.5043764085334472,4.044379502165155,4.044379502165155,43.76004548365589,38.93851401713296,43.76004548365589,990774483.2467097,990774483.2467097,8,8
sweep-split-active-surface-compact-uniform-annular-az24-gap36-q3-reg1e-06-m4,split-active-surface-modal,h1659-acoustic-compact,measured,4,uniform-annular,36.0,0,,,,,,,70_90,0.02648606486470799,0.13992776626958225,0.2454006224163905,1165.838329384327,70.0,2.469445735786637,3.7409078197471226,3.7409078197471226,2.5043764085334472,4.044379502165155,4.044379502165155,43.76004548365589,38.93851401713296,43.76004548365589,990774483.2467097,990774483.2467097,8,8
sweep-split-active-surface-compact-uniform-annular-az24-gap36-q3-reg1e-06-m4,split-active-surface-modal,h1659-acoustic-compact,measured,4,uniform-annular,36.0,0,,,,,,,80_90,0.03992104804136718,0.13750037731579406,0.21161905931422353,1100.4048518456054,90.0,2.469445735786637,3.7409078197471226,3.7409078197471226,2.5043764085334472,4.044379502165155,4.044379502165155,43.76004548365589,38.93851401713296,43.76004548365589,990774483.2467097,990774483.2467097,8,8
sweep-split-active-surface-compact-uniform-annular-az24-gap36-q3-reg1e-06-m4,split-active-surface-modal,h1659-acoustic-compact,measured,4,uniform-annular,36.0,0,,,,,,,90,0.11055700705493686,0.12298412428544049,0.21161905931422353,1100.4048518456054,90.0,2.469445735786637,3.7409078197471226,3.7409078197471226,2.5043764085334472,4.044379502165155,4.044379502165155,43.76004548365589,38.93851401713296,43.76004548365589,990774483.2467097,990774483.2467097,8,8
sweep-split-active-surface-compact-uniform-annular-az24-gap36-q3-reg3e-06-m4,split-active-surface-modal,h1659-acoustic-compact,measured,4,uniform-annular,36.0,0,,,,,,,0_60,-0.0033272053276488397,0.052436787071244724,0.21149862906278116,1165.838329384327,60.0,2.177429387318764,3.771229400818679,3.771229400818679,2.2004712400519035,4.1637273961021855,4.1637273961021855,46.40634346186551,42.89572677880903,46.40634346186551,990774483.2467097,990774483.2467097,8,8
sweep-split-active-surface-compact-uniform-annular-az24-gap36-q3-reg3e-06-m4,split-active-surface-modal,h1659-acoustic-compact,measured,4,uniform-annular,36.0,0,,,,,,,70_90,0.014283801780644331,0.1274290363590845,0.25246909658921624,1200.0,70.0,2.177429387318764,3.771229400818679,3.771229400818679,2.2004712400519035,4.1637273961021855,4.1637273961021855,46.40634346186551,42.89572677880903,46.40634346186551,990774483.2467097,990774483.2467097,8,8
sweep-split-active-surface-compact-uniform-annular-az24-gap36-q3-reg3e-06-m4,split-active-surface-modal,h1659-acoustic-compact,measured,4,uniform-annular,36.0,0,,,,,,,80_90,0.03060747066109766,0.13010498114793598,0.22357858695598054,1200.0,90.0,2.177429387318764,3.771229400818679,3.771229400818679,2.2004712400519035,4.1637273961021855,4.1637273961021855,46.40634346186551,42.89572677880903,46.40634346186551,990774483.2467097,990774483.2467097,8,8
sweep-split-active-surface-compact-uniform-annular-az24-gap36-q3-reg3e-06-m4,split-active-surface-modal,h1659-acoustic-compact,measured,4,uniform-annular,36.0,0,,,,,,,90,0.11174074431265944,0.12297359365654292,0.22357858695598054,1200.0,90.0,2.177429387318764,3.771229400818679,3.771229400818679,2.2004712400519035,4.1637273961021855,4.1637273961021855,46.40634346186551,42.89572677880903,46.40634346186551,990774483.2467097,990774483.2467097,8,8
sweep-split-active-surface-compact-uniform-annular-az16-gap36-q3-reg1e-06-m5,split-active-surface-modal,h1659-acoustic-compact,measured,5,uniform-annular,36.0,0,,,,,,,0_60,-0.0010079279794507705,0.06475445158148548,0.21772581723207196,1038.6438732073716,60.0,2.5226223991594017,3.7466783130217727,3.7466783130217727,2.558628551917469,4.037227707201868,4.037227707201868,43.254309634569985,38.267427367624414,43.254309634569985,5.930875853720161e+35,5.930875853720161e+35,10,10
sweep-split-active-surface-compact-uniform-annular-az16-gap36-q3-reg1e-06-m5,split-active-surface-modal,h1659-acoustic-compact,measured,5,uniform-annular,36.0,0,,,,,,,70_90,0.029892890869801982,0.1421673570970741,0.2450272364797641,1132.6491752180323,70.0,2.5226223991594017,3.7466783130217727,3.7466783130217727,2.558628551917469,4.037227707201868,4.037227707201868,43.254309634569985,38.267427367624414,43.254309634569985,5.930875853720161e+35,5.930875853720161e+35,10,10
sweep-split-active-surface-compact-uniform-annular-az16-gap36-q3-reg1e-06-m5,split-active-surface-modal,h1659-acoustic-compact,measured,5,uniform-annular,36.0,0,,,,,,,80_90,0.0427245279543255,0.13902780929647512,0.21145966593555698,1069.0784617684071,90.0,2.5226223991594017,3.7466783130217727,3.7466783130217727,2.558628551917469,4.037227707201868,4.037227707201868,43.254309634569985,38.267427367624414,43.254309634569985,5.930875853720161e+35,5.930875853720161e+35,10,10
sweep-split-active-surface-compact-uniform-annular-az16-gap36-q3-reg1e-06-m5,split-active-surface-modal,h1659-acoustic-compact,measured,5,uniform-annular,36.0,0,,,,,,,90,0.11130419381278565,0.1238453867035703,0.21145966593555698,1069.0784617684071,90.0,2.5226223991594017,3.7466783130217727,3.7466783130217727,2.558628551917469,4.037227707201868,4.037227707201868,43.254309634569985,38.267427367624414,43.254309634569985,5.930875853720161e+35,5.930875853720161e+35,10,10
sweep-split-active-surface-compact-uniform-annular-az16-gap36-q3-reg3e-06-m5,split-active-surface-modal,h1659-acoustic-compact,measured,5,uniform-annular,36.0,0,,,,,,,0_60,-0.0033020671508687434,0.05459986954296199,0.21435174918214273,1165.838329384327,60.0,2.223286440017058,3.761954095010335,3.761954095010335,2.2495129606254767,4.1366536590408645,4.1366536590408645,45.95512628791331,42.19397856679737,45.95512628791331,5.930875853720161e+35,5.930875853720161e+35,10,10
sweep-split-active-surface-compact-uniform-annular-az16-gap36-q3-reg3e-06-m5,split-active-surface-modal,h1659-acoustic-compact,measured,5,uniform-annular,36.0,0,,,,,,,70_90,0.015847293270066624,0.12998643819572234,0.25520719347863263,1200.0,70.0,2.223286440017058,3.761954095010335,3.761954095010335,2.2495129606254767,4.1366536590408645,4.1366536590408645,45.95512628791331,42.19397856679737,45.95512628791331,5.930875853720161e+35,5.930875853720161e+35,10,10
sweep-split-active-surface-compact-uniform-annular-az16-gap36-q3-reg3e-06-m5,split-active-surface-modal,h1659-acoustic-compact,measured,5,uniform-annular,36.0,0,,,,,,,80_90,0.03169980797929985,0.13159965172323324,0.2226540433475961,1200.0,90.0,2.223286440017058,3.761954095010335,3.761954095010335,2.2495129606254767,4.1366536590408645,4.1366536590408645,45.95512628791331,42.19397856679737,45.95512628791331,5.930875853720161e+35,5.930875853720161e+35,10,10
sweep-split-active-surface-compact-uniform-annular-az16-gap36-q3-reg3e-06-m5,split-active-surface-modal,h1659-acoustic-compact,measured,5,uniform-annular,36.0,0,,,,,,,90,0.11104319815094688,0.12279747962933493,0.2226540433475961,1200.0,90.0,2.223286440017058,3.761954095010335,3.761954095010335,2.2495129606254767,4.1366536590408645,4.1366536590408645,45.95512628791331,42.19397856679737,45.95512628791331,5.930875853720161e+35,5.930875853720161e+35,10,10
sweep-split-active-surface-compact-uniform-annular-az24-gap36-q3-reg1e-06-m5,split-active-surface-modal,h1659-acoustic-compact,measured,5,uniform-annular,36.0,0,,,,,,,0_60,-0.0011527776775669663,0.06466824070056293,0.2163908718670413,1038.6438732073716,60.0,2.5330947859032182,3.7438363023782513,3.7438363023782513,2.5691386276667028,4.032499228831982,4.032499228831982,43.17370827981372,38.15247573618278,43.17370827981372,5.2520660647569714e+35,5.2520660647569714e+35,10,10
sweep-split-active-surface-compact-uniform-annular-az24-gap36-q3-reg1e-06-m5,split-active-surface-modal,h1659-acoustic-compact,measured,5,uniform-annular,36.0,0,,,,,,,70_90,0.0299878818976451,0.14190585738059439,0.2423886884891715,1132.6491752180323,70.0,2.5330947859032182,3.7438363023782513,3.7438363023782513,2.5691386276667028,4.032499228831982,4.032499228831982,43.17370827981372,38.15247573618278,43.17370827981372,5.2520660647569714e+35,5.2520660647569714e+35,10,10
sweep-split-active-surface-compact-uniform-annular-az24-gap36-q3-reg1e-06-m5,split-active-surface-modal,h1659-acoustic-compact,measured,5,uniform-annular,36.0,0,,,,,,,80_90,0.04275182329355393,0.13870273379099593,0.20979605116284006,1069.0784617684071,90.0,2.5330947859032182,3.7438363023782513,3.7438363023782513,2.5691386276667028,4.032499228831982,4.032499228831982,43.17370827981372,38.15247573618278,43.17370827981372,5.2520660647569714e+35,5.2520660647569714e+35,10,10
sweep-split-active-surface-compact-uniform-annular-az24-gap36-q3-reg1e-06-m5,split-active-surface-modal,h1659-acoustic-compact,measured,5,uniform-annular,36.0,0,,,,,,,90,0.11107706788130176,0.12336146113576668,0.20979605116284006,1069.0784617684071,90.0,2.5330947859032182,3.7438363023782513,3.7438363023782513,2.5691386276667028,4.032499228831982,4.032499228831982,43.17370827981372,38.15247573618278,43.17370827981372,5.2520660647569714e+35,5.2520660647569714e+35,10,10
sweep-split-active-surface-compact-uniform-annular-az24-gap36-q3-reg3e-06-m5,split-active-surface-modal,h1659-acoustic-compact,measured,5,uniform-annular,36.0,0,,,,,,,0_60,-0.0033635911781819726,0.054726895935697614,0.21273520301099325,1132.6491752180323,60.0,2.2324508687420033,3.757106457212382,3.757106457212382,2.2589753854849195,4.12905452365546,4.12905452365546,45.88449730596404,42.073673311582795,45.88449730596404,5.2520660647569714e+35,5.2520660647569714e+35,10,10
sweep-split-active-surface-compact-uniform-annular-az24-gap36-q3-reg3e-06-m5,split-active-surface-modal,h1659-acoustic-compact,measured,5,uniform-annular,36.0,0,,,,,,,70_90,0.016015327337670415,0.1301562416982237,0.25394424277698135,1200.0,70.0,2.2324508687420033,3.757106457212382,3.757106457212382,2.2589753854849195,4.12905452365546,4.12905452365546,45.88449730596404,42.073673311582795,45.88449730596404,5.2520660647569714e+35,5.2520660647569714e+35,10,10
sweep-split-active-surface-compact-uniform-annular-az24-gap36-q3-reg3e-06-m5,split-active-surface-modal,h1659-acoustic-compact,measured,5,uniform-annular,36.0,0,,,,,,,80_90,0.03180454008969129,0.13163562258438752,0.2209957776796898,1165.838329384327,90.0,2.2324508687420033,3.757106457212382,3.757106457212382,2.2589753854849195,4.12905452365546,4.12905452365546,45.88449730596404,42.073673311582795,45.88449730596404,5.2520660647569714e+35,5.2520660647569714e+35,10,10
sweep-split-active-surface-compact-uniform-annular-az24-gap36-q3-reg3e-06-m5,split-active-surface-modal,h1659-acoustic-compact,measured,5,uniform-annular,36.0,0,,,,,,,90,0.11091273980145644,0.12259603178093191,0.2209957776796898,1165.838329384327,90.0,2.2324508687420033,3.757106457212382,3.757106457212382,2.2589753854849195,4.12905452365546,4.12905452365546,45.88449730596404,42.073673311582795,45.88449730596404,5.2520660647569714e+35,5.2520660647569714e+35,10,10
sweep-split-active-surface-compact-uniform-annular-az16-gap36-q3-reg1e-06-m6,split-active-surface-modal,h1659-acoustic-compact,measured,6,uniform-annular,36.0,0,,,,,,,0_60,-0.00027780147493021835,0.06611734717910651,0.2182312660618848,1038.6438732073716,60.0,2.5750235409024285,3.750443103793587,3.750443103793587,2.611749492851187,4.029470425096122,4.029470425096122,42.750614826239975,37.62476364051462,42.750614826239975,2.2457279431045875e+51,2.2457279431045875e+51,12,12
sweep-split-active-surface-compact-uniform-annular-az16-gap36-q3-reg1e-06-m6,split-active-surface-modal,h1659-acoustic-compact,measured,6,uniform-annular,36.0,0,,,,,,,70_90,0.03297973708320713,0.14365879840761334,0.24265908657136492,1100.4048518456054,70.0,2.5750235409024285,3.750443103793587,3.750443103793587,2.611749492851187,4.029470425096122,4.029470425096122,42.750614826239975,37.62476364051462,42.750614826239975,2.2457279431045875e+51,2.2457279431045875e+51,12,12
sweep-split-active-surface-compact-uniform-annular-az16-gap36-q3-reg1e-06-m6,split-active-surface-modal,h1659-acoustic-compact,measured,6,uniform-annular,36.0,0,,,,,,,80_90,0.045243750557274545,0.1399414510888423,0.20998503642601207,1038.6438732073716,90.0,2.5750235409024285,3.750443103793587,3.750443103793587,2.611749492851187,4.029470425096122,4.029470425096122,42.750614826239975,37.62476364051462,42.750614826239975,2.2457279431045875e+51,2.2457279431045875e+51,12,12
sweep-split-active-surface-compact-uniform-annular-az16-gap36-q3-reg1e-06-m6,split-active-surface-modal,h1659-acoustic-compact,measured,6,uniform-annular,36.0,0,,,,,,,90,0.11189413265876408,0.12424773816625904,0.20998503642601207,1038.6438732073716,90.0,2.5750235409024285,3.750443103793587,3.750443103793587,2.611749492851187,4.029470425096122,4.029470425096122,42.750614826239975,37.62476364051462,42.750614826239975,2.2457279431045875e+51,2.2457279431045875e+51,12,12
sweep-split-active-surface-compact-uniform-annular-az16-gap36-q3-reg3e-06-m6,split-active-surface-modal,h1659-acoustic-compact,measured,6,uniform-annular,36.0,0,,,,,,,0_60,-0.003203448127723676,0.05646209515663758,0.21569661189651868,1132.6491752180323,60.0,2.2698530080625052,3.7532987577300823,3.7532987577300823,2.2985426965942657,4.112036083409622,4.112036083409622,45.53322764318439,41.52868933874875,45.53322764318439,2.2457279431045875e+51,2.2457279431045875e+51,12,12
sweep-split-active-surface-compact-uniform-annular-az16-gap36-q3-reg3e-06-m6,split-active-surface-modal,h1659-acoustic-compact,measured,6,uniform-annular,36.0,0,,,,,,,70_90,0.01755328272336673,0.13223779669872146,0.2556101887148756,1200.0,70.0,2.2698530080625052,3.7532987577300823,3.7532987577300823,2.2985426965942657,4.112036083409622,4.112036083409622,45.53322764318439,41.52868933874875,45.53322764318439,2.2457279431045875e+51,2.2457279431045875e+51,12,12
sweep-split-active-surface-compact-uniform-annular-az16-gap36-q3-reg3e-06-m6,split-active-surface-modal,h1659-acoustic-compact,measured,6,uniform-annular,36.0,0,,,,,,,80_90,0.0329508591513107,0.1329183235059049,0.22090561818521337,1165.838329384327,90.0,2.2698530080625052,3.7532987577300823,3.7532987577300823,2.2985426965942657,4.112036083409622,4.112036083409622,45.53322764318439,41.52868933874875,45.53322764318439,2.2457279431045875e+51,2.2457279431045875e+51,12,12
sweep-split-active-surface-compact-uniform-annular-az16-gap36-q3-reg3e-06-m6,split-active-surface-modal,h1659-acoustic-compact,measured,6,uniform-annular,36.0,0,,,,,,,90,0.1106034645881906,0.1226875197135584,0.22090561818521337,1165.838329384327,90.0,2.2698530080625052,3.7532987577300823,3.7532987577300823,2.2985426965942657,4.112036083409622,4.112036083409622,45.53322764318439,41.52868933874875,45.53322764318439,2.2457279431045875e+51,2.2457279431045875e+51,12,12
sweep-split-active-surface-compact-uniform-annular-az24-gap36-q3-reg1e-06-m6,split-active-surface-modal,h1659-acoustic-compact,measured,6,uniform-annular,36.0,0,,,,,,,0_60,-0.0004517846854525735,0.06599986223968138,0.21660658030278057,1009.0756983044574,60.0,2.5855594121325782,3.7476084070422866,3.7476084070422866,2.622306552424754,4.024839353942841,4.024839353942841,42.66322849005594,37.50938130066681,42.66322849005594,1.0921281217283958e+51,1.0921281217283958e+51,12,12
sweep-split-active-surface-compact-uniform-annular-az24-gap36-q3-reg1e-06-m6,split-active-surface-modal,h1659-acoustic-compact,measured,6,uniform-annular,36.0,0,,,,,,,70_90,0.03303985578833063,0.14329799728311468,0.24030232980801003,1100.4048518456054,70.0,2.5855594121325782,3.7476084070422866,3.7476084070422866,2.622306552424754,4.024839353942841,4.024839353942841,42.66322849005594,37.50938130066681,42.66322849005594,1.0921281217283958e+51,1.0921281217283958e+51,12,12
sweep-split-active-surface-compact-uniform-annular-az24-gap36-q3-reg1e-06-m6,split-active-surface-modal,h1659-acoustic-compact,measured,6,uniform-annular,36.0,0,,,,,,,80_90,0.045234355119167825,0.1395288202910561,0.20856956978438745,1038.6438732073716,90.0,2.5855594121325782,3.7476084070422866,3.7476084070422866,2.622306552424754,4.024839353942841,4.024839353942841,42.66322849005594,37.50938130066681,42.66322849005594,1.0921281217283958e+51,1.0921281217283958e+51,12,12
sweep-split-active-surface-compact-uniform-annular-az24-gap36-q3-reg1e-06-m6,split-active-surface-modal,h1659-acoustic-compact,measured,6,uniform-annular,36.0,0,,,,,,,90,0.1116237486129817,0.12369094577904982,0.20856956978438745,1038.6438732073716,90.0,2.5855594121325782,3.7476084070422866,3.7476084070422866,2.622306552424754,4.024839353942841,4.024839353942841,42.66322849005594,37.50938130066681,42.66322849005594,1.0921281217283958e+51,1.0921281217283958e+51,12,12
sweep-split-active-surface-compact-uniform-annular-az24-gap36-q3-reg3e-06-m6,split-active-surface-modal,h1659-acoustic-compact,measured,6,uniform-annular,36.0,0,,,,,,,0_60,-0.0032719392400355194,0.056558678262285146,0.214378940044476,1132.6491752180323,60.0,2.279357997559144,3.749060494371414,3.749060494371414,2.3082853038206044,4.1052192831243355,4.1052192831243355,45.463909825558105,41.40993808126491,45.463909825558105,1.0921281217283958e+51,1.0921281217283958e+51,12,12
sweep-split-active-surface-compact-uniform-annular-az24-gap36-q3-reg3e-06-m6,split-active-surface-modal,h1659-acoustic-compact,measured,6,uniform-annular,36.0,0,,,,,,,70_90,0.017719805685019588,0.13235849998279772,0.2539169309783631,1200.0,70.0,2.279357997559144,3.749060494371414,3.749060494371414,2.3082853038206044,4.1052192831243355,4.1052192831243355,45.463909825558105,41.40993808126491,45.463909825558105,1.0921281217283958e+51,1.0921281217283958e+51,12,12
sweep-split-active-surface-compact-uniform-annular-az24-gap36-q3-reg3e-06-m6,split-active-surface-modal,h1659-acoustic-compact,measured,6,uniform-annular,36.0,0,,,,,,,80_90,0.03305399332261594,0.13291592947841954,0.21912581374106566,1165.838329384327,90.0,2.279357997559144,3.749060494371414,3.749060494371414,2.3082853038206044,4.1052192831243355,4.1052192831243355,45.463909825558105,41.40993808126491,45.463909825558105,1.0921281217283958e+51,1.0921281217283958e+51,12,12
sweep-split-active-surface-compact-uniform-annular-az24-gap36-q3-reg3e-06-m6,split-active-surface-modal,h1659-acoustic-compact,measured,6,uniform-annular,36.0,0,,,,,,,90,0.11047013493259181,0.1224578500998477,0.21912581374106566,1165.838329384327,90.0,2.279357997559144,3.749060494371414,3.749060494371414,2.3082853038206044,4.1052192831243355,4.1052192831243355,45.463909825558105,41.40993808126491,45.463909825558105,1.0921281217283958e+51,1.0921281217283958e+51,12,12
sweep-split-active-surface-compact-uniform-annular-az16-gap36-q3-reg1e-06-m7,split-active-surface-modal,h1659-acoustic-compact,measured,7,uniform-annular,36.0,0,,,,,,,0_60,0.00039105870201836814,0.06719229245102014,0.21872891038186992,1009.0756983044574,60.0,2.619596694668682,3.754477336472273,3.754477336472273,2.65681040725121,4.024210046479836,4.024210046479836,42.306008975850496,37.07911189938953,42.306008975850496,6.597056839217158e+67,6.597056839217158e+67,14,14
sweep-split-active-surface-compact-uniform-annular-az16-gap36-q3-reg1e-06-m7,split-active-surface-modal,h1659-acoustic-compact,measured,7,uniform-annular,36.0,0,,,,,,,70_90,0.035703934770261014,0.1447511946508777,0.24078825798087422,1069.0784617684071,70.0,2.619596694668682,3.754477336472273,3.754477336472273,2.65681040725121,4.024210046479836,4.024210046479836,42.306008975850496,37.07911189938953,42.306008975850496,6.597056839217158e+67,6.597056839217158e+67,14,14
sweep-split-active-surface-compact-uniform-annular-az16-gap36-q3-reg1e-06-m7,split-active-surface-modal,h1659-acoustic-compact,measured,7,uniform-annular,36.0,0,,,,,,,80_90,0.04747399306442763,0.14059287773481557,0.2090062270207227,1038.6438732073716,90.0,2.619596694668682,3.754477336472273,3.754477336472273,2.65681040725121,4.024210046479836,4.024210046479836,42.306008975850496,37.07911189938953,42.306008975850496,6.597056839217158e+67,6.597056839217158e+67,14,14
sweep-split-active-surface-compact-uniform-annular-az16-gap36-q3-reg1e-06-m7,split-active-surface-modal,h1659-acoustic-compact,measured,7,uniform-annular,36.0,0,,,,,,,90,0.11246083091520072,0.12459101389324592,0.2090062270207227,1038.6438732073716,90.0,2.619596694668682,3.754477336472273,3.754477336472273,2.65681040725121,4.024210046479836,4.024210046479836,42.306008975850496,37.07911189938953,42.306008975850496,6.597056839217158e+67,6.597056839217158e+67,14,14
sweep-split-active-surface-compact-uniform-annular-az16-gap36-q3-reg3e-06-m7,split-active-surface-modal,h1659-acoustic-compact,measured,7,uniform-annular,36.0,0,,,,,,,0_60,-0.003030723956513954,0.05799768030456724,0.2165273826841414,1132.6491752180323,60.0,2.310456378530669,3.7482494897506227,3.7482494897506227,2.340930695905312,4.094164035609423,4.094164035609423,45.16884651252983,40.97149845342384,45.16884651252983,6.597056839217158e+67,6.597056839217158e+67,14,14
sweep-split-active-surface-compact-uniform-annular-az16-gap36-q3-reg3e-06-m7,split-active-surface-modal,h1659-acoustic-compact,measured,7,uniform-annular,36.0,0,,,,,,,70_90,0.01920000463297806,0.13410435726442974,0.2550885114180943,1200.0,70.0,2.310456378530669,3.7482494897506227,3.7482494897506227,2.340930695905312,4.094164035609423,4.094164035609423,45.16884651252983,40.97149845342384,45.16884651252983,6.597056839217158e+67,6.597056839217158e+67,14,14
sweep-split-active-surface-compact-uniform-annular-az16-gap36-q3-reg3e-06-m7,split-active-surface-modal,h1659-acoustic-compact,measured,7,uniform-annular,36.0,0,,,,,,,80_90,0.034199245650191855,0.13403826586167622,0.21906179879586318,1165.838329384327,90.0,2.310456378530669,3.7482494897506227,3.7482494897506227,2.340930695905312,4.094164035609423,4.094164035609423,45.16884651252983,40.97149845342384,45.16884651252983,6.597056839217158e+67,6.597056839217158e+67,14,14
sweep-split-active-surface-compact-uniform-annular-az16-gap36-q3-reg3e-06-m7,split-active-surface-modal,h1659-acoustic-compact,measured,7,uniform-annular,36.0,0,,,,,,,90,0.11039472228365099,0.12270625425202868,0.21906179879586318,1165.838329384327,90.0,2.310456378530669,3.7482494897506227,3.7482494897506227,2.340930695905312,4.094164035609423,4.094164035609423,45.16884651252983,40.97149845342384,45.16884651252983,6.597056839217158e+67,6.597056839217158e+67,14,14
sweep-split-active-surface-compact-uniform-annular-az24-gap36-q3-reg1e-06-m7,split-active-surface-modal,h1659-acoustic-compact,measured,7,uniform-annular,36.0,0,,,,,,,0_60,0.00018745942647930324,0.06705431991732433,0.21730140764054795,1009.0756983044574,60.0,2.6301733711819018,3.7516069613226275,3.7516069613226275,2.6673997561295204,4.0196058142246605,4.0196058142246605,42.21595610085576,36.9629565617342,42.21595610085576,2.6681087099739227e+67,2.6681087099739227e+67,14,14
sweep-split-active-surface-compact-uniform-annular-az24-gap36-q3-reg1e-06-m7,split-active-surface-modal,h1659-acoustic-compact,measured,7,uniform-annular,36.0,0,,,,,,,70_90,0.03572737338916377,0.14430260822438232,0.2387759187054712,1069.0784617684071,70.0,2.6301733711819018,3.7516069613226275,3.7516069613226275,2.6673997561295204,4.0196058142246605,4.0196058142246605,42.21595610085576,36.9629565617342,42.21595610085576,2.6681087099739227e+67,2.6681087099739227e+67,14,14
sweep-split-active-surface-compact-uniform-annular-az24-gap36-q3-reg1e-06-m7,split-active-surface-modal,h1659-acoustic-compact,measured,7,uniform-annular,36.0,0,,,,,,,80_90,0.04742605885641667,0.140102286737317,0.20758582829297723,1009.0756983044574,90.0,2.6301733711819018,3.7516069613226275,3.7516069613226275,2.6673997561295204,4.0196058142246605,4.0196058142246605,42.21595610085576,36.9629565617342,42.21595610085576,2.6681087099739227e+67,2.6681087099739227e+67,14,14
sweep-split-active-surface-compact-uniform-annular-az24-gap36-q3-reg1e-06-m7,split-active-surface-modal,h1659-acoustic-compact,measured,7,uniform-annular,36.0,0,,,,,,,90,0.11214556626174818,0.12396901416258946,0.20758582829297723,1009.0756983044574,90.0,2.6301733711819018,3.7516069613226275,3.7516069613226275,2.6673997561295204,4.0196058142246605,4.0196058142246605,42.21595610085576,36.9629565617342,42.21595610085576,2.6681087099739227e+67,2.6681087099739227e+67,14,14
sweep-split-active-surface-compact-uniform-annular-az24-gap36-q3-reg3e-06-m7,split-active-surface-modal,h1659-acoustic-compact,measured,7,uniform-annular,36.0,0,,,,,,,0_60,-0.0031064085548644605,0.05806592461889654,0.21479759545790245,1132.6491752180323,60.0,2.3202145328506703,3.7444349109303623,3.7444349109303623,2.3508796539986974,4.0879107886131925,4.0879107886131925,45.095380383575346,40.85391137102455,45.095380383575346,2.6681087099739227e+67,2.6681087099739227e+67,14,14
sweep-split-active-surface-compact-uniform-annular-az24-gap36-q3-reg3e-06-m7,split-active-surface-modal,h1659-acoustic-compact,measured,7,uniform-annular,36.0,0,,,,,,,70_90,0.019363094743726054,0.13417640821074867,0.25301382318058074,1200.0,70.0,2.3202145328506703,3.7444349109303623,3.7444349109303623,2.3508796539986974,4.0879107886131925,4.0879107886131925,45.095380383575346,40.85391137102455,45.095380383575346,2.6681087099739227e+67,2.6681087099739227e+67,14,14
sweep-split-active-surface-compact-uniform-annular-az24-gap36-q3-reg3e-06-m7,split-active-surface-modal,h1659-acoustic-compact,measured,7,uniform-annular,36.0,0,,,,,,,80_90,0.034298702936431245,0.13399683605692048,0.21721026254967768,1132.6491752180323,90.0,2.3202145328506703,3.7444349109303623,3.7444349109303623,2.3508796539986974,4.0879107886131925,4.0879107886131925,45.095380383575346,40.85391137102455,45.095380383575346,2.6681087099739227e+67,2.6681087099739227e+67,14,14
sweep-split-active-surface-compact-uniform-annular-az24-gap36-q3-reg3e-06-m7,split-active-surface-modal,h1659-acoustic-compact,measured,7,uniform-annular,36.0,0,,,,,,,90,0.11025622951408261,0.12244754256755655,0.21721026254967768,1132.6491752180323,90.0,2.3202145328506703,3.7444349109303623,3.7444349109303623,2.3508796539986974,4.0879107886131925,4.0879107886131925,45.095380383575346,40.85391137102455,45.095380383575346,2.6681087099739227e+67,2.6681087099739227e+67,14,14
sweep-split-active-surface-full-uniform-annular-az16-gap24-q3-reg1e-06-m5,split-active-surface-modal,h1659-acoustic-full,measured,5,uniform-annular,24.0,0,,,,,,,0_60,0.001240520222314235,0.07265012607748662,0.2702981038374048,1132.6491752180323,60.0,2.0468005791977975,3.8004637024755357,3.8004637024755357,2.079701854558558,4.125665405059766,4.125665405059766,45.01629903305931,39.76324742738864,45.01629903305931,9.675293030922028e+35,9.675293030922028e+35,10,10
sweep-split-active-surface-full-uniform-annular-az16-gap24-q3-reg1e-06-m5,split-active-surface-modal,h1659-acoustic-full,measured,5,uniform-annular,24.0,0,,,,,,,70_90,0.021980859669528122,0.15042092294246387,0.2857992426750826,1200.0,70.0,2.0468005791977975,3.8004637024755357,3.8004637024755357,2.079701854558558,4.125665405059766,4.125665405059766,45.01629903305931,39.76324742738864,45.01629903305931,9.675293030922028e+35,9.675293030922028e+35,10,10
sweep-split-active-surface-full-uniform-annular-az16-gap24-q3-reg1e-06-m5,split-active-surface-modal,h1659-acoustic-full,measured,5,uniform-annular,24.0,0,,,,,,,80_90,0.037511591798866026,0.15006963250954342,0.2734537868426088,1165.838329384327,90.0,2.0468005791977975,3.8004637024755357,3.8004637024755357,2.079701854558558,4.125665405059766,4.125665405059766,45.01629903305931,39.76324742738864,45.01629903305931,9.675293030922028e+35,9.675293030922028e+35,10,10
sweep-split-active-surface-full-uniform-annular-az16-gap24-q3-reg1e-06-m5,split-active-surface-modal,h1659-acoustic-full,measured,5,uniform-annular,24.0,0,,,,,,,90,0.11431620507943163,0.13793805329002923,0.2734537868426088,1165.838329384327,90.0,2.0468005791977975,3.8004637024755357,3.8004637024755357,2.079701854558558,4.125665405059766,4.125665405059766,45.01629903305931,39.76324742738864,45.01629903305931,9.675293030922028e+35,9.675293030922028e+35,10,10
sweep-split-active-surface-full-uniform-annular-az16-gap24-q3-reg3e-06-m5,split-active-surface-modal,h1659-acoustic-full,measured,5,uniform-annular,24.0,0,,,,,,,0_60,-0.0024076415691554327,0.05824698053360808,0.2613446955017267,1200.0,60.0,1.8693513849174834,3.9426395068108,3.9426395068108,1.8728309307925057,4.376979904390354,4.376979904390354,47.372177482219485,43.34181756318481,47.372177482219485,9.675293030922028e+35,9.675293030922028e+35,10,10
sweep-split-active-surface-full-uniform-annular-az16-gap24-q3-reg3e-06-m5,split-active-surface-modal,h1659-acoustic-full,measured,5,uniform-annular,24.0,0,,,,,,,70_90,0.009283557629283644,0.13392029114656384,0.28601304554282336,1200.0,90.0,1.8693513849174834,3.9426395068108,3.9426395068108,1.8728309307925057,4.376979904390354,4.376979904390354,47.372177482219485,43.34181756318481,47.372177482219485,9.675293030922028e+35,9.675293030922028e+35,10,10
sweep-split-active-surface-full-uniform-annular-az16-gap24-q3-reg3e-06-m5,split-active-surface-modal,h1659-acoustic-full,measured,5,uniform-annular,24.0,0,,,,,,,80_90,0.02779615284931678,0.13925963339960515,0.28601304554282336,1200.0,90.0,1.8693513849174834,3.9426395068108,3.9426395068108,1.8728309307925057,4.376979904390354,4.376979904390354,47.372177482219485,43.34181756318481,47.372177482219485,9.675293030922028e+35,9.675293030922028e+35,10,10
sweep-split-active-surface-full-uniform-annular-az16-gap24-q3-reg3e-06-m5,split-active-surface-modal,h1659-acoustic-full,measured,5,uniform-annular,24.0,0,,,,,,,90,0.11561178998422361,0.1351396897597709,0.28601304554282336,1200.0,90.0,1.8693513849174834,3.9426395068108,3.9426395068108,1.8728309307925057,4.376979904390354,4.376979904390354,47.372177482219485,43.34181756318481,47.372177482219485,9.675293030922028e+35,9.675293030922028e+35,10,10
sweep-split-active-surface-full-uniform-annular-az16-gap24-q3-reg1e-06-m7,split-active-surface-modal,h1659-acoustic-full,measured,7,uniform-annular,24.0,0,,,,,,,0_60,0.0030478045152399456,0.07609556310916603,0.26904807918958795,1100.4048518456054,60.0,2.116918847288195,3.7759952667675023,3.7759952667675023,2.153720745640714,4.074417599921076,4.074417599921076,44.226538484167634,38.708544035487705,44.226538484167634,1.995942626208904e+67,1.995942626208904e+67,14,14
sweep-split-active-surface-full-uniform-annular-az16-gap24-q3-reg1e-06-m7,split-active-surface-modal,h1659-acoustic-full,measured,7,uniform-annular,24.0,0,,,,,,,70_90,0.027624089885363003,0.15454510762484647,0.28071254812014956,1165.838329384327,70.0,2.116918847288195,3.7759952667675023,3.7759952667675023,2.153720745640714,4.074417599921076,4.074417599921076,44.226538484167634,38.708544035487705,44.226538484167634,1.995942626208904e+67,1.995942626208904e+67,14,14
sweep-split-active-surface-full-uniform-annular-az16-gap24-q3-reg1e-06-m7,split-active-surface-modal,h1659-acoustic-full,measured,7,uniform-annular,24.0,0,,,,,,,80_90,0.042125614246570575,0.15283426849967457,0.26619392718318835,1132.6491752180323,90.0,2.116918847288195,3.7759952667675023,3.7759952667675023,2.153720745640714,4.074417599921076,4.074417599921076,44.226538484167634,38.708544035487705,44.226538484167634,1.995942626208904e+67,1.995942626208904e+67,14,14
sweep-split-active-surface-full-uniform-annular-az16-gap24-q3-reg1e-06-m7,split-active-surface-modal,h1659-acoustic-full,measured,7,uniform-annular,24.0,0,,,,,,,90,0.11532133781420142,0.1390939837531277,0.26619392718318835,1132.6491752180323,90.0,2.116918847288195,3.7759952667675023,3.7759952667675023,2.153720745640714,4.074417599921076,4.074417599921076,44.226538484167634,38.708544035487705,44.226538484167634,1.995942626208904e+67,1.995942626208904e+67,14,14
sweep-split-active-surface-full-uniform-annular-az16-gap24-q3-reg3e-06-m7,split-active-surface-modal,h1659-acoustic-full,measured,7,uniform-annular,24.0,0,,,,,,,0_60,-0.0016793604223636833,0.06302142513603283,0.2676784650884443,1200.0,60.0,1.9135019618980054,3.885169280803149,3.885169280803149,1.929080385880631,4.282521670023347,4.282521670023347,46.678631471831444,42.21700639228424,46.678631471831444,1.995942626208904e+67,1.995942626208904e+67,14,14
sweep-split-active-surface-full-uniform-annular-az16-gap24-q3-reg3e-06-m7,split-active-surface-modal,h1659-acoustic-full,measured,7,uniform-annular,24.0,0,,,,,,,70_90,0.01215422914153506,0.13916261468522226,0.285673117184956,1200.0,90.0,1.9135019618980054,3.885169280803149,3.885169280803149,1.929080385880631,4.282521670023347,4.282521670023347,46.678631471831444,42.21700639228424,46.678631471831444,1.995942626208904e+67,1.995942626208904e+67,14,14
sweep-split-active-surface-full-uniform-annular-az16-gap24-q3-reg3e-06-m7,split-active-surface-modal,h1659-acoustic-full,measured,7,uniform-annular,24.0,0,,,,,,,80_90,0.02981088138456804,0.14257682185013823,0.285673117184956,1200.0,90.0,1.9135019618980054,3.885169280803149,3.885169280803149,1.929080385880631,4.282521670023347,4.282521670023347,46.678631471831444,42.21700639228424,46.678631471831444,1.995942626208904e+67,1.995942626208904e+67,14,14
sweep-split-active-surface-full-uniform-annular-az16-gap24-q3-reg3e-06-m7,split-active-surface-modal,h1659-acoustic-full,measured,7,uniform-annular,24.0,0,,,,,,,90,0.11437019178332068,0.13559261809452422,0.285673117184956,1200.0,90.0,1.9135019618980054,3.885169280803149,3.885169280803149,1.929080385880631,4.282521670023347,4.282521670023347,46.678631471831444,42.21700639228424,46.678631471831444,1.995942626208904e+67,1.995942626208904e+67,14,14
sweep-split-active-surface-full-uniform-annular-az16-gap32-q3-reg1e-06-m5,split-active-surface-modal,h1659-acoustic-full,measured,5,uniform-annular,32.0,0,,,,,,,0_60,-0.0009785650788882243,0.06644000810575273,0.2398960265821728,1100.4048518456054,60.0,2.214565910395234,3.728268983010655,3.728268983010655,2.2500921797419777,4.0367660166542265,4.0367660166542265,44.43530387950445,39.3157158627716,44.43530387950445,6.010162961647851e+35,6.010162961647851e+35,10,10
sweep-split-active-surface-full-uniform-annular-az16-gap32-q3-reg1e-06-m5,split-active-surface-modal,h1659-acoustic-full,measured,5,uniform-annular,32.0,0,,,,,,,70_90,0.023956792682204374,0.14435760353232943,0.26492824794544845,1165.838329384327,70.0,2.214565910395234,3.728268983010655,3.728268983010655,2.2500921797419777,4.0367660166542265,4.0367660166542265,44.43530387950445,39.3157158627716,44.43530387950445,6.010162961647851e+35,6.010162961647851e+35,10,10
sweep-split-active-surface-full-uniform-annular-az16-gap32-q3-reg1e-06-m5,split-active-surface-modal,h1659-acoustic-full,measured,5,uniform-annular,32.0,0,,,,,,,80_90,0.03821060206048846,0.1426877792292239,0.23712437873022907,1132.6491752180323,90.0,2.214565910395234,3.728268983010655,3.728268983010655,2.2500921797419777,4.0367660166542265,4.0367660166542265,44.43530387950445,39.3157158627716,44.43530387950445,6.010162961647851e+35,6.010162961647851e+35,10,10
sweep-split-active-surface-full-uniform-annular-az16-gap32-q3-reg1e-06-m5,split-active-surface-modal,h1659-acoustic-full,measured,5,uniform-annular,32.0,0,,,,,,,90,0.11129065895775864,0.12862300665293055,0.23712437873022907,1132.6491752180323,90.0,2.214565910395234,3.728268983010655,3.728268983010655,2.2500921797419777,4.0367660166542265,4.0367660166542265,44.43530387950445,39.3157158627716,44.43530387950445,6.010162961647851e+35,6.010162961647851e+35,10,10
sweep-split-active-surface-full-uniform-annular-az16-gap32-q3-reg3e-06-m5,split-active-surface-modal,h1659-acoustic-full,measured,5,uniform-annular,32.0,0,,,,,,,0_60,-0.0034372151736565878,0.05419846757858906,0.23377241779072477,1200.0,60.0,1.9824862181158887,3.807270951833638,3.807270951833638,1.9979830772592093,4.2158654474200725,4.2158654474200725,46.9489089263979,43.08362384083417,46.9489089263979,6.010162961647851e+35,6.010162961647851e+35,10,10
sweep-split-active-surface-full-uniform-annular-az16-gap32-q3-reg3e-06-m5,split-active-surface-modal,h1659-acoustic-full,measured,5,uniform-annular,32.0,0,,,,,,,70_90,0.01159197794613213,0.13001793607829248,0.2644361686143881,1200.0,70.0,1.9824862181158887,3.807270951833638,3.807270951833638,1.9979830772592093,4.2158654474200725,4.2158654474200725,46.9489089263979,43.08362384083417,46.9489089263979,6.010162961647851e+35,6.010162961647851e+35,10,10
sweep-split-active-surface-full-uniform-annular-az16-gap32-q3-reg3e-06-m5,split-active-surface-modal,h1659-acoustic-full,measured,5,uniform-annular,32.0,0,,,,,,,80_90,0.028809068017616093,0.13381744591221692,0.25013745246805996,1200.0,90.0,1.9824862181158887,3.807270951833638,3.807270951833638,1.9979830772592093,4.2158654474200725,4.2158654474200725,46.9489089263979,43.08362384083417,46.9489089263979,6.010162961647851e+35,6.010162961647851e+35,10,10
sweep-split-active-surface-full-uniform-annular-az16-gap32-q3-reg3e-06-m5,split-active-surface-modal,h1659-acoustic-full,measured,5,uniform-annular,32.0,0,,,,,,,90,0.11279430280913408,0.12761784949744565,0.25013745246805996,1200.0,90.0,1.9824862181158887,3.807270951833638,3.807270951833638,1.9979830772592093,4.2158654474200725,4.2158654474200725,46.9489089263979,43.08362384083417,46.9489089263979,6.010162961647851e+35,6.010162961647851e+35,10,10
sweep-split-active-surface-full-uniform-annular-az16-gap32-q3-reg1e-06-m7,split-active-surface-modal,h1659-acoustic-full,measured,7,uniform-annular,32.0,0,,,,,,,0_60,0.0005323471776753258,0.06945459969182786,0.23958196119624375,1069.0784617684071,60.0,2.2978116264672166,3.7201724290039397,3.7201724290039397,2.3359200282423105,4.004534831649793,4.004534831649793,43.584864833213366,38.19675706740329,43.584864833213366,1.2373168118807015e+67,1.2373168118807015e+67,14,14
sweep-split-active-surface-full-uniform-annular-az16-gap32-q3-reg1e-06-m7,split-active-surface-modal,h1659-acoustic-full,measured,7,uniform-annular,32.0,0,,,,,,,70_90,0.029493775156972903,0.1479211253331973,0.2602847472635972,1132.6491752180323,70.0,2.2978116264672166,3.7201724290039397,3.7201724290039397,2.3359200282423105,4.004534831649793,4.004534831649793,43.584864833213366,38.19675706740329,43.584864833213366,1.2373168118807015e+67,1.2373168118807015e+67,14,14
sweep-split-active-surface-full-uniform-annular-az16-gap32-q3-reg1e-06-m7,split-active-surface-modal,h1659-acoustic-full,measured,7,uniform-annular,32.0,0,,,,,,,80_90,0.04272339198919039,0.14499478016430087,0.2324321363257411,1100.4048518456054,90.0,2.2978116264672166,3.7201724290039397,3.7201724290039397,2.3359200282423105,4.004534831649793,4.004534831649793,43.584864833213366,38.19675706740329,43.584864833213366,1.2373168118807015e+67,1.2373168118807015e+67,14,14
sweep-split-active-surface-full-uniform-annular-az16-gap32-q3-reg1e-06-m7,split-active-surface-modal,h1659-acoustic-full,measured,7,uniform-annular,32.0,0,,,,,,,90,0.11224938784483182,0.12954726956106796,0.2324321363257411,1100.4048518456054,90.0,2.2978116264672166,3.7201724290039397,3.7201724290039397,2.3359200282423105,4.004534831649793,4.004534831649793,43.584864833213366,38.19675706740329,43.584864833213366,1.2373168118807015e+67,1.2373168118807015e+67,14,14
sweep-split-active-surface-full-uniform-annular-az16-gap32-q3-reg3e-06-m7,split-active-surface-modal,h1659-acoustic-full,measured,7,uniform-annular,32.0,0,,,,,,,0_60,-0.003103348464518247,0.05821634110001542,0.23740753693373762,1165.838329384327,60.0,2.0452791752011596,3.771725362947864,3.771725362947864,2.0691465954689643,4.14590930549831,4.14590930549831,46.20830338927916,41.90346700452674,46.20830338927916,1.2373168118807015e+67,1.2373168118807015e+67,14,14
sweep-split-active-surface-full-uniform-annular-az16-gap32-q3-reg3e-06-m7,split-active-surface-modal,h1659-acoustic-full,measured,7,uniform-annular,32.0,0,,,,,,,70_90,0.014375369221238388,0.13458882471788777,0.26918589607281973,1200.0,70.0,2.0452791752011596,3.771725362947864,3.771725362947864,2.0691465954689643,4.14590930549831,4.14590930549831,46.20830338927916,41.90346700452674,46.20830338927916,1.2373168118807015e+67,1.2373168118807015e+67,14,14
sweep-split-active-surface-full-uniform-annular-az16-gap32-q3-reg3e-06-m7,split-active-surface-modal,h1659-acoustic-full,measured,7,uniform-annular,32.0,0,,,,,,,80_90,0.030742747431552635,0.13650842627279194,0.24768626636572577,1200.0,90.0,2.0452791752011596,3.771725362947864,3.771725362947864,2.0691465954689643,4.14590930549831,4.14590930549831,46.20830338927916,41.90346700452674,46.20830338927916,1.2373168118807015e+67,1.2373168118807015e+67,14,14
sweep-split-active-surface-full-uniform-annular-az16-gap32-q3-reg3e-06-m7,split-active-surface-modal,h1659-acoustic-full,measured,7,uniform-annular,32.0,0,,,,,,,90,0.11148874815686625,0.12740242499915563,0.24768626636572577,1200.0,90.0,2.0452791752011596,3.771725362947864,3.771725362947864,2.0691465954689643,4.14590930549831,4.14590930549831,46.20830338927916,41.90346700452674,46.20830338927916,1.2373168118807015e+67,1.2373168118807015e+67,14,14
