ISO-10303-21;
HEADER;
FILE_DESCRIPTION(('Open CASCADE Model'),'2;1');
FILE_NAME('lx521_4_top_baffle_nd25fw4_variant_b1','2020-01-01T00:00:00',
  ('Author'),('Open CASCADE'),'Open CASCADE STEP processor 7.9',
  'build123d','Unknown');
FILE_SCHEMA(('AUTOMOTIVE_DESIGN { 1 0 10303 214 1 1 1 1 }'));
ENDSEC;
DATA;
#1 = APPLICATION_PROTOCOL_DEFINITION('international standard',
  'automotive_design',2000,#2);
#2 = APPLICATION_CONTEXT(
  'core data for automotive mechanical design processes');
#3 = SHAPE_DEFINITION_REPRESENTATION(#4,#10);
#4 = PRODUCT_DEFINITION_SHAPE('','',#5);
#5 = PRODUCT_DEFINITION('design','',#6,#9);
#6 = PRODUCT_DEFINITION_FORMATION('','',#7);
#7 = PRODUCT('lx521_4_top_baffle_nd25fw4_variant_b1',
  'lx521_4_top_baffle_nd25fw4_variant_b1','',(#8));
#8 = PRODUCT_CONTEXT('',#2,'mechanical');
#9 = PRODUCT_DEFINITION_CONTEXT('part definition',#2,'design');
#10 = ADVANCED_BREP_SHAPE_REPRESENTATION('',(#11,#15),#8719);
#11 = AXIS2_PLACEMENT_3D('',#12,#13,#14);
#12 = CARTESIAN_POINT('',(0.,0.,0.));
#13 = DIRECTION('',(0.,0.,1.));
#14 = DIRECTION('',(1.,0.,-0.));
#15 = MANIFOLD_SOLID_BREP('',#16);
#16 = CLOSED_SHELL('',(#17,#413,#1766,#1815,#2727,#3329,#3395,#3422,
    #3499,#3692,#3720,#3769,#3818,#3867,#4617,#4666,#4772,#4821,#4927,
    #4976,#5256,#5305,#5953,#6008,#6063,#6118,#6173,#6227,#6282,#6337,
    #6844,#6899,#6954,#7009,#7227,#7282,#7557,#7604,#7650,#7696,#7742,
    #7788,#7834,#7841,#7867,#8060,#8113,#8159,#8205,#8251,#8297,#8343,
    #8389,#8435,#8443,#8447,#8451,#8455,#8459,#8463,#8467,#8471,#8475,
    #8479,#8483,#8538,#8593,#8648,#8703,#8707,#8711,#8715));
#17 = ADVANCED_FACE('',(#18),#109,.T.);
#18 = FACE_BOUND('',#19,.T.);
#19 = EDGE_LOOP('',(#20,#329,#357,#387));
#20 = ORIENTED_EDGE('',*,*,#21,.T.);
#21 = EDGE_CURVE('',#22,#24,#26,.T.);
#22 = VERTEX_POINT('',#23);
#23 = CARTESIAN_POINT('',(-49.161,453.457,17.908394723136));
#24 = VERTEX_POINT('',#25);
#25 = CARTESIAN_POINT('',(-36.811,432.879,14.298058800012));
#26 = SURFACE_CURVE('',#27,(#108,#200),.PCURVE_S1.);
#27 = B_SPLINE_CURVE_WITH_KNOTS('',7,(#28,#29,#30,#31,#32,#33,#34,#35,
    #36,#37,#38,#39,#40,#41,#42,#43,#44,#45,#46,#47,#48,#49,#50,#51,#52,
    #53,#54,#55,#56,#57,#58,#59,#60,#61,#62,#63,#64,#65,#66,#67,#68,#69,
    #70,#71,#72,#73,#74,#75,#76,#77,#78,#79,#80,#81,#82,#83,#84,#85,#86,
    #87,#88,#89,#90,#91,#92,#93,#94,#95,#96,#97,#98,#99,#100,#101,#102,
    #103,#104,#105,#106,#107),.UNSPECIFIED.,.F.,.F.,(8,6,6,6,6,6,6,6,6,6
    ,6,6,6,8),(0.,8.339090632334E-02,0.188962582003,0.295576744859,
    0.403147988346,0.510756590946,0.627984338317,0.686041625328,
    0.744070263432,0.8012347631,0.829828975777,0.858339298001,
    0.970449191685,1.),.UNSPECIFIED.);
#28 = CARTESIAN_POINT('',(-49.161,453.457,17.908394723136));
#29 = CARTESIAN_POINT('',(-49.07225720726,453.17473159629,
    17.904883018079));
#30 = CARTESIAN_POINT('',(-48.98162413227,452.89311925308,
    17.898895261962));
#31 = CARTESIAN_POINT('',(-48.88912267517,452.61222762152,
    17.890334328287));
#32 = CARTESIAN_POINT('',(-48.79477918736,452.33212765688,
    17.879105152114));
#33 = CARTESIAN_POINT('',(-48.6986248949,452.0528963783,17.865115872576)
  );
#34 = CARTESIAN_POINT('',(-48.60069632189,451.77461662863,17.8482789754)
  );
#35 = CARTESIAN_POINT('',(-48.37486683231,451.14639528292,
    17.803488283036));
#36 = CARTESIAN_POINT('',(-48.24592301145,450.79708338286,
    17.773765208714));
#37 = CARTESIAN_POINT('',(-48.11426888941,450.44956153536,
    17.739614475063));
#38 = CARTESIAN_POINT('',(-47.97996543128,450.10392322029,
    17.701309118701));
#39 = CARTESIAN_POINT('',(-47.84306813797,449.76023637728,
    17.659120555217));
#40 = CARTESIAN_POINT('',(-47.70362525494,449.41854478697,
    17.613315184122));
#41 = CARTESIAN_POINT('',(-47.41832500243,448.73583993013,
    17.514501322532));
#42 = CARTESIAN_POINT('',(-47.27241955838,448.39487065498,
    17.461426926234));
#43 = CARTESIAN_POINT('',(-47.12400002618,448.05598277307,
    17.405193911932));
#44 = CARTESIAN_POINT('',(-46.9731010839,447.71918250953,17.346061646625
    ));
#45 = CARTESIAN_POINT('',(-46.8197506043,447.38446183076,17.284282397341
    ));
#46 = CARTESIAN_POINT('',(-46.66396854878,447.05179910673,17.2201009712)
  );
#47 = CARTESIAN_POINT('',(-46.34614298045,446.38755227434,
    17.086812142863));
#48 = CARTESIAN_POINT('',(-46.18405767071,446.05600852461,
    17.017666296774));
#49 = CARTESIAN_POINT('',(-46.01952136697,445.72649313874,
    16.946560855811));
#50 = CARTESIAN_POINT('',(-45.85254030524,445.39896574657,
    16.873731184805));
#51 = CARTESIAN_POINT('',(-45.68311413092,445.07337967762,
    16.799408695801));
#52 = CARTESIAN_POINT('',(-45.51123563742,444.74968270711,
    16.723819563413));
#53 = CARTESIAN_POINT('',(-45.16248708426,444.10584523851,
    16.570508688118));
#54 = CARTESIAN_POINT('',(-44.98561682421,443.78570878432,
    16.492787423077));
#55 = CARTESIAN_POINT('',(-44.80626740065,443.46735482337,
    16.414230586037));
#56 = CARTESIAN_POINT('',(-44.62442120359,443.15072812164,
    16.335051679647));
#57 = CARTESIAN_POINT('',(-44.44005610756,442.83577360164,
    16.255461754631));
#58 = CARTESIAN_POINT('',(-44.25314511159,442.52243605516,16.17567040184
    ));
#59 = CARTESIAN_POINT('',(-43.85722839241,441.87101394831,
    16.008971216873));
#60 = CARTESIAN_POINT('',(-43.6477435015,441.53322487179,15.922064666606
    ));
#61 = CARTESIAN_POINT('',(-43.43515718179,441.1972166032,15.835447067855
    ));
#62 = CARTESIAN_POINT('',(-43.21943182957,440.86293540532,15.74935836332
    ));
#63 = CARTESIAN_POINT('',(-43.00051879705,440.53031958178,
    15.664077879552));
#64 = CARTESIAN_POINT('',(-42.77837171672,440.19932154714,
    15.579865760798));
#65 = CARTESIAN_POINT('',(-42.44129251087,439.70674498453,
    15.455957587216));
#66 = CARTESIAN_POINT('',(-42.32884081074,439.54398147226,
    15.415246683597));
#67 = CARTESIAN_POINT('',(-42.21557715463,439.38159806288,
    15.374900369614));
#68 = CARTESIAN_POINT('',(-42.10149676755,439.21959173029,
    15.334946922308));
#69 = CARTESIAN_POINT('',(-41.9865914592,439.05795529065,15.295430579616
    ));
#70 = CARTESIAN_POINT('',(-41.87085824752,438.89668917254,
    15.256373474629));
#71 = CARTESIAN_POINT('',(-41.63777717274,438.57496444331,
    15.179288914646));
#72 = CARTESIAN_POINT('',(-41.52043031121,438.41450568481,
    15.141260685183));
#73 = CARTESIAN_POINT('',(-41.40224108404,438.25440591369,
    15.103778586331));
#74 = CARTESIAN_POINT('',(-41.28320259059,438.09466118406,
    15.066884973578));
#75 = CARTESIAN_POINT('',(-41.16330830995,437.93526852356,15.03062296595
    ));
#76 = CARTESIAN_POINT('',(-41.04255210094,437.77622593336,
    14.995036446007));
#77 = CARTESIAN_POINT('',(-40.80111547605,437.46120204146,
    14.925822889465));
#78 = CARTESIAN_POINT('',(-40.68046090633,437.30521059295,
    14.892174604588));
#79 = CARTESIAN_POINT('',(-40.55895895109,437.1495570541,14.859267933701
    ));
#80 = CARTESIAN_POINT('',(-40.43660485738,436.99424166757,14.8271464024)
  );
#81 = CARTESIAN_POINT('',(-40.31339466119,436.83926590722,
    14.795854333395));
#82 = CARTESIAN_POINT('',(-40.18932518747,436.68463247805,
    14.765436846511));
#83 = CARTESIAN_POINT('',(-40.00190233706,436.45316944758,
    14.721185191919));
#84 = CARTESIAN_POINT('',(-39.93919507061,436.37608025793,
    14.706660674511));
#85 = CARTESIAN_POINT('',(-39.87627186968,436.29907812767,
    14.692372841379));
#86 = CARTESIAN_POINT('',(-39.81313274767,436.22216391763,
    14.678326140818));
#87 = CARTESIAN_POINT('',(-39.74977748686,436.1453382164,14.664526944374
    ));
#88 = CARTESIAN_POINT('',(-39.68620577728,436.06860150328,
    14.650982727141));
#89 = CARTESIAN_POINT('',(-39.55881760517,435.91553381726,
    14.624449089516));
#90 = CARTESIAN_POINT('',(-39.49500245726,435.83920237189,
    14.611458011509));
#91 = CARTESIAN_POINT('',(-39.43097315422,435.76296230176,
    14.598726356396));
#92 = CARTESIAN_POINT('',(-39.36673023196,435.68681506573,
    14.586257306153));
#93 = CARTESIAN_POINT('',(-39.30227428462,435.61076217053,
    14.574054052774));
#94 = CARTESIAN_POINT('',(-39.23760596456,435.53480517069,
    14.562119798279));
#95 = CARTESIAN_POINT('',(-38.91760126488,435.16064666485,
    14.504599610604));
#96 = CARTESIAN_POINT('',(-38.65920381027,434.86385536628,
    14.462950628623));
#97 = CARTESIAN_POINT('',(-38.39757661036,434.56866870415,
    14.425705637962));
#98 = CARTESIAN_POINT('',(-38.13277825872,434.27519626937,14.39306177104
    ));
#99 = CARTESIAN_POINT('',(-37.86488465397,433.98355945977,
    14.365215173585));
#100 = CARTESIAN_POINT('',(-37.5939907032,433.69389062749,
    14.342357714728));
#101 = CARTESIAN_POINT('',(-37.24804728612,433.33053531918,
    14.320012404512));
#102 = CARTESIAN_POINT('',(-37.17568211874,433.2548850391,
    14.315713869272));
#103 = CARTESIAN_POINT('',(-37.1031213911,433.17938688374,
    14.311732813335));
#104 = CARTESIAN_POINT('',(-37.03036942111,433.10404563286,
    14.308023203227));
#105 = CARTESIAN_POINT('',(-36.9574299297,433.0288653323,14.304538603294
    ));
#106 = CARTESIAN_POINT('',(-36.8843059939,432.95384927799,
    14.301232528965));
#107 = CARTESIAN_POINT('',(-36.811,432.879,14.298058800012));
#108 = PCURVE('',#109,#117);
#109 = SURFACE_OF_LINEAR_EXTRUSION('',#110,#115);
#110 = B_SPLINE_CURVE_WITH_KNOTS('',3,(#111,#112,#113,#114),
  .UNSPECIFIED.,.F.,.F.,(4,4),(0.,1.),.PIECEWISE_BEZIER_KNOTS.);
#111 = CARTESIAN_POINT('',(-36.811,432.879,0.));
#112 = CARTESIAN_POINT('',(-42.416,438.602,0.));
#113 = CARTESIAN_POINT('',(-46.699,445.626,0.));
#114 = CARTESIAN_POINT('',(-49.161,453.457,0.));
#115 = VECTOR('',#116,1.);
#116 = DIRECTION('',(0.,0.,-1.));
#117 = DEFINITIONAL_REPRESENTATION('',(#118),#199);
#118 = B_SPLINE_CURVE_WITH_KNOTS('',7,(#119,#120,#121,#122,#123,#124,
    #125,#126,#127,#128,#129,#130,#131,#132,#133,#134,#135,#136,#137,
    #138,#139,#140,#141,#142,#143,#144,#145,#146,#147,#148,#149,#150,
    #151,#152,#153,#154,#155,#156,#157,#158,#159,#160,#161,#162,#163,
    #164,#165,#166,#167,#168,#169,#170,#171,#172,#173,#174,#175,#176,
    #177,#178,#179,#180,#181,#182,#183,#184,#185,#186,#187,#188,#189,
    #190,#191,#192,#193,#194,#195,#196,#197,#198),.UNSPECIFIED.,.F.,.F.,
  (8,6,6,6,6,6,6,6,6,6,6,6,6,8),(0.,8.339090632334E-02,0.188962582003,
    0.295576744859,0.403147988346,0.510756590946,0.627984338317,
    0.686041625328,0.744070263432,0.8012347631,0.829828975777,
    0.858339298001,0.970449191685,1.),.UNSPECIFIED.);
#119 = CARTESIAN_POINT('',(1.,-17.90839472313));
#120 = CARTESIAN_POINT('',(0.987984999629,-17.90488301807));
#121 = CARTESIAN_POINT('',(0.975963212916,-17.89889526196));
#122 = CARTESIAN_POINT('',(0.963936963964,-17.89033432828));
#123 = CARTESIAN_POINT('',(0.951908883222,-17.87910515211));
#124 = CARTESIAN_POINT('',(0.939881908597,-17.86511587257));
#125 = CARTESIAN_POINT('',(0.927859286557,-17.8482789754));
#126 = CARTESIAN_POINT('',(0.900634120771,-17.80348828303));
#127 = CARTESIAN_POINT('',(0.885436469439,-17.77376520871));
#128 = CARTESIAN_POINT('',(0.870256278645,-17.73961447506));
#129 = CARTESIAN_POINT('',(0.855097157193,-17.7013091187));
#130 = CARTESIAN_POINT('',(0.839961685096,-17.65912055521));
#131 = CARTESIAN_POINT('',(0.824851435383,-17.61331518412));
#132 = CARTESIAN_POINT('',(0.794533602305,-17.51450132253));
#133 = CARTESIAN_POINT('',(0.779326707718,-17.46142692623));
#134 = CARTESIAN_POINT('',(0.7641468977,-17.40519391193));
#135 = CARTESIAN_POINT('',(0.748994122197,-17.34606164662));
#136 = CARTESIAN_POINT('',(0.733867696485,-17.28428239734));
#137 = CARTESIAN_POINT('',(0.718766302101,-17.2201009712));
#138 = CARTESIAN_POINT('',(0.688474314716,-17.08681214286));
#139 = CARTESIAN_POINT('',(0.67328431426,-17.01766629677));
#140 = CARTESIAN_POINT('',(0.658115989433,-16.94656085581));
#141 = CARTESIAN_POINT('',(0.642967071983,-16.8737311848));
#142 = CARTESIAN_POINT('',(0.627834943521,-16.7994086958));
#143 = CARTESIAN_POINT('',(0.612716652306,-16.72381956341));
#144 = CARTESIAN_POINT('',(0.582496152287,-16.57050868811));
#145 = CARTESIAN_POINT('',(0.567394081201,-16.49278742307));
#146 = CARTESIAN_POINT('',(0.552299608085,-16.41423058603));
#147 = CARTESIAN_POINT('',(0.537209459999,-16.33505167964));
#148 = CARTESIAN_POINT('',(0.522120271983,-16.25546175463));
#149 = CARTESIAN_POINT('',(0.507028563613,-16.17567040184));
#150 = CARTESIAN_POINT('',(0.475483269206,-16.00897121687));
#151 = CARTESIAN_POINT('',(0.459028723831,-15.9220646666));
#152 = CARTESIAN_POINT('',(0.442562202256,-15.83544706785));
#153 = CARTESIAN_POINT('',(0.426079738773,-15.74935836332));
#154 = CARTESIAN_POINT('',(0.409576824917,-15.66407787955));
#155 = CARTESIAN_POINT('',(0.393049468442,-15.57986576079));
#156 = CARTESIAN_POINT('',(0.368294189082,-15.45595758721));
#157 = CARTESIAN_POINT('',(0.360087858637,-15.41524668359));
#158 = CARTESIAN_POINT('',(0.351874044163,-15.37490036961));
#159 = CARTESIAN_POINT('',(0.343652370198,-15.3349469223));
#160 = CARTESIAN_POINT('',(0.335422236749,-15.29543057961));
#161 = CARTESIAN_POINT('',(0.327183424873,-15.25637347462));
#162 = CARTESIAN_POINT('',(0.310691369005,-15.17928891464));
#163 = CARTESIAN_POINT('',(0.302438145484,-15.14126068518));
#164 = CARTESIAN_POINT('',(0.294175186383,-15.10377858633));
#165 = CARTESIAN_POINT('',(0.285902026461,-15.06688497357));
#166 = CARTESIAN_POINT('',(0.277618240187,-15.03062296595));
#167 = CARTESIAN_POINT('',(0.269323441739,-14.995036446));
#168 = CARTESIAN_POINT('',(0.252834820116,-14.92582288946));
#169 = CARTESIAN_POINT('',(0.244641343205,-14.89217460458));
#170 = CARTESIAN_POINT('',(0.236436522113,-14.8592679337));
#171 = CARTESIAN_POINT('',(0.228220083009,-14.8271464024));
#172 = CARTESIAN_POINT('',(0.219991810395,-14.79585433339));
#173 = CARTESIAN_POINT('',(0.211751547105,-14.76543684651));
#174 = CARTESIAN_POINT('',(0.199371290928,-14.72118519191));
#175 = CARTESIAN_POINT('',(0.19524036504,-14.70666067451));
#176 = CARTESIAN_POINT('',(0.19110639847,-14.69237284137));
#177 = CARTESIAN_POINT('',(0.186969398764,-14.67832614081));
#178 = CARTESIAN_POINT('',(0.182829358487,-14.66452694437));
#179 = CARTESIAN_POINT('',(0.178686264119,-14.65098272714));
#180 = CARTESIAN_POINT('',(0.17040620898,-14.62444908951));
#181 = CARTESIAN_POINT('',(0.166269269027,-14.6114580115));
#182 = CARTESIAN_POINT('',(0.16212937196,-14.59872635639));
#183 = CARTESIAN_POINT('',(0.157986557998,-14.58625730615));
#184 = CARTESIAN_POINT('',(0.153840870321,-14.57405405277));
#185 = CARTESIAN_POINT('',(0.149692355074,-14.56211979827));
#186 = CARTESIAN_POINT('',(0.129217110594,-14.5045996106));
#187 = CARTESIAN_POINT('',(0.112850204487,-14.46295062862));
#188 = CARTESIAN_POINT('',(9.644330935886E-02,-14.42570563796));
#189 = CARTESIAN_POINT('',(8.00001828567E-02,-14.39306177104));
#190 = CARTESIAN_POINT('',(6.352540451498E-02,-14.36521517358));
#191 = CARTESIAN_POINT('',(4.70244063163E-02,-14.34235771472));
#192 = CARTESIAN_POINT('',(2.614879356676E-02,-14.32001240451));
#193 = CARTESIAN_POINT('',(2.179270082325E-02,-14.31571386927));
#194 = CARTESIAN_POINT('',(1.743550667014E-02,-14.31173281333));
#195 = CARTESIAN_POINT('',(1.307745530125E-02,-14.30802320322));
#196 = CARTESIAN_POINT('',(8.718751644881E-03,-14.30453860329));
#197 = CARTESIAN_POINT('',(4.359559554611E-03,-14.30123252896));
#198 = CARTESIAN_POINT('',(0.,-14.29805880001));
#199 = ( GEOMETRIC_REPRESENTATION_CONTEXT(2) 
PARAMETRIC_REPRESENTATION_CONTEXT() REPRESENTATION_CONTEXT('2D SPACE',''
  ) );
#200 = PCURVE('',#201,#246);
#201 = ( BOUNDED_SURFACE() B_SPLINE_SURFACE(1,3,(
    (#202,#203,#204,#205,#206,#207,#208,#209,#210,#211,#212,#213,#214
      ,#215,#216,#217,#218,#219,#220,#221,#222,#223)
    ,(#224,#225,#226,#227,#228,#229,#230,#231,#232,#233,#234,#235,#236
      ,#237,#238,#239,#240,#241,#242,#243,#244,#245
)),.UNSPECIFIED.,.F.,.F.,.F.) B_SPLINE_SURFACE_WITH_KNOTS((2,2),(4,1,1,1
    ,1,1,1,1,1,1,1,1,1,1,1,1,1,1,1,4),(10.,11.),(0.,5.218380768594E-02,
    0.104924849979,0.158249728388,0.212037422186,0.266073258756,
    0.320098130577,0.373854821642,0.427134464983,0.479826107743,
    0.531971081028,0.583831321693,0.635742389654,0.687819682816,
    0.740024789052,0.792245645251,0.844362126807,0.89631140842,
0.94815736877,1.),.UNSPECIFIED.) GEOMETRIC_REPRESENTATION_ITEM() 
RATIONAL_B_SPLINE_SURFACE((
    (1.,1.000000000002,0.999999999999,1.,1.,1.,1.,1.,1.,1.,1.,1.,1.,1.
      ,1.,1.,1.,1.000000000001,0.999999999997,1.000000000012
      ,0.999999999975,1.)
    ,(1.,1.000000000002,0.999999999999,1.,1.,1.,1.,1.,1.,1.,1.,1.,1.,1.
      ,1.,1.,1.,1.000000000001,0.999999999997,1.000000000012
,0.999999999975,1.))) REPRESENTATION_ITEM('') SURFACE() );
#202 = CARTESIAN_POINT('',(-2.695301746512,416.76357896014,
    0.177006803229));
#203 = CARTESIAN_POINT('',(-3.89719216631,416.82657471876,0.331320860543
    ));
#204 = CARTESIAN_POINT('',(-6.30077237495,417.03765166781,0.834106175641
    ));
#205 = CARTESIAN_POINT('',(-9.854337927599,417.60198940002,
    2.040093767284));
#206 = CARTESIAN_POINT('',(-13.35514400424,418.41155068663,
    3.584275255514));
#207 = CARTESIAN_POINT('',(-16.78822931929,419.46206079629,
    5.351658670715));
#208 = CARTESIAN_POINT('',(-20.13861274806,420.74845958607,
    7.228045773616));
#209 = CARTESIAN_POINT('',(-23.39141838334,422.26489556278,
    9.100012696677));
#210 = CARTESIAN_POINT('',(-26.53208468589,424.00474901682,
    10.852504334148));
#211 = CARTESIAN_POINT('',(-29.54661359747,425.9608262878,
    12.376068706587));
#212 = CARTESIAN_POINT('',(-32.42138293785,428.12525712305,
    13.538290446197));
#213 = CARTESIAN_POINT('',(-35.14418677058,430.4906163436,
    14.286143847982));
#214 = CARTESIAN_POINT('',(-37.69706388455,433.04320374377,
    14.26442585227));
#215 = CARTESIAN_POINT('',(-40.05931821634,435.76132803689,
    14.602034937427));
#216 = CARTESIAN_POINT('',(-42.2231852917,438.63356505356,
    15.230118923348));
#217 = CARTESIAN_POINT('',(-44.18021376465,441.64749391568,
    16.000643373233));
#218 = CARTESIAN_POINT('',(-45.92239505106,444.79022840501,
    16.788172189398));
#219 = CARTESIAN_POINT('',(-47.44215367945,448.04840864753,
    17.461743259718));
#220 = CARTESIAN_POINT('',(-48.73258631405,451.4090014372,
    17.890402105135));
#221 = CARTESIAN_POINT('',(-49.78589435275,454.85355017986,
    17.944381404882));
#222 = CARTESIAN_POINT('',(-50.32468918369,457.18914564334,
    17.802824491462));
#223 = CARTESIAN_POINT('',(-50.55379994755,458.3663367381,17.9));
#224 = CARTESIAN_POINT('',(-1.884094424746,432.24233674883,
    0.177006803229));
#225 = CARTESIAN_POINT('',(-2.724250834601,432.2863726177,0.331320860543
    ));
#226 = CARTESIAN_POINT('',(-4.404423407779,432.43392155478,
    0.834106175641));
#227 = CARTESIAN_POINT('',(-6.88846923093,432.82841006587,2.040093767284
    ));
#228 = CARTESIAN_POINT('',(-9.33563464375,433.39431698487,3.584275255514
    ));
#229 = CARTESIAN_POINT('',(-11.73546127174,434.12865414885,
    5.351658670715));
#230 = CARTESIAN_POINT('',(-14.07747687243,435.02788437084,
    7.228045773616));
#231 = CARTESIAN_POINT('',(-16.3512827534,436.0879172866,9.100012696677)
  );
#232 = CARTESIAN_POINT('',(-18.5466999746,437.30412552632,
    10.852504334148));
#233 = CARTESIAN_POINT('',(-20.65394348561,438.67148051186,
    12.376068706587));
#234 = CARTESIAN_POINT('',(-22.66349098568,440.18448070737,
    13.538290446197));
#235 = CARTESIAN_POINT('',(-24.56681016972,441.83793569649,
    14.286143847982));
#236 = CARTESIAN_POINT('',(-26.35134562803,443.62226863642,
    14.26442585227));
#237 = CARTESIAN_POINT('',(-28.00263020948,445.52231668598,
    14.602034937427));
#238 = CARTESIAN_POINT('',(-29.51523632041,447.53009401801,
    15.230118923348));
#239 = CARTESIAN_POINT('',(-30.88325622383,449.636918077,16.000643373233
    ));
#240 = CARTESIAN_POINT('',(-32.10109168617,451.8337810209,
    16.788172189398));
#241 = CARTESIAN_POINT('',(-33.16344723226,454.11134390924,
    17.461743259718));
#242 = CARTESIAN_POINT('',(-34.06549722916,456.46049614922,
    17.890402105135));
#243 = CARTESIAN_POINT('',(-34.80179022746,458.86833605198,
    17.944381404882));
#244 = CARTESIAN_POINT('',(-35.17842350639,460.50098529561,
    17.802824491462));
#245 = CARTESIAN_POINT('',(-35.33857860411,461.32387616644,17.9));
#246 = DEFINITIONAL_REPRESENTATION('',(#247),#328);
#247 = B_SPLINE_CURVE_WITH_KNOTS('',7,(#248,#249,#250,#251,#252,#253,
    #254,#255,#256,#257,#258,#259,#260,#261,#262,#263,#264,#265,#266,
    #267,#268,#269,#270,#271,#272,#273,#274,#275,#276,#277,#278,#279,
    #280,#281,#282,#283,#284,#285,#286,#287,#288,#289,#290,#291,#292,
    #293,#294,#295,#296,#297,#298,#299,#300,#301,#302,#303,#304,#305,
    #306,#307,#308,#309,#310,#311,#312,#313,#314,#315,#316,#317,#318,
    #319,#320,#321,#322,#323,#324,#325,#326,#327),.UNSPECIFIED.,.F.,.F.,
  (8,6,6,6,6,6,6,6,6,6,6,6,6,8),(0.,8.339090632334E-02,0.188962582003,
    0.295576744859,0.403147988346,0.510756590946,0.627984338317,
    0.686041625328,0.744070263432,0.8012347631,0.829828975777,
    0.858339298001,0.970449191685,1.),.UNSPECIFIED.);
#248 = CARTESIAN_POINT('',(10.011480797205,0.926306283762));
#249 = CARTESIAN_POINT('',(10.011736047003,0.922025874652));
#250 = CARTESIAN_POINT('',(10.011991872126,0.917745804282));
#251 = CARTESIAN_POINT('',(10.012248273777,0.913466656709));
#252 = CARTESIAN_POINT('',(10.012505200149,0.909189122319));
#253 = CARTESIAN_POINT('',(10.012762547323,0.904913999257));
#254 = CARTESIAN_POINT('',(10.013020160152,0.900642194858));
#255 = CARTESIAN_POINT('',(10.013604043436,0.890972174889));
#256 = CARTESIAN_POINT('',(10.013930344576,0.885576616088));
#257 = CARTESIAN_POINT('',(10.014256731891,0.880189426392));
#258 = CARTESIAN_POINT('',(10.014583157704,0.874811607991));
#259 = CARTESIAN_POINT('',(10.014909534071,0.869443799969));
#260 = CARTESIAN_POINT('',(10.015235735495,0.864086288726));
#261 = CARTESIAN_POINT('',(10.015890685614,0.853338945455));
#262 = CARTESIAN_POINT('',(10.016219458994,0.847949442605));
#263 = CARTESIAN_POINT('',(10.016547643041,0.842570227377));
#264 = CARTESIAN_POINT('',(10.016875072599,0.837201130273));
#265 = CARTESIAN_POINT('',(10.017201661407,0.831841949834));
#266 = CARTESIAN_POINT('',(10.017527367409,0.826492307696));
#267 = CARTESIAN_POINT('',(10.018179864377,0.81576275495));
#268 = CARTESIAN_POINT('',(10.018506625693,0.810383070494));
#269 = CARTESIAN_POINT('',(10.018832418081,0.805011744883));
#270 = CARTESIAN_POINT('',(10.019157166931,0.799648036388));
#271 = CARTESIAN_POINT('',(10.019480889408,0.794291010002));
#272 = CARTESIAN_POINT('',(10.019803631009,0.788939597772));
#273 = CARTESIAN_POINT('',(10.020446873135,0.778244298149));
#274 = CARTESIAN_POINT('',(10.020767388614,0.772900445862));
#275 = CARTESIAN_POINT('',(10.021086652222,0.76756030314));
#276 = CARTESIAN_POINT('',(10.021404600052,0.762222832134));
#277 = CARTESIAN_POINT('',(10.021721194848,0.756886965664));
#278 = CARTESIAN_POINT('',(10.022036426109,0.751551599327));
#279 = CARTESIAN_POINT('',(10.022692252415,0.740402580861));
#280 = CARTESIAN_POINT('',(10.023032573371,0.734588872493));
#281 = CARTESIAN_POINT('',(10.023371469548,0.728772913593));
#282 = CARTESIAN_POINT('',(10.023708424948,0.722953438244));
#283 = CARTESIAN_POINT('',(10.024043604964,0.717129042404));
#284 = CARTESIAN_POINT('',(10.02437678628,0.711298483904));
#285 = CARTESIAN_POINT('',(10.024871976925,0.702569220348));
#286 = CARTESIAN_POINT('',(10.025035498443,0.699676134524));
#287 = CARTESIAN_POINT('',(10.02519851769,0.69678107543));
#288 = CARTESIAN_POINT('',(10.025361036043,0.693883951908));
#289 = CARTESIAN_POINT('',(10.025523038744,0.690984542027));
#290 = CARTESIAN_POINT('',(10.025684538433,0.688082834781));
#291 = CARTESIAN_POINT('',(10.026006428271,0.682275830425));
#292 = CARTESIAN_POINT('',(10.026166819088,0.67937054086));
#293 = CARTESIAN_POINT('',(10.026326687635,0.676462571974));
#294 = CARTESIAN_POINT('',(10.026486024739,0.673551762848));
#295 = CARTESIAN_POINT('',(10.026644819945,0.670637967019));
#296 = CARTESIAN_POINT('',(10.026803061518,0.667721052487));
#297 = CARTESIAN_POINT('',(10.027116063329,0.6619242366));
#298 = CARTESIAN_POINT('',(10.027270840185,0.659044434569));
#299 = CARTESIAN_POINT('',(10.027425054551,0.656161382808));
#300 = CARTESIAN_POINT('',(10.027578692563,0.653274989385));
#301 = CARTESIAN_POINT('',(10.027731738944,0.650385183235));
#302 = CARTESIAN_POINT('',(10.027884177011,0.647491914163));
#303 = CARTESIAN_POINT('',(10.028111926268,0.643146165981));
#304 = CARTESIAN_POINT('',(10.028187707258,0.641696305863));
#305 = CARTESIAN_POINT('',(10.028263328746,0.640245568178));
#306 = CARTESIAN_POINT('',(10.028338789386,0.638793953864));
#307 = CARTESIAN_POINT('',(10.028414086307,0.637341461959));
#308 = CARTESIAN_POINT('',(10.028489215735,0.635888091266));
#309 = CARTESIAN_POINT('',(10.02863891897,0.632983876907));
#310 = CARTESIAN_POINT('',(10.028713493834,0.631533039175));
#311 = CARTESIAN_POINT('',(10.028787901239,0.630081346629));
#312 = CARTESIAN_POINT('',(10.028862140192,0.628628809267));
#313 = CARTESIAN_POINT('',(10.028936209377,0.627175438106));
#314 = CARTESIAN_POINT('',(10.029010107152,0.625721245177));
#315 = CARTESIAN_POINT('',(10.02937373479,0.61854480417));
#316 = CARTESIAN_POINT('',(10.029660956875,0.612810862308));
#317 = CARTESIAN_POINT('',(10.029945379278,0.607065204882));
#318 = CARTESIAN_POINT('',(10.030226802703,0.601308890656));
#319 = CARTESIAN_POINT('',(10.030504948342,0.595543262455));
#320 = CARTESIAN_POINT('',(10.030779459139,0.589769959398));
#321 = CARTESIAN_POINT('',(10.031121186256,0.582467646843));
#322 = CARTESIAN_POINT('',(10.031192187667,0.580943967561));
#323 = CARTESIAN_POINT('',(10.031262911003,0.579419971308));
#324 = CARTESIAN_POINT('',(10.031333361694,0.577895724888));
#325 = CARTESIAN_POINT('',(10.031403544773,0.576371281266));
#326 = CARTESIAN_POINT('',(10.031473464778,0.574846678967));
#327 = CARTESIAN_POINT('',(10.031543125647,0.573321941454));
#328 = ( GEOMETRIC_REPRESENTATION_CONTEXT(2) 
PARAMETRIC_REPRESENTATION_CONTEXT() REPRESENTATION_CONTEXT('2D SPACE',''
  ) );
#329 = ORIENTED_EDGE('',*,*,#330,.T.);
#330 = EDGE_CURVE('',#24,#331,#333,.T.);
#331 = VERTEX_POINT('',#332);
#332 = CARTESIAN_POINT('',(-36.811,432.879,18.3));
#333 = SURFACE_CURVE('',#334,(#338,#345),.PCURVE_S1.);
#334 = LINE('',#335,#336);
#335 = CARTESIAN_POINT('',(-36.811,432.879,0.));
#336 = VECTOR('',#337,1.);
#337 = DIRECTION('',(-0.,-0.,1.));
#338 = PCURVE('',#109,#339);
#339 = DEFINITIONAL_REPRESENTATION('',(#340),#344);
#340 = LINE('',#341,#342);
#341 = CARTESIAN_POINT('',(0.,0.));
#342 = VECTOR('',#343,1.);
#343 = DIRECTION('',(0.,-1.));
#344 = ( GEOMETRIC_REPRESENTATION_CONTEXT(2) 
PARAMETRIC_REPRESENTATION_CONTEXT() REPRESENTATION_CONTEXT('2D SPACE',''
  ) );
#345 = PCURVE('',#346,#351);
#346 = PLANE('',#347);
#347 = AXIS2_PLACEMENT_3D('',#348,#349,#350);
#348 = CARTESIAN_POINT('',(-83.807,399.591,0.));
#349 = DIRECTION('',(-0.578007705311,0.81603130614,0.));
#350 = DIRECTION('',(0.81603130614,0.578007705311,0.));
#351 = DEFINITIONAL_REPRESENTATION('',(#352),#356);
#352 = LINE('',#353,#354);
#353 = CARTESIAN_POINT('',(57.590927757764,0.));
#354 = VECTOR('',#355,1.);
#355 = DIRECTION('',(0.,-1.));
#356 = ( GEOMETRIC_REPRESENTATION_CONTEXT(2) 
PARAMETRIC_REPRESENTATION_CONTEXT() REPRESENTATION_CONTEXT('2D SPACE',''
  ) );
#357 = ORIENTED_EDGE('',*,*,#358,.T.);
#358 = EDGE_CURVE('',#331,#359,#361,.T.);
#359 = VERTEX_POINT('',#360);
#360 = CARTESIAN_POINT('',(-49.161,453.457,18.3));
#361 = SURFACE_CURVE('',#362,(#367,#374),.PCURVE_S1.);
#362 = B_SPLINE_CURVE_WITH_KNOTS('',3,(#363,#364,#365,#366),
  .UNSPECIFIED.,.F.,.F.,(4,4),(0.,1.),.PIECEWISE_BEZIER_KNOTS.);
#363 = CARTESIAN_POINT('',(-36.811,432.879,18.3));
#364 = CARTESIAN_POINT('',(-42.416,438.602,18.3));
#365 = CARTESIAN_POINT('',(-46.699,445.626,18.3));
#366 = CARTESIAN_POINT('',(-49.161,453.457,18.3));
#367 = PCURVE('',#109,#368);
#368 = DEFINITIONAL_REPRESENTATION('',(#369),#373);
#369 = LINE('',#370,#371);
#370 = CARTESIAN_POINT('',(0.,-18.3));
#371 = VECTOR('',#372,1.);
#372 = DIRECTION('',(1.,0.));
#373 = ( GEOMETRIC_REPRESENTATION_CONTEXT(2) 
PARAMETRIC_REPRESENTATION_CONTEXT() REPRESENTATION_CONTEXT('2D SPACE',''
  ) );
#374 = PCURVE('',#375,#380);
#375 = PLANE('',#376);
#376 = AXIS2_PLACEMENT_3D('',#377,#378,#379);
#377 = CARTESIAN_POINT('',(8.069874045631E-04,231.618795862,18.3));
#378 = DIRECTION('',(0.,-0.,-1.));
#379 = DIRECTION('',(-1.,0.,0.));
#380 = DEFINITIONAL_REPRESENTATION('',(#381),#386);
#381 = B_SPLINE_CURVE_WITH_KNOTS('',3,(#382,#383,#384,#385),
  .UNSPECIFIED.,.F.,.F.,(4,4),(0.,1.),.PIECEWISE_BEZIER_KNOTS.);
#382 = CARTESIAN_POINT('',(36.811806987405,201.26020413799));
#383 = CARTESIAN_POINT('',(42.416806987405,206.98320413799));
#384 = CARTESIAN_POINT('',(46.699806987405,214.00720413799));
#385 = CARTESIAN_POINT('',(49.161806987405,221.83820413799));
#386 = ( GEOMETRIC_REPRESENTATION_CONTEXT(2) 
PARAMETRIC_REPRESENTATION_CONTEXT() REPRESENTATION_CONTEXT('2D SPACE',''
  ) );
#387 = ORIENTED_EDGE('',*,*,#388,.F.);
#388 = EDGE_CURVE('',#22,#359,#389,.T.);
#389 = SURFACE_CURVE('',#390,(#394,#401),.PCURVE_S1.);
#390 = LINE('',#391,#392);
#391 = CARTESIAN_POINT('',(-49.161,453.457,0.));
#392 = VECTOR('',#393,1.);
#393 = DIRECTION('',(-0.,-0.,1.));
#394 = PCURVE('',#109,#395);
#395 = DEFINITIONAL_REPRESENTATION('',(#396),#400);
#396 = LINE('',#397,#398);
#397 = CARTESIAN_POINT('',(1.,0.));
#398 = VECTOR('',#399,1.);
#399 = DIRECTION('',(0.,-1.));
#400 = ( GEOMETRIC_REPRESENTATION_CONTEXT(2) 
PARAMETRIC_REPRESENTATION_CONTEXT() REPRESENTATION_CONTEXT('2D SPACE',''
  ) );
#401 = PCURVE('',#402,#407);
#402 = PLANE('',#403);
#403 = AXIS2_PLACEMENT_3D('',#404,#405,#406);
#404 = CARTESIAN_POINT('',(-49.161,453.457,0.));
#405 = DIRECTION('',(-0.,1.,0.));
#406 = DIRECTION('',(1.,0.,0.));
#407 = DEFINITIONAL_REPRESENTATION('',(#408),#412);
#408 = LINE('',#409,#410);
#409 = CARTESIAN_POINT('',(0.,0.));
#410 = VECTOR('',#411,1.);
#411 = DIRECTION('',(0.,-1.));
#412 = ( GEOMETRIC_REPRESENTATION_CONTEXT(2) 
PARAMETRIC_REPRESENTATION_CONTEXT() REPRESENTATION_CONTEXT('2D SPACE',''
  ) );
#413 = ADVANCED_FACE('',(#414,#1362),#201,.F.);
#414 = FACE_BOUND('',#415,.F.);
#415 = EDGE_LOOP('',(#416,#505,#531,#1168,#1256,#1334,#1335));
#416 = ORIENTED_EDGE('',*,*,#417,.F.);
#417 = EDGE_CURVE('',#418,#420,#422,.T.);
#418 = VERTEX_POINT('',#419);
#419 = CARTESIAN_POINT('',(-2.695301746512,416.76357896014,
    0.177006803229));
#420 = VERTEX_POINT('',#421);
#421 = CARTESIAN_POINT('',(-37.21436315428,432.59329158482,
    14.300279976684));
#422 = SURFACE_CURVE('',#423,(#446,#453),.PCURVE_S1.);
#423 = ( BOUNDED_CURVE() B_SPLINE_CURVE(3,(#424,#425,#426,#427,#428,#429
    ,#430,#431,#432,#433,#434,#435,#436,#437,#438,#439,#440,#441,#442,
#443,#444,#445),.UNSPECIFIED.,.F.,.F.) B_SPLINE_CURVE_WITH_KNOTS((4,1,1,
    1,1,1,1,1,1,1,1,1,1,1,1,1,1,1,1,4),(0.,5.218380768594E-02,
    0.104924849979,0.158249728388,0.212037422186,0.266073258756,
    0.320098130577,0.373854821642,0.427134464983,0.479826107743,
    0.531971081028,0.583831321693,0.635742389654,0.687819682816,
    0.740024789052,0.792245645251,0.844362126807,0.89631140842,
0.94815736877,1.),.UNSPECIFIED.) CURVE() GEOMETRIC_REPRESENTATION_ITEM()
 RATIONAL_B_SPLINE_CURVE((1.,1.000000000002,0.999999999999,1.,1.,1.,1.,
    1.,1.,1.,1.,1.,1.,1.,1.,1.,1.,1.000000000001,0.999999999997,
1.000000000012,0.999999999975,1.)) REPRESENTATION_ITEM('') );
#424 = CARTESIAN_POINT('',(-2.695301746512,416.76357896014,
    0.177006803229));
#425 = CARTESIAN_POINT('',(-3.89719216631,416.82657471876,0.331320860543
    ));
#426 = CARTESIAN_POINT('',(-6.30077237495,417.03765166781,0.834106175641
    ));
#427 = CARTESIAN_POINT('',(-9.854337927599,417.60198940002,
    2.040093767284));
#428 = CARTESIAN_POINT('',(-13.35514400424,418.41155068663,
    3.584275255514));
#429 = CARTESIAN_POINT('',(-16.78822931929,419.46206079629,
    5.351658670715));
#430 = CARTESIAN_POINT('',(-20.13861274806,420.74845958607,
    7.228045773616));
#431 = CARTESIAN_POINT('',(-23.39141838334,422.26489556278,
    9.100012696677));
#432 = CARTESIAN_POINT('',(-26.53208468589,424.00474901682,
    10.852504334148));
#433 = CARTESIAN_POINT('',(-29.54661359747,425.9608262878,
    12.376068706587));
#434 = CARTESIAN_POINT('',(-32.42138293785,428.12525712305,
    13.538290446197));
#435 = CARTESIAN_POINT('',(-35.14418677058,430.4906163436,
    14.286143847982));
#436 = CARTESIAN_POINT('',(-37.69706388455,433.04320374377,
    14.26442585227));
#437 = CARTESIAN_POINT('',(-40.05931821634,435.76132803689,
    14.602034937427));
#438 = CARTESIAN_POINT('',(-42.2231852917,438.63356505356,
    15.230118923348));
#439 = CARTESIAN_POINT('',(-44.18021376465,441.64749391568,
    16.000643373233));
#440 = CARTESIAN_POINT('',(-45.92239505106,444.79022840501,
    16.788172189398));
#441 = CARTESIAN_POINT('',(-47.44215367945,448.04840864753,
    17.461743259718));
#442 = CARTESIAN_POINT('',(-48.73258631405,451.4090014372,
    17.890402105135));
#443 = CARTESIAN_POINT('',(-49.78589435275,454.85355017986,
    17.944381404882));
#444 = CARTESIAN_POINT('',(-50.32468918369,457.18914564334,
    17.802824491462));
#445 = CARTESIAN_POINT('',(-50.55379994755,458.3663367381,17.9));
#446 = PCURVE('',#201,#447);
#447 = DEFINITIONAL_REPRESENTATION('',(#448),#452);
#448 = LINE('',#449,#450);
#449 = CARTESIAN_POINT('',(10.,0.));
#450 = VECTOR('',#451,1.);
#451 = DIRECTION('',(0.,1.));
#452 = ( GEOMETRIC_REPRESENTATION_CONTEXT(2) 
PARAMETRIC_REPRESENTATION_CONTEXT() REPRESENTATION_CONTEXT('2D SPACE',''
  ) );
#453 = PCURVE('',#454,#499);
#454 = ( BOUNDED_SURFACE() B_SPLINE_SURFACE(1,3,(
    (#455,#456,#457,#458,#459,#460,#461,#462,#463,#464,#465,#466,#467
      ,#468,#469,#470,#471,#472,#473,#474,#475,#476)
    ,(#477,#478,#479,#480,#481,#482,#483,#484,#485,#486,#487,#488,#489
      ,#490,#491,#492,#493,#494,#495,#496,#497,#498
)),.UNSPECIFIED.,.F.,.F.,.F.) B_SPLINE_SURFACE_WITH_KNOTS((2,2),(4,1,1,1
    ,1,1,1,1,1,1,1,1,1,1,1,1,1,1,1,4),(9.,10.),(0.,5.218380768594E-02,
    0.104924849979,0.158249728388,0.212037422186,0.266073258756,
    0.320098130577,0.373854821642,0.427134464983,0.479826107743,
    0.531971081028,0.583831321693,0.635742389654,0.687819682816,
    0.740024789052,0.792245645251,0.844362126807,0.89631140842,
0.94815736877,1.),.UNSPECIFIED.) GEOMETRIC_REPRESENTATION_ITEM() 
RATIONAL_B_SPLINE_SURFACE((
    (1.,1.000000000002,0.999999999999,1.,1.,1.,1.,1.,1.,1.,1.,1.,1.,1.
      ,1.,1.,1.,1.000000000001,0.999999999997,1.000000000012
      ,0.999999999975,1.)
    ,(1.,1.000000000002,0.999999999999,1.,1.,1.,1.,1.,1.,1.,1.,1.,1.,1.
      ,1.,1.,1.,1.000000000001,0.999999999997,1.000000000012
,0.999999999975,1.))) REPRESENTATION_ITEM('') SURFACE() );
#455 = CARTESIAN_POINT('',(-2.76399268908,415.45287769577,0.169401042153
    ));
#456 = CARTESIAN_POINT('',(-3.996513810377,415.51747892336,
    0.317084417103));
#457 = CARTESIAN_POINT('',(-6.461350312134,415.73393526871,
    0.798265676007));
#458 = CARTESIAN_POINT('',(-10.10548003485,416.31265539131,
    1.952433488193));
#459 = CARTESIAN_POINT('',(-13.695505684,417.14284870189,3.430263428136)
  );
#460 = CARTESIAN_POINT('',(-17.21608467815,418.22013152041,
    5.121704587206));
#461 = CARTESIAN_POINT('',(-20.65185409237,419.53931474543,
    6.917465681782));
#462 = CARTESIAN_POINT('',(-23.98755890039,421.09439775552,
    8.708996526117));
#463 = CARTESIAN_POINT('',(-27.2082664558,422.87859213497,10.38618578854
    ));
#464 = CARTESIAN_POINT('',(-30.29962195371,424.88452088979,
    11.844284504351));
#465 = CARTESIAN_POINT('',(-33.2476560467,427.1041131905,12.956567028587
    ));
#466 = CARTESIAN_POINT('',(-36.03985172468,429.5297546242,
    13.672286104514));
#467 = CARTESIAN_POINT('',(-38.65779002724,432.14739582947,
    13.651501303931));
#468 = CARTESIAN_POINT('',(-41.08024744273,434.93479270773,
    13.974603748709));
#469 = CARTESIAN_POINT('',(-43.29926161588,437.88022993964,
    14.575699750861));
#470 = CARTESIAN_POINT('',(-45.30616581447,440.97097009555,
    15.313115728289));
#471 = CARTESIAN_POINT('',(-47.09274735212,444.19379854648,
    16.066805415635));
#472 = CARTESIAN_POINT('',(-48.65123769312,447.5350149356,
    16.711433979028));
#473 = CARTESIAN_POINT('',(-49.9745575672,450.98125390206,
    17.121673889677));
#474 = CARTESIAN_POINT('',(-51.05470962145,454.51358846935,
    17.173333766404));
#475 = CARTESIAN_POINT('',(-51.60723587405,456.90870761601,
    17.037859376566));
#476 = CARTESIAN_POINT('',(-51.84218562583,458.11589993167,17.130859375)
  );
#477 = CARTESIAN_POINT('',(-2.695301746512,416.76357896014,
    0.177006803229));
#478 = CARTESIAN_POINT('',(-3.89719216631,416.82657471876,0.331320860543
    ));
#479 = CARTESIAN_POINT('',(-6.30077237495,417.03765166781,0.834106175641
    ));
#480 = CARTESIAN_POINT('',(-9.854337927599,417.60198940002,
    2.040093767284));
#481 = CARTESIAN_POINT('',(-13.35514400424,418.41155068663,
    3.584275255514));
#482 = CARTESIAN_POINT('',(-16.78822931929,419.46206079629,
    5.351658670715));
#483 = CARTESIAN_POINT('',(-20.13861274806,420.74845958607,
    7.228045773616));
#484 = CARTESIAN_POINT('',(-23.39141838334,422.26489556278,
    9.100012696677));
#485 = CARTESIAN_POINT('',(-26.53208468589,424.00474901682,
    10.852504334148));
#486 = CARTESIAN_POINT('',(-29.54661359747,425.9608262878,
    12.376068706587));
#487 = CARTESIAN_POINT('',(-32.42138293785,428.12525712305,
    13.538290446197));
#488 = CARTESIAN_POINT('',(-35.14418677058,430.4906163436,
    14.286143847982));
#489 = CARTESIAN_POINT('',(-37.69706388455,433.04320374377,
    14.26442585227));
#490 = CARTESIAN_POINT('',(-40.05931821634,435.76132803689,
    14.602034937427));
#491 = CARTESIAN_POINT('',(-42.2231852917,438.63356505356,
    15.230118923348));
#492 = CARTESIAN_POINT('',(-44.18021376465,441.64749391568,
    16.000643373233));
#493 = CARTESIAN_POINT('',(-45.92239505106,444.79022840501,
    16.788172189398));
#494 = CARTESIAN_POINT('',(-47.44215367945,448.04840864753,
    17.461743259718));
#495 = CARTESIAN_POINT('',(-48.73258631405,451.4090014372,
    17.890402105135));
#496 = CARTESIAN_POINT('',(-49.78589435275,454.85355017986,
    17.944381404882));
#497 = CARTESIAN_POINT('',(-50.32468918369,457.18914564334,
    17.802824491462));
#498 = CARTESIAN_POINT('',(-50.55379994755,458.3663367381,17.9));
#499 = DEFINITIONAL_REPRESENTATION('',(#500),#504);
#500 = LINE('',#501,#502);
#501 = CARTESIAN_POINT('',(10.,0.));
#502 = VECTOR('',#503,1.);
#503 = DIRECTION('',(0.,1.));
#504 = ( GEOMETRIC_REPRESENTATION_CONTEXT(2) 
PARAMETRIC_REPRESENTATION_CONTEXT() REPRESENTATION_CONTEXT('2D SPACE',''
  ) );
#505 = ORIENTED_EDGE('',*,*,#506,.T.);
#506 = EDGE_CURVE('',#418,#507,#509,.T.);
#507 = VERTEX_POINT('',#508);
#508 = CARTESIAN_POINT('',(-2.053960337342,429.00110205199,
    0.177006803229));
#509 = SURFACE_CURVE('',#510,(#513,#520),.PCURVE_S1.);
#510 = B_SPLINE_CURVE_WITH_KNOTS('',1,(#511,#512),.UNSPECIFIED.,.F.,.F.,
  (2,2),(10.,11.),.PIECEWISE_BEZIER_KNOTS.);
#511 = CARTESIAN_POINT('',(-2.695301746512,416.76357896014,
    0.177006803229));
#512 = CARTESIAN_POINT('',(-1.884094424746,432.24233674883,
    0.177006803229));
#513 = PCURVE('',#201,#514);
#514 = DEFINITIONAL_REPRESENTATION('',(#515),#519);
#515 = LINE('',#516,#517);
#516 = CARTESIAN_POINT('',(0.,0.));
#517 = VECTOR('',#518,1.);
#518 = DIRECTION('',(1.,0.));
#519 = ( GEOMETRIC_REPRESENTATION_CONTEXT(2) 
PARAMETRIC_REPRESENTATION_CONTEXT() REPRESENTATION_CONTEXT('2D SPACE',''
  ) );
#520 = PCURVE('',#521,#526);
#521 = PLANE('',#522);
#522 = AXIS2_PLACEMENT_3D('',#523,#524,#525);
#523 = CARTESIAN_POINT('',(-1.884094424746,432.24233674883,-0.5));
#524 = DIRECTION('',(-0.998629534755,5.233595624294E-02,0.));
#525 = DIRECTION('',(-5.232628141963E-02,-0.998444928129,
    1.922721423134E-02));
#526 = DEFINITIONAL_REPRESENTATION('',(#527),#530);
#527 = B_SPLINE_CURVE_WITH_KNOTS('',1,(#528,#529),.UNSPECIFIED.,.F.,.F.,
  (2,2),(10.,11.),.PIECEWISE_BEZIER_KNOTS.);
#528 = CARTESIAN_POINT('',(15.510151625304,0.378859831186));
#529 = CARTESIAN_POINT('',(1.301695484176E-02,0.676881651772));
#530 = ( GEOMETRIC_REPRESENTATION_CONTEXT(2) 
PARAMETRIC_REPRESENTATION_CONTEXT() REPRESENTATION_CONTEXT('2D SPACE',''
  ) );
#531 = ORIENTED_EDGE('',*,*,#532,.T.);
#532 = EDGE_CURVE('',#507,#533,#535,.T.);
#533 = VERTEX_POINT('',#534);
#534 = CARTESIAN_POINT('',(-34.388,449.004,16.361382702128));
#535 = SURFACE_CURVE('',#536,(#742,#951),.PCURVE_S1.);
#536 = B_SPLINE_CURVE_WITH_KNOTS('',8,(#537,#538,#539,#540,#541,#542,
    #543,#544,#545,#546,#547,#548,#549,#550,#551,#552,#553,#554,#555,
    #556,#557,#558,#559,#560,#561,#562,#563,#564,#565,#566,#567,#568,
    #569,#570,#571,#572,#573,#574,#575,#576,#577,#578,#579,#580,#581,
    #582,#583,#584,#585,#586,#587,#588,#589,#590,#591,#592,#593,#594,
    #595,#596,#597,#598,#599,#600,#601,#602,#603,#604,#605,#606,#607,
    #608,#609,#610,#611,#612,#613,#614,#615,#616,#617,#618,#619,#620,
    #621,#622,#623,#624,#625,#626,#627,#628,#629,#630,#631,#632,#633,
    #634,#635,#636,#637,#638,#639,#640,#641,#642,#643,#644,#645,#646,
    #647,#648,#649,#650,#651,#652,#653,#654,#655,#656,#657,#658,#659,
    #660,#661,#662,#663,#664,#665,#666,#667,#668,#669,#670,#671,#672,
    #673,#674,#675,#676,#677,#678,#679,#680,#681,#682,#683,#684,#685,
    #686,#687,#688,#689,#690,#691,#692,#693,#694,#695,#696,#697,#698,
    #699,#700,#701,#702,#703,#704,#705,#706,#707,#708,#709,#710,#711,
    #712,#713,#714,#715,#716,#717,#718,#719,#720,#721,#722,#723,#724,
    #725,#726,#727,#728,#729,#730,#731,#732,#733,#734,#735,#736,#737,
    #738,#739,#740,#741),.UNSPECIFIED.,.F.,.F.,(9,7,7,7,7,7,7,7,7,7,7,7,
    7,7,7,7,7,7,7,7,7,7,7,7,7,7,7,7,7,9),(0.,3.769758324022E-02,
    7.782392760172E-02,0.123987325693,0.186259931317,0.215565123534,
    0.244005445993,0.304331116441,0.363665376492,0.472827874228,
    0.500793505356,0.52214934709,0.555782533176,0.5911919049,
    0.606644885038,0.662322733366,0.675730697047,0.714782295161,
    0.728604240994,0.757900640198,0.768902643827,0.787710588577,
    0.826024113486,0.840512794561,0.853285755757,0.899271675526,
    0.922614060261,0.946125312218,0.978153625418,1.),.UNSPECIFIED.);
#537 = CARTESIAN_POINT('',(-2.053960337342,429.00110205199,
    0.177006803229));
#538 = CARTESIAN_POINT('',(-2.268596643409,429.01236926536,
    0.213169513358));
#539 = CARTESIAN_POINT('',(-2.481877862236,429.02491249118,
    0.253145043582));
#540 = CARTESIAN_POINT('',(-2.693697672795,429.03869915023,
    0.296744853959));
#541 = CARTESIAN_POINT('',(-2.903972080037,429.05369457856,
    0.343780358388));
#542 = CARTESIAN_POINT('',(-3.112638087151,429.0698630244,0.39406579479)
  );
#543 = CARTESIAN_POINT('',(-3.319652367824,429.08716864495,
    0.447421095298));
#544 = CARTESIAN_POINT('',(-3.524989938498,429.10557650326,0.50367475644
    ));
#545 = CARTESIAN_POINT('',(-3.945416569884,429.14578548538,
    0.625459366364));
#546 = CARTESIAN_POINT('',(-4.160274469225,429.16772809521,
    0.691352486689));
#547 = CARTESIAN_POINT('',(-4.373209529708,429.19084155407,
    0.760151192825));
#548 = CARTESIAN_POINT('',(-4.584223054119,429.21508685072,
    0.831675444885));
#549 = CARTESIAN_POINT('',(-4.793330818502,429.24042733048,
    0.905749980285));
#550 = CARTESIAN_POINT('',(-5.000556595313,429.26682835843,
    0.982213736915));
#551 = CARTESIAN_POINT('',(-5.205927629215,429.29425713872,
    1.060926915429));
#552 = CARTESIAN_POINT('',(-5.643671390281,429.35538924174,
    1.234741258521));
#553 = CARTESIAN_POINT('',(-5.875448577623,429.38941441477,
    1.330523278793));
#554 = CARTESIAN_POINT('',(-6.104879276584,429.42471543042,
    1.428896091341));
#555 = CARTESIAN_POINT('',(-6.332027319553,429.46125088627,1.52967170579
    ));
#556 = CARTESIAN_POINT('',(-6.556959700231,429.49898296148,
    1.632677490007));
#557 = CARTESIAN_POINT('',(-6.779746950639,429.53787760181,
    1.737755712931));
#558 = CARTESIAN_POINT('',(-7.000463518134,429.57790470481,
    1.844763087412));
#559 = CARTESIAN_POINT('',(-7.514239044894,429.67452591112,
    2.100346974435));
#560 = CARTESIAN_POINT('',(-7.805651394824,429.73202439895,
    2.250393542507));
#561 = CARTESIAN_POINT('',(-8.093628355746,429.79147168557,
    2.403380001582));
#562 = CARTESIAN_POINT('',(-8.378308399719,429.8528043358,2.559064427308
    ));
#563 = CARTESIAN_POINT('',(-8.659885283043,429.91597816781,2.71717018782
    ));
#564 = CARTESIAN_POINT('',(-8.938500386487,429.98094849886,
    2.877496457445));
#565 = CARTESIAN_POINT('',(-9.214322734712,430.04768404837,
    3.039835720205));
#566 = CARTESIAN_POINT('',(-9.616070937746,430.14838466799,
    3.281276761937));
#567 = CARTESIAN_POINT('',(-9.7440468163,430.18099431767,3.358945126297)
  );
#568 = CARTESIAN_POINT('',(-9.871453664747,430.21398630913,
    3.437001341307));
#569 = CARTESIAN_POINT('',(-9.998307283771,430.24735827112,
    3.515427269977));
#570 = CARTESIAN_POINT('',(-10.1246231714,430.28110814495,3.594205492048
    ));
#571 = CARTESIAN_POINT('',(-10.25041623854,430.31523408522,
    3.673319560136));
#572 = CARTESIAN_POINT('',(-10.37570052443,430.34973436049,
    3.752754255885));
#573 = CARTESIAN_POINT('',(-10.62159448147,430.41845096082,
    3.909884061917));
#574 = CARTESIAN_POINT('',(-10.74223314607,430.45264564778,
    3.987561043373));
#575 = CARTESIAN_POINT('',(-10.86241727301,430.48718991974,
    4.065513655471));
#576 = CARTESIAN_POINT('',(-10.98215901733,430.52208259924,
    4.143729185016));
#577 = CARTESIAN_POINT('',(-11.10147032209,430.55732272643,
    4.222195340631));
#578 = CARTESIAN_POINT('',(-11.22036291841,430.59290955905,
    4.300900252753));
#579 = CARTESIAN_POINT('',(-11.33884832538,430.62884257248,
    4.379832473639));
#580 = CARTESIAN_POINT('',(-11.7074212884,430.74207375851,4.626865380182
    ));
#581 = CARTESIAN_POINT('',(-11.95612259171,430.82058188337,
    4.795721970787));
#582 = CARTESIAN_POINT('',(-12.20315056158,430.9006428933,4.965446439951
    ));
#583 = CARTESIAN_POINT('',(-12.44861265852,430.98225934996,
    5.135936706028));
#584 = CARTESIAN_POINT('',(-12.69259709494,431.06543166133,
    5.307109222324));
#585 = CARTESIAN_POINT('',(-12.93522147247,431.15017625564,
    5.478857558346));
#586 = CARTESIAN_POINT('',(-13.17655634361,431.23649716121,
    5.651115873362));
#587 = CARTESIAN_POINT('',(-13.65288807141,431.41088002125,
    5.993649489541));
#588 = CARTESIAN_POINT('',(-13.88792184177,431.49888929042,
    6.163910603109));
#589 = CARTESIAN_POINT('',(-14.12187969327,431.58845243396,
    6.334510900361));
#590 = CARTESIAN_POINT('',(-14.3548415601,431.67958602793,6.505378315412
    ));
#591 = CARTESIAN_POINT('',(-14.5868849531,431.77230973986,6.676442402852
    ));
#592 = CARTESIAN_POINT('',(-14.81808551717,431.86664647794,
    6.847633916912));
#593 = CARTESIAN_POINT('',(-15.0485175887,431.96262254037,7.018884390628
    ));
#594 = CARTESIAN_POINT('',(-15.70092257868,432.23991433903,
    7.505173558684));
#595 = CARTESIAN_POINT('',(-16.12122462726,432.42520497925,
    7.820181588141));
#596 = CARTESIAN_POINT('',(-16.53963999967,432.61633409852,
    8.134726928874));
#597 = CARTESIAN_POINT('',(-16.95661660637,432.81352979282,
    8.448377964176));
#598 = CARTESIAN_POINT('',(-17.37258787622,433.01705973253,
    8.760680452436));
#599 = CARTESIAN_POINT('',(-17.78798094712,433.22723573855,
    9.071151030169));
#600 = CARTESIAN_POINT('',(-18.20322417899,433.44442169347,
    9.379270028085));
#601 = CARTESIAN_POINT('',(-18.72521572039,433.72659536129,
    9.762651579785));
#602 = CARTESIAN_POINT('',(-18.8316882057,433.78462930267,9.84064515217)
  );
#603 = CARTESIAN_POINT('',(-18.93818649235,433.84315835606,
    9.918436445035));
#604 = CARTESIAN_POINT('',(-19.04471778811,433.90218987946,
    9.996015311532));
#605 = CARTESIAN_POINT('',(-19.15128930141,433.96173149547,
    10.073371257557));
#606 = CARTESIAN_POINT('',(-19.2579082413,434.02179109131,
    10.150493441752));
#607 = CARTESIAN_POINT('',(-19.36458181748,434.0823768188,
    10.227370675506));
#608 = CARTESIAN_POINT('',(-19.5528253166,434.19017134704,
    10.362502548572));
#609 = CARTESIAN_POINT('',(-19.63436944965,434.23715732561,
    10.420864070975));
#610 = CARTESIAN_POINT('',(-19.71595285206,434.28445878141,
    10.479070845092));
#611 = CARTESIAN_POINT('',(-19.79757873317,434.33207956374,
    10.537117568813));
#612 = CARTESIAN_POINT('',(-19.87925029896,434.38002361988,
    10.594998782992));
#613 = CARTESIAN_POINT('',(-19.96097075211,434.42829499514,
    10.652708871444));
#614 = CARTESIAN_POINT('',(-20.04274329197,434.47689783279,
    10.710242060948));
#615 = CARTESIAN_POINT('',(-20.25344125785,434.60290938712,
    10.857913157084));
#616 = CARTESIAN_POINT('',(-20.38244794934,434.68081471296,
    10.947780726571));
#617 = CARTESIAN_POINT('',(-20.51160465448,434.75956948338,
    11.037171223356));
#618 = CARTESIAN_POINT('',(-20.64093209531,434.83919596547,
    11.126052278282));
#619 = CARTESIAN_POINT('',(-20.7704466961,434.91971468991,
    11.214393799192));
#620 = CARTESIAN_POINT('',(-20.90016386285,435.00114644216,
    11.302164944028));
#621 = CARTESIAN_POINT('',(-21.03010287288,435.08351522462,
    11.389329539415));
#622 = CARTESIAN_POINT('',(-21.29733215655,435.25457402359,
    11.566944077843));
#623 = CARTESIAN_POINT('',(-21.4346478491,435.34336786904,
    11.657323847021));
#624 = CARTESIAN_POINT('',(-21.5722477786,435.4332538169,11.746949270077
    ));
#625 = CARTESIAN_POINT('',(-21.71015188408,435.52426061779,
    11.835775213524));
#626 = CARTESIAN_POINT('',(-21.84837962349,435.61641792426,
    11.923753432769));
#627 = CARTESIAN_POINT('',(-21.98695010387,435.70975642388,
    12.010832400094));
#628 = CARTESIAN_POINT('',(-22.12588221155,435.80430797242,
    12.096957132635));
#629 = CARTESIAN_POINT('',(-22.3259920303,435.94191276061,
    12.219212642139));
#630 = CARTESIAN_POINT('',(-22.38686185455,435.98395719999,
    12.256163175785));
#631 = CARTESIAN_POINT('',(-22.44780501495,436.02624126187,
    12.292916503958));
#632 = CARTESIAN_POINT('',(-22.50882405907,436.06876844797,
    12.32946624087));
#633 = CARTESIAN_POINT('',(-22.56992061272,436.11154166692,
    12.365806992858));
#634 = CARTESIAN_POINT('',(-22.63109452232,436.15456262281,
    12.401935394924));
#635 = CARTESIAN_POINT('',(-22.69234480912,436.19783247033,
    12.437848923265));
#636 = CARTESIAN_POINT('',(-22.9746388915,436.39816300129,
    12.602148139794));
#637 = CARTESIAN_POINT('',(-23.19660302495,436.55823175451,
    12.727899074668));
#638 = CARTESIAN_POINT('',(-23.41957670546,436.72165520632,
    12.850611588684));
#639 = CARTESIAN_POINT('',(-23.64355970296,436.88852542629,
    12.970081761713));
#640 = CARTESIAN_POINT('',(-23.86853964771,437.05893046454,
    13.086086153318));
#641 = CARTESIAN_POINT('',(-24.09449199068,437.23295347289,
    13.198382502872));
#642 = CARTESIAN_POINT('',(-24.32137996395,437.41067182603,
    13.306710429677));
#643 = CARTESIAN_POINT('',(-24.60400567746,437.63586009511,
    13.435856386477));
#644 = CARTESIAN_POINT('',(-24.65890726643,437.67978157147,
    13.460675337149));
#645 = CARTESIAN_POINT('',(-24.71386322367,437.72392535486,
    13.485236775088));
#646 = CARTESIAN_POINT('',(-24.76885817796,437.76828064919,
    13.509563957526));
#647 = CARTESIAN_POINT('',(-24.82391317907,437.81286582024,
    13.533610713744));
#648 = CARTESIAN_POINT('',(-24.87901933151,437.8576754763,
    13.557388395604));
#649 = CARTESIAN_POINT('',(-24.9341833043,437.90271662609,
    13.580876785771));
#650 = CARTESIAN_POINT('',(-25.15024706516,438.07985976269,
    13.671608166202));
#651 = CARTESIAN_POINT('',(-25.31157585148,438.21370426982,
    13.736608377179));
#652 = CARTESIAN_POINT('',(-25.47345921023,438.34962271597,
    13.798786503232));
#653 = CARTESIAN_POINT('',(-25.63593491778,438.48769410639,
    13.857826133146));
#654 = CARTESIAN_POINT('',(-25.7990130421,438.6279783176,13.913374817206
    ));
#655 = CARTESIAN_POINT('',(-25.96267620973,438.77051411927,
    13.965046231808));
#656 = CARTESIAN_POINT('',(-26.12687909042,438.91531620445,
    14.012424781019));
#657 = CARTESIAN_POINT('',(-26.34982979232,439.11441997048,
    14.070167441907));
#658 = CARTESIAN_POINT('',(-26.40816882545,439.1667491905,
    14.084669231217));
#659 = CARTESIAN_POINT('',(-26.46656003784,439.21935757288,
    14.098558231354));
#660 = CARTESIAN_POINT('',(-26.52499838428,439.27224289524,
    14.111814481113));
#661 = CARTESIAN_POINT('',(-26.58347793531,439.32540202814,
    14.124417829758));
#662 = CARTESIAN_POINT('',(-26.64199187722,439.37883093502,
    14.13634793702));
#663 = CARTESIAN_POINT('',(-26.70053251205,439.43252467223,
    14.147584273101));
#664 = CARTESIAN_POINT('',(-26.88320984456,439.60083323647,
    14.180407767938));
#665 = CARTESIAN_POINT('',(-27.00740183334,439.71634506321,
    14.199482412872));
#666 = CARTESIAN_POINT('',(-27.1314965293,439.83287429161,
    14.215647562004));
#667 = CARTESIAN_POINT('',(-27.25535028425,439.95029954554,
    14.229269890209));
#668 = CARTESIAN_POINT('',(-27.37885046661,440.0685221018,
    14.240739169582));
#669 = CARTESIAN_POINT('',(-27.50191479556,440.18746738895,
    14.250458864323));
#670 = CARTESIAN_POINT('',(-27.62448982524,440.30708589093,
    14.258842365375));
#671 = CARTESIAN_POINT('',(-27.79239187167,440.4725234942,
    14.269105931589));
#672 = CARTESIAN_POINT('',(-27.83815773266,440.51778084248,
    14.271777917004));
#673 = CARTESIAN_POINT('',(-27.88384807643,440.56312709904,
    14.274341782218));
#674 = CARTESIAN_POINT('',(-27.92946117467,440.60856062044,
    14.276819533827));
#675 = CARTESIAN_POINT('',(-27.97499544191,440.65407987875,
    14.279233199609));
#676 = CARTESIAN_POINT('',(-28.02044943547,440.69968346146,
    14.28160482853));
#677 = CARTESIAN_POINT('',(-28.06582185548,440.74537007153,
    14.283956490743));
#678 = CARTESIAN_POINT('',(-28.18853434937,440.86937978398,
    14.290334080374));
#679 = CARTESIAN_POINT('',(-28.26571363413,440.94785847092,
    14.29436417494));
#680 = CARTESIAN_POINT('',(-28.34264511678,441.02657020737,
    14.298509800249));
#681 = CARTESIAN_POINT('',(-28.41932221387,441.10550814425,
    14.302883386548));
#682 = CARTESIAN_POINT('',(-28.49573694641,441.18466380333,
    14.307592982028));
#683 = CARTESIAN_POINT('',(-28.57187948234,441.2640264864,
    14.312747168177));
#684 = CARTESIAN_POINT('',(-28.64773781781,441.34358283394,
    14.318458315848));
#685 = CARTESIAN_POINT('',(-28.87722442509,441.58574625616,
    14.33780981389));
#686 = CARTESIAN_POINT('',(-29.02991328589,441.74891295266,
    14.353499921416));
#687 = CARTESIAN_POINT('',(-29.18131668696,441.91275644546,
    14.37182586081));
#688 = CARTESIAN_POINT('',(-29.33139270692,442.0772189573,
    14.392709948392));
#689 = CARTESIAN_POINT('',(-29.48010607385,442.24224683036,
    14.416072268126));
#690 = CARTESIAN_POINT('',(-29.62742774168,442.40779066695,
    14.441831627159));
#691 = CARTESIAN_POINT('',(-29.77333446656,442.57380547025,
    14.469906511355));
#692 = CARTESIAN_POINT('',(-29.97244278471,442.80319391244,
    14.511677922956));
#693 = CARTESIAN_POINT('',(-30.02687228499,442.86619860677,
    14.523459372681));
#694 = CARTESIAN_POINT('',(-30.08109592357,442.92926267744,
    14.535556000492));
#695 = CARTESIAN_POINT('',(-30.13511283653,442.99238401845,
    14.547963434529));
#696 = CARTESIAN_POINT('',(-30.18892225652,443.05556060828,
    14.560677320592));
#697 = CARTESIAN_POINT('',(-30.24252351274,443.11879050991,
    14.57369332214));
#698 = CARTESIAN_POINT('',(-30.29591603099,443.18207187086,
    14.587007120292));
#699 = CARTESIAN_POINT('',(-30.39598477868,443.30123444215,
    14.612610359586));
#700 = CARTESIAN_POINT('',(-30.44270760503,443.35710455872,
    14.62483469448));
#701 = CARTESIAN_POINT('',(-30.48926770576,443.41301233982,
    14.637283163687));
#702 = CARTESIAN_POINT('',(-30.53566436168,443.468956087,14.649954755218
    ));
#703 = CARTESIAN_POINT('',(-30.58189726745,443.5249345884,14.66284698988
    ));
#704 = CARTESIAN_POINT('',(-30.6279668543,443.58094751944,
    14.675954377548));
#705 = CARTESIAN_POINT('',(-30.67387390939,443.63699499197,
    14.689270039746));
#706 = CARTESIAN_POINT('',(-30.88431066183,443.89498309903,
    14.751467600371));
#707 = CARTESIAN_POINT('',(-31.04689560145,444.09732628665,
    14.802794734073));
#708 = CARTESIAN_POINT('',(-31.20739722148,444.30009595302,
    14.856545982768));
#709 = CARTESIAN_POINT('',(-31.36584511163,444.50329081903,
    14.912504814173));
#710 = CARTESIAN_POINT('',(-31.52227407297,444.70691856949,
    14.97046408284));
#711 = CARTESIAN_POINT('',(-31.67672365042,444.91099623435,
    15.03022603242));
#712 = CARTESIAN_POINT('',(-31.82923766517,445.11555057001,
    15.091602297915));
#713 = CARTESIAN_POINT('',(-32.05632132323,445.42471058772,
    15.186296988112));
#714 = CARTESIAN_POINT('',(-32.13229195336,445.52893436602,
    15.218549094012));
#715 = CARTESIAN_POINT('',(-32.20778067719,445.63329291,15.251149865666)
  );
#716 = CARTESIAN_POINT('',(-32.28279570773,445.73779411295,
    15.284068412903));
#717 = CARTESIAN_POINT('',(-32.35734121378,445.8424405733,
    15.317287779406));
#718 = CARTESIAN_POINT('',(-32.4314205809,445.94723405518,
    15.350794274507));
#719 = CARTESIAN_POINT('',(-32.5050403251,446.05218090434,
    15.384564375519));
#720 = CARTESIAN_POINT('',(-32.65189864,446.26314917659,15.452845526324)
  );
#721 = CARTESIAN_POINT('',(-32.72513058365,446.36917285516,
    15.487359757537));
#722 = CARTESIAN_POINT('',(-32.79790572768,446.47536048596,
    15.522106020497));
#723 = CARTESIAN_POINT('',(-32.87022906616,446.58171687393,
    15.557065983487));
#724 = CARTESIAN_POINT('',(-32.94210552383,446.68824703919,
    15.592221559608));
#725 = CARTESIAN_POINT('',(-33.01353995608,446.79495621705,
    15.627554906778));
#726 = CARTESIAN_POINT('',(-33.08453714897,446.90184985804,
    15.663048427734));
#727 = CARTESIAN_POINT('',(-33.2512288721,447.15480899532,
    15.747230544392));
#728 = CARTESIAN_POINT('',(-33.34655312996,447.30103698741,15.7960411463
    ));
#729 = CARTESIAN_POINT('',(-33.44108649157,447.44763189204,
    15.845073025598));
#730 = CARTESIAN_POINT('',(-33.53484060811,447.59460883289,
    15.894282206137));
#731 = CARTESIAN_POINT('',(-33.6278264606,447.74198304499,
    15.943625768023));
#732 = CARTESIAN_POINT('',(-33.72005435726,447.88976986819,
    15.993061863011));
#733 = CARTESIAN_POINT('',(-33.81153435081,448.0379854586,
    16.042548263083));
#734 = CARTESIAN_POINT('',(-33.96417229767,448.28805044626,
    16.125797162424));
#735 = CARTESIAN_POINT('',(-34.02572438986,448.38966053961,
    16.159557193579));
#736 = CARTESIAN_POINT('',(-34.08693654161,448.49148403884,
    16.193305597235));
#737 = CARTESIAN_POINT('',(-34.14781180199,448.59352653401,
    16.227028397031));
#738 = CARTESIAN_POINT('',(-34.20835307977,448.69579366449,
    16.260711578657));
#739 = CARTESIAN_POINT('',(-34.26856314336,448.79829111885,
    16.29434108985));
#740 = CARTESIAN_POINT('',(-34.32844462085,448.90102463498,
    16.327902840396));
#741 = CARTESIAN_POINT('',(-34.388,449.004,16.361382702128));
#742 = PCURVE('',#201,#743);
#743 = DEFINITIONAL_REPRESENTATION('',(#744),#950);
#744 = B_SPLINE_CURVE_WITH_KNOTS('',8,(#745,#746,#747,#748,#749,#750,
    #751,#752,#753,#754,#755,#756,#757,#758,#759,#760,#761,#762,#763,
    #764,#765,#766,#767,#768,#769,#770,#771,#772,#773,#774,#775,#776,
    #777,#778,#779,#780,#781,#782,#783,#784,#785,#786,#787,#788,#789,
    #790,#791,#792,#793,#794,#795,#796,#797,#798,#799,#800,#801,#802,
    #803,#804,#805,#806,#807,#808,#809,#810,#811,#812,#813,#814,#815,
    #816,#817,#818,#819,#820,#821,#822,#823,#824,#825,#826,#827,#828,
    #829,#830,#831,#832,#833,#834,#835,#836,#837,#838,#839,#840,#841,
    #842,#843,#844,#845,#846,#847,#848,#849,#850,#851,#852,#853,#854,
    #855,#856,#857,#858,#859,#860,#861,#862,#863,#864,#865,#866,#867,
    #868,#869,#870,#871,#872,#873,#874,#875,#876,#877,#878,#879,#880,
    #881,#882,#883,#884,#885,#886,#887,#888,#889,#890,#891,#892,#893,
    #894,#895,#896,#897,#898,#899,#900,#901,#902,#903,#904,#905,#906,
    #907,#908,#909,#910,#911,#912,#913,#914,#915,#916,#917,#918,#919,
    #920,#921,#922,#923,#924,#925,#926,#927,#928,#929,#930,#931,#932,
    #933,#934,#935,#936,#937,#938,#939,#940,#941,#942,#943,#944,#945,
    #946,#947,#948,#949),.UNSPECIFIED.,.F.,.F.,(9,7,7,7,7,7,7,7,7,7,7,7,
    7,7,7,7,7,7,7,7,7,7,7,7,7,7,7,7,7,9),(0.,3.769758324022E-02,
    7.782392760172E-02,0.123987325693,0.186259931317,0.215565123534,
    0.244005445993,0.304331116441,0.363665376492,0.472827874228,
    0.500793505356,0.52214934709,0.555782533176,0.5911919049,
    0.606644885038,0.662322733366,0.675730697047,0.714782295161,
    0.728604240994,0.757900640198,0.768902643827,0.787710588577,
    0.826024113486,0.840512794561,0.853285755757,0.899271675526,
    0.922614060261,0.946125312218,0.978153625418,1.),.UNSPECIFIED.);
#745 = CARTESIAN_POINT('',(10.790601110174,0.));
#746 = CARTESIAN_POINT('',(10.790602224046,4.076336149827E-03));
#747 = CARTESIAN_POINT('',(10.790603178958,8.130863950238E-03));
#748 = CARTESIAN_POINT('',(10.790604162697,1.216182472286E-02));
#749 = CARTESIAN_POINT('',(10.790605324364,1.616785970164E-02));
#750 = CARTESIAN_POINT('',(10.790606777251,2.014798714717E-02));
#751 = CARTESIAN_POINT('',(10.790608601726,2.410157946113E-02));
#752 = CARTESIAN_POINT('',(10.790610848117,2.802834030064E-02));
#753 = CARTESIAN_POINT('',(10.790616404462,3.607948656664E-02));
#754 = CARTESIAN_POINT('',(10.790619785231,4.020015409889E-02));
#755 = CARTESIAN_POINT('',(10.790623640339,4.429044291239E-02));
#756 = CARTESIAN_POINT('',(10.790628135643,4.8350321892E-02));
#757 = CARTESIAN_POINT('',(10.790633061976,5.238049821306E-02));
#758 = CARTESIAN_POINT('',(10.790638277086,5.638167700927E-02));
#759 = CARTESIAN_POINT('',(10.790644074882,6.035398277363E-02));
#760 = CARTESIAN_POINT('',(10.790657644361,6.883620029212E-02));
#761 = CARTESIAN_POINT('',(10.790665602584,7.333686737202E-02));
#762 = CARTESIAN_POINT('',(10.790674307327,7.780151466246E-02));
#763 = CARTESIAN_POINT('',(10.790683789492,8.223133733993E-02));
#764 = CARTESIAN_POINT('',(10.790694065206,8.662759476138E-02));
#765 = CARTESIAN_POINT('',(10.790705137858,9.099162030419E-02));
#766 = CARTESIAN_POINT('',(10.790717000142,9.532483120624E-02));
#767 = CARTESIAN_POINT('',(10.790746681482,0.105434539685));
#768 = CARTESIAN_POINT('',(10.790765130234,0.111186718244));
#769 = CARTESIAN_POINT('',(10.790784986199,0.116889458685));
#770 = CARTESIAN_POINT('',(10.790805987192,0.122544376427));
#771 = CARTESIAN_POINT('',(10.790828213707,0.128155668553));
#772 = CARTESIAN_POINT('',(10.79085149957,0.133725375475));
#773 = CARTESIAN_POINT('',(10.790875854474,0.139256818753));
#774 = CARTESIAN_POINT('',(10.790913183264,0.14733928387));
#775 = CARTESIAN_POINT('',(10.790925357688,0.14991783673));
#776 = CARTESIAN_POINT('',(10.790937754448,0.152488816535));
#777 = CARTESIAN_POINT('',(10.790950374953,0.155052520668));
#778 = CARTESIAN_POINT('',(10.79096322216,0.157609243533));
#779 = CARTESIAN_POINT('',(10.790976293957,0.160159265323));
#780 = CARTESIAN_POINT('',(10.790989576551,0.162702840776));
#781 = CARTESIAN_POINT('',(10.791016101877,0.16770265163));
#782 = CARTESIAN_POINT('',(10.791029338764,0.170159255739));
#783 = CARTESIAN_POINT('',(10.791042733353,0.17261022209));
#784 = CARTESIAN_POINT('',(10.79105627206,0.175055770061));
#785 = CARTESIAN_POINT('',(10.791069942879,0.177496116589));
#786 = CARTESIAN_POINT('',(10.79108373538,0.179931476173));
#787 = CARTESIAN_POINT('',(10.79109764071,0.18236206087));
#788 = CARTESIAN_POINT('',(10.791141370522,0.189933987083));
#789 = CARTESIAN_POINT('',(10.791171566641,0.195059334377));
#790 = CARTESIAN_POINT('',(10.7912021339,0.200166129824));
#791 = CARTESIAN_POINT('',(10.791233219463,0.205256452392));
#792 = CARTESIAN_POINT('',(10.791264243245,0.210331824999));
#793 = CARTESIAN_POINT('',(10.791296261013,0.215394815468));
#794 = CARTESIAN_POINT('',(10.791328202892,0.2204465307));
#795 = CARTESIAN_POINT('',(10.791391708549,0.230448339401));
#796 = CARTESIAN_POINT('',(10.791423230652,0.235398686262));
#797 = CARTESIAN_POINT('',(10.791454650232,0.240341520134));
#798 = CARTESIAN_POINT('',(10.791485862498,0.245278418275));
#799 = CARTESIAN_POINT('',(10.791516792033,0.250210936188));
#800 = CARTESIAN_POINT('',(10.791547392093,0.255140619442));
#801 = CARTESIAN_POINT('',(10.791577643898,0.260069015494));
#802 = CARTESIAN_POINT('',(10.791662587753,0.27406539664));
#803 = CARTESIAN_POINT('',(10.791716481504,0.283133763141));
#804 = CARTESIAN_POINT('',(10.791768421923,0.292212861957));
#805 = CARTESIAN_POINT('',(10.791816704016,0.301312727678));
#806 = CARTESIAN_POINT('',(10.791860911801,0.310443150722));
#807 = CARTESIAN_POINT('',(10.791901417588,0.319614040065));
#808 = CARTESIAN_POINT('',(10.791937831465,0.328836026094));
#809 = CARTESIAN_POINT('',(10.791975767246,0.34049963098));
#810 = CARTESIAN_POINT('',(10.791983110338,0.342882395637));
#811 = CARTESIAN_POINT('',(10.791990041059,0.345269462667));
#812 = CARTESIAN_POINT('',(10.791996541476,0.34766102368));
#813 = CARTESIAN_POINT('',(10.792002594642,0.350057272377));
#814 = CARTESIAN_POINT('',(10.792008184594,0.352458404543));
#815 = CARTESIAN_POINT('',(10.792013296353,0.354864618052));
#816 = CARTESIAN_POINT('',(10.792021443649,0.359117641179));
#817 = CARTESIAN_POINT('',(10.792024684385,0.360962249171));
#818 = CARTESIAN_POINT('',(10.79202763191,0.362810025948));
#819 = CARTESIAN_POINT('',(10.792030280387,0.364661061354));
#820 = CARTESIAN_POINT('',(10.792032624371,0.366515445965));
#821 = CARTESIAN_POINT('',(10.792034658805,0.368373271091));
#822 = CARTESIAN_POINT('',(10.792036379028,0.370234628775));
#823 = CARTESIAN_POINT('',(10.79203998835,0.375036762282));
#824 = CARTESIAN_POINT('',(10.792041408525,0.377982889479));
#825 = CARTESIAN_POINT('',(10.792042020349,0.380938382521));
#826 = CARTESIAN_POINT('',(10.792041760261,0.383903841079));
#827 = CARTESIAN_POINT('',(10.792040588311,0.386879752491));
#828 = CARTESIAN_POINT('',(10.792038470118,0.389866583205));
#829 = CARTESIAN_POINT('',(10.792035349537,0.392864915404));
#830 = CARTESIAN_POINT('',(10.792026804659,0.399044581818));
#831 = CARTESIAN_POINT('',(10.792021266308,0.402227209642));
#832 = CARTESIAN_POINT('',(10.792014519541,0.405423776362));
#833 = CARTESIAN_POINT('',(10.792006511566,0.408634911525));
#834 = CARTESIAN_POINT('',(10.791997189325,0.411861244684));
#835 = CARTESIAN_POINT('',(10.791986499598,0.415103409043));
#836 = CARTESIAN_POINT('',(10.791974389107,0.418362045099));
#837 = CARTESIAN_POINT('',(10.791954876228,0.423067376154));
#838 = CARTESIAN_POINT('',(10.791948667168,0.424500210706));
#839 = CARTESIAN_POINT('',(10.791942172767,0.425936346462));
#840 = CARTESIAN_POINT('',(10.791935389005,0.427375857411));
#841 = CARTESIAN_POINT('',(10.791928311588,0.428818799662));
#842 = CARTESIAN_POINT('',(10.791920935588,0.430265194193));
#843 = CARTESIAN_POINT('',(10.79191325568,0.431715045716));
#844 = CARTESIAN_POINT('',(10.791876483137,0.438404896172));
#845 = CARTESIAN_POINT('',(10.791843689845,0.443686696925));
#846 = CARTESIAN_POINT('',(10.79180664601,0.449015199129));
#847 = CARTESIAN_POINT('',(10.791765084974,0.454391588134));
#848 = CARTESIAN_POINT('',(10.791718714863,0.459816828906));
#849 = CARTESIAN_POINT('',(10.791667218962,0.465291659516));
#850 = CARTESIAN_POINT('',(10.791610256089,0.470816584642));
#851 = CARTESIAN_POINT('',(10.791532339079,0.477734471425));
#852 = CARTESIAN_POINT('',(10.791516878461,0.47907996921));
#853 = CARTESIAN_POINT('',(10.791501078722,0.48042848912));
#854 = CARTESIAN_POINT('',(10.79148491921,0.481779641782));
#855 = CARTESIAN_POINT('',(10.791468419368,0.483134014462));
#856 = CARTESIAN_POINT('',(10.791451563644,0.484491392864));
#857 = CARTESIAN_POINT('',(10.791434355109,0.485851981483));
#858 = CARTESIAN_POINT('',(10.791365628304,0.491188167434));
#859 = CARTESIAN_POINT('',(10.791311443511,0.495187914809));
#860 = CARTESIAN_POINT('',(10.791254160203,0.499217491972));
#861 = CARTESIAN_POINT('',(10.791193680326,0.503278671342));
#862 = CARTESIAN_POINT('',(10.791129882443,0.507372600416));
#863 = CARTESIAN_POINT('',(10.791062622174,0.511499788828));
#864 = CARTESIAN_POINT('',(10.790991733271,0.515660069311));
#865 = CARTESIAN_POINT('',(10.790890588567,0.521336415523));
#866 = CARTESIAN_POINT('',(10.790863670823,0.522824280611));
#867 = CARTESIAN_POINT('',(10.790836268165,0.524316066283));
#868 = CARTESIAN_POINT('',(10.790808372699,0.52581168747));
#869 = CARTESIAN_POINT('',(10.790779976567,0.527311035602));
#870 = CARTESIAN_POINT('',(10.790751071943,0.528813978606));
#871 = CARTESIAN_POINT('',(10.790721651035,0.530320360906));
#872 = CARTESIAN_POINT('',(10.790628236072,0.53502977648));
#873 = CARTESIAN_POINT('',(10.790562411597,0.538243987291));
#874 = CARTESIAN_POINT('',(10.790494354152,0.541468680638));
#875 = CARTESIAN_POINT('',(10.790424177626,0.544700519289));
#876 = CARTESIAN_POINT('',(10.79035197624,0.547936899806));
#877 = CARTESIAN_POINT('',(10.790277820295,0.551175956322));
#878 = CARTESIAN_POINT('',(10.790201753546,0.554416547523));
#879 = CARTESIAN_POINT('',(10.790094505978,0.558875741815));
#880 = CARTESIAN_POINT('',(10.790064958757,0.560093292153));
#881 = CARTESIAN_POINT('',(10.790035145339,0.561310937101));
#882 = CARTESIAN_POINT('',(10.790005066369,0.562528644152));
#883 = CARTESIAN_POINT('',(10.789974722141,0.563746384263));
#884 = CARTESIAN_POINT('',(10.78994411259,0.564964131855));
#885 = CARTESIAN_POINT('',(10.7899132373,0.566181864811));
#886 = CARTESIAN_POINT('',(10.789828858533,0.569481224232));
#887 = CARTESIAN_POINT('',(10.789774843844,0.571562739887));
#888 = CARTESIAN_POINT('',(10.789720046814,0.573644058273));
#889 = CARTESIAN_POINT('',(10.789664461161,0.57572506332));
#890 = CARTESIAN_POINT('',(10.789608080413,0.577805597239));
#891 = CARTESIAN_POINT('',(10.789550897179,0.57988544782));
#892 = CARTESIAN_POINT('',(10.789492902723,0.581964339064));
#893 = CARTESIAN_POINT('',(10.789314281219,0.588274273527));
#894 = CARTESIAN_POINT('',(10.789191085683,0.592501211139));
#895 = CARTESIAN_POINT('',(10.789064638966,0.59672153864));
#896 = CARTESIAN_POINT('',(10.788935066998,0.600934162883));
#897 = CARTESIAN_POINT('',(10.788802484685,0.60513812971));
#898 = CARTESIAN_POINT('',(10.788666995112,0.609332619502));
#899 = CARTESIAN_POINT('',(10.78852868875,0.613516942711));
#900 = CARTESIAN_POINT('',(10.788334304544,0.619268825413));
#901 = CARTESIAN_POINT('',(10.788280574628,0.620845580907));
#902 = CARTESIAN_POINT('',(10.788226457107,0.622420771446));
#903 = CARTESIAN_POINT('',(10.788171955901,0.623994368873));
#904 = CARTESIAN_POINT('',(10.788117074668,0.625566347322));
#905 = CARTESIAN_POINT('',(10.788061816801,0.627136683209));
#906 = CARTESIAN_POINT('',(10.788006185431,0.628705355241));
#907 = CARTESIAN_POINT('',(10.787900813063,0.631653773932));
#908 = CARTESIAN_POINT('',(10.787851154441,0.633033895502));
#909 = CARTESIAN_POINT('',(10.787801210324,0.634412700445));
#910 = CARTESIAN_POINT('',(10.787750981477,0.635790167309));
#911 = CARTESIAN_POINT('',(10.787700469258,0.637166283954));
#912 = CARTESIAN_POINT('',(10.787649676526,0.638541054477));
#913 = CARTESIAN_POINT('',(10.787598606872,0.639914490993));
#914 = CARTESIAN_POINT('',(10.787362408193,0.646226497776));
#915 = CARTESIAN_POINT('',(10.787173993516,0.651149025812));
#916 = CARTESIAN_POINT('',(10.78698213129,0.656054530193));
#917 = CARTESIAN_POINT('',(10.786786927081,0.660943555266));
#918 = CARTESIAN_POINT('',(10.786588477439,0.665816835498));
#919 = CARTESIAN_POINT('',(10.786386868447,0.670675297072));
#920 = CARTESIAN_POINT('',(10.786182174274,0.675520059474));
#921 = CARTESIAN_POINT('',(10.785869018097,0.682805344813));
#922 = CARTESIAN_POINT('',(10.785762802422,0.68525504716));
#923 = CARTESIAN_POINT('',(10.785655815166,0.687701665434));
#924 = CARTESIAN_POINT('',(10.785548069197,0.690145468509));
#925 = CARTESIAN_POINT('',(10.785439567799,0.69258655059));
#926 = CARTESIAN_POINT('',(10.785330312934,0.695024973957));
#927 = CARTESIAN_POINT('',(10.785220314503,0.697460942398));
#928 = CARTESIAN_POINT('',(10.784998039067,0.70234580546));
#929 = CARTESIAN_POINT('',(10.784885751773,0.704794666734));
#930 = CARTESIAN_POINT('',(10.78477272216,0.707241298048));
#931 = CARTESIAN_POINT('',(10.784658957424,0.709685845223));
#932 = CARTESIAN_POINT('',(10.784544465256,0.712128456738));
#933 = CARTESIAN_POINT('',(10.784429253841,0.714569283725));
#934 = CARTESIAN_POINT('',(10.784313331861,0.71700847997));
#935 = CARTESIAN_POINT('',(10.784037837764,0.722767000059));
#936 = CARTESIAN_POINT('',(10.783877664446,0.72608505745));
#937 = CARTESIAN_POINT('',(10.783716217278,0.729400769432));
#938 = CARTESIAN_POINT('',(10.783553512661,0.732714540815));
#939 = CARTESIAN_POINT('',(10.783389578118,0.736026772208));
#940 = CARTESIAN_POINT('',(10.783224454022,0.739337860214));
#941 = CARTESIAN_POINT('',(10.783058173639,0.742648211483));
#942 = CARTESIAN_POINT('',(10.782776503016,0.748216047719));
#943 = CARTESIAN_POINT('',(10.782661741697,0.750473685039));
#944 = CARTESIAN_POINT('',(10.782546439934,0.752731317539));
#945 = CARTESIAN_POINT('',(10.78243060077,0.754989079651));
#946 = CARTESIAN_POINT('',(10.782314227849,0.757247105283));
#947 = CARTESIAN_POINT('',(10.78219732541,0.759505527823));
#948 = CARTESIAN_POINT('',(10.782079898287,0.761764480137));
#949 = CARTESIAN_POINT('',(10.781961951913,0.76402409457));
#950 = ( GEOMETRIC_REPRESENTATION_CONTEXT(2) 
PARAMETRIC_REPRESENTATION_CONTEXT() REPRESENTATION_CONTEXT('2D SPACE',''
  ) );
#951 = PCURVE('',#952,#960);
#952 = SURFACE_OF_LINEAR_EXTRUSION('',#953,#958);
#953 = B_SPLINE_CURVE_WITH_KNOTS('',3,(#954,#955,#956,#957),
  .UNSPECIFIED.,.F.,.F.,(4,4),(0.,1.),.PIECEWISE_BEZIER_KNOTS.);
#954 = CARTESIAN_POINT('',(-34.388,449.004,0.));
#955 = CARTESIAN_POINT('',(-27.556,437.191,0.));
#956 = CARTESIAN_POINT('',(-14.742,428.951,0.));
#957 = CARTESIAN_POINT('',(1.E-03,428.947,0.));
#958 = VECTOR('',#959,1.);
#959 = DIRECTION('',(0.,0.,-1.));
#960 = DEFINITIONAL_REPRESENTATION('',(#961),#1167);
#961 = B_SPLINE_CURVE_WITH_KNOTS('',8,(#962,#963,#964,#965,#966,#967,
    #968,#969,#970,#971,#972,#973,#974,#975,#976,#977,#978,#979,#980,
    #981,#982,#983,#984,#985,#986,#987,#988,#989,#990,#991,#992,#993,
    #994,#995,#996,#997,#998,#999,#1000,#1001,#1002,#1003,#1004,#1005,
    #1006,#1007,#1008,#1009,#1010,#1011,#1012,#1013,#1014,#1015,#1016,
    #1017,#1018,#1019,#1020,#1021,#1022,#1023,#1024,#1025,#1026,#1027,
    #1028,#1029,#1030,#1031,#1032,#1033,#1034,#1035,#1036,#1037,#1038,
    #1039,#1040,#1041,#1042,#1043,#1044,#1045,#1046,#1047,#1048,#1049,
    #1050,#1051,#1052,#1053,#1054,#1055,#1056,#1057,#1058,#1059,#1060,
    #1061,#1062,#1063,#1064,#1065,#1066,#1067,#1068,#1069,#1070,#1071,
    #1072,#1073,#1074,#1075,#1076,#1077,#1078,#1079,#1080,#1081,#1082,
    #1083,#1084,#1085,#1086,#1087,#1088,#1089,#1090,#1091,#1092,#1093,
    #1094,#1095,#1096,#1097,#1098,#1099,#1100,#1101,#1102,#1103,#1104,
    #1105,#1106,#1107,#1108,#1109,#1110,#1111,#1112,#1113,#1114,#1115,
    #1116,#1117,#1118,#1119,#1120,#1121,#1122,#1123,#1124,#1125,#1126,
    #1127,#1128,#1129,#1130,#1131,#1132,#1133,#1134,#1135,#1136,#1137,
    #1138,#1139,#1140,#1141,#1142,#1143,#1144,#1145,#1146,#1147,#1148,
    #1149,#1150,#1151,#1152,#1153,#1154,#1155,#1156,#1157,#1158,#1159,
    #1160,#1161,#1162,#1163,#1164,#1165,#1166),.UNSPECIFIED.,.F.,.F.,(9,
    7,7,7,7,7,7,7,7,7,7,7,7,7,7,7,7,7,7,7,7,7,7,7,7,7,7,7,7,9),(0.,
    3.769758324022E-02,7.782392760172E-02,0.123987325693,0.186259931317,
    0.215565123534,0.244005445993,0.304331116441,0.363665376492,
    0.472827874228,0.500793505356,0.52214934709,0.555782533176,
    0.5911919049,0.606644885038,0.662322733366,0.675730697047,
    0.714782295161,0.728604240994,0.757900640198,0.768902643827,
    0.787710588577,0.826024113486,0.840512794561,0.853285755757,
    0.899271675526,0.922614060261,0.946125312218,0.978153625418,1.),
  .UNSPECIFIED.);
#962 = CARTESIAN_POINT('',(0.953242749803,-0.177006803229));
#963 = CARTESIAN_POINT('',(0.948326804645,-0.213169513358));
#964 = CARTESIAN_POINT('',(0.94343385516,-0.253145043582));
#965 = CARTESIAN_POINT('',(0.93856636749,-0.296744853959));
#966 = CARTESIAN_POINT('',(0.933726321799,-0.343780358388));
#967 = CARTESIAN_POINT('',(0.928915236564,-0.39406579479));
#968 = CARTESIAN_POINT('',(0.924134192873,-0.447421095298));
#969 = CARTESIAN_POINT('',(0.919383858714,-0.50367475644));
#970 = CARTESIAN_POINT('',(0.909641112185,-0.625459366364));
#971 = CARTESIAN_POINT('',(0.904652985911,-0.691352486688));
#972 = CARTESIAN_POINT('',(0.899700411682,-0.760151192827));
#973 = CARTESIAN_POINT('',(0.894783482496,-0.831675444885));
#974 = CARTESIAN_POINT('',(0.88990195779,-0.905749980284));
#975 = CARTESIAN_POINT('',(0.885055411285,-0.982213736916));
#976 = CARTESIAN_POINT('',(0.880243333501,-1.060926915429));
#977 = CARTESIAN_POINT('',(0.869967430685,-1.234741258521));
#978 = CARTESIAN_POINT('',(0.864514691626,-1.330523278793));
#979 = CARTESIAN_POINT('',(0.859105388217,-1.428896091341));
#980 = CARTESIAN_POINT('',(0.8537382055,-1.52967170579));
#981 = CARTESIAN_POINT('',(0.848411743413,-1.632677490007));
#982 = CARTESIAN_POINT('',(0.843124505575,-1.737755712931));
#983 = CARTESIAN_POINT('',(0.837874888058,-1.844763087412));
#984 = CARTESIAN_POINT('',(0.825628065408,-2.100346974435));
#985 = CARTESIAN_POINT('',(0.818660614916,-2.250393542503));
#986 = CARTESIAN_POINT('',(0.811754353983,-2.403380001595));
#987 = CARTESIAN_POINT('',(0.804906308955,-2.559064427289));
#988 = CARTESIAN_POINT('',(0.798112144738,-2.717170187834));
#989 = CARTESIAN_POINT('',(0.791368722341,-2.877496457441));
#990 = CARTESIAN_POINT('',(0.784672195855,-3.039835720205));
#991 = CARTESIAN_POINT('',(0.774887932533,-3.281276761937));
#992 = CARTESIAN_POINT('',(0.77176654913,-3.358945126297));
#993 = CARTESIAN_POINT('',(0.768654415221,-3.437001341307));
#994 = CARTESIAN_POINT('',(0.765551165463,-3.515427269977));
#995 = CARTESIAN_POINT('',(0.762456439345,-3.594205492048));
#996 = CARTESIAN_POINT('',(0.759369888265,-3.673319560136));
#997 = CARTESIAN_POINT('',(0.756291182621,-3.752754255885));
#998 = CARTESIAN_POINT('',(0.75023949291,-3.909884061917));
#999 = CARTESIAN_POINT('',(0.747266066482,-3.987561043373));
#1000 = CARTESIAN_POINT('',(0.744299447683,-4.065513655471));
#1001 = CARTESIAN_POINT('',(0.741339347781,-4.143729185016));
#1002 = CARTESIAN_POINT('',(0.738385481239,-4.222195340631));
#1003 = CARTESIAN_POINT('',(0.735437565711,-4.300900252753));
#1004 = CARTESIAN_POINT('',(0.732495322044,-4.379832473639));
#1005 = CARTESIAN_POINT('',(0.723329033289,-4.626865380182));
#1006 = CARTESIAN_POINT('',(0.7171238939,-4.795721970786));
#1007 = CARTESIAN_POINT('',(0.710940401759,-4.965446439955));
#1008 = CARTESIAN_POINT('',(0.704775889,-5.135936706022));
#1009 = CARTESIAN_POINT('',(0.698628138064,-5.307109222328));
#1010 = CARTESIAN_POINT('',(0.692494137455,-5.478857558344));
#1011 = CARTESIAN_POINT('',(0.686372029153,-5.651115873362));
#1012 = CARTESIAN_POINT('',(0.674247080411,-5.993649489541));
#1013 = CARTESIAN_POINT('',(0.668243985991,-6.163910603109));
#1014 = CARTESIAN_POINT('',(0.662247834697,-6.334510900361));
#1015 = CARTESIAN_POINT('',(0.656256456238,-6.505378315412));
#1016 = CARTESIAN_POINT('',(0.650267702193,-6.676442402852));
#1017 = CARTESIAN_POINT('',(0.644279430365,-6.847633916912));
#1018 = CARTESIAN_POINT('',(0.638289489135,-7.018884390628));
#1019 = CARTESIAN_POINT('',(0.621268399966,-7.505173558684));
#1020 = CARTESIAN_POINT('',(0.610228435162,-7.820181588141));
#1021 = CARTESIAN_POINT('',(0.599161711131,-8.134726928874));
#1022 = CARTESIAN_POINT('',(0.588054404257,-8.448377964176));
#1023 = CARTESIAN_POINT('',(0.576892494587,-8.760680452436));
#1024 = CARTESIAN_POINT('',(0.565661496145,-9.071151030169));
#1025 = CARTESIAN_POINT('',(0.554346153995,-9.379270028085));
#1026 = CARTESIAN_POINT('',(0.540005213286,-9.762651579785));
#1027 = CARTESIAN_POINT('',(0.537073946452,-9.84064515217));
#1028 = CARTESIAN_POINT('',(0.534135803708,-9.918436445035));
#1029 = CARTESIAN_POINT('',(0.531190509605,-9.996015311532));
#1030 = CARTESIAN_POINT('',(0.528237784536,-10.07337125755));
#1031 = CARTESIAN_POINT('',(0.525277344744,-10.15049344175));
#1032 = CARTESIAN_POINT('',(0.522308902316,-10.2273706755));
#1033 = CARTESIAN_POINT('',(0.517058991845,-10.36250254857));
#1034 = CARTESIAN_POINT('',(0.514780981514,-10.42086407097));
#1035 = CARTESIAN_POINT('',(0.512498004026,-10.47907084509));
#1036 = CARTESIAN_POINT('',(0.510209927675,-10.53711756881));
#1037 = CARTESIAN_POINT('',(0.507916619209,-10.59499878299));
#1038 = CARTESIAN_POINT('',(0.505617943837,-10.65270887144));
#1039 = CARTESIAN_POINT('',(0.503313765223,-10.71024206094));
#1040 = CARTESIAN_POINT('',(0.497366224351,-10.85791315708));
#1041 = CARTESIAN_POINT('',(0.493714527461,-10.94778072657));
#1042 = CARTESIAN_POINT('',(0.490048288672,-11.03717122335));
#1043 = CARTESIAN_POINT('',(0.486366724223,-11.12605227828));
#1044 = CARTESIAN_POINT('',(0.482669158098,-11.21439379919));
#1045 = CARTESIAN_POINT('',(0.478954928743,-11.30216494402));
#1046 = CARTESIAN_POINT('',(0.475223250196,-11.38932953941));
#1047 = CARTESIAN_POINT('',(0.467525519661,-11.56694407784));
#1048 = CARTESIAN_POINT('',(0.463557509803,-11.65732384702));
#1049 = CARTESIAN_POINT('',(0.459568489556,-11.74694927007));
#1050 = CARTESIAN_POINT('',(0.45555757531,-11.83577521352));
#1051 = CARTESIAN_POINT('',(0.451523876399,-11.92375343276));
#1052 = CARTESIAN_POINT('',(0.447466490131,-12.01083240009));
#1053 = CARTESIAN_POINT('',(0.443384496808,-12.09695713263));
#1054 = CARTESIAN_POINT('',(0.437484385092,-12.21921264213));
#1055 = CARTESIAN_POINT('',(0.435686947062,-12.25616317578));
#1056 = CARTESIAN_POINT('',(0.433884585091,-12.29291650395));
#1057 = CARTESIAN_POINT('',(0.432077190686,-12.32946624087));
#1058 = CARTESIAN_POINT('',(0.430264681752,-12.36580699285));
#1059 = CARTESIAN_POINT('',(0.428447028188,-12.40193539492));
#1060 = CARTESIAN_POINT('',(0.426624223761,-12.43784892326));
#1061 = CARTESIAN_POINT('',(0.418209760007,-12.60214813979));
#1062 = CARTESIAN_POINT('',(0.411555801526,-12.72789907466));
#1063 = CARTESIAN_POINT('',(0.404832305807,-12.85061158868));
#1064 = CARTESIAN_POINT('',(0.398037496033,-12.97008176171));
#1065 = CARTESIAN_POINT('',(0.391169852152,-13.08608615331));
#1066 = CARTESIAN_POINT('',(0.384228121438,-13.19838250287));
#1067 = CARTESIAN_POINT('',(0.37721132906,-13.30671042967));
#1068 = CARTESIAN_POINT('',(0.368410810924,-13.43585638647));
#1069 = CARTESIAN_POINT('',(0.366698470589,-13.46067533715));
#1070 = CARTESIAN_POINT('',(0.364981614337,-13.48523677508));
#1071 = CARTESIAN_POINT('',(0.363260691043,-13.50956395753));
#1072 = CARTESIAN_POINT('',(0.36153501311,-13.53361071374));
#1073 = CARTESIAN_POINT('',(0.359804823611,-13.5573883956));
#1074 = CARTESIAN_POINT('',(0.358069880813,-13.58087678577));
#1075 = CARTESIAN_POINT('',(0.351262913119,-13.6716081662));
#1076 = CARTESIAN_POINT('',(0.34615516956,-13.73660837717));
#1077 = CARTESIAN_POINT('',(0.341003926465,-13.79878650323));
#1078 = CARTESIAN_POINT('',(0.33580703774,-13.85782613314));
#1079 = CARTESIAN_POINT('',(0.330563158273,-13.9133748172));
#1080 = CARTESIAN_POINT('',(0.325271769326,-13.9650462318));
#1081 = CARTESIAN_POINT('',(0.319933235859,-14.01242478101));
#1082 = CARTESIAN_POINT('',(0.312643159241,-14.0701674419));
#1083 = CARTESIAN_POINT('',(0.310731747984,-14.08466923121));
#1084 = CARTESIAN_POINT('',(0.308814748565,-14.09855823135));
#1085 = CARTESIAN_POINT('',(0.306892278207,-14.11181448111));
#1086 = CARTESIAN_POINT('',(0.304964484789,-14.12441782975));
#1087 = CARTESIAN_POINT('',(0.303031546851,-14.13634793702));
#1088 = CARTESIAN_POINT('',(0.301093673589,-14.1475842731));
#1089 = CARTESIAN_POINT('',(0.295033720103,-14.18040776793));
#1090 = CARTESIAN_POINT('',(0.290895507653,-14.19948241287));
#1091 = CARTESIAN_POINT('',(0.286741718275,-14.215647562));
#1092 = CARTESIAN_POINT('',(0.282576831859,-14.2292698902));
#1093 = CARTESIAN_POINT('',(0.278404397946,-14.24073916958));
#1094 = CARTESIAN_POINT('',(0.274227023694,-14.25045886432));
#1095 = CARTESIAN_POINT('',(0.270046385723,-14.25884236537));
#1096 = CARTESIAN_POINT('',(0.264292162105,-14.26910593158));
#1097 = CARTESIAN_POINT('',(0.26272086138,-14.271777917));
#1098 = CARTESIAN_POINT('',(0.261149297339,-14.27434178221));
#1099 = CARTESIAN_POINT('',(0.25957752283,-14.27681953382));
#1100 = CARTESIAN_POINT('',(0.258005586245,-14.2792331996));
#1101 = CARTESIAN_POINT('',(0.256433531518,-14.28160482853));
#1102 = CARTESIAN_POINT('',(0.254861398127,-14.28395649074));
#1103 = CARTESIAN_POINT('',(0.250601581665,-14.29033408037));
#1104 = CARTESIAN_POINT('',(0.247913875194,-14.29436417494));
#1105 = CARTESIAN_POINT('',(0.245226224529,-14.29850980024));
#1106 = CARTESIAN_POINT('',(0.242538834909,-14.30288338654));
#1107 = CARTESIAN_POINT('',(0.239851963895,-14.30759298202));
#1108 = CARTESIAN_POINT('',(0.237165939577,-14.31274716817));
#1109 = CARTESIAN_POINT('',(0.234481173841,-14.31845831584));
#1110 = CARTESIAN_POINT('',(0.226332483221,-14.33780981389));
#1111 = CARTESIAN_POINT('',(0.22087407603,-14.35349992141));
#1112 = CARTESIAN_POINT('',(0.215424590625,-14.37182586081));
#1113 = CARTESIAN_POINT('',(0.209985536162,-14.39270994839));
#1114 = CARTESIAN_POINT('',(0.204558241548,-14.41607226812));
#1115 = CARTESIAN_POINT('',(0.199143860776,-14.44183162715));
#1116 = CARTESIAN_POINT('',(0.193743378245,-14.46990651135));
#1117 = CARTESIAN_POINT('',(0.186320928112,-14.51167792295));
#1118 = CARTESIAN_POINT('',(0.184286346931,-14.52345937268));
#1119 = CARTESIAN_POINT('',(0.182253914842,-14.53555600049));
#1120 = CARTESIAN_POINT('',(0.180223673143,-14.54796343452));
#1121 = CARTESIAN_POINT('',(0.178195660135,-14.56067732059));
#1122 = CARTESIAN_POINT('',(0.17616991113,-14.57369332214));
#1123 = CARTESIAN_POINT('',(0.174146458444,-14.58700712029));
#1124 = CARTESIAN_POINT('',(0.170343542075,-14.61261035958));
#1125 = CARTESIAN_POINT('',(0.168563560921,-14.62483469448));
#1126 = CARTESIAN_POINT('',(0.166785399361,-14.63728316368));
#1127 = CARTESIAN_POINT('',(0.165009092837,-14.64995475521));
#1128 = CARTESIAN_POINT('',(0.163234661249,-14.66284698988));
#1129 = CARTESIAN_POINT('',(0.161462096382,-14.67595437754));
#1130 = CARTESIAN_POINT('',(0.159691376324,-14.68927003974));
#1131 = CARTESIAN_POINT('',(0.151554125484,-14.75146760037));
#1132 = CARTESIAN_POINT('',(0.145209781863,-14.80279473407));
#1133 = CARTESIAN_POINT('',(0.138888939871,-14.85654598276));
#1134 = CARTESIAN_POINT('',(0.132590825059,-14.91250481417));
#1135 = CARTESIAN_POINT('',(0.126314422817,-14.97046408284));
#1136 = CARTESIAN_POINT('',(0.120058476517,-15.03022603242));
#1137 = CARTESIAN_POINT('',(0.113821485649,-15.09160229791));
#1138 = CARTESIAN_POINT('',(0.104444552004,-15.18629698811));
#1139 = CARTESIAN_POINT('',(0.101291854894,-15.21854909401));
#1140 = CARTESIAN_POINT('',(9.814343464317E-02,-15.25114986566));
#1141 = CARTESIAN_POINT('',(9.49989740937E-02,-15.2840684129));
#1142 = CARTESIAN_POINT('',(9.185831936969E-02,-15.3172877794));
#1143 = CARTESIAN_POINT('',(8.872134475999E-02,-15.3507942745));
#1144 = CARTESIAN_POINT('',(8.55877893311E-02,-15.38456437551));
#1145 = CARTESIAN_POINT('',(7.930451397493E-02,-15.45284552632));
#1146 = CARTESIAN_POINT('',(7.615484179243E-02,-15.48735975753));
#1147 = CARTESIAN_POINT('',(7.300825219465E-02,-15.52210602049));
#1148 = CARTESIAN_POINT('',(6.986453627614E-02,-15.55706598348));
#1149 = CARTESIAN_POINT('',(6.672348204946E-02,-15.5922215596));
#1150 = CARTESIAN_POINT('',(6.358487444513E-02,-15.62755490677));
#1151 = CARTESIAN_POINT('',(6.044849531164E-02,-15.66304842773));
#1152 = CARTESIAN_POINT('',(5.30443106058E-02,-15.74723054439));
#1153 = CARTESIAN_POINT('',(4.877822873362E-02,-15.7960411463));
#1154 = CARTESIAN_POINT('',(4.451531927012E-02,-15.84507302559));
#1155 = CARTESIAN_POINT('',(4.025501082641E-02,-15.89428220613));
#1156 = CARTESIAN_POINT('',(3.599673934196E-02,-15.94362576802));
#1157 = CARTESIAN_POINT('',(3.173994795871E-02,-15.99306186301));
#1158 = CARTESIAN_POINT('',(2.748406658083E-02,-16.04254826308));
#1159 = CARTESIAN_POINT('',(2.032574777302E-02,-16.12579716242));
#1160 = CARTESIAN_POINT('',(1.742316263627E-02,-16.15955719357));
#1161 = CARTESIAN_POINT('',(1.452052634162E-02,-16.19330559723));
#1162 = CARTESIAN_POINT('',(1.161765024062E-02,-16.22702839703));
#1163 = CARTESIAN_POINT('',(8.714346404676E-03,-16.26071157865));
#1164 = CARTESIAN_POINT('',(5.810427625124E-03,-16.29434108985));
#1165 = CARTESIAN_POINT('',(2.905707413189E-03,-16.32790284039));
#1166 = CARTESIAN_POINT('',(0.,-16.36138270212));
#1167 = ( GEOMETRIC_REPRESENTATION_CONTEXT(2) 
PARAMETRIC_REPRESENTATION_CONTEXT() REPRESENTATION_CONTEXT('2D SPACE',''
  ) );
#1168 = ORIENTED_EDGE('',*,*,#1169,.T.);
#1169 = EDGE_CURVE('',#533,#1170,#1172,.T.);
#1170 = VERTEX_POINT('',#1171);
#1171 = CARTESIAN_POINT('',(-36.468,453.457,17.5510946718));
#1172 = SURFACE_CURVE('',#1173,(#1196,#1222),.PCURVE_S1.);
#1173 = B_SPLINE_CURVE_WITH_KNOTS('',6,(#1174,#1175,#1176,#1177,#1178,
    #1179,#1180,#1181,#1182,#1183,#1184,#1185,#1186,#1187,#1188,#1189,
    #1190,#1191,#1192,#1193,#1194,#1195),.UNSPECIFIED.,.F.,.F.,(7,5,5,5,
    7),(0.,0.160399301174,0.502138779388,0.819269159362,1.),
  .UNSPECIFIED.);
#1174 = CARTESIAN_POINT('',(-34.388,449.004,16.361382702128));
#1175 = CARTESIAN_POINT('',(-34.45261131275,449.11580849335,
    16.397727210208));
#1176 = CARTESIAN_POINT('',(-34.51618906745,449.22830884337,
    16.433980552804));
#1177 = CARTESIAN_POINT('',(-34.57880394701,449.34145428287,
    16.470119805601));
#1178 = CARTESIAN_POINT('',(-34.64052098483,449.4552046694,
    16.506122108912));
#1179 = CARTESIAN_POINT('',(-34.70140083354,449.56952570718,
    16.541964673167));
#1180 = CARTESIAN_POINT('',(-34.88954779506,449.92910892229,
    16.653600600496));
#1181 = CARTESIAN_POINT('',(-35.01405234666,450.17628124602,
    16.728746345775));
#1182 = CARTESIAN_POINT('',(-35.13557447555,450.42562987294,
    16.802843806621));
#1183 = CARTESIAN_POINT('',(-35.254588275,450.67694700235,
    16.875669412295));
#1184 = CARTESIAN_POINT('',(-35.37153280108,450.9300762026,
    16.946976786817));
#1185 = CARTESIAN_POINT('',(-35.59382858945,451.42135256957,
    17.081048019363));
#1186 = CARTESIAN_POINT('',(-35.69940507124,451.65925904184,
    17.144054996904));
#1187 = CARTESIAN_POINT('',(-35.80390008097,451.89850277086,
    17.20533496342));
#1188 = CARTESIAN_POINT('',(-35.9076337696,452.13898216699,
    17.264671340904));
#1189 = CARTESIAN_POINT('',(-36.01093089922,452.38058746141,
    17.321834305222));
#1190 = CARTESIAN_POINT('',(-36.1729642861,452.76144529982,
    17.407782303303));
#1191 = CARTESIAN_POINT('',(-36.23175695335,452.90002444366,
    17.438197969644));
#1192 = CARTESIAN_POINT('',(-36.29058698283,453.03890091281,
    17.467784094291));
#1193 = CARTESIAN_POINT('',(-36.3495217474,453.17804598186,
    17.49649424633));
#1194 = CARTESIAN_POINT('',(-36.4086331593,453.31742578515,
    17.524280689961));
#1195 = CARTESIAN_POINT('',(-36.468,453.457,17.5510946718));
#1196 = PCURVE('',#201,#1197);
#1197 = DEFINITIONAL_REPRESENTATION('',(#1198),#1221);
#1198 = B_SPLINE_CURVE_WITH_KNOTS('',6,(#1199,#1200,#1201,#1202,#1203,
    #1204,#1205,#1206,#1207,#1208,#1209,#1210,#1211,#1212,#1213,#1214,
    #1215,#1216,#1217,#1218,#1219,#1220),.UNSPECIFIED.,.F.,.F.,(7,5,5,5,
    7),(0.,0.160399301174,0.502138779388,0.819269159362,1.),
  .UNSPECIFIED.);
#1199 = CARTESIAN_POINT('',(10.781961951911,0.764024094611));
#1200 = CARTESIAN_POINT('',(10.781836855541,0.766477049037));
#1201 = CARTESIAN_POINT('',(10.781758955313,0.768931510137));
#1202 = CARTESIAN_POINT('',(10.781722709687,0.771387583884));
#1203 = CARTESIAN_POINT('',(10.781723103368,0.773845392323));
#1204 = CARTESIAN_POINT('',(10.781755544817,0.776305078201));
#1205 = CARTESIAN_POINT('',(10.781944063477,0.784011662947));
#1206 = CARTESIAN_POINT('',(10.78219845033,0.789265670457));
#1207 = CARTESIAN_POINT('',(10.782537649583,0.794530625834));
#1208 = CARTESIAN_POINT('',(10.782927240718,0.799807890872));
#1209 = CARTESIAN_POINT('',(10.783335664951,0.805099290019));
#1210 = CARTESIAN_POINT('',(10.784101604672,0.815331043486));
#1211 = CARTESIAN_POINT('',(10.784460650441,0.820269105479));
#1212 = CARTESIAN_POINT('',(10.784786013276,0.825221565862));
#1213 = CARTESIAN_POINT('',(10.785054586023,0.830189133858));
#1214 = CARTESIAN_POINT('',(10.785242634037,0.835172038731));
#1215 = CARTESIAN_POINT('',(10.785370702648,0.84301826851));
#1216 = CARTESIAN_POINT('',(10.785382611989,0.845871422394));
#1217 = CARTESIAN_POINT('',(10.785355117519,0.848729344364));
#1218 = CARTESIAN_POINT('',(10.785283189815,0.851591922963));
#1219 = CARTESIAN_POINT('',(10.785161413222,0.854458958037));
#1220 = CARTESIAN_POINT('',(10.784983806651,0.857330092858));
#1221 = ( GEOMETRIC_REPRESENTATION_CONTEXT(2) 
PARAMETRIC_REPRESENTATION_CONTEXT() REPRESENTATION_CONTEXT('2D SPACE',''
  ) );
#1222 = PCURVE('',#1223,#1231);
#1223 = SURFACE_OF_LINEAR_EXTRUSION('',#1224,#1229);
#1224 = B_SPLINE_CURVE_WITH_KNOTS('',3,(#1225,#1226,#1227,#1228),
  .UNSPECIFIED.,.F.,.F.,(4,4),(0.,1.),.PIECEWISE_BEZIER_KNOTS.);
#1225 = CARTESIAN_POINT('',(-36.468,453.457,0.));
#1226 = CARTESIAN_POINT('',(-35.847,451.997,0.));
#1227 = CARTESIAN_POINT('',(-35.182,450.378,0.));
#1228 = CARTESIAN_POINT('',(-34.388,449.004,0.));
#1229 = VECTOR('',#1230,1.);
#1230 = DIRECTION('',(0.,0.,-1.));
#1231 = DEFINITIONAL_REPRESENTATION('',(#1232),#1255);
#1232 = B_SPLINE_CURVE_WITH_KNOTS('',6,(#1233,#1234,#1235,#1236,#1237,
    #1238,#1239,#1240,#1241,#1242,#1243,#1244,#1245,#1246,#1247,#1248,
    #1249,#1250,#1251,#1252,#1253,#1254),.UNSPECIFIED.,.F.,.F.,(7,5,5,5,
    7),(0.,0.160399301174,0.502138779388,0.819269159362,1.),
  .UNSPECIFIED.);
#1233 = CARTESIAN_POINT('',(1.,-16.36138270212));
#1234 = CARTESIAN_POINT('',(0.972875183562,-16.3977272102));
#1235 = CARTESIAN_POINT('',(0.945897383734,-16.4339805528));
#1236 = CARTESIAN_POINT('',(0.919050438104,-16.4701198056));
#1237 = CARTESIAN_POINT('',(0.892318980122,-16.50612210891));
#1238 = CARTESIAN_POINT('',(0.865688136587,-16.54196467316));
#1239 = CARTESIAN_POINT('',(0.782587840374,-16.65360060049));
#1240 = CARTESIAN_POINT('',(0.726423928084,-16.72874634577));
#1241 = CARTESIAN_POINT('',(0.670507963358,-16.80284380662));
#1242 = CARTESIAN_POINT('',(0.614709340664,-16.87566941229));
#1243 = CARTESIAN_POINT('',(0.558897203882,-16.94697678681));
#1244 = CARTESIAN_POINT('',(0.451001031108,-17.08104801936));
#1245 = CARTESIAN_POINT('',(0.398939540387,-17.1440549969));
#1246 = CARTESIAN_POINT('',(0.346640039713,-17.20533496342));
#1247 = CARTESIAN_POINT('',(0.293992301769,-17.2646713409));
#1248 = CARTESIAN_POINT('',(0.240877119552,-17.32183430522));
#1249 = CARTESIAN_POINT('',(0.156543669898,-17.4077823033));
#1250 = CARTESIAN_POINT('',(0.125733465567,-17.43819796964));
#1251 = CARTESIAN_POINT('',(9.470206769429E-02,-17.46778409429));
#1252 = CARTESIAN_POINT('',(6.342273397591E-02,-17.49649424633));
#1253 = CARTESIAN_POINT('',(3.186625909745E-02,-17.52428068996));
#1254 = CARTESIAN_POINT('',(0.,-17.5510946718));
#1255 = ( GEOMETRIC_REPRESENTATION_CONTEXT(2) 
PARAMETRIC_REPRESENTATION_CONTEXT() REPRESENTATION_CONTEXT('2D SPACE',''
  ) );
#1256 = ORIENTED_EDGE('',*,*,#1257,.T.);
#1257 = EDGE_CURVE('',#1170,#22,#1258,.T.);
#1258 = SURFACE_CURVE('',#1259,(#1282,#1308),.PCURVE_S1.);
#1259 = B_SPLINE_CURVE_WITH_KNOTS('',6,(#1260,#1261,#1262,#1263,#1264,
    #1265,#1266,#1267,#1268,#1269,#1270,#1271,#1272,#1273,#1274,#1275,
    #1276,#1277,#1278,#1279,#1280,#1281),.UNSPECIFIED.,.F.,.F.,(7,5,5,5,
    7),(0.,0.430839461413,0.536771262788,0.852572050884,1.),
  .UNSPECIFIED.);
#1260 = CARTESIAN_POINT('',(-36.468,453.457,17.5510946718));
#1261 = CARTESIAN_POINT('',(-37.37801757262,453.457,17.611377442023));
#1262 = CARTESIAN_POINT('',(-38.28856211607,453.457,17.663452560624));
#1263 = CARTESIAN_POINT('',(-39.19949626156,453.457,17.708125050356));
#1264 = CARTESIAN_POINT('',(-40.11071074988,453.457,17.746152903821));
#1265 = CARTESIAN_POINT('',(-41.02212624322,453.457,17.778212681489));
#1266 = CARTESIAN_POINT('',(-42.15782255556,453.457,17.811472596459));
#1267 = CARTESIAN_POINT('',(-42.38196117905,453.457,17.81771167425));
#1268 = CARTESIAN_POINT('',(-42.60610789358,453.457,17.823637689401));
#1269 = CARTESIAN_POINT('',(-42.83026199372,453.457,17.829253518185));
#1270 = CARTESIAN_POINT('',(-43.0544227666,453.457,17.834571933831));
#1271 = CARTESIAN_POINT('',(-43.94686828934,453.457,17.85462164763));
#1272 = CARTESIAN_POINT('',(-44.61519856223,453.457,17.867121860791));
#1273 = CARTESIAN_POINT('',(-45.28356275603,453.457,17.877448880759));
#1274 = CARTESIAN_POINT('',(-45.95194812496,453.457,17.885881379162));
#1275 = CARTESIAN_POINT('',(-46.62034640051,453.457,17.892650533911));
#1276 = CARTESIAN_POINT('',(-47.60079175265,453.457,17.900429914973));
#1277 = CARTESIAN_POINT('',(-47.91283170399,453.457,17.902586382473));
#1278 = CARTESIAN_POINT('',(-48.22487290463,453.457,17.904443367525));
#1279 = CARTESIAN_POINT('',(-48.5369149104,453.457,17.906019332747));
#1280 = CARTESIAN_POINT('',(-48.84895736501,453.457,17.907331274549));
#1281 = CARTESIAN_POINT('',(-49.161,453.457,17.908394723136));
#1282 = PCURVE('',#201,#1283);
#1283 = DEFINITIONAL_REPRESENTATION('',(#1284),#1307);
#1284 = B_SPLINE_CURVE_WITH_KNOTS('',6,(#1285,#1286,#1287,#1288,#1289,
    #1290,#1291,#1292,#1293,#1294,#1295,#1296,#1297,#1298,#1299,#1300,
    #1301,#1302,#1303,#1304,#1305,#1306),.UNSPECIFIED.,.F.,.F.,(7,5,5,5,
    7),(0.,0.430839461413,0.536771262788,0.852572050884,1.),
  .UNSPECIFIED.);
#1285 = CARTESIAN_POINT('',(10.78498380619,0.857330092182));
#1286 = CARTESIAN_POINT('',(10.730548899793,0.863784932068));
#1287 = CARTESIAN_POINT('',(10.67585377499,0.869907969928));
#1288 = CARTESIAN_POINT('',(10.620928311562,0.875728693011));
#1289 = CARTESIAN_POINT('',(10.565797321995,0.881272448464));
#1290 = CARTESIAN_POINT('',(10.510481297228,0.886561363274));
#1291 = CARTESIAN_POINT('',(10.441354816905,0.892857524635));
#1292 = CARTESIAN_POINT('',(10.427702539638,0.894085845996));
#1293 = CARTESIAN_POINT('',(10.414040353588,0.895300232345));
#1294 = CARTESIAN_POINT('',(10.400368493197,0.89650096134));
#1295 = CARTESIAN_POINT('',(10.38668719372,0.897688306083));
#1296 = CARTESIAN_POINT('',(10.332182976004,0.902363097625));
#1297 = CARTESIAN_POINT('',(10.291287515983,0.905747062524));
#1298 = CARTESIAN_POINT('',(10.250316292691,0.909021436014));
#1299 = CARTESIAN_POINT('',(10.209274468714,0.912192532926));
#1300 = CARTESIAN_POINT('',(10.168166487245,0.915266076463));
#1301 = CARTESIAN_POINT('',(10.107776281635,0.919639052177));
#1302 = CARTESIAN_POINT('',(10.088542818697,0.921010682539));
#1303 = CARTESIAN_POINT('',(10.069296175527,0.92236272343));
#1304 = CARTESIAN_POINT('',(10.050036726074,0.923695683384));
#1305 = CARTESIAN_POINT('',(10.030764822904,0.925010048764));
#1306 = CARTESIAN_POINT('',(10.011480797205,0.926306283768));
#1307 = ( GEOMETRIC_REPRESENTATION_CONTEXT(2) 
PARAMETRIC_REPRESENTATION_CONTEXT() REPRESENTATION_CONTEXT('2D SPACE',''
  ) );
#1308 = PCURVE('',#402,#1309);
#1309 = DEFINITIONAL_REPRESENTATION('',(#1310),#1333);
#1310 = B_SPLINE_CURVE_WITH_KNOTS('',6,(#1311,#1312,#1313,#1314,#1315,
    #1316,#1317,#1318,#1319,#1320,#1321,#1322,#1323,#1324,#1325,#1326,
    #1327,#1328,#1329,#1330,#1331,#1332),.UNSPECIFIED.,.F.,.F.,(7,5,5,5,
    7),(0.,0.430839461413,0.536771262788,0.852572050884,1.),
  .UNSPECIFIED.);
#1311 = CARTESIAN_POINT('',(12.693,-17.5510946718));
#1312 = CARTESIAN_POINT('',(11.782982427375,-17.61137744202));
#1313 = CARTESIAN_POINT('',(10.872437883922,-17.66345256062));
#1314 = CARTESIAN_POINT('',(9.961503738439,-17.70812505035));
#1315 = CARTESIAN_POINT('',(9.050289250114,-17.74615290382));
#1316 = CARTESIAN_POINT('',(8.138873756777,-17.77821268148));
#1317 = CARTESIAN_POINT('',(7.003177444434,-17.81147259645));
#1318 = CARTESIAN_POINT('',(6.779038820944,-17.81771167425));
#1319 = CARTESIAN_POINT('',(6.554892106417,-17.8236376894));
#1320 = CARTESIAN_POINT('',(6.330738006275,-17.82925351818));
#1321 = CARTESIAN_POINT('',(6.1065772334,-17.83457193383));
#1322 = CARTESIAN_POINT('',(5.214131710655,-17.85462164763));
#1323 = CARTESIAN_POINT('',(4.54580143777,-17.86712186079));
#1324 = CARTESIAN_POINT('',(3.877437243963,-17.87744888075));
#1325 = CARTESIAN_POINT('',(3.209051875033,-17.88588137916));
#1326 = CARTESIAN_POINT('',(2.540653599486,-17.89265053391));
#1327 = CARTESIAN_POINT('',(1.560208247349,-17.90042991497));
#1328 = CARTESIAN_POINT('',(1.248168296001,-17.90258638247));
#1329 = CARTESIAN_POINT('',(0.936127095369,-17.90444336752));
#1330 = CARTESIAN_POINT('',(0.624085089598,-17.90601933274));
#1331 = CARTESIAN_POINT('',(0.31204263499,-17.90733127454));
#1332 = CARTESIAN_POINT('',(0.,-17.90839472313));
#1333 = ( GEOMETRIC_REPRESENTATION_CONTEXT(2) 
PARAMETRIC_REPRESENTATION_CONTEXT() REPRESENTATION_CONTEXT('2D SPACE',''
  ) );
#1334 = ORIENTED_EDGE('',*,*,#21,.T.);
#1335 = ORIENTED_EDGE('',*,*,#1336,.T.);
#1336 = EDGE_CURVE('',#24,#420,#1337,.T.);
#1337 = SURFACE_CURVE('',#1338,(#1344,#1353),.PCURVE_S1.);
#1338 = B_SPLINE_CURVE_WITH_KNOTS('',4,(#1339,#1340,#1341,#1342,#1343),
  .UNSPECIFIED.,.F.,.F.,(5,5),(0.,1.),.PIECEWISE_BEZIER_KNOTS.);
#1339 = CARTESIAN_POINT('',(-36.811,432.879,14.298058800012));
#1340 = CARTESIAN_POINT('',(-36.9118408345,432.80757286366,
    14.298612176279));
#1341 = CARTESIAN_POINT('',(-37.012681639,432.73614574858,
    14.299166623928));
#1342 = CARTESIAN_POINT('',(-37.11352241245,432.66471865551,
    14.299722463403));
#1343 = CARTESIAN_POINT('',(-37.21436315428,432.59329158482,
    14.300279976684));
#1344 = PCURVE('',#201,#1345);
#1345 = DEFINITIONAL_REPRESENTATION('',(#1346),#1352);
#1346 = B_SPLINE_CURVE_WITH_KNOTS('',4,(#1347,#1348,#1349,#1350,#1351),
  .UNSPECIFIED.,.F.,.F.,(5,5),(0.,1.),.PIECEWISE_BEZIER_KNOTS.);
#1347 = CARTESIAN_POINT('',(10.031543124807,0.573321938874));
#1348 = CARTESIAN_POINT('',(10.023658175324,0.573587794471));
#1349 = CARTESIAN_POINT('',(10.015772667758,0.573851957924));
#1350 = CARTESIAN_POINT('',(10.0078866054,0.574114439015));
#1351 = CARTESIAN_POINT('',(10.,0.574375273239));
#1352 = ( GEOMETRIC_REPRESENTATION_CONTEXT(2) 
PARAMETRIC_REPRESENTATION_CONTEXT() REPRESENTATION_CONTEXT('2D SPACE',''
  ) );
#1353 = PCURVE('',#346,#1354);
#1354 = DEFINITIONAL_REPRESENTATION('',(#1355),#1361);
#1355 = B_SPLINE_CURVE_WITH_KNOTS('',4,(#1356,#1357,#1358,#1359,#1360),
  .UNSPECIFIED.,.F.,.F.,(5,5),(0.,1.),.PIECEWISE_BEZIER_KNOTS.);
#1356 = CARTESIAN_POINT('',(57.590927757764,-14.29805880001));
#1357 = CARTESIAN_POINT('',(57.467353044702,-14.29861217627));
#1358 = CARTESIAN_POINT('',(57.343778368408,-14.29916662392));
#1359 = CARTESIAN_POINT('',(57.220203730177,-14.2997224634));
#1360 = CARTESIAN_POINT('',(57.09662913068,-14.30027997668));
#1361 = ( GEOMETRIC_REPRESENTATION_CONTEXT(2) 
PARAMETRIC_REPRESENTATION_CONTEXT() REPRESENTATION_CONTEXT('2D SPACE',''
  ) );
#1362 = FACE_BOUND('',#1363,.F.);
#1363 = EDGE_LOOP('',(#1364,#1496));
#1364 = ORIENTED_EDGE('',*,*,#1365,.T.);
#1365 = EDGE_CURVE('',#1366,#1368,#1370,.T.);
#1366 = VERTEX_POINT('',#1367);
#1367 = CARTESIAN_POINT('',(-30.36,436.383,14.209141739309));
#1368 = VERTEX_POINT('',#1369);
#1369 = CARTESIAN_POINT('',(-33.76793507003,434.54427955725,
    14.269824477928));
#1370 = SURFACE_CURVE('',#1371,(#1409,#1450),.PCURVE_S1.);
#1371 = B_SPLINE_CURVE_WITH_KNOTS('',6,(#1372,#1373,#1374,#1375,#1376,
    #1377,#1378,#1379,#1380,#1381,#1382,#1383,#1384,#1385,#1386,#1387,
    #1388,#1389,#1390,#1391,#1392,#1393,#1394,#1395,#1396,#1397,#1398,
    #1399,#1400,#1401,#1402,#1403,#1404,#1405,#1406,#1407,#1408),
  .UNSPECIFIED.,.F.,.F.,(7,5,5,5,5,5,5,7),(0.,0.184341103605,
    0.338289307338,0.493403324037,0.549631898008,0.673687351626,
    0.810202973595,1.),.UNSPECIFIED.);
#1372 = CARTESIAN_POINT('',(-30.36,436.383,14.209141739309));
#1373 = CARTESIAN_POINT('',(-30.36,436.23768600467,14.20102367079));
#1374 = CARTESIAN_POINT('',(-30.3715179041,436.0923881336,
    14.192886641568));
#1375 = CARTESIAN_POINT('',(-30.39454890121,435.94823453025,
    14.184967610457));
#1376 = CARTESIAN_POINT('',(-30.42894451582,435.8063322965,
    14.177555732991));
#1377 = CARTESIAN_POINT('',(-30.47443098498,435.6677720895,
    14.170931772111));
#1378 = CARTESIAN_POINT('',(-30.5774674312,435.42158710144,
    14.160620016782));
#1379 = CARTESIAN_POINT('',(-30.63179479812,435.31262168702,
    14.156628163256));
#1380 = CARTESIAN_POINT('',(-30.6933085564,435.20735129243,
    14.153462108906));
#1381 = CARTESIAN_POINT('',(-30.761688087,435.10636810587,
    14.151224865606));
#1382 = CARTESIAN_POINT('',(-30.83654727428,435.01023219142,
    14.149954891815));
#1383 = CARTESIAN_POINT('',(-30.99891562447,434.82800127447,
    14.14934491864));
#1384 = CARTESIAN_POINT('',(-31.08652231949,434.74198105871,
    14.150019465702));
#1385 = CARTESIAN_POINT('',(-31.17977569963,434.66192981781,
    14.151670931256));
#1386 = CARTESIAN_POINT('',(-31.27815276105,434.58830679171,
    14.154250596584));
#1387 = CARTESIAN_POINT('',(-31.38108879974,434.52150855022,
    14.157660557122));
#1388 = CARTESIAN_POINT('',(-31.5267207721,434.44024351697,
    14.163268649282));
#1389 = CARTESIAN_POINT('',(-31.5659864105,434.41956237398,
    14.164853590829));
#1390 = CARTESIAN_POINT('',(-31.60574310261,434.39983648441,
    14.166525542172));
#1391 = CARTESIAN_POINT('',(-31.64596181951,434.38108013207,
    14.168278333587));
#1392 = CARTESIAN_POINT('',(-31.6866130969,434.3633063877,
    14.170105501167));
#1393 = CARTESIAN_POINT('',(-31.81824313509,434.3095074786,
    14.176180696826));
#1394 = CARTESIAN_POINT('',(-31.91077981088,434.27732841013,
    14.180690416747));
#1395 = CARTESIAN_POINT('',(-32.00495534134,434.25011748218,
    14.185457513441));
#1396 = CARTESIAN_POINT('',(-32.10044124933,434.22797348486,
    14.190406442901));
#1397 = CARTESIAN_POINT('',(-32.19690269325,434.21096687865,
    14.195463881329));
#1398 = CARTESIAN_POINT('',(-32.40084739301,434.18612575824,
    14.206177544496));
#1399 = CARTESIAN_POINT('',(-32.50846655857,434.17938384171,
    14.211843053094));
#1400 = CARTESIAN_POINT('',(-32.61640116393,434.17897088154,
    14.217473407525));
#1401 = CARTESIAN_POINT('',(-32.72419335353,434.18490141615,
    14.222993706287));
#1402 = CARTESIAN_POINT('',(-32.83138351659,434.19714644213,
    14.228346491718));
#1403 = CARTESIAN_POINT('',(-33.08506000896,434.24133169507,
    14.240656343065));
#1404 = CARTESIAN_POINT('',(-33.2305667701,434.27909538069,
    14.247424547455));
#1405 = CARTESIAN_POINT('',(-33.37278102534,434.32872303683,
    14.25370393747));
#1406 = CARTESIAN_POINT('',(-33.51050270815,434.38984220272,
    14.259477974115));
#1407 = CARTESIAN_POINT('',(-33.64258070633,434.46192884826,
    14.264814275721));
#1408 = CARTESIAN_POINT('',(-33.76793507003,434.54427955725,
    14.269824477928));
#1409 = PCURVE('',#201,#1410);
#1410 = DEFINITIONAL_REPRESENTATION('',(#1411),#1449);
#1411 = B_SPLINE_CURVE_WITH_KNOTS('',6,(#1412,#1413,#1414,#1415,#1416,
    #1417,#1418,#1419,#1420,#1421,#1422,#1423,#1424,#1425,#1426,#1427,
    #1428,#1429,#1430,#1431,#1432,#1433,#1434,#1435,#1436,#1437,#1438,
    #1439,#1440,#1441,#1442,#1443,#1444,#1445,#1446,#1447,#1448),
  .UNSPECIFIED.,.F.,.F.,(7,5,5,5,5,5,5,7),(0.,0.184341103605,
    0.338289307338,0.493403324037,0.549631898008,0.673687351626,
    0.810202973595,1.),.UNSPECIFIED.);
#1412 = CARTESIAN_POINT('',(10.485626119376,0.54058902281));
#1413 = CARTESIAN_POINT('',(10.478844344594,0.538892862014));
#1414 = CARTESIAN_POINT('',(10.471532527964,0.537347177249));
#1415 = CARTESIAN_POINT('',(10.463749241508,0.535964942044));
#1416 = CARTESIAN_POINT('',(10.455558570715,0.534756213359));
#1417 = CARTESIAN_POINT('',(10.447028698884,0.533728484985));
#1418 = CARTESIAN_POINT('',(10.430886529217,0.532183368698));
#1419 = CARTESIAN_POINT('',(10.423354376957,0.531609733987));
#1420 = CARTESIAN_POINT('',(10.415678751262,0.531168445171));
#1421 = CARTESIAN_POINT('',(10.407903262043,0.530860824246));
#1422 = CARTESIAN_POINT('',(10.400072162069,0.530686890796));
#1423 = CARTESIAN_POINT('',(10.384328959283,0.530603369476));
#1424 = CARTESIAN_POINT('',(10.376416107567,0.530695790325));
#1425 = CARTESIAN_POINT('',(10.368537506103,0.53092119864));
#1426 = CARTESIAN_POINT('',(10.360737243367,0.531276813043));
#1427 = CARTESIAN_POINT('',(10.353057580085,0.531758815458));
#1428 = CARTESIAN_POINT('',(10.342813598571,0.532581171369));
#1429 = CARTESIAN_POINT('',(10.340109276877,0.532815940099));
#1430 = CARTESIAN_POINT('',(10.337427990124,0.533066458953));
#1431 = CARTESIAN_POINT('',(10.334771595538,0.533332486999));
#1432 = CARTESIAN_POINT('',(10.332141904764,0.533613769779));
#1433 = CARTESIAN_POINT('',(10.32380168648,0.534563690066));
#1434 = CARTESIAN_POINT('',(10.318201239673,0.535290296818));
#1435 = CARTESIAN_POINT('',(10.312758357506,0.536086978954));
#1436 = CARTESIAN_POINT('',(10.307490843378,0.536950592683));
#1437 = CARTESIAN_POINT('',(10.302415373038,0.53787775495));
#1438 = CARTESIAN_POINT('',(10.292190859277,0.539951125606));
#1439 = CARTESIAN_POINT('',(10.287085529786,0.541110002374));
#1440 = CARTESIAN_POINT('',(10.282252447748,0.542336682377));
#1441 = CARTESIAN_POINT('',(10.277710626789,0.543626095112));
#1442 = CARTESIAN_POINT('',(10.273477248632,0.544972897772));
#1443 = CARTESIAN_POINT('',(10.264132216005,0.548315870104));
#1444 = CARTESIAN_POINT('',(10.259322207367,0.550360475794));
#1445 = CARTESIAN_POINT('',(10.255179505027,0.552489982004));
#1446 = CARTESIAN_POINT('',(10.251736605092,0.554688559923));
#1447 = CARTESIAN_POINT('',(10.249018289011,0.556939898322));
#1448 = CARTESIAN_POINT('',(10.247039725879,0.559226824013));
#1449 = ( GEOMETRIC_REPRESENTATION_CONTEXT(2) 
PARAMETRIC_REPRESENTATION_CONTEXT() REPRESENTATION_CONTEXT('2D SPACE',''
  ) );
#1450 = PCURVE('',#1451,#1456);
#1451 = CYLINDRICAL_SURFACE('',#1452,2.2);
#1452 = AXIS2_PLACEMENT_3D('',#1453,#1454,#1455);
#1453 = CARTESIAN_POINT('',(-32.56,436.383,0.));
#1454 = DIRECTION('',(-0.,-0.,-1.));
#1455 = DIRECTION('',(1.,0.,0.));
#1456 = DEFINITIONAL_REPRESENTATION('',(#1457),#1495);
#1457 = B_SPLINE_CURVE_WITH_KNOTS('',6,(#1458,#1459,#1460,#1461,#1462,
    #1463,#1464,#1465,#1466,#1467,#1468,#1469,#1470,#1471,#1472,#1473,
    #1474,#1475,#1476,#1477,#1478,#1479,#1480,#1481,#1482,#1483,#1484,
    #1485,#1486,#1487,#1488,#1489,#1490,#1491,#1492,#1493,#1494),
  .UNSPECIFIED.,.F.,.F.,(7,5,5,5,5,5,5,7),(0.,0.184341103605,
    0.338289307338,0.493403324037,0.549631898008,0.673687351626,
    0.810202973595,1.),.UNSPECIFIED.);
#1458 = CARTESIAN_POINT('',(-6.28318530718,-14.2091417393));
#1459 = CARTESIAN_POINT('',(-6.21713349112,-14.20102367079));
#1460 = CARTESIAN_POINT('',(-6.151089038615,-14.19288664156));
#1461 = CARTESIAN_POINT('',(-6.085045795414,-14.18496761045));
#1462 = CARTESIAN_POINT('',(-6.018989660922,-14.17755573299));
#1463 = CARTESIAN_POINT('',(-5.952908611129,-14.17093177211));
#1464 = CARTESIAN_POINT('',(-5.831600692701,-14.16062001678));
#1465 = CARTESIAN_POINT('',(-5.776377277071,-14.15662816325));
#1466 = CARTESIAN_POINT('',(-5.721139148405,-14.1534621089));
#1467 = CARTESIAN_POINT('',(-5.6658872684,-14.1512248656));
#1468 = CARTESIAN_POINT('',(-5.61062492123,-14.14995489181));
#1469 = CARTESIAN_POINT('',(-5.499682686768,-14.14934491864));
#1470 = CARTESIAN_POINT('',(-5.443998709609,-14.1500194657));
#1471 = CARTESIAN_POINT('',(-5.388322193288,-14.15167093125));
#1472 = CARTESIAN_POINT('',(-5.332656476698,-14.15425059658));
#1473 = CARTESIAN_POINT('',(-5.277002874765,-14.15766055712));
#1474 = CARTESIAN_POINT('',(-5.201197724091,-14.16326864928));
#1475 = CARTESIAN_POINT('',(-5.181031341948,-14.16485359082));
#1476 = CARTESIAN_POINT('',(-5.160866848088,-14.16652554217));
#1477 = CARTESIAN_POINT('',(-5.140704190064,-14.16827833358));
#1478 = CARTESIAN_POINT('',(-5.120543267721,-14.17010550116));
#1479 = CARTESIAN_POINT('',(-5.055906984676,-14.17618069682));
#1480 = CARTESIAN_POINT('',(-5.01143753682,-14.18069041674));
#1481 = CARTESIAN_POINT('',(-4.966974517109,-14.18545751344));
#1482 = CARTESIAN_POINT('',(-4.922515054919,-14.1904064429));
#1483 = CARTESIAN_POINT('',(-4.878055950532,-14.19546388132));
#1484 = CARTESIAN_POINT('',(-4.784668680551,-14.20617754449));
#1485 = CARTESIAN_POINT('',(-4.735739220698,-14.21184305309));
#1486 = CARTESIAN_POINT('',(-4.686804491124,-14.21747340752));
#1487 = CARTESIAN_POINT('',(-4.637860860389,-14.22299370628));
#1488 = CARTESIAN_POINT('',(-4.588905661055,-14.22834649171));
#1489 = CARTESIAN_POINT('',(-4.471862104706,-14.24065634306));
#1490 = CARTESIAN_POINT('',(-4.403758223893,-14.24742454745));
#1491 = CARTESIAN_POINT('',(-4.335635243178,-14.25370393747));
#1492 = CARTESIAN_POINT('',(-4.267490380709,-14.25947797411));
#1493 = CARTESIAN_POINT('',(-4.19932296394,-14.26481427572));
#1494 = CARTESIAN_POINT('',(-4.131148182832,-14.26982447792));
#1495 = ( GEOMETRIC_REPRESENTATION_CONTEXT(2) 
PARAMETRIC_REPRESENTATION_CONTEXT() REPRESENTATION_CONTEXT('2D SPACE',''
  ) );
#1496 = ORIENTED_EDGE('',*,*,#1497,.T.);
#1497 = EDGE_CURVE('',#1368,#1366,#1498,.T.);
#1498 = SURFACE_CURVE('',#1499,(#1586,#1676),.PCURVE_S1.);
#1499 = B_SPLINE_CURVE_WITH_KNOTS('',8,(#1500,#1501,#1502,#1503,#1504,
    #1505,#1506,#1507,#1508,#1509,#1510,#1511,#1512,#1513,#1514,#1515,
    #1516,#1517,#1518,#1519,#1520,#1521,#1522,#1523,#1524,#1525,#1526,
    #1527,#1528,#1529,#1530,#1531,#1532,#1533,#1534,#1535,#1536,#1537,
    #1538,#1539,#1540,#1541,#1542,#1543,#1544,#1545,#1546,#1547,#1548,
    #1549,#1550,#1551,#1552,#1553,#1554,#1555,#1556,#1557,#1558,#1559,
    #1560,#1561,#1562,#1563,#1564,#1565,#1566,#1567,#1568,#1569,#1570,
    #1571,#1572,#1573,#1574,#1575,#1576,#1577,#1578,#1579,#1580,#1581,
    #1582,#1583,#1584,#1585),.UNSPECIFIED.,.F.,.F.,(9,7,7,7,7,7,7,7,7,7,
    7,7,9),(0.,9.938294487868E-02,0.189958104427,0.255725892952,
    0.355389450605,0.452511286913,0.514915201658,0.545918418944,
    0.631502994497,0.686956890056,0.739852296995,0.820104585429,1.),
  .UNSPECIFIED.);
#1500 = CARTESIAN_POINT('',(-33.76793507003,434.54427955725,
    14.269824477928));
#1501 = CARTESIAN_POINT('',(-33.8623801804,434.60632463944,
    14.273599289482));
#1502 = CARTESIAN_POINT('',(-33.95319948317,434.67392464858,
    14.277198201392));
#1503 = CARTESIAN_POINT('',(-34.04000076087,434.7468266905,
    14.280661528987));
#1504 = CARTESIAN_POINT('',(-34.1224202023,434.82474717366,
    14.284040138121));
#1505 = CARTESIAN_POINT('',(-34.20012089414,434.90737484696,
    14.287390630165));
#1506 = CARTESIAN_POINT('',(-34.27279269453,434.99437243554,
    14.290770491166));
#1507 = CARTESIAN_POINT('',(-34.34015348847,435.08537687449,
    14.294233205165));
#1508 = CARTESIAN_POINT('',(-34.45827330166,435.26623362359,
    14.301095284229));
#1509 = CARTESIAN_POINT('',(-34.50997765777,435.35547803019,
    14.304472348396));
#1510 = CARTESIAN_POINT('',(-34.55687311652,435.447435439,14.3079951043)
  );
#1511 = CARTESIAN_POINT('',(-34.59879458035,435.54180084042,
    14.311667981028));
#1512 = CARTESIAN_POINT('',(-34.6356010805,435.63825481754,
    14.31556196028));
#1513 = CARTESIAN_POINT('',(-34.66717685232,435.73647768637,
    14.319609418841));
#1514 = CARTESIAN_POINT('',(-34.69342905989,435.83613096292,
    14.323891680295));
#1515 = CARTESIAN_POINT('',(-34.72944140542,436.01003220052,
    14.331545142607));
#1516 = CARTESIAN_POINT('',(-34.74174954852,436.08376476029,
    14.334846794634));
#1517 = CARTESIAN_POINT('',(-34.75119155983,436.15794737133,
    14.338213043007));
#1518 = CARTESIAN_POINT('',(-34.75774917379,436.23245102655,
    14.341625609971));
#1519 = CARTESIAN_POINT('',(-34.76141100879,436.30714637711,
    14.345065653004));
#1520 = CARTESIAN_POINT('',(-34.76217252498,436.38190381108,
    14.348513955186));
#1521 = CARTESIAN_POINT('',(-34.76003598208,436.45659353223,
    14.351951115577));
#1522 = CARTESIAN_POINT('',(-34.74739469827,436.64396990194,
    14.360520088445));
#1523 = CARTESIAN_POINT('',(-34.73314434523,436.75640565254,
    14.365612560963));
#1524 = CARTESIAN_POINT('',(-34.71229029355,436.86793704737,
    14.370567494574));
#1525 = CARTESIAN_POINT('',(-34.68490079071,436.97811626546,
    14.375317718764));
#1526 = CARTESIAN_POINT('',(-34.65107881774,437.08650336596,
    14.379798099885));
#1527 = CARTESIAN_POINT('',(-34.61096145138,437.19266673207,
    14.383947152542));
#1528 = CARTESIAN_POINT('',(-34.56472114706,437.29618410113,
    14.387708717552));
#1529 = CARTESIAN_POINT('',(-34.46174677626,437.49454222531,
    14.394273898155));
#1530 = CARTESIAN_POINT('',(-34.40530637383,437.58954471618,
    14.397099754774));
#1531 = CARTESIAN_POINT('',(-34.34344242978,437.68126851077,
    14.399465691947));
#1532 = CARTESIAN_POINT('',(-34.27637947991,437.76935143538,
    14.401332871132));
#1533 = CARTESIAN_POINT('',(-34.20436968929,437.85345131889,
    14.402670431997));
#1534 = CARTESIAN_POINT('',(-34.12769206133,437.93324622847,
    14.403456601386));
#1535 = CARTESIAN_POINT('',(-34.046653068,438.00843590703,14.40367967892
    ));
#1536 = CARTESIAN_POINT('',(-33.9069320996,438.12391989692,
    14.403119937214));
#1537 = CARTESIAN_POINT('',(-33.85061164318,438.16708180947,
    14.402668184645));
#1538 = CARTESIAN_POINT('',(-33.79271544161,438.208157503,
    14.401983385615));
#1539 = CARTESIAN_POINT('',(-33.73333482636,438.24707947827,
    14.401067145545));
#1540 = CARTESIAN_POINT('',(-33.67256425826,438.28378538789,
    14.399922927109));
#1541 = CARTESIAN_POINT('',(-33.61050123511,438.31821804026,
    14.39855604621));
#1542 = CARTESIAN_POINT('',(-33.54724619933,438.35032540343,
    14.396973667944));
#1543 = CARTESIAN_POINT('',(-33.45093548676,438.39483351288,
    14.394296066951));
#1544 = CARTESIAN_POINT('',(-33.41869966037,438.40902097898,
    14.393356356857));
#1545 = CARTESIAN_POINT('',(-33.38620756759,438.42261729969,
    14.392366777359));
#1546 = CARTESIAN_POINT('',(-33.35347191733,438.43561710534,
    14.391328536398));
#1547 = CARTESIAN_POINT('',(-33.32050552629,438.44801536409,
    14.390242944783));
#1548 = CARTESIAN_POINT('',(-33.28732131896,438.45980738199,
    14.389111416192));
#1549 = CARTESIAN_POINT('',(-33.25393232762,438.47098880292,
    14.387935467173));
#1550 = CARTESIAN_POINT('',(-33.12765213829,438.51072534189,
    14.383352350042));
#1551 = CARTESIAN_POINT('',(-33.03349050557,438.53521179108,
    14.379661784052));
#1552 = CARTESIAN_POINT('',(-32.93814508156,438.55493002971,
    14.375678871965));
#1553 = CARTESIAN_POINT('',(-32.84189646179,438.56981533995,
    14.37144322922));
#1554 = CARTESIAN_POINT('',(-32.74502720562,438.5798229013,
    14.366999274569));
#1555 = CARTESIAN_POINT('',(-32.647821492,438.58492747923,
    14.362395270745));
#1556 = CARTESIAN_POINT('',(-32.55056477512,438.58512311391,
    14.357682365137));
#1557 = CARTESIAN_POINT('',(-32.39067918062,438.5773772808,
    14.349823763925));
#1558 = CARTESIAN_POINT('',(-32.32791282089,438.57227630779,
    14.346710395407));
#1559 = CARTESIAN_POINT('',(-32.26532184519,438.56512349402,
    14.343587893283));
#1560 = CARTESIAN_POINT('',(-32.20298334635,438.55592577686,
    14.340470901984));
#1561 = CARTESIAN_POINT('',(-32.14097400072,438.54469344437,
    14.337374184313));
#1562 = CARTESIAN_POINT('',(-32.07937004301,438.53144015286,
    14.334312463781));
#1563 = CARTESIAN_POINT('',(-32.01824724115,438.51618294445,
    14.331300266941));
#1564 = CARTESIAN_POINT('',(-31.89990886514,438.48249702175,
    14.325539300145));
#1565 = CARTESIAN_POINT('',(-31.84264279669,438.4642470243,
    14.32278355083));
#1566 = CARTESIAN_POINT('',(-31.78594788296,438.44421001211,
    14.320103680944));
#1567 = CARTESIAN_POINT('',(-31.72988882279,438.42240640479,
    14.317503467727));
#1568 = CARTESIAN_POINT('',(-31.67453161383,438.39886054542,
    14.314969042863));
#1569 = CARTESIAN_POINT('',(-31.61993789623,438.37359822225,
    14.312515377904));
#1570 = CARTESIAN_POINT('',(-31.56617125833,438.34664933943,
    14.310129336308));
#1571 = CARTESIAN_POINT('',(-31.43306569845,438.27464972545,
    14.304289953894));
#1572 = CARTESIAN_POINT('',(-31.3548809289,438.22744416107,
    14.300921452758));
#1573 = CARTESIAN_POINT('',(-31.27895382699,438.17654342126,
    14.297687814879));
#1574 = CARTESIAN_POINT('',(-31.20549066965,438.12207522518,
    14.294563362003));
#1575 = CARTESIAN_POINT('',(-31.13468807063,438.06418081426,
    14.291515563508));
#1576 = CARTESIAN_POINT('',(-31.06673258544,438.00301472046,
    14.288507647913));
#1577 = CARTESIAN_POINT('',(-31.00180031633,437.93874453471,
    14.285501214392));
#1578 = CARTESIAN_POINT('',(-30.80165016721,437.72092734177,
    14.275638995981));
#1579 = CARTESIAN_POINT('',(-30.67918555829,437.55552622567,
    14.268634601626));
#1580 = CARTESIAN_POINT('',(-30.57464460388,437.37745525244,
    14.261034586977));
#1581 = CARTESIAN_POINT('',(-30.48952624071,437.18905152858,
    14.252443568666));
#1582 = CARTESIAN_POINT('',(-30.42493529853,436.99278627099,
    14.242687899139));
#1583 = CARTESIAN_POINT('',(-30.38162810263,436.7912284265,
    14.231909925294));
#1584 = CARTESIAN_POINT('',(-30.36,436.58704298634,14.220540744203));
#1585 = CARTESIAN_POINT('',(-30.36,436.383,14.209141739309));
#1586 = PCURVE('',#201,#1587);
#1587 = DEFINITIONAL_REPRESENTATION('',(#1588),#1675);
#1588 = B_SPLINE_CURVE_WITH_KNOTS('',8,(#1589,#1590,#1591,#1592,#1593,
    #1594,#1595,#1596,#1597,#1598,#1599,#1600,#1601,#1602,#1603,#1604,
    #1605,#1606,#1607,#1608,#1609,#1610,#1611,#1612,#1613,#1614,#1615,
    #1616,#1617,#1618,#1619,#1620,#1621,#1622,#1623,#1624,#1625,#1626,
    #1627,#1628,#1629,#1630,#1631,#1632,#1633,#1634,#1635,#1636,#1637,
    #1638,#1639,#1640,#1641,#1642,#1643,#1644,#1645,#1646,#1647,#1648,
    #1649,#1650,#1651,#1652,#1653,#1654,#1655,#1656,#1657,#1658,#1659,
    #1660,#1661,#1662,#1663,#1664,#1665,#1666,#1667,#1668,#1669,#1670,
    #1671,#1672,#1673,#1674),.UNSPECIFIED.,.F.,.F.,(9,7,7,7,7,7,7,7,7,7,
    7,7,9),(0.,9.938294487868E-02,0.189958104427,0.255725892952,
    0.355389450605,0.452511286913,0.514915201658,0.545918418944,
    0.631502994497,0.686956890056,0.739852296995,0.820104585429,1.),
  .UNSPECIFIED.);
#1589 = CARTESIAN_POINT('',(10.247039725879,0.559226824013));
#1590 = CARTESIAN_POINT('',(10.245549026968,0.56094985098));
#1591 = CARTESIAN_POINT('',(10.244458108241,0.562692283317));
#1592 = CARTESIAN_POINT('',(10.243772592102,0.564447908971));
#1593 = CARTESIAN_POINT('',(10.243495799266,0.566210563115));
#1594 = CARTESIAN_POINT('',(10.243628975917,0.567974107789));
#1595 = CARTESIAN_POINT('',(10.244171380883,0.569732411044));
#1596 = CARTESIAN_POINT('',(10.245120232816,0.571479325589));
#1597 = CARTESIAN_POINT('',(10.24770113337,0.574784745902));
#1598 = CARTESIAN_POINT('',(10.249265250999,0.576346315072));
#1599 = CARTESIAN_POINT('',(10.251159106133,0.577888671837));
#1600 = CARTESIAN_POINT('',(10.25337757044,0.579407246598));
#1601 = CARTESIAN_POINT('',(10.255913982673,0.580897520481));
#1602 = CARTESIAN_POINT('',(10.258760751984,0.582355123648));
#1603 = CARTESIAN_POINT('',(10.26190852975,0.58377566145));
#1604 = CARTESIAN_POINT('',(10.267843667694,0.586156387566));
#1605 = CARTESIAN_POINT('',(10.270493677415,0.587136124027));
#1606 = CARTESIAN_POINT('',(10.273293050564,0.588092497329));
#1607 = CARTESIAN_POINT('',(10.276237535261,0.589023931072));
#1608 = CARTESIAN_POINT('',(10.279322573673,0.589928886387));
#1609 = CARTESIAN_POINT('',(10.282543298182,0.59080586108));
#1610 = CARTESIAN_POINT('',(10.285894527554,0.591653388778));
#1611 = CARTESIAN_POINT('',(10.294638600317,0.593707576633));
#1612 = CARTESIAN_POINT('',(10.300193743846,0.594874265404));
#1613 = CARTESIAN_POINT('',(10.306016912057,0.595965076461));
#1614 = CARTESIAN_POINT('',(10.312087444737,0.596975287737));
#1615 = CARTESIAN_POINT('',(10.318383335558,0.597900453106));
#1616 = CARTESIAN_POINT('',(10.324881204187,0.598736408569));
#1617 = CARTESIAN_POINT('',(10.331556208098,0.599479314522));
#1618 = CARTESIAN_POINT('',(10.345033504402,0.600755668106));
#1619 = CARTESIAN_POINT('',(10.351828737757,0.601294024596));
#1620 = CARTESIAN_POINT('',(10.358743033571,0.601737587435));
#1621 = CARTESIAN_POINT('',(10.365751095591,0.602083583455));
#1622 = CARTESIAN_POINT('',(10.372826897905,0.602329673148));
#1623 = CARTESIAN_POINT('',(10.379943691974,0.602473977006));
#1624 = CARTESIAN_POINT('',(10.387074014641,0.602515137534));
#1625 = CARTESIAN_POINT('',(10.398761752771,0.602412116936));
#1626 = CARTESIAN_POINT('',(10.40332792883,0.602328927975));
#1627 = CARTESIAN_POINT('',(10.407880827047,0.602202650003));
#1628 = CARTESIAN_POINT('',(10.412413057436,0.602033181198));
#1629 = CARTESIAN_POINT('',(10.41691724505,0.601820521586));
#1630 = CARTESIAN_POINT('',(10.421386036774,0.601564776664));
#1631 = CARTESIAN_POINT('',(10.425812108116,0.601266161011));
#1632 = CARTESIAN_POINT('',(10.432362264325,0.600755508865));
#1633 = CARTESIAN_POINT('',(10.434524025296,0.600575514418));
#1634 = CARTESIAN_POINT('',(10.43667256376,0.60038505822));
#1635 = CARTESIAN_POINT('',(10.438806997334,0.60018418658));
#1636 = CARTESIAN_POINT('',(10.440926450403,0.599972952466));
#1637 = CARTESIAN_POINT('',(10.443030054112,0.59975141551));
#1638 = CARTESIAN_POINT('',(10.445116946377,0.599519642001));
#1639 = CARTESIAN_POINT('',(10.452898657872,0.598609835982));
#1640 = CARTESIAN_POINT('',(10.458477272768,0.597864503744));
#1641 = CARTESIAN_POINT('',(10.463904028473,0.597043260216));
#1642 = CARTESIAN_POINT('',(10.469161458182,0.596148026944));
#1643 = CARTESIAN_POINT('',(10.474232760695,0.595181097817));
#1644 = CARTESIAN_POINT('',(10.479101844739,0.594145141896));
#1645 = CARTESIAN_POINT('',(10.483753373284,0.593043206246));
#1646 = CARTESIAN_POINT('',(10.491036347959,0.59112419769));
#1647 = CARTESIAN_POINT('',(10.493802493191,0.590343404835));
#1648 = CARTESIAN_POINT('',(10.496467312612,0.589537267381));
#1649 = CARTESIAN_POINT('',(10.499027043022,0.588706772539));
#1650 = CARTESIAN_POINT('',(10.501478096357,0.587852967072));
#1651 = CARTESIAN_POINT('',(10.503817067081,0.586976956811));
#1652 = CARTESIAN_POINT('',(10.506040739579,0.586079906165));
#1653 = CARTESIAN_POINT('',(10.51015431624,0.584288470884));
#1654 = CARTESIAN_POINT('',(10.512054898567,0.583395867381));
#1655 = CARTESIAN_POINT('',(10.513845226185,0.582486288382));
#1656 = CARTESIAN_POINT('',(10.515522849302,0.581560835445));
#1657 = CARTESIAN_POINT('',(10.517085459499,0.580620685924));
#1658 = CARTESIAN_POINT('',(10.518531036956,0.579667007745));
#1659 = CARTESIAN_POINT('',(10.519857691473,0.578701048739));
#1660 = CARTESIAN_POINT('',(10.522893681026,0.576241808596));
#1661 = CARTESIAN_POINT('',(10.524446113204,0.574734144709));
#1662 = CARTESIAN_POINT('',(10.525715325822,0.573205526841));
#1663 = CARTESIAN_POINT('',(10.526696792557,0.571660529986));
#1664 = CARTESIAN_POINT('',(10.527387245579,0.570103829259));
#1665 = CARTESIAN_POINT('',(10.527784694671,0.568540173825));
#1666 = CARTESIAN_POINT('',(10.527888446345,0.566974360836));
#1667 = CARTESIAN_POINT('',(10.527274731223,0.561907212289));
#1668 = CARTESIAN_POINT('',(10.525377434119,0.55841456804));
#1669 = CARTESIAN_POINT('',(10.522011901505,0.554989920224));
#1670 = CARTESIAN_POINT('',(10.517221424527,0.551686799494));
#1671 = CARTESIAN_POINT('',(10.511078861699,0.548554281602));
#1672 = CARTESIAN_POINT('',(10.503681342463,0.545636229513));
#1673 = CARTESIAN_POINT('',(10.495148764295,0.542970690958));
#1674 = CARTESIAN_POINT('',(10.485626119376,0.54058902281));
#1675 = ( GEOMETRIC_REPRESENTATION_CONTEXT(2) 
PARAMETRIC_REPRESENTATION_CONTEXT() REPRESENTATION_CONTEXT('2D SPACE',''
  ) );
#1676 = PCURVE('',#1451,#1677);
#1677 = DEFINITIONAL_REPRESENTATION('',(#1678),#1765);
#1678 = B_SPLINE_CURVE_WITH_KNOTS('',8,(#1679,#1680,#1681,#1682,#1683,
    #1684,#1685,#1686,#1687,#1688,#1689,#1690,#1691,#1692,#1693,#1694,
    #1695,#1696,#1697,#1698,#1699,#1700,#1701,#1702,#1703,#1704,#1705,
    #1706,#1707,#1708,#1709,#1710,#1711,#1712,#1713,#1714,#1715,#1716,
    #1717,#1718,#1719,#1720,#1721,#1722,#1723,#1724,#1725,#1726,#1727,
    #1728,#1729,#1730,#1731,#1732,#1733,#1734,#1735,#1736,#1737,#1738,
    #1739,#1740,#1741,#1742,#1743,#1744,#1745,#1746,#1747,#1748,#1749,
    #1750,#1751,#1752,#1753,#1754,#1755,#1756,#1757,#1758,#1759,#1760,
    #1761,#1762,#1763,#1764),.UNSPECIFIED.,.F.,.F.,(9,7,7,7,7,7,7,7,7,7,
    7,7,9),(0.,9.938294487868E-02,0.189958104427,0.255725892952,
    0.355389450605,0.452511286913,0.514915201658,0.545918418944,
    0.631502994497,0.686956890056,0.739852296995,0.820104585429,1.),
  .UNSPECIFIED.);
#1679 = CARTESIAN_POINT('',(-4.131148182832,-14.26982447792));
#1680 = CARTESIAN_POINT('',(-4.079783598979,-14.27359928948));
#1681 = CARTESIAN_POINT('',(-4.028410122813,-14.27719820139));
#1682 = CARTESIAN_POINT('',(-3.977033273092,-14.28066152898));
#1683 = CARTESIAN_POINT('',(-3.925655405892,-14.28404013812));
#1684 = CARTESIAN_POINT('',(-3.874277210871,-14.28739063016));
#1685 = CARTESIAN_POINT('',(-3.822899167141,-14.29077049116));
#1686 = CARTESIAN_POINT('',(-3.771522958748,-14.29423320516));
#1687 = CARTESIAN_POINT('',(-3.673335402139,-14.30109528422));
#1688 = CARTESIAN_POINT('',(-3.626520454039,-14.30447234839));
#1689 = CARTESIAN_POINT('',(-3.579711942399,-14.3079951043));
#1690 = CARTESIAN_POINT('',(-3.532910607504,-14.31166798102));
#1691 = CARTESIAN_POINT('',(-3.486118328803,-14.31556196028));
#1692 = CARTESIAN_POINT('',(-3.439332847162,-14.31960941884));
#1693 = CARTESIAN_POINT('',(-3.392557233636,-14.32389168029));
#1694 = CARTESIAN_POINT('',(-3.311834095086,-14.3315451426));
#1695 = CARTESIAN_POINT('',(-3.27788111632,-14.33484679463));
#1696 = CARTESIAN_POINT('',(-3.243932333492,-14.338213043));
#1697 = CARTESIAN_POINT('',(-3.209987254788,-14.34162560997));
#1698 = CARTESIAN_POINT('',(-3.17604517311,-14.345065653));
#1699 = CARTESIAN_POINT('',(-3.142105330633,-14.34851395518));
#1700 = CARTESIAN_POINT('',(-3.108167083377,-14.35195111557));
#1701 = CARTESIAN_POINT('',(-3.022802399023,-14.36052008844));
#1702 = CARTESIAN_POINT('',(-2.971375165731,-14.36561256096));
#1703 = CARTESIAN_POINT('',(-2.919948683034,-14.37056749457));
#1704 = CARTESIAN_POINT('',(-2.868521049272,-14.37531771876));
#1705 = CARTESIAN_POINT('',(-2.817089397959,-14.37979809988));
#1706 = CARTESIAN_POINT('',(-2.765651224744,-14.38394715254));
#1707 = CARTESIAN_POINT('',(-2.714205787374,-14.38770871755));
#1708 = CARTESIAN_POINT('',(-2.61261750546,-14.39427389815));
#1709 = CARTESIAN_POINT('',(-2.562470955114,-14.39709975477));
#1710 = CARTESIAN_POINT('',(-2.512319122981,-14.39946569194));
#1711 = CARTESIAN_POINT('',(-2.462162962851,-14.40133287113));
#1712 = CARTESIAN_POINT('',(-2.412002444623,-14.40267043199));
#1713 = CARTESIAN_POINT('',(-2.361837874392,-14.40345660138));
#1714 = CARTESIAN_POINT('',(-2.311671276931,-14.40367967892));
#1715 = CARTESIAN_POINT('',(-2.229276213528,-14.40311993721));
#1716 = CARTESIAN_POINT('',(-2.197044736914,-14.40266818464));
#1717 = CARTESIAN_POINT('',(-2.164814291934,-14.40198338561));
#1718 = CARTESIAN_POINT('',(-2.132585407316,-14.40106714554));
#1719 = CARTESIAN_POINT('',(-2.100358407198,-14.3999229271));
#1720 = CARTESIAN_POINT('',(-2.068133559024,-14.39855604621));
#1721 = CARTESIAN_POINT('',(-2.035911221427,-14.39697366794));
#1722 = CARTESIAN_POINT('',(-1.987684987263,-14.39429606695));
#1723 = CARTESIAN_POINT('',(-1.971678681191,-14.39335635685));
#1724 = CARTESIAN_POINT('',(-1.955673101611,-14.39236677735));
#1725 = CARTESIAN_POINT('',(-1.93966826899,-14.39132853639));
#1726 = CARTESIAN_POINT('',(-1.92366419656,-14.39024294478));
#1727 = CARTESIAN_POINT('',(-1.907660890318,-14.38911141619));
#1728 = CARTESIAN_POINT('',(-1.891658349025,-14.38793546717));
#1729 = CARTESIAN_POINT('',(-1.831483536972,-14.38335235004));
#1730 = CARTESIAN_POINT('',(-1.787315548233,-14.37966178405));
#1731 = CARTESIAN_POINT('',(-1.743153478618,-14.37567887196));
#1732 = CARTESIAN_POINT('',(-1.698996654549,-14.37144322922));
#1733 = CARTESIAN_POINT('',(-1.654843457748,-14.36699927456));
#1734 = CARTESIAN_POINT('',(-1.610691934745,-14.36239527074));
#1735 = CARTESIAN_POINT('',(-1.566540406385,-14.35768236513));
#1736 = CARTESIAN_POINT('',(-1.493779900827,-14.34982376392));
#1737 = CARTESIAN_POINT('',(-1.465170961497,-14.3467103954));
#1738 = CARTESIAN_POINT('',(-1.436560841459,-14.34358789328));
#1739 = CARTESIAN_POINT('',(-1.407949008205,-14.34047090198));
#1740 = CARTESIAN_POINT('',(-1.379334885308,-14.33737418431));
#1741 = CARTESIAN_POINT('',(-1.35071792311,-14.33431246378));
#1742 = CARTESIAN_POINT('',(-1.322097669421,-14.33130026694));
#1743 = CARTESIAN_POINT('',(-1.266170634929,-14.32553930014));
#1744 = CARTESIAN_POINT('',(-1.238864019675,-14.32278355083));
#1745 = CARTESIAN_POINT('',(-1.211553699772,-14.32010368094));
#1746 = CARTESIAN_POINT('',(-1.184239449875,-14.31750346772));
#1747 = CARTESIAN_POINT('',(-1.156922145239,-14.31496904286));
#1748 = CARTESIAN_POINT('',(-1.129601043837,-14.3125153779));
#1749 = CARTESIAN_POINT('',(-1.102276969491,-14.3101293363));
#1750 = CARTESIAN_POINT('',(-1.033490206991,-14.30428995389));
#1751 = CARTESIAN_POINT('',(-0.992022938524,-14.30092145275));
#1752 = CARTESIAN_POINT('',(-0.95055057642,-14.29768781487));
#1753 = CARTESIAN_POINT('',(-0.909074463258,-14.294563362));
#1754 = CARTESIAN_POINT('',(-0.867595516751,-14.2915155635));
#1755 = CARTESIAN_POINT('',(-0.826114699799,-14.28850764791));
#1756 = CARTESIAN_POINT('',(-0.784633490543,-14.28550121439));
#1757 = CARTESIAN_POINT('',(-0.650173742249,-14.27563899598));
#1758 = CARTESIAN_POINT('',(-0.557149906546,-14.26863460162));
#1759 = CARTESIAN_POINT('',(-0.464173084949,-14.26103458697));
#1760 = CARTESIAN_POINT('',(-0.371256861141,-14.25244356866));
#1761 = CARTESIAN_POINT('',(-0.278391249931,-14.24268789913));
#1762 = CARTESIAN_POINT('',(-0.18555839898,-14.23190992529));
#1763 = CARTESIAN_POINT('',(-9.274681197666E-02,-14.2205407442));
#1764 = CARTESIAN_POINT('',(0.,-14.2091417393));
#1765 = ( GEOMETRIC_REPRESENTATION_CONTEXT(2) 
PARAMETRIC_REPRESENTATION_CONTEXT() REPRESENTATION_CONTEXT('2D SPACE',''
  ) );
#1766 = ADVANCED_FACE('',(#1767),#402,.T.);
#1767 = FACE_BOUND('',#1768,.T.);
#1768 = EDGE_LOOP('',(#1769,#1770,#1771,#1794));
#1769 = ORIENTED_EDGE('',*,*,#1257,.T.);
#1770 = ORIENTED_EDGE('',*,*,#388,.T.);
#1771 = ORIENTED_EDGE('',*,*,#1772,.T.);
#1772 = EDGE_CURVE('',#359,#1773,#1775,.T.);
#1773 = VERTEX_POINT('',#1774);
#1774 = CARTESIAN_POINT('',(-36.468,453.457,18.3));
#1775 = SURFACE_CURVE('',#1776,(#1780,#1787),.PCURVE_S1.);
#1776 = LINE('',#1777,#1778);
#1777 = CARTESIAN_POINT('',(-49.161,453.457,18.3));
#1778 = VECTOR('',#1779,1.);
#1779 = DIRECTION('',(1.,0.,0.));
#1780 = PCURVE('',#402,#1781);
#1781 = DEFINITIONAL_REPRESENTATION('',(#1782),#1786);
#1782 = LINE('',#1783,#1784);
#1783 = CARTESIAN_POINT('',(0.,-18.3));
#1784 = VECTOR('',#1785,1.);
#1785 = DIRECTION('',(1.,0.));
#1786 = ( GEOMETRIC_REPRESENTATION_CONTEXT(2) 
PARAMETRIC_REPRESENTATION_CONTEXT() REPRESENTATION_CONTEXT('2D SPACE',''
  ) );
#1787 = PCURVE('',#375,#1788);
#1788 = DEFINITIONAL_REPRESENTATION('',(#1789),#1793);
#1789 = LINE('',#1790,#1791);
#1790 = CARTESIAN_POINT('',(49.161806987405,221.83820413799));
#1791 = VECTOR('',#1792,1.);
#1792 = DIRECTION('',(-1.,0.));
#1793 = ( GEOMETRIC_REPRESENTATION_CONTEXT(2) 
PARAMETRIC_REPRESENTATION_CONTEXT() REPRESENTATION_CONTEXT('2D SPACE',''
  ) );
#1794 = ORIENTED_EDGE('',*,*,#1795,.F.);
#1795 = EDGE_CURVE('',#1170,#1773,#1796,.T.);
#1796 = SURFACE_CURVE('',#1797,(#1801,#1808),.PCURVE_S1.);
#1797 = LINE('',#1798,#1799);
#1798 = CARTESIAN_POINT('',(-36.468,453.457,0.));
#1799 = VECTOR('',#1800,1.);
#1800 = DIRECTION('',(-0.,-0.,1.));
#1801 = PCURVE('',#402,#1802);
#1802 = DEFINITIONAL_REPRESENTATION('',(#1803),#1807);
#1803 = LINE('',#1804,#1805);
#1804 = CARTESIAN_POINT('',(12.693,0.));
#1805 = VECTOR('',#1806,1.);
#1806 = DIRECTION('',(0.,-1.));
#1807 = ( GEOMETRIC_REPRESENTATION_CONTEXT(2) 
PARAMETRIC_REPRESENTATION_CONTEXT() REPRESENTATION_CONTEXT('2D SPACE',''
  ) );
#1808 = PCURVE('',#1223,#1809);
#1809 = DEFINITIONAL_REPRESENTATION('',(#1810),#1814);
#1810 = LINE('',#1811,#1812);
#1811 = CARTESIAN_POINT('',(0.,0.));
#1812 = VECTOR('',#1813,1.);
#1813 = DIRECTION('',(0.,-1.));
#1814 = ( GEOMETRIC_REPRESENTATION_CONTEXT(2) 
PARAMETRIC_REPRESENTATION_CONTEXT() REPRESENTATION_CONTEXT('2D SPACE',''
  ) );
#1815 = ADVANCED_FACE('',(#1816,#2242,#2277,#2312,#2347,#2382,#2417,
    #2452,#2487,#2522,#2557,#2592,#2627,#2662,#2697),#375,.F.);
#1816 = FACE_BOUND('',#1817,.F.);
#1817 = EDGE_LOOP('',(#1818,#1819,#1820,#1845,#1870,#1903,#1936,#1964,
    #1997,#2025,#2053,#2081,#2109,#2137,#2165,#2193,#2221));
#1818 = ORIENTED_EDGE('',*,*,#358,.T.);
#1819 = ORIENTED_EDGE('',*,*,#1772,.T.);
#1820 = ORIENTED_EDGE('',*,*,#1821,.T.);
#1821 = EDGE_CURVE('',#1773,#1822,#1824,.T.);
#1822 = VERTEX_POINT('',#1823);
#1823 = CARTESIAN_POINT('',(-34.388,449.004,18.3));
#1824 = SURFACE_CURVE('',#1825,(#1830,#1838),.PCURVE_S1.);
#1825 = B_SPLINE_CURVE_WITH_KNOTS('',3,(#1826,#1827,#1828,#1829),
  .UNSPECIFIED.,.F.,.F.,(4,4),(0.,1.),.PIECEWISE_BEZIER_KNOTS.);
#1826 = CARTESIAN_POINT('',(-36.468,453.457,18.3));
#1827 = CARTESIAN_POINT('',(-35.847,451.997,18.3));
#1828 = CARTESIAN_POINT('',(-35.182,450.378,18.3));
#1829 = CARTESIAN_POINT('',(-34.388,449.004,18.3));
#1830 = PCURVE('',#375,#1831);
#1831 = DEFINITIONAL_REPRESENTATION('',(#1832),#1837);
#1832 = B_SPLINE_CURVE_WITH_KNOTS('',3,(#1833,#1834,#1835,#1836),
  .UNSPECIFIED.,.F.,.F.,(4,4),(0.,1.),.PIECEWISE_BEZIER_KNOTS.);
#1833 = CARTESIAN_POINT('',(36.468806987405,221.83820413799));
#1834 = CARTESIAN_POINT('',(35.847806987405,220.37820413799));
#1835 = CARTESIAN_POINT('',(35.182806987405,218.75920413799));
#1836 = CARTESIAN_POINT('',(34.388806987405,217.38520413799));
#1837 = ( GEOMETRIC_REPRESENTATION_CONTEXT(2) 
PARAMETRIC_REPRESENTATION_CONTEXT() REPRESENTATION_CONTEXT('2D SPACE',''
  ) );
#1838 = PCURVE('',#1223,#1839);
#1839 = DEFINITIONAL_REPRESENTATION('',(#1840),#1844);
#1840 = LINE('',#1841,#1842);
#1841 = CARTESIAN_POINT('',(0.,-18.3));
#1842 = VECTOR('',#1843,1.);
#1843 = DIRECTION('',(1.,0.));
#1844 = ( GEOMETRIC_REPRESENTATION_CONTEXT(2) 
PARAMETRIC_REPRESENTATION_CONTEXT() REPRESENTATION_CONTEXT('2D SPACE',''
  ) );
#1845 = ORIENTED_EDGE('',*,*,#1846,.T.);
#1846 = EDGE_CURVE('',#1822,#1847,#1849,.T.);
#1847 = VERTEX_POINT('',#1848);
#1848 = CARTESIAN_POINT('',(9.999999999988E-04,428.947,18.3));
#1849 = SURFACE_CURVE('',#1850,(#1855,#1863),.PCURVE_S1.);
#1850 = B_SPLINE_CURVE_WITH_KNOTS('',3,(#1851,#1852,#1853,#1854),
  .UNSPECIFIED.,.F.,.F.,(4,4),(0.,1.),.PIECEWISE_BEZIER_KNOTS.);
#1851 = CARTESIAN_POINT('',(-34.388,449.004,18.3));
#1852 = CARTESIAN_POINT('',(-27.556,437.191,18.3));
#1853 = CARTESIAN_POINT('',(-14.742,428.951,18.3));
#1854 = CARTESIAN_POINT('',(1.E-03,428.947,18.3));
#1855 = PCURVE('',#375,#1856);
#1856 = DEFINITIONAL_REPRESENTATION('',(#1857),#1862);
#1857 = B_SPLINE_CURVE_WITH_KNOTS('',3,(#1858,#1859,#1860,#1861),
  .UNSPECIFIED.,.F.,.F.,(4,4),(0.,1.),.PIECEWISE_BEZIER_KNOTS.);
#1858 = CARTESIAN_POINT('',(34.388806987405,217.38520413799));
#1859 = CARTESIAN_POINT('',(27.556806987405,205.57220413799));
#1860 = CARTESIAN_POINT('',(14.742806987405,197.33220413799));
#1861 = CARTESIAN_POINT('',(-1.930125954369E-04,197.32820413799));
#1862 = ( GEOMETRIC_REPRESENTATION_CONTEXT(2) 
PARAMETRIC_REPRESENTATION_CONTEXT() REPRESENTATION_CONTEXT('2D SPACE',''
  ) );
#1863 = PCURVE('',#952,#1864);
#1864 = DEFINITIONAL_REPRESENTATION('',(#1865),#1869);
#1865 = LINE('',#1866,#1867);
#1866 = CARTESIAN_POINT('',(0.,-18.3));
#1867 = VECTOR('',#1868,1.);
#1868 = DIRECTION('',(1.,0.));
#1869 = ( GEOMETRIC_REPRESENTATION_CONTEXT(2) 
PARAMETRIC_REPRESENTATION_CONTEXT() REPRESENTATION_CONTEXT('2D SPACE',''
  ) );
#1870 = ORIENTED_EDGE('',*,*,#1871,.T.);
#1871 = EDGE_CURVE('',#1847,#1872,#1874,.T.);
#1872 = VERTEX_POINT('',#1873);
#1873 = CARTESIAN_POINT('',(34.681,449.51,18.3));
#1874 = SURFACE_CURVE('',#1875,(#1880,#1888),.PCURVE_S1.);
#1875 = B_SPLINE_CURVE_WITH_KNOTS('',3,(#1876,#1877,#1878,#1879),
  .UNSPECIFIED.,.F.,.F.,(4,4),(0.,1.),.PIECEWISE_BEZIER_KNOTS.);
#1876 = CARTESIAN_POINT('',(1.E-03,428.947,18.3));
#1877 = CARTESIAN_POINT('',(14.946,428.943,18.3));
#1878 = CARTESIAN_POINT('',(27.97,437.256,18.3));
#1879 = CARTESIAN_POINT('',(34.681,449.51,18.3));
#1880 = PCURVE('',#375,#1881);
#1881 = DEFINITIONAL_REPRESENTATION('',(#1882),#1887);
#1882 = B_SPLINE_CURVE_WITH_KNOTS('',3,(#1883,#1884,#1885,#1886),
  .UNSPECIFIED.,.F.,.F.,(4,4),(0.,1.),.PIECEWISE_BEZIER_KNOTS.);
#1883 = CARTESIAN_POINT('',(-1.930125954369E-04,197.32820413799));
#1884 = CARTESIAN_POINT('',(-14.94519301259,197.32420413799));
#1885 = CARTESIAN_POINT('',(-27.96919301259,205.63720413799));
#1886 = CARTESIAN_POINT('',(-34.68019301259,217.89120413799));
#1887 = ( GEOMETRIC_REPRESENTATION_CONTEXT(2) 
PARAMETRIC_REPRESENTATION_CONTEXT() REPRESENTATION_CONTEXT('2D SPACE',''
  ) );
#1888 = PCURVE('',#1889,#1897);
#1889 = SURFACE_OF_LINEAR_EXTRUSION('',#1890,#1895);
#1890 = B_SPLINE_CURVE_WITH_KNOTS('',3,(#1891,#1892,#1893,#1894),
  .UNSPECIFIED.,.F.,.F.,(4,4),(0.,1.),.PIECEWISE_BEZIER_KNOTS.);
#1891 = CARTESIAN_POINT('',(1.E-03,428.947,0.));
#1892 = CARTESIAN_POINT('',(14.946,428.943,0.));
#1893 = CARTESIAN_POINT('',(27.97,437.256,0.));
#1894 = CARTESIAN_POINT('',(34.681,449.51,0.));
#1895 = VECTOR('',#1896,1.);
#1896 = DIRECTION('',(0.,0.,-1.));
#1897 = DEFINITIONAL_REPRESENTATION('',(#1898),#1902);
#1898 = LINE('',#1899,#1900);
#1899 = CARTESIAN_POINT('',(0.,-18.3));
#1900 = VECTOR('',#1901,1.);
#1901 = DIRECTION('',(1.,0.));
#1902 = ( GEOMETRIC_REPRESENTATION_CONTEXT(2) 
PARAMETRIC_REPRESENTATION_CONTEXT() REPRESENTATION_CONTEXT('2D SPACE',''
  ) );
#1903 = ORIENTED_EDGE('',*,*,#1904,.T.);
#1904 = EDGE_CURVE('',#1872,#1905,#1907,.T.);
#1905 = VERTEX_POINT('',#1906);
#1906 = CARTESIAN_POINT('',(36.483,453.457,18.3));
#1907 = SURFACE_CURVE('',#1908,(#1913,#1921),.PCURVE_S1.);
#1908 = B_SPLINE_CURVE_WITH_KNOTS('',3,(#1909,#1910,#1911,#1912),
  .UNSPECIFIED.,.F.,.F.,(4,4),(0.,1.),.PIECEWISE_BEZIER_KNOTS.);
#1909 = CARTESIAN_POINT('',(34.681,449.51,18.3));
#1910 = CARTESIAN_POINT('',(35.293,450.628,18.3));
#1911 = CARTESIAN_POINT('',(35.977,452.266,18.3));
#1912 = CARTESIAN_POINT('',(36.483,453.457,18.3));
#1913 = PCURVE('',#375,#1914);
#1914 = DEFINITIONAL_REPRESENTATION('',(#1915),#1920);
#1915 = B_SPLINE_CURVE_WITH_KNOTS('',3,(#1916,#1917,#1918,#1919),
  .UNSPECIFIED.,.F.,.F.,(4,4),(0.,1.),.PIECEWISE_BEZIER_KNOTS.);
#1916 = CARTESIAN_POINT('',(-34.68019301259,217.89120413799));
#1917 = CARTESIAN_POINT('',(-35.29219301259,219.00920413799));
#1918 = CARTESIAN_POINT('',(-35.97619301259,220.64720413799));
#1919 = CARTESIAN_POINT('',(-36.48219301259,221.83820413799));
#1920 = ( GEOMETRIC_REPRESENTATION_CONTEXT(2) 
PARAMETRIC_REPRESENTATION_CONTEXT() REPRESENTATION_CONTEXT('2D SPACE',''
  ) );
#1921 = PCURVE('',#1922,#1930);
#1922 = SURFACE_OF_LINEAR_EXTRUSION('',#1923,#1928);
#1923 = B_SPLINE_CURVE_WITH_KNOTS('',3,(#1924,#1925,#1926,#1927),
  .UNSPECIFIED.,.F.,.F.,(4,4),(0.,1.),.PIECEWISE_BEZIER_KNOTS.);
#1924 = CARTESIAN_POINT('',(34.681,449.51,0.));
#1925 = CARTESIAN_POINT('',(35.293,450.628,0.));
#1926 = CARTESIAN_POINT('',(35.977,452.266,0.));
#1927 = CARTESIAN_POINT('',(36.483,453.457,0.));
#1928 = VECTOR('',#1929,1.);
#1929 = DIRECTION('',(0.,0.,-1.));
#1930 = DEFINITIONAL_REPRESENTATION('',(#1931),#1935);
#1931 = LINE('',#1932,#1933);
#1932 = CARTESIAN_POINT('',(0.,-18.3));
#1933 = VECTOR('',#1934,1.);
#1934 = DIRECTION('',(1.,0.));
#1935 = ( GEOMETRIC_REPRESENTATION_CONTEXT(2) 
PARAMETRIC_REPRESENTATION_CONTEXT() REPRESENTATION_CONTEXT('2D SPACE',''
  ) );
#1936 = ORIENTED_EDGE('',*,*,#1937,.T.);
#1937 = EDGE_CURVE('',#1905,#1938,#1940,.T.);
#1938 = VERTEX_POINT('',#1939);
#1939 = CARTESIAN_POINT('',(49.177,453.457,18.3));
#1940 = SURFACE_CURVE('',#1941,(#1945,#1952),.PCURVE_S1.);
#1941 = LINE('',#1942,#1943);
#1942 = CARTESIAN_POINT('',(36.483,453.457,18.3));
#1943 = VECTOR('',#1944,1.);
#1944 = DIRECTION('',(1.,0.,0.));
#1945 = PCURVE('',#375,#1946);
#1946 = DEFINITIONAL_REPRESENTATION('',(#1947),#1951);
#1947 = LINE('',#1948,#1949);
#1948 = CARTESIAN_POINT('',(-36.48219301259,221.83820413799));
#1949 = VECTOR('',#1950,1.);
#1950 = DIRECTION('',(-1.,0.));
#1951 = ( GEOMETRIC_REPRESENTATION_CONTEXT(2) 
PARAMETRIC_REPRESENTATION_CONTEXT() REPRESENTATION_CONTEXT('2D SPACE',''
  ) );
#1952 = PCURVE('',#1953,#1958);
#1953 = PLANE('',#1954);
#1954 = AXIS2_PLACEMENT_3D('',#1955,#1956,#1957);
#1955 = CARTESIAN_POINT('',(36.483,453.457,0.));
#1956 = DIRECTION('',(-0.,1.,0.));
#1957 = DIRECTION('',(1.,0.,0.));
#1958 = DEFINITIONAL_REPRESENTATION('',(#1959),#1963);
#1959 = LINE('',#1960,#1961);
#1960 = CARTESIAN_POINT('',(0.,-18.3));
#1961 = VECTOR('',#1962,1.);
#1962 = DIRECTION('',(1.,0.));
#1963 = ( GEOMETRIC_REPRESENTATION_CONTEXT(2) 
PARAMETRIC_REPRESENTATION_CONTEXT() REPRESENTATION_CONTEXT('2D SPACE',''
  ) );
#1964 = ORIENTED_EDGE('',*,*,#1965,.T.);
#1965 = EDGE_CURVE('',#1938,#1966,#1968,.T.);
#1966 = VERTEX_POINT('',#1967);
#1967 = CARTESIAN_POINT('',(36.813,432.866,18.3));
#1968 = SURFACE_CURVE('',#1969,(#1974,#1982),.PCURVE_S1.);
#1969 = B_SPLINE_CURVE_WITH_KNOTS('',3,(#1970,#1971,#1972,#1973),
  .UNSPECIFIED.,.F.,.F.,(4,4),(0.,1.),.PIECEWISE_BEZIER_KNOTS.);
#1970 = CARTESIAN_POINT('',(49.177,453.457,18.3));
#1971 = CARTESIAN_POINT('',(46.712,445.62,18.3));
#1972 = CARTESIAN_POINT('',(42.425,438.592,18.3));
#1973 = CARTESIAN_POINT('',(36.813,432.866,18.3));
#1974 = PCURVE('',#375,#1975);
#1975 = DEFINITIONAL_REPRESENTATION('',(#1976),#1981);
#1976 = B_SPLINE_CURVE_WITH_KNOTS('',3,(#1977,#1978,#1979,#1980),
  .UNSPECIFIED.,.F.,.F.,(4,4),(0.,1.),.PIECEWISE_BEZIER_KNOTS.);
#1977 = CARTESIAN_POINT('',(-49.17619301259,221.83820413799));
#1978 = CARTESIAN_POINT('',(-46.71119301259,214.00120413799));
#1979 = CARTESIAN_POINT('',(-42.42419301259,206.97320413799));
#1980 = CARTESIAN_POINT('',(-36.81219301259,201.24720413799));
#1981 = ( GEOMETRIC_REPRESENTATION_CONTEXT(2) 
PARAMETRIC_REPRESENTATION_CONTEXT() REPRESENTATION_CONTEXT('2D SPACE',''
  ) );
#1982 = PCURVE('',#1983,#1991);
#1983 = SURFACE_OF_LINEAR_EXTRUSION('',#1984,#1989);
#1984 = B_SPLINE_CURVE_WITH_KNOTS('',3,(#1985,#1986,#1987,#1988),
  .UNSPECIFIED.,.F.,.F.,(4,4),(0.,1.),.PIECEWISE_BEZIER_KNOTS.);
#1985 = CARTESIAN_POINT('',(49.177,453.457,0.));
#1986 = CARTESIAN_POINT('',(46.712,445.62,0.));
#1987 = CARTESIAN_POINT('',(42.425,438.592,0.));
#1988 = CARTESIAN_POINT('',(36.813,432.866,0.));
#1989 = VECTOR('',#1990,1.);
#1990 = DIRECTION('',(0.,0.,-1.));
#1991 = DEFINITIONAL_REPRESENTATION('',(#1992),#1996);
#1992 = LINE('',#1993,#1994);
#1993 = CARTESIAN_POINT('',(0.,-18.3));
#1994 = VECTOR('',#1995,1.);
#1995 = DIRECTION('',(1.,0.));
#1996 = ( GEOMETRIC_REPRESENTATION_CONTEXT(2) 
PARAMETRIC_REPRESENTATION_CONTEXT() REPRESENTATION_CONTEXT('2D SPACE',''
  ) );
#1997 = ORIENTED_EDGE('',*,*,#1998,.T.);
#1998 = EDGE_CURVE('',#1966,#1999,#2001,.T.);
#1999 = VERTEX_POINT('',#2000);
#2000 = CARTESIAN_POINT('',(83.807,399.591,18.3));
#2001 = SURFACE_CURVE('',#2002,(#2006,#2013),.PCURVE_S1.);
#2002 = LINE('',#2003,#2004);
#2003 = CARTESIAN_POINT('',(36.813,432.866,18.3));
#2004 = VECTOR('',#2005,1.);
#2005 = DIRECTION('',(0.816126178543,-0.577873741138,0.));
#2006 = PCURVE('',#375,#2007);
#2007 = DEFINITIONAL_REPRESENTATION('',(#2008),#2012);
#2008 = LINE('',#2009,#2010);
#2009 = CARTESIAN_POINT('',(-36.81219301259,201.24720413799));
#2010 = VECTOR('',#2011,1.);
#2011 = DIRECTION('',(-0.816126178543,-0.577873741138));
#2012 = ( GEOMETRIC_REPRESENTATION_CONTEXT(2) 
PARAMETRIC_REPRESENTATION_CONTEXT() REPRESENTATION_CONTEXT('2D SPACE',''
  ) );
#2013 = PCURVE('',#2014,#2019);
#2014 = PLANE('',#2015);
#2015 = AXIS2_PLACEMENT_3D('',#2016,#2017,#2018);
#2016 = CARTESIAN_POINT('',(36.813,432.866,0.));
#2017 = DIRECTION('',(0.577873741138,0.816126178543,0.));
#2018 = DIRECTION('',(0.816126178543,-0.577873741138,0.));
#2019 = DEFINITIONAL_REPRESENTATION('',(#2020),#2024);
#2020 = LINE('',#2021,#2022);
#2021 = CARTESIAN_POINT('',(0.,-18.3));
#2022 = VECTOR('',#2023,1.);
#2023 = DIRECTION('',(1.,0.));
#2024 = ( GEOMETRIC_REPRESENTATION_CONTEXT(2) 
PARAMETRIC_REPRESENTATION_CONTEXT() REPRESENTATION_CONTEXT('2D SPACE',''
  ) );
#2025 = ORIENTED_EDGE('',*,*,#2026,.T.);
#2026 = EDGE_CURVE('',#1999,#2027,#2029,.T.);
#2027 = VERTEX_POINT('',#2028);
#2028 = CARTESIAN_POINT('',(56.116,306.523,18.3));
#2029 = SURFACE_CURVE('',#2030,(#2034,#2041),.PCURVE_S1.);
#2030 = LINE('',#2031,#2032);
#2031 = CARTESIAN_POINT('',(83.807,399.591,18.3));
#2032 = VECTOR('',#2033,1.);
#2033 = DIRECTION('',(-0.285179710787,-0.958474064623,0.));
#2034 = PCURVE('',#375,#2035);
#2035 = DEFINITIONAL_REPRESENTATION('',(#2036),#2040);
#2036 = LINE('',#2037,#2038);
#2037 = CARTESIAN_POINT('',(-83.80619301259,167.97220413799));
#2038 = VECTOR('',#2039,1.);
#2039 = DIRECTION('',(0.285179710787,-0.958474064623));
#2040 = ( GEOMETRIC_REPRESENTATION_CONTEXT(2) 
PARAMETRIC_REPRESENTATION_CONTEXT() REPRESENTATION_CONTEXT('2D SPACE',''
  ) );
#2041 = PCURVE('',#2042,#2047);
#2042 = PLANE('',#2043);
#2043 = AXIS2_PLACEMENT_3D('',#2044,#2045,#2046);
#2044 = CARTESIAN_POINT('',(83.807,399.591,0.));
#2045 = DIRECTION('',(0.958474064623,-0.285179710787,0.));
#2046 = DIRECTION('',(-0.285179710787,-0.958474064623,0.));
#2047 = DEFINITIONAL_REPRESENTATION('',(#2048),#2052);
#2048 = LINE('',#2049,#2050);
#2049 = CARTESIAN_POINT('',(0.,-18.3));
#2050 = VECTOR('',#2051,1.);
#2051 = DIRECTION('',(1.,0.));
#2052 = ( GEOMETRIC_REPRESENTATION_CONTEXT(2) 
PARAMETRIC_REPRESENTATION_CONTEXT() REPRESENTATION_CONTEXT('2D SPACE',''
  ) );
#2053 = ORIENTED_EDGE('',*,*,#2054,.T.);
#2054 = EDGE_CURVE('',#2027,#2055,#2057,.T.);
#2055 = VERTEX_POINT('',#2056);
#2056 = CARTESIAN_POINT('',(152.401,256.12,18.3));
#2057 = SURFACE_CURVE('',#2058,(#2062,#2069),.PCURVE_S1.);
#2058 = LINE('',#2059,#2060);
#2059 = CARTESIAN_POINT('',(56.116,306.523,18.3));
#2060 = VECTOR('',#2061,1.);
#2061 = DIRECTION('',(0.885952530809,-0.463775929899,0.));
#2062 = PCURVE('',#375,#2063);
#2063 = DEFINITIONAL_REPRESENTATION('',(#2064),#2068);
#2064 = LINE('',#2065,#2066);
#2065 = CARTESIAN_POINT('',(-56.11519301259,74.904204137994));
#2066 = VECTOR('',#2067,1.);
#2067 = DIRECTION('',(-0.885952530809,-0.463775929899));
#2068 = ( GEOMETRIC_REPRESENTATION_CONTEXT(2) 
PARAMETRIC_REPRESENTATION_CONTEXT() REPRESENTATION_CONTEXT('2D SPACE',''
  ) );
#2069 = PCURVE('',#2070,#2075);
#2070 = PLANE('',#2071);
#2071 = AXIS2_PLACEMENT_3D('',#2072,#2073,#2074);
#2072 = CARTESIAN_POINT('',(56.116,306.523,0.));
#2073 = DIRECTION('',(0.463775929899,0.885952530809,0.));
#2074 = DIRECTION('',(0.885952530809,-0.463775929899,0.));
#2075 = DEFINITIONAL_REPRESENTATION('',(#2076),#2080);
#2076 = LINE('',#2077,#2078);
#2077 = CARTESIAN_POINT('',(0.,-18.3));
#2078 = VECTOR('',#2079,1.);
#2079 = DIRECTION('',(1.,0.));
#2080 = ( GEOMETRIC_REPRESENTATION_CONTEXT(2) 
PARAMETRIC_REPRESENTATION_CONTEXT() REPRESENTATION_CONTEXT('2D SPACE',''
  ) );
#2081 = ORIENTED_EDGE('',*,*,#2082,.T.);
#2082 = EDGE_CURVE('',#2055,#2083,#2085,.T.);
#2083 = VERTEX_POINT('',#2084);
#2084 = CARTESIAN_POINT('',(76.201,0.,18.3));
#2085 = SURFACE_CURVE('',#2086,(#2090,#2097),.PCURVE_S1.);
#2086 = LINE('',#2087,#2088);
#2087 = CARTESIAN_POINT('',(152.401,256.12,18.3));
#2088 = VECTOR('',#2089,1.);
#2089 = DIRECTION('',(-0.285163556052,-0.958478871076,0.));
#2090 = PCURVE('',#375,#2091);
#2091 = DEFINITIONAL_REPRESENTATION('',(#2092),#2096);
#2092 = LINE('',#2093,#2094);
#2093 = CARTESIAN_POINT('',(-152.4001930125,24.501204137994));
#2094 = VECTOR('',#2095,1.);
#2095 = DIRECTION('',(0.285163556052,-0.958478871076));
#2096 = ( GEOMETRIC_REPRESENTATION_CONTEXT(2) 
PARAMETRIC_REPRESENTATION_CONTEXT() REPRESENTATION_CONTEXT('2D SPACE',''
  ) );
#2097 = PCURVE('',#2098,#2103);
#2098 = PLANE('',#2099);
#2099 = AXIS2_PLACEMENT_3D('',#2100,#2101,#2102);
#2100 = CARTESIAN_POINT('',(152.401,256.12,0.));
#2101 = DIRECTION('',(0.958478871076,-0.285163556052,0.));
#2102 = DIRECTION('',(-0.285163556052,-0.958478871076,0.));
#2103 = DEFINITIONAL_REPRESENTATION('',(#2104),#2108);
#2104 = LINE('',#2105,#2106);
#2105 = CARTESIAN_POINT('',(0.,-18.3));
#2106 = VECTOR('',#2107,1.);
#2107 = DIRECTION('',(1.,0.));
#2108 = ( GEOMETRIC_REPRESENTATION_CONTEXT(2) 
PARAMETRIC_REPRESENTATION_CONTEXT() REPRESENTATION_CONTEXT('2D SPACE',''
  ) );
#2109 = ORIENTED_EDGE('',*,*,#2110,.T.);
#2110 = EDGE_CURVE('',#2083,#2111,#2113,.T.);
#2111 = VERTEX_POINT('',#2112);
#2112 = CARTESIAN_POINT('',(-76.199,0.,18.3));
#2113 = SURFACE_CURVE('',#2114,(#2118,#2125),.PCURVE_S1.);
#2114 = LINE('',#2115,#2116);
#2115 = CARTESIAN_POINT('',(76.201,0.,18.3));
#2116 = VECTOR('',#2117,1.);
#2117 = DIRECTION('',(-1.,0.,0.));
#2118 = PCURVE('',#375,#2119);
#2119 = DEFINITIONAL_REPRESENTATION('',(#2120),#2124);
#2120 = LINE('',#2121,#2122);
#2121 = CARTESIAN_POINT('',(-76.20019301259,-231.618795862));
#2122 = VECTOR('',#2123,1.);
#2123 = DIRECTION('',(1.,0.));
#2124 = ( GEOMETRIC_REPRESENTATION_CONTEXT(2) 
PARAMETRIC_REPRESENTATION_CONTEXT() REPRESENTATION_CONTEXT('2D SPACE',''
  ) );
#2125 = PCURVE('',#2126,#2131);
#2126 = PLANE('',#2127);
#2127 = AXIS2_PLACEMENT_3D('',#2128,#2129,#2130);
#2128 = CARTESIAN_POINT('',(76.201,0.,0.));
#2129 = DIRECTION('',(-0.,-1.,-0.));
#2130 = DIRECTION('',(-1.,0.,0.));
#2131 = DEFINITIONAL_REPRESENTATION('',(#2132),#2136);
#2132 = LINE('',#2133,#2134);
#2133 = CARTESIAN_POINT('',(0.,-18.3));
#2134 = VECTOR('',#2135,1.);
#2135 = DIRECTION('',(1.,0.));
#2136 = ( GEOMETRIC_REPRESENTATION_CONTEXT(2) 
PARAMETRIC_REPRESENTATION_CONTEXT() REPRESENTATION_CONTEXT('2D SPACE',''
  ) );
#2137 = ORIENTED_EDGE('',*,*,#2138,.T.);
#2138 = EDGE_CURVE('',#2111,#2139,#2141,.T.);
#2139 = VERTEX_POINT('',#2140);
#2140 = CARTESIAN_POINT('',(-152.401,256.155,18.3));
#2141 = SURFACE_CURVE('',#2142,(#2146,#2153),.PCURVE_S1.);
#2142 = LINE('',#2143,#2144);
#2143 = CARTESIAN_POINT('',(-76.199,0.,18.3));
#2144 = VECTOR('',#2145,1.);
#2145 = DIRECTION('',(-0.285134635535,0.958487474941,0.));
#2146 = PCURVE('',#375,#2147);
#2147 = DEFINITIONAL_REPRESENTATION('',(#2148),#2152);
#2148 = LINE('',#2149,#2150);
#2149 = CARTESIAN_POINT('',(76.199806987405,-231.618795862));
#2150 = VECTOR('',#2151,1.);
#2151 = DIRECTION('',(0.285134635535,0.958487474941));
#2152 = ( GEOMETRIC_REPRESENTATION_CONTEXT(2) 
PARAMETRIC_REPRESENTATION_CONTEXT() REPRESENTATION_CONTEXT('2D SPACE',''
  ) );
#2153 = PCURVE('',#2154,#2159);
#2154 = PLANE('',#2155);
#2155 = AXIS2_PLACEMENT_3D('',#2156,#2157,#2158);
#2156 = CARTESIAN_POINT('',(-76.199,0.,0.));
#2157 = DIRECTION('',(-0.958487474941,-0.285134635535,-0.));
#2158 = DIRECTION('',(-0.285134635535,0.958487474941,0.));
#2159 = DEFINITIONAL_REPRESENTATION('',(#2160),#2164);
#2160 = LINE('',#2161,#2162);
#2161 = CARTESIAN_POINT('',(0.,-18.3));
#2162 = VECTOR('',#2163,1.);
#2163 = DIRECTION('',(1.,0.));
#2164 = ( GEOMETRIC_REPRESENTATION_CONTEXT(2) 
PARAMETRIC_REPRESENTATION_CONTEXT() REPRESENTATION_CONTEXT('2D SPACE',''
  ) );
#2165 = ORIENTED_EDGE('',*,*,#2166,.T.);
#2166 = EDGE_CURVE('',#2139,#2167,#2169,.T.);
#2167 = VERTEX_POINT('',#2168);
#2168 = CARTESIAN_POINT('',(-56.125,306.553,18.3));
#2169 = SURFACE_CURVE('',#2170,(#2174,#2181),.PCURVE_S1.);
#2170 = LINE('',#2171,#2172);
#2171 = CARTESIAN_POINT('',(-152.401,256.155,18.3));
#2172 = VECTOR('',#2173,1.);
#2173 = DIRECTION('',(0.885953622414,0.463773844597,0.));
#2174 = PCURVE('',#375,#2175);
#2175 = DEFINITIONAL_REPRESENTATION('',(#2176),#2180);
#2176 = LINE('',#2177,#2178);
#2177 = CARTESIAN_POINT('',(152.4018069874,24.536204137994));
#2178 = VECTOR('',#2179,1.);
#2179 = DIRECTION('',(-0.885953622414,0.463773844597));
#2180 = ( GEOMETRIC_REPRESENTATION_CONTEXT(2) 
PARAMETRIC_REPRESENTATION_CONTEXT() REPRESENTATION_CONTEXT('2D SPACE',''
  ) );
#2181 = PCURVE('',#2182,#2187);
#2182 = PLANE('',#2183);
#2183 = AXIS2_PLACEMENT_3D('',#2184,#2185,#2186);
#2184 = CARTESIAN_POINT('',(-152.401,256.155,0.));
#2185 = DIRECTION('',(-0.463773844597,0.885953622414,0.));
#2186 = DIRECTION('',(0.885953622414,0.463773844597,0.));
#2187 = DEFINITIONAL_REPRESENTATION('',(#2188),#2192);
#2188 = LINE('',#2189,#2190);
#2189 = CARTESIAN_POINT('',(0.,-18.3));
#2190 = VECTOR('',#2191,1.);
#2191 = DIRECTION('',(1.,0.));
#2192 = ( GEOMETRIC_REPRESENTATION_CONTEXT(2) 
PARAMETRIC_REPRESENTATION_CONTEXT() REPRESENTATION_CONTEXT('2D SPACE',''
  ) );
#2193 = ORIENTED_EDGE('',*,*,#2194,.T.);
#2194 = EDGE_CURVE('',#2167,#2195,#2197,.T.);
#2195 = VERTEX_POINT('',#2196);
#2196 = CARTESIAN_POINT('',(-83.807,399.591,18.3));
#2197 = SURFACE_CURVE('',#2198,(#2202,#2209),.PCURVE_S1.);
#2198 = LINE('',#2199,#2200);
#2199 = CARTESIAN_POINT('',(-56.125,306.553,18.3));
#2200 = VECTOR('',#2201,1.);
#2201 = DIRECTION('',(-0.285179010952,0.958474272848,0.));
#2202 = PCURVE('',#375,#2203);
#2203 = DEFINITIONAL_REPRESENTATION('',(#2204),#2208);
#2204 = LINE('',#2205,#2206);
#2205 = CARTESIAN_POINT('',(56.125806987405,74.934204137994));
#2206 = VECTOR('',#2207,1.);
#2207 = DIRECTION('',(0.285179010952,0.958474272848));
#2208 = ( GEOMETRIC_REPRESENTATION_CONTEXT(2) 
PARAMETRIC_REPRESENTATION_CONTEXT() REPRESENTATION_CONTEXT('2D SPACE',''
  ) );
#2209 = PCURVE('',#2210,#2215);
#2210 = PLANE('',#2211);
#2211 = AXIS2_PLACEMENT_3D('',#2212,#2213,#2214);
#2212 = CARTESIAN_POINT('',(-56.125,306.553,0.));
#2213 = DIRECTION('',(-0.958474272848,-0.285179010952,-0.));
#2214 = DIRECTION('',(-0.285179010952,0.958474272848,0.));
#2215 = DEFINITIONAL_REPRESENTATION('',(#2216),#2220);
#2216 = LINE('',#2217,#2218);
#2217 = CARTESIAN_POINT('',(0.,-18.3));
#2218 = VECTOR('',#2219,1.);
#2219 = DIRECTION('',(1.,0.));
#2220 = ( GEOMETRIC_REPRESENTATION_CONTEXT(2) 
PARAMETRIC_REPRESENTATION_CONTEXT() REPRESENTATION_CONTEXT('2D SPACE',''
  ) );
#2221 = ORIENTED_EDGE('',*,*,#2222,.T.);
#2222 = EDGE_CURVE('',#2195,#331,#2223,.T.);
#2223 = SURFACE_CURVE('',#2224,(#2228,#2235),.PCURVE_S1.);
#2224 = LINE('',#2225,#2226);
#2225 = CARTESIAN_POINT('',(-83.807,399.591,18.3));
#2226 = VECTOR('',#2227,1.);
#2227 = DIRECTION('',(0.81603130614,0.578007705311,0.));
#2228 = PCURVE('',#375,#2229);
#2229 = DEFINITIONAL_REPRESENTATION('',(#2230),#2234);
#2230 = LINE('',#2231,#2232);
#2231 = CARTESIAN_POINT('',(83.807806987405,167.97220413799));
#2232 = VECTOR('',#2233,1.);
#2233 = DIRECTION('',(-0.81603130614,0.578007705311));
#2234 = ( GEOMETRIC_REPRESENTATION_CONTEXT(2) 
PARAMETRIC_REPRESENTATION_CONTEXT() REPRESENTATION_CONTEXT('2D SPACE',''
  ) );
#2235 = PCURVE('',#346,#2236);
#2236 = DEFINITIONAL_REPRESENTATION('',(#2237),#2241);
#2237 = LINE('',#2238,#2239);
#2238 = CARTESIAN_POINT('',(0.,-18.3));
#2239 = VECTOR('',#2240,1.);
#2240 = DIRECTION('',(1.,0.));
#2241 = ( GEOMETRIC_REPRESENTATION_CONTEXT(2) 
PARAMETRIC_REPRESENTATION_CONTEXT() REPRESENTATION_CONTEXT('2D SPACE',''
  ) );
#2242 = FACE_BOUND('',#2243,.F.);
#2243 = EDGE_LOOP('',(#2244));
#2244 = ORIENTED_EDGE('',*,*,#2245,.T.);
#2245 = EDGE_CURVE('',#2246,#2246,#2248,.T.);
#2246 = VERTEX_POINT('',#2247);
#2247 = CARTESIAN_POINT('',(93.91616104642,148.606,18.3));
#2248 = SURFACE_CURVE('',#2249,(#2254,#2265),.PCURVE_S1.);
#2249 = CIRCLE('',#2250,3.2);
#2250 = AXIS2_PLACEMENT_3D('',#2251,#2252,#2253);
#2251 = CARTESIAN_POINT('',(90.71616104642,148.606,18.3));
#2252 = DIRECTION('',(0.,0.,1.));
#2253 = DIRECTION('',(1.,0.,-0.));
#2254 = PCURVE('',#375,#2255);
#2255 = DEFINITIONAL_REPRESENTATION('',(#2256),#2264);
#2256 = ( BOUNDED_CURVE() B_SPLINE_CURVE(2,(#2257,#2258,#2259,#2260,
#2261,#2262,#2263),.UNSPECIFIED.,.T.,.F.) B_SPLINE_CURVE_WITH_KNOTS((1,2
    ,2,2,2,1),(-2.094395102393,0.,2.094395102393,4.188790204786,
6.28318530718,8.377580409573),.UNSPECIFIED.) CURVE() 
GEOMETRIC_REPRESENTATION_ITEM() RATIONAL_B_SPLINE_CURVE((1.,0.5,1.,0.5,
1.,0.5,1.)) REPRESENTATION_ITEM('') );
#2257 = CARTESIAN_POINT('',(-93.91535405901,-83.012795862));
#2258 = CARTESIAN_POINT('',(-93.91535405901,-77.47023327778));
#2259 = CARTESIAN_POINT('',(-89.11535405901,-80.24151456989));
#2260 = CARTESIAN_POINT('',(-84.31535405901,-83.012795862));
#2261 = CARTESIAN_POINT('',(-89.11535405901,-85.78407715411));
#2262 = CARTESIAN_POINT('',(-93.91535405901,-88.55535844622));
#2263 = CARTESIAN_POINT('',(-93.91535405901,-83.012795862));
#2264 = ( GEOMETRIC_REPRESENTATION_CONTEXT(2) 
PARAMETRIC_REPRESENTATION_CONTEXT() REPRESENTATION_CONTEXT('2D SPACE',''
  ) );
#2265 = PCURVE('',#2266,#2271);
#2266 = CYLINDRICAL_SURFACE('',#2267,3.2);
#2267 = AXIS2_PLACEMENT_3D('',#2268,#2269,#2270);
#2268 = CARTESIAN_POINT('',(90.71616104642,148.606,11.5));
#2269 = DIRECTION('',(0.,0.,1.));
#2270 = DIRECTION('',(1.,0.,-0.));
#2271 = DEFINITIONAL_REPRESENTATION('',(#2272),#2276);
#2272 = LINE('',#2273,#2274);
#2273 = CARTESIAN_POINT('',(0.,6.8));
#2274 = VECTOR('',#2275,1.);
#2275 = DIRECTION('',(1.,0.));
#2276 = ( GEOMETRIC_REPRESENTATION_CONTEXT(2) 
PARAMETRIC_REPRESENTATION_CONTEXT() REPRESENTATION_CONTEXT('2D SPACE',''
  ) );
#2277 = FACE_BOUND('',#2278,.F.);
#2278 = EDGE_LOOP('',(#2279));
#2279 = ORIENTED_EDGE('',*,*,#2280,.T.);
#2280 = EDGE_CURVE('',#2281,#2281,#2283,.T.);
#2281 = VERTEX_POINT('',#2282);
#2282 = CARTESIAN_POINT('',(93.91616104642,253.356,18.3));
#2283 = SURFACE_CURVE('',#2284,(#2289,#2300),.PCURVE_S1.);
#2284 = CIRCLE('',#2285,3.2);
#2285 = AXIS2_PLACEMENT_3D('',#2286,#2287,#2288);
#2286 = CARTESIAN_POINT('',(90.71616104642,253.356,18.3));
#2287 = DIRECTION('',(0.,0.,1.));
#2288 = DIRECTION('',(1.,0.,-0.));
#2289 = PCURVE('',#375,#2290);
#2290 = DEFINITIONAL_REPRESENTATION('',(#2291),#2299);
#2291 = ( BOUNDED_CURVE() B_SPLINE_CURVE(2,(#2292,#2293,#2294,#2295,
#2296,#2297,#2298),.UNSPECIFIED.,.T.,.F.) B_SPLINE_CURVE_WITH_KNOTS((1,2
    ,2,2,2,1),(-2.094395102393,0.,2.094395102393,4.188790204786,
6.28318530718,8.377580409573),.UNSPECIFIED.) CURVE() 
GEOMETRIC_REPRESENTATION_ITEM() RATIONAL_B_SPLINE_CURVE((1.,0.5,1.,0.5,
1.,0.5,1.)) REPRESENTATION_ITEM('') );
#2292 = CARTESIAN_POINT('',(-93.91535405901,21.737204137994));
#2293 = CARTESIAN_POINT('',(-93.91535405901,27.279766722214));
#2294 = CARTESIAN_POINT('',(-89.11535405901,24.508485430104));
#2295 = CARTESIAN_POINT('',(-84.31535405901,21.737204137994));
#2296 = CARTESIAN_POINT('',(-89.11535405901,18.965922845883));
#2297 = CARTESIAN_POINT('',(-93.91535405901,16.194641553773));
#2298 = CARTESIAN_POINT('',(-93.91535405901,21.737204137994));
#2299 = ( GEOMETRIC_REPRESENTATION_CONTEXT(2) 
PARAMETRIC_REPRESENTATION_CONTEXT() REPRESENTATION_CONTEXT('2D SPACE',''
  ) );
#2300 = PCURVE('',#2301,#2306);
#2301 = CYLINDRICAL_SURFACE('',#2302,3.2);
#2302 = AXIS2_PLACEMENT_3D('',#2303,#2304,#2305);
#2303 = CARTESIAN_POINT('',(90.71616104642,253.356,11.5));
#2304 = DIRECTION('',(0.,0.,1.));
#2305 = DIRECTION('',(1.,0.,-0.));
#2306 = DEFINITIONAL_REPRESENTATION('',(#2307),#2311);
#2307 = LINE('',#2308,#2309);
#2308 = CARTESIAN_POINT('',(0.,6.8));
#2309 = VECTOR('',#2310,1.);
#2310 = DIRECTION('',(1.,0.));
#2311 = ( GEOMETRIC_REPRESENTATION_CONTEXT(2) 
PARAMETRIC_REPRESENTATION_CONTEXT() REPRESENTATION_CONTEXT('2D SPACE',''
  ) );
#2312 = FACE_BOUND('',#2313,.F.);
#2313 = EDGE_LOOP('',(#2314));
#2314 = ORIENTED_EDGE('',*,*,#2315,.T.);
#2315 = EDGE_CURVE('',#2316,#2316,#2318,.T.);
#2316 = VERTEX_POINT('',#2317);
#2317 = CARTESIAN_POINT('',(3.2,96.231,18.3));
#2318 = SURFACE_CURVE('',#2319,(#2324,#2335),.PCURVE_S1.);
#2319 = CIRCLE('',#2320,3.2);
#2320 = AXIS2_PLACEMENT_3D('',#2321,#2322,#2323);
#2321 = CARTESIAN_POINT('',(-1.92422628316E-14,96.231,18.3));
#2322 = DIRECTION('',(0.,0.,1.));
#2323 = DIRECTION('',(1.,0.,-0.));
#2324 = PCURVE('',#375,#2325);
#2325 = DEFINITIONAL_REPRESENTATION('',(#2326),#2334);
#2326 = ( BOUNDED_CURVE() B_SPLINE_CURVE(2,(#2327,#2328,#2329,#2330,
#2331,#2332,#2333),.UNSPECIFIED.,.T.,.F.) B_SPLINE_CURVE_WITH_KNOTS((1,2
    ,2,2,2,1),(-2.094395102393,0.,2.094395102393,4.188790204786,
6.28318530718,8.377580409573),.UNSPECIFIED.) CURVE() 
GEOMETRIC_REPRESENTATION_ITEM() RATIONAL_B_SPLINE_CURVE((1.,0.5,1.,0.5,
1.,0.5,1.)) REPRESENTATION_ITEM('') );
#2327 = CARTESIAN_POINT('',(-3.199193012595,-135.387795862));
#2328 = CARTESIAN_POINT('',(-3.199193012595,-129.8452332777));
#2329 = CARTESIAN_POINT('',(1.600806987405,-132.6165145698));
#2330 = CARTESIAN_POINT('',(6.400806987405,-135.387795862));
#2331 = CARTESIAN_POINT('',(1.600806987405,-138.1590771541));
#2332 = CARTESIAN_POINT('',(-3.199193012595,-140.9303584462));
#2333 = CARTESIAN_POINT('',(-3.199193012595,-135.387795862));
#2334 = ( GEOMETRIC_REPRESENTATION_CONTEXT(2) 
PARAMETRIC_REPRESENTATION_CONTEXT() REPRESENTATION_CONTEXT('2D SPACE',''
  ) );
#2335 = PCURVE('',#2336,#2341);
#2336 = CYLINDRICAL_SURFACE('',#2337,3.2);
#2337 = AXIS2_PLACEMENT_3D('',#2338,#2339,#2340);
#2338 = CARTESIAN_POINT('',(-1.92422628316E-14,96.231,11.5));
#2339 = DIRECTION('',(0.,0.,1.));
#2340 = DIRECTION('',(1.,0.,-0.));
#2341 = DEFINITIONAL_REPRESENTATION('',(#2342),#2346);
#2342 = LINE('',#2343,#2344);
#2343 = CARTESIAN_POINT('',(0.,6.8));
#2344 = VECTOR('',#2345,1.);
#2345 = DIRECTION('',(1.,0.));
#2346 = ( GEOMETRIC_REPRESENTATION_CONTEXT(2) 
PARAMETRIC_REPRESENTATION_CONTEXT() REPRESENTATION_CONTEXT('2D SPACE',''
  ) );
#2347 = FACE_BOUND('',#2348,.F.);
#2348 = EDGE_LOOP('',(#2349));
#2349 = ORIENTED_EDGE('',*,*,#2350,.T.);
#2350 = EDGE_CURVE('',#2351,#2351,#2353,.T.);
#2351 = VERTEX_POINT('',#2352);
#2352 = CARTESIAN_POINT('',(-87.51616104642,148.606,18.3));
#2353 = SURFACE_CURVE('',#2354,(#2359,#2370),.PCURVE_S1.);
#2354 = CIRCLE('',#2355,3.2);
#2355 = AXIS2_PLACEMENT_3D('',#2356,#2357,#2358);
#2356 = CARTESIAN_POINT('',(-90.71616104642,148.606,18.3));
#2357 = DIRECTION('',(0.,0.,1.));
#2358 = DIRECTION('',(1.,0.,-0.));
#2359 = PCURVE('',#375,#2360);
#2360 = DEFINITIONAL_REPRESENTATION('',(#2361),#2369);
#2361 = ( BOUNDED_CURVE() B_SPLINE_CURVE(2,(#2362,#2363,#2364,#2365,
#2366,#2367,#2368),.UNSPECIFIED.,.T.,.F.) B_SPLINE_CURVE_WITH_KNOTS((1,2
    ,2,2,2,1),(-2.094395102393,0.,2.094395102393,4.188790204786,
6.28318530718,8.377580409573),.UNSPECIFIED.) CURVE() 
GEOMETRIC_REPRESENTATION_ITEM() RATIONAL_B_SPLINE_CURVE((1.,0.5,1.,0.5,
1.,0.5,1.)) REPRESENTATION_ITEM('') );
#2362 = CARTESIAN_POINT('',(87.516968033824,-83.012795862));
#2363 = CARTESIAN_POINT('',(87.516968033824,-77.47023327778));
#2364 = CARTESIAN_POINT('',(92.316968033824,-80.24151456989));
#2365 = CARTESIAN_POINT('',(97.116968033825,-83.012795862));
#2366 = CARTESIAN_POINT('',(92.316968033825,-85.78407715411));
#2367 = CARTESIAN_POINT('',(87.516968033824,-88.55535844622));
#2368 = CARTESIAN_POINT('',(87.516968033824,-83.012795862));
#2369 = ( GEOMETRIC_REPRESENTATION_CONTEXT(2) 
PARAMETRIC_REPRESENTATION_CONTEXT() REPRESENTATION_CONTEXT('2D SPACE',''
  ) );
#2370 = PCURVE('',#2371,#2376);
#2371 = CYLINDRICAL_SURFACE('',#2372,3.2);
#2372 = AXIS2_PLACEMENT_3D('',#2373,#2374,#2375);
#2373 = CARTESIAN_POINT('',(-90.71616104642,148.606,11.5));
#2374 = DIRECTION('',(0.,0.,1.));
#2375 = DIRECTION('',(1.,0.,-0.));
#2376 = DEFINITIONAL_REPRESENTATION('',(#2377),#2381);
#2377 = LINE('',#2378,#2379);
#2378 = CARTESIAN_POINT('',(0.,6.8));
#2379 = VECTOR('',#2380,1.);
#2380 = DIRECTION('',(1.,0.));
#2381 = ( GEOMETRIC_REPRESENTATION_CONTEXT(2) 
PARAMETRIC_REPRESENTATION_CONTEXT() REPRESENTATION_CONTEXT('2D SPACE',''
  ) );
#2382 = FACE_BOUND('',#2383,.F.);
#2383 = EDGE_LOOP('',(#2384));
#2384 = ORIENTED_EDGE('',*,*,#2385,.T.);
#2385 = EDGE_CURVE('',#2386,#2386,#2388,.T.);
#2386 = VERTEX_POINT('',#2387);
#2387 = CARTESIAN_POINT('',(95.,200.981,18.3));
#2388 = SURFACE_CURVE('',#2389,(#2394,#2405),.PCURVE_S1.);
#2389 = CIRCLE('',#2390,95.);
#2390 = AXIS2_PLACEMENT_3D('',#2391,#2392,#2393);
#2391 = CARTESIAN_POINT('',(0.,200.981,18.3));
#2392 = DIRECTION('',(0.,0.,1.));
#2393 = DIRECTION('',(1.,0.,0.));
#2394 = PCURVE('',#375,#2395);
#2395 = DEFINITIONAL_REPRESENTATION('',(#2396),#2404);
#2396 = ( BOUNDED_CURVE() B_SPLINE_CURVE(2,(#2397,#2398,#2399,#2400,
#2401,#2402,#2403),.UNSPECIFIED.,.T.,.F.) B_SPLINE_CURVE_WITH_KNOTS((1,2
    ,2,2,2,1),(-2.094395102393,0.,2.094395102393,4.188790204786,
6.28318530718,8.377580409573),.UNSPECIFIED.) CURVE() 
GEOMETRIC_REPRESENTATION_ITEM() RATIONAL_B_SPLINE_CURVE((1.,0.5,1.,0.5,
1.,0.5,1.)) REPRESENTATION_ITEM('') );
#2397 = CARTESIAN_POINT('',(-94.99919301259,-30.637795862));
#2398 = CARTESIAN_POINT('',(-94.99919301259,133.90703085703));
#2399 = CARTESIAN_POINT('',(47.500806987405,51.634617497515));
#2400 = CARTESIAN_POINT('',(190.0008069874,-30.637795862));
#2401 = CARTESIAN_POINT('',(47.500806987405,-112.9102092215));
#2402 = CARTESIAN_POINT('',(-94.99919301259,-195.182622581));
#2403 = CARTESIAN_POINT('',(-94.99919301259,-30.637795862));
#2404 = ( GEOMETRIC_REPRESENTATION_CONTEXT(2) 
PARAMETRIC_REPRESENTATION_CONTEXT() REPRESENTATION_CONTEXT('2D SPACE',''
  ) );
#2405 = PCURVE('',#2406,#2411);
#2406 = CYLINDRICAL_SURFACE('',#2407,95.);
#2407 = AXIS2_PLACEMENT_3D('',#2408,#2409,#2410);
#2408 = CARTESIAN_POINT('',(0.,200.981,0.));
#2409 = DIRECTION('',(-0.,-0.,-1.));
#2410 = DIRECTION('',(1.,0.,0.));
#2411 = DEFINITIONAL_REPRESENTATION('',(#2412),#2416);
#2412 = LINE('',#2413,#2414);
#2413 = CARTESIAN_POINT('',(-0.,-18.3));
#2414 = VECTOR('',#2415,1.);
#2415 = DIRECTION('',(-1.,0.));
#2416 = ( GEOMETRIC_REPRESENTATION_CONTEXT(2) 
PARAMETRIC_REPRESENTATION_CONTEXT() REPRESENTATION_CONTEXT('2D SPACE',''
  ) );
#2417 = FACE_BOUND('',#2418,.F.);
#2418 = EDGE_LOOP('',(#2419));
#2419 = ORIENTED_EDGE('',*,*,#2420,.T.);
#2420 = EDGE_CURVE('',#2421,#2421,#2423,.T.);
#2421 = VERTEX_POINT('',#2422);
#2422 = CARTESIAN_POINT('',(-87.51616104642,253.356,18.3));
#2423 = SURFACE_CURVE('',#2424,(#2429,#2440),.PCURVE_S1.);
#2424 = CIRCLE('',#2425,3.2);
#2425 = AXIS2_PLACEMENT_3D('',#2426,#2427,#2428);
#2426 = CARTESIAN_POINT('',(-90.71616104642,253.356,18.3));
#2427 = DIRECTION('',(0.,0.,1.));
#2428 = DIRECTION('',(1.,0.,-0.));
#2429 = PCURVE('',#375,#2430);
#2430 = DEFINITIONAL_REPRESENTATION('',(#2431),#2439);
#2431 = ( BOUNDED_CURVE() B_SPLINE_CURVE(2,(#2432,#2433,#2434,#2435,
#2436,#2437,#2438),.UNSPECIFIED.,.T.,.F.) B_SPLINE_CURVE_WITH_KNOTS((1,2
    ,2,2,2,1),(-2.094395102393,0.,2.094395102393,4.188790204786,
6.28318530718,8.377580409573),.UNSPECIFIED.) CURVE() 
GEOMETRIC_REPRESENTATION_ITEM() RATIONAL_B_SPLINE_CURVE((1.,0.5,1.,0.5,
1.,0.5,1.)) REPRESENTATION_ITEM('') );
#2432 = CARTESIAN_POINT('',(87.516968033825,21.737204137994));
#2433 = CARTESIAN_POINT('',(87.516968033825,27.279766722214));
#2434 = CARTESIAN_POINT('',(92.316968033825,24.508485430104));
#2435 = CARTESIAN_POINT('',(97.116968033825,21.737204137994));
#2436 = CARTESIAN_POINT('',(92.316968033825,18.965922845883));
#2437 = CARTESIAN_POINT('',(87.516968033825,16.194641553773));
#2438 = CARTESIAN_POINT('',(87.516968033825,21.737204137994));
#2439 = ( GEOMETRIC_REPRESENTATION_CONTEXT(2) 
PARAMETRIC_REPRESENTATION_CONTEXT() REPRESENTATION_CONTEXT('2D SPACE',''
  ) );
#2440 = PCURVE('',#2441,#2446);
#2441 = CYLINDRICAL_SURFACE('',#2442,3.2);
#2442 = AXIS2_PLACEMENT_3D('',#2443,#2444,#2445);
#2443 = CARTESIAN_POINT('',(-90.71616104642,253.356,11.5));
#2444 = DIRECTION('',(0.,0.,1.));
#2445 = DIRECTION('',(1.,0.,-0.));
#2446 = DEFINITIONAL_REPRESENTATION('',(#2447),#2451);
#2447 = LINE('',#2448,#2449);
#2448 = CARTESIAN_POINT('',(0.,6.8));
#2449 = VECTOR('',#2450,1.);
#2450 = DIRECTION('',(1.,0.));
#2451 = ( GEOMETRIC_REPRESENTATION_CONTEXT(2) 
PARAMETRIC_REPRESENTATION_CONTEXT() REPRESENTATION_CONTEXT('2D SPACE',''
  ) );
#2452 = FACE_BOUND('',#2453,.F.);
#2453 = EDGE_LOOP('',(#2454));
#2454 = ORIENTED_EDGE('',*,*,#2455,.T.);
#2455 = EDGE_CURVE('',#2456,#2456,#2458,.T.);
#2456 = VERTEX_POINT('',#2457);
#2457 = CARTESIAN_POINT('',(40.250152303,342.36711292556,18.3));
#2458 = SURFACE_CURVE('',#2459,(#2464,#2475),.PCURVE_S1.);
#2459 = CIRCLE('',#2460,2.3);
#2460 = AXIS2_PLACEMENT_3D('',#2461,#2462,#2463);
#2461 = CARTESIAN_POINT('',(37.950152303,342.36711292556,18.3));
#2462 = DIRECTION('',(0.,0.,1.));
#2463 = DIRECTION('',(1.,0.,-0.));
#2464 = PCURVE('',#375,#2465);
#2465 = DEFINITIONAL_REPRESENTATION('',(#2466),#2474);
#2466 = ( BOUNDED_CURVE() B_SPLINE_CURVE(2,(#2467,#2468,#2469,#2470,
#2471,#2472,#2473),.UNSPECIFIED.,.T.,.F.) B_SPLINE_CURVE_WITH_KNOTS((1,2
    ,2,2,2,1),(-2.094395102393,0.,2.094395102393,4.188790204786,
6.28318530718,8.377580409573),.UNSPECIFIED.) CURVE() 
GEOMETRIC_REPRESENTATION_ITEM() RATIONAL_B_SPLINE_CURVE((1.,0.5,1.,0.5,
1.,0.5,1.)) REPRESENTATION_ITEM('') );
#2467 = CARTESIAN_POINT('',(-40.24934531559,110.74831706355));
#2468 = CARTESIAN_POINT('',(-40.24934531559,114.73203392096));
#2469 = CARTESIAN_POINT('',(-36.79934531559,112.74017549226));
#2470 = CARTESIAN_POINT('',(-33.34934531559,110.74831706355));
#2471 = CARTESIAN_POINT('',(-36.79934531559,108.75645863485));
#2472 = CARTESIAN_POINT('',(-40.24934531559,106.76460020614));
#2473 = CARTESIAN_POINT('',(-40.24934531559,110.74831706355));
#2474 = ( GEOMETRIC_REPRESENTATION_CONTEXT(2) 
PARAMETRIC_REPRESENTATION_CONTEXT() REPRESENTATION_CONTEXT('2D SPACE',''
  ) );
#2475 = PCURVE('',#2476,#2481);
#2476 = CYLINDRICAL_SURFACE('',#2477,2.3);
#2477 = AXIS2_PLACEMENT_3D('',#2478,#2479,#2480);
#2478 = CARTESIAN_POINT('',(37.950152303,342.36711292556,14.3));
#2479 = DIRECTION('',(0.,0.,1.));
#2480 = DIRECTION('',(1.,0.,-0.));
#2481 = DEFINITIONAL_REPRESENTATION('',(#2482),#2486);
#2482 = LINE('',#2483,#2484);
#2483 = CARTESIAN_POINT('',(0.,4.));
#2484 = VECTOR('',#2485,1.);
#2485 = DIRECTION('',(1.,0.));
#2486 = ( GEOMETRIC_REPRESENTATION_CONTEXT(2) 
PARAMETRIC_REPRESENTATION_CONTEXT() REPRESENTATION_CONTEXT('2D SPACE',''
  ) );
#2487 = FACE_BOUND('',#2488,.F.);
#2488 = EDGE_LOOP('',(#2489));
#2489 = ORIENTED_EDGE('',*,*,#2490,.T.);
#2490 = EDGE_CURVE('',#2491,#2491,#2493,.T.);
#2491 = VERTEX_POINT('',#2492);
#2492 = CARTESIAN_POINT('',(34.76,436.383,18.3));
#2493 = SURFACE_CURVE('',#2494,(#2499,#2510),.PCURVE_S1.);
#2494 = CIRCLE('',#2495,2.2);
#2495 = AXIS2_PLACEMENT_3D('',#2496,#2497,#2498);
#2496 = CARTESIAN_POINT('',(32.56,436.383,18.3));
#2497 = DIRECTION('',(0.,0.,1.));
#2498 = DIRECTION('',(1.,0.,0.));
#2499 = PCURVE('',#375,#2500);
#2500 = DEFINITIONAL_REPRESENTATION('',(#2501),#2509);
#2501 = ( BOUNDED_CURVE() B_SPLINE_CURVE(2,(#2502,#2503,#2504,#2505,
#2506,#2507,#2508),.UNSPECIFIED.,.T.,.F.) B_SPLINE_CURVE_WITH_KNOTS((1,2
    ,2,2,2,1),(-2.094395102393,0.,2.094395102393,4.188790204786,
6.28318530718,8.377580409573),.UNSPECIFIED.) CURVE() 
GEOMETRIC_REPRESENTATION_ITEM() RATIONAL_B_SPLINE_CURVE((1.,0.5,1.,0.5,
1.,0.5,1.)) REPRESENTATION_ITEM('') );
#2502 = CARTESIAN_POINT('',(-34.75919301259,204.76420413799));
#2503 = CARTESIAN_POINT('',(-34.75919301259,208.57471591464));
#2504 = CARTESIAN_POINT('',(-31.45919301259,206.66946002632));
#2505 = CARTESIAN_POINT('',(-28.15919301259,204.76420413799));
#2506 = CARTESIAN_POINT('',(-31.45919301259,202.85894824966));
#2507 = CARTESIAN_POINT('',(-34.75919301259,200.95369236134));
#2508 = CARTESIAN_POINT('',(-34.75919301259,204.76420413799));
#2509 = ( GEOMETRIC_REPRESENTATION_CONTEXT(2) 
PARAMETRIC_REPRESENTATION_CONTEXT() REPRESENTATION_CONTEXT('2D SPACE',''
  ) );
#2510 = PCURVE('',#2511,#2516);
#2511 = CYLINDRICAL_SURFACE('',#2512,2.2);
#2512 = AXIS2_PLACEMENT_3D('',#2513,#2514,#2515);
#2513 = CARTESIAN_POINT('',(32.56,436.383,0.));
#2514 = DIRECTION('',(-0.,-0.,-1.));
#2515 = DIRECTION('',(1.,0.,0.));
#2516 = DEFINITIONAL_REPRESENTATION('',(#2517),#2521);
#2517 = LINE('',#2518,#2519);
#2518 = CARTESIAN_POINT('',(-0.,-18.3));
#2519 = VECTOR('',#2520,1.);
#2520 = DIRECTION('',(-1.,0.));
#2521 = ( GEOMETRIC_REPRESENTATION_CONTEXT(2) 
PARAMETRIC_REPRESENTATION_CONTEXT() REPRESENTATION_CONTEXT('2D SPACE',''
  ) );
#2522 = FACE_BOUND('',#2523,.F.);
#2523 = EDGE_LOOP('',(#2524));
#2524 = ORIENTED_EDGE('',*,*,#2525,.T.);
#2525 = EDGE_CURVE('',#2526,#2526,#2528,.T.);
#2526 = VERTEX_POINT('',#2527);
#2527 = CARTESIAN_POINT('',(26.013887074436,404.031152303,18.3));
#2528 = SURFACE_CURVE('',#2529,(#2534,#2545),.PCURVE_S1.);
#2529 = CIRCLE('',#2530,2.3);
#2530 = AXIS2_PLACEMENT_3D('',#2531,#2532,#2533);
#2531 = CARTESIAN_POINT('',(23.713887074436,404.031152303,18.3));
#2532 = DIRECTION('',(0.,0.,1.));
#2533 = DIRECTION('',(1.,0.,-0.));
#2534 = PCURVE('',#375,#2535);
#2535 = DEFINITIONAL_REPRESENTATION('',(#2536),#2544);
#2536 = ( BOUNDED_CURVE() B_SPLINE_CURVE(2,(#2537,#2538,#2539,#2540,
#2541,#2542,#2543),.UNSPECIFIED.,.T.,.F.) B_SPLINE_CURVE_WITH_KNOTS((1,2
    ,2,2,2,1),(-2.094395102393,0.,2.094395102393,4.188790204786,
6.28318530718,8.377580409573),.UNSPECIFIED.) CURVE() 
GEOMETRIC_REPRESENTATION_ITEM() RATIONAL_B_SPLINE_CURVE((1.,0.5,1.,0.5,
1.,0.5,1.)) REPRESENTATION_ITEM('') );
#2537 = CARTESIAN_POINT('',(-26.01308008703,172.41235644099));
#2538 = CARTESIAN_POINT('',(-26.01308008703,176.3960732984));
#2539 = CARTESIAN_POINT('',(-22.56308008703,174.40421486969));
#2540 = CARTESIAN_POINT('',(-19.11308008703,172.41235644099));
#2541 = CARTESIAN_POINT('',(-22.56308008703,170.42049801229));
#2542 = CARTESIAN_POINT('',(-26.01308008703,168.42863958358));
#2543 = CARTESIAN_POINT('',(-26.01308008703,172.41235644099));
#2544 = ( GEOMETRIC_REPRESENTATION_CONTEXT(2) 
PARAMETRIC_REPRESENTATION_CONTEXT() REPRESENTATION_CONTEXT('2D SPACE',''
  ) );
#2545 = PCURVE('',#2546,#2551);
#2546 = CYLINDRICAL_SURFACE('',#2547,2.3);
#2547 = AXIS2_PLACEMENT_3D('',#2548,#2549,#2550);
#2548 = CARTESIAN_POINT('',(23.713887074436,404.031152303,14.3));
#2549 = DIRECTION('',(0.,0.,1.));
#2550 = DIRECTION('',(1.,0.,-0.));
#2551 = DEFINITIONAL_REPRESENTATION('',(#2552),#2556);
#2552 = LINE('',#2553,#2554);
#2553 = CARTESIAN_POINT('',(0.,4.));
#2554 = VECTOR('',#2555,1.);
#2555 = DIRECTION('',(1.,0.));
#2556 = ( GEOMETRIC_REPRESENTATION_CONTEXT(2) 
PARAMETRIC_REPRESENTATION_CONTEXT() REPRESENTATION_CONTEXT('2D SPACE',''
  ) );
#2557 = FACE_BOUND('',#2558,.F.);
#2558 = EDGE_LOOP('',(#2559));
#2559 = ORIENTED_EDGE('',*,*,#2560,.T.);
#2560 = EDGE_CURVE('',#2561,#2561,#2563,.T.);
#2561 = VERTEX_POINT('',#2562);
#2562 = CARTESIAN_POINT('',(3.2,305.731,18.3));
#2563 = SURFACE_CURVE('',#2564,(#2569,#2580),.PCURVE_S1.);
#2564 = CIRCLE('',#2565,3.2);
#2565 = AXIS2_PLACEMENT_3D('',#2566,#2567,#2568);
#2566 = CARTESIAN_POINT('',(6.414087610534E-15,305.731,18.3));
#2567 = DIRECTION('',(0.,0.,1.));
#2568 = DIRECTION('',(1.,0.,-0.));
#2569 = PCURVE('',#375,#2570);
#2570 = DEFINITIONAL_REPRESENTATION('',(#2571),#2579);
#2571 = ( BOUNDED_CURVE() B_SPLINE_CURVE(2,(#2572,#2573,#2574,#2575,
#2576,#2577,#2578),.UNSPECIFIED.,.T.,.F.) B_SPLINE_CURVE_WITH_KNOTS((1,2
    ,2,2,2,1),(-2.094395102393,0.,2.094395102393,4.188790204786,
6.28318530718,8.377580409573),.UNSPECIFIED.) CURVE() 
GEOMETRIC_REPRESENTATION_ITEM() RATIONAL_B_SPLINE_CURVE((1.,0.5,1.,0.5,
1.,0.5,1.)) REPRESENTATION_ITEM('') );
#2572 = CARTESIAN_POINT('',(-3.199193012595,74.112204137994));
#2573 = CARTESIAN_POINT('',(-3.199193012595,79.654766722214));
#2574 = CARTESIAN_POINT('',(1.600806987405,76.883485430104));
#2575 = CARTESIAN_POINT('',(6.400806987405,74.112204137994));
#2576 = CARTESIAN_POINT('',(1.600806987405,71.340922845883));
#2577 = CARTESIAN_POINT('',(-3.199193012595,68.569641553773));
#2578 = CARTESIAN_POINT('',(-3.199193012595,74.112204137994));
#2579 = ( GEOMETRIC_REPRESENTATION_CONTEXT(2) 
PARAMETRIC_REPRESENTATION_CONTEXT() REPRESENTATION_CONTEXT('2D SPACE',''
  ) );
#2580 = PCURVE('',#2581,#2586);
#2581 = CYLINDRICAL_SURFACE('',#2582,3.2);
#2582 = AXIS2_PLACEMENT_3D('',#2583,#2584,#2585);
#2583 = CARTESIAN_POINT('',(6.414087610534E-15,305.731,11.5));
#2584 = DIRECTION('',(0.,0.,1.));
#2585 = DIRECTION('',(1.,0.,-0.));
#2586 = DEFINITIONAL_REPRESENTATION('',(#2587),#2591);
#2587 = LINE('',#2588,#2589);
#2588 = CARTESIAN_POINT('',(0.,6.8));
#2589 = VECTOR('',#2590,1.);
#2590 = DIRECTION('',(1.,0.));
#2591 = ( GEOMETRIC_REPRESENTATION_CONTEXT(2) 
PARAMETRIC_REPRESENTATION_CONTEXT() REPRESENTATION_CONTEXT('2D SPACE',''
  ) );
#2592 = FACE_BOUND('',#2593,.F.);
#2593 = EDGE_LOOP('',(#2594));
#2594 = ORIENTED_EDGE('',*,*,#2595,.T.);
#2595 = EDGE_CURVE('',#2596,#2596,#2598,.T.);
#2596 = VERTEX_POINT('',#2597);
#2597 = CARTESIAN_POINT('',(-21.41388707443,328.130847697,18.3));
#2598 = SURFACE_CURVE('',#2599,(#2604,#2615),.PCURVE_S1.);
#2599 = CIRCLE('',#2600,2.3);
#2600 = AXIS2_PLACEMENT_3D('',#2601,#2602,#2603);
#2601 = CARTESIAN_POINT('',(-23.71388707443,328.130847697,18.3));
#2602 = DIRECTION('',(0.,0.,1.));
#2603 = DIRECTION('',(1.,0.,-0.));
#2604 = PCURVE('',#375,#2605);
#2605 = DEFINITIONAL_REPRESENTATION('',(#2606),#2614);
#2606 = ( BOUNDED_CURVE() B_SPLINE_CURVE(2,(#2607,#2608,#2609,#2610,
#2611,#2612,#2613),.UNSPECIFIED.,.T.,.F.) B_SPLINE_CURVE_WITH_KNOTS((1,2
    ,2,2,2,1),(-2.094395102393,0.,2.094395102393,4.188790204786,
6.28318530718,8.377580409573),.UNSPECIFIED.) CURVE() 
GEOMETRIC_REPRESENTATION_ITEM() RATIONAL_B_SPLINE_CURVE((1.,0.5,1.,0.5,
1.,0.5,1.)) REPRESENTATION_ITEM('') );
#2607 = CARTESIAN_POINT('',(21.41469406184,96.512051834994));
#2608 = CARTESIAN_POINT('',(21.41469406184,100.4957686924));
#2609 = CARTESIAN_POINT('',(24.86469406184,98.503910263698));
#2610 = CARTESIAN_POINT('',(28.31469406184,96.512051834994));
#2611 = CARTESIAN_POINT('',(24.86469406184,94.520193406289));
#2612 = CARTESIAN_POINT('',(21.41469406184,92.528334977585));
#2613 = CARTESIAN_POINT('',(21.41469406184,96.512051834994));
#2614 = ( GEOMETRIC_REPRESENTATION_CONTEXT(2) 
PARAMETRIC_REPRESENTATION_CONTEXT() REPRESENTATION_CONTEXT('2D SPACE',''
  ) );
#2615 = PCURVE('',#2616,#2621);
#2616 = CYLINDRICAL_SURFACE('',#2617,2.3);
#2617 = AXIS2_PLACEMENT_3D('',#2618,#2619,#2620);
#2618 = CARTESIAN_POINT('',(-23.71388707443,328.130847697,14.3));
#2619 = DIRECTION('',(0.,0.,1.));
#2620 = DIRECTION('',(1.,0.,-0.));
#2621 = DEFINITIONAL_REPRESENTATION('',(#2622),#2626);
#2622 = LINE('',#2623,#2624);
#2623 = CARTESIAN_POINT('',(0.,4.));
#2624 = VECTOR('',#2625,1.);
#2625 = DIRECTION('',(1.,0.));
#2626 = ( GEOMETRIC_REPRESENTATION_CONTEXT(2) 
PARAMETRIC_REPRESENTATION_CONTEXT() REPRESENTATION_CONTEXT('2D SPACE',''
  ) );
#2627 = FACE_BOUND('',#2628,.F.);
#2628 = EDGE_LOOP('',(#2629));
#2629 = ORIENTED_EDGE('',*,*,#2630,.T.);
#2630 = EDGE_CURVE('',#2631,#2631,#2633,.T.);
#2631 = VERTEX_POINT('',#2632);
#2632 = CARTESIAN_POINT('',(41.,366.081,18.3));
#2633 = SURFACE_CURVE('',#2634,(#2639,#2650),.PCURVE_S1.);
#2634 = CIRCLE('',#2635,41.);
#2635 = AXIS2_PLACEMENT_3D('',#2636,#2637,#2638);
#2636 = CARTESIAN_POINT('',(0.,366.081,18.3));
#2637 = DIRECTION('',(0.,0.,1.));
#2638 = DIRECTION('',(1.,0.,0.));
#2639 = PCURVE('',#375,#2640);
#2640 = DEFINITIONAL_REPRESENTATION('',(#2641),#2649);
#2641 = ( BOUNDED_CURVE() B_SPLINE_CURVE(2,(#2642,#2643,#2644,#2645,
#2646,#2647,#2648),.UNSPECIFIED.,.T.,.F.) B_SPLINE_CURVE_WITH_KNOTS((1,2
    ,2,2,2,1),(-2.094395102393,0.,2.094395102393,4.188790204786,
6.28318530718,8.377580409573),.UNSPECIFIED.) CURVE() 
GEOMETRIC_REPRESENTATION_ITEM() RATIONAL_B_SPLINE_CURVE((1.,0.5,1.,0.5,
1.,0.5,1.)) REPRESENTATION_ITEM('') );
#2642 = CARTESIAN_POINT('',(-40.99919301259,134.46220413799));
#2643 = CARTESIAN_POINT('',(-40.99919301259,205.47628724831));
#2644 = CARTESIAN_POINT('',(20.500806987405,169.96924569315));
#2645 = CARTESIAN_POINT('',(82.000806987405,134.46220413799));
#2646 = CARTESIAN_POINT('',(20.500806987405,98.955162582832));
#2647 = CARTESIAN_POINT('',(-40.99919301259,63.44812102767));
#2648 = CARTESIAN_POINT('',(-40.99919301259,134.46220413799));
#2649 = ( GEOMETRIC_REPRESENTATION_CONTEXT(2) 
PARAMETRIC_REPRESENTATION_CONTEXT() REPRESENTATION_CONTEXT('2D SPACE',''
  ) );
#2650 = PCURVE('',#2651,#2656);
#2651 = CYLINDRICAL_SURFACE('',#2652,41.);
#2652 = AXIS2_PLACEMENT_3D('',#2653,#2654,#2655);
#2653 = CARTESIAN_POINT('',(0.,366.081,0.));
#2654 = DIRECTION('',(-0.,-0.,-1.));
#2655 = DIRECTION('',(1.,0.,0.));
#2656 = DEFINITIONAL_REPRESENTATION('',(#2657),#2661);
#2657 = LINE('',#2658,#2659);
#2658 = CARTESIAN_POINT('',(-0.,-18.3));
#2659 = VECTOR('',#2660,1.);
#2660 = DIRECTION('',(-1.,0.));
#2661 = ( GEOMETRIC_REPRESENTATION_CONTEXT(2) 
PARAMETRIC_REPRESENTATION_CONTEXT() REPRESENTATION_CONTEXT('2D SPACE',''
  ) );
#2662 = FACE_BOUND('',#2663,.F.);
#2663 = EDGE_LOOP('',(#2664));
#2664 = ORIENTED_EDGE('',*,*,#2665,.T.);
#2665 = EDGE_CURVE('',#2666,#2666,#2668,.T.);
#2666 = VERTEX_POINT('',#2667);
#2667 = CARTESIAN_POINT('',(-35.650152303,389.79488707443,18.3));
#2668 = SURFACE_CURVE('',#2669,(#2674,#2685),.PCURVE_S1.);
#2669 = CIRCLE('',#2670,2.3);
#2670 = AXIS2_PLACEMENT_3D('',#2671,#2672,#2673);
#2671 = CARTESIAN_POINT('',(-37.950152303,389.79488707443,18.3));
#2672 = DIRECTION('',(0.,0.,1.));
#2673 = DIRECTION('',(1.,0.,-0.));
#2674 = PCURVE('',#375,#2675);
#2675 = DEFINITIONAL_REPRESENTATION('',(#2676),#2684);
#2676 = ( BOUNDED_CURVE() B_SPLINE_CURVE(2,(#2677,#2678,#2679,#2680,
#2681,#2682,#2683),.UNSPECIFIED.,.T.,.F.) B_SPLINE_CURVE_WITH_KNOTS((1,2
    ,2,2,2,1),(-2.094395102393,0.,2.094395102393,4.188790204786,
6.28318530718,8.377580409573),.UNSPECIFIED.) CURVE() 
GEOMETRIC_REPRESENTATION_ITEM() RATIONAL_B_SPLINE_CURVE((1.,0.5,1.,0.5,
1.,0.5,1.)) REPRESENTATION_ITEM('') );
#2677 = CARTESIAN_POINT('',(35.650959290405,158.17609121243));
#2678 = CARTESIAN_POINT('',(35.650959290405,162.15980806983));
#2679 = CARTESIAN_POINT('',(39.100959290405,160.16794964113));
#2680 = CARTESIAN_POINT('',(42.550959290405,158.17609121243));
#2681 = CARTESIAN_POINT('',(39.100959290405,156.18423278372));
#2682 = CARTESIAN_POINT('',(35.650959290405,154.19237435502));
#2683 = CARTESIAN_POINT('',(35.650959290405,158.17609121243));
#2684 = ( GEOMETRIC_REPRESENTATION_CONTEXT(2) 
PARAMETRIC_REPRESENTATION_CONTEXT() REPRESENTATION_CONTEXT('2D SPACE',''
  ) );
#2685 = PCURVE('',#2686,#2691);
#2686 = CYLINDRICAL_SURFACE('',#2687,2.3);
#2687 = AXIS2_PLACEMENT_3D('',#2688,#2689,#2690);
#2688 = CARTESIAN_POINT('',(-37.950152303,389.79488707443,14.3));
#2689 = DIRECTION('',(0.,0.,1.));
#2690 = DIRECTION('',(1.,0.,-0.));
#2691 = DEFINITIONAL_REPRESENTATION('',(#2692),#2696);
#2692 = LINE('',#2693,#2694);
#2693 = CARTESIAN_POINT('',(0.,4.));
#2694 = VECTOR('',#2695,1.);
#2695 = DIRECTION('',(1.,0.));
#2696 = ( GEOMETRIC_REPRESENTATION_CONTEXT(2) 
PARAMETRIC_REPRESENTATION_CONTEXT() REPRESENTATION_CONTEXT('2D SPACE',''
  ) );
#2697 = FACE_BOUND('',#2698,.F.);
#2698 = EDGE_LOOP('',(#2699));
#2699 = ORIENTED_EDGE('',*,*,#2700,.T.);
#2700 = EDGE_CURVE('',#2701,#2701,#2703,.T.);
#2701 = VERTEX_POINT('',#2702);
#2702 = CARTESIAN_POINT('',(-30.36,436.383,18.3));
#2703 = SURFACE_CURVE('',#2704,(#2709,#2720),.PCURVE_S1.);
#2704 = CIRCLE('',#2705,2.2);
#2705 = AXIS2_PLACEMENT_3D('',#2706,#2707,#2708);
#2706 = CARTESIAN_POINT('',(-32.56,436.383,18.3));
#2707 = DIRECTION('',(0.,0.,1.));
#2708 = DIRECTION('',(1.,0.,0.));
#2709 = PCURVE('',#375,#2710);
#2710 = DEFINITIONAL_REPRESENTATION('',(#2711),#2719);
#2711 = ( BOUNDED_CURVE() B_SPLINE_CURVE(2,(#2712,#2713,#2714,#2715,
#2716,#2717,#2718),.UNSPECIFIED.,.T.,.F.) B_SPLINE_CURVE_WITH_KNOTS((1,2
    ,2,2,2,1),(-2.094395102393,0.,2.094395102393,4.188790204786,
6.28318530718,8.377580409573),.UNSPECIFIED.) CURVE() 
GEOMETRIC_REPRESENTATION_ITEM() RATIONAL_B_SPLINE_CURVE((1.,0.5,1.,0.5,
1.,0.5,1.)) REPRESENTATION_ITEM('') );
#2712 = CARTESIAN_POINT('',(30.360806987405,204.76420413799));
#2713 = CARTESIAN_POINT('',(30.360806987405,208.57471591464));
#2714 = CARTESIAN_POINT('',(33.660806987405,206.66946002632));
#2715 = CARTESIAN_POINT('',(36.960806987405,204.76420413799));
#2716 = CARTESIAN_POINT('',(33.660806987405,202.85894824966));
#2717 = CARTESIAN_POINT('',(30.360806987405,200.95369236134));
#2718 = CARTESIAN_POINT('',(30.360806987405,204.76420413799));
#2719 = ( GEOMETRIC_REPRESENTATION_CONTEXT(2) 
PARAMETRIC_REPRESENTATION_CONTEXT() REPRESENTATION_CONTEXT('2D SPACE',''
  ) );
#2720 = PCURVE('',#1451,#2721);
#2721 = DEFINITIONAL_REPRESENTATION('',(#2722),#2726);
#2722 = LINE('',#2723,#2724);
#2723 = CARTESIAN_POINT('',(-0.,-18.3));
#2724 = VECTOR('',#2725,1.);
#2725 = DIRECTION('',(-1.,0.));
#2726 = ( GEOMETRIC_REPRESENTATION_CONTEXT(2) 
PARAMETRIC_REPRESENTATION_CONTEXT() REPRESENTATION_CONTEXT('2D SPACE',''
  ) );
#2727 = ADVANCED_FACE('',(#2728),#346,.T.);
#2728 = FACE_BOUND('',#2729,.T.);
#2729 = EDGE_LOOP('',(#2730,#2760,#2781,#2782,#2783,#2784,#2813,#2887,
    #2961,#3035,#3109,#3183,#3257));
#2730 = ORIENTED_EDGE('',*,*,#2731,.F.);
#2731 = EDGE_CURVE('',#2732,#2734,#2736,.T.);
#2732 = VERTEX_POINT('',#2733);
#2733 = CARTESIAN_POINT('',(-83.807,399.591,0.));
#2734 = VERTEX_POINT('',#2735);
#2735 = CARTESIAN_POINT('',(-45.86004591571,426.46941960076,0.));
#2736 = SURFACE_CURVE('',#2737,(#2741,#2748),.PCURVE_S1.);
#2737 = LINE('',#2738,#2739);
#2738 = CARTESIAN_POINT('',(-83.807,399.591,0.));
#2739 = VECTOR('',#2740,1.);
#2740 = DIRECTION('',(0.81603130614,0.578007705311,0.));
#2741 = PCURVE('',#346,#2742);
#2742 = DEFINITIONAL_REPRESENTATION('',(#2743),#2747);
#2743 = LINE('',#2744,#2745);
#2744 = CARTESIAN_POINT('',(0.,0.));
#2745 = VECTOR('',#2746,1.);
#2746 = DIRECTION('',(1.,0.));
#2747 = ( GEOMETRIC_REPRESENTATION_CONTEXT(2) 
PARAMETRIC_REPRESENTATION_CONTEXT() REPRESENTATION_CONTEXT('2D SPACE',''
  ) );
#2748 = PCURVE('',#2749,#2754);
#2749 = PLANE('',#2750);
#2750 = AXIS2_PLACEMENT_3D('',#2751,#2752,#2753);
#2751 = CARTESIAN_POINT('',(8.069874045631E-04,231.618795862,0.));
#2752 = DIRECTION('',(0.,-0.,-1.));
#2753 = DIRECTION('',(-1.,0.,0.));
#2754 = DEFINITIONAL_REPRESENTATION('',(#2755),#2759);
#2755 = LINE('',#2756,#2757);
#2756 = CARTESIAN_POINT('',(83.807806987405,167.97220413799));
#2757 = VECTOR('',#2758,1.);
#2758 = DIRECTION('',(-0.81603130614,0.578007705311));
#2759 = ( GEOMETRIC_REPRESENTATION_CONTEXT(2) 
PARAMETRIC_REPRESENTATION_CONTEXT() REPRESENTATION_CONTEXT('2D SPACE',''
  ) );
#2760 = ORIENTED_EDGE('',*,*,#2761,.T.);
#2761 = EDGE_CURVE('',#2732,#2195,#2762,.T.);
#2762 = SURFACE_CURVE('',#2763,(#2767,#2774),.PCURVE_S1.);
#2763 = LINE('',#2764,#2765);
#2764 = CARTESIAN_POINT('',(-83.807,399.591,0.));
#2765 = VECTOR('',#2766,1.);
#2766 = DIRECTION('',(-0.,-0.,1.));
#2767 = PCURVE('',#346,#2768);
#2768 = DEFINITIONAL_REPRESENTATION('',(#2769),#2773);
#2769 = LINE('',#2770,#2771);
#2770 = CARTESIAN_POINT('',(0.,0.));
#2771 = VECTOR('',#2772,1.);
#2772 = DIRECTION('',(0.,-1.));
#2773 = ( GEOMETRIC_REPRESENTATION_CONTEXT(2) 
PARAMETRIC_REPRESENTATION_CONTEXT() REPRESENTATION_CONTEXT('2D SPACE',''
  ) );
#2774 = PCURVE('',#2210,#2775);
#2775 = DEFINITIONAL_REPRESENTATION('',(#2776),#2780);
#2776 = LINE('',#2777,#2778);
#2777 = CARTESIAN_POINT('',(97.068854778451,0.));
#2778 = VECTOR('',#2779,1.);
#2779 = DIRECTION('',(0.,-1.));
#2780 = ( GEOMETRIC_REPRESENTATION_CONTEXT(2) 
PARAMETRIC_REPRESENTATION_CONTEXT() REPRESENTATION_CONTEXT('2D SPACE',''
  ) );
#2781 = ORIENTED_EDGE('',*,*,#2222,.T.);
#2782 = ORIENTED_EDGE('',*,*,#330,.F.);
#2783 = ORIENTED_EDGE('',*,*,#1336,.T.);
#2784 = ORIENTED_EDGE('',*,*,#2785,.T.);
#2785 = EDGE_CURVE('',#420,#2786,#2788,.T.);
#2786 = VERTEX_POINT('',#2787);
#2787 = CARTESIAN_POINT('',(-38.29678210453,431.82659735518,
    13.691630372053));
#2788 = SURFACE_CURVE('',#2789,(#2795,#2804),.PCURVE_S1.);
#2789 = B_SPLINE_CURVE_WITH_KNOTS('',4,(#2790,#2791,#2792,#2793,#2794),
  .UNSPECIFIED.,.F.,.F.,(5,5),(0.,1.),.PIECEWISE_BEZIER_KNOTS.);
#2790 = CARTESIAN_POINT('',(-37.21436315428,432.59329158482,
    14.300279976684));
#2791 = CARTESIAN_POINT('',(-37.48500907133,432.40158885933,
    14.148178409045));
#2792 = CARTESIAN_POINT('',(-37.75562642977,432.20990636236,
    13.996033536521));
#2793 = CARTESIAN_POINT('',(-38.02621703583,432.01824281451,
    13.843850033493));
#2794 = CARTESIAN_POINT('',(-38.29678210453,431.82659735518,
    13.691630372053));
#2795 = PCURVE('',#346,#2796);
#2796 = DEFINITIONAL_REPRESENTATION('',(#2797),#2803);
#2797 = B_SPLINE_CURVE_WITH_KNOTS('',4,(#2798,#2799,#2800,#2801,#2802),
  .UNSPECIFIED.,.F.,.F.,(5,5),(0.,1.),.PIECEWISE_BEZIER_KNOTS.);
#2798 = CARTESIAN_POINT('',(57.09662913068,-14.30027997668));
#2799 = CARTESIAN_POINT('',(56.764967937024,-14.14817840904));
#2800 = CARTESIAN_POINT('',(56.433341740331,-13.99603353652));
#2801 = CARTESIAN_POINT('',(56.101748327153,-13.84385003349));
#2802 = CARTESIAN_POINT('',(55.770186208574,-13.69163037205));
#2803 = ( GEOMETRIC_REPRESENTATION_CONTEXT(2) 
PARAMETRIC_REPRESENTATION_CONTEXT() REPRESENTATION_CONTEXT('2D SPACE',''
  ) );
#2804 = PCURVE('',#454,#2805);
#2805 = DEFINITIONAL_REPRESENTATION('',(#2806),#2812);
#2806 = B_SPLINE_CURVE_WITH_KNOTS('',4,(#2807,#2808,#2809,#2810,#2811),
  .UNSPECIFIED.,.F.,.F.,(5,5),(0.,1.),.PIECEWISE_BEZIER_KNOTS.);
#2807 = CARTESIAN_POINT('',(10.,0.574375273239));
#2808 = CARTESIAN_POINT('',(9.750029968046,0.575075324789));
#2809 = CARTESIAN_POINT('',(9.500039818756,0.575763417462));
#2810 = CARTESIAN_POINT('',(9.250029667216,0.576440014342));
#2811 = CARTESIAN_POINT('',(9.,0.577105532242));
#2812 = ( GEOMETRIC_REPRESENTATION_CONTEXT(2) 
PARAMETRIC_REPRESENTATION_CONTEXT() REPRESENTATION_CONTEXT('2D SPACE',''
  ) );
#2813 = ORIENTED_EDGE('',*,*,#2814,.T.);
#2814 = EDGE_CURVE('',#2786,#2815,#2817,.T.);
#2815 = VERTEX_POINT('',#2816);
#2816 = CARTESIAN_POINT('',(-39.37864096119,431.06029984857,
    12.076325122103));
#2817 = SURFACE_CURVE('',#2818,(#2824,#2833),.PCURVE_S1.);
#2818 = B_SPLINE_CURVE_WITH_KNOTS('',4,(#2819,#2820,#2821,#2822,#2823),
  .UNSPECIFIED.,.F.,.F.,(5,5),(0.,1.),.PIECEWISE_BEZIER_KNOTS.);
#2819 = CARTESIAN_POINT('',(-38.29678210453,431.82659735518,
    13.691630372053));
#2820 = CARTESIAN_POINT('',(-38.56734018142,431.63495684826,
    13.287912375628));
#2821 = CARTESIAN_POINT('',(-38.83783539615,431.44336086758,
    12.884121820048));
#2822 = CARTESIAN_POINT('',(-39.10826891516,431.25180858694,
    12.480259576538));
#2823 = CARTESIAN_POINT('',(-39.37864096119,431.06029984857,
    12.076325122103));
#2824 = PCURVE('',#346,#2825);
#2825 = DEFINITIONAL_REPRESENTATION('',(#2826),#2832);
#2826 = B_SPLINE_CURVE_WITH_KNOTS('',4,(#2827,#2828,#2829,#2830,#2831),
  .UNSPECIFIED.,.F.,.F.,(5,5),(0.,1.),.PIECEWISE_BEZIER_KNOTS.);
#2827 = CARTESIAN_POINT('',(55.770186208574,-13.69163037205));
#2828 = CARTESIAN_POINT('',(55.438632658047,-13.28791237562));
#2829 = CARTESIAN_POINT('',(55.107156141527,-12.88412182004));
#2830 = CARTESIAN_POINT('',(54.775755229609,-12.48025957653));
#2831 = CARTESIAN_POINT('',(54.444429649323,-12.0763251221));
#2832 = ( GEOMETRIC_REPRESENTATION_CONTEXT(2) 
PARAMETRIC_REPRESENTATION_CONTEXT() REPRESENTATION_CONTEXT('2D SPACE',''
  ) );
#2833 = PCURVE('',#2834,#2879);
#2834 = ( BOUNDED_SURFACE() B_SPLINE_SURFACE(1,3,(
    (#2835,#2836,#2837,#2838,#2839,#2840,#2841,#2842,#2843,#2844,#2845
      ,#2846,#2847,#2848,#2849,#2850,#2851,#2852,#2853,#2854,#2855,#2856
      )
    ,(#2857,#2858,#2859,#2860,#2861,#2862,#2863,#2864,#2865,#2866,#2867
      ,#2868,#2869,#2870,#2871,#2872,#2873,#2874,#2875,#2876,#2877,#2878
)),.UNSPECIFIED.,.F.,.F.,.F.) B_SPLINE_SURFACE_WITH_KNOTS((2,2),(4,1,1,1
    ,1,1,1,1,1,1,1,1,1,1,1,1,1,1,1,4),(8.,9.),(0.,5.218380768594E-02,
    0.104924849979,0.158249728388,0.212037422186,0.266073258756,
    0.320098130577,0.373854821642,0.427134464983,0.479826107743,
    0.531971081028,0.583831321693,0.635742389654,0.687819682816,
    0.740024789052,0.792245645251,0.844362126807,0.89631140842,
0.94815736877,1.),.UNSPECIFIED.) GEOMETRIC_REPRESENTATION_ITEM() 
RATIONAL_B_SPLINE_SURFACE((
    (1.,1.000000000002,0.999999999999,1.,1.,1.,1.,1.,1.,1.,1.,1.,1.,1.
      ,1.,1.,1.,1.000000000001,0.999999999997,1.000000000012
      ,0.999999999975,1.)
    ,(1.,1.000000000002,0.999999999999,1.,1.,1.,1.,1.,1.,1.,1.,1.,1.,1.
      ,1.,1.,1.,1.000000000001,0.999999999997,1.000000000012
,0.999999999975,1.))) REPRESENTATION_ITEM('') SURFACE() );
#2835 = CARTESIAN_POINT('',(-2.832683631649,414.1421764314,
    0.149349490225));
#2836 = CARTESIAN_POINT('',(-4.095835455187,414.20838312721,
    0.279551975887));
#2837 = CARTESIAN_POINT('',(-6.621928248971,414.43021886995,
    0.70377708579));
#2838 = CARTESIAN_POINT('',(-10.3566221422,415.02332138251,
    1.721329116121));
#2839 = CARTESIAN_POINT('',(-14.03586736372,415.87414671718,
    3.024232246847));
#2840 = CARTESIAN_POINT('',(-17.64394003701,416.97820224453,
    4.515462003414));
#2841 = CARTESIAN_POINT('',(-21.16509543668,418.3301699048,
    6.098663621489));
#2842 = CARTESIAN_POINT('',(-24.58369941744,419.92389994826,
    7.678135712821));
#2843 = CARTESIAN_POINT('',(-27.88444822571,421.75243525311,
    9.156800531938));
#2844 = CARTESIAN_POINT('',(-31.05263030996,423.80821549179,
    10.442307971183));
#2845 = CARTESIAN_POINT('',(-34.07392915556,426.08296925796,
    11.422932563979));
#2846 = CARTESIAN_POINT('',(-36.93551667879,428.5688929048,
    12.053933871735));
#2847 = CARTESIAN_POINT('',(-39.61851616993,431.25158791518,
    12.035609312853));
#2848 = CARTESIAN_POINT('',(-42.10117666911,434.10825737857,
    12.320466978454));
#2849 = CARTESIAN_POINT('',(-44.37533794006,437.1268948257,
    12.850412841575));
#2850 = CARTESIAN_POINT('',(-46.4321178643,440.29444627546,
    13.500542846165));
#2851 = CARTESIAN_POINT('',(-48.26309965317,443.59736868779,
    14.165020284804));
#2852 = CARTESIAN_POINT('',(-49.86032170682,447.02162122424,
    14.73334587539));
#2853 = CARTESIAN_POINT('',(-51.21652882028,450.55350636476,
    15.095026776194));
#2854 = CARTESIAN_POINT('',(-52.32352489043,454.17362676692,
    15.140571810419));
#2855 = CARTESIAN_POINT('',(-52.88978256379,456.62826957127,
    15.021133164565));
#2856 = CARTESIAN_POINT('',(-53.1305713041,457.86546312524,15.103125));
#2857 = CARTESIAN_POINT('',(-2.76399268908,415.45287769577,
    0.169401042153));
#2858 = CARTESIAN_POINT('',(-3.996513810377,415.51747892336,
    0.317084417103));
#2859 = CARTESIAN_POINT('',(-6.461350312134,415.73393526871,
    0.798265676007));
#2860 = CARTESIAN_POINT('',(-10.10548003485,416.31265539131,
    1.952433488193));
#2861 = CARTESIAN_POINT('',(-13.695505684,417.14284870189,3.430263428136
    ));
#2862 = CARTESIAN_POINT('',(-17.21608467815,418.22013152041,
    5.121704587206));
#2863 = CARTESIAN_POINT('',(-20.65185409237,419.53931474543,
    6.917465681782));
#2864 = CARTESIAN_POINT('',(-23.98755890039,421.09439775552,
    8.708996526117));
#2865 = CARTESIAN_POINT('',(-27.2082664558,422.87859213497,
    10.38618578854));
#2866 = CARTESIAN_POINT('',(-30.29962195371,424.88452088979,
    11.844284504351));
#2867 = CARTESIAN_POINT('',(-33.2476560467,427.1041131905,
    12.956567028587));
#2868 = CARTESIAN_POINT('',(-36.03985172468,429.5297546242,
    13.672286104514));
#2869 = CARTESIAN_POINT('',(-38.65779002724,432.14739582947,
    13.651501303931));
#2870 = CARTESIAN_POINT('',(-41.08024744273,434.93479270773,
    13.974603748709));
#2871 = CARTESIAN_POINT('',(-43.29926161588,437.88022993964,
    14.575699750861));
#2872 = CARTESIAN_POINT('',(-45.30616581447,440.97097009555,
    15.313115728289));
#2873 = CARTESIAN_POINT('',(-47.09274735212,444.19379854648,
    16.066805415635));
#2874 = CARTESIAN_POINT('',(-48.65123769312,447.5350149356,
    16.711433979028));
#2875 = CARTESIAN_POINT('',(-49.9745575672,450.98125390206,
    17.121673889677));
#2876 = CARTESIAN_POINT('',(-51.05470962145,454.51358846935,
    17.173333766404));
#2877 = CARTESIAN_POINT('',(-51.60723587405,456.90870761601,
    17.037859376566));
#2878 = CARTESIAN_POINT('',(-51.84218562583,458.11589993167,17.130859375
    ));
#2879 = DEFINITIONAL_REPRESENTATION('',(#2880),#2886);
#2880 = B_SPLINE_CURVE_WITH_KNOTS('',4,(#2881,#2882,#2883,#2884,#2885),
  .UNSPECIFIED.,.F.,.F.,(5,5),(0.,1.),.PIECEWISE_BEZIER_KNOTS.);
#2881 = CARTESIAN_POINT('',(9.,0.577105532242));
#2882 = CARTESIAN_POINT('',(8.749976793917,0.577771032945));
#2883 = CARTESIAN_POINT('',(8.49996856705,0.578425363622));
#2884 = CARTESIAN_POINT('',(8.249975877622,0.579068947808));
#2885 = CARTESIAN_POINT('',(8.,0.579702166699));
#2886 = ( GEOMETRIC_REPRESENTATION_CONTEXT(2) 
PARAMETRIC_REPRESENTATION_CONTEXT() REPRESENTATION_CONTEXT('2D SPACE',''
  ) );
#2887 = ORIENTED_EDGE('',*,*,#2888,.T.);
#2888 = EDGE_CURVE('',#2815,#2889,#2891,.T.);
#2889 = VERTEX_POINT('',#2890);
#2890 = CARTESIAN_POINT('',(-40.45997993173,430.29437058541,
    9.788604569465));
#2891 = SURFACE_CURVE('',#2892,(#2898,#2907),.PCURVE_S1.);
#2892 = B_SPLINE_CURVE_WITH_KNOTS('',4,(#2893,#2894,#2895,#2896,#2897),
  .UNSPECIFIED.,.F.,.F.,(5,5),(0.,1.),.PIECEWISE_BEZIER_KNOTS.);
#2893 = CARTESIAN_POINT('',(-39.37864096119,431.06029984857,
    12.076325122103));
#2894 = CARTESIAN_POINT('',(-39.64909638306,430.8687320538,
    11.504503833031));
#2895 = CARTESIAN_POINT('',(-39.91947155764,430.67722109943,
    10.932610603789));
#2896 = CARTESIAN_POINT('',(-40.18976635918,430.48576707454,
    10.360644683072));
#2897 = CARTESIAN_POINT('',(-40.45997993173,430.29437058541,
    9.788604569465));
#2898 = PCURVE('',#346,#2899);
#2899 = DEFINITIONAL_REPRESENTATION('',(#2900),#2906);
#2900 = B_SPLINE_CURVE_WITH_KNOTS('',4,(#2901,#2902,#2903,#2904,#2905),
  .UNSPECIFIED.,.F.,.F.,(5,5),(0.,1.),.PIECEWISE_BEZIER_KNOTS.);
#2901 = CARTESIAN_POINT('',(54.444429649323,-12.0763251221));
#2902 = CARTESIAN_POINT('',(54.113001896702,-11.50450383303));
#2903 = CARTESIAN_POINT('',(53.78167248256,-10.93261060378));
#2904 = CARTESIAN_POINT('',(53.450441561019,-10.36064468307));
#2905 = CARTESIAN_POINT('',(53.119310180986,-9.788604569465));
#2906 = ( GEOMETRIC_REPRESENTATION_CONTEXT(2) 
PARAMETRIC_REPRESENTATION_CONTEXT() REPRESENTATION_CONTEXT('2D SPACE',''
  ) );
#2907 = PCURVE('',#2908,#2953);
#2908 = ( BOUNDED_SURFACE() B_SPLINE_SURFACE(1,3,(
    (#2909,#2910,#2911,#2912,#2913,#2914,#2915,#2916,#2917,#2918,#2919
      ,#2920,#2921,#2922,#2923,#2924,#2925,#2926,#2927,#2928,#2929,#2930
      )
    ,(#2931,#2932,#2933,#2934,#2935,#2936,#2937,#2938,#2939,#2940,#2941
      ,#2942,#2943,#2944,#2945,#2946,#2947,#2948,#2949,#2950,#2951,#2952
)),.UNSPECIFIED.,.F.,.F.,.F.) B_SPLINE_SURFACE_WITH_KNOTS((2,2),(4,1,1,1
    ,1,1,1,1,1,1,1,1,1,1,1,1,1,1,1,4),(7.,8.),(0.,5.218380768594E-02,
    0.104924849979,0.158249728388,0.212037422186,0.266073258756,
    0.320098130577,0.373854821642,0.427134464983,0.479826107743,
    0.531971081028,0.583831321693,0.635742389654,0.687819682816,
    0.740024789052,0.792245645251,0.844362126807,0.89631140842,
0.94815736877,1.),.UNSPECIFIED.) GEOMETRIC_REPRESENTATION_ITEM() 
RATIONAL_B_SPLINE_SURFACE((
    (1.,1.000000000002,0.999999999999,1.,1.,1.,1.,1.,1.,1.,1.,1.,1.,1.
      ,1.,1.,1.,1.000000000001,0.999999999997,1.000000000012
      ,0.999999999975,1.)
    ,(1.,1.000000000002,0.999999999999,1.,1.,1.,1.,1.,1.,1.,1.,1.,1.,1.
      ,1.,1.,1.,1.000000000001,0.999999999997,1.000000000012
,0.999999999975,1.))) REPRESENTATION_ITEM('') SURFACE() );
#2909 = CARTESIAN_POINT('',(-2.901374574218,412.83147516704,
    0.121000744395));
#2910 = CARTESIAN_POINT('',(-4.195157100854,412.89928734012,
    0.226488869424));
#2911 = CARTESIAN_POINT('',(-6.782506185405,413.12650246695,
    0.570189768546));
#2912 = CARTESIAN_POINT('',(-10.60776424967,413.73398737486,
    1.394595348718));
#2913 = CARTESIAN_POINT('',(-14.37622904342,414.60544473215,
    2.450188162952));
#2914 = CARTESIAN_POINT('',(-18.07179539588,415.73627296874,
    3.658360419433));
#2915 = CARTESIAN_POINT('',(-21.67833678099,417.12102506415,
    4.941046915558));
#2916 = CARTESIAN_POINT('',(-25.17983993449,418.753402141,6.220711804369
    ));
#2917 = CARTESIAN_POINT('',(-28.56062999561,420.62627837126,
    7.418704134672));
#2918 = CARTESIAN_POINT('',(-31.80563866621,422.73191009378,
    8.460203217394));
#2919 = CARTESIAN_POINT('',(-34.90020226441,425.06182532542,
    9.254690734705));
#2920 = CARTESIAN_POINT('',(-37.83118163289,427.6080311854,
    9.765918646082));
#2921 = CARTESIAN_POINT('',(-40.57924231261,430.35578000088,
    9.75107235995));
#2922 = CARTESIAN_POINT('',(-43.1221058955,433.28172204941,
    9.981859820506));
#2923 = CARTESIAN_POINT('',(-45.45141426424,436.37355971179,
    10.411214107758));
#2924 = CARTESIAN_POINT('',(-47.55806991413,439.6179224553,
    10.937939805921));
#2925 = CARTESIAN_POINT('',(-49.43345195424,443.00093882935,
    11.476289582596));
#2926 = CARTESIAN_POINT('',(-51.06940572047,446.50822751196,
    11.936738556449));
#2927 = CARTESIAN_POINT('',(-52.45850007351,450.12575883092,
    12.229767064054));
#2928 = CARTESIAN_POINT('',(-53.59234015882,453.83366505159,
    12.266666976006));
#2929 = CARTESIAN_POINT('',(-54.17232925483,456.34783155433,
    12.169899554684));
#2930 = CARTESIAN_POINT('',(-54.41895698238,457.61502631881,12.236328125
    ));
#2931 = CARTESIAN_POINT('',(-2.832683631649,414.1421764314,
    0.149349490225));
#2932 = CARTESIAN_POINT('',(-4.095835455187,414.20838312721,
    0.279551975887));
#2933 = CARTESIAN_POINT('',(-6.621928248971,414.43021886995,
    0.70377708579));
#2934 = CARTESIAN_POINT('',(-10.3566221422,415.02332138251,
    1.721329116121));
#2935 = CARTESIAN_POINT('',(-14.03586736372,415.87414671718,
    3.024232246847));
#2936 = CARTESIAN_POINT('',(-17.64394003701,416.97820224453,
    4.515462003414));
#2937 = CARTESIAN_POINT('',(-21.16509543668,418.3301699048,
    6.098663621489));
#2938 = CARTESIAN_POINT('',(-24.58369941744,419.92389994826,
    7.678135712821));
#2939 = CARTESIAN_POINT('',(-27.88444822571,421.75243525311,
    9.156800531938));
#2940 = CARTESIAN_POINT('',(-31.05263030996,423.80821549179,
    10.442307971183));
#2941 = CARTESIAN_POINT('',(-34.07392915556,426.08296925796,
    11.422932563979));
#2942 = CARTESIAN_POINT('',(-36.93551667879,428.5688929048,
    12.053933871735));
#2943 = CARTESIAN_POINT('',(-39.61851616993,431.25158791518,
    12.035609312853));
#2944 = CARTESIAN_POINT('',(-42.10117666911,434.10825737857,
    12.320466978454));
#2945 = CARTESIAN_POINT('',(-44.37533794006,437.1268948257,
    12.850412841575));
#2946 = CARTESIAN_POINT('',(-46.4321178643,440.29444627546,
    13.500542846165));
#2947 = CARTESIAN_POINT('',(-48.26309965317,443.59736868779,
    14.165020284804));
#2948 = CARTESIAN_POINT('',(-49.86032170682,447.02162122424,
    14.73334587539));
#2949 = CARTESIAN_POINT('',(-51.21652882028,450.55350636476,
    15.095026776194));
#2950 = CARTESIAN_POINT('',(-52.32352489043,454.17362676692,
    15.140571810419));
#2951 = CARTESIAN_POINT('',(-52.88978256379,456.62826957127,
    15.021133164565));
#2952 = CARTESIAN_POINT('',(-53.1305713041,457.86546312524,15.103125));
#2953 = DEFINITIONAL_REPRESENTATION('',(#2954),#2960);
#2954 = B_SPLINE_CURVE_WITH_KNOTS('',4,(#2955,#2956,#2957,#2958,#2959),
  .UNSPECIFIED.,.F.,.F.,(5,5),(0.,1.),.PIECEWISE_BEZIER_KNOTS.);
#2955 = CARTESIAN_POINT('',(8.,0.579702166699));
#2956 = CARTESIAN_POINT('',(7.74994703621,0.58033558086));
#2957 = CARTESIAN_POINT('',(7.499928218232,0.580958579621));
#2958 = CARTESIAN_POINT('',(7.249945156785,0.581571546974));
#2959 = CARTESIAN_POINT('',(7.,0.582174829815));
#2960 = ( GEOMETRIC_REPRESENTATION_CONTEXT(2) 
PARAMETRIC_REPRESENTATION_CONTEXT() REPRESENTATION_CONTEXT('2D SPACE',''
  ) );
#2961 = ORIENTED_EDGE('',*,*,#2962,.T.);
#2962 = EDGE_CURVE('',#2889,#2963,#2965,.T.);
#2963 = VERTEX_POINT('',#2964);
#2964 = CARTESIAN_POINT('',(-41.54083540963,429.52878378764,7.1631748464
    ));
#2965 = SURFACE_CURVE('',#2966,(#2972,#2981),.PCURVE_S1.);
#2966 = B_SPLINE_CURVE_WITH_KNOTS('',4,(#2967,#2968,#2969,#2970,#2971),
  .UNSPECIFIED.,.F.,.F.,(5,5),(0.,1.),.PIECEWISE_BEZIER_KNOTS.);
#2967 = CARTESIAN_POINT('',(-40.45997993173,430.29437058541,
    9.788604569465));
#2968 = CARTESIAN_POINT('',(-40.73032724137,430.10287936822,
    9.13235589971));
#2969 = CARTESIAN_POINT('',(-41.00058629697,429.91145066274,
    8.476035716782));
#2970 = CARTESIAN_POINT('',(-41.27075634995,429.7200849992,
    7.819642819937));
#2971 = CARTESIAN_POINT('',(-41.54083540963,429.52878378764,7.1631748464
    ));
#2972 = PCURVE('',#346,#2973);
#2973 = DEFINITIONAL_REPRESENTATION('',(#2974),#2980);
#2974 = B_SPLINE_CURVE_WITH_KNOTS('',4,(#2975,#2976,#2977,#2978,#2979),
  .UNSPECIFIED.,.F.,.F.,(5,5),(0.,1.),.PIECEWISE_BEZIER_KNOTS.);
#2975 = CARTESIAN_POINT('',(53.119310180986,-9.788604569465));
#2976 = CARTESIAN_POINT('',(52.788014913756,-9.13235589971));
#2977 = CARTESIAN_POINT('',(52.456827796828,-8.476035716782));
#2978 = CARTESIAN_POINT('',(52.12574974756,-7.819642819937));
#2979 = CARTESIAN_POINT('',(51.794783205415,-7.1631748464));
#2980 = ( GEOMETRIC_REPRESENTATION_CONTEXT(2) 
PARAMETRIC_REPRESENTATION_CONTEXT() REPRESENTATION_CONTEXT('2D SPACE',''
  ) );
#2981 = PCURVE('',#2982,#3027);
#2982 = ( BOUNDED_SURFACE() B_SPLINE_SURFACE(1,3,(
    (#2983,#2984,#2985,#2986,#2987,#2988,#2989,#2990,#2991,#2992,#2993
      ,#2994,#2995,#2996,#2997,#2998,#2999,#3000,#3001,#3002,#3003,#3004
      )
    ,(#3005,#3006,#3007,#3008,#3009,#3010,#3011,#3012,#3013,#3014,#3015
      ,#3016,#3017,#3018,#3019,#3020,#3021,#3022,#3023,#3024,#3025,#3026
)),.UNSPECIFIED.,.F.,.F.,.F.) B_SPLINE_SURFACE_WITH_KNOTS((2,2),(4,1,1,1
    ,1,1,1,1,1,1,1,1,1,1,1,1,1,1,1,4),(6.,7.),(0.,5.218380768594E-02,
    0.104924849979,0.158249728388,0.212037422186,0.266073258756,
    0.320098130577,0.373854821642,0.427134464983,0.479826107743,
    0.531971081028,0.583831321693,0.635742389654,0.687819682816,
    0.740024789052,0.792245645251,0.844362126807,0.89631140842,
0.94815736877,1.),.UNSPECIFIED.) GEOMETRIC_REPRESENTATION_ITEM() 
RATIONAL_B_SPLINE_SURFACE((
    (1.,1.000000000002,0.999999999999,1.,1.,1.,1.,1.,1.,1.,1.,1.,1.,1.
      ,1.,1.,1.,1.000000000001,0.999999999997,1.000000000012
      ,0.999999999975,1.)
    ,(1.,1.000000000002,0.999999999999,1.,1.,1.,1.,1.,1.,1.,1.,1.,1.,1.
      ,1.,1.,1.,1.000000000001,0.999999999997,1.000000000012
,0.999999999975,1.))) REPRESENTATION_ITEM('') SURFACE() );
#2983 = CARTESIAN_POINT('',(-2.970065516787,411.52077390267,
    8.850340161467E-02));
#2984 = CARTESIAN_POINT('',(-4.294478745547,411.5901915542,
    0.165660430272));
#2985 = CARTESIAN_POINT('',(-6.943084122297,411.82278606339,
    0.417053087821));
#2986 = CARTESIAN_POINT('',(-10.858906357,412.44465336737,1.020046883642
    ));
#2987 = CARTESIAN_POINT('',(-14.71659072315,413.33674274708,
    1.792137627757));
#2988 = CARTESIAN_POINT('',(-18.49965075475,414.49434369295,
    2.675829335358));
#2989 = CARTESIAN_POINT('',(-22.1915781253,415.91188022349,
    3.614022886808));
#2990 = CARTESIAN_POINT('',(-25.77598045154,417.58290433374,
    4.550006348339));
#2991 = CARTESIAN_POINT('',(-29.23681176552,419.50012148941,
    5.426252167074));
#2992 = CARTESIAN_POINT('',(-32.55864702245,421.65560469578,
    6.188034353294));
#2993 = CARTESIAN_POINT('',(-35.72647537326,424.04068139287,
    6.769145223098));
#2994 = CARTESIAN_POINT('',(-38.72684658699,426.647169466,7.143071923991
    ));
#2995 = CARTESIAN_POINT('',(-41.5399684553,429.45997208658,
    7.132212926135));
#2996 = CARTESIAN_POINT('',(-44.14303512189,432.45518672026,
    7.301017468713));
#2997 = CARTESIAN_POINT('',(-46.52749058843,435.62022459785,
    7.615059461674));
#2998 = CARTESIAN_POINT('',(-48.68402196395,438.94139863524,
    8.000321686616));
#2999 = CARTESIAN_POINT('',(-50.6038042553,442.40450897055,
    8.394086094699));
#3000 = CARTESIAN_POINT('',(-52.27848973413,445.99483380099,
    8.730871629859));
#3001 = CARTESIAN_POINT('',(-53.70047132673,449.69801129219,
    8.945201052568));
#3002 = CARTESIAN_POINT('',(-54.86115542724,453.4937033545,
    8.972190702441));
#3003 = CARTESIAN_POINT('',(-55.45487594578,456.06739349809,
    8.901412245731));
#3004 = CARTESIAN_POINT('',(-55.70734266065,457.36458951238,8.95));
#3005 = CARTESIAN_POINT('',(-2.901374574218,412.83147516704,
    0.121000744395));
#3006 = CARTESIAN_POINT('',(-4.195157100854,412.89928734012,
    0.226488869424));
#3007 = CARTESIAN_POINT('',(-6.782506185405,413.12650246695,
    0.570189768546));
#3008 = CARTESIAN_POINT('',(-10.60776424967,413.73398737486,
    1.394595348718));
#3009 = CARTESIAN_POINT('',(-14.37622904342,414.60544473215,
    2.450188162952));
#3010 = CARTESIAN_POINT('',(-18.07179539588,415.73627296874,
    3.658360419433));
#3011 = CARTESIAN_POINT('',(-21.67833678099,417.12102506415,
    4.941046915558));
#3012 = CARTESIAN_POINT('',(-25.17983993449,418.753402141,6.220711804369
    ));
#3013 = CARTESIAN_POINT('',(-28.56062999561,420.62627837126,
    7.418704134672));
#3014 = CARTESIAN_POINT('',(-31.80563866621,422.73191009378,
    8.460203217394));
#3015 = CARTESIAN_POINT('',(-34.90020226441,425.06182532542,
    9.254690734705));
#3016 = CARTESIAN_POINT('',(-37.83118163289,427.6080311854,
    9.765918646082));
#3017 = CARTESIAN_POINT('',(-40.57924231261,430.35578000088,
    9.75107235995));
#3018 = CARTESIAN_POINT('',(-43.1221058955,433.28172204941,
    9.981859820506));
#3019 = CARTESIAN_POINT('',(-45.45141426424,436.37355971179,
    10.411214107758));
#3020 = CARTESIAN_POINT('',(-47.55806991413,439.6179224553,
    10.937939805921));
#3021 = CARTESIAN_POINT('',(-49.43345195424,443.00093882935,
    11.476289582596));
#3022 = CARTESIAN_POINT('',(-51.06940572047,446.50822751196,
    11.936738556449));
#3023 = CARTESIAN_POINT('',(-52.45850007351,450.12575883092,
    12.229767064054));
#3024 = CARTESIAN_POINT('',(-53.59234015882,453.83366505159,
    12.266666976006));
#3025 = CARTESIAN_POINT('',(-54.17232925483,456.34783155433,
    12.169899554684));
#3026 = CARTESIAN_POINT('',(-54.41895698238,457.61502631881,12.236328125
    ));
#3027 = DEFINITIONAL_REPRESENTATION('',(#3028),#3034);
#3028 = B_SPLINE_CURVE_WITH_KNOTS('',4,(#3029,#3030,#3031,#3032,#3033),
  .UNSPECIFIED.,.F.,.F.,(5,5),(0.,1.),.PIECEWISE_BEZIER_KNOTS.);
#3029 = CARTESIAN_POINT('',(7.,0.582174829815));
#3030 = CARTESIAN_POINT('',(6.7499311376,0.582778411239));
#3031 = CARTESIAN_POINT('',(6.499906643522,0.583372283095));
#3032 = CARTESIAN_POINT('',(6.249928564336,0.583956794701));
#3033 = CARTESIAN_POINT('',(6.,0.58453225975));
#3034 = ( GEOMETRIC_REPRESENTATION_CONTEXT(2) 
PARAMETRIC_REPRESENTATION_CONTEXT() REPRESENTATION_CONTEXT('2D SPACE',''
  ) );
#3035 = ORIENTED_EDGE('',*,*,#3036,.T.);
#3036 = EDGE_CURVE('',#2963,#3037,#3039,.T.);
#3037 = VERTEX_POINT('',#3038);
#3038 = CARTESIAN_POINT('',(-42.6212405915,428.76351594157,
    4.535282656203));
#3039 = SURFACE_CURVE('',#3040,(#3046,#3055),.PCURVE_S1.);
#3040 = B_SPLINE_CURVE_WITH_KNOTS('',4,(#3041,#3042,#3043,#3044,#3045),
  .UNSPECIFIED.,.F.,.F.,(5,5),(0.,1.),.PIECEWISE_BEZIER_KNOTS.);
#3041 = CARTESIAN_POINT('',(-41.54083540963,429.52878378764,7.1631748464
    ));
#3042 = CARTESIAN_POINT('',(-41.81107503393,429.33736884565,
    6.506316596272));
#3043 = CARTESIAN_POINT('',(-42.08122354208,429.14601844265,
    5.849383165123));
#3044 = CARTESIAN_POINT('',(-42.35127911664,428.95473386597,
    5.192372356956));
#3045 = CARTESIAN_POINT('',(-42.6212405915,428.76351594157,
    4.535282656203));
#3046 = PCURVE('',#346,#3047);
#3047 = DEFINITIONAL_REPRESENTATION('',(#3048),#3054);
#3048 = B_SPLINE_CURVE_WITH_KNOTS('',4,(#3049,#3050,#3051,#3052,#3053),
  .UNSPECIFIED.,.F.,.F.,(5,5),(0.,1.),.PIECEWISE_BEZIER_KNOTS.);
#3049 = CARTESIAN_POINT('',(51.794783205415,-7.1631748464));
#3050 = CARTESIAN_POINT('',(51.463619900443,-6.506316596272));
#3051 = CARTESIAN_POINT('',(51.132568253133,-5.849383165123));
#3052 = CARTESIAN_POINT('',(50.801630490671,-5.192372356956));
#3053 = CARTESIAN_POINT('',(50.470808042034,-4.535282656203));
#3054 = ( GEOMETRIC_REPRESENTATION_CONTEXT(2) 
PARAMETRIC_REPRESENTATION_CONTEXT() REPRESENTATION_CONTEXT('2D SPACE',''
  ) );
#3055 = PCURVE('',#3056,#3101);
#3056 = ( BOUNDED_SURFACE() B_SPLINE_SURFACE(1,3,(
    (#3057,#3058,#3059,#3060,#3061,#3062,#3063,#3064,#3065,#3066,#3067
      ,#3068,#3069,#3070,#3071,#3072,#3073,#3074,#3075,#3076,#3077,#3078
      )
    ,(#3079,#3080,#3081,#3082,#3083,#3084,#3085,#3086,#3087,#3088,#3089
      ,#3090,#3091,#3092,#3093,#3094,#3095,#3096,#3097,#3098,#3099,#3100
)),.UNSPECIFIED.,.F.,.F.,.F.) B_SPLINE_SURFACE_WITH_KNOTS((2,2),(4,1,1,1
    ,1,1,1,1,1,1,1,1,1,1,1,1,1,1,1,4),(5.,6.),(0.,5.218380768594E-02,
    0.104924849979,0.158249728388,0.212037422186,0.266073258756,
    0.320098130577,0.373854821642,0.427134464983,0.479826107743,
    0.531971081028,0.583831321693,0.635742389654,0.687819682816,
    0.740024789052,0.792245645251,0.844362126807,0.89631140842,
0.94815736877,1.),.UNSPECIFIED.) GEOMETRIC_REPRESENTATION_ITEM() 
RATIONAL_B_SPLINE_SURFACE((
    (1.,1.000000000002,0.999999999999,1.,1.,1.,1.,1.,1.,1.,1.,1.,1.,1.
      ,1.,1.,1.,1.000000000001,0.999999999997,1.000000000012
      ,0.999999999975,1.)
    ,(1.,1.000000000002,0.999999999999,1.,1.,1.,1.,1.,1.,1.,1.,1.,1.,1.
      ,1.,1.,1.,1.000000000001,0.999999999997,1.000000000012
,0.999999999975,1.))) REPRESENTATION_ITEM('') SURFACE() );
#3057 = CARTESIAN_POINT('',(-3.038756459356,410.21007263831,
    5.600605883428E-02));
#3058 = CARTESIAN_POINT('',(-4.393800391112,410.28109576643,
    0.104831991002));
#3059 = CARTESIAN_POINT('',(-7.103662058779,410.51906966071,
    0.26391640715));
#3060 = CARTESIAN_POINT('',(-11.11004846445,411.15531935963,
    0.645498418551));
#3061 = CARTESIAN_POINT('',(-15.05695240285,412.06804076208,
    1.134087092566));
#3062 = CARTESIAN_POINT('',(-18.92750611362,413.25241441715,
    1.693298251281));
#3063 = CARTESIAN_POINT('',(-22.7048194696,414.70273538284,
    2.286998858058));
#3064 = CARTESIAN_POINT('',(-26.37212096859,416.41240652649,
    2.879300892308));
#3065 = CARTESIAN_POINT('',(-29.91299353543,418.37396460756,
    3.433800199477));
#3066 = CARTESIAN_POINT('',(-33.3116553787,420.57929929777,
    3.915865489194));
#3067 = CARTESIAN_POINT('',(-36.55274848212,423.01953746033,
    4.283599711492));
#3068 = CARTESIAN_POINT('',(-39.6225115411,425.6863077466,4.520225201901
    ));
#3069 = CARTESIAN_POINT('',(-42.50069459799,428.56416417228,
    4.51335349232));
#3070 = CARTESIAN_POINT('',(-45.16396434828,431.6286513911,4.62017511692
    ));
#3071 = CARTESIAN_POINT('',(-47.60356691261,434.86688948393,
    4.818904815591));
#3072 = CARTESIAN_POINT('',(-49.80997401378,438.26487481513,
    5.062703567312));
#3073 = CARTESIAN_POINT('',(-51.77415655635,441.80807911196,
    5.311882606801));
#3074 = CARTESIAN_POINT('',(-53.48757374784,445.48144008927,
    5.525004703274));
#3075 = CARTESIAN_POINT('',(-54.94244257976,449.27026375627,
    5.660635041065));
#3076 = CARTESIAN_POINT('',(-56.12997069638,453.1537416469,
    5.677714428938));
#3077 = CARTESIAN_POINT('',(-56.73742263519,455.78695546449,
    5.632924936645));
#3078 = CARTESIAN_POINT('',(-56.99572833893,457.11415270594,5.663671875)
  );
#3079 = CARTESIAN_POINT('',(-2.970065516787,411.52077390267,
    8.850340161467E-02));
#3080 = CARTESIAN_POINT('',(-4.294478745547,411.5901915542,
    0.165660430272));
#3081 = CARTESIAN_POINT('',(-6.943084122297,411.82278606339,
    0.417053087821));
#3082 = CARTESIAN_POINT('',(-10.858906357,412.44465336737,1.020046883642
    ));
#3083 = CARTESIAN_POINT('',(-14.71659072315,413.33674274708,
    1.792137627757));
#3084 = CARTESIAN_POINT('',(-18.49965075475,414.49434369295,
    2.675829335358));
#3085 = CARTESIAN_POINT('',(-22.1915781253,415.91188022349,
    3.614022886808));
#3086 = CARTESIAN_POINT('',(-25.77598045154,417.58290433374,
    4.550006348339));
#3087 = CARTESIAN_POINT('',(-29.23681176552,419.50012148941,
    5.426252167074));
#3088 = CARTESIAN_POINT('',(-32.55864702245,421.65560469578,
    6.188034353294));
#3089 = CARTESIAN_POINT('',(-35.72647537326,424.04068139287,
    6.769145223098));
#3090 = CARTESIAN_POINT('',(-38.72684658699,426.647169466,7.143071923991
    ));
#3091 = CARTESIAN_POINT('',(-41.5399684553,429.45997208658,
    7.132212926135));
#3092 = CARTESIAN_POINT('',(-44.14303512189,432.45518672026,
    7.301017468713));
#3093 = CARTESIAN_POINT('',(-46.52749058843,435.62022459785,
    7.615059461674));
#3094 = CARTESIAN_POINT('',(-48.68402196395,438.94139863524,
    8.000321686616));
#3095 = CARTESIAN_POINT('',(-50.6038042553,442.40450897055,
    8.394086094699));
#3096 = CARTESIAN_POINT('',(-52.27848973413,445.99483380099,
    8.730871629859));
#3097 = CARTESIAN_POINT('',(-53.70047132673,449.69801129219,
    8.945201052568));
#3098 = CARTESIAN_POINT('',(-54.86115542724,453.4937033545,
    8.972190702441));
#3099 = CARTESIAN_POINT('',(-55.45487594578,456.06739349809,
    8.901412245731));
#3100 = CARTESIAN_POINT('',(-55.70734266065,457.36458951238,8.95));
#3101 = DEFINITIONAL_REPRESENTATION('',(#3102),#3108);
#3102 = B_SPLINE_CURVE_WITH_KNOTS('',4,(#3103,#3104,#3105,#3106,#3107),
  .UNSPECIFIED.,.F.,.F.,(5,5),(0.,1.),.PIECEWISE_BEZIER_KNOTS.);
#3103 = CARTESIAN_POINT('',(6.,0.58453225975));
#3104 = CARTESIAN_POINT('',(5.749922850704,0.585108066918));
#3105 = CARTESIAN_POINT('',(5.499895290494,0.585674816775));
#3106 = CARTESIAN_POINT('',(5.249920263488,0.586232824008));
#3107 = CARTESIAN_POINT('',(5.,0.586782377082));
#3108 = ( GEOMETRIC_REPRESENTATION_CONTEXT(2) 
PARAMETRIC_REPRESENTATION_CONTEXT() REPRESENTATION_CONTEXT('2D SPACE',''
  ) );
#3109 = ORIENTED_EDGE('',*,*,#3110,.T.);
#3110 = EDGE_CURVE('',#3037,#3111,#3113,.T.);
#3111 = VERTEX_POINT('',#3112);
#3112 = CARTESIAN_POINT('',(-43.70122594685,427.99854546516,
    2.240845474027));
#3113 = SURFACE_CURVE('',#3114,(#3120,#3129),.PCURVE_S1.);
#3114 = B_SPLINE_CURVE_WITH_KNOTS('',4,(#3115,#3116,#3117,#3118,#3119),
  .UNSPECIFIED.,.F.,.F.,(5,5),(0.,1.),.PIECEWISE_BEZIER_KNOTS.);
#3115 = CARTESIAN_POINT('',(-42.6212405915,428.76351594157,
    4.535282656203));
#3116 = CARTESIAN_POINT('',(-42.89136873002,428.57217996669,
    3.961799056158));
#3117 = CARTESIAN_POINT('',(-43.16140964589,428.38090577298,
    3.388232664042));
#3118 = CARTESIAN_POINT('',(-43.43136225284,428.18969412987,
    2.814581826482));
#3119 = CARTESIAN_POINT('',(-43.70122594685,427.99854546516,
    2.240845474027));
#3120 = PCURVE('',#346,#3121);
#3121 = DEFINITIONAL_REPRESENTATION('',(#3122),#3128);
#3122 = B_SPLINE_CURVE_WITH_KNOTS('',4,(#3123,#3124,#3125,#3126,#3127),
  .UNSPECIFIED.,.F.,.F.,(5,5),(0.,1.),.PIECEWISE_BEZIER_KNOTS.);
#3123 = CARTESIAN_POINT('',(50.470808042034,-4.535282656203));
#3124 = CARTESIAN_POINT('',(50.13978135655,-3.961799056158));
#3125 = CARTESIAN_POINT('',(49.80886155747,-3.388232664042));
#3126 = CARTESIAN_POINT('',(49.478049975963,-2.814581826482));
#3127 = CARTESIAN_POINT('',(49.147347352195,-2.240845474027));
#3128 = ( GEOMETRIC_REPRESENTATION_CONTEXT(2) 
PARAMETRIC_REPRESENTATION_CONTEXT() REPRESENTATION_CONTEXT('2D SPACE',''
  ) );
#3129 = PCURVE('',#3130,#3175);
#3130 = ( BOUNDED_SURFACE() B_SPLINE_SURFACE(1,3,(
    (#3131,#3132,#3133,#3134,#3135,#3136,#3137,#3138,#3139,#3140,#3141
      ,#3142,#3143,#3144,#3145,#3146,#3147,#3148,#3149,#3150,#3151,#3152
      )
    ,(#3153,#3154,#3155,#3156,#3157,#3158,#3159,#3160,#3161,#3162,#3163
      ,#3164,#3165,#3166,#3167,#3168,#3169,#3170,#3171,#3172,#3173,#3174
)),.UNSPECIFIED.,.F.,.F.,.F.) B_SPLINE_SURFACE_WITH_KNOTS((2,2),(4,1,1,1
    ,1,1,1,1,1,1,1,1,1,1,1,1,1,1,1,4),(4.,5.),(0.,5.218380768594E-02,
    0.104924849979,0.158249728388,0.212037422186,0.266073258756,
    0.320098130577,0.373854821642,0.427134464983,0.479826107743,
    0.531971081028,0.583831321693,0.635742389654,0.687819682816,
    0.740024789052,0.792245645251,0.844362126807,0.89631140842,
0.94815736877,1.),.UNSPECIFIED.) GEOMETRIC_REPRESENTATION_ITEM() 
RATIONAL_B_SPLINE_SURFACE((
    (1.,1.000000000002,0.999999999999,1.,1.,1.,1.,1.,1.,1.,1.,1.,1.,1.
      ,1.,1.,1.,1.000000000001,0.999999999997,1.000000000012
      ,0.999999999975,1.)
    ,(1.,1.000000000002,0.999999999999,1.,1.,1.,1.,1.,1.,1.,1.,1.,1.,1.
      ,1.,1.,1.,1.000000000001,0.999999999997,1.000000000012
,0.999999999975,1.))) REPRESENTATION_ITEM('') SURFACE() );
#3131 = CARTESIAN_POINT('',(-3.107447401925,408.89937137394,
    2.765731300458E-02));
#3132 = CARTESIAN_POINT('',(-4.49312203538,408.97199997384,
    5.176888446046E-02));
#3133 = CARTESIAN_POINT('',(-7.26423999587,409.21535326029,
    0.130329089944));
#3134 = CARTESIAN_POINT('',(-11.36119057173,409.86598535128,
    0.318764651138));
#3135 = CARTESIAN_POINT('',(-15.3973140826,410.79933877724,
    0.560043008674));
#3136 = CARTESIAN_POINT('',(-19.35536147248,412.0104851413,
    0.836196667299));
#3137 = CARTESIAN_POINT('',(-23.21806081391,413.4935905422,
    1.129382152128));
#3138 = CARTESIAN_POINT('',(-26.96826148564,415.24190871923,
    1.421876983856));
#3139 = CARTESIAN_POINT('',(-30.58917530534,417.2478077257,
    1.695703802211));
#3140 = CARTESIAN_POINT('',(-34.06466373495,419.50299389977,
    1.933760735404));
#3141 = CARTESIAN_POINT('',(-37.37902159097,421.99839352779,
    2.115357882218));
#3142 = CARTESIAN_POINT('',(-40.5181764952,424.72544602721,
    2.232209976247));
#3143 = CARTESIAN_POINT('',(-43.46142074068,427.66835625799,
    2.228816539417));
#3144 = CARTESIAN_POINT('',(-46.18489357466,430.80211606194,
    2.281567958973));
#3145 = CARTESIAN_POINT('',(-48.67964323679,434.11355437001,
    2.379706081773));
#3146 = CARTESIAN_POINT('',(-50.93592606361,437.58835099498,
    2.500100527067));
#3147 = CARTESIAN_POINT('',(-52.94450885741,441.21164925348,
    2.623151904594));
#3148 = CARTESIAN_POINT('',(-54.69665776154,444.96804637713,
    2.728397384328));
#3149 = CARTESIAN_POINT('',(-56.18441383282,448.84251622188,
    2.795375328938));
#3150 = CARTESIAN_POINT('',(-57.39878596544,452.81377993364,
    2.803809594474));
#3151 = CARTESIAN_POINT('',(-58.01996932477,455.5065174431,
    2.781691326875));
#3152 = CARTESIAN_POINT('',(-58.2841140172,456.86371589951,2.796875));
#3153 = CARTESIAN_POINT('',(-3.038756459356,410.21007263831,
    5.600605883428E-02));
#3154 = CARTESIAN_POINT('',(-4.393800391112,410.28109576643,
    0.104831991002));
#3155 = CARTESIAN_POINT('',(-7.103662058779,410.51906966071,
    0.26391640715));
#3156 = CARTESIAN_POINT('',(-11.11004846445,411.15531935963,
    0.645498418551));
#3157 = CARTESIAN_POINT('',(-15.05695240285,412.06804076208,
    1.134087092566));
#3158 = CARTESIAN_POINT('',(-18.92750611362,413.25241441715,
    1.693298251281));
#3159 = CARTESIAN_POINT('',(-22.7048194696,414.70273538284,
    2.286998858058));
#3160 = CARTESIAN_POINT('',(-26.37212096859,416.41240652649,
    2.879300892308));
#3161 = CARTESIAN_POINT('',(-29.91299353543,418.37396460756,
    3.433800199477));
#3162 = CARTESIAN_POINT('',(-33.3116553787,420.57929929777,
    3.915865489194));
#3163 = CARTESIAN_POINT('',(-36.55274848212,423.01953746033,
    4.283599711492));
#3164 = CARTESIAN_POINT('',(-39.6225115411,425.6863077466,4.520225201901
    ));
#3165 = CARTESIAN_POINT('',(-42.50069459799,428.56416417228,
    4.51335349232));
#3166 = CARTESIAN_POINT('',(-45.16396434828,431.6286513911,4.62017511692
    ));
#3167 = CARTESIAN_POINT('',(-47.60356691261,434.86688948393,
    4.818904815591));
#3168 = CARTESIAN_POINT('',(-49.80997401378,438.26487481513,
    5.062703567312));
#3169 = CARTESIAN_POINT('',(-51.77415655635,441.80807911196,
    5.311882606801));
#3170 = CARTESIAN_POINT('',(-53.48757374784,445.48144008927,
    5.525004703274));
#3171 = CARTESIAN_POINT('',(-54.94244257976,449.27026375627,
    5.660635041065));
#3172 = CARTESIAN_POINT('',(-56.12997069638,453.1537416469,
    5.677714428938));
#3173 = CARTESIAN_POINT('',(-56.73742263519,455.78695546449,
    5.632924936645));
#3174 = CARTESIAN_POINT('',(-56.99572833893,457.11415270594,5.663671875)
  );
#3175 = DEFINITIONAL_REPRESENTATION('',(#3176),#3182);
#3176 = B_SPLINE_CURVE_WITH_KNOTS('',4,(#3177,#3178,#3179,#3180,#3181),
  .UNSPECIFIED.,.F.,.F.,(5,5),(0.,1.),.PIECEWISE_BEZIER_KNOTS.);
#3177 = CARTESIAN_POINT('',(5.,0.586782377082));
#3178 = CARTESIAN_POINT('',(4.749925445511,0.587332269428));
#3179 = CARTESIAN_POINT('',(4.499899248447,0.587873711498));
#3180 = CARTESIAN_POINT('',(4.249923563678,0.588406991512));
#3181 = CARTESIAN_POINT('',(4.,0.588932373846));
#3182 = ( GEOMETRIC_REPRESENTATION_CONTEXT(2) 
PARAMETRIC_REPRESENTATION_CONTEXT() REPRESENTATION_CONTEXT('2D SPACE',''
  ) );
#3183 = ORIENTED_EDGE('',*,*,#3184,.T.);
#3184 = EDGE_CURVE('',#3111,#3185,#3187,.T.);
#3185 = VERTEX_POINT('',#3186);
#3186 = CARTESIAN_POINT('',(-44.78081926378,427.23385267569,
    0.616572367962));
#3187 = SURFACE_CURVE('',#3188,(#3194,#3203),.PCURVE_S1.);
#3188 = B_SPLINE_CURVE_WITH_KNOTS('',4,(#3189,#3190,#3191,#3192,#3193),
  .UNSPECIFIED.,.F.,.F.,(5,5),(0.,1.),.PIECEWISE_BEZIER_KNOTS.);
#3189 = CARTESIAN_POINT('',(-43.70122594685,427.99854546516,
    2.240845474027));
#3190 = CARTESIAN_POINT('',(-43.97122817271,427.8072986762,
    1.834912872985));
#3191 = CARTESIAN_POINT('',(-44.24116136199,427.61610078691,
    1.428890556278));
#3192 = CARTESIAN_POINT('',(-44.51102510206,427.42495208959,
    1.022777296257));
#3193 = CARTESIAN_POINT('',(-44.78081926378,427.23385267569,
    0.616572367962));
#3194 = PCURVE('',#346,#3195);
#3195 = DEFINITIONAL_REPRESENTATION('',(#3196),#3202);
#3196 = B_SPLINE_CURVE_WITH_KNOTS('',4,(#3197,#3198,#3199,#3200,#3201),
  .UNSPECIFIED.,.F.,.F.,(5,5),(0.,1.),.PIECEWISE_BEZIER_KNOTS.);
#3197 = CARTESIAN_POINT('',(49.147347352195,-2.240845474027));
#3198 = CARTESIAN_POINT('',(48.816474965528,-1.834912872985));
#3199 = CARTESIAN_POINT('',(48.485687179262,-1.428890556278));
#3200 = CARTESIAN_POINT('',(48.154984499059,-1.022777296257));
#3201 = CARTESIAN_POINT('',(47.824367083169,-0.616572367962));
#3202 = ( GEOMETRIC_REPRESENTATION_CONTEXT(2) 
PARAMETRIC_REPRESENTATION_CONTEXT() REPRESENTATION_CONTEXT('2D SPACE',''
  ) );
#3203 = PCURVE('',#3204,#3249);
#3204 = ( BOUNDED_SURFACE() B_SPLINE_SURFACE(1,3,(
    (#3205,#3206,#3207,#3208,#3209,#3210,#3211,#3212,#3213,#3214,#3215
      ,#3216,#3217,#3218,#3219,#3220,#3221,#3222,#3223,#3224,#3225,#3226
      )
    ,(#3227,#3228,#3229,#3230,#3231,#3232,#3233,#3234,#3235,#3236,#3237
      ,#3238,#3239,#3240,#3241,#3242,#3243,#3244,#3245,#3246,#3247,#3248
)),.UNSPECIFIED.,.F.,.F.,.F.) B_SPLINE_SURFACE_WITH_KNOTS((2,2),(4,1,1,1
    ,1,1,1,1,1,1,1,1,1,1,1,1,1,1,1,4),(3.,4.),(0.,5.218380768594E-02,
    0.104924849979,0.158249728388,0.212037422186,0.266073258756,
    0.320098130577,0.373854821642,0.427134464983,0.479826107743,
    0.531971081028,0.583831321693,0.635742389654,0.687819682816,
    0.740024789052,0.792245645251,0.844362126807,0.89631140842,
0.94815736877,1.),.UNSPECIFIED.) GEOMETRIC_REPRESENTATION_ITEM() 
RATIONAL_B_SPLINE_SURFACE((
    (1.,1.000000000002,0.999999999999,1.,1.,1.,1.,1.,1.,1.,1.,1.,1.,1.
      ,1.,1.,1.,1.000000000001,0.999999999997,1.000000000012
      ,0.999999999975,1.)
    ,(1.,1.000000000002,0.999999999999,1.,1.,1.,1.,1.,1.,1.,1.,1.,1.,1.
      ,1.,1.,1.,1.000000000001,0.999999999997,1.000000000012
,0.999999999975,1.))) REPRESENTATION_ITEM('') SURFACE() );
#3205 = CARTESIAN_POINT('',(-3.176138344494,407.58867010958,
    7.60576107626E-03));
#3206 = CARTESIAN_POINT('',(-4.592443681306,407.66290418354,
    1.423644321651E-02));
#3207 = CARTESIAN_POINT('',(-7.424817932183,407.91163685879,
    3.584049973926E-02));
#3208 = CARTESIAN_POINT('',(-11.61233267923,408.57665134323,
    8.76602790617E-02));
#3209 = CARTESIAN_POINT('',(-15.73767576229,409.53063679233,
    0.154011827386));
#3210 = CARTESIAN_POINT('',(-19.78321683135,410.76855586548,
    0.229954083507));
#3211 = CARTESIAN_POINT('',(-23.73130215822,412.28444570156,
    0.310580091835));
#3212 = CARTESIAN_POINT('',(-27.5644020027,414.07141091197,0.39101617056
    ));
#3213 = CARTESIAN_POINT('',(-31.26535707524,416.12165084385,
    0.466318545608));
#3214 = CARTESIAN_POINT('',(-34.81767209119,418.42668850176,
    0.531784202236));
#3215 = CARTESIAN_POINT('',(-38.20529469982,420.97724959524,
    0.58172341761));
#3216 = CARTESIAN_POINT('',(-41.41384144931,423.76458430781,
    0.613857743468));
#3217 = CARTESIAN_POINT('',(-44.42214688337,426.77254834369,
    0.61292454834));
#3218 = CARTESIAN_POINT('',(-47.20582280105,429.97558073279,
    0.627431188718));
#3219 = CARTESIAN_POINT('',(-49.75571956097,433.36021925607,
    0.654419172488));
#3220 = CARTESIAN_POINT('',(-52.06187811344,436.91182717494,
    0.687527644944));
#3221 = CARTESIAN_POINT('',(-54.11486115848,440.61521939464,
    0.721366773763));
#3222 = CARTESIAN_POINT('',(-55.90574177514,444.45465266634,
    0.750309280691));
#3223 = CARTESIAN_POINT('',(-57.42638508623,448.4147686825,
    0.768728215454));
#3224 = CARTESIAN_POINT('',(-58.66760123315,452.47381823893,
    0.771047638493));
#3225 = CARTESIAN_POINT('',(-59.30251601727,455.22607938175,
    0.764965114862));
#3226 = CARTESIAN_POINT('',(-59.57249969548,456.61327909308,0.769140625)
  );
#3227 = CARTESIAN_POINT('',(-3.107447401925,408.89937137394,
    2.765731300458E-02));
#3228 = CARTESIAN_POINT('',(-4.49312203538,408.97199997384,
    5.176888446046E-02));
#3229 = CARTESIAN_POINT('',(-7.26423999587,409.21535326029,
    0.130329089944));
#3230 = CARTESIAN_POINT('',(-11.36119057173,409.86598535128,
    0.318764651138));
#3231 = CARTESIAN_POINT('',(-15.3973140826,410.79933877724,
    0.560043008674));
#3232 = CARTESIAN_POINT('',(-19.35536147248,412.0104851413,
    0.836196667299));
#3233 = CARTESIAN_POINT('',(-23.21806081391,413.4935905422,
    1.129382152128));
#3234 = CARTESIAN_POINT('',(-26.96826148564,415.24190871923,
    1.421876983856));
#3235 = CARTESIAN_POINT('',(-30.58917530534,417.2478077257,
    1.695703802211));
#3236 = CARTESIAN_POINT('',(-34.06466373495,419.50299389977,
    1.933760735404));
#3237 = CARTESIAN_POINT('',(-37.37902159097,421.99839352779,
    2.115357882218));
#3238 = CARTESIAN_POINT('',(-40.5181764952,424.72544602721,
    2.232209976247));
#3239 = CARTESIAN_POINT('',(-43.46142074068,427.66835625799,
    2.228816539417));
#3240 = CARTESIAN_POINT('',(-46.18489357466,430.80211606194,
    2.281567958973));
#3241 = CARTESIAN_POINT('',(-48.67964323679,434.11355437001,
    2.379706081773));
#3242 = CARTESIAN_POINT('',(-50.93592606361,437.58835099498,
    2.500100527067));
#3243 = CARTESIAN_POINT('',(-52.94450885741,441.21164925348,
    2.623151904594));
#3244 = CARTESIAN_POINT('',(-54.69665776154,444.96804637713,
    2.728397384328));
#3245 = CARTESIAN_POINT('',(-56.18441383282,448.84251622188,
    2.795375328938));
#3246 = CARTESIAN_POINT('',(-57.39878596544,452.81377993364,
    2.803809594474));
#3247 = CARTESIAN_POINT('',(-58.01996932477,455.5065174431,
    2.781691326875));
#3248 = CARTESIAN_POINT('',(-58.2841140172,456.86371589951,2.796875));
#3249 = DEFINITIONAL_REPRESENTATION('',(#3250),#3256);
#3250 = B_SPLINE_CURVE_WITH_KNOTS('',4,(#3251,#3252,#3253,#3254,#3255),
  .UNSPECIFIED.,.F.,.F.,(5,5),(0.,1.),.PIECEWISE_BEZIER_KNOTS.);
#3251 = CARTESIAN_POINT('',(4.,0.588932373846));
#3252 = CARTESIAN_POINT('',(3.749948140549,0.58945802588));
#3253 = CARTESIAN_POINT('',(3.499929963789,0.589975811077));
#3254 = CARTESIAN_POINT('',(3.249946892925,0.590485992042));
#3255 = CARTESIAN_POINT('',(3.,0.5909888098));
#3256 = ( GEOMETRIC_REPRESENTATION_CONTEXT(2) 
PARAMETRIC_REPRESENTATION_CONTEXT() REPRESENTATION_CONTEXT('2D SPACE',''
  ) );
#3257 = ORIENTED_EDGE('',*,*,#3258,.T.);
#3258 = EDGE_CURVE('',#3185,#2734,#3259,.T.);
#3259 = SURFACE_CURVE('',#3260,(#3266,#3275),.PCURVE_S1.);
#3260 = B_SPLINE_CURVE_WITH_KNOTS('',4,(#3261,#3262,#3263,#3264,#3265),
  .UNSPECIFIED.,.F.,.F.,(5,5),(0.,1.),.PIECEWISE_BEZIER_KNOTS.);
#3261 = CARTESIAN_POINT('',(-44.78081926378,427.23385267569,
    0.616572367962));
#3262 = CARTESIAN_POINT('',(-45.05066397187,427.04271745902,
    0.462519151819));
#3263 = CARTESIAN_POINT('',(-45.32048316811,426.85160031279,
    0.308406361823));
#3264 = CARTESIAN_POINT('',(-45.59027706648,426.66050108543,
    0.154233415416));
#3265 = CARTESIAN_POINT('',(-45.86004591571,426.46941960076,0.));
#3266 = PCURVE('',#346,#3267);
#3267 = DEFINITIONAL_REPRESENTATION('',(#3268),#3274);
#3268 = B_SPLINE_CURVE_WITH_KNOTS('',4,(#3269,#3270,#3271,#3272,#3273),
  .UNSPECIFIED.,.F.,.F.,(5,5),(0.,1.),.PIECEWISE_BEZIER_KNOTS.);
#3269 = CARTESIAN_POINT('',(47.824367083169,-0.616572367962));
#3270 = CARTESIAN_POINT('',(47.493687725586,-0.462519151819));
#3271 = CARTESIAN_POINT('',(47.163039631316,-0.308406361823));
#3272 = CARTESIAN_POINT('',(46.832422538146,-0.154233415416));
#3273 = CARTESIAN_POINT('',(46.501836141269,0.));
#3274 = ( GEOMETRIC_REPRESENTATION_CONTEXT(2) 
PARAMETRIC_REPRESENTATION_CONTEXT() REPRESENTATION_CONTEXT('2D SPACE',''
  ) );
#3275 = PCURVE('',#3276,#3321);
#3276 = ( BOUNDED_SURFACE() B_SPLINE_SURFACE(1,3,(
    (#3277,#3278,#3279,#3280,#3281,#3282,#3283,#3284,#3285,#3286,#3287
      ,#3288,#3289,#3290,#3291,#3292,#3293,#3294,#3295,#3296,#3297,#3298
      )
    ,(#3299,#3300,#3301,#3302,#3303,#3304,#3305,#3306,#3307,#3308,#3309
      ,#3310,#3311,#3312,#3313,#3314,#3315,#3316,#3317,#3318,#3319,#3320
)),.UNSPECIFIED.,.F.,.F.,.F.) B_SPLINE_SURFACE_WITH_KNOTS((2,2),(4,1,1,1
    ,1,1,1,1,1,1,1,1,1,1,1,1,1,1,1,4),(2.,3.),(0.,5.218380768594E-02,
    0.104924849979,0.158249728388,0.212037422186,0.266073258756,
    0.320098130577,0.373854821642,0.427134464983,0.479826107743,
    0.531971081028,0.583831321693,0.635742389654,0.687819682816,
    0.740024789052,0.792245645251,0.844362126807,0.89631140842,
0.94815736877,1.),.UNSPECIFIED.) GEOMETRIC_REPRESENTATION_ITEM() 
RATIONAL_B_SPLINE_SURFACE((
    (1.,1.000000000002,0.999999999999,1.,1.,1.,1.,1.,1.,1.,1.,1.,1.,1.
      ,1.,1.,1.,1.000000000001,0.999999999997,1.000000000012
      ,0.999999999975,1.)
    ,(1.,1.000000000002,0.999999999999,1.,1.,1.,1.,1.,1.,1.,1.,1.,1.,1.
      ,1.,1.,1.,1.000000000001,0.999999999997,1.000000000012
,0.999999999975,1.))) REPRESENTATION_ITEM('') SURFACE() );
#3277 = CARTESIAN_POINT('',(-3.244829287063,406.27796884521,0.));
#3278 = CARTESIAN_POINT('',(-4.691765325467,406.35380838813,0.));
#3279 = CARTESIAN_POINT('',(-7.585395869324,406.60792045969,0.));
#3280 = CARTESIAN_POINT('',(-11.8634747865,407.28731733452,0.));
#3281 = CARTESIAN_POINT('',(-16.07803744204,408.26193480759,0.));
#3282 = CARTESIAN_POINT('',(-20.21107219021,409.5266265896,0.));
#3283 = CARTESIAN_POINT('',(-24.24454350253,411.07530086092,0.));
#3284 = CARTESIAN_POINT('',(-28.16054251975,412.9009131047,0.));
#3285 = CARTESIAN_POINT('',(-31.94153884515,414.995493962,0.));
#3286 = CARTESIAN_POINT('',(-35.57068044744,417.35038310376,0.));
#3287 = CARTESIAN_POINT('',(-39.03156780867,419.9561056627,0.));
#3288 = CARTESIAN_POINT('',(-42.30950640341,422.80372258841,0.));
#3289 = CARTESIAN_POINT('',(-45.38287302606,425.87674042939,0.));
#3290 = CARTESIAN_POINT('',(-48.22675202744,429.14904540363,0.));
#3291 = CARTESIAN_POINT('',(-50.83179588515,432.60688414214,0.));
#3292 = CARTESIAN_POINT('',(-53.18783016326,436.23530335481,0.));
#3293 = CARTESIAN_POINT('',(-55.28521345954,440.01878953607,0.));
#3294 = CARTESIAN_POINT('',(-57.11482578882,443.94125895454,0.));
#3295 = CARTESIAN_POINT('',(-58.66835633938,447.98702114686,0.));
#3296 = CARTESIAN_POINT('',(-59.93641650185,452.13385653031,0.));
#3297 = CARTESIAN_POINT('',(-60.58506270763,454.94564135035,0.));
#3298 = CARTESIAN_POINT('',(-60.86088537375,456.36284228665,0.));
#3299 = CARTESIAN_POINT('',(-3.176138344494,407.58867010958,
    7.60576107626E-03));
#3300 = CARTESIAN_POINT('',(-4.592443681306,407.66290418354,
    1.423644321651E-02));
#3301 = CARTESIAN_POINT('',(-7.424817932183,407.91163685879,
    3.584049973926E-02));
#3302 = CARTESIAN_POINT('',(-11.61233267923,408.57665134323,
    8.76602790617E-02));
#3303 = CARTESIAN_POINT('',(-15.73767576229,409.53063679233,
    0.154011827386));
#3304 = CARTESIAN_POINT('',(-19.78321683135,410.76855586548,
    0.229954083507));
#3305 = CARTESIAN_POINT('',(-23.73130215822,412.28444570156,
    0.310580091835));
#3306 = CARTESIAN_POINT('',(-27.5644020027,414.07141091197,0.39101617056
    ));
#3307 = CARTESIAN_POINT('',(-31.26535707524,416.12165084385,
    0.466318545608));
#3308 = CARTESIAN_POINT('',(-34.81767209119,418.42668850176,
    0.531784202236));
#3309 = CARTESIAN_POINT('',(-38.20529469982,420.97724959524,
    0.58172341761));
#3310 = CARTESIAN_POINT('',(-41.41384144931,423.76458430781,
    0.613857743468));
#3311 = CARTESIAN_POINT('',(-44.42214688337,426.77254834369,
    0.61292454834));
#3312 = CARTESIAN_POINT('',(-47.20582280105,429.97558073279,
    0.627431188718));
#3313 = CARTESIAN_POINT('',(-49.75571956097,433.36021925607,
    0.654419172488));
#3314 = CARTESIAN_POINT('',(-52.06187811344,436.91182717494,
    0.687527644944));
#3315 = CARTESIAN_POINT('',(-54.11486115848,440.61521939464,
    0.721366773763));
#3316 = CARTESIAN_POINT('',(-55.90574177514,444.45465266634,
    0.750309280691));
#3317 = CARTESIAN_POINT('',(-57.42638508623,448.4147686825,
    0.768728215454));
#3318 = CARTESIAN_POINT('',(-58.66760123315,452.47381823893,
    0.771047638493));
#3319 = CARTESIAN_POINT('',(-59.30251601727,455.22607938175,
    0.764965114862));
#3320 = CARTESIAN_POINT('',(-59.57249969548,456.61327909308,0.769140625)
  );
#3321 = DEFINITIONAL_REPRESENTATION('',(#3322),#3328);
#3322 = B_SPLINE_CURVE_WITH_KNOTS('',4,(#3323,#3324,#3325,#3326,#3327),
  .UNSPECIFIED.,.F.,.F.,(5,5),(0.,1.),.PIECEWISE_BEZIER_KNOTS.);
#3323 = CARTESIAN_POINT('',(3.,0.5909888098));
#3324 = CARTESIAN_POINT('',(2.750006279132,0.591491721761));
#3325 = CARTESIAN_POINT('',(2.500007901124,0.591987350004));
#3326 = CARTESIAN_POINT('',(2.250005599965,0.592475931028));
#3327 = CARTESIAN_POINT('',(2.,0.592957682026));
#3328 = ( GEOMETRIC_REPRESENTATION_CONTEXT(2) 
PARAMETRIC_REPRESENTATION_CONTEXT() REPRESENTATION_CONTEXT('2D SPACE',''
  ) );
#3329 = ADVANCED_FACE('',(#3330),#454,.F.);
#3330 = FACE_BOUND('',#3331,.F.);
#3331 = EDGE_LOOP('',(#3332,#3374,#3393,#3394));
#3332 = ORIENTED_EDGE('',*,*,#3333,.F.);
#3333 = EDGE_CURVE('',#3334,#2786,#3336,.T.);
#3334 = VERTEX_POINT('',#3335);
#3335 = CARTESIAN_POINT('',(-2.76399268908,415.45287769577,
    0.169401042153));
#3336 = SURFACE_CURVE('',#3337,(#3360,#3367),.PCURVE_S1.);
#3337 = ( BOUNDED_CURVE() B_SPLINE_CURVE(3,(#3338,#3339,#3340,#3341,
    #3342,#3343,#3344,#3345,#3346,#3347,#3348,#3349,#3350,#3351,#3352,
    #3353,#3354,#3355,#3356,#3357,#3358,#3359),.UNSPECIFIED.,.F.,.F.) 
B_SPLINE_CURVE_WITH_KNOTS((4,1,1,1,1,1,1,1,1,1,1,1,1,1,1,1,1,1,1,4),(0.,
    5.218380768594E-02,0.104924849979,0.158249728388,0.212037422186,
    0.266073258756,0.320098130577,0.373854821642,0.427134464983,
    0.479826107743,0.531971081028,0.583831321693,0.635742389654,
    0.687819682816,0.740024789052,0.792245645251,0.844362126807,
0.89631140842,0.94815736877,1.),.UNSPECIFIED.) CURVE() 
GEOMETRIC_REPRESENTATION_ITEM() RATIONAL_B_SPLINE_CURVE((1.,
    1.000000000002,0.999999999999,1.,1.,1.,1.,1.,1.,1.,1.,1.,1.,1.,1.,1.
    ,1.,1.000000000001,0.999999999997,1.000000000012,0.999999999975,1.))
 REPRESENTATION_ITEM('') );
#3338 = CARTESIAN_POINT('',(-2.76399268908,415.45287769577,
    0.169401042153));
#3339 = CARTESIAN_POINT('',(-3.996513810377,415.51747892336,
    0.317084417103));
#3340 = CARTESIAN_POINT('',(-6.461350312134,415.73393526871,
    0.798265676007));
#3341 = CARTESIAN_POINT('',(-10.10548003485,416.31265539131,
    1.952433488193));
#3342 = CARTESIAN_POINT('',(-13.695505684,417.14284870189,3.430263428136
    ));
#3343 = CARTESIAN_POINT('',(-17.21608467815,418.22013152041,
    5.121704587206));
#3344 = CARTESIAN_POINT('',(-20.65185409237,419.53931474543,
    6.917465681782));
#3345 = CARTESIAN_POINT('',(-23.98755890039,421.09439775552,
    8.708996526117));
#3346 = CARTESIAN_POINT('',(-27.2082664558,422.87859213497,
    10.38618578854));
#3347 = CARTESIAN_POINT('',(-30.29962195371,424.88452088979,
    11.844284504351));
#3348 = CARTESIAN_POINT('',(-33.2476560467,427.1041131905,
    12.956567028587));
#3349 = CARTESIAN_POINT('',(-36.03985172468,429.5297546242,
    13.672286104514));
#3350 = CARTESIAN_POINT('',(-38.65779002724,432.14739582947,
    13.651501303931));
#3351 = CARTESIAN_POINT('',(-41.08024744273,434.93479270773,
    13.974603748709));
#3352 = CARTESIAN_POINT('',(-43.29926161588,437.88022993964,
    14.575699750861));
#3353 = CARTESIAN_POINT('',(-45.30616581447,440.97097009555,
    15.313115728289));
#3354 = CARTESIAN_POINT('',(-47.09274735212,444.19379854648,
    16.066805415635));
#3355 = CARTESIAN_POINT('',(-48.65123769312,447.5350149356,
    16.711433979028));
#3356 = CARTESIAN_POINT('',(-49.9745575672,450.98125390206,
    17.121673889677));
#3357 = CARTESIAN_POINT('',(-51.05470962145,454.51358846935,
    17.173333766404));
#3358 = CARTESIAN_POINT('',(-51.60723587405,456.90870761601,
    17.037859376566));
#3359 = CARTESIAN_POINT('',(-51.84218562583,458.11589993167,17.130859375
    ));
#3360 = PCURVE('',#454,#3361);
#3361 = DEFINITIONAL_REPRESENTATION('',(#3362),#3366);
#3362 = LINE('',#3363,#3364);
#3363 = CARTESIAN_POINT('',(9.,0.));
#3364 = VECTOR('',#3365,1.);
#3365 = DIRECTION('',(0.,1.));
#3366 = ( GEOMETRIC_REPRESENTATION_CONTEXT(2) 
PARAMETRIC_REPRESENTATION_CONTEXT() REPRESENTATION_CONTEXT('2D SPACE',''
  ) );
#3367 = PCURVE('',#2834,#3368);
#3368 = DEFINITIONAL_REPRESENTATION('',(#3369),#3373);
#3369 = LINE('',#3370,#3371);
#3370 = CARTESIAN_POINT('',(9.,0.));
#3371 = VECTOR('',#3372,1.);
#3372 = DIRECTION('',(0.,1.));
#3373 = ( GEOMETRIC_REPRESENTATION_CONTEXT(2) 
PARAMETRIC_REPRESENTATION_CONTEXT() REPRESENTATION_CONTEXT('2D SPACE',''
  ) );
#3374 = ORIENTED_EDGE('',*,*,#3375,.T.);
#3375 = EDGE_CURVE('',#3334,#418,#3376,.T.);
#3376 = SURFACE_CURVE('',#3377,(#3380,#3387),.PCURVE_S1.);
#3377 = B_SPLINE_CURVE_WITH_KNOTS('',1,(#3378,#3379),.UNSPECIFIED.,.F.,
  .F.,(2,2),(9.,10.),.PIECEWISE_BEZIER_KNOTS.);
#3378 = CARTESIAN_POINT('',(-2.76399268908,415.45287769577,
    0.169401042153));
#3379 = CARTESIAN_POINT('',(-2.695301746512,416.76357896014,
    0.177006803229));
#3380 = PCURVE('',#454,#3381);
#3381 = DEFINITIONAL_REPRESENTATION('',(#3382),#3386);
#3382 = LINE('',#3383,#3384);
#3383 = CARTESIAN_POINT('',(0.,0.));
#3384 = VECTOR('',#3385,1.);
#3385 = DIRECTION('',(1.,0.));
#3386 = ( GEOMETRIC_REPRESENTATION_CONTEXT(2) 
PARAMETRIC_REPRESENTATION_CONTEXT() REPRESENTATION_CONTEXT('2D SPACE',''
  ) );
#3387 = PCURVE('',#521,#3388);
#3388 = DEFINITIONAL_REPRESENTATION('',(#3389),#3392);
#3389 = B_SPLINE_CURVE_WITH_KNOTS('',1,(#3390,#3391),.UNSPECIFIED.,.F.,
  .F.,(2,2),(9.,10.),.PIECEWISE_BEZIER_KNOTS.);
#3390 = CARTESIAN_POINT('',(16.822262758996,0.346019757432));
#3391 = CARTESIAN_POINT('',(15.510151625304,0.378859831186));
#3392 = ( GEOMETRIC_REPRESENTATION_CONTEXT(2) 
PARAMETRIC_REPRESENTATION_CONTEXT() REPRESENTATION_CONTEXT('2D SPACE',''
  ) );
#3393 = ORIENTED_EDGE('',*,*,#417,.T.);
#3394 = ORIENTED_EDGE('',*,*,#2785,.T.);
#3395 = ADVANCED_FACE('',(#3396),#1223,.T.);
#3396 = FACE_BOUND('',#3397,.T.);
#3397 = EDGE_LOOP('',(#3398,#3399,#3400,#3401));
#3398 = ORIENTED_EDGE('',*,*,#1169,.T.);
#3399 = ORIENTED_EDGE('',*,*,#1795,.T.);
#3400 = ORIENTED_EDGE('',*,*,#1821,.T.);
#3401 = ORIENTED_EDGE('',*,*,#3402,.F.);
#3402 = EDGE_CURVE('',#533,#1822,#3403,.T.);
#3403 = SURFACE_CURVE('',#3404,(#3408,#3415),.PCURVE_S1.);
#3404 = LINE('',#3405,#3406);
#3405 = CARTESIAN_POINT('',(-34.388,449.004,0.));
#3406 = VECTOR('',#3407,1.);
#3407 = DIRECTION('',(-0.,-0.,1.));
#3408 = PCURVE('',#1223,#3409);
#3409 = DEFINITIONAL_REPRESENTATION('',(#3410),#3414);
#3410 = LINE('',#3411,#3412);
#3411 = CARTESIAN_POINT('',(1.,0.));
#3412 = VECTOR('',#3413,1.);
#3413 = DIRECTION('',(0.,-1.));
#3414 = ( GEOMETRIC_REPRESENTATION_CONTEXT(2) 
PARAMETRIC_REPRESENTATION_CONTEXT() REPRESENTATION_CONTEXT('2D SPACE',''
  ) );
#3415 = PCURVE('',#952,#3416);
#3416 = DEFINITIONAL_REPRESENTATION('',(#3417),#3421);
#3417 = LINE('',#3418,#3419);
#3418 = CARTESIAN_POINT('',(0.,0.));
#3419 = VECTOR('',#3420,1.);
#3420 = DIRECTION('',(0.,-1.));
#3421 = ( GEOMETRIC_REPRESENTATION_CONTEXT(2) 
PARAMETRIC_REPRESENTATION_CONTEXT() REPRESENTATION_CONTEXT('2D SPACE',''
  ) );
#3422 = ADVANCED_FACE('',(#3423),#952,.T.);
#3423 = FACE_BOUND('',#3424,.T.);
#3424 = EDGE_LOOP('',(#3425,#3426,#3427,#3428,#3451,#3481));
#3425 = ORIENTED_EDGE('',*,*,#532,.T.);
#3426 = ORIENTED_EDGE('',*,*,#3402,.T.);
#3427 = ORIENTED_EDGE('',*,*,#1846,.T.);
#3428 = ORIENTED_EDGE('',*,*,#3429,.F.);
#3429 = EDGE_CURVE('',#3430,#1847,#3432,.T.);
#3430 = VERTEX_POINT('',#3431);
#3431 = CARTESIAN_POINT('',(9.999999999988E-04,428.947,0.));
#3432 = SURFACE_CURVE('',#3433,(#3437,#3444),.PCURVE_S1.);
#3433 = LINE('',#3434,#3435);
#3434 = CARTESIAN_POINT('',(9.999999999988E-04,428.947,0.));
#3435 = VECTOR('',#3436,1.);
#3436 = DIRECTION('',(-0.,-0.,1.));
#3437 = PCURVE('',#952,#3438);
#3438 = DEFINITIONAL_REPRESENTATION('',(#3439),#3443);
#3439 = LINE('',#3440,#3441);
#3440 = CARTESIAN_POINT('',(1.,0.));
#3441 = VECTOR('',#3442,1.);
#3442 = DIRECTION('',(0.,-1.));
#3443 = ( GEOMETRIC_REPRESENTATION_CONTEXT(2) 
PARAMETRIC_REPRESENTATION_CONTEXT() REPRESENTATION_CONTEXT('2D SPACE',''
  ) );
#3444 = PCURVE('',#1889,#3445);
#3445 = DEFINITIONAL_REPRESENTATION('',(#3446),#3450);
#3446 = LINE('',#3447,#3448);
#3447 = CARTESIAN_POINT('',(0.,0.));
#3448 = VECTOR('',#3449,1.);
#3449 = DIRECTION('',(0.,-1.));
#3450 = ( GEOMETRIC_REPRESENTATION_CONTEXT(2) 
PARAMETRIC_REPRESENTATION_CONTEXT() REPRESENTATION_CONTEXT('2D SPACE',''
  ) );
#3451 = ORIENTED_EDGE('',*,*,#3452,.F.);
#3452 = EDGE_CURVE('',#3453,#3430,#3455,.T.);
#3453 = VERTEX_POINT('',#3454);
#3454 = CARTESIAN_POINT('',(-2.053960337342,429.00110205199,0.));
#3455 = SURFACE_CURVE('',#3456,(#3461,#3468),.PCURVE_S1.);
#3456 = B_SPLINE_CURVE_WITH_KNOTS('',3,(#3457,#3458,#3459,#3460),
  .UNSPECIFIED.,.F.,.F.,(4,4),(0.,1.),.PIECEWISE_BEZIER_KNOTS.);
#3457 = CARTESIAN_POINT('',(-34.388,449.004,0.));
#3458 = CARTESIAN_POINT('',(-27.556,437.191,0.));
#3459 = CARTESIAN_POINT('',(-14.742,428.951,0.));
#3460 = CARTESIAN_POINT('',(1.E-03,428.947,0.));
#3461 = PCURVE('',#952,#3462);
#3462 = DEFINITIONAL_REPRESENTATION('',(#3463),#3467);
#3463 = LINE('',#3464,#3465);
#3464 = CARTESIAN_POINT('',(0.,0.));
#3465 = VECTOR('',#3466,1.);
#3466 = DIRECTION('',(1.,0.));
#3467 = ( GEOMETRIC_REPRESENTATION_CONTEXT(2) 
PARAMETRIC_REPRESENTATION_CONTEXT() REPRESENTATION_CONTEXT('2D SPACE',''
  ) );
#3468 = PCURVE('',#3469,#3474);
#3469 = PLANE('',#3470);
#3470 = AXIS2_PLACEMENT_3D('',#3471,#3472,#3473);
#3471 = CARTESIAN_POINT('',(8.069874045631E-04,231.618795862,0.));
#3472 = DIRECTION('',(0.,-0.,-1.));
#3473 = DIRECTION('',(-1.,0.,0.));
#3474 = DEFINITIONAL_REPRESENTATION('',(#3475),#3480);
#3475 = B_SPLINE_CURVE_WITH_KNOTS('',3,(#3476,#3477,#3478,#3479),
  .UNSPECIFIED.,.F.,.F.,(4,4),(0.,1.),.PIECEWISE_BEZIER_KNOTS.);
#3476 = CARTESIAN_POINT('',(34.388806987405,217.38520413799));
#3477 = CARTESIAN_POINT('',(27.556806987405,205.57220413799));
#3478 = CARTESIAN_POINT('',(14.742806987405,197.33220413799));
#3479 = CARTESIAN_POINT('',(-1.930125954369E-04,197.32820413799));
#3480 = ( GEOMETRIC_REPRESENTATION_CONTEXT(2) 
PARAMETRIC_REPRESENTATION_CONTEXT() REPRESENTATION_CONTEXT('2D SPACE',''
  ) );
#3481 = ORIENTED_EDGE('',*,*,#3482,.F.);
#3482 = EDGE_CURVE('',#507,#3453,#3483,.T.);
#3483 = SURFACE_CURVE('',#3484,(#3487,#3493),.PCURVE_S1.);
#3484 = B_SPLINE_CURVE_WITH_KNOTS('',1,(#3485,#3486),.UNSPECIFIED.,.F.,
  .F.,(2,2),(0.,1.),.PIECEWISE_BEZIER_KNOTS.);
#3485 = CARTESIAN_POINT('',(-2.053960337342,429.00110205199,
    0.239423780004));
#3486 = CARTESIAN_POINT('',(-2.053960337342,429.00110205199,
    -5.999999992401E-07));
#3487 = PCURVE('',#952,#3488);
#3488 = DEFINITIONAL_REPRESENTATION('',(#3489),#3492);
#3489 = B_SPLINE_CURVE_WITH_KNOTS('',1,(#3490,#3491),.UNSPECIFIED.,.F.,
  .F.,(2,2),(0.,1.),.PIECEWISE_BEZIER_KNOTS.);
#3490 = CARTESIAN_POINT('',(0.953242749803,-0.239423780004));
#3491 = CARTESIAN_POINT('',(0.953242749803,5.999999999895E-07));
#3492 = ( GEOMETRIC_REPRESENTATION_CONTEXT(2) 
PARAMETRIC_REPRESENTATION_CONTEXT() REPRESENTATION_CONTEXT('2D SPACE',''
  ) );
#3493 = PCURVE('',#521,#3494);
#3494 = DEFINITIONAL_REPRESENTATION('',(#3495),#3498);
#3495 = B_SPLINE_CURVE_WITH_KNOTS('',1,(#3496,#3497),.UNSPECIFIED.,.F.,
  .F.,(2,2),(0.,1.),.PIECEWISE_BEZIER_KNOTS.);
#3496 = CARTESIAN_POINT('',(3.259299854904,0.676881651772));
#3497 = CARTESIAN_POINT('',(3.254696391058,0.437501531751));
#3498 = ( GEOMETRIC_REPRESENTATION_CONTEXT(2) 
PARAMETRIC_REPRESENTATION_CONTEXT() REPRESENTATION_CONTEXT('2D SPACE',''
  ) );
#3499 = ADVANCED_FACE('',(#3500),#521,.T.);
#3500 = FACE_BOUND('',#3501,.T.);
#3501 = EDGE_LOOP('',(#3502,#3503,#3504,#3525,#3546,#3567,#3588,#3609,
    #3630,#3651,#3672,#3691));
#3502 = ORIENTED_EDGE('',*,*,#506,.T.);
#3503 = ORIENTED_EDGE('',*,*,#3482,.T.);
#3504 = ORIENTED_EDGE('',*,*,#3505,.F.);
#3505 = EDGE_CURVE('',#3506,#3453,#3508,.T.);
#3506 = VERTEX_POINT('',#3507);
#3507 = CARTESIAN_POINT('',(-3.209337151434,406.95519913647,0.));
#3508 = SURFACE_CURVE('',#3509,(#3513,#3519),.PCURVE_S1.);
#3509 = LINE('',#3510,#3511);
#3510 = CARTESIAN_POINT('',(-7.124230609011,332.25458195456,
    -2.775557561563E-17));
#3511 = VECTOR('',#3512,1.);
#3512 = DIRECTION('',(5.233595624294E-02,0.998629534755,0.));
#3513 = PCURVE('',#521,#3514);
#3514 = DEFINITIONAL_REPRESENTATION('',(#3515),#3518);
#3515 = B_SPLINE_CURVE_WITH_KNOTS('',1,(#3516,#3517),.UNSPECIFIED.,.F.,
  .F.,(2,2),(74.1249725894,100.13458797401),.PIECEWISE_BEZIER_KNOTS.);
#3516 = CARTESIAN_POINT('',(26.004807247892,0.));
#3517 = CARTESIAN_POINT('',(-1.42108547152E-14,0.500092447075));
#3518 = ( GEOMETRIC_REPRESENTATION_CONTEXT(2) 
PARAMETRIC_REPRESENTATION_CONTEXT() REPRESENTATION_CONTEXT('2D SPACE',''
  ) );
#3519 = PCURVE('',#3469,#3520);
#3520 = DEFINITIONAL_REPRESENTATION('',(#3521),#3524);
#3521 = B_SPLINE_CURVE_WITH_KNOTS('',1,(#3522,#3523),.UNSPECIFIED.,.F.,
  .F.,(2,2),(74.1249725894,100.13458797401),.PIECEWISE_BEZIER_KNOTS.);
#3522 = CARTESIAN_POINT('',(3.245636274467,174.65917298321));
#3523 = CARTESIAN_POINT('',(1.884398181802,200.63314309389));
#3524 = ( GEOMETRIC_REPRESENTATION_CONTEXT(2) 
PARAMETRIC_REPRESENTATION_CONTEXT() REPRESENTATION_CONTEXT('2D SPACE',''
  ) );
#3525 = ORIENTED_EDGE('',*,*,#3526,.F.);
#3526 = EDGE_CURVE('',#3527,#3506,#3529,.T.);
#3527 = VERTEX_POINT('',#3528);
#3528 = CARTESIAN_POINT('',(-3.209337151434,406.95519913647,
    3.929844220782E-03));
#3529 = SURFACE_CURVE('',#3530,(#3534,#3540),.PCURVE_S1.);
#3530 = LINE('',#3531,#3532);
#3531 = CARTESIAN_POINT('',(-3.209337151434,406.95519913647,0.));
#3532 = VECTOR('',#3533,1.);
#3533 = DIRECTION('',(-0.,-0.,-1.));
#3534 = PCURVE('',#521,#3535);
#3535 = DEFINITIONAL_REPRESENTATION('',(#3536),#3539);
#3536 = B_SPLINE_CURVE_WITH_KNOTS('',1,(#3537,#3538),.UNSPECIFIED.,.F.,
  .F.,(2,2),(-0.781665951138,6.E-07),.PIECEWISE_BEZIER_KNOTS.);
#3537 = CARTESIAN_POINT('',(25.34180218563,0.794560573951));
#3538 = CARTESIAN_POINT('',(25.326772915394,1.303852166787E-02));
#3539 = ( GEOMETRIC_REPRESENTATION_CONTEXT(2) 
PARAMETRIC_REPRESENTATION_CONTEXT() REPRESENTATION_CONTEXT('2D SPACE',''
  ) );
#3540 = PCURVE('',#2651,#3541);
#3541 = DEFINITIONAL_REPRESENTATION('',(#3542),#3545);
#3542 = B_SPLINE_CURVE_WITH_KNOTS('',1,(#3543,#3544),.UNSPECIFIED.,.F.,
  .F.,(2,2),(-0.781665951138,6.E-07),.PIECEWISE_BEZIER_KNOTS.);
#3543 = CARTESIAN_POINT('',(-1.649153000041,-0.781665951138));
#3544 = CARTESIAN_POINT('',(-1.649153000041,6.E-07));
#3545 = ( GEOMETRIC_REPRESENTATION_CONTEXT(2) 
PARAMETRIC_REPRESENTATION_CONTEXT() REPRESENTATION_CONTEXT('2D SPACE',''
  ) );
#3546 = ORIENTED_EDGE('',*,*,#3547,.T.);
#3547 = EDGE_CURVE('',#3527,#3548,#3550,.T.);
#3548 = VERTEX_POINT('',#3549);
#3549 = CARTESIAN_POINT('',(-3.176138344494,407.58867010958,
    7.60576107626E-03));
#3550 = SURFACE_CURVE('',#3551,(#3554,#3560),.PCURVE_S1.);
#3551 = B_SPLINE_CURVE_WITH_KNOTS('',1,(#3552,#3553),.UNSPECIFIED.,.F.,
  .F.,(2,2),(2.,3.),.PIECEWISE_BEZIER_KNOTS.);
#3552 = CARTESIAN_POINT('',(-3.244829287063,406.27796884521,0.));
#3553 = CARTESIAN_POINT('',(-3.176138344494,407.58867010958,
    7.60576107626E-03));
#3554 = PCURVE('',#521,#3555);
#3555 = DEFINITIONAL_REPRESENTATION('',(#3556),#3559);
#3556 = B_SPLINE_CURVE_WITH_KNOTS('',1,(#3557,#3558),.UNSPECIFIED.,.F.,
  .F.,(2,2),(2.,3.),.PIECEWISE_BEZIER_KNOTS.);
#3557 = CARTESIAN_POINT('',(26.004807247892,0.));
#3558 = CARTESIAN_POINT('',(24.6926961142,3.284007375413E-02));
#3559 = ( GEOMETRIC_REPRESENTATION_CONTEXT(2) 
PARAMETRIC_REPRESENTATION_CONTEXT() REPRESENTATION_CONTEXT('2D SPACE',''
  ) );
#3560 = PCURVE('',#3276,#3561);
#3561 = DEFINITIONAL_REPRESENTATION('',(#3562),#3566);
#3562 = LINE('',#3563,#3564);
#3563 = CARTESIAN_POINT('',(0.,0.));
#3564 = VECTOR('',#3565,1.);
#3565 = DIRECTION('',(1.,0.));
#3566 = ( GEOMETRIC_REPRESENTATION_CONTEXT(2) 
PARAMETRIC_REPRESENTATION_CONTEXT() REPRESENTATION_CONTEXT('2D SPACE',''
  ) );
#3567 = ORIENTED_EDGE('',*,*,#3568,.T.);
#3568 = EDGE_CURVE('',#3548,#3569,#3571,.T.);
#3569 = VERTEX_POINT('',#3570);
#3570 = CARTESIAN_POINT('',(-3.107447401925,408.89937137394,
    2.765731300458E-02));
#3571 = SURFACE_CURVE('',#3572,(#3575,#3581),.PCURVE_S1.);
#3572 = B_SPLINE_CURVE_WITH_KNOTS('',1,(#3573,#3574),.UNSPECIFIED.,.F.,
  .F.,(2,2),(3.,4.),.PIECEWISE_BEZIER_KNOTS.);
#3573 = CARTESIAN_POINT('',(-3.176138344494,407.58867010958,
    7.60576107626E-03));
#3574 = CARTESIAN_POINT('',(-3.107447401925,408.89937137394,
    2.765731300458E-02));
#3575 = PCURVE('',#521,#3576);
#3576 = DEFINITIONAL_REPRESENTATION('',(#3577),#3580);
#3577 = B_SPLINE_CURVE_WITH_KNOTS('',1,(#3578,#3579),.UNSPECIFIED.,.F.,
  .F.,(2,2),(3.,4.),.PIECEWISE_BEZIER_KNOTS.);
#3578 = CARTESIAN_POINT('',(24.6926961142,3.284007375413E-02));
#3579 = CARTESIAN_POINT('',(23.380824278396,7.81236376318E-02));
#3580 = ( GEOMETRIC_REPRESENTATION_CONTEXT(2) 
PARAMETRIC_REPRESENTATION_CONTEXT() REPRESENTATION_CONTEXT('2D SPACE',''
  ) );
#3581 = PCURVE('',#3204,#3582);
#3582 = DEFINITIONAL_REPRESENTATION('',(#3583),#3587);
#3583 = LINE('',#3584,#3585);
#3584 = CARTESIAN_POINT('',(0.,0.));
#3585 = VECTOR('',#3586,1.);
#3586 = DIRECTION('',(1.,0.));
#3587 = ( GEOMETRIC_REPRESENTATION_CONTEXT(2) 
PARAMETRIC_REPRESENTATION_CONTEXT() REPRESENTATION_CONTEXT('2D SPACE',''
  ) );
#3588 = ORIENTED_EDGE('',*,*,#3589,.T.);
#3589 = EDGE_CURVE('',#3569,#3590,#3592,.T.);
#3590 = VERTEX_POINT('',#3591);
#3591 = CARTESIAN_POINT('',(-3.038756459356,410.21007263831,
    5.600605883428E-02));
#3592 = SURFACE_CURVE('',#3593,(#3596,#3602),.PCURVE_S1.);
#3593 = B_SPLINE_CURVE_WITH_KNOTS('',1,(#3594,#3595),.UNSPECIFIED.,.F.,
  .F.,(2,2),(4.,5.),.PIECEWISE_BEZIER_KNOTS.);
#3594 = CARTESIAN_POINT('',(-3.107447401925,408.89937137394,
    2.765731300458E-02));
#3595 = CARTESIAN_POINT('',(-3.038756459356,410.21007263831,
    5.600605883428E-02));
#3596 = PCURVE('',#521,#3597);
#3597 = DEFINITIONAL_REPRESENTATION('',(#3598),#3601);
#3598 = B_SPLINE_CURVE_WITH_KNOTS('',1,(#3599,#3600),.UNSPECIFIED.,.F.,
  .F.,(2,2),(4.,5.),.PIECEWISE_BEZIER_KNOTS.);
#3599 = CARTESIAN_POINT('',(23.380824278396,7.81236376318E-02));
#3600 = CARTESIAN_POINT('',(22.069111974516,0.131702861592));
#3601 = ( GEOMETRIC_REPRESENTATION_CONTEXT(2) 
PARAMETRIC_REPRESENTATION_CONTEXT() REPRESENTATION_CONTEXT('2D SPACE',''
  ) );
#3602 = PCURVE('',#3130,#3603);
#3603 = DEFINITIONAL_REPRESENTATION('',(#3604),#3608);
#3604 = LINE('',#3605,#3606);
#3605 = CARTESIAN_POINT('',(0.,0.));
#3606 = VECTOR('',#3607,1.);
#3607 = DIRECTION('',(1.,0.));
#3608 = ( GEOMETRIC_REPRESENTATION_CONTEXT(2) 
PARAMETRIC_REPRESENTATION_CONTEXT() REPRESENTATION_CONTEXT('2D SPACE',''
  ) );
#3609 = ORIENTED_EDGE('',*,*,#3610,.T.);
#3610 = EDGE_CURVE('',#3590,#3611,#3613,.T.);
#3611 = VERTEX_POINT('',#3612);
#3612 = CARTESIAN_POINT('',(-2.970065516787,411.52077390267,
    8.850340161467E-02));
#3613 = SURFACE_CURVE('',#3614,(#3617,#3623),.PCURVE_S1.);
#3614 = B_SPLINE_CURVE_WITH_KNOTS('',1,(#3615,#3616),.UNSPECIFIED.,.F.,
  .F.,(2,2),(5.,6.),.PIECEWISE_BEZIER_KNOTS.);
#3615 = CARTESIAN_POINT('',(-3.038756459356,410.21007263831,
    5.600605883428E-02));
#3616 = CARTESIAN_POINT('',(-2.970065516787,411.52077390267,
    8.850340161467E-02));
#3617 = PCURVE('',#521,#3618);
#3618 = DEFINITIONAL_REPRESENTATION('',(#3619),#3622);
#3619 = B_SPLINE_CURVE_WITH_KNOTS('',1,(#3620,#3621),.UNSPECIFIED.,.F.,
  .F.,(2,2),(5.,6.),.PIECEWISE_BEZIER_KNOTS.);
#3620 = CARTESIAN_POINT('',(22.069111974516,0.131702861592));
#3621 = CARTESIAN_POINT('',(20.757479436598,0.189429915593));
#3622 = ( GEOMETRIC_REPRESENTATION_CONTEXT(2) 
PARAMETRIC_REPRESENTATION_CONTEXT() REPRESENTATION_CONTEXT('2D SPACE',''
  ) );
#3623 = PCURVE('',#3056,#3624);
#3624 = DEFINITIONAL_REPRESENTATION('',(#3625),#3629);
#3625 = LINE('',#3626,#3627);
#3626 = CARTESIAN_POINT('',(0.,0.));
#3627 = VECTOR('',#3628,1.);
#3628 = DIRECTION('',(1.,0.));
#3629 = ( GEOMETRIC_REPRESENTATION_CONTEXT(2) 
PARAMETRIC_REPRESENTATION_CONTEXT() REPRESENTATION_CONTEXT('2D SPACE',''
  ) );
#3630 = ORIENTED_EDGE('',*,*,#3631,.T.);
#3631 = EDGE_CURVE('',#3611,#3632,#3634,.T.);
#3632 = VERTEX_POINT('',#3633);
#3633 = CARTESIAN_POINT('',(-2.901374574218,412.83147516704,
    0.121000744395));
#3634 = SURFACE_CURVE('',#3635,(#3638,#3644),.PCURVE_S1.);
#3635 = B_SPLINE_CURVE_WITH_KNOTS('',1,(#3636,#3637),.UNSPECIFIED.,.F.,
  .F.,(2,2),(6.,7.),.PIECEWISE_BEZIER_KNOTS.);
#3636 = CARTESIAN_POINT('',(-2.970065516787,411.52077390267,
    8.850340161467E-02));
#3637 = CARTESIAN_POINT('',(-2.901374574218,412.83147516704,
    0.121000744395));
#3638 = PCURVE('',#521,#3639);
#3639 = DEFINITIONAL_REPRESENTATION('',(#3640),#3643);
#3640 = B_SPLINE_CURVE_WITH_KNOTS('',1,(#3641,#3642),.UNSPECIFIED.,.F.,
  .F.,(2,2),(6.,7.),.PIECEWISE_BEZIER_KNOTS.);
#3641 = CARTESIAN_POINT('',(20.757479436598,0.189429915593));
#3642 = CARTESIAN_POINT('',(19.44584689868,0.247156969594));
#3643 = ( GEOMETRIC_REPRESENTATION_CONTEXT(2) 
PARAMETRIC_REPRESENTATION_CONTEXT() REPRESENTATION_CONTEXT('2D SPACE',''
  ) );
#3644 = PCURVE('',#2982,#3645);
#3645 = DEFINITIONAL_REPRESENTATION('',(#3646),#3650);
#3646 = LINE('',#3647,#3648);
#3647 = CARTESIAN_POINT('',(0.,0.));
#3648 = VECTOR('',#3649,1.);
#3649 = DIRECTION('',(1.,0.));
#3650 = ( GEOMETRIC_REPRESENTATION_CONTEXT(2) 
PARAMETRIC_REPRESENTATION_CONTEXT() REPRESENTATION_CONTEXT('2D SPACE',''
  ) );
#3651 = ORIENTED_EDGE('',*,*,#3652,.T.);
#3652 = EDGE_CURVE('',#3632,#3653,#3655,.T.);
#3653 = VERTEX_POINT('',#3654);
#3654 = CARTESIAN_POINT('',(-2.832683631649,414.1421764314,
    0.149349490225));
#3655 = SURFACE_CURVE('',#3656,(#3659,#3665),.PCURVE_S1.);
#3656 = B_SPLINE_CURVE_WITH_KNOTS('',1,(#3657,#3658),.UNSPECIFIED.,.F.,
  .F.,(2,2),(7.,8.),.PIECEWISE_BEZIER_KNOTS.);
#3657 = CARTESIAN_POINT('',(-2.901374574218,412.83147516704,
    0.121000744395));
#3658 = CARTESIAN_POINT('',(-2.832683631649,414.1421764314,
    0.149349490225));
#3659 = PCURVE('',#521,#3660);
#3660 = DEFINITIONAL_REPRESENTATION('',(#3661),#3664);
#3661 = B_SPLINE_CURVE_WITH_KNOTS('',1,(#3662,#3663),.UNSPECIFIED.,.F.,
  .F.,(2,2),(7.,8.),.PIECEWISE_BEZIER_KNOTS.);
#3662 = CARTESIAN_POINT('',(19.44584689868,0.247156969594));
#3663 = CARTESIAN_POINT('',(18.134134594801,0.300736193554));
#3664 = ( GEOMETRIC_REPRESENTATION_CONTEXT(2) 
PARAMETRIC_REPRESENTATION_CONTEXT() REPRESENTATION_CONTEXT('2D SPACE',''
  ) );
#3665 = PCURVE('',#2908,#3666);
#3666 = DEFINITIONAL_REPRESENTATION('',(#3667),#3671);
#3667 = LINE('',#3668,#3669);
#3668 = CARTESIAN_POINT('',(0.,0.));
#3669 = VECTOR('',#3670,1.);
#3670 = DIRECTION('',(1.,0.));
#3671 = ( GEOMETRIC_REPRESENTATION_CONTEXT(2) 
PARAMETRIC_REPRESENTATION_CONTEXT() REPRESENTATION_CONTEXT('2D SPACE',''
  ) );
#3672 = ORIENTED_EDGE('',*,*,#3673,.T.);
#3673 = EDGE_CURVE('',#3653,#3334,#3674,.T.);
#3674 = SURFACE_CURVE('',#3675,(#3678,#3684),.PCURVE_S1.);
#3675 = B_SPLINE_CURVE_WITH_KNOTS('',1,(#3676,#3677),.UNSPECIFIED.,.F.,
  .F.,(2,2),(8.,9.),.PIECEWISE_BEZIER_KNOTS.);
#3676 = CARTESIAN_POINT('',(-2.832683631649,414.1421764314,
    0.149349490225));
#3677 = CARTESIAN_POINT('',(-2.76399268908,415.45287769577,
    0.169401042153));
#3678 = PCURVE('',#521,#3679);
#3679 = DEFINITIONAL_REPRESENTATION('',(#3680),#3683);
#3680 = B_SPLINE_CURVE_WITH_KNOTS('',1,(#3681,#3682),.UNSPECIFIED.,.F.,
  .F.,(2,2),(8.,9.),.PIECEWISE_BEZIER_KNOTS.);
#3681 = CARTESIAN_POINT('',(18.134134594801,0.300736193554));
#3682 = CARTESIAN_POINT('',(16.822262758996,0.346019757432));
#3683 = ( GEOMETRIC_REPRESENTATION_CONTEXT(2) 
PARAMETRIC_REPRESENTATION_CONTEXT() REPRESENTATION_CONTEXT('2D SPACE',''
  ) );
#3684 = PCURVE('',#2834,#3685);
#3685 = DEFINITIONAL_REPRESENTATION('',(#3686),#3690);
#3686 = LINE('',#3687,#3688);
#3687 = CARTESIAN_POINT('',(0.,0.));
#3688 = VECTOR('',#3689,1.);
#3689 = DIRECTION('',(1.,0.));
#3690 = ( GEOMETRIC_REPRESENTATION_CONTEXT(2) 
PARAMETRIC_REPRESENTATION_CONTEXT() REPRESENTATION_CONTEXT('2D SPACE',''
  ) );
#3691 = ORIENTED_EDGE('',*,*,#3375,.T.);
#3692 = ADVANCED_FACE('',(#3693),#1451,.F.);
#3693 = FACE_BOUND('',#3694,.T.);
#3694 = EDGE_LOOP('',(#3695,#3696,#3717,#3718,#3719));
#3695 = ORIENTED_EDGE('',*,*,#1497,.T.);
#3696 = ORIENTED_EDGE('',*,*,#3697,.T.);
#3697 = EDGE_CURVE('',#1366,#2701,#3698,.T.);
#3698 = SEAM_CURVE('',#3699,(#3703,#3710),.PCURVE_S1.);
#3699 = LINE('',#3700,#3701);
#3700 = CARTESIAN_POINT('',(-30.36,436.383,0.));
#3701 = VECTOR('',#3702,1.);
#3702 = DIRECTION('',(-0.,-0.,1.));
#3703 = PCURVE('',#1451,#3704);
#3704 = DEFINITIONAL_REPRESENTATION('',(#3705),#3709);
#3705 = LINE('',#3706,#3707);
#3706 = CARTESIAN_POINT('',(-6.28318530718,0.));
#3707 = VECTOR('',#3708,1.);
#3708 = DIRECTION('',(-0.,-1.));
#3709 = ( GEOMETRIC_REPRESENTATION_CONTEXT(2) 
PARAMETRIC_REPRESENTATION_CONTEXT() REPRESENTATION_CONTEXT('2D SPACE',''
  ) );
#3710 = PCURVE('',#1451,#3711);
#3711 = DEFINITIONAL_REPRESENTATION('',(#3712),#3716);
#3712 = LINE('',#3713,#3714);
#3713 = CARTESIAN_POINT('',(-0.,0.));
#3714 = VECTOR('',#3715,1.);
#3715 = DIRECTION('',(-0.,-1.));
#3716 = ( GEOMETRIC_REPRESENTATION_CONTEXT(2) 
PARAMETRIC_REPRESENTATION_CONTEXT() REPRESENTATION_CONTEXT('2D SPACE',''
  ) );
#3717 = ORIENTED_EDGE('',*,*,#2700,.T.);
#3718 = ORIENTED_EDGE('',*,*,#3697,.F.);
#3719 = ORIENTED_EDGE('',*,*,#1365,.T.);
#3720 = ADVANCED_FACE('',(#3721),#2210,.T.);
#3721 = FACE_BOUND('',#3722,.T.);
#3722 = EDGE_LOOP('',(#3723,#3746,#3747,#3748));
#3723 = ORIENTED_EDGE('',*,*,#3724,.T.);
#3724 = EDGE_CURVE('',#3725,#2167,#3727,.T.);
#3725 = VERTEX_POINT('',#3726);
#3726 = CARTESIAN_POINT('',(-56.125,306.553,0.));
#3727 = SURFACE_CURVE('',#3728,(#3732,#3739),.PCURVE_S1.);
#3728 = LINE('',#3729,#3730);
#3729 = CARTESIAN_POINT('',(-56.125,306.553,0.));
#3730 = VECTOR('',#3731,1.);
#3731 = DIRECTION('',(-0.,-0.,1.));
#3732 = PCURVE('',#2210,#3733);
#3733 = DEFINITIONAL_REPRESENTATION('',(#3734),#3738);
#3734 = LINE('',#3735,#3736);
#3735 = CARTESIAN_POINT('',(0.,0.));
#3736 = VECTOR('',#3737,1.);
#3737 = DIRECTION('',(0.,-1.));
#3738 = ( GEOMETRIC_REPRESENTATION_CONTEXT(2) 
PARAMETRIC_REPRESENTATION_CONTEXT() REPRESENTATION_CONTEXT('2D SPACE',''
  ) );
#3739 = PCURVE('',#2182,#3740);
#3740 = DEFINITIONAL_REPRESENTATION('',(#3741),#3745);
#3741 = LINE('',#3742,#3743);
#3742 = CARTESIAN_POINT('',(108.66934517148,0.));
#3743 = VECTOR('',#3744,1.);
#3744 = DIRECTION('',(0.,-1.));
#3745 = ( GEOMETRIC_REPRESENTATION_CONTEXT(2) 
PARAMETRIC_REPRESENTATION_CONTEXT() REPRESENTATION_CONTEXT('2D SPACE',''
  ) );
#3746 = ORIENTED_EDGE('',*,*,#2194,.T.);
#3747 = ORIENTED_EDGE('',*,*,#2761,.F.);
#3748 = ORIENTED_EDGE('',*,*,#3749,.F.);
#3749 = EDGE_CURVE('',#3725,#2732,#3750,.T.);
#3750 = SURFACE_CURVE('',#3751,(#3755,#3762),.PCURVE_S1.);
#3751 = LINE('',#3752,#3753);
#3752 = CARTESIAN_POINT('',(-56.125,306.553,0.));
#3753 = VECTOR('',#3754,1.);
#3754 = DIRECTION('',(-0.285179010952,0.958474272848,0.));
#3755 = PCURVE('',#2210,#3756);
#3756 = DEFINITIONAL_REPRESENTATION('',(#3757),#3761);
#3757 = LINE('',#3758,#3759);
#3758 = CARTESIAN_POINT('',(0.,0.));
#3759 = VECTOR('',#3760,1.);
#3760 = DIRECTION('',(1.,0.));
#3761 = ( GEOMETRIC_REPRESENTATION_CONTEXT(2) 
PARAMETRIC_REPRESENTATION_CONTEXT() REPRESENTATION_CONTEXT('2D SPACE',''
  ) );
#3762 = PCURVE('',#2749,#3763);
#3763 = DEFINITIONAL_REPRESENTATION('',(#3764),#3768);
#3764 = LINE('',#3765,#3766);
#3765 = CARTESIAN_POINT('',(56.125806987405,74.934204137994));
#3766 = VECTOR('',#3767,1.);
#3767 = DIRECTION('',(0.285179010952,0.958474272848));
#3768 = ( GEOMETRIC_REPRESENTATION_CONTEXT(2) 
PARAMETRIC_REPRESENTATION_CONTEXT() REPRESENTATION_CONTEXT('2D SPACE',''
  ) );
#3769 = ADVANCED_FACE('',(#3770),#2182,.T.);
#3770 = FACE_BOUND('',#3771,.T.);
#3771 = EDGE_LOOP('',(#3772,#3795,#3796,#3797));
#3772 = ORIENTED_EDGE('',*,*,#3773,.T.);
#3773 = EDGE_CURVE('',#3774,#2139,#3776,.T.);
#3774 = VERTEX_POINT('',#3775);
#3775 = CARTESIAN_POINT('',(-152.401,256.155,0.));
#3776 = SURFACE_CURVE('',#3777,(#3781,#3788),.PCURVE_S1.);
#3777 = LINE('',#3778,#3779);
#3778 = CARTESIAN_POINT('',(-152.401,256.155,0.));
#3779 = VECTOR('',#3780,1.);
#3780 = DIRECTION('',(-0.,-0.,1.));
#3781 = PCURVE('',#2182,#3782);
#3782 = DEFINITIONAL_REPRESENTATION('',(#3783),#3787);
#3783 = LINE('',#3784,#3785);
#3784 = CARTESIAN_POINT('',(0.,0.));
#3785 = VECTOR('',#3786,1.);
#3786 = DIRECTION('',(0.,-1.));
#3787 = ( GEOMETRIC_REPRESENTATION_CONTEXT(2) 
PARAMETRIC_REPRESENTATION_CONTEXT() REPRESENTATION_CONTEXT('2D SPACE',''
  ) );
#3788 = PCURVE('',#2154,#3789);
#3789 = DEFINITIONAL_REPRESENTATION('',(#3790),#3794);
#3790 = LINE('',#3791,#3792);
#3791 = CARTESIAN_POINT('',(267.24918864049,0.));
#3792 = VECTOR('',#3793,1.);
#3793 = DIRECTION('',(0.,-1.));
#3794 = ( GEOMETRIC_REPRESENTATION_CONTEXT(2) 
PARAMETRIC_REPRESENTATION_CONTEXT() REPRESENTATION_CONTEXT('2D SPACE',''
  ) );
#3795 = ORIENTED_EDGE('',*,*,#2166,.T.);
#3796 = ORIENTED_EDGE('',*,*,#3724,.F.);
#3797 = ORIENTED_EDGE('',*,*,#3798,.F.);
#3798 = EDGE_CURVE('',#3774,#3725,#3799,.T.);
#3799 = SURFACE_CURVE('',#3800,(#3804,#3811),.PCURVE_S1.);
#3800 = LINE('',#3801,#3802);
#3801 = CARTESIAN_POINT('',(-152.401,256.155,0.));
#3802 = VECTOR('',#3803,1.);
#3803 = DIRECTION('',(0.885953622414,0.463773844597,0.));
#3804 = PCURVE('',#2182,#3805);
#3805 = DEFINITIONAL_REPRESENTATION('',(#3806),#3810);
#3806 = LINE('',#3807,#3808);
#3807 = CARTESIAN_POINT('',(0.,0.));
#3808 = VECTOR('',#3809,1.);
#3809 = DIRECTION('',(1.,0.));
#3810 = ( GEOMETRIC_REPRESENTATION_CONTEXT(2) 
PARAMETRIC_REPRESENTATION_CONTEXT() REPRESENTATION_CONTEXT('2D SPACE',''
  ) );
#3811 = PCURVE('',#2749,#3812);
#3812 = DEFINITIONAL_REPRESENTATION('',(#3813),#3817);
#3813 = LINE('',#3814,#3815);
#3814 = CARTESIAN_POINT('',(152.4018069874,24.536204137994));
#3815 = VECTOR('',#3816,1.);
#3816 = DIRECTION('',(-0.885953622414,0.463773844597));
#3817 = ( GEOMETRIC_REPRESENTATION_CONTEXT(2) 
PARAMETRIC_REPRESENTATION_CONTEXT() REPRESENTATION_CONTEXT('2D SPACE',''
  ) );
#3818 = ADVANCED_FACE('',(#3819),#2154,.T.);
#3819 = FACE_BOUND('',#3820,.T.);
#3820 = EDGE_LOOP('',(#3821,#3844,#3845,#3846));
#3821 = ORIENTED_EDGE('',*,*,#3822,.T.);
#3822 = EDGE_CURVE('',#3823,#2111,#3825,.T.);
#3823 = VERTEX_POINT('',#3824);
#3824 = CARTESIAN_POINT('',(-76.199,0.,0.));
#3825 = SURFACE_CURVE('',#3826,(#3830,#3837),.PCURVE_S1.);
#3826 = LINE('',#3827,#3828);
#3827 = CARTESIAN_POINT('',(-76.199,0.,0.));
#3828 = VECTOR('',#3829,1.);
#3829 = DIRECTION('',(-0.,-0.,1.));
#3830 = PCURVE('',#2154,#3831);
#3831 = DEFINITIONAL_REPRESENTATION('',(#3832),#3836);
#3832 = LINE('',#3833,#3834);
#3833 = CARTESIAN_POINT('',(0.,0.));
#3834 = VECTOR('',#3835,1.);
#3835 = DIRECTION('',(0.,-1.));
#3836 = ( GEOMETRIC_REPRESENTATION_CONTEXT(2) 
PARAMETRIC_REPRESENTATION_CONTEXT() REPRESENTATION_CONTEXT('2D SPACE',''
  ) );
#3837 = PCURVE('',#2126,#3838);
#3838 = DEFINITIONAL_REPRESENTATION('',(#3839),#3843);
#3839 = LINE('',#3840,#3841);
#3840 = CARTESIAN_POINT('',(152.4,0.));
#3841 = VECTOR('',#3842,1.);
#3842 = DIRECTION('',(0.,-1.));
#3843 = ( GEOMETRIC_REPRESENTATION_CONTEXT(2) 
PARAMETRIC_REPRESENTATION_CONTEXT() REPRESENTATION_CONTEXT('2D SPACE',''
  ) );
#3844 = ORIENTED_EDGE('',*,*,#2138,.T.);
#3845 = ORIENTED_EDGE('',*,*,#3773,.F.);
#3846 = ORIENTED_EDGE('',*,*,#3847,.F.);
#3847 = EDGE_CURVE('',#3823,#3774,#3848,.T.);
#3848 = SURFACE_CURVE('',#3849,(#3853,#3860),.PCURVE_S1.);
#3849 = LINE('',#3850,#3851);
#3850 = CARTESIAN_POINT('',(-76.199,0.,0.));
#3851 = VECTOR('',#3852,1.);
#3852 = DIRECTION('',(-0.285134635535,0.958487474941,0.));
#3853 = PCURVE('',#2154,#3854);
#3854 = DEFINITIONAL_REPRESENTATION('',(#3855),#3859);
#3855 = LINE('',#3856,#3857);
#3856 = CARTESIAN_POINT('',(0.,0.));
#3857 = VECTOR('',#3858,1.);
#3858 = DIRECTION('',(1.,0.));
#3859 = ( GEOMETRIC_REPRESENTATION_CONTEXT(2) 
PARAMETRIC_REPRESENTATION_CONTEXT() REPRESENTATION_CONTEXT('2D SPACE',''
  ) );
#3860 = PCURVE('',#2749,#3861);
#3861 = DEFINITIONAL_REPRESENTATION('',(#3862),#3866);
#3862 = LINE('',#3863,#3864);
#3863 = CARTESIAN_POINT('',(76.199806987405,-231.618795862));
#3864 = VECTOR('',#3865,1.);
#3865 = DIRECTION('',(0.285134635535,0.958487474941));
#3866 = ( GEOMETRIC_REPRESENTATION_CONTEXT(2) 
PARAMETRIC_REPRESENTATION_CONTEXT() REPRESENTATION_CONTEXT('2D SPACE',''
  ) );
#3867 = ADVANCED_FACE('',(#3868),#1889,.T.);
#3868 = FACE_BOUND('',#3869,.T.);
#3869 = EDGE_LOOP('',(#3870,#3895,#3896,#3897,#3920,#4594));
#3870 = ORIENTED_EDGE('',*,*,#3871,.F.);
#3871 = EDGE_CURVE('',#3430,#3872,#3874,.T.);
#3872 = VERTEX_POINT('',#3873);
#3873 = CARTESIAN_POINT('',(2.054071246637,428.99898577659,0.));
#3874 = SURFACE_CURVE('',#3875,(#3880,#3887),.PCURVE_S1.);
#3875 = B_SPLINE_CURVE_WITH_KNOTS('',3,(#3876,#3877,#3878,#3879),
  .UNSPECIFIED.,.F.,.F.,(4,4),(0.,1.),.PIECEWISE_BEZIER_KNOTS.);
#3876 = CARTESIAN_POINT('',(1.E-03,428.947,0.));
#3877 = CARTESIAN_POINT('',(14.946,428.943,0.));
#3878 = CARTESIAN_POINT('',(27.97,437.256,0.));
#3879 = CARTESIAN_POINT('',(34.681,449.51,0.));
#3880 = PCURVE('',#1889,#3881);
#3881 = DEFINITIONAL_REPRESENTATION('',(#3882),#3886);
#3882 = LINE('',#3883,#3884);
#3883 = CARTESIAN_POINT('',(0.,0.));
#3884 = VECTOR('',#3885,1.);
#3885 = DIRECTION('',(1.,0.));
#3886 = ( GEOMETRIC_REPRESENTATION_CONTEXT(2) 
PARAMETRIC_REPRESENTATION_CONTEXT() REPRESENTATION_CONTEXT('2D SPACE',''
  ) );
#3887 = PCURVE('',#3469,#3888);
#3888 = DEFINITIONAL_REPRESENTATION('',(#3889),#3894);
#3889 = B_SPLINE_CURVE_WITH_KNOTS('',3,(#3890,#3891,#3892,#3893),
  .UNSPECIFIED.,.F.,.F.,(4,4),(0.,1.),.PIECEWISE_BEZIER_KNOTS.);
#3890 = CARTESIAN_POINT('',(-1.930125954369E-04,197.32820413799));
#3891 = CARTESIAN_POINT('',(-14.94519301259,197.32420413799));
#3892 = CARTESIAN_POINT('',(-27.96919301259,205.63720413799));
#3893 = CARTESIAN_POINT('',(-34.68019301259,217.89120413799));
#3894 = ( GEOMETRIC_REPRESENTATION_CONTEXT(2) 
PARAMETRIC_REPRESENTATION_CONTEXT() REPRESENTATION_CONTEXT('2D SPACE',''
  ) );
#3895 = ORIENTED_EDGE('',*,*,#3429,.T.);
#3896 = ORIENTED_EDGE('',*,*,#1871,.T.);
#3897 = ORIENTED_EDGE('',*,*,#3898,.F.);
#3898 = EDGE_CURVE('',#3899,#1872,#3901,.T.);
#3899 = VERTEX_POINT('',#3900);
#3900 = CARTESIAN_POINT('',(34.681,449.51,16.524699932736));
#3901 = SURFACE_CURVE('',#3902,(#3906,#3913),.PCURVE_S1.);
#3902 = LINE('',#3903,#3904);
#3903 = CARTESIAN_POINT('',(34.681,449.51,0.));
#3904 = VECTOR('',#3905,1.);
#3905 = DIRECTION('',(-0.,-0.,1.));
#3906 = PCURVE('',#1889,#3907);
#3907 = DEFINITIONAL_REPRESENTATION('',(#3908),#3912);
#3908 = LINE('',#3909,#3910);
#3909 = CARTESIAN_POINT('',(1.,0.));
#3910 = VECTOR('',#3911,1.);
#3911 = DIRECTION('',(0.,-1.));
#3912 = ( GEOMETRIC_REPRESENTATION_CONTEXT(2) 
PARAMETRIC_REPRESENTATION_CONTEXT() REPRESENTATION_CONTEXT('2D SPACE',''
  ) );
#3913 = PCURVE('',#1922,#3914);
#3914 = DEFINITIONAL_REPRESENTATION('',(#3915),#3919);
#3915 = LINE('',#3916,#3917);
#3916 = CARTESIAN_POINT('',(0.,0.));
#3917 = VECTOR('',#3918,1.);
#3918 = DIRECTION('',(0.,-1.));
#3919 = ( GEOMETRIC_REPRESENTATION_CONTEXT(2) 
PARAMETRIC_REPRESENTATION_CONTEXT() REPRESENTATION_CONTEXT('2D SPACE',''
  ) );
#3920 = ORIENTED_EDGE('',*,*,#3921,.F.);
#3921 = EDGE_CURVE('',#3922,#3899,#3924,.T.);
#3922 = VERTEX_POINT('',#3923);
#3923 = CARTESIAN_POINT('',(2.054071246637,428.99898577659,
    0.177006803229));
#3924 = SURFACE_CURVE('',#3925,(#4131,#4340),.PCURVE_S1.);
#3925 = B_SPLINE_CURVE_WITH_KNOTS('',8,(#3926,#3927,#3928,#3929,#3930,
    #3931,#3932,#3933,#3934,#3935,#3936,#3937,#3938,#3939,#3940,#3941,
    #3942,#3943,#3944,#3945,#3946,#3947,#3948,#3949,#3950,#3951,#3952,
    #3953,#3954,#3955,#3956,#3957,#3958,#3959,#3960,#3961,#3962,#3963,
    #3964,#3965,#3966,#3967,#3968,#3969,#3970,#3971,#3972,#3973,#3974,
    #3975,#3976,#3977,#3978,#3979,#3980,#3981,#3982,#3983,#3984,#3985,
    #3986,#3987,#3988,#3989,#3990,#3991,#3992,#3993,#3994,#3995,#3996,
    #3997,#3998,#3999,#4000,#4001,#4002,#4003,#4004,#4005,#4006,#4007,
    #4008,#4009,#4010,#4011,#4012,#4013,#4014,#4015,#4016,#4017,#4018,
    #4019,#4020,#4021,#4022,#4023,#4024,#4025,#4026,#4027,#4028,#4029,
    #4030,#4031,#4032,#4033,#4034,#4035,#4036,#4037,#4038,#4039,#4040,
    #4041,#4042,#4043,#4044,#4045,#4046,#4047,#4048,#4049,#4050,#4051,
    #4052,#4053,#4054,#4055,#4056,#4057,#4058,#4059,#4060,#4061,#4062,
    #4063,#4064,#4065,#4066,#4067,#4068,#4069,#4070,#4071,#4072,#4073,
    #4074,#4075,#4076,#4077,#4078,#4079,#4080,#4081,#4082,#4083,#4084,
    #4085,#4086,#4087,#4088,#4089,#4090,#4091,#4092,#4093,#4094,#4095,
    #4096,#4097,#4098,#4099,#4100,#4101,#4102,#4103,#4104,#4105,#4106,
    #4107,#4108,#4109,#4110,#4111,#4112,#4113,#4114,#4115,#4116,#4117,
    #4118,#4119,#4120,#4121,#4122,#4123,#4124,#4125,#4126,#4127,#4128,
    #4129,#4130),.UNSPECIFIED.,.F.,.F.,(9,7,7,7,7,7,7,7,7,7,7,7,7,7,7,7,
    7,7,7,7,7,7,7,7,7,7,7,7,7,9),(0.,3.703426282166E-02,
    7.62934048437E-02,0.121785294386,0.18315510215,0.211799657027,
    0.239919696374,0.29919461731,0.357443065153,0.465685198816,
    0.493584409469,0.514909415187,0.548020596943,0.583191585204,
    0.597976117683,0.6532818509,0.666679028429,0.705669429161,
    0.719148060376,0.748066756442,0.758372423522,0.77719224449,
    0.815906995265,0.830426973617,0.84323358204,0.889384548706,
    0.912836110987,0.936875313696,0.965635546256,1.),.UNSPECIFIED.);
#3926 = CARTESIAN_POINT('',(2.054071246637,428.99898577659,
    0.177006803229));
#3927 = CARTESIAN_POINT('',(2.267949170433,429.00989958409,
    0.213037031385));
#3928 = CARTESIAN_POINT('',(2.480485060035,429.02206079622,
    0.252851904829));
#3929 = CARTESIAN_POINT('',(2.691574016207,429.03543809507,
    0.296264828981));
#3930 = CARTESIAN_POINT('',(2.901133136225,429.04999812923,0.34308916531
    ));
#3931 = CARTESIAN_POINT('',(3.1091002108,429.06570647681,0.39314105766)
  );
#3932 = CARTESIAN_POINT('',(3.315432421002,429.08252860854,
    0.446242258581));
#3933 = CARTESIAN_POINT('',(3.520105035183,429.10043085086,
    0.502222955664));
#3934 = CARTESIAN_POINT('',(3.938310957633,429.13947032168,
    0.623152813915));
#3935 = CARTESIAN_POINT('',(4.151630964284,429.16073659309,
    0.688436771133));
#3936 = CARTESIAN_POINT('',(4.363063315592,429.1831422291,0.756585684018
    ));
#3937 = CARTESIAN_POINT('',(4.572608877703,429.20665002195,
    0.827423477624));
#3938 = CARTESIAN_POINT('',(4.780282967412,429.23122502581,
    0.900778477259));
#3939 = CARTESIAN_POINT('',(4.986108804845,429.25683421598,
    0.976492650214));
#3940 = CARTESIAN_POINT('',(5.190112723155,429.28344627855,
    1.054428762002));
#3941 = CARTESIAN_POINT('',(5.62666453142,429.34300052594,1.227183564592
    ));
#3942 = CARTESIAN_POINT('',(5.858593024719,429.37627567832,
    1.322715144948));
#3943 = CARTESIAN_POINT('',(6.088182370206,429.41081527347,
    1.420844201792));
#3944 = CARTESIAN_POINT('',(6.315496087072,429.44657890699,
    1.521382228755));
#3945 = CARTESIAN_POINT('',(6.540600909279,429.4835296784,1.624156109522
    ));
#3946 = CARTESIAN_POINT('',(6.763567157632,429.52163437833,
    1.729007665451));
#3947 = CARTESIAN_POINT('',(6.984469111848,429.56086367566,
    1.835793203181));
#3948 = CARTESIAN_POINT('',(7.498709441253,429.65559673227,
    2.090873762962));
#3949 = CARTESIAN_POINT('',(7.79040565662,429.71199919385,2.240643050531
    ));
#3950 = CARTESIAN_POINT('',(8.078678213245,429.7703395122,2.393358933104
    ));
#3951 = CARTESIAN_POINT('',(8.36366501295,429.83055597664,2.548778427275
    ));
#3952 = CARTESIAN_POINT('',(8.645558667568,429.89260555715,
    2.706625857099));
#3953 = CARTESIAN_POINT('',(8.924501405584,429.9564452055,2.866698082381
    ));
#3954 = CARTESIAN_POINT('',(9.200661335391,430.02204467098,
    3.028788245418));
#3955 = CARTESIAN_POINT('',(9.601869657084,430.12080957605,
    3.269239262862));
#3956 = CARTESIAN_POINT('',(9.728969836978,430.15261668882,3.34615681512
    ));
#3957 = CARTESIAN_POINT('',(9.855512192221,430.18479912084,
    3.423456971141));
#3958 = CARTESIAN_POINT('',(9.981512111387,430.21735466111,
    3.501121991972));
#3959 = CARTESIAN_POINT('',(10.106984737425,430.25028140938,
    3.57913480052));
#3960 = CARTESIAN_POINT('',(10.231944662937,430.28357767477,
    3.657479249215));
#3961 = CARTESIAN_POINT('',(10.356405625451,430.31724187449,
    3.736140387672));
#3962 = CARTESIAN_POINT('',(10.602084659455,430.38467985074,
    3.892623142936));
#3963 = CARTESIAN_POINT('',(10.723320510007,430.41844035655,
    3.970433506898));
#3964 = CARTESIAN_POINT('',(10.844100220809,430.45255262206,
    4.048522515807));
#3965 = CARTESIAN_POINT('',(10.964436042416,430.48701553724,
    4.126877293393));
#3966 = CARTESIAN_POINT('',(11.084340009491,430.52182820978,
    4.205485393549));
#3967 = CARTESIAN_POINT('',(11.203823940798,430.55698996512,
    4.284334800331));
#3968 = CARTESIAN_POINT('',(11.322899439208,430.59250034642,
    4.363413927955));
#3969 = CARTESIAN_POINT('',(11.691743113777,430.70394669187,
    4.609865173328));
#3970 = CARTESIAN_POINT('',(11.940143285825,430.78108199705,
    4.777988895544));
#3971 = CARTESIAN_POINT('',(12.186885075111,430.85976248644,
    4.946979809973));
#3972 = CARTESIAN_POINT('',(12.432077196823,430.93999212928,
    5.116734719925));
#3973 = CARTESIAN_POINT('',(12.675802643517,431.0217705837,
    5.287173683058));
#3974 = CARTESIAN_POINT('',(12.918181197493,431.10511568028,
    5.458188544735));
#3975 = CARTESIAN_POINT('',(13.159281581069,431.19003177647,
    5.629714406184));
#3976 = CARTESIAN_POINT('',(13.634956192555,431.36154162844,
    5.970647042557));
#3977 = CARTESIAN_POINT('',(13.869569141489,431.44808014839,
    6.140038782064));
#3978 = CARTESIAN_POINT('',(14.103116607464,431.53616516221,
    6.309771536953));
#3979 = CARTESIAN_POINT('',(14.335677176717,431.62581344169,
    6.479774063608));
#3980 = CARTESIAN_POINT('',(14.567327011875,431.71704477741,
    6.649976756496));
#3981 = CARTESIAN_POINT('',(14.798140396384,431.80988212479,
    6.820311236305));
#3982 = CARTESIAN_POINT('',(15.02819027894,431.90435174998,
    6.990709938087));
#3983 = CARTESIAN_POINT('',(15.683762022756,432.17912319695,
    7.47774934321));
#3984 = CARTESIAN_POINT('',(16.107573677348,432.36349637224,
    7.794374029574));
#3985 = CARTESIAN_POINT('',(16.529467232053,432.55380186265,
    8.110550897088));
#3986 = CARTESIAN_POINT('',(16.94989554958,432.75027381342,
    8.425841233393));
#3987 = CARTESIAN_POINT('',(17.369294473989,432.95318595125,
    8.739785076503));
#3988 = CARTESIAN_POINT('',(17.788092612,433.16285693893,9.051893419237)
  );
#3989 = CARTESIAN_POINT('',(18.206720518746,433.37965920904,
    9.361639649178));
#3990 = CARTESIAN_POINT('',(18.733593689352,433.66186593508,
    9.747524591606));
#3991 = CARTESIAN_POINT('',(18.841582355243,433.72020073882,
    9.826407374007));
#3992 = CARTESIAN_POINT('',(18.949595820454,433.77904559134,
    9.905084111496));
#3993 = CARTESIAN_POINT('',(19.057641423404,433.8384081517,9.98354435232
    ));
#3994 = CARTESIAN_POINT('',(19.165726498251,433.89829635586,
    10.061777285236));
#3995 = CARTESIAN_POINT('',(19.2738583749,433.95871841664,10.13977173951
    ));
#3996 = CARTESIAN_POINT('',(19.382044378992,434.01968282374,
    10.217516184919));
#3997 = CARTESIAN_POINT('',(19.573031719479,434.12821826959,
    10.354223194214));
#3998 = CARTESIAN_POINT('',(19.65580749796,434.1755601816,
    10.413294610407));
#3999 = CARTESIAN_POINT('',(19.738622438669,434.22322799816,
    10.472207662515));
#4000 = CARTESIAN_POINT('',(19.821479807404,434.27122574071,
    10.530956869055));
#4001 = CARTESIAN_POINT('',(19.904382864453,434.31955753374,
    10.589536584864));
#4002 = CARTESIAN_POINT('',(19.987334864591,434.36822760483,
    10.647941001107));
#4003 = CARTESIAN_POINT('',(20.070339057082,434.41724028463,
    10.706164145274));
#4004 = CARTESIAN_POINT('',(20.282364768755,434.54324048963,
    10.854311547511));
#4005 = CARTESIAN_POINT('',(20.411463989836,434.62071734904,
    10.94397165494));
#4006 = CARTESIAN_POINT('',(20.540709066415,434.69904750039,
    11.033156873044));
#4007 = CARTESIAN_POINT('',(20.670120608961,434.77825334624,
    11.12183481535));
#4008 = CARTESIAN_POINT('',(20.799714597466,434.85835537696,
    11.209975699989));
#4009 = CARTESIAN_POINT('',(20.929505882584,434.93937428037,
    11.297549113724));
#4010 = CARTESIAN_POINT('',(21.059513452668,435.0213341084,
    11.384519071296));
#4011 = CARTESIAN_POINT('',(21.328095020774,435.19234058728,
    11.562552630236));
#4012 = CARTESIAN_POINT('',(21.466698396213,435.28151064749,
    11.653533723237));
#4013 = CARTESIAN_POINT('',(21.605583897281,435.37179692467,
    11.743750937148));
#4014 = CARTESIAN_POINT('',(21.744771434632,435.46322890808,
    11.833158368449));
#4015 = CARTESIAN_POINT('',(21.884280399025,435.55583701777,
    11.921706938191));
#4016 = CARTESIAN_POINT('',(22.024129793721,435.64965274124,
    12.009344216195));
#4017 = CARTESIAN_POINT('',(22.164338366879,435.74470877009,
    12.096014245241));
#4018 = CARTESIAN_POINT('',(22.364021856685,435.88153272263,
    12.217658443208));
#4019 = CARTESIAN_POINT('',(22.423185827755,435.92225156094,
    12.253477848023));
#4020 = CARTESIAN_POINT('',(22.482417261169,435.96319763197,
    12.289111961732));
#4021 = CARTESIAN_POINT('',(22.541718473173,436.00437416344,
    12.324554918682));
#4022 = CARTESIAN_POINT('',(22.601090990334,436.04578388004,
    12.359801703095));
#4023 = CARTESIAN_POINT('',(22.660534709278,436.08742840844,
    12.394849180292));
#4024 = CARTESIAN_POINT('',(22.720048718088,436.12930883779,
    12.429695061622));
#4025 = CARTESIAN_POINT('',(23.002528585547,436.32898398632,
    12.593914571793));
#4026 = CARTESIAN_POINT('',(23.226411628131,436.48986915198,
    12.720610139561));
#4027 = CARTESIAN_POINT('',(23.451293015706,436.65418107202,
    12.844235402666));
#4028 = CARTESIAN_POINT('',(23.677170362105,436.82201476296,
    12.964583677449));
#4029 = CARTESIAN_POINT('',(23.904028759766,436.99346120831,
    13.081428409914));
#4030 = CARTESIAN_POINT('',(24.131840753103,437.1686064484,
    13.194523885342));
#4031 = CARTESIAN_POINT('',(24.360566311883,437.3475306702,
    13.303605937903));
#4032 = CARTESIAN_POINT('',(24.645767490854,437.57458283197,
    13.433776038095));
#4033 = CARTESIAN_POINT('',(24.701431672521,437.61908360162,
    13.458908404573));
#4034 = CARTESIAN_POINT('',(24.757149417972,437.66381451397,
    13.483776889449));
#4035 = CARTESIAN_POINT('',(24.812905081447,437.70876467589,
    13.50840538304));
#4036 = CARTESIAN_POINT('',(24.868718935595,437.7539519067,
    13.532748313763));
#4037 = CARTESIAN_POINT('',(24.924583453759,437.79937204573,
    13.556814696357));
#4038 = CARTESIAN_POINT('',(24.980504417563,437.84503149488,
    13.5805853127));
#4039 = CARTESIAN_POINT('',(25.19940162965,438.02452399426,
    13.67233988405));
#4040 = CARTESIAN_POINT('',(25.362797455777,438.16015712193,
    13.738030136006));
#4041 = CARTESIAN_POINT('',(25.526738749251,438.29793388874,
    13.800830877845));
#4042 = CARTESIAN_POINT('',(25.691263055466,438.43793630675,
    13.860415000056));
#4043 = CARTESIAN_POINT('',(25.856378757151,438.58022628533,
    13.916417759601));
#4044 = CARTESIAN_POINT('',(26.022065379281,438.72484348854,
    13.968439115506));
#4045 = CARTESIAN_POINT('',(26.188273064483,438.87180212057,
    14.016048690213));
#4046 = CARTESIAN_POINT('',(26.412529988647,439.07269295601,
    14.073569803833));
#4047 = CARTESIAN_POINT('',(26.47018944789,439.12457547639,
    14.087764363977));
#4048 = CARTESIAN_POINT('',(26.527895417271,439.17673276628,
    14.10135824292));
#4049 = CARTESIAN_POINT('',(26.585642889857,439.22916260026,
    14.11433219821));
#4050 = CARTESIAN_POINT('',(26.643426020955,439.28186191878,
    14.126666683676));
#4051 = CARTESIAN_POINT('',(26.701238117879,439.33482678547,
    14.138341993968));
#4052 = CARTESIAN_POINT('',(26.759071629724,439.3880523444,
    14.149338409092));
#4053 = CARTESIAN_POINT('',(26.941029075389,439.5562762081,
    14.18173077117));
#4054 = CARTESIAN_POINT('',(27.0651873131,439.67218130705,14.20061714924
    ));
#4055 = CARTESIAN_POINT('',(27.189223186276,439.78911024242,
    14.216617671118));
#4056 = CARTESIAN_POINT('',(27.31299582135,439.90694392896,
    14.230096804696));
#4057 = CARTESIAN_POINT('',(27.436393934349,440.02558468727,
    14.241445051015));
#4058 = CARTESIAN_POINT('',(27.559336099201,440.14495859502,
    14.251067022178));
#4059 = CARTESIAN_POINT('',(27.681770485206,440.26501753023,
    14.259373833973));
#4060 = CARTESIAN_POINT('',(27.847116468272,440.42876272606,
    14.269419059315));
#4061 = CARTESIAN_POINT('',(27.890490243785,440.47186772442,
    14.271943821913));
#4062 = CARTESIAN_POINT('',(27.933793801057,440.51505440608,
    14.274372855489));
#4063 = CARTESIAN_POINT('',(27.977025667346,440.55832136957,
    14.276724932448));
#4064 = CARTESIAN_POINT('',(28.020184486306,440.6016673074,
    14.279018843104));
#4065 = CARTESIAN_POINT('',(28.06326901799,440.64509100612,
    14.281273395683));
#4066 = CARTESIAN_POINT('',(28.106278138849,440.68859134626,
    14.28350741632));
#4067 = CARTESIAN_POINT('',(28.227612926293,440.8117440717,
    14.289816351011));
#4068 = CARTESIAN_POINT('',(28.305758379268,440.89157120595,
    14.293887305392));
#4069 = CARTESIAN_POINT('',(28.383642639254,440.97164405732,
    14.298067072144));
#4070 = CARTESIAN_POINT('',(28.461259158733,441.05195581906,
    14.30247035859));
#4071 = CARTESIAN_POINT('',(28.538599495369,441.13249750583,
    14.307211701578));
#4072 = CARTESIAN_POINT('',(28.61565340331,441.21325793412,
    14.312405049635));
#4073 = CARTESIAN_POINT('',(28.692408924489,441.2942237026,
    14.318163345114));
#4074 = CARTESIAN_POINT('',(28.926106536811,441.54232623334,
    14.337835223637));
#4075 = CARTESIAN_POINT('',(29.082035696889,441.71007105714,
    14.353911137777));
#4076 = CARTESIAN_POINT('',(29.236587302963,441.87854686172,
    14.372746383111));
#4077 = CARTESIAN_POINT('',(29.389716488957,442.04769115325,
    14.394258011392));
#4078 = CARTESIAN_POINT('',(29.541385698776,442.21744588955,
    14.418360649556));
#4079 = CARTESIAN_POINT('',(29.691564205159,442.38775764343,
    14.444967557485));
#4080 = CARTESIAN_POINT('',(29.840227628541,442.55857776587,
    14.473991685782));
#4081 = CARTESIAN_POINT('',(30.042538539739,442.79410295644,
    14.517106453162));
#4082 = CARTESIAN_POINT('',(30.097503902824,442.85840872598,
    14.529194046577));
#4083 = CARTESIAN_POINT('',(30.152252574719,442.92277754922,
    14.541604944231));
#4084 = CARTESIAN_POINT('',(30.206783686619,442.98720720616,
    14.554334596077));
#4085 = CARTESIAN_POINT('',(30.261096471356,443.05169556554,
    14.567378471567));
#4086 = CARTESIAN_POINT('',(30.315190263393,443.11624058483,
    14.58073205965));
#4087 = CARTESIAN_POINT('',(30.369064498832,443.18084031029,
    14.594390868776));
#4088 = CARTESIAN_POINT('',(30.470041688291,443.30251638505,
    14.620662745145));
#4089 = CARTESIAN_POINT('',(30.517193430344,443.35958091279,
    14.633209438058));
#4090 = CARTESIAN_POINT('',(30.564174111925,443.41668578465,
    14.64598509257));
#4091 = CARTESIAN_POINT('',(30.610982292569,443.4738283395,
    14.658991711057));
#4092 = CARTESIAN_POINT('',(30.657618477309,443.53100826739,
    14.672223345982));
#4093 = CARTESIAN_POINT('',(30.704083730293,443.58822594571,
    14.685671723742));
#4094 = CARTESIAN_POINT('',(30.750377828974,443.64548020523,
    14.699334106983));
#4095 = CARTESIAN_POINT('',(30.962716357496,443.90922870808,
    14.763189675936));
#4096 = CARTESIAN_POINT('',(31.126714427404,444.11615687473,
    14.815878669428));
#4097 = CARTESIAN_POINT('',(31.288522157428,444.32354564072,
    14.871036111422));
#4098 = CARTESIAN_POINT('',(31.448171790172,444.53139413084,
    14.928436454159));
#4099 = CARTESIAN_POINT('',(31.605700815039,444.73971083699,
    14.987864060385));
#4100 = CARTESIAN_POINT('',(31.761151477986,444.94851404431,
    15.049113147889));
#4101 = CARTESIAN_POINT('',(31.91457029127,445.15783225732,
    15.111987734042));
#4102 = CARTESIAN_POINT('',(32.142960213998,445.47435103633,
    15.208982589671));
#4103 = CARTESIAN_POINT('',(32.219400440707,445.58113946731,
    15.24203520099));
#4104 = CARTESIAN_POINT('',(32.295334821958,445.68807500588,
    15.275434221668));
#4105 = CARTESIAN_POINT('',(32.37077007013,445.79516334291,
    15.309153286894));
#4106 = CARTESIAN_POINT('',(32.445710485627,445.9024070268,
    15.34317545029));
#4107 = CARTESIAN_POINT('',(32.520160449087,446.00980898532,
    15.377484114096));
#4108 = CARTESIAN_POINT('',(32.594126446781,446.1173754485,
    15.412055305592));
#4109 = CARTESIAN_POINT('',(32.742941244217,446.33554494422,
    15.482561738625));
#4110 = CARTESIAN_POINT('',(32.817765708388,446.44615650538,
    15.518508902471));
#4111 = CARTESIAN_POINT('',(32.892092154464,446.55695019548,
    15.55469332804));
#4112 = CARTESIAN_POINT('',(32.965926111791,446.66793136211,
    15.591094806846));
#4113 = CARTESIAN_POINT('',(33.039273021598,446.77910559379,
    15.62769339187));
#4114 = CARTESIAN_POINT('',(33.112138236994,446.89047872001,
    15.664469397558));
#4115 = CARTESIAN_POINT('',(33.184527022966,447.00205681116,
    15.701403399823));
#4116 = CARTESIAN_POINT('',(33.342485886929,447.24758972429,
    15.782829761588));
#4117 = CARTESIAN_POINT('',(33.427852522316,447.38163541701,
    15.827382088489));
#4118 = CARTESIAN_POINT('',(33.512553511918,447.51599439844,
    15.872099813367));
#4119 = CARTESIAN_POINT('',(33.59659733685,447.65067769825,
    15.916950592182));
#4120 = CARTESIAN_POINT('',(33.679992074127,447.78569651716,
    15.961902567996));
#4121 = CARTESIAN_POINT('',(33.762745560826,447.92106251007,
    16.006923798733));
#4122 = CARTESIAN_POINT('',(33.844865558247,448.0567880691,
    16.051981684945));
#4123 = CARTESIAN_POINT('',(34.023734270879,448.35550531616,
    16.150883644223));
#4124 = CARTESIAN_POINT('',(34.120215066087,448.51865596478,
    16.204728914633));
#4125 = CARTESIAN_POINT('',(34.215815440853,448.68236105361,
    16.258521640462));
#4126 = CARTESIAN_POINT('',(34.310547476621,448.84664315386,
    16.312205144188));
#4127 = CARTESIAN_POINT('',(34.404422253576,449.01152498637,
    16.365722467085));
#4128 = CARTESIAN_POINT('',(34.497449907092,449.17702950116,
    16.419016197186));
#4129 = CARTESIAN_POINT('',(34.589639684193,449.34317995681,
    16.472028297251));
#4130 = CARTESIAN_POINT('',(34.681,449.51,16.524699932736));
#4131 = PCURVE('',#1889,#4132);
#4132 = DEFINITIONAL_REPRESENTATION('',(#4133),#4339);
#4133 = B_SPLINE_CURVE_WITH_KNOTS('',8,(#4134,#4135,#4136,#4137,#4138,
    #4139,#4140,#4141,#4142,#4143,#4144,#4145,#4146,#4147,#4148,#4149,
    #4150,#4151,#4152,#4153,#4154,#4155,#4156,#4157,#4158,#4159,#4160,
    #4161,#4162,#4163,#4164,#4165,#4166,#4167,#4168,#4169,#4170,#4171,
    #4172,#4173,#4174,#4175,#4176,#4177,#4178,#4179,#4180,#4181,#4182,
    #4183,#4184,#4185,#4186,#4187,#4188,#4189,#4190,#4191,#4192,#4193,
    #4194,#4195,#4196,#4197,#4198,#4199,#4200,#4201,#4202,#4203,#4204,
    #4205,#4206,#4207,#4208,#4209,#4210,#4211,#4212,#4213,#4214,#4215,
    #4216,#4217,#4218,#4219,#4220,#4221,#4222,#4223,#4224,#4225,#4226,
    #4227,#4228,#4229,#4230,#4231,#4232,#4233,#4234,#4235,#4236,#4237,
    #4238,#4239,#4240,#4241,#4242,#4243,#4244,#4245,#4246,#4247,#4248,
    #4249,#4250,#4251,#4252,#4253,#4254,#4255,#4256,#4257,#4258,#4259,
    #4260,#4261,#4262,#4263,#4264,#4265,#4266,#4267,#4268,#4269,#4270,
    #4271,#4272,#4273,#4274,#4275,#4276,#4277,#4278,#4279,#4280,#4281,
    #4282,#4283,#4284,#4285,#4286,#4287,#4288,#4289,#4290,#4291,#4292,
    #4293,#4294,#4295,#4296,#4297,#4298,#4299,#4300,#4301,#4302,#4303,
    #4304,#4305,#4306,#4307,#4308,#4309,#4310,#4311,#4312,#4313,#4314,
    #4315,#4316,#4317,#4318,#4319,#4320,#4321,#4322,#4323,#4324,#4325,
    #4326,#4327,#4328,#4329,#4330,#4331,#4332,#4333,#4334,#4335,#4336,
    #4337,#4338),.UNSPECIFIED.,.F.,.F.,(9,7,7,7,7,7,7,7,7,7,7,7,7,7,7,7,
    7,7,7,7,7,7,7,7,7,7,7,7,7,9),(0.,3.703426282166E-02,
    7.62934048437E-02,0.121785294386,0.18315510215,0.211799657027,
    0.239919696374,0.29919461731,0.357443065153,0.465685198816,
    0.493584409469,0.514909415187,0.548020596943,0.583191585204,
    0.597976117683,0.6532818509,0.666679028429,0.705669429161,
    0.719148060376,0.748066756442,0.758372423522,0.77719224449,
    0.815906995265,0.830426973617,0.84323358204,0.889384548706,
    0.912836110987,0.936875313696,0.965635546256,1.),.UNSPECIFIED.);
#4134 = CARTESIAN_POINT('',(4.607415351173E-02,-0.177006803229));
#4135 = CARTESIAN_POINT('',(5.090471692254E-02,-0.213037031385));
#4136 = CARTESIAN_POINT('',(5.571264322897E-02,-0.252851904829));
#4137 = CARTESIAN_POINT('',(6.049553942469E-02,-0.296264828981));
#4138 = CARTESIAN_POINT('',(6.525148508952E-02,-0.34308916531));
#4139 = CARTESIAN_POINT('',(6.997900872451E-02,-0.39314105766));
#4140 = CARTESIAN_POINT('',(7.467706408707E-02,-0.446242258581));
#4141 = CARTESIAN_POINT('',(7.934500652605E-02,-0.502222955664));
#4142 = CARTESIAN_POINT('',(8.889873943515E-02,-0.623152813915));
#4143 = CARTESIAN_POINT('',(9.378061177916E-02,-0.688436771133));
#4144 = CARTESIAN_POINT('',(9.862792837685E-02,-0.756585684018));
#4145 = CARTESIAN_POINT('',(0.10344059864,-0.827423477624));
#4146 = CARTESIAN_POINT('',(0.108218860075,-0.900778477259));
#4147 = CARTESIAN_POINT('',(0.11296313083,-0.976492650214));
#4148 = CARTESIAN_POINT('',(0.11767390242,-1.054428762002));
#4149 = CARTESIAN_POINT('',(0.127772833635,-1.227183564592));
#4150 = CARTESIAN_POINT('',(0.133149589411,-1.322715144948));
#4151 = CARTESIAN_POINT('',(0.138483514205,-1.420844201792));
#4152 = CARTESIAN_POINT('',(0.143775907381,-1.521382228755));
#4153 = CARTESIAN_POINT('',(0.149028152752,-1.624156109522));
#4154 = CARTESIAN_POINT('',(0.154241729558,-1.729007665451));
#4155 = CARTESIAN_POINT('',(0.159418223429,-1.835793203181));
#4156 = CARTESIAN_POINT('',(0.171494841186,-2.090873762962));
#4157 = CARTESIAN_POINT('',(0.178365625672,-2.240643050531));
#4158 = CARTESIAN_POINT('',(0.185176133037,-2.393358933103));
#4159 = CARTESIAN_POINT('',(0.191929299813,-2.548778427275));
#4160 = CARTESIAN_POINT('',(0.198629388207,-2.706625857098));
#4161 = CARTESIAN_POINT('',(0.205279527964,-2.866698082381));
#4162 = CARTESIAN_POINT('',(0.211883502363,-3.028788245418));
#4163 = CARTESIAN_POINT('',(0.221507466225,-3.269239262862));
#4164 = CARTESIAN_POINT('',(0.224560719005,-3.34615681512));
#4165 = CARTESIAN_POINT('',(0.227605015087,-3.423456971141));
#4166 = CARTESIAN_POINT('',(0.230640706427,-3.501121991972));
#4167 = CARTESIAN_POINT('',(0.233668141469,-3.57913480052));
#4168 = CARTESIAN_POINT('',(0.236687657693,-3.657479249215));
#4169 = CARTESIAN_POINT('',(0.239699574166,-3.736140387672));
#4170 = CARTESIAN_POINT('',(0.245653776062,-3.892623142936));
#4171 = CARTESIAN_POINT('',(0.248596329716,-3.970433506898));
#4172 = CARTESIAN_POINT('',(0.251532136106,-4.048522515807));
#4173 = CARTESIAN_POINT('',(0.254461483046,-4.126877293393));
#4174 = CARTESIAN_POINT('',(0.257384655101,-4.205485393549));
#4175 = CARTESIAN_POINT('',(0.260301933594,-4.284334800331));
#4176 = CARTESIAN_POINT('',(0.263213596601,-4.363413927955));
#4177 = CARTESIAN_POINT('',(0.27224622715,-4.609865173328));
#4178 = CARTESIAN_POINT('',(0.278348784556,-4.777988895547));
#4179 = CARTESIAN_POINT('',(0.284430163988,-4.946979809964));
#4180 = CARTESIAN_POINT('',(0.290493034488,-5.116734719938));
#4181 = CARTESIAN_POINT('',(0.296539460394,-5.287173683049));
#4182 = CARTESIAN_POINT('',(0.302572469641,-5.458188544738));
#4183 = CARTESIAN_POINT('',(0.308593855245,-5.629714406184));
#4184 = CARTESIAN_POINT('',(0.3205141115,-5.970647042557));
#4185 = CARTESIAN_POINT('',(0.326413248138,-6.140038782064));
#4186 = CARTESIAN_POINT('',(0.332305597247,-6.309771536953));
#4187 = CARTESIAN_POINT('',(0.338193268288,-6.479774063608));
#4188 = CARTESIAN_POINT('',(0.344078348271,-6.649976756496));
#4189 = CARTESIAN_POINT('',(0.349962916807,-6.820311236305));
#4190 = CARTESIAN_POINT('',(0.355849061177,-6.990709938087));
#4191 = CARTESIAN_POINT('',(0.372683866117,-7.47774934321));
#4192 = CARTESIAN_POINT('',(0.383641204977,-7.794374029573));
#4193 = CARTESIAN_POINT('',(0.394624968401,-8.110550897088));
#4194 = CARTESIAN_POINT('',(0.405648974288,-8.425841233393));
#4195 = CARTESIAN_POINT('',(0.416727178721,-8.739785076502));
#4196 = CARTESIAN_POINT('',(0.427873984481,-9.051893419237));
#4197 = CARTESIAN_POINT('',(0.439104585466,-9.361639649178));
#4198 = CARTESIAN_POINT('',(0.453355965827,-9.747524591606));
#4199 = CARTESIAN_POINT('',(0.456283117749,-9.826407374007));
#4200 = CARTESIAN_POINT('',(0.459217185231,-9.905084111496));
#4201 = CARTESIAN_POINT('',(0.462158446837,-9.98354435232));
#4202 = CARTESIAN_POINT('',(0.465107185284,-10.06177728523));
#4203 = CARTESIAN_POINT('',(0.468063687442,-10.13977173951));
#4204 = CARTESIAN_POINT('',(0.471028244331,-10.21751618491));
#4205 = CARTESIAN_POINT('',(0.476273518445,-10.35422319421));
#4206 = CARTESIAN_POINT('',(0.47855076403,-10.4132946104));
#4207 = CARTESIAN_POINT('',(0.480833019804,-10.47220766251));
#4208 = CARTESIAN_POINT('',(0.48312041923,-10.53095686905));
#4209 = CARTESIAN_POINT('',(0.48541309732,-10.58953658486));
#4210 = CARTESIAN_POINT('',(0.487711190628,-10.6479410011));
#4211 = CARTESIAN_POINT('',(0.490014837252,-10.70616414527));
#4212 = CARTESIAN_POINT('',(0.495909871666,-10.85431154751));
#4213 = CARTESIAN_POINT('',(0.499509277407,-10.94397165494));
#4214 = CARTESIAN_POINT('',(0.503122932649,-11.03315687304));
#4215 = CARTESIAN_POINT('',(0.506751607923,-11.12183481535));
#4216 = CARTESIAN_POINT('',(0.510395958345,-11.20997569998));
#4217 = CARTESIAN_POINT('',(0.514056621634,-11.29754911372));
#4218 = CARTESIAN_POINT('',(0.517734365353,-11.38451907129));
#4219 = CARTESIAN_POINT('',(0.525355303074,-11.56255263023));
#4220 = CARTESIAN_POINT('',(0.529300765989,-11.65353372323));
#4221 = CARTESIAN_POINT('',(0.533267154274,-11.74375093714));
#4222 = CARTESIAN_POINT('',(0.537255347698,-11.83315836844));
#4223 = CARTESIAN_POINT('',(0.541266232505,-11.92170693819));
#4224 = CARTESIAN_POINT('',(0.545300706411,-12.00934421619));
#4225 = CARTESIAN_POINT('',(0.549359683599,-12.09601424524));
#4226 = CARTESIAN_POINT('',(0.555161031357,-12.2176584432));
#4227 = CARTESIAN_POINT('',(0.556882461093,-12.25347784802));
#4228 = CARTESIAN_POINT('',(0.558608435584,-12.28911196173));
#4229 = CARTESIAN_POINT('',(0.560339052445,-12.32455491868));
#4230 = CARTESIAN_POINT('',(0.562074387048,-12.35980170309));
#4231 = CARTESIAN_POINT('',(0.563814467844,-12.39484918029));
#4232 = CARTESIAN_POINT('',(0.565559300193,-12.42969506162));
#4233 = CARTESIAN_POINT('',(0.573853957427,-12.59391457179));
#4234 = CARTESIAN_POINT('',(0.580466055297,-12.72061013956));
#4235 = CARTESIAN_POINT('',(0.587147223287,-12.84423540266));
#4236 = CARTESIAN_POINT('',(0.593899201339,-12.96458367744));
#4237 = CARTESIAN_POINT('',(0.600723467793,-13.08142840991));
#4238 = CARTESIAN_POINT('',(0.607621228789,-13.19452388534));
#4239 = CARTESIAN_POINT('',(0.614593407687,-13.3036059379));
#4240 = CARTESIAN_POINT('',(0.623347744068,-13.43377603809));
#4241 = CARTESIAN_POINT('',(0.625059225897,-13.45890840457));
#4242 = CARTESIAN_POINT('',(0.626775237202,-13.48377688945));
#4243 = CARTESIAN_POINT('',(0.628495328617,-13.50840538303));
#4244 = CARTESIAN_POINT('',(0.630220155238,-13.53274831376));
#4245 = CARTESIAN_POINT('',(0.631949521353,-13.55681469635));
#4246 = CARTESIAN_POINT('',(0.633683639418,-13.5805853127));
#4247 = CARTESIAN_POINT('',(0.640483557836,-13.67233988405));
#4248 = CARTESIAN_POINT('',(0.645585064209,-13.738030136));
#4249 = CARTESIAN_POINT('',(0.650730105647,-13.80083087784));
#4250 = CARTESIAN_POINT('',(0.655920833827,-13.86041500005));
#4251 = CARTESIAN_POINT('',(0.661158568446,-13.9164177596));
#4252 = CARTESIAN_POINT('',(0.666443770664,-13.9684391155));
#4253 = CARTESIAN_POINT('',(0.671775982932,-14.01604869021));
#4254 = CARTESIAN_POINT('',(0.679012775849,-14.07356980383));
#4255 = CARTESIAN_POINT('',(0.68087719577,-14.08776436397));
#4256 = CARTESIAN_POINT('',(0.682746906306,-14.10135824292));
#4257 = CARTESIAN_POINT('',(0.684621791501,-14.11433219821));
#4258 = CARTESIAN_POINT('',(0.686501707212,-14.12666668367));
#4259 = CARTESIAN_POINT('',(0.688386480218,-14.13834199396));
#4260 = CARTESIAN_POINT('',(0.690275907328,-14.14933840909));
#4261 = CARTESIAN_POINT('',(0.696233044713,-14.18173077117));
#4262 = CARTESIAN_POINT('',(0.700316271506,-14.20061714924));
#4263 = CARTESIAN_POINT('',(0.704414284509,-14.21661767111));
#4264 = CARTESIAN_POINT('',(0.70852275032,-14.23009680469));
#4265 = CARTESIAN_POINT('',(0.71263820773,-14.24144505101));
#4266 = CARTESIAN_POINT('',(0.716758109671,-14.25106702217));
#4267 = CARTESIAN_POINT('',(0.720880851898,-14.25937383397));
#4268 = CARTESIAN_POINT('',(0.726475779355,-14.26941905931));
#4269 = CARTESIAN_POINT('',(0.727946007824,-14.27194382191));
#4270 = CARTESIAN_POINT('',(0.729416425676,-14.27437285548));
#4271 = CARTESIAN_POINT('',(0.730886988377,-14.27672493244));
#4272 = CARTESIAN_POINT('',(0.732357654973,-14.2790188431));
#4273 = CARTESIAN_POINT('',(0.733828388087,-14.28127339568));
#4274 = CARTESIAN_POINT('',(0.735299153925,-14.28350741632));
#4275 = CARTESIAN_POINT('',(0.739455784008,-14.28981635101));
#4276 = CARTESIAN_POINT('',(0.742141593036,-14.29388730539));
#4277 = CARTESIAN_POINT('',(0.744827219161,-14.29806707214));
#4278 = CARTESIAN_POINT('',(0.747512461746,-14.30247035859));
#4279 = CARTESIAN_POINT('',(0.750197050834,-14.30721170157));
#4280 = CARTESIAN_POINT('',(0.752880648277,-14.31240504963));
#4281 = CARTESIAN_POINT('',(0.755562848859,-14.31816334511));
#4282 = CARTESIAN_POINT('',(0.763756964353,-14.33783522363));
#4283 = CARTESIAN_POINT('',(0.76926267651,-14.35391113777));
#4284 = CARTESIAN_POINT('',(0.774758510824,-14.37274638311));
#4285 = CARTESIAN_POINT('',(0.780242860669,-14.39425801139));
#4286 = CARTESIAN_POINT('',(0.785714313852,-14.41836064955));
#4287 = CARTESIAN_POINT('',(0.791171646596,-14.44496755748));
#4288 = CARTESIAN_POINT('',(0.79661381753,-14.47399168578));
#4289 = CARTESIAN_POINT('',(0.804075038582,-14.51710645316));
#4290 = CARTESIAN_POINT('',(0.806107861153,-14.52919404657));
#4291 = CARTESIAN_POINT('',(0.80813838382,-14.54160494423));
#4292 = CARTESIAN_POINT('',(0.810166564122,-14.55433459607));
#4293 = CARTESIAN_POINT('',(0.812192362699,-14.56737847156));
#4294 = CARTESIAN_POINT('',(0.814215743291,-14.58073205965));
#4295 = CARTESIAN_POINT('',(0.81623667274,-14.59439086877));
#4296 = CARTESIAN_POINT('',(0.820035390607,-14.62066274514));
#4297 = CARTESIAN_POINT('',(0.821813727314,-14.63320943805));
#4298 = CARTESIAN_POINT('',(0.823590129125,-14.64598509257));
#4299 = CARTESIAN_POINT('',(0.825364532575,-14.65899171105));
#4300 = CARTESIAN_POINT('',(0.82713694744,-14.67222334598));
#4301 = CARTESIAN_POINT('',(0.828907404706,-14.68567172374));
#4302 = CARTESIAN_POINT('',(0.830675886958,-14.69933410698));
#4303 = CARTESIAN_POINT('',(0.838808402012,-14.76318967593));
#4304 = CARTESIAN_POINT('',(0.845148846828,-14.81587866942));
#4305 = CARTESIAN_POINT('',(0.851464323421,-14.87103611142));
#4306 = CARTESIAN_POINT('',(0.857755650953,-14.92843645415));
#4307 = CARTESIAN_POINT('',(0.864023891231,-14.98786406038));
#4308 = CARTESIAN_POINT('',(0.870270350807,-15.04911314788));
#4309 = CARTESIAN_POINT('',(0.876496583088,-15.11198773404));
#4310 = CARTESIAN_POINT('',(0.885858880822,-15.20898258967));
#4311 = CARTESIAN_POINT('',(0.889008581943,-15.24203520099));
#4312 = CARTESIAN_POINT('',(0.892153729397,-15.27543422166));
#4313 = CARTESIAN_POINT('',(0.895294571406,-15.30915328689));
#4314 = CARTESIAN_POINT('',(0.898431260654,-15.34317545028));
#4315 = CARTESIAN_POINT('',(0.901563957795,-15.37748411409));
#4316 = CARTESIAN_POINT('',(0.904692916749,-15.41205530559));
#4317 = CARTESIAN_POINT('',(0.911022042234,-15.48256173862));
#4318 = CARTESIAN_POINT('',(0.914222027886,-15.51850890247));
#4319 = CARTESIAN_POINT('',(0.917418501336,-15.55469332804));
#4320 = CARTESIAN_POINT('',(0.920611688195,-15.59109480684));
#4321 = CARTESIAN_POINT('',(0.923801817176,-15.62769339187));
#4322 = CARTESIAN_POINT('',(0.926989120101,-15.66446939755));
#4323 = CARTESIAN_POINT('',(0.930173831895,-15.70140339982));
#4324 = CARTESIAN_POINT('',(0.937163528852,-15.78282976158));
#4325 = CARTESIAN_POINT('',(0.940967491626,-15.82738208848));
#4326 = CARTESIAN_POINT('',(0.944768495848,-15.87209981336));
#4327 = CARTESIAN_POINT('',(0.948566947872,-15.91695059218));
#4328 = CARTESIAN_POINT('',(0.952363251451,-15.96190256799));
#4329 = CARTESIAN_POINT('',(0.956157815723,-16.00692379873));
#4330 = CARTESIAN_POINT('',(0.959951063192,-16.05198168494));
#4331 = CARTESIAN_POINT('',(0.968274794641,-16.15088364422));
#4332 = CARTESIAN_POINT('',(0.972804889632,-16.20472891463));
#4333 = CARTESIAN_POINT('',(0.977334468965,-16.25852164046));
#4334 = CARTESIAN_POINT('',(0.981864266005,-16.31220514418));
#4335 = CARTESIAN_POINT('',(0.986395003939,-16.36572246708));
#4336 = CARTESIAN_POINT('',(0.990927398528,-16.41901619718));
#4337 = CARTESIAN_POINT('',(0.99546216084,-16.47202829725));
#4338 = CARTESIAN_POINT('',(1.,-16.52469993273));
#4339 = ( GEOMETRIC_REPRESENTATION_CONTEXT(2) 
PARAMETRIC_REPRESENTATION_CONTEXT() REPRESENTATION_CONTEXT('2D SPACE',''
  ) );
#4340 = PCURVE('',#4341,#4386);
#4341 = ( BOUNDED_SURFACE() B_SPLINE_SURFACE(1,3,(
    (#4342,#4343,#4344,#4345,#4346,#4347,#4348,#4349,#4350,#4351,#4352
      ,#4353,#4354,#4355,#4356,#4357,#4358,#4359,#4360,#4361,#4362,#4363
      )
    ,(#4364,#4365,#4366,#4367,#4368,#4369,#4370,#4371,#4372,#4373,#4374
      ,#4375,#4376,#4377,#4378,#4379,#4380,#4381,#4382,#4383,#4384,#4385
)),.UNSPECIFIED.,.F.,.F.,.F.) B_SPLINE_SURFACE_WITH_KNOTS((2,2),(4,1,1,1
    ,1,1,1,1,1,1,1,1,1,1,1,1,1,1,1,4),(10.,11.),(0.,5.218380768594E-02,
    0.104924849979,0.158249728388,0.212037422186,0.266073258756,
    0.320098130577,0.373854821642,0.427134464983,0.479826107743,
    0.531971081028,0.583831321693,0.635742389654,0.687819682816,
    0.740024789052,0.792245645251,0.844362126807,0.89631140842,
0.94815736877,1.),.UNSPECIFIED.) GEOMETRIC_REPRESENTATION_ITEM() 
RATIONAL_B_SPLINE_SURFACE((
    (1.,1.000000000002,0.999999999999,1.,1.,1.,1.,1.,1.,1.,1.,1.,1.,1.
      ,1.,1.,1.,1.000000000001,0.999999999997,1.000000000012
      ,0.999999999975,1.)
    ,(1.,1.000000000002,0.999999999999,1.,1.,1.,1.,1.,1.,1.,1.,1.,1.,1.
      ,1.,1.,1.,1.000000000001,0.999999999997,1.000000000012
,0.999999999975,1.))) REPRESENTATION_ITEM('') SURFACE() );
#4342 = CARTESIAN_POINT('',(2.695301746512,416.76357896014,
    0.177006803229));
#4343 = CARTESIAN_POINT('',(3.89719216631,416.82657471876,0.331320860543
    ));
#4344 = CARTESIAN_POINT('',(6.30077237495,417.03765166781,0.834106175641
    ));
#4345 = CARTESIAN_POINT('',(9.854337927599,417.60198940002,
    2.040093767284));
#4346 = CARTESIAN_POINT('',(13.355144004248,418.41155068663,
    3.584275255514));
#4347 = CARTESIAN_POINT('',(16.788229319297,419.46206079629,
    5.351658670715));
#4348 = CARTESIAN_POINT('',(20.138612748068,420.74845958607,
    7.228045773616));
#4349 = CARTESIAN_POINT('',(23.391418383343,422.26489556278,
    9.100012696677));
#4350 = CARTESIAN_POINT('',(26.532084685895,424.00474901682,
    10.852504334148));
#4351 = CARTESIAN_POINT('',(29.546613597473,425.9608262878,
    12.376068706587));
#4352 = CARTESIAN_POINT('',(32.421382937855,428.12525712305,
    13.538290446197));
#4353 = CARTESIAN_POINT('',(35.144186770581,430.4906163436,
    14.286143847982));
#4354 = CARTESIAN_POINT('',(37.697063884552,433.04320374377,
    14.26442585227));
#4355 = CARTESIAN_POINT('',(40.059318216343,435.76132803689,
    14.602034937427));
#4356 = CARTESIAN_POINT('',(42.223185291702,438.63356505356,
    15.230118923348));
#4357 = CARTESIAN_POINT('',(44.180213764651,441.64749391568,
    16.000643373233));
#4358 = CARTESIAN_POINT('',(45.922395051067,444.79022840501,
    16.788172189398));
#4359 = CARTESIAN_POINT('',(47.442153679453,448.04840864753,
    17.461743259718));
#4360 = CARTESIAN_POINT('',(48.732586314058,451.4090014372,
    17.890402105135));
#4361 = CARTESIAN_POINT('',(49.78589435275,454.85355017986,
    17.944381404882));
#4362 = CARTESIAN_POINT('',(50.324689183696,457.18914564334,
    17.802824491462));
#4363 = CARTESIAN_POINT('',(50.553799947555,458.3663367381,17.9));
#4364 = CARTESIAN_POINT('',(1.884094424746,432.24233674883,
    0.177006803229));
#4365 = CARTESIAN_POINT('',(2.724250834601,432.2863726177,0.331320860543
    ));
#4366 = CARTESIAN_POINT('',(4.404423407779,432.43392155478,
    0.834106175641));
#4367 = CARTESIAN_POINT('',(6.88846923093,432.82841006587,2.040093767284
    ));
#4368 = CARTESIAN_POINT('',(9.33563464375,433.39431698487,3.584275255514
    ));
#4369 = CARTESIAN_POINT('',(11.735461271741,434.12865414885,
    5.351658670715));
#4370 = CARTESIAN_POINT('',(14.077476872436,435.02788437084,
    7.228045773616));
#4371 = CARTESIAN_POINT('',(16.351282753404,436.0879172866,
    9.100012696677));
#4372 = CARTESIAN_POINT('',(18.546699974606,437.30412552632,
    10.852504334148));
#4373 = CARTESIAN_POINT('',(20.653943485612,438.67148051186,
    12.376068706587));
#4374 = CARTESIAN_POINT('',(22.663490985685,440.18448070737,
    13.538290446197));
#4375 = CARTESIAN_POINT('',(24.566810169726,441.83793569649,
    14.286143847982));
#4376 = CARTESIAN_POINT('',(26.351345628037,443.62226863642,
    14.26442585227));
#4377 = CARTESIAN_POINT('',(28.002630209483,445.52231668598,
    14.602034937427));
#4378 = CARTESIAN_POINT('',(29.515236320413,447.53009401801,
    15.230118923348));
#4379 = CARTESIAN_POINT('',(30.883256223835,449.636918077,
    16.000643373233));
#4380 = CARTESIAN_POINT('',(32.101091686177,451.8337810209,
    16.788172189398));
#4381 = CARTESIAN_POINT('',(33.163447232261,454.11134390924,
    17.461743259718));
#4382 = CARTESIAN_POINT('',(34.065497229163,456.46049614922,
    17.890402105135));
#4383 = CARTESIAN_POINT('',(34.801790227469,458.86833605198,
    17.944381404882));
#4384 = CARTESIAN_POINT('',(35.178423506395,460.50098529561,
    17.802824491462));
#4385 = CARTESIAN_POINT('',(35.338578604116,461.32387616644,17.9));
#4386 = DEFINITIONAL_REPRESENTATION('',(#4387),#4593);
#4387 = B_SPLINE_CURVE_WITH_KNOTS('',8,(#4388,#4389,#4390,#4391,#4392,
    #4393,#4394,#4395,#4396,#4397,#4398,#4399,#4400,#4401,#4402,#4403,
    #4404,#4405,#4406,#4407,#4408,#4409,#4410,#4411,#4412,#4413,#4414,
    #4415,#4416,#4417,#4418,#4419,#4420,#4421,#4422,#4423,#4424,#4425,
    #4426,#4427,#4428,#4429,#4430,#4431,#4432,#4433,#4434,#4435,#4436,
    #4437,#4438,#4439,#4440,#4441,#4442,#4443,#4444,#4445,#4446,#4447,
    #4448,#4449,#4450,#4451,#4452,#4453,#4454,#4455,#4456,#4457,#4458,
    #4459,#4460,#4461,#4462,#4463,#4464,#4465,#4466,#4467,#4468,#4469,
    #4470,#4471,#4472,#4473,#4474,#4475,#4476,#4477,#4478,#4479,#4480,
    #4481,#4482,#4483,#4484,#4485,#4486,#4487,#4488,#4489,#4490,#4491,
    #4492,#4493,#4494,#4495,#4496,#4497,#4498,#4499,#4500,#4501,#4502,
    #4503,#4504,#4505,#4506,#4507,#4508,#4509,#4510,#4511,#4512,#4513,
    #4514,#4515,#4516,#4517,#4518,#4519,#4520,#4521,#4522,#4523,#4524,
    #4525,#4526,#4527,#4528,#4529,#4530,#4531,#4532,#4533,#4534,#4535,
    #4536,#4537,#4538,#4539,#4540,#4541,#4542,#4543,#4544,#4545,#4546,
    #4547,#4548,#4549,#4550,#4551,#4552,#4553,#4554,#4555,#4556,#4557,
    #4558,#4559,#4560,#4561,#4562,#4563,#4564,#4565,#4566,#4567,#4568,
    #4569,#4570,#4571,#4572,#4573,#4574,#4575,#4576,#4577,#4578,#4579,
    #4580,#4581,#4582,#4583,#4584,#4585,#4586,#4587,#4588,#4589,#4590,
    #4591,#4592),.UNSPECIFIED.,.F.,.F.,(9,7,7,7,7,7,7,7,7,7,7,7,7,7,7,7,
    7,7,7,7,7,7,7,7,7,7,7,7,7,9),(0.,3.703426282166E-02,
    7.62934048437E-02,0.121785294386,0.18315510215,0.211799657027,
    0.239919696374,0.29919461731,0.357443065153,0.465685198816,
    0.493584409469,0.514909415187,0.548020596943,0.583191585204,
    0.597976117683,0.6532818509,0.666679028429,0.705669429161,
    0.719148060376,0.748066756442,0.758372423522,0.77719224449,
    0.815906995265,0.830426973617,0.84323358204,0.889384548706,
    0.912836110987,0.936875313696,0.965635546256,1.),.UNSPECIFIED.);
#4388 = CARTESIAN_POINT('',(10.790464388905,0.));
#4389 = CARTESIAN_POINT('',(10.790445294639,4.061402505351E-03));
#4390 = CARTESIAN_POINT('',(10.79042478545,8.101123789717E-03));
#4391 = CARTESIAN_POINT('',(10.790403104164,1.211742291789E-02));
#4392 = CARTESIAN_POINT('',(10.790380456665,1.610895381686E-02));
#4393 = CARTESIAN_POINT('',(10.790357013617,2.007474273894E-02));
#4394 = CARTESIAN_POINT('',(10.790332912194,2.401416572485E-02));
#4395 = CARTESIAN_POINT('',(10.790308257797,2.792692606683E-02));
#4396 = CARTESIAN_POINT('',(10.790256483929,3.593260008926E-02));
#4397 = CARTESIAN_POINT('',(10.790229318791,4.002206606144E-02));
#4398 = CARTESIAN_POINT('',(10.790201647387,4.408158977878E-02));
#4399 = CARTESIAN_POINT('',(10.790173699212,4.811111937794E-02));
#4400 = CARTESIAN_POINT('',(10.790145328517,5.211134206503E-02));
#4401 = CARTESIAN_POINT('',(10.790116443071,5.608295744246E-02));
#4402 = CARTESIAN_POINT('',(10.790087373057,6.002609011354E-02));
#4403 = CARTESIAN_POINT('',(10.790024187759,6.847885922966E-02));
#4404 = CARTESIAN_POINT('',(10.789990023957,7.297884146036E-02));
#4405 = CARTESIAN_POINT('',(10.789955732922,7.744273757429E-02));
#4406 = CARTESIAN_POINT('',(10.789921413576,8.187173594311E-02));
#4407 = CARTESIAN_POINT('',(10.789887145248,8.626709058937E-02));
#4408 = CARTESIAN_POINT('',(10.78985298971,9.063013080911E-02));
#4409 = CARTESIAN_POINT('',(10.789818993195,9.496227079438E-02));
#4410 = CARTESIAN_POINT('',(10.789739584886,0.105069545042));
#4411 = CARTESIAN_POINT('',(10.789694327667,0.110820271114));
#4412 = CARTESIAN_POINT('',(10.789649544414,0.116521428745));
#4413 = CARTESIAN_POINT('',(10.789605086236,0.122174633054));
#4414 = CARTESIAN_POINT('',(10.789561126642,0.127784023058));
#4415 = CARTESIAN_POINT('',(10.789517599056,0.133351700464));
#4416 = CARTESIAN_POINT('',(10.789474592032,0.138880946893));
#4417 = CARTESIAN_POINT('',(10.789412328523,0.146938844898));
#4418 = CARTESIAN_POINT('',(10.789392638453,0.149495278021));
#4419 = CARTESIAN_POINT('',(10.789373071904,0.152044222799));
#4420 = CARTESIAN_POINT('',(10.789353637776,0.154585969123));
#4421 = CARTESIAN_POINT('',(10.789334347079,0.157120805622));
#4422 = CARTESIAN_POINT('',(10.789315206106,0.159649007863));
#4423 = CARTESIAN_POINT('',(10.789296209606,0.162170826544));
#4424 = CARTESIAN_POINT('',(10.789258803953,0.16715606033));
#4425 = CARTESIAN_POINT('',(10.78924039431,0.169619704786));
#4426 = CARTESIAN_POINT('',(10.789222096072,0.17207763297));
#4427 = CARTESIAN_POINT('',(10.789203901723,0.174530066311));
#4428 = CARTESIAN_POINT('',(10.789185805197,0.176977223751));
#4429 = CARTESIAN_POINT('',(10.78916780187,0.179419321743));
#4430 = CARTESIAN_POINT('',(10.789149888565,0.181856574254));
#4431 = CARTESIAN_POINT('',(10.789094489772,0.189416969004));
#4432 = CARTESIAN_POINT('',(10.789057316594,0.194524139665));
#4433 = CARTESIAN_POINT('',(10.789020453365,0.199612665814));
#4434 = CARTESIAN_POINT('',(10.788984208357,0.204684683402));
#4435 = CARTESIAN_POINT('',(10.788947874129,0.209741573575));
#4436 = CARTESIAN_POINT('',(10.788912695885,0.214785985334));
#4437 = CARTESIAN_POINT('',(10.788877634855,0.219818991698));
#4438 = CARTESIAN_POINT('',(10.78880872007,0.229778947006));
#4439 = CARTESIAN_POINT('',(10.788774820337,0.234706173425));
#4440 = CARTESIAN_POINT('',(10.788741087636,0.239625733376));
#4441 = CARTESIAN_POINT('',(10.788707461586,0.244539181931));
#4442 = CARTESIAN_POINT('',(10.788673910654,0.249448052159));
#4443 = CARTESIAN_POINT('',(10.788640431696,0.254353866666));
#4444 = CARTESIAN_POINT('',(10.788607049518,0.259258149147));
#4445 = CARTESIAN_POINT('',(10.788512059912,0.273275991468));
#4446 = CARTESIAN_POINT('',(10.788450892959,0.282389275477));
#4447 = CARTESIAN_POINT('',(10.78838980489,0.291512507395));
#4448 = CARTESIAN_POINT('',(10.788327406782,0.300655839502));
#4449 = CARTESIAN_POINT('',(10.788263486268,0.309829203576));
#4450 = CARTESIAN_POINT('',(10.788198740712,0.319042628848));
#4451 = CARTESIAN_POINT('',(10.788133346282,0.328306821477));
#4452 = CARTESIAN_POINT('',(10.788048038411,0.340037806206));
#4453 = CARTESIAN_POINT('',(10.788030410227,0.342445967111));
#4454 = CARTESIAN_POINT('',(10.78801262376,0.344858473527));
#4455 = CARTESIAN_POINT('',(10.787994668205,0.34727552265));
#4456 = CARTESIAN_POINT('',(10.787976534045,0.349697313817));
#4457 = CARTESIAN_POINT('',(10.787958213053,0.352124048506));
#4458 = CARTESIAN_POINT('',(10.787939698289,0.354555930337));
#4459 = CARTESIAN_POINT('',(10.787906679752,0.358856086762));
#4460 = CARTESIAN_POINT('',(10.787892258945,0.360722135706));
#4461 = CARTESIAN_POINT('',(10.787877719169,0.362591403857));
#4462 = CARTESIAN_POINT('',(10.78786305843,0.364463983924));
#4463 = CARTESIAN_POINT('',(10.787848275259,0.366339969374));
#4464 = CARTESIAN_POINT('',(10.787833368706,0.368219454431));
#4465 = CARTESIAN_POINT('',(10.787818338345,0.370102534072));
#4466 = CARTESIAN_POINT('',(10.787779654644,0.374918878075));
#4467 = CARTESIAN_POINT('',(10.787755829091,0.377857335432));
#4468 = CARTESIAN_POINT('',(10.787731705958,0.380805049816));
#4469 = CARTESIAN_POINT('',(10.787707236487,0.383762622843));
#4470 = CARTESIAN_POINT('',(10.787682399168,0.386730535095));
#4471 = CARTESIAN_POINT('',(10.787657179782,0.389709243503));
#4472 = CARTESIAN_POINT('',(10.787631540911,0.392699328143));
#4473 = CARTESIAN_POINT('',(10.787577766232,0.398890003431));
#4474 = CARTESIAN_POINT('',(10.78754957318,0.402092109523));
#4475 = CARTESIAN_POINT('',(10.787520856889,0.405308252639));
#4476 = CARTESIAN_POINT('',(10.787491589855,0.408539071734));
#4477 = CARTESIAN_POINT('',(10.787461745882,0.411785205635));
#4478 = CARTESIAN_POINT('',(10.787431300263,0.415047296789));
#4479 = CARTESIAN_POINT('',(10.787400229975,0.418325995007));
#4480 = CARTESIAN_POINT('',(10.787355181634,0.423007458799));
#4481 = CARTESIAN_POINT('',(10.787341735337,0.424396009519));
#4482 = CARTESIAN_POINT('',(10.787328173241,0.425787646646));
#4483 = CARTESIAN_POINT('',(10.787314494098,0.427182437946));
#4484 = CARTESIAN_POINT('',(10.787300696584,0.428580435966));
#4485 = CARTESIAN_POINT('',(10.787286779055,0.429981661245));
#4486 = CARTESIAN_POINT('',(10.787272739629,0.431386118456));
#4487 = CARTESIAN_POINT('',(10.787205595764,0.438059847266));
#4488 = CARTESIAN_POINT('',(10.787150885869,0.443371471388));
#4489 = CARTESIAN_POINT('',(10.787094351047,0.448730140081));
#4490 = CARTESIAN_POINT('',(10.787035879528,0.454137058748));
#4491 = CARTESIAN_POINT('',(10.786975343019,0.459593209712));
#4492 = CARTESIAN_POINT('',(10.786912596079,0.465099345978));
#4493 = CARTESIAN_POINT('',(10.7868474755,0.470655984992));
#4494 = CARTESIAN_POINT('',(10.786763405992,0.477621734759));
#4495 = CARTESIAN_POINT('',(10.786746861809,0.478983020223));
#4496 = CARTESIAN_POINT('',(10.786730169527,0.480347391374));
#4497 = CARTESIAN_POINT('',(10.786713310668,0.481714453905));
#4498 = CARTESIAN_POINT('',(10.786696306638,0.483084775559));
#4499 = CARTESIAN_POINT('',(10.786679145858,0.484458180765));
#4500 = CARTESIAN_POINT('',(10.78666183337,0.485834852315));
#4501 = CARTESIAN_POINT('',(10.786593537899,0.491231163446));
#4502 = CARTESIAN_POINT('',(10.786541418729,0.495275390537));
#4503 = CARTESIAN_POINT('',(10.78648800613,0.49935003592));
#4504 = CARTESIAN_POINT('',(10.78643327818,0.503456923657));
#4505 = CARTESIAN_POINT('',(10.786377193207,0.507597222849));
#4506 = CARTESIAN_POINT('',(10.786319687615,0.511771433758));
#4507 = CARTESIAN_POINT('',(10.786260673737,0.51597934591));
#4508 = CARTESIAN_POINT('',(10.786179076413,0.521685913208));
#4509 = CARTESIAN_POINT('',(10.786157921951,0.523155717597));
#4510 = CARTESIAN_POINT('',(10.786136570004,0.524629318429));
#4511 = CARTESIAN_POINT('',(10.786115015994,0.526106631542));
#4512 = CARTESIAN_POINT('',(10.786093255137,0.527587550866));
#4513 = CARTESIAN_POINT('',(10.786071282475,0.529071947755));
#4514 = CARTESIAN_POINT('',(10.78604909291,0.53055967032));
#4515 = CARTESIAN_POINT('',(10.785978596489,0.535249241979));
#4516 = CARTESIAN_POINT('',(10.78592949679,0.538462119065));
#4517 = CARTESIAN_POINT('',(10.785879513501,0.541685258269));
#4518 = CARTESIAN_POINT('',(10.785828761184,0.544915403893));
#4519 = CARTESIAN_POINT('',(10.785777332841,0.54814999668));
#4520 = CARTESIAN_POINT('',(10.785725296505,0.551387201474));
#4521 = CARTESIAN_POINT('',(10.785672693152,0.554625926174));
#4522 = CARTESIAN_POINT('',(10.785600592487,0.559020427279));
#4523 = CARTESIAN_POINT('',(10.785581579208,0.560175140237));
#4524 = CARTESIAN_POINT('',(10.785562496962,0.561329940714));
#4525 = CARTESIAN_POINT('',(10.785543346294,0.562484801387));
#4526 = CARTESIAN_POINT('',(10.78552412745,0.563639697748));
#4527 = CARTESIAN_POINT('',(10.785504840375,0.564794608108));
#4528 = CARTESIAN_POINT('',(10.785485484717,0.565949513594));
#4529 = CARTESIAN_POINT('',(10.785430586821,0.569213404814));
#4530 = CARTESIAN_POINT('',(10.785394883707,0.57132229374));
#4531 = CARTESIAN_POINT('',(10.785358945875,0.573431009267));
#4532 = CARTESIAN_POINT('',(10.785322766701,0.575539440513));
#4533 = CARTESIAN_POINT('',(10.785286337665,0.577647422101));
#4534 = CARTESIAN_POINT('',(10.785249648464,0.579754734902));
#4535 = CARTESIAN_POINT('',(10.785212687134,0.581861106762));
#4536 = CARTESIAN_POINT('',(10.785098818432,0.588296683365));
#4537 = CARTESIAN_POINT('',(10.785020996212,0.592621661861));
#4538 = CARTESIAN_POINT('',(10.784942097024,0.596939831532));
#4539 = CARTESIAN_POINT('',(10.784862228459,0.601250031169));
#4540 = CARTESIAN_POINT('',(10.784781482028,0.605551250524));
#4541 = CARTESIAN_POINT('',(10.784699933017,0.609842625281));
#4542 = CARTESIAN_POINT('',(10.78461764034,0.614123432033));
#4543 = CARTESIAN_POINT('',(10.784503519487,0.619994417166));
#4544 = CARTESIAN_POINT('',(10.784472293952,0.621594181941));
#4545 = CARTESIAN_POINT('',(10.78444097203,0.623192346646));
#4546 = CARTESIAN_POINT('',(10.784409555656,0.624788882734));
#4547 = CARTESIAN_POINT('',(10.784378046455,0.626383764046));
#4548 = CARTESIAN_POINT('',(10.784346445743,0.627976966807));
#4549 = CARTESIAN_POINT('',(10.784314754525,0.629568469633));
#4550 = CARTESIAN_POINT('',(10.784254942665,0.632560441543));
#4551 = CARTESIAN_POINT('',(10.784226841691,0.633961290956));
#4552 = CARTESIAN_POINT('',(10.784198672594,0.635360799132));
#4553 = CARTESIAN_POINT('',(10.784170432483,0.636758928478));
#4554 = CARTESIAN_POINT('',(10.784142123202,0.638155684486));
#4555 = CARTESIAN_POINT('',(10.784113748099,0.639551085039));
#4556 = CARTESIAN_POINT('',(10.784085307251,0.640945119952));
#4557 = CARTESIAN_POINT('',(10.783954080248,0.647356576931));
#4558 = CARTESIAN_POINT('',(10.783850528507,0.652357672267));
#4559 = CARTESIAN_POINT('',(10.78374620888,0.657341503032));
#4560 = CARTESIAN_POINT('',(10.783641176939,0.66230867968));
#4561 = CARTESIAN_POINT('',(10.783535481723,0.667260008091));
#4562 = CARTESIAN_POINT('',(10.783429165266,0.672196491902));
#4563 = CARTESIAN_POINT('',(10.78332226212,0.677119334841));
#4564 = CARTESIAN_POINT('',(10.783160191565,0.684525263156));
#4565 = CARTESIAN_POINT('',(10.783105439802,0.687017398036));
#4566 = CARTESIAN_POINT('',(10.783050548222,0.689506533596));
#4567 = CARTESIAN_POINT('',(10.782995521331,0.691992871886));
#4568 = CARTESIAN_POINT('',(10.782940356666,0.694476507791));
#4569 = CARTESIAN_POINT('',(10.782885052796,0.696957542921));
#4570 = CARTESIAN_POINT('',(10.782829615412,0.69943618042));
#4571 = CARTESIAN_POINT('',(10.782717081619,0.704450960178));
#4572 = CARTESIAN_POINT('',(10.782659978943,0.706986988241));
#4573 = CARTESIAN_POINT('',(10.782602739254,0.709520789951));
#4574 = CARTESIAN_POINT('',(10.782545365777,0.712052529535));
#4575 = CARTESIAN_POINT('',(10.78248786243,0.714582374086));
#4576 = CARTESIAN_POINT('',(10.782430233823,0.717110493565));
#4577 = CARTESIAN_POINT('',(10.782372485261,0.719637060798));
#4578 = CARTESIAN_POINT('',(10.78224539667,0.72518336129));
#4579 = CARTESIAN_POINT('',(10.782176010188,0.728202495136));
#4580 = CARTESIAN_POINT('',(10.782106466024,0.731219960569));
#4581 = CARTESIAN_POINT('',(10.782036778966,0.734236058464));
#4582 = CARTESIAN_POINT('',(10.781966968473,0.737251088668));
#4583 = CARTESIAN_POINT('',(10.781897051291,0.740265355647));
#4584 = CARTESIAN_POINT('',(10.781827034069,0.743279174144));
#4585 = CARTESIAN_POINT('',(10.781673112708,0.749893825463));
#4586 = CARTESIAN_POINT('',(10.781589163645,0.753494595613));
#4587 = CARTESIAN_POINT('',(10.781505056379,0.757095741987));
#4588 = CARTESIAN_POINT('',(10.781420792125,0.760697812076));
#4589 = CARTESIAN_POINT('',(10.781336375715,0.764301346254));
#4590 = CARTESIAN_POINT('',(10.781251815602,0.767906879889));
#4591 = CARTESIAN_POINT('',(10.781167123859,0.771514945445));
#4592 = CARTESIAN_POINT('',(10.781082316182,0.775126074588));
#4593 = ( GEOMETRIC_REPRESENTATION_CONTEXT(2) 
PARAMETRIC_REPRESENTATION_CONTEXT() REPRESENTATION_CONTEXT('2D SPACE',''
  ) );
#4594 = ORIENTED_EDGE('',*,*,#4595,.T.);
#4595 = EDGE_CURVE('',#3922,#3872,#4596,.T.);
#4596 = SURFACE_CURVE('',#4597,(#4600,#4606),.PCURVE_S1.);
#4597 = B_SPLINE_CURVE_WITH_KNOTS('',1,(#4598,#4599),.UNSPECIFIED.,.F.,
  .F.,(2,2),(0.,1.),.PIECEWISE_BEZIER_KNOTS.);
#4598 = CARTESIAN_POINT('',(2.054071246637,428.99898577659,0.23946453346
    ));
#4599 = CARTESIAN_POINT('',(2.054071246637,428.99898577659,
    -6.000000009609E-07));
#4600 = PCURVE('',#1889,#4601);
#4601 = DEFINITIONAL_REPRESENTATION('',(#4602),#4605);
#4602 = B_SPLINE_CURVE_WITH_KNOTS('',1,(#4603,#4604),.UNSPECIFIED.,.F.,
  .F.,(2,2),(0.,1.),.PIECEWISE_BEZIER_KNOTS.);
#4603 = CARTESIAN_POINT('',(4.607415351173E-02,-0.23946453346));
#4604 = CARTESIAN_POINT('',(4.607415351173E-02,5.999999999895E-07));
#4605 = ( GEOMETRIC_REPRESENTATION_CONTEXT(2) 
PARAMETRIC_REPRESENTATION_CONTEXT() REPRESENTATION_CONTEXT('2D SPACE',''
  ) );
#4606 = PCURVE('',#4607,#4612);
#4607 = PLANE('',#4608);
#4608 = AXIS2_PLACEMENT_3D('',#4609,#4610,#4611);
#4609 = CARTESIAN_POINT('',(1.884094424746,432.24233674883,-0.5));
#4610 = DIRECTION('',(-0.998629534755,-5.233595624294E-02,0.));
#4611 = DIRECTION('',(5.232628141963E-02,-0.998444928129,
    1.922721423134E-02));
#4612 = DEFINITIONAL_REPRESENTATION('',(#4613),#4616);
#4613 = B_SPLINE_CURVE_WITH_KNOTS('',1,(#4614,#4615),.UNSPECIFIED.,.F.,
  .F.,(2,2),(0.,1.),.PIECEWISE_BEZIER_KNOTS.);
#4614 = CARTESIAN_POINT('',(3.261419426395,0.676881651772));
#4615 = CARTESIAN_POINT('',(3.256815178973,0.43746078583));
#4616 = ( GEOMETRIC_REPRESENTATION_CONTEXT(2) 
PARAMETRIC_REPRESENTATION_CONTEXT() REPRESENTATION_CONTEXT('2D SPACE',''
  ) );
#4617 = ADVANCED_FACE('',(#4618),#2126,.T.);
#4618 = FACE_BOUND('',#4619,.T.);
#4619 = EDGE_LOOP('',(#4620,#4643,#4644,#4645));
#4620 = ORIENTED_EDGE('',*,*,#4621,.T.);
#4621 = EDGE_CURVE('',#4622,#2083,#4624,.T.);
#4622 = VERTEX_POINT('',#4623);
#4623 = CARTESIAN_POINT('',(76.201,0.,0.));
#4624 = SURFACE_CURVE('',#4625,(#4629,#4636),.PCURVE_S1.);
#4625 = LINE('',#4626,#4627);
#4626 = CARTESIAN_POINT('',(76.201,0.,0.));
#4627 = VECTOR('',#4628,1.);
#4628 = DIRECTION('',(-0.,-0.,1.));
#4629 = PCURVE('',#2126,#4630);
#4630 = DEFINITIONAL_REPRESENTATION('',(#4631),#4635);
#4631 = LINE('',#4632,#4633);
#4632 = CARTESIAN_POINT('',(0.,0.));
#4633 = VECTOR('',#4634,1.);
#4634 = DIRECTION('',(0.,-1.));
#4635 = ( GEOMETRIC_REPRESENTATION_CONTEXT(2) 
PARAMETRIC_REPRESENTATION_CONTEXT() REPRESENTATION_CONTEXT('2D SPACE',''
  ) );
#4636 = PCURVE('',#2098,#4637);
#4637 = DEFINITIONAL_REPRESENTATION('',(#4638),#4642);
#4638 = LINE('',#4639,#4640);
#4639 = CARTESIAN_POINT('',(267.21507143123,0.));
#4640 = VECTOR('',#4641,1.);
#4641 = DIRECTION('',(0.,-1.));
#4642 = ( GEOMETRIC_REPRESENTATION_CONTEXT(2) 
PARAMETRIC_REPRESENTATION_CONTEXT() REPRESENTATION_CONTEXT('2D SPACE',''
  ) );
#4643 = ORIENTED_EDGE('',*,*,#2110,.T.);
#4644 = ORIENTED_EDGE('',*,*,#3822,.F.);
#4645 = ORIENTED_EDGE('',*,*,#4646,.F.);
#4646 = EDGE_CURVE('',#4622,#3823,#4647,.T.);
#4647 = SURFACE_CURVE('',#4648,(#4652,#4659),.PCURVE_S1.);
#4648 = LINE('',#4649,#4650);
#4649 = CARTESIAN_POINT('',(76.201,0.,0.));
#4650 = VECTOR('',#4651,1.);
#4651 = DIRECTION('',(-1.,0.,0.));
#4652 = PCURVE('',#2126,#4653);
#4653 = DEFINITIONAL_REPRESENTATION('',(#4654),#4658);
#4654 = LINE('',#4655,#4656);
#4655 = CARTESIAN_POINT('',(0.,0.));
#4656 = VECTOR('',#4657,1.);
#4657 = DIRECTION('',(1.,0.));
#4658 = ( GEOMETRIC_REPRESENTATION_CONTEXT(2) 
PARAMETRIC_REPRESENTATION_CONTEXT() REPRESENTATION_CONTEXT('2D SPACE',''
  ) );
#4659 = PCURVE('',#2749,#4660);
#4660 = DEFINITIONAL_REPRESENTATION('',(#4661),#4665);
#4661 = LINE('',#4662,#4663);
#4662 = CARTESIAN_POINT('',(-76.20019301259,-231.618795862));
#4663 = VECTOR('',#4664,1.);
#4664 = DIRECTION('',(1.,0.));
#4665 = ( GEOMETRIC_REPRESENTATION_CONTEXT(2) 
PARAMETRIC_REPRESENTATION_CONTEXT() REPRESENTATION_CONTEXT('2D SPACE',''
  ) );
#4666 = ADVANCED_FACE('',(#4667),#1922,.T.);
#4667 = FACE_BOUND('',#4668,.T.);
#4668 = EDGE_LOOP('',(#4669,#4749,#4750,#4751));
#4669 = ORIENTED_EDGE('',*,*,#4670,.F.);
#4670 = EDGE_CURVE('',#3899,#4671,#4673,.T.);
#4671 = VERTEX_POINT('',#4672);
#4672 = CARTESIAN_POINT('',(36.483,453.457,17.55208739188));
#4673 = SURFACE_CURVE('',#4674,(#4697,#4723),.PCURVE_S1.);
#4674 = B_SPLINE_CURVE_WITH_KNOTS('',6,(#4675,#4676,#4677,#4678,#4679,
    #4680,#4681,#4682,#4683,#4684,#4685,#4686,#4687,#4688,#4689,#4690,
    #4691,#4692,#4693,#4694,#4695,#4696),.UNSPECIFIED.,.F.,.F.,(7,5,5,5,
    7),(0.,0.13644943546,0.444591876802,0.754443241434,1.),
  .UNSPECIFIED.);
#4675 = CARTESIAN_POINT('',(34.681,449.51,16.524699932736));
#4676 = CARTESIAN_POINT('',(34.727320093763,449.59461742618,
    16.551414176755));
#4677 = CARTESIAN_POINT('',(34.772973481423,449.67979679113,
    16.578071266478));
#4678 = CARTESIAN_POINT('',(34.818045175187,449.76546323104,
    16.604655193797));
#4679 = CARTESIAN_POINT('',(34.862599664557,449.85156193981,
    16.63115156372));
#4680 = CARTESIAN_POINT('',(34.906688290629,449.93805242796,
    16.657547288898));
#4681 = CARTESIAN_POINT('',(35.048972387521,450.22103609557,
    16.743184918331));
#4682 = CARTESIAN_POINT('',(35.145439750246,450.41899575203,
    16.801961625708));
#4683 = CARTESIAN_POINT('',(35.240273115322,450.61842172833,
    16.860023246543));
#4684 = CARTESIAN_POINT('',(35.333769357797,450.81912650388,
    16.917231573985));
#4685 = CARTESIAN_POINT('',(35.426176273138,451.02097144102,
    16.973451555915));
#4686 = CARTESIAN_POINT('',(35.609719799408,451.42788589812,
    17.083946557476));
#4687 = CARTESIAN_POINT('',(35.700842915258,451.63295779225,
    17.138206639853));
#4688 = CARTESIAN_POINT('',(35.791265960385,451.83898062994,
    17.19118560141));
#4689 = CARTESIAN_POINT('',(35.881144979621,452.04587017931,
    17.242735631509));
#4690 = CARTESIAN_POINT('',(35.970618582879,452.25353922056,
    17.292702010431));
#4691 = CARTESIAN_POINT('',(36.130528171455,452.626967988,
    17.379138282095));
#4692 = CARTESIAN_POINT('',(36.20106000871,452.79247712566,
    17.416256155827));
#4693 = CARTESIAN_POINT('',(36.271496658584,452.95834014535,
    17.452197283521));
#4694 = CARTESIAN_POINT('',(36.341910154945,453.12447265149,
    17.486876750805));
#4695 = CARTESIAN_POINT('',(36.412373363721,453.29076220591,
    17.520205135606));
#4696 = CARTESIAN_POINT('',(36.483,453.457,17.55208739188));
#4697 = PCURVE('',#1922,#4698);
#4698 = DEFINITIONAL_REPRESENTATION('',(#4699),#4722);
#4699 = B_SPLINE_CURVE_WITH_KNOTS('',6,(#4700,#4701,#4702,#4703,#4704,
    #4705,#4706,#4707,#4708,#4709,#4710,#4711,#4712,#4713,#4714,#4715,
    #4716,#4717,#4718,#4719,#4720,#4721),.UNSPECIFIED.,.F.,.F.,(7,5,5,5,
    7),(0.,0.13644943546,0.444591876802,0.754443241434,1.),
  .UNSPECIFIED.);
#4700 = CARTESIAN_POINT('',(0.,-16.52469993273));
#4701 = CARTESIAN_POINT('',(2.522880923915E-02,-16.55141417675));
#4702 = CARTESIAN_POINT('',(4.991483253505E-02,-16.57807126647));
#4703 = CARTESIAN_POINT('',(7.414218326296E-02,-16.60465519379));
#4704 = CARTESIAN_POINT('',(9.797517326867E-02,-16.63115156372));
#4705 = CARTESIAN_POINT('',(0.121465376675,-16.65754728889));
#4706 = CARTESIAN_POINT('',(0.197035937344,-16.74318491833));
#4707 = CARTESIAN_POINT('',(0.247896348351,-16.8019616257));
#4708 = CARTESIAN_POINT('',(0.297758665217,-16.86002324654));
#4709 = CARTESIAN_POINT('',(0.346946292505,-16.91723157398));
#4710 = CARTESIAN_POINT('',(0.395747856709,-16.97345155591));
#4711 = CARTESIAN_POINT('',(0.493384926945,-17.08394655747));
#4712 = CARTESIAN_POINT('',(0.542217505894,-17.13820663985));
#4713 = CARTESIAN_POINT('',(0.591201008234,-17.19118560141));
#4714 = CARTESIAN_POINT('',(0.640595849865,-17.2427356315));
#4715 = CARTESIAN_POINT('',(0.690681443232,-17.29270201043));
#4716 = CARTESIAN_POINT('',(0.78238699997,-17.37913828209));
#4717 = CARTESIAN_POINT('',(0.823606399769,-17.41625615582));
#4718 = CARTESIAN_POINT('',(0.865690396585,-17.45219728352));
#4719 = CARTESIAN_POINT('',(0.908882523109,-17.4868767508));
#4720 = CARTESIAN_POINT('',(0.953473889145,-17.5202051356));
#4721 = CARTESIAN_POINT('',(1.,-17.55208739188));
#4722 = ( GEOMETRIC_REPRESENTATION_CONTEXT(2) 
PARAMETRIC_REPRESENTATION_CONTEXT() REPRESENTATION_CONTEXT('2D SPACE',''
  ) );
#4723 = PCURVE('',#4341,#4724);
#4724 = DEFINITIONAL_REPRESENTATION('',(#4725),#4748);
#4725 = B_SPLINE_CURVE_WITH_KNOTS('',6,(#4726,#4727,#4728,#4729,#4730,
    #4731,#4732,#4733,#4734,#4735,#4736,#4737,#4738,#4739,#4740,#4741,
    #4742,#4743,#4744,#4745,#4746,#4747),.UNSPECIFIED.,.F.,.F.,(7,5,5,5,
    7),(0.,0.13644943546,0.444591876802,0.754443241434,1.),
  .UNSPECIFIED.);
#4726 = CARTESIAN_POINT('',(10.781082316181,0.775126074603));
#4727 = CARTESIAN_POINT('',(10.781040508838,0.776957583806));
#4728 = CARTESIAN_POINT('',(10.781035473555,0.778792306598));
#4729 = CARTESIAN_POINT('',(10.781059966721,0.780629884103));
#4730 = CARTESIAN_POINT('',(10.781108550117,0.782470070314));
#4731 = CARTESIAN_POINT('',(10.781176983574,0.784312713878));
#4732 = CARTESIAN_POINT('',(10.781452745932,0.790324344308));
#4733 = CARTESIAN_POINT('',(10.781726506843,0.794502911142));
#4734 = CARTESIAN_POINT('',(10.782041755679,0.798692551443));
#4735 = CARTESIAN_POINT('',(10.782374952163,0.802893018637));
#4736 = CARTESIAN_POINT('',(10.782706868611,0.807104200377));
#4737 = CARTESIAN_POINT('',(10.78333953705,0.815571665333));
#4738 = CARTESIAN_POINT('',(10.783640057645,0.819827880664));
#4739 = CARTESIAN_POINT('',(10.783908304126,0.824094834568));
#4740 = CARTESIAN_POINT('',(10.784131853135,0.828372195401));
#4741 = CARTESIAN_POINT('',(10.784299237843,0.832659306658));
#4742 = CARTESIAN_POINT('',(10.78447643751,0.840358981992));
#4743 = CARTESIAN_POINT('',(10.784511730218,0.843768327917));
#4744 = CARTESIAN_POINT('',(10.784497845057,0.847182219281));
#4745 = CARTESIAN_POINT('',(10.7844280118,0.850599507968));
#4746 = CARTESIAN_POINT('',(10.784294851892,0.854018646591));
#4747 = CARTESIAN_POINT('',(10.78408651942,0.857436451289));
#4748 = ( GEOMETRIC_REPRESENTATION_CONTEXT(2) 
PARAMETRIC_REPRESENTATION_CONTEXT() REPRESENTATION_CONTEXT('2D SPACE',''
  ) );
#4749 = ORIENTED_EDGE('',*,*,#3898,.T.);
#4750 = ORIENTED_EDGE('',*,*,#1904,.T.);
#4751 = ORIENTED_EDGE('',*,*,#4752,.F.);
#4752 = EDGE_CURVE('',#4671,#1905,#4753,.T.);
#4753 = SURFACE_CURVE('',#4754,(#4758,#4765),.PCURVE_S1.);
#4754 = LINE('',#4755,#4756);
#4755 = CARTESIAN_POINT('',(36.483,453.457,0.));
#4756 = VECTOR('',#4757,1.);
#4757 = DIRECTION('',(-0.,-0.,1.));
#4758 = PCURVE('',#1922,#4759);
#4759 = DEFINITIONAL_REPRESENTATION('',(#4760),#4764);
#4760 = LINE('',#4761,#4762);
#4761 = CARTESIAN_POINT('',(1.,0.));
#4762 = VECTOR('',#4763,1.);
#4763 = DIRECTION('',(0.,-1.));
#4764 = ( GEOMETRIC_REPRESENTATION_CONTEXT(2) 
PARAMETRIC_REPRESENTATION_CONTEXT() REPRESENTATION_CONTEXT('2D SPACE',''
  ) );
#4765 = PCURVE('',#1953,#4766);
#4766 = DEFINITIONAL_REPRESENTATION('',(#4767),#4771);
#4767 = LINE('',#4768,#4769);
#4768 = CARTESIAN_POINT('',(0.,0.));
#4769 = VECTOR('',#4770,1.);
#4770 = DIRECTION('',(0.,-1.));
#4771 = ( GEOMETRIC_REPRESENTATION_CONTEXT(2) 
PARAMETRIC_REPRESENTATION_CONTEXT() REPRESENTATION_CONTEXT('2D SPACE',''
  ) );
#4772 = ADVANCED_FACE('',(#4773),#2098,.T.);
#4773 = FACE_BOUND('',#4774,.T.);
#4774 = EDGE_LOOP('',(#4775,#4798,#4799,#4800));
#4775 = ORIENTED_EDGE('',*,*,#4776,.T.);
#4776 = EDGE_CURVE('',#4777,#2055,#4779,.T.);
#4777 = VERTEX_POINT('',#4778);
#4778 = CARTESIAN_POINT('',(152.401,256.12,0.));
#4779 = SURFACE_CURVE('',#4780,(#4784,#4791),.PCURVE_S1.);
#4780 = LINE('',#4781,#4782);
#4781 = CARTESIAN_POINT('',(152.401,256.12,0.));
#4782 = VECTOR('',#4783,1.);
#4783 = DIRECTION('',(-0.,-0.,1.));
#4784 = PCURVE('',#2098,#4785);
#4785 = DEFINITIONAL_REPRESENTATION('',(#4786),#4790);
#4786 = LINE('',#4787,#4788);
#4787 = CARTESIAN_POINT('',(0.,0.));
#4788 = VECTOR('',#4789,1.);
#4789 = DIRECTION('',(0.,-1.));
#4790 = ( GEOMETRIC_REPRESENTATION_CONTEXT(2) 
PARAMETRIC_REPRESENTATION_CONTEXT() REPRESENTATION_CONTEXT('2D SPACE',''
  ) );
#4791 = PCURVE('',#2070,#4792);
#4792 = DEFINITIONAL_REPRESENTATION('',(#4793),#4797);
#4793 = LINE('',#4794,#4795);
#4794 = CARTESIAN_POINT('',(108.67963762361,0.));
#4795 = VECTOR('',#4796,1.);
#4796 = DIRECTION('',(0.,-1.));
#4797 = ( GEOMETRIC_REPRESENTATION_CONTEXT(2) 
PARAMETRIC_REPRESENTATION_CONTEXT() REPRESENTATION_CONTEXT('2D SPACE',''
  ) );
#4798 = ORIENTED_EDGE('',*,*,#2082,.T.);
#4799 = ORIENTED_EDGE('',*,*,#4621,.F.);
#4800 = ORIENTED_EDGE('',*,*,#4801,.F.);
#4801 = EDGE_CURVE('',#4777,#4622,#4802,.T.);
#4802 = SURFACE_CURVE('',#4803,(#4807,#4814),.PCURVE_S1.);
#4803 = LINE('',#4804,#4805);
#4804 = CARTESIAN_POINT('',(152.401,256.12,0.));
#4805 = VECTOR('',#4806,1.);
#4806 = DIRECTION('',(-0.285163556052,-0.958478871076,0.));
#4807 = PCURVE('',#2098,#4808);
#4808 = DEFINITIONAL_REPRESENTATION('',(#4809),#4813);
#4809 = LINE('',#4810,#4811);
#4810 = CARTESIAN_POINT('',(0.,0.));
#4811 = VECTOR('',#4812,1.);
#4812 = DIRECTION('',(1.,0.));
#4813 = ( GEOMETRIC_REPRESENTATION_CONTEXT(2) 
PARAMETRIC_REPRESENTATION_CONTEXT() REPRESENTATION_CONTEXT('2D SPACE',''
  ) );
#4814 = PCURVE('',#2749,#4815);
#4815 = DEFINITIONAL_REPRESENTATION('',(#4816),#4820);
#4816 = LINE('',#4817,#4818);
#4817 = CARTESIAN_POINT('',(-152.4001930125,24.501204137994));
#4818 = VECTOR('',#4819,1.);
#4819 = DIRECTION('',(0.285163556052,-0.958478871076));
#4820 = ( GEOMETRIC_REPRESENTATION_CONTEXT(2) 
PARAMETRIC_REPRESENTATION_CONTEXT() REPRESENTATION_CONTEXT('2D SPACE',''
  ) );
#4821 = ADVANCED_FACE('',(#4822),#1953,.T.);
#4822 = FACE_BOUND('',#4823,.T.);
#4823 = EDGE_LOOP('',(#4824,#4904,#4905,#4906));
#4824 = ORIENTED_EDGE('',*,*,#4825,.F.);
#4825 = EDGE_CURVE('',#4671,#4826,#4828,.T.);
#4826 = VERTEX_POINT('',#4827);
#4827 = CARTESIAN_POINT('',(49.177,453.457,17.908448979529));
#4828 = SURFACE_CURVE('',#4829,(#4852,#4878),.PCURVE_S1.);
#4829 = B_SPLINE_CURVE_WITH_KNOTS('',6,(#4830,#4831,#4832,#4833,#4834,
    #4835,#4836,#4837,#4838,#4839,#4840,#4841,#4842,#4843,#4844,#4845,
    #4846,#4847,#4848,#4849,#4850,#4851),.UNSPECIFIED.,.F.,.F.,(7,5,5,5,
    7),(0.,0.428328967389,0.53296767935,0.848766745374,1.),
  .UNSPECIFIED.);
#4830 = CARTESIAN_POINT('',(36.483,453.457,17.55208739188));
#4831 = CARTESIAN_POINT('',(37.387791161895,453.457,17.611911442677));
#4832 = CARTESIAN_POINT('',(38.293101741086,453.457,17.663630703663));
#4833 = CARTESIAN_POINT('',(39.198796954578,453.457,17.708036043673));
#4834 = CARTESIAN_POINT('',(40.104769513523,453.457,17.745872113466));
#4835 = CARTESIAN_POINT('',(41.010941353245,453.457,17.777804175804));
#4836 = CARTESIAN_POINT('',(42.138673339355,453.457,17.810930664149));
#4837 = CARTESIAN_POINT('',(42.360092223362,453.457,17.817117194408));
#4838 = CARTESIAN_POINT('',(42.581519062613,453.457,17.822997181916));
#4839 = CARTESIAN_POINT('',(42.802953137955,453.457,17.828574963036));
#4840 = CARTESIAN_POINT('',(43.024393806633,453.457,17.833860677268));
#4841 = CARTESIAN_POINT('',(43.914164353061,453.457,17.853987328154));
#4842 = CARTESIAN_POINT('',(44.58254045522,453.457,17.866579967907));
#4843 = CARTESIAN_POINT('',(45.250950929299,453.457,17.876989526698));
#4844 = CARTESIAN_POINT('',(45.91938289713,453.457,17.885495986884));
#4845 = CARTESIAN_POINT('',(46.587828001923,453.457,17.892331595313));
#4846 = CARTESIAN_POINT('',(47.576398733555,453.457,17.900263406874));
#4847 = CARTESIAN_POINT('',(47.896517184944,453.457,17.902494238659));
#4848 = CARTESIAN_POINT('',(48.216636970791,453.457,17.904409046739));
#4849 = CARTESIAN_POINT('',(48.536757608795,453.457,17.906027809223));
#4850 = CARTESIAN_POINT('',(48.85687871424,453.457,17.907368878158));
#4851 = CARTESIAN_POINT('',(49.177,453.457,17.908448979529));
#4852 = PCURVE('',#1953,#4853);
#4853 = DEFINITIONAL_REPRESENTATION('',(#4854),#4877);
#4854 = B_SPLINE_CURVE_WITH_KNOTS('',6,(#4855,#4856,#4857,#4858,#4859,
    #4860,#4861,#4862,#4863,#4864,#4865,#4866,#4867,#4868,#4869,#4870,
    #4871,#4872,#4873,#4874,#4875,#4876),.UNSPECIFIED.,.F.,.F.,(7,5,5,5,
    7),(0.,0.428328967389,0.53296767935,0.848766745374,1.),
  .UNSPECIFIED.);
#4855 = CARTESIAN_POINT('',(0.,-17.55208739188));
#4856 = CARTESIAN_POINT('',(0.904791161895,-17.61191144267));
#4857 = CARTESIAN_POINT('',(1.810101741086,-17.66363070366));
#4858 = CARTESIAN_POINT('',(2.715796954578,-17.70803604367));
#4859 = CARTESIAN_POINT('',(3.621769513523,-17.74587211346));
#4860 = CARTESIAN_POINT('',(4.527941353245,-17.7778041758));
#4861 = CARTESIAN_POINT('',(5.655673339355,-17.81093066414));
#4862 = CARTESIAN_POINT('',(5.877092223362,-17.8171171944));
#4863 = CARTESIAN_POINT('',(6.098519062613,-17.82299718191));
#4864 = CARTESIAN_POINT('',(6.319953137955,-17.82857496303));
#4865 = CARTESIAN_POINT('',(6.541393806633,-17.83386067726));
#4866 = CARTESIAN_POINT('',(7.431164353061,-17.85398732815));
#4867 = CARTESIAN_POINT('',(8.09954045522,-17.8665799679));
#4868 = CARTESIAN_POINT('',(8.767950929299,-17.87698952669));
#4869 = CARTESIAN_POINT('',(9.43638289713,-17.88549598688));
#4870 = CARTESIAN_POINT('',(10.104828001923,-17.89233159531));
#4871 = CARTESIAN_POINT('',(11.093398733555,-17.90026340687));
#4872 = CARTESIAN_POINT('',(11.413517184944,-17.90249423865));
#4873 = CARTESIAN_POINT('',(11.733636970791,-17.90440904673));
#4874 = CARTESIAN_POINT('',(12.053757608795,-17.90602780922));
#4875 = CARTESIAN_POINT('',(12.37387871424,-17.90736887815));
#4876 = CARTESIAN_POINT('',(12.694,-17.90844897952));
#4877 = ( GEOMETRIC_REPRESENTATION_CONTEXT(2) 
PARAMETRIC_REPRESENTATION_CONTEXT() REPRESENTATION_CONTEXT('2D SPACE',''
  ) );
#4878 = PCURVE('',#4341,#4879);
#4879 = DEFINITIONAL_REPRESENTATION('',(#4880),#4903);
#4880 = B_SPLINE_CURVE_WITH_KNOTS('',6,(#4881,#4882,#4883,#4884,#4885,
    #4886,#4887,#4888,#4889,#4890,#4891,#4892,#4893,#4894,#4895,#4896,
    #4897,#4898,#4899,#4900,#4901,#4902),.UNSPECIFIED.,.F.,.F.,(7,5,5,5,
    7),(0.,0.428328967389,0.53296767935,0.848766745374,1.),
  .UNSPECIFIED.);
#4881 = CARTESIAN_POINT('',(10.784086516836,0.8574364475));
#4882 = CARTESIAN_POINT('',(10.72996111925,0.863849635815));
#4883 = CARTESIAN_POINT('',(10.675578823478,0.869935162936));
#4884 = CARTESIAN_POINT('',(10.620968918131,0.875721921007));
#4885 = CARTESIAN_POINT('',(10.566155836763,0.881234900651));
#4886 = CARTESIAN_POINT('',(10.511159689122,0.886495795527));
#4887 = CARTESIAN_POINT('',(10.442520932471,0.892752193652));
#4888 = CARTESIAN_POINT('',(10.429035000999,0.893966629275));
#4889 = CARTESIAN_POINT('',(10.415539383897,0.89516744883));
#4890 = CARTESIAN_POINT('',(10.402034311005,0.896354921012));
#4891 = CARTESIAN_POINT('',(10.388520005238,0.897529308809));
#4892 = CARTESIAN_POINT('',(10.33418343447,0.902196449277));
#4893 = CARTESIAN_POINT('',(10.293288217132,0.905585183093));
#4894 = CARTESIAN_POINT('',(10.25231705121,0.908864098251));
#4895 = CARTESIAN_POINT('',(10.211275119813,0.912039526058));
#4896 = CARTESIAN_POINT('',(10.170166882452,0.915117204528));
#4897 = CARTESIAN_POINT('',(10.109279899859,0.919531956075));
#4898 = CARTESIAN_POINT('',(10.089549310696,0.920940315736));
#4899 = CARTESIAN_POINT('',(10.069804833062,0.922328035377));
#4900 = CARTESIAN_POINT('',(10.050046871347,0.923695664707));
#4901 = CARTESIAN_POINT('',(10.030275806227,0.925043728865));
#4902 = CARTESIAN_POINT('',(10.010491994665,0.926372728419));
#4903 = ( GEOMETRIC_REPRESENTATION_CONTEXT(2) 
PARAMETRIC_REPRESENTATION_CONTEXT() REPRESENTATION_CONTEXT('2D SPACE',''
  ) );
#4904 = ORIENTED_EDGE('',*,*,#4752,.T.);
#4905 = ORIENTED_EDGE('',*,*,#1937,.T.);
#4906 = ORIENTED_EDGE('',*,*,#4907,.F.);
#4907 = EDGE_CURVE('',#4826,#1938,#4908,.T.);
#4908 = SURFACE_CURVE('',#4909,(#4913,#4920),.PCURVE_S1.);
#4909 = LINE('',#4910,#4911);
#4910 = CARTESIAN_POINT('',(49.177,453.457,0.));
#4911 = VECTOR('',#4912,1.);
#4912 = DIRECTION('',(-0.,-0.,1.));
#4913 = PCURVE('',#1953,#4914);
#4914 = DEFINITIONAL_REPRESENTATION('',(#4915),#4919);
#4915 = LINE('',#4916,#4917);
#4916 = CARTESIAN_POINT('',(12.694,0.));
#4917 = VECTOR('',#4918,1.);
#4918 = DIRECTION('',(0.,-1.));
#4919 = ( GEOMETRIC_REPRESENTATION_CONTEXT(2) 
PARAMETRIC_REPRESENTATION_CONTEXT() REPRESENTATION_CONTEXT('2D SPACE',''
  ) );
#4920 = PCURVE('',#1983,#4921);
#4921 = DEFINITIONAL_REPRESENTATION('',(#4922),#4926);
#4922 = LINE('',#4923,#4924);
#4923 = CARTESIAN_POINT('',(0.,0.));
#4924 = VECTOR('',#4925,1.);
#4925 = DIRECTION('',(0.,-1.));
#4926 = ( GEOMETRIC_REPRESENTATION_CONTEXT(2) 
PARAMETRIC_REPRESENTATION_CONTEXT() REPRESENTATION_CONTEXT('2D SPACE',''
  ) );
#4927 = ADVANCED_FACE('',(#4928),#2070,.T.);
#4928 = FACE_BOUND('',#4929,.T.);
#4929 = EDGE_LOOP('',(#4930,#4953,#4954,#4955));
#4930 = ORIENTED_EDGE('',*,*,#4931,.T.);
#4931 = EDGE_CURVE('',#4932,#2027,#4934,.T.);
#4932 = VERTEX_POINT('',#4933);
#4933 = CARTESIAN_POINT('',(56.116,306.523,0.));
#4934 = SURFACE_CURVE('',#4935,(#4939,#4946),.PCURVE_S1.);
#4935 = LINE('',#4936,#4937);
#4936 = CARTESIAN_POINT('',(56.116,306.523,0.));
#4937 = VECTOR('',#4938,1.);
#4938 = DIRECTION('',(-0.,-0.,1.));
#4939 = PCURVE('',#2070,#4940);
#4940 = DEFINITIONAL_REPRESENTATION('',(#4941),#4945);
#4941 = LINE('',#4942,#4943);
#4942 = CARTESIAN_POINT('',(0.,0.));
#4943 = VECTOR('',#4944,1.);
#4944 = DIRECTION('',(0.,-1.));
#4945 = ( GEOMETRIC_REPRESENTATION_CONTEXT(2) 
PARAMETRIC_REPRESENTATION_CONTEXT() REPRESENTATION_CONTEXT('2D SPACE',''
  ) );
#4946 = PCURVE('',#2042,#4947);
#4947 = DEFINITIONAL_REPRESENTATION('',(#4948),#4952);
#4948 = LINE('',#4949,#4950);
#4949 = CARTESIAN_POINT('',(97.100175617761,0.));
#4950 = VECTOR('',#4951,1.);
#4951 = DIRECTION('',(0.,-1.));
#4952 = ( GEOMETRIC_REPRESENTATION_CONTEXT(2) 
PARAMETRIC_REPRESENTATION_CONTEXT() REPRESENTATION_CONTEXT('2D SPACE',''
  ) );
#4953 = ORIENTED_EDGE('',*,*,#2054,.T.);
#4954 = ORIENTED_EDGE('',*,*,#4776,.F.);
#4955 = ORIENTED_EDGE('',*,*,#4956,.F.);
#4956 = EDGE_CURVE('',#4932,#4777,#4957,.T.);
#4957 = SURFACE_CURVE('',#4958,(#4962,#4969),.PCURVE_S1.);
#4958 = LINE('',#4959,#4960);
#4959 = CARTESIAN_POINT('',(56.116,306.523,0.));
#4960 = VECTOR('',#4961,1.);
#4961 = DIRECTION('',(0.885952530809,-0.463775929899,0.));
#4962 = PCURVE('',#2070,#4963);
#4963 = DEFINITIONAL_REPRESENTATION('',(#4964),#4968);
#4964 = LINE('',#4965,#4966);
#4965 = CARTESIAN_POINT('',(0.,0.));
#4966 = VECTOR('',#4967,1.);
#4967 = DIRECTION('',(1.,0.));
#4968 = ( GEOMETRIC_REPRESENTATION_CONTEXT(2) 
PARAMETRIC_REPRESENTATION_CONTEXT() REPRESENTATION_CONTEXT('2D SPACE',''
  ) );
#4969 = PCURVE('',#2749,#4970);
#4970 = DEFINITIONAL_REPRESENTATION('',(#4971),#4975);
#4971 = LINE('',#4972,#4973);
#4972 = CARTESIAN_POINT('',(-56.11519301259,74.904204137994));
#4973 = VECTOR('',#4974,1.);
#4974 = DIRECTION('',(-0.885952530809,-0.463775929899));
#4975 = ( GEOMETRIC_REPRESENTATION_CONTEXT(2) 
PARAMETRIC_REPRESENTATION_CONTEXT() REPRESENTATION_CONTEXT('2D SPACE',''
  ) );
#4976 = ADVANCED_FACE('',(#4977),#1983,.T.);
#4977 = FACE_BOUND('',#4978,.T.);
#4978 = EDGE_LOOP('',(#4979,#5233,#5234,#5235));
#4979 = ORIENTED_EDGE('',*,*,#4980,.F.);
#4980 = EDGE_CURVE('',#4826,#4981,#4983,.T.);
#4981 = VERTEX_POINT('',#4982);
#4982 = CARTESIAN_POINT('',(36.813,432.866,14.297816923482));
#4983 = SURFACE_CURVE('',#4984,(#5065,#5149),.PCURVE_S1.);
#4984 = B_SPLINE_CURVE_WITH_KNOTS('',7,(#4985,#4986,#4987,#4988,#4989,
    #4990,#4991,#4992,#4993,#4994,#4995,#4996,#4997,#4998,#4999,#5000,
    #5001,#5002,#5003,#5004,#5005,#5006,#5007,#5008,#5009,#5010,#5011,
    #5012,#5013,#5014,#5015,#5016,#5017,#5018,#5019,#5020,#5021,#5022,
    #5023,#5024,#5025,#5026,#5027,#5028,#5029,#5030,#5031,#5032,#5033,
    #5034,#5035,#5036,#5037,#5038,#5039,#5040,#5041,#5042,#5043,#5044,
    #5045,#5046,#5047,#5048,#5049,#5050,#5051,#5052,#5053,#5054,#5055,
    #5056,#5057,#5058,#5059,#5060,#5061,#5062,#5063,#5064),
  .UNSPECIFIED.,.F.,.F.,(8,6,6,6,6,6,6,6,6,6,6,6,6,8),(0.,
    8.352120496041E-02,0.189097438297,0.295712296593,0.403282788659,
    0.510849672062,0.62811770751,0.686135135491,0.743765560072,
    0.800974525037,0.829571364615,0.858045235301,0.970168128443,1.),
  .UNSPECIFIED.);
#4985 = CARTESIAN_POINT('',(49.177,453.457,17.908448979529));
#4986 = CARTESIAN_POINT('',(49.088015081501,453.17408932808,
    17.904963210935));
#4987 = CARTESIAN_POINT('',(48.99713257001,452.89183691527,
    17.898992491379));
#4988 = CARTESIAN_POINT('',(48.904374404249,452.61030773393,
    17.890439072831));
#4989 = CARTESIAN_POINT('',(48.809767008463,452.32957311479,
    17.879207275985));
#4990 = CARTESIAN_POINT('',(48.713341720157,452.04971050375,
    17.86520464341));
#4991 = CARTESIAN_POINT('',(48.615135217841,451.77080321855,
    17.848343092705));
#4992 = CARTESIAN_POINT('',(48.388852630563,451.14170329125,
    17.803507761001));
#4993 = CARTESIAN_POINT('',(48.259738051104,450.79213792339,
    17.773771522929));
#4994 = CARTESIAN_POINT('',(48.127910841389,450.44436470014,
    17.739602966438));
#4995 = CARTESIAN_POINT('',(47.99343195449,450.09847725758,
    17.701275498423));
#4996 = CARTESIAN_POINT('',(47.856356871606,449.75454365294,
    17.65906091318));
#4997 = CARTESIAN_POINT('',(47.716733808108,449.41260774802,
    17.613225983905));
#4998 = CARTESIAN_POINT('',(47.431071783336,448.72942944164,
    17.514348140941));
#4999 = CARTESIAN_POINT('',(47.284984890057,448.38823093593,
    17.461239512985));
#5000 = CARTESIAN_POINT('',(47.136381568166,448.04911626753,
    17.404969618994));
#5001 = CARTESIAN_POINT('',(46.985296441648,447.71209168754,
    17.345798164398));
#5002 = CARTESIAN_POINT('',(46.831757322268,447.37714917014,
    17.283977749739));
#5003 = CARTESIAN_POINT('',(46.675784101794,447.04426707668,
    17.219753509022));
#5004 = CARTESIAN_POINT('',(46.357571412639,446.37958895915,
    17.086376898826));
#5005 = CARTESIAN_POINT('',(46.195290169487,446.04783328588,
    17.017186125498));
#5006 = CARTESIAN_POINT('',(46.030555270735,445.71810839855,
    16.946034771264));
#5007 = CARTESIAN_POINT('',(45.863372862636,445.3903738915,
    16.873158532273));
#5008 = CARTESIAN_POINT('',(45.693742500448,445.06458306331,
    16.798789133985));
#5009 = CARTESIAN_POINT('',(45.521656887723,444.74068366599,
    16.723153038585));
#5010 = CARTESIAN_POINT('',(45.172554440379,444.0965685275,
    16.56977790104));
#5011 = CARTESIAN_POINT('',(44.995539284757,443.77635543299,
    16.49204014474));
#5012 = CARTESIAN_POINT('',(44.816043730572,443.45792576255,
    16.413467919465));
#5013 = CARTESIAN_POINT('',(44.634050089651,443.14122431565,
    16.334274793808));
#5014 = CARTESIAN_POINT('',(44.449536164255,442.82619605253,
    16.254671892523));
#5015 = CARTESIAN_POINT('',(44.262474886953,442.51278580693,
    16.174868888976));
#5016 = CARTESIAN_POINT('',(43.866089856894,441.86096552167,
    16.008084721545));
#5017 = CARTESIAN_POINT('',(43.656282173573,441.52285388337,
    15.921105151159));
#5018 = CARTESIAN_POINT('',(43.443366633359,441.18652699448,
    15.834416864784));
#5019 = CARTESIAN_POINT('',(43.22730549756,440.8519310864,
    15.748260411843));
#5020 = CARTESIAN_POINT('',(43.008049915306,440.51900435302,
    15.662916014208));
#5021 = CARTESIAN_POINT('',(42.78555340146,440.187699243,15.578644434363
    ));
#5022 = CARTESIAN_POINT('',(42.448056333852,439.69483740733,
    15.45469754707));
#5023 = CARTESIAN_POINT('',(42.335543186701,439.53209202502,
    15.414002725633));
#5024 = CARTESIAN_POINT('',(42.22221802546,439.3697269115,
    15.373673074178));
#5025 = CARTESIAN_POINT('',(42.108076071686,439.20773904727,
    15.333736918334));
#5026 = CARTESIAN_POINT('',(41.993109132224,439.04612126051,
    15.294238479979));
#5027 = CARTESIAN_POINT('',(41.877314275099,438.88487405407,
    15.255199733773));
#5028 = CARTESIAN_POINT('',(41.644830196408,438.56418125474,
    15.178391462791));
#5029 = CARTESIAN_POINT('',(41.528152281221,438.4047310478,
    15.140614870607));
#5030 = CARTESIAN_POINT('',(41.410642362124,438.24563564584,
    15.103378126055));
#5031 = CARTESIAN_POINT('',(41.292293673903,438.08689119236,
    15.066722793406));
#5032 = CARTESIAN_POINT('',(41.173099822422,437.92849477971,
    15.030691181469));
#5033 = CARTESIAN_POINT('',(41.053054784617,437.77044444907,
    14.995326343591));
#5034 = CARTESIAN_POINT('',(40.812135205267,437.45618725324,
    14.926271243375));
#5035 = CARTESIAN_POINT('',(40.691273345483,437.29997552992,
    14.892570665486));
#5036 = CARTESIAN_POINT('',(40.569561763557,437.14410302216,
    14.859613234656));
#5037 = CARTESIAN_POINT('',(40.446995686717,436.98856996797,
    14.827442642837));
#5038 = CARTESIAN_POINT('',(40.323571135014,436.83337784174,
    14.796103383264));
#5039 = CARTESIAN_POINT('',(40.199284921325,436.6785293542,
    14.76564075046));
#5040 = CARTESIAN_POINT('',(40.011576235968,436.44679864234,
    14.721334831538));
#5041 = CARTESIAN_POINT('',(39.948801964938,436.36965572198,
    14.706799212864));
#5042 = CARTESIAN_POINT('',(39.885811457427,436.29260007294,
    14.692500526023));
#5043 = CARTESIAN_POINT('',(39.822604725324,436.21563255484,
    14.678443237468));
#5044 = CARTESIAN_POINT('',(39.759181551783,436.13875375804,
    14.664633724656));
#5045 = CARTESIAN_POINT('',(39.69554162878,436.06196416485,
    14.651079464475));
#5046 = CARTESIAN_POINT('',(39.568103865627,435.90889608589,
    14.624544557124));
#5047 = CARTESIAN_POINT('',(39.504307931569,435.83261688071,
    14.611561541571));
#5048 = CARTESIAN_POINT('',(39.440298128641,435.75642901104,
    14.598837541929));
#5049 = CARTESIAN_POINT('',(39.376074992066,435.68033393178,
    14.58637573306));
#5050 = CARTESIAN_POINT('',(39.311639115135,435.60433314549,
    14.57417929984));
#5051 = CARTESIAN_POINT('',(39.246991149204,435.52842820234,
    14.562251437158));
#5052 = CARTESIAN_POINT('',(38.926732123534,435.15410995116,
    14.504696629681));
#5053 = CARTESIAN_POINT('',(38.668054941874,434.85711024065,
    14.463012081699));
#5054 = CARTESIAN_POINT('',(38.406143358357,434.56171862844,
    14.425736917262));
#5055 = CARTESIAN_POINT('',(38.141056118364,434.26804485452,
    14.393068663935));
#5056 = CARTESIAN_POINT('',(37.872869321241,433.9762104833,
    14.365203866504));
#5057 = CARTESIAN_POINT('',(37.601678128524,433.68634804772,
    14.342334787928));
#5058 = CARTESIAN_POINT('',(37.254675727536,433.32204083272,
    14.319939789006));
#5059 = CARTESIAN_POINT('',(37.181548521429,433.24563117597,
    14.31560340302));
#5060 = CARTESIAN_POINT('',(37.108221868394,433.16937688162,
    14.311590225309));
#5061 = CARTESIAN_POINT('',(37.034700207727,433.09328285848,
    14.307852814318));
#5062 = CARTESIAN_POINT('',(36.960987358519,433.01735325338,
    14.304343341362));
#5063 = CARTESIAN_POINT('',(36.887086474684,432.94159143871,
    14.301013918011));
#5064 = CARTESIAN_POINT('',(36.813,432.866,14.297816923482));
#5065 = PCURVE('',#1983,#5066);
#5066 = DEFINITIONAL_REPRESENTATION('',(#5067),#5148);
#5067 = B_SPLINE_CURVE_WITH_KNOTS('',7,(#5068,#5069,#5070,#5071,#5072,
    #5073,#5074,#5075,#5076,#5077,#5078,#5079,#5080,#5081,#5082,#5083,
    #5084,#5085,#5086,#5087,#5088,#5089,#5090,#5091,#5092,#5093,#5094,
    #5095,#5096,#5097,#5098,#5099,#5100,#5101,#5102,#5103,#5104,#5105,
    #5106,#5107,#5108,#5109,#5110,#5111,#5112,#5113,#5114,#5115,#5116,
    #5117,#5118,#5119,#5120,#5121,#5122,#5123,#5124,#5125,#5126,#5127,
    #5128,#5129,#5130,#5131,#5132,#5133,#5134,#5135,#5136,#5137,#5138,
    #5139,#5140,#5141,#5142,#5143,#5144,#5145,#5146,#5147),
  .UNSPECIFIED.,.F.,.F.,(8,6,6,6,6,6,6,6,6,6,6,6,6,8),(0.,
    8.352120496041E-02,0.189097438297,0.295712296593,0.403282788659,
    0.510849672062,0.62811770751,0.686135135491,0.743765560072,
    0.800974525037,0.829571364615,0.858045235301,0.970168128443,1.),
  .UNSPECIFIED.);
#5068 = CARTESIAN_POINT('',(0.,-17.90844897952));
#5069 = CARTESIAN_POINT('',(1.203311947242E-02,-17.90496321093));
#5070 = CARTESIAN_POINT('',(2.407311749184E-02,-17.89899249137));
#5071 = CARTESIAN_POINT('',(3.611766020784E-02,-17.89043907283));
#5072 = CARTESIAN_POINT('',(4.81641050481E-02,-17.87920727598));
#5073 = CARTESIAN_POINT('',(6.020949962186E-02,-17.86520464341));
#5074 = CARTESIAN_POINT('',(7.225058062355E-02,-17.8483430927));
#5075 = CARTESIAN_POINT('',(9.949450992426E-02,-17.803507761));
#5076 = CARTESIAN_POINT('',(0.114692514005,-17.77377152292));
#5077 = CARTESIAN_POINT('',(0.129873119439,-17.73960296643));
#5078 = CARTESIAN_POINT('',(0.145032711936,-17.70127549842));
#5079 = CARTESIAN_POINT('',(0.160168706702,-17.65906091318));
#5080 = CARTESIAN_POINT('',(0.175279526673,-17.6132259839));
#5081 = CARTESIAN_POINT('',(0.205598036755,-17.51434814094));
#5082 = CARTESIAN_POINT('',(0.220805040755,-17.46123951298));
#5083 = CARTESIAN_POINT('',(0.235985003906,-17.40496961899));
#5084 = CARTESIAN_POINT('',(0.251137973351,-17.34579816439));
#5085 = CARTESIAN_POINT('',(0.266264631286,-17.28397774973));
#5086 = CARTESIAN_POINT('',(0.281366294004,-17.21975350902));
#5087 = CARTESIAN_POINT('',(0.311658683874,-17.08637689882));
#5088 = CARTESIAN_POINT('',(0.326848819673,-17.01718612549));
#5089 = CARTESIAN_POINT('',(0.342017313094,-16.94603477126));
#5090 = CARTESIAN_POINT('',(0.357166430955,-16.87315853227));
#5091 = CARTESIAN_POINT('',(0.372298789888,-16.79878913398));
#5092 = CARTESIAN_POINT('',(0.387417339433,-16.72315303858));
#5093 = CARTESIAN_POINT('',(0.417632654718,-16.56977790104));
#5094 = CARTESIAN_POINT('',(0.432729290935,-16.49204014474));
#5095 = CARTESIAN_POINT('',(0.447818358132,-16.41346791946));
#5096 = CARTESIAN_POINT('',(0.462903123631,-16.3342747938));
#5097 = CARTESIAN_POINT('',(0.477986946483,-16.25467189252));
#5098 = CARTESIAN_POINT('',(0.493073300872,-16.17486888897));
#5099 = CARTESIAN_POINT('',(0.524619447802,-16.00808472154));
#5100 = CARTESIAN_POINT('',(0.541080211338,-15.92110515115));
#5101 = CARTESIAN_POINT('',(0.557552967357,-15.83441686478));
#5102 = CARTESIAN_POINT('',(0.574041680728,-15.74826041184));
#5103 = CARTESIAN_POINT('',(0.590550862941,-15.6629160142));
#5104 = CARTESIAN_POINT('',(0.607084502727,-15.57864443436));
#5105 = CARTESIAN_POINT('',(0.631840750878,-15.45469754707));
#5106 = CARTESIAN_POINT('',(0.64004174161,-15.41400272563));
#5107 = CARTESIAN_POINT('',(0.648250203271,-15.37367307417));
#5108 = CARTESIAN_POINT('',(0.65646651014,-15.33373691833));
#5109 = CARTESIAN_POINT('',(0.664691260648,-15.29423847997));
#5110 = CARTESIAN_POINT('',(0.672924669075,-15.25519973377));
#5111 = CARTESIAN_POINT('',(0.689354971865,-15.17839146279));
#5112 = CARTESIAN_POINT('',(0.697551731256,-15.1406148706));
#5113 = CARTESIAN_POINT('',(0.70575808325,-15.10337812605));
#5114 = CARTESIAN_POINT('',(0.713974482601,-15.0667227934));
#5115 = CARTESIAN_POINT('',(0.722201345349,-15.03069118146));
#5116 = CARTESIAN_POINT('',(0.730439048826,-14.99532634359));
#5117 = CARTESIAN_POINT('',(0.746876489196,-14.92627124337));
#5118 = CARTESIAN_POINT('',(0.755076052734,-14.89257066548));
#5119 = CARTESIAN_POINT('',(0.763286954917,-14.85961323465));
#5120 = CARTESIAN_POINT('',(0.77150946984,-14.82744264283));
#5121 = CARTESIAN_POINT('',(0.779743813037,-14.79610338326));
#5122 = CARTESIAN_POINT('',(0.78799014148,-14.76564075046));
#5123 = CARTESIAN_POINT('',(0.80037665634,-14.72133483153));
#5124 = CARTESIAN_POINT('',(0.804507776001,-14.70679921286));
#5125 = CARTESIAN_POINT('',(0.808641930605,-14.69250052602));
#5126 = CARTESIAN_POINT('',(0.812779112624,-14.67844323746));
#5127 = CARTESIAN_POINT('',(0.816919329339,-14.66463372465));
#5128 = CARTESIAN_POINT('',(0.821062594038,-14.65107946447));
#5129 = CARTESIAN_POINT('',(0.829337312681,-14.62454455712));
#5130 = CARTESIAN_POINT('',(0.833468737591,-14.61156154157));
#5131 = CARTESIAN_POINT('',(0.837603105517,-14.59883754192));
#5132 = CARTESIAN_POINT('',(0.841740376261,-14.58637573306));
#5133 = CARTESIAN_POINT('',(0.845880506678,-14.57417929984));
#5134 = CARTESIAN_POINT('',(0.850023450669,-14.56225143715));
#5135 = CARTESIAN_POINT('',(0.870493909626,-14.50469662968));
#5136 = CARTESIAN_POINT('',(0.88686151932,-14.46301208169));
#5137 = CARTESIAN_POINT('',(0.903269013091,-14.42573691726));
#5138 = CARTESIAN_POINT('',(0.919712623165,-14.39306866393));
#5139 = CARTESIAN_POINT('',(0.936187758653,-14.3652038665));
#5140 = CARTESIAN_POINT('',(0.952688975032,-14.34233478792));
#5141 = CARTESIAN_POINT('',(0.973605579515,-14.319939789));
#5142 = CARTESIAN_POINT('',(0.97800261288,-14.31560340302));
#5143 = CARTESIAN_POINT('',(0.982400753867,-14.3115902253));
#5144 = CARTESIAN_POINT('',(0.986799751722,-14.30785281431));
#5145 = CARTESIAN_POINT('',(0.991199396437,-14.30434334136));
#5146 = CARTESIAN_POINT('',(0.995599520392,-14.30101391801));
#5147 = CARTESIAN_POINT('',(1.,-14.29781692348));
#5148 = ( GEOMETRIC_REPRESENTATION_CONTEXT(2) 
PARAMETRIC_REPRESENTATION_CONTEXT() REPRESENTATION_CONTEXT('2D SPACE',''
  ) );
#5149 = PCURVE('',#4341,#5150);
#5150 = DEFINITIONAL_REPRESENTATION('',(#5151),#5232);
#5151 = B_SPLINE_CURVE_WITH_KNOTS('',7,(#5152,#5153,#5154,#5155,#5156,
    #5157,#5158,#5159,#5160,#5161,#5162,#5163,#5164,#5165,#5166,#5167,
    #5168,#5169,#5170,#5171,#5172,#5173,#5174,#5175,#5176,#5177,#5178,
    #5179,#5180,#5181,#5182,#5183,#5184,#5185,#5186,#5187,#5188,#5189,
    #5190,#5191,#5192,#5193,#5194,#5195,#5196,#5197,#5198,#5199,#5200,
    #5201,#5202,#5203,#5204,#5205,#5206,#5207,#5208,#5209,#5210,#5211,
    #5212,#5213,#5214,#5215,#5216,#5217,#5218,#5219,#5220,#5221,#5222,
    #5223,#5224,#5225,#5226,#5227,#5228,#5229,#5230,#5231),
  .UNSPECIFIED.,.F.,.F.,(8,6,6,6,6,6,6,6,6,6,6,6,6,8),(0.,
    8.352120496041E-02,0.189097438297,0.295712296593,0.403282788659,
    0.510849672062,0.62811770751,0.686135135491,0.743765560072,
    0.800974525037,0.829571364615,0.858045235301,0.970168128443,1.),
  .UNSPECIFIED.);
#5152 = CARTESIAN_POINT('',(10.010491994665,0.926372728419));
#5153 = CARTESIAN_POINT('',(10.010752022037,0.922083700524));
#5154 = CARTESIAN_POINT('',(10.011012559861,0.917794999269));
#5155 = CARTESIAN_POINT('',(10.011273612892,0.913507210969));
#5156 = CARTESIAN_POINT('',(10.011535132348,0.909221029069));
#5157 = CARTESIAN_POINT('',(10.011797016792,0.904937255599));
#5158 = CARTESIAN_POINT('',(10.012059113017,0.900656802618));
#5159 = CARTESIAN_POINT('',(10.012652533321,0.890975413939));
#5160 = CARTESIAN_POINT('',(10.012983856046,0.885577118958));
#5161 = CARTESIAN_POINT('',(10.01331518659,0.880187186263));
#5162 = CARTESIAN_POINT('',(10.013646483496,0.874806619357));
#5163 = CARTESIAN_POINT('',(10.013977665,0.869436058132));
#5164 = CARTESIAN_POINT('',(10.014308611665,0.864075789298));
#5165 = CARTESIAN_POINT('',(10.014972978302,0.853323092421));
#5166 = CARTESIAN_POINT('',(10.01530642192,0.84793099281));
#5167 = CARTESIAN_POINT('',(10.015639226892,0.842549174938));
#5168 = CARTESIAN_POINT('',(10.015971234213,0.837177469482));
#5169 = CARTESIAN_POINT('',(10.016302363826,0.831815675238));
#5170 = CARTESIAN_POINT('',(10.016632579578,0.826463413522));
#5171 = CARTESIAN_POINT('',(10.017294080212,0.81572865621));
#5172 = CARTESIAN_POINT('',(10.017625335168,0.810346386566));
#5173 = CARTESIAN_POINT('',(10.017955600312,0.804972467837));
#5174 = CARTESIAN_POINT('',(10.018284807129,0.799606156632));
#5175 = CARTESIAN_POINT('',(10.018612978012,0.79424651671));
#5176 = CARTESIAN_POINT('',(10.01894016253,0.788892479634));
#5177 = CARTESIAN_POINT('',(10.019592165074,0.778193942547));
#5178 = CARTESIAN_POINT('',(10.019916999098,0.772849473911));
#5179 = CARTESIAN_POINT('',(10.020240585575,0.767508699011));
#5180 = CARTESIAN_POINT('',(10.02056286497,0.762170579997));
#5181 = CARTESIAN_POINT('',(10.020883804108,0.756834049726));
#5182 = CARTESIAN_POINT('',(10.021203396306,0.751498003879));
#5183 = CARTESIAN_POINT('',(10.021868630121,0.740343279464));
#5184 = CARTESIAN_POINT('',(10.022213999553,0.734524540613));
#5185 = CARTESIAN_POINT('',(10.02255796916,0.728703528934));
#5186 = CARTESIAN_POINT('',(10.022900024731,0.722878976269));
#5187 = CARTESIAN_POINT('',(10.023240338311,0.717049475092));
#5188 = CARTESIAN_POINT('',(10.023578687113,0.711213781741));
#5189 = CARTESIAN_POINT('',(10.024081488998,0.702479772925));
#5190 = CARTESIAN_POINT('',(10.024247426888,0.69958710452));
#5191 = CARTESIAN_POINT('',(10.024412873019,0.696692459242));
#5192 = CARTESIAN_POINT('',(10.024577829021,0.693795745782));
#5193 = CARTESIAN_POINT('',(10.024742280396,0.690896742363));
#5194 = CARTESIAN_POINT('',(10.024906240193,0.687995439768));
#5195 = CARTESIAN_POINT('',(10.025232061885,0.682207172204));
#5196 = CARTESIAN_POINT('',(10.025393930703,0.679320246268));
#5197 = CARTESIAN_POINT('',(10.025555295089,0.676430671475));
#5198 = CARTESIAN_POINT('',(10.025716146185,0.673538290137));
#5199 = CARTESIAN_POINT('',(10.025876473841,0.670642958656));
#5200 = CARTESIAN_POINT('',(10.026036266612,0.667744547534));
#5201 = CARTESIAN_POINT('',(10.026353592337,0.661962555057));
#5202 = CARTESIAN_POINT('',(10.026511133133,0.659079023901));
#5203 = CARTESIAN_POINT('',(10.026668121689,0.656192234524));
#5204 = CARTESIAN_POINT('',(10.026824544073,0.653302094512));
#5205 = CARTESIAN_POINT('',(10.026980384884,0.650408532409));
#5206 = CARTESIAN_POINT('',(10.02713562725,0.647511497716));
#5207 = CARTESIAN_POINT('',(10.02736754497,0.643161079983));
#5208 = CARTESIAN_POINT('',(10.027444683115,0.64171032455));
#5209 = CARTESIAN_POINT('',(10.027521664355,0.640258690271));
#5210 = CARTESIAN_POINT('',(10.027598487304,0.638806178048));
#5211 = CARTESIAN_POINT('',(10.027675149061,0.637352786918));
#5212 = CARTESIAN_POINT('',(10.027751645827,0.6358985157));
#5213 = CARTESIAN_POINT('',(10.027903980288,0.632994488313));
#5214 = CARTESIAN_POINT('',(10.027979819481,0.631544740468));
#5215 = CARTESIAN_POINT('',(10.02805549404,0.630094138801));
#5216 = CARTESIAN_POINT('',(10.028131002927,0.628642693275));
#5217 = CARTESIAN_POINT('',(10.028206344778,0.627190414865));
#5218 = CARTESIAN_POINT('',(10.028281517899,0.625737315562));
#5219 = CARTESIAN_POINT('',(10.028651860627,0.618558289967));
#5220 = CARTESIAN_POINT('',(10.028944553061,0.612820646938));
#5221 = CARTESIAN_POINT('',(10.029234475289,0.607071266633));
#5222 = CARTESIAN_POINT('',(10.029521423152,0.601311208821));
#5223 = CARTESIAN_POINT('',(10.029805111863,0.595541817965));
#5224 = CARTESIAN_POINT('',(10.030085177252,0.58976473551));
#5225 = CARTESIAN_POINT('',(10.030434610632,0.58244331074));
#5226 = CARTESIAN_POINT('',(10.030507755367,0.5809043041));
#5227 = CARTESIAN_POINT('',(10.030580616947,0.57936497464));
#5228 = CARTESIAN_POINT('',(10.030653200786,0.577825390865));
#5229 = CARTESIAN_POINT('',(10.030725511886,0.5762856069));
#5230 = CARTESIAN_POINT('',(10.030797554738,0.574745662));
#5231 = CARTESIAN_POINT('',(10.030869333221,0.573205580053));
#5232 = ( GEOMETRIC_REPRESENTATION_CONTEXT(2) 
PARAMETRIC_REPRESENTATION_CONTEXT() REPRESENTATION_CONTEXT('2D SPACE',''
  ) );
#5233 = ORIENTED_EDGE('',*,*,#4907,.T.);
#5234 = ORIENTED_EDGE('',*,*,#1965,.T.);
#5235 = ORIENTED_EDGE('',*,*,#5236,.F.);
#5236 = EDGE_CURVE('',#4981,#1966,#5237,.T.);
#5237 = SURFACE_CURVE('',#5238,(#5242,#5249),.PCURVE_S1.);
#5238 = LINE('',#5239,#5240);
#5239 = CARTESIAN_POINT('',(36.813,432.866,0.));
#5240 = VECTOR('',#5241,1.);
#5241 = DIRECTION('',(-0.,-0.,1.));
#5242 = PCURVE('',#1983,#5243);
#5243 = DEFINITIONAL_REPRESENTATION('',(#5244),#5248);
#5244 = LINE('',#5245,#5246);
#5245 = CARTESIAN_POINT('',(1.,0.));
#5246 = VECTOR('',#5247,1.);
#5247 = DIRECTION('',(0.,-1.));
#5248 = ( GEOMETRIC_REPRESENTATION_CONTEXT(2) 
PARAMETRIC_REPRESENTATION_CONTEXT() REPRESENTATION_CONTEXT('2D SPACE',''
  ) );
#5249 = PCURVE('',#2014,#5250);
#5250 = DEFINITIONAL_REPRESENTATION('',(#5251),#5255);
#5251 = LINE('',#5252,#5253);
#5252 = CARTESIAN_POINT('',(0.,0.));
#5253 = VECTOR('',#5254,1.);
#5254 = DIRECTION('',(0.,-1.));
#5255 = ( GEOMETRIC_REPRESENTATION_CONTEXT(2) 
PARAMETRIC_REPRESENTATION_CONTEXT() REPRESENTATION_CONTEXT('2D SPACE',''
  ) );
#5256 = ADVANCED_FACE('',(#5257),#2042,.T.);
#5257 = FACE_BOUND('',#5258,.T.);
#5258 = EDGE_LOOP('',(#5259,#5282,#5283,#5284));
#5259 = ORIENTED_EDGE('',*,*,#5260,.T.);
#5260 = EDGE_CURVE('',#5261,#1999,#5263,.T.);
#5261 = VERTEX_POINT('',#5262);
#5262 = CARTESIAN_POINT('',(83.807,399.591,0.));
#5263 = SURFACE_CURVE('',#5264,(#5268,#5275),.PCURVE_S1.);
#5264 = LINE('',#5265,#5266);
#5265 = CARTESIAN_POINT('',(83.807,399.591,0.));
#5266 = VECTOR('',#5267,1.);
#5267 = DIRECTION('',(-0.,-0.,1.));
#5268 = PCURVE('',#2042,#5269);
#5269 = DEFINITIONAL_REPRESENTATION('',(#5270),#5274);
#5270 = LINE('',#5271,#5272);
#5271 = CARTESIAN_POINT('',(0.,0.));
#5272 = VECTOR('',#5273,1.);
#5273 = DIRECTION('',(0.,-1.));
#5274 = ( GEOMETRIC_REPRESENTATION_CONTEXT(2) 
PARAMETRIC_REPRESENTATION_CONTEXT() REPRESENTATION_CONTEXT('2D SPACE',''
  ) );
#5275 = PCURVE('',#2014,#5276);
#5276 = DEFINITIONAL_REPRESENTATION('',(#5277),#5281);
#5277 = LINE('',#5278,#5279);
#5278 = CARTESIAN_POINT('',(57.581782370816,0.));
#5279 = VECTOR('',#5280,1.);
#5280 = DIRECTION('',(0.,-1.));
#5281 = ( GEOMETRIC_REPRESENTATION_CONTEXT(2) 
PARAMETRIC_REPRESENTATION_CONTEXT() REPRESENTATION_CONTEXT('2D SPACE',''
  ) );
#5282 = ORIENTED_EDGE('',*,*,#2026,.T.);
#5283 = ORIENTED_EDGE('',*,*,#4931,.F.);
#5284 = ORIENTED_EDGE('',*,*,#5285,.F.);
#5285 = EDGE_CURVE('',#5261,#4932,#5286,.T.);
#5286 = SURFACE_CURVE('',#5287,(#5291,#5298),.PCURVE_S1.);
#5287 = LINE('',#5288,#5289);
#5288 = CARTESIAN_POINT('',(83.807,399.591,0.));
#5289 = VECTOR('',#5290,1.);
#5290 = DIRECTION('',(-0.285179710787,-0.958474064623,0.));
#5291 = PCURVE('',#2042,#5292);
#5292 = DEFINITIONAL_REPRESENTATION('',(#5293),#5297);
#5293 = LINE('',#5294,#5295);
#5294 = CARTESIAN_POINT('',(0.,0.));
#5295 = VECTOR('',#5296,1.);
#5296 = DIRECTION('',(1.,0.));
#5297 = ( GEOMETRIC_REPRESENTATION_CONTEXT(2) 
PARAMETRIC_REPRESENTATION_CONTEXT() REPRESENTATION_CONTEXT('2D SPACE',''
  ) );
#5298 = PCURVE('',#2749,#5299);
#5299 = DEFINITIONAL_REPRESENTATION('',(#5300),#5304);
#5300 = LINE('',#5301,#5302);
#5301 = CARTESIAN_POINT('',(-83.80619301259,167.97220413799));
#5302 = VECTOR('',#5303,1.);
#5303 = DIRECTION('',(0.285179710787,-0.958474064623));
#5304 = ( GEOMETRIC_REPRESENTATION_CONTEXT(2) 
PARAMETRIC_REPRESENTATION_CONTEXT() REPRESENTATION_CONTEXT('2D SPACE',''
  ) );
#5305 = ADVANCED_FACE('',(#5306),#2014,.T.);
#5306 = FACE_BOUND('',#5307,.T.);
#5307 = EDGE_LOOP('',(#5308,#5337,#5338,#5339,#5340,#5363,#5437,#5511,
    #5585,#5659,#5733,#5807,#5881));
#5308 = ORIENTED_EDGE('',*,*,#5309,.F.);
#5309 = EDGE_CURVE('',#4981,#5310,#5312,.T.);
#5310 = VERTEX_POINT('',#5311);
#5311 = CARTESIAN_POINT('',(37.207812476933,432.58644547878,
    14.2999885397));
#5312 = SURFACE_CURVE('',#5313,(#5319,#5328),.PCURVE_S1.);
#5313 = B_SPLINE_CURVE_WITH_KNOTS('',4,(#5314,#5315,#5316,#5317,#5318),
  .UNSPECIFIED.,.F.,.F.,(5,5),(0.,1.),.PIECEWISE_BEZIER_KNOTS.);
#5314 = CARTESIAN_POINT('',(36.813,432.866,14.297816923482));
#5315 = CARTESIAN_POINT('',(36.911703163035,432.79611133868,
    14.298358088957));
#5316 = CARTESIAN_POINT('',(37.010406297419,432.72622269765,
    14.298900216421));
#5317 = CARTESIAN_POINT('',(37.109109402256,432.65633407754,
    14.299443610408));
#5318 = CARTESIAN_POINT('',(37.207812476933,432.58644547878,
    14.2999885397));
#5319 = PCURVE('',#2014,#5320);
#5320 = DEFINITIONAL_REPRESENTATION('',(#5321),#5327);
#5321 = B_SPLINE_CURVE_WITH_KNOTS('',4,(#5322,#5323,#5324,#5325,#5326),
  .UNSPECIFIED.,.F.,.F.,(5,5),(0.,1.),.PIECEWISE_BEZIER_KNOTS.);
#5322 = CARTESIAN_POINT('',(0.,-14.29781692348));
#5323 = CARTESIAN_POINT('',(0.120941057437,-14.29835808895));
#5324 = CARTESIAN_POINT('',(0.241882079767,-14.29890021642));
#5325 = CARTESIAN_POINT('',(0.362823065894,-14.2994436104));
#5326 = CARTESIAN_POINT('',(0.483764015067,-14.2999885397));
#5327 = ( GEOMETRIC_REPRESENTATION_CONTEXT(2) 
PARAMETRIC_REPRESENTATION_CONTEXT() REPRESENTATION_CONTEXT('2D SPACE',''
  ) );
#5328 = PCURVE('',#4341,#5329);
#5329 = DEFINITIONAL_REPRESENTATION('',(#5330),#5336);
#5330 = B_SPLINE_CURVE_WITH_KNOTS('',4,(#5331,#5332,#5333,#5334,#5335),
  .UNSPECIFIED.,.F.,.F.,(5,5),(0.,1.),.PIECEWISE_BEZIER_KNOTS.);
#5331 = CARTESIAN_POINT('',(10.030869332836,0.573205578888));
#5332 = CARTESIAN_POINT('',(10.023152799812,0.573466273485));
#5333 = CARTESIAN_POINT('',(10.015435729097,0.573725341663));
#5334 = CARTESIAN_POINT('',(10.007718126112,0.573982799642));
#5335 = CARTESIAN_POINT('',(10.,0.574238674945));
#5336 = ( GEOMETRIC_REPRESENTATION_CONTEXT(2) 
PARAMETRIC_REPRESENTATION_CONTEXT() REPRESENTATION_CONTEXT('2D SPACE',''
  ) );
#5337 = ORIENTED_EDGE('',*,*,#5236,.T.);
#5338 = ORIENTED_EDGE('',*,*,#1998,.T.);
#5339 = ORIENTED_EDGE('',*,*,#5260,.F.);
#5340 = ORIENTED_EDGE('',*,*,#5341,.F.);
#5341 = EDGE_CURVE('',#5342,#5261,#5344,.T.);
#5342 = VERTEX_POINT('',#5343);
#5343 = CARTESIAN_POINT('',(45.85486990724,426.46373117497,0.));
#5344 = SURFACE_CURVE('',#5345,(#5349,#5356),.PCURVE_S1.);
#5345 = LINE('',#5346,#5347);
#5346 = CARTESIAN_POINT('',(36.813,432.866,0.));
#5347 = VECTOR('',#5348,1.);
#5348 = DIRECTION('',(0.816126178543,-0.577873741138,0.));
#5349 = PCURVE('',#2014,#5350);
#5350 = DEFINITIONAL_REPRESENTATION('',(#5351),#5355);
#5351 = LINE('',#5352,#5353);
#5352 = CARTESIAN_POINT('',(0.,0.));
#5353 = VECTOR('',#5354,1.);
#5354 = DIRECTION('',(1.,0.));
#5355 = ( GEOMETRIC_REPRESENTATION_CONTEXT(2) 
PARAMETRIC_REPRESENTATION_CONTEXT() REPRESENTATION_CONTEXT('2D SPACE',''
  ) );
#5356 = PCURVE('',#2749,#5357);
#5357 = DEFINITIONAL_REPRESENTATION('',(#5358),#5362);
#5358 = LINE('',#5359,#5360);
#5359 = CARTESIAN_POINT('',(-36.81219301259,201.24720413799));
#5360 = VECTOR('',#5361,1.);
#5361 = DIRECTION('',(-0.816126178543,-0.577873741138));
#5362 = ( GEOMETRIC_REPRESENTATION_CONTEXT(2) 
PARAMETRIC_REPRESENTATION_CONTEXT() REPRESENTATION_CONTEXT('2D SPACE',''
  ) );
#5363 = ORIENTED_EDGE('',*,*,#5364,.F.);
#5364 = EDGE_CURVE('',#5365,#5342,#5367,.T.);
#5365 = VERTEX_POINT('',#5366);
#5366 = CARTESIAN_POINT('',(44.775478764678,427.22801470624,
    0.616555831803));
#5367 = SURFACE_CURVE('',#5368,(#5374,#5383),.PCURVE_S1.);
#5368 = B_SPLINE_CURVE_WITH_KNOTS('',4,(#5369,#5370,#5371,#5372,#5373),
  .UNSPECIFIED.,.F.,.F.,(5,5),(0.,1.),.PIECEWISE_BEZIER_KNOTS.);
#5369 = CARTESIAN_POINT('',(44.775478764678,427.22801470624,
    0.616555831803));
#5370 = CARTESIAN_POINT('',(45.045364679615,427.03691682525,
    0.462506760519));
#5371 = CARTESIAN_POINT('',(45.315225027436,426.84583704754,
    0.308398116523));
#5372 = CARTESIAN_POINT('',(45.585060020728,426.65477522258,
    0.154229304157));
#5373 = CARTESIAN_POINT('',(45.854869907239,426.46373117497,0.));
#5374 = PCURVE('',#2014,#5375);
#5375 = DEFINITIONAL_REPRESENTATION('',(#5376),#5382);
#5376 = B_SPLINE_CURVE_WITH_KNOTS('',4,(#5377,#5378,#5379,#5380,#5381),
  .UNSPECIFIED.,.F.,.F.,(5,5),(0.,1.),.PIECEWISE_BEZIER_KNOTS.);
#5377 = CARTESIAN_POINT('',(9.756431020129,-0.616555831803));
#5378 = CARTESIAN_POINT('',(10.087122427944,-0.462506760519));
#5379 = CARTESIAN_POINT('',(10.417782508352,-0.308398116523));
#5380 = CARTESIAN_POINT('',(10.748411521839,-0.154229304157));
#5381 = CARTESIAN_POINT('',(11.079009771968,0.));
#5382 = ( GEOMETRIC_REPRESENTATION_CONTEXT(2) 
PARAMETRIC_REPRESENTATION_CONTEXT() REPRESENTATION_CONTEXT('2D SPACE',''
  ) );
#5383 = PCURVE('',#5384,#5429);
#5384 = ( BOUNDED_SURFACE() B_SPLINE_SURFACE(1,3,(
    (#5385,#5386,#5387,#5388,#5389,#5390,#5391,#5392,#5393,#5394,#5395
      ,#5396,#5397,#5398,#5399,#5400,#5401,#5402,#5403,#5404,#5405,#5406
      )
    ,(#5407,#5408,#5409,#5410,#5411,#5412,#5413,#5414,#5415,#5416,#5417
      ,#5418,#5419,#5420,#5421,#5422,#5423,#5424,#5425,#5426,#5427,#5428
)),.UNSPECIFIED.,.F.,.F.,.F.) B_SPLINE_SURFACE_WITH_KNOTS((2,2),(4,1,1,1
    ,1,1,1,1,1,1,1,1,1,1,1,1,1,1,1,4),(2.,3.),(0.,5.218380768594E-02,
    0.104924849979,0.158249728388,0.212037422186,0.266073258756,
    0.320098130577,0.373854821642,0.427134464983,0.479826107743,
    0.531971081028,0.583831321693,0.635742389654,0.687819682816,
    0.740024789052,0.792245645251,0.844362126807,0.89631140842,
0.94815736877,1.),.UNSPECIFIED.) GEOMETRIC_REPRESENTATION_ITEM() 
RATIONAL_B_SPLINE_SURFACE((
    (1.,1.000000000002,0.999999999999,1.,1.,1.,1.,1.,1.,1.,1.,1.,1.,1.
      ,1.,1.,1.,1.000000000001,0.999999999997,1.000000000012
      ,0.999999999975,1.)
    ,(1.,1.000000000002,0.999999999999,1.,1.,1.,1.,1.,1.,1.,1.,1.,1.,1.
      ,1.,1.,1.,1.000000000001,0.999999999997,1.000000000012
,0.999999999975,1.))) REPRESENTATION_ITEM('') SURFACE() );
#5385 = CARTESIAN_POINT('',(3.244829287063,406.27796884521,0.));
#5386 = CARTESIAN_POINT('',(4.691765325467,406.35380838813,0.));
#5387 = CARTESIAN_POINT('',(7.585395869324,406.60792045969,0.));
#5388 = CARTESIAN_POINT('',(11.863474786501,407.28731733452,0.));
#5389 = CARTESIAN_POINT('',(16.078037442041,408.26193480759,0.));
#5390 = CARTESIAN_POINT('',(20.211072190212,409.5266265896,0.));
#5391 = CARTESIAN_POINT('',(24.24454350253,411.07530086092,0.));
#5392 = CARTESIAN_POINT('',(28.160542519752,412.9009131047,0.));
#5393 = CARTESIAN_POINT('',(31.941538845156,414.995493962,0.));
#5394 = CARTESIAN_POINT('',(35.570680447443,417.35038310376,0.));
#5395 = CARTESIAN_POINT('',(39.031567808679,419.9561056627,0.));
#5396 = CARTESIAN_POINT('',(42.309506403417,422.80372258841,0.));
#5397 = CARTESIAN_POINT('',(45.382873026063,425.87674042939,0.));
#5398 = CARTESIAN_POINT('',(48.226752027442,429.14904540363,0.));
#5399 = CARTESIAN_POINT('',(50.831795885157,432.60688414214,0.));
#5400 = CARTESIAN_POINT('',(53.187830163267,436.23530335481,0.));
#5401 = CARTESIAN_POINT('',(55.285213459547,440.01878953607,0.));
#5402 = CARTESIAN_POINT('',(57.11482578882,443.94125895454,0.));
#5403 = CARTESIAN_POINT('',(58.668356339385,447.98702114686,0.));
#5404 = CARTESIAN_POINT('',(59.936416501855,452.13385653031,0.));
#5405 = CARTESIAN_POINT('',(60.58506270763,454.94564135035,0.));
#5406 = CARTESIAN_POINT('',(60.860885373755,456.36284228665,0.));
#5407 = CARTESIAN_POINT('',(3.176138344494,407.58867010958,
    7.60576107626E-03));
#5408 = CARTESIAN_POINT('',(4.592443681306,407.66290418354,
    1.423644321651E-02));
#5409 = CARTESIAN_POINT('',(7.424817932183,407.91163685879,
    3.584049973926E-02));
#5410 = CARTESIAN_POINT('',(11.612332679232,408.57665134323,
    8.76602790617E-02));
#5411 = CARTESIAN_POINT('',(15.737675762291,409.53063679233,
    0.154011827386));
#5412 = CARTESIAN_POINT('',(19.783216831355,410.76855586548,
    0.229954083507));
#5413 = CARTESIAN_POINT('',(23.731302158221,412.28444570156,
    0.310580091835));
#5414 = CARTESIAN_POINT('',(27.564402002701,414.07141091197,
    0.39101617056));
#5415 = CARTESIAN_POINT('',(31.265357075248,416.12165084385,
    0.466318545608));
#5416 = CARTESIAN_POINT('',(34.817672091196,418.42668850176,
    0.531784202236));
#5417 = CARTESIAN_POINT('',(38.205294699826,420.97724959524,
    0.58172341761));
#5418 = CARTESIAN_POINT('',(41.413841449313,423.76458430781,
    0.613857743468));
#5419 = CARTESIAN_POINT('',(44.422146883374,426.77254834369,
    0.61292454834));
#5420 = CARTESIAN_POINT('',(47.205822801055,429.97558073279,
    0.627431188718));
#5421 = CARTESIAN_POINT('',(49.755719560975,433.36021925607,
    0.654419172488));
#5422 = CARTESIAN_POINT('',(52.06187811344,436.91182717494,
    0.687527644944));
#5423 = CARTESIAN_POINT('',(54.114861158488,440.61521939464,
    0.721366773763));
#5424 = CARTESIAN_POINT('',(55.905741775145,444.45465266634,
    0.750309280691));
#5425 = CARTESIAN_POINT('',(57.426385086235,448.4147686825,
    0.768728215454));
#5426 = CARTESIAN_POINT('',(58.667601233156,452.47381823893,
    0.771047638493));
#5427 = CARTESIAN_POINT('',(59.30251601727,455.22607938175,
    0.764965114862));
#5428 = CARTESIAN_POINT('',(59.57249969548,456.61327909308,0.769140625)
  );
#5429 = DEFINITIONAL_REPRESENTATION('',(#5430),#5436);
#5430 = B_SPLINE_CURVE_WITH_KNOTS('',4,(#5431,#5432,#5433,#5434,#5435),
  .UNSPECIFIED.,.F.,.F.,(5,5),(0.,1.),.PIECEWISE_BEZIER_KNOTS.);
#5431 = CARTESIAN_POINT('',(3.,0.590891961438));
#5432 = CARTESIAN_POINT('',(2.750006405572,0.591396072551));
#5433 = CARTESIAN_POINT('',(2.500008065951,0.591892882503));
#5434 = CARTESIAN_POINT('',(2.25000572095,0.592382628354));
#5435 = CARTESIAN_POINT('',(2.,0.592865527813));
#5436 = ( GEOMETRIC_REPRESENTATION_CONTEXT(2) 
PARAMETRIC_REPRESENTATION_CONTEXT() REPRESENTATION_CONTEXT('2D SPACE',''
  ) );
#5437 = ORIENTED_EDGE('',*,*,#5438,.F.);
#5438 = EDGE_CURVE('',#5439,#5365,#5441,.T.);
#5439 = VERTEX_POINT('',#5440);
#5440 = CARTESIAN_POINT('',(43.695719142457,427.99255914658,
    2.240786559408));
#5441 = SURFACE_CURVE('',#5442,(#5448,#5457),.PCURVE_S1.);
#5442 = B_SPLINE_CURVE_WITH_KNOTS('',4,(#5443,#5444,#5445,#5446,#5447),
  .UNSPECIFIED.,.F.,.F.,(5,5),(0.,1.),.PIECEWISE_BEZIER_KNOTS.);
#5443 = CARTESIAN_POINT('',(43.695719142457,427.99255914658,
    2.240786559408));
#5444 = CARTESIAN_POINT('',(43.965763020366,427.80134941688,1.834864527)
  );
#5445 = CARTESIAN_POINT('',(44.235737819541,427.61018859971,
    1.428852811319));
#5446 = CARTESIAN_POINT('',(44.505643114228,427.41907699651,
    1.022750161052));
#5447 = CARTESIAN_POINT('',(44.775478764678,427.22801470624,
    0.616555831803));
#5448 = PCURVE('',#2014,#5449);
#5449 = DEFINITIONAL_REPRESENTATION('',(#5450),#5456);
#5450 = B_SPLINE_CURVE_WITH_KNOTS('',4,(#5451,#5452,#5453,#5454,#5455),
  .UNSPECIFIED.,.F.,.F.,(5,5),(0.,1.),.PIECEWISE_BEZIER_KNOTS.);
#5451 = CARTESIAN_POINT('',(8.433400769894,-2.240786559408));
#5452 = CARTESIAN_POINT('',(8.764285729854,-1.834864527));
#5453 = CARTESIAN_POINT('',(9.09508604759,-1.428852811319));
#5454 = CARTESIAN_POINT('',(9.425801201426,-1.022750161052));
#5455 = CARTESIAN_POINT('',(9.756431020129,-0.616555831803));
#5456 = ( GEOMETRIC_REPRESENTATION_CONTEXT(2) 
PARAMETRIC_REPRESENTATION_CONTEXT() REPRESENTATION_CONTEXT('2D SPACE',''
  ) );
#5457 = PCURVE('',#5458,#5503);
#5458 = ( BOUNDED_SURFACE() B_SPLINE_SURFACE(1,3,(
    (#5459,#5460,#5461,#5462,#5463,#5464,#5465,#5466,#5467,#5468,#5469
      ,#5470,#5471,#5472,#5473,#5474,#5475,#5476,#5477,#5478,#5479,#5480
      )
    ,(#5481,#5482,#5483,#5484,#5485,#5486,#5487,#5488,#5489,#5490,#5491
      ,#5492,#5493,#5494,#5495,#5496,#5497,#5498,#5499,#5500,#5501,#5502
)),.UNSPECIFIED.,.F.,.F.,.F.) B_SPLINE_SURFACE_WITH_KNOTS((2,2),(4,1,1,1
    ,1,1,1,1,1,1,1,1,1,1,1,1,1,1,1,4),(3.,4.),(0.,5.218380768594E-02,
    0.104924849979,0.158249728388,0.212037422186,0.266073258756,
    0.320098130577,0.373854821642,0.427134464983,0.479826107743,
    0.531971081028,0.583831321693,0.635742389654,0.687819682816,
    0.740024789052,0.792245645251,0.844362126807,0.89631140842,
0.94815736877,1.),.UNSPECIFIED.) GEOMETRIC_REPRESENTATION_ITEM() 
RATIONAL_B_SPLINE_SURFACE((
    (1.,1.000000000002,0.999999999999,1.,1.,1.,1.,1.,1.,1.,1.,1.,1.,1.
      ,1.,1.,1.,1.000000000001,0.999999999997,1.000000000012
      ,0.999999999975,1.)
    ,(1.,1.000000000002,0.999999999999,1.,1.,1.,1.,1.,1.,1.,1.,1.,1.,1.
      ,1.,1.,1.,1.000000000001,0.999999999997,1.000000000012
,0.999999999975,1.))) REPRESENTATION_ITEM('') SURFACE() );
#5459 = CARTESIAN_POINT('',(3.176138344494,407.58867010958,
    7.60576107626E-03));
#5460 = CARTESIAN_POINT('',(4.592443681306,407.66290418354,
    1.423644321651E-02));
#5461 = CARTESIAN_POINT('',(7.424817932183,407.91163685879,
    3.584049973926E-02));
#5462 = CARTESIAN_POINT('',(11.612332679232,408.57665134323,
    8.76602790617E-02));
#5463 = CARTESIAN_POINT('',(15.737675762291,409.53063679233,
    0.154011827386));
#5464 = CARTESIAN_POINT('',(19.783216831355,410.76855586548,
    0.229954083507));
#5465 = CARTESIAN_POINT('',(23.731302158221,412.28444570156,
    0.310580091835));
#5466 = CARTESIAN_POINT('',(27.564402002701,414.07141091197,
    0.39101617056));
#5467 = CARTESIAN_POINT('',(31.265357075248,416.12165084385,
    0.466318545608));
#5468 = CARTESIAN_POINT('',(34.817672091196,418.42668850176,
    0.531784202236));
#5469 = CARTESIAN_POINT('',(38.205294699826,420.97724959524,
    0.58172341761));
#5470 = CARTESIAN_POINT('',(41.413841449313,423.76458430781,
    0.613857743468));
#5471 = CARTESIAN_POINT('',(44.422146883374,426.77254834369,
    0.61292454834));
#5472 = CARTESIAN_POINT('',(47.205822801055,429.97558073279,
    0.627431188718));
#5473 = CARTESIAN_POINT('',(49.755719560975,433.36021925607,
    0.654419172488));
#5474 = CARTESIAN_POINT('',(52.06187811344,436.91182717494,
    0.687527644944));
#5475 = CARTESIAN_POINT('',(54.114861158488,440.61521939464,
    0.721366773763));
#5476 = CARTESIAN_POINT('',(55.905741775145,444.45465266634,
    0.750309280691));
#5477 = CARTESIAN_POINT('',(57.426385086235,448.4147686825,
    0.768728215454));
#5478 = CARTESIAN_POINT('',(58.667601233156,452.47381823893,
    0.771047638493));
#5479 = CARTESIAN_POINT('',(59.30251601727,455.22607938175,
    0.764965114862));
#5480 = CARTESIAN_POINT('',(59.57249969548,456.61327909308,0.769140625)
  );
#5481 = CARTESIAN_POINT('',(3.107447401925,408.89937137394,
    2.765731300458E-02));
#5482 = CARTESIAN_POINT('',(4.49312203538,408.97199997384,
    5.176888446046E-02));
#5483 = CARTESIAN_POINT('',(7.26423999587,409.21535326029,0.130329089944
    ));
#5484 = CARTESIAN_POINT('',(11.361190571737,409.86598535128,
    0.318764651138));
#5485 = CARTESIAN_POINT('',(15.397314082603,410.79933877724,
    0.560043008674));
#5486 = CARTESIAN_POINT('',(19.355361472481,412.0104851413,
    0.836196667299));
#5487 = CARTESIAN_POINT('',(23.218060813915,413.4935905422,
    1.129382152128));
#5488 = CARTESIAN_POINT('',(26.968261485649,415.24190871923,
    1.421876983856));
#5489 = CARTESIAN_POINT('',(30.589175305341,417.2478077257,
    1.695703802211));
#5490 = CARTESIAN_POINT('',(34.06466373495,419.50299389977,
    1.933760735404));
#5491 = CARTESIAN_POINT('',(37.379021590973,421.99839352779,
    2.115357882218));
#5492 = CARTESIAN_POINT('',(40.518176495208,424.72544602721,
    2.232209976247));
#5493 = CARTESIAN_POINT('',(43.461420740685,427.66835625799,
    2.228816539417));
#5494 = CARTESIAN_POINT('',(46.184893574668,430.80211606194,
    2.281567958973));
#5495 = CARTESIAN_POINT('',(48.679643236792,434.11355437001,
    2.379706081773));
#5496 = CARTESIAN_POINT('',(50.935926063618,437.58835099498,
    2.500100527067));
#5497 = CARTESIAN_POINT('',(52.94450885741,441.21164925348,
    2.623151904594));
#5498 = CARTESIAN_POINT('',(54.696657761541,444.96804637713,
    2.728397384328));
#5499 = CARTESIAN_POINT('',(56.18441383282,448.84251622188,
    2.795375328938));
#5500 = CARTESIAN_POINT('',(57.398785965448,452.81377993364,
    2.803809594474));
#5501 = CARTESIAN_POINT('',(58.019969324773,455.5065174431,
    2.781691326875));
#5502 = CARTESIAN_POINT('',(58.284114017205,456.86371589951,2.796875));
#5503 = DEFINITIONAL_REPRESENTATION('',(#5504),#5510);
#5504 = B_SPLINE_CURVE_WITH_KNOTS('',4,(#5505,#5506,#5507,#5508,#5509),
  .UNSPECIFIED.,.F.,.F.,(5,5),(0.,1.),.PIECEWISE_BEZIER_KNOTS.);
#5505 = CARTESIAN_POINT('',(4.,0.588830619412));
#5506 = CARTESIAN_POINT('',(3.749948298153,0.589357525591));
#5507 = CARTESIAN_POINT('',(3.499930162964,0.589876546124));
#5508 = CARTESIAN_POINT('',(3.249947034756,0.590387944212));
#5509 = CARTESIAN_POINT('',(3.,0.590891961438));
#5510 = ( GEOMETRIC_REPRESENTATION_CONTEXT(2) 
PARAMETRIC_REPRESENTATION_CONTEXT() REPRESENTATION_CONTEXT('2D SPACE',''
  ) );
#5511 = ORIENTED_EDGE('',*,*,#5512,.F.);
#5512 = EDGE_CURVE('',#5513,#5439,#5515,.T.);
#5513 = VERTEX_POINT('',#5514);
#5514 = CARTESIAN_POINT('',(42.615565539031,428.75738255285,
    4.535166894219));
#5515 = SURFACE_CURVE('',#5516,(#5522,#5531),.PCURVE_S1.);
#5516 = B_SPLINE_CURVE_WITH_KNOTS('',4,(#5517,#5518,#5519,#5520,#5521),
  .UNSPECIFIED.,.F.,.F.,(5,5),(0.,1.),.PIECEWISE_BEZIER_KNOTS.);
#5517 = CARTESIAN_POINT('',(42.615565539031,428.75738255285,
    4.535166894219));
#5518 = CARTESIAN_POINT('',(42.885735766542,428.5660833589,
    3.961697424271));
#5519 = CARTESIAN_POINT('',(43.155818767388,428.37484592746,
    3.388145233826));
#5520 = CARTESIAN_POINT('',(43.425813433317,428.18367104324,
    2.814508642696));
#5521 = CARTESIAN_POINT('',(43.695719142457,427.99255914658,
    2.240786559408));
#5522 = PCURVE('',#2014,#5523);
#5523 = DEFINITIONAL_REPRESENTATION('',(#5524),#5530);
#5524 = B_SPLINE_CURVE_WITH_KNOTS('',4,(#5525,#5526,#5527,#5528,#5529),
  .UNSPECIFIED.,.F.,.F.,(5,5),(0.,1.),.PIECEWISE_BEZIER_KNOTS.);
#5525 = CARTESIAN_POINT('',(7.109887774202,-4.535166894219));
#5526 = CARTESIAN_POINT('',(7.440927550421,-3.961697424271));
#5527 = CARTESIAN_POINT('',(7.771860447743,-3.388145233826));
#5528 = CARTESIAN_POINT('',(8.102685108228,-2.814508642696));
#5529 = CARTESIAN_POINT('',(8.433400769894,-2.240786559408));
#5530 = ( GEOMETRIC_REPRESENTATION_CONTEXT(2) 
PARAMETRIC_REPRESENTATION_CONTEXT() REPRESENTATION_CONTEXT('2D SPACE',''
  ) );
#5531 = PCURVE('',#5532,#5577);
#5532 = ( BOUNDED_SURFACE() B_SPLINE_SURFACE(1,3,(
    (#5533,#5534,#5535,#5536,#5537,#5538,#5539,#5540,#5541,#5542,#5543
      ,#5544,#5545,#5546,#5547,#5548,#5549,#5550,#5551,#5552,#5553,#5554
      )
    ,(#5555,#5556,#5557,#5558,#5559,#5560,#5561,#5562,#5563,#5564,#5565
      ,#5566,#5567,#5568,#5569,#5570,#5571,#5572,#5573,#5574,#5575,#5576
)),.UNSPECIFIED.,.F.,.F.,.F.) B_SPLINE_SURFACE_WITH_KNOTS((2,2),(4,1,1,1
    ,1,1,1,1,1,1,1,1,1,1,1,1,1,1,1,4),(4.,5.),(0.,5.218380768594E-02,
    0.104924849979,0.158249728388,0.212037422186,0.266073258756,
    0.320098130577,0.373854821642,0.427134464983,0.479826107743,
    0.531971081028,0.583831321693,0.635742389654,0.687819682816,
    0.740024789052,0.792245645251,0.844362126807,0.89631140842,
0.94815736877,1.),.UNSPECIFIED.) GEOMETRIC_REPRESENTATION_ITEM() 
RATIONAL_B_SPLINE_SURFACE((
    (1.,1.000000000002,0.999999999999,1.,1.,1.,1.,1.,1.,1.,1.,1.,1.,1.
      ,1.,1.,1.,1.000000000001,0.999999999997,1.000000000012
      ,0.999999999975,1.)
    ,(1.,1.000000000002,0.999999999999,1.,1.,1.,1.,1.,1.,1.,1.,1.,1.,1.
      ,1.,1.,1.,1.000000000001,0.999999999997,1.000000000012
,0.999999999975,1.))) REPRESENTATION_ITEM('') SURFACE() );
#5533 = CARTESIAN_POINT('',(3.107447401925,408.89937137394,
    2.765731300458E-02));
#5534 = CARTESIAN_POINT('',(4.49312203538,408.97199997384,
    5.176888446046E-02));
#5535 = CARTESIAN_POINT('',(7.26423999587,409.21535326029,0.130329089944
    ));
#5536 = CARTESIAN_POINT('',(11.361190571737,409.86598535128,
    0.318764651138));
#5537 = CARTESIAN_POINT('',(15.397314082603,410.79933877724,
    0.560043008674));
#5538 = CARTESIAN_POINT('',(19.355361472481,412.0104851413,
    0.836196667299));
#5539 = CARTESIAN_POINT('',(23.218060813915,413.4935905422,
    1.129382152128));
#5540 = CARTESIAN_POINT('',(26.968261485649,415.24190871923,
    1.421876983856));
#5541 = CARTESIAN_POINT('',(30.589175305341,417.2478077257,
    1.695703802211));
#5542 = CARTESIAN_POINT('',(34.06466373495,419.50299389977,
    1.933760735404));
#5543 = CARTESIAN_POINT('',(37.379021590973,421.99839352779,
    2.115357882218));
#5544 = CARTESIAN_POINT('',(40.518176495208,424.72544602721,
    2.232209976247));
#5545 = CARTESIAN_POINT('',(43.461420740685,427.66835625799,
    2.228816539417));
#5546 = CARTESIAN_POINT('',(46.184893574668,430.80211606194,
    2.281567958973));
#5547 = CARTESIAN_POINT('',(48.679643236792,434.11355437001,
    2.379706081773));
#5548 = CARTESIAN_POINT('',(50.935926063618,437.58835099498,
    2.500100527067));
#5549 = CARTESIAN_POINT('',(52.94450885741,441.21164925348,
    2.623151904594));
#5550 = CARTESIAN_POINT('',(54.696657761541,444.96804637713,
    2.728397384328));
#5551 = CARTESIAN_POINT('',(56.18441383282,448.84251622188,
    2.795375328938));
#5552 = CARTESIAN_POINT('',(57.398785965448,452.81377993364,
    2.803809594474));
#5553 = CARTESIAN_POINT('',(58.019969324773,455.5065174431,
    2.781691326875));
#5554 = CARTESIAN_POINT('',(58.284114017205,456.86371589951,2.796875));
#5555 = CARTESIAN_POINT('',(3.038756459356,410.21007263831,
    5.600605883428E-02));
#5556 = CARTESIAN_POINT('',(4.393800391112,410.28109576643,
    0.104831991002));
#5557 = CARTESIAN_POINT('',(7.103662058779,410.51906966071,0.26391640715
    ));
#5558 = CARTESIAN_POINT('',(11.110048464455,411.15531935963,
    0.645498418551));
#5559 = CARTESIAN_POINT('',(15.056952402857,412.06804076208,
    1.134087092566));
#5560 = CARTESIAN_POINT('',(18.927506113622,413.25241441715,
    1.693298251281));
#5561 = CARTESIAN_POINT('',(22.704819469606,414.70273538284,
    2.286998858058));
#5562 = CARTESIAN_POINT('',(26.372120968598,416.41240652649,
    2.879300892308));
#5563 = CARTESIAN_POINT('',(29.912993535433,418.37396460756,
    3.433800199477));
#5564 = CARTESIAN_POINT('',(33.311655378704,420.57929929777,
    3.915865489194));
#5565 = CARTESIAN_POINT('',(36.55274848212,423.01953746033,
    4.283599711492));
#5566 = CARTESIAN_POINT('',(39.622511541104,425.6863077466,
    4.520225201901));
#5567 = CARTESIAN_POINT('',(42.500694597997,428.56416417228,
    4.51335349232));
#5568 = CARTESIAN_POINT('',(45.16396434828,431.6286513911,4.62017511692)
  );
#5569 = CARTESIAN_POINT('',(47.603566912611,434.86688948393,
    4.818904815591));
#5570 = CARTESIAN_POINT('',(49.809974013788,438.26487481513,
    5.062703567312));
#5571 = CARTESIAN_POINT('',(51.774156556358,441.80807911196,
    5.311882606801));
#5572 = CARTESIAN_POINT('',(53.48757374784,445.48144008927,
    5.525004703274));
#5573 = CARTESIAN_POINT('',(54.942442579768,449.27026375627,
    5.660635041065));
#5574 = CARTESIAN_POINT('',(56.129970696385,453.1537416469,
    5.677714428938));
#5575 = CARTESIAN_POINT('',(56.737422635196,455.78695546449,
    5.632924936645));
#5576 = CARTESIAN_POINT('',(56.99572833893,457.11415270594,5.663671875)
  );
#5577 = DEFINITIONAL_REPRESENTATION('',(#5578),#5584);
#5578 = B_SPLINE_CURVE_WITH_KNOTS('',4,(#5579,#5580,#5581,#5582,#5583),
  .UNSPECIFIED.,.F.,.F.,(5,5),(0.,1.),.PIECEWISE_BEZIER_KNOTS.);
#5579 = CARTESIAN_POINT('',(5.,0.586675489804));
#5580 = CARTESIAN_POINT('',(4.749925667601,0.587226694934));
#5581 = CARTESIAN_POINT('',(4.499899528115,0.587769429656));
#5582 = CARTESIAN_POINT('',(4.249923762134,0.588303982826));
#5583 = CARTESIAN_POINT('',(4.,0.588830619412));
#5584 = ( GEOMETRIC_REPRESENTATION_CONTEXT(2) 
PARAMETRIC_REPRESENTATION_CONTEXT() REPRESENTATION_CONTEXT('2D SPACE',''
  ) );
#5585 = ORIENTED_EDGE('',*,*,#5586,.F.);
#5586 = EDGE_CURVE('',#5587,#5513,#5589,.T.);
#5587 = VERTEX_POINT('',#5588);
#5588 = CARTESIAN_POINT('',(41.53499002566,429.52250470051,
    7.162999456921));
#5589 = SURFACE_CURVE('',#5590,(#5596,#5605),.PCURVE_S1.);
#5590 = B_SPLINE_CURVE_WITH_KNOTS('',4,(#5591,#5592,#5593,#5594,#5595),
  .UNSPECIFIED.,.F.,.F.,(5,5),(0.,1.),.PIECEWISE_BEZIER_KNOTS.);
#5591 = CARTESIAN_POINT('',(41.53499002566,429.52250470051,
    7.162999456921));
#5592 = CARTESIAN_POINT('',(41.805272187367,429.33112624942,
    6.506155965014));
#5593 = CARTESIAN_POINT('',(42.075463281781,429.13981228026,
    5.849237410666));
#5594 = CARTESIAN_POINT('',(42.345561462297,428.94856410056,
    5.192241567308));
#5595 = CARTESIAN_POINT('',(42.615565539031,428.75738255285,
    4.535166894219));
#5596 = PCURVE('',#2014,#5597);
#5597 = DEFINITIONAL_REPRESENTATION('',(#5598),#5604);
#5598 = B_SPLINE_CURVE_WITH_KNOTS('',4,(#5599,#5600,#5601,#5602,#5603),
  .UNSPECIFIED.,.F.,.F.,(5,5),(0.,1.),.PIECEWISE_BEZIER_KNOTS.);
#5599 = CARTESIAN_POINT('',(5.785857811948,-7.162999456921));
#5600 = CARTESIAN_POINT('',(6.117034741219,-6.506155965014));
#5601 = CARTESIAN_POINT('',(6.448100085669,-5.849237410666));
#5602 = CARTESIAN_POINT('',(6.779051582651,-5.192241567308));
#5603 = CARTESIAN_POINT('',(7.109887774202,-4.535166894219));
#5604 = ( GEOMETRIC_REPRESENTATION_CONTEXT(2) 
PARAMETRIC_REPRESENTATION_CONTEXT() REPRESENTATION_CONTEXT('2D SPACE',''
  ) );
#5605 = PCURVE('',#5606,#5651);
#5606 = ( BOUNDED_SURFACE() B_SPLINE_SURFACE(1,3,(
    (#5607,#5608,#5609,#5610,#5611,#5612,#5613,#5614,#5615,#5616,#5617
      ,#5618,#5619,#5620,#5621,#5622,#5623,#5624,#5625,#5626,#5627,#5628
      )
    ,(#5629,#5630,#5631,#5632,#5633,#5634,#5635,#5636,#5637,#5638,#5639
      ,#5640,#5641,#5642,#5643,#5644,#5645,#5646,#5647,#5648,#5649,#5650
)),.UNSPECIFIED.,.F.,.F.,.F.) B_SPLINE_SURFACE_WITH_KNOTS((2,2),(4,1,1,1
    ,1,1,1,1,1,1,1,1,1,1,1,1,1,1,1,4),(5.,6.),(0.,5.218380768594E-02,
    0.104924849979,0.158249728388,0.212037422186,0.266073258756,
    0.320098130577,0.373854821642,0.427134464983,0.479826107743,
    0.531971081028,0.583831321693,0.635742389654,0.687819682816,
    0.740024789052,0.792245645251,0.844362126807,0.89631140842,
0.94815736877,1.),.UNSPECIFIED.) GEOMETRIC_REPRESENTATION_ITEM() 
RATIONAL_B_SPLINE_SURFACE((
    (1.,1.000000000002,0.999999999999,1.,1.,1.,1.,1.,1.,1.,1.,1.,1.,1.
      ,1.,1.,1.,1.000000000001,0.999999999997,1.000000000012
      ,0.999999999975,1.)
    ,(1.,1.000000000002,0.999999999999,1.,1.,1.,1.,1.,1.,1.,1.,1.,1.,1.
      ,1.,1.,1.,1.000000000001,0.999999999997,1.000000000012
,0.999999999975,1.))) REPRESENTATION_ITEM('') SURFACE() );
#5607 = CARTESIAN_POINT('',(3.038756459356,410.21007263831,
    5.600605883428E-02));
#5608 = CARTESIAN_POINT('',(4.393800391112,410.28109576643,
    0.104831991002));
#5609 = CARTESIAN_POINT('',(7.103662058779,410.51906966071,0.26391640715
    ));
#5610 = CARTESIAN_POINT('',(11.110048464455,411.15531935963,
    0.645498418551));
#5611 = CARTESIAN_POINT('',(15.056952402857,412.06804076208,
    1.134087092566));
#5612 = CARTESIAN_POINT('',(18.927506113622,413.25241441715,
    1.693298251281));
#5613 = CARTESIAN_POINT('',(22.704819469606,414.70273538284,
    2.286998858058));
#5614 = CARTESIAN_POINT('',(26.372120968598,416.41240652649,
    2.879300892308));
#5615 = CARTESIAN_POINT('',(29.912993535433,418.37396460756,
    3.433800199477));
#5616 = CARTESIAN_POINT('',(33.311655378704,420.57929929777,
    3.915865489194));
#5617 = CARTESIAN_POINT('',(36.55274848212,423.01953746033,
    4.283599711492));
#5618 = CARTESIAN_POINT('',(39.622511541104,425.6863077466,
    4.520225201901));
#5619 = CARTESIAN_POINT('',(42.500694597997,428.56416417228,
    4.51335349232));
#5620 = CARTESIAN_POINT('',(45.16396434828,431.6286513911,4.62017511692)
  );
#5621 = CARTESIAN_POINT('',(47.603566912611,434.86688948393,
    4.818904815591));
#5622 = CARTESIAN_POINT('',(49.809974013788,438.26487481513,
    5.062703567312));
#5623 = CARTESIAN_POINT('',(51.774156556358,441.80807911196,
    5.311882606801));
#5624 = CARTESIAN_POINT('',(53.48757374784,445.48144008927,
    5.525004703274));
#5625 = CARTESIAN_POINT('',(54.942442579768,449.27026375627,
    5.660635041065));
#5626 = CARTESIAN_POINT('',(56.129970696385,453.1537416469,
    5.677714428938));
#5627 = CARTESIAN_POINT('',(56.737422635196,455.78695546449,
    5.632924936645));
#5628 = CARTESIAN_POINT('',(56.99572833893,457.11415270594,5.663671875)
  );
#5629 = CARTESIAN_POINT('',(2.970065516787,411.52077390267,
    8.850340161467E-02));
#5630 = CARTESIAN_POINT('',(4.294478745547,411.5901915542,0.165660430272
    ));
#5631 = CARTESIAN_POINT('',(6.943084122297,411.82278606339,
    0.417053087821));
#5632 = CARTESIAN_POINT('',(10.858906357007,412.44465336737,
    1.020046883642));
#5633 = CARTESIAN_POINT('',(14.716590723156,413.33674274708,
    1.792137627757));
#5634 = CARTESIAN_POINT('',(18.499650754751,414.49434369295,
    2.675829335358));
#5635 = CARTESIAN_POINT('',(22.1915781253,415.91188022349,3.614022886808
    ));
#5636 = CARTESIAN_POINT('',(25.775980451547,417.58290433374,
    4.550006348339));
#5637 = CARTESIAN_POINT('',(29.236811765526,419.50012148941,
    5.426252167074));
#5638 = CARTESIAN_POINT('',(32.558647022458,421.65560469578,
    6.188034353294));
#5639 = CARTESIAN_POINT('',(35.726475373267,424.04068139287,
    6.769145223098));
#5640 = CARTESIAN_POINT('',(38.726846586999,426.647169466,7.143071923991
    ));
#5641 = CARTESIAN_POINT('',(41.539968455308,429.45997208658,
    7.132212926135));
#5642 = CARTESIAN_POINT('',(44.143035121893,432.45518672026,
    7.301017468713));
#5643 = CARTESIAN_POINT('',(46.52749058843,435.62022459785,
    7.615059461674));
#5644 = CARTESIAN_POINT('',(48.684021963959,438.94139863524,
    8.000321686616));
#5645 = CARTESIAN_POINT('',(50.603804255308,442.40450897055,
    8.394086094699));
#5646 = CARTESIAN_POINT('',(52.278489734132,445.99483380099,
    8.730871629859));
#5647 = CARTESIAN_POINT('',(53.700471326736,449.69801129219,
    8.945201052568));
#5648 = CARTESIAN_POINT('',(54.861155427248,453.4937033545,
    8.972190702441));
#5649 = CARTESIAN_POINT('',(55.454875945781,456.06739349809,
    8.901412245731));
#5650 = CARTESIAN_POINT('',(55.707342660655,457.36458951238,8.95));
#5651 = DEFINITIONAL_REPRESENTATION('',(#5652),#5658);
#5652 = B_SPLINE_CURVE_WITH_KNOTS('',4,(#5653,#5654,#5655,#5656,#5657),
  .UNSPECIFIED.,.F.,.F.,(5,5),(0.,1.),.PIECEWISE_BEZIER_KNOTS.);
#5653 = CARTESIAN_POINT('',(6.,0.584419996577));
#5654 = CARTESIAN_POINT('',(5.74992315761,0.584997179271));
#5655 = CARTESIAN_POINT('',(5.499895678751,0.585565283178));
#5656 = CARTESIAN_POINT('',(5.249920540305,0.586124623657));
#5657 = CARTESIAN_POINT('',(5.,0.586675489804));
#5658 = ( GEOMETRIC_REPRESENTATION_CONTEXT(2) 
PARAMETRIC_REPRESENTATION_CONTEXT() REPRESENTATION_CONTEXT('2D SPACE',''
  ) );
#5659 = ORIENTED_EDGE('',*,*,#5660,.F.);
#5660 = EDGE_CURVE('',#5661,#5587,#5663,.T.);
#5661 = VERTEX_POINT('',#5662);
#5662 = CARTESIAN_POINT('',(40.453961984878,430.28794726886,
    9.788377134881));
#5663 = SURFACE_CURVE('',#5664,(#5670,#5679),.PCURVE_S1.);
#5664 = B_SPLINE_CURVE_WITH_KNOTS('',4,(#5665,#5666,#5667,#5668,#5669),
  .UNSPECIFIED.,.F.,.F.,(5,5),(0.,1.),.PIECEWISE_BEZIER_KNOTS.);
#5665 = CARTESIAN_POINT('',(40.453961984878,430.28794726886,
    9.788377134881));
#5666 = CARTESIAN_POINT('',(40.724352456584,430.0964921268,
    9.132141386742));
#5667 = CARTESIAN_POINT('',(40.994654647528,429.90509949362,
    8.47583417471));
#5668 = CARTESIAN_POINT('',(41.264867795241,429.7137699092,7.81945428157
    ));
#5669 = CARTESIAN_POINT('',(41.53499002566,429.52250470051,
    7.162999456921));
#5670 = PCURVE('',#2014,#5671);
#5671 = DEFINITIONAL_REPRESENTATION('',(#5672),#5678);
#5672 = B_SPLINE_CURVE_WITH_KNOTS('',4,(#5673,#5674,#5675,#5676,#5677),
  .UNSPECIFIED.,.F.,.F.,(5,5),(0.,1.),.PIECEWISE_BEZIER_KNOTS.);
#5673 = CARTESIAN_POINT('',(4.46127336753,-9.788377134881));
#5674 = CARTESIAN_POINT('',(4.79258300912,-9.132141386742));
#5675 = CARTESIAN_POINT('',(5.123784480229,-8.47583417471));
#5676 = CARTESIAN_POINT('',(5.454876846602,-7.81945428157));
#5677 = CARTESIAN_POINT('',(5.785857811948,-7.162999456921));
#5678 = ( GEOMETRIC_REPRESENTATION_CONTEXT(2) 
PARAMETRIC_REPRESENTATION_CONTEXT() REPRESENTATION_CONTEXT('2D SPACE',''
  ) );
#5679 = PCURVE('',#5680,#5725);
#5680 = ( BOUNDED_SURFACE() B_SPLINE_SURFACE(1,3,(
    (#5681,#5682,#5683,#5684,#5685,#5686,#5687,#5688,#5689,#5690,#5691
      ,#5692,#5693,#5694,#5695,#5696,#5697,#5698,#5699,#5700,#5701,#5702
      )
    ,(#5703,#5704,#5705,#5706,#5707,#5708,#5709,#5710,#5711,#5712,#5713
      ,#5714,#5715,#5716,#5717,#5718,#5719,#5720,#5721,#5722,#5723,#5724
)),.UNSPECIFIED.,.F.,.F.,.F.) B_SPLINE_SURFACE_WITH_KNOTS((2,2),(4,1,1,1
    ,1,1,1,1,1,1,1,1,1,1,1,1,1,1,1,4),(6.,7.),(0.,5.218380768594E-02,
    0.104924849979,0.158249728388,0.212037422186,0.266073258756,
    0.320098130577,0.373854821642,0.427134464983,0.479826107743,
    0.531971081028,0.583831321693,0.635742389654,0.687819682816,
    0.740024789052,0.792245645251,0.844362126807,0.89631140842,
0.94815736877,1.),.UNSPECIFIED.) GEOMETRIC_REPRESENTATION_ITEM() 
RATIONAL_B_SPLINE_SURFACE((
    (1.,1.000000000002,0.999999999999,1.,1.,1.,1.,1.,1.,1.,1.,1.,1.,1.
      ,1.,1.,1.,1.000000000001,0.999999999997,1.000000000012
      ,0.999999999975,1.)
    ,(1.,1.000000000002,0.999999999999,1.,1.,1.,1.,1.,1.,1.,1.,1.,1.,1.
      ,1.,1.,1.,1.000000000001,0.999999999997,1.000000000012
,0.999999999975,1.))) REPRESENTATION_ITEM('') SURFACE() );
#5681 = CARTESIAN_POINT('',(2.970065516787,411.52077390267,
    8.850340161467E-02));
#5682 = CARTESIAN_POINT('',(4.294478745547,411.5901915542,0.165660430272
    ));
#5683 = CARTESIAN_POINT('',(6.943084122297,411.82278606339,
    0.417053087821));
#5684 = CARTESIAN_POINT('',(10.858906357007,412.44465336737,
    1.020046883642));
#5685 = CARTESIAN_POINT('',(14.716590723156,413.33674274708,
    1.792137627757));
#5686 = CARTESIAN_POINT('',(18.499650754751,414.49434369295,
    2.675829335358));
#5687 = CARTESIAN_POINT('',(22.1915781253,415.91188022349,3.614022886808
    ));
#5688 = CARTESIAN_POINT('',(25.775980451547,417.58290433374,
    4.550006348339));
#5689 = CARTESIAN_POINT('',(29.236811765526,419.50012148941,
    5.426252167074));
#5690 = CARTESIAN_POINT('',(32.558647022458,421.65560469578,
    6.188034353294));
#5691 = CARTESIAN_POINT('',(35.726475373267,424.04068139287,
    6.769145223098));
#5692 = CARTESIAN_POINT('',(38.726846586999,426.647169466,7.143071923991
    ));
#5693 = CARTESIAN_POINT('',(41.539968455308,429.45997208658,
    7.132212926135));
#5694 = CARTESIAN_POINT('',(44.143035121893,432.45518672026,
    7.301017468713));
#5695 = CARTESIAN_POINT('',(46.52749058843,435.62022459785,
    7.615059461674));
#5696 = CARTESIAN_POINT('',(48.684021963959,438.94139863524,
    8.000321686616));
#5697 = CARTESIAN_POINT('',(50.603804255308,442.40450897055,
    8.394086094699));
#5698 = CARTESIAN_POINT('',(52.278489734132,445.99483380099,
    8.730871629859));
#5699 = CARTESIAN_POINT('',(53.700471326736,449.69801129219,
    8.945201052568));
#5700 = CARTESIAN_POINT('',(54.861155427248,453.4937033545,
    8.972190702441));
#5701 = CARTESIAN_POINT('',(55.454875945781,456.06739349809,
    8.901412245731));
#5702 = CARTESIAN_POINT('',(55.707342660655,457.36458951238,8.95));
#5703 = CARTESIAN_POINT('',(2.901374574218,412.83147516704,
    0.121000744395));
#5704 = CARTESIAN_POINT('',(4.195157100854,412.89928734012,
    0.226488869424));
#5705 = CARTESIAN_POINT('',(6.782506185405,413.12650246695,
    0.570189768546));
#5706 = CARTESIAN_POINT('',(10.60776424967,413.73398737486,
    1.394595348718));
#5707 = CARTESIAN_POINT('',(14.376229043425,414.60544473215,
    2.450188162952));
#5708 = CARTESIAN_POINT('',(18.071795395889,415.73627296874,
    3.658360419433));
#5709 = CARTESIAN_POINT('',(21.678336780991,417.12102506415,
    4.941046915558));
#5710 = CARTESIAN_POINT('',(25.179839934496,418.753402141,6.220711804369
    ));
#5711 = CARTESIAN_POINT('',(28.560629995618,420.62627837126,
    7.418704134672));
#5712 = CARTESIAN_POINT('',(31.805638666211,422.73191009378,
    8.460203217394));
#5713 = CARTESIAN_POINT('',(34.900202264414,425.06182532542,
    9.254690734705));
#5714 = CARTESIAN_POINT('',(37.831181632894,427.6080311854,
    9.765918646082));
#5715 = CARTESIAN_POINT('',(40.579242312619,430.35578000088,
    9.75107235995));
#5716 = CARTESIAN_POINT('',(43.122105895506,433.28172204941,
    9.981859820506));
#5717 = CARTESIAN_POINT('',(45.451414264248,436.37355971179,
    10.411214107758));
#5718 = CARTESIAN_POINT('',(47.558069914133,439.6179224553,
    10.937939805921));
#5719 = CARTESIAN_POINT('',(49.433451954244,443.00093882935,
    11.476289582596));
#5720 = CARTESIAN_POINT('',(51.069405720477,446.50822751196,
    11.936738556449));
#5721 = CARTESIAN_POINT('',(52.458500073514,450.12575883092,
    12.229767064054));
#5722 = CARTESIAN_POINT('',(53.592340158821,453.83366505159,
    12.266666976006));
#5723 = CARTESIAN_POINT('',(54.172329254834,456.34783155433,
    12.169899554684));
#5724 = CARTESIAN_POINT('',(54.41895698238,457.61502631881,12.236328125)
  );
#5725 = DEFINITIONAL_REPRESENTATION('',(#5726),#5732);
#5726 = B_SPLINE_CURVE_WITH_KNOTS('',4,(#5727,#5728,#5729,#5730,#5731),
  .UNSPECIFIED.,.F.,.F.,(5,5),(0.,1.),.PIECEWISE_BEZIER_KNOTS.);
#5727 = CARTESIAN_POINT('',(7.,0.5820569294));
#5728 = CARTESIAN_POINT('',(6.749931397619,0.582661954311));
#5729 = CARTESIAN_POINT('',(6.499906997514,0.583257246298));
#5730 = CARTESIAN_POINT('',(6.249928866987,0.583843155413));
#5731 = CARTESIAN_POINT('',(6.,0.584419996577));
#5732 = ( GEOMETRIC_REPRESENTATION_CONTEXT(2) 
PARAMETRIC_REPRESENTATION_CONTEXT() REPRESENTATION_CONTEXT('2D SPACE',''
  ) );
#5733 = ORIENTED_EDGE('',*,*,#5734,.F.);
#5734 = EDGE_CURVE('',#5735,#5661,#5737,.T.);
#5735 = VERTEX_POINT('',#5736);
#5736 = CARTESIAN_POINT('',(39.372448069928,431.0537338697,
    12.076058649123));
#5737 = SURFACE_CURVE('',#5738,(#5744,#5753),.PCURVE_S1.);
#5738 = B_SPLINE_CURVE_WITH_KNOTS('',4,(#5739,#5740,#5741,#5742,#5743),
  .UNSPECIFIED.,.F.,.F.,(5,5),(0.,1.),.PIECEWISE_BEZIER_KNOTS.);
#5739 = CARTESIAN_POINT('',(39.372448069929,431.05373386971,
    12.076058649123));
#5740 = CARTESIAN_POINT('',(39.642947341619,430.86220168974,
    11.504247112169));
#5741 = CARTESIAN_POINT('',(39.913366268225,430.67072639964,
    10.932363617555));
#5742 = CARTESIAN_POINT('',(40.183704760423,430.47930806266,
    10.360407451477));
#5743 = CARTESIAN_POINT('',(40.453961984879,430.28794726886,
    9.788377134881));
#5744 = PCURVE('',#2014,#5745);
#5745 = DEFINITIONAL_REPRESENTATION('',(#5746),#5752);
#5746 = B_SPLINE_CURVE_WITH_KNOTS('',4,(#5747,#5748,#5749,#5750,#5751),
  .UNSPECIFIED.,.F.,.F.,(5,5),(0.,1.),.PIECEWISE_BEZIER_KNOTS.);
#5747 = CARTESIAN_POINT('',(3.136093581139,-12.07605864912));
#5748 = CARTESIAN_POINT('',(3.46753653543,-11.50424711216));
#5749 = CARTESIAN_POINT('',(3.798881042829,-10.93236361755));
#5750 = CARTESIAN_POINT('',(4.130126993892,-10.36040745147));
#5751 = CARTESIAN_POINT('',(4.46127336753,-9.788377134881));
#5752 = ( GEOMETRIC_REPRESENTATION_CONTEXT(2) 
PARAMETRIC_REPRESENTATION_CONTEXT() REPRESENTATION_CONTEXT('2D SPACE',''
  ) );
#5753 = PCURVE('',#5754,#5799);
#5754 = ( BOUNDED_SURFACE() B_SPLINE_SURFACE(1,3,(
    (#5755,#5756,#5757,#5758,#5759,#5760,#5761,#5762,#5763,#5764,#5765
      ,#5766,#5767,#5768,#5769,#5770,#5771,#5772,#5773,#5774,#5775,#5776
      )
    ,(#5777,#5778,#5779,#5780,#5781,#5782,#5783,#5784,#5785,#5786,#5787
      ,#5788,#5789,#5790,#5791,#5792,#5793,#5794,#5795,#5796,#5797,#5798
)),.UNSPECIFIED.,.F.,.F.,.F.) B_SPLINE_SURFACE_WITH_KNOTS((2,2),(4,1,1,1
    ,1,1,1,1,1,1,1,1,1,1,1,1,1,1,1,4),(7.,8.),(0.,5.218380768594E-02,
    0.104924849979,0.158249728388,0.212037422186,0.266073258756,
    0.320098130577,0.373854821642,0.427134464983,0.479826107743,
    0.531971081028,0.583831321693,0.635742389654,0.687819682816,
    0.740024789052,0.792245645251,0.844362126807,0.89631140842,
0.94815736877,1.),.UNSPECIFIED.) GEOMETRIC_REPRESENTATION_ITEM() 
RATIONAL_B_SPLINE_SURFACE((
    (1.,1.000000000002,0.999999999999,1.,1.,1.,1.,1.,1.,1.,1.,1.,1.,1.
      ,1.,1.,1.,1.000000000001,0.999999999997,1.000000000012
      ,0.999999999975,1.)
    ,(1.,1.000000000002,0.999999999999,1.,1.,1.,1.,1.,1.,1.,1.,1.,1.,1.
      ,1.,1.,1.,1.000000000001,0.999999999997,1.000000000012
,0.999999999975,1.))) REPRESENTATION_ITEM('') SURFACE() );
#5755 = CARTESIAN_POINT('',(2.901374574218,412.83147516704,
    0.121000744395));
#5756 = CARTESIAN_POINT('',(4.195157100854,412.89928734012,
    0.226488869424));
#5757 = CARTESIAN_POINT('',(6.782506185405,413.12650246695,
    0.570189768546));
#5758 = CARTESIAN_POINT('',(10.60776424967,413.73398737486,
    1.394595348718));
#5759 = CARTESIAN_POINT('',(14.376229043425,414.60544473215,
    2.450188162952));
#5760 = CARTESIAN_POINT('',(18.071795395889,415.73627296874,
    3.658360419433));
#5761 = CARTESIAN_POINT('',(21.678336780991,417.12102506415,
    4.941046915558));
#5762 = CARTESIAN_POINT('',(25.179839934496,418.753402141,6.220711804369
    ));
#5763 = CARTESIAN_POINT('',(28.560629995618,420.62627837126,
    7.418704134672));
#5764 = CARTESIAN_POINT('',(31.805638666211,422.73191009378,
    8.460203217394));
#5765 = CARTESIAN_POINT('',(34.900202264414,425.06182532542,
    9.254690734705));
#5766 = CARTESIAN_POINT('',(37.831181632894,427.6080311854,
    9.765918646082));
#5767 = CARTESIAN_POINT('',(40.579242312619,430.35578000088,
    9.75107235995));
#5768 = CARTESIAN_POINT('',(43.122105895506,433.28172204941,
    9.981859820506));
#5769 = CARTESIAN_POINT('',(45.451414264248,436.37355971179,
    10.411214107758));
#5770 = CARTESIAN_POINT('',(47.558069914133,439.6179224553,
    10.937939805921));
#5771 = CARTESIAN_POINT('',(49.433451954244,443.00093882935,
    11.476289582596));
#5772 = CARTESIAN_POINT('',(51.069405720477,446.50822751196,
    11.936738556449));
#5773 = CARTESIAN_POINT('',(52.458500073514,450.12575883092,
    12.229767064054));
#5774 = CARTESIAN_POINT('',(53.592340158821,453.83366505159,
    12.266666976006));
#5775 = CARTESIAN_POINT('',(54.172329254834,456.34783155433,
    12.169899554684));
#5776 = CARTESIAN_POINT('',(54.41895698238,457.61502631881,12.236328125)
  );
#5777 = CARTESIAN_POINT('',(2.832683631649,414.1421764314,0.149349490225
    ));
#5778 = CARTESIAN_POINT('',(4.095835455187,414.20838312721,
    0.279551975887));
#5779 = CARTESIAN_POINT('',(6.621928248971,414.43021886995,0.70377708579
    ));
#5780 = CARTESIAN_POINT('',(10.356622142208,415.02332138251,
    1.721329116121));
#5781 = CARTESIAN_POINT('',(14.035867363728,415.87414671718,
    3.024232246847));
#5782 = CARTESIAN_POINT('',(17.643940037017,416.97820224453,
    4.515462003414));
#5783 = CARTESIAN_POINT('',(21.165095436686,418.3301699048,
    6.098663621489));
#5784 = CARTESIAN_POINT('',(24.583699417444,419.92389994826,
    7.678135712821));
#5785 = CARTESIAN_POINT('',(27.884448225711,421.75243525311,
    9.156800531938));
#5786 = CARTESIAN_POINT('',(31.052630309965,423.80821549179,
    10.442307971183));
#5787 = CARTESIAN_POINT('',(34.073929155561,426.08296925796,
    11.422932563979));
#5788 = CARTESIAN_POINT('',(36.93551667879,428.5688929048,
    12.053933871735));
#5789 = CARTESIAN_POINT('',(39.61851616993,431.25158791518,
    12.035609312853));
#5790 = CARTESIAN_POINT('',(42.101176669118,434.10825737857,
    12.320466978454));
#5791 = CARTESIAN_POINT('',(44.375337940066,437.1268948257,
    12.850412841575));
#5792 = CARTESIAN_POINT('',(46.432117864307,440.29444627546,
    13.500542846165));
#5793 = CARTESIAN_POINT('',(48.263099653179,443.59736868779,
    14.165020284804));
#5794 = CARTESIAN_POINT('',(49.860321706824,447.02162122424,
    14.73334587539));
#5795 = CARTESIAN_POINT('',(51.21652882028,450.55350636476,
    15.095026776194));
#5796 = CARTESIAN_POINT('',(52.323524890435,454.17362676692,
    15.140571810419));
#5797 = CARTESIAN_POINT('',(52.889782563798,456.62826957127,
    15.021133164565));
#5798 = CARTESIAN_POINT('',(53.130571304105,457.86546312524,15.103125));
#5799 = DEFINITIONAL_REPRESENTATION('',(#5800),#5806);
#5800 = B_SPLINE_CURVE_WITH_KNOTS('',4,(#5801,#5802,#5803,#5804,#5805),
  .UNSPECIFIED.,.F.,.F.,(5,5),(0.,1.),.PIECEWISE_BEZIER_KNOTS.);
#5801 = CARTESIAN_POINT('',(8.,0.579578346671));
#5802 = CARTESIAN_POINT('',(7.749947228583,0.580213277682));
#5803 = CARTESIAN_POINT('',(7.49992849039,0.580837768));
#5804 = CARTESIAN_POINT('',(7.24994536966,0.581452202643));
#5805 = CARTESIAN_POINT('',(7.,0.5820569294));
#5806 = ( GEOMETRIC_REPRESENTATION_CONTEXT(2) 
PARAMETRIC_REPRESENTATION_CONTEXT() REPRESENTATION_CONTEXT('2D SPACE',''
  ) );
#5807 = ORIENTED_EDGE('',*,*,#5808,.F.);
#5808 = EDGE_CURVE('',#5809,#5735,#5811,.T.);
#5809 = VERTEX_POINT('',#5810);
#5810 = CARTESIAN_POINT('',(38.290411704419,431.81989040165,
    13.691341786244));
#5811 = SURFACE_CURVE('',#5812,(#5818,#5827),.PCURVE_S1.);
#5812 = B_SPLINE_CURVE_WITH_KNOTS('',4,(#5813,#5814,#5815,#5816,#5817),
  .UNSPECIFIED.,.F.,.F.,(5,5),(0.,1.),.PIECEWISE_BEZIER_KNOTS.);
#5813 = CARTESIAN_POINT('',(38.290411704419,431.81989040165,
    13.691341786244));
#5814 = CARTESIAN_POINT('',(38.561014397622,431.6282849921,
    13.287629495336));
#5815 = CARTESIAN_POINT('',(38.831554040197,431.43672422676,
    12.883844484393));
#5816 = CARTESIAN_POINT('',(39.102031845934,431.24520724617,
    12.479987694453));
#5817 = CARTESIAN_POINT('',(39.372448069928,431.05373386971,
    12.076058649123));
#5818 = PCURVE('',#2014,#5819);
#5819 = DEFINITIONAL_REPRESENTATION('',(#5820),#5826);
#5820 = B_SPLINE_CURVE_WITH_KNOTS('',4,(#5821,#5822,#5823,#5824,#5825),
  .UNSPECIFIED.,.F.,.F.,(5,5),(0.,1.),.PIECEWISE_BEZIER_KNOTS.);
#5821 = CARTESIAN_POINT('',(1.810273635697,-13.69134178624));
#5822 = CARTESIAN_POINT('',(2.141843312442,-13.28762949533));
#5823 = CARTESIAN_POINT('',(2.473335733208,-12.88384448439));
#5824 = CARTESIAN_POINT('',(2.80475238525,-12.47998769445));
#5825 = CARTESIAN_POINT('',(3.136093581139,-12.07605864912));
#5826 = ( GEOMETRIC_REPRESENTATION_CONTEXT(2) 
PARAMETRIC_REPRESENTATION_CONTEXT() REPRESENTATION_CONTEXT('2D SPACE',''
  ) );
#5827 = PCURVE('',#5828,#5873);
#5828 = ( BOUNDED_SURFACE() B_SPLINE_SURFACE(1,3,(
    (#5829,#5830,#5831,#5832,#5833,#5834,#5835,#5836,#5837,#5838,#5839
      ,#5840,#5841,#5842,#5843,#5844,#5845,#5846,#5847,#5848,#5849,#5850
      )
    ,(#5851,#5852,#5853,#5854,#5855,#5856,#5857,#5858,#5859,#5860,#5861
      ,#5862,#5863,#5864,#5865,#5866,#5867,#5868,#5869,#5870,#5871,#5872
)),.UNSPECIFIED.,.F.,.F.,.F.) B_SPLINE_SURFACE_WITH_KNOTS((2,2),(4,1,1,1
    ,1,1,1,1,1,1,1,1,1,1,1,1,1,1,1,4),(8.,9.),(0.,5.218380768594E-02,
    0.104924849979,0.158249728388,0.212037422186,0.266073258756,
    0.320098130577,0.373854821642,0.427134464983,0.479826107743,
    0.531971081028,0.583831321693,0.635742389654,0.687819682816,
    0.740024789052,0.792245645251,0.844362126807,0.89631140842,
0.94815736877,1.),.UNSPECIFIED.) GEOMETRIC_REPRESENTATION_ITEM() 
RATIONAL_B_SPLINE_SURFACE((
    (1.,1.000000000002,0.999999999999,1.,1.,1.,1.,1.,1.,1.,1.,1.,1.,1.
      ,1.,1.,1.,1.000000000001,0.999999999997,1.000000000012
      ,0.999999999975,1.)
    ,(1.,1.000000000002,0.999999999999,1.,1.,1.,1.,1.,1.,1.,1.,1.,1.,1.
      ,1.,1.,1.,1.000000000001,0.999999999997,1.000000000012
,0.999999999975,1.))) REPRESENTATION_ITEM('') SURFACE() );
#5829 = CARTESIAN_POINT('',(2.832683631649,414.1421764314,0.149349490225
    ));
#5830 = CARTESIAN_POINT('',(4.095835455187,414.20838312721,
    0.279551975887));
#5831 = CARTESIAN_POINT('',(6.621928248971,414.43021886995,0.70377708579
    ));
#5832 = CARTESIAN_POINT('',(10.356622142208,415.02332138251,
    1.721329116121));
#5833 = CARTESIAN_POINT('',(14.035867363728,415.87414671718,
    3.024232246847));
#5834 = CARTESIAN_POINT('',(17.643940037017,416.97820224453,
    4.515462003414));
#5835 = CARTESIAN_POINT('',(21.165095436686,418.3301699048,
    6.098663621489));
#5836 = CARTESIAN_POINT('',(24.583699417444,419.92389994826,
    7.678135712821));
#5837 = CARTESIAN_POINT('',(27.884448225711,421.75243525311,
    9.156800531938));
#5838 = CARTESIAN_POINT('',(31.052630309965,423.80821549179,
    10.442307971183));
#5839 = CARTESIAN_POINT('',(34.073929155561,426.08296925796,
    11.422932563979));
#5840 = CARTESIAN_POINT('',(36.93551667879,428.5688929048,
    12.053933871735));
#5841 = CARTESIAN_POINT('',(39.61851616993,431.25158791518,
    12.035609312853));
#5842 = CARTESIAN_POINT('',(42.101176669118,434.10825737857,
    12.320466978454));
#5843 = CARTESIAN_POINT('',(44.375337940066,437.1268948257,
    12.850412841575));
#5844 = CARTESIAN_POINT('',(46.432117864307,440.29444627546,
    13.500542846165));
#5845 = CARTESIAN_POINT('',(48.263099653179,443.59736868779,
    14.165020284804));
#5846 = CARTESIAN_POINT('',(49.860321706824,447.02162122424,
    14.73334587539));
#5847 = CARTESIAN_POINT('',(51.21652882028,450.55350636476,
    15.095026776194));
#5848 = CARTESIAN_POINT('',(52.323524890435,454.17362676692,
    15.140571810419));
#5849 = CARTESIAN_POINT('',(52.889782563798,456.62826957127,
    15.021133164565));
#5850 = CARTESIAN_POINT('',(53.130571304105,457.86546312524,15.103125));
#5851 = CARTESIAN_POINT('',(2.76399268908,415.45287769577,0.169401042153
    ));
#5852 = CARTESIAN_POINT('',(3.996513810377,415.51747892336,
    0.317084417103));
#5853 = CARTESIAN_POINT('',(6.461350312134,415.73393526871,
    0.798265676007));
#5854 = CARTESIAN_POINT('',(10.105480034856,416.31265539131,
    1.952433488193));
#5855 = CARTESIAN_POINT('',(13.695505684001,417.14284870189,
    3.430263428136));
#5856 = CARTESIAN_POINT('',(17.216084678154,418.22013152041,
    5.121704587206));
#5857 = CARTESIAN_POINT('',(20.651854092378,419.53931474543,
    6.917465681782));
#5858 = CARTESIAN_POINT('',(23.987558900393,421.09439775552,
    8.708996526117));
#5859 = CARTESIAN_POINT('',(27.208266455803,422.87859213497,
    10.38618578854));
#5860 = CARTESIAN_POINT('',(30.299621953719,424.88452088979,
    11.844284504351));
#5861 = CARTESIAN_POINT('',(33.247656046708,427.1041131905,
    12.956567028587));
#5862 = CARTESIAN_POINT('',(36.039851724685,429.5297546242,
    13.672286104514));
#5863 = CARTESIAN_POINT('',(38.657790027241,432.14739582947,
    13.651501303931));
#5864 = CARTESIAN_POINT('',(41.080247442731,434.93479270773,
    13.974603748709));
#5865 = CARTESIAN_POINT('',(43.299261615884,437.88022993964,
    14.575699750861));
#5866 = CARTESIAN_POINT('',(45.306165814479,440.97097009555,
    15.313115728289));
#5867 = CARTESIAN_POINT('',(47.092747352126,444.19379854648,
    16.066805415635));
#5868 = CARTESIAN_POINT('',(48.651237693128,447.5350149356,
    16.711433979028));
#5869 = CARTESIAN_POINT('',(49.974557567207,450.98125390206,
    17.121673889677));
#5870 = CARTESIAN_POINT('',(51.05470962145,454.51358846935,
    17.173333766404));
#5871 = CARTESIAN_POINT('',(51.607235874054,456.90870761601,
    17.037859376566));
#5872 = CARTESIAN_POINT('',(51.84218562583,458.11589993167,17.130859375)
  );
#5873 = DEFINITIONAL_REPRESENTATION('',(#5874),#5880);
#5874 = B_SPLINE_CURVE_WITH_KNOTS('',4,(#5875,#5876,#5877,#5878,#5879),
  .UNSPECIFIED.,.F.,.F.,(5,5),(0.,1.),.PIECEWISE_BEZIER_KNOTS.);
#5875 = CARTESIAN_POINT('',(9.,0.576975487854));
#5876 = CARTESIAN_POINT('',(8.749976888296,0.577642584647));
#5877 = CARTESIAN_POINT('',(8.499968714455,0.578298483991));
#5878 = CARTESIAN_POINT('',(8.249976001131,0.578943610595));
#5879 = CARTESIAN_POINT('',(8.,0.579578346671));
#5880 = ( GEOMETRIC_REPRESENTATION_CONTEXT(2) 
PARAMETRIC_REPRESENTATION_CONTEXT() REPRESENTATION_CONTEXT('2D SPACE',''
  ) );
#5881 = ORIENTED_EDGE('',*,*,#5882,.F.);
#5882 = EDGE_CURVE('',#5310,#5809,#5883,.T.);
#5883 = SURFACE_CURVE('',#5884,(#5890,#5899),.PCURVE_S1.);
#5884 = B_SPLINE_CURVE_WITH_KNOTS('',4,(#5885,#5886,#5887,#5888,#5889),
  .UNSPECIFIED.,.F.,.F.,(5,5),(0.,1.),.PIECEWISE_BEZIER_KNOTS.);
#5885 = CARTESIAN_POINT('',(37.207812476933,432.58644547878,
    14.2999885397));
#5886 = CARTESIAN_POINT('',(37.4785037416,432.39477735451,
    14.147888299289));
#5887 = CARTESIAN_POINT('',(37.749166242974,432.20312959665,
    13.995744273652));
#5888 = CARTESIAN_POINT('',(38.019801817905,432.01150090456,
    13.843561250846));
#5889 = CARTESIAN_POINT('',(38.290411704419,431.81989040165,
    13.691341786244));
#5890 = PCURVE('',#2014,#5891);
#5891 = DEFINITIONAL_REPRESENTATION('',(#5892),#5898);
#5892 = B_SPLINE_CURVE_WITH_KNOTS('',4,(#5893,#5894,#5895,#5896,#5897),
  .UNSPECIFIED.,.F.,.F.,(5,5),(0.,1.),.PIECEWISE_BEZIER_KNOTS.);
#5893 = CARTESIAN_POINT('',(0.483764015067,-14.2999885397));
#5894 = CARTESIAN_POINT('',(0.815442218491,-14.14788829928));
#5895 = CARTESIAN_POINT('',(1.147085178232,-13.99574427365));
#5896 = CARTESIAN_POINT('',(1.478695144983,-13.84356125084));
#5897 = CARTESIAN_POINT('',(1.810273635697,-13.69134178624));
#5898 = ( GEOMETRIC_REPRESENTATION_CONTEXT(2) 
PARAMETRIC_REPRESENTATION_CONTEXT() REPRESENTATION_CONTEXT('2D SPACE',''
  ) );
#5899 = PCURVE('',#5900,#5945);
#5900 = ( BOUNDED_SURFACE() B_SPLINE_SURFACE(1,3,(
    (#5901,#5902,#5903,#5904,#5905,#5906,#5907,#5908,#5909,#5910,#5911
      ,#5912,#5913,#5914,#5915,#5916,#5917,#5918,#5919,#5920,#5921,#5922
      )
    ,(#5923,#5924,#5925,#5926,#5927,#5928,#5929,#5930,#5931,#5932,#5933
      ,#5934,#5935,#5936,#5937,#5938,#5939,#5940,#5941,#5942,#5943,#5944
)),.UNSPECIFIED.,.F.,.F.,.F.) B_SPLINE_SURFACE_WITH_KNOTS((2,2),(4,1,1,1
    ,1,1,1,1,1,1,1,1,1,1,1,1,1,1,1,4),(9.,10.),(0.,5.218380768594E-02,
    0.104924849979,0.158249728388,0.212037422186,0.266073258756,
    0.320098130577,0.373854821642,0.427134464983,0.479826107743,
    0.531971081028,0.583831321693,0.635742389654,0.687819682816,
    0.740024789052,0.792245645251,0.844362126807,0.89631140842,
0.94815736877,1.),.UNSPECIFIED.) GEOMETRIC_REPRESENTATION_ITEM() 
RATIONAL_B_SPLINE_SURFACE((
    (1.,1.000000000002,0.999999999999,1.,1.,1.,1.,1.,1.,1.,1.,1.,1.,1.
      ,1.,1.,1.,1.000000000001,0.999999999997,1.000000000012
      ,0.999999999975,1.)
    ,(1.,1.000000000002,0.999999999999,1.,1.,1.,1.,1.,1.,1.,1.,1.,1.,1.
      ,1.,1.,1.,1.000000000001,0.999999999997,1.000000000012
,0.999999999975,1.))) REPRESENTATION_ITEM('') SURFACE() );
#5901 = CARTESIAN_POINT('',(2.76399268908,415.45287769577,0.169401042153
    ));
#5902 = CARTESIAN_POINT('',(3.996513810377,415.51747892336,
    0.317084417103));
#5903 = CARTESIAN_POINT('',(6.461350312134,415.73393526871,
    0.798265676007));
#5904 = CARTESIAN_POINT('',(10.105480034856,416.31265539131,
    1.952433488193));
#5905 = CARTESIAN_POINT('',(13.695505684001,417.14284870189,
    3.430263428136));
#5906 = CARTESIAN_POINT('',(17.216084678154,418.22013152041,
    5.121704587206));
#5907 = CARTESIAN_POINT('',(20.651854092378,419.53931474543,
    6.917465681782));
#5908 = CARTESIAN_POINT('',(23.987558900393,421.09439775552,
    8.708996526117));
#5909 = CARTESIAN_POINT('',(27.208266455803,422.87859213497,
    10.38618578854));
#5910 = CARTESIAN_POINT('',(30.299621953719,424.88452088979,
    11.844284504351));
#5911 = CARTESIAN_POINT('',(33.247656046708,427.1041131905,
    12.956567028587));
#5912 = CARTESIAN_POINT('',(36.039851724685,429.5297546242,
    13.672286104514));
#5913 = CARTESIAN_POINT('',(38.657790027241,432.14739582947,
    13.651501303931));
#5914 = CARTESIAN_POINT('',(41.080247442731,434.93479270773,
    13.974603748709));
#5915 = CARTESIAN_POINT('',(43.299261615884,437.88022993964,
    14.575699750861));
#5916 = CARTESIAN_POINT('',(45.306165814479,440.97097009555,
    15.313115728289));
#5917 = CARTESIAN_POINT('',(47.092747352126,444.19379854648,
    16.066805415635));
#5918 = CARTESIAN_POINT('',(48.651237693128,447.5350149356,
    16.711433979028));
#5919 = CARTESIAN_POINT('',(49.974557567207,450.98125390206,
    17.121673889677));
#5920 = CARTESIAN_POINT('',(51.05470962145,454.51358846935,
    17.173333766404));
#5921 = CARTESIAN_POINT('',(51.607235874054,456.90870761601,
    17.037859376566));
#5922 = CARTESIAN_POINT('',(51.84218562583,458.11589993167,17.130859375)
  );
#5923 = CARTESIAN_POINT('',(2.695301746512,416.76357896014,
    0.177006803229));
#5924 = CARTESIAN_POINT('',(3.89719216631,416.82657471876,0.331320860543
    ));
#5925 = CARTESIAN_POINT('',(6.30077237495,417.03765166781,0.834106175641
    ));
#5926 = CARTESIAN_POINT('',(9.854337927599,417.60198940002,
    2.040093767284));
#5927 = CARTESIAN_POINT('',(13.355144004248,418.41155068663,
    3.584275255514));
#5928 = CARTESIAN_POINT('',(16.788229319297,419.46206079629,
    5.351658670715));
#5929 = CARTESIAN_POINT('',(20.138612748068,420.74845958607,
    7.228045773616));
#5930 = CARTESIAN_POINT('',(23.391418383343,422.26489556278,
    9.100012696677));
#5931 = CARTESIAN_POINT('',(26.532084685895,424.00474901682,
    10.852504334148));
#5932 = CARTESIAN_POINT('',(29.546613597473,425.9608262878,
    12.376068706587));
#5933 = CARTESIAN_POINT('',(32.421382937855,428.12525712305,
    13.538290446197));
#5934 = CARTESIAN_POINT('',(35.144186770581,430.4906163436,
    14.286143847982));
#5935 = CARTESIAN_POINT('',(37.697063884552,433.04320374377,
    14.26442585227));
#5936 = CARTESIAN_POINT('',(40.059318216343,435.76132803689,
    14.602034937427));
#5937 = CARTESIAN_POINT('',(42.223185291702,438.63356505356,
    15.230118923348));
#5938 = CARTESIAN_POINT('',(44.180213764651,441.64749391568,
    16.000643373233));
#5939 = CARTESIAN_POINT('',(45.922395051067,444.79022840501,
    16.788172189398));
#5940 = CARTESIAN_POINT('',(47.442153679453,448.04840864753,
    17.461743259718));
#5941 = CARTESIAN_POINT('',(48.732586314058,451.4090014372,
    17.890402105135));
#5942 = CARTESIAN_POINT('',(49.78589435275,454.85355017986,
    17.944381404882));
#5943 = CARTESIAN_POINT('',(50.324689183696,457.18914564334,
    17.802824491462));
#5944 = CARTESIAN_POINT('',(50.553799947555,458.3663367381,17.9));
#5945 = DEFINITIONAL_REPRESENTATION('',(#5946),#5952);
#5946 = B_SPLINE_CURVE_WITH_KNOTS('',4,(#5947,#5948,#5949,#5950,#5951),
  .UNSPECIFIED.,.F.,.F.,(5,5),(0.,1.),.PIECEWISE_BEZIER_KNOTS.);
#5947 = CARTESIAN_POINT('',(10.,0.574238674945));
#5948 = CARTESIAN_POINT('',(9.750030042566,0.574940407993));
#5949 = CARTESIAN_POINT('',(9.500039929928,0.575630152677));
#5950 = CARTESIAN_POINT('',(9.250029757957,0.576308373327));
#5951 = CARTESIAN_POINT('',(9.,0.576975487854));
#5952 = ( GEOMETRIC_REPRESENTATION_CONTEXT(2) 
PARAMETRIC_REPRESENTATION_CONTEXT() REPRESENTATION_CONTEXT('2D SPACE',''
  ) );
#5953 = ADVANCED_FACE('',(#5954),#2266,.F.);
#5954 = FACE_BOUND('',#5955,.F.);
#5955 = EDGE_LOOP('',(#5956,#5957,#5980,#6007));
#5956 = ORIENTED_EDGE('',*,*,#2245,.F.);
#5957 = ORIENTED_EDGE('',*,*,#5958,.F.);
#5958 = EDGE_CURVE('',#5959,#2246,#5961,.T.);
#5959 = VERTEX_POINT('',#5960);
#5960 = CARTESIAN_POINT('',(93.91616104642,148.606,11.5));
#5961 = SEAM_CURVE('',#5962,(#5966,#5973),.PCURVE_S1.);
#5962 = LINE('',#5963,#5964);
#5963 = CARTESIAN_POINT('',(93.91616104642,148.606,11.5));
#5964 = VECTOR('',#5965,1.);
#5965 = DIRECTION('',(0.,0.,1.));
#5966 = PCURVE('',#2266,#5967);
#5967 = DEFINITIONAL_REPRESENTATION('',(#5968),#5972);
#5968 = LINE('',#5969,#5970);
#5969 = CARTESIAN_POINT('',(6.28318530718,-0.));
#5970 = VECTOR('',#5971,1.);
#5971 = DIRECTION('',(0.,1.));
#5972 = ( GEOMETRIC_REPRESENTATION_CONTEXT(2) 
PARAMETRIC_REPRESENTATION_CONTEXT() REPRESENTATION_CONTEXT('2D SPACE',''
  ) );
#5973 = PCURVE('',#2266,#5974);
#5974 = DEFINITIONAL_REPRESENTATION('',(#5975),#5979);
#5975 = LINE('',#5976,#5977);
#5976 = CARTESIAN_POINT('',(0.,-0.));
#5977 = VECTOR('',#5978,1.);
#5978 = DIRECTION('',(0.,1.));
#5979 = ( GEOMETRIC_REPRESENTATION_CONTEXT(2) 
PARAMETRIC_REPRESENTATION_CONTEXT() REPRESENTATION_CONTEXT('2D SPACE',''
  ) );
#5980 = ORIENTED_EDGE('',*,*,#5981,.T.);
#5981 = EDGE_CURVE('',#5959,#5959,#5982,.T.);
#5982 = SURFACE_CURVE('',#5983,(#5988,#5995),.PCURVE_S1.);
#5983 = CIRCLE('',#5984,3.2);
#5984 = AXIS2_PLACEMENT_3D('',#5985,#5986,#5987);
#5985 = CARTESIAN_POINT('',(90.71616104642,148.606,11.5));
#5986 = DIRECTION('',(0.,0.,1.));
#5987 = DIRECTION('',(1.,0.,-0.));
#5988 = PCURVE('',#2266,#5989);
#5989 = DEFINITIONAL_REPRESENTATION('',(#5990),#5994);
#5990 = LINE('',#5991,#5992);
#5991 = CARTESIAN_POINT('',(0.,0.));
#5992 = VECTOR('',#5993,1.);
#5993 = DIRECTION('',(1.,0.));
#5994 = ( GEOMETRIC_REPRESENTATION_CONTEXT(2) 
PARAMETRIC_REPRESENTATION_CONTEXT() REPRESENTATION_CONTEXT('2D SPACE',''
  ) );
#5995 = PCURVE('',#5996,#6001);
#5996 = PLANE('',#5997);
#5997 = AXIS2_PLACEMENT_3D('',#5998,#5999,#6000);
#5998 = CARTESIAN_POINT('',(90.71616104642,148.606,11.5));
#5999 = DIRECTION('',(0.,0.,1.));
#6000 = DIRECTION('',(1.,0.,-0.));
#6001 = DEFINITIONAL_REPRESENTATION('',(#6002),#6006);
#6002 = CIRCLE('',#6003,3.2);
#6003 = AXIS2_PLACEMENT_2D('',#6004,#6005);
#6004 = CARTESIAN_POINT('',(0.,0.));
#6005 = DIRECTION('',(1.,0.));
#6006 = ( GEOMETRIC_REPRESENTATION_CONTEXT(2) 
PARAMETRIC_REPRESENTATION_CONTEXT() REPRESENTATION_CONTEXT('2D SPACE',''
  ) );
#6007 = ORIENTED_EDGE('',*,*,#5958,.T.);
#6008 = ADVANCED_FACE('',(#6009),#2301,.F.);
#6009 = FACE_BOUND('',#6010,.F.);
#6010 = EDGE_LOOP('',(#6011,#6012,#6035,#6062));
#6011 = ORIENTED_EDGE('',*,*,#2280,.F.);
#6012 = ORIENTED_EDGE('',*,*,#6013,.F.);
#6013 = EDGE_CURVE('',#6014,#2281,#6016,.T.);
#6014 = VERTEX_POINT('',#6015);
#6015 = CARTESIAN_POINT('',(93.91616104642,253.356,11.5));
#6016 = SEAM_CURVE('',#6017,(#6021,#6028),.PCURVE_S1.);
#6017 = LINE('',#6018,#6019);
#6018 = CARTESIAN_POINT('',(93.91616104642,253.356,11.5));
#6019 = VECTOR('',#6020,1.);
#6020 = DIRECTION('',(0.,0.,1.));
#6021 = PCURVE('',#2301,#6022);
#6022 = DEFINITIONAL_REPRESENTATION('',(#6023),#6027);
#6023 = LINE('',#6024,#6025);
#6024 = CARTESIAN_POINT('',(6.28318530718,-0.));
#6025 = VECTOR('',#6026,1.);
#6026 = DIRECTION('',(0.,1.));
#6027 = ( GEOMETRIC_REPRESENTATION_CONTEXT(2) 
PARAMETRIC_REPRESENTATION_CONTEXT() REPRESENTATION_CONTEXT('2D SPACE',''
  ) );
#6028 = PCURVE('',#2301,#6029);
#6029 = DEFINITIONAL_REPRESENTATION('',(#6030),#6034);
#6030 = LINE('',#6031,#6032);
#6031 = CARTESIAN_POINT('',(0.,-0.));
#6032 = VECTOR('',#6033,1.);
#6033 = DIRECTION('',(0.,1.));
#6034 = ( GEOMETRIC_REPRESENTATION_CONTEXT(2) 
PARAMETRIC_REPRESENTATION_CONTEXT() REPRESENTATION_CONTEXT('2D SPACE',''
  ) );
#6035 = ORIENTED_EDGE('',*,*,#6036,.T.);
#6036 = EDGE_CURVE('',#6014,#6014,#6037,.T.);
#6037 = SURFACE_CURVE('',#6038,(#6043,#6050),.PCURVE_S1.);
#6038 = CIRCLE('',#6039,3.2);
#6039 = AXIS2_PLACEMENT_3D('',#6040,#6041,#6042);
#6040 = CARTESIAN_POINT('',(90.71616104642,253.356,11.5));
#6041 = DIRECTION('',(0.,0.,1.));
#6042 = DIRECTION('',(1.,0.,-0.));
#6043 = PCURVE('',#2301,#6044);
#6044 = DEFINITIONAL_REPRESENTATION('',(#6045),#6049);
#6045 = LINE('',#6046,#6047);
#6046 = CARTESIAN_POINT('',(0.,0.));
#6047 = VECTOR('',#6048,1.);
#6048 = DIRECTION('',(1.,0.));
#6049 = ( GEOMETRIC_REPRESENTATION_CONTEXT(2) 
PARAMETRIC_REPRESENTATION_CONTEXT() REPRESENTATION_CONTEXT('2D SPACE',''
  ) );
#6050 = PCURVE('',#6051,#6056);
#6051 = PLANE('',#6052);
#6052 = AXIS2_PLACEMENT_3D('',#6053,#6054,#6055);
#6053 = CARTESIAN_POINT('',(90.71616104642,253.356,11.5));
#6054 = DIRECTION('',(0.,0.,1.));
#6055 = DIRECTION('',(1.,0.,-0.));
#6056 = DEFINITIONAL_REPRESENTATION('',(#6057),#6061);
#6057 = CIRCLE('',#6058,3.2);
#6058 = AXIS2_PLACEMENT_2D('',#6059,#6060);
#6059 = CARTESIAN_POINT('',(0.,0.));
#6060 = DIRECTION('',(1.,0.));
#6061 = ( GEOMETRIC_REPRESENTATION_CONTEXT(2) 
PARAMETRIC_REPRESENTATION_CONTEXT() REPRESENTATION_CONTEXT('2D SPACE',''
  ) );
#6062 = ORIENTED_EDGE('',*,*,#6013,.T.);
#6063 = ADVANCED_FACE('',(#6064),#2336,.F.);
#6064 = FACE_BOUND('',#6065,.F.);
#6065 = EDGE_LOOP('',(#6066,#6067,#6090,#6117));
#6066 = ORIENTED_EDGE('',*,*,#2315,.F.);
#6067 = ORIENTED_EDGE('',*,*,#6068,.F.);
#6068 = EDGE_CURVE('',#6069,#2316,#6071,.T.);
#6069 = VERTEX_POINT('',#6070);
#6070 = CARTESIAN_POINT('',(3.2,96.231,11.5));
#6071 = SEAM_CURVE('',#6072,(#6076,#6083),.PCURVE_S1.);
#6072 = LINE('',#6073,#6074);
#6073 = CARTESIAN_POINT('',(3.2,96.231,11.5));
#6074 = VECTOR('',#6075,1.);
#6075 = DIRECTION('',(0.,0.,1.));
#6076 = PCURVE('',#2336,#6077);
#6077 = DEFINITIONAL_REPRESENTATION('',(#6078),#6082);
#6078 = LINE('',#6079,#6080);
#6079 = CARTESIAN_POINT('',(6.28318530718,-0.));
#6080 = VECTOR('',#6081,1.);
#6081 = DIRECTION('',(0.,1.));
#6082 = ( GEOMETRIC_REPRESENTATION_CONTEXT(2) 
PARAMETRIC_REPRESENTATION_CONTEXT() REPRESENTATION_CONTEXT('2D SPACE',''
  ) );
#6083 = PCURVE('',#2336,#6084);
#6084 = DEFINITIONAL_REPRESENTATION('',(#6085),#6089);
#6085 = LINE('',#6086,#6087);
#6086 = CARTESIAN_POINT('',(0.,-0.));
#6087 = VECTOR('',#6088,1.);
#6088 = DIRECTION('',(0.,1.));
#6089 = ( GEOMETRIC_REPRESENTATION_CONTEXT(2) 
PARAMETRIC_REPRESENTATION_CONTEXT() REPRESENTATION_CONTEXT('2D SPACE',''
  ) );
#6090 = ORIENTED_EDGE('',*,*,#6091,.T.);
#6091 = EDGE_CURVE('',#6069,#6069,#6092,.T.);
#6092 = SURFACE_CURVE('',#6093,(#6098,#6105),.PCURVE_S1.);
#6093 = CIRCLE('',#6094,3.2);
#6094 = AXIS2_PLACEMENT_3D('',#6095,#6096,#6097);
#6095 = CARTESIAN_POINT('',(-1.92422628316E-14,96.231,11.5));
#6096 = DIRECTION('',(0.,0.,1.));
#6097 = DIRECTION('',(1.,0.,-0.));
#6098 = PCURVE('',#2336,#6099);
#6099 = DEFINITIONAL_REPRESENTATION('',(#6100),#6104);
#6100 = LINE('',#6101,#6102);
#6101 = CARTESIAN_POINT('',(0.,0.));
#6102 = VECTOR('',#6103,1.);
#6103 = DIRECTION('',(1.,0.));
#6104 = ( GEOMETRIC_REPRESENTATION_CONTEXT(2) 
PARAMETRIC_REPRESENTATION_CONTEXT() REPRESENTATION_CONTEXT('2D SPACE',''
  ) );
#6105 = PCURVE('',#6106,#6111);
#6106 = PLANE('',#6107);
#6107 = AXIS2_PLACEMENT_3D('',#6108,#6109,#6110);
#6108 = CARTESIAN_POINT('',(-1.92422628316E-14,96.231,11.5));
#6109 = DIRECTION('',(0.,0.,1.));
#6110 = DIRECTION('',(1.,0.,-0.));
#6111 = DEFINITIONAL_REPRESENTATION('',(#6112),#6116);
#6112 = CIRCLE('',#6113,3.2);
#6113 = AXIS2_PLACEMENT_2D('',#6114,#6115);
#6114 = CARTESIAN_POINT('',(0.,0.));
#6115 = DIRECTION('',(1.,0.));
#6116 = ( GEOMETRIC_REPRESENTATION_CONTEXT(2) 
PARAMETRIC_REPRESENTATION_CONTEXT() REPRESENTATION_CONTEXT('2D SPACE',''
  ) );
#6117 = ORIENTED_EDGE('',*,*,#6068,.T.);
#6118 = ADVANCED_FACE('',(#6119),#2371,.F.);
#6119 = FACE_BOUND('',#6120,.F.);
#6120 = EDGE_LOOP('',(#6121,#6122,#6145,#6172));
#6121 = ORIENTED_EDGE('',*,*,#2350,.F.);
#6122 = ORIENTED_EDGE('',*,*,#6123,.F.);
#6123 = EDGE_CURVE('',#6124,#2351,#6126,.T.);
#6124 = VERTEX_POINT('',#6125);
#6125 = CARTESIAN_POINT('',(-87.51616104642,148.606,11.5));
#6126 = SEAM_CURVE('',#6127,(#6131,#6138),.PCURVE_S1.);
#6127 = LINE('',#6128,#6129);
#6128 = CARTESIAN_POINT('',(-87.51616104642,148.606,11.5));
#6129 = VECTOR('',#6130,1.);
#6130 = DIRECTION('',(0.,0.,1.));
#6131 = PCURVE('',#2371,#6132);
#6132 = DEFINITIONAL_REPRESENTATION('',(#6133),#6137);
#6133 = LINE('',#6134,#6135);
#6134 = CARTESIAN_POINT('',(6.28318530718,-0.));
#6135 = VECTOR('',#6136,1.);
#6136 = DIRECTION('',(0.,1.));
#6137 = ( GEOMETRIC_REPRESENTATION_CONTEXT(2) 
PARAMETRIC_REPRESENTATION_CONTEXT() REPRESENTATION_CONTEXT('2D SPACE',''
  ) );
#6138 = PCURVE('',#2371,#6139);
#6139 = DEFINITIONAL_REPRESENTATION('',(#6140),#6144);
#6140 = LINE('',#6141,#6142);
#6141 = CARTESIAN_POINT('',(0.,-0.));
#6142 = VECTOR('',#6143,1.);
#6143 = DIRECTION('',(0.,1.));
#6144 = ( GEOMETRIC_REPRESENTATION_CONTEXT(2) 
PARAMETRIC_REPRESENTATION_CONTEXT() REPRESENTATION_CONTEXT('2D SPACE',''
  ) );
#6145 = ORIENTED_EDGE('',*,*,#6146,.T.);
#6146 = EDGE_CURVE('',#6124,#6124,#6147,.T.);
#6147 = SURFACE_CURVE('',#6148,(#6153,#6160),.PCURVE_S1.);
#6148 = CIRCLE('',#6149,3.2);
#6149 = AXIS2_PLACEMENT_3D('',#6150,#6151,#6152);
#6150 = CARTESIAN_POINT('',(-90.71616104642,148.606,11.5));
#6151 = DIRECTION('',(0.,0.,1.));
#6152 = DIRECTION('',(1.,0.,-0.));
#6153 = PCURVE('',#2371,#6154);
#6154 = DEFINITIONAL_REPRESENTATION('',(#6155),#6159);
#6155 = LINE('',#6156,#6157);
#6156 = CARTESIAN_POINT('',(0.,0.));
#6157 = VECTOR('',#6158,1.);
#6158 = DIRECTION('',(1.,0.));
#6159 = ( GEOMETRIC_REPRESENTATION_CONTEXT(2) 
PARAMETRIC_REPRESENTATION_CONTEXT() REPRESENTATION_CONTEXT('2D SPACE',''
  ) );
#6160 = PCURVE('',#6161,#6166);
#6161 = PLANE('',#6162);
#6162 = AXIS2_PLACEMENT_3D('',#6163,#6164,#6165);
#6163 = CARTESIAN_POINT('',(-90.71616104642,148.606,11.5));
#6164 = DIRECTION('',(0.,0.,1.));
#6165 = DIRECTION('',(1.,0.,-0.));
#6166 = DEFINITIONAL_REPRESENTATION('',(#6167),#6171);
#6167 = CIRCLE('',#6168,3.2);
#6168 = AXIS2_PLACEMENT_2D('',#6169,#6170);
#6169 = CARTESIAN_POINT('',(0.,0.));
#6170 = DIRECTION('',(1.,0.));
#6171 = ( GEOMETRIC_REPRESENTATION_CONTEXT(2) 
PARAMETRIC_REPRESENTATION_CONTEXT() REPRESENTATION_CONTEXT('2D SPACE',''
  ) );
#6172 = ORIENTED_EDGE('',*,*,#6123,.T.);
#6173 = ADVANCED_FACE('',(#6174),#2406,.F.);
#6174 = FACE_BOUND('',#6175,.T.);
#6175 = EDGE_LOOP('',(#6176,#6199,#6200,#6201));
#6176 = ORIENTED_EDGE('',*,*,#6177,.T.);
#6177 = EDGE_CURVE('',#6178,#2386,#6180,.T.);
#6178 = VERTEX_POINT('',#6179);
#6179 = CARTESIAN_POINT('',(95.,200.981,0.));
#6180 = SEAM_CURVE('',#6181,(#6185,#6192),.PCURVE_S1.);
#6181 = LINE('',#6182,#6183);
#6182 = CARTESIAN_POINT('',(95.,200.981,0.));
#6183 = VECTOR('',#6184,1.);
#6184 = DIRECTION('',(-0.,-0.,1.));
#6185 = PCURVE('',#2406,#6186);
#6186 = DEFINITIONAL_REPRESENTATION('',(#6187),#6191);
#6187 = LINE('',#6188,#6189);
#6188 = CARTESIAN_POINT('',(-0.,0.));
#6189 = VECTOR('',#6190,1.);
#6190 = DIRECTION('',(-0.,-1.));
#6191 = ( GEOMETRIC_REPRESENTATION_CONTEXT(2) 
PARAMETRIC_REPRESENTATION_CONTEXT() REPRESENTATION_CONTEXT('2D SPACE',''
  ) );
#6192 = PCURVE('',#2406,#6193);
#6193 = DEFINITIONAL_REPRESENTATION('',(#6194),#6198);
#6194 = LINE('',#6195,#6196);
#6195 = CARTESIAN_POINT('',(-6.28318530718,0.));
#6196 = VECTOR('',#6197,1.);
#6197 = DIRECTION('',(-0.,-1.));
#6198 = ( GEOMETRIC_REPRESENTATION_CONTEXT(2) 
PARAMETRIC_REPRESENTATION_CONTEXT() REPRESENTATION_CONTEXT('2D SPACE',''
  ) );
#6199 = ORIENTED_EDGE('',*,*,#2385,.T.);
#6200 = ORIENTED_EDGE('',*,*,#6177,.F.);
#6201 = ORIENTED_EDGE('',*,*,#6202,.F.);
#6202 = EDGE_CURVE('',#6178,#6178,#6203,.T.);
#6203 = SURFACE_CURVE('',#6204,(#6209,#6216),.PCURVE_S1.);
#6204 = CIRCLE('',#6205,95.);
#6205 = AXIS2_PLACEMENT_3D('',#6206,#6207,#6208);
#6206 = CARTESIAN_POINT('',(0.,200.981,0.));
#6207 = DIRECTION('',(0.,0.,1.));
#6208 = DIRECTION('',(1.,0.,0.));
#6209 = PCURVE('',#2406,#6210);
#6210 = DEFINITIONAL_REPRESENTATION('',(#6211),#6215);
#6211 = LINE('',#6212,#6213);
#6212 = CARTESIAN_POINT('',(-0.,0.));
#6213 = VECTOR('',#6214,1.);
#6214 = DIRECTION('',(-1.,0.));
#6215 = ( GEOMETRIC_REPRESENTATION_CONTEXT(2) 
PARAMETRIC_REPRESENTATION_CONTEXT() REPRESENTATION_CONTEXT('2D SPACE',''
  ) );
#6216 = PCURVE('',#2749,#6217);
#6217 = DEFINITIONAL_REPRESENTATION('',(#6218),#6226);
#6218 = ( BOUNDED_CURVE() B_SPLINE_CURVE(2,(#6219,#6220,#6221,#6222,
#6223,#6224,#6225),.UNSPECIFIED.,.T.,.F.) B_SPLINE_CURVE_WITH_KNOTS((1,2
    ,2,2,2,1),(-2.094395102393,0.,2.094395102393,4.188790204786,
6.28318530718,8.377580409573),.UNSPECIFIED.) CURVE() 
GEOMETRIC_REPRESENTATION_ITEM() RATIONAL_B_SPLINE_CURVE((1.,0.5,1.,0.5,
1.,0.5,1.)) REPRESENTATION_ITEM('') );
#6219 = CARTESIAN_POINT('',(-94.99919301259,-30.637795862));
#6220 = CARTESIAN_POINT('',(-94.99919301259,133.90703085703));
#6221 = CARTESIAN_POINT('',(47.500806987405,51.634617497515));
#6222 = CARTESIAN_POINT('',(190.0008069874,-30.637795862));
#6223 = CARTESIAN_POINT('',(47.500806987405,-112.9102092215));
#6224 = CARTESIAN_POINT('',(-94.99919301259,-195.182622581));
#6225 = CARTESIAN_POINT('',(-94.99919301259,-30.637795862));
#6226 = ( GEOMETRIC_REPRESENTATION_CONTEXT(2) 
PARAMETRIC_REPRESENTATION_CONTEXT() REPRESENTATION_CONTEXT('2D SPACE',''
  ) );
#6227 = ADVANCED_FACE('',(#6228),#2441,.F.);
#6228 = FACE_BOUND('',#6229,.F.);
#6229 = EDGE_LOOP('',(#6230,#6231,#6254,#6281));
#6230 = ORIENTED_EDGE('',*,*,#2420,.F.);
#6231 = ORIENTED_EDGE('',*,*,#6232,.F.);
#6232 = EDGE_CURVE('',#6233,#2421,#6235,.T.);
#6233 = VERTEX_POINT('',#6234);
#6234 = CARTESIAN_POINT('',(-87.51616104642,253.356,11.5));
#6235 = SEAM_CURVE('',#6236,(#6240,#6247),.PCURVE_S1.);
#6236 = LINE('',#6237,#6238);
#6237 = CARTESIAN_POINT('',(-87.51616104642,253.356,11.5));
#6238 = VECTOR('',#6239,1.);
#6239 = DIRECTION('',(0.,0.,1.));
#6240 = PCURVE('',#2441,#6241);
#6241 = DEFINITIONAL_REPRESENTATION('',(#6242),#6246);
#6242 = LINE('',#6243,#6244);
#6243 = CARTESIAN_POINT('',(6.28318530718,-0.));
#6244 = VECTOR('',#6245,1.);
#6245 = DIRECTION('',(0.,1.));
#6246 = ( GEOMETRIC_REPRESENTATION_CONTEXT(2) 
PARAMETRIC_REPRESENTATION_CONTEXT() REPRESENTATION_CONTEXT('2D SPACE',''
  ) );
#6247 = PCURVE('',#2441,#6248);
#6248 = DEFINITIONAL_REPRESENTATION('',(#6249),#6253);
#6249 = LINE('',#6250,#6251);
#6250 = CARTESIAN_POINT('',(0.,-0.));
#6251 = VECTOR('',#6252,1.);
#6252 = DIRECTION('',(0.,1.));
#6253 = ( GEOMETRIC_REPRESENTATION_CONTEXT(2) 
PARAMETRIC_REPRESENTATION_CONTEXT() REPRESENTATION_CONTEXT('2D SPACE',''
  ) );
#6254 = ORIENTED_EDGE('',*,*,#6255,.T.);
#6255 = EDGE_CURVE('',#6233,#6233,#6256,.T.);
#6256 = SURFACE_CURVE('',#6257,(#6262,#6269),.PCURVE_S1.);
#6257 = CIRCLE('',#6258,3.2);
#6258 = AXIS2_PLACEMENT_3D('',#6259,#6260,#6261);
#6259 = CARTESIAN_POINT('',(-90.71616104642,253.356,11.5));
#6260 = DIRECTION('',(0.,0.,1.));
#6261 = DIRECTION('',(1.,0.,-0.));
#6262 = PCURVE('',#2441,#6263);
#6263 = DEFINITIONAL_REPRESENTATION('',(#6264),#6268);
#6264 = LINE('',#6265,#6266);
#6265 = CARTESIAN_POINT('',(0.,0.));
#6266 = VECTOR('',#6267,1.);
#6267 = DIRECTION('',(1.,0.));
#6268 = ( GEOMETRIC_REPRESENTATION_CONTEXT(2) 
PARAMETRIC_REPRESENTATION_CONTEXT() REPRESENTATION_CONTEXT('2D SPACE',''
  ) );
#6269 = PCURVE('',#6270,#6275);
#6270 = PLANE('',#6271);
#6271 = AXIS2_PLACEMENT_3D('',#6272,#6273,#6274);
#6272 = CARTESIAN_POINT('',(-90.71616104642,253.356,11.5));
#6273 = DIRECTION('',(0.,0.,1.));
#6274 = DIRECTION('',(1.,0.,-0.));
#6275 = DEFINITIONAL_REPRESENTATION('',(#6276),#6280);
#6276 = CIRCLE('',#6277,3.2);
#6277 = AXIS2_PLACEMENT_2D('',#6278,#6279);
#6278 = CARTESIAN_POINT('',(0.,0.));
#6279 = DIRECTION('',(1.,0.));
#6280 = ( GEOMETRIC_REPRESENTATION_CONTEXT(2) 
PARAMETRIC_REPRESENTATION_CONTEXT() REPRESENTATION_CONTEXT('2D SPACE',''
  ) );
#6281 = ORIENTED_EDGE('',*,*,#6232,.T.);
#6282 = ADVANCED_FACE('',(#6283),#2476,.F.);
#6283 = FACE_BOUND('',#6284,.F.);
#6284 = EDGE_LOOP('',(#6285,#6286,#6309,#6336));
#6285 = ORIENTED_EDGE('',*,*,#2455,.F.);
#6286 = ORIENTED_EDGE('',*,*,#6287,.F.);
#6287 = EDGE_CURVE('',#6288,#2456,#6290,.T.);
#6288 = VERTEX_POINT('',#6289);
#6289 = CARTESIAN_POINT('',(40.250152303,342.36711292556,14.3));
#6290 = SEAM_CURVE('',#6291,(#6295,#6302),.PCURVE_S1.);
#6291 = LINE('',#6292,#6293);
#6292 = CARTESIAN_POINT('',(40.250152303,342.36711292556,14.3));
#6293 = VECTOR('',#6294,1.);
#6294 = DIRECTION('',(0.,0.,1.));
#6295 = PCURVE('',#2476,#6296);
#6296 = DEFINITIONAL_REPRESENTATION('',(#6297),#6301);
#6297 = LINE('',#6298,#6299);
#6298 = CARTESIAN_POINT('',(6.28318530718,-0.));
#6299 = VECTOR('',#6300,1.);
#6300 = DIRECTION('',(0.,1.));
#6301 = ( GEOMETRIC_REPRESENTATION_CONTEXT(2) 
PARAMETRIC_REPRESENTATION_CONTEXT() REPRESENTATION_CONTEXT('2D SPACE',''
  ) );
#6302 = PCURVE('',#2476,#6303);
#6303 = DEFINITIONAL_REPRESENTATION('',(#6304),#6308);
#6304 = LINE('',#6305,#6306);
#6305 = CARTESIAN_POINT('',(0.,-0.));
#6306 = VECTOR('',#6307,1.);
#6307 = DIRECTION('',(0.,1.));
#6308 = ( GEOMETRIC_REPRESENTATION_CONTEXT(2) 
PARAMETRIC_REPRESENTATION_CONTEXT() REPRESENTATION_CONTEXT('2D SPACE',''
  ) );
#6309 = ORIENTED_EDGE('',*,*,#6310,.T.);
#6310 = EDGE_CURVE('',#6288,#6288,#6311,.T.);
#6311 = SURFACE_CURVE('',#6312,(#6317,#6324),.PCURVE_S1.);
#6312 = CIRCLE('',#6313,2.3);
#6313 = AXIS2_PLACEMENT_3D('',#6314,#6315,#6316);
#6314 = CARTESIAN_POINT('',(37.950152303,342.36711292556,14.3));
#6315 = DIRECTION('',(0.,0.,1.));
#6316 = DIRECTION('',(1.,0.,-0.));
#6317 = PCURVE('',#2476,#6318);
#6318 = DEFINITIONAL_REPRESENTATION('',(#6319),#6323);
#6319 = LINE('',#6320,#6321);
#6320 = CARTESIAN_POINT('',(0.,0.));
#6321 = VECTOR('',#6322,1.);
#6322 = DIRECTION('',(1.,0.));
#6323 = ( GEOMETRIC_REPRESENTATION_CONTEXT(2) 
PARAMETRIC_REPRESENTATION_CONTEXT() REPRESENTATION_CONTEXT('2D SPACE',''
  ) );
#6324 = PCURVE('',#6325,#6330);
#6325 = PLANE('',#6326);
#6326 = AXIS2_PLACEMENT_3D('',#6327,#6328,#6329);
#6327 = CARTESIAN_POINT('',(37.950152303,342.36711292556,14.3));
#6328 = DIRECTION('',(0.,0.,1.));
#6329 = DIRECTION('',(1.,0.,-0.));
#6330 = DEFINITIONAL_REPRESENTATION('',(#6331),#6335);
#6331 = CIRCLE('',#6332,2.3);
#6332 = AXIS2_PLACEMENT_2D('',#6333,#6334);
#6333 = CARTESIAN_POINT('',(0.,0.));
#6334 = DIRECTION('',(1.,0.));
#6335 = ( GEOMETRIC_REPRESENTATION_CONTEXT(2) 
PARAMETRIC_REPRESENTATION_CONTEXT() REPRESENTATION_CONTEXT('2D SPACE',''
  ) );
#6336 = ORIENTED_EDGE('',*,*,#6287,.T.);
#6337 = ADVANCED_FACE('',(#6338),#2511,.F.);
#6338 = FACE_BOUND('',#6339,.T.);
#6339 = EDGE_LOOP('',(#6340,#6719,#6740,#6741,#6742));
#6340 = ORIENTED_EDGE('',*,*,#6341,.F.);
#6341 = EDGE_CURVE('',#6342,#6344,#6346,.T.);
#6342 = VERTEX_POINT('',#6343);
#6343 = CARTESIAN_POINT('',(34.76,436.383,14.348560028828));
#6344 = VERTEX_POINT('',#6345);
#6345 = CARTESIAN_POINT('',(33.767935070038,434.54427955725,
    14.269824477928));
#6346 = SURFACE_CURVE('',#6347,(#6469,#6594),.PCURVE_S1.);
#6347 = B_SPLINE_CURVE_WITH_KNOTS('',8,(#6348,#6349,#6350,#6351,#6352,
    #6353,#6354,#6355,#6356,#6357,#6358,#6359,#6360,#6361,#6362,#6363,
    #6364,#6365,#6366,#6367,#6368,#6369,#6370,#6371,#6372,#6373,#6374,
    #6375,#6376,#6377,#6378,#6379,#6380,#6381,#6382,#6383,#6384,#6385,
    #6386,#6387,#6388,#6389,#6390,#6391,#6392,#6393,#6394,#6395,#6396,
    #6397,#6398,#6399,#6400,#6401,#6402,#6403,#6404,#6405,#6406,#6407,
    #6408,#6409,#6410,#6411,#6412,#6413,#6414,#6415,#6416,#6417,#6418,
    #6419,#6420,#6421,#6422,#6423,#6424,#6425,#6426,#6427,#6428,#6429,
    #6430,#6431,#6432,#6433,#6434,#6435,#6436,#6437,#6438,#6439,#6440,
    #6441,#6442,#6443,#6444,#6445,#6446,#6447,#6448,#6449,#6450,#6451,
    #6452,#6453,#6454,#6455,#6456,#6457,#6458,#6459,#6460,#6461,#6462,
    #6463,#6464,#6465,#6466,#6467,#6468),.UNSPECIFIED.,.F.,.F.,(9,7,7,7,
    7,7,7,7,7,7,7,7,7,7,7,7,7,9),(0.,9.047823355398E-02,0.166244995164,
    0.214927585113,0.239113838818,0.305880143698,0.349140879336,
    0.390405684864,0.453012161818,0.552507388432,0.60304976418,
    0.668330091631,0.730929772516,0.794003505829,0.816867629618,
    0.867312075349,0.922823176901,1.),.UNSPECIFIED.);
#6348 = CARTESIAN_POINT('',(34.76,436.383,14.348560028828));
#6349 = CARTESIAN_POINT('',(34.76,436.5146732159,14.354616830612));
#6350 = CARTESIAN_POINT('',(34.750993322404,436.64634167036,
    14.360668701316));
#6351 = CARTESIAN_POINT('',(34.732981176751,436.7772818701,
    14.366609293264));
#6352 = CARTESIAN_POINT('',(34.706035125216,436.90678305126,
    14.372331202068));
#6353 = CARTESIAN_POINT('',(34.670290485524,437.03414683787,
    14.377729215951));
#6354 = CARTESIAN_POINT('',(34.625944481477,437.15868816689,
    14.382703736893));
#6355 = CARTESIAN_POINT('',(34.5732591411,437.27973747982,14.38716437363
    ));
#6356 = CARTESIAN_POINT('',(34.461746776267,437.49454222531,
    14.394273898155));
#6357 = CARTESIAN_POINT('',(34.405306373839,437.58954471618,
    14.397099754774));
#6358 = CARTESIAN_POINT('',(34.343442429782,437.68126851077,
    14.399465691947));
#6359 = CARTESIAN_POINT('',(34.276379479918,437.76935143538,
    14.401332871132));
#6360 = CARTESIAN_POINT('',(34.204369689299,437.85345131889,
    14.402670431997));
#6361 = CARTESIAN_POINT('',(34.127692061336,437.93324622847,
    14.403456601386));
#6362 = CARTESIAN_POINT('',(34.046653068001,438.00843590703,
    14.40367967892));
#6363 = CARTESIAN_POINT('',(33.906932099607,438.12391989692,
    14.403119937214));
#6364 = CARTESIAN_POINT('',(33.850611643187,438.16708180947,
    14.402668184645));
#6365 = CARTESIAN_POINT('',(33.792715441613,438.208157503,
    14.401983385615));
#6366 = CARTESIAN_POINT('',(33.733334826368,438.24707947827,
    14.401067145545));
#6367 = CARTESIAN_POINT('',(33.672564258267,438.28378538789,
    14.399922927109));
#6368 = CARTESIAN_POINT('',(33.61050123511,438.31821804026,
    14.39855604621));
#6369 = CARTESIAN_POINT('',(33.54724619933,438.35032540343,
    14.396973667944));
#6370 = CARTESIAN_POINT('',(33.450935486763,438.39483351288,
    14.394296066951));
#6371 = CARTESIAN_POINT('',(33.418699660373,438.40902097898,
    14.393356356857));
#6372 = CARTESIAN_POINT('',(33.386207567593,438.42261729969,
    14.392366777359));
#6373 = CARTESIAN_POINT('',(33.353471917333,438.43561710534,
    14.391328536398));
#6374 = CARTESIAN_POINT('',(33.320505526293,438.44801536409,
    14.390242944783));
#6375 = CARTESIAN_POINT('',(33.287321318963,438.45980738199,
    14.389111416192));
#6376 = CARTESIAN_POINT('',(33.253932327626,438.47098880292,
    14.387935467173));
#6377 = CARTESIAN_POINT('',(33.127652138295,438.51072534189,
    14.383352350042));
#6378 = CARTESIAN_POINT('',(33.033490505573,438.53521179108,
    14.379661784052));
#6379 = CARTESIAN_POINT('',(32.938145081567,438.55493002971,
    14.375678871965));
#6380 = CARTESIAN_POINT('',(32.841896461796,438.56981533995,
    14.37144322922));
#6381 = CARTESIAN_POINT('',(32.745027205629,438.5798229013,
    14.366999274569));
#6382 = CARTESIAN_POINT('',(32.647821492002,438.58492747923,
    14.362395270745));
#6383 = CARTESIAN_POINT('',(32.550564775127,438.58512311391,
    14.357682365137));
#6384 = CARTESIAN_POINT('',(32.390679180629,438.5773772808,
    14.349823763925));
#6385 = CARTESIAN_POINT('',(32.327912820897,438.57227630779,
    14.346710395407));
#6386 = CARTESIAN_POINT('',(32.265321845194,438.56512349402,
    14.343587893283));
#6387 = CARTESIAN_POINT('',(32.202983346355,438.55592577686,
    14.340470901984));
#6388 = CARTESIAN_POINT('',(32.140974000725,438.54469344437,
    14.337374184313));
#6389 = CARTESIAN_POINT('',(32.079370043014,438.53144015286,
    14.334312463781));
#6390 = CARTESIAN_POINT('',(32.018247241154,438.51618294445,
    14.331300266941));
#6391 = CARTESIAN_POINT('',(31.899908865142,438.48249702175,
    14.325539300145));
#6392 = CARTESIAN_POINT('',(31.842642796696,438.4642470243,
    14.32278355083));
#6393 = CARTESIAN_POINT('',(31.785947882966,438.44421001211,
    14.320103680944));
#6394 = CARTESIAN_POINT('',(31.729888822798,438.42240640479,
    14.317503467727));
#6395 = CARTESIAN_POINT('',(31.674531613828,438.39886054542,
    14.314969042863));
#6396 = CARTESIAN_POINT('',(31.619937896235,438.37359822225,
    14.312515377904));
#6397 = CARTESIAN_POINT('',(31.566171258338,438.34664933943,
    14.310129336308));
#6398 = CARTESIAN_POINT('',(31.433065698458,438.27464972545,
    14.304289953894));
#6399 = CARTESIAN_POINT('',(31.354880928907,438.22744416107,
    14.300921452758));
#6400 = CARTESIAN_POINT('',(31.27895382699,438.17654342126,
    14.297687814879));
#6401 = CARTESIAN_POINT('',(31.205490669652,438.12207522518,
    14.294563362003));
#6402 = CARTESIAN_POINT('',(31.134688070633,438.06418081426,
    14.291515563508));
#6403 = CARTESIAN_POINT('',(31.066732585442,438.00301472046,
    14.288507647913));
#6404 = CARTESIAN_POINT('',(31.001800316333,437.93874453471,
    14.285501214392));
#6405 = CARTESIAN_POINT('',(30.841932272362,437.76476510611,
    14.277623860447));
#6406 = CARTESIAN_POINT('',(30.751841792811,437.65057512377,
    14.272697212207));
#6407 = CARTESIAN_POINT('',(30.6704670726,437.52971680595,
    14.267531468498));
#6408 = CARTESIAN_POINT('',(30.598383573529,437.40298582223,
    14.261983820863));
#6409 = CARTESIAN_POINT('',(30.536071581261,437.27122503976,
    14.255952613467));
#6410 = CARTESIAN_POINT('',(30.48392050889,437.1353171187,14.24939958608
    ));
#6411 = CARTESIAN_POINT('',(30.442226148043,436.9961820971,
    14.242357830031));
#6412 = CARTESIAN_POINT('',(30.395410239265,436.78294938731,
    14.231149901295));
#6413 = CARTESIAN_POINT('',(30.382386512293,436.71052858234,
    14.227273284406));
#6414 = CARTESIAN_POINT('',(30.372134771651,436.63764021992,
    14.223308067362));
#6415 = CARTESIAN_POINT('',(30.364673492145,436.56440702976,
    14.219271061073));
#6416 = CARTESIAN_POINT('',(30.360014684113,436.49095176816,
    14.215182799484));
#6417 = CARTESIAN_POINT('',(30.35816403919,436.41739718408,
    14.211066912603));
#6418 = CARTESIAN_POINT('',(30.359121076071,436.34386598532,
    14.206949499524));
#6419 = CARTESIAN_POINT('',(30.367733375338,436.17569680282,
    14.197574584929));
#6420 = CARTESIAN_POINT('',(30.377260645399,436.08115455344,
    14.192334544031));
#6421 = CARTESIAN_POINT('',(30.391446585948,435.98711859455,
    14.187198409409));
#6422 = CARTESIAN_POINT('',(30.410260314283,435.89385114497,
    14.182230623993));
#6423 = CARTESIAN_POINT('',(30.433654134998,435.80161194286,
    14.177496943217));
#6424 = CARTESIAN_POINT('',(30.461563099458,435.71065808447,
    14.173061335242));
#6425 = CARTESIAN_POINT('',(30.493904565277,435.62124386276,
    14.168982881182));
#6426 = CARTESIAN_POINT('',(30.565745012354,435.44959547761,
    14.161793181419));
#6427 = CARTESIAN_POINT('',(30.604896746505,435.36721396888,
    14.15864911877));
#6428 = CARTESIAN_POINT('',(30.647943208196,435.28669998335,
    14.155925128152));
#6429 = CARTESIAN_POINT('',(30.694779793328,435.20826997986,
    14.153661139845));
#6430 = CARTESIAN_POINT('',(30.745287453283,435.13213325309,
    14.15188781245));
#6431 = CARTESIAN_POINT('',(30.799332636113,435.05849172552,
    14.150624383626));
#6432 = CARTESIAN_POINT('',(30.856766759391,434.98753925091,
    14.149878932778));
#6433 = CARTESIAN_POINT('',(30.978543022033,434.8508660632,
    14.149421452897));
#6434 = CARTESIAN_POINT('',(31.042937410744,434.78518541442,
    14.149717216603));
#6435 = CARTESIAN_POINT('',(31.110440666509,434.72260778151,
    14.150537001929));
#6436 = CARTESIAN_POINT('',(31.18087363134,434.66330729241,
    14.151869831208));
#6437 = CARTESIAN_POINT('',(31.254046957552,434.60744377516,
    14.153694640453));
#6438 = CARTESIAN_POINT('',(31.329761849777,434.55516317482,
    14.155980793832));
#6439 = CARTESIAN_POINT('',(31.407810295064,434.50659751681,
    14.158689566109));
#6440 = CARTESIAN_POINT('',(31.517034274338,434.44564874187,
    14.16289563523));
#6441 = CARTESIAN_POINT('',(31.546372150137,434.42993650821,
    14.164064437389));
#6442 = CARTESIAN_POINT('',(31.57597819643,434.41473325017,
    14.165280901143));
#6443 = CARTESIAN_POINT('',(31.605842107928,434.40004424239,
    14.166542865045));
#6444 = CARTESIAN_POINT('',(31.635953486056,434.38587449958,
    14.167848104608));
#6445 = CARTESIAN_POINT('',(31.666301838952,434.37222877652,
    14.169194332308));
#6446 = CARTESIAN_POINT('',(31.696876581467,434.35911156803,
    14.170579197579));
#6447 = CARTESIAN_POINT('',(31.795599110112,434.31876238621,
    14.175135594324));
#6448 = CARTESIAN_POINT('',(31.864581493555,434.29359082158,
    14.178447317855));
#6449 = CARTESIAN_POINT('',(31.934499285071,434.27105797891,
    14.181909767003));
#6450 = CARTESIAN_POINT('',(32.00523613653,434.25120325303,
    14.185496477605));
#6451 = CARTESIAN_POINT('',(32.076674294043,434.23405991895,
    14.189180836497));
#6452 = CARTESIAN_POINT('',(32.148694639917,434.21965518107,
    14.192936706274));
#6453 = CARTESIAN_POINT('',(32.221176734594,434.20801022234,
    14.196739050053));
#6454 = CARTESIAN_POINT('',(32.37413525941,434.18937938203,
    14.204774297429));
#6455 = CARTESIAN_POINT('',(32.454684498334,434.18297882064,
    14.209012174521));
#6456 = CARTESIAN_POINT('',(32.535484007035,434.17995870414,
    14.213246875184));
#6457 = CARTESIAN_POINT('',(32.616370646272,434.18033020185,
    14.217449824167));
#6458 = CARTESIAN_POINT('',(32.697180803293,434.18409533514,
    14.221595683739));
#6459 = CARTESIAN_POINT('',(32.777750489222,434.19124679498,
    14.225662854134));
#6460 = CARTESIAN_POINT('',(32.857915436447,434.20176775953,14.229633974
    ));
#6461 = CARTESIAN_POINT('',(33.048172805728,434.23490669924,
    14.23886636251));
#6462 = CARTESIAN_POINT('',(33.157740459116,434.26064438439,
    14.244026455337));
#6463 = CARTESIAN_POINT('',(33.265767565426,434.29277343442,
    14.24894202199));
#6464 = CARTESIAN_POINT('',(33.371818331251,434.3311855032,
    14.253595647462));
#6465 = CARTESIAN_POINT('',(33.475467606954,434.37573749835,
    14.257987564771));
#6466 = CARTESIAN_POINT('',(33.576301577441,434.42625209919,
    14.262134478511));
#6467 = CARTESIAN_POINT('',(33.673919297261,434.4825165255,
    14.266066826272));
#6468 = CARTESIAN_POINT('',(33.767935070038,434.54427955725,
    14.269824477928));
#6469 = PCURVE('',#2511,#6470);
#6470 = DEFINITIONAL_REPRESENTATION('',(#6471),#6593);
#6471 = B_SPLINE_CURVE_WITH_KNOTS('',8,(#6472,#6473,#6474,#6475,#6476,
    #6477,#6478,#6479,#6480,#6481,#6482,#6483,#6484,#6485,#6486,#6487,
    #6488,#6489,#6490,#6491,#6492,#6493,#6494,#6495,#6496,#6497,#6498,
    #6499,#6500,#6501,#6502,#6503,#6504,#6505,#6506,#6507,#6508,#6509,
    #6510,#6511,#6512,#6513,#6514,#6515,#6516,#6517,#6518,#6519,#6520,
    #6521,#6522,#6523,#6524,#6525,#6526,#6527,#6528,#6529,#6530,#6531,
    #6532,#6533,#6534,#6535,#6536,#6537,#6538,#6539,#6540,#6541,#6542,
    #6543,#6544,#6545,#6546,#6547,#6548,#6549,#6550,#6551,#6552,#6553,
    #6554,#6555,#6556,#6557,#6558,#6559,#6560,#6561,#6562,#6563,#6564,
    #6565,#6566,#6567,#6568,#6569,#6570,#6571,#6572,#6573,#6574,#6575,
    #6576,#6577,#6578,#6579,#6580,#6581,#6582,#6583,#6584,#6585,#6586,
    #6587,#6588,#6589,#6590,#6591,#6592),.UNSPECIFIED.,.F.,.F.,(9,7,7,7,
    7,7,7,7,7,7,7,7,7,7,7,7,7,9),(0.,9.047823355398E-02,0.166244995164,
    0.214927585113,0.239113838818,0.305880143698,0.349140879336,
    0.390405684864,0.453012161818,0.552507388432,0.60304976418,
    0.668330091631,0.730929772516,0.794003505829,0.816867629618,
    0.867312075349,0.922823176901,1.),.UNSPECIFIED.);
#6472 = CARTESIAN_POINT('',(0.,-14.34856002882));
#6473 = CARTESIAN_POINT('',(-5.985146177521E-02,-14.35461683061));
#6474 = CARTESIAN_POINT('',(-0.119700697151,-14.36066870131));
#6475 = CARTESIAN_POINT('',(-0.179545832055,-14.36660929326));
#6476 = CARTESIAN_POINT('',(-0.239389923904,-14.37233120206));
#6477 = CARTESIAN_POINT('',(-0.299238310817,-14.37772921595));
#6478 = CARTESIAN_POINT('',(-0.359095814676,-14.38270373689));
#6479 = CARTESIAN_POINT('',(-0.418963798043,-14.38716437363));
#6480 = CARTESIAN_POINT('',(-0.52897514813,-14.39427389815));
#6481 = CARTESIAN_POINT('',(-0.579121698476,-14.39709975477));
#6482 = CARTESIAN_POINT('',(-0.629273530608,-14.39946569194));
#6483 = CARTESIAN_POINT('',(-0.679429690739,-14.40133287113));
#6484 = CARTESIAN_POINT('',(-0.729590208966,-14.40267043199));
#6485 = CARTESIAN_POINT('',(-0.779754779197,-14.40345660138));
#6486 = CARTESIAN_POINT('',(-0.829921376659,-14.40367967892));
#6487 = CARTESIAN_POINT('',(-0.912316440062,-14.40311993721));
#6488 = CARTESIAN_POINT('',(-0.944547916676,-14.40266818464));
#6489 = CARTESIAN_POINT('',(-0.976778361656,-14.40198338561));
#6490 = CARTESIAN_POINT('',(-1.009007246274,-14.40106714554));
#6491 = CARTESIAN_POINT('',(-1.041234246392,-14.3999229271));
#6492 = CARTESIAN_POINT('',(-1.073459094566,-14.39855604621));
#6493 = CARTESIAN_POINT('',(-1.105681432162,-14.39697366794));
#6494 = CARTESIAN_POINT('',(-1.153907666327,-14.39429606695));
#6495 = CARTESIAN_POINT('',(-1.169913972399,-14.39335635685));
#6496 = CARTESIAN_POINT('',(-1.185919551979,-14.39236677735));
#6497 = CARTESIAN_POINT('',(-1.2019243846,-14.39132853639));
#6498 = CARTESIAN_POINT('',(-1.21792845703,-14.39024294478));
#6499 = CARTESIAN_POINT('',(-1.233931763272,-14.38911141619));
#6500 = CARTESIAN_POINT('',(-1.249934304565,-14.38793546717));
#6501 = CARTESIAN_POINT('',(-1.310109116618,-14.38335235004));
#6502 = CARTESIAN_POINT('',(-1.354277105357,-14.37966178405));
#6503 = CARTESIAN_POINT('',(-1.398439174971,-14.37567887196));
#6504 = CARTESIAN_POINT('',(-1.442595999041,-14.37144322922));
#6505 = CARTESIAN_POINT('',(-1.486749195842,-14.36699927456));
#6506 = CARTESIAN_POINT('',(-1.530900718845,-14.36239527074));
#6507 = CARTESIAN_POINT('',(-1.575052247204,-14.35768236513));
#6508 = CARTESIAN_POINT('',(-1.647812752763,-14.34982376392));
#6509 = CARTESIAN_POINT('',(-1.676421692092,-14.3467103954));
#6510 = CARTESIAN_POINT('',(-1.705031812131,-14.34358789328));
#6511 = CARTESIAN_POINT('',(-1.733643645384,-14.34047090198));
#6512 = CARTESIAN_POINT('',(-1.762257768282,-14.33737418431));
#6513 = CARTESIAN_POINT('',(-1.79087473048,-14.33431246378));
#6514 = CARTESIAN_POINT('',(-1.819494984169,-14.33130026694));
#6515 = CARTESIAN_POINT('',(-1.87542201866,-14.32553930014));
#6516 = CARTESIAN_POINT('',(-1.902728633915,-14.32278355083));
#6517 = CARTESIAN_POINT('',(-1.930038953818,-14.32010368094));
#6518 = CARTESIAN_POINT('',(-1.957353203714,-14.31750346772));
#6519 = CARTESIAN_POINT('',(-1.984670508352,-14.31496904286));
#6520 = CARTESIAN_POINT('',(-2.011991609752,-14.3125153779));
#6521 = CARTESIAN_POINT('',(-2.039315684099,-14.3101293363));
#6522 = CARTESIAN_POINT('',(-2.108102446599,-14.30428995389));
#6523 = CARTESIAN_POINT('',(-2.149569715066,-14.30092145275));
#6524 = CARTESIAN_POINT('',(-2.19104207717,-14.29768781487));
#6525 = CARTESIAN_POINT('',(-2.232518190332,-14.294563362));
#6526 = CARTESIAN_POINT('',(-2.273997136839,-14.2915155635));
#6527 = CARTESIAN_POINT('',(-2.315477953791,-14.28850764791));
#6528 = CARTESIAN_POINT('',(-2.356959163047,-14.28550121439));
#6529 = CARTESIAN_POINT('',(-2.464357618892,-14.27762386044));
#6530 = CARTESIAN_POINT('',(-2.530284258428,-14.2726972122));
#6531 = CARTESIAN_POINT('',(-2.596199176764,-14.26753146849));
#6532 = CARTESIAN_POINT('',(-2.662095000904,-14.26198382086));
#6533 = CARTESIAN_POINT('',(-2.727970992716,-14.25595261346));
#6534 = CARTESIAN_POINT('',(-2.793828094187,-14.24939958608));
#6535 = CARTESIAN_POINT('',(-2.859664053063,-14.24235783003));
#6536 = CARTESIAN_POINT('',(-2.958896560151,-14.23114990129));
#6537 = CARTESIAN_POINT('',(-2.992318777377,-14.2272732844));
#6538 = CARTESIAN_POINT('',(-3.025735303414,-14.22330806736));
#6539 = CARTESIAN_POINT('',(-3.059146673909,-14.21927106107));
#6540 = CARTESIAN_POINT('',(-3.092553773111,-14.21518279948));
#6541 = CARTESIAN_POINT('',(-3.12595766968,-14.2110669126));
#6542 = CARTESIAN_POINT('',(-3.15935945249,-14.20694949952));
#6543 = CARTESIAN_POINT('',(-3.235900163905,-14.19757458492));
#6544 = CARTESIAN_POINT('',(-3.279039182017,-14.19233454403));
#6545 = CARTESIAN_POINT('',(-3.322178973102,-14.1871984094));
#6546 = CARTESIAN_POINT('',(-3.365322122474,-14.18223062399));
#6547 = CARTESIAN_POINT('',(-3.408471358686,-14.17749694321));
#6548 = CARTESIAN_POINT('',(-3.451628963786,-14.17306133524));
#6549 = CARTESIAN_POINT('',(-3.494796183559,-14.16898288118));
#6550 = CARTESIAN_POINT('',(-3.579376110498,-14.16179318141));
#6551 = CARTESIAN_POINT('',(-3.620789646789,-14.15864911877));
#6552 = CARTESIAN_POINT('',(-3.662211792261,-14.15592512815));
#6553 = CARTESIAN_POINT('',(-3.70364175908,-14.15366113984));
#6554 = CARTESIAN_POINT('',(-3.74507884385,-14.15188781245));
#6555 = CARTESIAN_POINT('',(-3.786521849082,-14.15062438362));
#6556 = CARTESIAN_POINT('',(-3.827968508225,-14.14987893277));
#6557 = CARTESIAN_POINT('',(-3.911175184072,-14.14942145289));
#6558 = CARTESIAN_POINT('',(-3.952937391775,-14.1497172166));
#6559 = CARTESIAN_POINT('',(-3.994697580865,-14.15053700192));
#6560 = CARTESIAN_POINT('',(-4.036453453253,-14.1518698312));
#6561 = CARTESIAN_POINT('',(-4.078203756925,-14.15369464045));
#6562 = CARTESIAN_POINT('',(-4.119947687666,-14.15598079383));
#6563 = CARTESIAN_POINT('',(-4.161684304883,-14.1586895661));
#6564 = CARTESIAN_POINT('',(-4.218538167888,-14.16289563523));
#6565 = CARTESIAN_POINT('',(-4.233663360142,-14.16406443738));
#6566 = CARTESIAN_POINT('',(-4.24878753997,-14.16528090114));
#6567 = CARTESIAN_POINT('',(-4.263910719288,-14.16654286504));
#6568 = CARTESIAN_POINT('',(-4.279032920234,-14.1678481046));
#6569 = CARTESIAN_POINT('',(-4.294154175169,-14.1691943323));
#6570 = CARTESIAN_POINT('',(-4.309274526681,-14.17057919757));
#6571 = CARTESIAN_POINT('',(-4.357751738964,-14.17513559432));
#6572 = CARTESIAN_POINT('',(-4.391105432141,-14.17844731785));
#6573 = CARTESIAN_POINT('',(-4.424455490147,-14.181909767));
#6574 = CARTESIAN_POINT('',(-4.457802681334,-14.1854964776));
#6575 = CARTESIAN_POINT('',(-4.491148001967,-14.18918083649));
#6576 = CARTESIAN_POINT('',(-4.524492518829,-14.19293670627));
#6577 = CARTESIAN_POINT('',(-4.557837211832,-14.19673905005));
#6578 = CARTESIAN_POINT('',(-4.627877664317,-14.20477429742));
#6579 = CARTESIAN_POINT('',(-4.664574117154,-14.20901217452));
#6580 = CARTESIAN_POINT('',(-4.701272987078,-14.21324687518));
#6581 = CARTESIAN_POINT('',(-4.737975377037,-14.21744982416));
#6582 = CARTESIAN_POINT('',(-4.774682432189,-14.22159568373));
#6583 = CARTESIAN_POINT('',(-4.811395091121,-14.22566285413));
#6584 = CARTESIAN_POINT('',(-4.848113837066,-14.229633974));
#6585 = CARTESIAN_POINT('',(-4.935896504327,-14.23886636251));
#6586 = CARTESIAN_POINT('',(-4.986968741965,-14.24402645533));
#6587 = CARTESIAN_POINT('',(-5.038052528473,-14.24894202199));
#6588 = CARTESIAN_POINT('',(-5.089147406538,-14.25359564746));
#6589 = CARTESIAN_POINT('',(-5.140253780975,-14.25798756477));
#6590 = CARTESIAN_POINT('',(-5.191371551457,-14.26213447851));
#6591 = CARTESIAN_POINT('',(-5.242498692107,-14.26606682627));
#6592 = CARTESIAN_POINT('',(-5.293629777938,-14.26982447792));
#6593 = ( GEOMETRIC_REPRESENTATION_CONTEXT(2) 
PARAMETRIC_REPRESENTATION_CONTEXT() REPRESENTATION_CONTEXT('2D SPACE',''
  ) );
#6594 = PCURVE('',#4341,#6595);
#6595 = DEFINITIONAL_REPRESENTATION('',(#6596),#6718);
#6596 = B_SPLINE_CURVE_WITH_KNOTS('',8,(#6597,#6598,#6599,#6600,#6601,
    #6602,#6603,#6604,#6605,#6606,#6607,#6608,#6609,#6610,#6611,#6612,
    #6613,#6614,#6615,#6616,#6617,#6618,#6619,#6620,#6621,#6622,#6623,
    #6624,#6625,#6626,#6627,#6628,#6629,#6630,#6631,#6632,#6633,#6634,
    #6635,#6636,#6637,#6638,#6639,#6640,#6641,#6642,#6643,#6644,#6645,
    #6646,#6647,#6648,#6649,#6650,#6651,#6652,#6653,#6654,#6655,#6656,
    #6657,#6658,#6659,#6660,#6661,#6662,#6663,#6664,#6665,#6666,#6667,
    #6668,#6669,#6670,#6671,#6672,#6673,#6674,#6675,#6676,#6677,#6678,
    #6679,#6680,#6681,#6682,#6683,#6684,#6685,#6686,#6687,#6688,#6689,
    #6690,#6691,#6692,#6693,#6694,#6695,#6696,#6697,#6698,#6699,#6700,
    #6701,#6702,#6703,#6704,#6705,#6706,#6707,#6708,#6709,#6710,#6711,
    #6712,#6713,#6714,#6715,#6716,#6717),.UNSPECIFIED.,.F.,.F.,(9,7,7,7,
    7,7,7,7,7,7,7,7,7,7,7,7,7,9),(0.,9.047823355398E-02,0.166244995164,
    0.214927585113,0.239113838818,0.305880143698,0.349140879336,
    0.390405684864,0.453012161818,0.552507388432,0.60304976418,
    0.668330091631,0.730929772516,0.794003505829,0.816867629618,
    0.867312075349,0.922823176901,1.),.UNSPECIFIED.);
#6597 = CARTESIAN_POINT('',(10.282691015349,0.59079711856));
#6598 = CARTESIAN_POINT('',(10.288426132037,0.592328523394));
#6599 = CARTESIAN_POINT('',(10.294574925284,0.593770732227));
#6600 = CARTESIAN_POINT('',(10.301108957943,0.595115491834));
#6601 = CARTESIAN_POINT('',(10.307997181736,0.596355111925));
#6602 = CARTESIAN_POINT('',(10.31520605713,0.597482379572));
#6603 = CARTESIAN_POINT('',(10.322699514214,0.598490560495));
#6604 = CARTESIAN_POINT('',(10.330438754554,0.599373487225));
#6605 = CARTESIAN_POINT('',(10.345033504402,0.600755668106));
#6606 = CARTESIAN_POINT('',(10.351828737757,0.601294024596));
#6607 = CARTESIAN_POINT('',(10.358743033571,0.601737587435));
#6608 = CARTESIAN_POINT('',(10.365751095591,0.602083583455));
#6609 = CARTESIAN_POINT('',(10.372826897905,0.602329673148));
#6610 = CARTESIAN_POINT('',(10.379943691974,0.602473977006));
#6611 = CARTESIAN_POINT('',(10.387074014641,0.602515137534));
#6612 = CARTESIAN_POINT('',(10.398761752771,0.602412116936));
#6613 = CARTESIAN_POINT('',(10.40332792883,0.602328927975));
#6614 = CARTESIAN_POINT('',(10.407880827047,0.602202650003));
#6615 = CARTESIAN_POINT('',(10.412413057436,0.602033181198));
#6616 = CARTESIAN_POINT('',(10.41691724505,0.601820521586));
#6617 = CARTESIAN_POINT('',(10.421386036774,0.601564776664));
#6618 = CARTESIAN_POINT('',(10.425812108116,0.601266161011));
#6619 = CARTESIAN_POINT('',(10.432362264325,0.600755508865));
#6620 = CARTESIAN_POINT('',(10.434524025296,0.600575514418));
#6621 = CARTESIAN_POINT('',(10.43667256376,0.60038505822));
#6622 = CARTESIAN_POINT('',(10.438806997334,0.60018418658));
#6623 = CARTESIAN_POINT('',(10.440926450403,0.599972952466));
#6624 = CARTESIAN_POINT('',(10.443030054112,0.59975141551));
#6625 = CARTESIAN_POINT('',(10.445116946377,0.599519642001));
#6626 = CARTESIAN_POINT('',(10.452898657872,0.598609835982));
#6627 = CARTESIAN_POINT('',(10.458477272768,0.597864503744));
#6628 = CARTESIAN_POINT('',(10.463904028473,0.597043260216));
#6629 = CARTESIAN_POINT('',(10.469161458182,0.596148026944));
#6630 = CARTESIAN_POINT('',(10.474232760695,0.595181097817));
#6631 = CARTESIAN_POINT('',(10.479101844739,0.594145141896));
#6632 = CARTESIAN_POINT('',(10.483753373284,0.593043206246));
#6633 = CARTESIAN_POINT('',(10.491036347959,0.59112419769));
#6634 = CARTESIAN_POINT('',(10.493802493191,0.590343404835));
#6635 = CARTESIAN_POINT('',(10.496467312612,0.589537267381));
#6636 = CARTESIAN_POINT('',(10.499027043022,0.588706772539));
#6637 = CARTESIAN_POINT('',(10.501478096357,0.587852967072));
#6638 = CARTESIAN_POINT('',(10.503817067081,0.586976956811));
#6639 = CARTESIAN_POINT('',(10.506040739579,0.586079906165));
#6640 = CARTESIAN_POINT('',(10.51015431624,0.584288470884));
#6641 = CARTESIAN_POINT('',(10.512054898567,0.583395867381));
#6642 = CARTESIAN_POINT('',(10.513845226185,0.582486288382));
#6643 = CARTESIAN_POINT('',(10.515522849302,0.581560835445));
#6644 = CARTESIAN_POINT('',(10.517085459499,0.580620685924));
#6645 = CARTESIAN_POINT('',(10.518531036956,0.579667007745));
#6646 = CARTESIAN_POINT('',(10.519857691473,0.578701048739));
#6647 = CARTESIAN_POINT('',(10.522893681026,0.576241808596));
#6648 = CARTESIAN_POINT('',(10.524446113204,0.574734144709));
#6649 = CARTESIAN_POINT('',(10.525715325822,0.573205526841));
#6650 = CARTESIAN_POINT('',(10.526696792557,0.571660529986));
#6651 = CARTESIAN_POINT('',(10.527387245579,0.570103829259));
#6652 = CARTESIAN_POINT('',(10.527784694671,0.568540173825));
#6653 = CARTESIAN_POINT('',(10.527888446345,0.566974360836));
#6654 = CARTESIAN_POINT('',(10.527398247179,0.562927023723));
#6655 = CARTESIAN_POINT('',(10.526357134435,0.560449081806));
#6656 = CARTESIAN_POINT('',(10.524577908919,0.5579970915));
#6657 = CARTESIAN_POINT('',(10.522071786167,0.555590179382));
#6658 = CARTESIAN_POINT('',(10.518857877671,0.553246656677));
#6659 = CARTESIAN_POINT('',(10.514962461695,0.550983807231));
#6660 = CARTESIAN_POINT('',(10.510418720304,0.548817697484));
#6661 = CARTESIAN_POINT('',(10.502649901625,0.545719251175));
#6662 = CARTESIAN_POINT('',(10.499875765437,0.544704170904));
#6663 = CARTESIAN_POINT('',(10.496949673782,0.543719654365));
#6664 = CARTESIAN_POINT('',(10.493877106035,0.54276746806));
#6665 = CARTESIAN_POINT('',(10.490663861153,0.541849259492));
#6666 = CARTESIAN_POINT('',(10.487316037632,0.54096655839));
#6667 = CARTESIAN_POINT('',(10.483840013466,0.540120777941));
#6668 = CARTESIAN_POINT('',(10.475595796867,0.538270172329));
#6669 = CARTESIAN_POINT('',(10.47074627729,0.537290866268));
#6670 = CARTESIAN_POINT('',(10.465708209185,0.53637809635));
#6671 = CARTESIAN_POINT('',(10.460496535431,0.535534319241));
#6672 = CARTESIAN_POINT('',(10.45512677864,0.534761653519));
#6673 = CARTESIAN_POINT('',(10.449615019828,0.534061883425));
#6674 = CARTESIAN_POINT('',(10.443977877076,0.533436462626));
#6675 = CARTESIAN_POINT('',(10.432723017964,0.532359156014));
#6676 = CARTESIAN_POINT('',(10.427113803184,0.531901176862));
#6677 = CARTESIAN_POINT('',(10.421420098379,0.5315135917));
#6678 = CARTESIAN_POINT('',(10.415657351935,0.53119708829));
#6679 = CARTESIAN_POINT('',(10.409841176053,0.530952053135));
#6680 = CARTESIAN_POINT('',(10.403987326021,0.530778583604));
#6681 = CARTESIAN_POINT('',(10.398111684833,0.530676490013));
#6682 = CARTESIAN_POINT('',(10.386304282744,0.530613849022));
#6683 = CARTESIAN_POINT('',(10.380372120644,0.530654377723));
#6684 = CARTESIAN_POINT('',(10.374450126871,0.530766391061));
#6685 = CARTESIAN_POINT('',(10.368554292973,0.530949099945));
#6686 = CARTESIAN_POINT('',(10.362700230421,0.531201451015));
#6687 = CARTESIAN_POINT('',(10.356903166569,0.531522155761));
#6688 = CARTESIAN_POINT('',(10.351177948163,0.531909706635));
#6689 = CARTESIAN_POINT('',(10.343494962028,0.532526473568));
#6690 = CARTESIAN_POINT('',(10.341462192443,0.53269912636));
#6691 = CARTESIAN_POINT('',(10.339441423218,0.532880257326));
#6692 = CARTESIAN_POINT('',(10.33743332416,0.533069782351));
#6693 = CARTESIAN_POINT('',(10.335438555307,0.533267614424));
#6694 = CARTESIAN_POINT('',(10.333457766932,0.53347366363));
#6695 = CARTESIAN_POINT('',(10.331491599539,0.53368783716));
#6696 = CARTESIAN_POINT('',(10.325236435826,0.534400277375));
#6697 = CARTESIAN_POINT('',(10.321006411312,0.534929599013));
#6698 = CARTESIAN_POINT('',(10.316857401057,0.535496975429));
#6699 = CARTESIAN_POINT('',(10.312795936372,0.536101321438));
#6700 = CARTESIAN_POINT('',(10.30882829803,0.536741498023));
#6701 = CARTESIAN_POINT('',(10.304960525169,0.537416314892));
#6702 = CARTESIAN_POINT('',(10.301198424179,0.538124533047));
#6703 = CARTESIAN_POINT('',(10.293530038858,0.53967956104));
#6704 = CARTESIAN_POINT('',(10.289647172704,0.540533157508));
#6705 = CARTESIAN_POINT('',(10.285906428647,0.541423937007));
#6706 = CARTESIAN_POINT('',(10.282314860836,0.542350125105));
#6707 = CARTESIAN_POINT('',(10.278879129472,0.543309890849));
#6708 = CARTESIAN_POINT('',(10.2756055022,0.544301344933));
#6709 = CARTESIAN_POINT('',(10.272499855518,0.545322537872));
#6710 = CARTESIAN_POINT('',(10.265491081048,0.547829767121));
#6711 = CARTESIAN_POINT('',(10.261749549241,0.549341751298));
#6712 = CARTESIAN_POINT('',(10.258358028885,0.550901948831));
#6713 = CARTESIAN_POINT('',(10.255329462685,0.552504783085));
#6714 = CARTESIAN_POINT('',(10.25267496406,0.554144568352));
#6715 = CARTESIAN_POINT('',(10.2504038668,0.555815500097));
#6716 = CARTESIAN_POINT('',(10.248523648228,0.557511629745));
#6717 = CARTESIAN_POINT('',(10.247039725879,0.559226824013));
#6718 = ( GEOMETRIC_REPRESENTATION_CONTEXT(2) 
PARAMETRIC_REPRESENTATION_CONTEXT() REPRESENTATION_CONTEXT('2D SPACE',''
  ) );
#6719 = ORIENTED_EDGE('',*,*,#6720,.T.);
#6720 = EDGE_CURVE('',#6342,#2491,#6721,.T.);
#6721 = SEAM_CURVE('',#6722,(#6726,#6733),.PCURVE_S1.);
#6722 = LINE('',#6723,#6724);
#6723 = CARTESIAN_POINT('',(34.76,436.383,0.));
#6724 = VECTOR('',#6725,1.);
#6725 = DIRECTION('',(-0.,-0.,1.));
#6726 = PCURVE('',#2511,#6727);
#6727 = DEFINITIONAL_REPRESENTATION('',(#6728),#6732);
#6728 = LINE('',#6729,#6730);
#6729 = CARTESIAN_POINT('',(-6.28318530718,0.));
#6730 = VECTOR('',#6731,1.);
#6731 = DIRECTION('',(-0.,-1.));
#6732 = ( GEOMETRIC_REPRESENTATION_CONTEXT(2) 
PARAMETRIC_REPRESENTATION_CONTEXT() REPRESENTATION_CONTEXT('2D SPACE',''
  ) );
#6733 = PCURVE('',#2511,#6734);
#6734 = DEFINITIONAL_REPRESENTATION('',(#6735),#6739);
#6735 = LINE('',#6736,#6737);
#6736 = CARTESIAN_POINT('',(-0.,0.));
#6737 = VECTOR('',#6738,1.);
#6738 = DIRECTION('',(-0.,-1.));
#6739 = ( GEOMETRIC_REPRESENTATION_CONTEXT(2) 
PARAMETRIC_REPRESENTATION_CONTEXT() REPRESENTATION_CONTEXT('2D SPACE',''
  ) );
#6740 = ORIENTED_EDGE('',*,*,#2490,.T.);
#6741 = ORIENTED_EDGE('',*,*,#6720,.F.);
#6742 = ORIENTED_EDGE('',*,*,#6743,.F.);
#6743 = EDGE_CURVE('',#6344,#6342,#6744,.T.);
#6744 = SURFACE_CURVE('',#6745,(#6776,#6810),.PCURVE_S1.);
#6745 = B_SPLINE_CURVE_WITH_KNOTS('',8,(#6746,#6747,#6748,#6749,#6750,
    #6751,#6752,#6753,#6754,#6755,#6756,#6757,#6758,#6759,#6760,#6761,
    #6762,#6763,#6764,#6765,#6766,#6767,#6768,#6769,#6770,#6771,#6772,
    #6773,#6774,#6775),.UNSPECIFIED.,.F.,.F.,(9,7,7,7,9),(0.,
    0.415117747787,0.63532187226,0.846387149337,1.),.UNSPECIFIED.);
#6746 = CARTESIAN_POINT('',(33.767935070038,434.54427955725,
    14.269824477928));
#6747 = CARTESIAN_POINT('',(33.862380180402,434.60632463944,
    14.273599289482));
#6748 = CARTESIAN_POINT('',(33.953199483173,434.67392464858,
    14.277198201392));
#6749 = CARTESIAN_POINT('',(34.040000760877,434.7468266905,
    14.280661528987));
#6750 = CARTESIAN_POINT('',(34.122420202301,434.82474717366,
    14.284040138121));
#6751 = CARTESIAN_POINT('',(34.200120894143,434.90737484696,
    14.287390630165));
#6752 = CARTESIAN_POINT('',(34.272792694538,434.99437243554,
    14.290770491166));
#6753 = CARTESIAN_POINT('',(34.340153488479,435.08537687449,
    14.294233205165));
#6754 = CARTESIAN_POINT('',(34.434733484487,435.23019111138,
    14.299727756782));
#6755 = CARTESIAN_POINT('',(34.465950645077,435.28140294031,
    14.301668075664));
#6756 = CARTESIAN_POINT('',(34.49556578515,435.33357562488,
    14.303650982516));
#6757 = CARTESIAN_POINT('',(34.523544246967,435.38664985129,
    14.305682480193));
#6758 = CARTESIAN_POINT('',(34.549854212207,435.44056505296,
    14.30776773876));
#6759 = CARTESIAN_POINT('',(34.574466677385,435.49525946909,
    14.309910954041));
#6760 = CARTESIAN_POINT('',(34.597355429285,435.55067020331,
    14.312115206182));
#6761 = CARTESIAN_POINT('',(34.638761199321,435.66046964762,
    14.316555341185));
#6762 = CARTESIAN_POINT('',(34.657420332292,435.71480561598,
    14.318785104228));
#6763 = CARTESIAN_POINT('',(34.674453546962,435.76968403103,
    14.32108068944));
#6764 = CARTESIAN_POINT('',(34.689843101306,435.82504954912,
    14.323418209424));
#6765 = CARTESIAN_POINT('',(34.703572474308,435.88084121605,
    14.325842454525));
#6766 = CARTESIAN_POINT('',(34.715629359418,435.93700424392,
    14.328307085626));
#6767 = CARTESIAN_POINT('',(34.726002537421,435.99347915826,
    14.330819249469));
#6768 = CARTESIAN_POINT('',(34.741001839435,436.09149442915,
    14.33522187678));
#6769 = CARTESIAN_POINT('',(34.746423742184,436.13291565208,
    14.337095619291));
#6770 = CARTESIAN_POINT('',(34.750946179716,436.17444871895,
    14.338985393093));
#6771 = CARTESIAN_POINT('',(34.754566586993,436.21607104688,
    14.340887960198));
#6772 = CARTESIAN_POINT('',(34.757283067181,436.25776001552,
    14.342800043386));
#6773 = CARTESIAN_POINT('',(34.759094391657,436.29949296703,
    14.34471832621));
#6774 = CARTESIAN_POINT('',(34.76,436.34124720611,14.346639452993));
#6775 = CARTESIAN_POINT('',(34.76,436.383,14.348560028828));
#6776 = PCURVE('',#2511,#6777);
#6777 = DEFINITIONAL_REPRESENTATION('',(#6778),#6809);
#6778 = B_SPLINE_CURVE_WITH_KNOTS('',8,(#6779,#6780,#6781,#6782,#6783,
    #6784,#6785,#6786,#6787,#6788,#6789,#6790,#6791,#6792,#6793,#6794,
    #6795,#6796,#6797,#6798,#6799,#6800,#6801,#6802,#6803,#6804,#6805,
    #6806,#6807,#6808),.UNSPECIFIED.,.F.,.F.,(9,7,7,7,9),(0.,
    0.415117747787,0.63532187226,0.846387149337,1.),.UNSPECIFIED.);
#6779 = CARTESIAN_POINT('',(-5.293629777938,-14.26982447792));
#6780 = CARTESIAN_POINT('',(-5.344994361791,-14.27359928948));
#6781 = CARTESIAN_POINT('',(-5.396367837956,-14.27719820139));
#6782 = CARTESIAN_POINT('',(-5.447744687677,-14.28066152898));
#6783 = CARTESIAN_POINT('',(-5.499122554877,-14.28404013812));
#6784 = CARTESIAN_POINT('',(-5.550500749898,-14.28739063016));
#6785 = CARTESIAN_POINT('',(-5.601878793628,-14.29077049116));
#6786 = CARTESIAN_POINT('',(-5.653255002021,-14.29423320516));
#6787 = CARTESIAN_POINT('',(-5.731874993554,-14.29972775678));
#6788 = CARTESIAN_POINT('',(-5.759123758012,-14.30166807566));
#6789 = CARTESIAN_POINT('',(-5.78637084093,-14.30365098251));
#6790 = CARTESIAN_POINT('',(-5.813615874644,-14.30568248019));
#6791 = CARTESIAN_POINT('',(-5.840858626748,-14.30776773876));
#6792 = CARTESIAN_POINT('',(-5.86809893957,-14.30991095404));
#6793 = CARTESIAN_POINT('',(-5.895336669643,-14.31211520618));
#6794 = CARTESIAN_POINT('',(-5.948676287443,-14.31655534118));
#6795 = CARTESIAN_POINT('',(-5.974778538323,-14.31878510422));
#6796 = CARTESIAN_POINT('',(-6.000877828446,-14.32108068944));
#6797 = CARTESIAN_POINT('',(-6.026974865017,-14.32341820942));
#6798 = CARTESIAN_POINT('',(-6.053068066576,-14.32584245452));
#6799 = CARTESIAN_POINT('',(-6.079159013402,-14.32830708562));
#6800 = CARTESIAN_POINT('',(-6.105247275721,-14.33081924946));
#6801 = CARTESIAN_POINT('',(-6.150318322458,-14.33522187678));
#6802 = CARTESIAN_POINT('',(-6.169302284003,-14.33709561929));
#6803 = CARTESIAN_POINT('',(-6.188285090821,-14.33898539309));
#6804 = CARTESIAN_POINT('',(-6.207266841376,-14.34088796019));
#6805 = CARTESIAN_POINT('',(-6.226247635759,-14.34280004338));
#6806 = CARTESIAN_POINT('',(-6.245227575687,-14.34471832621));
#6807 = CARTESIAN_POINT('',(-6.264206764504,-14.34663945299));
#6808 = CARTESIAN_POINT('',(-6.28318530718,-14.34856002882));
#6809 = ( GEOMETRIC_REPRESENTATION_CONTEXT(2) 
PARAMETRIC_REPRESENTATION_CONTEXT() REPRESENTATION_CONTEXT('2D SPACE',''
  ) );
#6810 = PCURVE('',#4341,#6811);
#6811 = DEFINITIONAL_REPRESENTATION('',(#6812),#6843);
#6812 = B_SPLINE_CURVE_WITH_KNOTS('',8,(#6813,#6814,#6815,#6816,#6817,
    #6818,#6819,#6820,#6821,#6822,#6823,#6824,#6825,#6826,#6827,#6828,
    #6829,#6830,#6831,#6832,#6833,#6834,#6835,#6836,#6837,#6838,#6839,
    #6840,#6841,#6842),.UNSPECIFIED.,.F.,.F.,(9,7,7,7,9),(0.,
    0.415117747787,0.63532187226,0.846387149337,1.),.UNSPECIFIED.);
#6813 = CARTESIAN_POINT('',(10.247039725879,0.559226824013));
#6814 = CARTESIAN_POINT('',(10.245549026968,0.56094985098));
#6815 = CARTESIAN_POINT('',(10.244458108241,0.562692283317));
#6816 = CARTESIAN_POINT('',(10.243772592102,0.564447908971));
#6817 = CARTESIAN_POINT('',(10.243495799266,0.566210563115));
#6818 = CARTESIAN_POINT('',(10.243628975917,0.567974107789));
#6819 = CARTESIAN_POINT('',(10.244171380883,0.569732411044));
#6820 = CARTESIAN_POINT('',(10.245120232816,0.571479325589));
#6821 = CARTESIAN_POINT('',(10.247186791825,0.574126016535));
#6822 = CARTESIAN_POINT('',(10.248016041879,0.575038441528));
#6823 = CARTESIAN_POINT('',(10.248957527565,0.575945021437));
#6824 = CARTESIAN_POINT('',(10.250010348795,0.576844846668));
#6825 = CARTESIAN_POINT('',(10.251173447328,0.577737017588));
#6826 = CARTESIAN_POINT('',(10.252445608726,0.57862064358));
#6827 = CARTESIAN_POINT('',(10.253825464306,0.579494842117));
#6828 = CARTESIAN_POINT('',(10.256735849148,0.581186780376));
#6829 = CARTESIAN_POINT('',(10.258257756366,0.582005361577));
#6830 = CARTESIAN_POINT('',(10.259875847248,0.58281370095));
#6831 = CARTESIAN_POINT('',(10.26158871785,0.583611054856));
#6832 = CARTESIAN_POINT('',(10.263394657691,0.584396638688));
#6833 = CARTESIAN_POINT('',(10.265292074361,0.58516974804));
#6834 = CARTESIAN_POINT('',(10.267279115801,0.585929641195));
#6835 = CARTESIAN_POINT('',(10.270863854087,0.587218514071));
#6836 = CARTESIAN_POINT('',(10.272420306927,0.587754046614));
#6837 = CARTESIAN_POINT('',(10.274022477434,0.588281925963));
#6838 = CARTESIAN_POINT('',(10.275669593995,0.588801879922));
#6839 = CARTESIAN_POINT('',(10.277360854337,0.58931363974));
#6840 = CARTESIAN_POINT('',(10.279095425521,0.589816940116));
#6841 = CARTESIAN_POINT('',(10.280872443946,0.590311519192));
#6842 = CARTESIAN_POINT('',(10.282691015349,0.59079711856));
#6843 = ( GEOMETRIC_REPRESENTATION_CONTEXT(2) 
PARAMETRIC_REPRESENTATION_CONTEXT() REPRESENTATION_CONTEXT('2D SPACE',''
  ) );
#6844 = ADVANCED_FACE('',(#6845),#2546,.F.);
#6845 = FACE_BOUND('',#6846,.F.);
#6846 = EDGE_LOOP('',(#6847,#6848,#6871,#6898));
#6847 = ORIENTED_EDGE('',*,*,#2525,.F.);
#6848 = ORIENTED_EDGE('',*,*,#6849,.F.);
#6849 = EDGE_CURVE('',#6850,#2526,#6852,.T.);
#6850 = VERTEX_POINT('',#6851);
#6851 = CARTESIAN_POINT('',(26.013887074436,404.031152303,14.3));
#6852 = SEAM_CURVE('',#6853,(#6857,#6864),.PCURVE_S1.);
#6853 = LINE('',#6854,#6855);
#6854 = CARTESIAN_POINT('',(26.013887074436,404.031152303,14.3));
#6855 = VECTOR('',#6856,1.);
#6856 = DIRECTION('',(0.,0.,1.));
#6857 = PCURVE('',#2546,#6858);
#6858 = DEFINITIONAL_REPRESENTATION('',(#6859),#6863);
#6859 = LINE('',#6860,#6861);
#6860 = CARTESIAN_POINT('',(6.28318530718,-0.));
#6861 = VECTOR('',#6862,1.);
#6862 = DIRECTION('',(0.,1.));
#6863 = ( GEOMETRIC_REPRESENTATION_CONTEXT(2) 
PARAMETRIC_REPRESENTATION_CONTEXT() REPRESENTATION_CONTEXT('2D SPACE',''
  ) );
#6864 = PCURVE('',#2546,#6865);
#6865 = DEFINITIONAL_REPRESENTATION('',(#6866),#6870);
#6866 = LINE('',#6867,#6868);
#6867 = CARTESIAN_POINT('',(0.,-0.));
#6868 = VECTOR('',#6869,1.);
#6869 = DIRECTION('',(0.,1.));
#6870 = ( GEOMETRIC_REPRESENTATION_CONTEXT(2) 
PARAMETRIC_REPRESENTATION_CONTEXT() REPRESENTATION_CONTEXT('2D SPACE',''
  ) );
#6871 = ORIENTED_EDGE('',*,*,#6872,.T.);
#6872 = EDGE_CURVE('',#6850,#6850,#6873,.T.);
#6873 = SURFACE_CURVE('',#6874,(#6879,#6886),.PCURVE_S1.);
#6874 = CIRCLE('',#6875,2.3);
#6875 = AXIS2_PLACEMENT_3D('',#6876,#6877,#6878);
#6876 = CARTESIAN_POINT('',(23.713887074436,404.031152303,14.3));
#6877 = DIRECTION('',(0.,0.,1.));
#6878 = DIRECTION('',(1.,0.,-0.));
#6879 = PCURVE('',#2546,#6880);
#6880 = DEFINITIONAL_REPRESENTATION('',(#6881),#6885);
#6881 = LINE('',#6882,#6883);
#6882 = CARTESIAN_POINT('',(0.,0.));
#6883 = VECTOR('',#6884,1.);
#6884 = DIRECTION('',(1.,0.));
#6885 = ( GEOMETRIC_REPRESENTATION_CONTEXT(2) 
PARAMETRIC_REPRESENTATION_CONTEXT() REPRESENTATION_CONTEXT('2D SPACE',''
  ) );
#6886 = PCURVE('',#6887,#6892);
#6887 = PLANE('',#6888);
#6888 = AXIS2_PLACEMENT_3D('',#6889,#6890,#6891);
#6889 = CARTESIAN_POINT('',(23.713887074436,404.031152303,14.3));
#6890 = DIRECTION('',(0.,0.,1.));
#6891 = DIRECTION('',(1.,0.,-0.));
#6892 = DEFINITIONAL_REPRESENTATION('',(#6893),#6897);
#6893 = CIRCLE('',#6894,2.3);
#6894 = AXIS2_PLACEMENT_2D('',#6895,#6896);
#6895 = CARTESIAN_POINT('',(0.,0.));
#6896 = DIRECTION('',(1.,0.));
#6897 = ( GEOMETRIC_REPRESENTATION_CONTEXT(2) 
PARAMETRIC_REPRESENTATION_CONTEXT() REPRESENTATION_CONTEXT('2D SPACE',''
  ) );
#6898 = ORIENTED_EDGE('',*,*,#6849,.T.);
#6899 = ADVANCED_FACE('',(#6900),#2581,.F.);
#6900 = FACE_BOUND('',#6901,.F.);
#6901 = EDGE_LOOP('',(#6902,#6903,#6926,#6953));
#6902 = ORIENTED_EDGE('',*,*,#2560,.F.);
#6903 = ORIENTED_EDGE('',*,*,#6904,.F.);
#6904 = EDGE_CURVE('',#6905,#2561,#6907,.T.);
#6905 = VERTEX_POINT('',#6906);
#6906 = CARTESIAN_POINT('',(3.2,305.731,11.5));
#6907 = SEAM_CURVE('',#6908,(#6912,#6919),.PCURVE_S1.);
#6908 = LINE('',#6909,#6910);
#6909 = CARTESIAN_POINT('',(3.2,305.731,11.5));
#6910 = VECTOR('',#6911,1.);
#6911 = DIRECTION('',(0.,0.,1.));
#6912 = PCURVE('',#2581,#6913);
#6913 = DEFINITIONAL_REPRESENTATION('',(#6914),#6918);
#6914 = LINE('',#6915,#6916);
#6915 = CARTESIAN_POINT('',(6.28318530718,-0.));
#6916 = VECTOR('',#6917,1.);
#6917 = DIRECTION('',(0.,1.));
#6918 = ( GEOMETRIC_REPRESENTATION_CONTEXT(2) 
PARAMETRIC_REPRESENTATION_CONTEXT() REPRESENTATION_CONTEXT('2D SPACE',''
  ) );
#6919 = PCURVE('',#2581,#6920);
#6920 = DEFINITIONAL_REPRESENTATION('',(#6921),#6925);
#6921 = LINE('',#6922,#6923);
#6922 = CARTESIAN_POINT('',(0.,-0.));
#6923 = VECTOR('',#6924,1.);
#6924 = DIRECTION('',(0.,1.));
#6925 = ( GEOMETRIC_REPRESENTATION_CONTEXT(2) 
PARAMETRIC_REPRESENTATION_CONTEXT() REPRESENTATION_CONTEXT('2D SPACE',''
  ) );
#6926 = ORIENTED_EDGE('',*,*,#6927,.T.);
#6927 = EDGE_CURVE('',#6905,#6905,#6928,.T.);
#6928 = SURFACE_CURVE('',#6929,(#6934,#6941),.PCURVE_S1.);
#6929 = CIRCLE('',#6930,3.2);
#6930 = AXIS2_PLACEMENT_3D('',#6931,#6932,#6933);
#6931 = CARTESIAN_POINT('',(6.414087610534E-15,305.731,11.5));
#6932 = DIRECTION('',(0.,0.,1.));
#6933 = DIRECTION('',(1.,0.,-0.));
#6934 = PCURVE('',#2581,#6935);
#6935 = DEFINITIONAL_REPRESENTATION('',(#6936),#6940);
#6936 = LINE('',#6937,#6938);
#6937 = CARTESIAN_POINT('',(0.,0.));
#6938 = VECTOR('',#6939,1.);
#6939 = DIRECTION('',(1.,0.));
#6940 = ( GEOMETRIC_REPRESENTATION_CONTEXT(2) 
PARAMETRIC_REPRESENTATION_CONTEXT() REPRESENTATION_CONTEXT('2D SPACE',''
  ) );
#6941 = PCURVE('',#6942,#6947);
#6942 = PLANE('',#6943);
#6943 = AXIS2_PLACEMENT_3D('',#6944,#6945,#6946);
#6944 = CARTESIAN_POINT('',(6.414087610534E-15,305.731,11.5));
#6945 = DIRECTION('',(0.,0.,1.));
#6946 = DIRECTION('',(1.,0.,-0.));
#6947 = DEFINITIONAL_REPRESENTATION('',(#6948),#6952);
#6948 = CIRCLE('',#6949,3.2);
#6949 = AXIS2_PLACEMENT_2D('',#6950,#6951);
#6950 = CARTESIAN_POINT('',(0.,0.));
#6951 = DIRECTION('',(1.,0.));
#6952 = ( GEOMETRIC_REPRESENTATION_CONTEXT(2) 
PARAMETRIC_REPRESENTATION_CONTEXT() REPRESENTATION_CONTEXT('2D SPACE',''
  ) );
#6953 = ORIENTED_EDGE('',*,*,#6904,.T.);
#6954 = ADVANCED_FACE('',(#6955),#2616,.F.);
#6955 = FACE_BOUND('',#6956,.F.);
#6956 = EDGE_LOOP('',(#6957,#6958,#6981,#7008));
#6957 = ORIENTED_EDGE('',*,*,#2595,.F.);
#6958 = ORIENTED_EDGE('',*,*,#6959,.F.);
#6959 = EDGE_CURVE('',#6960,#2596,#6962,.T.);
#6960 = VERTEX_POINT('',#6961);
#6961 = CARTESIAN_POINT('',(-21.41388707443,328.130847697,14.3));
#6962 = SEAM_CURVE('',#6963,(#6967,#6974),.PCURVE_S1.);
#6963 = LINE('',#6964,#6965);
#6964 = CARTESIAN_POINT('',(-21.41388707443,328.130847697,14.3));
#6965 = VECTOR('',#6966,1.);
#6966 = DIRECTION('',(0.,0.,1.));
#6967 = PCURVE('',#2616,#6968);
#6968 = DEFINITIONAL_REPRESENTATION('',(#6969),#6973);
#6969 = LINE('',#6970,#6971);
#6970 = CARTESIAN_POINT('',(6.28318530718,-0.));
#6971 = VECTOR('',#6972,1.);
#6972 = DIRECTION('',(0.,1.));
#6973 = ( GEOMETRIC_REPRESENTATION_CONTEXT(2) 
PARAMETRIC_REPRESENTATION_CONTEXT() REPRESENTATION_CONTEXT('2D SPACE',''
  ) );
#6974 = PCURVE('',#2616,#6975);
#6975 = DEFINITIONAL_REPRESENTATION('',(#6976),#6980);
#6976 = LINE('',#6977,#6978);
#6977 = CARTESIAN_POINT('',(0.,-0.));
#6978 = VECTOR('',#6979,1.);
#6979 = DIRECTION('',(0.,1.));
#6980 = ( GEOMETRIC_REPRESENTATION_CONTEXT(2) 
PARAMETRIC_REPRESENTATION_CONTEXT() REPRESENTATION_CONTEXT('2D SPACE',''
  ) );
#6981 = ORIENTED_EDGE('',*,*,#6982,.T.);
#6982 = EDGE_CURVE('',#6960,#6960,#6983,.T.);
#6983 = SURFACE_CURVE('',#6984,(#6989,#6996),.PCURVE_S1.);
#6984 = CIRCLE('',#6985,2.3);
#6985 = AXIS2_PLACEMENT_3D('',#6986,#6987,#6988);
#6986 = CARTESIAN_POINT('',(-23.71388707443,328.130847697,14.3));
#6987 = DIRECTION('',(0.,0.,1.));
#6988 = DIRECTION('',(1.,0.,-0.));
#6989 = PCURVE('',#2616,#6990);
#6990 = DEFINITIONAL_REPRESENTATION('',(#6991),#6995);
#6991 = LINE('',#6992,#6993);
#6992 = CARTESIAN_POINT('',(0.,0.));
#6993 = VECTOR('',#6994,1.);
#6994 = DIRECTION('',(1.,0.));
#6995 = ( GEOMETRIC_REPRESENTATION_CONTEXT(2) 
PARAMETRIC_REPRESENTATION_CONTEXT() REPRESENTATION_CONTEXT('2D SPACE',''
  ) );
#6996 = PCURVE('',#6997,#7002);
#6997 = PLANE('',#6998);
#6998 = AXIS2_PLACEMENT_3D('',#6999,#7000,#7001);
#6999 = CARTESIAN_POINT('',(-23.71388707443,328.130847697,14.3));
#7000 = DIRECTION('',(0.,0.,1.));
#7001 = DIRECTION('',(1.,0.,-0.));
#7002 = DEFINITIONAL_REPRESENTATION('',(#7003),#7007);
#7003 = CIRCLE('',#7004,2.3);
#7004 = AXIS2_PLACEMENT_2D('',#7005,#7006);
#7005 = CARTESIAN_POINT('',(0.,0.));
#7006 = DIRECTION('',(1.,0.));
#7007 = ( GEOMETRIC_REPRESENTATION_CONTEXT(2) 
PARAMETRIC_REPRESENTATION_CONTEXT() REPRESENTATION_CONTEXT('2D SPACE',''
  ) );
#7008 = ORIENTED_EDGE('',*,*,#6959,.T.);
#7009 = ADVANCED_FACE('',(#7010),#2651,.F.);
#7010 = FACE_BOUND('',#7011,.T.);
#7011 = EDGE_LOOP('',(#7012,#7035,#7063,#7105,#7106,#7134,#7155,#7199,
    #7225,#7226));
#7012 = ORIENTED_EDGE('',*,*,#7013,.F.);
#7013 = EDGE_CURVE('',#7014,#2631,#7016,.T.);
#7014 = VERTEX_POINT('',#7015);
#7015 = CARTESIAN_POINT('',(41.,366.081,0.));
#7016 = SEAM_CURVE('',#7017,(#7021,#7028),.PCURVE_S1.);
#7017 = LINE('',#7018,#7019);
#7018 = CARTESIAN_POINT('',(41.,366.081,0.));
#7019 = VECTOR('',#7020,1.);
#7020 = DIRECTION('',(-0.,-0.,1.));
#7021 = PCURVE('',#2651,#7022);
#7022 = DEFINITIONAL_REPRESENTATION('',(#7023),#7027);
#7023 = LINE('',#7024,#7025);
#7024 = CARTESIAN_POINT('',(-6.28318530718,0.));
#7025 = VECTOR('',#7026,1.);
#7026 = DIRECTION('',(-0.,-1.));
#7027 = ( GEOMETRIC_REPRESENTATION_CONTEXT(2) 
PARAMETRIC_REPRESENTATION_CONTEXT() REPRESENTATION_CONTEXT('2D SPACE',''
  ) );
#7028 = PCURVE('',#2651,#7029);
#7029 = DEFINITIONAL_REPRESENTATION('',(#7030),#7034);
#7030 = LINE('',#7031,#7032);
#7031 = CARTESIAN_POINT('',(-0.,0.));
#7032 = VECTOR('',#7033,1.);
#7033 = DIRECTION('',(-0.,-1.));
#7034 = ( GEOMETRIC_REPRESENTATION_CONTEXT(2) 
PARAMETRIC_REPRESENTATION_CONTEXT() REPRESENTATION_CONTEXT('2D SPACE',''
  ) );
#7035 = ORIENTED_EDGE('',*,*,#7036,.F.);
#7036 = EDGE_CURVE('',#7037,#7014,#7039,.T.);
#7037 = VERTEX_POINT('',#7038);
#7038 = CARTESIAN_POINT('',(-6.603647822319,406.54569863274,0.));
#7039 = SURFACE_CURVE('',#7040,(#7045,#7052),.PCURVE_S1.);
#7040 = CIRCLE('',#7041,41.);
#7041 = AXIS2_PLACEMENT_3D('',#7042,#7043,#7044);
#7042 = CARTESIAN_POINT('',(0.,366.081,0.));
#7043 = DIRECTION('',(0.,0.,1.));
#7044 = DIRECTION('',(1.,0.,0.));
#7045 = PCURVE('',#2651,#7046);
#7046 = DEFINITIONAL_REPRESENTATION('',(#7047),#7051);
#7047 = LINE('',#7048,#7049);
#7048 = CARTESIAN_POINT('',(-0.,0.));
#7049 = VECTOR('',#7050,1.);
#7050 = DIRECTION('',(-1.,0.));
#7051 = ( GEOMETRIC_REPRESENTATION_CONTEXT(2) 
PARAMETRIC_REPRESENTATION_CONTEXT() REPRESENTATION_CONTEXT('2D SPACE',''
  ) );
#7052 = PCURVE('',#2749,#7053);
#7053 = DEFINITIONAL_REPRESENTATION('',(#7054),#7062);
#7054 = ( BOUNDED_CURVE() B_SPLINE_CURVE(2,(#7055,#7056,#7057,#7058,
#7059,#7060,#7061),.UNSPECIFIED.,.T.,.F.) B_SPLINE_CURVE_WITH_KNOTS((1,2
    ,2,2,2,1),(-2.094395102393,0.,2.094395102393,4.188790204786,
6.28318530718,8.377580409573),.UNSPECIFIED.) CURVE() 
GEOMETRIC_REPRESENTATION_ITEM() RATIONAL_B_SPLINE_CURVE((1.,0.5,1.,0.5,
1.,0.5,1.)) REPRESENTATION_ITEM('') );
#7055 = CARTESIAN_POINT('',(-40.99919301259,134.46220413799));
#7056 = CARTESIAN_POINT('',(-40.99919301259,205.47628724831));
#7057 = CARTESIAN_POINT('',(20.500806987405,169.96924569315));
#7058 = CARTESIAN_POINT('',(82.000806987405,134.46220413799));
#7059 = CARTESIAN_POINT('',(20.500806987405,98.955162582832));
#7060 = CARTESIAN_POINT('',(-40.99919301259,63.44812102767));
#7061 = CARTESIAN_POINT('',(-40.99919301259,134.46220413799));
#7062 = ( GEOMETRIC_REPRESENTATION_CONTEXT(2) 
PARAMETRIC_REPRESENTATION_CONTEXT() REPRESENTATION_CONTEXT('2D SPACE',''
  ) );
#7063 = ORIENTED_EDGE('',*,*,#7064,.F.);
#7064 = EDGE_CURVE('',#3527,#7037,#7065,.T.);
#7065 = SURFACE_CURVE('',#7066,(#7077,#7091),.PCURVE_S1.);
#7066 = B_SPLINE_CURVE_WITH_KNOTS('',5,(#7067,#7068,#7069,#7070,#7071,
    #7072,#7073,#7074,#7075,#7076),.UNSPECIFIED.,.F.,.F.,(6,4,6),(0.,
    0.581975174332,1.),.UNSPECIFIED.);
#7067 = CARTESIAN_POINT('',(-3.209337151434,406.95519913647,
    3.929844220782E-03));
#7068 = CARTESIAN_POINT('',(-3.608882485069,406.92382786291,
    4.577065721435E-03));
#7069 = CARTESIAN_POINT('',(-4.007442117003,406.88762194029,
    5.126963167881E-03));
#7070 = CARTESIAN_POINT('',(-4.404822710655,406.84662618264,
    5.465114178908E-03));
#7071 = CARTESIAN_POINT('',(-4.800843879627,406.80089762626,
    5.453279459319E-03));
#7072 = CARTESIAN_POINT('',(-5.478696471174,406.71430515353,
    4.579077234871E-03));
#7073 = CARTESIAN_POINT('',(-5.761267554286,406.67569989792,
    3.957390595794E-03));
#7074 = CARTESIAN_POINT('',(-6.042988327867,406.63471198111,
    3.024454243384E-03));
#7075 = CARTESIAN_POINT('',(-6.323800130846,406.5913684551,
    1.724301436582E-03));
#7076 = CARTESIAN_POINT('',(-6.60364782232,406.54569863274,0.));
#7077 = PCURVE('',#2651,#7078);
#7078 = DEFINITIONAL_REPRESENTATION('',(#7079),#7090);
#7079 = B_SPLINE_CURVE_WITH_KNOTS('',5,(#7080,#7081,#7082,#7083,#7084,
    #7085,#7086,#7087,#7088,#7089),.UNSPECIFIED.,.F.,.F.,(6,4,6),(0.,
    0.581975174332,1.),.UNSPECIFIED.);
#7080 = CARTESIAN_POINT('',(-1.649153000041,-3.929844220782E-03));
#7081 = CARTESIAN_POINT('',(-1.658928000948,-4.577065721435E-03));
#7082 = CARTESIAN_POINT('',(-1.66868826431,-5.126963167881E-03));
#7083 = CARTESIAN_POINT('',(-1.678430949604,-5.465114178908E-03));
#7084 = CARTESIAN_POINT('',(-1.688153471577,-5.453279459319E-03));
#7085 = CARTESIAN_POINT('',(-1.704820815465,-4.579077234871E-03));
#7086 = CARTESIAN_POINT('',(-1.711776551578,-3.957390595794E-03));
#7087 = CARTESIAN_POINT('',(-1.718719784906,-3.024454243384E-03));
#7088 = CARTESIAN_POINT('',(-1.725649701583,-1.724301436582E-03));
#7089 = CARTESIAN_POINT('',(-1.732565549246,0.));
#7090 = ( GEOMETRIC_REPRESENTATION_CONTEXT(2) 
PARAMETRIC_REPRESENTATION_CONTEXT() REPRESENTATION_CONTEXT('2D SPACE',''
  ) );
#7091 = PCURVE('',#3276,#7092);
#7092 = DEFINITIONAL_REPRESENTATION('',(#7093),#7104);
#7093 = B_SPLINE_CURVE_WITH_KNOTS('',5,(#7094,#7095,#7096,#7097,#7098,
    #7099,#7100,#7101,#7102,#7103),.UNSPECIFIED.,.F.,.F.,(6,4,6),(0.,
    0.581975174332,1.),.UNSPECIFIED.);
#7094 = CARTESIAN_POINT('',(2.516693093746,0.));
#7095 = CARTESIAN_POINT('',(2.476890207113,4.823093120175E-03));
#7096 = CARTESIAN_POINT('',(2.430991616961,9.624854978403E-03));
#7097 = CARTESIAN_POINT('',(2.37908432444,1.440062177401E-02));
#7098 = CARTESIAN_POINT('',(2.321276146603,1.914602845232E-02));
#7099 = CARTESIAN_POINT('',(2.212018344606,2.724092477279E-02));
#7100 = CARTESIAN_POINT('',(2.163365167873,3.060705721736E-02));
#7101 = CARTESIAN_POINT('',(2.111777305885,3.395396636699E-02));
#7102 = CARTESIAN_POINT('',(2.057304456983,3.728026327067E-02));
#7103 = CARTESIAN_POINT('',(2.,4.058465814271E-02));
#7104 = ( GEOMETRIC_REPRESENTATION_CONTEXT(2) 
PARAMETRIC_REPRESENTATION_CONTEXT() REPRESENTATION_CONTEXT('2D SPACE',''
  ) );
#7105 = ORIENTED_EDGE('',*,*,#3526,.T.);
#7106 = ORIENTED_EDGE('',*,*,#7107,.F.);
#7107 = EDGE_CURVE('',#7108,#3506,#7110,.T.);
#7108 = VERTEX_POINT('',#7109);
#7109 = CARTESIAN_POINT('',(3.209337151434,406.95519913647,0.));
#7110 = SURFACE_CURVE('',#7111,(#7116,#7123),.PCURVE_S1.);
#7111 = CIRCLE('',#7112,41.);
#7112 = AXIS2_PLACEMENT_3D('',#7113,#7114,#7115);
#7113 = CARTESIAN_POINT('',(0.,366.081,0.));
#7114 = DIRECTION('',(0.,0.,1.));
#7115 = DIRECTION('',(1.,0.,0.));
#7116 = PCURVE('',#2651,#7117);
#7117 = DEFINITIONAL_REPRESENTATION('',(#7118),#7122);
#7118 = LINE('',#7119,#7120);
#7119 = CARTESIAN_POINT('',(-0.,0.));
#7120 = VECTOR('',#7121,1.);
#7121 = DIRECTION('',(-1.,0.));
#7122 = ( GEOMETRIC_REPRESENTATION_CONTEXT(2) 
PARAMETRIC_REPRESENTATION_CONTEXT() REPRESENTATION_CONTEXT('2D SPACE',''
  ) );
#7123 = PCURVE('',#3469,#7124);
#7124 = DEFINITIONAL_REPRESENTATION('',(#7125),#7133);
#7125 = ( BOUNDED_CURVE() B_SPLINE_CURVE(2,(#7126,#7127,#7128,#7129,
#7130,#7131,#7132),.UNSPECIFIED.,.T.,.F.) B_SPLINE_CURVE_WITH_KNOTS((1,2
    ,2,2,2,1),(-2.094395102393,0.,2.094395102393,4.188790204786,
6.28318530718,8.377580409573),.UNSPECIFIED.) CURVE() 
GEOMETRIC_REPRESENTATION_ITEM() RATIONAL_B_SPLINE_CURVE((1.,0.5,1.,0.5,
1.,0.5,1.)) REPRESENTATION_ITEM('') );
#7126 = CARTESIAN_POINT('',(-40.99919301259,134.46220413799));
#7127 = CARTESIAN_POINT('',(-40.99919301259,205.47628724831));
#7128 = CARTESIAN_POINT('',(20.500806987405,169.96924569315));
#7129 = CARTESIAN_POINT('',(82.000806987405,134.46220413799));
#7130 = CARTESIAN_POINT('',(20.500806987405,98.955162582832));
#7131 = CARTESIAN_POINT('',(-40.99919301259,63.44812102767));
#7132 = CARTESIAN_POINT('',(-40.99919301259,134.46220413799));
#7133 = ( GEOMETRIC_REPRESENTATION_CONTEXT(2) 
PARAMETRIC_REPRESENTATION_CONTEXT() REPRESENTATION_CONTEXT('2D SPACE',''
  ) );
#7134 = ORIENTED_EDGE('',*,*,#7135,.F.);
#7135 = EDGE_CURVE('',#7136,#7108,#7138,.T.);
#7136 = VERTEX_POINT('',#7137);
#7137 = CARTESIAN_POINT('',(3.209337151434,406.95519913647,
    3.929844220782E-03));
#7138 = SURFACE_CURVE('',#7139,(#7143,#7149),.PCURVE_S1.);
#7139 = LINE('',#7140,#7141);
#7140 = CARTESIAN_POINT('',(3.209337151434,406.95519913647,0.));
#7141 = VECTOR('',#7142,1.);
#7142 = DIRECTION('',(-0.,-0.,-1.));
#7143 = PCURVE('',#2651,#7144);
#7144 = DEFINITIONAL_REPRESENTATION('',(#7145),#7148);
#7145 = B_SPLINE_CURVE_WITH_KNOTS('',1,(#7146,#7147),.UNSPECIFIED.,.F.,
  .F.,(2,2),(-0.781665951138,6.E-07),.PIECEWISE_BEZIER_KNOTS.);
#7146 = CARTESIAN_POINT('',(-1.492439653549,-0.781665951138));
#7147 = CARTESIAN_POINT('',(-1.492439653549,6.E-07));
#7148 = ( GEOMETRIC_REPRESENTATION_CONTEXT(2) 
PARAMETRIC_REPRESENTATION_CONTEXT() REPRESENTATION_CONTEXT('2D SPACE',''
  ) );
#7149 = PCURVE('',#4607,#7150);
#7150 = DEFINITIONAL_REPRESENTATION('',(#7151),#7154);
#7151 = B_SPLINE_CURVE_WITH_KNOTS('',1,(#7152,#7153),.UNSPECIFIED.,.F.,
  .F.,(2,2),(-0.781665951138,6.E-07),.PIECEWISE_BEZIER_KNOTS.);
#7152 = CARTESIAN_POINT('',(25.34180218563,0.794560573951));
#7153 = CARTESIAN_POINT('',(25.326772915394,1.303852166787E-02));
#7154 = ( GEOMETRIC_REPRESENTATION_CONTEXT(2) 
PARAMETRIC_REPRESENTATION_CONTEXT() REPRESENTATION_CONTEXT('2D SPACE',''
  ) );
#7155 = ORIENTED_EDGE('',*,*,#7156,.T.);
#7156 = EDGE_CURVE('',#7136,#7157,#7159,.T.);
#7157 = VERTEX_POINT('',#7158);
#7158 = CARTESIAN_POINT('',(6.603647822323,406.54569863274,0.));
#7159 = SURFACE_CURVE('',#7160,(#7171,#7185),.PCURVE_S1.);
#7160 = B_SPLINE_CURVE_WITH_KNOTS('',5,(#7161,#7162,#7163,#7164,#7165,
    #7166,#7167,#7168,#7169,#7170),.UNSPECIFIED.,.F.,.F.,(6,4,6),(0.,
    0.581975174332,1.),.UNSPECIFIED.);
#7161 = CARTESIAN_POINT('',(3.209337151434,406.95519913647,
    3.929844220782E-03));
#7162 = CARTESIAN_POINT('',(3.608882485069,406.92382786291,
    4.577065721435E-03));
#7163 = CARTESIAN_POINT('',(4.007442117004,406.88762194029,
    5.126963167881E-03));
#7164 = CARTESIAN_POINT('',(4.404822710655,406.84662618264,
    5.465114178908E-03));
#7165 = CARTESIAN_POINT('',(4.800843879627,406.80089762626,
    5.453279459319E-03));
#7166 = CARTESIAN_POINT('',(5.478696471174,406.71430515353,
    4.579077234871E-03));
#7167 = CARTESIAN_POINT('',(5.761267554286,406.67569989792,
    3.957390595794E-03));
#7168 = CARTESIAN_POINT('',(6.042988327867,406.63471198111,
    3.024454243384E-03));
#7169 = CARTESIAN_POINT('',(6.323800130846,406.5913684551,
    1.724301436582E-03));
#7170 = CARTESIAN_POINT('',(6.60364782232,406.54569863274,0.));
#7171 = PCURVE('',#2651,#7172);
#7172 = DEFINITIONAL_REPRESENTATION('',(#7173),#7184);
#7173 = B_SPLINE_CURVE_WITH_KNOTS('',5,(#7174,#7175,#7176,#7177,#7178,
    #7179,#7180,#7181,#7182,#7183),.UNSPECIFIED.,.F.,.F.,(6,4,6),(0.,
    0.581975174332,1.),.UNSPECIFIED.);
#7174 = CARTESIAN_POINT('',(-1.492439653549,-3.929844220782E-03));
#7175 = CARTESIAN_POINT('',(-1.482664652642,-4.577065721435E-03));
#7176 = CARTESIAN_POINT('',(-1.472904389279,-5.126963167881E-03));
#7177 = CARTESIAN_POINT('',(-1.463161703986,-5.465114178908E-03));
#7178 = CARTESIAN_POINT('',(-1.453439182013,-5.453279459319E-03));
#7179 = CARTESIAN_POINT('',(-1.436771838124,-4.579077234871E-03));
#7180 = CARTESIAN_POINT('',(-1.429816102012,-3.957390595794E-03));
#7181 = CARTESIAN_POINT('',(-1.422872868683,-3.024454243384E-03));
#7182 = CARTESIAN_POINT('',(-1.415942952007,-1.724301436582E-03));
#7183 = CARTESIAN_POINT('',(-1.409027104344,0.));
#7184 = ( GEOMETRIC_REPRESENTATION_CONTEXT(2) 
PARAMETRIC_REPRESENTATION_CONTEXT() REPRESENTATION_CONTEXT('2D SPACE',''
  ) );
#7185 = PCURVE('',#5384,#7186);
#7186 = DEFINITIONAL_REPRESENTATION('',(#7187),#7198);
#7187 = B_SPLINE_CURVE_WITH_KNOTS('',5,(#7188,#7189,#7190,#7191,#7192,
    #7193,#7194,#7195,#7196,#7197),.UNSPECIFIED.,.F.,.F.,(6,4,6),(0.,
    0.581975174332,1.),.UNSPECIFIED.);
#7188 = CARTESIAN_POINT('',(2.516693093746,0.));
#7189 = CARTESIAN_POINT('',(2.476890207113,4.823093120174E-03));
#7190 = CARTESIAN_POINT('',(2.430991616961,9.624854978405E-03));
#7191 = CARTESIAN_POINT('',(2.37908432444,1.440062177401E-02));
#7192 = CARTESIAN_POINT('',(2.321276146603,1.914602845232E-02));
#7193 = CARTESIAN_POINT('',(2.212018344606,2.724092477279E-02));
#7194 = CARTESIAN_POINT('',(2.163365167873,3.060705721736E-02));
#7195 = CARTESIAN_POINT('',(2.111777305885,3.395396636699E-02));
#7196 = CARTESIAN_POINT('',(2.057304456983,3.728026327067E-02));
#7197 = CARTESIAN_POINT('',(2.,4.058465814271E-02));
#7198 = ( GEOMETRIC_REPRESENTATION_CONTEXT(2) 
PARAMETRIC_REPRESENTATION_CONTEXT() REPRESENTATION_CONTEXT('2D SPACE',''
  ) );
#7199 = ORIENTED_EDGE('',*,*,#7200,.F.);
#7200 = EDGE_CURVE('',#7014,#7157,#7201,.T.);
#7201 = SURFACE_CURVE('',#7202,(#7207,#7214),.PCURVE_S1.);
#7202 = CIRCLE('',#7203,41.);
#7203 = AXIS2_PLACEMENT_3D('',#7204,#7205,#7206);
#7204 = CARTESIAN_POINT('',(0.,366.081,0.));
#7205 = DIRECTION('',(0.,0.,1.));
#7206 = DIRECTION('',(1.,0.,0.));
#7207 = PCURVE('',#2651,#7208);
#7208 = DEFINITIONAL_REPRESENTATION('',(#7209),#7213);
#7209 = LINE('',#7210,#7211);
#7210 = CARTESIAN_POINT('',(-0.,0.));
#7211 = VECTOR('',#7212,1.);
#7212 = DIRECTION('',(-1.,0.));
#7213 = ( GEOMETRIC_REPRESENTATION_CONTEXT(2) 
PARAMETRIC_REPRESENTATION_CONTEXT() REPRESENTATION_CONTEXT('2D SPACE',''
  ) );
#7214 = PCURVE('',#2749,#7215);
#7215 = DEFINITIONAL_REPRESENTATION('',(#7216),#7224);
#7216 = ( BOUNDED_CURVE() B_SPLINE_CURVE(2,(#7217,#7218,#7219,#7220,
#7221,#7222,#7223),.UNSPECIFIED.,.T.,.F.) B_SPLINE_CURVE_WITH_KNOTS((1,2
    ,2,2,2,1),(-2.094395102393,0.,2.094395102393,4.188790204786,
6.28318530718,8.377580409573),.UNSPECIFIED.) CURVE() 
GEOMETRIC_REPRESENTATION_ITEM() RATIONAL_B_SPLINE_CURVE((1.,0.5,1.,0.5,
1.,0.5,1.)) REPRESENTATION_ITEM('') );
#7217 = CARTESIAN_POINT('',(-40.99919301259,134.46220413799));
#7218 = CARTESIAN_POINT('',(-40.99919301259,205.47628724831));
#7219 = CARTESIAN_POINT('',(20.500806987405,169.96924569315));
#7220 = CARTESIAN_POINT('',(82.000806987405,134.46220413799));
#7221 = CARTESIAN_POINT('',(20.500806987405,98.955162582832));
#7222 = CARTESIAN_POINT('',(-40.99919301259,63.44812102767));
#7223 = CARTESIAN_POINT('',(-40.99919301259,134.46220413799));
#7224 = ( GEOMETRIC_REPRESENTATION_CONTEXT(2) 
PARAMETRIC_REPRESENTATION_CONTEXT() REPRESENTATION_CONTEXT('2D SPACE',''
  ) );
#7225 = ORIENTED_EDGE('',*,*,#7013,.T.);
#7226 = ORIENTED_EDGE('',*,*,#2630,.T.);
#7227 = ADVANCED_FACE('',(#7228),#2686,.F.);
#7228 = FACE_BOUND('',#7229,.F.);
#7229 = EDGE_LOOP('',(#7230,#7231,#7254,#7281));
#7230 = ORIENTED_EDGE('',*,*,#2665,.F.);
#7231 = ORIENTED_EDGE('',*,*,#7232,.F.);
#7232 = EDGE_CURVE('',#7233,#2666,#7235,.T.);
#7233 = VERTEX_POINT('',#7234);
#7234 = CARTESIAN_POINT('',(-35.650152303,389.79488707443,14.3));
#7235 = SEAM_CURVE('',#7236,(#7240,#7247),.PCURVE_S1.);
#7236 = LINE('',#7237,#7238);
#7237 = CARTESIAN_POINT('',(-35.650152303,389.79488707443,14.3));
#7238 = VECTOR('',#7239,1.);
#7239 = DIRECTION('',(0.,0.,1.));
#7240 = PCURVE('',#2686,#7241);
#7241 = DEFINITIONAL_REPRESENTATION('',(#7242),#7246);
#7242 = LINE('',#7243,#7244);
#7243 = CARTESIAN_POINT('',(6.28318530718,-0.));
#7244 = VECTOR('',#7245,1.);
#7245 = DIRECTION('',(0.,1.));
#7246 = ( GEOMETRIC_REPRESENTATION_CONTEXT(2) 
PARAMETRIC_REPRESENTATION_CONTEXT() REPRESENTATION_CONTEXT('2D SPACE',''
  ) );
#7247 = PCURVE('',#2686,#7248);
#7248 = DEFINITIONAL_REPRESENTATION('',(#7249),#7253);
#7249 = LINE('',#7250,#7251);
#7250 = CARTESIAN_POINT('',(0.,-0.));
#7251 = VECTOR('',#7252,1.);
#7252 = DIRECTION('',(0.,1.));
#7253 = ( GEOMETRIC_REPRESENTATION_CONTEXT(2) 
PARAMETRIC_REPRESENTATION_CONTEXT() REPRESENTATION_CONTEXT('2D SPACE',''
  ) );
#7254 = ORIENTED_EDGE('',*,*,#7255,.T.);
#7255 = EDGE_CURVE('',#7233,#7233,#7256,.T.);
#7256 = SURFACE_CURVE('',#7257,(#7262,#7269),.PCURVE_S1.);
#7257 = CIRCLE('',#7258,2.3);
#7258 = AXIS2_PLACEMENT_3D('',#7259,#7260,#7261);
#7259 = CARTESIAN_POINT('',(-37.950152303,389.79488707443,14.3));
#7260 = DIRECTION('',(0.,0.,1.));
#7261 = DIRECTION('',(1.,0.,-0.));
#7262 = PCURVE('',#2686,#7263);
#7263 = DEFINITIONAL_REPRESENTATION('',(#7264),#7268);
#7264 = LINE('',#7265,#7266);
#7265 = CARTESIAN_POINT('',(0.,0.));
#7266 = VECTOR('',#7267,1.);
#7267 = DIRECTION('',(1.,0.));
#7268 = ( GEOMETRIC_REPRESENTATION_CONTEXT(2) 
PARAMETRIC_REPRESENTATION_CONTEXT() REPRESENTATION_CONTEXT('2D SPACE',''
  ) );
#7269 = PCURVE('',#7270,#7275);
#7270 = PLANE('',#7271);
#7271 = AXIS2_PLACEMENT_3D('',#7272,#7273,#7274);
#7272 = CARTESIAN_POINT('',(-37.950152303,389.79488707443,14.3));
#7273 = DIRECTION('',(0.,0.,1.));
#7274 = DIRECTION('',(1.,0.,-0.));
#7275 = DEFINITIONAL_REPRESENTATION('',(#7276),#7280);
#7276 = CIRCLE('',#7277,2.3);
#7277 = AXIS2_PLACEMENT_2D('',#7278,#7279);
#7278 = CARTESIAN_POINT('',(0.,0.));
#7279 = DIRECTION('',(1.,0.));
#7280 = ( GEOMETRIC_REPRESENTATION_CONTEXT(2) 
PARAMETRIC_REPRESENTATION_CONTEXT() REPRESENTATION_CONTEXT('2D SPACE',''
  ) );
#7281 = ORIENTED_EDGE('',*,*,#7232,.T.);
#7282 = ADVANCED_FACE('',(#7283,#7414,#7449,#7484,#7519,#7554),#2749,.T.
  );
#7283 = FACE_BOUND('',#7284,.T.);
#7284 = EDGE_LOOP('',(#7285,#7286,#7287,#7346,#7347,#7348,#7407,#7408,
    #7409,#7410,#7411,#7412,#7413));
#7285 = ORIENTED_EDGE('',*,*,#3749,.T.);
#7286 = ORIENTED_EDGE('',*,*,#2731,.T.);
#7287 = ORIENTED_EDGE('',*,*,#7288,.F.);
#7288 = EDGE_CURVE('',#7037,#2734,#7289,.T.);
#7289 = SURFACE_CURVE('',#7290,(#7313,#7339),.PCURVE_S1.);
#7290 = ( BOUNDED_CURVE() B_SPLINE_CURVE(3,(#7291,#7292,#7293,#7294,
    #7295,#7296,#7297,#7298,#7299,#7300,#7301,#7302,#7303,#7304,#7305,
    #7306,#7307,#7308,#7309,#7310,#7311,#7312),.UNSPECIFIED.,.F.,.F.) 
B_SPLINE_CURVE_WITH_KNOTS((4,1,1,1,1,1,1,1,1,1,1,1,1,1,1,1,1,1,1,4),(0.,
    5.218380768594E-02,0.104924849979,0.158249728388,0.212037422186,
    0.266073258756,0.320098130577,0.373854821642,0.427134464983,
    0.479826107743,0.531971081028,0.583831321693,0.635742389654,
    0.687819682816,0.740024789052,0.792245645251,0.844362126807,
0.89631140842,0.94815736877,1.),.UNSPECIFIED.) CURVE() 
GEOMETRIC_REPRESENTATION_ITEM() RATIONAL_B_SPLINE_CURVE((1.,
    1.000000000002,0.999999999999,1.,1.,1.,1.,1.,1.,1.,1.,1.,1.,1.,1.,1.
    ,1.,1.000000000001,0.999999999997,1.000000000012,0.999999999975,1.))
 REPRESENTATION_ITEM('') );
#7291 = CARTESIAN_POINT('',(-3.244829287063,406.27796884521,0.));
#7292 = CARTESIAN_POINT('',(-4.691765325467,406.35380838813,0.));
#7293 = CARTESIAN_POINT('',(-7.585395869324,406.60792045969,0.));
#7294 = CARTESIAN_POINT('',(-11.8634747865,407.28731733452,0.));
#7295 = CARTESIAN_POINT('',(-16.07803744204,408.26193480759,0.));
#7296 = CARTESIAN_POINT('',(-20.21107219021,409.5266265896,0.));
#7297 = CARTESIAN_POINT('',(-24.24454350253,411.07530086092,0.));
#7298 = CARTESIAN_POINT('',(-28.16054251975,412.9009131047,0.));
#7299 = CARTESIAN_POINT('',(-31.94153884515,414.995493962,0.));
#7300 = CARTESIAN_POINT('',(-35.57068044744,417.35038310376,0.));
#7301 = CARTESIAN_POINT('',(-39.03156780867,419.9561056627,0.));
#7302 = CARTESIAN_POINT('',(-42.30950640341,422.80372258841,0.));
#7303 = CARTESIAN_POINT('',(-45.38287302606,425.87674042939,0.));
#7304 = CARTESIAN_POINT('',(-48.22675202744,429.14904540363,0.));
#7305 = CARTESIAN_POINT('',(-50.83179588515,432.60688414214,0.));
#7306 = CARTESIAN_POINT('',(-53.18783016326,436.23530335481,0.));
#7307 = CARTESIAN_POINT('',(-55.28521345954,440.01878953607,0.));
#7308 = CARTESIAN_POINT('',(-57.11482578882,443.94125895454,0.));
#7309 = CARTESIAN_POINT('',(-58.66835633938,447.98702114686,0.));
#7310 = CARTESIAN_POINT('',(-59.93641650185,452.13385653031,0.));
#7311 = CARTESIAN_POINT('',(-60.58506270763,454.94564135035,0.));
#7312 = CARTESIAN_POINT('',(-60.86088537375,456.36284228665,0.));
#7313 = PCURVE('',#2749,#7314);
#7314 = DEFINITIONAL_REPRESENTATION('',(#7315),#7338);
#7315 = ( BOUNDED_CURVE() B_SPLINE_CURVE(3,(#7316,#7317,#7318,#7319,
    #7320,#7321,#7322,#7323,#7324,#7325,#7326,#7327,#7328,#7329,#7330,
    #7331,#7332,#7333,#7334,#7335,#7336,#7337),.UNSPECIFIED.,.F.,.F.) 
B_SPLINE_CURVE_WITH_KNOTS((4,1,1,1,1,1,1,1,1,1,1,1,1,1,1,1,1,1,1,4),(0.,
    5.218380768594E-02,0.104924849979,0.158249728388,0.212037422186,
    0.266073258756,0.320098130577,0.373854821642,0.427134464983,
    0.479826107743,0.531971081028,0.583831321693,0.635742389654,
    0.687819682816,0.740024789052,0.792245645251,0.844362126807,
0.89631140842,0.94815736877,1.),.UNSPECIFIED.) CURVE() 
GEOMETRIC_REPRESENTATION_ITEM() RATIONAL_B_SPLINE_CURVE((1.,
    1.000000000002,0.999999999999,1.,1.,1.,1.,1.,1.,1.,1.,1.,1.,1.,1.,1.
    ,1.,1.000000000001,0.999999999997,1.000000000012,0.999999999975,1.))
 REPRESENTATION_ITEM('') );
#7316 = CARTESIAN_POINT('',(3.245636274467,174.65917298321));
#7317 = CARTESIAN_POINT('',(4.692572312871,174.73501252612));
#7318 = CARTESIAN_POINT('',(7.586202856729,174.98912459768));
#7319 = CARTESIAN_POINT('',(11.864281773906,175.66852147251));
#7320 = CARTESIAN_POINT('',(16.078844429445,176.64313894558));
#7321 = CARTESIAN_POINT('',(20.211879177617,177.9078307276));
#7322 = CARTESIAN_POINT('',(24.245350489935,179.45650499892));
#7323 = CARTESIAN_POINT('',(28.161349507156,181.2821172427));
#7324 = CARTESIAN_POINT('',(31.94234583256,183.37669809999));
#7325 = CARTESIAN_POINT('',(35.571487434847,185.73158724175));
#7326 = CARTESIAN_POINT('',(39.032374796084,188.33730980069));
#7327 = CARTESIAN_POINT('',(42.310313390822,191.1849267264));
#7328 = CARTESIAN_POINT('',(45.383680013468,194.25794456739));
#7329 = CARTESIAN_POINT('',(48.227559014847,197.53024954163));
#7330 = CARTESIAN_POINT('',(50.832602872562,200.98808828014));
#7331 = CARTESIAN_POINT('',(53.188637150672,204.61650749281));
#7332 = CARTESIAN_POINT('',(55.286020446951,208.39999367407));
#7333 = CARTESIAN_POINT('',(57.115632776225,212.32246309253));
#7334 = CARTESIAN_POINT('',(58.669163326789,216.36822528486));
#7335 = CARTESIAN_POINT('',(59.93722348926,220.5150606683));
#7336 = CARTESIAN_POINT('',(60.585869695035,223.32684548835));
#7337 = CARTESIAN_POINT('',(60.86169236116,224.74404642464));
#7338 = ( GEOMETRIC_REPRESENTATION_CONTEXT(2) 
PARAMETRIC_REPRESENTATION_CONTEXT() REPRESENTATION_CONTEXT('2D SPACE',''
  ) );
#7339 = PCURVE('',#3276,#7340);
#7340 = DEFINITIONAL_REPRESENTATION('',(#7341),#7345);
#7341 = LINE('',#7342,#7343);
#7342 = CARTESIAN_POINT('',(2.,0.));
#7343 = VECTOR('',#7344,1.);
#7344 = DIRECTION('',(0.,1.));
#7345 = ( GEOMETRIC_REPRESENTATION_CONTEXT(2) 
PARAMETRIC_REPRESENTATION_CONTEXT() REPRESENTATION_CONTEXT('2D SPACE',''
  ) );
#7346 = ORIENTED_EDGE('',*,*,#7036,.T.);
#7347 = ORIENTED_EDGE('',*,*,#7200,.T.);
#7348 = ORIENTED_EDGE('',*,*,#7349,.T.);
#7349 = EDGE_CURVE('',#7157,#5342,#7350,.T.);
#7350 = SURFACE_CURVE('',#7351,(#7374,#7400),.PCURVE_S1.);
#7351 = ( BOUNDED_CURVE() B_SPLINE_CURVE(3,(#7352,#7353,#7354,#7355,
    #7356,#7357,#7358,#7359,#7360,#7361,#7362,#7363,#7364,#7365,#7366,
    #7367,#7368,#7369,#7370,#7371,#7372,#7373),.UNSPECIFIED.,.F.,.F.) 
B_SPLINE_CURVE_WITH_KNOTS((4,1,1,1,1,1,1,1,1,1,1,1,1,1,1,1,1,1,1,4),(0.,
    5.218380768594E-02,0.104924849979,0.158249728388,0.212037422186,
    0.266073258756,0.320098130577,0.373854821642,0.427134464983,
    0.479826107743,0.531971081028,0.583831321693,0.635742389654,
    0.687819682816,0.740024789052,0.792245645251,0.844362126807,
0.89631140842,0.94815736877,1.),.UNSPECIFIED.) CURVE() 
GEOMETRIC_REPRESENTATION_ITEM() RATIONAL_B_SPLINE_CURVE((1.,
    1.000000000002,0.999999999999,1.,1.,1.,1.,1.,1.,1.,1.,1.,1.,1.,1.,1.
    ,1.,1.000000000001,0.999999999997,1.000000000012,0.999999999975,1.))
 REPRESENTATION_ITEM('') );
#7352 = CARTESIAN_POINT('',(3.244829287063,406.27796884521,0.));
#7353 = CARTESIAN_POINT('',(4.691765325467,406.35380838813,0.));
#7354 = CARTESIAN_POINT('',(7.585395869324,406.60792045969,0.));
#7355 = CARTESIAN_POINT('',(11.863474786501,407.28731733452,0.));
#7356 = CARTESIAN_POINT('',(16.078037442041,408.26193480759,0.));
#7357 = CARTESIAN_POINT('',(20.211072190212,409.5266265896,0.));
#7358 = CARTESIAN_POINT('',(24.24454350253,411.07530086092,0.));
#7359 = CARTESIAN_POINT('',(28.160542519752,412.9009131047,0.));
#7360 = CARTESIAN_POINT('',(31.941538845156,414.995493962,0.));
#7361 = CARTESIAN_POINT('',(35.570680447443,417.35038310376,0.));
#7362 = CARTESIAN_POINT('',(39.031567808679,419.9561056627,0.));
#7363 = CARTESIAN_POINT('',(42.309506403417,422.80372258841,0.));
#7364 = CARTESIAN_POINT('',(45.382873026063,425.87674042939,0.));
#7365 = CARTESIAN_POINT('',(48.226752027442,429.14904540363,0.));
#7366 = CARTESIAN_POINT('',(50.831795885157,432.60688414214,0.));
#7367 = CARTESIAN_POINT('',(53.187830163267,436.23530335481,0.));
#7368 = CARTESIAN_POINT('',(55.285213459547,440.01878953607,0.));
#7369 = CARTESIAN_POINT('',(57.11482578882,443.94125895454,0.));
#7370 = CARTESIAN_POINT('',(58.668356339385,447.98702114686,0.));
#7371 = CARTESIAN_POINT('',(59.936416501855,452.13385653031,0.));
#7372 = CARTESIAN_POINT('',(60.58506270763,454.94564135035,0.));
#7373 = CARTESIAN_POINT('',(60.860885373755,456.36284228665,0.));
#7374 = PCURVE('',#2749,#7375);
#7375 = DEFINITIONAL_REPRESENTATION('',(#7376),#7399);
#7376 = ( BOUNDED_CURVE() B_SPLINE_CURVE(3,(#7377,#7378,#7379,#7380,
    #7381,#7382,#7383,#7384,#7385,#7386,#7387,#7388,#7389,#7390,#7391,
    #7392,#7393,#7394,#7395,#7396,#7397,#7398),.UNSPECIFIED.,.F.,.F.) 
B_SPLINE_CURVE_WITH_KNOTS((4,1,1,1,1,1,1,1,1,1,1,1,1,1,1,1,1,1,1,4),(0.,
    5.218380768594E-02,0.104924849979,0.158249728388,0.212037422186,
    0.266073258756,0.320098130577,0.373854821642,0.427134464983,
    0.479826107743,0.531971081028,0.583831321693,0.635742389654,
    0.687819682816,0.740024789052,0.792245645251,0.844362126807,
0.89631140842,0.94815736877,1.),.UNSPECIFIED.) CURVE() 
GEOMETRIC_REPRESENTATION_ITEM() RATIONAL_B_SPLINE_CURVE((1.,
    1.000000000002,0.999999999999,1.,1.,1.,1.,1.,1.,1.,1.,1.,1.,1.,1.,1.
    ,1.,1.000000000001,0.999999999997,1.000000000012,0.999999999975,1.))
 REPRESENTATION_ITEM('') );
#7377 = CARTESIAN_POINT('',(-3.244022299658,174.65917298321));
#7378 = CARTESIAN_POINT('',(-4.690958338062,174.73501252612));
#7379 = CARTESIAN_POINT('',(-7.58458888192,174.98912459768));
#7380 = CARTESIAN_POINT('',(-11.86266779909,175.66852147251));
#7381 = CARTESIAN_POINT('',(-16.07723045463,176.64313894558));
#7382 = CARTESIAN_POINT('',(-20.2102652028,177.9078307276));
#7383 = CARTESIAN_POINT('',(-24.24373651512,179.45650499892));
#7384 = CARTESIAN_POINT('',(-28.15973553234,181.2821172427));
#7385 = CARTESIAN_POINT('',(-31.94073185775,183.37669809999));
#7386 = CARTESIAN_POINT('',(-35.56987346003,185.73158724175));
#7387 = CARTESIAN_POINT('',(-39.03076082127,188.33730980069));
#7388 = CARTESIAN_POINT('',(-42.30869941601,191.1849267264));
#7389 = CARTESIAN_POINT('',(-45.38206603865,194.25794456739));
#7390 = CARTESIAN_POINT('',(-48.22594504003,197.53024954163));
#7391 = CARTESIAN_POINT('',(-50.83098889775,200.98808828014));
#7392 = CARTESIAN_POINT('',(-53.18702317586,204.61650749281));
#7393 = CARTESIAN_POINT('',(-55.28440647214,208.39999367407));
#7394 = CARTESIAN_POINT('',(-57.11401880141,212.32246309253));
#7395 = CARTESIAN_POINT('',(-58.66754935198,216.36822528486));
#7396 = CARTESIAN_POINT('',(-59.93560951445,220.5150606683));
#7397 = CARTESIAN_POINT('',(-60.58425572022,223.32684548835));
#7398 = CARTESIAN_POINT('',(-60.86007838635,224.74404642464));
#7399 = ( GEOMETRIC_REPRESENTATION_CONTEXT(2) 
PARAMETRIC_REPRESENTATION_CONTEXT() REPRESENTATION_CONTEXT('2D SPACE',''
  ) );
#7400 = PCURVE('',#5384,#7401);
#7401 = DEFINITIONAL_REPRESENTATION('',(#7402),#7406);
#7402 = LINE('',#7403,#7404);
#7403 = CARTESIAN_POINT('',(2.,0.));
#7404 = VECTOR('',#7405,1.);
#7405 = DIRECTION('',(0.,1.));
#7406 = ( GEOMETRIC_REPRESENTATION_CONTEXT(2) 
PARAMETRIC_REPRESENTATION_CONTEXT() REPRESENTATION_CONTEXT('2D SPACE',''
  ) );
#7407 = ORIENTED_EDGE('',*,*,#5341,.T.);
#7408 = ORIENTED_EDGE('',*,*,#5285,.T.);
#7409 = ORIENTED_EDGE('',*,*,#4956,.T.);
#7410 = ORIENTED_EDGE('',*,*,#4801,.T.);
#7411 = ORIENTED_EDGE('',*,*,#4646,.T.);
#7412 = ORIENTED_EDGE('',*,*,#3847,.T.);
#7413 = ORIENTED_EDGE('',*,*,#3798,.T.);
#7414 = FACE_BOUND('',#7415,.T.);
#7415 = EDGE_LOOP('',(#7416));
#7416 = ORIENTED_EDGE('',*,*,#7417,.T.);
#7417 = EDGE_CURVE('',#7418,#7418,#7420,.T.);
#7418 = VERTEX_POINT('',#7419);
#7419 = CARTESIAN_POINT('',(23.2,20.,0.));
#7420 = SURFACE_CURVE('',#7421,(#7426,#7437),.PCURVE_S1.);
#7421 = CIRCLE('',#7422,3.2);
#7422 = AXIS2_PLACEMENT_3D('',#7423,#7424,#7425);
#7423 = CARTESIAN_POINT('',(20.,20.,0.));
#7424 = DIRECTION('',(0.,0.,1.));
#7425 = DIRECTION('',(1.,0.,-0.));
#7426 = PCURVE('',#2749,#7427);
#7427 = DEFINITIONAL_REPRESENTATION('',(#7428),#7436);
#7428 = ( BOUNDED_CURVE() B_SPLINE_CURVE(2,(#7429,#7430,#7431,#7432,
#7433,#7434,#7435),.UNSPECIFIED.,.T.,.F.) B_SPLINE_CURVE_WITH_KNOTS((1,2
    ,2,2,2,1),(-2.094395102393,0.,2.094395102393,4.188790204786,
6.28318530718,8.377580409573),.UNSPECIFIED.) CURVE() 
GEOMETRIC_REPRESENTATION_ITEM() RATIONAL_B_SPLINE_CURVE((1.,0.5,1.,0.5,
1.,0.5,1.)) REPRESENTATION_ITEM('') );
#7429 = CARTESIAN_POINT('',(-23.19919301259,-211.618795862));
#7430 = CARTESIAN_POINT('',(-23.19919301259,-206.0762332777));
#7431 = CARTESIAN_POINT('',(-18.39919301259,-208.8475145698));
#7432 = CARTESIAN_POINT('',(-13.59919301259,-211.618795862));
#7433 = CARTESIAN_POINT('',(-18.39919301259,-214.3900771541));
#7434 = CARTESIAN_POINT('',(-23.19919301259,-217.1613584462));
#7435 = CARTESIAN_POINT('',(-23.19919301259,-211.618795862));
#7436 = ( GEOMETRIC_REPRESENTATION_CONTEXT(2) 
PARAMETRIC_REPRESENTATION_CONTEXT() REPRESENTATION_CONTEXT('2D SPACE',''
  ) );
#7437 = PCURVE('',#7438,#7443);
#7438 = CYLINDRICAL_SURFACE('',#7439,3.2);
#7439 = AXIS2_PLACEMENT_3D('',#7440,#7441,#7442);
#7440 = CARTESIAN_POINT('',(20.,20.,0.));
#7441 = DIRECTION('',(0.,0.,1.));
#7442 = DIRECTION('',(1.,0.,-0.));
#7443 = DEFINITIONAL_REPRESENTATION('',(#7444),#7448);
#7444 = LINE('',#7445,#7446);
#7445 = CARTESIAN_POINT('',(0.,0.));
#7446 = VECTOR('',#7447,1.);
#7447 = DIRECTION('',(1.,0.));
#7448 = ( GEOMETRIC_REPRESENTATION_CONTEXT(2) 
PARAMETRIC_REPRESENTATION_CONTEXT() REPRESENTATION_CONTEXT('2D SPACE',''
  ) );
#7449 = FACE_BOUND('',#7450,.T.);
#7450 = EDGE_LOOP('',(#7451));
#7451 = ORIENTED_EDGE('',*,*,#7452,.T.);
#7452 = EDGE_CURVE('',#7453,#7453,#7455,.T.);
#7453 = VERTEX_POINT('',#7454);
#7454 = CARTESIAN_POINT('',(23.2,70.,0.));
#7455 = SURFACE_CURVE('',#7456,(#7461,#7472),.PCURVE_S1.);
#7456 = CIRCLE('',#7457,3.2);
#7457 = AXIS2_PLACEMENT_3D('',#7458,#7459,#7460);
#7458 = CARTESIAN_POINT('',(20.,70.,0.));
#7459 = DIRECTION('',(0.,0.,1.));
#7460 = DIRECTION('',(1.,0.,-0.));
#7461 = PCURVE('',#2749,#7462);
#7462 = DEFINITIONAL_REPRESENTATION('',(#7463),#7471);
#7463 = ( BOUNDED_CURVE() B_SPLINE_CURVE(2,(#7464,#7465,#7466,#7467,
#7468,#7469,#7470),.UNSPECIFIED.,.T.,.F.) B_SPLINE_CURVE_WITH_KNOTS((1,2
    ,2,2,2,1),(-2.094395102393,0.,2.094395102393,4.188790204786,
6.28318530718,8.377580409573),.UNSPECIFIED.) CURVE() 
GEOMETRIC_REPRESENTATION_ITEM() RATIONAL_B_SPLINE_CURVE((1.,0.5,1.,0.5,
1.,0.5,1.)) REPRESENTATION_ITEM('') );
#7464 = CARTESIAN_POINT('',(-23.19919301259,-161.618795862));
#7465 = CARTESIAN_POINT('',(-23.19919301259,-156.0762332777));
#7466 = CARTESIAN_POINT('',(-18.39919301259,-158.8475145698));
#7467 = CARTESIAN_POINT('',(-13.59919301259,-161.618795862));
#7468 = CARTESIAN_POINT('',(-18.39919301259,-164.3900771541));
#7469 = CARTESIAN_POINT('',(-23.19919301259,-167.1613584462));
#7470 = CARTESIAN_POINT('',(-23.19919301259,-161.618795862));
#7471 = ( GEOMETRIC_REPRESENTATION_CONTEXT(2) 
PARAMETRIC_REPRESENTATION_CONTEXT() REPRESENTATION_CONTEXT('2D SPACE',''
  ) );
#7472 = PCURVE('',#7473,#7478);
#7473 = CYLINDRICAL_SURFACE('',#7474,3.2);
#7474 = AXIS2_PLACEMENT_3D('',#7475,#7476,#7477);
#7475 = CARTESIAN_POINT('',(20.,70.,0.));
#7476 = DIRECTION('',(0.,0.,1.));
#7477 = DIRECTION('',(1.,0.,-0.));
#7478 = DEFINITIONAL_REPRESENTATION('',(#7479),#7483);
#7479 = LINE('',#7480,#7481);
#7480 = CARTESIAN_POINT('',(0.,0.));
#7481 = VECTOR('',#7482,1.);
#7482 = DIRECTION('',(1.,0.));
#7483 = ( GEOMETRIC_REPRESENTATION_CONTEXT(2) 
PARAMETRIC_REPRESENTATION_CONTEXT() REPRESENTATION_CONTEXT('2D SPACE',''
  ) );
#7484 = FACE_BOUND('',#7485,.T.);
#7485 = EDGE_LOOP('',(#7486));
#7486 = ORIENTED_EDGE('',*,*,#7487,.T.);
#7487 = EDGE_CURVE('',#7488,#7488,#7490,.T.);
#7488 = VERTEX_POINT('',#7489);
#7489 = CARTESIAN_POINT('',(-16.8,20.,0.));
#7490 = SURFACE_CURVE('',#7491,(#7496,#7507),.PCURVE_S1.);
#7491 = CIRCLE('',#7492,3.2);
#7492 = AXIS2_PLACEMENT_3D('',#7493,#7494,#7495);
#7493 = CARTESIAN_POINT('',(-20.,20.,0.));
#7494 = DIRECTION('',(0.,0.,1.));
#7495 = DIRECTION('',(1.,0.,-0.));
#7496 = PCURVE('',#2749,#7497);
#7497 = DEFINITIONAL_REPRESENTATION('',(#7498),#7506);
#7498 = ( BOUNDED_CURVE() B_SPLINE_CURVE(2,(#7499,#7500,#7501,#7502,
#7503,#7504,#7505),.UNSPECIFIED.,.T.,.F.) B_SPLINE_CURVE_WITH_KNOTS((1,2
    ,2,2,2,1),(-2.094395102393,0.,2.094395102393,4.188790204786,
6.28318530718,8.377580409573),.UNSPECIFIED.) CURVE() 
GEOMETRIC_REPRESENTATION_ITEM() RATIONAL_B_SPLINE_CURVE((1.,0.5,1.,0.5,
1.,0.5,1.)) REPRESENTATION_ITEM('') );
#7499 = CARTESIAN_POINT('',(16.800806987405,-211.618795862));
#7500 = CARTESIAN_POINT('',(16.800806987405,-206.0762332777));
#7501 = CARTESIAN_POINT('',(21.600806987405,-208.8475145698));
#7502 = CARTESIAN_POINT('',(26.400806987405,-211.618795862));
#7503 = CARTESIAN_POINT('',(21.600806987405,-214.3900771541));
#7504 = CARTESIAN_POINT('',(16.800806987405,-217.1613584462));
#7505 = CARTESIAN_POINT('',(16.800806987405,-211.618795862));
#7506 = ( GEOMETRIC_REPRESENTATION_CONTEXT(2) 
PARAMETRIC_REPRESENTATION_CONTEXT() REPRESENTATION_CONTEXT('2D SPACE',''
  ) );
#7507 = PCURVE('',#7508,#7513);
#7508 = CYLINDRICAL_SURFACE('',#7509,3.2);
#7509 = AXIS2_PLACEMENT_3D('',#7510,#7511,#7512);
#7510 = CARTESIAN_POINT('',(-20.,20.,0.));
#7511 = DIRECTION('',(0.,0.,1.));
#7512 = DIRECTION('',(1.,0.,-0.));
#7513 = DEFINITIONAL_REPRESENTATION('',(#7514),#7518);
#7514 = LINE('',#7515,#7516);
#7515 = CARTESIAN_POINT('',(0.,0.));
#7516 = VECTOR('',#7517,1.);
#7517 = DIRECTION('',(1.,0.));
#7518 = ( GEOMETRIC_REPRESENTATION_CONTEXT(2) 
PARAMETRIC_REPRESENTATION_CONTEXT() REPRESENTATION_CONTEXT('2D SPACE',''
  ) );
#7519 = FACE_BOUND('',#7520,.T.);
#7520 = EDGE_LOOP('',(#7521));
#7521 = ORIENTED_EDGE('',*,*,#7522,.T.);
#7522 = EDGE_CURVE('',#7523,#7523,#7525,.T.);
#7523 = VERTEX_POINT('',#7524);
#7524 = CARTESIAN_POINT('',(-16.8,70.,0.));
#7525 = SURFACE_CURVE('',#7526,(#7531,#7542),.PCURVE_S1.);
#7526 = CIRCLE('',#7527,3.2);
#7527 = AXIS2_PLACEMENT_3D('',#7528,#7529,#7530);
#7528 = CARTESIAN_POINT('',(-20.,70.,0.));
#7529 = DIRECTION('',(0.,0.,1.));
#7530 = DIRECTION('',(1.,0.,-0.));
#7531 = PCURVE('',#2749,#7532);
#7532 = DEFINITIONAL_REPRESENTATION('',(#7533),#7541);
#7533 = ( BOUNDED_CURVE() B_SPLINE_CURVE(2,(#7534,#7535,#7536,#7537,
#7538,#7539,#7540),.UNSPECIFIED.,.T.,.F.) B_SPLINE_CURVE_WITH_KNOTS((1,2
    ,2,2,2,1),(-2.094395102393,0.,2.094395102393,4.188790204786,
6.28318530718,8.377580409573),.UNSPECIFIED.) CURVE() 
GEOMETRIC_REPRESENTATION_ITEM() RATIONAL_B_SPLINE_CURVE((1.,0.5,1.,0.5,
1.,0.5,1.)) REPRESENTATION_ITEM('') );
#7534 = CARTESIAN_POINT('',(16.800806987405,-161.618795862));
#7535 = CARTESIAN_POINT('',(16.800806987405,-156.0762332777));
#7536 = CARTESIAN_POINT('',(21.600806987405,-158.8475145698));
#7537 = CARTESIAN_POINT('',(26.400806987405,-161.618795862));
#7538 = CARTESIAN_POINT('',(21.600806987405,-164.3900771541));
#7539 = CARTESIAN_POINT('',(16.800806987405,-167.1613584462));
#7540 = CARTESIAN_POINT('',(16.800806987405,-161.618795862));
#7541 = ( GEOMETRIC_REPRESENTATION_CONTEXT(2) 
PARAMETRIC_REPRESENTATION_CONTEXT() REPRESENTATION_CONTEXT('2D SPACE',''
  ) );
#7542 = PCURVE('',#7543,#7548);
#7543 = CYLINDRICAL_SURFACE('',#7544,3.2);
#7544 = AXIS2_PLACEMENT_3D('',#7545,#7546,#7547);
#7545 = CARTESIAN_POINT('',(-20.,70.,0.));
#7546 = DIRECTION('',(0.,0.,1.));
#7547 = DIRECTION('',(1.,0.,-0.));
#7548 = DEFINITIONAL_REPRESENTATION('',(#7549),#7553);
#7549 = LINE('',#7550,#7551);
#7550 = CARTESIAN_POINT('',(0.,0.));
#7551 = VECTOR('',#7552,1.);
#7552 = DIRECTION('',(1.,0.));
#7553 = ( GEOMETRIC_REPRESENTATION_CONTEXT(2) 
PARAMETRIC_REPRESENTATION_CONTEXT() REPRESENTATION_CONTEXT('2D SPACE',''
  ) );
#7554 = FACE_BOUND('',#7555,.T.);
#7555 = EDGE_LOOP('',(#7556));
#7556 = ORIENTED_EDGE('',*,*,#6202,.T.);
#7557 = ADVANCED_FACE('',(#7558),#3276,.F.);
#7558 = FACE_BOUND('',#7559,.F.);
#7559 = EDGE_LOOP('',(#7560,#7561,#7562,#7602,#7603));
#7560 = ORIENTED_EDGE('',*,*,#7064,.F.);
#7561 = ORIENTED_EDGE('',*,*,#3547,.T.);
#7562 = ORIENTED_EDGE('',*,*,#7563,.T.);
#7563 = EDGE_CURVE('',#3548,#3185,#7564,.T.);
#7564 = SURFACE_CURVE('',#7565,(#7588,#7595),.PCURVE_S1.);
#7565 = ( BOUNDED_CURVE() B_SPLINE_CURVE(3,(#7566,#7567,#7568,#7569,
    #7570,#7571,#7572,#7573,#7574,#7575,#7576,#7577,#7578,#7579,#7580,
    #7581,#7582,#7583,#7584,#7585,#7586,#7587),.UNSPECIFIED.,.F.,.F.) 
B_SPLINE_CURVE_WITH_KNOTS((4,1,1,1,1,1,1,1,1,1,1,1,1,1,1,1,1,1,1,4),(0.,
    5.218380768594E-02,0.104924849979,0.158249728388,0.212037422186,
    0.266073258756,0.320098130577,0.373854821642,0.427134464983,
    0.479826107743,0.531971081028,0.583831321693,0.635742389654,
    0.687819682816,0.740024789052,0.792245645251,0.844362126807,
0.89631140842,0.94815736877,1.),.UNSPECIFIED.) CURVE() 
GEOMETRIC_REPRESENTATION_ITEM() RATIONAL_B_SPLINE_CURVE((1.,
    1.000000000002,0.999999999999,1.,1.,1.,1.,1.,1.,1.,1.,1.,1.,1.,1.,1.
    ,1.,1.000000000001,0.999999999997,1.000000000012,0.999999999975,1.))
 REPRESENTATION_ITEM('') );
#7566 = CARTESIAN_POINT('',(-3.176138344494,407.58867010958,
    7.60576107626E-03));
#7567 = CARTESIAN_POINT('',(-4.592443681306,407.66290418354,
    1.423644321651E-02));
#7568 = CARTESIAN_POINT('',(-7.424817932183,407.91163685879,
    3.584049973926E-02));
#7569 = CARTESIAN_POINT('',(-11.61233267923,408.57665134323,
    8.76602790617E-02));
#7570 = CARTESIAN_POINT('',(-15.73767576229,409.53063679233,
    0.154011827386));
#7571 = CARTESIAN_POINT('',(-19.78321683135,410.76855586548,
    0.229954083507));
#7572 = CARTESIAN_POINT('',(-23.73130215822,412.28444570156,
    0.310580091835));
#7573 = CARTESIAN_POINT('',(-27.5644020027,414.07141091197,0.39101617056
    ));
#7574 = CARTESIAN_POINT('',(-31.26535707524,416.12165084385,
    0.466318545608));
#7575 = CARTESIAN_POINT('',(-34.81767209119,418.42668850176,
    0.531784202236));
#7576 = CARTESIAN_POINT('',(-38.20529469982,420.97724959524,
    0.58172341761));
#7577 = CARTESIAN_POINT('',(-41.41384144931,423.76458430781,
    0.613857743468));
#7578 = CARTESIAN_POINT('',(-44.42214688337,426.77254834369,
    0.61292454834));
#7579 = CARTESIAN_POINT('',(-47.20582280105,429.97558073279,
    0.627431188718));
#7580 = CARTESIAN_POINT('',(-49.75571956097,433.36021925607,
    0.654419172488));
#7581 = CARTESIAN_POINT('',(-52.06187811344,436.91182717494,
    0.687527644944));
#7582 = CARTESIAN_POINT('',(-54.11486115848,440.61521939464,
    0.721366773763));
#7583 = CARTESIAN_POINT('',(-55.90574177514,444.45465266634,
    0.750309280691));
#7584 = CARTESIAN_POINT('',(-57.42638508623,448.4147686825,
    0.768728215454));
#7585 = CARTESIAN_POINT('',(-58.66760123315,452.47381823893,
    0.771047638493));
#7586 = CARTESIAN_POINT('',(-59.30251601727,455.22607938175,
    0.764965114862));
#7587 = CARTESIAN_POINT('',(-59.57249969548,456.61327909308,0.769140625)
  );
#7588 = PCURVE('',#3276,#7589);
#7589 = DEFINITIONAL_REPRESENTATION('',(#7590),#7594);
#7590 = LINE('',#7591,#7592);
#7591 = CARTESIAN_POINT('',(3.,0.));
#7592 = VECTOR('',#7593,1.);
#7593 = DIRECTION('',(0.,1.));
#7594 = ( GEOMETRIC_REPRESENTATION_CONTEXT(2) 
PARAMETRIC_REPRESENTATION_CONTEXT() REPRESENTATION_CONTEXT('2D SPACE',''
  ) );
#7595 = PCURVE('',#3204,#7596);
#7596 = DEFINITIONAL_REPRESENTATION('',(#7597),#7601);
#7597 = LINE('',#7598,#7599);
#7598 = CARTESIAN_POINT('',(3.,0.));
#7599 = VECTOR('',#7600,1.);
#7600 = DIRECTION('',(0.,1.));
#7601 = ( GEOMETRIC_REPRESENTATION_CONTEXT(2) 
PARAMETRIC_REPRESENTATION_CONTEXT() REPRESENTATION_CONTEXT('2D SPACE',''
  ) );
#7602 = ORIENTED_EDGE('',*,*,#3258,.T.);
#7603 = ORIENTED_EDGE('',*,*,#7288,.F.);
#7604 = ADVANCED_FACE('',(#7605),#3204,.F.);
#7605 = FACE_BOUND('',#7606,.F.);
#7606 = EDGE_LOOP('',(#7607,#7608,#7609,#7649));
#7607 = ORIENTED_EDGE('',*,*,#7563,.F.);
#7608 = ORIENTED_EDGE('',*,*,#3568,.T.);
#7609 = ORIENTED_EDGE('',*,*,#7610,.T.);
#7610 = EDGE_CURVE('',#3569,#3111,#7611,.T.);
#7611 = SURFACE_CURVE('',#7612,(#7635,#7642),.PCURVE_S1.);
#7612 = ( BOUNDED_CURVE() B_SPLINE_CURVE(3,(#7613,#7614,#7615,#7616,
    #7617,#7618,#7619,#7620,#7621,#7622,#7623,#7624,#7625,#7626,#7627,
    #7628,#7629,#7630,#7631,#7632,#7633,#7634),.UNSPECIFIED.,.F.,.F.) 
B_SPLINE_CURVE_WITH_KNOTS((4,1,1,1,1,1,1,1,1,1,1,1,1,1,1,1,1,1,1,4),(0.,
    5.218380768594E-02,0.104924849979,0.158249728388,0.212037422186,
    0.266073258756,0.320098130577,0.373854821642,0.427134464983,
    0.479826107743,0.531971081028,0.583831321693,0.635742389654,
    0.687819682816,0.740024789052,0.792245645251,0.844362126807,
0.89631140842,0.94815736877,1.),.UNSPECIFIED.) CURVE() 
GEOMETRIC_REPRESENTATION_ITEM() RATIONAL_B_SPLINE_CURVE((1.,
    1.000000000002,0.999999999999,1.,1.,1.,1.,1.,1.,1.,1.,1.,1.,1.,1.,1.
    ,1.,1.000000000001,0.999999999997,1.000000000012,0.999999999975,1.))
 REPRESENTATION_ITEM('') );
#7613 = CARTESIAN_POINT('',(-3.107447401925,408.89937137394,
    2.765731300458E-02));
#7614 = CARTESIAN_POINT('',(-4.49312203538,408.97199997384,
    5.176888446046E-02));
#7615 = CARTESIAN_POINT('',(-7.26423999587,409.21535326029,
    0.130329089944));
#7616 = CARTESIAN_POINT('',(-11.36119057173,409.86598535128,
    0.318764651138));
#7617 = CARTESIAN_POINT('',(-15.3973140826,410.79933877724,
    0.560043008674));
#7618 = CARTESIAN_POINT('',(-19.35536147248,412.0104851413,
    0.836196667299));
#7619 = CARTESIAN_POINT('',(-23.21806081391,413.4935905422,
    1.129382152128));
#7620 = CARTESIAN_POINT('',(-26.96826148564,415.24190871923,
    1.421876983856));
#7621 = CARTESIAN_POINT('',(-30.58917530534,417.2478077257,
    1.695703802211));
#7622 = CARTESIAN_POINT('',(-34.06466373495,419.50299389977,
    1.933760735404));
#7623 = CARTESIAN_POINT('',(-37.37902159097,421.99839352779,
    2.115357882218));
#7624 = CARTESIAN_POINT('',(-40.5181764952,424.72544602721,
    2.232209976247));
#7625 = CARTESIAN_POINT('',(-43.46142074068,427.66835625799,
    2.228816539417));
#7626 = CARTESIAN_POINT('',(-46.18489357466,430.80211606194,
    2.281567958973));
#7627 = CARTESIAN_POINT('',(-48.67964323679,434.11355437001,
    2.379706081773));
#7628 = CARTESIAN_POINT('',(-50.93592606361,437.58835099498,
    2.500100527067));
#7629 = CARTESIAN_POINT('',(-52.94450885741,441.21164925348,
    2.623151904594));
#7630 = CARTESIAN_POINT('',(-54.69665776154,444.96804637713,
    2.728397384328));
#7631 = CARTESIAN_POINT('',(-56.18441383282,448.84251622188,
    2.795375328938));
#7632 = CARTESIAN_POINT('',(-57.39878596544,452.81377993364,
    2.803809594474));
#7633 = CARTESIAN_POINT('',(-58.01996932477,455.5065174431,
    2.781691326875));
#7634 = CARTESIAN_POINT('',(-58.2841140172,456.86371589951,2.796875));
#7635 = PCURVE('',#3204,#7636);
#7636 = DEFINITIONAL_REPRESENTATION('',(#7637),#7641);
#7637 = LINE('',#7638,#7639);
#7638 = CARTESIAN_POINT('',(4.,0.));
#7639 = VECTOR('',#7640,1.);
#7640 = DIRECTION('',(0.,1.));
#7641 = ( GEOMETRIC_REPRESENTATION_CONTEXT(2) 
PARAMETRIC_REPRESENTATION_CONTEXT() REPRESENTATION_CONTEXT('2D SPACE',''
  ) );
#7642 = PCURVE('',#3130,#7643);
#7643 = DEFINITIONAL_REPRESENTATION('',(#7644),#7648);
#7644 = LINE('',#7645,#7646);
#7645 = CARTESIAN_POINT('',(4.,0.));
#7646 = VECTOR('',#7647,1.);
#7647 = DIRECTION('',(0.,1.));
#7648 = ( GEOMETRIC_REPRESENTATION_CONTEXT(2) 
PARAMETRIC_REPRESENTATION_CONTEXT() REPRESENTATION_CONTEXT('2D SPACE',''
  ) );
#7649 = ORIENTED_EDGE('',*,*,#3184,.T.);
#7650 = ADVANCED_FACE('',(#7651),#3130,.F.);
#7651 = FACE_BOUND('',#7652,.F.);
#7652 = EDGE_LOOP('',(#7653,#7654,#7655,#7695));
#7653 = ORIENTED_EDGE('',*,*,#7610,.F.);
#7654 = ORIENTED_EDGE('',*,*,#3589,.T.);
#7655 = ORIENTED_EDGE('',*,*,#7656,.T.);
#7656 = EDGE_CURVE('',#3590,#3037,#7657,.T.);
#7657 = SURFACE_CURVE('',#7658,(#7681,#7688),.PCURVE_S1.);
#7658 = ( BOUNDED_CURVE() B_SPLINE_CURVE(3,(#7659,#7660,#7661,#7662,
    #7663,#7664,#7665,#7666,#7667,#7668,#7669,#7670,#7671,#7672,#7673,
    #7674,#7675,#7676,#7677,#7678,#7679,#7680),.UNSPECIFIED.,.F.,.F.) 
B_SPLINE_CURVE_WITH_KNOTS((4,1,1,1,1,1,1,1,1,1,1,1,1,1,1,1,1,1,1,4),(0.,
    5.218380768594E-02,0.104924849979,0.158249728388,0.212037422186,
    0.266073258756,0.320098130577,0.373854821642,0.427134464983,
    0.479826107743,0.531971081028,0.583831321693,0.635742389654,
    0.687819682816,0.740024789052,0.792245645251,0.844362126807,
0.89631140842,0.94815736877,1.),.UNSPECIFIED.) CURVE() 
GEOMETRIC_REPRESENTATION_ITEM() RATIONAL_B_SPLINE_CURVE((1.,
    1.000000000002,0.999999999999,1.,1.,1.,1.,1.,1.,1.,1.,1.,1.,1.,1.,1.
    ,1.,1.000000000001,0.999999999997,1.000000000012,0.999999999975,1.))
 REPRESENTATION_ITEM('') );
#7659 = CARTESIAN_POINT('',(-3.038756459356,410.21007263831,
    5.600605883428E-02));
#7660 = CARTESIAN_POINT('',(-4.393800391112,410.28109576643,
    0.104831991002));
#7661 = CARTESIAN_POINT('',(-7.103662058779,410.51906966071,
    0.26391640715));
#7662 = CARTESIAN_POINT('',(-11.11004846445,411.15531935963,
    0.645498418551));
#7663 = CARTESIAN_POINT('',(-15.05695240285,412.06804076208,
    1.134087092566));
#7664 = CARTESIAN_POINT('',(-18.92750611362,413.25241441715,
    1.693298251281));
#7665 = CARTESIAN_POINT('',(-22.7048194696,414.70273538284,
    2.286998858058));
#7666 = CARTESIAN_POINT('',(-26.37212096859,416.41240652649,
    2.879300892308));
#7667 = CARTESIAN_POINT('',(-29.91299353543,418.37396460756,
    3.433800199477));
#7668 = CARTESIAN_POINT('',(-33.3116553787,420.57929929777,
    3.915865489194));
#7669 = CARTESIAN_POINT('',(-36.55274848212,423.01953746033,
    4.283599711492));
#7670 = CARTESIAN_POINT('',(-39.6225115411,425.6863077466,4.520225201901
    ));
#7671 = CARTESIAN_POINT('',(-42.50069459799,428.56416417228,
    4.51335349232));
#7672 = CARTESIAN_POINT('',(-45.16396434828,431.6286513911,4.62017511692
    ));
#7673 = CARTESIAN_POINT('',(-47.60356691261,434.86688948393,
    4.818904815591));
#7674 = CARTESIAN_POINT('',(-49.80997401378,438.26487481513,
    5.062703567312));
#7675 = CARTESIAN_POINT('',(-51.77415655635,441.80807911196,
    5.311882606801));
#7676 = CARTESIAN_POINT('',(-53.48757374784,445.48144008927,
    5.525004703274));
#7677 = CARTESIAN_POINT('',(-54.94244257976,449.27026375627,
    5.660635041065));
#7678 = CARTESIAN_POINT('',(-56.12997069638,453.1537416469,
    5.677714428938));
#7679 = CARTESIAN_POINT('',(-56.73742263519,455.78695546449,
    5.632924936645));
#7680 = CARTESIAN_POINT('',(-56.99572833893,457.11415270594,5.663671875)
  );
#7681 = PCURVE('',#3130,#7682);
#7682 = DEFINITIONAL_REPRESENTATION('',(#7683),#7687);
#7683 = LINE('',#7684,#7685);
#7684 = CARTESIAN_POINT('',(5.,0.));
#7685 = VECTOR('',#7686,1.);
#7686 = DIRECTION('',(0.,1.));
#7687 = ( GEOMETRIC_REPRESENTATION_CONTEXT(2) 
PARAMETRIC_REPRESENTATION_CONTEXT() REPRESENTATION_CONTEXT('2D SPACE',''
  ) );
#7688 = PCURVE('',#3056,#7689);
#7689 = DEFINITIONAL_REPRESENTATION('',(#7690),#7694);
#7690 = LINE('',#7691,#7692);
#7691 = CARTESIAN_POINT('',(5.,0.));
#7692 = VECTOR('',#7693,1.);
#7693 = DIRECTION('',(0.,1.));
#7694 = ( GEOMETRIC_REPRESENTATION_CONTEXT(2) 
PARAMETRIC_REPRESENTATION_CONTEXT() REPRESENTATION_CONTEXT('2D SPACE',''
  ) );
#7695 = ORIENTED_EDGE('',*,*,#3110,.T.);
#7696 = ADVANCED_FACE('',(#7697),#3056,.F.);
#7697 = FACE_BOUND('',#7698,.F.);
#7698 = EDGE_LOOP('',(#7699,#7700,#7701,#7741));
#7699 = ORIENTED_EDGE('',*,*,#7656,.F.);
#7700 = ORIENTED_EDGE('',*,*,#3610,.T.);
#7701 = ORIENTED_EDGE('',*,*,#7702,.T.);
#7702 = EDGE_CURVE('',#3611,#2963,#7703,.T.);
#7703 = SURFACE_CURVE('',#7704,(#7727,#7734),.PCURVE_S1.);
#7704 = ( BOUNDED_CURVE() B_SPLINE_CURVE(3,(#7705,#7706,#7707,#7708,
    #7709,#7710,#7711,#7712,#7713,#7714,#7715,#7716,#7717,#7718,#7719,
    #7720,#7721,#7722,#7723,#7724,#7725,#7726),.UNSPECIFIED.,.F.,.F.) 
B_SPLINE_CURVE_WITH_KNOTS((4,1,1,1,1,1,1,1,1,1,1,1,1,1,1,1,1,1,1,4),(0.,
    5.218380768594E-02,0.104924849979,0.158249728388,0.212037422186,
    0.266073258756,0.320098130577,0.373854821642,0.427134464983,
    0.479826107743,0.531971081028,0.583831321693,0.635742389654,
    0.687819682816,0.740024789052,0.792245645251,0.844362126807,
0.89631140842,0.94815736877,1.),.UNSPECIFIED.) CURVE() 
GEOMETRIC_REPRESENTATION_ITEM() RATIONAL_B_SPLINE_CURVE((1.,
    1.000000000002,0.999999999999,1.,1.,1.,1.,1.,1.,1.,1.,1.,1.,1.,1.,1.
    ,1.,1.000000000001,0.999999999997,1.000000000012,0.999999999975,1.))
 REPRESENTATION_ITEM('') );
#7705 = CARTESIAN_POINT('',(-2.970065516787,411.52077390267,
    8.850340161467E-02));
#7706 = CARTESIAN_POINT('',(-4.294478745547,411.5901915542,
    0.165660430272));
#7707 = CARTESIAN_POINT('',(-6.943084122297,411.82278606339,
    0.417053087821));
#7708 = CARTESIAN_POINT('',(-10.858906357,412.44465336737,1.020046883642
    ));
#7709 = CARTESIAN_POINT('',(-14.71659072315,413.33674274708,
    1.792137627757));
#7710 = CARTESIAN_POINT('',(-18.49965075475,414.49434369295,
    2.675829335358));
#7711 = CARTESIAN_POINT('',(-22.1915781253,415.91188022349,
    3.614022886808));
#7712 = CARTESIAN_POINT('',(-25.77598045154,417.58290433374,
    4.550006348339));
#7713 = CARTESIAN_POINT('',(-29.23681176552,419.50012148941,
    5.426252167074));
#7714 = CARTESIAN_POINT('',(-32.55864702245,421.65560469578,
    6.188034353294));
#7715 = CARTESIAN_POINT('',(-35.72647537326,424.04068139287,
    6.769145223098));
#7716 = CARTESIAN_POINT('',(-38.72684658699,426.647169466,7.143071923991
    ));
#7717 = CARTESIAN_POINT('',(-41.5399684553,429.45997208658,
    7.132212926135));
#7718 = CARTESIAN_POINT('',(-44.14303512189,432.45518672026,
    7.301017468713));
#7719 = CARTESIAN_POINT('',(-46.52749058843,435.62022459785,
    7.615059461674));
#7720 = CARTESIAN_POINT('',(-48.68402196395,438.94139863524,
    8.000321686616));
#7721 = CARTESIAN_POINT('',(-50.6038042553,442.40450897055,
    8.394086094699));
#7722 = CARTESIAN_POINT('',(-52.27848973413,445.99483380099,
    8.730871629859));
#7723 = CARTESIAN_POINT('',(-53.70047132673,449.69801129219,
    8.945201052568));
#7724 = CARTESIAN_POINT('',(-54.86115542724,453.4937033545,
    8.972190702441));
#7725 = CARTESIAN_POINT('',(-55.45487594578,456.06739349809,
    8.901412245731));
#7726 = CARTESIAN_POINT('',(-55.70734266065,457.36458951238,8.95));
#7727 = PCURVE('',#3056,#7728);
#7728 = DEFINITIONAL_REPRESENTATION('',(#7729),#7733);
#7729 = LINE('',#7730,#7731);
#7730 = CARTESIAN_POINT('',(6.,0.));
#7731 = VECTOR('',#7732,1.);
#7732 = DIRECTION('',(0.,1.));
#7733 = ( GEOMETRIC_REPRESENTATION_CONTEXT(2) 
PARAMETRIC_REPRESENTATION_CONTEXT() REPRESENTATION_CONTEXT('2D SPACE',''
  ) );
#7734 = PCURVE('',#2982,#7735);
#7735 = DEFINITIONAL_REPRESENTATION('',(#7736),#7740);
#7736 = LINE('',#7737,#7738);
#7737 = CARTESIAN_POINT('',(6.,0.));
#7738 = VECTOR('',#7739,1.);
#7739 = DIRECTION('',(0.,1.));
#7740 = ( GEOMETRIC_REPRESENTATION_CONTEXT(2) 
PARAMETRIC_REPRESENTATION_CONTEXT() REPRESENTATION_CONTEXT('2D SPACE',''
  ) );
#7741 = ORIENTED_EDGE('',*,*,#3036,.T.);
#7742 = ADVANCED_FACE('',(#7743),#2982,.F.);
#7743 = FACE_BOUND('',#7744,.F.);
#7744 = EDGE_LOOP('',(#7745,#7746,#7747,#7787));
#7745 = ORIENTED_EDGE('',*,*,#7702,.F.);
#7746 = ORIENTED_EDGE('',*,*,#3631,.T.);
#7747 = ORIENTED_EDGE('',*,*,#7748,.T.);
#7748 = EDGE_CURVE('',#3632,#2889,#7749,.T.);
#7749 = SURFACE_CURVE('',#7750,(#7773,#7780),.PCURVE_S1.);
#7750 = ( BOUNDED_CURVE() B_SPLINE_CURVE(3,(#7751,#7752,#7753,#7754,
    #7755,#7756,#7757,#7758,#7759,#7760,#7761,#7762,#7763,#7764,#7765,
    #7766,#7767,#7768,#7769,#7770,#7771,#7772),.UNSPECIFIED.,.F.,.F.) 
B_SPLINE_CURVE_WITH_KNOTS((4,1,1,1,1,1,1,1,1,1,1,1,1,1,1,1,1,1,1,4),(0.,
    5.218380768594E-02,0.104924849979,0.158249728388,0.212037422186,
    0.266073258756,0.320098130577,0.373854821642,0.427134464983,
    0.479826107743,0.531971081028,0.583831321693,0.635742389654,
    0.687819682816,0.740024789052,0.792245645251,0.844362126807,
0.89631140842,0.94815736877,1.),.UNSPECIFIED.) CURVE() 
GEOMETRIC_REPRESENTATION_ITEM() RATIONAL_B_SPLINE_CURVE((1.,
    1.000000000002,0.999999999999,1.,1.,1.,1.,1.,1.,1.,1.,1.,1.,1.,1.,1.
    ,1.,1.000000000001,0.999999999997,1.000000000012,0.999999999975,1.))
 REPRESENTATION_ITEM('') );
#7751 = CARTESIAN_POINT('',(-2.901374574218,412.83147516704,
    0.121000744395));
#7752 = CARTESIAN_POINT('',(-4.195157100854,412.89928734012,
    0.226488869424));
#7753 = CARTESIAN_POINT('',(-6.782506185405,413.12650246695,
    0.570189768546));
#7754 = CARTESIAN_POINT('',(-10.60776424967,413.73398737486,
    1.394595348718));
#7755 = CARTESIAN_POINT('',(-14.37622904342,414.60544473215,
    2.450188162952));
#7756 = CARTESIAN_POINT('',(-18.07179539588,415.73627296874,
    3.658360419433));
#7757 = CARTESIAN_POINT('',(-21.67833678099,417.12102506415,
    4.941046915558));
#7758 = CARTESIAN_POINT('',(-25.17983993449,418.753402141,6.220711804369
    ));
#7759 = CARTESIAN_POINT('',(-28.56062999561,420.62627837126,
    7.418704134672));
#7760 = CARTESIAN_POINT('',(-31.80563866621,422.73191009378,
    8.460203217394));
#7761 = CARTESIAN_POINT('',(-34.90020226441,425.06182532542,
    9.254690734705));
#7762 = CARTESIAN_POINT('',(-37.83118163289,427.6080311854,
    9.765918646082));
#7763 = CARTESIAN_POINT('',(-40.57924231261,430.35578000088,
    9.75107235995));
#7764 = CARTESIAN_POINT('',(-43.1221058955,433.28172204941,
    9.981859820506));
#7765 = CARTESIAN_POINT('',(-45.45141426424,436.37355971179,
    10.411214107758));
#7766 = CARTESIAN_POINT('',(-47.55806991413,439.6179224553,
    10.937939805921));
#7767 = CARTESIAN_POINT('',(-49.43345195424,443.00093882935,
    11.476289582596));
#7768 = CARTESIAN_POINT('',(-51.06940572047,446.50822751196,
    11.936738556449));
#7769 = CARTESIAN_POINT('',(-52.45850007351,450.12575883092,
    12.229767064054));
#7770 = CARTESIAN_POINT('',(-53.59234015882,453.83366505159,
    12.266666976006));
#7771 = CARTESIAN_POINT('',(-54.17232925483,456.34783155433,
    12.169899554684));
#7772 = CARTESIAN_POINT('',(-54.41895698238,457.61502631881,12.236328125
    ));
#7773 = PCURVE('',#2982,#7774);
#7774 = DEFINITIONAL_REPRESENTATION('',(#7775),#7779);
#7775 = LINE('',#7776,#7777);
#7776 = CARTESIAN_POINT('',(7.,0.));
#7777 = VECTOR('',#7778,1.);
#7778 = DIRECTION('',(0.,1.));
#7779 = ( GEOMETRIC_REPRESENTATION_CONTEXT(2) 
PARAMETRIC_REPRESENTATION_CONTEXT() REPRESENTATION_CONTEXT('2D SPACE',''
  ) );
#7780 = PCURVE('',#2908,#7781);
#7781 = DEFINITIONAL_REPRESENTATION('',(#7782),#7786);
#7782 = LINE('',#7783,#7784);
#7783 = CARTESIAN_POINT('',(7.,0.));
#7784 = VECTOR('',#7785,1.);
#7785 = DIRECTION('',(0.,1.));
#7786 = ( GEOMETRIC_REPRESENTATION_CONTEXT(2) 
PARAMETRIC_REPRESENTATION_CONTEXT() REPRESENTATION_CONTEXT('2D SPACE',''
  ) );
#7787 = ORIENTED_EDGE('',*,*,#2962,.T.);
#7788 = ADVANCED_FACE('',(#7789),#2908,.F.);
#7789 = FACE_BOUND('',#7790,.F.);
#7790 = EDGE_LOOP('',(#7791,#7792,#7793,#7833));
#7791 = ORIENTED_EDGE('',*,*,#7748,.F.);
#7792 = ORIENTED_EDGE('',*,*,#3652,.T.);
#7793 = ORIENTED_EDGE('',*,*,#7794,.T.);
#7794 = EDGE_CURVE('',#3653,#2815,#7795,.T.);
#7795 = SURFACE_CURVE('',#7796,(#7819,#7826),.PCURVE_S1.);
#7796 = ( BOUNDED_CURVE() B_SPLINE_CURVE(3,(#7797,#7798,#7799,#7800,
    #7801,#7802,#7803,#7804,#7805,#7806,#7807,#7808,#7809,#7810,#7811,
    #7812,#7813,#7814,#7815,#7816,#7817,#7818),.UNSPECIFIED.,.F.,.F.) 
B_SPLINE_CURVE_WITH_KNOTS((4,1,1,1,1,1,1,1,1,1,1,1,1,1,1,1,1,1,1,4),(0.,
    5.218380768594E-02,0.104924849979,0.158249728388,0.212037422186,
    0.266073258756,0.320098130577,0.373854821642,0.427134464983,
    0.479826107743,0.531971081028,0.583831321693,0.635742389654,
    0.687819682816,0.740024789052,0.792245645251,0.844362126807,
0.89631140842,0.94815736877,1.),.UNSPECIFIED.) CURVE() 
GEOMETRIC_REPRESENTATION_ITEM() RATIONAL_B_SPLINE_CURVE((1.,
    1.000000000002,0.999999999999,1.,1.,1.,1.,1.,1.,1.,1.,1.,1.,1.,1.,1.
    ,1.,1.000000000001,0.999999999997,1.000000000012,0.999999999975,1.))
 REPRESENTATION_ITEM('') );
#7797 = CARTESIAN_POINT('',(-2.832683631649,414.1421764314,
    0.149349490225));
#7798 = CARTESIAN_POINT('',(-4.095835455187,414.20838312721,
    0.279551975887));
#7799 = CARTESIAN_POINT('',(-6.621928248971,414.43021886995,
    0.70377708579));
#7800 = CARTESIAN_POINT('',(-10.3566221422,415.02332138251,
    1.721329116121));
#7801 = CARTESIAN_POINT('',(-14.03586736372,415.87414671718,
    3.024232246847));
#7802 = CARTESIAN_POINT('',(-17.64394003701,416.97820224453,
    4.515462003414));
#7803 = CARTESIAN_POINT('',(-21.16509543668,418.3301699048,
    6.098663621489));
#7804 = CARTESIAN_POINT('',(-24.58369941744,419.92389994826,
    7.678135712821));
#7805 = CARTESIAN_POINT('',(-27.88444822571,421.75243525311,
    9.156800531938));
#7806 = CARTESIAN_POINT('',(-31.05263030996,423.80821549179,
    10.442307971183));
#7807 = CARTESIAN_POINT('',(-34.07392915556,426.08296925796,
    11.422932563979));
#7808 = CARTESIAN_POINT('',(-36.93551667879,428.5688929048,
    12.053933871735));
#7809 = CARTESIAN_POINT('',(-39.61851616993,431.25158791518,
    12.035609312853));
#7810 = CARTESIAN_POINT('',(-42.10117666911,434.10825737857,
    12.320466978454));
#7811 = CARTESIAN_POINT('',(-44.37533794006,437.1268948257,
    12.850412841575));
#7812 = CARTESIAN_POINT('',(-46.4321178643,440.29444627546,
    13.500542846165));
#7813 = CARTESIAN_POINT('',(-48.26309965317,443.59736868779,
    14.165020284804));
#7814 = CARTESIAN_POINT('',(-49.86032170682,447.02162122424,
    14.73334587539));
#7815 = CARTESIAN_POINT('',(-51.21652882028,450.55350636476,
    15.095026776194));
#7816 = CARTESIAN_POINT('',(-52.32352489043,454.17362676692,
    15.140571810419));
#7817 = CARTESIAN_POINT('',(-52.88978256379,456.62826957127,
    15.021133164565));
#7818 = CARTESIAN_POINT('',(-53.1305713041,457.86546312524,15.103125));
#7819 = PCURVE('',#2908,#7820);
#7820 = DEFINITIONAL_REPRESENTATION('',(#7821),#7825);
#7821 = LINE('',#7822,#7823);
#7822 = CARTESIAN_POINT('',(8.,0.));
#7823 = VECTOR('',#7824,1.);
#7824 = DIRECTION('',(0.,1.));
#7825 = ( GEOMETRIC_REPRESENTATION_CONTEXT(2) 
PARAMETRIC_REPRESENTATION_CONTEXT() REPRESENTATION_CONTEXT('2D SPACE',''
  ) );
#7826 = PCURVE('',#2834,#7827);
#7827 = DEFINITIONAL_REPRESENTATION('',(#7828),#7832);
#7828 = LINE('',#7829,#7830);
#7829 = CARTESIAN_POINT('',(8.,0.));
#7830 = VECTOR('',#7831,1.);
#7831 = DIRECTION('',(0.,1.));
#7832 = ( GEOMETRIC_REPRESENTATION_CONTEXT(2) 
PARAMETRIC_REPRESENTATION_CONTEXT() REPRESENTATION_CONTEXT('2D SPACE',''
  ) );
#7833 = ORIENTED_EDGE('',*,*,#2888,.T.);
#7834 = ADVANCED_FACE('',(#7835),#2834,.F.);
#7835 = FACE_BOUND('',#7836,.F.);
#7836 = EDGE_LOOP('',(#7837,#7838,#7839,#7840));
#7837 = ORIENTED_EDGE('',*,*,#7794,.F.);
#7838 = ORIENTED_EDGE('',*,*,#3673,.T.);
#7839 = ORIENTED_EDGE('',*,*,#3333,.T.);
#7840 = ORIENTED_EDGE('',*,*,#2814,.T.);
#7841 = ADVANCED_FACE('',(#7842),#3469,.T.);
#7842 = FACE_BOUND('',#7843,.T.);
#7843 = EDGE_LOOP('',(#7844,#7845,#7846,#7847,#7848));
#7844 = ORIENTED_EDGE('',*,*,#7107,.T.);
#7845 = ORIENTED_EDGE('',*,*,#3505,.T.);
#7846 = ORIENTED_EDGE('',*,*,#3452,.T.);
#7847 = ORIENTED_EDGE('',*,*,#3871,.T.);
#7848 = ORIENTED_EDGE('',*,*,#7849,.F.);
#7849 = EDGE_CURVE('',#7108,#3872,#7850,.T.);
#7850 = SURFACE_CURVE('',#7851,(#7855,#7861),.PCURVE_S1.);
#7851 = LINE('',#7852,#7853);
#7852 = CARTESIAN_POINT('',(7.124232819392,332.25453977799,
    -2.775557561563E-17));
#7853 = VECTOR('',#7854,1.);
#7854 = DIRECTION('',(-5.233595624294E-02,0.998629534755,-0.));
#7855 = PCURVE('',#3469,#7856);
#7856 = DEFINITIONAL_REPRESENTATION('',(#7857),#7860);
#7857 = B_SPLINE_CURVE_WITH_KNOTS('',1,(#7858,#7859),.UNSPECIFIED.,.F.,
  .F.,(2,2),(74.125014823858,100.13463020847),.PIECEWISE_BEZIER_KNOTS.);
#7858 = CARTESIAN_POINT('',(-3.244022299658,174.65917298321));
#7859 = CARTESIAN_POINT('',(-1.882784206993,200.63314309389));
#7860 = ( GEOMETRIC_REPRESENTATION_CONTEXT(2) 
PARAMETRIC_REPRESENTATION_CONTEXT() REPRESENTATION_CONTEXT('2D SPACE',''
  ) );
#7861 = PCURVE('',#4607,#7862);
#7862 = DEFINITIONAL_REPRESENTATION('',(#7863),#7866);
#7863 = B_SPLINE_CURVE_WITH_KNOTS('',1,(#7864,#7865),.UNSPECIFIED.,.F.,
  .F.,(2,2),(74.125014823858,100.13463020847),.PIECEWISE_BEZIER_KNOTS.);
#7864 = CARTESIAN_POINT('',(26.004807247892,2.22044604925E-16));
#7865 = CARTESIAN_POINT('',(-2.84217094304E-14,0.500092447075));
#7866 = ( GEOMETRIC_REPRESENTATION_CONTEXT(2) 
PARAMETRIC_REPRESENTATION_CONTEXT() REPRESENTATION_CONTEXT('2D SPACE',''
  ) );
#7867 = ADVANCED_FACE('',(#7868),#4607,.F.);
#7868 = FACE_BOUND('',#7869,.F.);
#7869 = EDGE_LOOP('',(#7870,#7891,#7892,#7893,#7894,#7915,#7936,#7957,
    #7978,#7999,#8020,#8041));
#7870 = ORIENTED_EDGE('',*,*,#7871,.T.);
#7871 = EDGE_CURVE('',#7872,#3922,#7874,.T.);
#7872 = VERTEX_POINT('',#7873);
#7873 = CARTESIAN_POINT('',(2.695301746512,416.76357896014,
    0.177006803229));
#7874 = SURFACE_CURVE('',#7875,(#7878,#7884),.PCURVE_S1.);
#7875 = B_SPLINE_CURVE_WITH_KNOTS('',1,(#7876,#7877),.UNSPECIFIED.,.F.,
  .F.,(2,2),(10.,11.),.PIECEWISE_BEZIER_KNOTS.);
#7876 = CARTESIAN_POINT('',(2.695301746512,416.76357896014,
    0.177006803229));
#7877 = CARTESIAN_POINT('',(1.884094424746,432.24233674883,
    0.177006803229));
#7878 = PCURVE('',#4607,#7879);
#7879 = DEFINITIONAL_REPRESENTATION('',(#7880),#7883);
#7880 = B_SPLINE_CURVE_WITH_KNOTS('',1,(#7881,#7882),.UNSPECIFIED.,.F.,
  .F.,(2,2),(10.,11.),.PIECEWISE_BEZIER_KNOTS.);
#7881 = CARTESIAN_POINT('',(15.510151625304,0.378859831186));
#7882 = CARTESIAN_POINT('',(1.301695484176E-02,0.676881651772));
#7883 = ( GEOMETRIC_REPRESENTATION_CONTEXT(2) 
PARAMETRIC_REPRESENTATION_CONTEXT() REPRESENTATION_CONTEXT('2D SPACE',''
  ) );
#7884 = PCURVE('',#4341,#7885);
#7885 = DEFINITIONAL_REPRESENTATION('',(#7886),#7890);
#7886 = LINE('',#7887,#7888);
#7887 = CARTESIAN_POINT('',(0.,0.));
#7888 = VECTOR('',#7889,1.);
#7889 = DIRECTION('',(1.,0.));
#7890 = ( GEOMETRIC_REPRESENTATION_CONTEXT(2) 
PARAMETRIC_REPRESENTATION_CONTEXT() REPRESENTATION_CONTEXT('2D SPACE',''
  ) );
#7891 = ORIENTED_EDGE('',*,*,#4595,.T.);
#7892 = ORIENTED_EDGE('',*,*,#7849,.F.);
#7893 = ORIENTED_EDGE('',*,*,#7135,.F.);
#7894 = ORIENTED_EDGE('',*,*,#7895,.T.);
#7895 = EDGE_CURVE('',#7136,#7896,#7898,.T.);
#7896 = VERTEX_POINT('',#7897);
#7897 = CARTESIAN_POINT('',(3.176138344494,407.58867010958,
    7.60576107626E-03));
#7898 = SURFACE_CURVE('',#7899,(#7902,#7908),.PCURVE_S1.);
#7899 = B_SPLINE_CURVE_WITH_KNOTS('',1,(#7900,#7901),.UNSPECIFIED.,.F.,
  .F.,(2,2),(2.,3.),.PIECEWISE_BEZIER_KNOTS.);
#7900 = CARTESIAN_POINT('',(3.244829287063,406.27796884521,0.));
#7901 = CARTESIAN_POINT('',(3.176138344494,407.58867010958,
    7.60576107626E-03));
#7902 = PCURVE('',#4607,#7903);
#7903 = DEFINITIONAL_REPRESENTATION('',(#7904),#7907);
#7904 = B_SPLINE_CURVE_WITH_KNOTS('',1,(#7905,#7906),.UNSPECIFIED.,.F.,
  .F.,(2,2),(2.,3.),.PIECEWISE_BEZIER_KNOTS.);
#7905 = CARTESIAN_POINT('',(26.004807247892,0.));
#7906 = CARTESIAN_POINT('',(24.6926961142,3.284007375413E-02));
#7907 = ( GEOMETRIC_REPRESENTATION_CONTEXT(2) 
PARAMETRIC_REPRESENTATION_CONTEXT() REPRESENTATION_CONTEXT('2D SPACE',''
  ) );
#7908 = PCURVE('',#5384,#7909);
#7909 = DEFINITIONAL_REPRESENTATION('',(#7910),#7914);
#7910 = LINE('',#7911,#7912);
#7911 = CARTESIAN_POINT('',(0.,0.));
#7912 = VECTOR('',#7913,1.);
#7913 = DIRECTION('',(1.,0.));
#7914 = ( GEOMETRIC_REPRESENTATION_CONTEXT(2) 
PARAMETRIC_REPRESENTATION_CONTEXT() REPRESENTATION_CONTEXT('2D SPACE',''
  ) );
#7915 = ORIENTED_EDGE('',*,*,#7916,.T.);
#7916 = EDGE_CURVE('',#7896,#7917,#7919,.T.);
#7917 = VERTEX_POINT('',#7918);
#7918 = CARTESIAN_POINT('',(3.107447401925,408.89937137394,
    2.765731300458E-02));
#7919 = SURFACE_CURVE('',#7920,(#7923,#7929),.PCURVE_S1.);
#7920 = B_SPLINE_CURVE_WITH_KNOTS('',1,(#7921,#7922),.UNSPECIFIED.,.F.,
  .F.,(2,2),(3.,4.),.PIECEWISE_BEZIER_KNOTS.);
#7921 = CARTESIAN_POINT('',(3.176138344494,407.58867010958,
    7.60576107626E-03));
#7922 = CARTESIAN_POINT('',(3.107447401925,408.89937137394,
    2.765731300458E-02));
#7923 = PCURVE('',#4607,#7924);
#7924 = DEFINITIONAL_REPRESENTATION('',(#7925),#7928);
#7925 = B_SPLINE_CURVE_WITH_KNOTS('',1,(#7926,#7927),.UNSPECIFIED.,.F.,
  .F.,(2,2),(3.,4.),.PIECEWISE_BEZIER_KNOTS.);
#7926 = CARTESIAN_POINT('',(24.6926961142,3.284007375413E-02));
#7927 = CARTESIAN_POINT('',(23.380824278396,7.81236376318E-02));
#7928 = ( GEOMETRIC_REPRESENTATION_CONTEXT(2) 
PARAMETRIC_REPRESENTATION_CONTEXT() REPRESENTATION_CONTEXT('2D SPACE',''
  ) );
#7929 = PCURVE('',#5458,#7930);
#7930 = DEFINITIONAL_REPRESENTATION('',(#7931),#7935);
#7931 = LINE('',#7932,#7933);
#7932 = CARTESIAN_POINT('',(0.,0.));
#7933 = VECTOR('',#7934,1.);
#7934 = DIRECTION('',(1.,0.));
#7935 = ( GEOMETRIC_REPRESENTATION_CONTEXT(2) 
PARAMETRIC_REPRESENTATION_CONTEXT() REPRESENTATION_CONTEXT('2D SPACE',''
  ) );
#7936 = ORIENTED_EDGE('',*,*,#7937,.T.);
#7937 = EDGE_CURVE('',#7917,#7938,#7940,.T.);
#7938 = VERTEX_POINT('',#7939);
#7939 = CARTESIAN_POINT('',(3.038756459356,410.21007263831,
    5.600605883428E-02));
#7940 = SURFACE_CURVE('',#7941,(#7944,#7950),.PCURVE_S1.);
#7941 = B_SPLINE_CURVE_WITH_KNOTS('',1,(#7942,#7943),.UNSPECIFIED.,.F.,
  .F.,(2,2),(4.,5.),.PIECEWISE_BEZIER_KNOTS.);
#7942 = CARTESIAN_POINT('',(3.107447401925,408.89937137394,
    2.765731300458E-02));
#7943 = CARTESIAN_POINT('',(3.038756459356,410.21007263831,
    5.600605883428E-02));
#7944 = PCURVE('',#4607,#7945);
#7945 = DEFINITIONAL_REPRESENTATION('',(#7946),#7949);
#7946 = B_SPLINE_CURVE_WITH_KNOTS('',1,(#7947,#7948),.UNSPECIFIED.,.F.,
  .F.,(2,2),(4.,5.),.PIECEWISE_BEZIER_KNOTS.);
#7947 = CARTESIAN_POINT('',(23.380824278396,7.81236376318E-02));
#7948 = CARTESIAN_POINT('',(22.069111974516,0.131702861592));
#7949 = ( GEOMETRIC_REPRESENTATION_CONTEXT(2) 
PARAMETRIC_REPRESENTATION_CONTEXT() REPRESENTATION_CONTEXT('2D SPACE',''
  ) );
#7950 = PCURVE('',#5532,#7951);
#7951 = DEFINITIONAL_REPRESENTATION('',(#7952),#7956);
#7952 = LINE('',#7953,#7954);
#7953 = CARTESIAN_POINT('',(0.,0.));
#7954 = VECTOR('',#7955,1.);
#7955 = DIRECTION('',(1.,0.));
#7956 = ( GEOMETRIC_REPRESENTATION_CONTEXT(2) 
PARAMETRIC_REPRESENTATION_CONTEXT() REPRESENTATION_CONTEXT('2D SPACE',''
  ) );
#7957 = ORIENTED_EDGE('',*,*,#7958,.T.);
#7958 = EDGE_CURVE('',#7938,#7959,#7961,.T.);
#7959 = VERTEX_POINT('',#7960);
#7960 = CARTESIAN_POINT('',(2.970065516787,411.52077390267,
    8.850340161467E-02));
#7961 = SURFACE_CURVE('',#7962,(#7965,#7971),.PCURVE_S1.);
#7962 = B_SPLINE_CURVE_WITH_KNOTS('',1,(#7963,#7964),.UNSPECIFIED.,.F.,
  .F.,(2,2),(5.,6.),.PIECEWISE_BEZIER_KNOTS.);
#7963 = CARTESIAN_POINT('',(3.038756459356,410.21007263831,
    5.600605883428E-02));
#7964 = CARTESIAN_POINT('',(2.970065516787,411.52077390267,
    8.850340161467E-02));
#7965 = PCURVE('',#4607,#7966);
#7966 = DEFINITIONAL_REPRESENTATION('',(#7967),#7970);
#7967 = B_SPLINE_CURVE_WITH_KNOTS('',1,(#7968,#7969),.UNSPECIFIED.,.F.,
  .F.,(2,2),(5.,6.),.PIECEWISE_BEZIER_KNOTS.);
#7968 = CARTESIAN_POINT('',(22.069111974516,0.131702861592));
#7969 = CARTESIAN_POINT('',(20.757479436598,0.189429915593));
#7970 = ( GEOMETRIC_REPRESENTATION_CONTEXT(2) 
PARAMETRIC_REPRESENTATION_CONTEXT() REPRESENTATION_CONTEXT('2D SPACE',''
  ) );
#7971 = PCURVE('',#5606,#7972);
#7972 = DEFINITIONAL_REPRESENTATION('',(#7973),#7977);
#7973 = LINE('',#7974,#7975);
#7974 = CARTESIAN_POINT('',(0.,0.));
#7975 = VECTOR('',#7976,1.);
#7976 = DIRECTION('',(1.,0.));
#7977 = ( GEOMETRIC_REPRESENTATION_CONTEXT(2) 
PARAMETRIC_REPRESENTATION_CONTEXT() REPRESENTATION_CONTEXT('2D SPACE',''
  ) );
#7978 = ORIENTED_EDGE('',*,*,#7979,.T.);
#7979 = EDGE_CURVE('',#7959,#7980,#7982,.T.);
#7980 = VERTEX_POINT('',#7981);
#7981 = CARTESIAN_POINT('',(2.901374574218,412.83147516704,
    0.121000744395));
#7982 = SURFACE_CURVE('',#7983,(#7986,#7992),.PCURVE_S1.);
#7983 = B_SPLINE_CURVE_WITH_KNOTS('',1,(#7984,#7985),.UNSPECIFIED.,.F.,
  .F.,(2,2),(6.,7.),.PIECEWISE_BEZIER_KNOTS.);
#7984 = CARTESIAN_POINT('',(2.970065516787,411.52077390267,
    8.850340161467E-02));
#7985 = CARTESIAN_POINT('',(2.901374574218,412.83147516704,
    0.121000744395));
#7986 = PCURVE('',#4607,#7987);
#7987 = DEFINITIONAL_REPRESENTATION('',(#7988),#7991);
#7988 = B_SPLINE_CURVE_WITH_KNOTS('',1,(#7989,#7990),.UNSPECIFIED.,.F.,
  .F.,(2,2),(6.,7.),.PIECEWISE_BEZIER_KNOTS.);
#7989 = CARTESIAN_POINT('',(20.757479436598,0.189429915593));
#7990 = CARTESIAN_POINT('',(19.44584689868,0.247156969594));
#7991 = ( GEOMETRIC_REPRESENTATION_CONTEXT(2) 
PARAMETRIC_REPRESENTATION_CONTEXT() REPRESENTATION_CONTEXT('2D SPACE',''
  ) );
#7992 = PCURVE('',#5680,#7993);
#7993 = DEFINITIONAL_REPRESENTATION('',(#7994),#7998);
#7994 = LINE('',#7995,#7996);
#7995 = CARTESIAN_POINT('',(0.,0.));
#7996 = VECTOR('',#7997,1.);
#7997 = DIRECTION('',(1.,0.));
#7998 = ( GEOMETRIC_REPRESENTATION_CONTEXT(2) 
PARAMETRIC_REPRESENTATION_CONTEXT() REPRESENTATION_CONTEXT('2D SPACE',''
  ) );
#7999 = ORIENTED_EDGE('',*,*,#8000,.T.);
#8000 = EDGE_CURVE('',#7980,#8001,#8003,.T.);
#8001 = VERTEX_POINT('',#8002);
#8002 = CARTESIAN_POINT('',(2.832683631649,414.1421764314,0.149349490225
    ));
#8003 = SURFACE_CURVE('',#8004,(#8007,#8013),.PCURVE_S1.);
#8004 = B_SPLINE_CURVE_WITH_KNOTS('',1,(#8005,#8006),.UNSPECIFIED.,.F.,
  .F.,(2,2),(7.,8.),.PIECEWISE_BEZIER_KNOTS.);
#8005 = CARTESIAN_POINT('',(2.901374574218,412.83147516704,
    0.121000744395));
#8006 = CARTESIAN_POINT('',(2.832683631649,414.1421764314,0.149349490225
    ));
#8007 = PCURVE('',#4607,#8008);
#8008 = DEFINITIONAL_REPRESENTATION('',(#8009),#8012);
#8009 = B_SPLINE_CURVE_WITH_KNOTS('',1,(#8010,#8011),.UNSPECIFIED.,.F.,
  .F.,(2,2),(7.,8.),.PIECEWISE_BEZIER_KNOTS.);
#8010 = CARTESIAN_POINT('',(19.44584689868,0.247156969594));
#8011 = CARTESIAN_POINT('',(18.134134594801,0.300736193554));
#8012 = ( GEOMETRIC_REPRESENTATION_CONTEXT(2) 
PARAMETRIC_REPRESENTATION_CONTEXT() REPRESENTATION_CONTEXT('2D SPACE',''
  ) );
#8013 = PCURVE('',#5754,#8014);
#8014 = DEFINITIONAL_REPRESENTATION('',(#8015),#8019);
#8015 = LINE('',#8016,#8017);
#8016 = CARTESIAN_POINT('',(0.,0.));
#8017 = VECTOR('',#8018,1.);
#8018 = DIRECTION('',(1.,0.));
#8019 = ( GEOMETRIC_REPRESENTATION_CONTEXT(2) 
PARAMETRIC_REPRESENTATION_CONTEXT() REPRESENTATION_CONTEXT('2D SPACE',''
  ) );
#8020 = ORIENTED_EDGE('',*,*,#8021,.T.);
#8021 = EDGE_CURVE('',#8001,#8022,#8024,.T.);
#8022 = VERTEX_POINT('',#8023);
#8023 = CARTESIAN_POINT('',(2.76399268908,415.45287769577,0.169401042153
    ));
#8024 = SURFACE_CURVE('',#8025,(#8028,#8034),.PCURVE_S1.);
#8025 = B_SPLINE_CURVE_WITH_KNOTS('',1,(#8026,#8027),.UNSPECIFIED.,.F.,
  .F.,(2,2),(8.,9.),.PIECEWISE_BEZIER_KNOTS.);
#8026 = CARTESIAN_POINT('',(2.832683631649,414.1421764314,0.149349490225
    ));
#8027 = CARTESIAN_POINT('',(2.76399268908,415.45287769577,0.169401042153
    ));
#8028 = PCURVE('',#4607,#8029);
#8029 = DEFINITIONAL_REPRESENTATION('',(#8030),#8033);
#8030 = B_SPLINE_CURVE_WITH_KNOTS('',1,(#8031,#8032),.UNSPECIFIED.,.F.,
  .F.,(2,2),(8.,9.),.PIECEWISE_BEZIER_KNOTS.);
#8031 = CARTESIAN_POINT('',(18.134134594801,0.300736193554));
#8032 = CARTESIAN_POINT('',(16.822262758996,0.346019757432));
#8033 = ( GEOMETRIC_REPRESENTATION_CONTEXT(2) 
PARAMETRIC_REPRESENTATION_CONTEXT() REPRESENTATION_CONTEXT('2D SPACE',''
  ) );
#8034 = PCURVE('',#5828,#8035);
#8035 = DEFINITIONAL_REPRESENTATION('',(#8036),#8040);
#8036 = LINE('',#8037,#8038);
#8037 = CARTESIAN_POINT('',(0.,0.));
#8038 = VECTOR('',#8039,1.);
#8039 = DIRECTION('',(1.,0.));
#8040 = ( GEOMETRIC_REPRESENTATION_CONTEXT(2) 
PARAMETRIC_REPRESENTATION_CONTEXT() REPRESENTATION_CONTEXT('2D SPACE',''
  ) );
#8041 = ORIENTED_EDGE('',*,*,#8042,.T.);
#8042 = EDGE_CURVE('',#8022,#7872,#8043,.T.);
#8043 = SURFACE_CURVE('',#8044,(#8047,#8053),.PCURVE_S1.);
#8044 = B_SPLINE_CURVE_WITH_KNOTS('',1,(#8045,#8046),.UNSPECIFIED.,.F.,
  .F.,(2,2),(9.,10.),.PIECEWISE_BEZIER_KNOTS.);
#8045 = CARTESIAN_POINT('',(2.76399268908,415.45287769577,0.169401042153
    ));
#8046 = CARTESIAN_POINT('',(2.695301746512,416.76357896014,
    0.177006803229));
#8047 = PCURVE('',#4607,#8048);
#8048 = DEFINITIONAL_REPRESENTATION('',(#8049),#8052);
#8049 = B_SPLINE_CURVE_WITH_KNOTS('',1,(#8050,#8051),.UNSPECIFIED.,.F.,
  .F.,(2,2),(9.,10.),.PIECEWISE_BEZIER_KNOTS.);
#8050 = CARTESIAN_POINT('',(16.822262758996,0.346019757432));
#8051 = CARTESIAN_POINT('',(15.510151625304,0.378859831186));
#8052 = ( GEOMETRIC_REPRESENTATION_CONTEXT(2) 
PARAMETRIC_REPRESENTATION_CONTEXT() REPRESENTATION_CONTEXT('2D SPACE',''
  ) );
#8053 = PCURVE('',#5900,#8054);
#8054 = DEFINITIONAL_REPRESENTATION('',(#8055),#8059);
#8055 = LINE('',#8056,#8057);
#8056 = CARTESIAN_POINT('',(0.,0.));
#8057 = VECTOR('',#8058,1.);
#8058 = DIRECTION('',(1.,0.));
#8059 = ( GEOMETRIC_REPRESENTATION_CONTEXT(2) 
PARAMETRIC_REPRESENTATION_CONTEXT() REPRESENTATION_CONTEXT('2D SPACE',''
  ) );
#8060 = ADVANCED_FACE('',(#8061,#8109),#4341,.T.);
#8061 = FACE_BOUND('',#8062,.T.);
#8062 = EDGE_LOOP('',(#8063,#8103,#8104,#8105,#8106,#8107,#8108));
#8063 = ORIENTED_EDGE('',*,*,#8064,.F.);
#8064 = EDGE_CURVE('',#7872,#5310,#8065,.T.);
#8065 = SURFACE_CURVE('',#8066,(#8089,#8096),.PCURVE_S1.);
#8066 = ( BOUNDED_CURVE() B_SPLINE_CURVE(3,(#8067,#8068,#8069,#8070,
    #8071,#8072,#8073,#8074,#8075,#8076,#8077,#8078,#8079,#8080,#8081,
    #8082,#8083,#8084,#8085,#8086,#8087,#8088),.UNSPECIFIED.,.F.,.F.) 
B_SPLINE_CURVE_WITH_KNOTS((4,1,1,1,1,1,1,1,1,1,1,1,1,1,1,1,1,1,1,4),(0.,
    5.218380768594E-02,0.104924849979,0.158249728388,0.212037422186,
    0.266073258756,0.320098130577,0.373854821642,0.427134464983,
    0.479826107743,0.531971081028,0.583831321693,0.635742389654,
    0.687819682816,0.740024789052,0.792245645251,0.844362126807,
0.89631140842,0.94815736877,1.),.UNSPECIFIED.) CURVE() 
GEOMETRIC_REPRESENTATION_ITEM() RATIONAL_B_SPLINE_CURVE((1.,
    1.000000000002,0.999999999999,1.,1.,1.,1.,1.,1.,1.,1.,1.,1.,1.,1.,1.
    ,1.,1.000000000001,0.999999999997,1.000000000012,0.999999999975,1.))
 REPRESENTATION_ITEM('') );
#8067 = CARTESIAN_POINT('',(2.695301746512,416.76357896014,
    0.177006803229));
#8068 = CARTESIAN_POINT('',(3.89719216631,416.82657471876,0.331320860543
    ));
#8069 = CARTESIAN_POINT('',(6.30077237495,417.03765166781,0.834106175641
    ));
#8070 = CARTESIAN_POINT('',(9.854337927599,417.60198940002,
    2.040093767284));
#8071 = CARTESIAN_POINT('',(13.355144004248,418.41155068663,
    3.584275255514));
#8072 = CARTESIAN_POINT('',(16.788229319297,419.46206079629,
    5.351658670715));
#8073 = CARTESIAN_POINT('',(20.138612748068,420.74845958607,
    7.228045773616));
#8074 = CARTESIAN_POINT('',(23.391418383343,422.26489556278,
    9.100012696677));
#8075 = CARTESIAN_POINT('',(26.532084685895,424.00474901682,
    10.852504334148));
#8076 = CARTESIAN_POINT('',(29.546613597473,425.9608262878,
    12.376068706587));
#8077 = CARTESIAN_POINT('',(32.421382937855,428.12525712305,
    13.538290446197));
#8078 = CARTESIAN_POINT('',(35.144186770581,430.4906163436,
    14.286143847982));
#8079 = CARTESIAN_POINT('',(37.697063884552,433.04320374377,
    14.26442585227));
#8080 = CARTESIAN_POINT('',(40.059318216343,435.76132803689,
    14.602034937427));
#8081 = CARTESIAN_POINT('',(42.223185291702,438.63356505356,
    15.230118923348));
#8082 = CARTESIAN_POINT('',(44.180213764651,441.64749391568,
    16.000643373233));
#8083 = CARTESIAN_POINT('',(45.922395051067,444.79022840501,
    16.788172189398));
#8084 = CARTESIAN_POINT('',(47.442153679453,448.04840864753,
    17.461743259718));
#8085 = CARTESIAN_POINT('',(48.732586314058,451.4090014372,
    17.890402105135));
#8086 = CARTESIAN_POINT('',(49.78589435275,454.85355017986,
    17.944381404882));
#8087 = CARTESIAN_POINT('',(50.324689183696,457.18914564334,
    17.802824491462));
#8088 = CARTESIAN_POINT('',(50.553799947555,458.3663367381,17.9));
#8089 = PCURVE('',#4341,#8090);
#8090 = DEFINITIONAL_REPRESENTATION('',(#8091),#8095);
#8091 = LINE('',#8092,#8093);
#8092 = CARTESIAN_POINT('',(10.,0.));
#8093 = VECTOR('',#8094,1.);
#8094 = DIRECTION('',(0.,1.));
#8095 = ( GEOMETRIC_REPRESENTATION_CONTEXT(2) 
PARAMETRIC_REPRESENTATION_CONTEXT() REPRESENTATION_CONTEXT('2D SPACE',''
  ) );
#8096 = PCURVE('',#5900,#8097);
#8097 = DEFINITIONAL_REPRESENTATION('',(#8098),#8102);
#8098 = LINE('',#8099,#8100);
#8099 = CARTESIAN_POINT('',(10.,0.));
#8100 = VECTOR('',#8101,1.);
#8101 = DIRECTION('',(0.,1.));
#8102 = ( GEOMETRIC_REPRESENTATION_CONTEXT(2) 
PARAMETRIC_REPRESENTATION_CONTEXT() REPRESENTATION_CONTEXT('2D SPACE',''
  ) );
#8103 = ORIENTED_EDGE('',*,*,#7871,.T.);
#8104 = ORIENTED_EDGE('',*,*,#3921,.T.);
#8105 = ORIENTED_EDGE('',*,*,#4670,.T.);
#8106 = ORIENTED_EDGE('',*,*,#4825,.T.);
#8107 = ORIENTED_EDGE('',*,*,#4980,.T.);
#8108 = ORIENTED_EDGE('',*,*,#5309,.T.);
#8109 = FACE_BOUND('',#8110,.T.);
#8110 = EDGE_LOOP('',(#8111,#8112));
#8111 = ORIENTED_EDGE('',*,*,#6341,.T.);
#8112 = ORIENTED_EDGE('',*,*,#6743,.T.);
#8113 = ADVANCED_FACE('',(#8114),#5900,.T.);
#8114 = FACE_BOUND('',#8115,.T.);
#8115 = EDGE_LOOP('',(#8116,#8156,#8157,#8158));
#8116 = ORIENTED_EDGE('',*,*,#8117,.F.);
#8117 = EDGE_CURVE('',#8022,#5809,#8118,.T.);
#8118 = SURFACE_CURVE('',#8119,(#8142,#8149),.PCURVE_S1.);
#8119 = ( BOUNDED_CURVE() B_SPLINE_CURVE(3,(#8120,#8121,#8122,#8123,
    #8124,#8125,#8126,#8127,#8128,#8129,#8130,#8131,#8132,#8133,#8134,
    #8135,#8136,#8137,#8138,#8139,#8140,#8141),.UNSPECIFIED.,.F.,.F.) 
B_SPLINE_CURVE_WITH_KNOTS((4,1,1,1,1,1,1,1,1,1,1,1,1,1,1,1,1,1,1,4),(0.,
    5.218380768594E-02,0.104924849979,0.158249728388,0.212037422186,
    0.266073258756,0.320098130577,0.373854821642,0.427134464983,
    0.479826107743,0.531971081028,0.583831321693,0.635742389654,
    0.687819682816,0.740024789052,0.792245645251,0.844362126807,
0.89631140842,0.94815736877,1.),.UNSPECIFIED.) CURVE() 
GEOMETRIC_REPRESENTATION_ITEM() RATIONAL_B_SPLINE_CURVE((1.,
    1.000000000002,0.999999999999,1.,1.,1.,1.,1.,1.,1.,1.,1.,1.,1.,1.,1.
    ,1.,1.000000000001,0.999999999997,1.000000000012,0.999999999975,1.))
 REPRESENTATION_ITEM('') );
#8120 = CARTESIAN_POINT('',(2.76399268908,415.45287769577,0.169401042153
    ));
#8121 = CARTESIAN_POINT('',(3.996513810377,415.51747892336,
    0.317084417103));
#8122 = CARTESIAN_POINT('',(6.461350312134,415.73393526871,
    0.798265676007));
#8123 = CARTESIAN_POINT('',(10.105480034856,416.31265539131,
    1.952433488193));
#8124 = CARTESIAN_POINT('',(13.695505684001,417.14284870189,
    3.430263428136));
#8125 = CARTESIAN_POINT('',(17.216084678154,418.22013152041,
    5.121704587206));
#8126 = CARTESIAN_POINT('',(20.651854092378,419.53931474543,
    6.917465681782));
#8127 = CARTESIAN_POINT('',(23.987558900393,421.09439775552,
    8.708996526117));
#8128 = CARTESIAN_POINT('',(27.208266455803,422.87859213497,
    10.38618578854));
#8129 = CARTESIAN_POINT('',(30.299621953719,424.88452088979,
    11.844284504351));
#8130 = CARTESIAN_POINT('',(33.247656046708,427.1041131905,
    12.956567028587));
#8131 = CARTESIAN_POINT('',(36.039851724685,429.5297546242,
    13.672286104514));
#8132 = CARTESIAN_POINT('',(38.657790027241,432.14739582947,
    13.651501303931));
#8133 = CARTESIAN_POINT('',(41.080247442731,434.93479270773,
    13.974603748709));
#8134 = CARTESIAN_POINT('',(43.299261615884,437.88022993964,
    14.575699750861));
#8135 = CARTESIAN_POINT('',(45.306165814479,440.97097009555,
    15.313115728289));
#8136 = CARTESIAN_POINT('',(47.092747352126,444.19379854648,
    16.066805415635));
#8137 = CARTESIAN_POINT('',(48.651237693128,447.5350149356,
    16.711433979028));
#8138 = CARTESIAN_POINT('',(49.974557567207,450.98125390206,
    17.121673889677));
#8139 = CARTESIAN_POINT('',(51.05470962145,454.51358846935,
    17.173333766404));
#8140 = CARTESIAN_POINT('',(51.607235874054,456.90870761601,
    17.037859376566));
#8141 = CARTESIAN_POINT('',(51.84218562583,458.11589993167,17.130859375)
  );
#8142 = PCURVE('',#5900,#8143);
#8143 = DEFINITIONAL_REPRESENTATION('',(#8144),#8148);
#8144 = LINE('',#8145,#8146);
#8145 = CARTESIAN_POINT('',(9.,0.));
#8146 = VECTOR('',#8147,1.);
#8147 = DIRECTION('',(0.,1.));
#8148 = ( GEOMETRIC_REPRESENTATION_CONTEXT(2) 
PARAMETRIC_REPRESENTATION_CONTEXT() REPRESENTATION_CONTEXT('2D SPACE',''
  ) );
#8149 = PCURVE('',#5828,#8150);
#8150 = DEFINITIONAL_REPRESENTATION('',(#8151),#8155);
#8151 = LINE('',#8152,#8153);
#8152 = CARTESIAN_POINT('',(9.,0.));
#8153 = VECTOR('',#8154,1.);
#8154 = DIRECTION('',(0.,1.));
#8155 = ( GEOMETRIC_REPRESENTATION_CONTEXT(2) 
PARAMETRIC_REPRESENTATION_CONTEXT() REPRESENTATION_CONTEXT('2D SPACE',''
  ) );
#8156 = ORIENTED_EDGE('',*,*,#8042,.T.);
#8157 = ORIENTED_EDGE('',*,*,#8064,.T.);
#8158 = ORIENTED_EDGE('',*,*,#5882,.T.);
#8159 = ADVANCED_FACE('',(#8160),#5828,.T.);
#8160 = FACE_BOUND('',#8161,.T.);
#8161 = EDGE_LOOP('',(#8162,#8202,#8203,#8204));
#8162 = ORIENTED_EDGE('',*,*,#8163,.F.);
#8163 = EDGE_CURVE('',#8001,#5735,#8164,.T.);
#8164 = SURFACE_CURVE('',#8165,(#8188,#8195),.PCURVE_S1.);
#8165 = ( BOUNDED_CURVE() B_SPLINE_CURVE(3,(#8166,#8167,#8168,#8169,
    #8170,#8171,#8172,#8173,#8174,#8175,#8176,#8177,#8178,#8179,#8180,
    #8181,#8182,#8183,#8184,#8185,#8186,#8187),.UNSPECIFIED.,.F.,.F.) 
B_SPLINE_CURVE_WITH_KNOTS((4,1,1,1,1,1,1,1,1,1,1,1,1,1,1,1,1,1,1,4),(0.,
    5.218380768594E-02,0.104924849979,0.158249728388,0.212037422186,
    0.266073258756,0.320098130577,0.373854821642,0.427134464983,
    0.479826107743,0.531971081028,0.583831321693,0.635742389654,
    0.687819682816,0.740024789052,0.792245645251,0.844362126807,
0.89631140842,0.94815736877,1.),.UNSPECIFIED.) CURVE() 
GEOMETRIC_REPRESENTATION_ITEM() RATIONAL_B_SPLINE_CURVE((1.,
    1.000000000002,0.999999999999,1.,1.,1.,1.,1.,1.,1.,1.,1.,1.,1.,1.,1.
    ,1.,1.000000000001,0.999999999997,1.000000000012,0.999999999975,1.))
 REPRESENTATION_ITEM('') );
#8166 = CARTESIAN_POINT('',(2.832683631649,414.1421764314,0.149349490225
    ));
#8167 = CARTESIAN_POINT('',(4.095835455187,414.20838312721,
    0.279551975887));
#8168 = CARTESIAN_POINT('',(6.621928248971,414.43021886995,0.70377708579
    ));
#8169 = CARTESIAN_POINT('',(10.356622142208,415.02332138251,
    1.721329116121));
#8170 = CARTESIAN_POINT('',(14.035867363728,415.87414671718,
    3.024232246847));
#8171 = CARTESIAN_POINT('',(17.643940037017,416.97820224453,
    4.515462003414));
#8172 = CARTESIAN_POINT('',(21.165095436686,418.3301699048,
    6.098663621489));
#8173 = CARTESIAN_POINT('',(24.583699417444,419.92389994826,
    7.678135712821));
#8174 = CARTESIAN_POINT('',(27.884448225711,421.75243525311,
    9.156800531938));
#8175 = CARTESIAN_POINT('',(31.052630309965,423.80821549179,
    10.442307971183));
#8176 = CARTESIAN_POINT('',(34.073929155561,426.08296925796,
    11.422932563979));
#8177 = CARTESIAN_POINT('',(36.93551667879,428.5688929048,
    12.053933871735));
#8178 = CARTESIAN_POINT('',(39.61851616993,431.25158791518,
    12.035609312853));
#8179 = CARTESIAN_POINT('',(42.101176669118,434.10825737857,
    12.320466978454));
#8180 = CARTESIAN_POINT('',(44.375337940066,437.1268948257,
    12.850412841575));
#8181 = CARTESIAN_POINT('',(46.432117864307,440.29444627546,
    13.500542846165));
#8182 = CARTESIAN_POINT('',(48.263099653179,443.59736868779,
    14.165020284804));
#8183 = CARTESIAN_POINT('',(49.860321706824,447.02162122424,
    14.73334587539));
#8184 = CARTESIAN_POINT('',(51.21652882028,450.55350636476,
    15.095026776194));
#8185 = CARTESIAN_POINT('',(52.323524890435,454.17362676692,
    15.140571810419));
#8186 = CARTESIAN_POINT('',(52.889782563798,456.62826957127,
    15.021133164565));
#8187 = CARTESIAN_POINT('',(53.130571304105,457.86546312524,15.103125));
#8188 = PCURVE('',#5828,#8189);
#8189 = DEFINITIONAL_REPRESENTATION('',(#8190),#8194);
#8190 = LINE('',#8191,#8192);
#8191 = CARTESIAN_POINT('',(8.,0.));
#8192 = VECTOR('',#8193,1.);
#8193 = DIRECTION('',(0.,1.));
#8194 = ( GEOMETRIC_REPRESENTATION_CONTEXT(2) 
PARAMETRIC_REPRESENTATION_CONTEXT() REPRESENTATION_CONTEXT('2D SPACE',''
  ) );
#8195 = PCURVE('',#5754,#8196);
#8196 = DEFINITIONAL_REPRESENTATION('',(#8197),#8201);
#8197 = LINE('',#8198,#8199);
#8198 = CARTESIAN_POINT('',(8.,0.));
#8199 = VECTOR('',#8200,1.);
#8200 = DIRECTION('',(0.,1.));
#8201 = ( GEOMETRIC_REPRESENTATION_CONTEXT(2) 
PARAMETRIC_REPRESENTATION_CONTEXT() REPRESENTATION_CONTEXT('2D SPACE',''
  ) );
#8202 = ORIENTED_EDGE('',*,*,#8021,.T.);
#8203 = ORIENTED_EDGE('',*,*,#8117,.T.);
#8204 = ORIENTED_EDGE('',*,*,#5808,.T.);
#8205 = ADVANCED_FACE('',(#8206),#5754,.T.);
#8206 = FACE_BOUND('',#8207,.T.);
#8207 = EDGE_LOOP('',(#8208,#8248,#8249,#8250));
#8208 = ORIENTED_EDGE('',*,*,#8209,.F.);
#8209 = EDGE_CURVE('',#7980,#5661,#8210,.T.);
#8210 = SURFACE_CURVE('',#8211,(#8234,#8241),.PCURVE_S1.);
#8211 = ( BOUNDED_CURVE() B_SPLINE_CURVE(3,(#8212,#8213,#8214,#8215,
    #8216,#8217,#8218,#8219,#8220,#8221,#8222,#8223,#8224,#8225,#8226,
    #8227,#8228,#8229,#8230,#8231,#8232,#8233),.UNSPECIFIED.,.F.,.F.) 
B_SPLINE_CURVE_WITH_KNOTS((4,1,1,1,1,1,1,1,1,1,1,1,1,1,1,1,1,1,1,4),(0.,
    5.218380768594E-02,0.104924849979,0.158249728388,0.212037422186,
    0.266073258756,0.320098130577,0.373854821642,0.427134464983,
    0.479826107743,0.531971081028,0.583831321693,0.635742389654,
    0.687819682816,0.740024789052,0.792245645251,0.844362126807,
0.89631140842,0.94815736877,1.),.UNSPECIFIED.) CURVE() 
GEOMETRIC_REPRESENTATION_ITEM() RATIONAL_B_SPLINE_CURVE((1.,
    1.000000000002,0.999999999999,1.,1.,1.,1.,1.,1.,1.,1.,1.,1.,1.,1.,1.
    ,1.,1.000000000001,0.999999999997,1.000000000012,0.999999999975,1.))
 REPRESENTATION_ITEM('') );
#8212 = CARTESIAN_POINT('',(2.901374574218,412.83147516704,
    0.121000744395));
#8213 = CARTESIAN_POINT('',(4.195157100854,412.89928734012,
    0.226488869424));
#8214 = CARTESIAN_POINT('',(6.782506185405,413.12650246695,
    0.570189768546));
#8215 = CARTESIAN_POINT('',(10.60776424967,413.73398737486,
    1.394595348718));
#8216 = CARTESIAN_POINT('',(14.376229043425,414.60544473215,
    2.450188162952));
#8217 = CARTESIAN_POINT('',(18.071795395889,415.73627296874,
    3.658360419433));
#8218 = CARTESIAN_POINT('',(21.678336780991,417.12102506415,
    4.941046915558));
#8219 = CARTESIAN_POINT('',(25.179839934496,418.753402141,6.220711804369
    ));
#8220 = CARTESIAN_POINT('',(28.560629995618,420.62627837126,
    7.418704134672));
#8221 = CARTESIAN_POINT('',(31.805638666211,422.73191009378,
    8.460203217394));
#8222 = CARTESIAN_POINT('',(34.900202264414,425.06182532542,
    9.254690734705));
#8223 = CARTESIAN_POINT('',(37.831181632894,427.6080311854,
    9.765918646082));
#8224 = CARTESIAN_POINT('',(40.579242312619,430.35578000088,
    9.75107235995));
#8225 = CARTESIAN_POINT('',(43.122105895506,433.28172204941,
    9.981859820506));
#8226 = CARTESIAN_POINT('',(45.451414264248,436.37355971179,
    10.411214107758));
#8227 = CARTESIAN_POINT('',(47.558069914133,439.6179224553,
    10.937939805921));
#8228 = CARTESIAN_POINT('',(49.433451954244,443.00093882935,
    11.476289582596));
#8229 = CARTESIAN_POINT('',(51.069405720477,446.50822751196,
    11.936738556449));
#8230 = CARTESIAN_POINT('',(52.458500073514,450.12575883092,
    12.229767064054));
#8231 = CARTESIAN_POINT('',(53.592340158821,453.83366505159,
    12.266666976006));
#8232 = CARTESIAN_POINT('',(54.172329254834,456.34783155433,
    12.169899554684));
#8233 = CARTESIAN_POINT('',(54.41895698238,457.61502631881,12.236328125)
  );
#8234 = PCURVE('',#5754,#8235);
#8235 = DEFINITIONAL_REPRESENTATION('',(#8236),#8240);
#8236 = LINE('',#8237,#8238);
#8237 = CARTESIAN_POINT('',(7.,0.));
#8238 = VECTOR('',#8239,1.);
#8239 = DIRECTION('',(0.,1.));
#8240 = ( GEOMETRIC_REPRESENTATION_CONTEXT(2) 
PARAMETRIC_REPRESENTATION_CONTEXT() REPRESENTATION_CONTEXT('2D SPACE',''
  ) );
#8241 = PCURVE('',#5680,#8242);
#8242 = DEFINITIONAL_REPRESENTATION('',(#8243),#8247);
#8243 = LINE('',#8244,#8245);
#8244 = CARTESIAN_POINT('',(7.,0.));
#8245 = VECTOR('',#8246,1.);
#8246 = DIRECTION('',(0.,1.));
#8247 = ( GEOMETRIC_REPRESENTATION_CONTEXT(2) 
PARAMETRIC_REPRESENTATION_CONTEXT() REPRESENTATION_CONTEXT('2D SPACE',''
  ) );
#8248 = ORIENTED_EDGE('',*,*,#8000,.T.);
#8249 = ORIENTED_EDGE('',*,*,#8163,.T.);
#8250 = ORIENTED_EDGE('',*,*,#5734,.T.);
#8251 = ADVANCED_FACE('',(#8252),#5680,.T.);
#8252 = FACE_BOUND('',#8253,.T.);
#8253 = EDGE_LOOP('',(#8254,#8294,#8295,#8296));
#8254 = ORIENTED_EDGE('',*,*,#8255,.F.);
#8255 = EDGE_CURVE('',#7959,#5587,#8256,.T.);
#8256 = SURFACE_CURVE('',#8257,(#8280,#8287),.PCURVE_S1.);
#8257 = ( BOUNDED_CURVE() B_SPLINE_CURVE(3,(#8258,#8259,#8260,#8261,
    #8262,#8263,#8264,#8265,#8266,#8267,#8268,#8269,#8270,#8271,#8272,
    #8273,#8274,#8275,#8276,#8277,#8278,#8279),.UNSPECIFIED.,.F.,.F.) 
B_SPLINE_CURVE_WITH_KNOTS((4,1,1,1,1,1,1,1,1,1,1,1,1,1,1,1,1,1,1,4),(0.,
    5.218380768594E-02,0.104924849979,0.158249728388,0.212037422186,
    0.266073258756,0.320098130577,0.373854821642,0.427134464983,
    0.479826107743,0.531971081028,0.583831321693,0.635742389654,
    0.687819682816,0.740024789052,0.792245645251,0.844362126807,
0.89631140842,0.94815736877,1.),.UNSPECIFIED.) CURVE() 
GEOMETRIC_REPRESENTATION_ITEM() RATIONAL_B_SPLINE_CURVE((1.,
    1.000000000002,0.999999999999,1.,1.,1.,1.,1.,1.,1.,1.,1.,1.,1.,1.,1.
    ,1.,1.000000000001,0.999999999997,1.000000000012,0.999999999975,1.))
 REPRESENTATION_ITEM('') );
#8258 = CARTESIAN_POINT('',(2.970065516787,411.52077390267,
    8.850340161467E-02));
#8259 = CARTESIAN_POINT('',(4.294478745547,411.5901915542,0.165660430272
    ));
#8260 = CARTESIAN_POINT('',(6.943084122297,411.82278606339,
    0.417053087821));
#8261 = CARTESIAN_POINT('',(10.858906357007,412.44465336737,
    1.020046883642));
#8262 = CARTESIAN_POINT('',(14.716590723156,413.33674274708,
    1.792137627757));
#8263 = CARTESIAN_POINT('',(18.499650754751,414.49434369295,
    2.675829335358));
#8264 = CARTESIAN_POINT('',(22.1915781253,415.91188022349,3.614022886808
    ));
#8265 = CARTESIAN_POINT('',(25.775980451547,417.58290433374,
    4.550006348339));
#8266 = CARTESIAN_POINT('',(29.236811765526,419.50012148941,
    5.426252167074));
#8267 = CARTESIAN_POINT('',(32.558647022458,421.65560469578,
    6.188034353294));
#8268 = CARTESIAN_POINT('',(35.726475373267,424.04068139287,
    6.769145223098));
#8269 = CARTESIAN_POINT('',(38.726846586999,426.647169466,7.143071923991
    ));
#8270 = CARTESIAN_POINT('',(41.539968455308,429.45997208658,
    7.132212926135));
#8271 = CARTESIAN_POINT('',(44.143035121893,432.45518672026,
    7.301017468713));
#8272 = CARTESIAN_POINT('',(46.52749058843,435.62022459785,
    7.615059461674));
#8273 = CARTESIAN_POINT('',(48.684021963959,438.94139863524,
    8.000321686616));
#8274 = CARTESIAN_POINT('',(50.603804255308,442.40450897055,
    8.394086094699));
#8275 = CARTESIAN_POINT('',(52.278489734132,445.99483380099,
    8.730871629859));
#8276 = CARTESIAN_POINT('',(53.700471326736,449.69801129219,
    8.945201052568));
#8277 = CARTESIAN_POINT('',(54.861155427248,453.4937033545,
    8.972190702441));
#8278 = CARTESIAN_POINT('',(55.454875945781,456.06739349809,
    8.901412245731));
#8279 = CARTESIAN_POINT('',(55.707342660655,457.36458951238,8.95));
#8280 = PCURVE('',#5680,#8281);
#8281 = DEFINITIONAL_REPRESENTATION('',(#8282),#8286);
#8282 = LINE('',#8283,#8284);
#8283 = CARTESIAN_POINT('',(6.,0.));
#8284 = VECTOR('',#8285,1.);
#8285 = DIRECTION('',(0.,1.));
#8286 = ( GEOMETRIC_REPRESENTATION_CONTEXT(2) 
PARAMETRIC_REPRESENTATION_CONTEXT() REPRESENTATION_CONTEXT('2D SPACE',''
  ) );
#8287 = PCURVE('',#5606,#8288);
#8288 = DEFINITIONAL_REPRESENTATION('',(#8289),#8293);
#8289 = LINE('',#8290,#8291);
#8290 = CARTESIAN_POINT('',(6.,0.));
#8291 = VECTOR('',#8292,1.);
#8292 = DIRECTION('',(0.,1.));
#8293 = ( GEOMETRIC_REPRESENTATION_CONTEXT(2) 
PARAMETRIC_REPRESENTATION_CONTEXT() REPRESENTATION_CONTEXT('2D SPACE',''
  ) );
#8294 = ORIENTED_EDGE('',*,*,#7979,.T.);
#8295 = ORIENTED_EDGE('',*,*,#8209,.T.);
#8296 = ORIENTED_EDGE('',*,*,#5660,.T.);
#8297 = ADVANCED_FACE('',(#8298),#5606,.T.);
#8298 = FACE_BOUND('',#8299,.T.);
#8299 = EDGE_LOOP('',(#8300,#8340,#8341,#8342));
#8300 = ORIENTED_EDGE('',*,*,#8301,.F.);
#8301 = EDGE_CURVE('',#7938,#5513,#8302,.T.);
#8302 = SURFACE_CURVE('',#8303,(#8326,#8333),.PCURVE_S1.);
#8303 = ( BOUNDED_CURVE() B_SPLINE_CURVE(3,(#8304,#8305,#8306,#8307,
    #8308,#8309,#8310,#8311,#8312,#8313,#8314,#8315,#8316,#8317,#8318,
    #8319,#8320,#8321,#8322,#8323,#8324,#8325),.UNSPECIFIED.,.F.,.F.) 
B_SPLINE_CURVE_WITH_KNOTS((4,1,1,1,1,1,1,1,1,1,1,1,1,1,1,1,1,1,1,4),(0.,
    5.218380768594E-02,0.104924849979,0.158249728388,0.212037422186,
    0.266073258756,0.320098130577,0.373854821642,0.427134464983,
    0.479826107743,0.531971081028,0.583831321693,0.635742389654,
    0.687819682816,0.740024789052,0.792245645251,0.844362126807,
0.89631140842,0.94815736877,1.),.UNSPECIFIED.) CURVE() 
GEOMETRIC_REPRESENTATION_ITEM() RATIONAL_B_SPLINE_CURVE((1.,
    1.000000000002,0.999999999999,1.,1.,1.,1.,1.,1.,1.,1.,1.,1.,1.,1.,1.
    ,1.,1.000000000001,0.999999999997,1.000000000012,0.999999999975,1.))
 REPRESENTATION_ITEM('') );
#8304 = CARTESIAN_POINT('',(3.038756459356,410.21007263831,
    5.600605883428E-02));
#8305 = CARTESIAN_POINT('',(4.393800391112,410.28109576643,
    0.104831991002));
#8306 = CARTESIAN_POINT('',(7.103662058779,410.51906966071,0.26391640715
    ));
#8307 = CARTESIAN_POINT('',(11.110048464455,411.15531935963,
    0.645498418551));
#8308 = CARTESIAN_POINT('',(15.056952402857,412.06804076208,
    1.134087092566));
#8309 = CARTESIAN_POINT('',(18.927506113622,413.25241441715,
    1.693298251281));
#8310 = CARTESIAN_POINT('',(22.704819469606,414.70273538284,
    2.286998858058));
#8311 = CARTESIAN_POINT('',(26.372120968598,416.41240652649,
    2.879300892308));
#8312 = CARTESIAN_POINT('',(29.912993535433,418.37396460756,
    3.433800199477));
#8313 = CARTESIAN_POINT('',(33.311655378704,420.57929929777,
    3.915865489194));
#8314 = CARTESIAN_POINT('',(36.55274848212,423.01953746033,
    4.283599711492));
#8315 = CARTESIAN_POINT('',(39.622511541104,425.6863077466,
    4.520225201901));
#8316 = CARTESIAN_POINT('',(42.500694597997,428.56416417228,
    4.51335349232));
#8317 = CARTESIAN_POINT('',(45.16396434828,431.6286513911,4.62017511692)
  );
#8318 = CARTESIAN_POINT('',(47.603566912611,434.86688948393,
    4.818904815591));
#8319 = CARTESIAN_POINT('',(49.809974013788,438.26487481513,
    5.062703567312));
#8320 = CARTESIAN_POINT('',(51.774156556358,441.80807911196,
    5.311882606801));
#8321 = CARTESIAN_POINT('',(53.48757374784,445.48144008927,
    5.525004703274));
#8322 = CARTESIAN_POINT('',(54.942442579768,449.27026375627,
    5.660635041065));
#8323 = CARTESIAN_POINT('',(56.129970696385,453.1537416469,
    5.677714428938));
#8324 = CARTESIAN_POINT('',(56.737422635196,455.78695546449,
    5.632924936645));
#8325 = CARTESIAN_POINT('',(56.99572833893,457.11415270594,5.663671875)
  );
#8326 = PCURVE('',#5606,#8327);
#8327 = DEFINITIONAL_REPRESENTATION('',(#8328),#8332);
#8328 = LINE('',#8329,#8330);
#8329 = CARTESIAN_POINT('',(5.,0.));
#8330 = VECTOR('',#8331,1.);
#8331 = DIRECTION('',(0.,1.));
#8332 = ( GEOMETRIC_REPRESENTATION_CONTEXT(2) 
PARAMETRIC_REPRESENTATION_CONTEXT() REPRESENTATION_CONTEXT('2D SPACE',''
  ) );
#8333 = PCURVE('',#5532,#8334);
#8334 = DEFINITIONAL_REPRESENTATION('',(#8335),#8339);
#8335 = LINE('',#8336,#8337);
#8336 = CARTESIAN_POINT('',(5.,0.));
#8337 = VECTOR('',#8338,1.);
#8338 = DIRECTION('',(0.,1.));
#8339 = ( GEOMETRIC_REPRESENTATION_CONTEXT(2) 
PARAMETRIC_REPRESENTATION_CONTEXT() REPRESENTATION_CONTEXT('2D SPACE',''
  ) );
#8340 = ORIENTED_EDGE('',*,*,#7958,.T.);
#8341 = ORIENTED_EDGE('',*,*,#8255,.T.);
#8342 = ORIENTED_EDGE('',*,*,#5586,.T.);
#8343 = ADVANCED_FACE('',(#8344),#5532,.T.);
#8344 = FACE_BOUND('',#8345,.T.);
#8345 = EDGE_LOOP('',(#8346,#8386,#8387,#8388));
#8346 = ORIENTED_EDGE('',*,*,#8347,.F.);
#8347 = EDGE_CURVE('',#7917,#5439,#8348,.T.);
#8348 = SURFACE_CURVE('',#8349,(#8372,#8379),.PCURVE_S1.);
#8349 = ( BOUNDED_CURVE() B_SPLINE_CURVE(3,(#8350,#8351,#8352,#8353,
    #8354,#8355,#8356,#8357,#8358,#8359,#8360,#8361,#8362,#8363,#8364,
    #8365,#8366,#8367,#8368,#8369,#8370,#8371),.UNSPECIFIED.,.F.,.F.) 
B_SPLINE_CURVE_WITH_KNOTS((4,1,1,1,1,1,1,1,1,1,1,1,1,1,1,1,1,1,1,4),(0.,
    5.218380768594E-02,0.104924849979,0.158249728388,0.212037422186,
    0.266073258756,0.320098130577,0.373854821642,0.427134464983,
    0.479826107743,0.531971081028,0.583831321693,0.635742389654,
    0.687819682816,0.740024789052,0.792245645251,0.844362126807,
0.89631140842,0.94815736877,1.),.UNSPECIFIED.) CURVE() 
GEOMETRIC_REPRESENTATION_ITEM() RATIONAL_B_SPLINE_CURVE((1.,
    1.000000000002,0.999999999999,1.,1.,1.,1.,1.,1.,1.,1.,1.,1.,1.,1.,1.
    ,1.,1.000000000001,0.999999999997,1.000000000012,0.999999999975,1.))
 REPRESENTATION_ITEM('') );
#8350 = CARTESIAN_POINT('',(3.107447401925,408.89937137394,
    2.765731300458E-02));
#8351 = CARTESIAN_POINT('',(4.49312203538,408.97199997384,
    5.176888446046E-02));
#8352 = CARTESIAN_POINT('',(7.26423999587,409.21535326029,0.130329089944
    ));
#8353 = CARTESIAN_POINT('',(11.361190571737,409.86598535128,
    0.318764651138));
#8354 = CARTESIAN_POINT('',(15.397314082603,410.79933877724,
    0.560043008674));
#8355 = CARTESIAN_POINT('',(19.355361472481,412.0104851413,
    0.836196667299));
#8356 = CARTESIAN_POINT('',(23.218060813915,413.4935905422,
    1.129382152128));
#8357 = CARTESIAN_POINT('',(26.968261485649,415.24190871923,
    1.421876983856));
#8358 = CARTESIAN_POINT('',(30.589175305341,417.2478077257,
    1.695703802211));
#8359 = CARTESIAN_POINT('',(34.06466373495,419.50299389977,
    1.933760735404));
#8360 = CARTESIAN_POINT('',(37.379021590973,421.99839352779,
    2.115357882218));
#8361 = CARTESIAN_POINT('',(40.518176495208,424.72544602721,
    2.232209976247));
#8362 = CARTESIAN_POINT('',(43.461420740685,427.66835625799,
    2.228816539417));
#8363 = CARTESIAN_POINT('',(46.184893574668,430.80211606194,
    2.281567958973));
#8364 = CARTESIAN_POINT('',(48.679643236792,434.11355437001,
    2.379706081773));
#8365 = CARTESIAN_POINT('',(50.935926063618,437.58835099498,
    2.500100527067));
#8366 = CARTESIAN_POINT('',(52.94450885741,441.21164925348,
    2.623151904594));
#8367 = CARTESIAN_POINT('',(54.696657761541,444.96804637713,
    2.728397384328));
#8368 = CARTESIAN_POINT('',(56.18441383282,448.84251622188,
    2.795375328938));
#8369 = CARTESIAN_POINT('',(57.398785965448,452.81377993364,
    2.803809594474));
#8370 = CARTESIAN_POINT('',(58.019969324773,455.5065174431,
    2.781691326875));
#8371 = CARTESIAN_POINT('',(58.284114017205,456.86371589951,2.796875));
#8372 = PCURVE('',#5532,#8373);
#8373 = DEFINITIONAL_REPRESENTATION('',(#8374),#8378);
#8374 = LINE('',#8375,#8376);
#8375 = CARTESIAN_POINT('',(4.,0.));
#8376 = VECTOR('',#8377,1.);
#8377 = DIRECTION('',(0.,1.));
#8378 = ( GEOMETRIC_REPRESENTATION_CONTEXT(2) 
PARAMETRIC_REPRESENTATION_CONTEXT() REPRESENTATION_CONTEXT('2D SPACE',''
  ) );
#8379 = PCURVE('',#5458,#8380);
#8380 = DEFINITIONAL_REPRESENTATION('',(#8381),#8385);
#8381 = LINE('',#8382,#8383);
#8382 = CARTESIAN_POINT('',(4.,0.));
#8383 = VECTOR('',#8384,1.);
#8384 = DIRECTION('',(0.,1.));
#8385 = ( GEOMETRIC_REPRESENTATION_CONTEXT(2) 
PARAMETRIC_REPRESENTATION_CONTEXT() REPRESENTATION_CONTEXT('2D SPACE',''
  ) );
#8386 = ORIENTED_EDGE('',*,*,#7937,.T.);
#8387 = ORIENTED_EDGE('',*,*,#8301,.T.);
#8388 = ORIENTED_EDGE('',*,*,#5512,.T.);
#8389 = ADVANCED_FACE('',(#8390),#5458,.T.);
#8390 = FACE_BOUND('',#8391,.T.);
#8391 = EDGE_LOOP('',(#8392,#8432,#8433,#8434));
#8392 = ORIENTED_EDGE('',*,*,#8393,.F.);
#8393 = EDGE_CURVE('',#7896,#5365,#8394,.T.);
#8394 = SURFACE_CURVE('',#8395,(#8418,#8425),.PCURVE_S1.);
#8395 = ( BOUNDED_CURVE() B_SPLINE_CURVE(3,(#8396,#8397,#8398,#8399,
    #8400,#8401,#8402,#8403,#8404,#8405,#8406,#8407,#8408,#8409,#8410,
    #8411,#8412,#8413,#8414,#8415,#8416,#8417),.UNSPECIFIED.,.F.,.F.) 
B_SPLINE_CURVE_WITH_KNOTS((4,1,1,1,1,1,1,1,1,1,1,1,1,1,1,1,1,1,1,4),(0.,
    5.218380768594E-02,0.104924849979,0.158249728388,0.212037422186,
    0.266073258756,0.320098130577,0.373854821642,0.427134464983,
    0.479826107743,0.531971081028,0.583831321693,0.635742389654,
    0.687819682816,0.740024789052,0.792245645251,0.844362126807,
0.89631140842,0.94815736877,1.),.UNSPECIFIED.) CURVE() 
GEOMETRIC_REPRESENTATION_ITEM() RATIONAL_B_SPLINE_CURVE((1.,
    1.000000000002,0.999999999999,1.,1.,1.,1.,1.,1.,1.,1.,1.,1.,1.,1.,1.
    ,1.,1.000000000001,0.999999999997,1.000000000012,0.999999999975,1.))
 REPRESENTATION_ITEM('') );
#8396 = CARTESIAN_POINT('',(3.176138344494,407.58867010958,
    7.60576107626E-03));
#8397 = CARTESIAN_POINT('',(4.592443681306,407.66290418354,
    1.423644321651E-02));
#8398 = CARTESIAN_POINT('',(7.424817932183,407.91163685879,
    3.584049973926E-02));
#8399 = CARTESIAN_POINT('',(11.612332679232,408.57665134323,
    8.76602790617E-02));
#8400 = CARTESIAN_POINT('',(15.737675762291,409.53063679233,
    0.154011827386));
#8401 = CARTESIAN_POINT('',(19.783216831355,410.76855586548,
    0.229954083507));
#8402 = CARTESIAN_POINT('',(23.731302158221,412.28444570156,
    0.310580091835));
#8403 = CARTESIAN_POINT('',(27.564402002701,414.07141091197,
    0.39101617056));
#8404 = CARTESIAN_POINT('',(31.265357075248,416.12165084385,
    0.466318545608));
#8405 = CARTESIAN_POINT('',(34.817672091196,418.42668850176,
    0.531784202236));
#8406 = CARTESIAN_POINT('',(38.205294699826,420.97724959524,
    0.58172341761));
#8407 = CARTESIAN_POINT('',(41.413841449313,423.76458430781,
    0.613857743468));
#8408 = CARTESIAN_POINT('',(44.422146883374,426.77254834369,
    0.61292454834));
#8409 = CARTESIAN_POINT('',(47.205822801055,429.97558073279,
    0.627431188718));
#8410 = CARTESIAN_POINT('',(49.755719560975,433.36021925607,
    0.654419172488));
#8411 = CARTESIAN_POINT('',(52.06187811344,436.91182717494,
    0.687527644944));
#8412 = CARTESIAN_POINT('',(54.114861158488,440.61521939464,
    0.721366773763));
#8413 = CARTESIAN_POINT('',(55.905741775145,444.45465266634,
    0.750309280691));
#8414 = CARTESIAN_POINT('',(57.426385086235,448.4147686825,
    0.768728215454));
#8415 = CARTESIAN_POINT('',(58.667601233156,452.47381823893,
    0.771047638493));
#8416 = CARTESIAN_POINT('',(59.30251601727,455.22607938175,
    0.764965114862));
#8417 = CARTESIAN_POINT('',(59.57249969548,456.61327909308,0.769140625)
  );
#8418 = PCURVE('',#5458,#8419);
#8419 = DEFINITIONAL_REPRESENTATION('',(#8420),#8424);
#8420 = LINE('',#8421,#8422);
#8421 = CARTESIAN_POINT('',(3.,0.));
#8422 = VECTOR('',#8423,1.);
#8423 = DIRECTION('',(0.,1.));
#8424 = ( GEOMETRIC_REPRESENTATION_CONTEXT(2) 
PARAMETRIC_REPRESENTATION_CONTEXT() REPRESENTATION_CONTEXT('2D SPACE',''
  ) );
#8425 = PCURVE('',#5384,#8426);
#8426 = DEFINITIONAL_REPRESENTATION('',(#8427),#8431);
#8427 = LINE('',#8428,#8429);
#8428 = CARTESIAN_POINT('',(3.,0.));
#8429 = VECTOR('',#8430,1.);
#8430 = DIRECTION('',(0.,1.));
#8431 = ( GEOMETRIC_REPRESENTATION_CONTEXT(2) 
PARAMETRIC_REPRESENTATION_CONTEXT() REPRESENTATION_CONTEXT('2D SPACE',''
  ) );
#8432 = ORIENTED_EDGE('',*,*,#7916,.T.);
#8433 = ORIENTED_EDGE('',*,*,#8347,.T.);
#8434 = ORIENTED_EDGE('',*,*,#5438,.T.);
#8435 = ADVANCED_FACE('',(#8436),#5384,.T.);
#8436 = FACE_BOUND('',#8437,.T.);
#8437 = EDGE_LOOP('',(#8438,#8439,#8440,#8441,#8442));
#8438 = ORIENTED_EDGE('',*,*,#7156,.F.);
#8439 = ORIENTED_EDGE('',*,*,#7895,.T.);
#8440 = ORIENTED_EDGE('',*,*,#8393,.T.);
#8441 = ORIENTED_EDGE('',*,*,#5364,.T.);
#8442 = ORIENTED_EDGE('',*,*,#7349,.F.);
#8443 = ADVANCED_FACE('',(#8444),#5996,.T.);
#8444 = FACE_BOUND('',#8445,.F.);
#8445 = EDGE_LOOP('',(#8446));
#8446 = ORIENTED_EDGE('',*,*,#5981,.F.);
#8447 = ADVANCED_FACE('',(#8448),#6051,.T.);
#8448 = FACE_BOUND('',#8449,.F.);
#8449 = EDGE_LOOP('',(#8450));
#8450 = ORIENTED_EDGE('',*,*,#6036,.F.);
#8451 = ADVANCED_FACE('',(#8452),#6106,.T.);
#8452 = FACE_BOUND('',#8453,.F.);
#8453 = EDGE_LOOP('',(#8454));
#8454 = ORIENTED_EDGE('',*,*,#6091,.F.);
#8455 = ADVANCED_FACE('',(#8456),#6161,.T.);
#8456 = FACE_BOUND('',#8457,.F.);
#8457 = EDGE_LOOP('',(#8458));
#8458 = ORIENTED_EDGE('',*,*,#6146,.F.);
#8459 = ADVANCED_FACE('',(#8460),#6270,.T.);
#8460 = FACE_BOUND('',#8461,.F.);
#8461 = EDGE_LOOP('',(#8462));
#8462 = ORIENTED_EDGE('',*,*,#6255,.F.);
#8463 = ADVANCED_FACE('',(#8464),#6325,.T.);
#8464 = FACE_BOUND('',#8465,.F.);
#8465 = EDGE_LOOP('',(#8466));
#8466 = ORIENTED_EDGE('',*,*,#6310,.F.);
#8467 = ADVANCED_FACE('',(#8468),#6887,.T.);
#8468 = FACE_BOUND('',#8469,.F.);
#8469 = EDGE_LOOP('',(#8470));
#8470 = ORIENTED_EDGE('',*,*,#6872,.F.);
#8471 = ADVANCED_FACE('',(#8472),#6942,.T.);
#8472 = FACE_BOUND('',#8473,.F.);
#8473 = EDGE_LOOP('',(#8474));
#8474 = ORIENTED_EDGE('',*,*,#6927,.F.);
#8475 = ADVANCED_FACE('',(#8476),#6997,.T.);
#8476 = FACE_BOUND('',#8477,.F.);
#8477 = EDGE_LOOP('',(#8478));
#8478 = ORIENTED_EDGE('',*,*,#6982,.F.);
#8479 = ADVANCED_FACE('',(#8480),#7270,.T.);
#8480 = FACE_BOUND('',#8481,.F.);
#8481 = EDGE_LOOP('',(#8482));
#8482 = ORIENTED_EDGE('',*,*,#7255,.F.);
#8483 = ADVANCED_FACE('',(#8484),#7438,.F.);
#8484 = FACE_BOUND('',#8485,.F.);
#8485 = EDGE_LOOP('',(#8486,#8515,#8536,#8537));
#8486 = ORIENTED_EDGE('',*,*,#8487,.F.);
#8487 = EDGE_CURVE('',#8488,#8488,#8490,.T.);
#8488 = VERTEX_POINT('',#8489);
#8489 = CARTESIAN_POINT('',(23.2,20.,6.8));
#8490 = SURFACE_CURVE('',#8491,(#8496,#8503),.PCURVE_S1.);
#8491 = CIRCLE('',#8492,3.2);
#8492 = AXIS2_PLACEMENT_3D('',#8493,#8494,#8495);
#8493 = CARTESIAN_POINT('',(20.,20.,6.8));
#8494 = DIRECTION('',(0.,0.,1.));
#8495 = DIRECTION('',(1.,0.,-0.));
#8496 = PCURVE('',#7438,#8497);
#8497 = DEFINITIONAL_REPRESENTATION('',(#8498),#8502);
#8498 = LINE('',#8499,#8500);
#8499 = CARTESIAN_POINT('',(0.,6.8));
#8500 = VECTOR('',#8501,1.);
#8501 = DIRECTION('',(1.,0.));
#8502 = ( GEOMETRIC_REPRESENTATION_CONTEXT(2) 
PARAMETRIC_REPRESENTATION_CONTEXT() REPRESENTATION_CONTEXT('2D SPACE',''
  ) );
#8503 = PCURVE('',#8504,#8509);
#8504 = PLANE('',#8505);
#8505 = AXIS2_PLACEMENT_3D('',#8506,#8507,#8508);
#8506 = CARTESIAN_POINT('',(20.,20.,6.8));
#8507 = DIRECTION('',(0.,0.,1.));
#8508 = DIRECTION('',(1.,0.,-0.));
#8509 = DEFINITIONAL_REPRESENTATION('',(#8510),#8514);
#8510 = CIRCLE('',#8511,3.2);
#8511 = AXIS2_PLACEMENT_2D('',#8512,#8513);
#8512 = CARTESIAN_POINT('',(0.,0.));
#8513 = DIRECTION('',(1.,0.));
#8514 = ( GEOMETRIC_REPRESENTATION_CONTEXT(2) 
PARAMETRIC_REPRESENTATION_CONTEXT() REPRESENTATION_CONTEXT('2D SPACE',''
  ) );
#8515 = ORIENTED_EDGE('',*,*,#8516,.F.);
#8516 = EDGE_CURVE('',#7418,#8488,#8517,.T.);
#8517 = SEAM_CURVE('',#8518,(#8522,#8529),.PCURVE_S1.);
#8518 = LINE('',#8519,#8520);
#8519 = CARTESIAN_POINT('',(23.2,20.,0.));
#8520 = VECTOR('',#8521,1.);
#8521 = DIRECTION('',(0.,0.,1.));
#8522 = PCURVE('',#7438,#8523);
#8523 = DEFINITIONAL_REPRESENTATION('',(#8524),#8528);
#8524 = LINE('',#8525,#8526);
#8525 = CARTESIAN_POINT('',(6.28318530718,-0.));
#8526 = VECTOR('',#8527,1.);
#8527 = DIRECTION('',(0.,1.));
#8528 = ( GEOMETRIC_REPRESENTATION_CONTEXT(2) 
PARAMETRIC_REPRESENTATION_CONTEXT() REPRESENTATION_CONTEXT('2D SPACE',''
  ) );
#8529 = PCURVE('',#7438,#8530);
#8530 = DEFINITIONAL_REPRESENTATION('',(#8531),#8535);
#8531 = LINE('',#8532,#8533);
#8532 = CARTESIAN_POINT('',(0.,-0.));
#8533 = VECTOR('',#8534,1.);
#8534 = DIRECTION('',(0.,1.));
#8535 = ( GEOMETRIC_REPRESENTATION_CONTEXT(2) 
PARAMETRIC_REPRESENTATION_CONTEXT() REPRESENTATION_CONTEXT('2D SPACE',''
  ) );
#8536 = ORIENTED_EDGE('',*,*,#7417,.T.);
#8537 = ORIENTED_EDGE('',*,*,#8516,.T.);
#8538 = ADVANCED_FACE('',(#8539),#7473,.F.);
#8539 = FACE_BOUND('',#8540,.F.);
#8540 = EDGE_LOOP('',(#8541,#8570,#8591,#8592));
#8541 = ORIENTED_EDGE('',*,*,#8542,.F.);
#8542 = EDGE_CURVE('',#8543,#8543,#8545,.T.);
#8543 = VERTEX_POINT('',#8544);
#8544 = CARTESIAN_POINT('',(23.2,70.,6.8));
#8545 = SURFACE_CURVE('',#8546,(#8551,#8558),.PCURVE_S1.);
#8546 = CIRCLE('',#8547,3.2);
#8547 = AXIS2_PLACEMENT_3D('',#8548,#8549,#8550);
#8548 = CARTESIAN_POINT('',(20.,70.,6.8));
#8549 = DIRECTION('',(0.,0.,1.));
#8550 = DIRECTION('',(1.,0.,-0.));
#8551 = PCURVE('',#7473,#8552);
#8552 = DEFINITIONAL_REPRESENTATION('',(#8553),#8557);
#8553 = LINE('',#8554,#8555);
#8554 = CARTESIAN_POINT('',(0.,6.8));
#8555 = VECTOR('',#8556,1.);
#8556 = DIRECTION('',(1.,0.));
#8557 = ( GEOMETRIC_REPRESENTATION_CONTEXT(2) 
PARAMETRIC_REPRESENTATION_CONTEXT() REPRESENTATION_CONTEXT('2D SPACE',''
  ) );
#8558 = PCURVE('',#8559,#8564);
#8559 = PLANE('',#8560);
#8560 = AXIS2_PLACEMENT_3D('',#8561,#8562,#8563);
#8561 = CARTESIAN_POINT('',(20.,70.,6.8));
#8562 = DIRECTION('',(0.,0.,1.));
#8563 = DIRECTION('',(1.,0.,-0.));
#8564 = DEFINITIONAL_REPRESENTATION('',(#8565),#8569);
#8565 = CIRCLE('',#8566,3.2);
#8566 = AXIS2_PLACEMENT_2D('',#8567,#8568);
#8567 = CARTESIAN_POINT('',(0.,0.));
#8568 = DIRECTION('',(1.,0.));
#8569 = ( GEOMETRIC_REPRESENTATION_CONTEXT(2) 
PARAMETRIC_REPRESENTATION_CONTEXT() REPRESENTATION_CONTEXT('2D SPACE',''
  ) );
#8570 = ORIENTED_EDGE('',*,*,#8571,.F.);
#8571 = EDGE_CURVE('',#7453,#8543,#8572,.T.);
#8572 = SEAM_CURVE('',#8573,(#8577,#8584),.PCURVE_S1.);
#8573 = LINE('',#8574,#8575);
#8574 = CARTESIAN_POINT('',(23.2,70.,0.));
#8575 = VECTOR('',#8576,1.);
#8576 = DIRECTION('',(0.,0.,1.));
#8577 = PCURVE('',#7473,#8578);
#8578 = DEFINITIONAL_REPRESENTATION('',(#8579),#8583);
#8579 = LINE('',#8580,#8581);
#8580 = CARTESIAN_POINT('',(6.28318530718,-0.));
#8581 = VECTOR('',#8582,1.);
#8582 = DIRECTION('',(0.,1.));
#8583 = ( GEOMETRIC_REPRESENTATION_CONTEXT(2) 
PARAMETRIC_REPRESENTATION_CONTEXT() REPRESENTATION_CONTEXT('2D SPACE',''
  ) );
#8584 = PCURVE('',#7473,#8585);
#8585 = DEFINITIONAL_REPRESENTATION('',(#8586),#8590);
#8586 = LINE('',#8587,#8588);
#8587 = CARTESIAN_POINT('',(0.,-0.));
#8588 = VECTOR('',#8589,1.);
#8589 = DIRECTION('',(0.,1.));
#8590 = ( GEOMETRIC_REPRESENTATION_CONTEXT(2) 
PARAMETRIC_REPRESENTATION_CONTEXT() REPRESENTATION_CONTEXT('2D SPACE',''
  ) );
#8591 = ORIENTED_EDGE('',*,*,#7452,.T.);
#8592 = ORIENTED_EDGE('',*,*,#8571,.T.);
#8593 = ADVANCED_FACE('',(#8594),#7508,.F.);
#8594 = FACE_BOUND('',#8595,.F.);
#8595 = EDGE_LOOP('',(#8596,#8625,#8646,#8647));
#8596 = ORIENTED_EDGE('',*,*,#8597,.F.);
#8597 = EDGE_CURVE('',#8598,#8598,#8600,.T.);
#8598 = VERTEX_POINT('',#8599);
#8599 = CARTESIAN_POINT('',(-16.8,20.,6.8));
#8600 = SURFACE_CURVE('',#8601,(#8606,#8613),.PCURVE_S1.);
#8601 = CIRCLE('',#8602,3.2);
#8602 = AXIS2_PLACEMENT_3D('',#8603,#8604,#8605);
#8603 = CARTESIAN_POINT('',(-20.,20.,6.8));
#8604 = DIRECTION('',(0.,0.,1.));
#8605 = DIRECTION('',(1.,0.,-0.));
#8606 = PCURVE('',#7508,#8607);
#8607 = DEFINITIONAL_REPRESENTATION('',(#8608),#8612);
#8608 = LINE('',#8609,#8610);
#8609 = CARTESIAN_POINT('',(0.,6.8));
#8610 = VECTOR('',#8611,1.);
#8611 = DIRECTION('',(1.,0.));
#8612 = ( GEOMETRIC_REPRESENTATION_CONTEXT(2) 
PARAMETRIC_REPRESENTATION_CONTEXT() REPRESENTATION_CONTEXT('2D SPACE',''
  ) );
#8613 = PCURVE('',#8614,#8619);
#8614 = PLANE('',#8615);
#8615 = AXIS2_PLACEMENT_3D('',#8616,#8617,#8618);
#8616 = CARTESIAN_POINT('',(-20.,20.,6.8));
#8617 = DIRECTION('',(0.,0.,1.));
#8618 = DIRECTION('',(1.,0.,-0.));
#8619 = DEFINITIONAL_REPRESENTATION('',(#8620),#8624);
#8620 = CIRCLE('',#8621,3.2);
#8621 = AXIS2_PLACEMENT_2D('',#8622,#8623);
#8622 = CARTESIAN_POINT('',(0.,0.));
#8623 = DIRECTION('',(1.,0.));
#8624 = ( GEOMETRIC_REPRESENTATION_CONTEXT(2) 
PARAMETRIC_REPRESENTATION_CONTEXT() REPRESENTATION_CONTEXT('2D SPACE',''
  ) );
#8625 = ORIENTED_EDGE('',*,*,#8626,.F.);
#8626 = EDGE_CURVE('',#7488,#8598,#8627,.T.);
#8627 = SEAM_CURVE('',#8628,(#8632,#8639),.PCURVE_S1.);
#8628 = LINE('',#8629,#8630);
#8629 = CARTESIAN_POINT('',(-16.8,20.,0.));
#8630 = VECTOR('',#8631,1.);
#8631 = DIRECTION('',(0.,0.,1.));
#8632 = PCURVE('',#7508,#8633);
#8633 = DEFINITIONAL_REPRESENTATION('',(#8634),#8638);
#8634 = LINE('',#8635,#8636);
#8635 = CARTESIAN_POINT('',(6.28318530718,-0.));
#8636 = VECTOR('',#8637,1.);
#8637 = DIRECTION('',(0.,1.));
#8638 = ( GEOMETRIC_REPRESENTATION_CONTEXT(2) 
PARAMETRIC_REPRESENTATION_CONTEXT() REPRESENTATION_CONTEXT('2D SPACE',''
  ) );
#8639 = PCURVE('',#7508,#8640);
#8640 = DEFINITIONAL_REPRESENTATION('',(#8641),#8645);
#8641 = LINE('',#8642,#8643);
#8642 = CARTESIAN_POINT('',(0.,-0.));
#8643 = VECTOR('',#8644,1.);
#8644 = DIRECTION('',(0.,1.));
#8645 = ( GEOMETRIC_REPRESENTATION_CONTEXT(2) 
PARAMETRIC_REPRESENTATION_CONTEXT() REPRESENTATION_CONTEXT('2D SPACE',''
  ) );
#8646 = ORIENTED_EDGE('',*,*,#7487,.T.);
#8647 = ORIENTED_EDGE('',*,*,#8626,.T.);
#8648 = ADVANCED_FACE('',(#8649),#7543,.F.);
#8649 = FACE_BOUND('',#8650,.F.);
#8650 = EDGE_LOOP('',(#8651,#8680,#8701,#8702));
#8651 = ORIENTED_EDGE('',*,*,#8652,.F.);
#8652 = EDGE_CURVE('',#8653,#8653,#8655,.T.);
#8653 = VERTEX_POINT('',#8654);
#8654 = CARTESIAN_POINT('',(-16.8,70.,6.8));
#8655 = SURFACE_CURVE('',#8656,(#8661,#8668),.PCURVE_S1.);
#8656 = CIRCLE('',#8657,3.2);
#8657 = AXIS2_PLACEMENT_3D('',#8658,#8659,#8660);
#8658 = CARTESIAN_POINT('',(-20.,70.,6.8));
#8659 = DIRECTION('',(0.,0.,1.));
#8660 = DIRECTION('',(1.,0.,-0.));
#8661 = PCURVE('',#7543,#8662);
#8662 = DEFINITIONAL_REPRESENTATION('',(#8663),#8667);
#8663 = LINE('',#8664,#8665);
#8664 = CARTESIAN_POINT('',(0.,6.8));
#8665 = VECTOR('',#8666,1.);
#8666 = DIRECTION('',(1.,0.));
#8667 = ( GEOMETRIC_REPRESENTATION_CONTEXT(2) 
PARAMETRIC_REPRESENTATION_CONTEXT() REPRESENTATION_CONTEXT('2D SPACE',''
  ) );
#8668 = PCURVE('',#8669,#8674);
#8669 = PLANE('',#8670);
#8670 = AXIS2_PLACEMENT_3D('',#8671,#8672,#8673);
#8671 = CARTESIAN_POINT('',(-20.,70.,6.8));
#8672 = DIRECTION('',(0.,0.,1.));
#8673 = DIRECTION('',(1.,0.,-0.));
#8674 = DEFINITIONAL_REPRESENTATION('',(#8675),#8679);
#8675 = CIRCLE('',#8676,3.2);
#8676 = AXIS2_PLACEMENT_2D('',#8677,#8678);
#8677 = CARTESIAN_POINT('',(0.,0.));
#8678 = DIRECTION('',(1.,0.));
#8679 = ( GEOMETRIC_REPRESENTATION_CONTEXT(2) 
PARAMETRIC_REPRESENTATION_CONTEXT() REPRESENTATION_CONTEXT('2D SPACE',''
  ) );
#8680 = ORIENTED_EDGE('',*,*,#8681,.F.);
#8681 = EDGE_CURVE('',#7523,#8653,#8682,.T.);
#8682 = SEAM_CURVE('',#8683,(#8687,#8694),.PCURVE_S1.);
#8683 = LINE('',#8684,#8685);
#8684 = CARTESIAN_POINT('',(-16.8,70.,0.));
#8685 = VECTOR('',#8686,1.);
#8686 = DIRECTION('',(0.,0.,1.));
#8687 = PCURVE('',#7543,#8688);
#8688 = DEFINITIONAL_REPRESENTATION('',(#8689),#8693);
#8689 = LINE('',#8690,#8691);
#8690 = CARTESIAN_POINT('',(6.28318530718,-0.));
#8691 = VECTOR('',#8692,1.);
#8692 = DIRECTION('',(0.,1.));
#8693 = ( GEOMETRIC_REPRESENTATION_CONTEXT(2) 
PARAMETRIC_REPRESENTATION_CONTEXT() REPRESENTATION_CONTEXT('2D SPACE',''
  ) );
#8694 = PCURVE('',#7543,#8695);
#8695 = DEFINITIONAL_REPRESENTATION('',(#8696),#8700);
#8696 = LINE('',#8697,#8698);
#8697 = CARTESIAN_POINT('',(0.,-0.));
#8698 = VECTOR('',#8699,1.);
#8699 = DIRECTION('',(0.,1.));
#8700 = ( GEOMETRIC_REPRESENTATION_CONTEXT(2) 
PARAMETRIC_REPRESENTATION_CONTEXT() REPRESENTATION_CONTEXT('2D SPACE',''
  ) );
#8701 = ORIENTED_EDGE('',*,*,#7522,.T.);
#8702 = ORIENTED_EDGE('',*,*,#8681,.T.);
#8703 = ADVANCED_FACE('',(#8704),#8504,.F.);
#8704 = FACE_BOUND('',#8705,.F.);
#8705 = EDGE_LOOP('',(#8706));
#8706 = ORIENTED_EDGE('',*,*,#8487,.T.);
#8707 = ADVANCED_FACE('',(#8708),#8559,.F.);
#8708 = FACE_BOUND('',#8709,.F.);
#8709 = EDGE_LOOP('',(#8710));
#8710 = ORIENTED_EDGE('',*,*,#8542,.T.);
#8711 = ADVANCED_FACE('',(#8712),#8614,.F.);
#8712 = FACE_BOUND('',#8713,.F.);
#8713 = EDGE_LOOP('',(#8714));
#8714 = ORIENTED_EDGE('',*,*,#8597,.T.);
#8715 = ADVANCED_FACE('',(#8716),#8669,.F.);
#8716 = FACE_BOUND('',#8717,.F.);
#8717 = EDGE_LOOP('',(#8718));
#8718 = ORIENTED_EDGE('',*,*,#8652,.T.);
#8719 = ( GEOMETRIC_REPRESENTATION_CONTEXT(3) 
GLOBAL_UNCERTAINTY_ASSIGNED_CONTEXT((#8723)) 
GLOBAL_UNIT_ASSIGNED_CONTEXT((#8720,#8721,#8722)) REPRESENTATION_CONTEXT
('Context #1','3D Context with UNIT and UNCERTAINTY') );
#8720 = ( LENGTH_UNIT() NAMED_UNIT(*) SI_UNIT(.MILLI.,.METRE.) );
#8721 = ( NAMED_UNIT(*) PLANE_ANGLE_UNIT() SI_UNIT($,.RADIAN.) );
#8722 = ( NAMED_UNIT(*) SI_UNIT($,.STERADIAN.) SOLID_ANGLE_UNIT() );
#8723 = UNCERTAINTY_MEASURE_WITH_UNIT(LENGTH_MEASURE(2.E-06),#8720,
  'distance_accuracy_value','confusion accuracy');
#8724 = PRODUCT_RELATED_PRODUCT_CATEGORY('part',$,(#7));
ENDSEC;
END-ISO-10303-21;
