ISO-10303-21;
HEADER;
FILE_DESCRIPTION(('Open CASCADE Model'),'2;1');
FILE_NAME('lx521_4_top_baffle_nd25fw4_variant_a_comp',
  '2020-01-01T00:00:00',('Author'),('Open CASCADE'),
  'Open CASCADE STEP processor 7.9','build123d','Unknown');
FILE_SCHEMA(('AUTOMOTIVE_DESIGN { 1 0 10303 214 1 1 1 1 }'));
ENDSEC;
DATA;
#1 = APPLICATION_PROTOCOL_DEFINITION('international standard',
  'automotive_design',2000,#2);
#2 = APPLICATION_CONTEXT(
  'core data for automotive mechanical design processes');
#3 = SHAPE_DEFINITION_REPRESENTATION(#4,#10);
#4 = PRODUCT_DEFINITION_SHAPE('','',#5);
#5 = PRODUCT_DEFINITION('design','',#6,#9);
#6 = PRODUCT_DEFINITION_FORMATION('','',#7);
#7 = PRODUCT('lx521_4_top_baffle_nd25fw4_variant_a_comp',
  'lx521_4_top_baffle_nd25fw4_variant_a_comp','',(#8));
#8 = PRODUCT_CONTEXT('',#2,'mechanical');
#9 = PRODUCT_DEFINITION_CONTEXT('part definition',#2,'design');
#10 = ADVANCED_BREP_SHAPE_REPRESENTATION('',(#11,#15),#8823);
#11 = AXIS2_PLACEMENT_3D('',#12,#13,#14);
#12 = CARTESIAN_POINT('',(0.,0.,0.));
#13 = DIRECTION('',(0.,0.,1.));
#14 = DIRECTION('',(1.,0.,-0.));
#15 = MANIFOLD_SOLID_BREP('',#16);
#16 = CLOSED_SHELL('',(#17,#242,#1470,#1579,#2372,#2974,#3040,#3233,
    #3261,#3343,#4064,#4113,#4162,#4268,#4317,#5038,#5087,#5136,#5185,
    #5212,#5267,#5322,#5377,#5431,#5486,#5541,#5596,#6103,#6158,#6213,
    #6268,#6459,#6514,#6789,#6836,#6882,#6928,#6974,#7020,#7066,#7073,
    #7266,#7317,#7363,#7409,#7455,#7501,#7547,#7593,#7639,#7647,#7682,
    #7717,#7752,#7787,#7822,#7826,#7830,#7865,#7869,#7873,#7928,#7983,
    #8038,#8093,#8148,#8203,#8258,#8313,#8368,#8423,#8458,#8493,#8528,
    #8563,#8567,#8571,#8575,#8579,#8583,#8587,#8642,#8697,#8752,#8807,
    #8811,#8815,#8819));
#17 = ADVANCED_FACE('',(#18),#51,.T.);
#18 = FACE_BOUND('',#19,.T.);
#19 = EDGE_LOOP('',(#20,#155,#183,#213));
#20 = ORIENTED_EDGE('',*,*,#21,.T.);
#21 = EDGE_CURVE('',#22,#24,#26,.T.);
#22 = VERTEX_POINT('',#23);
#23 = CARTESIAN_POINT('',(-34.388,449.004,16.361382702128));
#24 = VERTEX_POINT('',#25);
#25 = CARTESIAN_POINT('',(-36.468,453.457,17.5510946718));
#26 = SURFACE_CURVE('',#27,(#50,#84),.PCURVE_S1.);
#27 = B_SPLINE_CURVE_WITH_KNOTS('',6,(#28,#29,#30,#31,#32,#33,#34,#35,
    #36,#37,#38,#39,#40,#41,#42,#43,#44,#45,#46,#47,#48,#49),
  .UNSPECIFIED.,.F.,.F.,(7,5,5,5,7),(0.,0.160399301174,0.502138779388,
    0.819269159362,1.),.UNSPECIFIED.);
#28 = CARTESIAN_POINT('',(-34.388,449.004,16.361382702128));
#29 = CARTESIAN_POINT('',(-34.45261131275,449.11580849335,
    16.397727210208));
#30 = CARTESIAN_POINT('',(-34.51618906745,449.22830884337,
    16.433980552804));
#31 = CARTESIAN_POINT('',(-34.57880394701,449.34145428287,
    16.470119805601));
#32 = CARTESIAN_POINT('',(-34.64052098483,449.4552046694,16.506122108912
    ));
#33 = CARTESIAN_POINT('',(-34.70140083354,449.56952570718,
    16.541964673167));
#34 = CARTESIAN_POINT('',(-34.88954779506,449.92910892229,
    16.653600600496));
#35 = CARTESIAN_POINT('',(-35.01405234666,450.17628124602,
    16.728746345775));
#36 = CARTESIAN_POINT('',(-35.13557447555,450.42562987294,
    16.802843806621));
#37 = CARTESIAN_POINT('',(-35.254588275,450.67694700235,16.875669412295)
  );
#38 = CARTESIAN_POINT('',(-35.37153280108,450.9300762026,16.946976786817
    ));
#39 = CARTESIAN_POINT('',(-35.59382858945,451.42135256957,
    17.081048019363));
#40 = CARTESIAN_POINT('',(-35.69940507124,451.65925904184,
    17.144054996904));
#41 = CARTESIAN_POINT('',(-35.80390008097,451.89850277086,17.20533496342
    ));
#42 = CARTESIAN_POINT('',(-35.9076337696,452.13898216699,17.264671340904
    ));
#43 = CARTESIAN_POINT('',(-36.01093089922,452.38058746141,
    17.321834305222));
#44 = CARTESIAN_POINT('',(-36.1729642861,452.76144529982,17.407782303303
    ));
#45 = CARTESIAN_POINT('',(-36.23175695335,452.90002444366,
    17.438197969644));
#46 = CARTESIAN_POINT('',(-36.29058698283,453.03890091281,
    17.467784094291));
#47 = CARTESIAN_POINT('',(-36.3495217474,453.17804598186,17.49649424633)
  );
#48 = CARTESIAN_POINT('',(-36.4086331593,453.31742578515,17.524280689961
    ));
#49 = CARTESIAN_POINT('',(-36.468,453.457,17.5510946718));
#50 = PCURVE('',#51,#59);
#51 = SURFACE_OF_LINEAR_EXTRUSION('',#52,#57);
#52 = B_SPLINE_CURVE_WITH_KNOTS('',3,(#53,#54,#55,#56),.UNSPECIFIED.,.F.
  ,.F.,(4,4),(0.,1.),.PIECEWISE_BEZIER_KNOTS.);
#53 = CARTESIAN_POINT('',(-36.468,453.457,0.));
#54 = CARTESIAN_POINT('',(-35.847,451.997,0.));
#55 = CARTESIAN_POINT('',(-35.182,450.378,0.));
#56 = CARTESIAN_POINT('',(-34.388,449.004,0.));
#57 = VECTOR('',#58,1.);
#58 = DIRECTION('',(0.,0.,-1.));
#59 = DEFINITIONAL_REPRESENTATION('',(#60),#83);
#60 = B_SPLINE_CURVE_WITH_KNOTS('',6,(#61,#62,#63,#64,#65,#66,#67,#68,
    #69,#70,#71,#72,#73,#74,#75,#76,#77,#78,#79,#80,#81,#82),
  .UNSPECIFIED.,.F.,.F.,(7,5,5,5,7),(0.,0.160399301174,0.502138779388,
    0.819269159362,1.),.UNSPECIFIED.);
#61 = CARTESIAN_POINT('',(1.,-16.36138270212));
#62 = CARTESIAN_POINT('',(0.972875183562,-16.3977272102));
#63 = CARTESIAN_POINT('',(0.945897383734,-16.4339805528));
#64 = CARTESIAN_POINT('',(0.919050438104,-16.4701198056));
#65 = CARTESIAN_POINT('',(0.892318980122,-16.50612210891));
#66 = CARTESIAN_POINT('',(0.865688136587,-16.54196467316));
#67 = CARTESIAN_POINT('',(0.782587840374,-16.65360060049));
#68 = CARTESIAN_POINT('',(0.726423928084,-16.72874634577));
#69 = CARTESIAN_POINT('',(0.670507963358,-16.80284380662));
#70 = CARTESIAN_POINT('',(0.614709340664,-16.87566941229));
#71 = CARTESIAN_POINT('',(0.558897203882,-16.94697678681));
#72 = CARTESIAN_POINT('',(0.451001031108,-17.08104801936));
#73 = CARTESIAN_POINT('',(0.398939540387,-17.1440549969));
#74 = CARTESIAN_POINT('',(0.346640039713,-17.20533496342));
#75 = CARTESIAN_POINT('',(0.293992301769,-17.2646713409));
#76 = CARTESIAN_POINT('',(0.240877119552,-17.32183430522));
#77 = CARTESIAN_POINT('',(0.156543669898,-17.4077823033));
#78 = CARTESIAN_POINT('',(0.125733465567,-17.43819796964));
#79 = CARTESIAN_POINT('',(9.470206769429E-02,-17.46778409429));
#80 = CARTESIAN_POINT('',(6.342273397591E-02,-17.49649424633));
#81 = CARTESIAN_POINT('',(3.186625909745E-02,-17.52428068996));
#82 = CARTESIAN_POINT('',(0.,-17.5510946718));
#83 = ( GEOMETRIC_REPRESENTATION_CONTEXT(2) 
PARAMETRIC_REPRESENTATION_CONTEXT() REPRESENTATION_CONTEXT('2D SPACE',''
  ) );
#84 = PCURVE('',#85,#130);
#85 = ( BOUNDED_SURFACE() B_SPLINE_SURFACE(1,3,(
    (#86,#87,#88,#89,#90,#91,#92,#93,#94,#95,#96,#97,#98,#99,#100,#101
      ,#102,#103,#104,#105,#106,#107)
    ,(#108,#109,#110,#111,#112,#113,#114,#115,#116,#117,#118,#119,#120
      ,#121,#122,#123,#124,#125,#126,#127,#128,#129
)),.UNSPECIFIED.,.F.,.F.,.F.) B_SPLINE_SURFACE_WITH_KNOTS((2,2),(4,1,1,1
    ,1,1,1,1,1,1,1,1,1,1,1,1,1,1,1,4),(10.,11.),(0.,5.218380768594E-02,
    0.104924849979,0.158249728388,0.212037422186,0.266073258756,
    0.320098130577,0.373854821642,0.427134464983,0.479826107743,
    0.531971081028,0.583831321693,0.635742389654,0.687819682816,
    0.740024789052,0.792245645251,0.844362126807,0.89631140842,
0.94815736877,1.),.UNSPECIFIED.) GEOMETRIC_REPRESENTATION_ITEM() 
RATIONAL_B_SPLINE_SURFACE((
    (1.,1.000000000002,0.999999999999,1.,1.,1.,1.,1.,1.,1.,1.,1.,1.,1.
      ,1.,1.,1.,1.000000000001,0.999999999997,1.000000000012
      ,0.999999999975,1.)
    ,(1.,1.000000000002,0.999999999999,1.,1.,1.,1.,1.,1.,1.,1.,1.,1.,1.
      ,1.,1.,1.,1.000000000001,0.999999999997,1.000000000012
,0.999999999975,1.))) REPRESENTATION_ITEM('') SURFACE() );
#86 = CARTESIAN_POINT('',(-2.695301746512,416.76357896014,0.177006803229
    ));
#87 = CARTESIAN_POINT('',(-3.89719216631,416.82657471876,0.331320860543)
  );
#88 = CARTESIAN_POINT('',(-6.30077237495,417.03765166781,0.834106175641)
  );
#89 = CARTESIAN_POINT('',(-9.854337927599,417.60198940002,2.040093767284
    ));
#90 = CARTESIAN_POINT('',(-13.35514400424,418.41155068663,3.584275255514
    ));
#91 = CARTESIAN_POINT('',(-16.78822931929,419.46206079629,5.351658670715
    ));
#92 = CARTESIAN_POINT('',(-20.13861274806,420.74845958607,7.228045773616
    ));
#93 = CARTESIAN_POINT('',(-23.39141838334,422.26489556278,9.100012696677
    ));
#94 = CARTESIAN_POINT('',(-26.53208468589,424.00474901682,
    10.852504334148));
#95 = CARTESIAN_POINT('',(-29.54661359747,425.9608262878,12.376068706587
    ));
#96 = CARTESIAN_POINT('',(-32.42138293785,428.12525712305,
    13.538290446197));
#97 = CARTESIAN_POINT('',(-35.14418677058,430.4906163436,14.286143847982
    ));
#98 = CARTESIAN_POINT('',(-37.69706388455,433.04320374377,14.26442585227
    ));
#99 = CARTESIAN_POINT('',(-40.05931821634,435.76132803689,
    14.602034937427));
#100 = CARTESIAN_POINT('',(-42.2231852917,438.63356505356,
    15.230118923348));
#101 = CARTESIAN_POINT('',(-44.18021376465,441.64749391568,
    16.000643373233));
#102 = CARTESIAN_POINT('',(-45.92239505106,444.79022840501,
    16.788172189398));
#103 = CARTESIAN_POINT('',(-47.44215367945,448.04840864753,
    17.461743259718));
#104 = CARTESIAN_POINT('',(-48.73258631405,451.4090014372,
    17.890402105135));
#105 = CARTESIAN_POINT('',(-49.78589435275,454.85355017986,
    17.944381404882));
#106 = CARTESIAN_POINT('',(-50.32468918369,457.18914564334,
    17.802824491462));
#107 = CARTESIAN_POINT('',(-50.55379994755,458.3663367381,17.9));
#108 = CARTESIAN_POINT('',(-1.884094424746,432.24233674883,
    0.177006803229));
#109 = CARTESIAN_POINT('',(-2.724250834601,432.2863726177,0.331320860543
    ));
#110 = CARTESIAN_POINT('',(-4.404423407779,432.43392155478,
    0.834106175641));
#111 = CARTESIAN_POINT('',(-6.88846923093,432.82841006587,2.040093767284
    ));
#112 = CARTESIAN_POINT('',(-9.33563464375,433.39431698487,3.584275255514
    ));
#113 = CARTESIAN_POINT('',(-11.73546127174,434.12865414885,
    5.351658670715));
#114 = CARTESIAN_POINT('',(-14.07747687243,435.02788437084,
    7.228045773616));
#115 = CARTESIAN_POINT('',(-16.3512827534,436.0879172866,9.100012696677)
  );
#116 = CARTESIAN_POINT('',(-18.5466999746,437.30412552632,
    10.852504334148));
#117 = CARTESIAN_POINT('',(-20.65394348561,438.67148051186,
    12.376068706587));
#118 = CARTESIAN_POINT('',(-22.66349098568,440.18448070737,
    13.538290446197));
#119 = CARTESIAN_POINT('',(-24.56681016972,441.83793569649,
    14.286143847982));
#120 = CARTESIAN_POINT('',(-26.35134562803,443.62226863642,
    14.26442585227));
#121 = CARTESIAN_POINT('',(-28.00263020948,445.52231668598,
    14.602034937427));
#122 = CARTESIAN_POINT('',(-29.51523632041,447.53009401801,
    15.230118923348));
#123 = CARTESIAN_POINT('',(-30.88325622383,449.636918077,16.000643373233
    ));
#124 = CARTESIAN_POINT('',(-32.10109168617,451.8337810209,
    16.788172189398));
#125 = CARTESIAN_POINT('',(-33.16344723226,454.11134390924,
    17.461743259718));
#126 = CARTESIAN_POINT('',(-34.06549722916,456.46049614922,
    17.890402105135));
#127 = CARTESIAN_POINT('',(-34.80179022746,458.86833605198,
    17.944381404882));
#128 = CARTESIAN_POINT('',(-35.17842350639,460.50098529561,
    17.802824491462));
#129 = CARTESIAN_POINT('',(-35.33857860411,461.32387616644,17.9));
#130 = DEFINITIONAL_REPRESENTATION('',(#131),#154);
#131 = B_SPLINE_CURVE_WITH_KNOTS('',6,(#132,#133,#134,#135,#136,#137,
    #138,#139,#140,#141,#142,#143,#144,#145,#146,#147,#148,#149,#150,
    #151,#152,#153),.UNSPECIFIED.,.F.,.F.,(7,5,5,5,7),(0.,0.160399301174
    ,0.502138779388,0.819269159362,1.),.UNSPECIFIED.);
#132 = CARTESIAN_POINT('',(10.781961951911,0.764024094611));
#133 = CARTESIAN_POINT('',(10.781836855541,0.766477049037));
#134 = CARTESIAN_POINT('',(10.781758955313,0.768931510137));
#135 = CARTESIAN_POINT('',(10.781722709687,0.771387583884));
#136 = CARTESIAN_POINT('',(10.781723103368,0.773845392323));
#137 = CARTESIAN_POINT('',(10.781755544817,0.776305078201));
#138 = CARTESIAN_POINT('',(10.781944063477,0.784011662947));
#139 = CARTESIAN_POINT('',(10.78219845033,0.789265670457));
#140 = CARTESIAN_POINT('',(10.782537649583,0.794530625834));
#141 = CARTESIAN_POINT('',(10.782927240718,0.799807890872));
#142 = CARTESIAN_POINT('',(10.783335664951,0.805099290019));
#143 = CARTESIAN_POINT('',(10.784101604672,0.815331043486));
#144 = CARTESIAN_POINT('',(10.784460650441,0.820269105479));
#145 = CARTESIAN_POINT('',(10.784786013276,0.825221565862));
#146 = CARTESIAN_POINT('',(10.785054586023,0.830189133858));
#147 = CARTESIAN_POINT('',(10.785242634037,0.835172038731));
#148 = CARTESIAN_POINT('',(10.785370702648,0.84301826851));
#149 = CARTESIAN_POINT('',(10.785382611989,0.845871422394));
#150 = CARTESIAN_POINT('',(10.785355117519,0.848729344364));
#151 = CARTESIAN_POINT('',(10.785283189815,0.851591922963));
#152 = CARTESIAN_POINT('',(10.785161413222,0.854458958037));
#153 = CARTESIAN_POINT('',(10.784983806651,0.857330092858));
#154 = ( GEOMETRIC_REPRESENTATION_CONTEXT(2) 
PARAMETRIC_REPRESENTATION_CONTEXT() REPRESENTATION_CONTEXT('2D SPACE',''
  ) );
#155 = ORIENTED_EDGE('',*,*,#156,.T.);
#156 = EDGE_CURVE('',#24,#157,#159,.T.);
#157 = VERTEX_POINT('',#158);
#158 = CARTESIAN_POINT('',(-36.468,453.457,18.3));
#159 = SURFACE_CURVE('',#160,(#164,#171),.PCURVE_S1.);
#160 = LINE('',#161,#162);
#161 = CARTESIAN_POINT('',(-36.468,453.457,0.));
#162 = VECTOR('',#163,1.);
#163 = DIRECTION('',(-0.,-0.,1.));
#164 = PCURVE('',#51,#165);
#165 = DEFINITIONAL_REPRESENTATION('',(#166),#170);
#166 = LINE('',#167,#168);
#167 = CARTESIAN_POINT('',(0.,0.));
#168 = VECTOR('',#169,1.);
#169 = DIRECTION('',(0.,-1.));
#170 = ( GEOMETRIC_REPRESENTATION_CONTEXT(2) 
PARAMETRIC_REPRESENTATION_CONTEXT() REPRESENTATION_CONTEXT('2D SPACE',''
  ) );
#171 = PCURVE('',#172,#177);
#172 = PLANE('',#173);
#173 = AXIS2_PLACEMENT_3D('',#174,#175,#176);
#174 = CARTESIAN_POINT('',(-60.654,453.457,0.));
#175 = DIRECTION('',(-0.,1.,0.));
#176 = DIRECTION('',(1.,0.,0.));
#177 = DEFINITIONAL_REPRESENTATION('',(#178),#182);
#178 = LINE('',#179,#180);
#179 = CARTESIAN_POINT('',(24.186,0.));
#180 = VECTOR('',#181,1.);
#181 = DIRECTION('',(0.,-1.));
#182 = ( GEOMETRIC_REPRESENTATION_CONTEXT(2) 
PARAMETRIC_REPRESENTATION_CONTEXT() REPRESENTATION_CONTEXT('2D SPACE',''
  ) );
#183 = ORIENTED_EDGE('',*,*,#184,.T.);
#184 = EDGE_CURVE('',#157,#185,#187,.T.);
#185 = VERTEX_POINT('',#186);
#186 = CARTESIAN_POINT('',(-34.388,449.004,18.3));
#187 = SURFACE_CURVE('',#188,(#193,#200),.PCURVE_S1.);
#188 = B_SPLINE_CURVE_WITH_KNOTS('',3,(#189,#190,#191,#192),
  .UNSPECIFIED.,.F.,.F.,(4,4),(0.,1.),.PIECEWISE_BEZIER_KNOTS.);
#189 = CARTESIAN_POINT('',(-36.468,453.457,18.3));
#190 = CARTESIAN_POINT('',(-35.847,451.997,18.3));
#191 = CARTESIAN_POINT('',(-35.182,450.378,18.3));
#192 = CARTESIAN_POINT('',(-34.388,449.004,18.3));
#193 = PCURVE('',#51,#194);
#194 = DEFINITIONAL_REPRESENTATION('',(#195),#199);
#195 = LINE('',#196,#197);
#196 = CARTESIAN_POINT('',(0.,-18.3));
#197 = VECTOR('',#198,1.);
#198 = DIRECTION('',(1.,0.));
#199 = ( GEOMETRIC_REPRESENTATION_CONTEXT(2) 
PARAMETRIC_REPRESENTATION_CONTEXT() REPRESENTATION_CONTEXT('2D SPACE',''
  ) );
#200 = PCURVE('',#201,#206);
#201 = PLANE('',#202);
#202 = AXIS2_PLACEMENT_3D('',#203,#204,#205);
#203 = CARTESIAN_POINT('',(-3.384356242037E-04,226.53998443108,18.3));
#204 = DIRECTION('',(0.,-0.,-1.));
#205 = DIRECTION('',(-1.,0.,0.));
#206 = DEFINITIONAL_REPRESENTATION('',(#207),#212);
#207 = B_SPLINE_CURVE_WITH_KNOTS('',3,(#208,#209,#210,#211),
  .UNSPECIFIED.,.F.,.F.,(4,4),(0.,1.),.PIECEWISE_BEZIER_KNOTS.);
#208 = CARTESIAN_POINT('',(36.467661564376,226.91701556891));
#209 = CARTESIAN_POINT('',(35.846661564376,225.45701556891));
#210 = CARTESIAN_POINT('',(35.181661564376,223.83801556891));
#211 = CARTESIAN_POINT('',(34.387661564376,222.46401556891));
#212 = ( GEOMETRIC_REPRESENTATION_CONTEXT(2) 
PARAMETRIC_REPRESENTATION_CONTEXT() REPRESENTATION_CONTEXT('2D SPACE',''
  ) );
#213 = ORIENTED_EDGE('',*,*,#214,.F.);
#214 = EDGE_CURVE('',#22,#185,#215,.T.);
#215 = SURFACE_CURVE('',#216,(#220,#227),.PCURVE_S1.);
#216 = LINE('',#217,#218);
#217 = CARTESIAN_POINT('',(-34.388,449.004,0.));
#218 = VECTOR('',#219,1.);
#219 = DIRECTION('',(-0.,-0.,1.));
#220 = PCURVE('',#51,#221);
#221 = DEFINITIONAL_REPRESENTATION('',(#222),#226);
#222 = LINE('',#223,#224);
#223 = CARTESIAN_POINT('',(1.,0.));
#224 = VECTOR('',#225,1.);
#225 = DIRECTION('',(0.,-1.));
#226 = ( GEOMETRIC_REPRESENTATION_CONTEXT(2) 
PARAMETRIC_REPRESENTATION_CONTEXT() REPRESENTATION_CONTEXT('2D SPACE',''
  ) );
#227 = PCURVE('',#228,#236);
#228 = SURFACE_OF_LINEAR_EXTRUSION('',#229,#234);
#229 = B_SPLINE_CURVE_WITH_KNOTS('',3,(#230,#231,#232,#233),
  .UNSPECIFIED.,.F.,.F.,(4,4),(0.,1.),.PIECEWISE_BEZIER_KNOTS.);
#230 = CARTESIAN_POINT('',(-34.388,449.004,0.));
#231 = CARTESIAN_POINT('',(-27.556,437.191,0.));
#232 = CARTESIAN_POINT('',(-14.742,428.951,0.));
#233 = CARTESIAN_POINT('',(1.E-03,428.947,0.));
#234 = VECTOR('',#235,1.);
#235 = DIRECTION('',(0.,0.,-1.));
#236 = DEFINITIONAL_REPRESENTATION('',(#237),#241);
#237 = LINE('',#238,#239);
#238 = CARTESIAN_POINT('',(0.,0.));
#239 = VECTOR('',#240,1.);
#240 = DIRECTION('',(0.,-1.));
#241 = ( GEOMETRIC_REPRESENTATION_CONTEXT(2) 
PARAMETRIC_REPRESENTATION_CONTEXT() REPRESENTATION_CONTEXT('2D SPACE',''
  ) );
#242 = ADVANCED_FACE('',(#243,#1066),#85,.F.);
#243 = FACE_BOUND('',#244,.F.);
#244 = EDGE_LOOP('',(#245,#334,#360,#987,#988));
#245 = ORIENTED_EDGE('',*,*,#246,.F.);
#246 = EDGE_CURVE('',#247,#249,#251,.T.);
#247 = VERTEX_POINT('',#248);
#248 = CARTESIAN_POINT('',(-2.695301746512,416.76357896014,
    0.177006803229));
#249 = VERTEX_POINT('',#250);
#250 = CARTESIAN_POINT('',(-49.34674659806,453.457,17.908991373706));
#251 = SURFACE_CURVE('',#252,(#275,#282),.PCURVE_S1.);
#252 = ( BOUNDED_CURVE() B_SPLINE_CURVE(3,(#253,#254,#255,#256,#257,#258
    ,#259,#260,#261,#262,#263,#264,#265,#266,#267,#268,#269,#270,#271,
#272,#273,#274),.UNSPECIFIED.,.F.,.F.) B_SPLINE_CURVE_WITH_KNOTS((4,1,1,
    1,1,1,1,1,1,1,1,1,1,1,1,1,1,1,1,4),(0.,5.218380768594E-02,
    0.104924849979,0.158249728388,0.212037422186,0.266073258756,
    0.320098130577,0.373854821642,0.427134464983,0.479826107743,
    0.531971081028,0.583831321693,0.635742389654,0.687819682816,
    0.740024789052,0.792245645251,0.844362126807,0.89631140842,
0.94815736877,1.),.UNSPECIFIED.) CURVE() GEOMETRIC_REPRESENTATION_ITEM()
 RATIONAL_B_SPLINE_CURVE((1.,1.000000000002,0.999999999999,1.,1.,1.,1.,
    1.,1.,1.,1.,1.,1.,1.,1.,1.,1.,1.000000000001,0.999999999997,
1.000000000012,0.999999999975,1.)) REPRESENTATION_ITEM('') );
#253 = CARTESIAN_POINT('',(-2.695301746512,416.76357896014,
    0.177006803229));
#254 = CARTESIAN_POINT('',(-3.89719216631,416.82657471876,0.331320860543
    ));
#255 = CARTESIAN_POINT('',(-6.30077237495,417.03765166781,0.834106175641
    ));
#256 = CARTESIAN_POINT('',(-9.854337927599,417.60198940002,
    2.040093767284));
#257 = CARTESIAN_POINT('',(-13.35514400424,418.41155068663,
    3.584275255514));
#258 = CARTESIAN_POINT('',(-16.78822931929,419.46206079629,
    5.351658670715));
#259 = CARTESIAN_POINT('',(-20.13861274806,420.74845958607,
    7.228045773616));
#260 = CARTESIAN_POINT('',(-23.39141838334,422.26489556278,
    9.100012696677));
#261 = CARTESIAN_POINT('',(-26.53208468589,424.00474901682,
    10.852504334148));
#262 = CARTESIAN_POINT('',(-29.54661359747,425.9608262878,
    12.376068706587));
#263 = CARTESIAN_POINT('',(-32.42138293785,428.12525712305,
    13.538290446197));
#264 = CARTESIAN_POINT('',(-35.14418677058,430.4906163436,
    14.286143847982));
#265 = CARTESIAN_POINT('',(-37.69706388455,433.04320374377,
    14.26442585227));
#266 = CARTESIAN_POINT('',(-40.05931821634,435.76132803689,
    14.602034937427));
#267 = CARTESIAN_POINT('',(-42.2231852917,438.63356505356,
    15.230118923348));
#268 = CARTESIAN_POINT('',(-44.18021376465,441.64749391568,
    16.000643373233));
#269 = CARTESIAN_POINT('',(-45.92239505106,444.79022840501,
    16.788172189398));
#270 = CARTESIAN_POINT('',(-47.44215367945,448.04840864753,
    17.461743259718));
#271 = CARTESIAN_POINT('',(-48.73258631405,451.4090014372,
    17.890402105135));
#272 = CARTESIAN_POINT('',(-49.78589435275,454.85355017986,
    17.944381404882));
#273 = CARTESIAN_POINT('',(-50.32468918369,457.18914564334,
    17.802824491462));
#274 = CARTESIAN_POINT('',(-50.55379994755,458.3663367381,17.9));
#275 = PCURVE('',#85,#276);
#276 = DEFINITIONAL_REPRESENTATION('',(#277),#281);
#277 = LINE('',#278,#279);
#278 = CARTESIAN_POINT('',(10.,0.));
#279 = VECTOR('',#280,1.);
#280 = DIRECTION('',(0.,1.));
#281 = ( GEOMETRIC_REPRESENTATION_CONTEXT(2) 
PARAMETRIC_REPRESENTATION_CONTEXT() REPRESENTATION_CONTEXT('2D SPACE',''
  ) );
#282 = PCURVE('',#283,#328);
#283 = ( BOUNDED_SURFACE() B_SPLINE_SURFACE(1,3,(
    (#284,#285,#286,#287,#288,#289,#290,#291,#292,#293,#294,#295,#296
      ,#297,#298,#299,#300,#301,#302,#303,#304,#305)
    ,(#306,#307,#308,#309,#310,#311,#312,#313,#314,#315,#316,#317,#318
      ,#319,#320,#321,#322,#323,#324,#325,#326,#327
)),.UNSPECIFIED.,.F.,.F.,.F.) B_SPLINE_SURFACE_WITH_KNOTS((2,2),(4,1,1,1
    ,1,1,1,1,1,1,1,1,1,1,1,1,1,1,1,4),(9.,10.),(0.,5.218380768594E-02,
    0.104924849979,0.158249728388,0.212037422186,0.266073258756,
    0.320098130577,0.373854821642,0.427134464983,0.479826107743,
    0.531971081028,0.583831321693,0.635742389654,0.687819682816,
    0.740024789052,0.792245645251,0.844362126807,0.89631140842,
0.94815736877,1.),.UNSPECIFIED.) GEOMETRIC_REPRESENTATION_ITEM() 
RATIONAL_B_SPLINE_SURFACE((
    (1.,1.000000000002,0.999999999999,1.,1.,1.,1.,1.,1.,1.,1.,1.,1.,1.
      ,1.,1.,1.,1.000000000001,0.999999999997,1.000000000012
      ,0.999999999975,1.)
    ,(1.,1.000000000002,0.999999999999,1.,1.,1.,1.,1.,1.,1.,1.,1.,1.,1.
      ,1.,1.,1.,1.000000000001,0.999999999997,1.000000000012
,0.999999999975,1.))) REPRESENTATION_ITEM('') SURFACE() );
#284 = CARTESIAN_POINT('',(-2.76399268908,415.45287769577,0.169401042153
    ));
#285 = CARTESIAN_POINT('',(-3.996513810377,415.51747892336,
    0.317084417103));
#286 = CARTESIAN_POINT('',(-6.461350312134,415.73393526871,
    0.798265676007));
#287 = CARTESIAN_POINT('',(-10.10548003485,416.31265539131,
    1.952433488193));
#288 = CARTESIAN_POINT('',(-13.695505684,417.14284870189,3.430263428136)
  );
#289 = CARTESIAN_POINT('',(-17.21608467815,418.22013152041,
    5.121704587206));
#290 = CARTESIAN_POINT('',(-20.65185409237,419.53931474543,
    6.917465681782));
#291 = CARTESIAN_POINT('',(-23.98755890039,421.09439775552,
    8.708996526117));
#292 = CARTESIAN_POINT('',(-27.2082664558,422.87859213497,10.38618578854
    ));
#293 = CARTESIAN_POINT('',(-30.29962195371,424.88452088979,
    11.844284504351));
#294 = CARTESIAN_POINT('',(-33.2476560467,427.1041131905,12.956567028587
    ));
#295 = CARTESIAN_POINT('',(-36.03985172468,429.5297546242,
    13.672286104514));
#296 = CARTESIAN_POINT('',(-38.65779002724,432.14739582947,
    13.651501303931));
#297 = CARTESIAN_POINT('',(-41.08024744273,434.93479270773,
    13.974603748709));
#298 = CARTESIAN_POINT('',(-43.29926161588,437.88022993964,
    14.575699750861));
#299 = CARTESIAN_POINT('',(-45.30616581447,440.97097009555,
    15.313115728289));
#300 = CARTESIAN_POINT('',(-47.09274735212,444.19379854648,
    16.066805415635));
#301 = CARTESIAN_POINT('',(-48.65123769312,447.5350149356,
    16.711433979028));
#302 = CARTESIAN_POINT('',(-49.9745575672,450.98125390206,
    17.121673889677));
#303 = CARTESIAN_POINT('',(-51.05470962145,454.51358846935,
    17.173333766404));
#304 = CARTESIAN_POINT('',(-51.60723587405,456.90870761601,
    17.037859376566));
#305 = CARTESIAN_POINT('',(-51.84218562583,458.11589993167,17.130859375)
  );
#306 = CARTESIAN_POINT('',(-2.695301746512,416.76357896014,
    0.177006803229));
#307 = CARTESIAN_POINT('',(-3.89719216631,416.82657471876,0.331320860543
    ));
#308 = CARTESIAN_POINT('',(-6.30077237495,417.03765166781,0.834106175641
    ));
#309 = CARTESIAN_POINT('',(-9.854337927599,417.60198940002,
    2.040093767284));
#310 = CARTESIAN_POINT('',(-13.35514400424,418.41155068663,
    3.584275255514));
#311 = CARTESIAN_POINT('',(-16.78822931929,419.46206079629,
    5.351658670715));
#312 = CARTESIAN_POINT('',(-20.13861274806,420.74845958607,
    7.228045773616));
#313 = CARTESIAN_POINT('',(-23.39141838334,422.26489556278,
    9.100012696677));
#314 = CARTESIAN_POINT('',(-26.53208468589,424.00474901682,
    10.852504334148));
#315 = CARTESIAN_POINT('',(-29.54661359747,425.9608262878,
    12.376068706587));
#316 = CARTESIAN_POINT('',(-32.42138293785,428.12525712305,
    13.538290446197));
#317 = CARTESIAN_POINT('',(-35.14418677058,430.4906163436,
    14.286143847982));
#318 = CARTESIAN_POINT('',(-37.69706388455,433.04320374377,
    14.26442585227));
#319 = CARTESIAN_POINT('',(-40.05931821634,435.76132803689,
    14.602034937427));
#320 = CARTESIAN_POINT('',(-42.2231852917,438.63356505356,
    15.230118923348));
#321 = CARTESIAN_POINT('',(-44.18021376465,441.64749391568,
    16.000643373233));
#322 = CARTESIAN_POINT('',(-45.92239505106,444.79022840501,
    16.788172189398));
#323 = CARTESIAN_POINT('',(-47.44215367945,448.04840864753,
    17.461743259718));
#324 = CARTESIAN_POINT('',(-48.73258631405,451.4090014372,
    17.890402105135));
#325 = CARTESIAN_POINT('',(-49.78589435275,454.85355017986,
    17.944381404882));
#326 = CARTESIAN_POINT('',(-50.32468918369,457.18914564334,
    17.802824491462));
#327 = CARTESIAN_POINT('',(-50.55379994755,458.3663367381,17.9));
#328 = DEFINITIONAL_REPRESENTATION('',(#329),#333);
#329 = LINE('',#330,#331);
#330 = CARTESIAN_POINT('',(10.,0.));
#331 = VECTOR('',#332,1.);
#332 = DIRECTION('',(0.,1.));
#333 = ( GEOMETRIC_REPRESENTATION_CONTEXT(2) 
PARAMETRIC_REPRESENTATION_CONTEXT() REPRESENTATION_CONTEXT('2D SPACE',''
  ) );
#334 = ORIENTED_EDGE('',*,*,#335,.T.);
#335 = EDGE_CURVE('',#247,#336,#338,.T.);
#336 = VERTEX_POINT('',#337);
#337 = CARTESIAN_POINT('',(-2.053960337342,429.00110205199,
    0.177006803229));
#338 = SURFACE_CURVE('',#339,(#342,#349),.PCURVE_S1.);
#339 = B_SPLINE_CURVE_WITH_KNOTS('',1,(#340,#341),.UNSPECIFIED.,.F.,.F.,
  (2,2),(10.,11.),.PIECEWISE_BEZIER_KNOTS.);
#340 = CARTESIAN_POINT('',(-2.695301746512,416.76357896014,
    0.177006803229));
#341 = CARTESIAN_POINT('',(-1.884094424746,432.24233674883,
    0.177006803229));
#342 = PCURVE('',#85,#343);
#343 = DEFINITIONAL_REPRESENTATION('',(#344),#348);
#344 = LINE('',#345,#346);
#345 = CARTESIAN_POINT('',(0.,0.));
#346 = VECTOR('',#347,1.);
#347 = DIRECTION('',(1.,0.));
#348 = ( GEOMETRIC_REPRESENTATION_CONTEXT(2) 
PARAMETRIC_REPRESENTATION_CONTEXT() REPRESENTATION_CONTEXT('2D SPACE',''
  ) );
#349 = PCURVE('',#350,#355);
#350 = PLANE('',#351);
#351 = AXIS2_PLACEMENT_3D('',#352,#353,#354);
#352 = CARTESIAN_POINT('',(-1.884094424746,432.24233674883,-0.5));
#353 = DIRECTION('',(-0.998629534755,5.233595624294E-02,0.));
#354 = DIRECTION('',(-5.232628141963E-02,-0.998444928129,
    1.922721423134E-02));
#355 = DEFINITIONAL_REPRESENTATION('',(#356),#359);
#356 = B_SPLINE_CURVE_WITH_KNOTS('',1,(#357,#358),.UNSPECIFIED.,.F.,.F.,
  (2,2),(10.,11.),.PIECEWISE_BEZIER_KNOTS.);
#357 = CARTESIAN_POINT('',(15.510151625304,0.378859831186));
#358 = CARTESIAN_POINT('',(1.301695484176E-02,0.676881651772));
#359 = ( GEOMETRIC_REPRESENTATION_CONTEXT(2) 
PARAMETRIC_REPRESENTATION_CONTEXT() REPRESENTATION_CONTEXT('2D SPACE',''
  ) );
#360 = ORIENTED_EDGE('',*,*,#361,.T.);
#361 = EDGE_CURVE('',#336,#22,#362,.T.);
#362 = SURFACE_CURVE('',#363,(#569,#778),.PCURVE_S1.);
#363 = B_SPLINE_CURVE_WITH_KNOTS('',8,(#364,#365,#366,#367,#368,#369,
    #370,#371,#372,#373,#374,#375,#376,#377,#378,#379,#380,#381,#382,
    #383,#384,#385,#386,#387,#388,#389,#390,#391,#392,#393,#394,#395,
    #396,#397,#398,#399,#400,#401,#402,#403,#404,#405,#406,#407,#408,
    #409,#410,#411,#412,#413,#414,#415,#416,#417,#418,#419,#420,#421,
    #422,#423,#424,#425,#426,#427,#428,#429,#430,#431,#432,#433,#434,
    #435,#436,#437,#438,#439,#440,#441,#442,#443,#444,#445,#446,#447,
    #448,#449,#450,#451,#452,#453,#454,#455,#456,#457,#458,#459,#460,
    #461,#462,#463,#464,#465,#466,#467,#468,#469,#470,#471,#472,#473,
    #474,#475,#476,#477,#478,#479,#480,#481,#482,#483,#484,#485,#486,
    #487,#488,#489,#490,#491,#492,#493,#494,#495,#496,#497,#498,#499,
    #500,#501,#502,#503,#504,#505,#506,#507,#508,#509,#510,#511,#512,
    #513,#514,#515,#516,#517,#518,#519,#520,#521,#522,#523,#524,#525,
    #526,#527,#528,#529,#530,#531,#532,#533,#534,#535,#536,#537,#538,
    #539,#540,#541,#542,#543,#544,#545,#546,#547,#548,#549,#550,#551,
    #552,#553,#554,#555,#556,#557,#558,#559,#560,#561,#562,#563,#564,
    #565,#566,#567,#568),.UNSPECIFIED.,.F.,.F.,(9,7,7,7,7,7,7,7,7,7,7,7,
    7,7,7,7,7,7,7,7,7,7,7,7,7,7,7,7,7,9),(0.,3.769758324022E-02,
    7.782392760172E-02,0.123987325693,0.186259931317,0.215565123534,
    0.244005445993,0.304331116441,0.363665376492,0.472827874228,
    0.500793505356,0.52214934709,0.555782533176,0.5911919049,
    0.606644885038,0.662322733366,0.675730697047,0.714782295161,
    0.728604240994,0.757900640198,0.768902643827,0.787710588577,
    0.826024113486,0.840512794561,0.853285755757,0.899271675526,
    0.922614060261,0.946125312218,0.978153625418,1.),.UNSPECIFIED.);
#364 = CARTESIAN_POINT('',(-2.053960337342,429.00110205199,
    0.177006803229));
#365 = CARTESIAN_POINT('',(-2.268596643409,429.01236926536,
    0.213169513358));
#366 = CARTESIAN_POINT('',(-2.481877862236,429.02491249118,
    0.253145043582));
#367 = CARTESIAN_POINT('',(-2.693697672795,429.03869915023,
    0.296744853959));
#368 = CARTESIAN_POINT('',(-2.903972080037,429.05369457856,
    0.343780358388));
#369 = CARTESIAN_POINT('',(-3.112638087151,429.0698630244,0.39406579479)
  );
#370 = CARTESIAN_POINT('',(-3.319652367824,429.08716864495,
    0.447421095298));
#371 = CARTESIAN_POINT('',(-3.524989938498,429.10557650326,0.50367475644
    ));
#372 = CARTESIAN_POINT('',(-3.945416569884,429.14578548538,
    0.625459366364));
#373 = CARTESIAN_POINT('',(-4.160274469225,429.16772809521,
    0.691352486689));
#374 = CARTESIAN_POINT('',(-4.373209529708,429.19084155407,
    0.760151192825));
#375 = CARTESIAN_POINT('',(-4.584223054119,429.21508685072,
    0.831675444885));
#376 = CARTESIAN_POINT('',(-4.793330818502,429.24042733048,
    0.905749980285));
#377 = CARTESIAN_POINT('',(-5.000556595313,429.26682835843,
    0.982213736915));
#378 = CARTESIAN_POINT('',(-5.205927629215,429.29425713872,
    1.060926915429));
#379 = CARTESIAN_POINT('',(-5.643671390281,429.35538924174,
    1.234741258521));
#380 = CARTESIAN_POINT('',(-5.875448577623,429.38941441477,
    1.330523278793));
#381 = CARTESIAN_POINT('',(-6.104879276584,429.42471543042,
    1.428896091341));
#382 = CARTESIAN_POINT('',(-6.332027319553,429.46125088627,1.52967170579
    ));
#383 = CARTESIAN_POINT('',(-6.556959700231,429.49898296148,
    1.632677490007));
#384 = CARTESIAN_POINT('',(-6.779746950639,429.53787760181,
    1.737755712931));
#385 = CARTESIAN_POINT('',(-7.000463518134,429.57790470481,
    1.844763087412));
#386 = CARTESIAN_POINT('',(-7.514239044894,429.67452591112,
    2.100346974435));
#387 = CARTESIAN_POINT('',(-7.805651394824,429.73202439895,
    2.250393542507));
#388 = CARTESIAN_POINT('',(-8.093628355746,429.79147168557,
    2.403380001582));
#389 = CARTESIAN_POINT('',(-8.378308399719,429.8528043358,2.559064427308
    ));
#390 = CARTESIAN_POINT('',(-8.659885283043,429.91597816781,2.71717018782
    ));
#391 = CARTESIAN_POINT('',(-8.938500386487,429.98094849886,
    2.877496457445));
#392 = CARTESIAN_POINT('',(-9.214322734712,430.04768404837,
    3.039835720205));
#393 = CARTESIAN_POINT('',(-9.616070937746,430.14838466799,
    3.281276761937));
#394 = CARTESIAN_POINT('',(-9.7440468163,430.18099431767,3.358945126297)
  );
#395 = CARTESIAN_POINT('',(-9.871453664747,430.21398630913,
    3.437001341307));
#396 = CARTESIAN_POINT('',(-9.998307283771,430.24735827112,
    3.515427269977));
#397 = CARTESIAN_POINT('',(-10.1246231714,430.28110814495,3.594205492048
    ));
#398 = CARTESIAN_POINT('',(-10.25041623854,430.31523408522,
    3.673319560136));
#399 = CARTESIAN_POINT('',(-10.37570052443,430.34973436049,
    3.752754255885));
#400 = CARTESIAN_POINT('',(-10.62159448147,430.41845096082,
    3.909884061917));
#401 = CARTESIAN_POINT('',(-10.74223314607,430.45264564778,
    3.987561043373));
#402 = CARTESIAN_POINT('',(-10.86241727301,430.48718991974,
    4.065513655471));
#403 = CARTESIAN_POINT('',(-10.98215901733,430.52208259924,
    4.143729185016));
#404 = CARTESIAN_POINT('',(-11.10147032209,430.55732272643,
    4.222195340631));
#405 = CARTESIAN_POINT('',(-11.22036291841,430.59290955905,
    4.300900252753));
#406 = CARTESIAN_POINT('',(-11.33884832538,430.62884257248,
    4.379832473639));
#407 = CARTESIAN_POINT('',(-11.7074212884,430.74207375851,4.626865380182
    ));
#408 = CARTESIAN_POINT('',(-11.95612259171,430.82058188337,
    4.795721970787));
#409 = CARTESIAN_POINT('',(-12.20315056158,430.9006428933,4.965446439951
    ));
#410 = CARTESIAN_POINT('',(-12.44861265852,430.98225934996,
    5.135936706028));
#411 = CARTESIAN_POINT('',(-12.69259709494,431.06543166133,
    5.307109222324));
#412 = CARTESIAN_POINT('',(-12.93522147247,431.15017625564,
    5.478857558346));
#413 = CARTESIAN_POINT('',(-13.17655634361,431.23649716121,
    5.651115873362));
#414 = CARTESIAN_POINT('',(-13.65288807141,431.41088002125,
    5.993649489541));
#415 = CARTESIAN_POINT('',(-13.88792184177,431.49888929042,
    6.163910603109));
#416 = CARTESIAN_POINT('',(-14.12187969327,431.58845243396,
    6.334510900361));
#417 = CARTESIAN_POINT('',(-14.3548415601,431.67958602793,6.505378315412
    ));
#418 = CARTESIAN_POINT('',(-14.5868849531,431.77230973986,6.676442402852
    ));
#419 = CARTESIAN_POINT('',(-14.81808551717,431.86664647794,
    6.847633916912));
#420 = CARTESIAN_POINT('',(-15.0485175887,431.96262254037,7.018884390628
    ));
#421 = CARTESIAN_POINT('',(-15.70092257868,432.23991433903,
    7.505173558684));
#422 = CARTESIAN_POINT('',(-16.12122462726,432.42520497925,
    7.820181588141));
#423 = CARTESIAN_POINT('',(-16.53963999967,432.61633409852,
    8.134726928874));
#424 = CARTESIAN_POINT('',(-16.95661660637,432.81352979282,
    8.448377964176));
#425 = CARTESIAN_POINT('',(-17.37258787622,433.01705973253,
    8.760680452436));
#426 = CARTESIAN_POINT('',(-17.78798094712,433.22723573855,
    9.071151030169));
#427 = CARTESIAN_POINT('',(-18.20322417899,433.44442169347,
    9.379270028085));
#428 = CARTESIAN_POINT('',(-18.72521572039,433.72659536129,
    9.762651579785));
#429 = CARTESIAN_POINT('',(-18.8316882057,433.78462930267,9.84064515217)
  );
#430 = CARTESIAN_POINT('',(-18.93818649235,433.84315835606,
    9.918436445035));
#431 = CARTESIAN_POINT('',(-19.04471778811,433.90218987946,
    9.996015311532));
#432 = CARTESIAN_POINT('',(-19.15128930141,433.96173149547,
    10.073371257557));
#433 = CARTESIAN_POINT('',(-19.2579082413,434.02179109131,
    10.150493441752));
#434 = CARTESIAN_POINT('',(-19.36458181748,434.0823768188,
    10.227370675506));
#435 = CARTESIAN_POINT('',(-19.5528253166,434.19017134704,
    10.362502548572));
#436 = CARTESIAN_POINT('',(-19.63436944965,434.23715732561,
    10.420864070975));
#437 = CARTESIAN_POINT('',(-19.71595285206,434.28445878141,
    10.479070845092));
#438 = CARTESIAN_POINT('',(-19.79757873317,434.33207956374,
    10.537117568813));
#439 = CARTESIAN_POINT('',(-19.87925029896,434.38002361988,
    10.594998782992));
#440 = CARTESIAN_POINT('',(-19.96097075211,434.42829499514,
    10.652708871444));
#441 = CARTESIAN_POINT('',(-20.04274329197,434.47689783279,
    10.710242060948));
#442 = CARTESIAN_POINT('',(-20.25344125785,434.60290938712,
    10.857913157084));
#443 = CARTESIAN_POINT('',(-20.38244794934,434.68081471296,
    10.947780726571));
#444 = CARTESIAN_POINT('',(-20.51160465448,434.75956948338,
    11.037171223356));
#445 = CARTESIAN_POINT('',(-20.64093209531,434.83919596547,
    11.126052278282));
#446 = CARTESIAN_POINT('',(-20.7704466961,434.91971468991,
    11.214393799192));
#447 = CARTESIAN_POINT('',(-20.90016386285,435.00114644216,
    11.302164944028));
#448 = CARTESIAN_POINT('',(-21.03010287288,435.08351522462,
    11.389329539415));
#449 = CARTESIAN_POINT('',(-21.29733215655,435.25457402359,
    11.566944077843));
#450 = CARTESIAN_POINT('',(-21.4346478491,435.34336786904,
    11.657323847021));
#451 = CARTESIAN_POINT('',(-21.5722477786,435.4332538169,11.746949270077
    ));
#452 = CARTESIAN_POINT('',(-21.71015188408,435.52426061779,
    11.835775213524));
#453 = CARTESIAN_POINT('',(-21.84837962349,435.61641792426,
    11.923753432769));
#454 = CARTESIAN_POINT('',(-21.98695010387,435.70975642388,
    12.010832400094));
#455 = CARTESIAN_POINT('',(-22.12588221155,435.80430797242,
    12.096957132635));
#456 = CARTESIAN_POINT('',(-22.3259920303,435.94191276061,
    12.219212642139));
#457 = CARTESIAN_POINT('',(-22.38686185455,435.98395719999,
    12.256163175785));
#458 = CARTESIAN_POINT('',(-22.44780501495,436.02624126187,
    12.292916503958));
#459 = CARTESIAN_POINT('',(-22.50882405907,436.06876844797,
    12.32946624087));
#460 = CARTESIAN_POINT('',(-22.56992061272,436.11154166692,
    12.365806992858));
#461 = CARTESIAN_POINT('',(-22.63109452232,436.15456262281,
    12.401935394924));
#462 = CARTESIAN_POINT('',(-22.69234480912,436.19783247033,
    12.437848923265));
#463 = CARTESIAN_POINT('',(-22.9746388915,436.39816300129,
    12.602148139794));
#464 = CARTESIAN_POINT('',(-23.19660302495,436.55823175451,
    12.727899074668));
#465 = CARTESIAN_POINT('',(-23.41957670546,436.72165520632,
    12.850611588684));
#466 = CARTESIAN_POINT('',(-23.64355970296,436.88852542629,
    12.970081761713));
#467 = CARTESIAN_POINT('',(-23.86853964771,437.05893046454,
    13.086086153318));
#468 = CARTESIAN_POINT('',(-24.09449199068,437.23295347289,
    13.198382502872));
#469 = CARTESIAN_POINT('',(-24.32137996395,437.41067182603,
    13.306710429677));
#470 = CARTESIAN_POINT('',(-24.60400567746,437.63586009511,
    13.435856386477));
#471 = CARTESIAN_POINT('',(-24.65890726643,437.67978157147,
    13.460675337149));
#472 = CARTESIAN_POINT('',(-24.71386322367,437.72392535486,
    13.485236775088));
#473 = CARTESIAN_POINT('',(-24.76885817796,437.76828064919,
    13.509563957526));
#474 = CARTESIAN_POINT('',(-24.82391317907,437.81286582024,
    13.533610713744));
#475 = CARTESIAN_POINT('',(-24.87901933151,437.8576754763,
    13.557388395604));
#476 = CARTESIAN_POINT('',(-24.9341833043,437.90271662609,
    13.580876785771));
#477 = CARTESIAN_POINT('',(-25.15024706516,438.07985976269,
    13.671608166202));
#478 = CARTESIAN_POINT('',(-25.31157585148,438.21370426982,
    13.736608377179));
#479 = CARTESIAN_POINT('',(-25.47345921023,438.34962271597,
    13.798786503232));
#480 = CARTESIAN_POINT('',(-25.63593491778,438.48769410639,
    13.857826133146));
#481 = CARTESIAN_POINT('',(-25.7990130421,438.6279783176,13.913374817206
    ));
#482 = CARTESIAN_POINT('',(-25.96267620973,438.77051411927,
    13.965046231808));
#483 = CARTESIAN_POINT('',(-26.12687909042,438.91531620445,
    14.012424781019));
#484 = CARTESIAN_POINT('',(-26.34982979232,439.11441997048,
    14.070167441907));
#485 = CARTESIAN_POINT('',(-26.40816882545,439.1667491905,
    14.084669231217));
#486 = CARTESIAN_POINT('',(-26.46656003784,439.21935757288,
    14.098558231354));
#487 = CARTESIAN_POINT('',(-26.52499838428,439.27224289524,
    14.111814481113));
#488 = CARTESIAN_POINT('',(-26.58347793531,439.32540202814,
    14.124417829758));
#489 = CARTESIAN_POINT('',(-26.64199187722,439.37883093502,
    14.13634793702));
#490 = CARTESIAN_POINT('',(-26.70053251205,439.43252467223,
    14.147584273101));
#491 = CARTESIAN_POINT('',(-26.88320984456,439.60083323647,
    14.180407767938));
#492 = CARTESIAN_POINT('',(-27.00740183334,439.71634506321,
    14.199482412872));
#493 = CARTESIAN_POINT('',(-27.1314965293,439.83287429161,
    14.215647562004));
#494 = CARTESIAN_POINT('',(-27.25535028425,439.95029954554,
    14.229269890209));
#495 = CARTESIAN_POINT('',(-27.37885046661,440.0685221018,
    14.240739169582));
#496 = CARTESIAN_POINT('',(-27.50191479556,440.18746738895,
    14.250458864323));
#497 = CARTESIAN_POINT('',(-27.62448982524,440.30708589093,
    14.258842365375));
#498 = CARTESIAN_POINT('',(-27.79239187167,440.4725234942,
    14.269105931589));
#499 = CARTESIAN_POINT('',(-27.83815773266,440.51778084248,
    14.271777917004));
#500 = CARTESIAN_POINT('',(-27.88384807643,440.56312709904,
    14.274341782218));
#501 = CARTESIAN_POINT('',(-27.92946117467,440.60856062044,
    14.276819533827));
#502 = CARTESIAN_POINT('',(-27.97499544191,440.65407987875,
    14.279233199609));
#503 = CARTESIAN_POINT('',(-28.02044943547,440.69968346146,
    14.28160482853));
#504 = CARTESIAN_POINT('',(-28.06582185548,440.74537007153,
    14.283956490743));
#505 = CARTESIAN_POINT('',(-28.18853434937,440.86937978398,
    14.290334080374));
#506 = CARTESIAN_POINT('',(-28.26571363413,440.94785847092,
    14.29436417494));
#507 = CARTESIAN_POINT('',(-28.34264511678,441.02657020737,
    14.298509800249));
#508 = CARTESIAN_POINT('',(-28.41932221387,441.10550814425,
    14.302883386548));
#509 = CARTESIAN_POINT('',(-28.49573694641,441.18466380333,
    14.307592982028));
#510 = CARTESIAN_POINT('',(-28.57187948234,441.2640264864,
    14.312747168177));
#511 = CARTESIAN_POINT('',(-28.64773781781,441.34358283394,
    14.318458315848));
#512 = CARTESIAN_POINT('',(-28.87722442509,441.58574625616,
    14.33780981389));
#513 = CARTESIAN_POINT('',(-29.02991328589,441.74891295266,
    14.353499921416));
#514 = CARTESIAN_POINT('',(-29.18131668696,441.91275644546,
    14.37182586081));
#515 = CARTESIAN_POINT('',(-29.33139270692,442.0772189573,
    14.392709948392));
#516 = CARTESIAN_POINT('',(-29.48010607385,442.24224683036,
    14.416072268126));
#517 = CARTESIAN_POINT('',(-29.62742774168,442.40779066695,
    14.441831627159));
#518 = CARTESIAN_POINT('',(-29.77333446656,442.57380547025,
    14.469906511355));
#519 = CARTESIAN_POINT('',(-29.97244278471,442.80319391244,
    14.511677922956));
#520 = CARTESIAN_POINT('',(-30.02687228499,442.86619860677,
    14.523459372681));
#521 = CARTESIAN_POINT('',(-30.08109592357,442.92926267744,
    14.535556000492));
#522 = CARTESIAN_POINT('',(-30.13511283653,442.99238401845,
    14.547963434529));
#523 = CARTESIAN_POINT('',(-30.18892225652,443.05556060828,
    14.560677320592));
#524 = CARTESIAN_POINT('',(-30.24252351274,443.11879050991,
    14.57369332214));
#525 = CARTESIAN_POINT('',(-30.29591603099,443.18207187086,
    14.587007120292));
#526 = CARTESIAN_POINT('',(-30.39598477868,443.30123444215,
    14.612610359586));
#527 = CARTESIAN_POINT('',(-30.44270760503,443.35710455872,
    14.62483469448));
#528 = CARTESIAN_POINT('',(-30.48926770576,443.41301233982,
    14.637283163687));
#529 = CARTESIAN_POINT('',(-30.53566436168,443.468956087,14.649954755218
    ));
#530 = CARTESIAN_POINT('',(-30.58189726745,443.5249345884,14.66284698988
    ));
#531 = CARTESIAN_POINT('',(-30.6279668543,443.58094751944,
    14.675954377548));
#532 = CARTESIAN_POINT('',(-30.67387390939,443.63699499197,
    14.689270039746));
#533 = CARTESIAN_POINT('',(-30.88431066183,443.89498309903,
    14.751467600371));
#534 = CARTESIAN_POINT('',(-31.04689560145,444.09732628665,
    14.802794734073));
#535 = CARTESIAN_POINT('',(-31.20739722148,444.30009595302,
    14.856545982768));
#536 = CARTESIAN_POINT('',(-31.36584511163,444.50329081903,
    14.912504814173));
#537 = CARTESIAN_POINT('',(-31.52227407297,444.70691856949,
    14.97046408284));
#538 = CARTESIAN_POINT('',(-31.67672365042,444.91099623435,
    15.03022603242));
#539 = CARTESIAN_POINT('',(-31.82923766517,445.11555057001,
    15.091602297915));
#540 = CARTESIAN_POINT('',(-32.05632132323,445.42471058772,
    15.186296988112));
#541 = CARTESIAN_POINT('',(-32.13229195336,445.52893436602,
    15.218549094012));
#542 = CARTESIAN_POINT('',(-32.20778067719,445.63329291,15.251149865666)
  );
#543 = CARTESIAN_POINT('',(-32.28279570773,445.73779411295,
    15.284068412903));
#544 = CARTESIAN_POINT('',(-32.35734121378,445.8424405733,
    15.317287779406));
#545 = CARTESIAN_POINT('',(-32.4314205809,445.94723405518,
    15.350794274507));
#546 = CARTESIAN_POINT('',(-32.5050403251,446.05218090434,
    15.384564375519));
#547 = CARTESIAN_POINT('',(-32.65189864,446.26314917659,15.452845526324)
  );
#548 = CARTESIAN_POINT('',(-32.72513058365,446.36917285516,
    15.487359757537));
#549 = CARTESIAN_POINT('',(-32.79790572768,446.47536048596,
    15.522106020497));
#550 = CARTESIAN_POINT('',(-32.87022906616,446.58171687393,
    15.557065983487));
#551 = CARTESIAN_POINT('',(-32.94210552383,446.68824703919,
    15.592221559608));
#552 = CARTESIAN_POINT('',(-33.01353995608,446.79495621705,
    15.627554906778));
#553 = CARTESIAN_POINT('',(-33.08453714897,446.90184985804,
    15.663048427734));
#554 = CARTESIAN_POINT('',(-33.2512288721,447.15480899532,
    15.747230544392));
#555 = CARTESIAN_POINT('',(-33.34655312996,447.30103698741,15.7960411463
    ));
#556 = CARTESIAN_POINT('',(-33.44108649157,447.44763189204,
    15.845073025598));
#557 = CARTESIAN_POINT('',(-33.53484060811,447.59460883289,
    15.894282206137));
#558 = CARTESIAN_POINT('',(-33.6278264606,447.74198304499,
    15.943625768023));
#559 = CARTESIAN_POINT('',(-33.72005435726,447.88976986819,
    15.993061863011));
#560 = CARTESIAN_POINT('',(-33.81153435081,448.0379854586,
    16.042548263083));
#561 = CARTESIAN_POINT('',(-33.96417229767,448.28805044626,
    16.125797162424));
#562 = CARTESIAN_POINT('',(-34.02572438986,448.38966053961,
    16.159557193579));
#563 = CARTESIAN_POINT('',(-34.08693654161,448.49148403884,
    16.193305597235));
#564 = CARTESIAN_POINT('',(-34.14781180199,448.59352653401,
    16.227028397031));
#565 = CARTESIAN_POINT('',(-34.20835307977,448.69579366449,
    16.260711578657));
#566 = CARTESIAN_POINT('',(-34.26856314336,448.79829111885,
    16.29434108985));
#567 = CARTESIAN_POINT('',(-34.32844462085,448.90102463498,
    16.327902840396));
#568 = CARTESIAN_POINT('',(-34.388,449.004,16.361382702128));
#569 = PCURVE('',#85,#570);
#570 = DEFINITIONAL_REPRESENTATION('',(#571),#777);
#571 = B_SPLINE_CURVE_WITH_KNOTS('',8,(#572,#573,#574,#575,#576,#577,
    #578,#579,#580,#581,#582,#583,#584,#585,#586,#587,#588,#589,#590,
    #591,#592,#593,#594,#595,#596,#597,#598,#599,#600,#601,#602,#603,
    #604,#605,#606,#607,#608,#609,#610,#611,#612,#613,#614,#615,#616,
    #617,#618,#619,#620,#621,#622,#623,#624,#625,#626,#627,#628,#629,
    #630,#631,#632,#633,#634,#635,#636,#637,#638,#639,#640,#641,#642,
    #643,#644,#645,#646,#647,#648,#649,#650,#651,#652,#653,#654,#655,
    #656,#657,#658,#659,#660,#661,#662,#663,#664,#665,#666,#667,#668,
    #669,#670,#671,#672,#673,#674,#675,#676,#677,#678,#679,#680,#681,
    #682,#683,#684,#685,#686,#687,#688,#689,#690,#691,#692,#693,#694,
    #695,#696,#697,#698,#699,#700,#701,#702,#703,#704,#705,#706,#707,
    #708,#709,#710,#711,#712,#713,#714,#715,#716,#717,#718,#719,#720,
    #721,#722,#723,#724,#725,#726,#727,#728,#729,#730,#731,#732,#733,
    #734,#735,#736,#737,#738,#739,#740,#741,#742,#743,#744,#745,#746,
    #747,#748,#749,#750,#751,#752,#753,#754,#755,#756,#757,#758,#759,
    #760,#761,#762,#763,#764,#765,#766,#767,#768,#769,#770,#771,#772,
    #773,#774,#775,#776),.UNSPECIFIED.,.F.,.F.,(9,7,7,7,7,7,7,7,7,7,7,7,
    7,7,7,7,7,7,7,7,7,7,7,7,7,7,7,7,7,9),(0.,3.769758324022E-02,
    7.782392760172E-02,0.123987325693,0.186259931317,0.215565123534,
    0.244005445993,0.304331116441,0.363665376492,0.472827874228,
    0.500793505356,0.52214934709,0.555782533176,0.5911919049,
    0.606644885038,0.662322733366,0.675730697047,0.714782295161,
    0.728604240994,0.757900640198,0.768902643827,0.787710588577,
    0.826024113486,0.840512794561,0.853285755757,0.899271675526,
    0.922614060261,0.946125312218,0.978153625418,1.),.UNSPECIFIED.);
#572 = CARTESIAN_POINT('',(10.790601110174,0.));
#573 = CARTESIAN_POINT('',(10.790602224046,4.076336149827E-03));
#574 = CARTESIAN_POINT('',(10.790603178958,8.130863950238E-03));
#575 = CARTESIAN_POINT('',(10.790604162697,1.216182472286E-02));
#576 = CARTESIAN_POINT('',(10.790605324364,1.616785970164E-02));
#577 = CARTESIAN_POINT('',(10.790606777251,2.014798714717E-02));
#578 = CARTESIAN_POINT('',(10.790608601726,2.410157946113E-02));
#579 = CARTESIAN_POINT('',(10.790610848117,2.802834030064E-02));
#580 = CARTESIAN_POINT('',(10.790616404462,3.607948656664E-02));
#581 = CARTESIAN_POINT('',(10.790619785231,4.020015409889E-02));
#582 = CARTESIAN_POINT('',(10.790623640339,4.429044291239E-02));
#583 = CARTESIAN_POINT('',(10.790628135643,4.8350321892E-02));
#584 = CARTESIAN_POINT('',(10.790633061976,5.238049821306E-02));
#585 = CARTESIAN_POINT('',(10.790638277086,5.638167700927E-02));
#586 = CARTESIAN_POINT('',(10.790644074882,6.035398277363E-02));
#587 = CARTESIAN_POINT('',(10.790657644361,6.883620029212E-02));
#588 = CARTESIAN_POINT('',(10.790665602584,7.333686737202E-02));
#589 = CARTESIAN_POINT('',(10.790674307327,7.780151466246E-02));
#590 = CARTESIAN_POINT('',(10.790683789492,8.223133733993E-02));
#591 = CARTESIAN_POINT('',(10.790694065206,8.662759476138E-02));
#592 = CARTESIAN_POINT('',(10.790705137858,9.099162030419E-02));
#593 = CARTESIAN_POINT('',(10.790717000142,9.532483120624E-02));
#594 = CARTESIAN_POINT('',(10.790746681482,0.105434539685));
#595 = CARTESIAN_POINT('',(10.790765130234,0.111186718244));
#596 = CARTESIAN_POINT('',(10.790784986199,0.116889458685));
#597 = CARTESIAN_POINT('',(10.790805987192,0.122544376427));
#598 = CARTESIAN_POINT('',(10.790828213707,0.128155668553));
#599 = CARTESIAN_POINT('',(10.79085149957,0.133725375475));
#600 = CARTESIAN_POINT('',(10.790875854474,0.139256818753));
#601 = CARTESIAN_POINT('',(10.790913183264,0.14733928387));
#602 = CARTESIAN_POINT('',(10.790925357688,0.14991783673));
#603 = CARTESIAN_POINT('',(10.790937754448,0.152488816535));
#604 = CARTESIAN_POINT('',(10.790950374953,0.155052520668));
#605 = CARTESIAN_POINT('',(10.79096322216,0.157609243533));
#606 = CARTESIAN_POINT('',(10.790976293957,0.160159265323));
#607 = CARTESIAN_POINT('',(10.790989576551,0.162702840776));
#608 = CARTESIAN_POINT('',(10.791016101877,0.16770265163));
#609 = CARTESIAN_POINT('',(10.791029338764,0.170159255739));
#610 = CARTESIAN_POINT('',(10.791042733353,0.17261022209));
#611 = CARTESIAN_POINT('',(10.79105627206,0.175055770061));
#612 = CARTESIAN_POINT('',(10.791069942879,0.177496116589));
#613 = CARTESIAN_POINT('',(10.79108373538,0.179931476173));
#614 = CARTESIAN_POINT('',(10.79109764071,0.18236206087));
#615 = CARTESIAN_POINT('',(10.791141370522,0.189933987083));
#616 = CARTESIAN_POINT('',(10.791171566641,0.195059334377));
#617 = CARTESIAN_POINT('',(10.7912021339,0.200166129824));
#618 = CARTESIAN_POINT('',(10.791233219463,0.205256452392));
#619 = CARTESIAN_POINT('',(10.791264243245,0.210331824999));
#620 = CARTESIAN_POINT('',(10.791296261013,0.215394815468));
#621 = CARTESIAN_POINT('',(10.791328202892,0.2204465307));
#622 = CARTESIAN_POINT('',(10.791391708549,0.230448339401));
#623 = CARTESIAN_POINT('',(10.791423230652,0.235398686262));
#624 = CARTESIAN_POINT('',(10.791454650232,0.240341520134));
#625 = CARTESIAN_POINT('',(10.791485862498,0.245278418275));
#626 = CARTESIAN_POINT('',(10.791516792033,0.250210936188));
#627 = CARTESIAN_POINT('',(10.791547392093,0.255140619442));
#628 = CARTESIAN_POINT('',(10.791577643898,0.260069015494));
#629 = CARTESIAN_POINT('',(10.791662587753,0.27406539664));
#630 = CARTESIAN_POINT('',(10.791716481504,0.283133763141));
#631 = CARTESIAN_POINT('',(10.791768421923,0.292212861957));
#632 = CARTESIAN_POINT('',(10.791816704016,0.301312727678));
#633 = CARTESIAN_POINT('',(10.791860911801,0.310443150722));
#634 = CARTESIAN_POINT('',(10.791901417588,0.319614040065));
#635 = CARTESIAN_POINT('',(10.791937831465,0.328836026094));
#636 = CARTESIAN_POINT('',(10.791975767246,0.34049963098));
#637 = CARTESIAN_POINT('',(10.791983110338,0.342882395637));
#638 = CARTESIAN_POINT('',(10.791990041059,0.345269462667));
#639 = CARTESIAN_POINT('',(10.791996541476,0.34766102368));
#640 = CARTESIAN_POINT('',(10.792002594642,0.350057272377));
#641 = CARTESIAN_POINT('',(10.792008184594,0.352458404543));
#642 = CARTESIAN_POINT('',(10.792013296353,0.354864618052));
#643 = CARTESIAN_POINT('',(10.792021443649,0.359117641179));
#644 = CARTESIAN_POINT('',(10.792024684385,0.360962249171));
#645 = CARTESIAN_POINT('',(10.79202763191,0.362810025948));
#646 = CARTESIAN_POINT('',(10.792030280387,0.364661061354));
#647 = CARTESIAN_POINT('',(10.792032624371,0.366515445965));
#648 = CARTESIAN_POINT('',(10.792034658805,0.368373271091));
#649 = CARTESIAN_POINT('',(10.792036379028,0.370234628775));
#650 = CARTESIAN_POINT('',(10.79203998835,0.375036762282));
#651 = CARTESIAN_POINT('',(10.792041408525,0.377982889479));
#652 = CARTESIAN_POINT('',(10.792042020349,0.380938382521));
#653 = CARTESIAN_POINT('',(10.792041760261,0.383903841079));
#654 = CARTESIAN_POINT('',(10.792040588311,0.386879752491));
#655 = CARTESIAN_POINT('',(10.792038470118,0.389866583205));
#656 = CARTESIAN_POINT('',(10.792035349537,0.392864915404));
#657 = CARTESIAN_POINT('',(10.792026804659,0.399044581818));
#658 = CARTESIAN_POINT('',(10.792021266308,0.402227209642));
#659 = CARTESIAN_POINT('',(10.792014519541,0.405423776362));
#660 = CARTESIAN_POINT('',(10.792006511566,0.408634911525));
#661 = CARTESIAN_POINT('',(10.791997189325,0.411861244684));
#662 = CARTESIAN_POINT('',(10.791986499598,0.415103409043));
#663 = CARTESIAN_POINT('',(10.791974389107,0.418362045099));
#664 = CARTESIAN_POINT('',(10.791954876228,0.423067376154));
#665 = CARTESIAN_POINT('',(10.791948667168,0.424500210706));
#666 = CARTESIAN_POINT('',(10.791942172767,0.425936346462));
#667 = CARTESIAN_POINT('',(10.791935389005,0.427375857411));
#668 = CARTESIAN_POINT('',(10.791928311588,0.428818799662));
#669 = CARTESIAN_POINT('',(10.791920935588,0.430265194193));
#670 = CARTESIAN_POINT('',(10.79191325568,0.431715045716));
#671 = CARTESIAN_POINT('',(10.791876483137,0.438404896172));
#672 = CARTESIAN_POINT('',(10.791843689845,0.443686696925));
#673 = CARTESIAN_POINT('',(10.79180664601,0.449015199129));
#674 = CARTESIAN_POINT('',(10.791765084974,0.454391588134));
#675 = CARTESIAN_POINT('',(10.791718714863,0.459816828906));
#676 = CARTESIAN_POINT('',(10.791667218962,0.465291659516));
#677 = CARTESIAN_POINT('',(10.791610256089,0.470816584642));
#678 = CARTESIAN_POINT('',(10.791532339079,0.477734471425));
#679 = CARTESIAN_POINT('',(10.791516878461,0.47907996921));
#680 = CARTESIAN_POINT('',(10.791501078722,0.48042848912));
#681 = CARTESIAN_POINT('',(10.79148491921,0.481779641782));
#682 = CARTESIAN_POINT('',(10.791468419368,0.483134014462));
#683 = CARTESIAN_POINT('',(10.791451563644,0.484491392864));
#684 = CARTESIAN_POINT('',(10.791434355109,0.485851981483));
#685 = CARTESIAN_POINT('',(10.791365628304,0.491188167434));
#686 = CARTESIAN_POINT('',(10.791311443511,0.495187914809));
#687 = CARTESIAN_POINT('',(10.791254160203,0.499217491972));
#688 = CARTESIAN_POINT('',(10.791193680326,0.503278671342));
#689 = CARTESIAN_POINT('',(10.791129882443,0.507372600416));
#690 = CARTESIAN_POINT('',(10.791062622174,0.511499788828));
#691 = CARTESIAN_POINT('',(10.790991733271,0.515660069311));
#692 = CARTESIAN_POINT('',(10.790890588567,0.521336415523));
#693 = CARTESIAN_POINT('',(10.790863670823,0.522824280611));
#694 = CARTESIAN_POINT('',(10.790836268165,0.524316066283));
#695 = CARTESIAN_POINT('',(10.790808372699,0.52581168747));
#696 = CARTESIAN_POINT('',(10.790779976567,0.527311035602));
#697 = CARTESIAN_POINT('',(10.790751071943,0.528813978606));
#698 = CARTESIAN_POINT('',(10.790721651035,0.530320360906));
#699 = CARTESIAN_POINT('',(10.790628236072,0.53502977648));
#700 = CARTESIAN_POINT('',(10.790562411597,0.538243987291));
#701 = CARTESIAN_POINT('',(10.790494354152,0.541468680638));
#702 = CARTESIAN_POINT('',(10.790424177626,0.544700519289));
#703 = CARTESIAN_POINT('',(10.79035197624,0.547936899806));
#704 = CARTESIAN_POINT('',(10.790277820295,0.551175956322));
#705 = CARTESIAN_POINT('',(10.790201753546,0.554416547523));
#706 = CARTESIAN_POINT('',(10.790094505978,0.558875741815));
#707 = CARTESIAN_POINT('',(10.790064958757,0.560093292153));
#708 = CARTESIAN_POINT('',(10.790035145339,0.561310937101));
#709 = CARTESIAN_POINT('',(10.790005066369,0.562528644152));
#710 = CARTESIAN_POINT('',(10.789974722141,0.563746384263));
#711 = CARTESIAN_POINT('',(10.78994411259,0.564964131855));
#712 = CARTESIAN_POINT('',(10.7899132373,0.566181864811));
#713 = CARTESIAN_POINT('',(10.789828858533,0.569481224232));
#714 = CARTESIAN_POINT('',(10.789774843844,0.571562739887));
#715 = CARTESIAN_POINT('',(10.789720046814,0.573644058273));
#716 = CARTESIAN_POINT('',(10.789664461161,0.57572506332));
#717 = CARTESIAN_POINT('',(10.789608080413,0.577805597239));
#718 = CARTESIAN_POINT('',(10.789550897179,0.57988544782));
#719 = CARTESIAN_POINT('',(10.789492902723,0.581964339064));
#720 = CARTESIAN_POINT('',(10.789314281219,0.588274273527));
#721 = CARTESIAN_POINT('',(10.789191085683,0.592501211139));
#722 = CARTESIAN_POINT('',(10.789064638966,0.59672153864));
#723 = CARTESIAN_POINT('',(10.788935066998,0.600934162883));
#724 = CARTESIAN_POINT('',(10.788802484685,0.60513812971));
#725 = CARTESIAN_POINT('',(10.788666995112,0.609332619502));
#726 = CARTESIAN_POINT('',(10.78852868875,0.613516942711));
#727 = CARTESIAN_POINT('',(10.788334304544,0.619268825413));
#728 = CARTESIAN_POINT('',(10.788280574628,0.620845580907));
#729 = CARTESIAN_POINT('',(10.788226457107,0.622420771446));
#730 = CARTESIAN_POINT('',(10.788171955901,0.623994368873));
#731 = CARTESIAN_POINT('',(10.788117074668,0.625566347322));
#732 = CARTESIAN_POINT('',(10.788061816801,0.627136683209));
#733 = CARTESIAN_POINT('',(10.788006185431,0.628705355241));
#734 = CARTESIAN_POINT('',(10.787900813063,0.631653773932));
#735 = CARTESIAN_POINT('',(10.787851154441,0.633033895502));
#736 = CARTESIAN_POINT('',(10.787801210324,0.634412700445));
#737 = CARTESIAN_POINT('',(10.787750981477,0.635790167309));
#738 = CARTESIAN_POINT('',(10.787700469258,0.637166283954));
#739 = CARTESIAN_POINT('',(10.787649676526,0.638541054477));
#740 = CARTESIAN_POINT('',(10.787598606872,0.639914490993));
#741 = CARTESIAN_POINT('',(10.787362408193,0.646226497776));
#742 = CARTESIAN_POINT('',(10.787173993516,0.651149025812));
#743 = CARTESIAN_POINT('',(10.78698213129,0.656054530193));
#744 = CARTESIAN_POINT('',(10.786786927081,0.660943555266));
#745 = CARTESIAN_POINT('',(10.786588477439,0.665816835498));
#746 = CARTESIAN_POINT('',(10.786386868447,0.670675297072));
#747 = CARTESIAN_POINT('',(10.786182174274,0.675520059474));
#748 = CARTESIAN_POINT('',(10.785869018097,0.682805344813));
#749 = CARTESIAN_POINT('',(10.785762802422,0.68525504716));
#750 = CARTESIAN_POINT('',(10.785655815166,0.687701665434));
#751 = CARTESIAN_POINT('',(10.785548069197,0.690145468509));
#752 = CARTESIAN_POINT('',(10.785439567799,0.69258655059));
#753 = CARTESIAN_POINT('',(10.785330312934,0.695024973957));
#754 = CARTESIAN_POINT('',(10.785220314503,0.697460942398));
#755 = CARTESIAN_POINT('',(10.784998039067,0.70234580546));
#756 = CARTESIAN_POINT('',(10.784885751773,0.704794666734));
#757 = CARTESIAN_POINT('',(10.78477272216,0.707241298048));
#758 = CARTESIAN_POINT('',(10.784658957424,0.709685845223));
#759 = CARTESIAN_POINT('',(10.784544465256,0.712128456738));
#760 = CARTESIAN_POINT('',(10.784429253841,0.714569283725));
#761 = CARTESIAN_POINT('',(10.784313331861,0.71700847997));
#762 = CARTESIAN_POINT('',(10.784037837764,0.722767000059));
#763 = CARTESIAN_POINT('',(10.783877664446,0.72608505745));
#764 = CARTESIAN_POINT('',(10.783716217278,0.729400769432));
#765 = CARTESIAN_POINT('',(10.783553512661,0.732714540815));
#766 = CARTESIAN_POINT('',(10.783389578118,0.736026772208));
#767 = CARTESIAN_POINT('',(10.783224454022,0.739337860214));
#768 = CARTESIAN_POINT('',(10.783058173639,0.742648211483));
#769 = CARTESIAN_POINT('',(10.782776503016,0.748216047719));
#770 = CARTESIAN_POINT('',(10.782661741697,0.750473685039));
#771 = CARTESIAN_POINT('',(10.782546439934,0.752731317539));
#772 = CARTESIAN_POINT('',(10.78243060077,0.754989079651));
#773 = CARTESIAN_POINT('',(10.782314227849,0.757247105283));
#774 = CARTESIAN_POINT('',(10.78219732541,0.759505527823));
#775 = CARTESIAN_POINT('',(10.782079898287,0.761764480137));
#776 = CARTESIAN_POINT('',(10.781961951913,0.76402409457));
#777 = ( GEOMETRIC_REPRESENTATION_CONTEXT(2) 
PARAMETRIC_REPRESENTATION_CONTEXT() REPRESENTATION_CONTEXT('2D SPACE',''
  ) );
#778 = PCURVE('',#228,#779);
#779 = DEFINITIONAL_REPRESENTATION('',(#780),#986);
#780 = B_SPLINE_CURVE_WITH_KNOTS('',8,(#781,#782,#783,#784,#785,#786,
    #787,#788,#789,#790,#791,#792,#793,#794,#795,#796,#797,#798,#799,
    #800,#801,#802,#803,#804,#805,#806,#807,#808,#809,#810,#811,#812,
    #813,#814,#815,#816,#817,#818,#819,#820,#821,#822,#823,#824,#825,
    #826,#827,#828,#829,#830,#831,#832,#833,#834,#835,#836,#837,#838,
    #839,#840,#841,#842,#843,#844,#845,#846,#847,#848,#849,#850,#851,
    #852,#853,#854,#855,#856,#857,#858,#859,#860,#861,#862,#863,#864,
    #865,#866,#867,#868,#869,#870,#871,#872,#873,#874,#875,#876,#877,
    #878,#879,#880,#881,#882,#883,#884,#885,#886,#887,#888,#889,#890,
    #891,#892,#893,#894,#895,#896,#897,#898,#899,#900,#901,#902,#903,
    #904,#905,#906,#907,#908,#909,#910,#911,#912,#913,#914,#915,#916,
    #917,#918,#919,#920,#921,#922,#923,#924,#925,#926,#927,#928,#929,
    #930,#931,#932,#933,#934,#935,#936,#937,#938,#939,#940,#941,#942,
    #943,#944,#945,#946,#947,#948,#949,#950,#951,#952,#953,#954,#955,
    #956,#957,#958,#959,#960,#961,#962,#963,#964,#965,#966,#967,#968,
    #969,#970,#971,#972,#973,#974,#975,#976,#977,#978,#979,#980,#981,
    #982,#983,#984,#985),.UNSPECIFIED.,.F.,.F.,(9,7,7,7,7,7,7,7,7,7,7,7,
    7,7,7,7,7,7,7,7,7,7,7,7,7,7,7,7,7,9),(0.,3.769758324022E-02,
    7.782392760172E-02,0.123987325693,0.186259931317,0.215565123534,
    0.244005445993,0.304331116441,0.363665376492,0.472827874228,
    0.500793505356,0.52214934709,0.555782533176,0.5911919049,
    0.606644885038,0.662322733366,0.675730697047,0.714782295161,
    0.728604240994,0.757900640198,0.768902643827,0.787710588577,
    0.826024113486,0.840512794561,0.853285755757,0.899271675526,
    0.922614060261,0.946125312218,0.978153625418,1.),.UNSPECIFIED.);
#781 = CARTESIAN_POINT('',(0.953242749803,-0.177006803229));
#782 = CARTESIAN_POINT('',(0.948326804645,-0.213169513358));
#783 = CARTESIAN_POINT('',(0.94343385516,-0.253145043582));
#784 = CARTESIAN_POINT('',(0.93856636749,-0.296744853959));
#785 = CARTESIAN_POINT('',(0.933726321799,-0.343780358388));
#786 = CARTESIAN_POINT('',(0.928915236564,-0.39406579479));
#787 = CARTESIAN_POINT('',(0.924134192873,-0.447421095298));
#788 = CARTESIAN_POINT('',(0.919383858714,-0.50367475644));
#789 = CARTESIAN_POINT('',(0.909641112185,-0.625459366364));
#790 = CARTESIAN_POINT('',(0.904652985911,-0.691352486688));
#791 = CARTESIAN_POINT('',(0.899700411682,-0.760151192827));
#792 = CARTESIAN_POINT('',(0.894783482496,-0.831675444885));
#793 = CARTESIAN_POINT('',(0.88990195779,-0.905749980284));
#794 = CARTESIAN_POINT('',(0.885055411285,-0.982213736916));
#795 = CARTESIAN_POINT('',(0.880243333501,-1.060926915429));
#796 = CARTESIAN_POINT('',(0.869967430685,-1.234741258521));
#797 = CARTESIAN_POINT('',(0.864514691626,-1.330523278793));
#798 = CARTESIAN_POINT('',(0.859105388217,-1.428896091341));
#799 = CARTESIAN_POINT('',(0.8537382055,-1.52967170579));
#800 = CARTESIAN_POINT('',(0.848411743413,-1.632677490007));
#801 = CARTESIAN_POINT('',(0.843124505575,-1.737755712931));
#802 = CARTESIAN_POINT('',(0.837874888058,-1.844763087412));
#803 = CARTESIAN_POINT('',(0.825628065408,-2.100346974435));
#804 = CARTESIAN_POINT('',(0.818660614916,-2.250393542503));
#805 = CARTESIAN_POINT('',(0.811754353983,-2.403380001595));
#806 = CARTESIAN_POINT('',(0.804906308955,-2.559064427289));
#807 = CARTESIAN_POINT('',(0.798112144738,-2.717170187834));
#808 = CARTESIAN_POINT('',(0.791368722341,-2.877496457441));
#809 = CARTESIAN_POINT('',(0.784672195855,-3.039835720205));
#810 = CARTESIAN_POINT('',(0.774887932533,-3.281276761937));
#811 = CARTESIAN_POINT('',(0.77176654913,-3.358945126297));
#812 = CARTESIAN_POINT('',(0.768654415221,-3.437001341307));
#813 = CARTESIAN_POINT('',(0.765551165463,-3.515427269977));
#814 = CARTESIAN_POINT('',(0.762456439345,-3.594205492048));
#815 = CARTESIAN_POINT('',(0.759369888265,-3.673319560136));
#816 = CARTESIAN_POINT('',(0.756291182621,-3.752754255885));
#817 = CARTESIAN_POINT('',(0.75023949291,-3.909884061917));
#818 = CARTESIAN_POINT('',(0.747266066482,-3.987561043373));
#819 = CARTESIAN_POINT('',(0.744299447683,-4.065513655471));
#820 = CARTESIAN_POINT('',(0.741339347781,-4.143729185016));
#821 = CARTESIAN_POINT('',(0.738385481239,-4.222195340631));
#822 = CARTESIAN_POINT('',(0.735437565711,-4.300900252753));
#823 = CARTESIAN_POINT('',(0.732495322044,-4.379832473639));
#824 = CARTESIAN_POINT('',(0.723329033289,-4.626865380182));
#825 = CARTESIAN_POINT('',(0.7171238939,-4.795721970786));
#826 = CARTESIAN_POINT('',(0.710940401759,-4.965446439955));
#827 = CARTESIAN_POINT('',(0.704775889,-5.135936706022));
#828 = CARTESIAN_POINT('',(0.698628138064,-5.307109222328));
#829 = CARTESIAN_POINT('',(0.692494137455,-5.478857558344));
#830 = CARTESIAN_POINT('',(0.686372029153,-5.651115873362));
#831 = CARTESIAN_POINT('',(0.674247080411,-5.993649489541));
#832 = CARTESIAN_POINT('',(0.668243985991,-6.163910603109));
#833 = CARTESIAN_POINT('',(0.662247834697,-6.334510900361));
#834 = CARTESIAN_POINT('',(0.656256456238,-6.505378315412));
#835 = CARTESIAN_POINT('',(0.650267702193,-6.676442402852));
#836 = CARTESIAN_POINT('',(0.644279430365,-6.847633916912));
#837 = CARTESIAN_POINT('',(0.638289489135,-7.018884390628));
#838 = CARTESIAN_POINT('',(0.621268399966,-7.505173558684));
#839 = CARTESIAN_POINT('',(0.610228435162,-7.820181588141));
#840 = CARTESIAN_POINT('',(0.599161711131,-8.134726928874));
#841 = CARTESIAN_POINT('',(0.588054404257,-8.448377964176));
#842 = CARTESIAN_POINT('',(0.576892494587,-8.760680452436));
#843 = CARTESIAN_POINT('',(0.565661496145,-9.071151030169));
#844 = CARTESIAN_POINT('',(0.554346153995,-9.379270028085));
#845 = CARTESIAN_POINT('',(0.540005213286,-9.762651579785));
#846 = CARTESIAN_POINT('',(0.537073946452,-9.84064515217));
#847 = CARTESIAN_POINT('',(0.534135803708,-9.918436445035));
#848 = CARTESIAN_POINT('',(0.531190509605,-9.996015311532));
#849 = CARTESIAN_POINT('',(0.528237784536,-10.07337125755));
#850 = CARTESIAN_POINT('',(0.525277344744,-10.15049344175));
#851 = CARTESIAN_POINT('',(0.522308902316,-10.2273706755));
#852 = CARTESIAN_POINT('',(0.517058991845,-10.36250254857));
#853 = CARTESIAN_POINT('',(0.514780981514,-10.42086407097));
#854 = CARTESIAN_POINT('',(0.512498004026,-10.47907084509));
#855 = CARTESIAN_POINT('',(0.510209927675,-10.53711756881));
#856 = CARTESIAN_POINT('',(0.507916619209,-10.59499878299));
#857 = CARTESIAN_POINT('',(0.505617943837,-10.65270887144));
#858 = CARTESIAN_POINT('',(0.503313765223,-10.71024206094));
#859 = CARTESIAN_POINT('',(0.497366224351,-10.85791315708));
#860 = CARTESIAN_POINT('',(0.493714527461,-10.94778072657));
#861 = CARTESIAN_POINT('',(0.490048288672,-11.03717122335));
#862 = CARTESIAN_POINT('',(0.486366724223,-11.12605227828));
#863 = CARTESIAN_POINT('',(0.482669158098,-11.21439379919));
#864 = CARTESIAN_POINT('',(0.478954928743,-11.30216494402));
#865 = CARTESIAN_POINT('',(0.475223250196,-11.38932953941));
#866 = CARTESIAN_POINT('',(0.467525519661,-11.56694407784));
#867 = CARTESIAN_POINT('',(0.463557509803,-11.65732384702));
#868 = CARTESIAN_POINT('',(0.459568489556,-11.74694927007));
#869 = CARTESIAN_POINT('',(0.45555757531,-11.83577521352));
#870 = CARTESIAN_POINT('',(0.451523876399,-11.92375343276));
#871 = CARTESIAN_POINT('',(0.447466490131,-12.01083240009));
#872 = CARTESIAN_POINT('',(0.443384496808,-12.09695713263));
#873 = CARTESIAN_POINT('',(0.437484385092,-12.21921264213));
#874 = CARTESIAN_POINT('',(0.435686947062,-12.25616317578));
#875 = CARTESIAN_POINT('',(0.433884585091,-12.29291650395));
#876 = CARTESIAN_POINT('',(0.432077190686,-12.32946624087));
#877 = CARTESIAN_POINT('',(0.430264681752,-12.36580699285));
#878 = CARTESIAN_POINT('',(0.428447028188,-12.40193539492));
#879 = CARTESIAN_POINT('',(0.426624223761,-12.43784892326));
#880 = CARTESIAN_POINT('',(0.418209760007,-12.60214813979));
#881 = CARTESIAN_POINT('',(0.411555801526,-12.72789907466));
#882 = CARTESIAN_POINT('',(0.404832305807,-12.85061158868));
#883 = CARTESIAN_POINT('',(0.398037496033,-12.97008176171));
#884 = CARTESIAN_POINT('',(0.391169852152,-13.08608615331));
#885 = CARTESIAN_POINT('',(0.384228121438,-13.19838250287));
#886 = CARTESIAN_POINT('',(0.37721132906,-13.30671042967));
#887 = CARTESIAN_POINT('',(0.368410810924,-13.43585638647));
#888 = CARTESIAN_POINT('',(0.366698470589,-13.46067533715));
#889 = CARTESIAN_POINT('',(0.364981614337,-13.48523677508));
#890 = CARTESIAN_POINT('',(0.363260691043,-13.50956395753));
#891 = CARTESIAN_POINT('',(0.36153501311,-13.53361071374));
#892 = CARTESIAN_POINT('',(0.359804823611,-13.5573883956));
#893 = CARTESIAN_POINT('',(0.358069880813,-13.58087678577));
#894 = CARTESIAN_POINT('',(0.351262913119,-13.6716081662));
#895 = CARTESIAN_POINT('',(0.34615516956,-13.73660837717));
#896 = CARTESIAN_POINT('',(0.341003926465,-13.79878650323));
#897 = CARTESIAN_POINT('',(0.33580703774,-13.85782613314));
#898 = CARTESIAN_POINT('',(0.330563158273,-13.9133748172));
#899 = CARTESIAN_POINT('',(0.325271769326,-13.9650462318));
#900 = CARTESIAN_POINT('',(0.319933235859,-14.01242478101));
#901 = CARTESIAN_POINT('',(0.312643159241,-14.0701674419));
#902 = CARTESIAN_POINT('',(0.310731747984,-14.08466923121));
#903 = CARTESIAN_POINT('',(0.308814748565,-14.09855823135));
#904 = CARTESIAN_POINT('',(0.306892278207,-14.11181448111));
#905 = CARTESIAN_POINT('',(0.304964484789,-14.12441782975));
#906 = CARTESIAN_POINT('',(0.303031546851,-14.13634793702));
#907 = CARTESIAN_POINT('',(0.301093673589,-14.1475842731));
#908 = CARTESIAN_POINT('',(0.295033720103,-14.18040776793));
#909 = CARTESIAN_POINT('',(0.290895507653,-14.19948241287));
#910 = CARTESIAN_POINT('',(0.286741718275,-14.215647562));
#911 = CARTESIAN_POINT('',(0.282576831859,-14.2292698902));
#912 = CARTESIAN_POINT('',(0.278404397946,-14.24073916958));
#913 = CARTESIAN_POINT('',(0.274227023694,-14.25045886432));
#914 = CARTESIAN_POINT('',(0.270046385723,-14.25884236537));
#915 = CARTESIAN_POINT('',(0.264292162105,-14.26910593158));
#916 = CARTESIAN_POINT('',(0.26272086138,-14.271777917));
#917 = CARTESIAN_POINT('',(0.261149297339,-14.27434178221));
#918 = CARTESIAN_POINT('',(0.25957752283,-14.27681953382));
#919 = CARTESIAN_POINT('',(0.258005586245,-14.2792331996));
#920 = CARTESIAN_POINT('',(0.256433531518,-14.28160482853));
#921 = CARTESIAN_POINT('',(0.254861398127,-14.28395649074));
#922 = CARTESIAN_POINT('',(0.250601581665,-14.29033408037));
#923 = CARTESIAN_POINT('',(0.247913875194,-14.29436417494));
#924 = CARTESIAN_POINT('',(0.245226224529,-14.29850980024));
#925 = CARTESIAN_POINT('',(0.242538834909,-14.30288338654));
#926 = CARTESIAN_POINT('',(0.239851963895,-14.30759298202));
#927 = CARTESIAN_POINT('',(0.237165939577,-14.31274716817));
#928 = CARTESIAN_POINT('',(0.234481173841,-14.31845831584));
#929 = CARTESIAN_POINT('',(0.226332483221,-14.33780981389));
#930 = CARTESIAN_POINT('',(0.22087407603,-14.35349992141));
#931 = CARTESIAN_POINT('',(0.215424590625,-14.37182586081));
#932 = CARTESIAN_POINT('',(0.209985536162,-14.39270994839));
#933 = CARTESIAN_POINT('',(0.204558241548,-14.41607226812));
#934 = CARTESIAN_POINT('',(0.199143860776,-14.44183162715));
#935 = CARTESIAN_POINT('',(0.193743378245,-14.46990651135));
#936 = CARTESIAN_POINT('',(0.186320928112,-14.51167792295));
#937 = CARTESIAN_POINT('',(0.184286346931,-14.52345937268));
#938 = CARTESIAN_POINT('',(0.182253914842,-14.53555600049));
#939 = CARTESIAN_POINT('',(0.180223673143,-14.54796343452));
#940 = CARTESIAN_POINT('',(0.178195660135,-14.56067732059));
#941 = CARTESIAN_POINT('',(0.17616991113,-14.57369332214));
#942 = CARTESIAN_POINT('',(0.174146458444,-14.58700712029));
#943 = CARTESIAN_POINT('',(0.170343542075,-14.61261035958));
#944 = CARTESIAN_POINT('',(0.168563560921,-14.62483469448));
#945 = CARTESIAN_POINT('',(0.166785399361,-14.63728316368));
#946 = CARTESIAN_POINT('',(0.165009092837,-14.64995475521));
#947 = CARTESIAN_POINT('',(0.163234661249,-14.66284698988));
#948 = CARTESIAN_POINT('',(0.161462096382,-14.67595437754));
#949 = CARTESIAN_POINT('',(0.159691376324,-14.68927003974));
#950 = CARTESIAN_POINT('',(0.151554125484,-14.75146760037));
#951 = CARTESIAN_POINT('',(0.145209781863,-14.80279473407));
#952 = CARTESIAN_POINT('',(0.138888939871,-14.85654598276));
#953 = CARTESIAN_POINT('',(0.132590825059,-14.91250481417));
#954 = CARTESIAN_POINT('',(0.126314422817,-14.97046408284));
#955 = CARTESIAN_POINT('',(0.120058476517,-15.03022603242));
#956 = CARTESIAN_POINT('',(0.113821485649,-15.09160229791));
#957 = CARTESIAN_POINT('',(0.104444552004,-15.18629698811));
#958 = CARTESIAN_POINT('',(0.101291854894,-15.21854909401));
#959 = CARTESIAN_POINT('',(9.814343464317E-02,-15.25114986566));
#960 = CARTESIAN_POINT('',(9.49989740937E-02,-15.2840684129));
#961 = CARTESIAN_POINT('',(9.185831936969E-02,-15.3172877794));
#962 = CARTESIAN_POINT('',(8.872134475999E-02,-15.3507942745));
#963 = CARTESIAN_POINT('',(8.55877893311E-02,-15.38456437551));
#964 = CARTESIAN_POINT('',(7.930451397493E-02,-15.45284552632));
#965 = CARTESIAN_POINT('',(7.615484179243E-02,-15.48735975753));
#966 = CARTESIAN_POINT('',(7.300825219465E-02,-15.52210602049));
#967 = CARTESIAN_POINT('',(6.986453627614E-02,-15.55706598348));
#968 = CARTESIAN_POINT('',(6.672348204946E-02,-15.5922215596));
#969 = CARTESIAN_POINT('',(6.358487444513E-02,-15.62755490677));
#970 = CARTESIAN_POINT('',(6.044849531164E-02,-15.66304842773));
#971 = CARTESIAN_POINT('',(5.30443106058E-02,-15.74723054439));
#972 = CARTESIAN_POINT('',(4.877822873362E-02,-15.7960411463));
#973 = CARTESIAN_POINT('',(4.451531927012E-02,-15.84507302559));
#974 = CARTESIAN_POINT('',(4.025501082641E-02,-15.89428220613));
#975 = CARTESIAN_POINT('',(3.599673934196E-02,-15.94362576802));
#976 = CARTESIAN_POINT('',(3.173994795871E-02,-15.99306186301));
#977 = CARTESIAN_POINT('',(2.748406658083E-02,-16.04254826308));
#978 = CARTESIAN_POINT('',(2.032574777302E-02,-16.12579716242));
#979 = CARTESIAN_POINT('',(1.742316263627E-02,-16.15955719357));
#980 = CARTESIAN_POINT('',(1.452052634162E-02,-16.19330559723));
#981 = CARTESIAN_POINT('',(1.161765024062E-02,-16.22702839703));
#982 = CARTESIAN_POINT('',(8.714346404676E-03,-16.26071157865));
#983 = CARTESIAN_POINT('',(5.810427625124E-03,-16.29434108985));
#984 = CARTESIAN_POINT('',(2.905707413189E-03,-16.32790284039));
#985 = CARTESIAN_POINT('',(0.,-16.36138270212));
#986 = ( GEOMETRIC_REPRESENTATION_CONTEXT(2) 
PARAMETRIC_REPRESENTATION_CONTEXT() REPRESENTATION_CONTEXT('2D SPACE',''
  ) );
#987 = ORIENTED_EDGE('',*,*,#21,.T.);
#988 = ORIENTED_EDGE('',*,*,#989,.T.);
#989 = EDGE_CURVE('',#24,#249,#990,.T.);
#990 = SURFACE_CURVE('',#991,(#1014,#1040),.PCURVE_S1.);
#991 = B_SPLINE_CURVE_WITH_KNOTS('',6,(#992,#993,#994,#995,#996,#997,
    #998,#999,#1000,#1001,#1002,#1003,#1004,#1005,#1006,#1007,#1008,
    #1009,#1010,#1011,#1012,#1013),.UNSPECIFIED.,.F.,.F.,(7,5,5,5,7),(0.
    ,0.424628700415,0.5290334432,0.840281808891,1.),.UNSPECIFIED.);
#992 = CARTESIAN_POINT('',(-36.468,453.457,17.5510946718));
#993 = CARTESIAN_POINT('',(-37.37801757262,453.457,17.611377442023));
#994 = CARTESIAN_POINT('',(-38.28856211607,453.457,17.663452560623));
#995 = CARTESIAN_POINT('',(-39.19949626156,453.457,17.708125050356));
#996 = CARTESIAN_POINT('',(-40.11071074988,453.457,17.746152903821));
#997 = CARTESIAN_POINT('',(-41.02212624322,453.457,17.778212681489));
#998 = CARTESIAN_POINT('',(-42.15782255556,453.457,17.811472596459));
#999 = CARTESIAN_POINT('',(-42.38196117905,453.457,17.81771167425));
#1000 = CARTESIAN_POINT('',(-42.60610789358,453.457,17.823637689401));
#1001 = CARTESIAN_POINT('',(-42.83026199372,453.457,17.829253518185));
#1002 = CARTESIAN_POINT('',(-43.0544227666,453.457,17.834571933831));
#1003 = CARTESIAN_POINT('',(-43.94686828934,453.457,17.85462164763));
#1004 = CARTESIAN_POINT('',(-44.61519856223,453.457,17.867121860791));
#1005 = CARTESIAN_POINT('',(-45.28356275603,453.457,17.877448880759));
#1006 = CARTESIAN_POINT('',(-45.95194812496,453.457,17.885881379162));
#1007 = CARTESIAN_POINT('',(-46.62034640051,453.457,17.892650533911));
#1008 = CARTESIAN_POINT('',(-47.63174907367,453.457,17.900675547018));
#1009 = CARTESIAN_POINT('',(-47.97474671458,453.457,17.903011140189));
#1010 = CARTESIAN_POINT('',(-48.31774580264,453.457,17.904987252313));
#1011 = CARTESIAN_POINT('',(-48.66074576019,453.457,17.906628207008));
#1012 = CARTESIAN_POINT('',(-49.00374613455,453.457,17.907956214917));
#1013 = CARTESIAN_POINT('',(-49.34674659806,453.457,17.908991373706));
#1014 = PCURVE('',#85,#1015);
#1015 = DEFINITIONAL_REPRESENTATION('',(#1016),#1039);
#1016 = B_SPLINE_CURVE_WITH_KNOTS('',6,(#1017,#1018,#1019,#1020,#1021,
    #1022,#1023,#1024,#1025,#1026,#1027,#1028,#1029,#1030,#1031,#1032,
    #1033,#1034,#1035,#1036,#1037,#1038),.UNSPECIFIED.,.F.,.F.,(7,5,5,5,
    7),(0.,0.424628700415,0.5290334432,0.840281808891,1.),
  .UNSPECIFIED.);
#1017 = CARTESIAN_POINT('',(10.78498380619,0.857330092182));
#1018 = CARTESIAN_POINT('',(10.730548899793,0.863784932068));
#1019 = CARTESIAN_POINT('',(10.67585377499,0.869907969928));
#1020 = CARTESIAN_POINT('',(10.620928311561,0.875728693011));
#1021 = CARTESIAN_POINT('',(10.565797321996,0.881272448464));
#1022 = CARTESIAN_POINT('',(10.510481297228,0.886561363274));
#1023 = CARTESIAN_POINT('',(10.441354816905,0.892857524635));
#1024 = CARTESIAN_POINT('',(10.427702539638,0.894085845996));
#1025 = CARTESIAN_POINT('',(10.414040353588,0.895300232345));
#1026 = CARTESIAN_POINT('',(10.400368493197,0.89650096134));
#1027 = CARTESIAN_POINT('',(10.38668719372,0.897688306083));
#1028 = CARTESIAN_POINT('',(10.332182976004,0.902363097625));
#1029 = CARTESIAN_POINT('',(10.291287515983,0.905747062524));
#1030 = CARTESIAN_POINT('',(10.250316292691,0.909021436014));
#1031 = CARTESIAN_POINT('',(10.209274468714,0.912192532926));
#1032 = CARTESIAN_POINT('',(10.168166487245,0.915266076463));
#1033 = CARTESIAN_POINT('',(10.105869475735,0.91977712781));
#1034 = CARTESIAN_POINT('',(10.084726379872,0.921282643654));
#1035 = CARTESIAN_POINT('',(10.063567406008,0.922764553741));
#1036 = CARTESIAN_POINT('',(10.04239304791,0.924223530512));
#1037 = CARTESIAN_POINT('',(10.021203768529,0.925660214293));
#1038 = CARTESIAN_POINT('',(10.,0.927075213288));
#1039 = ( GEOMETRIC_REPRESENTATION_CONTEXT(2) 
PARAMETRIC_REPRESENTATION_CONTEXT() REPRESENTATION_CONTEXT('2D SPACE',''
  ) );
#1040 = PCURVE('',#172,#1041);
#1041 = DEFINITIONAL_REPRESENTATION('',(#1042),#1065);
#1042 = B_SPLINE_CURVE_WITH_KNOTS('',6,(#1043,#1044,#1045,#1046,#1047,
    #1048,#1049,#1050,#1051,#1052,#1053,#1054,#1055,#1056,#1057,#1058,
    #1059,#1060,#1061,#1062,#1063,#1064),.UNSPECIFIED.,.F.,.F.,(7,5,5,5,
    7),(0.,0.424628700415,0.5290334432,0.840281808891,1.),
  .UNSPECIFIED.);
#1043 = CARTESIAN_POINT('',(24.186,-17.5510946718));
#1044 = CARTESIAN_POINT('',(23.275982427374,-17.61137744202));
#1045 = CARTESIAN_POINT('',(22.365437883925,-17.66345256062));
#1046 = CARTESIAN_POINT('',(21.454503738435,-17.70812505035));
#1047 = CARTESIAN_POINT('',(20.543289250117,-17.74615290382));
#1048 = CARTESIAN_POINT('',(19.631873756776,-17.77821268148));
#1049 = CARTESIAN_POINT('',(18.496177444434,-17.81147259645));
#1050 = CARTESIAN_POINT('',(18.272038820945,-17.81771167425));
#1051 = CARTESIAN_POINT('',(18.047892106415,-17.8236376894));
#1052 = CARTESIAN_POINT('',(17.823738006277,-17.82925351818));
#1053 = CARTESIAN_POINT('',(17.599577233399,-17.83457193383));
#1054 = CARTESIAN_POINT('',(16.707131710655,-17.85462164763));
#1055 = CARTESIAN_POINT('',(16.03880143777,-17.86712186079));
#1056 = CARTESIAN_POINT('',(15.370437243963,-17.87744888075));
#1057 = CARTESIAN_POINT('',(14.702051875032,-17.88588137916));
#1058 = CARTESIAN_POINT('',(14.033653599486,-17.89265053391));
#1059 = CARTESIAN_POINT('',(13.022250926327,-17.90067554701));
#1060 = CARTESIAN_POINT('',(12.679253285416,-17.90301114018));
#1061 = CARTESIAN_POINT('',(12.336254197355,-17.90498725231));
#1062 = CARTESIAN_POINT('',(11.993254239809,-17.906628207));
#1063 = CARTESIAN_POINT('',(11.650253865446,-17.90795621491));
#1064 = CARTESIAN_POINT('',(11.307253401939,-17.9089913737));
#1065 = ( GEOMETRIC_REPRESENTATION_CONTEXT(2) 
PARAMETRIC_REPRESENTATION_CONTEXT() REPRESENTATION_CONTEXT('2D SPACE',''
  ) );
#1066 = FACE_BOUND('',#1067,.F.);
#1067 = EDGE_LOOP('',(#1068,#1200));
#1068 = ORIENTED_EDGE('',*,*,#1069,.T.);
#1069 = EDGE_CURVE('',#1070,#1072,#1074,.T.);
#1070 = VERTEX_POINT('',#1071);
#1071 = CARTESIAN_POINT('',(-30.36,436.383,14.209141739309));
#1072 = VERTEX_POINT('',#1073);
#1073 = CARTESIAN_POINT('',(-33.76793507003,434.54427955725,
    14.269824477928));
#1074 = SURFACE_CURVE('',#1075,(#1113,#1154),.PCURVE_S1.);
#1075 = B_SPLINE_CURVE_WITH_KNOTS('',6,(#1076,#1077,#1078,#1079,#1080,
    #1081,#1082,#1083,#1084,#1085,#1086,#1087,#1088,#1089,#1090,#1091,
    #1092,#1093,#1094,#1095,#1096,#1097,#1098,#1099,#1100,#1101,#1102,
    #1103,#1104,#1105,#1106,#1107,#1108,#1109,#1110,#1111,#1112),
  .UNSPECIFIED.,.F.,.F.,(7,5,5,5,5,5,5,7),(0.,0.184341103605,
    0.338289307338,0.493403324037,0.549631898008,0.673687351626,
    0.810202973595,1.),.UNSPECIFIED.);
#1076 = CARTESIAN_POINT('',(-30.36,436.383,14.209141739309));
#1077 = CARTESIAN_POINT('',(-30.36,436.23768600467,14.20102367079));
#1078 = CARTESIAN_POINT('',(-30.3715179041,436.0923881336,
    14.192886641568));
#1079 = CARTESIAN_POINT('',(-30.39454890121,435.94823453025,
    14.184967610457));
#1080 = CARTESIAN_POINT('',(-30.42894451582,435.8063322965,
    14.177555732991));
#1081 = CARTESIAN_POINT('',(-30.47443098498,435.6677720895,
    14.170931772111));
#1082 = CARTESIAN_POINT('',(-30.5774674312,435.42158710144,
    14.160620016782));
#1083 = CARTESIAN_POINT('',(-30.63179479812,435.31262168702,
    14.156628163256));
#1084 = CARTESIAN_POINT('',(-30.6933085564,435.20735129243,
    14.153462108906));
#1085 = CARTESIAN_POINT('',(-30.761688087,435.10636810587,
    14.151224865606));
#1086 = CARTESIAN_POINT('',(-30.83654727428,435.01023219142,
    14.149954891815));
#1087 = CARTESIAN_POINT('',(-30.99891562447,434.82800127447,
    14.14934491864));
#1088 = CARTESIAN_POINT('',(-31.08652231949,434.74198105871,
    14.150019465702));
#1089 = CARTESIAN_POINT('',(-31.17977569963,434.66192981781,
    14.151670931256));
#1090 = CARTESIAN_POINT('',(-31.27815276105,434.58830679171,
    14.154250596584));
#1091 = CARTESIAN_POINT('',(-31.38108879974,434.52150855022,
    14.157660557122));
#1092 = CARTESIAN_POINT('',(-31.5267207721,434.44024351697,
    14.163268649282));
#1093 = CARTESIAN_POINT('',(-31.5659864105,434.41956237398,
    14.164853590829));
#1094 = CARTESIAN_POINT('',(-31.60574310261,434.39983648441,
    14.166525542172));
#1095 = CARTESIAN_POINT('',(-31.64596181951,434.38108013207,
    14.168278333587));
#1096 = CARTESIAN_POINT('',(-31.6866130969,434.3633063877,
    14.170105501167));
#1097 = CARTESIAN_POINT('',(-31.81824313509,434.3095074786,
    14.176180696826));
#1098 = CARTESIAN_POINT('',(-31.91077981088,434.27732841013,
    14.180690416747));
#1099 = CARTESIAN_POINT('',(-32.00495534134,434.25011748218,
    14.185457513441));
#1100 = CARTESIAN_POINT('',(-32.10044124933,434.22797348486,
    14.190406442901));
#1101 = CARTESIAN_POINT('',(-32.19690269325,434.21096687865,
    14.195463881329));
#1102 = CARTESIAN_POINT('',(-32.40084739301,434.18612575824,
    14.206177544496));
#1103 = CARTESIAN_POINT('',(-32.50846655857,434.17938384171,
    14.211843053094));
#1104 = CARTESIAN_POINT('',(-32.61640116393,434.17897088154,
    14.217473407525));
#1105 = CARTESIAN_POINT('',(-32.72419335353,434.18490141615,
    14.222993706287));
#1106 = CARTESIAN_POINT('',(-32.83138351659,434.19714644213,
    14.228346491718));
#1107 = CARTESIAN_POINT('',(-33.08506000896,434.24133169507,
    14.240656343065));
#1108 = CARTESIAN_POINT('',(-33.2305667701,434.27909538069,
    14.247424547455));
#1109 = CARTESIAN_POINT('',(-33.37278102534,434.32872303683,
    14.25370393747));
#1110 = CARTESIAN_POINT('',(-33.51050270815,434.38984220272,
    14.259477974115));
#1111 = CARTESIAN_POINT('',(-33.64258070633,434.46192884826,
    14.264814275721));
#1112 = CARTESIAN_POINT('',(-33.76793507003,434.54427955725,
    14.269824477928));
#1113 = PCURVE('',#85,#1114);
#1114 = DEFINITIONAL_REPRESENTATION('',(#1115),#1153);
#1115 = B_SPLINE_CURVE_WITH_KNOTS('',6,(#1116,#1117,#1118,#1119,#1120,
    #1121,#1122,#1123,#1124,#1125,#1126,#1127,#1128,#1129,#1130,#1131,
    #1132,#1133,#1134,#1135,#1136,#1137,#1138,#1139,#1140,#1141,#1142,
    #1143,#1144,#1145,#1146,#1147,#1148,#1149,#1150,#1151,#1152),
  .UNSPECIFIED.,.F.,.F.,(7,5,5,5,5,5,5,7),(0.,0.184341103605,
    0.338289307338,0.493403324037,0.549631898008,0.673687351626,
    0.810202973595,1.),.UNSPECIFIED.);
#1116 = CARTESIAN_POINT('',(10.485626119376,0.54058902281));
#1117 = CARTESIAN_POINT('',(10.478844344594,0.538892862014));
#1118 = CARTESIAN_POINT('',(10.471532527964,0.537347177249));
#1119 = CARTESIAN_POINT('',(10.463749241508,0.535964942044));
#1120 = CARTESIAN_POINT('',(10.455558570715,0.534756213359));
#1121 = CARTESIAN_POINT('',(10.447028698884,0.533728484985));
#1122 = CARTESIAN_POINT('',(10.430886529217,0.532183368698));
#1123 = CARTESIAN_POINT('',(10.423354376957,0.531609733987));
#1124 = CARTESIAN_POINT('',(10.415678751262,0.531168445171));
#1125 = CARTESIAN_POINT('',(10.407903262043,0.530860824246));
#1126 = CARTESIAN_POINT('',(10.400072162069,0.530686890796));
#1127 = CARTESIAN_POINT('',(10.384328959283,0.530603369476));
#1128 = CARTESIAN_POINT('',(10.376416107567,0.530695790325));
#1129 = CARTESIAN_POINT('',(10.368537506103,0.53092119864));
#1130 = CARTESIAN_POINT('',(10.360737243367,0.531276813043));
#1131 = CARTESIAN_POINT('',(10.353057580085,0.531758815458));
#1132 = CARTESIAN_POINT('',(10.342813598571,0.532581171369));
#1133 = CARTESIAN_POINT('',(10.340109276877,0.532815940099));
#1134 = CARTESIAN_POINT('',(10.337427990124,0.533066458953));
#1135 = CARTESIAN_POINT('',(10.334771595538,0.533332486999));
#1136 = CARTESIAN_POINT('',(10.332141904764,0.533613769779));
#1137 = CARTESIAN_POINT('',(10.32380168648,0.534563690066));
#1138 = CARTESIAN_POINT('',(10.318201239673,0.535290296818));
#1139 = CARTESIAN_POINT('',(10.312758357506,0.536086978954));
#1140 = CARTESIAN_POINT('',(10.307490843378,0.536950592683));
#1141 = CARTESIAN_POINT('',(10.302415373038,0.53787775495));
#1142 = CARTESIAN_POINT('',(10.292190859277,0.539951125606));
#1143 = CARTESIAN_POINT('',(10.287085529786,0.541110002374));
#1144 = CARTESIAN_POINT('',(10.282252447748,0.542336682377));
#1145 = CARTESIAN_POINT('',(10.277710626789,0.543626095112));
#1146 = CARTESIAN_POINT('',(10.273477248632,0.544972897772));
#1147 = CARTESIAN_POINT('',(10.264132216005,0.548315870104));
#1148 = CARTESIAN_POINT('',(10.259322207367,0.550360475794));
#1149 = CARTESIAN_POINT('',(10.255179505027,0.552489982004));
#1150 = CARTESIAN_POINT('',(10.251736605092,0.554688559923));
#1151 = CARTESIAN_POINT('',(10.249018289011,0.556939898322));
#1152 = CARTESIAN_POINT('',(10.247039725879,0.559226824013));
#1153 = ( GEOMETRIC_REPRESENTATION_CONTEXT(2) 
PARAMETRIC_REPRESENTATION_CONTEXT() REPRESENTATION_CONTEXT('2D SPACE',''
  ) );
#1154 = PCURVE('',#1155,#1160);
#1155 = CYLINDRICAL_SURFACE('',#1156,2.2);
#1156 = AXIS2_PLACEMENT_3D('',#1157,#1158,#1159);
#1157 = CARTESIAN_POINT('',(-32.56,436.383,0.));
#1158 = DIRECTION('',(-0.,-0.,-1.));
#1159 = DIRECTION('',(1.,0.,0.));
#1160 = DEFINITIONAL_REPRESENTATION('',(#1161),#1199);
#1161 = B_SPLINE_CURVE_WITH_KNOTS('',6,(#1162,#1163,#1164,#1165,#1166,
    #1167,#1168,#1169,#1170,#1171,#1172,#1173,#1174,#1175,#1176,#1177,
    #1178,#1179,#1180,#1181,#1182,#1183,#1184,#1185,#1186,#1187,#1188,
    #1189,#1190,#1191,#1192,#1193,#1194,#1195,#1196,#1197,#1198),
  .UNSPECIFIED.,.F.,.F.,(7,5,5,5,5,5,5,7),(0.,0.184341103605,
    0.338289307338,0.493403324037,0.549631898008,0.673687351626,
    0.810202973595,1.),.UNSPECIFIED.);
#1162 = CARTESIAN_POINT('',(-6.28318530718,-14.2091417393));
#1163 = CARTESIAN_POINT('',(-6.21713349112,-14.20102367079));
#1164 = CARTESIAN_POINT('',(-6.151089038615,-14.19288664156));
#1165 = CARTESIAN_POINT('',(-6.085045795414,-14.18496761045));
#1166 = CARTESIAN_POINT('',(-6.018989660922,-14.17755573299));
#1167 = CARTESIAN_POINT('',(-5.952908611129,-14.17093177211));
#1168 = CARTESIAN_POINT('',(-5.831600692701,-14.16062001678));
#1169 = CARTESIAN_POINT('',(-5.776377277071,-14.15662816325));
#1170 = CARTESIAN_POINT('',(-5.721139148405,-14.1534621089));
#1171 = CARTESIAN_POINT('',(-5.6658872684,-14.1512248656));
#1172 = CARTESIAN_POINT('',(-5.61062492123,-14.14995489181));
#1173 = CARTESIAN_POINT('',(-5.499682686768,-14.14934491864));
#1174 = CARTESIAN_POINT('',(-5.443998709609,-14.1500194657));
#1175 = CARTESIAN_POINT('',(-5.388322193288,-14.15167093125));
#1176 = CARTESIAN_POINT('',(-5.332656476698,-14.15425059658));
#1177 = CARTESIAN_POINT('',(-5.277002874765,-14.15766055712));
#1178 = CARTESIAN_POINT('',(-5.201197724091,-14.16326864928));
#1179 = CARTESIAN_POINT('',(-5.181031341948,-14.16485359082));
#1180 = CARTESIAN_POINT('',(-5.160866848088,-14.16652554217));
#1181 = CARTESIAN_POINT('',(-5.140704190064,-14.16827833358));
#1182 = CARTESIAN_POINT('',(-5.120543267721,-14.17010550116));
#1183 = CARTESIAN_POINT('',(-5.055906984676,-14.17618069682));
#1184 = CARTESIAN_POINT('',(-5.01143753682,-14.18069041674));
#1185 = CARTESIAN_POINT('',(-4.966974517109,-14.18545751344));
#1186 = CARTESIAN_POINT('',(-4.922515054919,-14.1904064429));
#1187 = CARTESIAN_POINT('',(-4.878055950532,-14.19546388132));
#1188 = CARTESIAN_POINT('',(-4.784668680551,-14.20617754449));
#1189 = CARTESIAN_POINT('',(-4.735739220698,-14.21184305309));
#1190 = CARTESIAN_POINT('',(-4.686804491124,-14.21747340752));
#1191 = CARTESIAN_POINT('',(-4.637860860389,-14.22299370628));
#1192 = CARTESIAN_POINT('',(-4.588905661055,-14.22834649171));
#1193 = CARTESIAN_POINT('',(-4.471862104706,-14.24065634306));
#1194 = CARTESIAN_POINT('',(-4.403758223893,-14.24742454745));
#1195 = CARTESIAN_POINT('',(-4.335635243178,-14.25370393747));
#1196 = CARTESIAN_POINT('',(-4.267490380709,-14.25947797411));
#1197 = CARTESIAN_POINT('',(-4.19932296394,-14.26481427572));
#1198 = CARTESIAN_POINT('',(-4.131148182832,-14.26982447792));
#1199 = ( GEOMETRIC_REPRESENTATION_CONTEXT(2) 
PARAMETRIC_REPRESENTATION_CONTEXT() REPRESENTATION_CONTEXT('2D SPACE',''
  ) );
#1200 = ORIENTED_EDGE('',*,*,#1201,.T.);
#1201 = EDGE_CURVE('',#1072,#1070,#1202,.T.);
#1202 = SURFACE_CURVE('',#1203,(#1290,#1380),.PCURVE_S1.);
#1203 = B_SPLINE_CURVE_WITH_KNOTS('',8,(#1204,#1205,#1206,#1207,#1208,
    #1209,#1210,#1211,#1212,#1213,#1214,#1215,#1216,#1217,#1218,#1219,
    #1220,#1221,#1222,#1223,#1224,#1225,#1226,#1227,#1228,#1229,#1230,
    #1231,#1232,#1233,#1234,#1235,#1236,#1237,#1238,#1239,#1240,#1241,
    #1242,#1243,#1244,#1245,#1246,#1247,#1248,#1249,#1250,#1251,#1252,
    #1253,#1254,#1255,#1256,#1257,#1258,#1259,#1260,#1261,#1262,#1263,
    #1264,#1265,#1266,#1267,#1268,#1269,#1270,#1271,#1272,#1273,#1274,
    #1275,#1276,#1277,#1278,#1279,#1280,#1281,#1282,#1283,#1284,#1285,
    #1286,#1287,#1288,#1289),.UNSPECIFIED.,.F.,.F.,(9,7,7,7,7,7,7,7,7,7,
    7,7,9),(0.,9.938294487868E-02,0.189958104427,0.255725892952,
    0.355389450605,0.452511286913,0.514915201658,0.545918418944,
    0.631502994497,0.686956890056,0.739852296995,0.820104585429,1.),
  .UNSPECIFIED.);
#1204 = CARTESIAN_POINT('',(-33.76793507003,434.54427955725,
    14.269824477928));
#1205 = CARTESIAN_POINT('',(-33.8623801804,434.60632463944,
    14.273599289482));
#1206 = CARTESIAN_POINT('',(-33.95319948317,434.67392464858,
    14.277198201392));
#1207 = CARTESIAN_POINT('',(-34.04000076087,434.7468266905,
    14.280661528987));
#1208 = CARTESIAN_POINT('',(-34.1224202023,434.82474717366,
    14.284040138121));
#1209 = CARTESIAN_POINT('',(-34.20012089414,434.90737484696,
    14.287390630165));
#1210 = CARTESIAN_POINT('',(-34.27279269453,434.99437243554,
    14.290770491166));
#1211 = CARTESIAN_POINT('',(-34.34015348847,435.08537687449,
    14.294233205165));
#1212 = CARTESIAN_POINT('',(-34.45827330166,435.26623362359,
    14.301095284229));
#1213 = CARTESIAN_POINT('',(-34.50997765777,435.35547803019,
    14.304472348396));
#1214 = CARTESIAN_POINT('',(-34.55687311652,435.447435439,14.3079951043)
  );
#1215 = CARTESIAN_POINT('',(-34.59879458035,435.54180084042,
    14.311667981028));
#1216 = CARTESIAN_POINT('',(-34.6356010805,435.63825481754,
    14.31556196028));
#1217 = CARTESIAN_POINT('',(-34.66717685232,435.73647768637,
    14.319609418841));
#1218 = CARTESIAN_POINT('',(-34.69342905989,435.83613096292,
    14.323891680295));
#1219 = CARTESIAN_POINT('',(-34.72944140542,436.01003220052,
    14.331545142607));
#1220 = CARTESIAN_POINT('',(-34.74174954852,436.08376476029,
    14.334846794634));
#1221 = CARTESIAN_POINT('',(-34.75119155983,436.15794737133,
    14.338213043007));
#1222 = CARTESIAN_POINT('',(-34.75774917379,436.23245102655,
    14.341625609971));
#1223 = CARTESIAN_POINT('',(-34.76141100879,436.30714637711,
    14.345065653004));
#1224 = CARTESIAN_POINT('',(-34.76217252498,436.38190381108,
    14.348513955186));
#1225 = CARTESIAN_POINT('',(-34.76003598208,436.45659353223,
    14.351951115577));
#1226 = CARTESIAN_POINT('',(-34.74739469827,436.64396990194,
    14.360520088445));
#1227 = CARTESIAN_POINT('',(-34.73314434523,436.75640565254,
    14.365612560963));
#1228 = CARTESIAN_POINT('',(-34.71229029355,436.86793704737,
    14.370567494574));
#1229 = CARTESIAN_POINT('',(-34.68490079071,436.97811626546,
    14.375317718764));
#1230 = CARTESIAN_POINT('',(-34.65107881774,437.08650336596,
    14.379798099885));
#1231 = CARTESIAN_POINT('',(-34.61096145138,437.19266673207,
    14.383947152542));
#1232 = CARTESIAN_POINT('',(-34.56472114706,437.29618410113,
    14.387708717552));
#1233 = CARTESIAN_POINT('',(-34.46174677626,437.49454222531,
    14.394273898155));
#1234 = CARTESIAN_POINT('',(-34.40530637383,437.58954471618,
    14.397099754774));
#1235 = CARTESIAN_POINT('',(-34.34344242978,437.68126851077,
    14.399465691947));
#1236 = CARTESIAN_POINT('',(-34.27637947991,437.76935143538,
    14.401332871132));
#1237 = CARTESIAN_POINT('',(-34.20436968929,437.85345131889,
    14.402670431997));
#1238 = CARTESIAN_POINT('',(-34.12769206133,437.93324622847,
    14.403456601386));
#1239 = CARTESIAN_POINT('',(-34.046653068,438.00843590703,14.40367967892
    ));
#1240 = CARTESIAN_POINT('',(-33.9069320996,438.12391989692,
    14.403119937214));
#1241 = CARTESIAN_POINT('',(-33.85061164318,438.16708180947,
    14.402668184645));
#1242 = CARTESIAN_POINT('',(-33.79271544161,438.208157503,
    14.401983385615));
#1243 = CARTESIAN_POINT('',(-33.73333482636,438.24707947827,
    14.401067145545));
#1244 = CARTESIAN_POINT('',(-33.67256425826,438.28378538789,
    14.399922927109));
#1245 = CARTESIAN_POINT('',(-33.61050123511,438.31821804026,
    14.39855604621));
#1246 = CARTESIAN_POINT('',(-33.54724619933,438.35032540343,
    14.396973667944));
#1247 = CARTESIAN_POINT('',(-33.45093548676,438.39483351288,
    14.394296066951));
#1248 = CARTESIAN_POINT('',(-33.41869966037,438.40902097898,
    14.393356356857));
#1249 = CARTESIAN_POINT('',(-33.38620756759,438.42261729969,
    14.392366777359));
#1250 = CARTESIAN_POINT('',(-33.35347191733,438.43561710534,
    14.391328536398));
#1251 = CARTESIAN_POINT('',(-33.32050552629,438.44801536409,
    14.390242944783));
#1252 = CARTESIAN_POINT('',(-33.28732131896,438.45980738199,
    14.389111416192));
#1253 = CARTESIAN_POINT('',(-33.25393232762,438.47098880292,
    14.387935467173));
#1254 = CARTESIAN_POINT('',(-33.12765213829,438.51072534189,
    14.383352350042));
#1255 = CARTESIAN_POINT('',(-33.03349050557,438.53521179108,
    14.379661784052));
#1256 = CARTESIAN_POINT('',(-32.93814508156,438.55493002971,
    14.375678871965));
#1257 = CARTESIAN_POINT('',(-32.84189646179,438.56981533995,
    14.37144322922));
#1258 = CARTESIAN_POINT('',(-32.74502720562,438.5798229013,
    14.366999274569));
#1259 = CARTESIAN_POINT('',(-32.647821492,438.58492747923,
    14.362395270745));
#1260 = CARTESIAN_POINT('',(-32.55056477512,438.58512311391,
    14.357682365137));
#1261 = CARTESIAN_POINT('',(-32.39067918062,438.5773772808,
    14.349823763925));
#1262 = CARTESIAN_POINT('',(-32.32791282089,438.57227630779,
    14.346710395407));
#1263 = CARTESIAN_POINT('',(-32.26532184519,438.56512349402,
    14.343587893283));
#1264 = CARTESIAN_POINT('',(-32.20298334635,438.55592577686,
    14.340470901984));
#1265 = CARTESIAN_POINT('',(-32.14097400072,438.54469344437,
    14.337374184313));
#1266 = CARTESIAN_POINT('',(-32.07937004301,438.53144015286,
    14.334312463781));
#1267 = CARTESIAN_POINT('',(-32.01824724115,438.51618294445,
    14.331300266941));
#1268 = CARTESIAN_POINT('',(-31.89990886514,438.48249702175,
    14.325539300145));
#1269 = CARTESIAN_POINT('',(-31.84264279669,438.4642470243,
    14.32278355083));
#1270 = CARTESIAN_POINT('',(-31.78594788296,438.44421001211,
    14.320103680944));
#1271 = CARTESIAN_POINT('',(-31.72988882279,438.42240640479,
    14.317503467727));
#1272 = CARTESIAN_POINT('',(-31.67453161383,438.39886054542,
    14.314969042863));
#1273 = CARTESIAN_POINT('',(-31.61993789623,438.37359822225,
    14.312515377904));
#1274 = CARTESIAN_POINT('',(-31.56617125833,438.34664933943,
    14.310129336308));
#1275 = CARTESIAN_POINT('',(-31.43306569845,438.27464972545,
    14.304289953894));
#1276 = CARTESIAN_POINT('',(-31.3548809289,438.22744416107,
    14.300921452758));
#1277 = CARTESIAN_POINT('',(-31.27895382699,438.17654342126,
    14.297687814879));
#1278 = CARTESIAN_POINT('',(-31.20549066965,438.12207522518,
    14.294563362003));
#1279 = CARTESIAN_POINT('',(-31.13468807063,438.06418081426,
    14.291515563508));
#1280 = CARTESIAN_POINT('',(-31.06673258544,438.00301472046,
    14.288507647913));
#1281 = CARTESIAN_POINT('',(-31.00180031633,437.93874453471,
    14.285501214392));
#1282 = CARTESIAN_POINT('',(-30.80165016721,437.72092734177,
    14.275638995981));
#1283 = CARTESIAN_POINT('',(-30.67918555829,437.55552622567,
    14.268634601626));
#1284 = CARTESIAN_POINT('',(-30.57464460388,437.37745525244,
    14.261034586977));
#1285 = CARTESIAN_POINT('',(-30.48952624071,437.18905152858,
    14.252443568666));
#1286 = CARTESIAN_POINT('',(-30.42493529853,436.99278627099,
    14.242687899139));
#1287 = CARTESIAN_POINT('',(-30.38162810263,436.7912284265,
    14.231909925294));
#1288 = CARTESIAN_POINT('',(-30.36,436.58704298634,14.220540744203));
#1289 = CARTESIAN_POINT('',(-30.36,436.383,14.209141739309));
#1290 = PCURVE('',#85,#1291);
#1291 = DEFINITIONAL_REPRESENTATION('',(#1292),#1379);
#1292 = B_SPLINE_CURVE_WITH_KNOTS('',8,(#1293,#1294,#1295,#1296,#1297,
    #1298,#1299,#1300,#1301,#1302,#1303,#1304,#1305,#1306,#1307,#1308,
    #1309,#1310,#1311,#1312,#1313,#1314,#1315,#1316,#1317,#1318,#1319,
    #1320,#1321,#1322,#1323,#1324,#1325,#1326,#1327,#1328,#1329,#1330,
    #1331,#1332,#1333,#1334,#1335,#1336,#1337,#1338,#1339,#1340,#1341,
    #1342,#1343,#1344,#1345,#1346,#1347,#1348,#1349,#1350,#1351,#1352,
    #1353,#1354,#1355,#1356,#1357,#1358,#1359,#1360,#1361,#1362,#1363,
    #1364,#1365,#1366,#1367,#1368,#1369,#1370,#1371,#1372,#1373,#1374,
    #1375,#1376,#1377,#1378),.UNSPECIFIED.,.F.,.F.,(9,7,7,7,7,7,7,7,7,7,
    7,7,9),(0.,9.938294487868E-02,0.189958104427,0.255725892952,
    0.355389450605,0.452511286913,0.514915201658,0.545918418944,
    0.631502994497,0.686956890056,0.739852296995,0.820104585429,1.),
  .UNSPECIFIED.);
#1293 = CARTESIAN_POINT('',(10.247039725879,0.559226824013));
#1294 = CARTESIAN_POINT('',(10.245549026968,0.56094985098));
#1295 = CARTESIAN_POINT('',(10.244458108241,0.562692283317));
#1296 = CARTESIAN_POINT('',(10.243772592102,0.564447908971));
#1297 = CARTESIAN_POINT('',(10.243495799266,0.566210563115));
#1298 = CARTESIAN_POINT('',(10.243628975917,0.567974107789));
#1299 = CARTESIAN_POINT('',(10.244171380883,0.569732411044));
#1300 = CARTESIAN_POINT('',(10.245120232816,0.571479325589));
#1301 = CARTESIAN_POINT('',(10.24770113337,0.574784745902));
#1302 = CARTESIAN_POINT('',(10.249265250999,0.576346315072));
#1303 = CARTESIAN_POINT('',(10.251159106133,0.577888671837));
#1304 = CARTESIAN_POINT('',(10.25337757044,0.579407246598));
#1305 = CARTESIAN_POINT('',(10.255913982673,0.580897520481));
#1306 = CARTESIAN_POINT('',(10.258760751984,0.582355123648));
#1307 = CARTESIAN_POINT('',(10.26190852975,0.58377566145));
#1308 = CARTESIAN_POINT('',(10.267843667694,0.586156387566));
#1309 = CARTESIAN_POINT('',(10.270493677415,0.587136124027));
#1310 = CARTESIAN_POINT('',(10.273293050564,0.588092497329));
#1311 = CARTESIAN_POINT('',(10.276237535261,0.589023931072));
#1312 = CARTESIAN_POINT('',(10.279322573673,0.589928886387));
#1313 = CARTESIAN_POINT('',(10.282543298182,0.59080586108));
#1314 = CARTESIAN_POINT('',(10.285894527554,0.591653388778));
#1315 = CARTESIAN_POINT('',(10.294638600317,0.593707576633));
#1316 = CARTESIAN_POINT('',(10.300193743846,0.594874265404));
#1317 = CARTESIAN_POINT('',(10.306016912057,0.595965076461));
#1318 = CARTESIAN_POINT('',(10.312087444737,0.596975287737));
#1319 = CARTESIAN_POINT('',(10.318383335558,0.597900453106));
#1320 = CARTESIAN_POINT('',(10.324881204187,0.598736408569));
#1321 = CARTESIAN_POINT('',(10.331556208098,0.599479314522));
#1322 = CARTESIAN_POINT('',(10.345033504402,0.600755668106));
#1323 = CARTESIAN_POINT('',(10.351828737757,0.601294024596));
#1324 = CARTESIAN_POINT('',(10.358743033571,0.601737587435));
#1325 = CARTESIAN_POINT('',(10.365751095591,0.602083583455));
#1326 = CARTESIAN_POINT('',(10.372826897905,0.602329673148));
#1327 = CARTESIAN_POINT('',(10.379943691974,0.602473977006));
#1328 = CARTESIAN_POINT('',(10.387074014641,0.602515137534));
#1329 = CARTESIAN_POINT('',(10.398761752771,0.602412116936));
#1330 = CARTESIAN_POINT('',(10.40332792883,0.602328927975));
#1331 = CARTESIAN_POINT('',(10.407880827047,0.602202650003));
#1332 = CARTESIAN_POINT('',(10.412413057436,0.602033181198));
#1333 = CARTESIAN_POINT('',(10.41691724505,0.601820521586));
#1334 = CARTESIAN_POINT('',(10.421386036774,0.601564776664));
#1335 = CARTESIAN_POINT('',(10.425812108116,0.601266161011));
#1336 = CARTESIAN_POINT('',(10.432362264325,0.600755508865));
#1337 = CARTESIAN_POINT('',(10.434524025296,0.600575514418));
#1338 = CARTESIAN_POINT('',(10.43667256376,0.60038505822));
#1339 = CARTESIAN_POINT('',(10.438806997334,0.60018418658));
#1340 = CARTESIAN_POINT('',(10.440926450403,0.599972952466));
#1341 = CARTESIAN_POINT('',(10.443030054112,0.59975141551));
#1342 = CARTESIAN_POINT('',(10.445116946377,0.599519642001));
#1343 = CARTESIAN_POINT('',(10.452898657872,0.598609835982));
#1344 = CARTESIAN_POINT('',(10.458477272768,0.597864503744));
#1345 = CARTESIAN_POINT('',(10.463904028473,0.597043260216));
#1346 = CARTESIAN_POINT('',(10.469161458182,0.596148026944));
#1347 = CARTESIAN_POINT('',(10.474232760695,0.595181097817));
#1348 = CARTESIAN_POINT('',(10.479101844739,0.594145141896));
#1349 = CARTESIAN_POINT('',(10.483753373284,0.593043206246));
#1350 = CARTESIAN_POINT('',(10.491036347959,0.59112419769));
#1351 = CARTESIAN_POINT('',(10.493802493191,0.590343404835));
#1352 = CARTESIAN_POINT('',(10.496467312612,0.589537267381));
#1353 = CARTESIAN_POINT('',(10.499027043022,0.588706772539));
#1354 = CARTESIAN_POINT('',(10.501478096357,0.587852967072));
#1355 = CARTESIAN_POINT('',(10.503817067081,0.586976956811));
#1356 = CARTESIAN_POINT('',(10.506040739579,0.586079906165));
#1357 = CARTESIAN_POINT('',(10.51015431624,0.584288470884));
#1358 = CARTESIAN_POINT('',(10.512054898567,0.583395867381));
#1359 = CARTESIAN_POINT('',(10.513845226185,0.582486288382));
#1360 = CARTESIAN_POINT('',(10.515522849302,0.581560835445));
#1361 = CARTESIAN_POINT('',(10.517085459499,0.580620685924));
#1362 = CARTESIAN_POINT('',(10.518531036956,0.579667007745));
#1363 = CARTESIAN_POINT('',(10.519857691473,0.578701048739));
#1364 = CARTESIAN_POINT('',(10.522893681026,0.576241808596));
#1365 = CARTESIAN_POINT('',(10.524446113204,0.574734144709));
#1366 = CARTESIAN_POINT('',(10.525715325822,0.573205526841));
#1367 = CARTESIAN_POINT('',(10.526696792557,0.571660529986));
#1368 = CARTESIAN_POINT('',(10.527387245579,0.570103829259));
#1369 = CARTESIAN_POINT('',(10.527784694671,0.568540173825));
#1370 = CARTESIAN_POINT('',(10.527888446345,0.566974360836));
#1371 = CARTESIAN_POINT('',(10.527274731223,0.561907212289));
#1372 = CARTESIAN_POINT('',(10.525377434119,0.55841456804));
#1373 = CARTESIAN_POINT('',(10.522011901505,0.554989920224));
#1374 = CARTESIAN_POINT('',(10.517221424527,0.551686799494));
#1375 = CARTESIAN_POINT('',(10.511078861699,0.548554281602));
#1376 = CARTESIAN_POINT('',(10.503681342463,0.545636229513));
#1377 = CARTESIAN_POINT('',(10.495148764295,0.542970690958));
#1378 = CARTESIAN_POINT('',(10.485626119376,0.54058902281));
#1379 = ( GEOMETRIC_REPRESENTATION_CONTEXT(2) 
PARAMETRIC_REPRESENTATION_CONTEXT() REPRESENTATION_CONTEXT('2D SPACE',''
  ) );
#1380 = PCURVE('',#1155,#1381);
#1381 = DEFINITIONAL_REPRESENTATION('',(#1382),#1469);
#1382 = B_SPLINE_CURVE_WITH_KNOTS('',8,(#1383,#1384,#1385,#1386,#1387,
    #1388,#1389,#1390,#1391,#1392,#1393,#1394,#1395,#1396,#1397,#1398,
    #1399,#1400,#1401,#1402,#1403,#1404,#1405,#1406,#1407,#1408,#1409,
    #1410,#1411,#1412,#1413,#1414,#1415,#1416,#1417,#1418,#1419,#1420,
    #1421,#1422,#1423,#1424,#1425,#1426,#1427,#1428,#1429,#1430,#1431,
    #1432,#1433,#1434,#1435,#1436,#1437,#1438,#1439,#1440,#1441,#1442,
    #1443,#1444,#1445,#1446,#1447,#1448,#1449,#1450,#1451,#1452,#1453,
    #1454,#1455,#1456,#1457,#1458,#1459,#1460,#1461,#1462,#1463,#1464,
    #1465,#1466,#1467,#1468),.UNSPECIFIED.,.F.,.F.,(9,7,7,7,7,7,7,7,7,7,
    7,7,9),(0.,9.938294487868E-02,0.189958104427,0.255725892952,
    0.355389450605,0.452511286913,0.514915201658,0.545918418944,
    0.631502994497,0.686956890056,0.739852296995,0.820104585429,1.),
  .UNSPECIFIED.);
#1383 = CARTESIAN_POINT('',(-4.131148182832,-14.26982447792));
#1384 = CARTESIAN_POINT('',(-4.079783598979,-14.27359928948));
#1385 = CARTESIAN_POINT('',(-4.028410122813,-14.27719820139));
#1386 = CARTESIAN_POINT('',(-3.977033273092,-14.28066152898));
#1387 = CARTESIAN_POINT('',(-3.925655405892,-14.28404013812));
#1388 = CARTESIAN_POINT('',(-3.874277210871,-14.28739063016));
#1389 = CARTESIAN_POINT('',(-3.822899167141,-14.29077049116));
#1390 = CARTESIAN_POINT('',(-3.771522958748,-14.29423320516));
#1391 = CARTESIAN_POINT('',(-3.673335402139,-14.30109528422));
#1392 = CARTESIAN_POINT('',(-3.626520454039,-14.30447234839));
#1393 = CARTESIAN_POINT('',(-3.579711942399,-14.3079951043));
#1394 = CARTESIAN_POINT('',(-3.532910607504,-14.31166798102));
#1395 = CARTESIAN_POINT('',(-3.486118328803,-14.31556196028));
#1396 = CARTESIAN_POINT('',(-3.439332847162,-14.31960941884));
#1397 = CARTESIAN_POINT('',(-3.392557233636,-14.32389168029));
#1398 = CARTESIAN_POINT('',(-3.311834095086,-14.3315451426));
#1399 = CARTESIAN_POINT('',(-3.27788111632,-14.33484679463));
#1400 = CARTESIAN_POINT('',(-3.243932333492,-14.338213043));
#1401 = CARTESIAN_POINT('',(-3.209987254788,-14.34162560997));
#1402 = CARTESIAN_POINT('',(-3.17604517311,-14.345065653));
#1403 = CARTESIAN_POINT('',(-3.142105330633,-14.34851395518));
#1404 = CARTESIAN_POINT('',(-3.108167083377,-14.35195111557));
#1405 = CARTESIAN_POINT('',(-3.022802399023,-14.36052008844));
#1406 = CARTESIAN_POINT('',(-2.971375165731,-14.36561256096));
#1407 = CARTESIAN_POINT('',(-2.919948683034,-14.37056749457));
#1408 = CARTESIAN_POINT('',(-2.868521049272,-14.37531771876));
#1409 = CARTESIAN_POINT('',(-2.817089397959,-14.37979809988));
#1410 = CARTESIAN_POINT('',(-2.765651224744,-14.38394715254));
#1411 = CARTESIAN_POINT('',(-2.714205787374,-14.38770871755));
#1412 = CARTESIAN_POINT('',(-2.61261750546,-14.39427389815));
#1413 = CARTESIAN_POINT('',(-2.562470955114,-14.39709975477));
#1414 = CARTESIAN_POINT('',(-2.512319122981,-14.39946569194));
#1415 = CARTESIAN_POINT('',(-2.462162962851,-14.40133287113));
#1416 = CARTESIAN_POINT('',(-2.412002444623,-14.40267043199));
#1417 = CARTESIAN_POINT('',(-2.361837874392,-14.40345660138));
#1418 = CARTESIAN_POINT('',(-2.311671276931,-14.40367967892));
#1419 = CARTESIAN_POINT('',(-2.229276213528,-14.40311993721));
#1420 = CARTESIAN_POINT('',(-2.197044736914,-14.40266818464));
#1421 = CARTESIAN_POINT('',(-2.164814291934,-14.40198338561));
#1422 = CARTESIAN_POINT('',(-2.132585407316,-14.40106714554));
#1423 = CARTESIAN_POINT('',(-2.100358407198,-14.3999229271));
#1424 = CARTESIAN_POINT('',(-2.068133559024,-14.39855604621));
#1425 = CARTESIAN_POINT('',(-2.035911221427,-14.39697366794));
#1426 = CARTESIAN_POINT('',(-1.987684987263,-14.39429606695));
#1427 = CARTESIAN_POINT('',(-1.971678681191,-14.39335635685));
#1428 = CARTESIAN_POINT('',(-1.955673101611,-14.39236677735));
#1429 = CARTESIAN_POINT('',(-1.93966826899,-14.39132853639));
#1430 = CARTESIAN_POINT('',(-1.92366419656,-14.39024294478));
#1431 = CARTESIAN_POINT('',(-1.907660890318,-14.38911141619));
#1432 = CARTESIAN_POINT('',(-1.891658349025,-14.38793546717));
#1433 = CARTESIAN_POINT('',(-1.831483536972,-14.38335235004));
#1434 = CARTESIAN_POINT('',(-1.787315548233,-14.37966178405));
#1435 = CARTESIAN_POINT('',(-1.743153478618,-14.37567887196));
#1436 = CARTESIAN_POINT('',(-1.698996654549,-14.37144322922));
#1437 = CARTESIAN_POINT('',(-1.654843457748,-14.36699927456));
#1438 = CARTESIAN_POINT('',(-1.610691934745,-14.36239527074));
#1439 = CARTESIAN_POINT('',(-1.566540406385,-14.35768236513));
#1440 = CARTESIAN_POINT('',(-1.493779900827,-14.34982376392));
#1441 = CARTESIAN_POINT('',(-1.465170961497,-14.3467103954));
#1442 = CARTESIAN_POINT('',(-1.436560841459,-14.34358789328));
#1443 = CARTESIAN_POINT('',(-1.407949008205,-14.34047090198));
#1444 = CARTESIAN_POINT('',(-1.379334885308,-14.33737418431));
#1445 = CARTESIAN_POINT('',(-1.35071792311,-14.33431246378));
#1446 = CARTESIAN_POINT('',(-1.322097669421,-14.33130026694));
#1447 = CARTESIAN_POINT('',(-1.266170634929,-14.32553930014));
#1448 = CARTESIAN_POINT('',(-1.238864019675,-14.32278355083));
#1449 = CARTESIAN_POINT('',(-1.211553699772,-14.32010368094));
#1450 = CARTESIAN_POINT('',(-1.184239449875,-14.31750346772));
#1451 = CARTESIAN_POINT('',(-1.156922145239,-14.31496904286));
#1452 = CARTESIAN_POINT('',(-1.129601043837,-14.3125153779));
#1453 = CARTESIAN_POINT('',(-1.102276969491,-14.3101293363));
#1454 = CARTESIAN_POINT('',(-1.033490206991,-14.30428995389));
#1455 = CARTESIAN_POINT('',(-0.992022938524,-14.30092145275));
#1456 = CARTESIAN_POINT('',(-0.95055057642,-14.29768781487));
#1457 = CARTESIAN_POINT('',(-0.909074463258,-14.294563362));
#1458 = CARTESIAN_POINT('',(-0.867595516751,-14.2915155635));
#1459 = CARTESIAN_POINT('',(-0.826114699799,-14.28850764791));
#1460 = CARTESIAN_POINT('',(-0.784633490543,-14.28550121439));
#1461 = CARTESIAN_POINT('',(-0.650173742249,-14.27563899598));
#1462 = CARTESIAN_POINT('',(-0.557149906546,-14.26863460162));
#1463 = CARTESIAN_POINT('',(-0.464173084949,-14.26103458697));
#1464 = CARTESIAN_POINT('',(-0.371256861141,-14.25244356866));
#1465 = CARTESIAN_POINT('',(-0.278391249931,-14.24268789913));
#1466 = CARTESIAN_POINT('',(-0.18555839898,-14.23190992529));
#1467 = CARTESIAN_POINT('',(-9.274681197666E-02,-14.2205407442));
#1468 = CARTESIAN_POINT('',(0.,-14.2091417393));
#1469 = ( GEOMETRIC_REPRESENTATION_CONTEXT(2) 
PARAMETRIC_REPRESENTATION_CONTEXT() REPRESENTATION_CONTEXT('2D SPACE',''
  ) );
#1470 = ADVANCED_FACE('',(#1471),#228,.T.);
#1471 = FACE_BOUND('',#1472,.T.);
#1472 = EDGE_LOOP('',(#1473,#1474,#1475,#1500,#1531,#1561));
#1473 = ORIENTED_EDGE('',*,*,#361,.T.);
#1474 = ORIENTED_EDGE('',*,*,#214,.T.);
#1475 = ORIENTED_EDGE('',*,*,#1476,.T.);
#1476 = EDGE_CURVE('',#185,#1477,#1479,.T.);
#1477 = VERTEX_POINT('',#1478);
#1478 = CARTESIAN_POINT('',(9.999999999988E-04,428.947,18.3));
#1479 = SURFACE_CURVE('',#1480,(#1485,#1492),.PCURVE_S1.);
#1480 = B_SPLINE_CURVE_WITH_KNOTS('',3,(#1481,#1482,#1483,#1484),
  .UNSPECIFIED.,.F.,.F.,(4,4),(0.,1.),.PIECEWISE_BEZIER_KNOTS.);
#1481 = CARTESIAN_POINT('',(-34.388,449.004,18.3));
#1482 = CARTESIAN_POINT('',(-27.556,437.191,18.3));
#1483 = CARTESIAN_POINT('',(-14.742,428.951,18.3));
#1484 = CARTESIAN_POINT('',(1.E-03,428.947,18.3));
#1485 = PCURVE('',#228,#1486);
#1486 = DEFINITIONAL_REPRESENTATION('',(#1487),#1491);
#1487 = LINE('',#1488,#1489);
#1488 = CARTESIAN_POINT('',(0.,-18.3));
#1489 = VECTOR('',#1490,1.);
#1490 = DIRECTION('',(1.,0.));
#1491 = ( GEOMETRIC_REPRESENTATION_CONTEXT(2) 
PARAMETRIC_REPRESENTATION_CONTEXT() REPRESENTATION_CONTEXT('2D SPACE',''
  ) );
#1492 = PCURVE('',#201,#1493);
#1493 = DEFINITIONAL_REPRESENTATION('',(#1494),#1499);
#1494 = B_SPLINE_CURVE_WITH_KNOTS('',3,(#1495,#1496,#1497,#1498),
  .UNSPECIFIED.,.F.,.F.,(4,4),(0.,1.),.PIECEWISE_BEZIER_KNOTS.);
#1495 = CARTESIAN_POINT('',(34.387661564376,222.46401556891));
#1496 = CARTESIAN_POINT('',(27.555661564376,210.65101556891));
#1497 = CARTESIAN_POINT('',(14.741661564376,202.41101556891));
#1498 = CARTESIAN_POINT('',(-1.338435624204E-03,202.40701556891));
#1499 = ( GEOMETRIC_REPRESENTATION_CONTEXT(2) 
PARAMETRIC_REPRESENTATION_CONTEXT() REPRESENTATION_CONTEXT('2D SPACE',''
  ) );
#1500 = ORIENTED_EDGE('',*,*,#1501,.F.);
#1501 = EDGE_CURVE('',#1502,#1477,#1504,.T.);
#1502 = VERTEX_POINT('',#1503);
#1503 = CARTESIAN_POINT('',(9.999999999988E-04,428.947,0.));
#1504 = SURFACE_CURVE('',#1505,(#1509,#1516),.PCURVE_S1.);
#1505 = LINE('',#1506,#1507);
#1506 = CARTESIAN_POINT('',(9.999999999988E-04,428.947,0.));
#1507 = VECTOR('',#1508,1.);
#1508 = DIRECTION('',(-0.,-0.,1.));
#1509 = PCURVE('',#228,#1510);
#1510 = DEFINITIONAL_REPRESENTATION('',(#1511),#1515);
#1511 = LINE('',#1512,#1513);
#1512 = CARTESIAN_POINT('',(1.,0.));
#1513 = VECTOR('',#1514,1.);
#1514 = DIRECTION('',(0.,-1.));
#1515 = ( GEOMETRIC_REPRESENTATION_CONTEXT(2) 
PARAMETRIC_REPRESENTATION_CONTEXT() REPRESENTATION_CONTEXT('2D SPACE',''
  ) );
#1516 = PCURVE('',#1517,#1525);
#1517 = SURFACE_OF_LINEAR_EXTRUSION('',#1518,#1523);
#1518 = B_SPLINE_CURVE_WITH_KNOTS('',3,(#1519,#1520,#1521,#1522),
  .UNSPECIFIED.,.F.,.F.,(4,4),(0.,1.),.PIECEWISE_BEZIER_KNOTS.);
#1519 = CARTESIAN_POINT('',(1.E-03,428.947,0.));
#1520 = CARTESIAN_POINT('',(14.946,428.943,0.));
#1521 = CARTESIAN_POINT('',(27.97,437.256,0.));
#1522 = CARTESIAN_POINT('',(34.681,449.51,0.));
#1523 = VECTOR('',#1524,1.);
#1524 = DIRECTION('',(0.,0.,-1.));
#1525 = DEFINITIONAL_REPRESENTATION('',(#1526),#1530);
#1526 = LINE('',#1527,#1528);
#1527 = CARTESIAN_POINT('',(0.,0.));
#1528 = VECTOR('',#1529,1.);
#1529 = DIRECTION('',(0.,-1.));
#1530 = ( GEOMETRIC_REPRESENTATION_CONTEXT(2) 
PARAMETRIC_REPRESENTATION_CONTEXT() REPRESENTATION_CONTEXT('2D SPACE',''
  ) );
#1531 = ORIENTED_EDGE('',*,*,#1532,.F.);
#1532 = EDGE_CURVE('',#1533,#1502,#1535,.T.);
#1533 = VERTEX_POINT('',#1534);
#1534 = CARTESIAN_POINT('',(-2.053960337342,429.00110205199,0.));
#1535 = SURFACE_CURVE('',#1536,(#1541,#1548),.PCURVE_S1.);
#1536 = B_SPLINE_CURVE_WITH_KNOTS('',3,(#1537,#1538,#1539,#1540),
  .UNSPECIFIED.,.F.,.F.,(4,4),(0.,1.),.PIECEWISE_BEZIER_KNOTS.);
#1537 = CARTESIAN_POINT('',(-34.388,449.004,0.));
#1538 = CARTESIAN_POINT('',(-27.556,437.191,0.));
#1539 = CARTESIAN_POINT('',(-14.742,428.951,0.));
#1540 = CARTESIAN_POINT('',(1.E-03,428.947,0.));
#1541 = PCURVE('',#228,#1542);
#1542 = DEFINITIONAL_REPRESENTATION('',(#1543),#1547);
#1543 = LINE('',#1544,#1545);
#1544 = CARTESIAN_POINT('',(0.,0.));
#1545 = VECTOR('',#1546,1.);
#1546 = DIRECTION('',(1.,0.));
#1547 = ( GEOMETRIC_REPRESENTATION_CONTEXT(2) 
PARAMETRIC_REPRESENTATION_CONTEXT() REPRESENTATION_CONTEXT('2D SPACE',''
  ) );
#1548 = PCURVE('',#1549,#1554);
#1549 = PLANE('',#1550);
#1550 = AXIS2_PLACEMENT_3D('',#1551,#1552,#1553);
#1551 = CARTESIAN_POINT('',(-3.384356242037E-04,226.53998443108,0.));
#1552 = DIRECTION('',(0.,-0.,-1.));
#1553 = DIRECTION('',(-1.,0.,0.));
#1554 = DEFINITIONAL_REPRESENTATION('',(#1555),#1560);
#1555 = B_SPLINE_CURVE_WITH_KNOTS('',3,(#1556,#1557,#1558,#1559),
  .UNSPECIFIED.,.F.,.F.,(4,4),(0.,1.),.PIECEWISE_BEZIER_KNOTS.);
#1556 = CARTESIAN_POINT('',(34.387661564376,222.46401556891));
#1557 = CARTESIAN_POINT('',(27.555661564376,210.65101556891));
#1558 = CARTESIAN_POINT('',(14.741661564376,202.41101556891));
#1559 = CARTESIAN_POINT('',(-1.338435624204E-03,202.40701556891));
#1560 = ( GEOMETRIC_REPRESENTATION_CONTEXT(2) 
PARAMETRIC_REPRESENTATION_CONTEXT() REPRESENTATION_CONTEXT('2D SPACE',''
  ) );
#1561 = ORIENTED_EDGE('',*,*,#1562,.F.);
#1562 = EDGE_CURVE('',#336,#1533,#1563,.T.);
#1563 = SURFACE_CURVE('',#1564,(#1567,#1573),.PCURVE_S1.);
#1564 = B_SPLINE_CURVE_WITH_KNOTS('',1,(#1565,#1566),.UNSPECIFIED.,.F.,
  .F.,(2,2),(0.,1.),.PIECEWISE_BEZIER_KNOTS.);
#1565 = CARTESIAN_POINT('',(-2.053960337342,429.00110205199,
    0.239423780004));
#1566 = CARTESIAN_POINT('',(-2.053960337342,429.00110205199,
    -5.999999992401E-07));
#1567 = PCURVE('',#228,#1568);
#1568 = DEFINITIONAL_REPRESENTATION('',(#1569),#1572);
#1569 = B_SPLINE_CURVE_WITH_KNOTS('',1,(#1570,#1571),.UNSPECIFIED.,.F.,
  .F.,(2,2),(0.,1.),.PIECEWISE_BEZIER_KNOTS.);
#1570 = CARTESIAN_POINT('',(0.953242749803,-0.239423780004));
#1571 = CARTESIAN_POINT('',(0.953242749803,5.999999999895E-07));
#1572 = ( GEOMETRIC_REPRESENTATION_CONTEXT(2) 
PARAMETRIC_REPRESENTATION_CONTEXT() REPRESENTATION_CONTEXT('2D SPACE',''
  ) );
#1573 = PCURVE('',#350,#1574);
#1574 = DEFINITIONAL_REPRESENTATION('',(#1575),#1578);
#1575 = B_SPLINE_CURVE_WITH_KNOTS('',1,(#1576,#1577),.UNSPECIFIED.,.F.,
  .F.,(2,2),(0.,1.),.PIECEWISE_BEZIER_KNOTS.);
#1576 = CARTESIAN_POINT('',(3.259299854904,0.676881651772));
#1577 = CARTESIAN_POINT('',(3.254696391058,0.437501531751));
#1578 = ( GEOMETRIC_REPRESENTATION_CONTEXT(2) 
PARAMETRIC_REPRESENTATION_CONTEXT() REPRESENTATION_CONTEXT('2D SPACE',''
  ) );
#1579 = ADVANCED_FACE('',(#1580,#1887,#1922,#1957,#1992,#2027,#2062,
    #2097,#2132,#2167,#2202,#2237,#2272,#2307,#2342),#201,.F.);
#1580 = FACE_BOUND('',#1581,.F.);
#1581 = EDGE_LOOP('',(#1582,#1583,#1584,#1609,#1642,#1670,#1698,#1726,
    #1754,#1782,#1810,#1838,#1866));
#1582 = ORIENTED_EDGE('',*,*,#184,.T.);
#1583 = ORIENTED_EDGE('',*,*,#1476,.T.);
#1584 = ORIENTED_EDGE('',*,*,#1585,.T.);
#1585 = EDGE_CURVE('',#1477,#1586,#1588,.T.);
#1586 = VERTEX_POINT('',#1587);
#1587 = CARTESIAN_POINT('',(34.681,449.51,18.3));
#1588 = SURFACE_CURVE('',#1589,(#1594,#1602),.PCURVE_S1.);
#1589 = B_SPLINE_CURVE_WITH_KNOTS('',3,(#1590,#1591,#1592,#1593),
  .UNSPECIFIED.,.F.,.F.,(4,4),(0.,1.),.PIECEWISE_BEZIER_KNOTS.);
#1590 = CARTESIAN_POINT('',(1.E-03,428.947,18.3));
#1591 = CARTESIAN_POINT('',(14.946,428.943,18.3));
#1592 = CARTESIAN_POINT('',(27.97,437.256,18.3));
#1593 = CARTESIAN_POINT('',(34.681,449.51,18.3));
#1594 = PCURVE('',#201,#1595);
#1595 = DEFINITIONAL_REPRESENTATION('',(#1596),#1601);
#1596 = B_SPLINE_CURVE_WITH_KNOTS('',3,(#1597,#1598,#1599,#1600),
  .UNSPECIFIED.,.F.,.F.,(4,4),(0.,1.),.PIECEWISE_BEZIER_KNOTS.);
#1597 = CARTESIAN_POINT('',(-1.338435624204E-03,202.40701556891));
#1598 = CARTESIAN_POINT('',(-14.94633843562,202.40301556891));
#1599 = CARTESIAN_POINT('',(-27.97033843562,210.71601556891));
#1600 = CARTESIAN_POINT('',(-34.68133843562,222.97001556891));
#1601 = ( GEOMETRIC_REPRESENTATION_CONTEXT(2) 
PARAMETRIC_REPRESENTATION_CONTEXT() REPRESENTATION_CONTEXT('2D SPACE',''
  ) );
#1602 = PCURVE('',#1517,#1603);
#1603 = DEFINITIONAL_REPRESENTATION('',(#1604),#1608);
#1604 = LINE('',#1605,#1606);
#1605 = CARTESIAN_POINT('',(0.,-18.3));
#1606 = VECTOR('',#1607,1.);
#1607 = DIRECTION('',(1.,0.));
#1608 = ( GEOMETRIC_REPRESENTATION_CONTEXT(2) 
PARAMETRIC_REPRESENTATION_CONTEXT() REPRESENTATION_CONTEXT('2D SPACE',''
  ) );
#1609 = ORIENTED_EDGE('',*,*,#1610,.T.);
#1610 = EDGE_CURVE('',#1586,#1611,#1613,.T.);
#1611 = VERTEX_POINT('',#1612);
#1612 = CARTESIAN_POINT('',(36.483,453.457,18.3));
#1613 = SURFACE_CURVE('',#1614,(#1619,#1627),.PCURVE_S1.);
#1614 = B_SPLINE_CURVE_WITH_KNOTS('',3,(#1615,#1616,#1617,#1618),
  .UNSPECIFIED.,.F.,.F.,(4,4),(0.,1.),.PIECEWISE_BEZIER_KNOTS.);
#1615 = CARTESIAN_POINT('',(34.681,449.51,18.3));
#1616 = CARTESIAN_POINT('',(35.293,450.628,18.3));
#1617 = CARTESIAN_POINT('',(35.977,452.266,18.3));
#1618 = CARTESIAN_POINT('',(36.483,453.457,18.3));
#1619 = PCURVE('',#201,#1620);
#1620 = DEFINITIONAL_REPRESENTATION('',(#1621),#1626);
#1621 = B_SPLINE_CURVE_WITH_KNOTS('',3,(#1622,#1623,#1624,#1625),
  .UNSPECIFIED.,.F.,.F.,(4,4),(0.,1.),.PIECEWISE_BEZIER_KNOTS.);
#1622 = CARTESIAN_POINT('',(-34.68133843562,222.97001556891));
#1623 = CARTESIAN_POINT('',(-35.29333843562,224.08801556891));
#1624 = CARTESIAN_POINT('',(-35.97733843562,225.72601556891));
#1625 = CARTESIAN_POINT('',(-36.48333843562,226.91701556891));
#1626 = ( GEOMETRIC_REPRESENTATION_CONTEXT(2) 
PARAMETRIC_REPRESENTATION_CONTEXT() REPRESENTATION_CONTEXT('2D SPACE',''
  ) );
#1627 = PCURVE('',#1628,#1636);
#1628 = SURFACE_OF_LINEAR_EXTRUSION('',#1629,#1634);
#1629 = B_SPLINE_CURVE_WITH_KNOTS('',3,(#1630,#1631,#1632,#1633),
  .UNSPECIFIED.,.F.,.F.,(4,4),(0.,1.),.PIECEWISE_BEZIER_KNOTS.);
#1630 = CARTESIAN_POINT('',(34.681,449.51,0.));
#1631 = CARTESIAN_POINT('',(35.293,450.628,0.));
#1632 = CARTESIAN_POINT('',(35.977,452.266,0.));
#1633 = CARTESIAN_POINT('',(36.483,453.457,0.));
#1634 = VECTOR('',#1635,1.);
#1635 = DIRECTION('',(0.,0.,-1.));
#1636 = DEFINITIONAL_REPRESENTATION('',(#1637),#1641);
#1637 = LINE('',#1638,#1639);
#1638 = CARTESIAN_POINT('',(0.,-18.3));
#1639 = VECTOR('',#1640,1.);
#1640 = DIRECTION('',(1.,0.));
#1641 = ( GEOMETRIC_REPRESENTATION_CONTEXT(2) 
PARAMETRIC_REPRESENTATION_CONTEXT() REPRESENTATION_CONTEXT('2D SPACE',''
  ) );
#1642 = ORIENTED_EDGE('',*,*,#1643,.T.);
#1643 = EDGE_CURVE('',#1611,#1644,#1646,.T.);
#1644 = VERTEX_POINT('',#1645);
#1645 = CARTESIAN_POINT('',(60.654,453.457,18.3));
#1646 = SURFACE_CURVE('',#1647,(#1651,#1658),.PCURVE_S1.);
#1647 = LINE('',#1648,#1649);
#1648 = CARTESIAN_POINT('',(36.483,453.457,18.3));
#1649 = VECTOR('',#1650,1.);
#1650 = DIRECTION('',(1.,0.,0.));
#1651 = PCURVE('',#201,#1652);
#1652 = DEFINITIONAL_REPRESENTATION('',(#1653),#1657);
#1653 = LINE('',#1654,#1655);
#1654 = CARTESIAN_POINT('',(-36.48333843562,226.91701556891));
#1655 = VECTOR('',#1656,1.);
#1656 = DIRECTION('',(-1.,0.));
#1657 = ( GEOMETRIC_REPRESENTATION_CONTEXT(2) 
PARAMETRIC_REPRESENTATION_CONTEXT() REPRESENTATION_CONTEXT('2D SPACE',''
  ) );
#1658 = PCURVE('',#1659,#1664);
#1659 = PLANE('',#1660);
#1660 = AXIS2_PLACEMENT_3D('',#1661,#1662,#1663);
#1661 = CARTESIAN_POINT('',(36.483,453.457,0.));
#1662 = DIRECTION('',(-0.,1.,0.));
#1663 = DIRECTION('',(1.,0.,0.));
#1664 = DEFINITIONAL_REPRESENTATION('',(#1665),#1669);
#1665 = LINE('',#1666,#1667);
#1666 = CARTESIAN_POINT('',(0.,-18.3));
#1667 = VECTOR('',#1668,1.);
#1668 = DIRECTION('',(1.,0.));
#1669 = ( GEOMETRIC_REPRESENTATION_CONTEXT(2) 
PARAMETRIC_REPRESENTATION_CONTEXT() REPRESENTATION_CONTEXT('2D SPACE',''
  ) );
#1670 = ORIENTED_EDGE('',*,*,#1671,.T.);
#1671 = EDGE_CURVE('',#1644,#1672,#1674,.T.);
#1672 = VERTEX_POINT('',#1673);
#1673 = CARTESIAN_POINT('',(60.654,304.147,18.3));
#1674 = SURFACE_CURVE('',#1675,(#1679,#1686),.PCURVE_S1.);
#1675 = LINE('',#1676,#1677);
#1676 = CARTESIAN_POINT('',(60.654,453.457,18.3));
#1677 = VECTOR('',#1678,1.);
#1678 = DIRECTION('',(0.,-1.,0.));
#1679 = PCURVE('',#201,#1680);
#1680 = DEFINITIONAL_REPRESENTATION('',(#1681),#1685);
#1681 = LINE('',#1682,#1683);
#1682 = CARTESIAN_POINT('',(-60.65433843562,226.91701556891));
#1683 = VECTOR('',#1684,1.);
#1684 = DIRECTION('',(0.,-1.));
#1685 = ( GEOMETRIC_REPRESENTATION_CONTEXT(2) 
PARAMETRIC_REPRESENTATION_CONTEXT() REPRESENTATION_CONTEXT('2D SPACE',''
  ) );
#1686 = PCURVE('',#1687,#1692);
#1687 = PLANE('',#1688);
#1688 = AXIS2_PLACEMENT_3D('',#1689,#1690,#1691);
#1689 = CARTESIAN_POINT('',(60.654,453.457,0.));
#1690 = DIRECTION('',(1.,0.,0.));
#1691 = DIRECTION('',(0.,-1.,0.));
#1692 = DEFINITIONAL_REPRESENTATION('',(#1693),#1697);
#1693 = LINE('',#1694,#1695);
#1694 = CARTESIAN_POINT('',(0.,-18.3));
#1695 = VECTOR('',#1696,1.);
#1696 = DIRECTION('',(1.,0.));
#1697 = ( GEOMETRIC_REPRESENTATION_CONTEXT(2) 
PARAMETRIC_REPRESENTATION_CONTEXT() REPRESENTATION_CONTEXT('2D SPACE',''
  ) );
#1698 = ORIENTED_EDGE('',*,*,#1699,.T.);
#1699 = EDGE_CURVE('',#1672,#1700,#1702,.T.);
#1700 = VERTEX_POINT('',#1701);
#1701 = CARTESIAN_POINT('',(152.401,256.12,18.3));
#1702 = SURFACE_CURVE('',#1703,(#1707,#1714),.PCURVE_S1.);
#1703 = LINE('',#1704,#1705);
#1704 = CARTESIAN_POINT('',(60.654,304.147,18.3));
#1705 = VECTOR('',#1706,1.);
#1706 = DIRECTION('',(0.885954358203,-0.463772439005,0.));
#1707 = PCURVE('',#201,#1708);
#1708 = DEFINITIONAL_REPRESENTATION('',(#1709),#1713);
#1709 = LINE('',#1710,#1711);
#1710 = CARTESIAN_POINT('',(-60.65433843562,77.607015568919));
#1711 = VECTOR('',#1712,1.);
#1712 = DIRECTION('',(-0.885954358203,-0.463772439005));
#1713 = ( GEOMETRIC_REPRESENTATION_CONTEXT(2) 
PARAMETRIC_REPRESENTATION_CONTEXT() REPRESENTATION_CONTEXT('2D SPACE',''
  ) );
#1714 = PCURVE('',#1715,#1720);
#1715 = PLANE('',#1716);
#1716 = AXIS2_PLACEMENT_3D('',#1717,#1718,#1719);
#1717 = CARTESIAN_POINT('',(60.654,304.147,0.));
#1718 = DIRECTION('',(0.463772439005,0.885954358203,0.));
#1719 = DIRECTION('',(0.885954358203,-0.463772439005,0.));
#1720 = DEFINITIONAL_REPRESENTATION('',(#1721),#1725);
#1721 = LINE('',#1722,#1723);
#1722 = CARTESIAN_POINT('',(0.,-18.3));
#1723 = VECTOR('',#1724,1.);
#1724 = DIRECTION('',(1.,0.));
#1725 = ( GEOMETRIC_REPRESENTATION_CONTEXT(2) 
PARAMETRIC_REPRESENTATION_CONTEXT() REPRESENTATION_CONTEXT('2D SPACE',''
  ) );
#1726 = ORIENTED_EDGE('',*,*,#1727,.T.);
#1727 = EDGE_CURVE('',#1700,#1728,#1730,.T.);
#1728 = VERTEX_POINT('',#1729);
#1729 = CARTESIAN_POINT('',(76.201,0.,18.3));
#1730 = SURFACE_CURVE('',#1731,(#1735,#1742),.PCURVE_S1.);
#1731 = LINE('',#1732,#1733);
#1732 = CARTESIAN_POINT('',(152.401,256.12,18.3));
#1733 = VECTOR('',#1734,1.);
#1734 = DIRECTION('',(-0.285163556052,-0.958478871076,0.));
#1735 = PCURVE('',#201,#1736);
#1736 = DEFINITIONAL_REPRESENTATION('',(#1737),#1741);
#1737 = LINE('',#1738,#1739);
#1738 = CARTESIAN_POINT('',(-152.4013384356,29.580015568919));
#1739 = VECTOR('',#1740,1.);
#1740 = DIRECTION('',(0.285163556052,-0.958478871076));
#1741 = ( GEOMETRIC_REPRESENTATION_CONTEXT(2) 
PARAMETRIC_REPRESENTATION_CONTEXT() REPRESENTATION_CONTEXT('2D SPACE',''
  ) );
#1742 = PCURVE('',#1743,#1748);
#1743 = PLANE('',#1744);
#1744 = AXIS2_PLACEMENT_3D('',#1745,#1746,#1747);
#1745 = CARTESIAN_POINT('',(152.401,256.12,0.));
#1746 = DIRECTION('',(0.958478871076,-0.285163556052,0.));
#1747 = DIRECTION('',(-0.285163556052,-0.958478871076,0.));
#1748 = DEFINITIONAL_REPRESENTATION('',(#1749),#1753);
#1749 = LINE('',#1750,#1751);
#1750 = CARTESIAN_POINT('',(0.,-18.3));
#1751 = VECTOR('',#1752,1.);
#1752 = DIRECTION('',(1.,0.));
#1753 = ( GEOMETRIC_REPRESENTATION_CONTEXT(2) 
PARAMETRIC_REPRESENTATION_CONTEXT() REPRESENTATION_CONTEXT('2D SPACE',''
  ) );
#1754 = ORIENTED_EDGE('',*,*,#1755,.T.);
#1755 = EDGE_CURVE('',#1728,#1756,#1758,.T.);
#1756 = VERTEX_POINT('',#1757);
#1757 = CARTESIAN_POINT('',(-76.199,0.,18.3));
#1758 = SURFACE_CURVE('',#1759,(#1763,#1770),.PCURVE_S1.);
#1759 = LINE('',#1760,#1761);
#1760 = CARTESIAN_POINT('',(76.201,0.,18.3));
#1761 = VECTOR('',#1762,1.);
#1762 = DIRECTION('',(-1.,0.,0.));
#1763 = PCURVE('',#201,#1764);
#1764 = DEFINITIONAL_REPRESENTATION('',(#1765),#1769);
#1765 = LINE('',#1766,#1767);
#1766 = CARTESIAN_POINT('',(-76.20133843562,-226.539984431));
#1767 = VECTOR('',#1768,1.);
#1768 = DIRECTION('',(1.,0.));
#1769 = ( GEOMETRIC_REPRESENTATION_CONTEXT(2) 
PARAMETRIC_REPRESENTATION_CONTEXT() REPRESENTATION_CONTEXT('2D SPACE',''
  ) );
#1770 = PCURVE('',#1771,#1776);
#1771 = PLANE('',#1772);
#1772 = AXIS2_PLACEMENT_3D('',#1773,#1774,#1775);
#1773 = CARTESIAN_POINT('',(76.201,0.,0.));
#1774 = DIRECTION('',(-0.,-1.,-0.));
#1775 = DIRECTION('',(-1.,0.,0.));
#1776 = DEFINITIONAL_REPRESENTATION('',(#1777),#1781);
#1777 = LINE('',#1778,#1779);
#1778 = CARTESIAN_POINT('',(0.,-18.3));
#1779 = VECTOR('',#1780,1.);
#1780 = DIRECTION('',(1.,0.));
#1781 = ( GEOMETRIC_REPRESENTATION_CONTEXT(2) 
PARAMETRIC_REPRESENTATION_CONTEXT() REPRESENTATION_CONTEXT('2D SPACE',''
  ) );
#1782 = ORIENTED_EDGE('',*,*,#1783,.T.);
#1783 = EDGE_CURVE('',#1756,#1784,#1786,.T.);
#1784 = VERTEX_POINT('',#1785);
#1785 = CARTESIAN_POINT('',(-152.401,256.155,18.3));
#1786 = SURFACE_CURVE('',#1787,(#1791,#1798),.PCURVE_S1.);
#1787 = LINE('',#1788,#1789);
#1788 = CARTESIAN_POINT('',(-76.199,0.,18.3));
#1789 = VECTOR('',#1790,1.);
#1790 = DIRECTION('',(-0.285134635535,0.958487474941,0.));
#1791 = PCURVE('',#201,#1792);
#1792 = DEFINITIONAL_REPRESENTATION('',(#1793),#1797);
#1793 = LINE('',#1794,#1795);
#1794 = CARTESIAN_POINT('',(76.198661564376,-226.539984431));
#1795 = VECTOR('',#1796,1.);
#1796 = DIRECTION('',(0.285134635535,0.958487474941));
#1797 = ( GEOMETRIC_REPRESENTATION_CONTEXT(2) 
PARAMETRIC_REPRESENTATION_CONTEXT() REPRESENTATION_CONTEXT('2D SPACE',''
  ) );
#1798 = PCURVE('',#1799,#1804);
#1799 = PLANE('',#1800);
#1800 = AXIS2_PLACEMENT_3D('',#1801,#1802,#1803);
#1801 = CARTESIAN_POINT('',(-76.199,0.,0.));
#1802 = DIRECTION('',(-0.958487474941,-0.285134635535,-0.));
#1803 = DIRECTION('',(-0.285134635535,0.958487474941,0.));
#1804 = DEFINITIONAL_REPRESENTATION('',(#1805),#1809);
#1805 = LINE('',#1806,#1807);
#1806 = CARTESIAN_POINT('',(0.,-18.3));
#1807 = VECTOR('',#1808,1.);
#1808 = DIRECTION('',(1.,0.));
#1809 = ( GEOMETRIC_REPRESENTATION_CONTEXT(2) 
PARAMETRIC_REPRESENTATION_CONTEXT() REPRESENTATION_CONTEXT('2D SPACE',''
  ) );
#1810 = ORIENTED_EDGE('',*,*,#1811,.T.);
#1811 = EDGE_CURVE('',#1784,#1812,#1814,.T.);
#1812 = VERTEX_POINT('',#1813);
#1813 = CARTESIAN_POINT('',(-60.654,304.182,18.3));
#1814 = SURFACE_CURVE('',#1815,(#1819,#1826),.PCURVE_S1.);
#1815 = LINE('',#1816,#1817);
#1816 = CARTESIAN_POINT('',(-152.401,256.155,18.3));
#1817 = VECTOR('',#1818,1.);
#1818 = DIRECTION('',(0.885954358203,0.463772439005,0.));
#1819 = PCURVE('',#201,#1820);
#1820 = DEFINITIONAL_REPRESENTATION('',(#1821),#1825);
#1821 = LINE('',#1822,#1823);
#1822 = CARTESIAN_POINT('',(152.40066156437,29.615015568919));
#1823 = VECTOR('',#1824,1.);
#1824 = DIRECTION('',(-0.885954358203,0.463772439005));
#1825 = ( GEOMETRIC_REPRESENTATION_CONTEXT(2) 
PARAMETRIC_REPRESENTATION_CONTEXT() REPRESENTATION_CONTEXT('2D SPACE',''
  ) );
#1826 = PCURVE('',#1827,#1832);
#1827 = PLANE('',#1828);
#1828 = AXIS2_PLACEMENT_3D('',#1829,#1830,#1831);
#1829 = CARTESIAN_POINT('',(-152.401,256.155,0.));
#1830 = DIRECTION('',(-0.463772439005,0.885954358203,0.));
#1831 = DIRECTION('',(0.885954358203,0.463772439005,0.));
#1832 = DEFINITIONAL_REPRESENTATION('',(#1833),#1837);
#1833 = LINE('',#1834,#1835);
#1834 = CARTESIAN_POINT('',(0.,-18.3));
#1835 = VECTOR('',#1836,1.);
#1836 = DIRECTION('',(1.,0.));
#1837 = ( GEOMETRIC_REPRESENTATION_CONTEXT(2) 
PARAMETRIC_REPRESENTATION_CONTEXT() REPRESENTATION_CONTEXT('2D SPACE',''
  ) );
#1838 = ORIENTED_EDGE('',*,*,#1839,.T.);
#1839 = EDGE_CURVE('',#1812,#1840,#1842,.T.);
#1840 = VERTEX_POINT('',#1841);
#1841 = CARTESIAN_POINT('',(-60.654,453.457,18.3));
#1842 = SURFACE_CURVE('',#1843,(#1847,#1854),.PCURVE_S1.);
#1843 = LINE('',#1844,#1845);
#1844 = CARTESIAN_POINT('',(-60.654,304.182,18.3));
#1845 = VECTOR('',#1846,1.);
#1846 = DIRECTION('',(0.,1.,0.));
#1847 = PCURVE('',#201,#1848);
#1848 = DEFINITIONAL_REPRESENTATION('',(#1849),#1853);
#1849 = LINE('',#1850,#1851);
#1850 = CARTESIAN_POINT('',(60.653661564376,77.642015568919));
#1851 = VECTOR('',#1852,1.);
#1852 = DIRECTION('',(0.,1.));
#1853 = ( GEOMETRIC_REPRESENTATION_CONTEXT(2) 
PARAMETRIC_REPRESENTATION_CONTEXT() REPRESENTATION_CONTEXT('2D SPACE',''
  ) );
#1854 = PCURVE('',#1855,#1860);
#1855 = PLANE('',#1856);
#1856 = AXIS2_PLACEMENT_3D('',#1857,#1858,#1859);
#1857 = CARTESIAN_POINT('',(-60.654,304.182,0.));
#1858 = DIRECTION('',(-1.,0.,0.));
#1859 = DIRECTION('',(0.,1.,0.));
#1860 = DEFINITIONAL_REPRESENTATION('',(#1861),#1865);
#1861 = LINE('',#1862,#1863);
#1862 = CARTESIAN_POINT('',(0.,-18.3));
#1863 = VECTOR('',#1864,1.);
#1864 = DIRECTION('',(1.,0.));
#1865 = ( GEOMETRIC_REPRESENTATION_CONTEXT(2) 
PARAMETRIC_REPRESENTATION_CONTEXT() REPRESENTATION_CONTEXT('2D SPACE',''
  ) );
#1866 = ORIENTED_EDGE('',*,*,#1867,.T.);
#1867 = EDGE_CURVE('',#1840,#157,#1868,.T.);
#1868 = SURFACE_CURVE('',#1869,(#1873,#1880),.PCURVE_S1.);
#1869 = LINE('',#1870,#1871);
#1870 = CARTESIAN_POINT('',(-60.654,453.457,18.3));
#1871 = VECTOR('',#1872,1.);
#1872 = DIRECTION('',(1.,0.,0.));
#1873 = PCURVE('',#201,#1874);
#1874 = DEFINITIONAL_REPRESENTATION('',(#1875),#1879);
#1875 = LINE('',#1876,#1877);
#1876 = CARTESIAN_POINT('',(60.653661564376,226.91701556891));
#1877 = VECTOR('',#1878,1.);
#1878 = DIRECTION('',(-1.,0.));
#1879 = ( GEOMETRIC_REPRESENTATION_CONTEXT(2) 
PARAMETRIC_REPRESENTATION_CONTEXT() REPRESENTATION_CONTEXT('2D SPACE',''
  ) );
#1880 = PCURVE('',#172,#1881);
#1881 = DEFINITIONAL_REPRESENTATION('',(#1882),#1886);
#1882 = LINE('',#1883,#1884);
#1883 = CARTESIAN_POINT('',(0.,-18.3));
#1884 = VECTOR('',#1885,1.);
#1885 = DIRECTION('',(1.,0.));
#1886 = ( GEOMETRIC_REPRESENTATION_CONTEXT(2) 
PARAMETRIC_REPRESENTATION_CONTEXT() REPRESENTATION_CONTEXT('2D SPACE',''
  ) );
#1887 = FACE_BOUND('',#1888,.F.);
#1888 = EDGE_LOOP('',(#1889));
#1889 = ORIENTED_EDGE('',*,*,#1890,.T.);
#1890 = EDGE_CURVE('',#1891,#1891,#1893,.T.);
#1891 = VERTEX_POINT('',#1892);
#1892 = CARTESIAN_POINT('',(55.625,110.26483895358,18.3));
#1893 = SURFACE_CURVE('',#1894,(#1899,#1910),.PCURVE_S1.);
#1894 = CIRCLE('',#1895,3.25);
#1895 = AXIS2_PLACEMENT_3D('',#1896,#1897,#1898);
#1896 = CARTESIAN_POINT('',(52.375,110.26483895358,18.3));
#1897 = DIRECTION('',(0.,0.,1.));
#1898 = DIRECTION('',(1.,0.,-0.));
#1899 = PCURVE('',#201,#1900);
#1900 = DEFINITIONAL_REPRESENTATION('',(#1901),#1909);
#1901 = ( BOUNDED_CURVE() B_SPLINE_CURVE(2,(#1902,#1903,#1904,#1905,
#1906,#1907,#1908),.UNSPECIFIED.,.T.,.F.) B_SPLINE_CURVE_WITH_KNOTS((1,2
    ,2,2,2,1),(-2.094395102393,0.,2.094395102393,4.188790204786,
6.28318530718,8.377580409573),.UNSPECIFIED.) CURVE() 
GEOMETRIC_REPRESENTATION_ITEM() RATIONAL_B_SPLINE_CURVE((1.,0.5,1.,0.5,
1.,0.5,1.)) REPRESENTATION_ITEM('') );
#1902 = CARTESIAN_POINT('',(-55.62533843562,-116.2751454775));
#1903 = CARTESIAN_POINT('',(-55.62533843562,-110.6459803529));
#1904 = CARTESIAN_POINT('',(-50.75033843562,-113.4605629152));
#1905 = CARTESIAN_POINT('',(-45.87533843562,-116.2751454775));
#1906 = CARTESIAN_POINT('',(-50.75033843562,-119.0897280398));
#1907 = CARTESIAN_POINT('',(-55.62533843562,-121.904310602));
#1908 = CARTESIAN_POINT('',(-55.62533843562,-116.2751454775));
#1909 = ( GEOMETRIC_REPRESENTATION_CONTEXT(2) 
PARAMETRIC_REPRESENTATION_CONTEXT() REPRESENTATION_CONTEXT('2D SPACE',''
  ) );
#1910 = PCURVE('',#1911,#1916);
#1911 = CYLINDRICAL_SURFACE('',#1912,3.25);
#1912 = AXIS2_PLACEMENT_3D('',#1913,#1914,#1915);
#1913 = CARTESIAN_POINT('',(52.375,110.26483895358,16.3));
#1914 = DIRECTION('',(0.,0.,1.));
#1915 = DIRECTION('',(1.,0.,-0.));
#1916 = DEFINITIONAL_REPRESENTATION('',(#1917),#1921);
#1917 = LINE('',#1918,#1919);
#1918 = CARTESIAN_POINT('',(0.,2.));
#1919 = VECTOR('',#1920,1.);
#1920 = DIRECTION('',(1.,0.));
#1921 = ( GEOMETRIC_REPRESENTATION_CONTEXT(2) 
PARAMETRIC_REPRESENTATION_CONTEXT() REPRESENTATION_CONTEXT('2D SPACE',''
  ) );
#1922 = FACE_BOUND('',#1923,.F.);
#1923 = EDGE_LOOP('',(#1924));
#1924 = ORIENTED_EDGE('',*,*,#1925,.T.);
#1925 = EDGE_CURVE('',#1926,#1926,#1928,.T.);
#1926 = VERTEX_POINT('',#1927);
#1927 = CARTESIAN_POINT('',(108.,200.981,18.3));
#1928 = SURFACE_CURVE('',#1929,(#1934,#1945),.PCURVE_S1.);
#1929 = CIRCLE('',#1930,3.25);
#1930 = AXIS2_PLACEMENT_3D('',#1931,#1932,#1933);
#1931 = CARTESIAN_POINT('',(104.75,200.981,18.3));
#1932 = DIRECTION('',(0.,0.,1.));
#1933 = DIRECTION('',(1.,0.,-0.));
#1934 = PCURVE('',#201,#1935);
#1935 = DEFINITIONAL_REPRESENTATION('',(#1936),#1944);
#1936 = ( BOUNDED_CURVE() B_SPLINE_CURVE(2,(#1937,#1938,#1939,#1940,
#1941,#1942,#1943),.UNSPECIFIED.,.T.,.F.) B_SPLINE_CURVE_WITH_KNOTS((1,2
    ,2,2,2,1),(-2.094395102393,0.,2.094395102393,4.188790204786,
6.28318530718,8.377580409573),.UNSPECIFIED.) CURVE() 
GEOMETRIC_REPRESENTATION_ITEM() RATIONAL_B_SPLINE_CURVE((1.,0.5,1.,0.5,
1.,0.5,1.)) REPRESENTATION_ITEM('') );
#1937 = CARTESIAN_POINT('',(-108.0003384356,-25.55898443108));
#1938 = CARTESIAN_POINT('',(-108.0003384356,-19.92981930648));
#1939 = CARTESIAN_POINT('',(-103.1253384356,-22.74440186878));
#1940 = CARTESIAN_POINT('',(-98.25033843562,-25.55898443108));
#1941 = CARTESIAN_POINT('',(-103.1253384356,-28.37356699338));
#1942 = CARTESIAN_POINT('',(-108.0003384356,-31.18814955567));
#1943 = CARTESIAN_POINT('',(-108.0003384356,-25.55898443108));
#1944 = ( GEOMETRIC_REPRESENTATION_CONTEXT(2) 
PARAMETRIC_REPRESENTATION_CONTEXT() REPRESENTATION_CONTEXT('2D SPACE',''
  ) );
#1945 = PCURVE('',#1946,#1951);
#1946 = CYLINDRICAL_SURFACE('',#1947,3.25);
#1947 = AXIS2_PLACEMENT_3D('',#1948,#1949,#1950);
#1948 = CARTESIAN_POINT('',(104.75,200.981,16.3));
#1949 = DIRECTION('',(0.,0.,1.));
#1950 = DIRECTION('',(1.,0.,-0.));
#1951 = DEFINITIONAL_REPRESENTATION('',(#1952),#1956);
#1952 = LINE('',#1953,#1954);
#1953 = CARTESIAN_POINT('',(0.,2.));
#1954 = VECTOR('',#1955,1.);
#1955 = DIRECTION('',(1.,0.));
#1956 = ( GEOMETRIC_REPRESENTATION_CONTEXT(2) 
PARAMETRIC_REPRESENTATION_CONTEXT() REPRESENTATION_CONTEXT('2D SPACE',''
  ) );
#1957 = FACE_BOUND('',#1958,.F.);
#1958 = EDGE_LOOP('',(#1959));
#1959 = ORIENTED_EDGE('',*,*,#1960,.T.);
#1960 = EDGE_CURVE('',#1961,#1961,#1963,.T.);
#1961 = VERTEX_POINT('',#1962);
#1962 = CARTESIAN_POINT('',(-49.125,110.26483895358,18.3));
#1963 = SURFACE_CURVE('',#1964,(#1969,#1980),.PCURVE_S1.);
#1964 = CIRCLE('',#1965,3.25);
#1965 = AXIS2_PLACEMENT_3D('',#1966,#1967,#1968);
#1966 = CARTESIAN_POINT('',(-52.375,110.26483895358,18.3));
#1967 = DIRECTION('',(0.,0.,1.));
#1968 = DIRECTION('',(1.,0.,-0.));
#1969 = PCURVE('',#201,#1970);
#1970 = DEFINITIONAL_REPRESENTATION('',(#1971),#1979);
#1971 = ( BOUNDED_CURVE() B_SPLINE_CURVE(2,(#1972,#1973,#1974,#1975,
#1976,#1977,#1978),.UNSPECIFIED.,.T.,.F.) B_SPLINE_CURVE_WITH_KNOTS((1,2
    ,2,2,2,1),(-2.094395102393,0.,2.094395102393,4.188790204786,
6.28318530718,8.377580409573),.UNSPECIFIED.) CURVE() 
GEOMETRIC_REPRESENTATION_ITEM() RATIONAL_B_SPLINE_CURVE((1.,0.5,1.,0.5,
1.,0.5,1.)) REPRESENTATION_ITEM('') );
#1972 = CARTESIAN_POINT('',(49.124661564376,-116.2751454775));
#1973 = CARTESIAN_POINT('',(49.124661564376,-110.6459803529));
#1974 = CARTESIAN_POINT('',(53.999661564376,-113.4605629152));
#1975 = CARTESIAN_POINT('',(58.874661564376,-116.2751454775));
#1976 = CARTESIAN_POINT('',(53.999661564376,-119.0897280398));
#1977 = CARTESIAN_POINT('',(49.124661564376,-121.904310602));
#1978 = CARTESIAN_POINT('',(49.124661564376,-116.2751454775));
#1979 = ( GEOMETRIC_REPRESENTATION_CONTEXT(2) 
PARAMETRIC_REPRESENTATION_CONTEXT() REPRESENTATION_CONTEXT('2D SPACE',''
  ) );
#1980 = PCURVE('',#1981,#1986);
#1981 = CYLINDRICAL_SURFACE('',#1982,3.25);
#1982 = AXIS2_PLACEMENT_3D('',#1983,#1984,#1985);
#1983 = CARTESIAN_POINT('',(-52.375,110.26483895358,16.3));
#1984 = DIRECTION('',(0.,0.,1.));
#1985 = DIRECTION('',(1.,0.,-0.));
#1986 = DEFINITIONAL_REPRESENTATION('',(#1987),#1991);
#1987 = LINE('',#1988,#1989);
#1988 = CARTESIAN_POINT('',(0.,2.));
#1989 = VECTOR('',#1990,1.);
#1990 = DIRECTION('',(1.,0.));
#1991 = ( GEOMETRIC_REPRESENTATION_CONTEXT(2) 
PARAMETRIC_REPRESENTATION_CONTEXT() REPRESENTATION_CONTEXT('2D SPACE',''
  ) );
#1992 = FACE_BOUND('',#1993,.F.);
#1993 = EDGE_LOOP('',(#1994));
#1994 = ORIENTED_EDGE('',*,*,#1995,.T.);
#1995 = EDGE_CURVE('',#1996,#1996,#1998,.T.);
#1996 = VERTEX_POINT('',#1997);
#1997 = CARTESIAN_POINT('',(95.,200.981,18.3));
#1998 = SURFACE_CURVE('',#1999,(#2004,#2015),.PCURVE_S1.);
#1999 = CIRCLE('',#2000,95.);
#2000 = AXIS2_PLACEMENT_3D('',#2001,#2002,#2003);
#2001 = CARTESIAN_POINT('',(0.,200.981,18.3));
#2002 = DIRECTION('',(0.,0.,1.));
#2003 = DIRECTION('',(1.,0.,0.));
#2004 = PCURVE('',#201,#2005);
#2005 = DEFINITIONAL_REPRESENTATION('',(#2006),#2014);
#2006 = ( BOUNDED_CURVE() B_SPLINE_CURVE(2,(#2007,#2008,#2009,#2010,
#2011,#2012,#2013),.UNSPECIFIED.,.T.,.F.) B_SPLINE_CURVE_WITH_KNOTS((1,2
    ,2,2,2,1),(-2.094395102393,0.,2.094395102393,4.188790204786,
6.28318530718,8.377580409573),.UNSPECIFIED.) CURVE() 
GEOMETRIC_REPRESENTATION_ITEM() RATIONAL_B_SPLINE_CURVE((1.,0.5,1.,0.5,
1.,0.5,1.)) REPRESENTATION_ITEM('') );
#2007 = CARTESIAN_POINT('',(-95.00033843562,-25.55898443108));
#2008 = CARTESIAN_POINT('',(-95.00033843562,138.98584228796));
#2009 = CARTESIAN_POINT('',(47.499661564376,56.713428928441));
#2010 = CARTESIAN_POINT('',(189.99966156437,-25.55898443108));
#2011 = CARTESIAN_POINT('',(47.499661564376,-107.8313977906));
#2012 = CARTESIAN_POINT('',(-95.00033843562,-190.1038111501));
#2013 = CARTESIAN_POINT('',(-95.00033843562,-25.55898443108));
#2014 = ( GEOMETRIC_REPRESENTATION_CONTEXT(2) 
PARAMETRIC_REPRESENTATION_CONTEXT() REPRESENTATION_CONTEXT('2D SPACE',''
  ) );
#2015 = PCURVE('',#2016,#2021);
#2016 = CYLINDRICAL_SURFACE('',#2017,95.);
#2017 = AXIS2_PLACEMENT_3D('',#2018,#2019,#2020);
#2018 = CARTESIAN_POINT('',(0.,200.981,0.));
#2019 = DIRECTION('',(-0.,-0.,-1.));
#2020 = DIRECTION('',(1.,0.,0.));
#2021 = DEFINITIONAL_REPRESENTATION('',(#2022),#2026);
#2022 = LINE('',#2023,#2024);
#2023 = CARTESIAN_POINT('',(-0.,-18.3));
#2024 = VECTOR('',#2025,1.);
#2025 = DIRECTION('',(-1.,0.));
#2026 = ( GEOMETRIC_REPRESENTATION_CONTEXT(2) 
PARAMETRIC_REPRESENTATION_CONTEXT() REPRESENTATION_CONTEXT('2D SPACE',''
  ) );
#2027 = FACE_BOUND('',#2028,.F.);
#2028 = EDGE_LOOP('',(#2029));
#2029 = ORIENTED_EDGE('',*,*,#2030,.T.);
#2030 = EDGE_CURVE('',#2031,#2031,#2033,.T.);
#2031 = VERTEX_POINT('',#2032);
#2032 = CARTESIAN_POINT('',(-101.5,200.981,18.3));
#2033 = SURFACE_CURVE('',#2034,(#2039,#2050),.PCURVE_S1.);
#2034 = CIRCLE('',#2035,3.25);
#2035 = AXIS2_PLACEMENT_3D('',#2036,#2037,#2038);
#2036 = CARTESIAN_POINT('',(-104.75,200.981,18.3));
#2037 = DIRECTION('',(0.,0.,1.));
#2038 = DIRECTION('',(1.,0.,-0.));
#2039 = PCURVE('',#201,#2040);
#2040 = DEFINITIONAL_REPRESENTATION('',(#2041),#2049);
#2041 = ( BOUNDED_CURVE() B_SPLINE_CURVE(2,(#2042,#2043,#2044,#2045,
#2046,#2047,#2048),.UNSPECIFIED.,.T.,.F.) B_SPLINE_CURVE_WITH_KNOTS((1,2
    ,2,2,2,1),(-2.094395102393,0.,2.094395102393,4.188790204786,
6.28318530718,8.377580409573),.UNSPECIFIED.) CURVE() 
GEOMETRIC_REPRESENTATION_ITEM() RATIONAL_B_SPLINE_CURVE((1.,0.5,1.,0.5,
1.,0.5,1.)) REPRESENTATION_ITEM('') );
#2042 = CARTESIAN_POINT('',(101.49966156437,-25.55898443108));
#2043 = CARTESIAN_POINT('',(101.49966156437,-19.92981930648));
#2044 = CARTESIAN_POINT('',(106.37466156437,-22.74440186878));
#2045 = CARTESIAN_POINT('',(111.24966156437,-25.55898443108));
#2046 = CARTESIAN_POINT('',(106.37466156437,-28.37356699338));
#2047 = CARTESIAN_POINT('',(101.49966156437,-31.18814955567));
#2048 = CARTESIAN_POINT('',(101.49966156437,-25.55898443108));
#2049 = ( GEOMETRIC_REPRESENTATION_CONTEXT(2) 
PARAMETRIC_REPRESENTATION_CONTEXT() REPRESENTATION_CONTEXT('2D SPACE',''
  ) );
#2050 = PCURVE('',#2051,#2056);
#2051 = CYLINDRICAL_SURFACE('',#2052,3.25);
#2052 = AXIS2_PLACEMENT_3D('',#2053,#2054,#2055);
#2053 = CARTESIAN_POINT('',(-104.75,200.981,16.3));
#2054 = DIRECTION('',(0.,0.,1.));
#2055 = DIRECTION('',(1.,0.,-0.));
#2056 = DEFINITIONAL_REPRESENTATION('',(#2057),#2061);
#2057 = LINE('',#2058,#2059);
#2058 = CARTESIAN_POINT('',(0.,2.));
#2059 = VECTOR('',#2060,1.);
#2060 = DIRECTION('',(1.,0.));
#2061 = ( GEOMETRIC_REPRESENTATION_CONTEXT(2) 
PARAMETRIC_REPRESENTATION_CONTEXT() REPRESENTATION_CONTEXT('2D SPACE',''
  ) );
#2062 = FACE_BOUND('',#2063,.F.);
#2063 = EDGE_LOOP('',(#2064));
#2064 = ORIENTED_EDGE('',*,*,#2065,.T.);
#2065 = EDGE_CURVE('',#2066,#2066,#2068,.T.);
#2066 = VERTEX_POINT('',#2067);
#2067 = CARTESIAN_POINT('',(55.625,291.69716104642,18.3));
#2068 = SURFACE_CURVE('',#2069,(#2074,#2085),.PCURVE_S1.);
#2069 = CIRCLE('',#2070,3.25);
#2070 = AXIS2_PLACEMENT_3D('',#2071,#2072,#2073);
#2071 = CARTESIAN_POINT('',(52.375,291.69716104642,18.3));
#2072 = DIRECTION('',(0.,0.,1.));
#2073 = DIRECTION('',(1.,0.,-0.));
#2074 = PCURVE('',#201,#2075);
#2075 = DEFINITIONAL_REPRESENTATION('',(#2076),#2084);
#2076 = ( BOUNDED_CURVE() B_SPLINE_CURVE(2,(#2077,#2078,#2079,#2080,
#2081,#2082,#2083),.UNSPECIFIED.,.T.,.F.) B_SPLINE_CURVE_WITH_KNOTS((1,2
    ,2,2,2,1),(-2.094395102393,0.,2.094395102393,4.188790204786,
6.28318530718,8.377580409573),.UNSPECIFIED.) CURVE() 
GEOMETRIC_REPRESENTATION_ITEM() RATIONAL_B_SPLINE_CURVE((1.,0.5,1.,0.5,
1.,0.5,1.)) REPRESENTATION_ITEM('') );
#2077 = CARTESIAN_POINT('',(-55.62533843562,65.157176615339));
#2078 = CARTESIAN_POINT('',(-55.62533843562,70.786341739938));
#2079 = CARTESIAN_POINT('',(-50.75033843562,67.971759177639));
#2080 = CARTESIAN_POINT('',(-45.87533843562,65.157176615339));
#2081 = CARTESIAN_POINT('',(-50.75033843562,62.34259405304));
#2082 = CARTESIAN_POINT('',(-55.62533843562,59.52801149074));
#2083 = CARTESIAN_POINT('',(-55.62533843562,65.157176615339));
#2084 = ( GEOMETRIC_REPRESENTATION_CONTEXT(2) 
PARAMETRIC_REPRESENTATION_CONTEXT() REPRESENTATION_CONTEXT('2D SPACE',''
  ) );
#2085 = PCURVE('',#2086,#2091);
#2086 = CYLINDRICAL_SURFACE('',#2087,3.25);
#2087 = AXIS2_PLACEMENT_3D('',#2088,#2089,#2090);
#2088 = CARTESIAN_POINT('',(52.375,291.69716104642,16.3));
#2089 = DIRECTION('',(0.,0.,1.));
#2090 = DIRECTION('',(1.,0.,-0.));
#2091 = DEFINITIONAL_REPRESENTATION('',(#2092),#2096);
#2092 = LINE('',#2093,#2094);
#2093 = CARTESIAN_POINT('',(0.,2.));
#2094 = VECTOR('',#2095,1.);
#2095 = DIRECTION('',(1.,0.));
#2096 = ( GEOMETRIC_REPRESENTATION_CONTEXT(2) 
PARAMETRIC_REPRESENTATION_CONTEXT() REPRESENTATION_CONTEXT('2D SPACE',''
  ) );
#2097 = FACE_BOUND('',#2098,.F.);
#2098 = EDGE_LOOP('',(#2099));
#2099 = ORIENTED_EDGE('',*,*,#2100,.T.);
#2100 = EDGE_CURVE('',#2101,#2101,#2103,.T.);
#2101 = VERTEX_POINT('',#2102);
#2102 = CARTESIAN_POINT('',(40.250152303,342.36711292556,18.3));
#2103 = SURFACE_CURVE('',#2104,(#2109,#2120),.PCURVE_S1.);
#2104 = CIRCLE('',#2105,2.3);
#2105 = AXIS2_PLACEMENT_3D('',#2106,#2107,#2108);
#2106 = CARTESIAN_POINT('',(37.950152303,342.36711292556,18.3));
#2107 = DIRECTION('',(0.,0.,1.));
#2108 = DIRECTION('',(1.,0.,-0.));
#2109 = PCURVE('',#201,#2110);
#2110 = DEFINITIONAL_REPRESENTATION('',(#2111),#2119);
#2111 = ( BOUNDED_CURVE() B_SPLINE_CURVE(2,(#2112,#2113,#2114,#2115,
#2116,#2117,#2118),.UNSPECIFIED.,.T.,.F.) B_SPLINE_CURVE_WITH_KNOTS((1,2
    ,2,2,2,1),(-2.094395102393,0.,2.094395102393,4.188790204786,
6.28318530718,8.377580409573),.UNSPECIFIED.) CURVE() 
GEOMETRIC_REPRESENTATION_ITEM() RATIONAL_B_SPLINE_CURVE((1.,0.5,1.,0.5,
1.,0.5,1.)) REPRESENTATION_ITEM('') );
#2112 = CARTESIAN_POINT('',(-40.25049073862,115.82712849448));
#2113 = CARTESIAN_POINT('',(-40.25049073862,119.81084535189));
#2114 = CARTESIAN_POINT('',(-36.80049073862,117.81898692318));
#2115 = CARTESIAN_POINT('',(-33.35049073862,115.82712849448));
#2116 = CARTESIAN_POINT('',(-36.80049073862,113.83527006577));
#2117 = CARTESIAN_POINT('',(-40.25049073862,111.84341163707));
#2118 = CARTESIAN_POINT('',(-40.25049073862,115.82712849448));
#2119 = ( GEOMETRIC_REPRESENTATION_CONTEXT(2) 
PARAMETRIC_REPRESENTATION_CONTEXT() REPRESENTATION_CONTEXT('2D SPACE',''
  ) );
#2120 = PCURVE('',#2121,#2126);
#2121 = CYLINDRICAL_SURFACE('',#2122,2.3);
#2122 = AXIS2_PLACEMENT_3D('',#2123,#2124,#2125);
#2123 = CARTESIAN_POINT('',(37.950152303,342.36711292556,14.3));
#2124 = DIRECTION('',(0.,0.,1.));
#2125 = DIRECTION('',(1.,0.,-0.));
#2126 = DEFINITIONAL_REPRESENTATION('',(#2127),#2131);
#2127 = LINE('',#2128,#2129);
#2128 = CARTESIAN_POINT('',(0.,4.));
#2129 = VECTOR('',#2130,1.);
#2130 = DIRECTION('',(1.,0.));
#2131 = ( GEOMETRIC_REPRESENTATION_CONTEXT(2) 
PARAMETRIC_REPRESENTATION_CONTEXT() REPRESENTATION_CONTEXT('2D SPACE',''
  ) );
#2132 = FACE_BOUND('',#2133,.F.);
#2133 = EDGE_LOOP('',(#2134));
#2134 = ORIENTED_EDGE('',*,*,#2135,.T.);
#2135 = EDGE_CURVE('',#2136,#2136,#2138,.T.);
#2136 = VERTEX_POINT('',#2137);
#2137 = CARTESIAN_POINT('',(34.76,436.383,18.3));
#2138 = SURFACE_CURVE('',#2139,(#2144,#2155),.PCURVE_S1.);
#2139 = CIRCLE('',#2140,2.2);
#2140 = AXIS2_PLACEMENT_3D('',#2141,#2142,#2143);
#2141 = CARTESIAN_POINT('',(32.56,436.383,18.3));
#2142 = DIRECTION('',(0.,0.,1.));
#2143 = DIRECTION('',(1.,0.,0.));
#2144 = PCURVE('',#201,#2145);
#2145 = DEFINITIONAL_REPRESENTATION('',(#2146),#2154);
#2146 = ( BOUNDED_CURVE() B_SPLINE_CURVE(2,(#2147,#2148,#2149,#2150,
#2151,#2152,#2153),.UNSPECIFIED.,.T.,.F.) B_SPLINE_CURVE_WITH_KNOTS((1,2
    ,2,2,2,1),(-2.094395102393,0.,2.094395102393,4.188790204786,
6.28318530718,8.377580409573),.UNSPECIFIED.) CURVE() 
GEOMETRIC_REPRESENTATION_ITEM() RATIONAL_B_SPLINE_CURVE((1.,0.5,1.,0.5,
1.,0.5,1.)) REPRESENTATION_ITEM('') );
#2147 = CARTESIAN_POINT('',(-34.76033843562,209.84301556891));
#2148 = CARTESIAN_POINT('',(-34.76033843562,213.65352734557));
#2149 = CARTESIAN_POINT('',(-31.46033843562,211.74827145724));
#2150 = CARTESIAN_POINT('',(-28.16033843562,209.84301556891));
#2151 = CARTESIAN_POINT('',(-31.46033843562,207.93775968059));
#2152 = CARTESIAN_POINT('',(-34.76033843562,206.03250379226));
#2153 = CARTESIAN_POINT('',(-34.76033843562,209.84301556891));
#2154 = ( GEOMETRIC_REPRESENTATION_CONTEXT(2) 
PARAMETRIC_REPRESENTATION_CONTEXT() REPRESENTATION_CONTEXT('2D SPACE',''
  ) );
#2155 = PCURVE('',#2156,#2161);
#2156 = CYLINDRICAL_SURFACE('',#2157,2.2);
#2157 = AXIS2_PLACEMENT_3D('',#2158,#2159,#2160);
#2158 = CARTESIAN_POINT('',(32.56,436.383,0.));
#2159 = DIRECTION('',(-0.,-0.,-1.));
#2160 = DIRECTION('',(1.,0.,0.));
#2161 = DEFINITIONAL_REPRESENTATION('',(#2162),#2166);
#2162 = LINE('',#2163,#2164);
#2163 = CARTESIAN_POINT('',(-0.,-18.3));
#2164 = VECTOR('',#2165,1.);
#2165 = DIRECTION('',(-1.,0.));
#2166 = ( GEOMETRIC_REPRESENTATION_CONTEXT(2) 
PARAMETRIC_REPRESENTATION_CONTEXT() REPRESENTATION_CONTEXT('2D SPACE',''
  ) );
#2167 = FACE_BOUND('',#2168,.F.);
#2168 = EDGE_LOOP('',(#2169));
#2169 = ORIENTED_EDGE('',*,*,#2170,.T.);
#2170 = EDGE_CURVE('',#2171,#2171,#2173,.T.);
#2171 = VERTEX_POINT('',#2172);
#2172 = CARTESIAN_POINT('',(26.013887074436,404.031152303,18.3));
#2173 = SURFACE_CURVE('',#2174,(#2179,#2190),.PCURVE_S1.);
#2174 = CIRCLE('',#2175,2.3);
#2175 = AXIS2_PLACEMENT_3D('',#2176,#2177,#2178);
#2176 = CARTESIAN_POINT('',(23.713887074436,404.031152303,18.3));
#2177 = DIRECTION('',(0.,0.,1.));
#2178 = DIRECTION('',(1.,0.,-0.));
#2179 = PCURVE('',#201,#2180);
#2180 = DEFINITIONAL_REPRESENTATION('',(#2181),#2189);
#2181 = ( BOUNDED_CURVE() B_SPLINE_CURVE(2,(#2182,#2183,#2184,#2185,
#2186,#2187,#2188),.UNSPECIFIED.,.T.,.F.) B_SPLINE_CURVE_WITH_KNOTS((1,2
    ,2,2,2,1),(-2.094395102393,0.,2.094395102393,4.188790204786,
6.28318530718,8.377580409573),.UNSPECIFIED.) CURVE() 
GEOMETRIC_REPRESENTATION_ITEM() RATIONAL_B_SPLINE_CURVE((1.,0.5,1.,0.5,
1.,0.5,1.)) REPRESENTATION_ITEM('') );
#2182 = CARTESIAN_POINT('',(-26.01422551006,177.49116787191));
#2183 = CARTESIAN_POINT('',(-26.01422551006,181.47488472932));
#2184 = CARTESIAN_POINT('',(-22.56422551006,179.48302630062));
#2185 = CARTESIAN_POINT('',(-19.11422551006,177.49116787191));
#2186 = CARTESIAN_POINT('',(-22.56422551006,175.49930944321));
#2187 = CARTESIAN_POINT('',(-26.01422551006,173.50745101451));
#2188 = CARTESIAN_POINT('',(-26.01422551006,177.49116787191));
#2189 = ( GEOMETRIC_REPRESENTATION_CONTEXT(2) 
PARAMETRIC_REPRESENTATION_CONTEXT() REPRESENTATION_CONTEXT('2D SPACE',''
  ) );
#2190 = PCURVE('',#2191,#2196);
#2191 = CYLINDRICAL_SURFACE('',#2192,2.3);
#2192 = AXIS2_PLACEMENT_3D('',#2193,#2194,#2195);
#2193 = CARTESIAN_POINT('',(23.713887074436,404.031152303,14.3));
#2194 = DIRECTION('',(0.,0.,1.));
#2195 = DIRECTION('',(1.,0.,-0.));
#2196 = DEFINITIONAL_REPRESENTATION('',(#2197),#2201);
#2197 = LINE('',#2198,#2199);
#2198 = CARTESIAN_POINT('',(0.,4.));
#2199 = VECTOR('',#2200,1.);
#2200 = DIRECTION('',(1.,0.));
#2201 = ( GEOMETRIC_REPRESENTATION_CONTEXT(2) 
PARAMETRIC_REPRESENTATION_CONTEXT() REPRESENTATION_CONTEXT('2D SPACE',''
  ) );
#2202 = FACE_BOUND('',#2203,.F.);
#2203 = EDGE_LOOP('',(#2204));
#2204 = ORIENTED_EDGE('',*,*,#2205,.T.);
#2205 = EDGE_CURVE('',#2206,#2206,#2208,.T.);
#2206 = VERTEX_POINT('',#2207);
#2207 = CARTESIAN_POINT('',(-49.125,291.69716104642,18.3));
#2208 = SURFACE_CURVE('',#2209,(#2214,#2225),.PCURVE_S1.);
#2209 = CIRCLE('',#2210,3.25);
#2210 = AXIS2_PLACEMENT_3D('',#2211,#2212,#2213);
#2211 = CARTESIAN_POINT('',(-52.375,291.69716104642,18.3));
#2212 = DIRECTION('',(0.,0.,1.));
#2213 = DIRECTION('',(1.,0.,-0.));
#2214 = PCURVE('',#201,#2215);
#2215 = DEFINITIONAL_REPRESENTATION('',(#2216),#2224);
#2216 = ( BOUNDED_CURVE() B_SPLINE_CURVE(2,(#2217,#2218,#2219,#2220,
#2221,#2222,#2223),.UNSPECIFIED.,.T.,.F.) B_SPLINE_CURVE_WITH_KNOTS((1,2
    ,2,2,2,1),(-2.094395102393,0.,2.094395102393,4.188790204786,
6.28318530718,8.377580409573),.UNSPECIFIED.) CURVE() 
GEOMETRIC_REPRESENTATION_ITEM() RATIONAL_B_SPLINE_CURVE((1.,0.5,1.,0.5,
1.,0.5,1.)) REPRESENTATION_ITEM('') );
#2217 = CARTESIAN_POINT('',(49.124661564376,65.157176615339));
#2218 = CARTESIAN_POINT('',(49.124661564376,70.786341739938));
#2219 = CARTESIAN_POINT('',(53.999661564376,67.971759177639));
#2220 = CARTESIAN_POINT('',(58.874661564376,65.157176615339));
#2221 = CARTESIAN_POINT('',(53.999661564376,62.34259405304));
#2222 = CARTESIAN_POINT('',(49.124661564376,59.528011490741));
#2223 = CARTESIAN_POINT('',(49.124661564376,65.157176615339));
#2224 = ( GEOMETRIC_REPRESENTATION_CONTEXT(2) 
PARAMETRIC_REPRESENTATION_CONTEXT() REPRESENTATION_CONTEXT('2D SPACE',''
  ) );
#2225 = PCURVE('',#2226,#2231);
#2226 = CYLINDRICAL_SURFACE('',#2227,3.25);
#2227 = AXIS2_PLACEMENT_3D('',#2228,#2229,#2230);
#2228 = CARTESIAN_POINT('',(-52.375,291.69716104642,16.3));
#2229 = DIRECTION('',(0.,0.,1.));
#2230 = DIRECTION('',(1.,0.,-0.));
#2231 = DEFINITIONAL_REPRESENTATION('',(#2232),#2236);
#2232 = LINE('',#2233,#2234);
#2233 = CARTESIAN_POINT('',(0.,2.));
#2234 = VECTOR('',#2235,1.);
#2235 = DIRECTION('',(1.,0.));
#2236 = ( GEOMETRIC_REPRESENTATION_CONTEXT(2) 
PARAMETRIC_REPRESENTATION_CONTEXT() REPRESENTATION_CONTEXT('2D SPACE',''
  ) );
#2237 = FACE_BOUND('',#2238,.F.);
#2238 = EDGE_LOOP('',(#2239));
#2239 = ORIENTED_EDGE('',*,*,#2240,.T.);
#2240 = EDGE_CURVE('',#2241,#2241,#2243,.T.);
#2241 = VERTEX_POINT('',#2242);
#2242 = CARTESIAN_POINT('',(-21.41388707443,328.130847697,18.3));
#2243 = SURFACE_CURVE('',#2244,(#2249,#2260),.PCURVE_S1.);
#2244 = CIRCLE('',#2245,2.3);
#2245 = AXIS2_PLACEMENT_3D('',#2246,#2247,#2248);
#2246 = CARTESIAN_POINT('',(-23.71388707443,328.130847697,18.3));
#2247 = DIRECTION('',(0.,0.,1.));
#2248 = DIRECTION('',(1.,0.,-0.));
#2249 = PCURVE('',#201,#2250);
#2250 = DEFINITIONAL_REPRESENTATION('',(#2251),#2259);
#2251 = ( BOUNDED_CURVE() B_SPLINE_CURVE(2,(#2252,#2253,#2254,#2255,
#2256,#2257,#2258),.UNSPECIFIED.,.T.,.F.) B_SPLINE_CURVE_WITH_KNOTS((1,2
    ,2,2,2,1),(-2.094395102393,0.,2.094395102393,4.188790204786,
6.28318530718,8.377580409573),.UNSPECIFIED.) CURVE() 
GEOMETRIC_REPRESENTATION_ITEM() RATIONAL_B_SPLINE_CURVE((1.,0.5,1.,0.5,
1.,0.5,1.)) REPRESENTATION_ITEM('') );
#2252 = CARTESIAN_POINT('',(21.413548638812,101.59086326591));
#2253 = CARTESIAN_POINT('',(21.413548638812,105.57458012332));
#2254 = CARTESIAN_POINT('',(24.863548638812,103.58272169462));
#2255 = CARTESIAN_POINT('',(28.313548638812,101.59086326591));
#2256 = CARTESIAN_POINT('',(24.863548638812,99.599004837215));
#2257 = CARTESIAN_POINT('',(21.413548638812,97.607146408511));
#2258 = CARTESIAN_POINT('',(21.413548638812,101.59086326591));
#2259 = ( GEOMETRIC_REPRESENTATION_CONTEXT(2) 
PARAMETRIC_REPRESENTATION_CONTEXT() REPRESENTATION_CONTEXT('2D SPACE',''
  ) );
#2260 = PCURVE('',#2261,#2266);
#2261 = CYLINDRICAL_SURFACE('',#2262,2.3);
#2262 = AXIS2_PLACEMENT_3D('',#2263,#2264,#2265);
#2263 = CARTESIAN_POINT('',(-23.71388707443,328.130847697,14.3));
#2264 = DIRECTION('',(0.,0.,1.));
#2265 = DIRECTION('',(1.,0.,-0.));
#2266 = DEFINITIONAL_REPRESENTATION('',(#2267),#2271);
#2267 = LINE('',#2268,#2269);
#2268 = CARTESIAN_POINT('',(0.,4.));
#2269 = VECTOR('',#2270,1.);
#2270 = DIRECTION('',(1.,0.));
#2271 = ( GEOMETRIC_REPRESENTATION_CONTEXT(2) 
PARAMETRIC_REPRESENTATION_CONTEXT() REPRESENTATION_CONTEXT('2D SPACE',''
  ) );
#2272 = FACE_BOUND('',#2273,.F.);
#2273 = EDGE_LOOP('',(#2274));
#2274 = ORIENTED_EDGE('',*,*,#2275,.T.);
#2275 = EDGE_CURVE('',#2276,#2276,#2278,.T.);
#2276 = VERTEX_POINT('',#2277);
#2277 = CARTESIAN_POINT('',(41.,366.081,18.3));
#2278 = SURFACE_CURVE('',#2279,(#2284,#2295),.PCURVE_S1.);
#2279 = CIRCLE('',#2280,41.);
#2280 = AXIS2_PLACEMENT_3D('',#2281,#2282,#2283);
#2281 = CARTESIAN_POINT('',(0.,366.081,18.3));
#2282 = DIRECTION('',(0.,0.,1.));
#2283 = DIRECTION('',(1.,0.,0.));
#2284 = PCURVE('',#201,#2285);
#2285 = DEFINITIONAL_REPRESENTATION('',(#2286),#2294);
#2286 = ( BOUNDED_CURVE() B_SPLINE_CURVE(2,(#2287,#2288,#2289,#2290,
#2291,#2292,#2293),.UNSPECIFIED.,.T.,.F.) B_SPLINE_CURVE_WITH_KNOTS((1,2
    ,2,2,2,1),(-2.094395102393,0.,2.094395102393,4.188790204786,
6.28318530718,8.377580409573),.UNSPECIFIED.) CURVE() 
GEOMETRIC_REPRESENTATION_ITEM() RATIONAL_B_SPLINE_CURVE((1.,0.5,1.,0.5,
1.,0.5,1.)) REPRESENTATION_ITEM('') );
#2287 = CARTESIAN_POINT('',(-41.00033843562,139.54101556891));
#2288 = CARTESIAN_POINT('',(-41.00033843562,210.55509867924));
#2289 = CARTESIAN_POINT('',(20.499661564376,175.04805712408));
#2290 = CARTESIAN_POINT('',(81.999661564376,139.54101556891));
#2291 = CARTESIAN_POINT('',(20.499661564376,104.03397401375));
#2292 = CARTESIAN_POINT('',(-41.00033843562,68.526932458595));
#2293 = CARTESIAN_POINT('',(-41.00033843562,139.54101556891));
#2294 = ( GEOMETRIC_REPRESENTATION_CONTEXT(2) 
PARAMETRIC_REPRESENTATION_CONTEXT() REPRESENTATION_CONTEXT('2D SPACE',''
  ) );
#2295 = PCURVE('',#2296,#2301);
#2296 = CYLINDRICAL_SURFACE('',#2297,41.);
#2297 = AXIS2_PLACEMENT_3D('',#2298,#2299,#2300);
#2298 = CARTESIAN_POINT('',(0.,366.081,0.));
#2299 = DIRECTION('',(-0.,-0.,-1.));
#2300 = DIRECTION('',(1.,0.,0.));
#2301 = DEFINITIONAL_REPRESENTATION('',(#2302),#2306);
#2302 = LINE('',#2303,#2304);
#2303 = CARTESIAN_POINT('',(-0.,-18.3));
#2304 = VECTOR('',#2305,1.);
#2305 = DIRECTION('',(-1.,0.));
#2306 = ( GEOMETRIC_REPRESENTATION_CONTEXT(2) 
PARAMETRIC_REPRESENTATION_CONTEXT() REPRESENTATION_CONTEXT('2D SPACE',''
  ) );
#2307 = FACE_BOUND('',#2308,.F.);
#2308 = EDGE_LOOP('',(#2309));
#2309 = ORIENTED_EDGE('',*,*,#2310,.T.);
#2310 = EDGE_CURVE('',#2311,#2311,#2313,.T.);
#2311 = VERTEX_POINT('',#2312);
#2312 = CARTESIAN_POINT('',(-35.650152303,389.79488707443,18.3));
#2313 = SURFACE_CURVE('',#2314,(#2319,#2330),.PCURVE_S1.);
#2314 = CIRCLE('',#2315,2.3);
#2315 = AXIS2_PLACEMENT_3D('',#2316,#2317,#2318);
#2316 = CARTESIAN_POINT('',(-37.950152303,389.79488707443,18.3));
#2317 = DIRECTION('',(0.,0.,1.));
#2318 = DIRECTION('',(1.,0.,-0.));
#2319 = PCURVE('',#201,#2320);
#2320 = DEFINITIONAL_REPRESENTATION('',(#2321),#2329);
#2321 = ( BOUNDED_CURVE() B_SPLINE_CURVE(2,(#2322,#2323,#2324,#2325,
#2326,#2327,#2328),.UNSPECIFIED.,.T.,.F.) B_SPLINE_CURVE_WITH_KNOTS((1,2
    ,2,2,2,1),(-2.094395102393,0.,2.094395102393,4.188790204786,
6.28318530718,8.377580409573),.UNSPECIFIED.) CURVE() 
GEOMETRIC_REPRESENTATION_ITEM() RATIONAL_B_SPLINE_CURVE((1.,0.5,1.,0.5,
1.,0.5,1.)) REPRESENTATION_ITEM('') );
#2322 = CARTESIAN_POINT('',(35.649813867376,163.25490264335));
#2323 = CARTESIAN_POINT('',(35.649813867376,167.23861950076));
#2324 = CARTESIAN_POINT('',(39.099813867376,165.24676107206));
#2325 = CARTESIAN_POINT('',(42.549813867376,163.25490264335));
#2326 = CARTESIAN_POINT('',(39.099813867376,161.26304421465));
#2327 = CARTESIAN_POINT('',(35.649813867376,159.27118578594));
#2328 = CARTESIAN_POINT('',(35.649813867376,163.25490264335));
#2329 = ( GEOMETRIC_REPRESENTATION_CONTEXT(2) 
PARAMETRIC_REPRESENTATION_CONTEXT() REPRESENTATION_CONTEXT('2D SPACE',''
  ) );
#2330 = PCURVE('',#2331,#2336);
#2331 = CYLINDRICAL_SURFACE('',#2332,2.3);
#2332 = AXIS2_PLACEMENT_3D('',#2333,#2334,#2335);
#2333 = CARTESIAN_POINT('',(-37.950152303,389.79488707443,14.3));
#2334 = DIRECTION('',(0.,0.,1.));
#2335 = DIRECTION('',(1.,0.,-0.));
#2336 = DEFINITIONAL_REPRESENTATION('',(#2337),#2341);
#2337 = LINE('',#2338,#2339);
#2338 = CARTESIAN_POINT('',(0.,4.));
#2339 = VECTOR('',#2340,1.);
#2340 = DIRECTION('',(1.,0.));
#2341 = ( GEOMETRIC_REPRESENTATION_CONTEXT(2) 
PARAMETRIC_REPRESENTATION_CONTEXT() REPRESENTATION_CONTEXT('2D SPACE',''
  ) );
#2342 = FACE_BOUND('',#2343,.F.);
#2343 = EDGE_LOOP('',(#2344));
#2344 = ORIENTED_EDGE('',*,*,#2345,.T.);
#2345 = EDGE_CURVE('',#2346,#2346,#2348,.T.);
#2346 = VERTEX_POINT('',#2347);
#2347 = CARTESIAN_POINT('',(-30.36,436.383,18.3));
#2348 = SURFACE_CURVE('',#2349,(#2354,#2365),.PCURVE_S1.);
#2349 = CIRCLE('',#2350,2.2);
#2350 = AXIS2_PLACEMENT_3D('',#2351,#2352,#2353);
#2351 = CARTESIAN_POINT('',(-32.56,436.383,18.3));
#2352 = DIRECTION('',(0.,0.,1.));
#2353 = DIRECTION('',(1.,0.,0.));
#2354 = PCURVE('',#201,#2355);
#2355 = DEFINITIONAL_REPRESENTATION('',(#2356),#2364);
#2356 = ( BOUNDED_CURVE() B_SPLINE_CURVE(2,(#2357,#2358,#2359,#2360,
#2361,#2362,#2363),.UNSPECIFIED.,.T.,.F.) B_SPLINE_CURVE_WITH_KNOTS((1,2
    ,2,2,2,1),(-2.094395102393,0.,2.094395102393,4.188790204786,
6.28318530718,8.377580409573),.UNSPECIFIED.) CURVE() 
GEOMETRIC_REPRESENTATION_ITEM() RATIONAL_B_SPLINE_CURVE((1.,0.5,1.,0.5,
1.,0.5,1.)) REPRESENTATION_ITEM('') );
#2357 = CARTESIAN_POINT('',(30.359661564376,209.84301556891));
#2358 = CARTESIAN_POINT('',(30.359661564376,213.65352734557));
#2359 = CARTESIAN_POINT('',(33.659661564376,211.74827145724));
#2360 = CARTESIAN_POINT('',(36.959661564376,209.84301556891));
#2361 = CARTESIAN_POINT('',(33.659661564376,207.93775968059));
#2362 = CARTESIAN_POINT('',(30.359661564376,206.03250379226));
#2363 = CARTESIAN_POINT('',(30.359661564376,209.84301556891));
#2364 = ( GEOMETRIC_REPRESENTATION_CONTEXT(2) 
PARAMETRIC_REPRESENTATION_CONTEXT() REPRESENTATION_CONTEXT('2D SPACE',''
  ) );
#2365 = PCURVE('',#1155,#2366);
#2366 = DEFINITIONAL_REPRESENTATION('',(#2367),#2371);
#2367 = LINE('',#2368,#2369);
#2368 = CARTESIAN_POINT('',(-0.,-18.3));
#2369 = VECTOR('',#2370,1.);
#2370 = DIRECTION('',(-1.,0.));
#2371 = ( GEOMETRIC_REPRESENTATION_CONTEXT(2) 
PARAMETRIC_REPRESENTATION_CONTEXT() REPRESENTATION_CONTEXT('2D SPACE',''
  ) );
#2372 = ADVANCED_FACE('',(#2373),#172,.T.);
#2373 = FACE_BOUND('',#2374,.T.);
#2374 = EDGE_LOOP('',(#2375,#2405,#2426,#2427,#2428,#2429,#2458,#2532,
    #2606,#2680,#2754,#2828,#2902));
#2375 = ORIENTED_EDGE('',*,*,#2376,.F.);
#2376 = EDGE_CURVE('',#2377,#2379,#2381,.T.);
#2377 = VERTEX_POINT('',#2378);
#2378 = CARTESIAN_POINT('',(-60.654,453.457,0.));
#2379 = VERTEX_POINT('',#2380);
#2380 = CARTESIAN_POINT('',(-60.22324661138,453.457,0.));
#2381 = SURFACE_CURVE('',#2382,(#2386,#2393),.PCURVE_S1.);
#2382 = LINE('',#2383,#2384);
#2383 = CARTESIAN_POINT('',(-60.654,453.457,0.));
#2384 = VECTOR('',#2385,1.);
#2385 = DIRECTION('',(1.,0.,0.));
#2386 = PCURVE('',#172,#2387);
#2387 = DEFINITIONAL_REPRESENTATION('',(#2388),#2392);
#2388 = LINE('',#2389,#2390);
#2389 = CARTESIAN_POINT('',(0.,0.));
#2390 = VECTOR('',#2391,1.);
#2391 = DIRECTION('',(1.,0.));
#2392 = ( GEOMETRIC_REPRESENTATION_CONTEXT(2) 
PARAMETRIC_REPRESENTATION_CONTEXT() REPRESENTATION_CONTEXT('2D SPACE',''
  ) );
#2393 = PCURVE('',#2394,#2399);
#2394 = PLANE('',#2395);
#2395 = AXIS2_PLACEMENT_3D('',#2396,#2397,#2398);
#2396 = CARTESIAN_POINT('',(-3.384356242037E-04,226.53998443108,0.));
#2397 = DIRECTION('',(0.,-0.,-1.));
#2398 = DIRECTION('',(-1.,0.,0.));
#2399 = DEFINITIONAL_REPRESENTATION('',(#2400),#2404);
#2400 = LINE('',#2401,#2402);
#2401 = CARTESIAN_POINT('',(60.653661564376,226.91701556891));
#2402 = VECTOR('',#2403,1.);
#2403 = DIRECTION('',(-1.,0.));
#2404 = ( GEOMETRIC_REPRESENTATION_CONTEXT(2) 
PARAMETRIC_REPRESENTATION_CONTEXT() REPRESENTATION_CONTEXT('2D SPACE',''
  ) );
#2405 = ORIENTED_EDGE('',*,*,#2406,.T.);
#2406 = EDGE_CURVE('',#2377,#1840,#2407,.T.);
#2407 = SURFACE_CURVE('',#2408,(#2412,#2419),.PCURVE_S1.);
#2408 = LINE('',#2409,#2410);
#2409 = CARTESIAN_POINT('',(-60.654,453.457,0.));
#2410 = VECTOR('',#2411,1.);
#2411 = DIRECTION('',(-0.,-0.,1.));
#2412 = PCURVE('',#172,#2413);
#2413 = DEFINITIONAL_REPRESENTATION('',(#2414),#2418);
#2414 = LINE('',#2415,#2416);
#2415 = CARTESIAN_POINT('',(0.,0.));
#2416 = VECTOR('',#2417,1.);
#2417 = DIRECTION('',(0.,-1.));
#2418 = ( GEOMETRIC_REPRESENTATION_CONTEXT(2) 
PARAMETRIC_REPRESENTATION_CONTEXT() REPRESENTATION_CONTEXT('2D SPACE',''
  ) );
#2419 = PCURVE('',#1855,#2420);
#2420 = DEFINITIONAL_REPRESENTATION('',(#2421),#2425);
#2421 = LINE('',#2422,#2423);
#2422 = CARTESIAN_POINT('',(149.275,0.));
#2423 = VECTOR('',#2424,1.);
#2424 = DIRECTION('',(0.,-1.));
#2425 = ( GEOMETRIC_REPRESENTATION_CONTEXT(2) 
PARAMETRIC_REPRESENTATION_CONTEXT() REPRESENTATION_CONTEXT('2D SPACE',''
  ) );
#2426 = ORIENTED_EDGE('',*,*,#1867,.T.);
#2427 = ORIENTED_EDGE('',*,*,#156,.F.);
#2428 = ORIENTED_EDGE('',*,*,#989,.T.);
#2429 = ORIENTED_EDGE('',*,*,#2430,.T.);
#2430 = EDGE_CURVE('',#249,#2431,#2433,.T.);
#2431 = VERTEX_POINT('',#2432);
#2432 = CARTESIAN_POINT('',(-50.71500660495,453.457,17.141667563131));
#2433 = SURFACE_CURVE('',#2434,(#2440,#2449),.PCURVE_S1.);
#2434 = B_SPLINE_CURVE_WITH_KNOTS('',4,(#2435,#2436,#2437,#2438,#2439),
  .UNSPECIFIED.,.F.,.F.,(5,5),(0.,1.),.PIECEWISE_BEZIER_KNOTS.);
#2435 = CARTESIAN_POINT('',(-49.34674659806,453.457,17.908991373706));
#2436 = CARTESIAN_POINT('',(-49.68913157159,453.457,17.717675965409));
#2437 = CARTESIAN_POINT('',(-50.03129043814,453.457,17.525987471301));
#2438 = CARTESIAN_POINT('',(-50.37324322471,453.457,17.33397218873));
#2439 = CARTESIAN_POINT('',(-50.71500660495,453.457,17.141667563131));
#2440 = PCURVE('',#172,#2441);
#2441 = DEFINITIONAL_REPRESENTATION('',(#2442),#2448);
#2442 = B_SPLINE_CURVE_WITH_KNOTS('',4,(#2443,#2444,#2445,#2446,#2447),
  .UNSPECIFIED.,.F.,.F.,(5,5),(0.,1.),.PIECEWISE_BEZIER_KNOTS.);
#2443 = CARTESIAN_POINT('',(11.307253401939,-17.9089913737));
#2444 = CARTESIAN_POINT('',(10.964868428403,-17.7176759654));
#2445 = CARTESIAN_POINT('',(10.622709561859,-17.5259874713));
#2446 = CARTESIAN_POINT('',(10.280756775287,-17.33397218873));
#2447 = CARTESIAN_POINT('',(9.938993395044,-17.14166756313));
#2448 = ( GEOMETRIC_REPRESENTATION_CONTEXT(2) 
PARAMETRIC_REPRESENTATION_CONTEXT() REPRESENTATION_CONTEXT('2D SPACE',''
  ) );
#2449 = PCURVE('',#283,#2450);
#2450 = DEFINITIONAL_REPRESENTATION('',(#2451),#2457);
#2451 = B_SPLINE_CURVE_WITH_KNOTS('',4,(#2452,#2453,#2454,#2455,#2456),
  .UNSPECIFIED.,.F.,.F.,(5,5),(0.,1.),.PIECEWISE_BEZIER_KNOTS.);
#2452 = CARTESIAN_POINT('',(10.,0.927075213288));
#2453 = CARTESIAN_POINT('',(9.750042927281,0.928487673172));
#2454 = CARTESIAN_POINT('',(9.500061563021,0.929875192987));
#2455 = CARTESIAN_POINT('',(9.250049023968,0.931238825601));
#2456 = CARTESIAN_POINT('',(9.,0.932579503147));
#2457 = ( GEOMETRIC_REPRESENTATION_CONTEXT(2) 
PARAMETRIC_REPRESENTATION_CONTEXT() REPRESENTATION_CONTEXT('2D SPACE',''
  ) );
#2458 = ORIENTED_EDGE('',*,*,#2459,.T.);
#2459 = EDGE_CURVE('',#2431,#2460,#2462,.T.);
#2460 = VERTEX_POINT('',#2461);
#2461 = CARTESIAN_POINT('',(-52.08039435701,453.457,15.111869506691));
#2462 = SURFACE_CURVE('',#2463,(#2469,#2478),.PCURVE_S1.);
#2463 = B_SPLINE_CURVE_WITH_KNOTS('',4,(#2464,#2465,#2466,#2467,#2468),
  .UNSPECIFIED.,.F.,.F.,(5,5),(0.,1.),.PIECEWISE_BEZIER_KNOTS.);
#2464 = CARTESIAN_POINT('',(-50.71500660495,453.457,17.141667563131));
#2465 = CARTESIAN_POINT('',(-51.05674283909,453.457,16.634494529599));
#2466 = CARTESIAN_POINT('',(-51.39819746853,453.457,16.127116406128));
#2467 = CARTESIAN_POINT('',(-51.73940526178,453.457,15.619566012265));
#2468 = CARTESIAN_POINT('',(-52.08039435701,453.457,15.111869506691));
#2469 = PCURVE('',#172,#2470);
#2470 = DEFINITIONAL_REPRESENTATION('',(#2471),#2477);
#2471 = B_SPLINE_CURVE_WITH_KNOTS('',4,(#2472,#2473,#2474,#2475,#2476),
  .UNSPECIFIED.,.F.,.F.,(5,5),(0.,1.),.PIECEWISE_BEZIER_KNOTS.);
#2472 = CARTESIAN_POINT('',(9.938993395044,-17.14166756313));
#2473 = CARTESIAN_POINT('',(9.597257160905,-16.63449452959));
#2474 = CARTESIAN_POINT('',(9.255802531465,-16.12711640612));
#2475 = CARTESIAN_POINT('',(8.914594738217,-15.61956601226));
#2476 = CARTESIAN_POINT('',(8.573605642985,-15.11186950669));
#2477 = ( GEOMETRIC_REPRESENTATION_CONTEXT(2) 
PARAMETRIC_REPRESENTATION_CONTEXT() REPRESENTATION_CONTEXT('2D SPACE',''
  ) );
#2478 = PCURVE('',#2479,#2524);
#2479 = ( BOUNDED_SURFACE() B_SPLINE_SURFACE(1,3,(
    (#2480,#2481,#2482,#2483,#2484,#2485,#2486,#2487,#2488,#2489,#2490
      ,#2491,#2492,#2493,#2494,#2495,#2496,#2497,#2498,#2499,#2500,#2501
      )
    ,(#2502,#2503,#2504,#2505,#2506,#2507,#2508,#2509,#2510,#2511,#2512
      ,#2513,#2514,#2515,#2516,#2517,#2518,#2519,#2520,#2521,#2522,#2523
)),.UNSPECIFIED.,.F.,.F.,.F.) B_SPLINE_SURFACE_WITH_KNOTS((2,2),(4,1,1,1
    ,1,1,1,1,1,1,1,1,1,1,1,1,1,1,1,4),(8.,9.),(0.,5.218380768594E-02,
    0.104924849979,0.158249728388,0.212037422186,0.266073258756,
    0.320098130577,0.373854821642,0.427134464983,0.479826107743,
    0.531971081028,0.583831321693,0.635742389654,0.687819682816,
    0.740024789052,0.792245645251,0.844362126807,0.89631140842,
0.94815736877,1.),.UNSPECIFIED.) GEOMETRIC_REPRESENTATION_ITEM() 
RATIONAL_B_SPLINE_SURFACE((
    (1.,1.000000000002,0.999999999999,1.,1.,1.,1.,1.,1.,1.,1.,1.,1.,1.
      ,1.,1.,1.,1.000000000001,0.999999999997,1.000000000012
      ,0.999999999975,1.)
    ,(1.,1.000000000002,0.999999999999,1.,1.,1.,1.,1.,1.,1.,1.,1.,1.,1.
      ,1.,1.,1.,1.000000000001,0.999999999997,1.000000000012
,0.999999999975,1.))) REPRESENTATION_ITEM('') SURFACE() );
#2480 = CARTESIAN_POINT('',(-2.832683631649,414.1421764314,
    0.149349490225));
#2481 = CARTESIAN_POINT('',(-4.095835455187,414.20838312721,
    0.279551975887));
#2482 = CARTESIAN_POINT('',(-6.621928248971,414.43021886995,
    0.70377708579));
#2483 = CARTESIAN_POINT('',(-10.3566221422,415.02332138251,
    1.721329116121));
#2484 = CARTESIAN_POINT('',(-14.03586736372,415.87414671718,
    3.024232246847));
#2485 = CARTESIAN_POINT('',(-17.64394003701,416.97820224453,
    4.515462003414));
#2486 = CARTESIAN_POINT('',(-21.16509543668,418.3301699048,
    6.098663621489));
#2487 = CARTESIAN_POINT('',(-24.58369941744,419.92389994826,
    7.678135712821));
#2488 = CARTESIAN_POINT('',(-27.88444822571,421.75243525311,
    9.156800531938));
#2489 = CARTESIAN_POINT('',(-31.05263030996,423.80821549179,
    10.442307971183));
#2490 = CARTESIAN_POINT('',(-34.07392915556,426.08296925796,
    11.422932563979));
#2491 = CARTESIAN_POINT('',(-36.93551667879,428.5688929048,
    12.053933871735));
#2492 = CARTESIAN_POINT('',(-39.61851616993,431.25158791518,
    12.035609312853));
#2493 = CARTESIAN_POINT('',(-42.10117666911,434.10825737857,
    12.320466978454));
#2494 = CARTESIAN_POINT('',(-44.37533794006,437.1268948257,
    12.850412841575));
#2495 = CARTESIAN_POINT('',(-46.4321178643,440.29444627546,
    13.500542846165));
#2496 = CARTESIAN_POINT('',(-48.26309965317,443.59736868779,
    14.165020284804));
#2497 = CARTESIAN_POINT('',(-49.86032170682,447.02162122424,
    14.73334587539));
#2498 = CARTESIAN_POINT('',(-51.21652882028,450.55350636476,
    15.095026776194));
#2499 = CARTESIAN_POINT('',(-52.32352489043,454.17362676692,
    15.140571810419));
#2500 = CARTESIAN_POINT('',(-52.88978256379,456.62826957127,
    15.021133164565));
#2501 = CARTESIAN_POINT('',(-53.1305713041,457.86546312524,15.103125));
#2502 = CARTESIAN_POINT('',(-2.76399268908,415.45287769577,
    0.169401042153));
#2503 = CARTESIAN_POINT('',(-3.996513810377,415.51747892336,
    0.317084417103));
#2504 = CARTESIAN_POINT('',(-6.461350312134,415.73393526871,
    0.798265676007));
#2505 = CARTESIAN_POINT('',(-10.10548003485,416.31265539131,
    1.952433488193));
#2506 = CARTESIAN_POINT('',(-13.695505684,417.14284870189,3.430263428136
    ));
#2507 = CARTESIAN_POINT('',(-17.21608467815,418.22013152041,
    5.121704587206));
#2508 = CARTESIAN_POINT('',(-20.65185409237,419.53931474543,
    6.917465681782));
#2509 = CARTESIAN_POINT('',(-23.98755890039,421.09439775552,
    8.708996526117));
#2510 = CARTESIAN_POINT('',(-27.2082664558,422.87859213497,
    10.38618578854));
#2511 = CARTESIAN_POINT('',(-30.29962195371,424.88452088979,
    11.844284504351));
#2512 = CARTESIAN_POINT('',(-33.2476560467,427.1041131905,
    12.956567028587));
#2513 = CARTESIAN_POINT('',(-36.03985172468,429.5297546242,
    13.672286104514));
#2514 = CARTESIAN_POINT('',(-38.65779002724,432.14739582947,
    13.651501303931));
#2515 = CARTESIAN_POINT('',(-41.08024744273,434.93479270773,
    13.974603748709));
#2516 = CARTESIAN_POINT('',(-43.29926161588,437.88022993964,
    14.575699750861));
#2517 = CARTESIAN_POINT('',(-45.30616581447,440.97097009555,
    15.313115728289));
#2518 = CARTESIAN_POINT('',(-47.09274735212,444.19379854648,
    16.066805415635));
#2519 = CARTESIAN_POINT('',(-48.65123769312,447.5350149356,
    16.711433979028));
#2520 = CARTESIAN_POINT('',(-49.9745575672,450.98125390206,
    17.121673889677));
#2521 = CARTESIAN_POINT('',(-51.05470962145,454.51358846935,
    17.173333766404));
#2522 = CARTESIAN_POINT('',(-51.60723587405,456.90870761601,
    17.037859376566));
#2523 = CARTESIAN_POINT('',(-51.84218562583,458.11589993167,17.130859375
    ));
#2524 = DEFINITIONAL_REPRESENTATION('',(#2525),#2531);
#2525 = B_SPLINE_CURVE_WITH_KNOTS('',4,(#2526,#2527,#2528,#2529,#2530),
  .UNSPECIFIED.,.F.,.F.,(5,5),(0.,1.),.PIECEWISE_BEZIER_KNOTS.);
#2526 = CARTESIAN_POINT('',(9.,0.932579503147));
#2527 = CARTESIAN_POINT('',(8.7499708372,0.933920074196));
#2528 = CARTESIAN_POINT('',(8.499972678969,0.935237332665));
#2529 = CARTESIAN_POINT('',(8.249987184251,0.936532308049));
#2530 = CARTESIAN_POINT('',(8.,0.937805897373));
#2531 = ( GEOMETRIC_REPRESENTATION_CONTEXT(2) 
PARAMETRIC_REPRESENTATION_CONTEXT() REPRESENTATION_CONTEXT('2D SPACE',''
  ) );
#2532 = ORIENTED_EDGE('',*,*,#2533,.T.);
#2533 = EDGE_CURVE('',#2460,#2534,#2536,.T.);
#2534 = VERTEX_POINT('',#2535);
#2535 = CARTESIAN_POINT('',(-53.4431279974,453.457,12.240954092699));
#2536 = SURFACE_CURVE('',#2537,(#2543,#2552),.PCURVE_S1.);
#2537 = B_SPLINE_CURVE_WITH_KNOTS('',4,(#2538,#2539,#2540,#2541,#2542),
  .UNSPECIFIED.,.F.,.F.,(5,5),(0.,1.),.PIECEWISE_BEZIER_KNOTS.);
#2538 = CARTESIAN_POINT('',(-52.08039435701,453.457,15.111869506691));
#2539 = CARTESIAN_POINT('',(-52.42138884471,453.457,14.394285336609));
#2540 = CARTESIAN_POINT('',(-52.76215557152,453.457,13.676591172405));
#2541 = CARTESIAN_POINT('',(-53.10272664385,453.457,12.958808406592));
#2542 = CARTESIAN_POINT('',(-53.4431279974,453.457,12.240954092699));
#2543 = PCURVE('',#172,#2544);
#2544 = DEFINITIONAL_REPRESENTATION('',(#2545),#2551);
#2545 = B_SPLINE_CURVE_WITH_KNOTS('',4,(#2546,#2547,#2548,#2549,#2550),
  .UNSPECIFIED.,.F.,.F.,(5,5),(0.,1.),.PIECEWISE_BEZIER_KNOTS.);
#2546 = CARTESIAN_POINT('',(8.573605642985,-15.11186950669));
#2547 = CARTESIAN_POINT('',(8.232611155285,-14.3942853366));
#2548 = CARTESIAN_POINT('',(7.891844428479,-13.6765911724));
#2549 = CARTESIAN_POINT('',(7.551273356142,-12.95880840659));
#2550 = CARTESIAN_POINT('',(7.210872002592,-12.24095409269));
#2551 = ( GEOMETRIC_REPRESENTATION_CONTEXT(2) 
PARAMETRIC_REPRESENTATION_CONTEXT() REPRESENTATION_CONTEXT('2D SPACE',''
  ) );
#2552 = PCURVE('',#2553,#2598);
#2553 = ( BOUNDED_SURFACE() B_SPLINE_SURFACE(1,3,(
    (#2554,#2555,#2556,#2557,#2558,#2559,#2560,#2561,#2562,#2563,#2564
      ,#2565,#2566,#2567,#2568,#2569,#2570,#2571,#2572,#2573,#2574,#2575
      )
    ,(#2576,#2577,#2578,#2579,#2580,#2581,#2582,#2583,#2584,#2585,#2586
      ,#2587,#2588,#2589,#2590,#2591,#2592,#2593,#2594,#2595,#2596,#2597
)),.UNSPECIFIED.,.F.,.F.,.F.) B_SPLINE_SURFACE_WITH_KNOTS((2,2),(4,1,1,1
    ,1,1,1,1,1,1,1,1,1,1,1,1,1,1,1,4),(7.,8.),(0.,5.218380768594E-02,
    0.104924849979,0.158249728388,0.212037422186,0.266073258756,
    0.320098130577,0.373854821642,0.427134464983,0.479826107743,
    0.531971081028,0.583831321693,0.635742389654,0.687819682816,
    0.740024789052,0.792245645251,0.844362126807,0.89631140842,
0.94815736877,1.),.UNSPECIFIED.) GEOMETRIC_REPRESENTATION_ITEM() 
RATIONAL_B_SPLINE_SURFACE((
    (1.,1.000000000002,0.999999999999,1.,1.,1.,1.,1.,1.,1.,1.,1.,1.,1.
      ,1.,1.,1.,1.000000000001,0.999999999997,1.000000000012
      ,0.999999999975,1.)
    ,(1.,1.000000000002,0.999999999999,1.,1.,1.,1.,1.,1.,1.,1.,1.,1.,1.
      ,1.,1.,1.,1.000000000001,0.999999999997,1.000000000012
,0.999999999975,1.))) REPRESENTATION_ITEM('') SURFACE() );
#2554 = CARTESIAN_POINT('',(-2.901374574218,412.83147516704,
    0.121000744395));
#2555 = CARTESIAN_POINT('',(-4.195157100854,412.89928734012,
    0.226488869424));
#2556 = CARTESIAN_POINT('',(-6.782506185405,413.12650246695,
    0.570189768546));
#2557 = CARTESIAN_POINT('',(-10.60776424967,413.73398737486,
    1.394595348718));
#2558 = CARTESIAN_POINT('',(-14.37622904342,414.60544473215,
    2.450188162952));
#2559 = CARTESIAN_POINT('',(-18.07179539588,415.73627296874,
    3.658360419433));
#2560 = CARTESIAN_POINT('',(-21.67833678099,417.12102506415,
    4.941046915558));
#2561 = CARTESIAN_POINT('',(-25.17983993449,418.753402141,6.220711804369
    ));
#2562 = CARTESIAN_POINT('',(-28.56062999561,420.62627837126,
    7.418704134672));
#2563 = CARTESIAN_POINT('',(-31.80563866621,422.73191009378,
    8.460203217394));
#2564 = CARTESIAN_POINT('',(-34.90020226441,425.06182532542,
    9.254690734705));
#2565 = CARTESIAN_POINT('',(-37.83118163289,427.6080311854,
    9.765918646082));
#2566 = CARTESIAN_POINT('',(-40.57924231261,430.35578000088,
    9.75107235995));
#2567 = CARTESIAN_POINT('',(-43.1221058955,433.28172204941,
    9.981859820506));
#2568 = CARTESIAN_POINT('',(-45.45141426424,436.37355971179,
    10.411214107758));
#2569 = CARTESIAN_POINT('',(-47.55806991413,439.6179224553,
    10.937939805921));
#2570 = CARTESIAN_POINT('',(-49.43345195424,443.00093882935,
    11.476289582596));
#2571 = CARTESIAN_POINT('',(-51.06940572047,446.50822751196,
    11.936738556449));
#2572 = CARTESIAN_POINT('',(-52.45850007351,450.12575883092,
    12.229767064054));
#2573 = CARTESIAN_POINT('',(-53.59234015882,453.83366505159,
    12.266666976006));
#2574 = CARTESIAN_POINT('',(-54.17232925483,456.34783155433,
    12.169899554684));
#2575 = CARTESIAN_POINT('',(-54.41895698238,457.61502631881,12.236328125
    ));
#2576 = CARTESIAN_POINT('',(-2.832683631649,414.1421764314,
    0.149349490225));
#2577 = CARTESIAN_POINT('',(-4.095835455187,414.20838312721,
    0.279551975887));
#2578 = CARTESIAN_POINT('',(-6.621928248971,414.43021886995,
    0.70377708579));
#2579 = CARTESIAN_POINT('',(-10.3566221422,415.02332138251,
    1.721329116121));
#2580 = CARTESIAN_POINT('',(-14.03586736372,415.87414671718,
    3.024232246847));
#2581 = CARTESIAN_POINT('',(-17.64394003701,416.97820224453,
    4.515462003414));
#2582 = CARTESIAN_POINT('',(-21.16509543668,418.3301699048,
    6.098663621489));
#2583 = CARTESIAN_POINT('',(-24.58369941744,419.92389994826,
    7.678135712821));
#2584 = CARTESIAN_POINT('',(-27.88444822571,421.75243525311,
    9.156800531938));
#2585 = CARTESIAN_POINT('',(-31.05263030996,423.80821549179,
    10.442307971183));
#2586 = CARTESIAN_POINT('',(-34.07392915556,426.08296925796,
    11.422932563979));
#2587 = CARTESIAN_POINT('',(-36.93551667879,428.5688929048,
    12.053933871735));
#2588 = CARTESIAN_POINT('',(-39.61851616993,431.25158791518,
    12.035609312853));
#2589 = CARTESIAN_POINT('',(-42.10117666911,434.10825737857,
    12.320466978454));
#2590 = CARTESIAN_POINT('',(-44.37533794006,437.1268948257,
    12.850412841575));
#2591 = CARTESIAN_POINT('',(-46.4321178643,440.29444627546,
    13.500542846165));
#2592 = CARTESIAN_POINT('',(-48.26309965317,443.59736868779,
    14.165020284804));
#2593 = CARTESIAN_POINT('',(-49.86032170682,447.02162122424,
    14.73334587539));
#2594 = CARTESIAN_POINT('',(-51.21652882028,450.55350636476,
    15.095026776194));
#2595 = CARTESIAN_POINT('',(-52.32352489043,454.17362676692,
    15.140571810419));
#2596 = CARTESIAN_POINT('',(-52.88978256379,456.62826957127,
    15.021133164565));
#2597 = CARTESIAN_POINT('',(-53.1305713041,457.86546312524,15.103125));
#2598 = DEFINITIONAL_REPRESENTATION('',(#2599),#2605);
#2599 = B_SPLINE_CURVE_WITH_KNOTS('',4,(#2600,#2601,#2602,#2603,#2604),
  .UNSPECIFIED.,.F.,.F.,(5,5),(0.,1.),.PIECEWISE_BEZIER_KNOTS.);
#2600 = CARTESIAN_POINT('',(8.,0.937805897373));
#2601 = CARTESIAN_POINT('',(7.750008862535,0.939079506849));
#2602 = CARTESIAN_POINT('',(7.500022679874,0.940331696404));
#2603 = CARTESIAN_POINT('',(7.250024211548,0.941563380633));
#2604 = CARTESIAN_POINT('',(7.,0.942775359267));
#2605 = ( GEOMETRIC_REPRESENTATION_CONTEXT(2) 
PARAMETRIC_REPRESENTATION_CONTEXT() REPRESENTATION_CONTEXT('2D SPACE',''
  ) );
#2606 = ORIENTED_EDGE('',*,*,#2607,.T.);
#2607 = EDGE_CURVE('',#2534,#2608,#2610,.T.);
#2608 = VERTEX_POINT('',#2609);
#2609 = CARTESIAN_POINT('',(-54.80340332508,453.457,8.950486458291));
#2610 = SURFACE_CURVE('',#2611,(#2617,#2626),.PCURVE_S1.);
#2611 = B_SPLINE_CURVE_WITH_KNOTS('',4,(#2612,#2613,#2614,#2615,#2616),
  .UNSPECIFIED.,.F.,.F.,(5,5),(0.,1.),.PIECEWISE_BEZIER_KNOTS.);
#2612 = CARTESIAN_POINT('',(-53.4431279974,453.457,12.240954092699));
#2613 = CARTESIAN_POINT('',(-53.78342622433,453.457,11.418416421596));
#2614 = CARTESIAN_POINT('',(-54.12355444921,453.457,10.59581611994));
#2615 = CARTESIAN_POINT('',(-54.46353956411,453.457,9.773168676242));
#2616 = CARTESIAN_POINT('',(-54.80340332508,453.457,8.950486458291));
#2617 = PCURVE('',#172,#2618);
#2618 = DEFINITIONAL_REPRESENTATION('',(#2619),#2625);
#2619 = B_SPLINE_CURVE_WITH_KNOTS('',4,(#2620,#2621,#2622,#2623,#2624),
  .UNSPECIFIED.,.F.,.F.,(5,5),(0.,1.),.PIECEWISE_BEZIER_KNOTS.);
#2620 = CARTESIAN_POINT('',(7.210872002592,-12.24095409269));
#2621 = CARTESIAN_POINT('',(6.870573775667,-11.41841642159));
#2622 = CARTESIAN_POINT('',(6.530445550784,-10.59581611994));
#2623 = CARTESIAN_POINT('',(6.190460435881,-9.773168676242));
#2624 = CARTESIAN_POINT('',(5.850596674913,-8.950486458291));
#2625 = ( GEOMETRIC_REPRESENTATION_CONTEXT(2) 
PARAMETRIC_REPRESENTATION_CONTEXT() REPRESENTATION_CONTEXT('2D SPACE',''
  ) );
#2626 = PCURVE('',#2627,#2672);
#2627 = ( BOUNDED_SURFACE() B_SPLINE_SURFACE(1,3,(
    (#2628,#2629,#2630,#2631,#2632,#2633,#2634,#2635,#2636,#2637,#2638
      ,#2639,#2640,#2641,#2642,#2643,#2644,#2645,#2646,#2647,#2648,#2649
      )
    ,(#2650,#2651,#2652,#2653,#2654,#2655,#2656,#2657,#2658,#2659,#2660
      ,#2661,#2662,#2663,#2664,#2665,#2666,#2667,#2668,#2669,#2670,#2671
)),.UNSPECIFIED.,.F.,.F.,.F.) B_SPLINE_SURFACE_WITH_KNOTS((2,2),(4,1,1,1
    ,1,1,1,1,1,1,1,1,1,1,1,1,1,1,1,4),(6.,7.),(0.,5.218380768594E-02,
    0.104924849979,0.158249728388,0.212037422186,0.266073258756,
    0.320098130577,0.373854821642,0.427134464983,0.479826107743,
    0.531971081028,0.583831321693,0.635742389654,0.687819682816,
    0.740024789052,0.792245645251,0.844362126807,0.89631140842,
0.94815736877,1.),.UNSPECIFIED.) GEOMETRIC_REPRESENTATION_ITEM() 
RATIONAL_B_SPLINE_SURFACE((
    (1.,1.000000000002,0.999999999999,1.,1.,1.,1.,1.,1.,1.,1.,1.,1.,1.
      ,1.,1.,1.,1.000000000001,0.999999999997,1.000000000012
      ,0.999999999975,1.)
    ,(1.,1.000000000002,0.999999999999,1.,1.,1.,1.,1.,1.,1.,1.,1.,1.,1.
      ,1.,1.,1.,1.000000000001,0.999999999997,1.000000000012
,0.999999999975,1.))) REPRESENTATION_ITEM('') SURFACE() );
#2628 = CARTESIAN_POINT('',(-2.970065516787,411.52077390267,
    8.850340161467E-02));
#2629 = CARTESIAN_POINT('',(-4.294478745547,411.5901915542,
    0.165660430272));
#2630 = CARTESIAN_POINT('',(-6.943084122297,411.82278606339,
    0.417053087821));
#2631 = CARTESIAN_POINT('',(-10.858906357,412.44465336737,1.020046883642
    ));
#2632 = CARTESIAN_POINT('',(-14.71659072315,413.33674274708,
    1.792137627757));
#2633 = CARTESIAN_POINT('',(-18.49965075475,414.49434369295,
    2.675829335358));
#2634 = CARTESIAN_POINT('',(-22.1915781253,415.91188022349,
    3.614022886808));
#2635 = CARTESIAN_POINT('',(-25.77598045154,417.58290433374,
    4.550006348339));
#2636 = CARTESIAN_POINT('',(-29.23681176552,419.50012148941,
    5.426252167074));
#2637 = CARTESIAN_POINT('',(-32.55864702245,421.65560469578,
    6.188034353294));
#2638 = CARTESIAN_POINT('',(-35.72647537326,424.04068139287,
    6.769145223098));
#2639 = CARTESIAN_POINT('',(-38.72684658699,426.647169466,7.143071923991
    ));
#2640 = CARTESIAN_POINT('',(-41.5399684553,429.45997208658,
    7.132212926135));
#2641 = CARTESIAN_POINT('',(-44.14303512189,432.45518672026,
    7.301017468713));
#2642 = CARTESIAN_POINT('',(-46.52749058843,435.62022459785,
    7.615059461674));
#2643 = CARTESIAN_POINT('',(-48.68402196395,438.94139863524,
    8.000321686616));
#2644 = CARTESIAN_POINT('',(-50.6038042553,442.40450897055,
    8.394086094699));
#2645 = CARTESIAN_POINT('',(-52.27848973413,445.99483380099,
    8.730871629859));
#2646 = CARTESIAN_POINT('',(-53.70047132673,449.69801129219,
    8.945201052568));
#2647 = CARTESIAN_POINT('',(-54.86115542724,453.4937033545,
    8.972190702441));
#2648 = CARTESIAN_POINT('',(-55.45487594578,456.06739349809,
    8.901412245731));
#2649 = CARTESIAN_POINT('',(-55.70734266065,457.36458951238,8.95));
#2650 = CARTESIAN_POINT('',(-2.901374574218,412.83147516704,
    0.121000744395));
#2651 = CARTESIAN_POINT('',(-4.195157100854,412.89928734012,
    0.226488869424));
#2652 = CARTESIAN_POINT('',(-6.782506185405,413.12650246695,
    0.570189768546));
#2653 = CARTESIAN_POINT('',(-10.60776424967,413.73398737486,
    1.394595348718));
#2654 = CARTESIAN_POINT('',(-14.37622904342,414.60544473215,
    2.450188162952));
#2655 = CARTESIAN_POINT('',(-18.07179539588,415.73627296874,
    3.658360419433));
#2656 = CARTESIAN_POINT('',(-21.67833678099,417.12102506415,
    4.941046915558));
#2657 = CARTESIAN_POINT('',(-25.17983993449,418.753402141,6.220711804369
    ));
#2658 = CARTESIAN_POINT('',(-28.56062999561,420.62627837126,
    7.418704134672));
#2659 = CARTESIAN_POINT('',(-31.80563866621,422.73191009378,
    8.460203217394));
#2660 = CARTESIAN_POINT('',(-34.90020226441,425.06182532542,
    9.254690734705));
#2661 = CARTESIAN_POINT('',(-37.83118163289,427.6080311854,
    9.765918646082));
#2662 = CARTESIAN_POINT('',(-40.57924231261,430.35578000088,
    9.75107235995));
#2663 = CARTESIAN_POINT('',(-43.1221058955,433.28172204941,
    9.981859820506));
#2664 = CARTESIAN_POINT('',(-45.45141426424,436.37355971179,
    10.411214107758));
#2665 = CARTESIAN_POINT('',(-47.55806991413,439.6179224553,
    10.937939805921));
#2666 = CARTESIAN_POINT('',(-49.43345195424,443.00093882935,
    11.476289582596));
#2667 = CARTESIAN_POINT('',(-51.06940572047,446.50822751196,
    11.936738556449));
#2668 = CARTESIAN_POINT('',(-52.45850007351,450.12575883092,
    12.229767064054));
#2669 = CARTESIAN_POINT('',(-53.59234015882,453.83366505159,
    12.266666976006));
#2670 = CARTESIAN_POINT('',(-54.17232925483,456.34783155433,
    12.169899554684));
#2671 = CARTESIAN_POINT('',(-54.41895698238,457.61502631881,12.236328125
    ));
#2672 = DEFINITIONAL_REPRESENTATION('',(#2673),#2679);
#2673 = B_SPLINE_CURVE_WITH_KNOTS('',4,(#2674,#2675,#2676,#2677,#2678),
  .UNSPECIFIED.,.F.,.F.,(5,5),(0.,1.),.PIECEWISE_BEZIER_KNOTS.);
#2674 = CARTESIAN_POINT('',(7.,0.942775359267));
#2675 = CARTESIAN_POINT('',(6.750051534646,0.943986970715));
#2676 = CARTESIAN_POINT('',(6.500077629615,0.945178887662));
#2677 = CARTESIAN_POINT('',(6.250064122922,0.946351912979));
#2678 = CARTESIAN_POINT('',(6.,0.947506753542));
#2679 = ( GEOMETRIC_REPRESENTATION_CONTEXT(2) 
PARAMETRIC_REPRESENTATION_CONTEXT() REPRESENTATION_CONTEXT('2D SPACE',''
  ) );
#2680 = ORIENTED_EDGE('',*,*,#2681,.T.);
#2681 = EDGE_CURVE('',#2608,#2682,#2684,.T.);
#2682 = VERTEX_POINT('',#2683);
#2683 = CARTESIAN_POINT('',(-56.16139717146,453.457,5.66160047661));
#2684 = SURFACE_CURVE('',#2685,(#2691,#2700),.PCURVE_S1.);
#2685 = B_SPLINE_CURVE_WITH_KNOTS('',4,(#2686,#2687,#2688,#2689,#2690),
  .UNSPECIFIED.,.F.,.F.,(5,5),(0.,1.),.PIECEWISE_BEZIER_KNOTS.);
#2686 = CARTESIAN_POINT('',(-54.80340332508,453.457,8.950486458291));
#2687 = CARTESIAN_POINT('',(-55.143060657,453.457,8.128303927391));
#2688 = CARTESIAN_POINT('',(-55.48259599882,453.457,7.306086172296));
#2689 = CARTESIAN_POINT('',(-55.82203599324,453.457,6.48384864184));
#2690 = CARTESIAN_POINT('',(-56.16139717146,453.457,5.66160047661));
#2691 = PCURVE('',#172,#2692);
#2692 = DEFINITIONAL_REPRESENTATION('',(#2693),#2699);
#2693 = B_SPLINE_CURVE_WITH_KNOTS('',4,(#2694,#2695,#2696,#2697,#2698),
  .UNSPECIFIED.,.F.,.F.,(5,5),(0.,1.),.PIECEWISE_BEZIER_KNOTS.);
#2694 = CARTESIAN_POINT('',(5.850596674913,-8.950486458291));
#2695 = CARTESIAN_POINT('',(5.510939342991,-8.128303927391));
#2696 = CARTESIAN_POINT('',(5.171404001175,-7.306086172296));
#2697 = CARTESIAN_POINT('',(4.831964006753,-6.48384864184));
#2698 = CARTESIAN_POINT('',(4.492602828539,-5.66160047661));
#2699 = ( GEOMETRIC_REPRESENTATION_CONTEXT(2) 
PARAMETRIC_REPRESENTATION_CONTEXT() REPRESENTATION_CONTEXT('2D SPACE',''
  ) );
#2700 = PCURVE('',#2701,#2746);
#2701 = ( BOUNDED_SURFACE() B_SPLINE_SURFACE(1,3,(
    (#2702,#2703,#2704,#2705,#2706,#2707,#2708,#2709,#2710,#2711,#2712
      ,#2713,#2714,#2715,#2716,#2717,#2718,#2719,#2720,#2721,#2722,#2723
      )
    ,(#2724,#2725,#2726,#2727,#2728,#2729,#2730,#2731,#2732,#2733,#2734
      ,#2735,#2736,#2737,#2738,#2739,#2740,#2741,#2742,#2743,#2744,#2745
)),.UNSPECIFIED.,.F.,.F.,.F.) B_SPLINE_SURFACE_WITH_KNOTS((2,2),(4,1,1,1
    ,1,1,1,1,1,1,1,1,1,1,1,1,1,1,1,4),(5.,6.),(0.,5.218380768594E-02,
    0.104924849979,0.158249728388,0.212037422186,0.266073258756,
    0.320098130577,0.373854821642,0.427134464983,0.479826107743,
    0.531971081028,0.583831321693,0.635742389654,0.687819682816,
    0.740024789052,0.792245645251,0.844362126807,0.89631140842,
0.94815736877,1.),.UNSPECIFIED.) GEOMETRIC_REPRESENTATION_ITEM() 
RATIONAL_B_SPLINE_SURFACE((
    (1.,1.000000000002,0.999999999999,1.,1.,1.,1.,1.,1.,1.,1.,1.,1.,1.
      ,1.,1.,1.,1.000000000001,0.999999999997,1.000000000012
      ,0.999999999975,1.)
    ,(1.,1.000000000002,0.999999999999,1.,1.,1.,1.,1.,1.,1.,1.,1.,1.,1.
      ,1.,1.,1.,1.000000000001,0.999999999997,1.000000000012
,0.999999999975,1.))) REPRESENTATION_ITEM('') SURFACE() );
#2702 = CARTESIAN_POINT('',(-3.038756459356,410.21007263831,
    5.600605883428E-02));
#2703 = CARTESIAN_POINT('',(-4.393800391112,410.28109576643,
    0.104831991002));
#2704 = CARTESIAN_POINT('',(-7.103662058779,410.51906966071,
    0.26391640715));
#2705 = CARTESIAN_POINT('',(-11.11004846445,411.15531935963,
    0.645498418551));
#2706 = CARTESIAN_POINT('',(-15.05695240285,412.06804076208,
    1.134087092566));
#2707 = CARTESIAN_POINT('',(-18.92750611362,413.25241441715,
    1.693298251281));
#2708 = CARTESIAN_POINT('',(-22.7048194696,414.70273538284,
    2.286998858058));
#2709 = CARTESIAN_POINT('',(-26.37212096859,416.41240652649,
    2.879300892308));
#2710 = CARTESIAN_POINT('',(-29.91299353543,418.37396460756,
    3.433800199477));
#2711 = CARTESIAN_POINT('',(-33.3116553787,420.57929929777,
    3.915865489194));
#2712 = CARTESIAN_POINT('',(-36.55274848212,423.01953746033,
    4.283599711492));
#2713 = CARTESIAN_POINT('',(-39.6225115411,425.6863077466,4.520225201901
    ));
#2714 = CARTESIAN_POINT('',(-42.50069459799,428.56416417228,
    4.51335349232));
#2715 = CARTESIAN_POINT('',(-45.16396434828,431.6286513911,4.62017511692
    ));
#2716 = CARTESIAN_POINT('',(-47.60356691261,434.86688948393,
    4.818904815591));
#2717 = CARTESIAN_POINT('',(-49.80997401378,438.26487481513,
    5.062703567312));
#2718 = CARTESIAN_POINT('',(-51.77415655635,441.80807911196,
    5.311882606801));
#2719 = CARTESIAN_POINT('',(-53.48757374784,445.48144008927,
    5.525004703274));
#2720 = CARTESIAN_POINT('',(-54.94244257976,449.27026375627,
    5.660635041065));
#2721 = CARTESIAN_POINT('',(-56.12997069638,453.1537416469,
    5.677714428938));
#2722 = CARTESIAN_POINT('',(-56.73742263519,455.78695546449,
    5.632924936645));
#2723 = CARTESIAN_POINT('',(-56.99572833893,457.11415270594,5.663671875)
  );
#2724 = CARTESIAN_POINT('',(-2.970065516787,411.52077390267,
    8.850340161467E-02));
#2725 = CARTESIAN_POINT('',(-4.294478745547,411.5901915542,
    0.165660430272));
#2726 = CARTESIAN_POINT('',(-6.943084122297,411.82278606339,
    0.417053087821));
#2727 = CARTESIAN_POINT('',(-10.858906357,412.44465336737,1.020046883642
    ));
#2728 = CARTESIAN_POINT('',(-14.71659072315,413.33674274708,
    1.792137627757));
#2729 = CARTESIAN_POINT('',(-18.49965075475,414.49434369295,
    2.675829335358));
#2730 = CARTESIAN_POINT('',(-22.1915781253,415.91188022349,
    3.614022886808));
#2731 = CARTESIAN_POINT('',(-25.77598045154,417.58290433374,
    4.550006348339));
#2732 = CARTESIAN_POINT('',(-29.23681176552,419.50012148941,
    5.426252167074));
#2733 = CARTESIAN_POINT('',(-32.55864702245,421.65560469578,
    6.188034353294));
#2734 = CARTESIAN_POINT('',(-35.72647537326,424.04068139287,
    6.769145223098));
#2735 = CARTESIAN_POINT('',(-38.72684658699,426.647169466,7.143071923991
    ));
#2736 = CARTESIAN_POINT('',(-41.5399684553,429.45997208658,
    7.132212926135));
#2737 = CARTESIAN_POINT('',(-44.14303512189,432.45518672026,
    7.301017468713));
#2738 = CARTESIAN_POINT('',(-46.52749058843,435.62022459785,
    7.615059461674));
#2739 = CARTESIAN_POINT('',(-48.68402196395,438.94139863524,
    8.000321686616));
#2740 = CARTESIAN_POINT('',(-50.6038042553,442.40450897055,
    8.394086094699));
#2741 = CARTESIAN_POINT('',(-52.27848973413,445.99483380099,
    8.730871629859));
#2742 = CARTESIAN_POINT('',(-53.70047132673,449.69801129219,
    8.945201052568));
#2743 = CARTESIAN_POINT('',(-54.86115542724,453.4937033545,
    8.972190702441));
#2744 = CARTESIAN_POINT('',(-55.45487594578,456.06739349809,
    8.901412245731));
#2745 = CARTESIAN_POINT('',(-55.70734266065,457.36458951238,8.95));
#2746 = DEFINITIONAL_REPRESENTATION('',(#2747),#2753);
#2747 = B_SPLINE_CURVE_WITH_KNOTS('',4,(#2748,#2749,#2750,#2751,#2752),
  .UNSPECIFIED.,.F.,.F.,(5,5),(0.,1.),.PIECEWISE_BEZIER_KNOTS.);
#2748 = CARTESIAN_POINT('',(6.,0.947506753542));
#2749 = CARTESIAN_POINT('',(5.750087762947,0.948660892669));
#2750 = CARTESIAN_POINT('',(5.500125531344,0.949796868497));
#2751 = CARTESIAN_POINT('',(5.250098794537,0.950915394904));
#2752 = CARTESIAN_POINT('',(5.,0.952017083101));
#2753 = ( GEOMETRIC_REPRESENTATION_CONTEXT(2) 
PARAMETRIC_REPRESENTATION_CONTEXT() REPRESENTATION_CONTEXT('2D SPACE',''
  ) );
#2754 = ORIENTED_EDGE('',*,*,#2755,.T.);
#2755 = EDGE_CURVE('',#2682,#2756,#2758,.T.);
#2756 = VERTEX_POINT('',#2757);
#2757 = CARTESIAN_POINT('',(-57.51727225571,453.457,2.794539907368));
#2758 = SURFACE_CURVE('',#2759,(#2765,#2774),.PCURVE_S1.);
#2759 = B_SPLINE_CURVE_WITH_KNOTS('',4,(#2760,#2761,#2762,#2763,#2764),
  .UNSPECIFIED.,.F.,.F.,(5,5),(0.,1.),.PIECEWISE_BEZIER_KNOTS.);
#2760 = CARTESIAN_POINT('',(-56.16139717146,453.457,5.66160047661));
#2761 = CARTESIAN_POINT('',(-56.50047098306,453.457,4.944845649792));
#2762 = CARTESIAN_POINT('',(-56.83946601187,453.457,4.228078582048));
#2763 = CARTESIAN_POINT('',(-57.17839760389,453.457,3.511308897729));
#2764 = CARTESIAN_POINT('',(-57.51727225571,453.457,2.794539907368));
#2765 = PCURVE('',#172,#2766);
#2766 = DEFINITIONAL_REPRESENTATION('',(#2767),#2773);
#2767 = B_SPLINE_CURVE_WITH_KNOTS('',4,(#2768,#2769,#2770,#2771,#2772),
  .UNSPECIFIED.,.F.,.F.,(5,5),(0.,1.),.PIECEWISE_BEZIER_KNOTS.);
#2768 = CARTESIAN_POINT('',(4.492602828539,-5.66160047661));
#2769 = CARTESIAN_POINT('',(4.153529016936,-4.944845649792));
#2770 = CARTESIAN_POINT('',(3.814533988126,-4.228078582048));
#2771 = CARTESIAN_POINT('',(3.47560239611,-3.511308897729));
#2772 = CARTESIAN_POINT('',(3.136727744285,-2.794539907368));
#2773 = ( GEOMETRIC_REPRESENTATION_CONTEXT(2) 
PARAMETRIC_REPRESENTATION_CONTEXT() REPRESENTATION_CONTEXT('2D SPACE',''
  ) );
#2774 = PCURVE('',#2775,#2820);
#2775 = ( BOUNDED_SURFACE() B_SPLINE_SURFACE(1,3,(
    (#2776,#2777,#2778,#2779,#2780,#2781,#2782,#2783,#2784,#2785,#2786
      ,#2787,#2788,#2789,#2790,#2791,#2792,#2793,#2794,#2795,#2796,#2797
      )
    ,(#2798,#2799,#2800,#2801,#2802,#2803,#2804,#2805,#2806,#2807,#2808
      ,#2809,#2810,#2811,#2812,#2813,#2814,#2815,#2816,#2817,#2818,#2819
)),.UNSPECIFIED.,.F.,.F.,.F.) B_SPLINE_SURFACE_WITH_KNOTS((2,2),(4,1,1,1
    ,1,1,1,1,1,1,1,1,1,1,1,1,1,1,1,4),(4.,5.),(0.,5.218380768594E-02,
    0.104924849979,0.158249728388,0.212037422186,0.266073258756,
    0.320098130577,0.373854821642,0.427134464983,0.479826107743,
    0.531971081028,0.583831321693,0.635742389654,0.687819682816,
    0.740024789052,0.792245645251,0.844362126807,0.89631140842,
0.94815736877,1.),.UNSPECIFIED.) GEOMETRIC_REPRESENTATION_ITEM() 
RATIONAL_B_SPLINE_SURFACE((
    (1.,1.000000000002,0.999999999999,1.,1.,1.,1.,1.,1.,1.,1.,1.,1.,1.
      ,1.,1.,1.,1.000000000001,0.999999999997,1.000000000012
      ,0.999999999975,1.)
    ,(1.,1.000000000002,0.999999999999,1.,1.,1.,1.,1.,1.,1.,1.,1.,1.,1.
      ,1.,1.,1.,1.000000000001,0.999999999997,1.000000000012
,0.999999999975,1.))) REPRESENTATION_ITEM('') SURFACE() );
#2776 = CARTESIAN_POINT('',(-3.107447401925,408.89937137394,
    2.765731300458E-02));
#2777 = CARTESIAN_POINT('',(-4.49312203538,408.97199997384,
    5.176888446046E-02));
#2778 = CARTESIAN_POINT('',(-7.26423999587,409.21535326029,
    0.130329089944));
#2779 = CARTESIAN_POINT('',(-11.36119057173,409.86598535128,
    0.318764651138));
#2780 = CARTESIAN_POINT('',(-15.3973140826,410.79933877724,
    0.560043008674));
#2781 = CARTESIAN_POINT('',(-19.35536147248,412.0104851413,
    0.836196667299));
#2782 = CARTESIAN_POINT('',(-23.21806081391,413.4935905422,
    1.129382152128));
#2783 = CARTESIAN_POINT('',(-26.96826148564,415.24190871923,
    1.421876983856));
#2784 = CARTESIAN_POINT('',(-30.58917530534,417.2478077257,
    1.695703802211));
#2785 = CARTESIAN_POINT('',(-34.06466373495,419.50299389977,
    1.933760735404));
#2786 = CARTESIAN_POINT('',(-37.37902159097,421.99839352779,
    2.115357882218));
#2787 = CARTESIAN_POINT('',(-40.5181764952,424.72544602721,
    2.232209976247));
#2788 = CARTESIAN_POINT('',(-43.46142074068,427.66835625799,
    2.228816539417));
#2789 = CARTESIAN_POINT('',(-46.18489357466,430.80211606194,
    2.281567958973));
#2790 = CARTESIAN_POINT('',(-48.67964323679,434.11355437001,
    2.379706081773));
#2791 = CARTESIAN_POINT('',(-50.93592606361,437.58835099498,
    2.500100527067));
#2792 = CARTESIAN_POINT('',(-52.94450885741,441.21164925348,
    2.623151904594));
#2793 = CARTESIAN_POINT('',(-54.69665776154,444.96804637713,
    2.728397384328));
#2794 = CARTESIAN_POINT('',(-56.18441383282,448.84251622188,
    2.795375328938));
#2795 = CARTESIAN_POINT('',(-57.39878596544,452.81377993364,
    2.803809594474));
#2796 = CARTESIAN_POINT('',(-58.01996932477,455.5065174431,
    2.781691326875));
#2797 = CARTESIAN_POINT('',(-58.2841140172,456.86371589951,2.796875));
#2798 = CARTESIAN_POINT('',(-3.038756459356,410.21007263831,
    5.600605883428E-02));
#2799 = CARTESIAN_POINT('',(-4.393800391112,410.28109576643,
    0.104831991002));
#2800 = CARTESIAN_POINT('',(-7.103662058779,410.51906966071,
    0.26391640715));
#2801 = CARTESIAN_POINT('',(-11.11004846445,411.15531935963,
    0.645498418551));
#2802 = CARTESIAN_POINT('',(-15.05695240285,412.06804076208,
    1.134087092566));
#2803 = CARTESIAN_POINT('',(-18.92750611362,413.25241441715,
    1.693298251281));
#2804 = CARTESIAN_POINT('',(-22.7048194696,414.70273538284,
    2.286998858058));
#2805 = CARTESIAN_POINT('',(-26.37212096859,416.41240652649,
    2.879300892308));
#2806 = CARTESIAN_POINT('',(-29.91299353543,418.37396460756,
    3.433800199477));
#2807 = CARTESIAN_POINT('',(-33.3116553787,420.57929929777,
    3.915865489194));
#2808 = CARTESIAN_POINT('',(-36.55274848212,423.01953746033,
    4.283599711492));
#2809 = CARTESIAN_POINT('',(-39.6225115411,425.6863077466,4.520225201901
    ));
#2810 = CARTESIAN_POINT('',(-42.50069459799,428.56416417228,
    4.51335349232));
#2811 = CARTESIAN_POINT('',(-45.16396434828,431.6286513911,4.62017511692
    ));
#2812 = CARTESIAN_POINT('',(-47.60356691261,434.86688948393,
    4.818904815591));
#2813 = CARTESIAN_POINT('',(-49.80997401378,438.26487481513,
    5.062703567312));
#2814 = CARTESIAN_POINT('',(-51.77415655635,441.80807911196,
    5.311882606801));
#2815 = CARTESIAN_POINT('',(-53.48757374784,445.48144008927,
    5.525004703274));
#2816 = CARTESIAN_POINT('',(-54.94244257976,449.27026375627,
    5.660635041065));
#2817 = CARTESIAN_POINT('',(-56.12997069638,453.1537416469,
    5.677714428938));
#2818 = CARTESIAN_POINT('',(-56.73742263519,455.78695546449,
    5.632924936645));
#2819 = CARTESIAN_POINT('',(-56.99572833893,457.11415270594,5.663671875)
  );
#2820 = DEFINITIONAL_REPRESENTATION('',(#2821),#2827);
#2821 = B_SPLINE_CURVE_WITH_KNOTS('',4,(#2822,#2823,#2824,#2825,#2826),
  .UNSPECIFIED.,.F.,.F.,(5,5),(0.,1.),.PIECEWISE_BEZIER_KNOTS.);
#2822 = CARTESIAN_POINT('',(5.,0.952017083101));
#2823 = CARTESIAN_POINT('',(4.750112985817,0.953117838399));
#2824 = CARTESIAN_POINT('',(4.500154107945,0.954201784525));
#2825 = CARTESIAN_POINT('',(4.25011665468,0.955269529487));
#2826 = CARTESIAN_POINT('',(4.,0.956321601821));
#2827 = ( GEOMETRIC_REPRESENTATION_CONTEXT(2) 
PARAMETRIC_REPRESENTATION_CONTEXT() REPRESENTATION_CONTEXT('2D SPACE',''
  ) );
#2828 = ORIENTED_EDGE('',*,*,#2829,.T.);
#2829 = EDGE_CURVE('',#2756,#2830,#2832,.T.);
#2830 = VERTEX_POINT('',#2831);
#2831 = CARTESIAN_POINT('',(-58.87117710458,453.457,0.768135122888));
#2832 = SURFACE_CURVE('',#2833,(#2839,#2848),.PCURVE_S1.);
#2833 = B_SPLINE_CURVE_WITH_KNOTS('',4,(#2834,#2835,#2836,#2837,#2838),
  .UNSPECIFIED.,.F.,.F.,(5,5),(0.,1.),.PIECEWISE_BEZIER_KNOTS.);
#2834 = CARTESIAN_POINT('',(-57.51727225571,453.457,2.794539907368));
#2835 = CARTESIAN_POINT('',(-57.85582922258,453.457,2.287934582791));
#2836 = CARTESIAN_POINT('',(-58.19432915046,453.457,1.781330023943));
#2837 = CARTESIAN_POINT('',(-58.53277816807,453.457,1.274730535368));
#2838 = CARTESIAN_POINT('',(-58.87117710458,453.457,0.768135122888));
#2839 = PCURVE('',#172,#2840);
#2840 = DEFINITIONAL_REPRESENTATION('',(#2841),#2847);
#2841 = B_SPLINE_CURVE_WITH_KNOTS('',4,(#2842,#2843,#2844,#2845,#2846),
  .UNSPECIFIED.,.F.,.F.,(5,5),(0.,1.),.PIECEWISE_BEZIER_KNOTS.);
#2842 = CARTESIAN_POINT('',(3.136727744285,-2.794539907368));
#2843 = CARTESIAN_POINT('',(2.79817077742,-2.287934582791));
#2844 = CARTESIAN_POINT('',(2.459670849539,-1.781330023943));
#2845 = CARTESIAN_POINT('',(2.121221831925,-1.274730535368));
#2846 = CARTESIAN_POINT('',(1.78282289542,-0.768135122888));
#2847 = ( GEOMETRIC_REPRESENTATION_CONTEXT(2) 
PARAMETRIC_REPRESENTATION_CONTEXT() REPRESENTATION_CONTEXT('2D SPACE',''
  ) );
#2848 = PCURVE('',#2849,#2894);
#2849 = ( BOUNDED_SURFACE() B_SPLINE_SURFACE(1,3,(
    (#2850,#2851,#2852,#2853,#2854,#2855,#2856,#2857,#2858,#2859,#2860
      ,#2861,#2862,#2863,#2864,#2865,#2866,#2867,#2868,#2869,#2870,#2871
      )
    ,(#2872,#2873,#2874,#2875,#2876,#2877,#2878,#2879,#2880,#2881,#2882
      ,#2883,#2884,#2885,#2886,#2887,#2888,#2889,#2890,#2891,#2892,#2893
)),.UNSPECIFIED.,.F.,.F.,.F.) B_SPLINE_SURFACE_WITH_KNOTS((2,2),(4,1,1,1
    ,1,1,1,1,1,1,1,1,1,1,1,1,1,1,1,4),(3.,4.),(0.,5.218380768594E-02,
    0.104924849979,0.158249728388,0.212037422186,0.266073258756,
    0.320098130577,0.373854821642,0.427134464983,0.479826107743,
    0.531971081028,0.583831321693,0.635742389654,0.687819682816,
    0.740024789052,0.792245645251,0.844362126807,0.89631140842,
0.94815736877,1.),.UNSPECIFIED.) GEOMETRIC_REPRESENTATION_ITEM() 
RATIONAL_B_SPLINE_SURFACE((
    (1.,1.000000000002,0.999999999999,1.,1.,1.,1.,1.,1.,1.,1.,1.,1.,1.
      ,1.,1.,1.,1.000000000001,0.999999999997,1.000000000012
      ,0.999999999975,1.)
    ,(1.,1.000000000002,0.999999999999,1.,1.,1.,1.,1.,1.,1.,1.,1.,1.,1.
      ,1.,1.,1.,1.000000000001,0.999999999997,1.000000000012
,0.999999999975,1.))) REPRESENTATION_ITEM('') SURFACE() );
#2850 = CARTESIAN_POINT('',(-3.176138344494,407.58867010958,
    7.60576107626E-03));
#2851 = CARTESIAN_POINT('',(-4.592443681306,407.66290418354,
    1.423644321651E-02));
#2852 = CARTESIAN_POINT('',(-7.424817932183,407.91163685879,
    3.584049973926E-02));
#2853 = CARTESIAN_POINT('',(-11.61233267923,408.57665134323,
    8.76602790617E-02));
#2854 = CARTESIAN_POINT('',(-15.73767576229,409.53063679233,
    0.154011827386));
#2855 = CARTESIAN_POINT('',(-19.78321683135,410.76855586548,
    0.229954083507));
#2856 = CARTESIAN_POINT('',(-23.73130215822,412.28444570156,
    0.310580091835));
#2857 = CARTESIAN_POINT('',(-27.5644020027,414.07141091197,0.39101617056
    ));
#2858 = CARTESIAN_POINT('',(-31.26535707524,416.12165084385,
    0.466318545608));
#2859 = CARTESIAN_POINT('',(-34.81767209119,418.42668850176,
    0.531784202236));
#2860 = CARTESIAN_POINT('',(-38.20529469982,420.97724959524,
    0.58172341761));
#2861 = CARTESIAN_POINT('',(-41.41384144931,423.76458430781,
    0.613857743468));
#2862 = CARTESIAN_POINT('',(-44.42214688337,426.77254834369,
    0.61292454834));
#2863 = CARTESIAN_POINT('',(-47.20582280105,429.97558073279,
    0.627431188718));
#2864 = CARTESIAN_POINT('',(-49.75571956097,433.36021925607,
    0.654419172488));
#2865 = CARTESIAN_POINT('',(-52.06187811344,436.91182717494,
    0.687527644944));
#2866 = CARTESIAN_POINT('',(-54.11486115848,440.61521939464,
    0.721366773763));
#2867 = CARTESIAN_POINT('',(-55.90574177514,444.45465266634,
    0.750309280691));
#2868 = CARTESIAN_POINT('',(-57.42638508623,448.4147686825,
    0.768728215454));
#2869 = CARTESIAN_POINT('',(-58.66760123315,452.47381823893,
    0.771047638493));
#2870 = CARTESIAN_POINT('',(-59.30251601727,455.22607938175,
    0.764965114862));
#2871 = CARTESIAN_POINT('',(-59.57249969548,456.61327909308,0.769140625)
  );
#2872 = CARTESIAN_POINT('',(-3.107447401925,408.89937137394,
    2.765731300458E-02));
#2873 = CARTESIAN_POINT('',(-4.49312203538,408.97199997384,
    5.176888446046E-02));
#2874 = CARTESIAN_POINT('',(-7.26423999587,409.21535326029,
    0.130329089944));
#2875 = CARTESIAN_POINT('',(-11.36119057173,409.86598535128,
    0.318764651138));
#2876 = CARTESIAN_POINT('',(-15.3973140826,410.79933877724,
    0.560043008674));
#2877 = CARTESIAN_POINT('',(-19.35536147248,412.0104851413,
    0.836196667299));
#2878 = CARTESIAN_POINT('',(-23.21806081391,413.4935905422,
    1.129382152128));
#2879 = CARTESIAN_POINT('',(-26.96826148564,415.24190871923,
    1.421876983856));
#2880 = CARTESIAN_POINT('',(-30.58917530534,417.2478077257,
    1.695703802211));
#2881 = CARTESIAN_POINT('',(-34.06466373495,419.50299389977,
    1.933760735404));
#2882 = CARTESIAN_POINT('',(-37.37902159097,421.99839352779,
    2.115357882218));
#2883 = CARTESIAN_POINT('',(-40.5181764952,424.72544602721,
    2.232209976247));
#2884 = CARTESIAN_POINT('',(-43.46142074068,427.66835625799,
    2.228816539417));
#2885 = CARTESIAN_POINT('',(-46.18489357466,430.80211606194,
    2.281567958973));
#2886 = CARTESIAN_POINT('',(-48.67964323679,434.11355437001,
    2.379706081773));
#2887 = CARTESIAN_POINT('',(-50.93592606361,437.58835099498,
    2.500100527067));
#2888 = CARTESIAN_POINT('',(-52.94450885741,441.21164925348,
    2.623151904594));
#2889 = CARTESIAN_POINT('',(-54.69665776154,444.96804637713,
    2.728397384328));
#2890 = CARTESIAN_POINT('',(-56.18441383282,448.84251622188,
    2.795375328938));
#2891 = CARTESIAN_POINT('',(-57.39878596544,452.81377993364,
    2.803809594474));
#2892 = CARTESIAN_POINT('',(-58.01996932477,455.5065174431,
    2.781691326875));
#2893 = CARTESIAN_POINT('',(-58.2841140172,456.86371589951,2.796875));
#2894 = DEFINITIONAL_REPRESENTATION('',(#2895),#2901);
#2895 = B_SPLINE_CURVE_WITH_KNOTS('',4,(#2896,#2897,#2898,#2899,#2900),
  .UNSPECIFIED.,.F.,.F.,(5,5),(0.,1.),.PIECEWISE_BEZIER_KNOTS.);
#2896 = CARTESIAN_POINT('',(4.,0.956321601821));
#2897 = CARTESIAN_POINT('',(3.750117822654,0.957372687885));
#2898 = CARTESIAN_POINT('',(3.500156746909,0.958408130389));
#2899 = CARTESIAN_POINT('',(3.250116409855,0.9594284557));
#2900 = CARTESIAN_POINT('',(3.,0.960434131875));
#2901 = ( GEOMETRIC_REPRESENTATION_CONTEXT(2) 
PARAMETRIC_REPRESENTATION_CONTEXT() REPRESENTATION_CONTEXT('2D SPACE',''
  ) );
#2902 = ORIENTED_EDGE('',*,*,#2903,.T.);
#2903 = EDGE_CURVE('',#2830,#2379,#2904,.T.);
#2904 = SURFACE_CURVE('',#2905,(#2911,#2920),.PCURVE_S1.);
#2905 = B_SPLINE_CURVE_WITH_KNOTS('',4,(#2906,#2907,#2908,#2909,#2910),
  .UNSPECIFIED.,.F.,.F.,(5,5),(0.,1.),.PIECEWISE_BEZIER_KNOTS.);
#2906 = CARTESIAN_POINT('',(-58.87117710458,453.457,0.768135122888));
#2907 = CARTESIAN_POINT('',(-59.20927166483,453.457,0.576096013964));
#2908 = CARTESIAN_POINT('',(-59.54731384629,453.457,0.384061126348));
#2909 = CARTESIAN_POINT('',(-59.8853053493,453.457,0.192030216201));
#2910 = CARTESIAN_POINT('',(-60.22324661138,453.457,0.));
#2911 = PCURVE('',#172,#2912);
#2912 = DEFINITIONAL_REPRESENTATION('',(#2913),#2919);
#2913 = B_SPLINE_CURVE_WITH_KNOTS('',4,(#2914,#2915,#2916,#2917,#2918),
  .UNSPECIFIED.,.F.,.F.,(5,5),(0.,1.),.PIECEWISE_BEZIER_KNOTS.);
#2914 = CARTESIAN_POINT('',(1.78282289542,-0.768135122888));
#2915 = CARTESIAN_POINT('',(1.444728335167,-0.576096013964));
#2916 = CARTESIAN_POINT('',(1.106686153703,-0.384061126348));
#2917 = CARTESIAN_POINT('',(0.768694650697,-0.192030216201));
#2918 = CARTESIAN_POINT('',(0.430753388614,0.));
#2919 = ( GEOMETRIC_REPRESENTATION_CONTEXT(2) 
PARAMETRIC_REPRESENTATION_CONTEXT() REPRESENTATION_CONTEXT('2D SPACE',''
  ) );
#2920 = PCURVE('',#2921,#2966);
#2921 = ( BOUNDED_SURFACE() B_SPLINE_SURFACE(1,3,(
    (#2922,#2923,#2924,#2925,#2926,#2927,#2928,#2929,#2930,#2931,#2932
      ,#2933,#2934,#2935,#2936,#2937,#2938,#2939,#2940,#2941,#2942,#2943
      )
    ,(#2944,#2945,#2946,#2947,#2948,#2949,#2950,#2951,#2952,#2953,#2954
      ,#2955,#2956,#2957,#2958,#2959,#2960,#2961,#2962,#2963,#2964,#2965
)),.UNSPECIFIED.,.F.,.F.,.F.) B_SPLINE_SURFACE_WITH_KNOTS((2,2),(4,1,1,1
    ,1,1,1,1,1,1,1,1,1,1,1,1,1,1,1,4),(2.,3.),(0.,5.218380768594E-02,
    0.104924849979,0.158249728388,0.212037422186,0.266073258756,
    0.320098130577,0.373854821642,0.427134464983,0.479826107743,
    0.531971081028,0.583831321693,0.635742389654,0.687819682816,
    0.740024789052,0.792245645251,0.844362126807,0.89631140842,
0.94815736877,1.),.UNSPECIFIED.) GEOMETRIC_REPRESENTATION_ITEM() 
RATIONAL_B_SPLINE_SURFACE((
    (1.,1.000000000002,0.999999999999,1.,1.,1.,1.,1.,1.,1.,1.,1.,1.,1.
      ,1.,1.,1.,1.000000000001,0.999999999997,1.000000000012
      ,0.999999999975,1.)
    ,(1.,1.000000000002,0.999999999999,1.,1.,1.,1.,1.,1.,1.,1.,1.,1.,1.
      ,1.,1.,1.,1.000000000001,0.999999999997,1.000000000012
,0.999999999975,1.))) REPRESENTATION_ITEM('') SURFACE() );
#2922 = CARTESIAN_POINT('',(-3.244829287063,406.27796884521,0.));
#2923 = CARTESIAN_POINT('',(-4.691765325467,406.35380838813,0.));
#2924 = CARTESIAN_POINT('',(-7.585395869324,406.60792045969,0.));
#2925 = CARTESIAN_POINT('',(-11.8634747865,407.28731733452,0.));
#2926 = CARTESIAN_POINT('',(-16.07803744204,408.26193480759,0.));
#2927 = CARTESIAN_POINT('',(-20.21107219021,409.5266265896,0.));
#2928 = CARTESIAN_POINT('',(-24.24454350253,411.07530086092,0.));
#2929 = CARTESIAN_POINT('',(-28.16054251975,412.9009131047,0.));
#2930 = CARTESIAN_POINT('',(-31.94153884515,414.995493962,0.));
#2931 = CARTESIAN_POINT('',(-35.57068044744,417.35038310376,0.));
#2932 = CARTESIAN_POINT('',(-39.03156780867,419.9561056627,0.));
#2933 = CARTESIAN_POINT('',(-42.30950640341,422.80372258841,0.));
#2934 = CARTESIAN_POINT('',(-45.38287302606,425.87674042939,0.));
#2935 = CARTESIAN_POINT('',(-48.22675202744,429.14904540363,0.));
#2936 = CARTESIAN_POINT('',(-50.83179588515,432.60688414214,0.));
#2937 = CARTESIAN_POINT('',(-53.18783016326,436.23530335481,0.));
#2938 = CARTESIAN_POINT('',(-55.28521345954,440.01878953607,0.));
#2939 = CARTESIAN_POINT('',(-57.11482578882,443.94125895454,0.));
#2940 = CARTESIAN_POINT('',(-58.66835633938,447.98702114686,0.));
#2941 = CARTESIAN_POINT('',(-59.93641650185,452.13385653031,0.));
#2942 = CARTESIAN_POINT('',(-60.58506270763,454.94564135035,0.));
#2943 = CARTESIAN_POINT('',(-60.86088537375,456.36284228665,0.));
#2944 = CARTESIAN_POINT('',(-3.176138344494,407.58867010958,
    7.60576107626E-03));
#2945 = CARTESIAN_POINT('',(-4.592443681306,407.66290418354,
    1.423644321651E-02));
#2946 = CARTESIAN_POINT('',(-7.424817932183,407.91163685879,
    3.584049973926E-02));
#2947 = CARTESIAN_POINT('',(-11.61233267923,408.57665134323,
    8.76602790617E-02));
#2948 = CARTESIAN_POINT('',(-15.73767576229,409.53063679233,
    0.154011827386));
#2949 = CARTESIAN_POINT('',(-19.78321683135,410.76855586548,
    0.229954083507));
#2950 = CARTESIAN_POINT('',(-23.73130215822,412.28444570156,
    0.310580091835));
#2951 = CARTESIAN_POINT('',(-27.5644020027,414.07141091197,0.39101617056
    ));
#2952 = CARTESIAN_POINT('',(-31.26535707524,416.12165084385,
    0.466318545608));
#2953 = CARTESIAN_POINT('',(-34.81767209119,418.42668850176,
    0.531784202236));
#2954 = CARTESIAN_POINT('',(-38.20529469982,420.97724959524,
    0.58172341761));
#2955 = CARTESIAN_POINT('',(-41.41384144931,423.76458430781,
    0.613857743468));
#2956 = CARTESIAN_POINT('',(-44.42214688337,426.77254834369,
    0.61292454834));
#2957 = CARTESIAN_POINT('',(-47.20582280105,429.97558073279,
    0.627431188718));
#2958 = CARTESIAN_POINT('',(-49.75571956097,433.36021925607,
    0.654419172488));
#2959 = CARTESIAN_POINT('',(-52.06187811344,436.91182717494,
    0.687527644944));
#2960 = CARTESIAN_POINT('',(-54.11486115848,440.61521939464,
    0.721366773763));
#2961 = CARTESIAN_POINT('',(-55.90574177514,444.45465266634,
    0.750309280691));
#2962 = CARTESIAN_POINT('',(-57.42638508623,448.4147686825,
    0.768728215454));
#2963 = CARTESIAN_POINT('',(-58.66760123315,452.47381823893,
    0.771047638493));
#2964 = CARTESIAN_POINT('',(-59.30251601727,455.22607938175,
    0.764965114862));
#2965 = CARTESIAN_POINT('',(-59.57249969548,456.61327909308,0.769140625)
  );
#2966 = DEFINITIONAL_REPRESENTATION('',(#2967),#2973);
#2967 = B_SPLINE_CURVE_WITH_KNOTS('',4,(#2968,#2969,#2970,#2971,#2972),
  .UNSPECIFIED.,.F.,.F.,(5,5),(0.,1.),.PIECEWISE_BEZIER_KNOTS.);
#2968 = CARTESIAN_POINT('',(3.,0.960434131875));
#2969 = CARTESIAN_POINT('',(2.750108559384,0.961438903465));
#2970 = CARTESIAN_POINT('',(2.500142949236,0.962429045364));
#2971 = CARTESIAN_POINT('',(2.250105710064,0.963405027741));
#2972 = CARTESIAN_POINT('',(2.,0.964367280163));
#2973 = ( GEOMETRIC_REPRESENTATION_CONTEXT(2) 
PARAMETRIC_REPRESENTATION_CONTEXT() REPRESENTATION_CONTEXT('2D SPACE',''
  ) );
#2974 = ADVANCED_FACE('',(#2975),#283,.F.);
#2975 = FACE_BOUND('',#2976,.F.);
#2976 = EDGE_LOOP('',(#2977,#3019,#3038,#3039));
#2977 = ORIENTED_EDGE('',*,*,#2978,.F.);
#2978 = EDGE_CURVE('',#2979,#2431,#2981,.T.);
#2979 = VERTEX_POINT('',#2980);
#2980 = CARTESIAN_POINT('',(-2.76399268908,415.45287769577,
    0.169401042153));
#2981 = SURFACE_CURVE('',#2982,(#3005,#3012),.PCURVE_S1.);
#2982 = ( BOUNDED_CURVE() B_SPLINE_CURVE(3,(#2983,#2984,#2985,#2986,
    #2987,#2988,#2989,#2990,#2991,#2992,#2993,#2994,#2995,#2996,#2997,
    #2998,#2999,#3000,#3001,#3002,#3003,#3004),.UNSPECIFIED.,.F.,.F.) 
B_SPLINE_CURVE_WITH_KNOTS((4,1,1,1,1,1,1,1,1,1,1,1,1,1,1,1,1,1,1,4),(0.,
    5.218380768594E-02,0.104924849979,0.158249728388,0.212037422186,
    0.266073258756,0.320098130577,0.373854821642,0.427134464983,
    0.479826107743,0.531971081028,0.583831321693,0.635742389654,
    0.687819682816,0.740024789052,0.792245645251,0.844362126807,
0.89631140842,0.94815736877,1.),.UNSPECIFIED.) CURVE() 
GEOMETRIC_REPRESENTATION_ITEM() RATIONAL_B_SPLINE_CURVE((1.,
    1.000000000002,0.999999999999,1.,1.,1.,1.,1.,1.,1.,1.,1.,1.,1.,1.,1.
    ,1.,1.000000000001,0.999999999997,1.000000000012,0.999999999975,1.))
 REPRESENTATION_ITEM('') );
#2983 = CARTESIAN_POINT('',(-2.76399268908,415.45287769577,
    0.169401042153));
#2984 = CARTESIAN_POINT('',(-3.996513810377,415.51747892336,
    0.317084417103));
#2985 = CARTESIAN_POINT('',(-6.461350312134,415.73393526871,
    0.798265676007));
#2986 = CARTESIAN_POINT('',(-10.10548003485,416.31265539131,
    1.952433488193));
#2987 = CARTESIAN_POINT('',(-13.695505684,417.14284870189,3.430263428136
    ));
#2988 = CARTESIAN_POINT('',(-17.21608467815,418.22013152041,
    5.121704587206));
#2989 = CARTESIAN_POINT('',(-20.65185409237,419.53931474543,
    6.917465681782));
#2990 = CARTESIAN_POINT('',(-23.98755890039,421.09439775552,
    8.708996526117));
#2991 = CARTESIAN_POINT('',(-27.2082664558,422.87859213497,
    10.38618578854));
#2992 = CARTESIAN_POINT('',(-30.29962195371,424.88452088979,
    11.844284504351));
#2993 = CARTESIAN_POINT('',(-33.2476560467,427.1041131905,
    12.956567028587));
#2994 = CARTESIAN_POINT('',(-36.03985172468,429.5297546242,
    13.672286104514));
#2995 = CARTESIAN_POINT('',(-38.65779002724,432.14739582947,
    13.651501303931));
#2996 = CARTESIAN_POINT('',(-41.08024744273,434.93479270773,
    13.974603748709));
#2997 = CARTESIAN_POINT('',(-43.29926161588,437.88022993964,
    14.575699750861));
#2998 = CARTESIAN_POINT('',(-45.30616581447,440.97097009555,
    15.313115728289));
#2999 = CARTESIAN_POINT('',(-47.09274735212,444.19379854648,
    16.066805415635));
#3000 = CARTESIAN_POINT('',(-48.65123769312,447.5350149356,
    16.711433979028));
#3001 = CARTESIAN_POINT('',(-49.9745575672,450.98125390206,
    17.121673889677));
#3002 = CARTESIAN_POINT('',(-51.05470962145,454.51358846935,
    17.173333766404));
#3003 = CARTESIAN_POINT('',(-51.60723587405,456.90870761601,
    17.037859376566));
#3004 = CARTESIAN_POINT('',(-51.84218562583,458.11589993167,17.130859375
    ));
#3005 = PCURVE('',#283,#3006);
#3006 = DEFINITIONAL_REPRESENTATION('',(#3007),#3011);
#3007 = LINE('',#3008,#3009);
#3008 = CARTESIAN_POINT('',(9.,0.));
#3009 = VECTOR('',#3010,1.);
#3010 = DIRECTION('',(0.,1.));
#3011 = ( GEOMETRIC_REPRESENTATION_CONTEXT(2) 
PARAMETRIC_REPRESENTATION_CONTEXT() REPRESENTATION_CONTEXT('2D SPACE',''
  ) );
#3012 = PCURVE('',#2479,#3013);
#3013 = DEFINITIONAL_REPRESENTATION('',(#3014),#3018);
#3014 = LINE('',#3015,#3016);
#3015 = CARTESIAN_POINT('',(9.,0.));
#3016 = VECTOR('',#3017,1.);
#3017 = DIRECTION('',(0.,1.));
#3018 = ( GEOMETRIC_REPRESENTATION_CONTEXT(2) 
PARAMETRIC_REPRESENTATION_CONTEXT() REPRESENTATION_CONTEXT('2D SPACE',''
  ) );
#3019 = ORIENTED_EDGE('',*,*,#3020,.T.);
#3020 = EDGE_CURVE('',#2979,#247,#3021,.T.);
#3021 = SURFACE_CURVE('',#3022,(#3025,#3032),.PCURVE_S1.);
#3022 = B_SPLINE_CURVE_WITH_KNOTS('',1,(#3023,#3024),.UNSPECIFIED.,.F.,
  .F.,(2,2),(9.,10.),.PIECEWISE_BEZIER_KNOTS.);
#3023 = CARTESIAN_POINT('',(-2.76399268908,415.45287769577,
    0.169401042153));
#3024 = CARTESIAN_POINT('',(-2.695301746512,416.76357896014,
    0.177006803229));
#3025 = PCURVE('',#283,#3026);
#3026 = DEFINITIONAL_REPRESENTATION('',(#3027),#3031);
#3027 = LINE('',#3028,#3029);
#3028 = CARTESIAN_POINT('',(0.,0.));
#3029 = VECTOR('',#3030,1.);
#3030 = DIRECTION('',(1.,0.));
#3031 = ( GEOMETRIC_REPRESENTATION_CONTEXT(2) 
PARAMETRIC_REPRESENTATION_CONTEXT() REPRESENTATION_CONTEXT('2D SPACE',''
  ) );
#3032 = PCURVE('',#350,#3033);
#3033 = DEFINITIONAL_REPRESENTATION('',(#3034),#3037);
#3034 = B_SPLINE_CURVE_WITH_KNOTS('',1,(#3035,#3036),.UNSPECIFIED.,.F.,
  .F.,(2,2),(9.,10.),.PIECEWISE_BEZIER_KNOTS.);
#3035 = CARTESIAN_POINT('',(16.822262758996,0.346019757432));
#3036 = CARTESIAN_POINT('',(15.510151625304,0.378859831186));
#3037 = ( GEOMETRIC_REPRESENTATION_CONTEXT(2) 
PARAMETRIC_REPRESENTATION_CONTEXT() REPRESENTATION_CONTEXT('2D SPACE',''
  ) );
#3038 = ORIENTED_EDGE('',*,*,#246,.T.);
#3039 = ORIENTED_EDGE('',*,*,#2430,.T.);
#3040 = ADVANCED_FACE('',(#3041),#350,.T.);
#3041 = FACE_BOUND('',#3042,.T.);
#3042 = EDGE_LOOP('',(#3043,#3044,#3045,#3066,#3087,#3108,#3129,#3150,
    #3171,#3192,#3213,#3232));
#3043 = ORIENTED_EDGE('',*,*,#335,.T.);
#3044 = ORIENTED_EDGE('',*,*,#1562,.T.);
#3045 = ORIENTED_EDGE('',*,*,#3046,.F.);
#3046 = EDGE_CURVE('',#3047,#1533,#3049,.T.);
#3047 = VERTEX_POINT('',#3048);
#3048 = CARTESIAN_POINT('',(-3.209337151434,406.95519913647,0.));
#3049 = SURFACE_CURVE('',#3050,(#3054,#3060),.PCURVE_S1.);
#3050 = LINE('',#3051,#3052);
#3051 = CARTESIAN_POINT('',(-7.256952266223,329.72210187188,
    -2.775557561563E-17));
#3052 = VECTOR('',#3053,1.);
#3053 = DIRECTION('',(5.233595624294E-02,0.998629534755,0.));
#3054 = PCURVE('',#350,#3055);
#3055 = DEFINITIONAL_REPRESENTATION('',(#3056),#3059);
#3056 = B_SPLINE_CURVE_WITH_KNOTS('',1,(#3057,#3058),.UNSPECIFIED.,.F.,
  .F.,(2,2),(76.660928110991,102.6705434956),.PIECEWISE_BEZIER_KNOTS.);
#3057 = CARTESIAN_POINT('',(26.004807247892,0.));
#3058 = CARTESIAN_POINT('',(-1.42108547152E-14,0.500092447075));
#3059 = ( GEOMETRIC_REPRESENTATION_CONTEXT(2) 
PARAMETRIC_REPRESENTATION_CONTEXT() REPRESENTATION_CONTEXT('2D SPACE',''
  ) );
#3060 = PCURVE('',#1549,#3061);
#3061 = DEFINITIONAL_REPRESENTATION('',(#3062),#3065);
#3062 = B_SPLINE_CURVE_WITH_KNOTS('',1,(#3063,#3064),.UNSPECIFIED.,.F.,
  .F.,(2,2),(76.660928110991,102.6705434956),.PIECEWISE_BEZIER_KNOTS.);
#3063 = CARTESIAN_POINT('',(3.244490851438,179.73798441413));
#3064 = CARTESIAN_POINT('',(1.883252758773,205.71195452482));
#3065 = ( GEOMETRIC_REPRESENTATION_CONTEXT(2) 
PARAMETRIC_REPRESENTATION_CONTEXT() REPRESENTATION_CONTEXT('2D SPACE',''
  ) );
#3066 = ORIENTED_EDGE('',*,*,#3067,.F.);
#3067 = EDGE_CURVE('',#3068,#3047,#3070,.T.);
#3068 = VERTEX_POINT('',#3069);
#3069 = CARTESIAN_POINT('',(-3.209337151434,406.95519913647,
    3.929844220782E-03));
#3070 = SURFACE_CURVE('',#3071,(#3075,#3081),.PCURVE_S1.);
#3071 = LINE('',#3072,#3073);
#3072 = CARTESIAN_POINT('',(-3.209337151434,406.95519913647,0.));
#3073 = VECTOR('',#3074,1.);
#3074 = DIRECTION('',(-0.,-0.,-1.));
#3075 = PCURVE('',#350,#3076);
#3076 = DEFINITIONAL_REPRESENTATION('',(#3077),#3080);
#3077 = B_SPLINE_CURVE_WITH_KNOTS('',1,(#3078,#3079),.UNSPECIFIED.,.F.,
  .F.,(2,2),(-0.781665951138,6.E-07),.PIECEWISE_BEZIER_KNOTS.);
#3078 = CARTESIAN_POINT('',(25.34180218563,0.794560573951));
#3079 = CARTESIAN_POINT('',(25.326772915394,1.303852166787E-02));
#3080 = ( GEOMETRIC_REPRESENTATION_CONTEXT(2) 
PARAMETRIC_REPRESENTATION_CONTEXT() REPRESENTATION_CONTEXT('2D SPACE',''
  ) );
#3081 = PCURVE('',#2296,#3082);
#3082 = DEFINITIONAL_REPRESENTATION('',(#3083),#3086);
#3083 = B_SPLINE_CURVE_WITH_KNOTS('',1,(#3084,#3085),.UNSPECIFIED.,.F.,
  .F.,(2,2),(-0.781665951138,6.E-07),.PIECEWISE_BEZIER_KNOTS.);
#3084 = CARTESIAN_POINT('',(-1.649153000041,-0.781665951138));
#3085 = CARTESIAN_POINT('',(-1.649153000041,6.E-07));
#3086 = ( GEOMETRIC_REPRESENTATION_CONTEXT(2) 
PARAMETRIC_REPRESENTATION_CONTEXT() REPRESENTATION_CONTEXT('2D SPACE',''
  ) );
#3087 = ORIENTED_EDGE('',*,*,#3088,.T.);
#3088 = EDGE_CURVE('',#3068,#3089,#3091,.T.);
#3089 = VERTEX_POINT('',#3090);
#3090 = CARTESIAN_POINT('',(-3.176138344494,407.58867010958,
    7.60576107626E-03));
#3091 = SURFACE_CURVE('',#3092,(#3095,#3101),.PCURVE_S1.);
#3092 = B_SPLINE_CURVE_WITH_KNOTS('',1,(#3093,#3094),.UNSPECIFIED.,.F.,
  .F.,(2,2),(2.,3.),.PIECEWISE_BEZIER_KNOTS.);
#3093 = CARTESIAN_POINT('',(-3.244829287063,406.27796884521,0.));
#3094 = CARTESIAN_POINT('',(-3.176138344494,407.58867010958,
    7.60576107626E-03));
#3095 = PCURVE('',#350,#3096);
#3096 = DEFINITIONAL_REPRESENTATION('',(#3097),#3100);
#3097 = B_SPLINE_CURVE_WITH_KNOTS('',1,(#3098,#3099),.UNSPECIFIED.,.F.,
  .F.,(2,2),(2.,3.),.PIECEWISE_BEZIER_KNOTS.);
#3098 = CARTESIAN_POINT('',(26.004807247892,0.));
#3099 = CARTESIAN_POINT('',(24.6926961142,3.284007375413E-02));
#3100 = ( GEOMETRIC_REPRESENTATION_CONTEXT(2) 
PARAMETRIC_REPRESENTATION_CONTEXT() REPRESENTATION_CONTEXT('2D SPACE',''
  ) );
#3101 = PCURVE('',#2921,#3102);
#3102 = DEFINITIONAL_REPRESENTATION('',(#3103),#3107);
#3103 = LINE('',#3104,#3105);
#3104 = CARTESIAN_POINT('',(0.,0.));
#3105 = VECTOR('',#3106,1.);
#3106 = DIRECTION('',(1.,0.));
#3107 = ( GEOMETRIC_REPRESENTATION_CONTEXT(2) 
PARAMETRIC_REPRESENTATION_CONTEXT() REPRESENTATION_CONTEXT('2D SPACE',''
  ) );
#3108 = ORIENTED_EDGE('',*,*,#3109,.T.);
#3109 = EDGE_CURVE('',#3089,#3110,#3112,.T.);
#3110 = VERTEX_POINT('',#3111);
#3111 = CARTESIAN_POINT('',(-3.107447401925,408.89937137394,
    2.765731300458E-02));
#3112 = SURFACE_CURVE('',#3113,(#3116,#3122),.PCURVE_S1.);
#3113 = B_SPLINE_CURVE_WITH_KNOTS('',1,(#3114,#3115),.UNSPECIFIED.,.F.,
  .F.,(2,2),(3.,4.),.PIECEWISE_BEZIER_KNOTS.);
#3114 = CARTESIAN_POINT('',(-3.176138344494,407.58867010958,
    7.60576107626E-03));
#3115 = CARTESIAN_POINT('',(-3.107447401925,408.89937137394,
    2.765731300458E-02));
#3116 = PCURVE('',#350,#3117);
#3117 = DEFINITIONAL_REPRESENTATION('',(#3118),#3121);
#3118 = B_SPLINE_CURVE_WITH_KNOTS('',1,(#3119,#3120),.UNSPECIFIED.,.F.,
  .F.,(2,2),(3.,4.),.PIECEWISE_BEZIER_KNOTS.);
#3119 = CARTESIAN_POINT('',(24.6926961142,3.284007375413E-02));
#3120 = CARTESIAN_POINT('',(23.380824278396,7.81236376318E-02));
#3121 = ( GEOMETRIC_REPRESENTATION_CONTEXT(2) 
PARAMETRIC_REPRESENTATION_CONTEXT() REPRESENTATION_CONTEXT('2D SPACE',''
  ) );
#3122 = PCURVE('',#2849,#3123);
#3123 = DEFINITIONAL_REPRESENTATION('',(#3124),#3128);
#3124 = LINE('',#3125,#3126);
#3125 = CARTESIAN_POINT('',(0.,0.));
#3126 = VECTOR('',#3127,1.);
#3127 = DIRECTION('',(1.,0.));
#3128 = ( GEOMETRIC_REPRESENTATION_CONTEXT(2) 
PARAMETRIC_REPRESENTATION_CONTEXT() REPRESENTATION_CONTEXT('2D SPACE',''
  ) );
#3129 = ORIENTED_EDGE('',*,*,#3130,.T.);
#3130 = EDGE_CURVE('',#3110,#3131,#3133,.T.);
#3131 = VERTEX_POINT('',#3132);
#3132 = CARTESIAN_POINT('',(-3.038756459356,410.21007263831,
    5.600605883428E-02));
#3133 = SURFACE_CURVE('',#3134,(#3137,#3143),.PCURVE_S1.);
#3134 = B_SPLINE_CURVE_WITH_KNOTS('',1,(#3135,#3136),.UNSPECIFIED.,.F.,
  .F.,(2,2),(4.,5.),.PIECEWISE_BEZIER_KNOTS.);
#3135 = CARTESIAN_POINT('',(-3.107447401925,408.89937137394,
    2.765731300458E-02));
#3136 = CARTESIAN_POINT('',(-3.038756459356,410.21007263831,
    5.600605883428E-02));
#3137 = PCURVE('',#350,#3138);
#3138 = DEFINITIONAL_REPRESENTATION('',(#3139),#3142);
#3139 = B_SPLINE_CURVE_WITH_KNOTS('',1,(#3140,#3141),.UNSPECIFIED.,.F.,
  .F.,(2,2),(4.,5.),.PIECEWISE_BEZIER_KNOTS.);
#3140 = CARTESIAN_POINT('',(23.380824278396,7.81236376318E-02));
#3141 = CARTESIAN_POINT('',(22.069111974516,0.131702861592));
#3142 = ( GEOMETRIC_REPRESENTATION_CONTEXT(2) 
PARAMETRIC_REPRESENTATION_CONTEXT() REPRESENTATION_CONTEXT('2D SPACE',''
  ) );
#3143 = PCURVE('',#2775,#3144);
#3144 = DEFINITIONAL_REPRESENTATION('',(#3145),#3149);
#3145 = LINE('',#3146,#3147);
#3146 = CARTESIAN_POINT('',(0.,0.));
#3147 = VECTOR('',#3148,1.);
#3148 = DIRECTION('',(1.,0.));
#3149 = ( GEOMETRIC_REPRESENTATION_CONTEXT(2) 
PARAMETRIC_REPRESENTATION_CONTEXT() REPRESENTATION_CONTEXT('2D SPACE',''
  ) );
#3150 = ORIENTED_EDGE('',*,*,#3151,.T.);
#3151 = EDGE_CURVE('',#3131,#3152,#3154,.T.);
#3152 = VERTEX_POINT('',#3153);
#3153 = CARTESIAN_POINT('',(-2.970065516787,411.52077390267,
    8.850340161467E-02));
#3154 = SURFACE_CURVE('',#3155,(#3158,#3164),.PCURVE_S1.);
#3155 = B_SPLINE_CURVE_WITH_KNOTS('',1,(#3156,#3157),.UNSPECIFIED.,.F.,
  .F.,(2,2),(5.,6.),.PIECEWISE_BEZIER_KNOTS.);
#3156 = CARTESIAN_POINT('',(-3.038756459356,410.21007263831,
    5.600605883428E-02));
#3157 = CARTESIAN_POINT('',(-2.970065516787,411.52077390267,
    8.850340161467E-02));
#3158 = PCURVE('',#350,#3159);
#3159 = DEFINITIONAL_REPRESENTATION('',(#3160),#3163);
#3160 = B_SPLINE_CURVE_WITH_KNOTS('',1,(#3161,#3162),.UNSPECIFIED.,.F.,
  .F.,(2,2),(5.,6.),.PIECEWISE_BEZIER_KNOTS.);
#3161 = CARTESIAN_POINT('',(22.069111974516,0.131702861592));
#3162 = CARTESIAN_POINT('',(20.757479436598,0.189429915593));
#3163 = ( GEOMETRIC_REPRESENTATION_CONTEXT(2) 
PARAMETRIC_REPRESENTATION_CONTEXT() REPRESENTATION_CONTEXT('2D SPACE',''
  ) );
#3164 = PCURVE('',#2701,#3165);
#3165 = DEFINITIONAL_REPRESENTATION('',(#3166),#3170);
#3166 = LINE('',#3167,#3168);
#3167 = CARTESIAN_POINT('',(0.,0.));
#3168 = VECTOR('',#3169,1.);
#3169 = DIRECTION('',(1.,0.));
#3170 = ( GEOMETRIC_REPRESENTATION_CONTEXT(2) 
PARAMETRIC_REPRESENTATION_CONTEXT() REPRESENTATION_CONTEXT('2D SPACE',''
  ) );
#3171 = ORIENTED_EDGE('',*,*,#3172,.T.);
#3172 = EDGE_CURVE('',#3152,#3173,#3175,.T.);
#3173 = VERTEX_POINT('',#3174);
#3174 = CARTESIAN_POINT('',(-2.901374574218,412.83147516704,
    0.121000744395));
#3175 = SURFACE_CURVE('',#3176,(#3179,#3185),.PCURVE_S1.);
#3176 = B_SPLINE_CURVE_WITH_KNOTS('',1,(#3177,#3178),.UNSPECIFIED.,.F.,
  .F.,(2,2),(6.,7.),.PIECEWISE_BEZIER_KNOTS.);
#3177 = CARTESIAN_POINT('',(-2.970065516787,411.52077390267,
    8.850340161467E-02));
#3178 = CARTESIAN_POINT('',(-2.901374574218,412.83147516704,
    0.121000744395));
#3179 = PCURVE('',#350,#3180);
#3180 = DEFINITIONAL_REPRESENTATION('',(#3181),#3184);
#3181 = B_SPLINE_CURVE_WITH_KNOTS('',1,(#3182,#3183),.UNSPECIFIED.,.F.,
  .F.,(2,2),(6.,7.),.PIECEWISE_BEZIER_KNOTS.);
#3182 = CARTESIAN_POINT('',(20.757479436598,0.189429915593));
#3183 = CARTESIAN_POINT('',(19.44584689868,0.247156969594));
#3184 = ( GEOMETRIC_REPRESENTATION_CONTEXT(2) 
PARAMETRIC_REPRESENTATION_CONTEXT() REPRESENTATION_CONTEXT('2D SPACE',''
  ) );
#3185 = PCURVE('',#2627,#3186);
#3186 = DEFINITIONAL_REPRESENTATION('',(#3187),#3191);
#3187 = LINE('',#3188,#3189);
#3188 = CARTESIAN_POINT('',(0.,0.));
#3189 = VECTOR('',#3190,1.);
#3190 = DIRECTION('',(1.,0.));
#3191 = ( GEOMETRIC_REPRESENTATION_CONTEXT(2) 
PARAMETRIC_REPRESENTATION_CONTEXT() REPRESENTATION_CONTEXT('2D SPACE',''
  ) );
#3192 = ORIENTED_EDGE('',*,*,#3193,.T.);
#3193 = EDGE_CURVE('',#3173,#3194,#3196,.T.);
#3194 = VERTEX_POINT('',#3195);
#3195 = CARTESIAN_POINT('',(-2.832683631649,414.1421764314,
    0.149349490225));
#3196 = SURFACE_CURVE('',#3197,(#3200,#3206),.PCURVE_S1.);
#3197 = B_SPLINE_CURVE_WITH_KNOTS('',1,(#3198,#3199),.UNSPECIFIED.,.F.,
  .F.,(2,2),(7.,8.),.PIECEWISE_BEZIER_KNOTS.);
#3198 = CARTESIAN_POINT('',(-2.901374574218,412.83147516704,
    0.121000744395));
#3199 = CARTESIAN_POINT('',(-2.832683631649,414.1421764314,
    0.149349490225));
#3200 = PCURVE('',#350,#3201);
#3201 = DEFINITIONAL_REPRESENTATION('',(#3202),#3205);
#3202 = B_SPLINE_CURVE_WITH_KNOTS('',1,(#3203,#3204),.UNSPECIFIED.,.F.,
  .F.,(2,2),(7.,8.),.PIECEWISE_BEZIER_KNOTS.);
#3203 = CARTESIAN_POINT('',(19.44584689868,0.247156969594));
#3204 = CARTESIAN_POINT('',(18.134134594801,0.300736193554));
#3205 = ( GEOMETRIC_REPRESENTATION_CONTEXT(2) 
PARAMETRIC_REPRESENTATION_CONTEXT() REPRESENTATION_CONTEXT('2D SPACE',''
  ) );
#3206 = PCURVE('',#2553,#3207);
#3207 = DEFINITIONAL_REPRESENTATION('',(#3208),#3212);
#3208 = LINE('',#3209,#3210);
#3209 = CARTESIAN_POINT('',(0.,0.));
#3210 = VECTOR('',#3211,1.);
#3211 = DIRECTION('',(1.,0.));
#3212 = ( GEOMETRIC_REPRESENTATION_CONTEXT(2) 
PARAMETRIC_REPRESENTATION_CONTEXT() REPRESENTATION_CONTEXT('2D SPACE',''
  ) );
#3213 = ORIENTED_EDGE('',*,*,#3214,.T.);
#3214 = EDGE_CURVE('',#3194,#2979,#3215,.T.);
#3215 = SURFACE_CURVE('',#3216,(#3219,#3225),.PCURVE_S1.);
#3216 = B_SPLINE_CURVE_WITH_KNOTS('',1,(#3217,#3218),.UNSPECIFIED.,.F.,
  .F.,(2,2),(8.,9.),.PIECEWISE_BEZIER_KNOTS.);
#3217 = CARTESIAN_POINT('',(-2.832683631649,414.1421764314,
    0.149349490225));
#3218 = CARTESIAN_POINT('',(-2.76399268908,415.45287769577,
    0.169401042153));
#3219 = PCURVE('',#350,#3220);
#3220 = DEFINITIONAL_REPRESENTATION('',(#3221),#3224);
#3221 = B_SPLINE_CURVE_WITH_KNOTS('',1,(#3222,#3223),.UNSPECIFIED.,.F.,
  .F.,(2,2),(8.,9.),.PIECEWISE_BEZIER_KNOTS.);
#3222 = CARTESIAN_POINT('',(18.134134594801,0.300736193554));
#3223 = CARTESIAN_POINT('',(16.822262758996,0.346019757432));
#3224 = ( GEOMETRIC_REPRESENTATION_CONTEXT(2) 
PARAMETRIC_REPRESENTATION_CONTEXT() REPRESENTATION_CONTEXT('2D SPACE',''
  ) );
#3225 = PCURVE('',#2479,#3226);
#3226 = DEFINITIONAL_REPRESENTATION('',(#3227),#3231);
#3227 = LINE('',#3228,#3229);
#3228 = CARTESIAN_POINT('',(0.,0.));
#3229 = VECTOR('',#3230,1.);
#3230 = DIRECTION('',(1.,0.));
#3231 = ( GEOMETRIC_REPRESENTATION_CONTEXT(2) 
PARAMETRIC_REPRESENTATION_CONTEXT() REPRESENTATION_CONTEXT('2D SPACE',''
  ) );
#3232 = ORIENTED_EDGE('',*,*,#3020,.T.);
#3233 = ADVANCED_FACE('',(#3234),#1155,.F.);
#3234 = FACE_BOUND('',#3235,.T.);
#3235 = EDGE_LOOP('',(#3236,#3237,#3258,#3259,#3260));
#3236 = ORIENTED_EDGE('',*,*,#1201,.T.);
#3237 = ORIENTED_EDGE('',*,*,#3238,.T.);
#3238 = EDGE_CURVE('',#1070,#2346,#3239,.T.);
#3239 = SEAM_CURVE('',#3240,(#3244,#3251),.PCURVE_S1.);
#3240 = LINE('',#3241,#3242);
#3241 = CARTESIAN_POINT('',(-30.36,436.383,0.));
#3242 = VECTOR('',#3243,1.);
#3243 = DIRECTION('',(-0.,-0.,1.));
#3244 = PCURVE('',#1155,#3245);
#3245 = DEFINITIONAL_REPRESENTATION('',(#3246),#3250);
#3246 = LINE('',#3247,#3248);
#3247 = CARTESIAN_POINT('',(-6.28318530718,0.));
#3248 = VECTOR('',#3249,1.);
#3249 = DIRECTION('',(-0.,-1.));
#3250 = ( GEOMETRIC_REPRESENTATION_CONTEXT(2) 
PARAMETRIC_REPRESENTATION_CONTEXT() REPRESENTATION_CONTEXT('2D SPACE',''
  ) );
#3251 = PCURVE('',#1155,#3252);
#3252 = DEFINITIONAL_REPRESENTATION('',(#3253),#3257);
#3253 = LINE('',#3254,#3255);
#3254 = CARTESIAN_POINT('',(-0.,0.));
#3255 = VECTOR('',#3256,1.);
#3256 = DIRECTION('',(-0.,-1.));
#3257 = ( GEOMETRIC_REPRESENTATION_CONTEXT(2) 
PARAMETRIC_REPRESENTATION_CONTEXT() REPRESENTATION_CONTEXT('2D SPACE',''
  ) );
#3258 = ORIENTED_EDGE('',*,*,#2345,.T.);
#3259 = ORIENTED_EDGE('',*,*,#3238,.F.);
#3260 = ORIENTED_EDGE('',*,*,#1069,.T.);
#3261 = ADVANCED_FACE('',(#3262),#1549,.T.);
#3262 = FACE_BOUND('',#3263,.T.);
#3263 = EDGE_LOOP('',(#3264,#3292,#3293,#3294,#3319));
#3264 = ORIENTED_EDGE('',*,*,#3265,.T.);
#3265 = EDGE_CURVE('',#3266,#3047,#3268,.T.);
#3266 = VERTEX_POINT('',#3267);
#3267 = CARTESIAN_POINT('',(3.209337151434,406.95519913647,0.));
#3268 = SURFACE_CURVE('',#3269,(#3274,#3285),.PCURVE_S1.);
#3269 = CIRCLE('',#3270,41.);
#3270 = AXIS2_PLACEMENT_3D('',#3271,#3272,#3273);
#3271 = CARTESIAN_POINT('',(0.,366.081,0.));
#3272 = DIRECTION('',(0.,0.,1.));
#3273 = DIRECTION('',(1.,0.,0.));
#3274 = PCURVE('',#1549,#3275);
#3275 = DEFINITIONAL_REPRESENTATION('',(#3276),#3284);
#3276 = ( BOUNDED_CURVE() B_SPLINE_CURVE(2,(#3277,#3278,#3279,#3280,
#3281,#3282,#3283),.UNSPECIFIED.,.T.,.F.) B_SPLINE_CURVE_WITH_KNOTS((1,2
    ,2,2,2,1),(-2.094395102393,0.,2.094395102393,4.188790204786,
6.28318530718,8.377580409573),.UNSPECIFIED.) CURVE() 
GEOMETRIC_REPRESENTATION_ITEM() RATIONAL_B_SPLINE_CURVE((1.,0.5,1.,0.5,
1.,0.5,1.)) REPRESENTATION_ITEM('') );
#3277 = CARTESIAN_POINT('',(-41.00033843562,139.54101556891));
#3278 = CARTESIAN_POINT('',(-41.00033843562,210.55509867924));
#3279 = CARTESIAN_POINT('',(20.499661564376,175.04805712408));
#3280 = CARTESIAN_POINT('',(81.999661564376,139.54101556891));
#3281 = CARTESIAN_POINT('',(20.499661564376,104.03397401375));
#3282 = CARTESIAN_POINT('',(-41.00033843562,68.526932458595));
#3283 = CARTESIAN_POINT('',(-41.00033843562,139.54101556891));
#3284 = ( GEOMETRIC_REPRESENTATION_CONTEXT(2) 
PARAMETRIC_REPRESENTATION_CONTEXT() REPRESENTATION_CONTEXT('2D SPACE',''
  ) );
#3285 = PCURVE('',#2296,#3286);
#3286 = DEFINITIONAL_REPRESENTATION('',(#3287),#3291);
#3287 = LINE('',#3288,#3289);
#3288 = CARTESIAN_POINT('',(-0.,0.));
#3289 = VECTOR('',#3290,1.);
#3290 = DIRECTION('',(-1.,0.));
#3291 = ( GEOMETRIC_REPRESENTATION_CONTEXT(2) 
PARAMETRIC_REPRESENTATION_CONTEXT() REPRESENTATION_CONTEXT('2D SPACE',''
  ) );
#3292 = ORIENTED_EDGE('',*,*,#3046,.T.);
#3293 = ORIENTED_EDGE('',*,*,#1532,.T.);
#3294 = ORIENTED_EDGE('',*,*,#3295,.T.);
#3295 = EDGE_CURVE('',#1502,#3296,#3298,.T.);
#3296 = VERTEX_POINT('',#3297);
#3297 = CARTESIAN_POINT('',(2.054071246637,428.99898577659,0.));
#3298 = SURFACE_CURVE('',#3299,(#3304,#3312),.PCURVE_S1.);
#3299 = B_SPLINE_CURVE_WITH_KNOTS('',3,(#3300,#3301,#3302,#3303),
  .UNSPECIFIED.,.F.,.F.,(4,4),(0.,1.),.PIECEWISE_BEZIER_KNOTS.);
#3300 = CARTESIAN_POINT('',(1.E-03,428.947,0.));
#3301 = CARTESIAN_POINT('',(14.946,428.943,0.));
#3302 = CARTESIAN_POINT('',(27.97,437.256,0.));
#3303 = CARTESIAN_POINT('',(34.681,449.51,0.));
#3304 = PCURVE('',#1549,#3305);
#3305 = DEFINITIONAL_REPRESENTATION('',(#3306),#3311);
#3306 = B_SPLINE_CURVE_WITH_KNOTS('',3,(#3307,#3308,#3309,#3310),
  .UNSPECIFIED.,.F.,.F.,(4,4),(0.,1.),.PIECEWISE_BEZIER_KNOTS.);
#3307 = CARTESIAN_POINT('',(-1.338435624204E-03,202.40701556891));
#3308 = CARTESIAN_POINT('',(-14.94633843562,202.40301556891));
#3309 = CARTESIAN_POINT('',(-27.97033843562,210.71601556891));
#3310 = CARTESIAN_POINT('',(-34.68133843562,222.97001556891));
#3311 = ( GEOMETRIC_REPRESENTATION_CONTEXT(2) 
PARAMETRIC_REPRESENTATION_CONTEXT() REPRESENTATION_CONTEXT('2D SPACE',''
  ) );
#3312 = PCURVE('',#1517,#3313);
#3313 = DEFINITIONAL_REPRESENTATION('',(#3314),#3318);
#3314 = LINE('',#3315,#3316);
#3315 = CARTESIAN_POINT('',(0.,0.));
#3316 = VECTOR('',#3317,1.);
#3317 = DIRECTION('',(1.,0.));
#3318 = ( GEOMETRIC_REPRESENTATION_CONTEXT(2) 
PARAMETRIC_REPRESENTATION_CONTEXT() REPRESENTATION_CONTEXT('2D SPACE',''
  ) );
#3319 = ORIENTED_EDGE('',*,*,#3320,.F.);
#3320 = EDGE_CURVE('',#3266,#3296,#3321,.T.);
#3321 = SURFACE_CURVE('',#3322,(#3326,#3332),.PCURVE_S1.);
#3322 = LINE('',#3323,#3324);
#3323 = CARTESIAN_POINT('',(7.25695133923,329.72211955996,
    -2.775557561563E-17));
#3324 = VECTOR('',#3325,1.);
#3325 = DIRECTION('',(-5.233595624294E-02,0.998629534755,-0.));
#3326 = PCURVE('',#1549,#3327);
#3327 = DEFINITIONAL_REPRESENTATION('',(#3328),#3331);
#3328 = B_SPLINE_CURVE_WITH_KNOTS('',1,(#3329,#3330),.UNSPECIFIED.,.F.,
  .F.,(2,2),(76.660910398639,102.67052578325),.PIECEWISE_BEZIER_KNOTS.);
#3329 = CARTESIAN_POINT('',(-3.245167722687,179.73798441413));
#3330 = CARTESIAN_POINT('',(-1.883929630022,205.71195452482));
#3331 = ( GEOMETRIC_REPRESENTATION_CONTEXT(2) 
PARAMETRIC_REPRESENTATION_CONTEXT() REPRESENTATION_CONTEXT('2D SPACE',''
  ) );
#3332 = PCURVE('',#3333,#3338);
#3333 = PLANE('',#3334);
#3334 = AXIS2_PLACEMENT_3D('',#3335,#3336,#3337);
#3335 = CARTESIAN_POINT('',(1.884094424746,432.24233674883,-0.5));
#3336 = DIRECTION('',(-0.998629534755,-5.233595624294E-02,0.));
#3337 = DIRECTION('',(5.232628141963E-02,-0.998444928129,
    1.922721423134E-02));
#3338 = DEFINITIONAL_REPRESENTATION('',(#3339),#3342);
#3339 = B_SPLINE_CURVE_WITH_KNOTS('',1,(#3340,#3341),.UNSPECIFIED.,.F.,
  .F.,(2,2),(76.660910398639,102.67052578325),.PIECEWISE_BEZIER_KNOTS.);
#3340 = CARTESIAN_POINT('',(26.004807247892,-2.22044604925E-16));
#3341 = CARTESIAN_POINT('',(-1.42108547152E-14,0.500092447075));
#3342 = ( GEOMETRIC_REPRESENTATION_CONTEXT(2) 
PARAMETRIC_REPRESENTATION_CONTEXT() REPRESENTATION_CONTEXT('2D SPACE',''
  ) );
#3343 = ADVANCED_FACE('',(#3344),#1517,.T.);
#3344 = FACE_BOUND('',#3345,.T.);
#3345 = EDGE_LOOP('',(#3346,#3347,#3348,#3349,#3372,#4046));
#3346 = ORIENTED_EDGE('',*,*,#3295,.F.);
#3347 = ORIENTED_EDGE('',*,*,#1501,.T.);
#3348 = ORIENTED_EDGE('',*,*,#1585,.T.);
#3349 = ORIENTED_EDGE('',*,*,#3350,.F.);
#3350 = EDGE_CURVE('',#3351,#1586,#3353,.T.);
#3351 = VERTEX_POINT('',#3352);
#3352 = CARTESIAN_POINT('',(34.681,449.51,16.524699932736));
#3353 = SURFACE_CURVE('',#3354,(#3358,#3365),.PCURVE_S1.);
#3354 = LINE('',#3355,#3356);
#3355 = CARTESIAN_POINT('',(34.681,449.51,0.));
#3356 = VECTOR('',#3357,1.);
#3357 = DIRECTION('',(-0.,-0.,1.));
#3358 = PCURVE('',#1517,#3359);
#3359 = DEFINITIONAL_REPRESENTATION('',(#3360),#3364);
#3360 = LINE('',#3361,#3362);
#3361 = CARTESIAN_POINT('',(1.,0.));
#3362 = VECTOR('',#3363,1.);
#3363 = DIRECTION('',(0.,-1.));
#3364 = ( GEOMETRIC_REPRESENTATION_CONTEXT(2) 
PARAMETRIC_REPRESENTATION_CONTEXT() REPRESENTATION_CONTEXT('2D SPACE',''
  ) );
#3365 = PCURVE('',#1628,#3366);
#3366 = DEFINITIONAL_REPRESENTATION('',(#3367),#3371);
#3367 = LINE('',#3368,#3369);
#3368 = CARTESIAN_POINT('',(0.,0.));
#3369 = VECTOR('',#3370,1.);
#3370 = DIRECTION('',(0.,-1.));
#3371 = ( GEOMETRIC_REPRESENTATION_CONTEXT(2) 
PARAMETRIC_REPRESENTATION_CONTEXT() REPRESENTATION_CONTEXT('2D SPACE',''
  ) );
#3372 = ORIENTED_EDGE('',*,*,#3373,.F.);
#3373 = EDGE_CURVE('',#3374,#3351,#3376,.T.);
#3374 = VERTEX_POINT('',#3375);
#3375 = CARTESIAN_POINT('',(2.054071246637,428.99898577659,
    0.177006803229));
#3376 = SURFACE_CURVE('',#3377,(#3583,#3792),.PCURVE_S1.);
#3377 = B_SPLINE_CURVE_WITH_KNOTS('',8,(#3378,#3379,#3380,#3381,#3382,
    #3383,#3384,#3385,#3386,#3387,#3388,#3389,#3390,#3391,#3392,#3393,
    #3394,#3395,#3396,#3397,#3398,#3399,#3400,#3401,#3402,#3403,#3404,
    #3405,#3406,#3407,#3408,#3409,#3410,#3411,#3412,#3413,#3414,#3415,
    #3416,#3417,#3418,#3419,#3420,#3421,#3422,#3423,#3424,#3425,#3426,
    #3427,#3428,#3429,#3430,#3431,#3432,#3433,#3434,#3435,#3436,#3437,
    #3438,#3439,#3440,#3441,#3442,#3443,#3444,#3445,#3446,#3447,#3448,
    #3449,#3450,#3451,#3452,#3453,#3454,#3455,#3456,#3457,#3458,#3459,
    #3460,#3461,#3462,#3463,#3464,#3465,#3466,#3467,#3468,#3469,#3470,
    #3471,#3472,#3473,#3474,#3475,#3476,#3477,#3478,#3479,#3480,#3481,
    #3482,#3483,#3484,#3485,#3486,#3487,#3488,#3489,#3490,#3491,#3492,
    #3493,#3494,#3495,#3496,#3497,#3498,#3499,#3500,#3501,#3502,#3503,
    #3504,#3505,#3506,#3507,#3508,#3509,#3510,#3511,#3512,#3513,#3514,
    #3515,#3516,#3517,#3518,#3519,#3520,#3521,#3522,#3523,#3524,#3525,
    #3526,#3527,#3528,#3529,#3530,#3531,#3532,#3533,#3534,#3535,#3536,
    #3537,#3538,#3539,#3540,#3541,#3542,#3543,#3544,#3545,#3546,#3547,
    #3548,#3549,#3550,#3551,#3552,#3553,#3554,#3555,#3556,#3557,#3558,
    #3559,#3560,#3561,#3562,#3563,#3564,#3565,#3566,#3567,#3568,#3569,
    #3570,#3571,#3572,#3573,#3574,#3575,#3576,#3577,#3578,#3579,#3580,
    #3581,#3582),.UNSPECIFIED.,.F.,.F.,(9,7,7,7,7,7,7,7,7,7,7,7,7,7,7,7,
    7,7,7,7,7,7,7,7,7,7,7,7,7,9),(0.,3.703426282166E-02,
    7.62934048437E-02,0.121785294386,0.18315510215,0.211799657027,
    0.239919696374,0.29919461731,0.357443065153,0.465685198816,
    0.493584409469,0.514909415187,0.548020596943,0.583191585204,
    0.597976117683,0.6532818509,0.666679028429,0.705669429161,
    0.719148060376,0.748066756442,0.758372423522,0.77719224449,
    0.815906995265,0.830426973617,0.84323358204,0.889384548706,
    0.912836110987,0.936875313696,0.965635546256,1.),.UNSPECIFIED.);
#3378 = CARTESIAN_POINT('',(2.054071246637,428.99898577659,
    0.177006803229));
#3379 = CARTESIAN_POINT('',(2.267949170433,429.00989958409,
    0.213037031385));
#3380 = CARTESIAN_POINT('',(2.480485060035,429.02206079622,
    0.252851904829));
#3381 = CARTESIAN_POINT('',(2.691574016207,429.03543809507,
    0.296264828981));
#3382 = CARTESIAN_POINT('',(2.901133136225,429.04999812923,0.34308916531
    ));
#3383 = CARTESIAN_POINT('',(3.1091002108,429.06570647681,0.39314105766)
  );
#3384 = CARTESIAN_POINT('',(3.315432421002,429.08252860854,
    0.446242258581));
#3385 = CARTESIAN_POINT('',(3.520105035183,429.10043085086,
    0.502222955664));
#3386 = CARTESIAN_POINT('',(3.938310957633,429.13947032168,
    0.623152813915));
#3387 = CARTESIAN_POINT('',(4.151630964284,429.16073659309,
    0.688436771133));
#3388 = CARTESIAN_POINT('',(4.363063315592,429.1831422291,0.756585684018
    ));
#3389 = CARTESIAN_POINT('',(4.572608877703,429.20665002195,
    0.827423477624));
#3390 = CARTESIAN_POINT('',(4.780282967412,429.23122502581,
    0.900778477259));
#3391 = CARTESIAN_POINT('',(4.986108804845,429.25683421598,
    0.976492650214));
#3392 = CARTESIAN_POINT('',(5.190112723155,429.28344627855,
    1.054428762002));
#3393 = CARTESIAN_POINT('',(5.62666453142,429.34300052594,1.227183564592
    ));
#3394 = CARTESIAN_POINT('',(5.858593024719,429.37627567832,
    1.322715144948));
#3395 = CARTESIAN_POINT('',(6.088182370206,429.41081527347,
    1.420844201792));
#3396 = CARTESIAN_POINT('',(6.315496087072,429.44657890699,
    1.521382228755));
#3397 = CARTESIAN_POINT('',(6.540600909279,429.4835296784,1.624156109522
    ));
#3398 = CARTESIAN_POINT('',(6.763567157632,429.52163437833,
    1.729007665451));
#3399 = CARTESIAN_POINT('',(6.984469111848,429.56086367566,
    1.835793203181));
#3400 = CARTESIAN_POINT('',(7.498709441253,429.65559673227,
    2.090873762962));
#3401 = CARTESIAN_POINT('',(7.79040565662,429.71199919385,2.240643050531
    ));
#3402 = CARTESIAN_POINT('',(8.078678213245,429.7703395122,2.393358933104
    ));
#3403 = CARTESIAN_POINT('',(8.36366501295,429.83055597664,2.548778427275
    ));
#3404 = CARTESIAN_POINT('',(8.645558667568,429.89260555715,
    2.706625857099));
#3405 = CARTESIAN_POINT('',(8.924501405584,429.9564452055,2.866698082381
    ));
#3406 = CARTESIAN_POINT('',(9.200661335391,430.02204467098,
    3.028788245418));
#3407 = CARTESIAN_POINT('',(9.601869657084,430.12080957605,
    3.269239262862));
#3408 = CARTESIAN_POINT('',(9.728969836978,430.15261668882,3.34615681512
    ));
#3409 = CARTESIAN_POINT('',(9.855512192221,430.18479912084,
    3.423456971141));
#3410 = CARTESIAN_POINT('',(9.981512111387,430.21735466111,
    3.501121991972));
#3411 = CARTESIAN_POINT('',(10.106984737425,430.25028140938,
    3.57913480052));
#3412 = CARTESIAN_POINT('',(10.231944662937,430.28357767477,
    3.657479249215));
#3413 = CARTESIAN_POINT('',(10.356405625451,430.31724187449,
    3.736140387672));
#3414 = CARTESIAN_POINT('',(10.602084659455,430.38467985074,
    3.892623142936));
#3415 = CARTESIAN_POINT('',(10.723320510007,430.41844035655,
    3.970433506898));
#3416 = CARTESIAN_POINT('',(10.844100220809,430.45255262206,
    4.048522515807));
#3417 = CARTESIAN_POINT('',(10.964436042416,430.48701553724,
    4.126877293393));
#3418 = CARTESIAN_POINT('',(11.084340009491,430.52182820978,
    4.205485393549));
#3419 = CARTESIAN_POINT('',(11.203823940798,430.55698996512,
    4.284334800331));
#3420 = CARTESIAN_POINT('',(11.322899439208,430.59250034642,
    4.363413927955));
#3421 = CARTESIAN_POINT('',(11.691743113777,430.70394669187,
    4.609865173328));
#3422 = CARTESIAN_POINT('',(11.940143285825,430.78108199705,
    4.777988895544));
#3423 = CARTESIAN_POINT('',(12.186885075111,430.85976248644,
    4.946979809973));
#3424 = CARTESIAN_POINT('',(12.432077196823,430.93999212928,
    5.116734719925));
#3425 = CARTESIAN_POINT('',(12.675802643517,431.0217705837,
    5.287173683058));
#3426 = CARTESIAN_POINT('',(12.918181197493,431.10511568028,
    5.458188544735));
#3427 = CARTESIAN_POINT('',(13.159281581069,431.19003177647,
    5.629714406184));
#3428 = CARTESIAN_POINT('',(13.634956192555,431.36154162844,
    5.970647042557));
#3429 = CARTESIAN_POINT('',(13.869569141489,431.44808014839,
    6.140038782064));
#3430 = CARTESIAN_POINT('',(14.103116607464,431.53616516221,
    6.309771536953));
#3431 = CARTESIAN_POINT('',(14.335677176717,431.62581344169,
    6.479774063608));
#3432 = CARTESIAN_POINT('',(14.567327011875,431.71704477741,
    6.649976756496));
#3433 = CARTESIAN_POINT('',(14.798140396384,431.80988212479,
    6.820311236305));
#3434 = CARTESIAN_POINT('',(15.02819027894,431.90435174998,
    6.990709938087));
#3435 = CARTESIAN_POINT('',(15.683762022756,432.17912319695,
    7.47774934321));
#3436 = CARTESIAN_POINT('',(16.107573677348,432.36349637224,
    7.794374029574));
#3437 = CARTESIAN_POINT('',(16.529467232053,432.55380186265,
    8.110550897088));
#3438 = CARTESIAN_POINT('',(16.94989554958,432.75027381342,
    8.425841233393));
#3439 = CARTESIAN_POINT('',(17.369294473989,432.95318595125,
    8.739785076503));
#3440 = CARTESIAN_POINT('',(17.788092612,433.16285693893,9.051893419237)
  );
#3441 = CARTESIAN_POINT('',(18.206720518746,433.37965920904,
    9.361639649178));
#3442 = CARTESIAN_POINT('',(18.733593689352,433.66186593508,
    9.747524591606));
#3443 = CARTESIAN_POINT('',(18.841582355243,433.72020073882,
    9.826407374007));
#3444 = CARTESIAN_POINT('',(18.949595820454,433.77904559134,
    9.905084111496));
#3445 = CARTESIAN_POINT('',(19.057641423404,433.8384081517,9.98354435232
    ));
#3446 = CARTESIAN_POINT('',(19.165726498251,433.89829635586,
    10.061777285236));
#3447 = CARTESIAN_POINT('',(19.2738583749,433.95871841664,10.13977173951
    ));
#3448 = CARTESIAN_POINT('',(19.382044378992,434.01968282374,
    10.217516184919));
#3449 = CARTESIAN_POINT('',(19.573031719479,434.12821826959,
    10.354223194214));
#3450 = CARTESIAN_POINT('',(19.65580749796,434.1755601816,
    10.413294610407));
#3451 = CARTESIAN_POINT('',(19.738622438669,434.22322799816,
    10.472207662515));
#3452 = CARTESIAN_POINT('',(19.821479807404,434.27122574071,
    10.530956869055));
#3453 = CARTESIAN_POINT('',(19.904382864453,434.31955753374,
    10.589536584864));
#3454 = CARTESIAN_POINT('',(19.987334864591,434.36822760483,
    10.647941001107));
#3455 = CARTESIAN_POINT('',(20.070339057082,434.41724028463,
    10.706164145274));
#3456 = CARTESIAN_POINT('',(20.282364768755,434.54324048963,
    10.854311547511));
#3457 = CARTESIAN_POINT('',(20.411463989836,434.62071734904,
    10.94397165494));
#3458 = CARTESIAN_POINT('',(20.540709066415,434.69904750039,
    11.033156873044));
#3459 = CARTESIAN_POINT('',(20.670120608961,434.77825334624,
    11.12183481535));
#3460 = CARTESIAN_POINT('',(20.799714597466,434.85835537696,
    11.209975699989));
#3461 = CARTESIAN_POINT('',(20.929505882584,434.93937428037,
    11.297549113724));
#3462 = CARTESIAN_POINT('',(21.059513452668,435.0213341084,
    11.384519071296));
#3463 = CARTESIAN_POINT('',(21.328095020774,435.19234058728,
    11.562552630236));
#3464 = CARTESIAN_POINT('',(21.466698396213,435.28151064749,
    11.653533723237));
#3465 = CARTESIAN_POINT('',(21.605583897281,435.37179692467,
    11.743750937148));
#3466 = CARTESIAN_POINT('',(21.744771434632,435.46322890808,
    11.833158368449));
#3467 = CARTESIAN_POINT('',(21.884280399025,435.55583701777,
    11.921706938191));
#3468 = CARTESIAN_POINT('',(22.024129793721,435.64965274124,
    12.009344216195));
#3469 = CARTESIAN_POINT('',(22.164338366879,435.74470877009,
    12.096014245241));
#3470 = CARTESIAN_POINT('',(22.364021856685,435.88153272263,
    12.217658443208));
#3471 = CARTESIAN_POINT('',(22.423185827755,435.92225156094,
    12.253477848023));
#3472 = CARTESIAN_POINT('',(22.482417261169,435.96319763197,
    12.289111961732));
#3473 = CARTESIAN_POINT('',(22.541718473173,436.00437416344,
    12.324554918682));
#3474 = CARTESIAN_POINT('',(22.601090990334,436.04578388004,
    12.359801703095));
#3475 = CARTESIAN_POINT('',(22.660534709278,436.08742840844,
    12.394849180292));
#3476 = CARTESIAN_POINT('',(22.720048718088,436.12930883779,
    12.429695061622));
#3477 = CARTESIAN_POINT('',(23.002528585547,436.32898398632,
    12.593914571793));
#3478 = CARTESIAN_POINT('',(23.226411628131,436.48986915198,
    12.720610139561));
#3479 = CARTESIAN_POINT('',(23.451293015706,436.65418107202,
    12.844235402666));
#3480 = CARTESIAN_POINT('',(23.677170362105,436.82201476296,
    12.964583677449));
#3481 = CARTESIAN_POINT('',(23.904028759766,436.99346120831,
    13.081428409914));
#3482 = CARTESIAN_POINT('',(24.131840753103,437.1686064484,
    13.194523885342));
#3483 = CARTESIAN_POINT('',(24.360566311883,437.3475306702,
    13.303605937903));
#3484 = CARTESIAN_POINT('',(24.645767490854,437.57458283197,
    13.433776038095));
#3485 = CARTESIAN_POINT('',(24.701431672521,437.61908360162,
    13.458908404573));
#3486 = CARTESIAN_POINT('',(24.757149417972,437.66381451397,
    13.483776889449));
#3487 = CARTESIAN_POINT('',(24.812905081447,437.70876467589,
    13.50840538304));
#3488 = CARTESIAN_POINT('',(24.868718935595,437.7539519067,
    13.532748313763));
#3489 = CARTESIAN_POINT('',(24.924583453759,437.79937204573,
    13.556814696357));
#3490 = CARTESIAN_POINT('',(24.980504417563,437.84503149488,
    13.5805853127));
#3491 = CARTESIAN_POINT('',(25.19940162965,438.02452399426,
    13.67233988405));
#3492 = CARTESIAN_POINT('',(25.362797455777,438.16015712193,
    13.738030136006));
#3493 = CARTESIAN_POINT('',(25.526738749251,438.29793388874,
    13.800830877845));
#3494 = CARTESIAN_POINT('',(25.691263055466,438.43793630675,
    13.860415000056));
#3495 = CARTESIAN_POINT('',(25.856378757151,438.58022628533,
    13.916417759601));
#3496 = CARTESIAN_POINT('',(26.022065379281,438.72484348854,
    13.968439115506));
#3497 = CARTESIAN_POINT('',(26.188273064483,438.87180212057,
    14.016048690213));
#3498 = CARTESIAN_POINT('',(26.412529988647,439.07269295601,
    14.073569803833));
#3499 = CARTESIAN_POINT('',(26.47018944789,439.12457547639,
    14.087764363977));
#3500 = CARTESIAN_POINT('',(26.527895417271,439.17673276628,
    14.10135824292));
#3501 = CARTESIAN_POINT('',(26.585642889857,439.22916260026,
    14.11433219821));
#3502 = CARTESIAN_POINT('',(26.643426020955,439.28186191878,
    14.126666683676));
#3503 = CARTESIAN_POINT('',(26.701238117879,439.33482678547,
    14.138341993968));
#3504 = CARTESIAN_POINT('',(26.759071629724,439.3880523444,
    14.149338409092));
#3505 = CARTESIAN_POINT('',(26.941029075389,439.5562762081,
    14.18173077117));
#3506 = CARTESIAN_POINT('',(27.0651873131,439.67218130705,14.20061714924
    ));
#3507 = CARTESIAN_POINT('',(27.189223186276,439.78911024242,
    14.216617671118));
#3508 = CARTESIAN_POINT('',(27.31299582135,439.90694392896,
    14.230096804696));
#3509 = CARTESIAN_POINT('',(27.436393934349,440.02558468727,
    14.241445051015));
#3510 = CARTESIAN_POINT('',(27.559336099201,440.14495859502,
    14.251067022178));
#3511 = CARTESIAN_POINT('',(27.681770485206,440.26501753023,
    14.259373833973));
#3512 = CARTESIAN_POINT('',(27.847116468272,440.42876272606,
    14.269419059315));
#3513 = CARTESIAN_POINT('',(27.890490243785,440.47186772442,
    14.271943821913));
#3514 = CARTESIAN_POINT('',(27.933793801057,440.51505440608,
    14.274372855489));
#3515 = CARTESIAN_POINT('',(27.977025667346,440.55832136957,
    14.276724932448));
#3516 = CARTESIAN_POINT('',(28.020184486306,440.6016673074,
    14.279018843104));
#3517 = CARTESIAN_POINT('',(28.06326901799,440.64509100612,
    14.281273395683));
#3518 = CARTESIAN_POINT('',(28.106278138849,440.68859134626,
    14.28350741632));
#3519 = CARTESIAN_POINT('',(28.227612926293,440.8117440717,
    14.289816351011));
#3520 = CARTESIAN_POINT('',(28.305758379268,440.89157120595,
    14.293887305392));
#3521 = CARTESIAN_POINT('',(28.383642639254,440.97164405732,
    14.298067072144));
#3522 = CARTESIAN_POINT('',(28.461259158733,441.05195581906,
    14.30247035859));
#3523 = CARTESIAN_POINT('',(28.538599495369,441.13249750583,
    14.307211701578));
#3524 = CARTESIAN_POINT('',(28.61565340331,441.21325793412,
    14.312405049635));
#3525 = CARTESIAN_POINT('',(28.692408924489,441.2942237026,
    14.318163345114));
#3526 = CARTESIAN_POINT('',(28.926106536811,441.54232623334,
    14.337835223637));
#3527 = CARTESIAN_POINT('',(29.082035696889,441.71007105714,
    14.353911137777));
#3528 = CARTESIAN_POINT('',(29.236587302963,441.87854686172,
    14.372746383111));
#3529 = CARTESIAN_POINT('',(29.389716488957,442.04769115325,
    14.394258011392));
#3530 = CARTESIAN_POINT('',(29.541385698776,442.21744588955,
    14.418360649556));
#3531 = CARTESIAN_POINT('',(29.691564205159,442.38775764343,
    14.444967557485));
#3532 = CARTESIAN_POINT('',(29.840227628541,442.55857776587,
    14.473991685782));
#3533 = CARTESIAN_POINT('',(30.042538539739,442.79410295644,
    14.517106453162));
#3534 = CARTESIAN_POINT('',(30.097503902824,442.85840872598,
    14.529194046577));
#3535 = CARTESIAN_POINT('',(30.152252574719,442.92277754922,
    14.541604944231));
#3536 = CARTESIAN_POINT('',(30.206783686619,442.98720720616,
    14.554334596077));
#3537 = CARTESIAN_POINT('',(30.261096471356,443.05169556554,
    14.567378471567));
#3538 = CARTESIAN_POINT('',(30.315190263393,443.11624058483,
    14.58073205965));
#3539 = CARTESIAN_POINT('',(30.369064498832,443.18084031029,
    14.594390868776));
#3540 = CARTESIAN_POINT('',(30.470041688291,443.30251638505,
    14.620662745145));
#3541 = CARTESIAN_POINT('',(30.517193430344,443.35958091279,
    14.633209438058));
#3542 = CARTESIAN_POINT('',(30.564174111925,443.41668578465,
    14.64598509257));
#3543 = CARTESIAN_POINT('',(30.610982292569,443.4738283395,
    14.658991711057));
#3544 = CARTESIAN_POINT('',(30.657618477309,443.53100826739,
    14.672223345982));
#3545 = CARTESIAN_POINT('',(30.704083730293,443.58822594571,
    14.685671723742));
#3546 = CARTESIAN_POINT('',(30.750377828974,443.64548020523,
    14.699334106983));
#3547 = CARTESIAN_POINT('',(30.962716357496,443.90922870808,
    14.763189675936));
#3548 = CARTESIAN_POINT('',(31.126714427404,444.11615687473,
    14.815878669428));
#3549 = CARTESIAN_POINT('',(31.288522157428,444.32354564072,
    14.871036111422));
#3550 = CARTESIAN_POINT('',(31.448171790172,444.53139413084,
    14.928436454159));
#3551 = CARTESIAN_POINT('',(31.605700815039,444.73971083699,
    14.987864060385));
#3552 = CARTESIAN_POINT('',(31.761151477986,444.94851404431,
    15.049113147889));
#3553 = CARTESIAN_POINT('',(31.91457029127,445.15783225732,
    15.111987734042));
#3554 = CARTESIAN_POINT('',(32.142960213998,445.47435103633,
    15.208982589671));
#3555 = CARTESIAN_POINT('',(32.219400440707,445.58113946731,
    15.24203520099));
#3556 = CARTESIAN_POINT('',(32.295334821958,445.68807500588,
    15.275434221668));
#3557 = CARTESIAN_POINT('',(32.37077007013,445.79516334291,
    15.309153286894));
#3558 = CARTESIAN_POINT('',(32.445710485627,445.9024070268,
    15.34317545029));
#3559 = CARTESIAN_POINT('',(32.520160449087,446.00980898532,
    15.377484114096));
#3560 = CARTESIAN_POINT('',(32.594126446781,446.1173754485,
    15.412055305592));
#3561 = CARTESIAN_POINT('',(32.742941244217,446.33554494422,
    15.482561738625));
#3562 = CARTESIAN_POINT('',(32.817765708388,446.44615650538,
    15.518508902471));
#3563 = CARTESIAN_POINT('',(32.892092154464,446.55695019548,
    15.55469332804));
#3564 = CARTESIAN_POINT('',(32.965926111791,446.66793136211,
    15.591094806846));
#3565 = CARTESIAN_POINT('',(33.039273021598,446.77910559379,
    15.62769339187));
#3566 = CARTESIAN_POINT('',(33.112138236994,446.89047872001,
    15.664469397558));
#3567 = CARTESIAN_POINT('',(33.184527022966,447.00205681116,
    15.701403399823));
#3568 = CARTESIAN_POINT('',(33.342485886929,447.24758972429,
    15.782829761588));
#3569 = CARTESIAN_POINT('',(33.427852522316,447.38163541701,
    15.827382088489));
#3570 = CARTESIAN_POINT('',(33.512553511918,447.51599439844,
    15.872099813367));
#3571 = CARTESIAN_POINT('',(33.59659733685,447.65067769825,
    15.916950592182));
#3572 = CARTESIAN_POINT('',(33.679992074127,447.78569651716,
    15.961902567996));
#3573 = CARTESIAN_POINT('',(33.762745560826,447.92106251007,
    16.006923798733));
#3574 = CARTESIAN_POINT('',(33.844865558247,448.0567880691,
    16.051981684945));
#3575 = CARTESIAN_POINT('',(34.023734270879,448.35550531616,
    16.150883644223));
#3576 = CARTESIAN_POINT('',(34.120215066087,448.51865596478,
    16.204728914633));
#3577 = CARTESIAN_POINT('',(34.215815440853,448.68236105361,
    16.258521640462));
#3578 = CARTESIAN_POINT('',(34.310547476621,448.84664315386,
    16.312205144188));
#3579 = CARTESIAN_POINT('',(34.404422253576,449.01152498637,
    16.365722467085));
#3580 = CARTESIAN_POINT('',(34.497449907092,449.17702950116,
    16.419016197186));
#3581 = CARTESIAN_POINT('',(34.589639684193,449.34317995681,
    16.472028297251));
#3582 = CARTESIAN_POINT('',(34.681,449.51,16.524699932736));
#3583 = PCURVE('',#1517,#3584);
#3584 = DEFINITIONAL_REPRESENTATION('',(#3585),#3791);
#3585 = B_SPLINE_CURVE_WITH_KNOTS('',8,(#3586,#3587,#3588,#3589,#3590,
    #3591,#3592,#3593,#3594,#3595,#3596,#3597,#3598,#3599,#3600,#3601,
    #3602,#3603,#3604,#3605,#3606,#3607,#3608,#3609,#3610,#3611,#3612,
    #3613,#3614,#3615,#3616,#3617,#3618,#3619,#3620,#3621,#3622,#3623,
    #3624,#3625,#3626,#3627,#3628,#3629,#3630,#3631,#3632,#3633,#3634,
    #3635,#3636,#3637,#3638,#3639,#3640,#3641,#3642,#3643,#3644,#3645,
    #3646,#3647,#3648,#3649,#3650,#3651,#3652,#3653,#3654,#3655,#3656,
    #3657,#3658,#3659,#3660,#3661,#3662,#3663,#3664,#3665,#3666,#3667,
    #3668,#3669,#3670,#3671,#3672,#3673,#3674,#3675,#3676,#3677,#3678,
    #3679,#3680,#3681,#3682,#3683,#3684,#3685,#3686,#3687,#3688,#3689,
    #3690,#3691,#3692,#3693,#3694,#3695,#3696,#3697,#3698,#3699,#3700,
    #3701,#3702,#3703,#3704,#3705,#3706,#3707,#3708,#3709,#3710,#3711,
    #3712,#3713,#3714,#3715,#3716,#3717,#3718,#3719,#3720,#3721,#3722,
    #3723,#3724,#3725,#3726,#3727,#3728,#3729,#3730,#3731,#3732,#3733,
    #3734,#3735,#3736,#3737,#3738,#3739,#3740,#3741,#3742,#3743,#3744,
    #3745,#3746,#3747,#3748,#3749,#3750,#3751,#3752,#3753,#3754,#3755,
    #3756,#3757,#3758,#3759,#3760,#3761,#3762,#3763,#3764,#3765,#3766,
    #3767,#3768,#3769,#3770,#3771,#3772,#3773,#3774,#3775,#3776,#3777,
    #3778,#3779,#3780,#3781,#3782,#3783,#3784,#3785,#3786,#3787,#3788,
    #3789,#3790),.UNSPECIFIED.,.F.,.F.,(9,7,7,7,7,7,7,7,7,7,7,7,7,7,7,7,
    7,7,7,7,7,7,7,7,7,7,7,7,7,9),(0.,3.703426282166E-02,
    7.62934048437E-02,0.121785294386,0.18315510215,0.211799657027,
    0.239919696374,0.29919461731,0.357443065153,0.465685198816,
    0.493584409469,0.514909415187,0.548020596943,0.583191585204,
    0.597976117683,0.6532818509,0.666679028429,0.705669429161,
    0.719148060376,0.748066756442,0.758372423522,0.77719224449,
    0.815906995265,0.830426973617,0.84323358204,0.889384548706,
    0.912836110987,0.936875313696,0.965635546256,1.),.UNSPECIFIED.);
#3586 = CARTESIAN_POINT('',(4.607415351173E-02,-0.177006803229));
#3587 = CARTESIAN_POINT('',(5.090471692254E-02,-0.213037031385));
#3588 = CARTESIAN_POINT('',(5.571264322897E-02,-0.252851904829));
#3589 = CARTESIAN_POINT('',(6.049553942469E-02,-0.296264828981));
#3590 = CARTESIAN_POINT('',(6.525148508952E-02,-0.34308916531));
#3591 = CARTESIAN_POINT('',(6.997900872451E-02,-0.39314105766));
#3592 = CARTESIAN_POINT('',(7.467706408707E-02,-0.446242258581));
#3593 = CARTESIAN_POINT('',(7.934500652605E-02,-0.502222955664));
#3594 = CARTESIAN_POINT('',(8.889873943515E-02,-0.623152813915));
#3595 = CARTESIAN_POINT('',(9.378061177916E-02,-0.688436771133));
#3596 = CARTESIAN_POINT('',(9.862792837685E-02,-0.756585684018));
#3597 = CARTESIAN_POINT('',(0.10344059864,-0.827423477624));
#3598 = CARTESIAN_POINT('',(0.108218860075,-0.900778477259));
#3599 = CARTESIAN_POINT('',(0.11296313083,-0.976492650214));
#3600 = CARTESIAN_POINT('',(0.11767390242,-1.054428762002));
#3601 = CARTESIAN_POINT('',(0.127772833635,-1.227183564592));
#3602 = CARTESIAN_POINT('',(0.133149589411,-1.322715144948));
#3603 = CARTESIAN_POINT('',(0.138483514205,-1.420844201792));
#3604 = CARTESIAN_POINT('',(0.143775907381,-1.521382228755));
#3605 = CARTESIAN_POINT('',(0.149028152752,-1.624156109522));
#3606 = CARTESIAN_POINT('',(0.154241729558,-1.729007665451));
#3607 = CARTESIAN_POINT('',(0.159418223429,-1.835793203181));
#3608 = CARTESIAN_POINT('',(0.171494841186,-2.090873762962));
#3609 = CARTESIAN_POINT('',(0.178365625672,-2.240643050531));
#3610 = CARTESIAN_POINT('',(0.185176133037,-2.393358933103));
#3611 = CARTESIAN_POINT('',(0.191929299813,-2.548778427275));
#3612 = CARTESIAN_POINT('',(0.198629388207,-2.706625857098));
#3613 = CARTESIAN_POINT('',(0.205279527964,-2.866698082381));
#3614 = CARTESIAN_POINT('',(0.211883502363,-3.028788245418));
#3615 = CARTESIAN_POINT('',(0.221507466225,-3.269239262862));
#3616 = CARTESIAN_POINT('',(0.224560719005,-3.34615681512));
#3617 = CARTESIAN_POINT('',(0.227605015087,-3.423456971141));
#3618 = CARTESIAN_POINT('',(0.230640706427,-3.501121991972));
#3619 = CARTESIAN_POINT('',(0.233668141469,-3.57913480052));
#3620 = CARTESIAN_POINT('',(0.236687657693,-3.657479249215));
#3621 = CARTESIAN_POINT('',(0.239699574166,-3.736140387672));
#3622 = CARTESIAN_POINT('',(0.245653776062,-3.892623142936));
#3623 = CARTESIAN_POINT('',(0.248596329716,-3.970433506898));
#3624 = CARTESIAN_POINT('',(0.251532136106,-4.048522515807));
#3625 = CARTESIAN_POINT('',(0.254461483046,-4.126877293393));
#3626 = CARTESIAN_POINT('',(0.257384655101,-4.205485393549));
#3627 = CARTESIAN_POINT('',(0.260301933594,-4.284334800331));
#3628 = CARTESIAN_POINT('',(0.263213596601,-4.363413927955));
#3629 = CARTESIAN_POINT('',(0.27224622715,-4.609865173328));
#3630 = CARTESIAN_POINT('',(0.278348784556,-4.777988895547));
#3631 = CARTESIAN_POINT('',(0.284430163988,-4.946979809964));
#3632 = CARTESIAN_POINT('',(0.290493034488,-5.116734719938));
#3633 = CARTESIAN_POINT('',(0.296539460394,-5.287173683049));
#3634 = CARTESIAN_POINT('',(0.302572469641,-5.458188544738));
#3635 = CARTESIAN_POINT('',(0.308593855245,-5.629714406184));
#3636 = CARTESIAN_POINT('',(0.3205141115,-5.970647042557));
#3637 = CARTESIAN_POINT('',(0.326413248138,-6.140038782064));
#3638 = CARTESIAN_POINT('',(0.332305597247,-6.309771536953));
#3639 = CARTESIAN_POINT('',(0.338193268288,-6.479774063608));
#3640 = CARTESIAN_POINT('',(0.344078348271,-6.649976756496));
#3641 = CARTESIAN_POINT('',(0.349962916807,-6.820311236305));
#3642 = CARTESIAN_POINT('',(0.355849061177,-6.990709938087));
#3643 = CARTESIAN_POINT('',(0.372683866117,-7.47774934321));
#3644 = CARTESIAN_POINT('',(0.383641204977,-7.794374029573));
#3645 = CARTESIAN_POINT('',(0.394624968401,-8.110550897088));
#3646 = CARTESIAN_POINT('',(0.405648974288,-8.425841233393));
#3647 = CARTESIAN_POINT('',(0.416727178721,-8.739785076502));
#3648 = CARTESIAN_POINT('',(0.427873984481,-9.051893419237));
#3649 = CARTESIAN_POINT('',(0.439104585466,-9.361639649178));
#3650 = CARTESIAN_POINT('',(0.453355965827,-9.747524591606));
#3651 = CARTESIAN_POINT('',(0.456283117749,-9.826407374007));
#3652 = CARTESIAN_POINT('',(0.459217185231,-9.905084111496));
#3653 = CARTESIAN_POINT('',(0.462158446837,-9.98354435232));
#3654 = CARTESIAN_POINT('',(0.465107185284,-10.06177728523));
#3655 = CARTESIAN_POINT('',(0.468063687442,-10.13977173951));
#3656 = CARTESIAN_POINT('',(0.471028244331,-10.21751618491));
#3657 = CARTESIAN_POINT('',(0.476273518445,-10.35422319421));
#3658 = CARTESIAN_POINT('',(0.47855076403,-10.4132946104));
#3659 = CARTESIAN_POINT('',(0.480833019804,-10.47220766251));
#3660 = CARTESIAN_POINT('',(0.48312041923,-10.53095686905));
#3661 = CARTESIAN_POINT('',(0.48541309732,-10.58953658486));
#3662 = CARTESIAN_POINT('',(0.487711190628,-10.6479410011));
#3663 = CARTESIAN_POINT('',(0.490014837252,-10.70616414527));
#3664 = CARTESIAN_POINT('',(0.495909871666,-10.85431154751));
#3665 = CARTESIAN_POINT('',(0.499509277407,-10.94397165494));
#3666 = CARTESIAN_POINT('',(0.503122932649,-11.03315687304));
#3667 = CARTESIAN_POINT('',(0.506751607923,-11.12183481535));
#3668 = CARTESIAN_POINT('',(0.510395958345,-11.20997569998));
#3669 = CARTESIAN_POINT('',(0.514056621634,-11.29754911372));
#3670 = CARTESIAN_POINT('',(0.517734365353,-11.38451907129));
#3671 = CARTESIAN_POINT('',(0.525355303074,-11.56255263023));
#3672 = CARTESIAN_POINT('',(0.529300765989,-11.65353372323));
#3673 = CARTESIAN_POINT('',(0.533267154274,-11.74375093714));
#3674 = CARTESIAN_POINT('',(0.537255347698,-11.83315836844));
#3675 = CARTESIAN_POINT('',(0.541266232505,-11.92170693819));
#3676 = CARTESIAN_POINT('',(0.545300706411,-12.00934421619));
#3677 = CARTESIAN_POINT('',(0.549359683599,-12.09601424524));
#3678 = CARTESIAN_POINT('',(0.555161031357,-12.2176584432));
#3679 = CARTESIAN_POINT('',(0.556882461093,-12.25347784802));
#3680 = CARTESIAN_POINT('',(0.558608435584,-12.28911196173));
#3681 = CARTESIAN_POINT('',(0.560339052445,-12.32455491868));
#3682 = CARTESIAN_POINT('',(0.562074387048,-12.35980170309));
#3683 = CARTESIAN_POINT('',(0.563814467844,-12.39484918029));
#3684 = CARTESIAN_POINT('',(0.565559300193,-12.42969506162));
#3685 = CARTESIAN_POINT('',(0.573853957427,-12.59391457179));
#3686 = CARTESIAN_POINT('',(0.580466055297,-12.72061013956));
#3687 = CARTESIAN_POINT('',(0.587147223287,-12.84423540266));
#3688 = CARTESIAN_POINT('',(0.593899201339,-12.96458367744));
#3689 = CARTESIAN_POINT('',(0.600723467793,-13.08142840991));
#3690 = CARTESIAN_POINT('',(0.607621228789,-13.19452388534));
#3691 = CARTESIAN_POINT('',(0.614593407687,-13.3036059379));
#3692 = CARTESIAN_POINT('',(0.623347744068,-13.43377603809));
#3693 = CARTESIAN_POINT('',(0.625059225897,-13.45890840457));
#3694 = CARTESIAN_POINT('',(0.626775237202,-13.48377688945));
#3695 = CARTESIAN_POINT('',(0.628495328617,-13.50840538303));
#3696 = CARTESIAN_POINT('',(0.630220155238,-13.53274831376));
#3697 = CARTESIAN_POINT('',(0.631949521353,-13.55681469635));
#3698 = CARTESIAN_POINT('',(0.633683639418,-13.5805853127));
#3699 = CARTESIAN_POINT('',(0.640483557836,-13.67233988405));
#3700 = CARTESIAN_POINT('',(0.645585064209,-13.738030136));
#3701 = CARTESIAN_POINT('',(0.650730105647,-13.80083087784));
#3702 = CARTESIAN_POINT('',(0.655920833827,-13.86041500005));
#3703 = CARTESIAN_POINT('',(0.661158568446,-13.9164177596));
#3704 = CARTESIAN_POINT('',(0.666443770664,-13.9684391155));
#3705 = CARTESIAN_POINT('',(0.671775982932,-14.01604869021));
#3706 = CARTESIAN_POINT('',(0.679012775849,-14.07356980383));
#3707 = CARTESIAN_POINT('',(0.68087719577,-14.08776436397));
#3708 = CARTESIAN_POINT('',(0.682746906306,-14.10135824292));
#3709 = CARTESIAN_POINT('',(0.684621791501,-14.11433219821));
#3710 = CARTESIAN_POINT('',(0.686501707212,-14.12666668367));
#3711 = CARTESIAN_POINT('',(0.688386480218,-14.13834199396));
#3712 = CARTESIAN_POINT('',(0.690275907328,-14.14933840909));
#3713 = CARTESIAN_POINT('',(0.696233044713,-14.18173077117));
#3714 = CARTESIAN_POINT('',(0.700316271506,-14.20061714924));
#3715 = CARTESIAN_POINT('',(0.704414284509,-14.21661767111));
#3716 = CARTESIAN_POINT('',(0.70852275032,-14.23009680469));
#3717 = CARTESIAN_POINT('',(0.71263820773,-14.24144505101));
#3718 = CARTESIAN_POINT('',(0.716758109671,-14.25106702217));
#3719 = CARTESIAN_POINT('',(0.720880851898,-14.25937383397));
#3720 = CARTESIAN_POINT('',(0.726475779355,-14.26941905931));
#3721 = CARTESIAN_POINT('',(0.727946007824,-14.27194382191));
#3722 = CARTESIAN_POINT('',(0.729416425676,-14.27437285548));
#3723 = CARTESIAN_POINT('',(0.730886988377,-14.27672493244));
#3724 = CARTESIAN_POINT('',(0.732357654973,-14.2790188431));
#3725 = CARTESIAN_POINT('',(0.733828388087,-14.28127339568));
#3726 = CARTESIAN_POINT('',(0.735299153925,-14.28350741632));
#3727 = CARTESIAN_POINT('',(0.739455784008,-14.28981635101));
#3728 = CARTESIAN_POINT('',(0.742141593036,-14.29388730539));
#3729 = CARTESIAN_POINT('',(0.744827219161,-14.29806707214));
#3730 = CARTESIAN_POINT('',(0.747512461746,-14.30247035859));
#3731 = CARTESIAN_POINT('',(0.750197050834,-14.30721170157));
#3732 = CARTESIAN_POINT('',(0.752880648277,-14.31240504963));
#3733 = CARTESIAN_POINT('',(0.755562848859,-14.31816334511));
#3734 = CARTESIAN_POINT('',(0.763756964353,-14.33783522363));
#3735 = CARTESIAN_POINT('',(0.76926267651,-14.35391113777));
#3736 = CARTESIAN_POINT('',(0.774758510824,-14.37274638311));
#3737 = CARTESIAN_POINT('',(0.780242860669,-14.39425801139));
#3738 = CARTESIAN_POINT('',(0.785714313852,-14.41836064955));
#3739 = CARTESIAN_POINT('',(0.791171646596,-14.44496755748));
#3740 = CARTESIAN_POINT('',(0.79661381753,-14.47399168578));
#3741 = CARTESIAN_POINT('',(0.804075038582,-14.51710645316));
#3742 = CARTESIAN_POINT('',(0.806107861153,-14.52919404657));
#3743 = CARTESIAN_POINT('',(0.80813838382,-14.54160494423));
#3744 = CARTESIAN_POINT('',(0.810166564122,-14.55433459607));
#3745 = CARTESIAN_POINT('',(0.812192362699,-14.56737847156));
#3746 = CARTESIAN_POINT('',(0.814215743291,-14.58073205965));
#3747 = CARTESIAN_POINT('',(0.81623667274,-14.59439086877));
#3748 = CARTESIAN_POINT('',(0.820035390607,-14.62066274514));
#3749 = CARTESIAN_POINT('',(0.821813727314,-14.63320943805));
#3750 = CARTESIAN_POINT('',(0.823590129125,-14.64598509257));
#3751 = CARTESIAN_POINT('',(0.825364532575,-14.65899171105));
#3752 = CARTESIAN_POINT('',(0.82713694744,-14.67222334598));
#3753 = CARTESIAN_POINT('',(0.828907404706,-14.68567172374));
#3754 = CARTESIAN_POINT('',(0.830675886958,-14.69933410698));
#3755 = CARTESIAN_POINT('',(0.838808402012,-14.76318967593));
#3756 = CARTESIAN_POINT('',(0.845148846828,-14.81587866942));
#3757 = CARTESIAN_POINT('',(0.851464323421,-14.87103611142));
#3758 = CARTESIAN_POINT('',(0.857755650953,-14.92843645415));
#3759 = CARTESIAN_POINT('',(0.864023891231,-14.98786406038));
#3760 = CARTESIAN_POINT('',(0.870270350807,-15.04911314788));
#3761 = CARTESIAN_POINT('',(0.876496583088,-15.11198773404));
#3762 = CARTESIAN_POINT('',(0.885858880822,-15.20898258967));
#3763 = CARTESIAN_POINT('',(0.889008581943,-15.24203520099));
#3764 = CARTESIAN_POINT('',(0.892153729397,-15.27543422166));
#3765 = CARTESIAN_POINT('',(0.895294571406,-15.30915328689));
#3766 = CARTESIAN_POINT('',(0.898431260654,-15.34317545028));
#3767 = CARTESIAN_POINT('',(0.901563957795,-15.37748411409));
#3768 = CARTESIAN_POINT('',(0.904692916749,-15.41205530559));
#3769 = CARTESIAN_POINT('',(0.911022042234,-15.48256173862));
#3770 = CARTESIAN_POINT('',(0.914222027886,-15.51850890247));
#3771 = CARTESIAN_POINT('',(0.917418501336,-15.55469332804));
#3772 = CARTESIAN_POINT('',(0.920611688195,-15.59109480684));
#3773 = CARTESIAN_POINT('',(0.923801817176,-15.62769339187));
#3774 = CARTESIAN_POINT('',(0.926989120101,-15.66446939755));
#3775 = CARTESIAN_POINT('',(0.930173831895,-15.70140339982));
#3776 = CARTESIAN_POINT('',(0.937163528852,-15.78282976158));
#3777 = CARTESIAN_POINT('',(0.940967491626,-15.82738208848));
#3778 = CARTESIAN_POINT('',(0.944768495848,-15.87209981336));
#3779 = CARTESIAN_POINT('',(0.948566947872,-15.91695059218));
#3780 = CARTESIAN_POINT('',(0.952363251451,-15.96190256799));
#3781 = CARTESIAN_POINT('',(0.956157815723,-16.00692379873));
#3782 = CARTESIAN_POINT('',(0.959951063192,-16.05198168494));
#3783 = CARTESIAN_POINT('',(0.968274794641,-16.15088364422));
#3784 = CARTESIAN_POINT('',(0.972804889632,-16.20472891463));
#3785 = CARTESIAN_POINT('',(0.977334468965,-16.25852164046));
#3786 = CARTESIAN_POINT('',(0.981864266005,-16.31220514418));
#3787 = CARTESIAN_POINT('',(0.986395003939,-16.36572246708));
#3788 = CARTESIAN_POINT('',(0.990927398528,-16.41901619718));
#3789 = CARTESIAN_POINT('',(0.99546216084,-16.47202829725));
#3790 = CARTESIAN_POINT('',(1.,-16.52469993273));
#3791 = ( GEOMETRIC_REPRESENTATION_CONTEXT(2) 
PARAMETRIC_REPRESENTATION_CONTEXT() REPRESENTATION_CONTEXT('2D SPACE',''
  ) );
#3792 = PCURVE('',#3793,#3838);
#3793 = ( BOUNDED_SURFACE() B_SPLINE_SURFACE(1,3,(
    (#3794,#3795,#3796,#3797,#3798,#3799,#3800,#3801,#3802,#3803,#3804
      ,#3805,#3806,#3807,#3808,#3809,#3810,#3811,#3812,#3813,#3814,#3815
      )
    ,(#3816,#3817,#3818,#3819,#3820,#3821,#3822,#3823,#3824,#3825,#3826
      ,#3827,#3828,#3829,#3830,#3831,#3832,#3833,#3834,#3835,#3836,#3837
)),.UNSPECIFIED.,.F.,.F.,.F.) B_SPLINE_SURFACE_WITH_KNOTS((2,2),(4,1,1,1
    ,1,1,1,1,1,1,1,1,1,1,1,1,1,1,1,4),(10.,11.),(0.,5.218380768594E-02,
    0.104924849979,0.158249728388,0.212037422186,0.266073258756,
    0.320098130577,0.373854821642,0.427134464983,0.479826107743,
    0.531971081028,0.583831321693,0.635742389654,0.687819682816,
    0.740024789052,0.792245645251,0.844362126807,0.89631140842,
0.94815736877,1.),.UNSPECIFIED.) GEOMETRIC_REPRESENTATION_ITEM() 
RATIONAL_B_SPLINE_SURFACE((
    (1.,1.000000000002,0.999999999999,1.,1.,1.,1.,1.,1.,1.,1.,1.,1.,1.
      ,1.,1.,1.,1.000000000001,0.999999999997,1.000000000012
      ,0.999999999975,1.)
    ,(1.,1.000000000002,0.999999999999,1.,1.,1.,1.,1.,1.,1.,1.,1.,1.,1.
      ,1.,1.,1.,1.000000000001,0.999999999997,1.000000000012
,0.999999999975,1.))) REPRESENTATION_ITEM('') SURFACE() );
#3794 = CARTESIAN_POINT('',(2.695301746512,416.76357896014,
    0.177006803229));
#3795 = CARTESIAN_POINT('',(3.89719216631,416.82657471876,0.331320860543
    ));
#3796 = CARTESIAN_POINT('',(6.30077237495,417.03765166781,0.834106175641
    ));
#3797 = CARTESIAN_POINT('',(9.854337927599,417.60198940002,
    2.040093767284));
#3798 = CARTESIAN_POINT('',(13.355144004248,418.41155068663,
    3.584275255514));
#3799 = CARTESIAN_POINT('',(16.788229319297,419.46206079629,
    5.351658670715));
#3800 = CARTESIAN_POINT('',(20.138612748068,420.74845958607,
    7.228045773616));
#3801 = CARTESIAN_POINT('',(23.391418383343,422.26489556278,
    9.100012696677));
#3802 = CARTESIAN_POINT('',(26.532084685895,424.00474901682,
    10.852504334148));
#3803 = CARTESIAN_POINT('',(29.546613597473,425.9608262878,
    12.376068706587));
#3804 = CARTESIAN_POINT('',(32.421382937855,428.12525712305,
    13.538290446197));
#3805 = CARTESIAN_POINT('',(35.144186770581,430.4906163436,
    14.286143847982));
#3806 = CARTESIAN_POINT('',(37.697063884552,433.04320374377,
    14.26442585227));
#3807 = CARTESIAN_POINT('',(40.059318216343,435.76132803689,
    14.602034937427));
#3808 = CARTESIAN_POINT('',(42.223185291702,438.63356505356,
    15.230118923348));
#3809 = CARTESIAN_POINT('',(44.180213764651,441.64749391568,
    16.000643373233));
#3810 = CARTESIAN_POINT('',(45.922395051067,444.79022840501,
    16.788172189398));
#3811 = CARTESIAN_POINT('',(47.442153679453,448.04840864753,
    17.461743259718));
#3812 = CARTESIAN_POINT('',(48.732586314058,451.4090014372,
    17.890402105135));
#3813 = CARTESIAN_POINT('',(49.78589435275,454.85355017986,
    17.944381404882));
#3814 = CARTESIAN_POINT('',(50.324689183696,457.18914564334,
    17.802824491462));
#3815 = CARTESIAN_POINT('',(50.553799947555,458.3663367381,17.9));
#3816 = CARTESIAN_POINT('',(1.884094424746,432.24233674883,
    0.177006803229));
#3817 = CARTESIAN_POINT('',(2.724250834601,432.2863726177,0.331320860543
    ));
#3818 = CARTESIAN_POINT('',(4.404423407779,432.43392155478,
    0.834106175641));
#3819 = CARTESIAN_POINT('',(6.88846923093,432.82841006587,2.040093767284
    ));
#3820 = CARTESIAN_POINT('',(9.33563464375,433.39431698487,3.584275255514
    ));
#3821 = CARTESIAN_POINT('',(11.735461271741,434.12865414885,
    5.351658670715));
#3822 = CARTESIAN_POINT('',(14.077476872436,435.02788437084,
    7.228045773616));
#3823 = CARTESIAN_POINT('',(16.351282753404,436.0879172866,
    9.100012696677));
#3824 = CARTESIAN_POINT('',(18.546699974606,437.30412552632,
    10.852504334148));
#3825 = CARTESIAN_POINT('',(20.653943485612,438.67148051186,
    12.376068706587));
#3826 = CARTESIAN_POINT('',(22.663490985685,440.18448070737,
    13.538290446197));
#3827 = CARTESIAN_POINT('',(24.566810169726,441.83793569649,
    14.286143847982));
#3828 = CARTESIAN_POINT('',(26.351345628037,443.62226863642,
    14.26442585227));
#3829 = CARTESIAN_POINT('',(28.002630209483,445.52231668598,
    14.602034937427));
#3830 = CARTESIAN_POINT('',(29.515236320413,447.53009401801,
    15.230118923348));
#3831 = CARTESIAN_POINT('',(30.883256223835,449.636918077,
    16.000643373233));
#3832 = CARTESIAN_POINT('',(32.101091686177,451.8337810209,
    16.788172189398));
#3833 = CARTESIAN_POINT('',(33.163447232261,454.11134390924,
    17.461743259718));
#3834 = CARTESIAN_POINT('',(34.065497229163,456.46049614922,
    17.890402105135));
#3835 = CARTESIAN_POINT('',(34.801790227469,458.86833605198,
    17.944381404882));
#3836 = CARTESIAN_POINT('',(35.178423506395,460.50098529561,
    17.802824491462));
#3837 = CARTESIAN_POINT('',(35.338578604116,461.32387616644,17.9));
#3838 = DEFINITIONAL_REPRESENTATION('',(#3839),#4045);
#3839 = B_SPLINE_CURVE_WITH_KNOTS('',8,(#3840,#3841,#3842,#3843,#3844,
    #3845,#3846,#3847,#3848,#3849,#3850,#3851,#3852,#3853,#3854,#3855,
    #3856,#3857,#3858,#3859,#3860,#3861,#3862,#3863,#3864,#3865,#3866,
    #3867,#3868,#3869,#3870,#3871,#3872,#3873,#3874,#3875,#3876,#3877,
    #3878,#3879,#3880,#3881,#3882,#3883,#3884,#3885,#3886,#3887,#3888,
    #3889,#3890,#3891,#3892,#3893,#3894,#3895,#3896,#3897,#3898,#3899,
    #3900,#3901,#3902,#3903,#3904,#3905,#3906,#3907,#3908,#3909,#3910,
    #3911,#3912,#3913,#3914,#3915,#3916,#3917,#3918,#3919,#3920,#3921,
    #3922,#3923,#3924,#3925,#3926,#3927,#3928,#3929,#3930,#3931,#3932,
    #3933,#3934,#3935,#3936,#3937,#3938,#3939,#3940,#3941,#3942,#3943,
    #3944,#3945,#3946,#3947,#3948,#3949,#3950,#3951,#3952,#3953,#3954,
    #3955,#3956,#3957,#3958,#3959,#3960,#3961,#3962,#3963,#3964,#3965,
    #3966,#3967,#3968,#3969,#3970,#3971,#3972,#3973,#3974,#3975,#3976,
    #3977,#3978,#3979,#3980,#3981,#3982,#3983,#3984,#3985,#3986,#3987,
    #3988,#3989,#3990,#3991,#3992,#3993,#3994,#3995,#3996,#3997,#3998,
    #3999,#4000,#4001,#4002,#4003,#4004,#4005,#4006,#4007,#4008,#4009,
    #4010,#4011,#4012,#4013,#4014,#4015,#4016,#4017,#4018,#4019,#4020,
    #4021,#4022,#4023,#4024,#4025,#4026,#4027,#4028,#4029,#4030,#4031,
    #4032,#4033,#4034,#4035,#4036,#4037,#4038,#4039,#4040,#4041,#4042,
    #4043,#4044),.UNSPECIFIED.,.F.,.F.,(9,7,7,7,7,7,7,7,7,7,7,7,7,7,7,7,
    7,7,7,7,7,7,7,7,7,7,7,7,7,9),(0.,3.703426282166E-02,
    7.62934048437E-02,0.121785294386,0.18315510215,0.211799657027,
    0.239919696374,0.29919461731,0.357443065153,0.465685198816,
    0.493584409469,0.514909415187,0.548020596943,0.583191585204,
    0.597976117683,0.6532818509,0.666679028429,0.705669429161,
    0.719148060376,0.748066756442,0.758372423522,0.77719224449,
    0.815906995265,0.830426973617,0.84323358204,0.889384548706,
    0.912836110987,0.936875313696,0.965635546256,1.),.UNSPECIFIED.);
#3840 = CARTESIAN_POINT('',(10.790464388905,0.));
#3841 = CARTESIAN_POINT('',(10.790445294639,4.061402505351E-03));
#3842 = CARTESIAN_POINT('',(10.79042478545,8.101123789717E-03));
#3843 = CARTESIAN_POINT('',(10.790403104164,1.211742291789E-02));
#3844 = CARTESIAN_POINT('',(10.790380456665,1.610895381686E-02));
#3845 = CARTESIAN_POINT('',(10.790357013617,2.007474273894E-02));
#3846 = CARTESIAN_POINT('',(10.790332912194,2.401416572485E-02));
#3847 = CARTESIAN_POINT('',(10.790308257797,2.792692606683E-02));
#3848 = CARTESIAN_POINT('',(10.790256483929,3.593260008926E-02));
#3849 = CARTESIAN_POINT('',(10.790229318791,4.002206606144E-02));
#3850 = CARTESIAN_POINT('',(10.790201647387,4.408158977878E-02));
#3851 = CARTESIAN_POINT('',(10.790173699212,4.811111937794E-02));
#3852 = CARTESIAN_POINT('',(10.790145328517,5.211134206503E-02));
#3853 = CARTESIAN_POINT('',(10.790116443071,5.608295744246E-02));
#3854 = CARTESIAN_POINT('',(10.790087373057,6.002609011354E-02));
#3855 = CARTESIAN_POINT('',(10.790024187759,6.847885922966E-02));
#3856 = CARTESIAN_POINT('',(10.789990023957,7.297884146036E-02));
#3857 = CARTESIAN_POINT('',(10.789955732922,7.744273757429E-02));
#3858 = CARTESIAN_POINT('',(10.789921413576,8.187173594311E-02));
#3859 = CARTESIAN_POINT('',(10.789887145248,8.626709058937E-02));
#3860 = CARTESIAN_POINT('',(10.78985298971,9.063013080911E-02));
#3861 = CARTESIAN_POINT('',(10.789818993195,9.496227079438E-02));
#3862 = CARTESIAN_POINT('',(10.789739584886,0.105069545042));
#3863 = CARTESIAN_POINT('',(10.789694327667,0.110820271114));
#3864 = CARTESIAN_POINT('',(10.789649544414,0.116521428745));
#3865 = CARTESIAN_POINT('',(10.789605086236,0.122174633054));
#3866 = CARTESIAN_POINT('',(10.789561126642,0.127784023058));
#3867 = CARTESIAN_POINT('',(10.789517599056,0.133351700464));
#3868 = CARTESIAN_POINT('',(10.789474592032,0.138880946893));
#3869 = CARTESIAN_POINT('',(10.789412328523,0.146938844898));
#3870 = CARTESIAN_POINT('',(10.789392638453,0.149495278021));
#3871 = CARTESIAN_POINT('',(10.789373071904,0.152044222799));
#3872 = CARTESIAN_POINT('',(10.789353637776,0.154585969123));
#3873 = CARTESIAN_POINT('',(10.789334347079,0.157120805622));
#3874 = CARTESIAN_POINT('',(10.789315206106,0.159649007863));
#3875 = CARTESIAN_POINT('',(10.789296209606,0.162170826544));
#3876 = CARTESIAN_POINT('',(10.789258803953,0.16715606033));
#3877 = CARTESIAN_POINT('',(10.78924039431,0.169619704786));
#3878 = CARTESIAN_POINT('',(10.789222096072,0.17207763297));
#3879 = CARTESIAN_POINT('',(10.789203901723,0.174530066311));
#3880 = CARTESIAN_POINT('',(10.789185805197,0.176977223751));
#3881 = CARTESIAN_POINT('',(10.78916780187,0.179419321743));
#3882 = CARTESIAN_POINT('',(10.789149888565,0.181856574254));
#3883 = CARTESIAN_POINT('',(10.789094489772,0.189416969004));
#3884 = CARTESIAN_POINT('',(10.789057316594,0.194524139665));
#3885 = CARTESIAN_POINT('',(10.789020453365,0.199612665814));
#3886 = CARTESIAN_POINT('',(10.788984208357,0.204684683402));
#3887 = CARTESIAN_POINT('',(10.788947874129,0.209741573575));
#3888 = CARTESIAN_POINT('',(10.788912695885,0.214785985334));
#3889 = CARTESIAN_POINT('',(10.788877634855,0.219818991698));
#3890 = CARTESIAN_POINT('',(10.78880872007,0.229778947006));
#3891 = CARTESIAN_POINT('',(10.788774820337,0.234706173425));
#3892 = CARTESIAN_POINT('',(10.788741087636,0.239625733376));
#3893 = CARTESIAN_POINT('',(10.788707461586,0.244539181931));
#3894 = CARTESIAN_POINT('',(10.788673910654,0.249448052159));
#3895 = CARTESIAN_POINT('',(10.788640431696,0.254353866666));
#3896 = CARTESIAN_POINT('',(10.788607049518,0.259258149147));
#3897 = CARTESIAN_POINT('',(10.788512059912,0.273275991468));
#3898 = CARTESIAN_POINT('',(10.788450892959,0.282389275477));
#3899 = CARTESIAN_POINT('',(10.78838980489,0.291512507395));
#3900 = CARTESIAN_POINT('',(10.788327406782,0.300655839502));
#3901 = CARTESIAN_POINT('',(10.788263486268,0.309829203576));
#3902 = CARTESIAN_POINT('',(10.788198740712,0.319042628848));
#3903 = CARTESIAN_POINT('',(10.788133346282,0.328306821477));
#3904 = CARTESIAN_POINT('',(10.788048038411,0.340037806206));
#3905 = CARTESIAN_POINT('',(10.788030410227,0.342445967111));
#3906 = CARTESIAN_POINT('',(10.78801262376,0.344858473527));
#3907 = CARTESIAN_POINT('',(10.787994668205,0.34727552265));
#3908 = CARTESIAN_POINT('',(10.787976534045,0.349697313817));
#3909 = CARTESIAN_POINT('',(10.787958213053,0.352124048506));
#3910 = CARTESIAN_POINT('',(10.787939698289,0.354555930337));
#3911 = CARTESIAN_POINT('',(10.787906679752,0.358856086762));
#3912 = CARTESIAN_POINT('',(10.787892258945,0.360722135706));
#3913 = CARTESIAN_POINT('',(10.787877719169,0.362591403857));
#3914 = CARTESIAN_POINT('',(10.78786305843,0.364463983924));
#3915 = CARTESIAN_POINT('',(10.787848275259,0.366339969374));
#3916 = CARTESIAN_POINT('',(10.787833368706,0.368219454431));
#3917 = CARTESIAN_POINT('',(10.787818338345,0.370102534072));
#3918 = CARTESIAN_POINT('',(10.787779654644,0.374918878075));
#3919 = CARTESIAN_POINT('',(10.787755829091,0.377857335432));
#3920 = CARTESIAN_POINT('',(10.787731705958,0.380805049816));
#3921 = CARTESIAN_POINT('',(10.787707236487,0.383762622843));
#3922 = CARTESIAN_POINT('',(10.787682399168,0.386730535095));
#3923 = CARTESIAN_POINT('',(10.787657179782,0.389709243503));
#3924 = CARTESIAN_POINT('',(10.787631540911,0.392699328143));
#3925 = CARTESIAN_POINT('',(10.787577766232,0.398890003431));
#3926 = CARTESIAN_POINT('',(10.78754957318,0.402092109523));
#3927 = CARTESIAN_POINT('',(10.787520856889,0.405308252639));
#3928 = CARTESIAN_POINT('',(10.787491589855,0.408539071734));
#3929 = CARTESIAN_POINT('',(10.787461745882,0.411785205635));
#3930 = CARTESIAN_POINT('',(10.787431300263,0.415047296789));
#3931 = CARTESIAN_POINT('',(10.787400229975,0.418325995007));
#3932 = CARTESIAN_POINT('',(10.787355181634,0.423007458799));
#3933 = CARTESIAN_POINT('',(10.787341735337,0.424396009519));
#3934 = CARTESIAN_POINT('',(10.787328173241,0.425787646646));
#3935 = CARTESIAN_POINT('',(10.787314494098,0.427182437946));
#3936 = CARTESIAN_POINT('',(10.787300696584,0.428580435966));
#3937 = CARTESIAN_POINT('',(10.787286779055,0.429981661245));
#3938 = CARTESIAN_POINT('',(10.787272739629,0.431386118456));
#3939 = CARTESIAN_POINT('',(10.787205595764,0.438059847266));
#3940 = CARTESIAN_POINT('',(10.787150885869,0.443371471388));
#3941 = CARTESIAN_POINT('',(10.787094351047,0.448730140081));
#3942 = CARTESIAN_POINT('',(10.787035879528,0.454137058748));
#3943 = CARTESIAN_POINT('',(10.786975343019,0.459593209712));
#3944 = CARTESIAN_POINT('',(10.786912596079,0.465099345978));
#3945 = CARTESIAN_POINT('',(10.7868474755,0.470655984992));
#3946 = CARTESIAN_POINT('',(10.786763405992,0.477621734759));
#3947 = CARTESIAN_POINT('',(10.786746861809,0.478983020223));
#3948 = CARTESIAN_POINT('',(10.786730169527,0.480347391374));
#3949 = CARTESIAN_POINT('',(10.786713310668,0.481714453905));
#3950 = CARTESIAN_POINT('',(10.786696306638,0.483084775559));
#3951 = CARTESIAN_POINT('',(10.786679145858,0.484458180765));
#3952 = CARTESIAN_POINT('',(10.78666183337,0.485834852315));
#3953 = CARTESIAN_POINT('',(10.786593537899,0.491231163446));
#3954 = CARTESIAN_POINT('',(10.786541418729,0.495275390537));
#3955 = CARTESIAN_POINT('',(10.78648800613,0.49935003592));
#3956 = CARTESIAN_POINT('',(10.78643327818,0.503456923657));
#3957 = CARTESIAN_POINT('',(10.786377193207,0.507597222849));
#3958 = CARTESIAN_POINT('',(10.786319687615,0.511771433758));
#3959 = CARTESIAN_POINT('',(10.786260673737,0.51597934591));
#3960 = CARTESIAN_POINT('',(10.786179076413,0.521685913208));
#3961 = CARTESIAN_POINT('',(10.786157921951,0.523155717597));
#3962 = CARTESIAN_POINT('',(10.786136570004,0.524629318429));
#3963 = CARTESIAN_POINT('',(10.786115015994,0.526106631542));
#3964 = CARTESIAN_POINT('',(10.786093255137,0.527587550866));
#3965 = CARTESIAN_POINT('',(10.786071282475,0.529071947755));
#3966 = CARTESIAN_POINT('',(10.78604909291,0.53055967032));
#3967 = CARTESIAN_POINT('',(10.785978596489,0.535249241979));
#3968 = CARTESIAN_POINT('',(10.78592949679,0.538462119065));
#3969 = CARTESIAN_POINT('',(10.785879513501,0.541685258269));
#3970 = CARTESIAN_POINT('',(10.785828761184,0.544915403893));
#3971 = CARTESIAN_POINT('',(10.785777332841,0.54814999668));
#3972 = CARTESIAN_POINT('',(10.785725296505,0.551387201474));
#3973 = CARTESIAN_POINT('',(10.785672693152,0.554625926174));
#3974 = CARTESIAN_POINT('',(10.785600592487,0.559020427279));
#3975 = CARTESIAN_POINT('',(10.785581579208,0.560175140237));
#3976 = CARTESIAN_POINT('',(10.785562496962,0.561329940714));
#3977 = CARTESIAN_POINT('',(10.785543346294,0.562484801387));
#3978 = CARTESIAN_POINT('',(10.78552412745,0.563639697748));
#3979 = CARTESIAN_POINT('',(10.785504840375,0.564794608108));
#3980 = CARTESIAN_POINT('',(10.785485484717,0.565949513594));
#3981 = CARTESIAN_POINT('',(10.785430586821,0.569213404814));
#3982 = CARTESIAN_POINT('',(10.785394883707,0.57132229374));
#3983 = CARTESIAN_POINT('',(10.785358945875,0.573431009267));
#3984 = CARTESIAN_POINT('',(10.785322766701,0.575539440513));
#3985 = CARTESIAN_POINT('',(10.785286337665,0.577647422101));
#3986 = CARTESIAN_POINT('',(10.785249648464,0.579754734902));
#3987 = CARTESIAN_POINT('',(10.785212687134,0.581861106762));
#3988 = CARTESIAN_POINT('',(10.785098818432,0.588296683365));
#3989 = CARTESIAN_POINT('',(10.785020996212,0.592621661861));
#3990 = CARTESIAN_POINT('',(10.784942097024,0.596939831532));
#3991 = CARTESIAN_POINT('',(10.784862228459,0.601250031169));
#3992 = CARTESIAN_POINT('',(10.784781482028,0.605551250524));
#3993 = CARTESIAN_POINT('',(10.784699933017,0.609842625281));
#3994 = CARTESIAN_POINT('',(10.78461764034,0.614123432033));
#3995 = CARTESIAN_POINT('',(10.784503519487,0.619994417166));
#3996 = CARTESIAN_POINT('',(10.784472293952,0.621594181941));
#3997 = CARTESIAN_POINT('',(10.78444097203,0.623192346646));
#3998 = CARTESIAN_POINT('',(10.784409555656,0.624788882734));
#3999 = CARTESIAN_POINT('',(10.784378046455,0.626383764046));
#4000 = CARTESIAN_POINT('',(10.784346445743,0.627976966807));
#4001 = CARTESIAN_POINT('',(10.784314754525,0.629568469633));
#4002 = CARTESIAN_POINT('',(10.784254942665,0.632560441543));
#4003 = CARTESIAN_POINT('',(10.784226841691,0.633961290956));
#4004 = CARTESIAN_POINT('',(10.784198672594,0.635360799132));
#4005 = CARTESIAN_POINT('',(10.784170432483,0.636758928478));
#4006 = CARTESIAN_POINT('',(10.784142123202,0.638155684486));
#4007 = CARTESIAN_POINT('',(10.784113748099,0.639551085039));
#4008 = CARTESIAN_POINT('',(10.784085307251,0.640945119952));
#4009 = CARTESIAN_POINT('',(10.783954080248,0.647356576931));
#4010 = CARTESIAN_POINT('',(10.783850528507,0.652357672267));
#4011 = CARTESIAN_POINT('',(10.78374620888,0.657341503032));
#4012 = CARTESIAN_POINT('',(10.783641176939,0.66230867968));
#4013 = CARTESIAN_POINT('',(10.783535481723,0.667260008091));
#4014 = CARTESIAN_POINT('',(10.783429165266,0.672196491902));
#4015 = CARTESIAN_POINT('',(10.78332226212,0.677119334841));
#4016 = CARTESIAN_POINT('',(10.783160191565,0.684525263156));
#4017 = CARTESIAN_POINT('',(10.783105439802,0.687017398036));
#4018 = CARTESIAN_POINT('',(10.783050548222,0.689506533596));
#4019 = CARTESIAN_POINT('',(10.782995521331,0.691992871886));
#4020 = CARTESIAN_POINT('',(10.782940356666,0.694476507791));
#4021 = CARTESIAN_POINT('',(10.782885052796,0.696957542921));
#4022 = CARTESIAN_POINT('',(10.782829615412,0.69943618042));
#4023 = CARTESIAN_POINT('',(10.782717081619,0.704450960178));
#4024 = CARTESIAN_POINT('',(10.782659978943,0.706986988241));
#4025 = CARTESIAN_POINT('',(10.782602739254,0.709520789951));
#4026 = CARTESIAN_POINT('',(10.782545365777,0.712052529535));
#4027 = CARTESIAN_POINT('',(10.78248786243,0.714582374086));
#4028 = CARTESIAN_POINT('',(10.782430233823,0.717110493565));
#4029 = CARTESIAN_POINT('',(10.782372485261,0.719637060798));
#4030 = CARTESIAN_POINT('',(10.78224539667,0.72518336129));
#4031 = CARTESIAN_POINT('',(10.782176010188,0.728202495136));
#4032 = CARTESIAN_POINT('',(10.782106466024,0.731219960569));
#4033 = CARTESIAN_POINT('',(10.782036778966,0.734236058464));
#4034 = CARTESIAN_POINT('',(10.781966968473,0.737251088668));
#4035 = CARTESIAN_POINT('',(10.781897051291,0.740265355647));
#4036 = CARTESIAN_POINT('',(10.781827034069,0.743279174144));
#4037 = CARTESIAN_POINT('',(10.781673112708,0.749893825463));
#4038 = CARTESIAN_POINT('',(10.781589163645,0.753494595613));
#4039 = CARTESIAN_POINT('',(10.781505056379,0.757095741987));
#4040 = CARTESIAN_POINT('',(10.781420792125,0.760697812076));
#4041 = CARTESIAN_POINT('',(10.781336375715,0.764301346254));
#4042 = CARTESIAN_POINT('',(10.781251815602,0.767906879889));
#4043 = CARTESIAN_POINT('',(10.781167123859,0.771514945445));
#4044 = CARTESIAN_POINT('',(10.781082316182,0.775126074588));
#4045 = ( GEOMETRIC_REPRESENTATION_CONTEXT(2) 
PARAMETRIC_REPRESENTATION_CONTEXT() REPRESENTATION_CONTEXT('2D SPACE',''
  ) );
#4046 = ORIENTED_EDGE('',*,*,#4047,.T.);
#4047 = EDGE_CURVE('',#3374,#3296,#4048,.T.);
#4048 = SURFACE_CURVE('',#4049,(#4052,#4058),.PCURVE_S1.);
#4049 = B_SPLINE_CURVE_WITH_KNOTS('',1,(#4050,#4051),.UNSPECIFIED.,.F.,
  .F.,(2,2),(0.,1.),.PIECEWISE_BEZIER_KNOTS.);
#4050 = CARTESIAN_POINT('',(2.054071246637,428.99898577659,0.23946453346
    ));
#4051 = CARTESIAN_POINT('',(2.054071246637,428.99898577659,
    -6.000000009609E-07));
#4052 = PCURVE('',#1517,#4053);
#4053 = DEFINITIONAL_REPRESENTATION('',(#4054),#4057);
#4054 = B_SPLINE_CURVE_WITH_KNOTS('',1,(#4055,#4056),.UNSPECIFIED.,.F.,
  .F.,(2,2),(0.,1.),.PIECEWISE_BEZIER_KNOTS.);
#4055 = CARTESIAN_POINT('',(4.607415351173E-02,-0.23946453346));
#4056 = CARTESIAN_POINT('',(4.607415351173E-02,5.999999999895E-07));
#4057 = ( GEOMETRIC_REPRESENTATION_CONTEXT(2) 
PARAMETRIC_REPRESENTATION_CONTEXT() REPRESENTATION_CONTEXT('2D SPACE',''
  ) );
#4058 = PCURVE('',#3333,#4059);
#4059 = DEFINITIONAL_REPRESENTATION('',(#4060),#4063);
#4060 = B_SPLINE_CURVE_WITH_KNOTS('',1,(#4061,#4062),.UNSPECIFIED.,.F.,
  .F.,(2,2),(0.,1.),.PIECEWISE_BEZIER_KNOTS.);
#4061 = CARTESIAN_POINT('',(3.261419426395,0.676881651772));
#4062 = CARTESIAN_POINT('',(3.256815178973,0.43746078583));
#4063 = ( GEOMETRIC_REPRESENTATION_CONTEXT(2) 
PARAMETRIC_REPRESENTATION_CONTEXT() REPRESENTATION_CONTEXT('2D SPACE',''
  ) );
#4064 = ADVANCED_FACE('',(#4065),#1855,.T.);
#4065 = FACE_BOUND('',#4066,.T.);
#4066 = EDGE_LOOP('',(#4067,#4090,#4091,#4092));
#4067 = ORIENTED_EDGE('',*,*,#4068,.T.);
#4068 = EDGE_CURVE('',#4069,#1812,#4071,.T.);
#4069 = VERTEX_POINT('',#4070);
#4070 = CARTESIAN_POINT('',(-60.654,304.182,0.));
#4071 = SURFACE_CURVE('',#4072,(#4076,#4083),.PCURVE_S1.);
#4072 = LINE('',#4073,#4074);
#4073 = CARTESIAN_POINT('',(-60.654,304.182,0.));
#4074 = VECTOR('',#4075,1.);
#4075 = DIRECTION('',(-0.,-0.,1.));
#4076 = PCURVE('',#1855,#4077);
#4077 = DEFINITIONAL_REPRESENTATION('',(#4078),#4082);
#4078 = LINE('',#4079,#4080);
#4079 = CARTESIAN_POINT('',(0.,0.));
#4080 = VECTOR('',#4081,1.);
#4081 = DIRECTION('',(0.,-1.));
#4082 = ( GEOMETRIC_REPRESENTATION_CONTEXT(2) 
PARAMETRIC_REPRESENTATION_CONTEXT() REPRESENTATION_CONTEXT('2D SPACE',''
  ) );
#4083 = PCURVE('',#1827,#4084);
#4084 = DEFINITIONAL_REPRESENTATION('',(#4085),#4089);
#4085 = LINE('',#4086,#4087);
#4086 = CARTESIAN_POINT('',(103.55725343016,0.));
#4087 = VECTOR('',#4088,1.);
#4088 = DIRECTION('',(0.,-1.));
#4089 = ( GEOMETRIC_REPRESENTATION_CONTEXT(2) 
PARAMETRIC_REPRESENTATION_CONTEXT() REPRESENTATION_CONTEXT('2D SPACE',''
  ) );
#4090 = ORIENTED_EDGE('',*,*,#1839,.T.);
#4091 = ORIENTED_EDGE('',*,*,#2406,.F.);
#4092 = ORIENTED_EDGE('',*,*,#4093,.F.);
#4093 = EDGE_CURVE('',#4069,#2377,#4094,.T.);
#4094 = SURFACE_CURVE('',#4095,(#4099,#4106),.PCURVE_S1.);
#4095 = LINE('',#4096,#4097);
#4096 = CARTESIAN_POINT('',(-60.654,304.182,0.));
#4097 = VECTOR('',#4098,1.);
#4098 = DIRECTION('',(0.,1.,0.));
#4099 = PCURVE('',#1855,#4100);
#4100 = DEFINITIONAL_REPRESENTATION('',(#4101),#4105);
#4101 = LINE('',#4102,#4103);
#4102 = CARTESIAN_POINT('',(0.,0.));
#4103 = VECTOR('',#4104,1.);
#4104 = DIRECTION('',(1.,0.));
#4105 = ( GEOMETRIC_REPRESENTATION_CONTEXT(2) 
PARAMETRIC_REPRESENTATION_CONTEXT() REPRESENTATION_CONTEXT('2D SPACE',''
  ) );
#4106 = PCURVE('',#2394,#4107);
#4107 = DEFINITIONAL_REPRESENTATION('',(#4108),#4112);
#4108 = LINE('',#4109,#4110);
#4109 = CARTESIAN_POINT('',(60.653661564376,77.642015568919));
#4110 = VECTOR('',#4111,1.);
#4111 = DIRECTION('',(0.,1.));
#4112 = ( GEOMETRIC_REPRESENTATION_CONTEXT(2) 
PARAMETRIC_REPRESENTATION_CONTEXT() REPRESENTATION_CONTEXT('2D SPACE',''
  ) );
#4113 = ADVANCED_FACE('',(#4114),#1827,.T.);
#4114 = FACE_BOUND('',#4115,.T.);
#4115 = EDGE_LOOP('',(#4116,#4139,#4140,#4141));
#4116 = ORIENTED_EDGE('',*,*,#4117,.T.);
#4117 = EDGE_CURVE('',#4118,#1784,#4120,.T.);
#4118 = VERTEX_POINT('',#4119);
#4119 = CARTESIAN_POINT('',(-152.401,256.155,0.));
#4120 = SURFACE_CURVE('',#4121,(#4125,#4132),.PCURVE_S1.);
#4121 = LINE('',#4122,#4123);
#4122 = CARTESIAN_POINT('',(-152.401,256.155,0.));
#4123 = VECTOR('',#4124,1.);
#4124 = DIRECTION('',(-0.,-0.,1.));
#4125 = PCURVE('',#1827,#4126);
#4126 = DEFINITIONAL_REPRESENTATION('',(#4127),#4131);
#4127 = LINE('',#4128,#4129);
#4128 = CARTESIAN_POINT('',(0.,0.));
#4129 = VECTOR('',#4130,1.);
#4130 = DIRECTION('',(0.,-1.));
#4131 = ( GEOMETRIC_REPRESENTATION_CONTEXT(2) 
PARAMETRIC_REPRESENTATION_CONTEXT() REPRESENTATION_CONTEXT('2D SPACE',''
  ) );
#4132 = PCURVE('',#1799,#4133);
#4133 = DEFINITIONAL_REPRESENTATION('',(#4134),#4138);
#4134 = LINE('',#4135,#4136);
#4135 = CARTESIAN_POINT('',(267.24918864049,0.));
#4136 = VECTOR('',#4137,1.);
#4137 = DIRECTION('',(0.,-1.));
#4138 = ( GEOMETRIC_REPRESENTATION_CONTEXT(2) 
PARAMETRIC_REPRESENTATION_CONTEXT() REPRESENTATION_CONTEXT('2D SPACE',''
  ) );
#4139 = ORIENTED_EDGE('',*,*,#1811,.T.);
#4140 = ORIENTED_EDGE('',*,*,#4068,.F.);
#4141 = ORIENTED_EDGE('',*,*,#4142,.F.);
#4142 = EDGE_CURVE('',#4118,#4069,#4143,.T.);
#4143 = SURFACE_CURVE('',#4144,(#4148,#4155),.PCURVE_S1.);
#4144 = LINE('',#4145,#4146);
#4145 = CARTESIAN_POINT('',(-152.401,256.155,0.));
#4146 = VECTOR('',#4147,1.);
#4147 = DIRECTION('',(0.885954358203,0.463772439005,0.));
#4148 = PCURVE('',#1827,#4149);
#4149 = DEFINITIONAL_REPRESENTATION('',(#4150),#4154);
#4150 = LINE('',#4151,#4152);
#4151 = CARTESIAN_POINT('',(0.,0.));
#4152 = VECTOR('',#4153,1.);
#4153 = DIRECTION('',(1.,0.));
#4154 = ( GEOMETRIC_REPRESENTATION_CONTEXT(2) 
PARAMETRIC_REPRESENTATION_CONTEXT() REPRESENTATION_CONTEXT('2D SPACE',''
  ) );
#4155 = PCURVE('',#2394,#4156);
#4156 = DEFINITIONAL_REPRESENTATION('',(#4157),#4161);
#4157 = LINE('',#4158,#4159);
#4158 = CARTESIAN_POINT('',(152.40066156437,29.615015568919));
#4159 = VECTOR('',#4160,1.);
#4160 = DIRECTION('',(-0.885954358203,0.463772439005));
#4161 = ( GEOMETRIC_REPRESENTATION_CONTEXT(2) 
PARAMETRIC_REPRESENTATION_CONTEXT() REPRESENTATION_CONTEXT('2D SPACE',''
  ) );
#4162 = ADVANCED_FACE('',(#4163),#1628,.T.);
#4163 = FACE_BOUND('',#4164,.T.);
#4164 = EDGE_LOOP('',(#4165,#4245,#4246,#4247));
#4165 = ORIENTED_EDGE('',*,*,#4166,.F.);
#4166 = EDGE_CURVE('',#3351,#4167,#4169,.T.);
#4167 = VERTEX_POINT('',#4168);
#4168 = CARTESIAN_POINT('',(36.483,453.457,17.55208739188));
#4169 = SURFACE_CURVE('',#4170,(#4193,#4219),.PCURVE_S1.);
#4170 = B_SPLINE_CURVE_WITH_KNOTS('',6,(#4171,#4172,#4173,#4174,#4175,
    #4176,#4177,#4178,#4179,#4180,#4181,#4182,#4183,#4184,#4185,#4186,
    #4187,#4188,#4189,#4190,#4191,#4192),.UNSPECIFIED.,.F.,.F.,(7,5,5,5,
    7),(0.,0.13644943546,0.444591876802,0.754443241434,1.),
  .UNSPECIFIED.);
#4171 = CARTESIAN_POINT('',(34.681,449.51,16.524699932736));
#4172 = CARTESIAN_POINT('',(34.727320093763,449.59461742618,
    16.551414176755));
#4173 = CARTESIAN_POINT('',(34.772973481423,449.67979679113,
    16.578071266478));
#4174 = CARTESIAN_POINT('',(34.818045175187,449.76546323104,
    16.604655193797));
#4175 = CARTESIAN_POINT('',(34.862599664557,449.85156193981,
    16.63115156372));
#4176 = CARTESIAN_POINT('',(34.906688290629,449.93805242796,
    16.657547288898));
#4177 = CARTESIAN_POINT('',(35.048972387521,450.22103609557,
    16.743184918331));
#4178 = CARTESIAN_POINT('',(35.145439750246,450.41899575203,
    16.801961625708));
#4179 = CARTESIAN_POINT('',(35.240273115322,450.61842172833,
    16.860023246543));
#4180 = CARTESIAN_POINT('',(35.333769357797,450.81912650388,
    16.917231573985));
#4181 = CARTESIAN_POINT('',(35.426176273138,451.02097144102,
    16.973451555915));
#4182 = CARTESIAN_POINT('',(35.609719799408,451.42788589812,
    17.083946557476));
#4183 = CARTESIAN_POINT('',(35.700842915258,451.63295779225,
    17.138206639853));
#4184 = CARTESIAN_POINT('',(35.791265960385,451.83898062994,
    17.19118560141));
#4185 = CARTESIAN_POINT('',(35.881144979621,452.04587017931,
    17.242735631509));
#4186 = CARTESIAN_POINT('',(35.970618582879,452.25353922056,
    17.292702010431));
#4187 = CARTESIAN_POINT('',(36.130528171455,452.626967988,
    17.379138282095));
#4188 = CARTESIAN_POINT('',(36.20106000871,452.79247712566,
    17.416256155827));
#4189 = CARTESIAN_POINT('',(36.271496658584,452.95834014535,
    17.452197283521));
#4190 = CARTESIAN_POINT('',(36.341910154945,453.12447265149,
    17.486876750805));
#4191 = CARTESIAN_POINT('',(36.412373363721,453.29076220591,
    17.520205135606));
#4192 = CARTESIAN_POINT('',(36.483,453.457,17.55208739188));
#4193 = PCURVE('',#1628,#4194);
#4194 = DEFINITIONAL_REPRESENTATION('',(#4195),#4218);
#4195 = B_SPLINE_CURVE_WITH_KNOTS('',6,(#4196,#4197,#4198,#4199,#4200,
    #4201,#4202,#4203,#4204,#4205,#4206,#4207,#4208,#4209,#4210,#4211,
    #4212,#4213,#4214,#4215,#4216,#4217),.UNSPECIFIED.,.F.,.F.,(7,5,5,5,
    7),(0.,0.13644943546,0.444591876802,0.754443241434,1.),
  .UNSPECIFIED.);
#4196 = CARTESIAN_POINT('',(0.,-16.52469993273));
#4197 = CARTESIAN_POINT('',(2.522880923915E-02,-16.55141417675));
#4198 = CARTESIAN_POINT('',(4.991483253505E-02,-16.57807126647));
#4199 = CARTESIAN_POINT('',(7.414218326296E-02,-16.60465519379));
#4200 = CARTESIAN_POINT('',(9.797517326867E-02,-16.63115156372));
#4201 = CARTESIAN_POINT('',(0.121465376675,-16.65754728889));
#4202 = CARTESIAN_POINT('',(0.197035937344,-16.74318491833));
#4203 = CARTESIAN_POINT('',(0.247896348351,-16.8019616257));
#4204 = CARTESIAN_POINT('',(0.297758665217,-16.86002324654));
#4205 = CARTESIAN_POINT('',(0.346946292505,-16.91723157398));
#4206 = CARTESIAN_POINT('',(0.395747856709,-16.97345155591));
#4207 = CARTESIAN_POINT('',(0.493384926945,-17.08394655747));
#4208 = CARTESIAN_POINT('',(0.542217505894,-17.13820663985));
#4209 = CARTESIAN_POINT('',(0.591201008234,-17.19118560141));
#4210 = CARTESIAN_POINT('',(0.640595849865,-17.2427356315));
#4211 = CARTESIAN_POINT('',(0.690681443232,-17.29270201043));
#4212 = CARTESIAN_POINT('',(0.78238699997,-17.37913828209));
#4213 = CARTESIAN_POINT('',(0.823606399769,-17.41625615582));
#4214 = CARTESIAN_POINT('',(0.865690396585,-17.45219728352));
#4215 = CARTESIAN_POINT('',(0.908882523109,-17.4868767508));
#4216 = CARTESIAN_POINT('',(0.953473889145,-17.5202051356));
#4217 = CARTESIAN_POINT('',(1.,-17.55208739188));
#4218 = ( GEOMETRIC_REPRESENTATION_CONTEXT(2) 
PARAMETRIC_REPRESENTATION_CONTEXT() REPRESENTATION_CONTEXT('2D SPACE',''
  ) );
#4219 = PCURVE('',#3793,#4220);
#4220 = DEFINITIONAL_REPRESENTATION('',(#4221),#4244);
#4221 = B_SPLINE_CURVE_WITH_KNOTS('',6,(#4222,#4223,#4224,#4225,#4226,
    #4227,#4228,#4229,#4230,#4231,#4232,#4233,#4234,#4235,#4236,#4237,
    #4238,#4239,#4240,#4241,#4242,#4243),.UNSPECIFIED.,.F.,.F.,(7,5,5,5,
    7),(0.,0.13644943546,0.444591876802,0.754443241434,1.),
  .UNSPECIFIED.);
#4222 = CARTESIAN_POINT('',(10.781082316181,0.775126074603));
#4223 = CARTESIAN_POINT('',(10.781040508838,0.776957583806));
#4224 = CARTESIAN_POINT('',(10.781035473555,0.778792306598));
#4225 = CARTESIAN_POINT('',(10.781059966721,0.780629884103));
#4226 = CARTESIAN_POINT('',(10.781108550117,0.782470070314));
#4227 = CARTESIAN_POINT('',(10.781176983574,0.784312713878));
#4228 = CARTESIAN_POINT('',(10.781452745932,0.790324344308));
#4229 = CARTESIAN_POINT('',(10.781726506843,0.794502911142));
#4230 = CARTESIAN_POINT('',(10.782041755679,0.798692551443));
#4231 = CARTESIAN_POINT('',(10.782374952163,0.802893018637));
#4232 = CARTESIAN_POINT('',(10.782706868611,0.807104200377));
#4233 = CARTESIAN_POINT('',(10.78333953705,0.815571665333));
#4234 = CARTESIAN_POINT('',(10.783640057645,0.819827880664));
#4235 = CARTESIAN_POINT('',(10.783908304126,0.824094834568));
#4236 = CARTESIAN_POINT('',(10.784131853135,0.828372195401));
#4237 = CARTESIAN_POINT('',(10.784299237843,0.832659306658));
#4238 = CARTESIAN_POINT('',(10.78447643751,0.840358981992));
#4239 = CARTESIAN_POINT('',(10.784511730218,0.843768327917));
#4240 = CARTESIAN_POINT('',(10.784497845057,0.847182219281));
#4241 = CARTESIAN_POINT('',(10.7844280118,0.850599507968));
#4242 = CARTESIAN_POINT('',(10.784294851892,0.854018646591));
#4243 = CARTESIAN_POINT('',(10.78408651942,0.857436451289));
#4244 = ( GEOMETRIC_REPRESENTATION_CONTEXT(2) 
PARAMETRIC_REPRESENTATION_CONTEXT() REPRESENTATION_CONTEXT('2D SPACE',''
  ) );
#4245 = ORIENTED_EDGE('',*,*,#3350,.T.);
#4246 = ORIENTED_EDGE('',*,*,#1610,.T.);
#4247 = ORIENTED_EDGE('',*,*,#4248,.F.);
#4248 = EDGE_CURVE('',#4167,#1611,#4249,.T.);
#4249 = SURFACE_CURVE('',#4250,(#4254,#4261),.PCURVE_S1.);
#4250 = LINE('',#4251,#4252);
#4251 = CARTESIAN_POINT('',(36.483,453.457,0.));
#4252 = VECTOR('',#4253,1.);
#4253 = DIRECTION('',(-0.,-0.,1.));
#4254 = PCURVE('',#1628,#4255);
#4255 = DEFINITIONAL_REPRESENTATION('',(#4256),#4260);
#4256 = LINE('',#4257,#4258);
#4257 = CARTESIAN_POINT('',(1.,0.));
#4258 = VECTOR('',#4259,1.);
#4259 = DIRECTION('',(0.,-1.));
#4260 = ( GEOMETRIC_REPRESENTATION_CONTEXT(2) 
PARAMETRIC_REPRESENTATION_CONTEXT() REPRESENTATION_CONTEXT('2D SPACE',''
  ) );
#4261 = PCURVE('',#1659,#4262);
#4262 = DEFINITIONAL_REPRESENTATION('',(#4263),#4267);
#4263 = LINE('',#4264,#4265);
#4264 = CARTESIAN_POINT('',(0.,0.));
#4265 = VECTOR('',#4266,1.);
#4266 = DIRECTION('',(0.,-1.));
#4267 = ( GEOMETRIC_REPRESENTATION_CONTEXT(2) 
PARAMETRIC_REPRESENTATION_CONTEXT() REPRESENTATION_CONTEXT('2D SPACE',''
  ) );
#4268 = ADVANCED_FACE('',(#4269),#1799,.T.);
#4269 = FACE_BOUND('',#4270,.T.);
#4270 = EDGE_LOOP('',(#4271,#4294,#4295,#4296));
#4271 = ORIENTED_EDGE('',*,*,#4272,.T.);
#4272 = EDGE_CURVE('',#4273,#1756,#4275,.T.);
#4273 = VERTEX_POINT('',#4274);
#4274 = CARTESIAN_POINT('',(-76.199,0.,0.));
#4275 = SURFACE_CURVE('',#4276,(#4280,#4287),.PCURVE_S1.);
#4276 = LINE('',#4277,#4278);
#4277 = CARTESIAN_POINT('',(-76.199,0.,0.));
#4278 = VECTOR('',#4279,1.);
#4279 = DIRECTION('',(-0.,-0.,1.));
#4280 = PCURVE('',#1799,#4281);
#4281 = DEFINITIONAL_REPRESENTATION('',(#4282),#4286);
#4282 = LINE('',#4283,#4284);
#4283 = CARTESIAN_POINT('',(0.,0.));
#4284 = VECTOR('',#4285,1.);
#4285 = DIRECTION('',(0.,-1.));
#4286 = ( GEOMETRIC_REPRESENTATION_CONTEXT(2) 
PARAMETRIC_REPRESENTATION_CONTEXT() REPRESENTATION_CONTEXT('2D SPACE',''
  ) );
#4287 = PCURVE('',#1771,#4288);
#4288 = DEFINITIONAL_REPRESENTATION('',(#4289),#4293);
#4289 = LINE('',#4290,#4291);
#4290 = CARTESIAN_POINT('',(152.4,0.));
#4291 = VECTOR('',#4292,1.);
#4292 = DIRECTION('',(0.,-1.));
#4293 = ( GEOMETRIC_REPRESENTATION_CONTEXT(2) 
PARAMETRIC_REPRESENTATION_CONTEXT() REPRESENTATION_CONTEXT('2D SPACE',''
  ) );
#4294 = ORIENTED_EDGE('',*,*,#1783,.T.);
#4295 = ORIENTED_EDGE('',*,*,#4117,.F.);
#4296 = ORIENTED_EDGE('',*,*,#4297,.F.);
#4297 = EDGE_CURVE('',#4273,#4118,#4298,.T.);
#4298 = SURFACE_CURVE('',#4299,(#4303,#4310),.PCURVE_S1.);
#4299 = LINE('',#4300,#4301);
#4300 = CARTESIAN_POINT('',(-76.199,0.,0.));
#4301 = VECTOR('',#4302,1.);
#4302 = DIRECTION('',(-0.285134635535,0.958487474941,0.));
#4303 = PCURVE('',#1799,#4304);
#4304 = DEFINITIONAL_REPRESENTATION('',(#4305),#4309);
#4305 = LINE('',#4306,#4307);
#4306 = CARTESIAN_POINT('',(0.,0.));
#4307 = VECTOR('',#4308,1.);
#4308 = DIRECTION('',(1.,0.));
#4309 = ( GEOMETRIC_REPRESENTATION_CONTEXT(2) 
PARAMETRIC_REPRESENTATION_CONTEXT() REPRESENTATION_CONTEXT('2D SPACE',''
  ) );
#4310 = PCURVE('',#2394,#4311);
#4311 = DEFINITIONAL_REPRESENTATION('',(#4312),#4316);
#4312 = LINE('',#4313,#4314);
#4313 = CARTESIAN_POINT('',(76.198661564376,-226.539984431));
#4314 = VECTOR('',#4315,1.);
#4315 = DIRECTION('',(0.285134635535,0.958487474941));
#4316 = ( GEOMETRIC_REPRESENTATION_CONTEXT(2) 
PARAMETRIC_REPRESENTATION_CONTEXT() REPRESENTATION_CONTEXT('2D SPACE',''
  ) );
#4317 = ADVANCED_FACE('',(#4318),#1659,.T.);
#4318 = FACE_BOUND('',#4319,.T.);
#4319 = EDGE_LOOP('',(#4320,#4400,#4401,#4402,#4425,#4448,#4522,#4596,
    #4670,#4744,#4818,#4892,#4966));
#4320 = ORIENTED_EDGE('',*,*,#4321,.F.);
#4321 = EDGE_CURVE('',#4167,#4322,#4324,.T.);
#4322 = VERTEX_POINT('',#4323);
#4323 = CARTESIAN_POINT('',(49.346746598061,453.457,17.908991373706));
#4324 = SURFACE_CURVE('',#4325,(#4348,#4374),.PCURVE_S1.);
#4325 = B_SPLINE_CURVE_WITH_KNOTS('',6,(#4326,#4327,#4328,#4329,#4330,
    #4331,#4332,#4333,#4334,#4335,#4336,#4337,#4338,#4339,#4340,#4341,
    #4342,#4343,#4344,#4345,#4346,#4347),.UNSPECIFIED.,.F.,.F.,(7,5,5,5,
    7),(0.,0.422679676787,0.525938294155,0.83757224217,1.),
  .UNSPECIFIED.);
#4326 = CARTESIAN_POINT('',(36.483,453.457,17.55208739188));
#4327 = CARTESIAN_POINT('',(37.387791161895,453.457,17.611911442677));
#4328 = CARTESIAN_POINT('',(38.293101741087,453.457,17.663630703663));
#4329 = CARTESIAN_POINT('',(39.198796954578,453.457,17.708036043673));
#4330 = CARTESIAN_POINT('',(40.104769513523,453.457,17.745872113466));
#4331 = CARTESIAN_POINT('',(41.010941353245,453.457,17.777804175804));
#4332 = CARTESIAN_POINT('',(42.138673339354,453.457,17.810930664149));
#4333 = CARTESIAN_POINT('',(42.360092223363,453.457,17.817117194408));
#4334 = CARTESIAN_POINT('',(42.581519062612,453.457,17.822997181916));
#4335 = CARTESIAN_POINT('',(42.802953137955,453.457,17.828574963036));
#4336 = CARTESIAN_POINT('',(43.024393806633,453.457,17.833860677268));
#4337 = CARTESIAN_POINT('',(43.914164353061,453.457,17.853987328154));
#4338 = CARTESIAN_POINT('',(44.58254045522,453.457,17.866579967907));
#4339 = CARTESIAN_POINT('',(45.250950929299,453.457,17.876989526698));
#4340 = CARTESIAN_POINT('',(45.91938289713,453.457,17.885495986884));
#4341 = CARTESIAN_POINT('',(46.587828001923,453.457,17.892331595313));
#4342 = CARTESIAN_POINT('',(47.604689411875,453.457,17.90049039754));
#4343 = CARTESIAN_POINT('',(47.953098892511,453.457,17.902885921312));
#4344 = CARTESIAN_POINT('',(48.30150989461,453.457,17.904909340802));
#4345 = CARTESIAN_POINT('',(48.649921808125,453.457,17.906586223444));
#4346 = CARTESIAN_POINT('',(48.998334156779,453.457,17.90793988183));
#4347 = CARTESIAN_POINT('',(49.346746598061,453.457,17.908991373706));
#4348 = PCURVE('',#1659,#4349);
#4349 = DEFINITIONAL_REPRESENTATION('',(#4350),#4373);
#4350 = B_SPLINE_CURVE_WITH_KNOTS('',6,(#4351,#4352,#4353,#4354,#4355,
    #4356,#4357,#4358,#4359,#4360,#4361,#4362,#4363,#4364,#4365,#4366,
    #4367,#4368,#4369,#4370,#4371,#4372),.UNSPECIFIED.,.F.,.F.,(7,5,5,5,
    7),(0.,0.422679676787,0.525938294155,0.83757224217,1.),
  .UNSPECIFIED.);
#4351 = CARTESIAN_POINT('',(0.,-17.55208739188));
#4352 = CARTESIAN_POINT('',(0.904791161895,-17.61191144267));
#4353 = CARTESIAN_POINT('',(1.810101741087,-17.66363070366));
#4354 = CARTESIAN_POINT('',(2.715796954578,-17.70803604367));
#4355 = CARTESIAN_POINT('',(3.621769513523,-17.74587211346));
#4356 = CARTESIAN_POINT('',(4.527941353245,-17.7778041758));
#4357 = CARTESIAN_POINT('',(5.655673339354,-17.81093066414));
#4358 = CARTESIAN_POINT('',(5.877092223363,-17.8171171944));
#4359 = CARTESIAN_POINT('',(6.098519062612,-17.82299718191));
#4360 = CARTESIAN_POINT('',(6.319953137955,-17.82857496303));
#4361 = CARTESIAN_POINT('',(6.541393806633,-17.83386067726));
#4362 = CARTESIAN_POINT('',(7.431164353061,-17.85398732815));
#4363 = CARTESIAN_POINT('',(8.09954045522,-17.8665799679));
#4364 = CARTESIAN_POINT('',(8.767950929299,-17.87698952669));
#4365 = CARTESIAN_POINT('',(9.43638289713,-17.88549598688));
#4366 = CARTESIAN_POINT('',(10.104828001923,-17.89233159531));
#4367 = CARTESIAN_POINT('',(11.121689411875,-17.90049039754));
#4368 = CARTESIAN_POINT('',(11.470098892511,-17.90288592131));
#4369 = CARTESIAN_POINT('',(11.81850989461,-17.9049093408));
#4370 = CARTESIAN_POINT('',(12.166921808125,-17.90658622344));
#4371 = CARTESIAN_POINT('',(12.515334156779,-17.90793988183));
#4372 = CARTESIAN_POINT('',(12.863746598061,-17.9089913737));
#4373 = ( GEOMETRIC_REPRESENTATION_CONTEXT(2) 
PARAMETRIC_REPRESENTATION_CONTEXT() REPRESENTATION_CONTEXT('2D SPACE',''
  ) );
#4374 = PCURVE('',#3793,#4375);
#4375 = DEFINITIONAL_REPRESENTATION('',(#4376),#4399);
#4376 = B_SPLINE_CURVE_WITH_KNOTS('',6,(#4377,#4378,#4379,#4380,#4381,
    #4382,#4383,#4384,#4385,#4386,#4387,#4388,#4389,#4390,#4391,#4392,
    #4393,#4394,#4395,#4396,#4397,#4398),.UNSPECIFIED.,.F.,.F.,(7,5,5,5,
    7),(0.,0.422679676787,0.525938294155,0.83757224217,1.),
  .UNSPECIFIED.);
#4377 = CARTESIAN_POINT('',(10.784086516836,0.8574364475));
#4378 = CARTESIAN_POINT('',(10.72996111925,0.863849635815));
#4379 = CARTESIAN_POINT('',(10.675578823478,0.869935162936));
#4380 = CARTESIAN_POINT('',(10.620968918131,0.875721921007));
#4381 = CARTESIAN_POINT('',(10.566155836762,0.881234900651));
#4382 = CARTESIAN_POINT('',(10.511159689122,0.886495795527));
#4383 = CARTESIAN_POINT('',(10.442520932471,0.892752193652));
#4384 = CARTESIAN_POINT('',(10.429035000999,0.893966629276));
#4385 = CARTESIAN_POINT('',(10.415539383897,0.89516744883));
#4386 = CARTESIAN_POINT('',(10.402034311005,0.896354921012));
#4387 = CARTESIAN_POINT('',(10.388520005238,0.897529308809));
#4388 = CARTESIAN_POINT('',(10.33418343447,0.902196449277));
#4389 = CARTESIAN_POINT('',(10.293288217132,0.905585183093));
#4390 = CARTESIAN_POINT('',(10.25231705121,0.908864098251));
#4391 = CARTESIAN_POINT('',(10.211275119813,0.912039526058));
#4392 = CARTESIAN_POINT('',(10.170166882452,0.915117204528));
#4393 = CARTESIAN_POINT('',(10.107537450903,0.919658296368));
#4394 = CARTESIAN_POINT('',(10.086061770733,0.921189081081));
#4395 = CARTESIAN_POINT('',(10.064569683412,0.922695476372));
#4396 = CARTESIAN_POINT('',(10.04306170753,0.924178188118));
#4397 = CARTESIAN_POINT('',(10.021538328788,0.925637887958));
#4398 = CARTESIAN_POINT('',(10.,0.927075213288));
#4399 = ( GEOMETRIC_REPRESENTATION_CONTEXT(2) 
PARAMETRIC_REPRESENTATION_CONTEXT() REPRESENTATION_CONTEXT('2D SPACE',''
  ) );
#4400 = ORIENTED_EDGE('',*,*,#4248,.T.);
#4401 = ORIENTED_EDGE('',*,*,#1643,.T.);
#4402 = ORIENTED_EDGE('',*,*,#4403,.F.);
#4403 = EDGE_CURVE('',#4404,#1644,#4406,.T.);
#4404 = VERTEX_POINT('',#4405);
#4405 = CARTESIAN_POINT('',(60.654,453.457,0.));
#4406 = SURFACE_CURVE('',#4407,(#4411,#4418),.PCURVE_S1.);
#4407 = LINE('',#4408,#4409);
#4408 = CARTESIAN_POINT('',(60.654,453.457,0.));
#4409 = VECTOR('',#4410,1.);
#4410 = DIRECTION('',(-0.,-0.,1.));
#4411 = PCURVE('',#1659,#4412);
#4412 = DEFINITIONAL_REPRESENTATION('',(#4413),#4417);
#4413 = LINE('',#4414,#4415);
#4414 = CARTESIAN_POINT('',(24.171,0.));
#4415 = VECTOR('',#4416,1.);
#4416 = DIRECTION('',(0.,-1.));
#4417 = ( GEOMETRIC_REPRESENTATION_CONTEXT(2) 
PARAMETRIC_REPRESENTATION_CONTEXT() REPRESENTATION_CONTEXT('2D SPACE',''
  ) );
#4418 = PCURVE('',#1687,#4419);
#4419 = DEFINITIONAL_REPRESENTATION('',(#4420),#4424);
#4420 = LINE('',#4421,#4422);
#4421 = CARTESIAN_POINT('',(0.,0.));
#4422 = VECTOR('',#4423,1.);
#4423 = DIRECTION('',(0.,-1.));
#4424 = ( GEOMETRIC_REPRESENTATION_CONTEXT(2) 
PARAMETRIC_REPRESENTATION_CONTEXT() REPRESENTATION_CONTEXT('2D SPACE',''
  ) );
#4425 = ORIENTED_EDGE('',*,*,#4426,.F.);
#4426 = EDGE_CURVE('',#4427,#4404,#4429,.T.);
#4427 = VERTEX_POINT('',#4428);
#4428 = CARTESIAN_POINT('',(60.223246611386,453.457,0.));
#4429 = SURFACE_CURVE('',#4430,(#4434,#4441),.PCURVE_S1.);
#4430 = LINE('',#4431,#4432);
#4431 = CARTESIAN_POINT('',(36.483,453.457,0.));
#4432 = VECTOR('',#4433,1.);
#4433 = DIRECTION('',(1.,0.,0.));
#4434 = PCURVE('',#1659,#4435);
#4435 = DEFINITIONAL_REPRESENTATION('',(#4436),#4440);
#4436 = LINE('',#4437,#4438);
#4437 = CARTESIAN_POINT('',(0.,0.));
#4438 = VECTOR('',#4439,1.);
#4439 = DIRECTION('',(1.,0.));
#4440 = ( GEOMETRIC_REPRESENTATION_CONTEXT(2) 
PARAMETRIC_REPRESENTATION_CONTEXT() REPRESENTATION_CONTEXT('2D SPACE',''
  ) );
#4441 = PCURVE('',#2394,#4442);
#4442 = DEFINITIONAL_REPRESENTATION('',(#4443),#4447);
#4443 = LINE('',#4444,#4445);
#4444 = CARTESIAN_POINT('',(-36.48333843562,226.91701556891));
#4445 = VECTOR('',#4446,1.);
#4446 = DIRECTION('',(-1.,0.));
#4447 = ( GEOMETRIC_REPRESENTATION_CONTEXT(2) 
PARAMETRIC_REPRESENTATION_CONTEXT() REPRESENTATION_CONTEXT('2D SPACE',''
  ) );
#4448 = ORIENTED_EDGE('',*,*,#4449,.F.);
#4449 = EDGE_CURVE('',#4450,#4427,#4452,.T.);
#4450 = VERTEX_POINT('',#4451);
#4451 = CARTESIAN_POINT('',(58.87117710458,453.457,0.768135122888));
#4452 = SURFACE_CURVE('',#4453,(#4459,#4468),.PCURVE_S1.);
#4453 = B_SPLINE_CURVE_WITH_KNOTS('',4,(#4454,#4455,#4456,#4457,#4458),
  .UNSPECIFIED.,.F.,.F.,(5,5),(0.,1.),.PIECEWISE_BEZIER_KNOTS.);
#4454 = CARTESIAN_POINT('',(58.87117710458,453.457,0.768135122888));
#4455 = CARTESIAN_POINT('',(59.209271664833,453.457,0.576096013964));
#4456 = CARTESIAN_POINT('',(59.547313846297,453.457,0.384061126348));
#4457 = CARTESIAN_POINT('',(59.885305349303,453.457,0.192030216201));
#4458 = CARTESIAN_POINT('',(60.223246611386,453.457,0.));
#4459 = PCURVE('',#1659,#4460);
#4460 = DEFINITIONAL_REPRESENTATION('',(#4461),#4467);
#4461 = B_SPLINE_CURVE_WITH_KNOTS('',4,(#4462,#4463,#4464,#4465,#4466),
  .UNSPECIFIED.,.F.,.F.,(5,5),(0.,1.),.PIECEWISE_BEZIER_KNOTS.);
#4462 = CARTESIAN_POINT('',(22.38817710458,-0.768135122888));
#4463 = CARTESIAN_POINT('',(22.726271664833,-0.576096013964));
#4464 = CARTESIAN_POINT('',(23.064313846297,-0.384061126348));
#4465 = CARTESIAN_POINT('',(23.402305349303,-0.192030216201));
#4466 = CARTESIAN_POINT('',(23.740246611386,0.));
#4467 = ( GEOMETRIC_REPRESENTATION_CONTEXT(2) 
PARAMETRIC_REPRESENTATION_CONTEXT() REPRESENTATION_CONTEXT('2D SPACE',''
  ) );
#4468 = PCURVE('',#4469,#4514);
#4469 = ( BOUNDED_SURFACE() B_SPLINE_SURFACE(1,3,(
    (#4470,#4471,#4472,#4473,#4474,#4475,#4476,#4477,#4478,#4479,#4480
      ,#4481,#4482,#4483,#4484,#4485,#4486,#4487,#4488,#4489,#4490,#4491
      )
    ,(#4492,#4493,#4494,#4495,#4496,#4497,#4498,#4499,#4500,#4501,#4502
      ,#4503,#4504,#4505,#4506,#4507,#4508,#4509,#4510,#4511,#4512,#4513
)),.UNSPECIFIED.,.F.,.F.,.F.) B_SPLINE_SURFACE_WITH_KNOTS((2,2),(4,1,1,1
    ,1,1,1,1,1,1,1,1,1,1,1,1,1,1,1,4),(2.,3.),(0.,5.218380768594E-02,
    0.104924849979,0.158249728388,0.212037422186,0.266073258756,
    0.320098130577,0.373854821642,0.427134464983,0.479826107743,
    0.531971081028,0.583831321693,0.635742389654,0.687819682816,
    0.740024789052,0.792245645251,0.844362126807,0.89631140842,
0.94815736877,1.),.UNSPECIFIED.) GEOMETRIC_REPRESENTATION_ITEM() 
RATIONAL_B_SPLINE_SURFACE((
    (1.,1.000000000002,0.999999999999,1.,1.,1.,1.,1.,1.,1.,1.,1.,1.,1.
      ,1.,1.,1.,1.000000000001,0.999999999997,1.000000000012
      ,0.999999999975,1.)
    ,(1.,1.000000000002,0.999999999999,1.,1.,1.,1.,1.,1.,1.,1.,1.,1.,1.
      ,1.,1.,1.,1.000000000001,0.999999999997,1.000000000012
,0.999999999975,1.))) REPRESENTATION_ITEM('') SURFACE() );
#4470 = CARTESIAN_POINT('',(3.244829287063,406.27796884521,0.));
#4471 = CARTESIAN_POINT('',(4.691765325467,406.35380838813,0.));
#4472 = CARTESIAN_POINT('',(7.585395869324,406.60792045969,0.));
#4473 = CARTESIAN_POINT('',(11.863474786501,407.28731733452,0.));
#4474 = CARTESIAN_POINT('',(16.078037442041,408.26193480759,0.));
#4475 = CARTESIAN_POINT('',(20.211072190212,409.5266265896,0.));
#4476 = CARTESIAN_POINT('',(24.24454350253,411.07530086092,0.));
#4477 = CARTESIAN_POINT('',(28.160542519752,412.9009131047,0.));
#4478 = CARTESIAN_POINT('',(31.941538845156,414.995493962,0.));
#4479 = CARTESIAN_POINT('',(35.570680447443,417.35038310376,0.));
#4480 = CARTESIAN_POINT('',(39.031567808679,419.9561056627,0.));
#4481 = CARTESIAN_POINT('',(42.309506403417,422.80372258841,0.));
#4482 = CARTESIAN_POINT('',(45.382873026063,425.87674042939,0.));
#4483 = CARTESIAN_POINT('',(48.226752027442,429.14904540363,0.));
#4484 = CARTESIAN_POINT('',(50.831795885157,432.60688414214,0.));
#4485 = CARTESIAN_POINT('',(53.187830163267,436.23530335481,0.));
#4486 = CARTESIAN_POINT('',(55.285213459547,440.01878953607,0.));
#4487 = CARTESIAN_POINT('',(57.11482578882,443.94125895454,0.));
#4488 = CARTESIAN_POINT('',(58.668356339385,447.98702114686,0.));
#4489 = CARTESIAN_POINT('',(59.936416501855,452.13385653031,0.));
#4490 = CARTESIAN_POINT('',(60.58506270763,454.94564135035,0.));
#4491 = CARTESIAN_POINT('',(60.860885373755,456.36284228665,0.));
#4492 = CARTESIAN_POINT('',(3.176138344494,407.58867010958,
    7.60576107626E-03));
#4493 = CARTESIAN_POINT('',(4.592443681306,407.66290418354,
    1.423644321651E-02));
#4494 = CARTESIAN_POINT('',(7.424817932183,407.91163685879,
    3.584049973926E-02));
#4495 = CARTESIAN_POINT('',(11.612332679232,408.57665134323,
    8.76602790617E-02));
#4496 = CARTESIAN_POINT('',(15.737675762291,409.53063679233,
    0.154011827386));
#4497 = CARTESIAN_POINT('',(19.783216831355,410.76855586548,
    0.229954083507));
#4498 = CARTESIAN_POINT('',(23.731302158221,412.28444570156,
    0.310580091835));
#4499 = CARTESIAN_POINT('',(27.564402002701,414.07141091197,
    0.39101617056));
#4500 = CARTESIAN_POINT('',(31.265357075248,416.12165084385,
    0.466318545608));
#4501 = CARTESIAN_POINT('',(34.817672091196,418.42668850176,
    0.531784202236));
#4502 = CARTESIAN_POINT('',(38.205294699826,420.97724959524,
    0.58172341761));
#4503 = CARTESIAN_POINT('',(41.413841449313,423.76458430781,
    0.613857743468));
#4504 = CARTESIAN_POINT('',(44.422146883374,426.77254834369,
    0.61292454834));
#4505 = CARTESIAN_POINT('',(47.205822801055,429.97558073279,
    0.627431188718));
#4506 = CARTESIAN_POINT('',(49.755719560975,433.36021925607,
    0.654419172488));
#4507 = CARTESIAN_POINT('',(52.06187811344,436.91182717494,
    0.687527644944));
#4508 = CARTESIAN_POINT('',(54.114861158488,440.61521939464,
    0.721366773763));
#4509 = CARTESIAN_POINT('',(55.905741775145,444.45465266634,
    0.750309280691));
#4510 = CARTESIAN_POINT('',(57.426385086235,448.4147686825,
    0.768728215454));
#4511 = CARTESIAN_POINT('',(58.667601233156,452.47381823893,
    0.771047638493));
#4512 = CARTESIAN_POINT('',(59.30251601727,455.22607938175,
    0.764965114862));
#4513 = CARTESIAN_POINT('',(59.57249969548,456.61327909308,0.769140625)
  );
#4514 = DEFINITIONAL_REPRESENTATION('',(#4515),#4521);
#4515 = B_SPLINE_CURVE_WITH_KNOTS('',4,(#4516,#4517,#4518,#4519,#4520),
  .UNSPECIFIED.,.F.,.F.,(5,5),(0.,1.),.PIECEWISE_BEZIER_KNOTS.);
#4516 = CARTESIAN_POINT('',(3.,0.960434131875));
#4517 = CARTESIAN_POINT('',(2.750108559384,0.961438903465));
#4518 = CARTESIAN_POINT('',(2.500142949236,0.962429045364));
#4519 = CARTESIAN_POINT('',(2.250105710064,0.963405027741));
#4520 = CARTESIAN_POINT('',(2.,0.964367280163));
#4521 = ( GEOMETRIC_REPRESENTATION_CONTEXT(2) 
PARAMETRIC_REPRESENTATION_CONTEXT() REPRESENTATION_CONTEXT('2D SPACE',''
  ) );
#4522 = ORIENTED_EDGE('',*,*,#4523,.F.);
#4523 = EDGE_CURVE('',#4524,#4450,#4526,.T.);
#4524 = VERTEX_POINT('',#4525);
#4525 = CARTESIAN_POINT('',(57.517272255715,453.457,2.794539907368));
#4526 = SURFACE_CURVE('',#4527,(#4533,#4542),.PCURVE_S1.);
#4527 = B_SPLINE_CURVE_WITH_KNOTS('',4,(#4528,#4529,#4530,#4531,#4532),
  .UNSPECIFIED.,.F.,.F.,(5,5),(0.,1.),.PIECEWISE_BEZIER_KNOTS.);
#4528 = CARTESIAN_POINT('',(57.517272255715,453.457,2.794539907368));
#4529 = CARTESIAN_POINT('',(57.85582922258,453.457,2.287934582791));
#4530 = CARTESIAN_POINT('',(58.194329150461,453.457,1.781330023943));
#4531 = CARTESIAN_POINT('',(58.532778168075,453.457,1.274730535368));
#4532 = CARTESIAN_POINT('',(58.87117710458,453.457,0.768135122888));
#4533 = PCURVE('',#1659,#4534);
#4534 = DEFINITIONAL_REPRESENTATION('',(#4535),#4541);
#4535 = B_SPLINE_CURVE_WITH_KNOTS('',4,(#4536,#4537,#4538,#4539,#4540),
  .UNSPECIFIED.,.F.,.F.,(5,5),(0.,1.),.PIECEWISE_BEZIER_KNOTS.);
#4536 = CARTESIAN_POINT('',(21.034272255715,-2.794539907368));
#4537 = CARTESIAN_POINT('',(21.37282922258,-2.287934582791));
#4538 = CARTESIAN_POINT('',(21.711329150461,-1.781330023943));
#4539 = CARTESIAN_POINT('',(22.049778168075,-1.274730535368));
#4540 = CARTESIAN_POINT('',(22.38817710458,-0.768135122888));
#4541 = ( GEOMETRIC_REPRESENTATION_CONTEXT(2) 
PARAMETRIC_REPRESENTATION_CONTEXT() REPRESENTATION_CONTEXT('2D SPACE',''
  ) );
#4542 = PCURVE('',#4543,#4588);
#4543 = ( BOUNDED_SURFACE() B_SPLINE_SURFACE(1,3,(
    (#4544,#4545,#4546,#4547,#4548,#4549,#4550,#4551,#4552,#4553,#4554
      ,#4555,#4556,#4557,#4558,#4559,#4560,#4561,#4562,#4563,#4564,#4565
      )
    ,(#4566,#4567,#4568,#4569,#4570,#4571,#4572,#4573,#4574,#4575,#4576
      ,#4577,#4578,#4579,#4580,#4581,#4582,#4583,#4584,#4585,#4586,#4587
)),.UNSPECIFIED.,.F.,.F.,.F.) B_SPLINE_SURFACE_WITH_KNOTS((2,2),(4,1,1,1
    ,1,1,1,1,1,1,1,1,1,1,1,1,1,1,1,4),(3.,4.),(0.,5.218380768594E-02,
    0.104924849979,0.158249728388,0.212037422186,0.266073258756,
    0.320098130577,0.373854821642,0.427134464983,0.479826107743,
    0.531971081028,0.583831321693,0.635742389654,0.687819682816,
    0.740024789052,0.792245645251,0.844362126807,0.89631140842,
0.94815736877,1.),.UNSPECIFIED.) GEOMETRIC_REPRESENTATION_ITEM() 
RATIONAL_B_SPLINE_SURFACE((
    (1.,1.000000000002,0.999999999999,1.,1.,1.,1.,1.,1.,1.,1.,1.,1.,1.
      ,1.,1.,1.,1.000000000001,0.999999999997,1.000000000012
      ,0.999999999975,1.)
    ,(1.,1.000000000002,0.999999999999,1.,1.,1.,1.,1.,1.,1.,1.,1.,1.,1.
      ,1.,1.,1.,1.000000000001,0.999999999997,1.000000000012
,0.999999999975,1.))) REPRESENTATION_ITEM('') SURFACE() );
#4544 = CARTESIAN_POINT('',(3.176138344494,407.58867010958,
    7.60576107626E-03));
#4545 = CARTESIAN_POINT('',(4.592443681306,407.66290418354,
    1.423644321651E-02));
#4546 = CARTESIAN_POINT('',(7.424817932183,407.91163685879,
    3.584049973926E-02));
#4547 = CARTESIAN_POINT('',(11.612332679232,408.57665134323,
    8.76602790617E-02));
#4548 = CARTESIAN_POINT('',(15.737675762291,409.53063679233,
    0.154011827386));
#4549 = CARTESIAN_POINT('',(19.783216831355,410.76855586548,
    0.229954083507));
#4550 = CARTESIAN_POINT('',(23.731302158221,412.28444570156,
    0.310580091835));
#4551 = CARTESIAN_POINT('',(27.564402002701,414.07141091197,
    0.39101617056));
#4552 = CARTESIAN_POINT('',(31.265357075248,416.12165084385,
    0.466318545608));
#4553 = CARTESIAN_POINT('',(34.817672091196,418.42668850176,
    0.531784202236));
#4554 = CARTESIAN_POINT('',(38.205294699826,420.97724959524,
    0.58172341761));
#4555 = CARTESIAN_POINT('',(41.413841449313,423.76458430781,
    0.613857743468));
#4556 = CARTESIAN_POINT('',(44.422146883374,426.77254834369,
    0.61292454834));
#4557 = CARTESIAN_POINT('',(47.205822801055,429.97558073279,
    0.627431188718));
#4558 = CARTESIAN_POINT('',(49.755719560975,433.36021925607,
    0.654419172488));
#4559 = CARTESIAN_POINT('',(52.06187811344,436.91182717494,
    0.687527644944));
#4560 = CARTESIAN_POINT('',(54.114861158488,440.61521939464,
    0.721366773763));
#4561 = CARTESIAN_POINT('',(55.905741775145,444.45465266634,
    0.750309280691));
#4562 = CARTESIAN_POINT('',(57.426385086235,448.4147686825,
    0.768728215454));
#4563 = CARTESIAN_POINT('',(58.667601233156,452.47381823893,
    0.771047638493));
#4564 = CARTESIAN_POINT('',(59.30251601727,455.22607938175,
    0.764965114862));
#4565 = CARTESIAN_POINT('',(59.57249969548,456.61327909308,0.769140625)
  );
#4566 = CARTESIAN_POINT('',(3.107447401925,408.89937137394,
    2.765731300458E-02));
#4567 = CARTESIAN_POINT('',(4.49312203538,408.97199997384,
    5.176888446046E-02));
#4568 = CARTESIAN_POINT('',(7.26423999587,409.21535326029,0.130329089944
    ));
#4569 = CARTESIAN_POINT('',(11.361190571737,409.86598535128,
    0.318764651138));
#4570 = CARTESIAN_POINT('',(15.397314082603,410.79933877724,
    0.560043008674));
#4571 = CARTESIAN_POINT('',(19.355361472481,412.0104851413,
    0.836196667299));
#4572 = CARTESIAN_POINT('',(23.218060813915,413.4935905422,
    1.129382152128));
#4573 = CARTESIAN_POINT('',(26.968261485649,415.24190871923,
    1.421876983856));
#4574 = CARTESIAN_POINT('',(30.589175305341,417.2478077257,
    1.695703802211));
#4575 = CARTESIAN_POINT('',(34.06466373495,419.50299389977,
    1.933760735404));
#4576 = CARTESIAN_POINT('',(37.379021590973,421.99839352779,
    2.115357882218));
#4577 = CARTESIAN_POINT('',(40.518176495208,424.72544602721,
    2.232209976247));
#4578 = CARTESIAN_POINT('',(43.461420740685,427.66835625799,
    2.228816539417));
#4579 = CARTESIAN_POINT('',(46.184893574668,430.80211606194,
    2.281567958973));
#4580 = CARTESIAN_POINT('',(48.679643236792,434.11355437001,
    2.379706081773));
#4581 = CARTESIAN_POINT('',(50.935926063618,437.58835099498,
    2.500100527067));
#4582 = CARTESIAN_POINT('',(52.94450885741,441.21164925348,
    2.623151904594));
#4583 = CARTESIAN_POINT('',(54.696657761541,444.96804637713,
    2.728397384328));
#4584 = CARTESIAN_POINT('',(56.18441383282,448.84251622188,
    2.795375328938));
#4585 = CARTESIAN_POINT('',(57.398785965448,452.81377993364,
    2.803809594474));
#4586 = CARTESIAN_POINT('',(58.019969324773,455.5065174431,
    2.781691326875));
#4587 = CARTESIAN_POINT('',(58.284114017205,456.86371589951,2.796875));
#4588 = DEFINITIONAL_REPRESENTATION('',(#4589),#4595);
#4589 = B_SPLINE_CURVE_WITH_KNOTS('',4,(#4590,#4591,#4592,#4593,#4594),
  .UNSPECIFIED.,.F.,.F.,(5,5),(0.,1.),.PIECEWISE_BEZIER_KNOTS.);
#4590 = CARTESIAN_POINT('',(4.,0.956321601821));
#4591 = CARTESIAN_POINT('',(3.750117822654,0.957372687885));
#4592 = CARTESIAN_POINT('',(3.500156746909,0.958408130389));
#4593 = CARTESIAN_POINT('',(3.250116409855,0.9594284557));
#4594 = CARTESIAN_POINT('',(3.,0.960434131875));
#4595 = ( GEOMETRIC_REPRESENTATION_CONTEXT(2) 
PARAMETRIC_REPRESENTATION_CONTEXT() REPRESENTATION_CONTEXT('2D SPACE',''
  ) );
#4596 = ORIENTED_EDGE('',*,*,#4597,.F.);
#4597 = EDGE_CURVE('',#4598,#4524,#4600,.T.);
#4598 = VERTEX_POINT('',#4599);
#4599 = CARTESIAN_POINT('',(56.161397171461,453.457,5.66160047661));
#4600 = SURFACE_CURVE('',#4601,(#4607,#4616),.PCURVE_S1.);
#4601 = B_SPLINE_CURVE_WITH_KNOTS('',4,(#4602,#4603,#4604,#4605,#4606),
  .UNSPECIFIED.,.F.,.F.,(5,5),(0.,1.),.PIECEWISE_BEZIER_KNOTS.);
#4602 = CARTESIAN_POINT('',(56.161397171461,453.457,5.66160047661));
#4603 = CARTESIAN_POINT('',(56.500470983064,453.457,4.944845649792));
#4604 = CARTESIAN_POINT('',(56.839466011874,453.457,4.228078582048));
#4605 = CARTESIAN_POINT('',(57.17839760389,453.457,3.511308897729));
#4606 = CARTESIAN_POINT('',(57.517272255715,453.457,2.794539907368));
#4607 = PCURVE('',#1659,#4608);
#4608 = DEFINITIONAL_REPRESENTATION('',(#4609),#4615);
#4609 = B_SPLINE_CURVE_WITH_KNOTS('',4,(#4610,#4611,#4612,#4613,#4614),
  .UNSPECIFIED.,.F.,.F.,(5,5),(0.,1.),.PIECEWISE_BEZIER_KNOTS.);
#4610 = CARTESIAN_POINT('',(19.678397171461,-5.66160047661));
#4611 = CARTESIAN_POINT('',(20.017470983064,-4.944845649792));
#4612 = CARTESIAN_POINT('',(20.356466011874,-4.228078582048));
#4613 = CARTESIAN_POINT('',(20.69539760389,-3.511308897729));
#4614 = CARTESIAN_POINT('',(21.034272255715,-2.794539907368));
#4615 = ( GEOMETRIC_REPRESENTATION_CONTEXT(2) 
PARAMETRIC_REPRESENTATION_CONTEXT() REPRESENTATION_CONTEXT('2D SPACE',''
  ) );
#4616 = PCURVE('',#4617,#4662);
#4617 = ( BOUNDED_SURFACE() B_SPLINE_SURFACE(1,3,(
    (#4618,#4619,#4620,#4621,#4622,#4623,#4624,#4625,#4626,#4627,#4628
      ,#4629,#4630,#4631,#4632,#4633,#4634,#4635,#4636,#4637,#4638,#4639
      )
    ,(#4640,#4641,#4642,#4643,#4644,#4645,#4646,#4647,#4648,#4649,#4650
      ,#4651,#4652,#4653,#4654,#4655,#4656,#4657,#4658,#4659,#4660,#4661
)),.UNSPECIFIED.,.F.,.F.,.F.) B_SPLINE_SURFACE_WITH_KNOTS((2,2),(4,1,1,1
    ,1,1,1,1,1,1,1,1,1,1,1,1,1,1,1,4),(4.,5.),(0.,5.218380768594E-02,
    0.104924849979,0.158249728388,0.212037422186,0.266073258756,
    0.320098130577,0.373854821642,0.427134464983,0.479826107743,
    0.531971081028,0.583831321693,0.635742389654,0.687819682816,
    0.740024789052,0.792245645251,0.844362126807,0.89631140842,
0.94815736877,1.),.UNSPECIFIED.) GEOMETRIC_REPRESENTATION_ITEM() 
RATIONAL_B_SPLINE_SURFACE((
    (1.,1.000000000002,0.999999999999,1.,1.,1.,1.,1.,1.,1.,1.,1.,1.,1.
      ,1.,1.,1.,1.000000000001,0.999999999997,1.000000000012
      ,0.999999999975,1.)
    ,(1.,1.000000000002,0.999999999999,1.,1.,1.,1.,1.,1.,1.,1.,1.,1.,1.
      ,1.,1.,1.,1.000000000001,0.999999999997,1.000000000012
,0.999999999975,1.))) REPRESENTATION_ITEM('') SURFACE() );
#4618 = CARTESIAN_POINT('',(3.107447401925,408.89937137394,
    2.765731300458E-02));
#4619 = CARTESIAN_POINT('',(4.49312203538,408.97199997384,
    5.176888446046E-02));
#4620 = CARTESIAN_POINT('',(7.26423999587,409.21535326029,0.130329089944
    ));
#4621 = CARTESIAN_POINT('',(11.361190571737,409.86598535128,
    0.318764651138));
#4622 = CARTESIAN_POINT('',(15.397314082603,410.79933877724,
    0.560043008674));
#4623 = CARTESIAN_POINT('',(19.355361472481,412.0104851413,
    0.836196667299));
#4624 = CARTESIAN_POINT('',(23.218060813915,413.4935905422,
    1.129382152128));
#4625 = CARTESIAN_POINT('',(26.968261485649,415.24190871923,
    1.421876983856));
#4626 = CARTESIAN_POINT('',(30.589175305341,417.2478077257,
    1.695703802211));
#4627 = CARTESIAN_POINT('',(34.06466373495,419.50299389977,
    1.933760735404));
#4628 = CARTESIAN_POINT('',(37.379021590973,421.99839352779,
    2.115357882218));
#4629 = CARTESIAN_POINT('',(40.518176495208,424.72544602721,
    2.232209976247));
#4630 = CARTESIAN_POINT('',(43.461420740685,427.66835625799,
    2.228816539417));
#4631 = CARTESIAN_POINT('',(46.184893574668,430.80211606194,
    2.281567958973));
#4632 = CARTESIAN_POINT('',(48.679643236792,434.11355437001,
    2.379706081773));
#4633 = CARTESIAN_POINT('',(50.935926063618,437.58835099498,
    2.500100527067));
#4634 = CARTESIAN_POINT('',(52.94450885741,441.21164925348,
    2.623151904594));
#4635 = CARTESIAN_POINT('',(54.696657761541,444.96804637713,
    2.728397384328));
#4636 = CARTESIAN_POINT('',(56.18441383282,448.84251622188,
    2.795375328938));
#4637 = CARTESIAN_POINT('',(57.398785965448,452.81377993364,
    2.803809594474));
#4638 = CARTESIAN_POINT('',(58.019969324773,455.5065174431,
    2.781691326875));
#4639 = CARTESIAN_POINT('',(58.284114017205,456.86371589951,2.796875));
#4640 = CARTESIAN_POINT('',(3.038756459356,410.21007263831,
    5.600605883428E-02));
#4641 = CARTESIAN_POINT('',(4.393800391112,410.28109576643,
    0.104831991002));
#4642 = CARTESIAN_POINT('',(7.103662058779,410.51906966071,0.26391640715
    ));
#4643 = CARTESIAN_POINT('',(11.110048464455,411.15531935963,
    0.645498418551));
#4644 = CARTESIAN_POINT('',(15.056952402857,412.06804076208,
    1.134087092566));
#4645 = CARTESIAN_POINT('',(18.927506113622,413.25241441715,
    1.693298251281));
#4646 = CARTESIAN_POINT('',(22.704819469606,414.70273538284,
    2.286998858058));
#4647 = CARTESIAN_POINT('',(26.372120968598,416.41240652649,
    2.879300892308));
#4648 = CARTESIAN_POINT('',(29.912993535433,418.37396460756,
    3.433800199477));
#4649 = CARTESIAN_POINT('',(33.311655378704,420.57929929777,
    3.915865489194));
#4650 = CARTESIAN_POINT('',(36.55274848212,423.01953746033,
    4.283599711492));
#4651 = CARTESIAN_POINT('',(39.622511541104,425.6863077466,
    4.520225201901));
#4652 = CARTESIAN_POINT('',(42.500694597997,428.56416417228,
    4.51335349232));
#4653 = CARTESIAN_POINT('',(45.16396434828,431.6286513911,4.62017511692)
  );
#4654 = CARTESIAN_POINT('',(47.603566912611,434.86688948393,
    4.818904815591));
#4655 = CARTESIAN_POINT('',(49.809974013788,438.26487481513,
    5.062703567312));
#4656 = CARTESIAN_POINT('',(51.774156556358,441.80807911196,
    5.311882606801));
#4657 = CARTESIAN_POINT('',(53.48757374784,445.48144008927,
    5.525004703274));
#4658 = CARTESIAN_POINT('',(54.942442579768,449.27026375627,
    5.660635041065));
#4659 = CARTESIAN_POINT('',(56.129970696385,453.1537416469,
    5.677714428938));
#4660 = CARTESIAN_POINT('',(56.737422635196,455.78695546449,
    5.632924936645));
#4661 = CARTESIAN_POINT('',(56.99572833893,457.11415270594,5.663671875)
  );
#4662 = DEFINITIONAL_REPRESENTATION('',(#4663),#4669);
#4663 = B_SPLINE_CURVE_WITH_KNOTS('',4,(#4664,#4665,#4666,#4667,#4668),
  .UNSPECIFIED.,.F.,.F.,(5,5),(0.,1.),.PIECEWISE_BEZIER_KNOTS.);
#4664 = CARTESIAN_POINT('',(5.,0.952017083101));
#4665 = CARTESIAN_POINT('',(4.750112985817,0.953117838399));
#4666 = CARTESIAN_POINT('',(4.500154107945,0.954201784525));
#4667 = CARTESIAN_POINT('',(4.25011665468,0.955269529487));
#4668 = CARTESIAN_POINT('',(4.,0.956321601821));
#4669 = ( GEOMETRIC_REPRESENTATION_CONTEXT(2) 
PARAMETRIC_REPRESENTATION_CONTEXT() REPRESENTATION_CONTEXT('2D SPACE',''
  ) );
#4670 = ORIENTED_EDGE('',*,*,#4671,.F.);
#4671 = EDGE_CURVE('',#4672,#4598,#4674,.T.);
#4672 = VERTEX_POINT('',#4673);
#4673 = CARTESIAN_POINT('',(54.803403325087,453.457,8.950486458291));
#4674 = SURFACE_CURVE('',#4675,(#4681,#4690),.PCURVE_S1.);
#4675 = B_SPLINE_CURVE_WITH_KNOTS('',4,(#4676,#4677,#4678,#4679,#4680),
  .UNSPECIFIED.,.F.,.F.,(5,5),(0.,1.),.PIECEWISE_BEZIER_KNOTS.);
#4676 = CARTESIAN_POINT('',(54.803403325087,453.457,8.950486458291));
#4677 = CARTESIAN_POINT('',(55.143060657009,453.457,8.128303927391));
#4678 = CARTESIAN_POINT('',(55.482595998825,453.457,7.306086172296));
#4679 = CARTESIAN_POINT('',(55.822035993247,453.457,6.48384864184));
#4680 = CARTESIAN_POINT('',(56.161397171461,453.457,5.66160047661));
#4681 = PCURVE('',#1659,#4682);
#4682 = DEFINITIONAL_REPRESENTATION('',(#4683),#4689);
#4683 = B_SPLINE_CURVE_WITH_KNOTS('',4,(#4684,#4685,#4686,#4687,#4688),
  .UNSPECIFIED.,.F.,.F.,(5,5),(0.,1.),.PIECEWISE_BEZIER_KNOTS.);
#4684 = CARTESIAN_POINT('',(18.320403325087,-8.950486458291));
#4685 = CARTESIAN_POINT('',(18.660060657009,-8.128303927391));
#4686 = CARTESIAN_POINT('',(18.999595998825,-7.306086172296));
#4687 = CARTESIAN_POINT('',(19.339035993247,-6.48384864184));
#4688 = CARTESIAN_POINT('',(19.678397171461,-5.66160047661));
#4689 = ( GEOMETRIC_REPRESENTATION_CONTEXT(2) 
PARAMETRIC_REPRESENTATION_CONTEXT() REPRESENTATION_CONTEXT('2D SPACE',''
  ) );
#4690 = PCURVE('',#4691,#4736);
#4691 = ( BOUNDED_SURFACE() B_SPLINE_SURFACE(1,3,(
    (#4692,#4693,#4694,#4695,#4696,#4697,#4698,#4699,#4700,#4701,#4702
      ,#4703,#4704,#4705,#4706,#4707,#4708,#4709,#4710,#4711,#4712,#4713
      )
    ,(#4714,#4715,#4716,#4717,#4718,#4719,#4720,#4721,#4722,#4723,#4724
      ,#4725,#4726,#4727,#4728,#4729,#4730,#4731,#4732,#4733,#4734,#4735
)),.UNSPECIFIED.,.F.,.F.,.F.) B_SPLINE_SURFACE_WITH_KNOTS((2,2),(4,1,1,1
    ,1,1,1,1,1,1,1,1,1,1,1,1,1,1,1,4),(5.,6.),(0.,5.218380768594E-02,
    0.104924849979,0.158249728388,0.212037422186,0.266073258756,
    0.320098130577,0.373854821642,0.427134464983,0.479826107743,
    0.531971081028,0.583831321693,0.635742389654,0.687819682816,
    0.740024789052,0.792245645251,0.844362126807,0.89631140842,
0.94815736877,1.),.UNSPECIFIED.) GEOMETRIC_REPRESENTATION_ITEM() 
RATIONAL_B_SPLINE_SURFACE((
    (1.,1.000000000002,0.999999999999,1.,1.,1.,1.,1.,1.,1.,1.,1.,1.,1.
      ,1.,1.,1.,1.000000000001,0.999999999997,1.000000000012
      ,0.999999999975,1.)
    ,(1.,1.000000000002,0.999999999999,1.,1.,1.,1.,1.,1.,1.,1.,1.,1.,1.
      ,1.,1.,1.,1.000000000001,0.999999999997,1.000000000012
,0.999999999975,1.))) REPRESENTATION_ITEM('') SURFACE() );
#4692 = CARTESIAN_POINT('',(3.038756459356,410.21007263831,
    5.600605883428E-02));
#4693 = CARTESIAN_POINT('',(4.393800391112,410.28109576643,
    0.104831991002));
#4694 = CARTESIAN_POINT('',(7.103662058779,410.51906966071,0.26391640715
    ));
#4695 = CARTESIAN_POINT('',(11.110048464455,411.15531935963,
    0.645498418551));
#4696 = CARTESIAN_POINT('',(15.056952402857,412.06804076208,
    1.134087092566));
#4697 = CARTESIAN_POINT('',(18.927506113622,413.25241441715,
    1.693298251281));
#4698 = CARTESIAN_POINT('',(22.704819469606,414.70273538284,
    2.286998858058));
#4699 = CARTESIAN_POINT('',(26.372120968598,416.41240652649,
    2.879300892308));
#4700 = CARTESIAN_POINT('',(29.912993535433,418.37396460756,
    3.433800199477));
#4701 = CARTESIAN_POINT('',(33.311655378704,420.57929929777,
    3.915865489194));
#4702 = CARTESIAN_POINT('',(36.55274848212,423.01953746033,
    4.283599711492));
#4703 = CARTESIAN_POINT('',(39.622511541104,425.6863077466,
    4.520225201901));
#4704 = CARTESIAN_POINT('',(42.500694597997,428.56416417228,
    4.51335349232));
#4705 = CARTESIAN_POINT('',(45.16396434828,431.6286513911,4.62017511692)
  );
#4706 = CARTESIAN_POINT('',(47.603566912611,434.86688948393,
    4.818904815591));
#4707 = CARTESIAN_POINT('',(49.809974013788,438.26487481513,
    5.062703567312));
#4708 = CARTESIAN_POINT('',(51.774156556358,441.80807911196,
    5.311882606801));
#4709 = CARTESIAN_POINT('',(53.48757374784,445.48144008927,
    5.525004703274));
#4710 = CARTESIAN_POINT('',(54.942442579768,449.27026375627,
    5.660635041065));
#4711 = CARTESIAN_POINT('',(56.129970696385,453.1537416469,
    5.677714428938));
#4712 = CARTESIAN_POINT('',(56.737422635196,455.78695546449,
    5.632924936645));
#4713 = CARTESIAN_POINT('',(56.99572833893,457.11415270594,5.663671875)
  );
#4714 = CARTESIAN_POINT('',(2.970065516787,411.52077390267,
    8.850340161467E-02));
#4715 = CARTESIAN_POINT('',(4.294478745547,411.5901915542,0.165660430272
    ));
#4716 = CARTESIAN_POINT('',(6.943084122297,411.82278606339,
    0.417053087821));
#4717 = CARTESIAN_POINT('',(10.858906357007,412.44465336737,
    1.020046883642));
#4718 = CARTESIAN_POINT('',(14.716590723156,413.33674274708,
    1.792137627757));
#4719 = CARTESIAN_POINT('',(18.499650754751,414.49434369295,
    2.675829335358));
#4720 = CARTESIAN_POINT('',(22.1915781253,415.91188022349,3.614022886808
    ));
#4721 = CARTESIAN_POINT('',(25.775980451547,417.58290433374,
    4.550006348339));
#4722 = CARTESIAN_POINT('',(29.236811765526,419.50012148941,
    5.426252167074));
#4723 = CARTESIAN_POINT('',(32.558647022458,421.65560469578,
    6.188034353294));
#4724 = CARTESIAN_POINT('',(35.726475373267,424.04068139287,
    6.769145223098));
#4725 = CARTESIAN_POINT('',(38.726846586999,426.647169466,7.143071923991
    ));
#4726 = CARTESIAN_POINT('',(41.539968455308,429.45997208658,
    7.132212926135));
#4727 = CARTESIAN_POINT('',(44.143035121893,432.45518672026,
    7.301017468713));
#4728 = CARTESIAN_POINT('',(46.52749058843,435.62022459785,
    7.615059461674));
#4729 = CARTESIAN_POINT('',(48.684021963959,438.94139863524,
    8.000321686616));
#4730 = CARTESIAN_POINT('',(50.603804255308,442.40450897055,
    8.394086094699));
#4731 = CARTESIAN_POINT('',(52.278489734132,445.99483380099,
    8.730871629859));
#4732 = CARTESIAN_POINT('',(53.700471326736,449.69801129219,
    8.945201052568));
#4733 = CARTESIAN_POINT('',(54.861155427248,453.4937033545,
    8.972190702441));
#4734 = CARTESIAN_POINT('',(55.454875945781,456.06739349809,
    8.901412245731));
#4735 = CARTESIAN_POINT('',(55.707342660655,457.36458951238,8.95));
#4736 = DEFINITIONAL_REPRESENTATION('',(#4737),#4743);
#4737 = B_SPLINE_CURVE_WITH_KNOTS('',4,(#4738,#4739,#4740,#4741,#4742),
  .UNSPECIFIED.,.F.,.F.,(5,5),(0.,1.),.PIECEWISE_BEZIER_KNOTS.);
#4738 = CARTESIAN_POINT('',(6.,0.947506753542));
#4739 = CARTESIAN_POINT('',(5.750087762947,0.948660892669));
#4740 = CARTESIAN_POINT('',(5.500125531344,0.949796868497));
#4741 = CARTESIAN_POINT('',(5.250098794537,0.950915394904));
#4742 = CARTESIAN_POINT('',(5.,0.952017083101));
#4743 = ( GEOMETRIC_REPRESENTATION_CONTEXT(2) 
PARAMETRIC_REPRESENTATION_CONTEXT() REPRESENTATION_CONTEXT('2D SPACE',''
  ) );
#4744 = ORIENTED_EDGE('',*,*,#4745,.F.);
#4745 = EDGE_CURVE('',#4746,#4672,#4748,.T.);
#4746 = VERTEX_POINT('',#4747);
#4747 = CARTESIAN_POINT('',(53.443127997408,453.457,12.240954092699));
#4748 = SURFACE_CURVE('',#4749,(#4755,#4764),.PCURVE_S1.);
#4749 = B_SPLINE_CURVE_WITH_KNOTS('',4,(#4750,#4751,#4752,#4753,#4754),
  .UNSPECIFIED.,.F.,.F.,(5,5),(0.,1.),.PIECEWISE_BEZIER_KNOTS.);
#4750 = CARTESIAN_POINT('',(53.443127997408,453.457,12.240954092699));
#4751 = CARTESIAN_POINT('',(53.783426224333,453.457,11.418416421596));
#4752 = CARTESIAN_POINT('',(54.123554449216,453.457,10.59581611994));
#4753 = CARTESIAN_POINT('',(54.463539564119,453.457,9.773168676242));
#4754 = CARTESIAN_POINT('',(54.803403325087,453.457,8.950486458291));
#4755 = PCURVE('',#1659,#4756);
#4756 = DEFINITIONAL_REPRESENTATION('',(#4757),#4763);
#4757 = B_SPLINE_CURVE_WITH_KNOTS('',4,(#4758,#4759,#4760,#4761,#4762),
  .UNSPECIFIED.,.F.,.F.,(5,5),(0.,1.),.PIECEWISE_BEZIER_KNOTS.);
#4758 = CARTESIAN_POINT('',(16.960127997408,-12.24095409269));
#4759 = CARTESIAN_POINT('',(17.300426224333,-11.41841642159));
#4760 = CARTESIAN_POINT('',(17.640554449216,-10.59581611994));
#4761 = CARTESIAN_POINT('',(17.980539564119,-9.773168676242));
#4762 = CARTESIAN_POINT('',(18.320403325087,-8.950486458291));
#4763 = ( GEOMETRIC_REPRESENTATION_CONTEXT(2) 
PARAMETRIC_REPRESENTATION_CONTEXT() REPRESENTATION_CONTEXT('2D SPACE',''
  ) );
#4764 = PCURVE('',#4765,#4810);
#4765 = ( BOUNDED_SURFACE() B_SPLINE_SURFACE(1,3,(
    (#4766,#4767,#4768,#4769,#4770,#4771,#4772,#4773,#4774,#4775,#4776
      ,#4777,#4778,#4779,#4780,#4781,#4782,#4783,#4784,#4785,#4786,#4787
      )
    ,(#4788,#4789,#4790,#4791,#4792,#4793,#4794,#4795,#4796,#4797,#4798
      ,#4799,#4800,#4801,#4802,#4803,#4804,#4805,#4806,#4807,#4808,#4809
)),.UNSPECIFIED.,.F.,.F.,.F.) B_SPLINE_SURFACE_WITH_KNOTS((2,2),(4,1,1,1
    ,1,1,1,1,1,1,1,1,1,1,1,1,1,1,1,4),(6.,7.),(0.,5.218380768594E-02,
    0.104924849979,0.158249728388,0.212037422186,0.266073258756,
    0.320098130577,0.373854821642,0.427134464983,0.479826107743,
    0.531971081028,0.583831321693,0.635742389654,0.687819682816,
    0.740024789052,0.792245645251,0.844362126807,0.89631140842,
0.94815736877,1.),.UNSPECIFIED.) GEOMETRIC_REPRESENTATION_ITEM() 
RATIONAL_B_SPLINE_SURFACE((
    (1.,1.000000000002,0.999999999999,1.,1.,1.,1.,1.,1.,1.,1.,1.,1.,1.
      ,1.,1.,1.,1.000000000001,0.999999999997,1.000000000012
      ,0.999999999975,1.)
    ,(1.,1.000000000002,0.999999999999,1.,1.,1.,1.,1.,1.,1.,1.,1.,1.,1.
      ,1.,1.,1.,1.000000000001,0.999999999997,1.000000000012
,0.999999999975,1.))) REPRESENTATION_ITEM('') SURFACE() );
#4766 = CARTESIAN_POINT('',(2.970065516787,411.52077390267,
    8.850340161467E-02));
#4767 = CARTESIAN_POINT('',(4.294478745547,411.5901915542,0.165660430272
    ));
#4768 = CARTESIAN_POINT('',(6.943084122297,411.82278606339,
    0.417053087821));
#4769 = CARTESIAN_POINT('',(10.858906357007,412.44465336737,
    1.020046883642));
#4770 = CARTESIAN_POINT('',(14.716590723156,413.33674274708,
    1.792137627757));
#4771 = CARTESIAN_POINT('',(18.499650754751,414.49434369295,
    2.675829335358));
#4772 = CARTESIAN_POINT('',(22.1915781253,415.91188022349,3.614022886808
    ));
#4773 = CARTESIAN_POINT('',(25.775980451547,417.58290433374,
    4.550006348339));
#4774 = CARTESIAN_POINT('',(29.236811765526,419.50012148941,
    5.426252167074));
#4775 = CARTESIAN_POINT('',(32.558647022458,421.65560469578,
    6.188034353294));
#4776 = CARTESIAN_POINT('',(35.726475373267,424.04068139287,
    6.769145223098));
#4777 = CARTESIAN_POINT('',(38.726846586999,426.647169466,7.143071923991
    ));
#4778 = CARTESIAN_POINT('',(41.539968455308,429.45997208658,
    7.132212926135));
#4779 = CARTESIAN_POINT('',(44.143035121893,432.45518672026,
    7.301017468713));
#4780 = CARTESIAN_POINT('',(46.52749058843,435.62022459785,
    7.615059461674));
#4781 = CARTESIAN_POINT('',(48.684021963959,438.94139863524,
    8.000321686616));
#4782 = CARTESIAN_POINT('',(50.603804255308,442.40450897055,
    8.394086094699));
#4783 = CARTESIAN_POINT('',(52.278489734132,445.99483380099,
    8.730871629859));
#4784 = CARTESIAN_POINT('',(53.700471326736,449.69801129219,
    8.945201052568));
#4785 = CARTESIAN_POINT('',(54.861155427248,453.4937033545,
    8.972190702441));
#4786 = CARTESIAN_POINT('',(55.454875945781,456.06739349809,
    8.901412245731));
#4787 = CARTESIAN_POINT('',(55.707342660655,457.36458951238,8.95));
#4788 = CARTESIAN_POINT('',(2.901374574218,412.83147516704,
    0.121000744395));
#4789 = CARTESIAN_POINT('',(4.195157100854,412.89928734012,
    0.226488869424));
#4790 = CARTESIAN_POINT('',(6.782506185405,413.12650246695,
    0.570189768546));
#4791 = CARTESIAN_POINT('',(10.60776424967,413.73398737486,
    1.394595348718));
#4792 = CARTESIAN_POINT('',(14.376229043425,414.60544473215,
    2.450188162952));
#4793 = CARTESIAN_POINT('',(18.071795395889,415.73627296874,
    3.658360419433));
#4794 = CARTESIAN_POINT('',(21.678336780991,417.12102506415,
    4.941046915558));
#4795 = CARTESIAN_POINT('',(25.179839934496,418.753402141,6.220711804369
    ));
#4796 = CARTESIAN_POINT('',(28.560629995618,420.62627837126,
    7.418704134672));
#4797 = CARTESIAN_POINT('',(31.805638666211,422.73191009378,
    8.460203217394));
#4798 = CARTESIAN_POINT('',(34.900202264414,425.06182532542,
    9.254690734705));
#4799 = CARTESIAN_POINT('',(37.831181632894,427.6080311854,
    9.765918646082));
#4800 = CARTESIAN_POINT('',(40.579242312619,430.35578000088,
    9.75107235995));
#4801 = CARTESIAN_POINT('',(43.122105895506,433.28172204941,
    9.981859820506));
#4802 = CARTESIAN_POINT('',(45.451414264248,436.37355971179,
    10.411214107758));
#4803 = CARTESIAN_POINT('',(47.558069914133,439.6179224553,
    10.937939805921));
#4804 = CARTESIAN_POINT('',(49.433451954244,443.00093882935,
    11.476289582596));
#4805 = CARTESIAN_POINT('',(51.069405720477,446.50822751196,
    11.936738556449));
#4806 = CARTESIAN_POINT('',(52.458500073514,450.12575883092,
    12.229767064054));
#4807 = CARTESIAN_POINT('',(53.592340158821,453.83366505159,
    12.266666976006));
#4808 = CARTESIAN_POINT('',(54.172329254834,456.34783155433,
    12.169899554684));
#4809 = CARTESIAN_POINT('',(54.41895698238,457.61502631881,12.236328125)
  );
#4810 = DEFINITIONAL_REPRESENTATION('',(#4811),#4817);
#4811 = B_SPLINE_CURVE_WITH_KNOTS('',4,(#4812,#4813,#4814,#4815,#4816),
  .UNSPECIFIED.,.F.,.F.,(5,5),(0.,1.),.PIECEWISE_BEZIER_KNOTS.);
#4812 = CARTESIAN_POINT('',(7.,0.942775359267));
#4813 = CARTESIAN_POINT('',(6.750051534646,0.943986970715));
#4814 = CARTESIAN_POINT('',(6.500077629615,0.945178887662));
#4815 = CARTESIAN_POINT('',(6.250064122922,0.946351912979));
#4816 = CARTESIAN_POINT('',(6.,0.947506753542));
#4817 = ( GEOMETRIC_REPRESENTATION_CONTEXT(2) 
PARAMETRIC_REPRESENTATION_CONTEXT() REPRESENTATION_CONTEXT('2D SPACE',''
  ) );
#4818 = ORIENTED_EDGE('',*,*,#4819,.F.);
#4819 = EDGE_CURVE('',#4820,#4746,#4822,.T.);
#4820 = VERTEX_POINT('',#4821);
#4821 = CARTESIAN_POINT('',(52.080394357015,453.457,15.111869506691));
#4822 = SURFACE_CURVE('',#4823,(#4829,#4838),.PCURVE_S1.);
#4823 = B_SPLINE_CURVE_WITH_KNOTS('',4,(#4824,#4825,#4826,#4827,#4828),
  .UNSPECIFIED.,.F.,.F.,(5,5),(0.,1.),.PIECEWISE_BEZIER_KNOTS.);
#4824 = CARTESIAN_POINT('',(52.080394357015,453.457,15.111869506691));
#4825 = CARTESIAN_POINT('',(52.421388844715,453.457,14.394285336609));
#4826 = CARTESIAN_POINT('',(52.762155571521,453.457,13.676591172405));
#4827 = CARTESIAN_POINT('',(53.102726643858,453.457,12.958808406592));
#4828 = CARTESIAN_POINT('',(53.443127997408,453.457,12.240954092699));
#4829 = PCURVE('',#1659,#4830);
#4830 = DEFINITIONAL_REPRESENTATION('',(#4831),#4837);
#4831 = B_SPLINE_CURVE_WITH_KNOTS('',4,(#4832,#4833,#4834,#4835,#4836),
  .UNSPECIFIED.,.F.,.F.,(5,5),(0.,1.),.PIECEWISE_BEZIER_KNOTS.);
#4832 = CARTESIAN_POINT('',(15.597394357015,-15.11186950669));
#4833 = CARTESIAN_POINT('',(15.938388844715,-14.3942853366));
#4834 = CARTESIAN_POINT('',(16.279155571521,-13.6765911724));
#4835 = CARTESIAN_POINT('',(16.619726643858,-12.95880840659));
#4836 = CARTESIAN_POINT('',(16.960127997408,-12.24095409269));
#4837 = ( GEOMETRIC_REPRESENTATION_CONTEXT(2) 
PARAMETRIC_REPRESENTATION_CONTEXT() REPRESENTATION_CONTEXT('2D SPACE',''
  ) );
#4838 = PCURVE('',#4839,#4884);
#4839 = ( BOUNDED_SURFACE() B_SPLINE_SURFACE(1,3,(
    (#4840,#4841,#4842,#4843,#4844,#4845,#4846,#4847,#4848,#4849,#4850
      ,#4851,#4852,#4853,#4854,#4855,#4856,#4857,#4858,#4859,#4860,#4861
      )
    ,(#4862,#4863,#4864,#4865,#4866,#4867,#4868,#4869,#4870,#4871,#4872
      ,#4873,#4874,#4875,#4876,#4877,#4878,#4879,#4880,#4881,#4882,#4883
)),.UNSPECIFIED.,.F.,.F.,.F.) B_SPLINE_SURFACE_WITH_KNOTS((2,2),(4,1,1,1
    ,1,1,1,1,1,1,1,1,1,1,1,1,1,1,1,4),(7.,8.),(0.,5.218380768594E-02,
    0.104924849979,0.158249728388,0.212037422186,0.266073258756,
    0.320098130577,0.373854821642,0.427134464983,0.479826107743,
    0.531971081028,0.583831321693,0.635742389654,0.687819682816,
    0.740024789052,0.792245645251,0.844362126807,0.89631140842,
0.94815736877,1.),.UNSPECIFIED.) GEOMETRIC_REPRESENTATION_ITEM() 
RATIONAL_B_SPLINE_SURFACE((
    (1.,1.000000000002,0.999999999999,1.,1.,1.,1.,1.,1.,1.,1.,1.,1.,1.
      ,1.,1.,1.,1.000000000001,0.999999999997,1.000000000012
      ,0.999999999975,1.)
    ,(1.,1.000000000002,0.999999999999,1.,1.,1.,1.,1.,1.,1.,1.,1.,1.,1.
      ,1.,1.,1.,1.000000000001,0.999999999997,1.000000000012
,0.999999999975,1.))) REPRESENTATION_ITEM('') SURFACE() );
#4840 = CARTESIAN_POINT('',(2.901374574218,412.83147516704,
    0.121000744395));
#4841 = CARTESIAN_POINT('',(4.195157100854,412.89928734012,
    0.226488869424));
#4842 = CARTESIAN_POINT('',(6.782506185405,413.12650246695,
    0.570189768546));
#4843 = CARTESIAN_POINT('',(10.60776424967,413.73398737486,
    1.394595348718));
#4844 = CARTESIAN_POINT('',(14.376229043425,414.60544473215,
    2.450188162952));
#4845 = CARTESIAN_POINT('',(18.071795395889,415.73627296874,
    3.658360419433));
#4846 = CARTESIAN_POINT('',(21.678336780991,417.12102506415,
    4.941046915558));
#4847 = CARTESIAN_POINT('',(25.179839934496,418.753402141,6.220711804369
    ));
#4848 = CARTESIAN_POINT('',(28.560629995618,420.62627837126,
    7.418704134672));
#4849 = CARTESIAN_POINT('',(31.805638666211,422.73191009378,
    8.460203217394));
#4850 = CARTESIAN_POINT('',(34.900202264414,425.06182532542,
    9.254690734705));
#4851 = CARTESIAN_POINT('',(37.831181632894,427.6080311854,
    9.765918646082));
#4852 = CARTESIAN_POINT('',(40.579242312619,430.35578000088,
    9.75107235995));
#4853 = CARTESIAN_POINT('',(43.122105895506,433.28172204941,
    9.981859820506));
#4854 = CARTESIAN_POINT('',(45.451414264248,436.37355971179,
    10.411214107758));
#4855 = CARTESIAN_POINT('',(47.558069914133,439.6179224553,
    10.937939805921));
#4856 = CARTESIAN_POINT('',(49.433451954244,443.00093882935,
    11.476289582596));
#4857 = CARTESIAN_POINT('',(51.069405720477,446.50822751196,
    11.936738556449));
#4858 = CARTESIAN_POINT('',(52.458500073514,450.12575883092,
    12.229767064054));
#4859 = CARTESIAN_POINT('',(53.592340158821,453.83366505159,
    12.266666976006));
#4860 = CARTESIAN_POINT('',(54.172329254834,456.34783155433,
    12.169899554684));
#4861 = CARTESIAN_POINT('',(54.41895698238,457.61502631881,12.236328125)
  );
#4862 = CARTESIAN_POINT('',(2.832683631649,414.1421764314,0.149349490225
    ));
#4863 = CARTESIAN_POINT('',(4.095835455187,414.20838312721,
    0.279551975887));
#4864 = CARTESIAN_POINT('',(6.621928248971,414.43021886995,0.70377708579
    ));
#4865 = CARTESIAN_POINT('',(10.356622142208,415.02332138251,
    1.721329116121));
#4866 = CARTESIAN_POINT('',(14.035867363728,415.87414671718,
    3.024232246847));
#4867 = CARTESIAN_POINT('',(17.643940037017,416.97820224453,
    4.515462003414));
#4868 = CARTESIAN_POINT('',(21.165095436686,418.3301699048,
    6.098663621489));
#4869 = CARTESIAN_POINT('',(24.583699417444,419.92389994826,
    7.678135712821));
#4870 = CARTESIAN_POINT('',(27.884448225711,421.75243525311,
    9.156800531938));
#4871 = CARTESIAN_POINT('',(31.052630309965,423.80821549179,
    10.442307971183));
#4872 = CARTESIAN_POINT('',(34.073929155561,426.08296925796,
    11.422932563979));
#4873 = CARTESIAN_POINT('',(36.93551667879,428.5688929048,
    12.053933871735));
#4874 = CARTESIAN_POINT('',(39.61851616993,431.25158791518,
    12.035609312853));
#4875 = CARTESIAN_POINT('',(42.101176669118,434.10825737857,
    12.320466978454));
#4876 = CARTESIAN_POINT('',(44.375337940066,437.1268948257,
    12.850412841575));
#4877 = CARTESIAN_POINT('',(46.432117864307,440.29444627546,
    13.500542846165));
#4878 = CARTESIAN_POINT('',(48.263099653179,443.59736868779,
    14.165020284804));
#4879 = CARTESIAN_POINT('',(49.860321706824,447.02162122424,
    14.73334587539));
#4880 = CARTESIAN_POINT('',(51.21652882028,450.55350636476,
    15.095026776194));
#4881 = CARTESIAN_POINT('',(52.323524890435,454.17362676692,
    15.140571810419));
#4882 = CARTESIAN_POINT('',(52.889782563798,456.62826957127,
    15.021133164565));
#4883 = CARTESIAN_POINT('',(53.130571304105,457.86546312524,15.103125));
#4884 = DEFINITIONAL_REPRESENTATION('',(#4885),#4891);
#4885 = B_SPLINE_CURVE_WITH_KNOTS('',4,(#4886,#4887,#4888,#4889,#4890),
  .UNSPECIFIED.,.F.,.F.,(5,5),(0.,1.),.PIECEWISE_BEZIER_KNOTS.);
#4886 = CARTESIAN_POINT('',(8.,0.937805897373));
#4887 = CARTESIAN_POINT('',(7.750008862535,0.939079506849));
#4888 = CARTESIAN_POINT('',(7.500022679874,0.940331696404));
#4889 = CARTESIAN_POINT('',(7.250024211548,0.941563380633));
#4890 = CARTESIAN_POINT('',(7.,0.942775359267));
#4891 = ( GEOMETRIC_REPRESENTATION_CONTEXT(2) 
PARAMETRIC_REPRESENTATION_CONTEXT() REPRESENTATION_CONTEXT('2D SPACE',''
  ) );
#4892 = ORIENTED_EDGE('',*,*,#4893,.F.);
#4893 = EDGE_CURVE('',#4894,#4820,#4896,.T.);
#4894 = VERTEX_POINT('',#4895);
#4895 = CARTESIAN_POINT('',(50.715006604956,453.457,17.141667563131));
#4896 = SURFACE_CURVE('',#4897,(#4903,#4912),.PCURVE_S1.);
#4897 = B_SPLINE_CURVE_WITH_KNOTS('',4,(#4898,#4899,#4900,#4901,#4902),
  .UNSPECIFIED.,.F.,.F.,(5,5),(0.,1.),.PIECEWISE_BEZIER_KNOTS.);
#4898 = CARTESIAN_POINT('',(50.715006604956,453.457,17.141667563131));
#4899 = CARTESIAN_POINT('',(51.056742839095,453.457,16.634494529599));
#4900 = CARTESIAN_POINT('',(51.398197468535,453.457,16.127116406128));
#4901 = CARTESIAN_POINT('',(51.739405261783,453.457,15.619566012265));
#4902 = CARTESIAN_POINT('',(52.080394357015,453.457,15.111869506691));
#4903 = PCURVE('',#1659,#4904);
#4904 = DEFINITIONAL_REPRESENTATION('',(#4905),#4911);
#4905 = B_SPLINE_CURVE_WITH_KNOTS('',4,(#4906,#4907,#4908,#4909,#4910),
  .UNSPECIFIED.,.F.,.F.,(5,5),(0.,1.),.PIECEWISE_BEZIER_KNOTS.);
#4906 = CARTESIAN_POINT('',(14.232006604956,-17.14166756313));
#4907 = CARTESIAN_POINT('',(14.573742839095,-16.63449452959));
#4908 = CARTESIAN_POINT('',(14.915197468535,-16.12711640612));
#4909 = CARTESIAN_POINT('',(15.256405261783,-15.61956601226));
#4910 = CARTESIAN_POINT('',(15.597394357015,-15.11186950669));
#4911 = ( GEOMETRIC_REPRESENTATION_CONTEXT(2) 
PARAMETRIC_REPRESENTATION_CONTEXT() REPRESENTATION_CONTEXT('2D SPACE',''
  ) );
#4912 = PCURVE('',#4913,#4958);
#4913 = ( BOUNDED_SURFACE() B_SPLINE_SURFACE(1,3,(
    (#4914,#4915,#4916,#4917,#4918,#4919,#4920,#4921,#4922,#4923,#4924
      ,#4925,#4926,#4927,#4928,#4929,#4930,#4931,#4932,#4933,#4934,#4935
      )
    ,(#4936,#4937,#4938,#4939,#4940,#4941,#4942,#4943,#4944,#4945,#4946
      ,#4947,#4948,#4949,#4950,#4951,#4952,#4953,#4954,#4955,#4956,#4957
)),.UNSPECIFIED.,.F.,.F.,.F.) B_SPLINE_SURFACE_WITH_KNOTS((2,2),(4,1,1,1
    ,1,1,1,1,1,1,1,1,1,1,1,1,1,1,1,4),(8.,9.),(0.,5.218380768594E-02,
    0.104924849979,0.158249728388,0.212037422186,0.266073258756,
    0.320098130577,0.373854821642,0.427134464983,0.479826107743,
    0.531971081028,0.583831321693,0.635742389654,0.687819682816,
    0.740024789052,0.792245645251,0.844362126807,0.89631140842,
0.94815736877,1.),.UNSPECIFIED.) GEOMETRIC_REPRESENTATION_ITEM() 
RATIONAL_B_SPLINE_SURFACE((
    (1.,1.000000000002,0.999999999999,1.,1.,1.,1.,1.,1.,1.,1.,1.,1.,1.
      ,1.,1.,1.,1.000000000001,0.999999999997,1.000000000012
      ,0.999999999975,1.)
    ,(1.,1.000000000002,0.999999999999,1.,1.,1.,1.,1.,1.,1.,1.,1.,1.,1.
      ,1.,1.,1.,1.000000000001,0.999999999997,1.000000000012
,0.999999999975,1.))) REPRESENTATION_ITEM('') SURFACE() );
#4914 = CARTESIAN_POINT('',(2.832683631649,414.1421764314,0.149349490225
    ));
#4915 = CARTESIAN_POINT('',(4.095835455187,414.20838312721,
    0.279551975887));
#4916 = CARTESIAN_POINT('',(6.621928248971,414.43021886995,0.70377708579
    ));
#4917 = CARTESIAN_POINT('',(10.356622142208,415.02332138251,
    1.721329116121));
#4918 = CARTESIAN_POINT('',(14.035867363728,415.87414671718,
    3.024232246847));
#4919 = CARTESIAN_POINT('',(17.643940037017,416.97820224453,
    4.515462003414));
#4920 = CARTESIAN_POINT('',(21.165095436686,418.3301699048,
    6.098663621489));
#4921 = CARTESIAN_POINT('',(24.583699417444,419.92389994826,
    7.678135712821));
#4922 = CARTESIAN_POINT('',(27.884448225711,421.75243525311,
    9.156800531938));
#4923 = CARTESIAN_POINT('',(31.052630309965,423.80821549179,
    10.442307971183));
#4924 = CARTESIAN_POINT('',(34.073929155561,426.08296925796,
    11.422932563979));
#4925 = CARTESIAN_POINT('',(36.93551667879,428.5688929048,
    12.053933871735));
#4926 = CARTESIAN_POINT('',(39.61851616993,431.25158791518,
    12.035609312853));
#4927 = CARTESIAN_POINT('',(42.101176669118,434.10825737857,
    12.320466978454));
#4928 = CARTESIAN_POINT('',(44.375337940066,437.1268948257,
    12.850412841575));
#4929 = CARTESIAN_POINT('',(46.432117864307,440.29444627546,
    13.500542846165));
#4930 = CARTESIAN_POINT('',(48.263099653179,443.59736868779,
    14.165020284804));
#4931 = CARTESIAN_POINT('',(49.860321706824,447.02162122424,
    14.73334587539));
#4932 = CARTESIAN_POINT('',(51.21652882028,450.55350636476,
    15.095026776194));
#4933 = CARTESIAN_POINT('',(52.323524890435,454.17362676692,
    15.140571810419));
#4934 = CARTESIAN_POINT('',(52.889782563798,456.62826957127,
    15.021133164565));
#4935 = CARTESIAN_POINT('',(53.130571304105,457.86546312524,15.103125));
#4936 = CARTESIAN_POINT('',(2.76399268908,415.45287769577,0.169401042153
    ));
#4937 = CARTESIAN_POINT('',(3.996513810377,415.51747892336,
    0.317084417103));
#4938 = CARTESIAN_POINT('',(6.461350312134,415.73393526871,
    0.798265676007));
#4939 = CARTESIAN_POINT('',(10.105480034856,416.31265539131,
    1.952433488193));
#4940 = CARTESIAN_POINT('',(13.695505684001,417.14284870189,
    3.430263428136));
#4941 = CARTESIAN_POINT('',(17.216084678154,418.22013152041,
    5.121704587206));
#4942 = CARTESIAN_POINT('',(20.651854092378,419.53931474543,
    6.917465681782));
#4943 = CARTESIAN_POINT('',(23.987558900393,421.09439775552,
    8.708996526117));
#4944 = CARTESIAN_POINT('',(27.208266455803,422.87859213497,
    10.38618578854));
#4945 = CARTESIAN_POINT('',(30.299621953719,424.88452088979,
    11.844284504351));
#4946 = CARTESIAN_POINT('',(33.247656046708,427.1041131905,
    12.956567028587));
#4947 = CARTESIAN_POINT('',(36.039851724685,429.5297546242,
    13.672286104514));
#4948 = CARTESIAN_POINT('',(38.657790027241,432.14739582947,
    13.651501303931));
#4949 = CARTESIAN_POINT('',(41.080247442731,434.93479270773,
    13.974603748709));
#4950 = CARTESIAN_POINT('',(43.299261615884,437.88022993964,
    14.575699750861));
#4951 = CARTESIAN_POINT('',(45.306165814479,440.97097009555,
    15.313115728289));
#4952 = CARTESIAN_POINT('',(47.092747352126,444.19379854648,
    16.066805415635));
#4953 = CARTESIAN_POINT('',(48.651237693128,447.5350149356,
    16.711433979028));
#4954 = CARTESIAN_POINT('',(49.974557567207,450.98125390206,
    17.121673889677));
#4955 = CARTESIAN_POINT('',(51.05470962145,454.51358846935,
    17.173333766404));
#4956 = CARTESIAN_POINT('',(51.607235874054,456.90870761601,
    17.037859376566));
#4957 = CARTESIAN_POINT('',(51.84218562583,458.11589993167,17.130859375)
  );
#4958 = DEFINITIONAL_REPRESENTATION('',(#4959),#4965);
#4959 = B_SPLINE_CURVE_WITH_KNOTS('',4,(#4960,#4961,#4962,#4963,#4964),
  .UNSPECIFIED.,.F.,.F.,(5,5),(0.,1.),.PIECEWISE_BEZIER_KNOTS.);
#4960 = CARTESIAN_POINT('',(9.,0.932579503147));
#4961 = CARTESIAN_POINT('',(8.7499708372,0.933920074196));
#4962 = CARTESIAN_POINT('',(8.499972678969,0.935237332665));
#4963 = CARTESIAN_POINT('',(8.249987184251,0.936532308049));
#4964 = CARTESIAN_POINT('',(8.,0.937805897373));
#4965 = ( GEOMETRIC_REPRESENTATION_CONTEXT(2) 
PARAMETRIC_REPRESENTATION_CONTEXT() REPRESENTATION_CONTEXT('2D SPACE',''
  ) );
#4966 = ORIENTED_EDGE('',*,*,#4967,.F.);
#4967 = EDGE_CURVE('',#4322,#4894,#4968,.T.);
#4968 = SURFACE_CURVE('',#4969,(#4975,#4984),.PCURVE_S1.);
#4969 = B_SPLINE_CURVE_WITH_KNOTS('',4,(#4970,#4971,#4972,#4973,#4974),
  .UNSPECIFIED.,.F.,.F.,(5,5),(0.,1.),.PIECEWISE_BEZIER_KNOTS.);
#4970 = CARTESIAN_POINT('',(49.346746598061,453.457,17.908991373706));
#4971 = CARTESIAN_POINT('',(49.689131571597,453.457,17.717675965409));
#4972 = CARTESIAN_POINT('',(50.031290438141,453.457,17.525987471301));
#4973 = CARTESIAN_POINT('',(50.373243224713,453.457,17.33397218873));
#4974 = CARTESIAN_POINT('',(50.715006604956,453.457,17.141667563131));
#4975 = PCURVE('',#1659,#4976);
#4976 = DEFINITIONAL_REPRESENTATION('',(#4977),#4983);
#4977 = B_SPLINE_CURVE_WITH_KNOTS('',4,(#4978,#4979,#4980,#4981,#4982),
  .UNSPECIFIED.,.F.,.F.,(5,5),(0.,1.),.PIECEWISE_BEZIER_KNOTS.);
#4978 = CARTESIAN_POINT('',(12.863746598061,-17.9089913737));
#4979 = CARTESIAN_POINT('',(13.206131571597,-17.7176759654));
#4980 = CARTESIAN_POINT('',(13.548290438141,-17.5259874713));
#4981 = CARTESIAN_POINT('',(13.890243224713,-17.33397218873));
#4982 = CARTESIAN_POINT('',(14.232006604956,-17.14166756313));
#4983 = ( GEOMETRIC_REPRESENTATION_CONTEXT(2) 
PARAMETRIC_REPRESENTATION_CONTEXT() REPRESENTATION_CONTEXT('2D SPACE',''
  ) );
#4984 = PCURVE('',#4985,#5030);
#4985 = ( BOUNDED_SURFACE() B_SPLINE_SURFACE(1,3,(
    (#4986,#4987,#4988,#4989,#4990,#4991,#4992,#4993,#4994,#4995,#4996
      ,#4997,#4998,#4999,#5000,#5001,#5002,#5003,#5004,#5005,#5006,#5007
      )
    ,(#5008,#5009,#5010,#5011,#5012,#5013,#5014,#5015,#5016,#5017,#5018
      ,#5019,#5020,#5021,#5022,#5023,#5024,#5025,#5026,#5027,#5028,#5029
)),.UNSPECIFIED.,.F.,.F.,.F.) B_SPLINE_SURFACE_WITH_KNOTS((2,2),(4,1,1,1
    ,1,1,1,1,1,1,1,1,1,1,1,1,1,1,1,4),(9.,10.),(0.,5.218380768594E-02,
    0.104924849979,0.158249728388,0.212037422186,0.266073258756,
    0.320098130577,0.373854821642,0.427134464983,0.479826107743,
    0.531971081028,0.583831321693,0.635742389654,0.687819682816,
    0.740024789052,0.792245645251,0.844362126807,0.89631140842,
0.94815736877,1.),.UNSPECIFIED.) GEOMETRIC_REPRESENTATION_ITEM() 
RATIONAL_B_SPLINE_SURFACE((
    (1.,1.000000000002,0.999999999999,1.,1.,1.,1.,1.,1.,1.,1.,1.,1.,1.
      ,1.,1.,1.,1.000000000001,0.999999999997,1.000000000012
      ,0.999999999975,1.)
    ,(1.,1.000000000002,0.999999999999,1.,1.,1.,1.,1.,1.,1.,1.,1.,1.,1.
      ,1.,1.,1.,1.000000000001,0.999999999997,1.000000000012
,0.999999999975,1.))) REPRESENTATION_ITEM('') SURFACE() );
#4986 = CARTESIAN_POINT('',(2.76399268908,415.45287769577,0.169401042153
    ));
#4987 = CARTESIAN_POINT('',(3.996513810377,415.51747892336,
    0.317084417103));
#4988 = CARTESIAN_POINT('',(6.461350312134,415.73393526871,
    0.798265676007));
#4989 = CARTESIAN_POINT('',(10.105480034856,416.31265539131,
    1.952433488193));
#4990 = CARTESIAN_POINT('',(13.695505684001,417.14284870189,
    3.430263428136));
#4991 = CARTESIAN_POINT('',(17.216084678154,418.22013152041,
    5.121704587206));
#4992 = CARTESIAN_POINT('',(20.651854092378,419.53931474543,
    6.917465681782));
#4993 = CARTESIAN_POINT('',(23.987558900393,421.09439775552,
    8.708996526117));
#4994 = CARTESIAN_POINT('',(27.208266455803,422.87859213497,
    10.38618578854));
#4995 = CARTESIAN_POINT('',(30.299621953719,424.88452088979,
    11.844284504351));
#4996 = CARTESIAN_POINT('',(33.247656046708,427.1041131905,
    12.956567028587));
#4997 = CARTESIAN_POINT('',(36.039851724685,429.5297546242,
    13.672286104514));
#4998 = CARTESIAN_POINT('',(38.657790027241,432.14739582947,
    13.651501303931));
#4999 = CARTESIAN_POINT('',(41.080247442731,434.93479270773,
    13.974603748709));
#5000 = CARTESIAN_POINT('',(43.299261615884,437.88022993964,
    14.575699750861));
#5001 = CARTESIAN_POINT('',(45.306165814479,440.97097009555,
    15.313115728289));
#5002 = CARTESIAN_POINT('',(47.092747352126,444.19379854648,
    16.066805415635));
#5003 = CARTESIAN_POINT('',(48.651237693128,447.5350149356,
    16.711433979028));
#5004 = CARTESIAN_POINT('',(49.974557567207,450.98125390206,
    17.121673889677));
#5005 = CARTESIAN_POINT('',(51.05470962145,454.51358846935,
    17.173333766404));
#5006 = CARTESIAN_POINT('',(51.607235874054,456.90870761601,
    17.037859376566));
#5007 = CARTESIAN_POINT('',(51.84218562583,458.11589993167,17.130859375)
  );
#5008 = CARTESIAN_POINT('',(2.695301746512,416.76357896014,
    0.177006803229));
#5009 = CARTESIAN_POINT('',(3.89719216631,416.82657471876,0.331320860543
    ));
#5010 = CARTESIAN_POINT('',(6.30077237495,417.03765166781,0.834106175641
    ));
#5011 = CARTESIAN_POINT('',(9.854337927599,417.60198940002,
    2.040093767284));
#5012 = CARTESIAN_POINT('',(13.355144004248,418.41155068663,
    3.584275255514));
#5013 = CARTESIAN_POINT('',(16.788229319297,419.46206079629,
    5.351658670715));
#5014 = CARTESIAN_POINT('',(20.138612748068,420.74845958607,
    7.228045773616));
#5015 = CARTESIAN_POINT('',(23.391418383343,422.26489556278,
    9.100012696677));
#5016 = CARTESIAN_POINT('',(26.532084685895,424.00474901682,
    10.852504334148));
#5017 = CARTESIAN_POINT('',(29.546613597473,425.9608262878,
    12.376068706587));
#5018 = CARTESIAN_POINT('',(32.421382937855,428.12525712305,
    13.538290446197));
#5019 = CARTESIAN_POINT('',(35.144186770581,430.4906163436,
    14.286143847982));
#5020 = CARTESIAN_POINT('',(37.697063884552,433.04320374377,
    14.26442585227));
#5021 = CARTESIAN_POINT('',(40.059318216343,435.76132803689,
    14.602034937427));
#5022 = CARTESIAN_POINT('',(42.223185291702,438.63356505356,
    15.230118923348));
#5023 = CARTESIAN_POINT('',(44.180213764651,441.64749391568,
    16.000643373233));
#5024 = CARTESIAN_POINT('',(45.922395051067,444.79022840501,
    16.788172189398));
#5025 = CARTESIAN_POINT('',(47.442153679453,448.04840864753,
    17.461743259718));
#5026 = CARTESIAN_POINT('',(48.732586314058,451.4090014372,
    17.890402105135));
#5027 = CARTESIAN_POINT('',(49.78589435275,454.85355017986,
    17.944381404882));
#5028 = CARTESIAN_POINT('',(50.324689183696,457.18914564334,
    17.802824491462));
#5029 = CARTESIAN_POINT('',(50.553799947555,458.3663367381,17.9));
#5030 = DEFINITIONAL_REPRESENTATION('',(#5031),#5037);
#5031 = B_SPLINE_CURVE_WITH_KNOTS('',4,(#5032,#5033,#5034,#5035,#5036),
  .UNSPECIFIED.,.F.,.F.,(5,5),(0.,1.),.PIECEWISE_BEZIER_KNOTS.);
#5032 = CARTESIAN_POINT('',(10.,0.927075213288));
#5033 = CARTESIAN_POINT('',(9.750042927281,0.928487673172));
#5034 = CARTESIAN_POINT('',(9.500061563021,0.929875192987));
#5035 = CARTESIAN_POINT('',(9.250049023968,0.931238825601));
#5036 = CARTESIAN_POINT('',(9.,0.932579503147));
#5037 = ( GEOMETRIC_REPRESENTATION_CONTEXT(2) 
PARAMETRIC_REPRESENTATION_CONTEXT() REPRESENTATION_CONTEXT('2D SPACE',''
  ) );
#5038 = ADVANCED_FACE('',(#5039),#1771,.T.);
#5039 = FACE_BOUND('',#5040,.T.);
#5040 = EDGE_LOOP('',(#5041,#5064,#5065,#5066));
#5041 = ORIENTED_EDGE('',*,*,#5042,.T.);
#5042 = EDGE_CURVE('',#5043,#1728,#5045,.T.);
#5043 = VERTEX_POINT('',#5044);
#5044 = CARTESIAN_POINT('',(76.201,0.,0.));
#5045 = SURFACE_CURVE('',#5046,(#5050,#5057),.PCURVE_S1.);
#5046 = LINE('',#5047,#5048);
#5047 = CARTESIAN_POINT('',(76.201,0.,0.));
#5048 = VECTOR('',#5049,1.);
#5049 = DIRECTION('',(-0.,-0.,1.));
#5050 = PCURVE('',#1771,#5051);
#5051 = DEFINITIONAL_REPRESENTATION('',(#5052),#5056);
#5052 = LINE('',#5053,#5054);
#5053 = CARTESIAN_POINT('',(0.,0.));
#5054 = VECTOR('',#5055,1.);
#5055 = DIRECTION('',(0.,-1.));
#5056 = ( GEOMETRIC_REPRESENTATION_CONTEXT(2) 
PARAMETRIC_REPRESENTATION_CONTEXT() REPRESENTATION_CONTEXT('2D SPACE',''
  ) );
#5057 = PCURVE('',#1743,#5058);
#5058 = DEFINITIONAL_REPRESENTATION('',(#5059),#5063);
#5059 = LINE('',#5060,#5061);
#5060 = CARTESIAN_POINT('',(267.21507143123,0.));
#5061 = VECTOR('',#5062,1.);
#5062 = DIRECTION('',(0.,-1.));
#5063 = ( GEOMETRIC_REPRESENTATION_CONTEXT(2) 
PARAMETRIC_REPRESENTATION_CONTEXT() REPRESENTATION_CONTEXT('2D SPACE',''
  ) );
#5064 = ORIENTED_EDGE('',*,*,#1755,.T.);
#5065 = ORIENTED_EDGE('',*,*,#4272,.F.);
#5066 = ORIENTED_EDGE('',*,*,#5067,.F.);
#5067 = EDGE_CURVE('',#5043,#4273,#5068,.T.);
#5068 = SURFACE_CURVE('',#5069,(#5073,#5080),.PCURVE_S1.);
#5069 = LINE('',#5070,#5071);
#5070 = CARTESIAN_POINT('',(76.201,0.,0.));
#5071 = VECTOR('',#5072,1.);
#5072 = DIRECTION('',(-1.,0.,0.));
#5073 = PCURVE('',#1771,#5074);
#5074 = DEFINITIONAL_REPRESENTATION('',(#5075),#5079);
#5075 = LINE('',#5076,#5077);
#5076 = CARTESIAN_POINT('',(0.,0.));
#5077 = VECTOR('',#5078,1.);
#5078 = DIRECTION('',(1.,0.));
#5079 = ( GEOMETRIC_REPRESENTATION_CONTEXT(2) 
PARAMETRIC_REPRESENTATION_CONTEXT() REPRESENTATION_CONTEXT('2D SPACE',''
  ) );
#5080 = PCURVE('',#2394,#5081);
#5081 = DEFINITIONAL_REPRESENTATION('',(#5082),#5086);
#5082 = LINE('',#5083,#5084);
#5083 = CARTESIAN_POINT('',(-76.20133843562,-226.539984431));
#5084 = VECTOR('',#5085,1.);
#5085 = DIRECTION('',(1.,0.));
#5086 = ( GEOMETRIC_REPRESENTATION_CONTEXT(2) 
PARAMETRIC_REPRESENTATION_CONTEXT() REPRESENTATION_CONTEXT('2D SPACE',''
  ) );
#5087 = ADVANCED_FACE('',(#5088),#1687,.T.);
#5088 = FACE_BOUND('',#5089,.T.);
#5089 = EDGE_LOOP('',(#5090,#5091,#5092,#5115));
#5090 = ORIENTED_EDGE('',*,*,#4403,.T.);
#5091 = ORIENTED_EDGE('',*,*,#1671,.T.);
#5092 = ORIENTED_EDGE('',*,*,#5093,.F.);
#5093 = EDGE_CURVE('',#5094,#1672,#5096,.T.);
#5094 = VERTEX_POINT('',#5095);
#5095 = CARTESIAN_POINT('',(60.654,304.147,0.));
#5096 = SURFACE_CURVE('',#5097,(#5101,#5108),.PCURVE_S1.);
#5097 = LINE('',#5098,#5099);
#5098 = CARTESIAN_POINT('',(60.654,304.147,0.));
#5099 = VECTOR('',#5100,1.);
#5100 = DIRECTION('',(-0.,-0.,1.));
#5101 = PCURVE('',#1687,#5102);
#5102 = DEFINITIONAL_REPRESENTATION('',(#5103),#5107);
#5103 = LINE('',#5104,#5105);
#5104 = CARTESIAN_POINT('',(149.31,0.));
#5105 = VECTOR('',#5106,1.);
#5106 = DIRECTION('',(0.,-1.));
#5107 = ( GEOMETRIC_REPRESENTATION_CONTEXT(2) 
PARAMETRIC_REPRESENTATION_CONTEXT() REPRESENTATION_CONTEXT('2D SPACE',''
  ) );
#5108 = PCURVE('',#1715,#5109);
#5109 = DEFINITIONAL_REPRESENTATION('',(#5110),#5114);
#5110 = LINE('',#5111,#5112);
#5111 = CARTESIAN_POINT('',(0.,0.));
#5112 = VECTOR('',#5113,1.);
#5113 = DIRECTION('',(0.,-1.));
#5114 = ( GEOMETRIC_REPRESENTATION_CONTEXT(2) 
PARAMETRIC_REPRESENTATION_CONTEXT() REPRESENTATION_CONTEXT('2D SPACE',''
  ) );
#5115 = ORIENTED_EDGE('',*,*,#5116,.F.);
#5116 = EDGE_CURVE('',#4404,#5094,#5117,.T.);
#5117 = SURFACE_CURVE('',#5118,(#5122,#5129),.PCURVE_S1.);
#5118 = LINE('',#5119,#5120);
#5119 = CARTESIAN_POINT('',(60.654,453.457,0.));
#5120 = VECTOR('',#5121,1.);
#5121 = DIRECTION('',(0.,-1.,0.));
#5122 = PCURVE('',#1687,#5123);
#5123 = DEFINITIONAL_REPRESENTATION('',(#5124),#5128);
#5124 = LINE('',#5125,#5126);
#5125 = CARTESIAN_POINT('',(0.,0.));
#5126 = VECTOR('',#5127,1.);
#5127 = DIRECTION('',(1.,0.));
#5128 = ( GEOMETRIC_REPRESENTATION_CONTEXT(2) 
PARAMETRIC_REPRESENTATION_CONTEXT() REPRESENTATION_CONTEXT('2D SPACE',''
  ) );
#5129 = PCURVE('',#2394,#5130);
#5130 = DEFINITIONAL_REPRESENTATION('',(#5131),#5135);
#5131 = LINE('',#5132,#5133);
#5132 = CARTESIAN_POINT('',(-60.65433843562,226.91701556891));
#5133 = VECTOR('',#5134,1.);
#5134 = DIRECTION('',(0.,-1.));
#5135 = ( GEOMETRIC_REPRESENTATION_CONTEXT(2) 
PARAMETRIC_REPRESENTATION_CONTEXT() REPRESENTATION_CONTEXT('2D SPACE',''
  ) );
#5136 = ADVANCED_FACE('',(#5137),#1743,.T.);
#5137 = FACE_BOUND('',#5138,.T.);
#5138 = EDGE_LOOP('',(#5139,#5162,#5163,#5164));
#5139 = ORIENTED_EDGE('',*,*,#5140,.T.);
#5140 = EDGE_CURVE('',#5141,#1700,#5143,.T.);
#5141 = VERTEX_POINT('',#5142);
#5142 = CARTESIAN_POINT('',(152.401,256.12,0.));
#5143 = SURFACE_CURVE('',#5144,(#5148,#5155),.PCURVE_S1.);
#5144 = LINE('',#5145,#5146);
#5145 = CARTESIAN_POINT('',(152.401,256.12,0.));
#5146 = VECTOR('',#5147,1.);
#5147 = DIRECTION('',(-0.,-0.,1.));
#5148 = PCURVE('',#1743,#5149);
#5149 = DEFINITIONAL_REPRESENTATION('',(#5150),#5154);
#5150 = LINE('',#5151,#5152);
#5151 = CARTESIAN_POINT('',(0.,0.));
#5152 = VECTOR('',#5153,1.);
#5153 = DIRECTION('',(0.,-1.));
#5154 = ( GEOMETRIC_REPRESENTATION_CONTEXT(2) 
PARAMETRIC_REPRESENTATION_CONTEXT() REPRESENTATION_CONTEXT('2D SPACE',''
  ) );
#5155 = PCURVE('',#1715,#5156);
#5156 = DEFINITIONAL_REPRESENTATION('',(#5157),#5161);
#5157 = LINE('',#5158,#5159);
#5158 = CARTESIAN_POINT('',(103.55725343016,0.));
#5159 = VECTOR('',#5160,1.);
#5160 = DIRECTION('',(0.,-1.));
#5161 = ( GEOMETRIC_REPRESENTATION_CONTEXT(2) 
PARAMETRIC_REPRESENTATION_CONTEXT() REPRESENTATION_CONTEXT('2D SPACE',''
  ) );
#5162 = ORIENTED_EDGE('',*,*,#1727,.T.);
#5163 = ORIENTED_EDGE('',*,*,#5042,.F.);
#5164 = ORIENTED_EDGE('',*,*,#5165,.F.);
#5165 = EDGE_CURVE('',#5141,#5043,#5166,.T.);
#5166 = SURFACE_CURVE('',#5167,(#5171,#5178),.PCURVE_S1.);
#5167 = LINE('',#5168,#5169);
#5168 = CARTESIAN_POINT('',(152.401,256.12,0.));
#5169 = VECTOR('',#5170,1.);
#5170 = DIRECTION('',(-0.285163556052,-0.958478871076,0.));
#5171 = PCURVE('',#1743,#5172);
#5172 = DEFINITIONAL_REPRESENTATION('',(#5173),#5177);
#5173 = LINE('',#5174,#5175);
#5174 = CARTESIAN_POINT('',(0.,0.));
#5175 = VECTOR('',#5176,1.);
#5176 = DIRECTION('',(1.,0.));
#5177 = ( GEOMETRIC_REPRESENTATION_CONTEXT(2) 
PARAMETRIC_REPRESENTATION_CONTEXT() REPRESENTATION_CONTEXT('2D SPACE',''
  ) );
#5178 = PCURVE('',#2394,#5179);
#5179 = DEFINITIONAL_REPRESENTATION('',(#5180),#5184);
#5180 = LINE('',#5181,#5182);
#5181 = CARTESIAN_POINT('',(-152.4013384356,29.580015568919));
#5182 = VECTOR('',#5183,1.);
#5183 = DIRECTION('',(0.285163556052,-0.958478871076));
#5184 = ( GEOMETRIC_REPRESENTATION_CONTEXT(2) 
PARAMETRIC_REPRESENTATION_CONTEXT() REPRESENTATION_CONTEXT('2D SPACE',''
  ) );
#5185 = ADVANCED_FACE('',(#5186),#1715,.T.);
#5186 = FACE_BOUND('',#5187,.T.);
#5187 = EDGE_LOOP('',(#5188,#5189,#5190,#5191));
#5188 = ORIENTED_EDGE('',*,*,#5093,.T.);
#5189 = ORIENTED_EDGE('',*,*,#1699,.T.);
#5190 = ORIENTED_EDGE('',*,*,#5140,.F.);
#5191 = ORIENTED_EDGE('',*,*,#5192,.F.);
#5192 = EDGE_CURVE('',#5094,#5141,#5193,.T.);
#5193 = SURFACE_CURVE('',#5194,(#5198,#5205),.PCURVE_S1.);
#5194 = LINE('',#5195,#5196);
#5195 = CARTESIAN_POINT('',(60.654,304.147,0.));
#5196 = VECTOR('',#5197,1.);
#5197 = DIRECTION('',(0.885954358203,-0.463772439005,0.));
#5198 = PCURVE('',#1715,#5199);
#5199 = DEFINITIONAL_REPRESENTATION('',(#5200),#5204);
#5200 = LINE('',#5201,#5202);
#5201 = CARTESIAN_POINT('',(0.,0.));
#5202 = VECTOR('',#5203,1.);
#5203 = DIRECTION('',(1.,0.));
#5204 = ( GEOMETRIC_REPRESENTATION_CONTEXT(2) 
PARAMETRIC_REPRESENTATION_CONTEXT() REPRESENTATION_CONTEXT('2D SPACE',''
  ) );
#5205 = PCURVE('',#2394,#5206);
#5206 = DEFINITIONAL_REPRESENTATION('',(#5207),#5211);
#5207 = LINE('',#5208,#5209);
#5208 = CARTESIAN_POINT('',(-60.65433843562,77.607015568919));
#5209 = VECTOR('',#5210,1.);
#5210 = DIRECTION('',(-0.885954358203,-0.463772439005));
#5211 = ( GEOMETRIC_REPRESENTATION_CONTEXT(2) 
PARAMETRIC_REPRESENTATION_CONTEXT() REPRESENTATION_CONTEXT('2D SPACE',''
  ) );
#5212 = ADVANCED_FACE('',(#5213),#1911,.F.);
#5213 = FACE_BOUND('',#5214,.F.);
#5214 = EDGE_LOOP('',(#5215,#5216,#5239,#5266));
#5215 = ORIENTED_EDGE('',*,*,#1890,.F.);
#5216 = ORIENTED_EDGE('',*,*,#5217,.F.);
#5217 = EDGE_CURVE('',#5218,#1891,#5220,.T.);
#5218 = VERTEX_POINT('',#5219);
#5219 = CARTESIAN_POINT('',(55.625,110.26483895358,16.3));
#5220 = SEAM_CURVE('',#5221,(#5225,#5232),.PCURVE_S1.);
#5221 = LINE('',#5222,#5223);
#5222 = CARTESIAN_POINT('',(55.625,110.26483895358,16.3));
#5223 = VECTOR('',#5224,1.);
#5224 = DIRECTION('',(0.,0.,1.));
#5225 = PCURVE('',#1911,#5226);
#5226 = DEFINITIONAL_REPRESENTATION('',(#5227),#5231);
#5227 = LINE('',#5228,#5229);
#5228 = CARTESIAN_POINT('',(6.28318530718,-0.));
#5229 = VECTOR('',#5230,1.);
#5230 = DIRECTION('',(0.,1.));
#5231 = ( GEOMETRIC_REPRESENTATION_CONTEXT(2) 
PARAMETRIC_REPRESENTATION_CONTEXT() REPRESENTATION_CONTEXT('2D SPACE',''
  ) );
#5232 = PCURVE('',#1911,#5233);
#5233 = DEFINITIONAL_REPRESENTATION('',(#5234),#5238);
#5234 = LINE('',#5235,#5236);
#5235 = CARTESIAN_POINT('',(0.,-0.));
#5236 = VECTOR('',#5237,1.);
#5237 = DIRECTION('',(0.,1.));
#5238 = ( GEOMETRIC_REPRESENTATION_CONTEXT(2) 
PARAMETRIC_REPRESENTATION_CONTEXT() REPRESENTATION_CONTEXT('2D SPACE',''
  ) );
#5239 = ORIENTED_EDGE('',*,*,#5240,.T.);
#5240 = EDGE_CURVE('',#5218,#5218,#5241,.T.);
#5241 = SURFACE_CURVE('',#5242,(#5247,#5254),.PCURVE_S1.);
#5242 = CIRCLE('',#5243,3.25);
#5243 = AXIS2_PLACEMENT_3D('',#5244,#5245,#5246);
#5244 = CARTESIAN_POINT('',(52.375,110.26483895358,16.3));
#5245 = DIRECTION('',(0.,0.,1.));
#5246 = DIRECTION('',(1.,0.,-0.));
#5247 = PCURVE('',#1911,#5248);
#5248 = DEFINITIONAL_REPRESENTATION('',(#5249),#5253);
#5249 = LINE('',#5250,#5251);
#5250 = CARTESIAN_POINT('',(0.,0.));
#5251 = VECTOR('',#5252,1.);
#5252 = DIRECTION('',(1.,0.));
#5253 = ( GEOMETRIC_REPRESENTATION_CONTEXT(2) 
PARAMETRIC_REPRESENTATION_CONTEXT() REPRESENTATION_CONTEXT('2D SPACE',''
  ) );
#5254 = PCURVE('',#5255,#5260);
#5255 = PLANE('',#5256);
#5256 = AXIS2_PLACEMENT_3D('',#5257,#5258,#5259);
#5257 = CARTESIAN_POINT('',(52.375,110.26483895358,16.3));
#5258 = DIRECTION('',(0.,0.,1.));
#5259 = DIRECTION('',(1.,0.,-0.));
#5260 = DEFINITIONAL_REPRESENTATION('',(#5261),#5265);
#5261 = CIRCLE('',#5262,3.25);
#5262 = AXIS2_PLACEMENT_2D('',#5263,#5264);
#5263 = CARTESIAN_POINT('',(0.,0.));
#5264 = DIRECTION('',(1.,0.));
#5265 = ( GEOMETRIC_REPRESENTATION_CONTEXT(2) 
PARAMETRIC_REPRESENTATION_CONTEXT() REPRESENTATION_CONTEXT('2D SPACE',''
  ) );
#5266 = ORIENTED_EDGE('',*,*,#5217,.T.);
#5267 = ADVANCED_FACE('',(#5268),#1946,.F.);
#5268 = FACE_BOUND('',#5269,.F.);
#5269 = EDGE_LOOP('',(#5270,#5271,#5294,#5321));
#5270 = ORIENTED_EDGE('',*,*,#1925,.F.);
#5271 = ORIENTED_EDGE('',*,*,#5272,.F.);
#5272 = EDGE_CURVE('',#5273,#1926,#5275,.T.);
#5273 = VERTEX_POINT('',#5274);
#5274 = CARTESIAN_POINT('',(108.,200.981,16.3));
#5275 = SEAM_CURVE('',#5276,(#5280,#5287),.PCURVE_S1.);
#5276 = LINE('',#5277,#5278);
#5277 = CARTESIAN_POINT('',(108.,200.981,16.3));
#5278 = VECTOR('',#5279,1.);
#5279 = DIRECTION('',(0.,0.,1.));
#5280 = PCURVE('',#1946,#5281);
#5281 = DEFINITIONAL_REPRESENTATION('',(#5282),#5286);
#5282 = LINE('',#5283,#5284);
#5283 = CARTESIAN_POINT('',(6.28318530718,-0.));
#5284 = VECTOR('',#5285,1.);
#5285 = DIRECTION('',(0.,1.));
#5286 = ( GEOMETRIC_REPRESENTATION_CONTEXT(2) 
PARAMETRIC_REPRESENTATION_CONTEXT() REPRESENTATION_CONTEXT('2D SPACE',''
  ) );
#5287 = PCURVE('',#1946,#5288);
#5288 = DEFINITIONAL_REPRESENTATION('',(#5289),#5293);
#5289 = LINE('',#5290,#5291);
#5290 = CARTESIAN_POINT('',(0.,-0.));
#5291 = VECTOR('',#5292,1.);
#5292 = DIRECTION('',(0.,1.));
#5293 = ( GEOMETRIC_REPRESENTATION_CONTEXT(2) 
PARAMETRIC_REPRESENTATION_CONTEXT() REPRESENTATION_CONTEXT('2D SPACE',''
  ) );
#5294 = ORIENTED_EDGE('',*,*,#5295,.T.);
#5295 = EDGE_CURVE('',#5273,#5273,#5296,.T.);
#5296 = SURFACE_CURVE('',#5297,(#5302,#5309),.PCURVE_S1.);
#5297 = CIRCLE('',#5298,3.25);
#5298 = AXIS2_PLACEMENT_3D('',#5299,#5300,#5301);
#5299 = CARTESIAN_POINT('',(104.75,200.981,16.3));
#5300 = DIRECTION('',(0.,0.,1.));
#5301 = DIRECTION('',(1.,0.,-0.));
#5302 = PCURVE('',#1946,#5303);
#5303 = DEFINITIONAL_REPRESENTATION('',(#5304),#5308);
#5304 = LINE('',#5305,#5306);
#5305 = CARTESIAN_POINT('',(0.,0.));
#5306 = VECTOR('',#5307,1.);
#5307 = DIRECTION('',(1.,0.));
#5308 = ( GEOMETRIC_REPRESENTATION_CONTEXT(2) 
PARAMETRIC_REPRESENTATION_CONTEXT() REPRESENTATION_CONTEXT('2D SPACE',''
  ) );
#5309 = PCURVE('',#5310,#5315);
#5310 = PLANE('',#5311);
#5311 = AXIS2_PLACEMENT_3D('',#5312,#5313,#5314);
#5312 = CARTESIAN_POINT('',(104.75,200.981,16.3));
#5313 = DIRECTION('',(0.,0.,1.));
#5314 = DIRECTION('',(1.,0.,-0.));
#5315 = DEFINITIONAL_REPRESENTATION('',(#5316),#5320);
#5316 = CIRCLE('',#5317,3.25);
#5317 = AXIS2_PLACEMENT_2D('',#5318,#5319);
#5318 = CARTESIAN_POINT('',(0.,0.));
#5319 = DIRECTION('',(1.,0.));
#5320 = ( GEOMETRIC_REPRESENTATION_CONTEXT(2) 
PARAMETRIC_REPRESENTATION_CONTEXT() REPRESENTATION_CONTEXT('2D SPACE',''
  ) );
#5321 = ORIENTED_EDGE('',*,*,#5272,.T.);
#5322 = ADVANCED_FACE('',(#5323),#1981,.F.);
#5323 = FACE_BOUND('',#5324,.F.);
#5324 = EDGE_LOOP('',(#5325,#5326,#5349,#5376));
#5325 = ORIENTED_EDGE('',*,*,#1960,.F.);
#5326 = ORIENTED_EDGE('',*,*,#5327,.F.);
#5327 = EDGE_CURVE('',#5328,#1961,#5330,.T.);
#5328 = VERTEX_POINT('',#5329);
#5329 = CARTESIAN_POINT('',(-49.125,110.26483895358,16.3));
#5330 = SEAM_CURVE('',#5331,(#5335,#5342),.PCURVE_S1.);
#5331 = LINE('',#5332,#5333);
#5332 = CARTESIAN_POINT('',(-49.125,110.26483895358,16.3));
#5333 = VECTOR('',#5334,1.);
#5334 = DIRECTION('',(0.,0.,1.));
#5335 = PCURVE('',#1981,#5336);
#5336 = DEFINITIONAL_REPRESENTATION('',(#5337),#5341);
#5337 = LINE('',#5338,#5339);
#5338 = CARTESIAN_POINT('',(6.28318530718,-0.));
#5339 = VECTOR('',#5340,1.);
#5340 = DIRECTION('',(0.,1.));
#5341 = ( GEOMETRIC_REPRESENTATION_CONTEXT(2) 
PARAMETRIC_REPRESENTATION_CONTEXT() REPRESENTATION_CONTEXT('2D SPACE',''
  ) );
#5342 = PCURVE('',#1981,#5343);
#5343 = DEFINITIONAL_REPRESENTATION('',(#5344),#5348);
#5344 = LINE('',#5345,#5346);
#5345 = CARTESIAN_POINT('',(0.,-0.));
#5346 = VECTOR('',#5347,1.);
#5347 = DIRECTION('',(0.,1.));
#5348 = ( GEOMETRIC_REPRESENTATION_CONTEXT(2) 
PARAMETRIC_REPRESENTATION_CONTEXT() REPRESENTATION_CONTEXT('2D SPACE',''
  ) );
#5349 = ORIENTED_EDGE('',*,*,#5350,.T.);
#5350 = EDGE_CURVE('',#5328,#5328,#5351,.T.);
#5351 = SURFACE_CURVE('',#5352,(#5357,#5364),.PCURVE_S1.);
#5352 = CIRCLE('',#5353,3.25);
#5353 = AXIS2_PLACEMENT_3D('',#5354,#5355,#5356);
#5354 = CARTESIAN_POINT('',(-52.375,110.26483895358,16.3));
#5355 = DIRECTION('',(0.,0.,1.));
#5356 = DIRECTION('',(1.,0.,-0.));
#5357 = PCURVE('',#1981,#5358);
#5358 = DEFINITIONAL_REPRESENTATION('',(#5359),#5363);
#5359 = LINE('',#5360,#5361);
#5360 = CARTESIAN_POINT('',(0.,0.));
#5361 = VECTOR('',#5362,1.);
#5362 = DIRECTION('',(1.,0.));
#5363 = ( GEOMETRIC_REPRESENTATION_CONTEXT(2) 
PARAMETRIC_REPRESENTATION_CONTEXT() REPRESENTATION_CONTEXT('2D SPACE',''
  ) );
#5364 = PCURVE('',#5365,#5370);
#5365 = PLANE('',#5366);
#5366 = AXIS2_PLACEMENT_3D('',#5367,#5368,#5369);
#5367 = CARTESIAN_POINT('',(-52.375,110.26483895358,16.3));
#5368 = DIRECTION('',(0.,0.,1.));
#5369 = DIRECTION('',(1.,0.,-0.));
#5370 = DEFINITIONAL_REPRESENTATION('',(#5371),#5375);
#5371 = CIRCLE('',#5372,3.25);
#5372 = AXIS2_PLACEMENT_2D('',#5373,#5374);
#5373 = CARTESIAN_POINT('',(0.,0.));
#5374 = DIRECTION('',(1.,0.));
#5375 = ( GEOMETRIC_REPRESENTATION_CONTEXT(2) 
PARAMETRIC_REPRESENTATION_CONTEXT() REPRESENTATION_CONTEXT('2D SPACE',''
  ) );
#5376 = ORIENTED_EDGE('',*,*,#5327,.T.);
#5377 = ADVANCED_FACE('',(#5378),#2016,.F.);
#5378 = FACE_BOUND('',#5379,.T.);
#5379 = EDGE_LOOP('',(#5380,#5403,#5404,#5405));
#5380 = ORIENTED_EDGE('',*,*,#5381,.T.);
#5381 = EDGE_CURVE('',#5382,#1996,#5384,.T.);
#5382 = VERTEX_POINT('',#5383);
#5383 = CARTESIAN_POINT('',(95.,200.981,0.));
#5384 = SEAM_CURVE('',#5385,(#5389,#5396),.PCURVE_S1.);
#5385 = LINE('',#5386,#5387);
#5386 = CARTESIAN_POINT('',(95.,200.981,0.));
#5387 = VECTOR('',#5388,1.);
#5388 = DIRECTION('',(-0.,-0.,1.));
#5389 = PCURVE('',#2016,#5390);
#5390 = DEFINITIONAL_REPRESENTATION('',(#5391),#5395);
#5391 = LINE('',#5392,#5393);
#5392 = CARTESIAN_POINT('',(-0.,0.));
#5393 = VECTOR('',#5394,1.);
#5394 = DIRECTION('',(-0.,-1.));
#5395 = ( GEOMETRIC_REPRESENTATION_CONTEXT(2) 
PARAMETRIC_REPRESENTATION_CONTEXT() REPRESENTATION_CONTEXT('2D SPACE',''
  ) );
#5396 = PCURVE('',#2016,#5397);
#5397 = DEFINITIONAL_REPRESENTATION('',(#5398),#5402);
#5398 = LINE('',#5399,#5400);
#5399 = CARTESIAN_POINT('',(-6.28318530718,0.));
#5400 = VECTOR('',#5401,1.);
#5401 = DIRECTION('',(-0.,-1.));
#5402 = ( GEOMETRIC_REPRESENTATION_CONTEXT(2) 
PARAMETRIC_REPRESENTATION_CONTEXT() REPRESENTATION_CONTEXT('2D SPACE',''
  ) );
#5403 = ORIENTED_EDGE('',*,*,#1995,.T.);
#5404 = ORIENTED_EDGE('',*,*,#5381,.F.);
#5405 = ORIENTED_EDGE('',*,*,#5406,.F.);
#5406 = EDGE_CURVE('',#5382,#5382,#5407,.T.);
#5407 = SURFACE_CURVE('',#5408,(#5413,#5420),.PCURVE_S1.);
#5408 = CIRCLE('',#5409,95.);
#5409 = AXIS2_PLACEMENT_3D('',#5410,#5411,#5412);
#5410 = CARTESIAN_POINT('',(0.,200.981,0.));
#5411 = DIRECTION('',(0.,0.,1.));
#5412 = DIRECTION('',(1.,0.,0.));
#5413 = PCURVE('',#2016,#5414);
#5414 = DEFINITIONAL_REPRESENTATION('',(#5415),#5419);
#5415 = LINE('',#5416,#5417);
#5416 = CARTESIAN_POINT('',(-0.,0.));
#5417 = VECTOR('',#5418,1.);
#5418 = DIRECTION('',(-1.,0.));
#5419 = ( GEOMETRIC_REPRESENTATION_CONTEXT(2) 
PARAMETRIC_REPRESENTATION_CONTEXT() REPRESENTATION_CONTEXT('2D SPACE',''
  ) );
#5420 = PCURVE('',#2394,#5421);
#5421 = DEFINITIONAL_REPRESENTATION('',(#5422),#5430);
#5422 = ( BOUNDED_CURVE() B_SPLINE_CURVE(2,(#5423,#5424,#5425,#5426,
#5427,#5428,#5429),.UNSPECIFIED.,.T.,.F.) B_SPLINE_CURVE_WITH_KNOTS((1,2
    ,2,2,2,1),(-2.094395102393,0.,2.094395102393,4.188790204786,
6.28318530718,8.377580409573),.UNSPECIFIED.) CURVE() 
GEOMETRIC_REPRESENTATION_ITEM() RATIONAL_B_SPLINE_CURVE((1.,0.5,1.,0.5,
1.,0.5,1.)) REPRESENTATION_ITEM('') );
#5423 = CARTESIAN_POINT('',(-95.00033843562,-25.55898443108));
#5424 = CARTESIAN_POINT('',(-95.00033843562,138.98584228796));
#5425 = CARTESIAN_POINT('',(47.499661564376,56.713428928441));
#5426 = CARTESIAN_POINT('',(189.99966156437,-25.55898443108));
#5427 = CARTESIAN_POINT('',(47.499661564376,-107.8313977906));
#5428 = CARTESIAN_POINT('',(-95.00033843562,-190.1038111501));
#5429 = CARTESIAN_POINT('',(-95.00033843562,-25.55898443108));
#5430 = ( GEOMETRIC_REPRESENTATION_CONTEXT(2) 
PARAMETRIC_REPRESENTATION_CONTEXT() REPRESENTATION_CONTEXT('2D SPACE',''
  ) );
#5431 = ADVANCED_FACE('',(#5432),#2051,.F.);
#5432 = FACE_BOUND('',#5433,.F.);
#5433 = EDGE_LOOP('',(#5434,#5435,#5458,#5485));
#5434 = ORIENTED_EDGE('',*,*,#2030,.F.);
#5435 = ORIENTED_EDGE('',*,*,#5436,.F.);
#5436 = EDGE_CURVE('',#5437,#2031,#5439,.T.);
#5437 = VERTEX_POINT('',#5438);
#5438 = CARTESIAN_POINT('',(-101.5,200.981,16.3));
#5439 = SEAM_CURVE('',#5440,(#5444,#5451),.PCURVE_S1.);
#5440 = LINE('',#5441,#5442);
#5441 = CARTESIAN_POINT('',(-101.5,200.981,16.3));
#5442 = VECTOR('',#5443,1.);
#5443 = DIRECTION('',(0.,0.,1.));
#5444 = PCURVE('',#2051,#5445);
#5445 = DEFINITIONAL_REPRESENTATION('',(#5446),#5450);
#5446 = LINE('',#5447,#5448);
#5447 = CARTESIAN_POINT('',(6.28318530718,-0.));
#5448 = VECTOR('',#5449,1.);
#5449 = DIRECTION('',(0.,1.));
#5450 = ( GEOMETRIC_REPRESENTATION_CONTEXT(2) 
PARAMETRIC_REPRESENTATION_CONTEXT() REPRESENTATION_CONTEXT('2D SPACE',''
  ) );
#5451 = PCURVE('',#2051,#5452);
#5452 = DEFINITIONAL_REPRESENTATION('',(#5453),#5457);
#5453 = LINE('',#5454,#5455);
#5454 = CARTESIAN_POINT('',(0.,-0.));
#5455 = VECTOR('',#5456,1.);
#5456 = DIRECTION('',(0.,1.));
#5457 = ( GEOMETRIC_REPRESENTATION_CONTEXT(2) 
PARAMETRIC_REPRESENTATION_CONTEXT() REPRESENTATION_CONTEXT('2D SPACE',''
  ) );
#5458 = ORIENTED_EDGE('',*,*,#5459,.T.);
#5459 = EDGE_CURVE('',#5437,#5437,#5460,.T.);
#5460 = SURFACE_CURVE('',#5461,(#5466,#5473),.PCURVE_S1.);
#5461 = CIRCLE('',#5462,3.25);
#5462 = AXIS2_PLACEMENT_3D('',#5463,#5464,#5465);
#5463 = CARTESIAN_POINT('',(-104.75,200.981,16.3));
#5464 = DIRECTION('',(0.,0.,1.));
#5465 = DIRECTION('',(1.,0.,-0.));
#5466 = PCURVE('',#2051,#5467);
#5467 = DEFINITIONAL_REPRESENTATION('',(#5468),#5472);
#5468 = LINE('',#5469,#5470);
#5469 = CARTESIAN_POINT('',(0.,0.));
#5470 = VECTOR('',#5471,1.);
#5471 = DIRECTION('',(1.,0.));
#5472 = ( GEOMETRIC_REPRESENTATION_CONTEXT(2) 
PARAMETRIC_REPRESENTATION_CONTEXT() REPRESENTATION_CONTEXT('2D SPACE',''
  ) );
#5473 = PCURVE('',#5474,#5479);
#5474 = PLANE('',#5475);
#5475 = AXIS2_PLACEMENT_3D('',#5476,#5477,#5478);
#5476 = CARTESIAN_POINT('',(-104.75,200.981,16.3));
#5477 = DIRECTION('',(0.,0.,1.));
#5478 = DIRECTION('',(1.,0.,-0.));
#5479 = DEFINITIONAL_REPRESENTATION('',(#5480),#5484);
#5480 = CIRCLE('',#5481,3.25);
#5481 = AXIS2_PLACEMENT_2D('',#5482,#5483);
#5482 = CARTESIAN_POINT('',(0.,0.));
#5483 = DIRECTION('',(1.,0.));
#5484 = ( GEOMETRIC_REPRESENTATION_CONTEXT(2) 
PARAMETRIC_REPRESENTATION_CONTEXT() REPRESENTATION_CONTEXT('2D SPACE',''
  ) );
#5485 = ORIENTED_EDGE('',*,*,#5436,.T.);
#5486 = ADVANCED_FACE('',(#5487),#2086,.F.);
#5487 = FACE_BOUND('',#5488,.F.);
#5488 = EDGE_LOOP('',(#5489,#5490,#5513,#5540));
#5489 = ORIENTED_EDGE('',*,*,#2065,.F.);
#5490 = ORIENTED_EDGE('',*,*,#5491,.F.);
#5491 = EDGE_CURVE('',#5492,#2066,#5494,.T.);
#5492 = VERTEX_POINT('',#5493);
#5493 = CARTESIAN_POINT('',(55.625,291.69716104642,16.3));
#5494 = SEAM_CURVE('',#5495,(#5499,#5506),.PCURVE_S1.);
#5495 = LINE('',#5496,#5497);
#5496 = CARTESIAN_POINT('',(55.625,291.69716104642,16.3));
#5497 = VECTOR('',#5498,1.);
#5498 = DIRECTION('',(0.,0.,1.));
#5499 = PCURVE('',#2086,#5500);
#5500 = DEFINITIONAL_REPRESENTATION('',(#5501),#5505);
#5501 = LINE('',#5502,#5503);
#5502 = CARTESIAN_POINT('',(6.28318530718,-0.));
#5503 = VECTOR('',#5504,1.);
#5504 = DIRECTION('',(0.,1.));
#5505 = ( GEOMETRIC_REPRESENTATION_CONTEXT(2) 
PARAMETRIC_REPRESENTATION_CONTEXT() REPRESENTATION_CONTEXT('2D SPACE',''
  ) );
#5506 = PCURVE('',#2086,#5507);
#5507 = DEFINITIONAL_REPRESENTATION('',(#5508),#5512);
#5508 = LINE('',#5509,#5510);
#5509 = CARTESIAN_POINT('',(0.,-0.));
#5510 = VECTOR('',#5511,1.);
#5511 = DIRECTION('',(0.,1.));
#5512 = ( GEOMETRIC_REPRESENTATION_CONTEXT(2) 
PARAMETRIC_REPRESENTATION_CONTEXT() REPRESENTATION_CONTEXT('2D SPACE',''
  ) );
#5513 = ORIENTED_EDGE('',*,*,#5514,.T.);
#5514 = EDGE_CURVE('',#5492,#5492,#5515,.T.);
#5515 = SURFACE_CURVE('',#5516,(#5521,#5528),.PCURVE_S1.);
#5516 = CIRCLE('',#5517,3.25);
#5517 = AXIS2_PLACEMENT_3D('',#5518,#5519,#5520);
#5518 = CARTESIAN_POINT('',(52.375,291.69716104642,16.3));
#5519 = DIRECTION('',(0.,0.,1.));
#5520 = DIRECTION('',(1.,0.,-0.));
#5521 = PCURVE('',#2086,#5522);
#5522 = DEFINITIONAL_REPRESENTATION('',(#5523),#5527);
#5523 = LINE('',#5524,#5525);
#5524 = CARTESIAN_POINT('',(0.,0.));
#5525 = VECTOR('',#5526,1.);
#5526 = DIRECTION('',(1.,0.));
#5527 = ( GEOMETRIC_REPRESENTATION_CONTEXT(2) 
PARAMETRIC_REPRESENTATION_CONTEXT() REPRESENTATION_CONTEXT('2D SPACE',''
  ) );
#5528 = PCURVE('',#5529,#5534);
#5529 = PLANE('',#5530);
#5530 = AXIS2_PLACEMENT_3D('',#5531,#5532,#5533);
#5531 = CARTESIAN_POINT('',(52.375,291.69716104642,16.3));
#5532 = DIRECTION('',(0.,0.,1.));
#5533 = DIRECTION('',(1.,0.,-0.));
#5534 = DEFINITIONAL_REPRESENTATION('',(#5535),#5539);
#5535 = CIRCLE('',#5536,3.25);
#5536 = AXIS2_PLACEMENT_2D('',#5537,#5538);
#5537 = CARTESIAN_POINT('',(0.,0.));
#5538 = DIRECTION('',(1.,0.));
#5539 = ( GEOMETRIC_REPRESENTATION_CONTEXT(2) 
PARAMETRIC_REPRESENTATION_CONTEXT() REPRESENTATION_CONTEXT('2D SPACE',''
  ) );
#5540 = ORIENTED_EDGE('',*,*,#5491,.T.);
#5541 = ADVANCED_FACE('',(#5542),#2121,.F.);
#5542 = FACE_BOUND('',#5543,.F.);
#5543 = EDGE_LOOP('',(#5544,#5545,#5568,#5595));
#5544 = ORIENTED_EDGE('',*,*,#2100,.F.);
#5545 = ORIENTED_EDGE('',*,*,#5546,.F.);
#5546 = EDGE_CURVE('',#5547,#2101,#5549,.T.);
#5547 = VERTEX_POINT('',#5548);
#5548 = CARTESIAN_POINT('',(40.250152303,342.36711292556,14.3));
#5549 = SEAM_CURVE('',#5550,(#5554,#5561),.PCURVE_S1.);
#5550 = LINE('',#5551,#5552);
#5551 = CARTESIAN_POINT('',(40.250152303,342.36711292556,14.3));
#5552 = VECTOR('',#5553,1.);
#5553 = DIRECTION('',(0.,0.,1.));
#5554 = PCURVE('',#2121,#5555);
#5555 = DEFINITIONAL_REPRESENTATION('',(#5556),#5560);
#5556 = LINE('',#5557,#5558);
#5557 = CARTESIAN_POINT('',(6.28318530718,-0.));
#5558 = VECTOR('',#5559,1.);
#5559 = DIRECTION('',(0.,1.));
#5560 = ( GEOMETRIC_REPRESENTATION_CONTEXT(2) 
PARAMETRIC_REPRESENTATION_CONTEXT() REPRESENTATION_CONTEXT('2D SPACE',''
  ) );
#5561 = PCURVE('',#2121,#5562);
#5562 = DEFINITIONAL_REPRESENTATION('',(#5563),#5567);
#5563 = LINE('',#5564,#5565);
#5564 = CARTESIAN_POINT('',(0.,-0.));
#5565 = VECTOR('',#5566,1.);
#5566 = DIRECTION('',(0.,1.));
#5567 = ( GEOMETRIC_REPRESENTATION_CONTEXT(2) 
PARAMETRIC_REPRESENTATION_CONTEXT() REPRESENTATION_CONTEXT('2D SPACE',''
  ) );
#5568 = ORIENTED_EDGE('',*,*,#5569,.T.);
#5569 = EDGE_CURVE('',#5547,#5547,#5570,.T.);
#5570 = SURFACE_CURVE('',#5571,(#5576,#5583),.PCURVE_S1.);
#5571 = CIRCLE('',#5572,2.3);
#5572 = AXIS2_PLACEMENT_3D('',#5573,#5574,#5575);
#5573 = CARTESIAN_POINT('',(37.950152303,342.36711292556,14.3));
#5574 = DIRECTION('',(0.,0.,1.));
#5575 = DIRECTION('',(1.,0.,-0.));
#5576 = PCURVE('',#2121,#5577);
#5577 = DEFINITIONAL_REPRESENTATION('',(#5578),#5582);
#5578 = LINE('',#5579,#5580);
#5579 = CARTESIAN_POINT('',(0.,0.));
#5580 = VECTOR('',#5581,1.);
#5581 = DIRECTION('',(1.,0.));
#5582 = ( GEOMETRIC_REPRESENTATION_CONTEXT(2) 
PARAMETRIC_REPRESENTATION_CONTEXT() REPRESENTATION_CONTEXT('2D SPACE',''
  ) );
#5583 = PCURVE('',#5584,#5589);
#5584 = PLANE('',#5585);
#5585 = AXIS2_PLACEMENT_3D('',#5586,#5587,#5588);
#5586 = CARTESIAN_POINT('',(37.950152303,342.36711292556,14.3));
#5587 = DIRECTION('',(0.,0.,1.));
#5588 = DIRECTION('',(1.,0.,-0.));
#5589 = DEFINITIONAL_REPRESENTATION('',(#5590),#5594);
#5590 = CIRCLE('',#5591,2.3);
#5591 = AXIS2_PLACEMENT_2D('',#5592,#5593);
#5592 = CARTESIAN_POINT('',(0.,0.));
#5593 = DIRECTION('',(1.,0.));
#5594 = ( GEOMETRIC_REPRESENTATION_CONTEXT(2) 
PARAMETRIC_REPRESENTATION_CONTEXT() REPRESENTATION_CONTEXT('2D SPACE',''
  ) );
#5595 = ORIENTED_EDGE('',*,*,#5546,.T.);
#5596 = ADVANCED_FACE('',(#5597),#2156,.F.);
#5597 = FACE_BOUND('',#5598,.T.);
#5598 = EDGE_LOOP('',(#5599,#5978,#5999,#6000,#6001));
#5599 = ORIENTED_EDGE('',*,*,#5600,.F.);
#5600 = EDGE_CURVE('',#5601,#5603,#5605,.T.);
#5601 = VERTEX_POINT('',#5602);
#5602 = CARTESIAN_POINT('',(34.76,436.383,14.348560028828));
#5603 = VERTEX_POINT('',#5604);
#5604 = CARTESIAN_POINT('',(33.767935070038,434.54427955725,
    14.269824477928));
#5605 = SURFACE_CURVE('',#5606,(#5728,#5853),.PCURVE_S1.);
#5606 = B_SPLINE_CURVE_WITH_KNOTS('',8,(#5607,#5608,#5609,#5610,#5611,
    #5612,#5613,#5614,#5615,#5616,#5617,#5618,#5619,#5620,#5621,#5622,
    #5623,#5624,#5625,#5626,#5627,#5628,#5629,#5630,#5631,#5632,#5633,
    #5634,#5635,#5636,#5637,#5638,#5639,#5640,#5641,#5642,#5643,#5644,
    #5645,#5646,#5647,#5648,#5649,#5650,#5651,#5652,#5653,#5654,#5655,
    #5656,#5657,#5658,#5659,#5660,#5661,#5662,#5663,#5664,#5665,#5666,
    #5667,#5668,#5669,#5670,#5671,#5672,#5673,#5674,#5675,#5676,#5677,
    #5678,#5679,#5680,#5681,#5682,#5683,#5684,#5685,#5686,#5687,#5688,
    #5689,#5690,#5691,#5692,#5693,#5694,#5695,#5696,#5697,#5698,#5699,
    #5700,#5701,#5702,#5703,#5704,#5705,#5706,#5707,#5708,#5709,#5710,
    #5711,#5712,#5713,#5714,#5715,#5716,#5717,#5718,#5719,#5720,#5721,
    #5722,#5723,#5724,#5725,#5726,#5727),.UNSPECIFIED.,.F.,.F.,(9,7,7,7,
    7,7,7,7,7,7,7,7,7,7,7,7,7,9),(0.,9.047823355398E-02,0.166244995164,
    0.214927585113,0.239113838818,0.305880143698,0.349140879336,
    0.390405684864,0.453012161818,0.552507388432,0.60304976418,
    0.668330091631,0.730929772516,0.794003505829,0.816867629618,
    0.867312075349,0.922823176901,1.),.UNSPECIFIED.);
#5607 = CARTESIAN_POINT('',(34.76,436.383,14.348560028828));
#5608 = CARTESIAN_POINT('',(34.76,436.5146732159,14.354616830612));
#5609 = CARTESIAN_POINT('',(34.750993322404,436.64634167036,
    14.360668701316));
#5610 = CARTESIAN_POINT('',(34.732981176751,436.7772818701,
    14.366609293264));
#5611 = CARTESIAN_POINT('',(34.706035125216,436.90678305126,
    14.372331202068));
#5612 = CARTESIAN_POINT('',(34.670290485524,437.03414683787,
    14.377729215951));
#5613 = CARTESIAN_POINT('',(34.625944481477,437.15868816689,
    14.382703736893));
#5614 = CARTESIAN_POINT('',(34.5732591411,437.27973747982,14.38716437363
    ));
#5615 = CARTESIAN_POINT('',(34.461746776267,437.49454222531,
    14.394273898155));
#5616 = CARTESIAN_POINT('',(34.405306373839,437.58954471618,
    14.397099754774));
#5617 = CARTESIAN_POINT('',(34.343442429782,437.68126851077,
    14.399465691947));
#5618 = CARTESIAN_POINT('',(34.276379479918,437.76935143538,
    14.401332871132));
#5619 = CARTESIAN_POINT('',(34.204369689299,437.85345131889,
    14.402670431997));
#5620 = CARTESIAN_POINT('',(34.127692061336,437.93324622847,
    14.403456601386));
#5621 = CARTESIAN_POINT('',(34.046653068001,438.00843590703,
    14.40367967892));
#5622 = CARTESIAN_POINT('',(33.906932099607,438.12391989692,
    14.403119937214));
#5623 = CARTESIAN_POINT('',(33.850611643187,438.16708180947,
    14.402668184645));
#5624 = CARTESIAN_POINT('',(33.792715441613,438.208157503,
    14.401983385615));
#5625 = CARTESIAN_POINT('',(33.733334826368,438.24707947827,
    14.401067145545));
#5626 = CARTESIAN_POINT('',(33.672564258267,438.28378538789,
    14.399922927109));
#5627 = CARTESIAN_POINT('',(33.61050123511,438.31821804026,
    14.39855604621));
#5628 = CARTESIAN_POINT('',(33.54724619933,438.35032540343,
    14.396973667944));
#5629 = CARTESIAN_POINT('',(33.450935486763,438.39483351288,
    14.394296066951));
#5630 = CARTESIAN_POINT('',(33.418699660373,438.40902097898,
    14.393356356857));
#5631 = CARTESIAN_POINT('',(33.386207567593,438.42261729969,
    14.392366777359));
#5632 = CARTESIAN_POINT('',(33.353471917333,438.43561710534,
    14.391328536398));
#5633 = CARTESIAN_POINT('',(33.320505526293,438.44801536409,
    14.390242944783));
#5634 = CARTESIAN_POINT('',(33.287321318963,438.45980738199,
    14.389111416192));
#5635 = CARTESIAN_POINT('',(33.253932327626,438.47098880292,
    14.387935467173));
#5636 = CARTESIAN_POINT('',(33.127652138295,438.51072534189,
    14.383352350042));
#5637 = CARTESIAN_POINT('',(33.033490505573,438.53521179108,
    14.379661784052));
#5638 = CARTESIAN_POINT('',(32.938145081567,438.55493002971,
    14.375678871965));
#5639 = CARTESIAN_POINT('',(32.841896461796,438.56981533995,
    14.37144322922));
#5640 = CARTESIAN_POINT('',(32.745027205629,438.5798229013,
    14.366999274569));
#5641 = CARTESIAN_POINT('',(32.647821492002,438.58492747923,
    14.362395270745));
#5642 = CARTESIAN_POINT('',(32.550564775127,438.58512311391,
    14.357682365137));
#5643 = CARTESIAN_POINT('',(32.390679180629,438.5773772808,
    14.349823763925));
#5644 = CARTESIAN_POINT('',(32.327912820897,438.57227630779,
    14.346710395407));
#5645 = CARTESIAN_POINT('',(32.265321845194,438.56512349402,
    14.343587893283));
#5646 = CARTESIAN_POINT('',(32.202983346355,438.55592577686,
    14.340470901984));
#5647 = CARTESIAN_POINT('',(32.140974000725,438.54469344437,
    14.337374184313));
#5648 = CARTESIAN_POINT('',(32.079370043014,438.53144015286,
    14.334312463781));
#5649 = CARTESIAN_POINT('',(32.018247241154,438.51618294445,
    14.331300266941));
#5650 = CARTESIAN_POINT('',(31.899908865142,438.48249702175,
    14.325539300145));
#5651 = CARTESIAN_POINT('',(31.842642796696,438.4642470243,
    14.32278355083));
#5652 = CARTESIAN_POINT('',(31.785947882966,438.44421001211,
    14.320103680944));
#5653 = CARTESIAN_POINT('',(31.729888822798,438.42240640479,
    14.317503467727));
#5654 = CARTESIAN_POINT('',(31.674531613828,438.39886054542,
    14.314969042863));
#5655 = CARTESIAN_POINT('',(31.619937896235,438.37359822225,
    14.312515377904));
#5656 = CARTESIAN_POINT('',(31.566171258338,438.34664933943,
    14.310129336308));
#5657 = CARTESIAN_POINT('',(31.433065698458,438.27464972545,
    14.304289953894));
#5658 = CARTESIAN_POINT('',(31.354880928907,438.22744416107,
    14.300921452758));
#5659 = CARTESIAN_POINT('',(31.27895382699,438.17654342126,
    14.297687814879));
#5660 = CARTESIAN_POINT('',(31.205490669652,438.12207522518,
    14.294563362003));
#5661 = CARTESIAN_POINT('',(31.134688070633,438.06418081426,
    14.291515563508));
#5662 = CARTESIAN_POINT('',(31.066732585442,438.00301472046,
    14.288507647913));
#5663 = CARTESIAN_POINT('',(31.001800316333,437.93874453471,
    14.285501214392));
#5664 = CARTESIAN_POINT('',(30.841932272362,437.76476510611,
    14.277623860447));
#5665 = CARTESIAN_POINT('',(30.751841792811,437.65057512377,
    14.272697212207));
#5666 = CARTESIAN_POINT('',(30.6704670726,437.52971680595,
    14.267531468498));
#5667 = CARTESIAN_POINT('',(30.598383573529,437.40298582223,
    14.261983820863));
#5668 = CARTESIAN_POINT('',(30.536071581261,437.27122503976,
    14.255952613467));
#5669 = CARTESIAN_POINT('',(30.48392050889,437.1353171187,14.24939958608
    ));
#5670 = CARTESIAN_POINT('',(30.442226148043,436.9961820971,
    14.242357830031));
#5671 = CARTESIAN_POINT('',(30.395410239265,436.78294938731,
    14.231149901295));
#5672 = CARTESIAN_POINT('',(30.382386512293,436.71052858234,
    14.227273284406));
#5673 = CARTESIAN_POINT('',(30.372134771651,436.63764021992,
    14.223308067362));
#5674 = CARTESIAN_POINT('',(30.364673492145,436.56440702976,
    14.219271061073));
#5675 = CARTESIAN_POINT('',(30.360014684113,436.49095176816,
    14.215182799484));
#5676 = CARTESIAN_POINT('',(30.35816403919,436.41739718408,
    14.211066912603));
#5677 = CARTESIAN_POINT('',(30.359121076071,436.34386598532,
    14.206949499524));
#5678 = CARTESIAN_POINT('',(30.367733375338,436.17569680282,
    14.197574584929));
#5679 = CARTESIAN_POINT('',(30.377260645399,436.08115455344,
    14.192334544031));
#5680 = CARTESIAN_POINT('',(30.391446585948,435.98711859455,
    14.187198409409));
#5681 = CARTESIAN_POINT('',(30.410260314283,435.89385114497,
    14.182230623993));
#5682 = CARTESIAN_POINT('',(30.433654134998,435.80161194286,
    14.177496943217));
#5683 = CARTESIAN_POINT('',(30.461563099458,435.71065808447,
    14.173061335242));
#5684 = CARTESIAN_POINT('',(30.493904565277,435.62124386276,
    14.168982881182));
#5685 = CARTESIAN_POINT('',(30.565745012354,435.44959547761,
    14.161793181419));
#5686 = CARTESIAN_POINT('',(30.604896746505,435.36721396888,
    14.15864911877));
#5687 = CARTESIAN_POINT('',(30.647943208196,435.28669998335,
    14.155925128152));
#5688 = CARTESIAN_POINT('',(30.694779793328,435.20826997986,
    14.153661139845));
#5689 = CARTESIAN_POINT('',(30.745287453283,435.13213325309,
    14.15188781245));
#5690 = CARTESIAN_POINT('',(30.799332636113,435.05849172552,
    14.150624383626));
#5691 = CARTESIAN_POINT('',(30.856766759391,434.98753925091,
    14.149878932778));
#5692 = CARTESIAN_POINT('',(30.978543022033,434.8508660632,
    14.149421452897));
#5693 = CARTESIAN_POINT('',(31.042937410744,434.78518541442,
    14.149717216603));
#5694 = CARTESIAN_POINT('',(31.110440666509,434.72260778151,
    14.150537001929));
#5695 = CARTESIAN_POINT('',(31.18087363134,434.66330729241,
    14.151869831208));
#5696 = CARTESIAN_POINT('',(31.254046957552,434.60744377516,
    14.153694640453));
#5697 = CARTESIAN_POINT('',(31.329761849777,434.55516317482,
    14.155980793832));
#5698 = CARTESIAN_POINT('',(31.407810295064,434.50659751681,
    14.158689566109));
#5699 = CARTESIAN_POINT('',(31.517034274338,434.44564874187,
    14.16289563523));
#5700 = CARTESIAN_POINT('',(31.546372150137,434.42993650821,
    14.164064437389));
#5701 = CARTESIAN_POINT('',(31.57597819643,434.41473325017,
    14.165280901143));
#5702 = CARTESIAN_POINT('',(31.605842107928,434.40004424239,
    14.166542865045));
#5703 = CARTESIAN_POINT('',(31.635953486056,434.38587449958,
    14.167848104608));
#5704 = CARTESIAN_POINT('',(31.666301838952,434.37222877652,
    14.169194332308));
#5705 = CARTESIAN_POINT('',(31.696876581467,434.35911156803,
    14.170579197579));
#5706 = CARTESIAN_POINT('',(31.795599110112,434.31876238621,
    14.175135594324));
#5707 = CARTESIAN_POINT('',(31.864581493555,434.29359082158,
    14.178447317855));
#5708 = CARTESIAN_POINT('',(31.934499285071,434.27105797891,
    14.181909767003));
#5709 = CARTESIAN_POINT('',(32.00523613653,434.25120325303,
    14.185496477605));
#5710 = CARTESIAN_POINT('',(32.076674294043,434.23405991895,
    14.189180836497));
#5711 = CARTESIAN_POINT('',(32.148694639917,434.21965518107,
    14.192936706274));
#5712 = CARTESIAN_POINT('',(32.221176734594,434.20801022234,
    14.196739050053));
#5713 = CARTESIAN_POINT('',(32.37413525941,434.18937938203,
    14.204774297429));
#5714 = CARTESIAN_POINT('',(32.454684498334,434.18297882064,
    14.209012174521));
#5715 = CARTESIAN_POINT('',(32.535484007035,434.17995870414,
    14.213246875184));
#5716 = CARTESIAN_POINT('',(32.616370646272,434.18033020185,
    14.217449824167));
#5717 = CARTESIAN_POINT('',(32.697180803293,434.18409533514,
    14.221595683739));
#5718 = CARTESIAN_POINT('',(32.777750489222,434.19124679498,
    14.225662854134));
#5719 = CARTESIAN_POINT('',(32.857915436447,434.20176775953,14.229633974
    ));
#5720 = CARTESIAN_POINT('',(33.048172805728,434.23490669924,
    14.23886636251));
#5721 = CARTESIAN_POINT('',(33.157740459116,434.26064438439,
    14.244026455337));
#5722 = CARTESIAN_POINT('',(33.265767565426,434.29277343442,
    14.24894202199));
#5723 = CARTESIAN_POINT('',(33.371818331251,434.3311855032,
    14.253595647462));
#5724 = CARTESIAN_POINT('',(33.475467606954,434.37573749835,
    14.257987564771));
#5725 = CARTESIAN_POINT('',(33.576301577441,434.42625209919,
    14.262134478511));
#5726 = CARTESIAN_POINT('',(33.673919297261,434.4825165255,
    14.266066826272));
#5727 = CARTESIAN_POINT('',(33.767935070038,434.54427955725,
    14.269824477928));
#5728 = PCURVE('',#2156,#5729);
#5729 = DEFINITIONAL_REPRESENTATION('',(#5730),#5852);
#5730 = B_SPLINE_CURVE_WITH_KNOTS('',8,(#5731,#5732,#5733,#5734,#5735,
    #5736,#5737,#5738,#5739,#5740,#5741,#5742,#5743,#5744,#5745,#5746,
    #5747,#5748,#5749,#5750,#5751,#5752,#5753,#5754,#5755,#5756,#5757,
    #5758,#5759,#5760,#5761,#5762,#5763,#5764,#5765,#5766,#5767,#5768,
    #5769,#5770,#5771,#5772,#5773,#5774,#5775,#5776,#5777,#5778,#5779,
    #5780,#5781,#5782,#5783,#5784,#5785,#5786,#5787,#5788,#5789,#5790,
    #5791,#5792,#5793,#5794,#5795,#5796,#5797,#5798,#5799,#5800,#5801,
    #5802,#5803,#5804,#5805,#5806,#5807,#5808,#5809,#5810,#5811,#5812,
    #5813,#5814,#5815,#5816,#5817,#5818,#5819,#5820,#5821,#5822,#5823,
    #5824,#5825,#5826,#5827,#5828,#5829,#5830,#5831,#5832,#5833,#5834,
    #5835,#5836,#5837,#5838,#5839,#5840,#5841,#5842,#5843,#5844,#5845,
    #5846,#5847,#5848,#5849,#5850,#5851),.UNSPECIFIED.,.F.,.F.,(9,7,7,7,
    7,7,7,7,7,7,7,7,7,7,7,7,7,9),(0.,9.047823355398E-02,0.166244995164,
    0.214927585113,0.239113838818,0.305880143698,0.349140879336,
    0.390405684864,0.453012161818,0.552507388432,0.60304976418,
    0.668330091631,0.730929772516,0.794003505829,0.816867629618,
    0.867312075349,0.922823176901,1.),.UNSPECIFIED.);
#5731 = CARTESIAN_POINT('',(0.,-14.34856002882));
#5732 = CARTESIAN_POINT('',(-5.985146177521E-02,-14.35461683061));
#5733 = CARTESIAN_POINT('',(-0.119700697151,-14.36066870131));
#5734 = CARTESIAN_POINT('',(-0.179545832055,-14.36660929326));
#5735 = CARTESIAN_POINT('',(-0.239389923904,-14.37233120206));
#5736 = CARTESIAN_POINT('',(-0.299238310817,-14.37772921595));
#5737 = CARTESIAN_POINT('',(-0.359095814676,-14.38270373689));
#5738 = CARTESIAN_POINT('',(-0.418963798043,-14.38716437363));
#5739 = CARTESIAN_POINT('',(-0.52897514813,-14.39427389815));
#5740 = CARTESIAN_POINT('',(-0.579121698476,-14.39709975477));
#5741 = CARTESIAN_POINT('',(-0.629273530608,-14.39946569194));
#5742 = CARTESIAN_POINT('',(-0.679429690739,-14.40133287113));
#5743 = CARTESIAN_POINT('',(-0.729590208966,-14.40267043199));
#5744 = CARTESIAN_POINT('',(-0.779754779197,-14.40345660138));
#5745 = CARTESIAN_POINT('',(-0.829921376659,-14.40367967892));
#5746 = CARTESIAN_POINT('',(-0.912316440062,-14.40311993721));
#5747 = CARTESIAN_POINT('',(-0.944547916676,-14.40266818464));
#5748 = CARTESIAN_POINT('',(-0.976778361656,-14.40198338561));
#5749 = CARTESIAN_POINT('',(-1.009007246274,-14.40106714554));
#5750 = CARTESIAN_POINT('',(-1.041234246392,-14.3999229271));
#5751 = CARTESIAN_POINT('',(-1.073459094566,-14.39855604621));
#5752 = CARTESIAN_POINT('',(-1.105681432162,-14.39697366794));
#5753 = CARTESIAN_POINT('',(-1.153907666327,-14.39429606695));
#5754 = CARTESIAN_POINT('',(-1.169913972399,-14.39335635685));
#5755 = CARTESIAN_POINT('',(-1.185919551979,-14.39236677735));
#5756 = CARTESIAN_POINT('',(-1.2019243846,-14.39132853639));
#5757 = CARTESIAN_POINT('',(-1.21792845703,-14.39024294478));
#5758 = CARTESIAN_POINT('',(-1.233931763272,-14.38911141619));
#5759 = CARTESIAN_POINT('',(-1.249934304565,-14.38793546717));
#5760 = CARTESIAN_POINT('',(-1.310109116618,-14.38335235004));
#5761 = CARTESIAN_POINT('',(-1.354277105357,-14.37966178405));
#5762 = CARTESIAN_POINT('',(-1.398439174971,-14.37567887196));
#5763 = CARTESIAN_POINT('',(-1.442595999041,-14.37144322922));
#5764 = CARTESIAN_POINT('',(-1.486749195842,-14.36699927456));
#5765 = CARTESIAN_POINT('',(-1.530900718845,-14.36239527074));
#5766 = CARTESIAN_POINT('',(-1.575052247204,-14.35768236513));
#5767 = CARTESIAN_POINT('',(-1.647812752763,-14.34982376392));
#5768 = CARTESIAN_POINT('',(-1.676421692092,-14.3467103954));
#5769 = CARTESIAN_POINT('',(-1.705031812131,-14.34358789328));
#5770 = CARTESIAN_POINT('',(-1.733643645384,-14.34047090198));
#5771 = CARTESIAN_POINT('',(-1.762257768282,-14.33737418431));
#5772 = CARTESIAN_POINT('',(-1.79087473048,-14.33431246378));
#5773 = CARTESIAN_POINT('',(-1.819494984169,-14.33130026694));
#5774 = CARTESIAN_POINT('',(-1.87542201866,-14.32553930014));
#5775 = CARTESIAN_POINT('',(-1.902728633915,-14.32278355083));
#5776 = CARTESIAN_POINT('',(-1.930038953818,-14.32010368094));
#5777 = CARTESIAN_POINT('',(-1.957353203714,-14.31750346772));
#5778 = CARTESIAN_POINT('',(-1.984670508352,-14.31496904286));
#5779 = CARTESIAN_POINT('',(-2.011991609752,-14.3125153779));
#5780 = CARTESIAN_POINT('',(-2.039315684099,-14.3101293363));
#5781 = CARTESIAN_POINT('',(-2.108102446599,-14.30428995389));
#5782 = CARTESIAN_POINT('',(-2.149569715066,-14.30092145275));
#5783 = CARTESIAN_POINT('',(-2.19104207717,-14.29768781487));
#5784 = CARTESIAN_POINT('',(-2.232518190332,-14.294563362));
#5785 = CARTESIAN_POINT('',(-2.273997136839,-14.2915155635));
#5786 = CARTESIAN_POINT('',(-2.315477953791,-14.28850764791));
#5787 = CARTESIAN_POINT('',(-2.356959163047,-14.28550121439));
#5788 = CARTESIAN_POINT('',(-2.464357618892,-14.27762386044));
#5789 = CARTESIAN_POINT('',(-2.530284258428,-14.2726972122));
#5790 = CARTESIAN_POINT('',(-2.596199176764,-14.26753146849));
#5791 = CARTESIAN_POINT('',(-2.662095000904,-14.26198382086));
#5792 = CARTESIAN_POINT('',(-2.727970992716,-14.25595261346));
#5793 = CARTESIAN_POINT('',(-2.793828094187,-14.24939958608));
#5794 = CARTESIAN_POINT('',(-2.859664053063,-14.24235783003));
#5795 = CARTESIAN_POINT('',(-2.958896560151,-14.23114990129));
#5796 = CARTESIAN_POINT('',(-2.992318777377,-14.2272732844));
#5797 = CARTESIAN_POINT('',(-3.025735303414,-14.22330806736));
#5798 = CARTESIAN_POINT('',(-3.059146673909,-14.21927106107));
#5799 = CARTESIAN_POINT('',(-3.092553773111,-14.21518279948));
#5800 = CARTESIAN_POINT('',(-3.12595766968,-14.2110669126));
#5801 = CARTESIAN_POINT('',(-3.15935945249,-14.20694949952));
#5802 = CARTESIAN_POINT('',(-3.235900163905,-14.19757458492));
#5803 = CARTESIAN_POINT('',(-3.279039182017,-14.19233454403));
#5804 = CARTESIAN_POINT('',(-3.322178973102,-14.1871984094));
#5805 = CARTESIAN_POINT('',(-3.365322122474,-14.18223062399));
#5806 = CARTESIAN_POINT('',(-3.408471358686,-14.17749694321));
#5807 = CARTESIAN_POINT('',(-3.451628963786,-14.17306133524));
#5808 = CARTESIAN_POINT('',(-3.494796183559,-14.16898288118));
#5809 = CARTESIAN_POINT('',(-3.579376110498,-14.16179318141));
#5810 = CARTESIAN_POINT('',(-3.620789646789,-14.15864911877));
#5811 = CARTESIAN_POINT('',(-3.662211792261,-14.15592512815));
#5812 = CARTESIAN_POINT('',(-3.70364175908,-14.15366113984));
#5813 = CARTESIAN_POINT('',(-3.74507884385,-14.15188781245));
#5814 = CARTESIAN_POINT('',(-3.786521849082,-14.15062438362));
#5815 = CARTESIAN_POINT('',(-3.827968508225,-14.14987893277));
#5816 = CARTESIAN_POINT('',(-3.911175184072,-14.14942145289));
#5817 = CARTESIAN_POINT('',(-3.952937391775,-14.1497172166));
#5818 = CARTESIAN_POINT('',(-3.994697580865,-14.15053700192));
#5819 = CARTESIAN_POINT('',(-4.036453453253,-14.1518698312));
#5820 = CARTESIAN_POINT('',(-4.078203756925,-14.15369464045));
#5821 = CARTESIAN_POINT('',(-4.119947687666,-14.15598079383));
#5822 = CARTESIAN_POINT('',(-4.161684304883,-14.1586895661));
#5823 = CARTESIAN_POINT('',(-4.218538167888,-14.16289563523));
#5824 = CARTESIAN_POINT('',(-4.233663360142,-14.16406443738));
#5825 = CARTESIAN_POINT('',(-4.24878753997,-14.16528090114));
#5826 = CARTESIAN_POINT('',(-4.263910719288,-14.16654286504));
#5827 = CARTESIAN_POINT('',(-4.279032920234,-14.1678481046));
#5828 = CARTESIAN_POINT('',(-4.294154175169,-14.1691943323));
#5829 = CARTESIAN_POINT('',(-4.309274526681,-14.17057919757));
#5830 = CARTESIAN_POINT('',(-4.357751738964,-14.17513559432));
#5831 = CARTESIAN_POINT('',(-4.391105432141,-14.17844731785));
#5832 = CARTESIAN_POINT('',(-4.424455490147,-14.181909767));
#5833 = CARTESIAN_POINT('',(-4.457802681334,-14.1854964776));
#5834 = CARTESIAN_POINT('',(-4.491148001967,-14.18918083649));
#5835 = CARTESIAN_POINT('',(-4.524492518829,-14.19293670627));
#5836 = CARTESIAN_POINT('',(-4.557837211832,-14.19673905005));
#5837 = CARTESIAN_POINT('',(-4.627877664317,-14.20477429742));
#5838 = CARTESIAN_POINT('',(-4.664574117154,-14.20901217452));
#5839 = CARTESIAN_POINT('',(-4.701272987078,-14.21324687518));
#5840 = CARTESIAN_POINT('',(-4.737975377037,-14.21744982416));
#5841 = CARTESIAN_POINT('',(-4.774682432189,-14.22159568373));
#5842 = CARTESIAN_POINT('',(-4.811395091121,-14.22566285413));
#5843 = CARTESIAN_POINT('',(-4.848113837066,-14.229633974));
#5844 = CARTESIAN_POINT('',(-4.935896504327,-14.23886636251));
#5845 = CARTESIAN_POINT('',(-4.986968741965,-14.24402645533));
#5846 = CARTESIAN_POINT('',(-5.038052528473,-14.24894202199));
#5847 = CARTESIAN_POINT('',(-5.089147406538,-14.25359564746));
#5848 = CARTESIAN_POINT('',(-5.140253780975,-14.25798756477));
#5849 = CARTESIAN_POINT('',(-5.191371551457,-14.26213447851));
#5850 = CARTESIAN_POINT('',(-5.242498692107,-14.26606682627));
#5851 = CARTESIAN_POINT('',(-5.293629777938,-14.26982447792));
#5852 = ( GEOMETRIC_REPRESENTATION_CONTEXT(2) 
PARAMETRIC_REPRESENTATION_CONTEXT() REPRESENTATION_CONTEXT('2D SPACE',''
  ) );
#5853 = PCURVE('',#3793,#5854);
#5854 = DEFINITIONAL_REPRESENTATION('',(#5855),#5977);
#5855 = B_SPLINE_CURVE_WITH_KNOTS('',8,(#5856,#5857,#5858,#5859,#5860,
    #5861,#5862,#5863,#5864,#5865,#5866,#5867,#5868,#5869,#5870,#5871,
    #5872,#5873,#5874,#5875,#5876,#5877,#5878,#5879,#5880,#5881,#5882,
    #5883,#5884,#5885,#5886,#5887,#5888,#5889,#5890,#5891,#5892,#5893,
    #5894,#5895,#5896,#5897,#5898,#5899,#5900,#5901,#5902,#5903,#5904,
    #5905,#5906,#5907,#5908,#5909,#5910,#5911,#5912,#5913,#5914,#5915,
    #5916,#5917,#5918,#5919,#5920,#5921,#5922,#5923,#5924,#5925,#5926,
    #5927,#5928,#5929,#5930,#5931,#5932,#5933,#5934,#5935,#5936,#5937,
    #5938,#5939,#5940,#5941,#5942,#5943,#5944,#5945,#5946,#5947,#5948,
    #5949,#5950,#5951,#5952,#5953,#5954,#5955,#5956,#5957,#5958,#5959,
    #5960,#5961,#5962,#5963,#5964,#5965,#5966,#5967,#5968,#5969,#5970,
    #5971,#5972,#5973,#5974,#5975,#5976),.UNSPECIFIED.,.F.,.F.,(9,7,7,7,
    7,7,7,7,7,7,7,7,7,7,7,7,7,9),(0.,9.047823355398E-02,0.166244995164,
    0.214927585113,0.239113838818,0.305880143698,0.349140879336,
    0.390405684864,0.453012161818,0.552507388432,0.60304976418,
    0.668330091631,0.730929772516,0.794003505829,0.816867629618,
    0.867312075349,0.922823176901,1.),.UNSPECIFIED.);
#5856 = CARTESIAN_POINT('',(10.282691015349,0.59079711856));
#5857 = CARTESIAN_POINT('',(10.288426132037,0.592328523394));
#5858 = CARTESIAN_POINT('',(10.294574925284,0.593770732227));
#5859 = CARTESIAN_POINT('',(10.301108957943,0.595115491834));
#5860 = CARTESIAN_POINT('',(10.307997181736,0.596355111925));
#5861 = CARTESIAN_POINT('',(10.31520605713,0.597482379572));
#5862 = CARTESIAN_POINT('',(10.322699514214,0.598490560495));
#5863 = CARTESIAN_POINT('',(10.330438754554,0.599373487225));
#5864 = CARTESIAN_POINT('',(10.345033504402,0.600755668106));
#5865 = CARTESIAN_POINT('',(10.351828737757,0.601294024596));
#5866 = CARTESIAN_POINT('',(10.358743033571,0.601737587435));
#5867 = CARTESIAN_POINT('',(10.365751095591,0.602083583455));
#5868 = CARTESIAN_POINT('',(10.372826897905,0.602329673148));
#5869 = CARTESIAN_POINT('',(10.379943691974,0.602473977006));
#5870 = CARTESIAN_POINT('',(10.387074014641,0.602515137534));
#5871 = CARTESIAN_POINT('',(10.398761752771,0.602412116936));
#5872 = CARTESIAN_POINT('',(10.40332792883,0.602328927975));
#5873 = CARTESIAN_POINT('',(10.407880827047,0.602202650003));
#5874 = CARTESIAN_POINT('',(10.412413057436,0.602033181198));
#5875 = CARTESIAN_POINT('',(10.41691724505,0.601820521586));
#5876 = CARTESIAN_POINT('',(10.421386036774,0.601564776664));
#5877 = CARTESIAN_POINT('',(10.425812108116,0.601266161011));
#5878 = CARTESIAN_POINT('',(10.432362264325,0.600755508865));
#5879 = CARTESIAN_POINT('',(10.434524025296,0.600575514418));
#5880 = CARTESIAN_POINT('',(10.43667256376,0.60038505822));
#5881 = CARTESIAN_POINT('',(10.438806997334,0.60018418658));
#5882 = CARTESIAN_POINT('',(10.440926450403,0.599972952466));
#5883 = CARTESIAN_POINT('',(10.443030054112,0.59975141551));
#5884 = CARTESIAN_POINT('',(10.445116946377,0.599519642001));
#5885 = CARTESIAN_POINT('',(10.452898657872,0.598609835982));
#5886 = CARTESIAN_POINT('',(10.458477272768,0.597864503744));
#5887 = CARTESIAN_POINT('',(10.463904028473,0.597043260216));
#5888 = CARTESIAN_POINT('',(10.469161458182,0.596148026944));
#5889 = CARTESIAN_POINT('',(10.474232760695,0.595181097817));
#5890 = CARTESIAN_POINT('',(10.479101844739,0.594145141896));
#5891 = CARTESIAN_POINT('',(10.483753373284,0.593043206246));
#5892 = CARTESIAN_POINT('',(10.491036347959,0.59112419769));
#5893 = CARTESIAN_POINT('',(10.493802493191,0.590343404835));
#5894 = CARTESIAN_POINT('',(10.496467312612,0.589537267381));
#5895 = CARTESIAN_POINT('',(10.499027043022,0.588706772539));
#5896 = CARTESIAN_POINT('',(10.501478096357,0.587852967072));
#5897 = CARTESIAN_POINT('',(10.503817067081,0.586976956811));
#5898 = CARTESIAN_POINT('',(10.506040739579,0.586079906165));
#5899 = CARTESIAN_POINT('',(10.51015431624,0.584288470884));
#5900 = CARTESIAN_POINT('',(10.512054898567,0.583395867381));
#5901 = CARTESIAN_POINT('',(10.513845226185,0.582486288382));
#5902 = CARTESIAN_POINT('',(10.515522849302,0.581560835445));
#5903 = CARTESIAN_POINT('',(10.517085459499,0.580620685924));
#5904 = CARTESIAN_POINT('',(10.518531036956,0.579667007745));
#5905 = CARTESIAN_POINT('',(10.519857691473,0.578701048739));
#5906 = CARTESIAN_POINT('',(10.522893681026,0.576241808596));
#5907 = CARTESIAN_POINT('',(10.524446113204,0.574734144709));
#5908 = CARTESIAN_POINT('',(10.525715325822,0.573205526841));
#5909 = CARTESIAN_POINT('',(10.526696792557,0.571660529986));
#5910 = CARTESIAN_POINT('',(10.527387245579,0.570103829259));
#5911 = CARTESIAN_POINT('',(10.527784694671,0.568540173825));
#5912 = CARTESIAN_POINT('',(10.527888446345,0.566974360836));
#5913 = CARTESIAN_POINT('',(10.527398247179,0.562927023723));
#5914 = CARTESIAN_POINT('',(10.526357134435,0.560449081806));
#5915 = CARTESIAN_POINT('',(10.524577908919,0.5579970915));
#5916 = CARTESIAN_POINT('',(10.522071786167,0.555590179382));
#5917 = CARTESIAN_POINT('',(10.518857877671,0.553246656677));
#5918 = CARTESIAN_POINT('',(10.514962461695,0.550983807231));
#5919 = CARTESIAN_POINT('',(10.510418720304,0.548817697484));
#5920 = CARTESIAN_POINT('',(10.502649901625,0.545719251175));
#5921 = CARTESIAN_POINT('',(10.499875765437,0.544704170904));
#5922 = CARTESIAN_POINT('',(10.496949673782,0.543719654365));
#5923 = CARTESIAN_POINT('',(10.493877106035,0.54276746806));
#5924 = CARTESIAN_POINT('',(10.490663861153,0.541849259492));
#5925 = CARTESIAN_POINT('',(10.487316037632,0.54096655839));
#5926 = CARTESIAN_POINT('',(10.483840013466,0.540120777941));
#5927 = CARTESIAN_POINT('',(10.475595796867,0.538270172329));
#5928 = CARTESIAN_POINT('',(10.47074627729,0.537290866268));
#5929 = CARTESIAN_POINT('',(10.465708209185,0.53637809635));
#5930 = CARTESIAN_POINT('',(10.460496535431,0.535534319241));
#5931 = CARTESIAN_POINT('',(10.45512677864,0.534761653519));
#5932 = CARTESIAN_POINT('',(10.449615019828,0.534061883425));
#5933 = CARTESIAN_POINT('',(10.443977877076,0.533436462626));
#5934 = CARTESIAN_POINT('',(10.432723017964,0.532359156014));
#5935 = CARTESIAN_POINT('',(10.427113803184,0.531901176862));
#5936 = CARTESIAN_POINT('',(10.421420098379,0.5315135917));
#5937 = CARTESIAN_POINT('',(10.415657351935,0.53119708829));
#5938 = CARTESIAN_POINT('',(10.409841176053,0.530952053135));
#5939 = CARTESIAN_POINT('',(10.403987326021,0.530778583604));
#5940 = CARTESIAN_POINT('',(10.398111684833,0.530676490013));
#5941 = CARTESIAN_POINT('',(10.386304282744,0.530613849022));
#5942 = CARTESIAN_POINT('',(10.380372120644,0.530654377723));
#5943 = CARTESIAN_POINT('',(10.374450126871,0.530766391061));
#5944 = CARTESIAN_POINT('',(10.368554292973,0.530949099945));
#5945 = CARTESIAN_POINT('',(10.362700230421,0.531201451015));
#5946 = CARTESIAN_POINT('',(10.356903166569,0.531522155761));
#5947 = CARTESIAN_POINT('',(10.351177948163,0.531909706635));
#5948 = CARTESIAN_POINT('',(10.343494962028,0.532526473568));
#5949 = CARTESIAN_POINT('',(10.341462192443,0.53269912636));
#5950 = CARTESIAN_POINT('',(10.339441423218,0.532880257326));
#5951 = CARTESIAN_POINT('',(10.33743332416,0.533069782351));
#5952 = CARTESIAN_POINT('',(10.335438555307,0.533267614424));
#5953 = CARTESIAN_POINT('',(10.333457766932,0.53347366363));
#5954 = CARTESIAN_POINT('',(10.331491599539,0.53368783716));
#5955 = CARTESIAN_POINT('',(10.325236435826,0.534400277375));
#5956 = CARTESIAN_POINT('',(10.321006411312,0.534929599013));
#5957 = CARTESIAN_POINT('',(10.316857401057,0.535496975429));
#5958 = CARTESIAN_POINT('',(10.312795936372,0.536101321438));
#5959 = CARTESIAN_POINT('',(10.30882829803,0.536741498023));
#5960 = CARTESIAN_POINT('',(10.304960525169,0.537416314892));
#5961 = CARTESIAN_POINT('',(10.301198424179,0.538124533047));
#5962 = CARTESIAN_POINT('',(10.293530038858,0.53967956104));
#5963 = CARTESIAN_POINT('',(10.289647172704,0.540533157508));
#5964 = CARTESIAN_POINT('',(10.285906428647,0.541423937007));
#5965 = CARTESIAN_POINT('',(10.282314860836,0.542350125105));
#5966 = CARTESIAN_POINT('',(10.278879129472,0.543309890849));
#5967 = CARTESIAN_POINT('',(10.2756055022,0.544301344933));
#5968 = CARTESIAN_POINT('',(10.272499855518,0.545322537872));
#5969 = CARTESIAN_POINT('',(10.265491081048,0.547829767121));
#5970 = CARTESIAN_POINT('',(10.261749549241,0.549341751298));
#5971 = CARTESIAN_POINT('',(10.258358028885,0.550901948831));
#5972 = CARTESIAN_POINT('',(10.255329462685,0.552504783085));
#5973 = CARTESIAN_POINT('',(10.25267496406,0.554144568352));
#5974 = CARTESIAN_POINT('',(10.2504038668,0.555815500097));
#5975 = CARTESIAN_POINT('',(10.248523648228,0.557511629745));
#5976 = CARTESIAN_POINT('',(10.247039725879,0.559226824013));
#5977 = ( GEOMETRIC_REPRESENTATION_CONTEXT(2) 
PARAMETRIC_REPRESENTATION_CONTEXT() REPRESENTATION_CONTEXT('2D SPACE',''
  ) );
#5978 = ORIENTED_EDGE('',*,*,#5979,.T.);
#5979 = EDGE_CURVE('',#5601,#2136,#5980,.T.);
#5980 = SEAM_CURVE('',#5981,(#5985,#5992),.PCURVE_S1.);
#5981 = LINE('',#5982,#5983);
#5982 = CARTESIAN_POINT('',(34.76,436.383,0.));
#5983 = VECTOR('',#5984,1.);
#5984 = DIRECTION('',(-0.,-0.,1.));
#5985 = PCURVE('',#2156,#5986);
#5986 = DEFINITIONAL_REPRESENTATION('',(#5987),#5991);
#5987 = LINE('',#5988,#5989);
#5988 = CARTESIAN_POINT('',(-6.28318530718,0.));
#5989 = VECTOR('',#5990,1.);
#5990 = DIRECTION('',(-0.,-1.));
#5991 = ( GEOMETRIC_REPRESENTATION_CONTEXT(2) 
PARAMETRIC_REPRESENTATION_CONTEXT() REPRESENTATION_CONTEXT('2D SPACE',''
  ) );
#5992 = PCURVE('',#2156,#5993);
#5993 = DEFINITIONAL_REPRESENTATION('',(#5994),#5998);
#5994 = LINE('',#5995,#5996);
#5995 = CARTESIAN_POINT('',(-0.,0.));
#5996 = VECTOR('',#5997,1.);
#5997 = DIRECTION('',(-0.,-1.));
#5998 = ( GEOMETRIC_REPRESENTATION_CONTEXT(2) 
PARAMETRIC_REPRESENTATION_CONTEXT() REPRESENTATION_CONTEXT('2D SPACE',''
  ) );
#5999 = ORIENTED_EDGE('',*,*,#2135,.T.);
#6000 = ORIENTED_EDGE('',*,*,#5979,.F.);
#6001 = ORIENTED_EDGE('',*,*,#6002,.F.);
#6002 = EDGE_CURVE('',#5603,#5601,#6003,.T.);
#6003 = SURFACE_CURVE('',#6004,(#6035,#6069),.PCURVE_S1.);
#6004 = B_SPLINE_CURVE_WITH_KNOTS('',8,(#6005,#6006,#6007,#6008,#6009,
    #6010,#6011,#6012,#6013,#6014,#6015,#6016,#6017,#6018,#6019,#6020,
    #6021,#6022,#6023,#6024,#6025,#6026,#6027,#6028,#6029,#6030,#6031,
    #6032,#6033,#6034),.UNSPECIFIED.,.F.,.F.,(9,7,7,7,9),(0.,
    0.415117747787,0.63532187226,0.846387149337,1.),.UNSPECIFIED.);
#6005 = CARTESIAN_POINT('',(33.767935070038,434.54427955725,
    14.269824477928));
#6006 = CARTESIAN_POINT('',(33.862380180402,434.60632463944,
    14.273599289482));
#6007 = CARTESIAN_POINT('',(33.953199483173,434.67392464858,
    14.277198201392));
#6008 = CARTESIAN_POINT('',(34.040000760877,434.7468266905,
    14.280661528987));
#6009 = CARTESIAN_POINT('',(34.122420202301,434.82474717366,
    14.284040138121));
#6010 = CARTESIAN_POINT('',(34.200120894143,434.90737484696,
    14.287390630165));
#6011 = CARTESIAN_POINT('',(34.272792694538,434.99437243554,
    14.290770491166));
#6012 = CARTESIAN_POINT('',(34.340153488479,435.08537687449,
    14.294233205165));
#6013 = CARTESIAN_POINT('',(34.434733484487,435.23019111138,
    14.299727756782));
#6014 = CARTESIAN_POINT('',(34.465950645077,435.28140294031,
    14.301668075664));
#6015 = CARTESIAN_POINT('',(34.49556578515,435.33357562488,
    14.303650982516));
#6016 = CARTESIAN_POINT('',(34.523544246967,435.38664985129,
    14.305682480193));
#6017 = CARTESIAN_POINT('',(34.549854212207,435.44056505296,
    14.30776773876));
#6018 = CARTESIAN_POINT('',(34.574466677385,435.49525946909,
    14.309910954041));
#6019 = CARTESIAN_POINT('',(34.597355429285,435.55067020331,
    14.312115206182));
#6020 = CARTESIAN_POINT('',(34.638761199321,435.66046964762,
    14.316555341185));
#6021 = CARTESIAN_POINT('',(34.657420332292,435.71480561598,
    14.318785104228));
#6022 = CARTESIAN_POINT('',(34.674453546962,435.76968403103,
    14.32108068944));
#6023 = CARTESIAN_POINT('',(34.689843101306,435.82504954912,
    14.323418209424));
#6024 = CARTESIAN_POINT('',(34.703572474308,435.88084121605,
    14.325842454525));
#6025 = CARTESIAN_POINT('',(34.715629359418,435.93700424392,
    14.328307085626));
#6026 = CARTESIAN_POINT('',(34.726002537421,435.99347915826,
    14.330819249469));
#6027 = CARTESIAN_POINT('',(34.741001839435,436.09149442915,
    14.33522187678));
#6028 = CARTESIAN_POINT('',(34.746423742184,436.13291565208,
    14.337095619291));
#6029 = CARTESIAN_POINT('',(34.750946179716,436.17444871895,
    14.338985393093));
#6030 = CARTESIAN_POINT('',(34.754566586993,436.21607104688,
    14.340887960198));
#6031 = CARTESIAN_POINT('',(34.757283067181,436.25776001552,
    14.342800043386));
#6032 = CARTESIAN_POINT('',(34.759094391657,436.29949296703,
    14.34471832621));
#6033 = CARTESIAN_POINT('',(34.76,436.34124720611,14.346639452993));
#6034 = CARTESIAN_POINT('',(34.76,436.383,14.348560028828));
#6035 = PCURVE('',#2156,#6036);
#6036 = DEFINITIONAL_REPRESENTATION('',(#6037),#6068);
#6037 = B_SPLINE_CURVE_WITH_KNOTS('',8,(#6038,#6039,#6040,#6041,#6042,
    #6043,#6044,#6045,#6046,#6047,#6048,#6049,#6050,#6051,#6052,#6053,
    #6054,#6055,#6056,#6057,#6058,#6059,#6060,#6061,#6062,#6063,#6064,
    #6065,#6066,#6067),.UNSPECIFIED.,.F.,.F.,(9,7,7,7,9),(0.,
    0.415117747787,0.63532187226,0.846387149337,1.),.UNSPECIFIED.);
#6038 = CARTESIAN_POINT('',(-5.293629777938,-14.26982447792));
#6039 = CARTESIAN_POINT('',(-5.344994361791,-14.27359928948));
#6040 = CARTESIAN_POINT('',(-5.396367837956,-14.27719820139));
#6041 = CARTESIAN_POINT('',(-5.447744687677,-14.28066152898));
#6042 = CARTESIAN_POINT('',(-5.499122554877,-14.28404013812));
#6043 = CARTESIAN_POINT('',(-5.550500749898,-14.28739063016));
#6044 = CARTESIAN_POINT('',(-5.601878793628,-14.29077049116));
#6045 = CARTESIAN_POINT('',(-5.653255002021,-14.29423320516));
#6046 = CARTESIAN_POINT('',(-5.731874993554,-14.29972775678));
#6047 = CARTESIAN_POINT('',(-5.759123758012,-14.30166807566));
#6048 = CARTESIAN_POINT('',(-5.78637084093,-14.30365098251));
#6049 = CARTESIAN_POINT('',(-5.813615874644,-14.30568248019));
#6050 = CARTESIAN_POINT('',(-5.840858626748,-14.30776773876));
#6051 = CARTESIAN_POINT('',(-5.86809893957,-14.30991095404));
#6052 = CARTESIAN_POINT('',(-5.895336669643,-14.31211520618));
#6053 = CARTESIAN_POINT('',(-5.948676287443,-14.31655534118));
#6054 = CARTESIAN_POINT('',(-5.974778538323,-14.31878510422));
#6055 = CARTESIAN_POINT('',(-6.000877828446,-14.32108068944));
#6056 = CARTESIAN_POINT('',(-6.026974865017,-14.32341820942));
#6057 = CARTESIAN_POINT('',(-6.053068066576,-14.32584245452));
#6058 = CARTESIAN_POINT('',(-6.079159013402,-14.32830708562));
#6059 = CARTESIAN_POINT('',(-6.105247275721,-14.33081924946));
#6060 = CARTESIAN_POINT('',(-6.150318322458,-14.33522187678));
#6061 = CARTESIAN_POINT('',(-6.169302284003,-14.33709561929));
#6062 = CARTESIAN_POINT('',(-6.188285090821,-14.33898539309));
#6063 = CARTESIAN_POINT('',(-6.207266841376,-14.34088796019));
#6064 = CARTESIAN_POINT('',(-6.226247635759,-14.34280004338));
#6065 = CARTESIAN_POINT('',(-6.245227575687,-14.34471832621));
#6066 = CARTESIAN_POINT('',(-6.264206764504,-14.34663945299));
#6067 = CARTESIAN_POINT('',(-6.28318530718,-14.34856002882));
#6068 = ( GEOMETRIC_REPRESENTATION_CONTEXT(2) 
PARAMETRIC_REPRESENTATION_CONTEXT() REPRESENTATION_CONTEXT('2D SPACE',''
  ) );
#6069 = PCURVE('',#3793,#6070);
#6070 = DEFINITIONAL_REPRESENTATION('',(#6071),#6102);
#6071 = B_SPLINE_CURVE_WITH_KNOTS('',8,(#6072,#6073,#6074,#6075,#6076,
    #6077,#6078,#6079,#6080,#6081,#6082,#6083,#6084,#6085,#6086,#6087,
    #6088,#6089,#6090,#6091,#6092,#6093,#6094,#6095,#6096,#6097,#6098,
    #6099,#6100,#6101),.UNSPECIFIED.,.F.,.F.,(9,7,7,7,9),(0.,
    0.415117747787,0.63532187226,0.846387149337,1.),.UNSPECIFIED.);
#6072 = CARTESIAN_POINT('',(10.247039725879,0.559226824013));
#6073 = CARTESIAN_POINT('',(10.245549026968,0.56094985098));
#6074 = CARTESIAN_POINT('',(10.244458108241,0.562692283317));
#6075 = CARTESIAN_POINT('',(10.243772592102,0.564447908971));
#6076 = CARTESIAN_POINT('',(10.243495799266,0.566210563115));
#6077 = CARTESIAN_POINT('',(10.243628975917,0.567974107789));
#6078 = CARTESIAN_POINT('',(10.244171380883,0.569732411044));
#6079 = CARTESIAN_POINT('',(10.245120232816,0.571479325589));
#6080 = CARTESIAN_POINT('',(10.247186791825,0.574126016535));
#6081 = CARTESIAN_POINT('',(10.248016041879,0.575038441528));
#6082 = CARTESIAN_POINT('',(10.248957527565,0.575945021437));
#6083 = CARTESIAN_POINT('',(10.250010348795,0.576844846668));
#6084 = CARTESIAN_POINT('',(10.251173447328,0.577737017588));
#6085 = CARTESIAN_POINT('',(10.252445608726,0.57862064358));
#6086 = CARTESIAN_POINT('',(10.253825464306,0.579494842117));
#6087 = CARTESIAN_POINT('',(10.256735849148,0.581186780376));
#6088 = CARTESIAN_POINT('',(10.258257756366,0.582005361577));
#6089 = CARTESIAN_POINT('',(10.259875847248,0.58281370095));
#6090 = CARTESIAN_POINT('',(10.26158871785,0.583611054856));
#6091 = CARTESIAN_POINT('',(10.263394657691,0.584396638688));
#6092 = CARTESIAN_POINT('',(10.265292074361,0.58516974804));
#6093 = CARTESIAN_POINT('',(10.267279115801,0.585929641195));
#6094 = CARTESIAN_POINT('',(10.270863854087,0.587218514071));
#6095 = CARTESIAN_POINT('',(10.272420306927,0.587754046614));
#6096 = CARTESIAN_POINT('',(10.274022477434,0.588281925963));
#6097 = CARTESIAN_POINT('',(10.275669593995,0.588801879922));
#6098 = CARTESIAN_POINT('',(10.277360854337,0.58931363974));
#6099 = CARTESIAN_POINT('',(10.279095425521,0.589816940116));
#6100 = CARTESIAN_POINT('',(10.280872443946,0.590311519192));
#6101 = CARTESIAN_POINT('',(10.282691015349,0.59079711856));
#6102 = ( GEOMETRIC_REPRESENTATION_CONTEXT(2) 
PARAMETRIC_REPRESENTATION_CONTEXT() REPRESENTATION_CONTEXT('2D SPACE',''
  ) );
#6103 = ADVANCED_FACE('',(#6104),#2191,.F.);
#6104 = FACE_BOUND('',#6105,.F.);
#6105 = EDGE_LOOP('',(#6106,#6107,#6130,#6157));
#6106 = ORIENTED_EDGE('',*,*,#2170,.F.);
#6107 = ORIENTED_EDGE('',*,*,#6108,.F.);
#6108 = EDGE_CURVE('',#6109,#2171,#6111,.T.);
#6109 = VERTEX_POINT('',#6110);
#6110 = CARTESIAN_POINT('',(26.013887074436,404.031152303,14.3));
#6111 = SEAM_CURVE('',#6112,(#6116,#6123),.PCURVE_S1.);
#6112 = LINE('',#6113,#6114);
#6113 = CARTESIAN_POINT('',(26.013887074436,404.031152303,14.3));
#6114 = VECTOR('',#6115,1.);
#6115 = DIRECTION('',(0.,0.,1.));
#6116 = PCURVE('',#2191,#6117);
#6117 = DEFINITIONAL_REPRESENTATION('',(#6118),#6122);
#6118 = LINE('',#6119,#6120);
#6119 = CARTESIAN_POINT('',(6.28318530718,-0.));
#6120 = VECTOR('',#6121,1.);
#6121 = DIRECTION('',(0.,1.));
#6122 = ( GEOMETRIC_REPRESENTATION_CONTEXT(2) 
PARAMETRIC_REPRESENTATION_CONTEXT() REPRESENTATION_CONTEXT('2D SPACE',''
  ) );
#6123 = PCURVE('',#2191,#6124);
#6124 = DEFINITIONAL_REPRESENTATION('',(#6125),#6129);
#6125 = LINE('',#6126,#6127);
#6126 = CARTESIAN_POINT('',(0.,-0.));
#6127 = VECTOR('',#6128,1.);
#6128 = DIRECTION('',(0.,1.));
#6129 = ( GEOMETRIC_REPRESENTATION_CONTEXT(2) 
PARAMETRIC_REPRESENTATION_CONTEXT() REPRESENTATION_CONTEXT('2D SPACE',''
  ) );
#6130 = ORIENTED_EDGE('',*,*,#6131,.T.);
#6131 = EDGE_CURVE('',#6109,#6109,#6132,.T.);
#6132 = SURFACE_CURVE('',#6133,(#6138,#6145),.PCURVE_S1.);
#6133 = CIRCLE('',#6134,2.3);
#6134 = AXIS2_PLACEMENT_3D('',#6135,#6136,#6137);
#6135 = CARTESIAN_POINT('',(23.713887074436,404.031152303,14.3));
#6136 = DIRECTION('',(0.,0.,1.));
#6137 = DIRECTION('',(1.,0.,-0.));
#6138 = PCURVE('',#2191,#6139);
#6139 = DEFINITIONAL_REPRESENTATION('',(#6140),#6144);
#6140 = LINE('',#6141,#6142);
#6141 = CARTESIAN_POINT('',(0.,0.));
#6142 = VECTOR('',#6143,1.);
#6143 = DIRECTION('',(1.,0.));
#6144 = ( GEOMETRIC_REPRESENTATION_CONTEXT(2) 
PARAMETRIC_REPRESENTATION_CONTEXT() REPRESENTATION_CONTEXT('2D SPACE',''
  ) );
#6145 = PCURVE('',#6146,#6151);
#6146 = PLANE('',#6147);
#6147 = AXIS2_PLACEMENT_3D('',#6148,#6149,#6150);
#6148 = CARTESIAN_POINT('',(23.713887074436,404.031152303,14.3));
#6149 = DIRECTION('',(0.,0.,1.));
#6150 = DIRECTION('',(1.,0.,-0.));
#6151 = DEFINITIONAL_REPRESENTATION('',(#6152),#6156);
#6152 = CIRCLE('',#6153,2.3);
#6153 = AXIS2_PLACEMENT_2D('',#6154,#6155);
#6154 = CARTESIAN_POINT('',(0.,0.));
#6155 = DIRECTION('',(1.,0.));
#6156 = ( GEOMETRIC_REPRESENTATION_CONTEXT(2) 
PARAMETRIC_REPRESENTATION_CONTEXT() REPRESENTATION_CONTEXT('2D SPACE',''
  ) );
#6157 = ORIENTED_EDGE('',*,*,#6108,.T.);
#6158 = ADVANCED_FACE('',(#6159),#2226,.F.);
#6159 = FACE_BOUND('',#6160,.F.);
#6160 = EDGE_LOOP('',(#6161,#6162,#6185,#6212));
#6161 = ORIENTED_EDGE('',*,*,#2205,.F.);
#6162 = ORIENTED_EDGE('',*,*,#6163,.F.);
#6163 = EDGE_CURVE('',#6164,#2206,#6166,.T.);
#6164 = VERTEX_POINT('',#6165);
#6165 = CARTESIAN_POINT('',(-49.125,291.69716104642,16.3));
#6166 = SEAM_CURVE('',#6167,(#6171,#6178),.PCURVE_S1.);
#6167 = LINE('',#6168,#6169);
#6168 = CARTESIAN_POINT('',(-49.125,291.69716104642,16.3));
#6169 = VECTOR('',#6170,1.);
#6170 = DIRECTION('',(0.,0.,1.));
#6171 = PCURVE('',#2226,#6172);
#6172 = DEFINITIONAL_REPRESENTATION('',(#6173),#6177);
#6173 = LINE('',#6174,#6175);
#6174 = CARTESIAN_POINT('',(6.28318530718,-0.));
#6175 = VECTOR('',#6176,1.);
#6176 = DIRECTION('',(0.,1.));
#6177 = ( GEOMETRIC_REPRESENTATION_CONTEXT(2) 
PARAMETRIC_REPRESENTATION_CONTEXT() REPRESENTATION_CONTEXT('2D SPACE',''
  ) );
#6178 = PCURVE('',#2226,#6179);
#6179 = DEFINITIONAL_REPRESENTATION('',(#6180),#6184);
#6180 = LINE('',#6181,#6182);
#6181 = CARTESIAN_POINT('',(0.,-0.));
#6182 = VECTOR('',#6183,1.);
#6183 = DIRECTION('',(0.,1.));
#6184 = ( GEOMETRIC_REPRESENTATION_CONTEXT(2) 
PARAMETRIC_REPRESENTATION_CONTEXT() REPRESENTATION_CONTEXT('2D SPACE',''
  ) );
#6185 = ORIENTED_EDGE('',*,*,#6186,.T.);
#6186 = EDGE_CURVE('',#6164,#6164,#6187,.T.);
#6187 = SURFACE_CURVE('',#6188,(#6193,#6200),.PCURVE_S1.);
#6188 = CIRCLE('',#6189,3.25);
#6189 = AXIS2_PLACEMENT_3D('',#6190,#6191,#6192);
#6190 = CARTESIAN_POINT('',(-52.375,291.69716104642,16.3));
#6191 = DIRECTION('',(0.,0.,1.));
#6192 = DIRECTION('',(1.,0.,-0.));
#6193 = PCURVE('',#2226,#6194);
#6194 = DEFINITIONAL_REPRESENTATION('',(#6195),#6199);
#6195 = LINE('',#6196,#6197);
#6196 = CARTESIAN_POINT('',(0.,0.));
#6197 = VECTOR('',#6198,1.);
#6198 = DIRECTION('',(1.,0.));
#6199 = ( GEOMETRIC_REPRESENTATION_CONTEXT(2) 
PARAMETRIC_REPRESENTATION_CONTEXT() REPRESENTATION_CONTEXT('2D SPACE',''
  ) );
#6200 = PCURVE('',#6201,#6206);
#6201 = PLANE('',#6202);
#6202 = AXIS2_PLACEMENT_3D('',#6203,#6204,#6205);
#6203 = CARTESIAN_POINT('',(-52.375,291.69716104642,16.3));
#6204 = DIRECTION('',(0.,0.,1.));
#6205 = DIRECTION('',(1.,0.,-0.));
#6206 = DEFINITIONAL_REPRESENTATION('',(#6207),#6211);
#6207 = CIRCLE('',#6208,3.25);
#6208 = AXIS2_PLACEMENT_2D('',#6209,#6210);
#6209 = CARTESIAN_POINT('',(0.,0.));
#6210 = DIRECTION('',(1.,0.));
#6211 = ( GEOMETRIC_REPRESENTATION_CONTEXT(2) 
PARAMETRIC_REPRESENTATION_CONTEXT() REPRESENTATION_CONTEXT('2D SPACE',''
  ) );
#6212 = ORIENTED_EDGE('',*,*,#6163,.T.);
#6213 = ADVANCED_FACE('',(#6214),#2261,.F.);
#6214 = FACE_BOUND('',#6215,.F.);
#6215 = EDGE_LOOP('',(#6216,#6217,#6240,#6267));
#6216 = ORIENTED_EDGE('',*,*,#2240,.F.);
#6217 = ORIENTED_EDGE('',*,*,#6218,.F.);
#6218 = EDGE_CURVE('',#6219,#2241,#6221,.T.);
#6219 = VERTEX_POINT('',#6220);
#6220 = CARTESIAN_POINT('',(-21.41388707443,328.130847697,14.3));
#6221 = SEAM_CURVE('',#6222,(#6226,#6233),.PCURVE_S1.);
#6222 = LINE('',#6223,#6224);
#6223 = CARTESIAN_POINT('',(-21.41388707443,328.130847697,14.3));
#6224 = VECTOR('',#6225,1.);
#6225 = DIRECTION('',(0.,0.,1.));
#6226 = PCURVE('',#2261,#6227);
#6227 = DEFINITIONAL_REPRESENTATION('',(#6228),#6232);
#6228 = LINE('',#6229,#6230);
#6229 = CARTESIAN_POINT('',(6.28318530718,-0.));
#6230 = VECTOR('',#6231,1.);
#6231 = DIRECTION('',(0.,1.));
#6232 = ( GEOMETRIC_REPRESENTATION_CONTEXT(2) 
PARAMETRIC_REPRESENTATION_CONTEXT() REPRESENTATION_CONTEXT('2D SPACE',''
  ) );
#6233 = PCURVE('',#2261,#6234);
#6234 = DEFINITIONAL_REPRESENTATION('',(#6235),#6239);
#6235 = LINE('',#6236,#6237);
#6236 = CARTESIAN_POINT('',(0.,-0.));
#6237 = VECTOR('',#6238,1.);
#6238 = DIRECTION('',(0.,1.));
#6239 = ( GEOMETRIC_REPRESENTATION_CONTEXT(2) 
PARAMETRIC_REPRESENTATION_CONTEXT() REPRESENTATION_CONTEXT('2D SPACE',''
  ) );
#6240 = ORIENTED_EDGE('',*,*,#6241,.T.);
#6241 = EDGE_CURVE('',#6219,#6219,#6242,.T.);
#6242 = SURFACE_CURVE('',#6243,(#6248,#6255),.PCURVE_S1.);
#6243 = CIRCLE('',#6244,2.3);
#6244 = AXIS2_PLACEMENT_3D('',#6245,#6246,#6247);
#6245 = CARTESIAN_POINT('',(-23.71388707443,328.130847697,14.3));
#6246 = DIRECTION('',(0.,0.,1.));
#6247 = DIRECTION('',(1.,0.,-0.));
#6248 = PCURVE('',#2261,#6249);
#6249 = DEFINITIONAL_REPRESENTATION('',(#6250),#6254);
#6250 = LINE('',#6251,#6252);
#6251 = CARTESIAN_POINT('',(0.,0.));
#6252 = VECTOR('',#6253,1.);
#6253 = DIRECTION('',(1.,0.));
#6254 = ( GEOMETRIC_REPRESENTATION_CONTEXT(2) 
PARAMETRIC_REPRESENTATION_CONTEXT() REPRESENTATION_CONTEXT('2D SPACE',''
  ) );
#6255 = PCURVE('',#6256,#6261);
#6256 = PLANE('',#6257);
#6257 = AXIS2_PLACEMENT_3D('',#6258,#6259,#6260);
#6258 = CARTESIAN_POINT('',(-23.71388707443,328.130847697,14.3));
#6259 = DIRECTION('',(0.,0.,1.));
#6260 = DIRECTION('',(1.,0.,-0.));
#6261 = DEFINITIONAL_REPRESENTATION('',(#6262),#6266);
#6262 = CIRCLE('',#6263,2.3);
#6263 = AXIS2_PLACEMENT_2D('',#6264,#6265);
#6264 = CARTESIAN_POINT('',(0.,0.));
#6265 = DIRECTION('',(1.,0.));
#6266 = ( GEOMETRIC_REPRESENTATION_CONTEXT(2) 
PARAMETRIC_REPRESENTATION_CONTEXT() REPRESENTATION_CONTEXT('2D SPACE',''
  ) );
#6267 = ORIENTED_EDGE('',*,*,#6218,.T.);
#6268 = ADVANCED_FACE('',(#6269),#2296,.F.);
#6269 = FACE_BOUND('',#6270,.T.);
#6270 = EDGE_LOOP('',(#6271,#6294,#6322,#6364,#6365,#6366,#6387,#6431,
    #6457,#6458));
#6271 = ORIENTED_EDGE('',*,*,#6272,.F.);
#6272 = EDGE_CURVE('',#6273,#2276,#6275,.T.);
#6273 = VERTEX_POINT('',#6274);
#6274 = CARTESIAN_POINT('',(41.,366.081,0.));
#6275 = SEAM_CURVE('',#6276,(#6280,#6287),.PCURVE_S1.);
#6276 = LINE('',#6277,#6278);
#6277 = CARTESIAN_POINT('',(41.,366.081,0.));
#6278 = VECTOR('',#6279,1.);
#6279 = DIRECTION('',(-0.,-0.,1.));
#6280 = PCURVE('',#2296,#6281);
#6281 = DEFINITIONAL_REPRESENTATION('',(#6282),#6286);
#6282 = LINE('',#6283,#6284);
#6283 = CARTESIAN_POINT('',(-6.28318530718,0.));
#6284 = VECTOR('',#6285,1.);
#6285 = DIRECTION('',(-0.,-1.));
#6286 = ( GEOMETRIC_REPRESENTATION_CONTEXT(2) 
PARAMETRIC_REPRESENTATION_CONTEXT() REPRESENTATION_CONTEXT('2D SPACE',''
  ) );
#6287 = PCURVE('',#2296,#6288);
#6288 = DEFINITIONAL_REPRESENTATION('',(#6289),#6293);
#6289 = LINE('',#6290,#6291);
#6290 = CARTESIAN_POINT('',(-0.,0.));
#6291 = VECTOR('',#6292,1.);
#6292 = DIRECTION('',(-0.,-1.));
#6293 = ( GEOMETRIC_REPRESENTATION_CONTEXT(2) 
PARAMETRIC_REPRESENTATION_CONTEXT() REPRESENTATION_CONTEXT('2D SPACE',''
  ) );
#6294 = ORIENTED_EDGE('',*,*,#6295,.F.);
#6295 = EDGE_CURVE('',#6296,#6273,#6298,.T.);
#6296 = VERTEX_POINT('',#6297);
#6297 = CARTESIAN_POINT('',(-6.603647822319,406.54569863274,0.));
#6298 = SURFACE_CURVE('',#6299,(#6304,#6311),.PCURVE_S1.);
#6299 = CIRCLE('',#6300,41.);
#6300 = AXIS2_PLACEMENT_3D('',#6301,#6302,#6303);
#6301 = CARTESIAN_POINT('',(0.,366.081,0.));
#6302 = DIRECTION('',(0.,0.,1.));
#6303 = DIRECTION('',(1.,0.,0.));
#6304 = PCURVE('',#2296,#6305);
#6305 = DEFINITIONAL_REPRESENTATION('',(#6306),#6310);
#6306 = LINE('',#6307,#6308);
#6307 = CARTESIAN_POINT('',(-0.,0.));
#6308 = VECTOR('',#6309,1.);
#6309 = DIRECTION('',(-1.,0.));
#6310 = ( GEOMETRIC_REPRESENTATION_CONTEXT(2) 
PARAMETRIC_REPRESENTATION_CONTEXT() REPRESENTATION_CONTEXT('2D SPACE',''
  ) );
#6311 = PCURVE('',#2394,#6312);
#6312 = DEFINITIONAL_REPRESENTATION('',(#6313),#6321);
#6313 = ( BOUNDED_CURVE() B_SPLINE_CURVE(2,(#6314,#6315,#6316,#6317,
#6318,#6319,#6320),.UNSPECIFIED.,.T.,.F.) B_SPLINE_CURVE_WITH_KNOTS((1,2
    ,2,2,2,1),(-2.094395102393,0.,2.094395102393,4.188790204786,
6.28318530718,8.377580409573),.UNSPECIFIED.) CURVE() 
GEOMETRIC_REPRESENTATION_ITEM() RATIONAL_B_SPLINE_CURVE((1.,0.5,1.,0.5,
1.,0.5,1.)) REPRESENTATION_ITEM('') );
#6314 = CARTESIAN_POINT('',(-41.00033843562,139.54101556891));
#6315 = CARTESIAN_POINT('',(-41.00033843562,210.55509867924));
#6316 = CARTESIAN_POINT('',(20.499661564376,175.04805712408));
#6317 = CARTESIAN_POINT('',(81.999661564376,139.54101556891));
#6318 = CARTESIAN_POINT('',(20.499661564376,104.03397401375));
#6319 = CARTESIAN_POINT('',(-41.00033843562,68.526932458595));
#6320 = CARTESIAN_POINT('',(-41.00033843562,139.54101556891));
#6321 = ( GEOMETRIC_REPRESENTATION_CONTEXT(2) 
PARAMETRIC_REPRESENTATION_CONTEXT() REPRESENTATION_CONTEXT('2D SPACE',''
  ) );
#6322 = ORIENTED_EDGE('',*,*,#6323,.F.);
#6323 = EDGE_CURVE('',#3068,#6296,#6324,.T.);
#6324 = SURFACE_CURVE('',#6325,(#6336,#6350),.PCURVE_S1.);
#6325 = B_SPLINE_CURVE_WITH_KNOTS('',5,(#6326,#6327,#6328,#6329,#6330,
    #6331,#6332,#6333,#6334,#6335),.UNSPECIFIED.,.F.,.F.,(6,4,6),(0.,
    0.581975174332,1.),.UNSPECIFIED.);
#6326 = CARTESIAN_POINT('',(-3.209337151434,406.95519913647,
    3.929844220782E-03));
#6327 = CARTESIAN_POINT('',(-3.608882485069,406.92382786291,
    4.577065721435E-03));
#6328 = CARTESIAN_POINT('',(-4.007442117003,406.88762194029,
    5.126963167881E-03));
#6329 = CARTESIAN_POINT('',(-4.404822710655,406.84662618264,
    5.465114178908E-03));
#6330 = CARTESIAN_POINT('',(-4.800843879627,406.80089762626,
    5.453279459319E-03));
#6331 = CARTESIAN_POINT('',(-5.478696471174,406.71430515353,
    4.579077234871E-03));
#6332 = CARTESIAN_POINT('',(-5.761267554286,406.67569989792,
    3.957390595794E-03));
#6333 = CARTESIAN_POINT('',(-6.042988327867,406.63471198111,
    3.024454243384E-03));
#6334 = CARTESIAN_POINT('',(-6.323800130846,406.5913684551,
    1.724301436582E-03));
#6335 = CARTESIAN_POINT('',(-6.60364782232,406.54569863274,0.));
#6336 = PCURVE('',#2296,#6337);
#6337 = DEFINITIONAL_REPRESENTATION('',(#6338),#6349);
#6338 = B_SPLINE_CURVE_WITH_KNOTS('',5,(#6339,#6340,#6341,#6342,#6343,
    #6344,#6345,#6346,#6347,#6348),.UNSPECIFIED.,.F.,.F.,(6,4,6),(0.,
    0.581975174332,1.),.UNSPECIFIED.);
#6339 = CARTESIAN_POINT('',(-1.649153000041,-3.929844220782E-03));
#6340 = CARTESIAN_POINT('',(-1.658928000948,-4.577065721435E-03));
#6341 = CARTESIAN_POINT('',(-1.66868826431,-5.126963167881E-03));
#6342 = CARTESIAN_POINT('',(-1.678430949604,-5.465114178908E-03));
#6343 = CARTESIAN_POINT('',(-1.688153471577,-5.453279459319E-03));
#6344 = CARTESIAN_POINT('',(-1.704820815465,-4.579077234871E-03));
#6345 = CARTESIAN_POINT('',(-1.711776551578,-3.957390595794E-03));
#6346 = CARTESIAN_POINT('',(-1.718719784906,-3.024454243384E-03));
#6347 = CARTESIAN_POINT('',(-1.725649701583,-1.724301436582E-03));
#6348 = CARTESIAN_POINT('',(-1.732565549246,0.));
#6349 = ( GEOMETRIC_REPRESENTATION_CONTEXT(2) 
PARAMETRIC_REPRESENTATION_CONTEXT() REPRESENTATION_CONTEXT('2D SPACE',''
  ) );
#6350 = PCURVE('',#2921,#6351);
#6351 = DEFINITIONAL_REPRESENTATION('',(#6352),#6363);
#6352 = B_SPLINE_CURVE_WITH_KNOTS('',5,(#6353,#6354,#6355,#6356,#6357,
    #6358,#6359,#6360,#6361,#6362),.UNSPECIFIED.,.F.,.F.,(6,4,6),(0.,
    0.581975174332,1.),.UNSPECIFIED.);
#6353 = CARTESIAN_POINT('',(2.516693093746,0.));
#6354 = CARTESIAN_POINT('',(2.476890207113,4.823093120175E-03));
#6355 = CARTESIAN_POINT('',(2.430991616961,9.624854978403E-03));
#6356 = CARTESIAN_POINT('',(2.37908432444,1.440062177401E-02));
#6357 = CARTESIAN_POINT('',(2.321276146603,1.914602845232E-02));
#6358 = CARTESIAN_POINT('',(2.212018344606,2.724092477279E-02));
#6359 = CARTESIAN_POINT('',(2.163365167873,3.060705721736E-02));
#6360 = CARTESIAN_POINT('',(2.111777305885,3.395396636699E-02));
#6361 = CARTESIAN_POINT('',(2.057304456983,3.728026327067E-02));
#6362 = CARTESIAN_POINT('',(2.,4.058465814271E-02));
#6363 = ( GEOMETRIC_REPRESENTATION_CONTEXT(2) 
PARAMETRIC_REPRESENTATION_CONTEXT() REPRESENTATION_CONTEXT('2D SPACE',''
  ) );
#6364 = ORIENTED_EDGE('',*,*,#3067,.T.);
#6365 = ORIENTED_EDGE('',*,*,#3265,.F.);
#6366 = ORIENTED_EDGE('',*,*,#6367,.F.);
#6367 = EDGE_CURVE('',#6368,#3266,#6370,.T.);
#6368 = VERTEX_POINT('',#6369);
#6369 = CARTESIAN_POINT('',(3.209337151434,406.95519913647,
    3.929844220782E-03));
#6370 = SURFACE_CURVE('',#6371,(#6375,#6381),.PCURVE_S1.);
#6371 = LINE('',#6372,#6373);
#6372 = CARTESIAN_POINT('',(3.209337151434,406.95519913647,0.));
#6373 = VECTOR('',#6374,1.);
#6374 = DIRECTION('',(-0.,-0.,-1.));
#6375 = PCURVE('',#2296,#6376);
#6376 = DEFINITIONAL_REPRESENTATION('',(#6377),#6380);
#6377 = B_SPLINE_CURVE_WITH_KNOTS('',1,(#6378,#6379),.UNSPECIFIED.,.F.,
  .F.,(2,2),(-0.781665951138,6.E-07),.PIECEWISE_BEZIER_KNOTS.);
#6378 = CARTESIAN_POINT('',(-1.492439653549,-0.781665951138));
#6379 = CARTESIAN_POINT('',(-1.492439653549,6.E-07));
#6380 = ( GEOMETRIC_REPRESENTATION_CONTEXT(2) 
PARAMETRIC_REPRESENTATION_CONTEXT() REPRESENTATION_CONTEXT('2D SPACE',''
  ) );
#6381 = PCURVE('',#3333,#6382);
#6382 = DEFINITIONAL_REPRESENTATION('',(#6383),#6386);
#6383 = B_SPLINE_CURVE_WITH_KNOTS('',1,(#6384,#6385),.UNSPECIFIED.,.F.,
  .F.,(2,2),(-0.781665951138,6.E-07),.PIECEWISE_BEZIER_KNOTS.);
#6384 = CARTESIAN_POINT('',(25.34180218563,0.794560573951));
#6385 = CARTESIAN_POINT('',(25.326772915394,1.303852166787E-02));
#6386 = ( GEOMETRIC_REPRESENTATION_CONTEXT(2) 
PARAMETRIC_REPRESENTATION_CONTEXT() REPRESENTATION_CONTEXT('2D SPACE',''
  ) );
#6387 = ORIENTED_EDGE('',*,*,#6388,.T.);
#6388 = EDGE_CURVE('',#6368,#6389,#6391,.T.);
#6389 = VERTEX_POINT('',#6390);
#6390 = CARTESIAN_POINT('',(6.603647822323,406.54569863274,0.));
#6391 = SURFACE_CURVE('',#6392,(#6403,#6417),.PCURVE_S1.);
#6392 = B_SPLINE_CURVE_WITH_KNOTS('',5,(#6393,#6394,#6395,#6396,#6397,
    #6398,#6399,#6400,#6401,#6402),.UNSPECIFIED.,.F.,.F.,(6,4,6),(0.,
    0.581975174332,1.),.UNSPECIFIED.);
#6393 = CARTESIAN_POINT('',(3.209337151434,406.95519913647,
    3.929844220782E-03));
#6394 = CARTESIAN_POINT('',(3.608882485069,406.92382786291,
    4.577065721435E-03));
#6395 = CARTESIAN_POINT('',(4.007442117004,406.88762194029,
    5.126963167881E-03));
#6396 = CARTESIAN_POINT('',(4.404822710655,406.84662618264,
    5.465114178908E-03));
#6397 = CARTESIAN_POINT('',(4.800843879627,406.80089762626,
    5.453279459319E-03));
#6398 = CARTESIAN_POINT('',(5.478696471174,406.71430515353,
    4.579077234871E-03));
#6399 = CARTESIAN_POINT('',(5.761267554286,406.67569989792,
    3.957390595794E-03));
#6400 = CARTESIAN_POINT('',(6.042988327867,406.63471198111,
    3.024454243384E-03));
#6401 = CARTESIAN_POINT('',(6.323800130846,406.5913684551,
    1.724301436582E-03));
#6402 = CARTESIAN_POINT('',(6.60364782232,406.54569863274,0.));
#6403 = PCURVE('',#2296,#6404);
#6404 = DEFINITIONAL_REPRESENTATION('',(#6405),#6416);
#6405 = B_SPLINE_CURVE_WITH_KNOTS('',5,(#6406,#6407,#6408,#6409,#6410,
    #6411,#6412,#6413,#6414,#6415),.UNSPECIFIED.,.F.,.F.,(6,4,6),(0.,
    0.581975174332,1.),.UNSPECIFIED.);
#6406 = CARTESIAN_POINT('',(-1.492439653549,-3.929844220782E-03));
#6407 = CARTESIAN_POINT('',(-1.482664652642,-4.577065721435E-03));
#6408 = CARTESIAN_POINT('',(-1.472904389279,-5.126963167881E-03));
#6409 = CARTESIAN_POINT('',(-1.463161703986,-5.465114178908E-03));
#6410 = CARTESIAN_POINT('',(-1.453439182013,-5.453279459319E-03));
#6411 = CARTESIAN_POINT('',(-1.436771838124,-4.579077234871E-03));
#6412 = CARTESIAN_POINT('',(-1.429816102012,-3.957390595794E-03));
#6413 = CARTESIAN_POINT('',(-1.422872868683,-3.024454243384E-03));
#6414 = CARTESIAN_POINT('',(-1.415942952007,-1.724301436582E-03));
#6415 = CARTESIAN_POINT('',(-1.409027104344,0.));
#6416 = ( GEOMETRIC_REPRESENTATION_CONTEXT(2) 
PARAMETRIC_REPRESENTATION_CONTEXT() REPRESENTATION_CONTEXT('2D SPACE',''
  ) );
#6417 = PCURVE('',#4469,#6418);
#6418 = DEFINITIONAL_REPRESENTATION('',(#6419),#6430);
#6419 = B_SPLINE_CURVE_WITH_KNOTS('',5,(#6420,#6421,#6422,#6423,#6424,
    #6425,#6426,#6427,#6428,#6429),.UNSPECIFIED.,.F.,.F.,(6,4,6),(0.,
    0.581975174332,1.),.UNSPECIFIED.);
#6420 = CARTESIAN_POINT('',(2.516693093746,0.));
#6421 = CARTESIAN_POINT('',(2.476890207113,4.823093120174E-03));
#6422 = CARTESIAN_POINT('',(2.430991616961,9.624854978405E-03));
#6423 = CARTESIAN_POINT('',(2.37908432444,1.440062177401E-02));
#6424 = CARTESIAN_POINT('',(2.321276146603,1.914602845232E-02));
#6425 = CARTESIAN_POINT('',(2.212018344606,2.724092477279E-02));
#6426 = CARTESIAN_POINT('',(2.163365167873,3.060705721736E-02));
#6427 = CARTESIAN_POINT('',(2.111777305885,3.395396636699E-02));
#6428 = CARTESIAN_POINT('',(2.057304456983,3.728026327067E-02));
#6429 = CARTESIAN_POINT('',(2.,4.058465814271E-02));
#6430 = ( GEOMETRIC_REPRESENTATION_CONTEXT(2) 
PARAMETRIC_REPRESENTATION_CONTEXT() REPRESENTATION_CONTEXT('2D SPACE',''
  ) );
#6431 = ORIENTED_EDGE('',*,*,#6432,.F.);
#6432 = EDGE_CURVE('',#6273,#6389,#6433,.T.);
#6433 = SURFACE_CURVE('',#6434,(#6439,#6446),.PCURVE_S1.);
#6434 = CIRCLE('',#6435,41.);
#6435 = AXIS2_PLACEMENT_3D('',#6436,#6437,#6438);
#6436 = CARTESIAN_POINT('',(0.,366.081,0.));
#6437 = DIRECTION('',(0.,0.,1.));
#6438 = DIRECTION('',(1.,0.,0.));
#6439 = PCURVE('',#2296,#6440);
#6440 = DEFINITIONAL_REPRESENTATION('',(#6441),#6445);
#6441 = LINE('',#6442,#6443);
#6442 = CARTESIAN_POINT('',(-0.,0.));
#6443 = VECTOR('',#6444,1.);
#6444 = DIRECTION('',(-1.,0.));
#6445 = ( GEOMETRIC_REPRESENTATION_CONTEXT(2) 
PARAMETRIC_REPRESENTATION_CONTEXT() REPRESENTATION_CONTEXT('2D SPACE',''
  ) );
#6446 = PCURVE('',#2394,#6447);
#6447 = DEFINITIONAL_REPRESENTATION('',(#6448),#6456);
#6448 = ( BOUNDED_CURVE() B_SPLINE_CURVE(2,(#6449,#6450,#6451,#6452,
#6453,#6454,#6455),.UNSPECIFIED.,.T.,.F.) B_SPLINE_CURVE_WITH_KNOTS((1,2
    ,2,2,2,1),(-2.094395102393,0.,2.094395102393,4.188790204786,
6.28318530718,8.377580409573),.UNSPECIFIED.) CURVE() 
GEOMETRIC_REPRESENTATION_ITEM() RATIONAL_B_SPLINE_CURVE((1.,0.5,1.,0.5,
1.,0.5,1.)) REPRESENTATION_ITEM('') );
#6449 = CARTESIAN_POINT('',(-41.00033843562,139.54101556891));
#6450 = CARTESIAN_POINT('',(-41.00033843562,210.55509867924));
#6451 = CARTESIAN_POINT('',(20.499661564376,175.04805712408));
#6452 = CARTESIAN_POINT('',(81.999661564376,139.54101556891));
#6453 = CARTESIAN_POINT('',(20.499661564376,104.03397401375));
#6454 = CARTESIAN_POINT('',(-41.00033843562,68.526932458595));
#6455 = CARTESIAN_POINT('',(-41.00033843562,139.54101556891));
#6456 = ( GEOMETRIC_REPRESENTATION_CONTEXT(2) 
PARAMETRIC_REPRESENTATION_CONTEXT() REPRESENTATION_CONTEXT('2D SPACE',''
  ) );
#6457 = ORIENTED_EDGE('',*,*,#6272,.T.);
#6458 = ORIENTED_EDGE('',*,*,#2275,.T.);
#6459 = ADVANCED_FACE('',(#6460),#2331,.F.);
#6460 = FACE_BOUND('',#6461,.F.);
#6461 = EDGE_LOOP('',(#6462,#6463,#6486,#6513));
#6462 = ORIENTED_EDGE('',*,*,#2310,.F.);
#6463 = ORIENTED_EDGE('',*,*,#6464,.F.);
#6464 = EDGE_CURVE('',#6465,#2311,#6467,.T.);
#6465 = VERTEX_POINT('',#6466);
#6466 = CARTESIAN_POINT('',(-35.650152303,389.79488707443,14.3));
#6467 = SEAM_CURVE('',#6468,(#6472,#6479),.PCURVE_S1.);
#6468 = LINE('',#6469,#6470);
#6469 = CARTESIAN_POINT('',(-35.650152303,389.79488707443,14.3));
#6470 = VECTOR('',#6471,1.);
#6471 = DIRECTION('',(0.,0.,1.));
#6472 = PCURVE('',#2331,#6473);
#6473 = DEFINITIONAL_REPRESENTATION('',(#6474),#6478);
#6474 = LINE('',#6475,#6476);
#6475 = CARTESIAN_POINT('',(6.28318530718,-0.));
#6476 = VECTOR('',#6477,1.);
#6477 = DIRECTION('',(0.,1.));
#6478 = ( GEOMETRIC_REPRESENTATION_CONTEXT(2) 
PARAMETRIC_REPRESENTATION_CONTEXT() REPRESENTATION_CONTEXT('2D SPACE',''
  ) );
#6479 = PCURVE('',#2331,#6480);
#6480 = DEFINITIONAL_REPRESENTATION('',(#6481),#6485);
#6481 = LINE('',#6482,#6483);
#6482 = CARTESIAN_POINT('',(0.,-0.));
#6483 = VECTOR('',#6484,1.);
#6484 = DIRECTION('',(0.,1.));
#6485 = ( GEOMETRIC_REPRESENTATION_CONTEXT(2) 
PARAMETRIC_REPRESENTATION_CONTEXT() REPRESENTATION_CONTEXT('2D SPACE',''
  ) );
#6486 = ORIENTED_EDGE('',*,*,#6487,.T.);
#6487 = EDGE_CURVE('',#6465,#6465,#6488,.T.);
#6488 = SURFACE_CURVE('',#6489,(#6494,#6501),.PCURVE_S1.);
#6489 = CIRCLE('',#6490,2.3);
#6490 = AXIS2_PLACEMENT_3D('',#6491,#6492,#6493);
#6491 = CARTESIAN_POINT('',(-37.950152303,389.79488707443,14.3));
#6492 = DIRECTION('',(0.,0.,1.));
#6493 = DIRECTION('',(1.,0.,-0.));
#6494 = PCURVE('',#2331,#6495);
#6495 = DEFINITIONAL_REPRESENTATION('',(#6496),#6500);
#6496 = LINE('',#6497,#6498);
#6497 = CARTESIAN_POINT('',(0.,0.));
#6498 = VECTOR('',#6499,1.);
#6499 = DIRECTION('',(1.,0.));
#6500 = ( GEOMETRIC_REPRESENTATION_CONTEXT(2) 
PARAMETRIC_REPRESENTATION_CONTEXT() REPRESENTATION_CONTEXT('2D SPACE',''
  ) );
#6501 = PCURVE('',#6502,#6507);
#6502 = PLANE('',#6503);
#6503 = AXIS2_PLACEMENT_3D('',#6504,#6505,#6506);
#6504 = CARTESIAN_POINT('',(-37.950152303,389.79488707443,14.3));
#6505 = DIRECTION('',(0.,0.,1.));
#6506 = DIRECTION('',(1.,0.,-0.));
#6507 = DEFINITIONAL_REPRESENTATION('',(#6508),#6512);
#6508 = CIRCLE('',#6509,2.3);
#6509 = AXIS2_PLACEMENT_2D('',#6510,#6511);
#6510 = CARTESIAN_POINT('',(0.,0.));
#6511 = DIRECTION('',(1.,0.));
#6512 = ( GEOMETRIC_REPRESENTATION_CONTEXT(2) 
PARAMETRIC_REPRESENTATION_CONTEXT() REPRESENTATION_CONTEXT('2D SPACE',''
  ) );
#6513 = ORIENTED_EDGE('',*,*,#6464,.T.);
#6514 = ADVANCED_FACE('',(#6515,#6646,#6681,#6716,#6751,#6786),#2394,.T.
  );
#6515 = FACE_BOUND('',#6516,.T.);
#6516 = EDGE_LOOP('',(#6517,#6518,#6519,#6578,#6579,#6580,#6639,#6640,
    #6641,#6642,#6643,#6644,#6645));
#6517 = ORIENTED_EDGE('',*,*,#4093,.T.);
#6518 = ORIENTED_EDGE('',*,*,#2376,.T.);
#6519 = ORIENTED_EDGE('',*,*,#6520,.F.);
#6520 = EDGE_CURVE('',#6296,#2379,#6521,.T.);
#6521 = SURFACE_CURVE('',#6522,(#6545,#6571),.PCURVE_S1.);
#6522 = ( BOUNDED_CURVE() B_SPLINE_CURVE(3,(#6523,#6524,#6525,#6526,
    #6527,#6528,#6529,#6530,#6531,#6532,#6533,#6534,#6535,#6536,#6537,
    #6538,#6539,#6540,#6541,#6542,#6543,#6544),.UNSPECIFIED.,.F.,.F.) 
B_SPLINE_CURVE_WITH_KNOTS((4,1,1,1,1,1,1,1,1,1,1,1,1,1,1,1,1,1,1,4),(0.,
    5.218380768594E-02,0.104924849979,0.158249728388,0.212037422186,
    0.266073258756,0.320098130577,0.373854821642,0.427134464983,
    0.479826107743,0.531971081028,0.583831321693,0.635742389654,
    0.687819682816,0.740024789052,0.792245645251,0.844362126807,
0.89631140842,0.94815736877,1.),.UNSPECIFIED.) CURVE() 
GEOMETRIC_REPRESENTATION_ITEM() RATIONAL_B_SPLINE_CURVE((1.,
    1.000000000002,0.999999999999,1.,1.,1.,1.,1.,1.,1.,1.,1.,1.,1.,1.,1.
    ,1.,1.000000000001,0.999999999997,1.000000000012,0.999999999975,1.))
 REPRESENTATION_ITEM('') );
#6523 = CARTESIAN_POINT('',(-3.244829287063,406.27796884521,0.));
#6524 = CARTESIAN_POINT('',(-4.691765325467,406.35380838813,0.));
#6525 = CARTESIAN_POINT('',(-7.585395869324,406.60792045969,0.));
#6526 = CARTESIAN_POINT('',(-11.8634747865,407.28731733452,0.));
#6527 = CARTESIAN_POINT('',(-16.07803744204,408.26193480759,0.));
#6528 = CARTESIAN_POINT('',(-20.21107219021,409.5266265896,0.));
#6529 = CARTESIAN_POINT('',(-24.24454350253,411.07530086092,0.));
#6530 = CARTESIAN_POINT('',(-28.16054251975,412.9009131047,0.));
#6531 = CARTESIAN_POINT('',(-31.94153884515,414.995493962,0.));
#6532 = CARTESIAN_POINT('',(-35.57068044744,417.35038310376,0.));
#6533 = CARTESIAN_POINT('',(-39.03156780867,419.9561056627,0.));
#6534 = CARTESIAN_POINT('',(-42.30950640341,422.80372258841,0.));
#6535 = CARTESIAN_POINT('',(-45.38287302606,425.87674042939,0.));
#6536 = CARTESIAN_POINT('',(-48.22675202744,429.14904540363,0.));
#6537 = CARTESIAN_POINT('',(-50.83179588515,432.60688414214,0.));
#6538 = CARTESIAN_POINT('',(-53.18783016326,436.23530335481,0.));
#6539 = CARTESIAN_POINT('',(-55.28521345954,440.01878953607,0.));
#6540 = CARTESIAN_POINT('',(-57.11482578882,443.94125895454,0.));
#6541 = CARTESIAN_POINT('',(-58.66835633938,447.98702114686,0.));
#6542 = CARTESIAN_POINT('',(-59.93641650185,452.13385653031,0.));
#6543 = CARTESIAN_POINT('',(-60.58506270763,454.94564135035,0.));
#6544 = CARTESIAN_POINT('',(-60.86088537375,456.36284228665,0.));
#6545 = PCURVE('',#2394,#6546);
#6546 = DEFINITIONAL_REPRESENTATION('',(#6547),#6570);
#6547 = ( BOUNDED_CURVE() B_SPLINE_CURVE(3,(#6548,#6549,#6550,#6551,
    #6552,#6553,#6554,#6555,#6556,#6557,#6558,#6559,#6560,#6561,#6562,
    #6563,#6564,#6565,#6566,#6567,#6568,#6569),.UNSPECIFIED.,.F.,.F.) 
B_SPLINE_CURVE_WITH_KNOTS((4,1,1,1,1,1,1,1,1,1,1,1,1,1,1,1,1,1,1,4),(0.,
    5.218380768594E-02,0.104924849979,0.158249728388,0.212037422186,
    0.266073258756,0.320098130577,0.373854821642,0.427134464983,
    0.479826107743,0.531971081028,0.583831321693,0.635742389654,
    0.687819682816,0.740024789052,0.792245645251,0.844362126807,
0.89631140842,0.94815736877,1.),.UNSPECIFIED.) CURVE() 
GEOMETRIC_REPRESENTATION_ITEM() RATIONAL_B_SPLINE_CURVE((1.,
    1.000000000002,0.999999999999,1.,1.,1.,1.,1.,1.,1.,1.,1.,1.,1.,1.,1.
    ,1.,1.000000000001,0.999999999997,1.000000000012,0.999999999975,1.))
 REPRESENTATION_ITEM('') );
#6548 = CARTESIAN_POINT('',(3.244490851438,179.73798441413));
#6549 = CARTESIAN_POINT('',(4.691426889842,179.81382395704));
#6550 = CARTESIAN_POINT('',(7.5850574337,180.06793602861));
#6551 = CARTESIAN_POINT('',(11.863136350877,180.74733290344));
#6552 = CARTESIAN_POINT('',(16.077699006417,181.72195037651));
#6553 = CARTESIAN_POINT('',(20.210733754588,182.98664215852));
#6554 = CARTESIAN_POINT('',(24.244205066906,184.53531642984));
#6555 = CARTESIAN_POINT('',(28.160204084127,186.36092867362));
#6556 = CARTESIAN_POINT('',(31.941200409531,188.45550953092));
#6557 = CARTESIAN_POINT('',(35.570342011819,190.81039867268));
#6558 = CARTESIAN_POINT('',(39.031229373055,193.41612123162));
#6559 = CARTESIAN_POINT('',(42.309167967793,196.26373815733));
#6560 = CARTESIAN_POINT('',(45.382534590439,199.33675599831));
#6561 = CARTESIAN_POINT('',(48.226413591818,202.60906097255));
#6562 = CARTESIAN_POINT('',(50.831457449533,206.06689971106));
#6563 = CARTESIAN_POINT('',(53.187491727643,209.69531892373));
#6564 = CARTESIAN_POINT('',(55.284875023922,213.47880510499));
#6565 = CARTESIAN_POINT('',(57.114487353196,217.40127452346));
#6566 = CARTESIAN_POINT('',(58.668017903761,221.44703671578));
#6567 = CARTESIAN_POINT('',(59.936078066231,225.59387209922));
#6568 = CARTESIAN_POINT('',(60.584724272006,228.40565691927));
#6569 = CARTESIAN_POINT('',(60.860546938131,229.82285785557));
#6570 = ( GEOMETRIC_REPRESENTATION_CONTEXT(2) 
PARAMETRIC_REPRESENTATION_CONTEXT() REPRESENTATION_CONTEXT('2D SPACE',''
  ) );
#6571 = PCURVE('',#2921,#6572);
#6572 = DEFINITIONAL_REPRESENTATION('',(#6573),#6577);
#6573 = LINE('',#6574,#6575);
#6574 = CARTESIAN_POINT('',(2.,0.));
#6575 = VECTOR('',#6576,1.);
#6576 = DIRECTION('',(0.,1.));
#6577 = ( GEOMETRIC_REPRESENTATION_CONTEXT(2) 
PARAMETRIC_REPRESENTATION_CONTEXT() REPRESENTATION_CONTEXT('2D SPACE',''
  ) );
#6578 = ORIENTED_EDGE('',*,*,#6295,.T.);
#6579 = ORIENTED_EDGE('',*,*,#6432,.T.);
#6580 = ORIENTED_EDGE('',*,*,#6581,.T.);
#6581 = EDGE_CURVE('',#6389,#4427,#6582,.T.);
#6582 = SURFACE_CURVE('',#6583,(#6606,#6632),.PCURVE_S1.);
#6583 = ( BOUNDED_CURVE() B_SPLINE_CURVE(3,(#6584,#6585,#6586,#6587,
    #6588,#6589,#6590,#6591,#6592,#6593,#6594,#6595,#6596,#6597,#6598,
    #6599,#6600,#6601,#6602,#6603,#6604,#6605),.UNSPECIFIED.,.F.,.F.) 
B_SPLINE_CURVE_WITH_KNOTS((4,1,1,1,1,1,1,1,1,1,1,1,1,1,1,1,1,1,1,4),(0.,
    5.218380768594E-02,0.104924849979,0.158249728388,0.212037422186,
    0.266073258756,0.320098130577,0.373854821642,0.427134464983,
    0.479826107743,0.531971081028,0.583831321693,0.635742389654,
    0.687819682816,0.740024789052,0.792245645251,0.844362126807,
0.89631140842,0.94815736877,1.),.UNSPECIFIED.) CURVE() 
GEOMETRIC_REPRESENTATION_ITEM() RATIONAL_B_SPLINE_CURVE((1.,
    1.000000000002,0.999999999999,1.,1.,1.,1.,1.,1.,1.,1.,1.,1.,1.,1.,1.
    ,1.,1.000000000001,0.999999999997,1.000000000012,0.999999999975,1.))
 REPRESENTATION_ITEM('') );
#6584 = CARTESIAN_POINT('',(3.244829287063,406.27796884521,0.));
#6585 = CARTESIAN_POINT('',(4.691765325467,406.35380838813,0.));
#6586 = CARTESIAN_POINT('',(7.585395869324,406.60792045969,0.));
#6587 = CARTESIAN_POINT('',(11.863474786501,407.28731733452,0.));
#6588 = CARTESIAN_POINT('',(16.078037442041,408.26193480759,0.));
#6589 = CARTESIAN_POINT('',(20.211072190212,409.5266265896,0.));
#6590 = CARTESIAN_POINT('',(24.24454350253,411.07530086092,0.));
#6591 = CARTESIAN_POINT('',(28.160542519752,412.9009131047,0.));
#6592 = CARTESIAN_POINT('',(31.941538845156,414.995493962,0.));
#6593 = CARTESIAN_POINT('',(35.570680447443,417.35038310376,0.));
#6594 = CARTESIAN_POINT('',(39.031567808679,419.9561056627,0.));
#6595 = CARTESIAN_POINT('',(42.309506403417,422.80372258841,0.));
#6596 = CARTESIAN_POINT('',(45.382873026063,425.87674042939,0.));
#6597 = CARTESIAN_POINT('',(48.226752027442,429.14904540363,0.));
#6598 = CARTESIAN_POINT('',(50.831795885157,432.60688414214,0.));
#6599 = CARTESIAN_POINT('',(53.187830163267,436.23530335481,0.));
#6600 = CARTESIAN_POINT('',(55.285213459547,440.01878953607,0.));
#6601 = CARTESIAN_POINT('',(57.11482578882,443.94125895454,0.));
#6602 = CARTESIAN_POINT('',(58.668356339385,447.98702114686,0.));
#6603 = CARTESIAN_POINT('',(59.936416501855,452.13385653031,0.));
#6604 = CARTESIAN_POINT('',(60.58506270763,454.94564135035,0.));
#6605 = CARTESIAN_POINT('',(60.860885373755,456.36284228665,0.));
#6606 = PCURVE('',#2394,#6607);
#6607 = DEFINITIONAL_REPRESENTATION('',(#6608),#6631);
#6608 = ( BOUNDED_CURVE() B_SPLINE_CURVE(3,(#6609,#6610,#6611,#6612,
    #6613,#6614,#6615,#6616,#6617,#6618,#6619,#6620,#6621,#6622,#6623,
    #6624,#6625,#6626,#6627,#6628,#6629,#6630),.UNSPECIFIED.,.F.,.F.) 
B_SPLINE_CURVE_WITH_KNOTS((4,1,1,1,1,1,1,1,1,1,1,1,1,1,1,1,1,1,1,4),(0.,
    5.218380768594E-02,0.104924849979,0.158249728388,0.212037422186,
    0.266073258756,0.320098130577,0.373854821642,0.427134464983,
    0.479826107743,0.531971081028,0.583831321693,0.635742389654,
    0.687819682816,0.740024789052,0.792245645251,0.844362126807,
0.89631140842,0.94815736877,1.),.UNSPECIFIED.) CURVE() 
GEOMETRIC_REPRESENTATION_ITEM() RATIONAL_B_SPLINE_CURVE((1.,
    1.000000000002,0.999999999999,1.,1.,1.,1.,1.,1.,1.,1.,1.,1.,1.,1.,1.
    ,1.,1.000000000001,0.999999999997,1.000000000012,0.999999999975,1.))
 REPRESENTATION_ITEM('') );
#6609 = CARTESIAN_POINT('',(-3.245167722687,179.73798441413));
#6610 = CARTESIAN_POINT('',(-4.692103761091,179.81382395704));
#6611 = CARTESIAN_POINT('',(-7.585734304948,180.06793602861));
#6612 = CARTESIAN_POINT('',(-11.86381322212,180.74733290344));
#6613 = CARTESIAN_POINT('',(-16.07837587766,181.72195037651));
#6614 = CARTESIAN_POINT('',(-20.21141062583,182.98664215852));
#6615 = CARTESIAN_POINT('',(-24.24488193815,184.53531642984));
#6616 = CARTESIAN_POINT('',(-28.16088095537,186.36092867362));
#6617 = CARTESIAN_POINT('',(-31.94187728078,188.45550953092));
#6618 = CARTESIAN_POINT('',(-35.57101888306,190.81039867268));
#6619 = CARTESIAN_POINT('',(-39.0319062443,193.41612123162));
#6620 = CARTESIAN_POINT('',(-42.30984483904,196.26373815733));
#6621 = CARTESIAN_POINT('',(-45.38321146168,199.33675599831));
#6622 = CARTESIAN_POINT('',(-48.22709046306,202.60906097255));
#6623 = CARTESIAN_POINT('',(-50.83213432078,206.06689971106));
#6624 = CARTESIAN_POINT('',(-53.18816859889,209.69531892373));
#6625 = CARTESIAN_POINT('',(-55.28555189517,213.47880510499));
#6626 = CARTESIAN_POINT('',(-57.11516422444,217.40127452346));
#6627 = CARTESIAN_POINT('',(-58.668694775,221.44703671578));
#6628 = CARTESIAN_POINT('',(-59.93675493747,225.59387209922));
#6629 = CARTESIAN_POINT('',(-60.58540114325,228.40565691927));
#6630 = CARTESIAN_POINT('',(-60.86122380937,229.82285785557));
#6631 = ( GEOMETRIC_REPRESENTATION_CONTEXT(2) 
PARAMETRIC_REPRESENTATION_CONTEXT() REPRESENTATION_CONTEXT('2D SPACE',''
  ) );
#6632 = PCURVE('',#4469,#6633);
#6633 = DEFINITIONAL_REPRESENTATION('',(#6634),#6638);
#6634 = LINE('',#6635,#6636);
#6635 = CARTESIAN_POINT('',(2.,0.));
#6636 = VECTOR('',#6637,1.);
#6637 = DIRECTION('',(0.,1.));
#6638 = ( GEOMETRIC_REPRESENTATION_CONTEXT(2) 
PARAMETRIC_REPRESENTATION_CONTEXT() REPRESENTATION_CONTEXT('2D SPACE',''
  ) );
#6639 = ORIENTED_EDGE('',*,*,#4426,.T.);
#6640 = ORIENTED_EDGE('',*,*,#5116,.T.);
#6641 = ORIENTED_EDGE('',*,*,#5192,.T.);
#6642 = ORIENTED_EDGE('',*,*,#5165,.T.);
#6643 = ORIENTED_EDGE('',*,*,#5067,.T.);
#6644 = ORIENTED_EDGE('',*,*,#4297,.T.);
#6645 = ORIENTED_EDGE('',*,*,#4142,.T.);
#6646 = FACE_BOUND('',#6647,.T.);
#6647 = EDGE_LOOP('',(#6648));
#6648 = ORIENTED_EDGE('',*,*,#6649,.T.);
#6649 = EDGE_CURVE('',#6650,#6650,#6652,.T.);
#6650 = VERTEX_POINT('',#6651);
#6651 = CARTESIAN_POINT('',(23.25,20.,0.));
#6652 = SURFACE_CURVE('',#6653,(#6658,#6669),.PCURVE_S1.);
#6653 = CIRCLE('',#6654,3.25);
#6654 = AXIS2_PLACEMENT_3D('',#6655,#6656,#6657);
#6655 = CARTESIAN_POINT('',(20.,20.,0.));
#6656 = DIRECTION('',(0.,0.,1.));
#6657 = DIRECTION('',(1.,0.,-0.));
#6658 = PCURVE('',#2394,#6659);
#6659 = DEFINITIONAL_REPRESENTATION('',(#6660),#6668);
#6660 = ( BOUNDED_CURVE() B_SPLINE_CURVE(2,(#6661,#6662,#6663,#6664,
#6665,#6666,#6667),.UNSPECIFIED.,.T.,.F.) B_SPLINE_CURVE_WITH_KNOTS((1,2
    ,2,2,2,1),(-2.094395102393,0.,2.094395102393,4.188790204786,
6.28318530718,8.377580409573),.UNSPECIFIED.) CURVE() 
GEOMETRIC_REPRESENTATION_ITEM() RATIONAL_B_SPLINE_CURVE((1.,0.5,1.,0.5,
1.,0.5,1.)) REPRESENTATION_ITEM('') );
#6661 = CARTESIAN_POINT('',(-23.25033843562,-206.539984431));
#6662 = CARTESIAN_POINT('',(-23.25033843562,-200.9108193064));
#6663 = CARTESIAN_POINT('',(-18.37533843562,-203.7254018687));
#6664 = CARTESIAN_POINT('',(-13.50033843562,-206.539984431));
#6665 = CARTESIAN_POINT('',(-18.37533843562,-209.3545669933));
#6666 = CARTESIAN_POINT('',(-23.25033843562,-212.1691495556));
#6667 = CARTESIAN_POINT('',(-23.25033843562,-206.539984431));
#6668 = ( GEOMETRIC_REPRESENTATION_CONTEXT(2) 
PARAMETRIC_REPRESENTATION_CONTEXT() REPRESENTATION_CONTEXT('2D SPACE',''
  ) );
#6669 = PCURVE('',#6670,#6675);
#6670 = CYLINDRICAL_SURFACE('',#6671,3.25);
#6671 = AXIS2_PLACEMENT_3D('',#6672,#6673,#6674);
#6672 = CARTESIAN_POINT('',(20.,20.,-0.2));
#6673 = DIRECTION('',(0.,0.,1.));
#6674 = DIRECTION('',(1.,0.,-0.));
#6675 = DEFINITIONAL_REPRESENTATION('',(#6676),#6680);
#6676 = LINE('',#6677,#6678);
#6677 = CARTESIAN_POINT('',(0.,0.2));
#6678 = VECTOR('',#6679,1.);
#6679 = DIRECTION('',(1.,0.));
#6680 = ( GEOMETRIC_REPRESENTATION_CONTEXT(2) 
PARAMETRIC_REPRESENTATION_CONTEXT() REPRESENTATION_CONTEXT('2D SPACE',''
  ) );
#6681 = FACE_BOUND('',#6682,.T.);
#6682 = EDGE_LOOP('',(#6683));
#6683 = ORIENTED_EDGE('',*,*,#6684,.T.);
#6684 = EDGE_CURVE('',#6685,#6685,#6687,.T.);
#6685 = VERTEX_POINT('',#6686);
#6686 = CARTESIAN_POINT('',(23.25,70.,0.));
#6687 = SURFACE_CURVE('',#6688,(#6693,#6704),.PCURVE_S1.);
#6688 = CIRCLE('',#6689,3.25);
#6689 = AXIS2_PLACEMENT_3D('',#6690,#6691,#6692);
#6690 = CARTESIAN_POINT('',(20.,70.,0.));
#6691 = DIRECTION('',(0.,0.,1.));
#6692 = DIRECTION('',(1.,0.,-0.));
#6693 = PCURVE('',#2394,#6694);
#6694 = DEFINITIONAL_REPRESENTATION('',(#6695),#6703);
#6695 = ( BOUNDED_CURVE() B_SPLINE_CURVE(2,(#6696,#6697,#6698,#6699,
#6700,#6701,#6702),.UNSPECIFIED.,.T.,.F.) B_SPLINE_CURVE_WITH_KNOTS((1,2
    ,2,2,2,1),(-2.094395102393,0.,2.094395102393,4.188790204786,
6.28318530718,8.377580409573),.UNSPECIFIED.) CURVE() 
GEOMETRIC_REPRESENTATION_ITEM() RATIONAL_B_SPLINE_CURVE((1.,0.5,1.,0.5,
1.,0.5,1.)) REPRESENTATION_ITEM('') );
#6696 = CARTESIAN_POINT('',(-23.25033843562,-156.539984431));
#6697 = CARTESIAN_POINT('',(-23.25033843562,-150.9108193064));
#6698 = CARTESIAN_POINT('',(-18.37533843562,-153.7254018687));
#6699 = CARTESIAN_POINT('',(-13.50033843562,-156.539984431));
#6700 = CARTESIAN_POINT('',(-18.37533843562,-159.3545669933));
#6701 = CARTESIAN_POINT('',(-23.25033843562,-162.1691495556));
#6702 = CARTESIAN_POINT('',(-23.25033843562,-156.539984431));
#6703 = ( GEOMETRIC_REPRESENTATION_CONTEXT(2) 
PARAMETRIC_REPRESENTATION_CONTEXT() REPRESENTATION_CONTEXT('2D SPACE',''
  ) );
#6704 = PCURVE('',#6705,#6710);
#6705 = CYLINDRICAL_SURFACE('',#6706,3.25);
#6706 = AXIS2_PLACEMENT_3D('',#6707,#6708,#6709);
#6707 = CARTESIAN_POINT('',(20.,70.,-0.2));
#6708 = DIRECTION('',(0.,0.,1.));
#6709 = DIRECTION('',(1.,0.,-0.));
#6710 = DEFINITIONAL_REPRESENTATION('',(#6711),#6715);
#6711 = LINE('',#6712,#6713);
#6712 = CARTESIAN_POINT('',(0.,0.2));
#6713 = VECTOR('',#6714,1.);
#6714 = DIRECTION('',(1.,0.));
#6715 = ( GEOMETRIC_REPRESENTATION_CONTEXT(2) 
PARAMETRIC_REPRESENTATION_CONTEXT() REPRESENTATION_CONTEXT('2D SPACE',''
  ) );
#6716 = FACE_BOUND('',#6717,.T.);
#6717 = EDGE_LOOP('',(#6718));
#6718 = ORIENTED_EDGE('',*,*,#6719,.T.);
#6719 = EDGE_CURVE('',#6720,#6720,#6722,.T.);
#6720 = VERTEX_POINT('',#6721);
#6721 = CARTESIAN_POINT('',(-16.75,20.,0.));
#6722 = SURFACE_CURVE('',#6723,(#6728,#6739),.PCURVE_S1.);
#6723 = CIRCLE('',#6724,3.25);
#6724 = AXIS2_PLACEMENT_3D('',#6725,#6726,#6727);
#6725 = CARTESIAN_POINT('',(-20.,20.,0.));
#6726 = DIRECTION('',(0.,0.,1.));
#6727 = DIRECTION('',(1.,0.,-0.));
#6728 = PCURVE('',#2394,#6729);
#6729 = DEFINITIONAL_REPRESENTATION('',(#6730),#6738);
#6730 = ( BOUNDED_CURVE() B_SPLINE_CURVE(2,(#6731,#6732,#6733,#6734,
#6735,#6736,#6737),.UNSPECIFIED.,.T.,.F.) B_SPLINE_CURVE_WITH_KNOTS((1,2
    ,2,2,2,1),(-2.094395102393,0.,2.094395102393,4.188790204786,
6.28318530718,8.377580409573),.UNSPECIFIED.) CURVE() 
GEOMETRIC_REPRESENTATION_ITEM() RATIONAL_B_SPLINE_CURVE((1.,0.5,1.,0.5,
1.,0.5,1.)) REPRESENTATION_ITEM('') );
#6731 = CARTESIAN_POINT('',(16.749661564376,-206.539984431));
#6732 = CARTESIAN_POINT('',(16.749661564376,-200.9108193064));
#6733 = CARTESIAN_POINT('',(21.624661564376,-203.7254018687));
#6734 = CARTESIAN_POINT('',(26.499661564376,-206.539984431));
#6735 = CARTESIAN_POINT('',(21.624661564376,-209.3545669933));
#6736 = CARTESIAN_POINT('',(16.749661564376,-212.1691495556));
#6737 = CARTESIAN_POINT('',(16.749661564376,-206.539984431));
#6738 = ( GEOMETRIC_REPRESENTATION_CONTEXT(2) 
PARAMETRIC_REPRESENTATION_CONTEXT() REPRESENTATION_CONTEXT('2D SPACE',''
  ) );
#6739 = PCURVE('',#6740,#6745);
#6740 = CYLINDRICAL_SURFACE('',#6741,3.25);
#6741 = AXIS2_PLACEMENT_3D('',#6742,#6743,#6744);
#6742 = CARTESIAN_POINT('',(-20.,20.,-0.2));
#6743 = DIRECTION('',(0.,0.,1.));
#6744 = DIRECTION('',(1.,0.,-0.));
#6745 = DEFINITIONAL_REPRESENTATION('',(#6746),#6750);
#6746 = LINE('',#6747,#6748);
#6747 = CARTESIAN_POINT('',(0.,0.2));
#6748 = VECTOR('',#6749,1.);
#6749 = DIRECTION('',(1.,0.));
#6750 = ( GEOMETRIC_REPRESENTATION_CONTEXT(2) 
PARAMETRIC_REPRESENTATION_CONTEXT() REPRESENTATION_CONTEXT('2D SPACE',''
  ) );
#6751 = FACE_BOUND('',#6752,.T.);
#6752 = EDGE_LOOP('',(#6753));
#6753 = ORIENTED_EDGE('',*,*,#6754,.T.);
#6754 = EDGE_CURVE('',#6755,#6755,#6757,.T.);
#6755 = VERTEX_POINT('',#6756);
#6756 = CARTESIAN_POINT('',(-16.75,70.,0.));
#6757 = SURFACE_CURVE('',#6758,(#6763,#6774),.PCURVE_S1.);
#6758 = CIRCLE('',#6759,3.25);
#6759 = AXIS2_PLACEMENT_3D('',#6760,#6761,#6762);
#6760 = CARTESIAN_POINT('',(-20.,70.,0.));
#6761 = DIRECTION('',(0.,0.,1.));
#6762 = DIRECTION('',(1.,0.,-0.));
#6763 = PCURVE('',#2394,#6764);
#6764 = DEFINITIONAL_REPRESENTATION('',(#6765),#6773);
#6765 = ( BOUNDED_CURVE() B_SPLINE_CURVE(2,(#6766,#6767,#6768,#6769,
#6770,#6771,#6772),.UNSPECIFIED.,.T.,.F.) B_SPLINE_CURVE_WITH_KNOTS((1,2
    ,2,2,2,1),(-2.094395102393,0.,2.094395102393,4.188790204786,
6.28318530718,8.377580409573),.UNSPECIFIED.) CURVE() 
GEOMETRIC_REPRESENTATION_ITEM() RATIONAL_B_SPLINE_CURVE((1.,0.5,1.,0.5,
1.,0.5,1.)) REPRESENTATION_ITEM('') );
#6766 = CARTESIAN_POINT('',(16.749661564376,-156.539984431));
#6767 = CARTESIAN_POINT('',(16.749661564376,-150.9108193064));
#6768 = CARTESIAN_POINT('',(21.624661564376,-153.7254018687));
#6769 = CARTESIAN_POINT('',(26.499661564376,-156.539984431));
#6770 = CARTESIAN_POINT('',(21.624661564376,-159.3545669933));
#6771 = CARTESIAN_POINT('',(16.749661564376,-162.1691495556));
#6772 = CARTESIAN_POINT('',(16.749661564376,-156.539984431));
#6773 = ( GEOMETRIC_REPRESENTATION_CONTEXT(2) 
PARAMETRIC_REPRESENTATION_CONTEXT() REPRESENTATION_CONTEXT('2D SPACE',''
  ) );
#6774 = PCURVE('',#6775,#6780);
#6775 = CYLINDRICAL_SURFACE('',#6776,3.25);
#6776 = AXIS2_PLACEMENT_3D('',#6777,#6778,#6779);
#6777 = CARTESIAN_POINT('',(-20.,70.,-0.2));
#6778 = DIRECTION('',(0.,0.,1.));
#6779 = DIRECTION('',(1.,0.,-0.));
#6780 = DEFINITIONAL_REPRESENTATION('',(#6781),#6785);
#6781 = LINE('',#6782,#6783);
#6782 = CARTESIAN_POINT('',(0.,0.2));
#6783 = VECTOR('',#6784,1.);
#6784 = DIRECTION('',(1.,0.));
#6785 = ( GEOMETRIC_REPRESENTATION_CONTEXT(2) 
PARAMETRIC_REPRESENTATION_CONTEXT() REPRESENTATION_CONTEXT('2D SPACE',''
  ) );
#6786 = FACE_BOUND('',#6787,.T.);
#6787 = EDGE_LOOP('',(#6788));
#6788 = ORIENTED_EDGE('',*,*,#5406,.T.);
#6789 = ADVANCED_FACE('',(#6790),#2921,.F.);
#6790 = FACE_BOUND('',#6791,.F.);
#6791 = EDGE_LOOP('',(#6792,#6793,#6794,#6834,#6835));
#6792 = ORIENTED_EDGE('',*,*,#6323,.F.);
#6793 = ORIENTED_EDGE('',*,*,#3088,.T.);
#6794 = ORIENTED_EDGE('',*,*,#6795,.T.);
#6795 = EDGE_CURVE('',#3089,#2830,#6796,.T.);
#6796 = SURFACE_CURVE('',#6797,(#6820,#6827),.PCURVE_S1.);
#6797 = ( BOUNDED_CURVE() B_SPLINE_CURVE(3,(#6798,#6799,#6800,#6801,
    #6802,#6803,#6804,#6805,#6806,#6807,#6808,#6809,#6810,#6811,#6812,
    #6813,#6814,#6815,#6816,#6817,#6818,#6819),.UNSPECIFIED.,.F.,.F.) 
B_SPLINE_CURVE_WITH_KNOTS((4,1,1,1,1,1,1,1,1,1,1,1,1,1,1,1,1,1,1,4),(0.,
    5.218380768594E-02,0.104924849979,0.158249728388,0.212037422186,
    0.266073258756,0.320098130577,0.373854821642,0.427134464983,
    0.479826107743,0.531971081028,0.583831321693,0.635742389654,
    0.687819682816,0.740024789052,0.792245645251,0.844362126807,
0.89631140842,0.94815736877,1.),.UNSPECIFIED.) CURVE() 
GEOMETRIC_REPRESENTATION_ITEM() RATIONAL_B_SPLINE_CURVE((1.,
    1.000000000002,0.999999999999,1.,1.,1.,1.,1.,1.,1.,1.,1.,1.,1.,1.,1.
    ,1.,1.000000000001,0.999999999997,1.000000000012,0.999999999975,1.))
 REPRESENTATION_ITEM('') );
#6798 = CARTESIAN_POINT('',(-3.176138344494,407.58867010958,
    7.60576107626E-03));
#6799 = CARTESIAN_POINT('',(-4.592443681306,407.66290418354,
    1.423644321651E-02));
#6800 = CARTESIAN_POINT('',(-7.424817932183,407.91163685879,
    3.584049973926E-02));
#6801 = CARTESIAN_POINT('',(-11.61233267923,408.57665134323,
    8.76602790617E-02));
#6802 = CARTESIAN_POINT('',(-15.73767576229,409.53063679233,
    0.154011827386));
#6803 = CARTESIAN_POINT('',(-19.78321683135,410.76855586548,
    0.229954083507));
#6804 = CARTESIAN_POINT('',(-23.73130215822,412.28444570156,
    0.310580091835));
#6805 = CARTESIAN_POINT('',(-27.5644020027,414.07141091197,0.39101617056
    ));
#6806 = CARTESIAN_POINT('',(-31.26535707524,416.12165084385,
    0.466318545608));
#6807 = CARTESIAN_POINT('',(-34.81767209119,418.42668850176,
    0.531784202236));
#6808 = CARTESIAN_POINT('',(-38.20529469982,420.97724959524,
    0.58172341761));
#6809 = CARTESIAN_POINT('',(-41.41384144931,423.76458430781,
    0.613857743468));
#6810 = CARTESIAN_POINT('',(-44.42214688337,426.77254834369,
    0.61292454834));
#6811 = CARTESIAN_POINT('',(-47.20582280105,429.97558073279,
    0.627431188718));
#6812 = CARTESIAN_POINT('',(-49.75571956097,433.36021925607,
    0.654419172488));
#6813 = CARTESIAN_POINT('',(-52.06187811344,436.91182717494,
    0.687527644944));
#6814 = CARTESIAN_POINT('',(-54.11486115848,440.61521939464,
    0.721366773763));
#6815 = CARTESIAN_POINT('',(-55.90574177514,444.45465266634,
    0.750309280691));
#6816 = CARTESIAN_POINT('',(-57.42638508623,448.4147686825,
    0.768728215454));
#6817 = CARTESIAN_POINT('',(-58.66760123315,452.47381823893,
    0.771047638493));
#6818 = CARTESIAN_POINT('',(-59.30251601727,455.22607938175,
    0.764965114862));
#6819 = CARTESIAN_POINT('',(-59.57249969548,456.61327909308,0.769140625)
  );
#6820 = PCURVE('',#2921,#6821);
#6821 = DEFINITIONAL_REPRESENTATION('',(#6822),#6826);
#6822 = LINE('',#6823,#6824);
#6823 = CARTESIAN_POINT('',(3.,0.));
#6824 = VECTOR('',#6825,1.);
#6825 = DIRECTION('',(0.,1.));
#6826 = ( GEOMETRIC_REPRESENTATION_CONTEXT(2) 
PARAMETRIC_REPRESENTATION_CONTEXT() REPRESENTATION_CONTEXT('2D SPACE',''
  ) );
#6827 = PCURVE('',#2849,#6828);
#6828 = DEFINITIONAL_REPRESENTATION('',(#6829),#6833);
#6829 = LINE('',#6830,#6831);
#6830 = CARTESIAN_POINT('',(3.,0.));
#6831 = VECTOR('',#6832,1.);
#6832 = DIRECTION('',(0.,1.));
#6833 = ( GEOMETRIC_REPRESENTATION_CONTEXT(2) 
PARAMETRIC_REPRESENTATION_CONTEXT() REPRESENTATION_CONTEXT('2D SPACE',''
  ) );
#6834 = ORIENTED_EDGE('',*,*,#2903,.T.);
#6835 = ORIENTED_EDGE('',*,*,#6520,.F.);
#6836 = ADVANCED_FACE('',(#6837),#2849,.F.);
#6837 = FACE_BOUND('',#6838,.F.);
#6838 = EDGE_LOOP('',(#6839,#6840,#6841,#6881));
#6839 = ORIENTED_EDGE('',*,*,#6795,.F.);
#6840 = ORIENTED_EDGE('',*,*,#3109,.T.);
#6841 = ORIENTED_EDGE('',*,*,#6842,.T.);
#6842 = EDGE_CURVE('',#3110,#2756,#6843,.T.);
#6843 = SURFACE_CURVE('',#6844,(#6867,#6874),.PCURVE_S1.);
#6844 = ( BOUNDED_CURVE() B_SPLINE_CURVE(3,(#6845,#6846,#6847,#6848,
    #6849,#6850,#6851,#6852,#6853,#6854,#6855,#6856,#6857,#6858,#6859,
    #6860,#6861,#6862,#6863,#6864,#6865,#6866),.UNSPECIFIED.,.F.,.F.) 
B_SPLINE_CURVE_WITH_KNOTS((4,1,1,1,1,1,1,1,1,1,1,1,1,1,1,1,1,1,1,4),(0.,
    5.218380768594E-02,0.104924849979,0.158249728388,0.212037422186,
    0.266073258756,0.320098130577,0.373854821642,0.427134464983,
    0.479826107743,0.531971081028,0.583831321693,0.635742389654,
    0.687819682816,0.740024789052,0.792245645251,0.844362126807,
0.89631140842,0.94815736877,1.),.UNSPECIFIED.) CURVE() 
GEOMETRIC_REPRESENTATION_ITEM() RATIONAL_B_SPLINE_CURVE((1.,
    1.000000000002,0.999999999999,1.,1.,1.,1.,1.,1.,1.,1.,1.,1.,1.,1.,1.
    ,1.,1.000000000001,0.999999999997,1.000000000012,0.999999999975,1.))
 REPRESENTATION_ITEM('') );
#6845 = CARTESIAN_POINT('',(-3.107447401925,408.89937137394,
    2.765731300458E-02));
#6846 = CARTESIAN_POINT('',(-4.49312203538,408.97199997384,
    5.176888446046E-02));
#6847 = CARTESIAN_POINT('',(-7.26423999587,409.21535326029,
    0.130329089944));
#6848 = CARTESIAN_POINT('',(-11.36119057173,409.86598535128,
    0.318764651138));
#6849 = CARTESIAN_POINT('',(-15.3973140826,410.79933877724,
    0.560043008674));
#6850 = CARTESIAN_POINT('',(-19.35536147248,412.0104851413,
    0.836196667299));
#6851 = CARTESIAN_POINT('',(-23.21806081391,413.4935905422,
    1.129382152128));
#6852 = CARTESIAN_POINT('',(-26.96826148564,415.24190871923,
    1.421876983856));
#6853 = CARTESIAN_POINT('',(-30.58917530534,417.2478077257,
    1.695703802211));
#6854 = CARTESIAN_POINT('',(-34.06466373495,419.50299389977,
    1.933760735404));
#6855 = CARTESIAN_POINT('',(-37.37902159097,421.99839352779,
    2.115357882218));
#6856 = CARTESIAN_POINT('',(-40.5181764952,424.72544602721,
    2.232209976247));
#6857 = CARTESIAN_POINT('',(-43.46142074068,427.66835625799,
    2.228816539417));
#6858 = CARTESIAN_POINT('',(-46.18489357466,430.80211606194,
    2.281567958973));
#6859 = CARTESIAN_POINT('',(-48.67964323679,434.11355437001,
    2.379706081773));
#6860 = CARTESIAN_POINT('',(-50.93592606361,437.58835099498,
    2.500100527067));
#6861 = CARTESIAN_POINT('',(-52.94450885741,441.21164925348,
    2.623151904594));
#6862 = CARTESIAN_POINT('',(-54.69665776154,444.96804637713,
    2.728397384328));
#6863 = CARTESIAN_POINT('',(-56.18441383282,448.84251622188,
    2.795375328938));
#6864 = CARTESIAN_POINT('',(-57.39878596544,452.81377993364,
    2.803809594474));
#6865 = CARTESIAN_POINT('',(-58.01996932477,455.5065174431,
    2.781691326875));
#6866 = CARTESIAN_POINT('',(-58.2841140172,456.86371589951,2.796875));
#6867 = PCURVE('',#2849,#6868);
#6868 = DEFINITIONAL_REPRESENTATION('',(#6869),#6873);
#6869 = LINE('',#6870,#6871);
#6870 = CARTESIAN_POINT('',(4.,0.));
#6871 = VECTOR('',#6872,1.);
#6872 = DIRECTION('',(0.,1.));
#6873 = ( GEOMETRIC_REPRESENTATION_CONTEXT(2) 
PARAMETRIC_REPRESENTATION_CONTEXT() REPRESENTATION_CONTEXT('2D SPACE',''
  ) );
#6874 = PCURVE('',#2775,#6875);
#6875 = DEFINITIONAL_REPRESENTATION('',(#6876),#6880);
#6876 = LINE('',#6877,#6878);
#6877 = CARTESIAN_POINT('',(4.,0.));
#6878 = VECTOR('',#6879,1.);
#6879 = DIRECTION('',(0.,1.));
#6880 = ( GEOMETRIC_REPRESENTATION_CONTEXT(2) 
PARAMETRIC_REPRESENTATION_CONTEXT() REPRESENTATION_CONTEXT('2D SPACE',''
  ) );
#6881 = ORIENTED_EDGE('',*,*,#2829,.T.);
#6882 = ADVANCED_FACE('',(#6883),#2775,.F.);
#6883 = FACE_BOUND('',#6884,.F.);
#6884 = EDGE_LOOP('',(#6885,#6886,#6887,#6927));
#6885 = ORIENTED_EDGE('',*,*,#6842,.F.);
#6886 = ORIENTED_EDGE('',*,*,#3130,.T.);
#6887 = ORIENTED_EDGE('',*,*,#6888,.T.);
#6888 = EDGE_CURVE('',#3131,#2682,#6889,.T.);
#6889 = SURFACE_CURVE('',#6890,(#6913,#6920),.PCURVE_S1.);
#6890 = ( BOUNDED_CURVE() B_SPLINE_CURVE(3,(#6891,#6892,#6893,#6894,
    #6895,#6896,#6897,#6898,#6899,#6900,#6901,#6902,#6903,#6904,#6905,
    #6906,#6907,#6908,#6909,#6910,#6911,#6912),.UNSPECIFIED.,.F.,.F.) 
B_SPLINE_CURVE_WITH_KNOTS((4,1,1,1,1,1,1,1,1,1,1,1,1,1,1,1,1,1,1,4),(0.,
    5.218380768594E-02,0.104924849979,0.158249728388,0.212037422186,
    0.266073258756,0.320098130577,0.373854821642,0.427134464983,
    0.479826107743,0.531971081028,0.583831321693,0.635742389654,
    0.687819682816,0.740024789052,0.792245645251,0.844362126807,
0.89631140842,0.94815736877,1.),.UNSPECIFIED.) CURVE() 
GEOMETRIC_REPRESENTATION_ITEM() RATIONAL_B_SPLINE_CURVE((1.,
    1.000000000002,0.999999999999,1.,1.,1.,1.,1.,1.,1.,1.,1.,1.,1.,1.,1.
    ,1.,1.000000000001,0.999999999997,1.000000000012,0.999999999975,1.))
 REPRESENTATION_ITEM('') );
#6891 = CARTESIAN_POINT('',(-3.038756459356,410.21007263831,
    5.600605883428E-02));
#6892 = CARTESIAN_POINT('',(-4.393800391112,410.28109576643,
    0.104831991002));
#6893 = CARTESIAN_POINT('',(-7.103662058779,410.51906966071,
    0.26391640715));
#6894 = CARTESIAN_POINT('',(-11.11004846445,411.15531935963,
    0.645498418551));
#6895 = CARTESIAN_POINT('',(-15.05695240285,412.06804076208,
    1.134087092566));
#6896 = CARTESIAN_POINT('',(-18.92750611362,413.25241441715,
    1.693298251281));
#6897 = CARTESIAN_POINT('',(-22.7048194696,414.70273538284,
    2.286998858058));
#6898 = CARTESIAN_POINT('',(-26.37212096859,416.41240652649,
    2.879300892308));
#6899 = CARTESIAN_POINT('',(-29.91299353543,418.37396460756,
    3.433800199477));
#6900 = CARTESIAN_POINT('',(-33.3116553787,420.57929929777,
    3.915865489194));
#6901 = CARTESIAN_POINT('',(-36.55274848212,423.01953746033,
    4.283599711492));
#6902 = CARTESIAN_POINT('',(-39.6225115411,425.6863077466,4.520225201901
    ));
#6903 = CARTESIAN_POINT('',(-42.50069459799,428.56416417228,
    4.51335349232));
#6904 = CARTESIAN_POINT('',(-45.16396434828,431.6286513911,4.62017511692
    ));
#6905 = CARTESIAN_POINT('',(-47.60356691261,434.86688948393,
    4.818904815591));
#6906 = CARTESIAN_POINT('',(-49.80997401378,438.26487481513,
    5.062703567312));
#6907 = CARTESIAN_POINT('',(-51.77415655635,441.80807911196,
    5.311882606801));
#6908 = CARTESIAN_POINT('',(-53.48757374784,445.48144008927,
    5.525004703274));
#6909 = CARTESIAN_POINT('',(-54.94244257976,449.27026375627,
    5.660635041065));
#6910 = CARTESIAN_POINT('',(-56.12997069638,453.1537416469,
    5.677714428938));
#6911 = CARTESIAN_POINT('',(-56.73742263519,455.78695546449,
    5.632924936645));
#6912 = CARTESIAN_POINT('',(-56.99572833893,457.11415270594,5.663671875)
  );
#6913 = PCURVE('',#2775,#6914);
#6914 = DEFINITIONAL_REPRESENTATION('',(#6915),#6919);
#6915 = LINE('',#6916,#6917);
#6916 = CARTESIAN_POINT('',(5.,0.));
#6917 = VECTOR('',#6918,1.);
#6918 = DIRECTION('',(0.,1.));
#6919 = ( GEOMETRIC_REPRESENTATION_CONTEXT(2) 
PARAMETRIC_REPRESENTATION_CONTEXT() REPRESENTATION_CONTEXT('2D SPACE',''
  ) );
#6920 = PCURVE('',#2701,#6921);
#6921 = DEFINITIONAL_REPRESENTATION('',(#6922),#6926);
#6922 = LINE('',#6923,#6924);
#6923 = CARTESIAN_POINT('',(5.,0.));
#6924 = VECTOR('',#6925,1.);
#6925 = DIRECTION('',(0.,1.));
#6926 = ( GEOMETRIC_REPRESENTATION_CONTEXT(2) 
PARAMETRIC_REPRESENTATION_CONTEXT() REPRESENTATION_CONTEXT('2D SPACE',''
  ) );
#6927 = ORIENTED_EDGE('',*,*,#2755,.T.);
#6928 = ADVANCED_FACE('',(#6929),#2701,.F.);
#6929 = FACE_BOUND('',#6930,.F.);
#6930 = EDGE_LOOP('',(#6931,#6932,#6933,#6973));
#6931 = ORIENTED_EDGE('',*,*,#6888,.F.);
#6932 = ORIENTED_EDGE('',*,*,#3151,.T.);
#6933 = ORIENTED_EDGE('',*,*,#6934,.T.);
#6934 = EDGE_CURVE('',#3152,#2608,#6935,.T.);
#6935 = SURFACE_CURVE('',#6936,(#6959,#6966),.PCURVE_S1.);
#6936 = ( BOUNDED_CURVE() B_SPLINE_CURVE(3,(#6937,#6938,#6939,#6940,
    #6941,#6942,#6943,#6944,#6945,#6946,#6947,#6948,#6949,#6950,#6951,
    #6952,#6953,#6954,#6955,#6956,#6957,#6958),.UNSPECIFIED.,.F.,.F.) 
B_SPLINE_CURVE_WITH_KNOTS((4,1,1,1,1,1,1,1,1,1,1,1,1,1,1,1,1,1,1,4),(0.,
    5.218380768594E-02,0.104924849979,0.158249728388,0.212037422186,
    0.266073258756,0.320098130577,0.373854821642,0.427134464983,
    0.479826107743,0.531971081028,0.583831321693,0.635742389654,
    0.687819682816,0.740024789052,0.792245645251,0.844362126807,
0.89631140842,0.94815736877,1.),.UNSPECIFIED.) CURVE() 
GEOMETRIC_REPRESENTATION_ITEM() RATIONAL_B_SPLINE_CURVE((1.,
    1.000000000002,0.999999999999,1.,1.,1.,1.,1.,1.,1.,1.,1.,1.,1.,1.,1.
    ,1.,1.000000000001,0.999999999997,1.000000000012,0.999999999975,1.))
 REPRESENTATION_ITEM('') );
#6937 = CARTESIAN_POINT('',(-2.970065516787,411.52077390267,
    8.850340161467E-02));
#6938 = CARTESIAN_POINT('',(-4.294478745547,411.5901915542,
    0.165660430272));
#6939 = CARTESIAN_POINT('',(-6.943084122297,411.82278606339,
    0.417053087821));
#6940 = CARTESIAN_POINT('',(-10.858906357,412.44465336737,1.020046883642
    ));
#6941 = CARTESIAN_POINT('',(-14.71659072315,413.33674274708,
    1.792137627757));
#6942 = CARTESIAN_POINT('',(-18.49965075475,414.49434369295,
    2.675829335358));
#6943 = CARTESIAN_POINT('',(-22.1915781253,415.91188022349,
    3.614022886808));
#6944 = CARTESIAN_POINT('',(-25.77598045154,417.58290433374,
    4.550006348339));
#6945 = CARTESIAN_POINT('',(-29.23681176552,419.50012148941,
    5.426252167074));
#6946 = CARTESIAN_POINT('',(-32.55864702245,421.65560469578,
    6.188034353294));
#6947 = CARTESIAN_POINT('',(-35.72647537326,424.04068139287,
    6.769145223098));
#6948 = CARTESIAN_POINT('',(-38.72684658699,426.647169466,7.143071923991
    ));
#6949 = CARTESIAN_POINT('',(-41.5399684553,429.45997208658,
    7.132212926135));
#6950 = CARTESIAN_POINT('',(-44.14303512189,432.45518672026,
    7.301017468713));
#6951 = CARTESIAN_POINT('',(-46.52749058843,435.62022459785,
    7.615059461674));
#6952 = CARTESIAN_POINT('',(-48.68402196395,438.94139863524,
    8.000321686616));
#6953 = CARTESIAN_POINT('',(-50.6038042553,442.40450897055,
    8.394086094699));
#6954 = CARTESIAN_POINT('',(-52.27848973413,445.99483380099,
    8.730871629859));
#6955 = CARTESIAN_POINT('',(-53.70047132673,449.69801129219,
    8.945201052568));
#6956 = CARTESIAN_POINT('',(-54.86115542724,453.4937033545,
    8.972190702441));
#6957 = CARTESIAN_POINT('',(-55.45487594578,456.06739349809,
    8.901412245731));
#6958 = CARTESIAN_POINT('',(-55.70734266065,457.36458951238,8.95));
#6959 = PCURVE('',#2701,#6960);
#6960 = DEFINITIONAL_REPRESENTATION('',(#6961),#6965);
#6961 = LINE('',#6962,#6963);
#6962 = CARTESIAN_POINT('',(6.,0.));
#6963 = VECTOR('',#6964,1.);
#6964 = DIRECTION('',(0.,1.));
#6965 = ( GEOMETRIC_REPRESENTATION_CONTEXT(2) 
PARAMETRIC_REPRESENTATION_CONTEXT() REPRESENTATION_CONTEXT('2D SPACE',''
  ) );
#6966 = PCURVE('',#2627,#6967);
#6967 = DEFINITIONAL_REPRESENTATION('',(#6968),#6972);
#6968 = LINE('',#6969,#6970);
#6969 = CARTESIAN_POINT('',(6.,0.));
#6970 = VECTOR('',#6971,1.);
#6971 = DIRECTION('',(0.,1.));
#6972 = ( GEOMETRIC_REPRESENTATION_CONTEXT(2) 
PARAMETRIC_REPRESENTATION_CONTEXT() REPRESENTATION_CONTEXT('2D SPACE',''
  ) );
#6973 = ORIENTED_EDGE('',*,*,#2681,.T.);
#6974 = ADVANCED_FACE('',(#6975),#2627,.F.);
#6975 = FACE_BOUND('',#6976,.F.);
#6976 = EDGE_LOOP('',(#6977,#6978,#6979,#7019));
#6977 = ORIENTED_EDGE('',*,*,#6934,.F.);
#6978 = ORIENTED_EDGE('',*,*,#3172,.T.);
#6979 = ORIENTED_EDGE('',*,*,#6980,.T.);
#6980 = EDGE_CURVE('',#3173,#2534,#6981,.T.);
#6981 = SURFACE_CURVE('',#6982,(#7005,#7012),.PCURVE_S1.);
#6982 = ( BOUNDED_CURVE() B_SPLINE_CURVE(3,(#6983,#6984,#6985,#6986,
    #6987,#6988,#6989,#6990,#6991,#6992,#6993,#6994,#6995,#6996,#6997,
    #6998,#6999,#7000,#7001,#7002,#7003,#7004),.UNSPECIFIED.,.F.,.F.) 
B_SPLINE_CURVE_WITH_KNOTS((4,1,1,1,1,1,1,1,1,1,1,1,1,1,1,1,1,1,1,4),(0.,
    5.218380768594E-02,0.104924849979,0.158249728388,0.212037422186,
    0.266073258756,0.320098130577,0.373854821642,0.427134464983,
    0.479826107743,0.531971081028,0.583831321693,0.635742389654,
    0.687819682816,0.740024789052,0.792245645251,0.844362126807,
0.89631140842,0.94815736877,1.),.UNSPECIFIED.) CURVE() 
GEOMETRIC_REPRESENTATION_ITEM() RATIONAL_B_SPLINE_CURVE((1.,
    1.000000000002,0.999999999999,1.,1.,1.,1.,1.,1.,1.,1.,1.,1.,1.,1.,1.
    ,1.,1.000000000001,0.999999999997,1.000000000012,0.999999999975,1.))
 REPRESENTATION_ITEM('') );
#6983 = CARTESIAN_POINT('',(-2.901374574218,412.83147516704,
    0.121000744395));
#6984 = CARTESIAN_POINT('',(-4.195157100854,412.89928734012,
    0.226488869424));
#6985 = CARTESIAN_POINT('',(-6.782506185405,413.12650246695,
    0.570189768546));
#6986 = CARTESIAN_POINT('',(-10.60776424967,413.73398737486,
    1.394595348718));
#6987 = CARTESIAN_POINT('',(-14.37622904342,414.60544473215,
    2.450188162952));
#6988 = CARTESIAN_POINT('',(-18.07179539588,415.73627296874,
    3.658360419433));
#6989 = CARTESIAN_POINT('',(-21.67833678099,417.12102506415,
    4.941046915558));
#6990 = CARTESIAN_POINT('',(-25.17983993449,418.753402141,6.220711804369
    ));
#6991 = CARTESIAN_POINT('',(-28.56062999561,420.62627837126,
    7.418704134672));
#6992 = CARTESIAN_POINT('',(-31.80563866621,422.73191009378,
    8.460203217394));
#6993 = CARTESIAN_POINT('',(-34.90020226441,425.06182532542,
    9.254690734705));
#6994 = CARTESIAN_POINT('',(-37.83118163289,427.6080311854,
    9.765918646082));
#6995 = CARTESIAN_POINT('',(-40.57924231261,430.35578000088,
    9.75107235995));
#6996 = CARTESIAN_POINT('',(-43.1221058955,433.28172204941,
    9.981859820506));
#6997 = CARTESIAN_POINT('',(-45.45141426424,436.37355971179,
    10.411214107758));
#6998 = CARTESIAN_POINT('',(-47.55806991413,439.6179224553,
    10.937939805921));
#6999 = CARTESIAN_POINT('',(-49.43345195424,443.00093882935,
    11.476289582596));
#7000 = CARTESIAN_POINT('',(-51.06940572047,446.50822751196,
    11.936738556449));
#7001 = CARTESIAN_POINT('',(-52.45850007351,450.12575883092,
    12.229767064054));
#7002 = CARTESIAN_POINT('',(-53.59234015882,453.83366505159,
    12.266666976006));
#7003 = CARTESIAN_POINT('',(-54.17232925483,456.34783155433,
    12.169899554684));
#7004 = CARTESIAN_POINT('',(-54.41895698238,457.61502631881,12.236328125
    ));
#7005 = PCURVE('',#2627,#7006);
#7006 = DEFINITIONAL_REPRESENTATION('',(#7007),#7011);
#7007 = LINE('',#7008,#7009);
#7008 = CARTESIAN_POINT('',(7.,0.));
#7009 = VECTOR('',#7010,1.);
#7010 = DIRECTION('',(0.,1.));
#7011 = ( GEOMETRIC_REPRESENTATION_CONTEXT(2) 
PARAMETRIC_REPRESENTATION_CONTEXT() REPRESENTATION_CONTEXT('2D SPACE',''
  ) );
#7012 = PCURVE('',#2553,#7013);
#7013 = DEFINITIONAL_REPRESENTATION('',(#7014),#7018);
#7014 = LINE('',#7015,#7016);
#7015 = CARTESIAN_POINT('',(7.,0.));
#7016 = VECTOR('',#7017,1.);
#7017 = DIRECTION('',(0.,1.));
#7018 = ( GEOMETRIC_REPRESENTATION_CONTEXT(2) 
PARAMETRIC_REPRESENTATION_CONTEXT() REPRESENTATION_CONTEXT('2D SPACE',''
  ) );
#7019 = ORIENTED_EDGE('',*,*,#2607,.T.);
#7020 = ADVANCED_FACE('',(#7021),#2553,.F.);
#7021 = FACE_BOUND('',#7022,.F.);
#7022 = EDGE_LOOP('',(#7023,#7024,#7025,#7065));
#7023 = ORIENTED_EDGE('',*,*,#6980,.F.);
#7024 = ORIENTED_EDGE('',*,*,#3193,.T.);
#7025 = ORIENTED_EDGE('',*,*,#7026,.T.);
#7026 = EDGE_CURVE('',#3194,#2460,#7027,.T.);
#7027 = SURFACE_CURVE('',#7028,(#7051,#7058),.PCURVE_S1.);
#7028 = ( BOUNDED_CURVE() B_SPLINE_CURVE(3,(#7029,#7030,#7031,#7032,
    #7033,#7034,#7035,#7036,#7037,#7038,#7039,#7040,#7041,#7042,#7043,
    #7044,#7045,#7046,#7047,#7048,#7049,#7050),.UNSPECIFIED.,.F.,.F.) 
B_SPLINE_CURVE_WITH_KNOTS((4,1,1,1,1,1,1,1,1,1,1,1,1,1,1,1,1,1,1,4),(0.,
    5.218380768594E-02,0.104924849979,0.158249728388,0.212037422186,
    0.266073258756,0.320098130577,0.373854821642,0.427134464983,
    0.479826107743,0.531971081028,0.583831321693,0.635742389654,
    0.687819682816,0.740024789052,0.792245645251,0.844362126807,
0.89631140842,0.94815736877,1.),.UNSPECIFIED.) CURVE() 
GEOMETRIC_REPRESENTATION_ITEM() RATIONAL_B_SPLINE_CURVE((1.,
    1.000000000002,0.999999999999,1.,1.,1.,1.,1.,1.,1.,1.,1.,1.,1.,1.,1.
    ,1.,1.000000000001,0.999999999997,1.000000000012,0.999999999975,1.))
 REPRESENTATION_ITEM('') );
#7029 = CARTESIAN_POINT('',(-2.832683631649,414.1421764314,
    0.149349490225));
#7030 = CARTESIAN_POINT('',(-4.095835455187,414.20838312721,
    0.279551975887));
#7031 = CARTESIAN_POINT('',(-6.621928248971,414.43021886995,
    0.70377708579));
#7032 = CARTESIAN_POINT('',(-10.3566221422,415.02332138251,
    1.721329116121));
#7033 = CARTESIAN_POINT('',(-14.03586736372,415.87414671718,
    3.024232246847));
#7034 = CARTESIAN_POINT('',(-17.64394003701,416.97820224453,
    4.515462003414));
#7035 = CARTESIAN_POINT('',(-21.16509543668,418.3301699048,
    6.098663621489));
#7036 = CARTESIAN_POINT('',(-24.58369941744,419.92389994826,
    7.678135712821));
#7037 = CARTESIAN_POINT('',(-27.88444822571,421.75243525311,
    9.156800531938));
#7038 = CARTESIAN_POINT('',(-31.05263030996,423.80821549179,
    10.442307971183));
#7039 = CARTESIAN_POINT('',(-34.07392915556,426.08296925796,
    11.422932563979));
#7040 = CARTESIAN_POINT('',(-36.93551667879,428.5688929048,
    12.053933871735));
#7041 = CARTESIAN_POINT('',(-39.61851616993,431.25158791518,
    12.035609312853));
#7042 = CARTESIAN_POINT('',(-42.10117666911,434.10825737857,
    12.320466978454));
#7043 = CARTESIAN_POINT('',(-44.37533794006,437.1268948257,
    12.850412841575));
#7044 = CARTESIAN_POINT('',(-46.4321178643,440.29444627546,
    13.500542846165));
#7045 = CARTESIAN_POINT('',(-48.26309965317,443.59736868779,
    14.165020284804));
#7046 = CARTESIAN_POINT('',(-49.86032170682,447.02162122424,
    14.73334587539));
#7047 = CARTESIAN_POINT('',(-51.21652882028,450.55350636476,
    15.095026776194));
#7048 = CARTESIAN_POINT('',(-52.32352489043,454.17362676692,
    15.140571810419));
#7049 = CARTESIAN_POINT('',(-52.88978256379,456.62826957127,
    15.021133164565));
#7050 = CARTESIAN_POINT('',(-53.1305713041,457.86546312524,15.103125));
#7051 = PCURVE('',#2553,#7052);
#7052 = DEFINITIONAL_REPRESENTATION('',(#7053),#7057);
#7053 = LINE('',#7054,#7055);
#7054 = CARTESIAN_POINT('',(8.,0.));
#7055 = VECTOR('',#7056,1.);
#7056 = DIRECTION('',(0.,1.));
#7057 = ( GEOMETRIC_REPRESENTATION_CONTEXT(2) 
PARAMETRIC_REPRESENTATION_CONTEXT() REPRESENTATION_CONTEXT('2D SPACE',''
  ) );
#7058 = PCURVE('',#2479,#7059);
#7059 = DEFINITIONAL_REPRESENTATION('',(#7060),#7064);
#7060 = LINE('',#7061,#7062);
#7061 = CARTESIAN_POINT('',(8.,0.));
#7062 = VECTOR('',#7063,1.);
#7063 = DIRECTION('',(0.,1.));
#7064 = ( GEOMETRIC_REPRESENTATION_CONTEXT(2) 
PARAMETRIC_REPRESENTATION_CONTEXT() REPRESENTATION_CONTEXT('2D SPACE',''
  ) );
#7065 = ORIENTED_EDGE('',*,*,#2533,.T.);
#7066 = ADVANCED_FACE('',(#7067),#2479,.F.);
#7067 = FACE_BOUND('',#7068,.F.);
#7068 = EDGE_LOOP('',(#7069,#7070,#7071,#7072));
#7069 = ORIENTED_EDGE('',*,*,#7026,.F.);
#7070 = ORIENTED_EDGE('',*,*,#3214,.T.);
#7071 = ORIENTED_EDGE('',*,*,#2978,.T.);
#7072 = ORIENTED_EDGE('',*,*,#2459,.T.);
#7073 = ADVANCED_FACE('',(#7074),#3333,.F.);
#7074 = FACE_BOUND('',#7075,.F.);
#7075 = EDGE_LOOP('',(#7076,#7097,#7098,#7099,#7100,#7121,#7142,#7163,
    #7184,#7205,#7226,#7247));
#7076 = ORIENTED_EDGE('',*,*,#7077,.T.);
#7077 = EDGE_CURVE('',#7078,#3374,#7080,.T.);
#7078 = VERTEX_POINT('',#7079);
#7079 = CARTESIAN_POINT('',(2.695301746512,416.76357896014,
    0.177006803229));
#7080 = SURFACE_CURVE('',#7081,(#7084,#7090),.PCURVE_S1.);
#7081 = B_SPLINE_CURVE_WITH_KNOTS('',1,(#7082,#7083),.UNSPECIFIED.,.F.,
  .F.,(2,2),(10.,11.),.PIECEWISE_BEZIER_KNOTS.);
#7082 = CARTESIAN_POINT('',(2.695301746512,416.76357896014,
    0.177006803229));
#7083 = CARTESIAN_POINT('',(1.884094424746,432.24233674883,
    0.177006803229));
#7084 = PCURVE('',#3333,#7085);
#7085 = DEFINITIONAL_REPRESENTATION('',(#7086),#7089);
#7086 = B_SPLINE_CURVE_WITH_KNOTS('',1,(#7087,#7088),.UNSPECIFIED.,.F.,
  .F.,(2,2),(10.,11.),.PIECEWISE_BEZIER_KNOTS.);
#7087 = CARTESIAN_POINT('',(15.510151625304,0.378859831186));
#7088 = CARTESIAN_POINT('',(1.301695484176E-02,0.676881651772));
#7089 = ( GEOMETRIC_REPRESENTATION_CONTEXT(2) 
PARAMETRIC_REPRESENTATION_CONTEXT() REPRESENTATION_CONTEXT('2D SPACE',''
  ) );
#7090 = PCURVE('',#3793,#7091);
#7091 = DEFINITIONAL_REPRESENTATION('',(#7092),#7096);
#7092 = LINE('',#7093,#7094);
#7093 = CARTESIAN_POINT('',(0.,0.));
#7094 = VECTOR('',#7095,1.);
#7095 = DIRECTION('',(1.,0.));
#7096 = ( GEOMETRIC_REPRESENTATION_CONTEXT(2) 
PARAMETRIC_REPRESENTATION_CONTEXT() REPRESENTATION_CONTEXT('2D SPACE',''
  ) );
#7097 = ORIENTED_EDGE('',*,*,#4047,.T.);
#7098 = ORIENTED_EDGE('',*,*,#3320,.F.);
#7099 = ORIENTED_EDGE('',*,*,#6367,.F.);
#7100 = ORIENTED_EDGE('',*,*,#7101,.T.);
#7101 = EDGE_CURVE('',#6368,#7102,#7104,.T.);
#7102 = VERTEX_POINT('',#7103);
#7103 = CARTESIAN_POINT('',(3.176138344494,407.58867010958,
    7.60576107626E-03));
#7104 = SURFACE_CURVE('',#7105,(#7108,#7114),.PCURVE_S1.);
#7105 = B_SPLINE_CURVE_WITH_KNOTS('',1,(#7106,#7107),.UNSPECIFIED.,.F.,
  .F.,(2,2),(2.,3.),.PIECEWISE_BEZIER_KNOTS.);
#7106 = CARTESIAN_POINT('',(3.244829287063,406.27796884521,0.));
#7107 = CARTESIAN_POINT('',(3.176138344494,407.58867010958,
    7.60576107626E-03));
#7108 = PCURVE('',#3333,#7109);
#7109 = DEFINITIONAL_REPRESENTATION('',(#7110),#7113);
#7110 = B_SPLINE_CURVE_WITH_KNOTS('',1,(#7111,#7112),.UNSPECIFIED.,.F.,
  .F.,(2,2),(2.,3.),.PIECEWISE_BEZIER_KNOTS.);
#7111 = CARTESIAN_POINT('',(26.004807247892,0.));
#7112 = CARTESIAN_POINT('',(24.6926961142,3.284007375413E-02));
#7113 = ( GEOMETRIC_REPRESENTATION_CONTEXT(2) 
PARAMETRIC_REPRESENTATION_CONTEXT() REPRESENTATION_CONTEXT('2D SPACE',''
  ) );
#7114 = PCURVE('',#4469,#7115);
#7115 = DEFINITIONAL_REPRESENTATION('',(#7116),#7120);
#7116 = LINE('',#7117,#7118);
#7117 = CARTESIAN_POINT('',(0.,0.));
#7118 = VECTOR('',#7119,1.);
#7119 = DIRECTION('',(1.,0.));
#7120 = ( GEOMETRIC_REPRESENTATION_CONTEXT(2) 
PARAMETRIC_REPRESENTATION_CONTEXT() REPRESENTATION_CONTEXT('2D SPACE',''
  ) );
#7121 = ORIENTED_EDGE('',*,*,#7122,.T.);
#7122 = EDGE_CURVE('',#7102,#7123,#7125,.T.);
#7123 = VERTEX_POINT('',#7124);
#7124 = CARTESIAN_POINT('',(3.107447401925,408.89937137394,
    2.765731300458E-02));
#7125 = SURFACE_CURVE('',#7126,(#7129,#7135),.PCURVE_S1.);
#7126 = B_SPLINE_CURVE_WITH_KNOTS('',1,(#7127,#7128),.UNSPECIFIED.,.F.,
  .F.,(2,2),(3.,4.),.PIECEWISE_BEZIER_KNOTS.);
#7127 = CARTESIAN_POINT('',(3.176138344494,407.58867010958,
    7.60576107626E-03));
#7128 = CARTESIAN_POINT('',(3.107447401925,408.89937137394,
    2.765731300458E-02));
#7129 = PCURVE('',#3333,#7130);
#7130 = DEFINITIONAL_REPRESENTATION('',(#7131),#7134);
#7131 = B_SPLINE_CURVE_WITH_KNOTS('',1,(#7132,#7133),.UNSPECIFIED.,.F.,
  .F.,(2,2),(3.,4.),.PIECEWISE_BEZIER_KNOTS.);
#7132 = CARTESIAN_POINT('',(24.6926961142,3.284007375413E-02));
#7133 = CARTESIAN_POINT('',(23.380824278396,7.81236376318E-02));
#7134 = ( GEOMETRIC_REPRESENTATION_CONTEXT(2) 
PARAMETRIC_REPRESENTATION_CONTEXT() REPRESENTATION_CONTEXT('2D SPACE',''
  ) );
#7135 = PCURVE('',#4543,#7136);
#7136 = DEFINITIONAL_REPRESENTATION('',(#7137),#7141);
#7137 = LINE('',#7138,#7139);
#7138 = CARTESIAN_POINT('',(0.,0.));
#7139 = VECTOR('',#7140,1.);
#7140 = DIRECTION('',(1.,0.));
#7141 = ( GEOMETRIC_REPRESENTATION_CONTEXT(2) 
PARAMETRIC_REPRESENTATION_CONTEXT() REPRESENTATION_CONTEXT('2D SPACE',''
  ) );
#7142 = ORIENTED_EDGE('',*,*,#7143,.T.);
#7143 = EDGE_CURVE('',#7123,#7144,#7146,.T.);
#7144 = VERTEX_POINT('',#7145);
#7145 = CARTESIAN_POINT('',(3.038756459356,410.21007263831,
    5.600605883428E-02));
#7146 = SURFACE_CURVE('',#7147,(#7150,#7156),.PCURVE_S1.);
#7147 = B_SPLINE_CURVE_WITH_KNOTS('',1,(#7148,#7149),.UNSPECIFIED.,.F.,
  .F.,(2,2),(4.,5.),.PIECEWISE_BEZIER_KNOTS.);
#7148 = CARTESIAN_POINT('',(3.107447401925,408.89937137394,
    2.765731300458E-02));
#7149 = CARTESIAN_POINT('',(3.038756459356,410.21007263831,
    5.600605883428E-02));
#7150 = PCURVE('',#3333,#7151);
#7151 = DEFINITIONAL_REPRESENTATION('',(#7152),#7155);
#7152 = B_SPLINE_CURVE_WITH_KNOTS('',1,(#7153,#7154),.UNSPECIFIED.,.F.,
  .F.,(2,2),(4.,5.),.PIECEWISE_BEZIER_KNOTS.);
#7153 = CARTESIAN_POINT('',(23.380824278396,7.81236376318E-02));
#7154 = CARTESIAN_POINT('',(22.069111974516,0.131702861592));
#7155 = ( GEOMETRIC_REPRESENTATION_CONTEXT(2) 
PARAMETRIC_REPRESENTATION_CONTEXT() REPRESENTATION_CONTEXT('2D SPACE',''
  ) );
#7156 = PCURVE('',#4617,#7157);
#7157 = DEFINITIONAL_REPRESENTATION('',(#7158),#7162);
#7158 = LINE('',#7159,#7160);
#7159 = CARTESIAN_POINT('',(0.,0.));
#7160 = VECTOR('',#7161,1.);
#7161 = DIRECTION('',(1.,0.));
#7162 = ( GEOMETRIC_REPRESENTATION_CONTEXT(2) 
PARAMETRIC_REPRESENTATION_CONTEXT() REPRESENTATION_CONTEXT('2D SPACE',''
  ) );
#7163 = ORIENTED_EDGE('',*,*,#7164,.T.);
#7164 = EDGE_CURVE('',#7144,#7165,#7167,.T.);
#7165 = VERTEX_POINT('',#7166);
#7166 = CARTESIAN_POINT('',(2.970065516787,411.52077390267,
    8.850340161467E-02));
#7167 = SURFACE_CURVE('',#7168,(#7171,#7177),.PCURVE_S1.);
#7168 = B_SPLINE_CURVE_WITH_KNOTS('',1,(#7169,#7170),.UNSPECIFIED.,.F.,
  .F.,(2,2),(5.,6.),.PIECEWISE_BEZIER_KNOTS.);
#7169 = CARTESIAN_POINT('',(3.038756459356,410.21007263831,
    5.600605883428E-02));
#7170 = CARTESIAN_POINT('',(2.970065516787,411.52077390267,
    8.850340161467E-02));
#7171 = PCURVE('',#3333,#7172);
#7172 = DEFINITIONAL_REPRESENTATION('',(#7173),#7176);
#7173 = B_SPLINE_CURVE_WITH_KNOTS('',1,(#7174,#7175),.UNSPECIFIED.,.F.,
  .F.,(2,2),(5.,6.),.PIECEWISE_BEZIER_KNOTS.);
#7174 = CARTESIAN_POINT('',(22.069111974516,0.131702861592));
#7175 = CARTESIAN_POINT('',(20.757479436598,0.189429915593));
#7176 = ( GEOMETRIC_REPRESENTATION_CONTEXT(2) 
PARAMETRIC_REPRESENTATION_CONTEXT() REPRESENTATION_CONTEXT('2D SPACE',''
  ) );
#7177 = PCURVE('',#4691,#7178);
#7178 = DEFINITIONAL_REPRESENTATION('',(#7179),#7183);
#7179 = LINE('',#7180,#7181);
#7180 = CARTESIAN_POINT('',(0.,0.));
#7181 = VECTOR('',#7182,1.);
#7182 = DIRECTION('',(1.,0.));
#7183 = ( GEOMETRIC_REPRESENTATION_CONTEXT(2) 
PARAMETRIC_REPRESENTATION_CONTEXT() REPRESENTATION_CONTEXT('2D SPACE',''
  ) );
#7184 = ORIENTED_EDGE('',*,*,#7185,.T.);
#7185 = EDGE_CURVE('',#7165,#7186,#7188,.T.);
#7186 = VERTEX_POINT('',#7187);
#7187 = CARTESIAN_POINT('',(2.901374574218,412.83147516704,
    0.121000744395));
#7188 = SURFACE_CURVE('',#7189,(#7192,#7198),.PCURVE_S1.);
#7189 = B_SPLINE_CURVE_WITH_KNOTS('',1,(#7190,#7191),.UNSPECIFIED.,.F.,
  .F.,(2,2),(6.,7.),.PIECEWISE_BEZIER_KNOTS.);
#7190 = CARTESIAN_POINT('',(2.970065516787,411.52077390267,
    8.850340161467E-02));
#7191 = CARTESIAN_POINT('',(2.901374574218,412.83147516704,
    0.121000744395));
#7192 = PCURVE('',#3333,#7193);
#7193 = DEFINITIONAL_REPRESENTATION('',(#7194),#7197);
#7194 = B_SPLINE_CURVE_WITH_KNOTS('',1,(#7195,#7196),.UNSPECIFIED.,.F.,
  .F.,(2,2),(6.,7.),.PIECEWISE_BEZIER_KNOTS.);
#7195 = CARTESIAN_POINT('',(20.757479436598,0.189429915593));
#7196 = CARTESIAN_POINT('',(19.44584689868,0.247156969594));
#7197 = ( GEOMETRIC_REPRESENTATION_CONTEXT(2) 
PARAMETRIC_REPRESENTATION_CONTEXT() REPRESENTATION_CONTEXT('2D SPACE',''
  ) );
#7198 = PCURVE('',#4765,#7199);
#7199 = DEFINITIONAL_REPRESENTATION('',(#7200),#7204);
#7200 = LINE('',#7201,#7202);
#7201 = CARTESIAN_POINT('',(0.,0.));
#7202 = VECTOR('',#7203,1.);
#7203 = DIRECTION('',(1.,0.));
#7204 = ( GEOMETRIC_REPRESENTATION_CONTEXT(2) 
PARAMETRIC_REPRESENTATION_CONTEXT() REPRESENTATION_CONTEXT('2D SPACE',''
  ) );
#7205 = ORIENTED_EDGE('',*,*,#7206,.T.);
#7206 = EDGE_CURVE('',#7186,#7207,#7209,.T.);
#7207 = VERTEX_POINT('',#7208);
#7208 = CARTESIAN_POINT('',(2.832683631649,414.1421764314,0.149349490225
    ));
#7209 = SURFACE_CURVE('',#7210,(#7213,#7219),.PCURVE_S1.);
#7210 = B_SPLINE_CURVE_WITH_KNOTS('',1,(#7211,#7212),.UNSPECIFIED.,.F.,
  .F.,(2,2),(7.,8.),.PIECEWISE_BEZIER_KNOTS.);
#7211 = CARTESIAN_POINT('',(2.901374574218,412.83147516704,
    0.121000744395));
#7212 = CARTESIAN_POINT('',(2.832683631649,414.1421764314,0.149349490225
    ));
#7213 = PCURVE('',#3333,#7214);
#7214 = DEFINITIONAL_REPRESENTATION('',(#7215),#7218);
#7215 = B_SPLINE_CURVE_WITH_KNOTS('',1,(#7216,#7217),.UNSPECIFIED.,.F.,
  .F.,(2,2),(7.,8.),.PIECEWISE_BEZIER_KNOTS.);
#7216 = CARTESIAN_POINT('',(19.44584689868,0.247156969594));
#7217 = CARTESIAN_POINT('',(18.134134594801,0.300736193554));
#7218 = ( GEOMETRIC_REPRESENTATION_CONTEXT(2) 
PARAMETRIC_REPRESENTATION_CONTEXT() REPRESENTATION_CONTEXT('2D SPACE',''
  ) );
#7219 = PCURVE('',#4839,#7220);
#7220 = DEFINITIONAL_REPRESENTATION('',(#7221),#7225);
#7221 = LINE('',#7222,#7223);
#7222 = CARTESIAN_POINT('',(0.,0.));
#7223 = VECTOR('',#7224,1.);
#7224 = DIRECTION('',(1.,0.));
#7225 = ( GEOMETRIC_REPRESENTATION_CONTEXT(2) 
PARAMETRIC_REPRESENTATION_CONTEXT() REPRESENTATION_CONTEXT('2D SPACE',''
  ) );
#7226 = ORIENTED_EDGE('',*,*,#7227,.T.);
#7227 = EDGE_CURVE('',#7207,#7228,#7230,.T.);
#7228 = VERTEX_POINT('',#7229);
#7229 = CARTESIAN_POINT('',(2.76399268908,415.45287769577,0.169401042153
    ));
#7230 = SURFACE_CURVE('',#7231,(#7234,#7240),.PCURVE_S1.);
#7231 = B_SPLINE_CURVE_WITH_KNOTS('',1,(#7232,#7233),.UNSPECIFIED.,.F.,
  .F.,(2,2),(8.,9.),.PIECEWISE_BEZIER_KNOTS.);
#7232 = CARTESIAN_POINT('',(2.832683631649,414.1421764314,0.149349490225
    ));
#7233 = CARTESIAN_POINT('',(2.76399268908,415.45287769577,0.169401042153
    ));
#7234 = PCURVE('',#3333,#7235);
#7235 = DEFINITIONAL_REPRESENTATION('',(#7236),#7239);
#7236 = B_SPLINE_CURVE_WITH_KNOTS('',1,(#7237,#7238),.UNSPECIFIED.,.F.,
  .F.,(2,2),(8.,9.),.PIECEWISE_BEZIER_KNOTS.);
#7237 = CARTESIAN_POINT('',(18.134134594801,0.300736193554));
#7238 = CARTESIAN_POINT('',(16.822262758996,0.346019757432));
#7239 = ( GEOMETRIC_REPRESENTATION_CONTEXT(2) 
PARAMETRIC_REPRESENTATION_CONTEXT() REPRESENTATION_CONTEXT('2D SPACE',''
  ) );
#7240 = PCURVE('',#4913,#7241);
#7241 = DEFINITIONAL_REPRESENTATION('',(#7242),#7246);
#7242 = LINE('',#7243,#7244);
#7243 = CARTESIAN_POINT('',(0.,0.));
#7244 = VECTOR('',#7245,1.);
#7245 = DIRECTION('',(1.,0.));
#7246 = ( GEOMETRIC_REPRESENTATION_CONTEXT(2) 
PARAMETRIC_REPRESENTATION_CONTEXT() REPRESENTATION_CONTEXT('2D SPACE',''
  ) );
#7247 = ORIENTED_EDGE('',*,*,#7248,.T.);
#7248 = EDGE_CURVE('',#7228,#7078,#7249,.T.);
#7249 = SURFACE_CURVE('',#7250,(#7253,#7259),.PCURVE_S1.);
#7250 = B_SPLINE_CURVE_WITH_KNOTS('',1,(#7251,#7252),.UNSPECIFIED.,.F.,
  .F.,(2,2),(9.,10.),.PIECEWISE_BEZIER_KNOTS.);
#7251 = CARTESIAN_POINT('',(2.76399268908,415.45287769577,0.169401042153
    ));
#7252 = CARTESIAN_POINT('',(2.695301746512,416.76357896014,
    0.177006803229));
#7253 = PCURVE('',#3333,#7254);
#7254 = DEFINITIONAL_REPRESENTATION('',(#7255),#7258);
#7255 = B_SPLINE_CURVE_WITH_KNOTS('',1,(#7256,#7257),.UNSPECIFIED.,.F.,
  .F.,(2,2),(9.,10.),.PIECEWISE_BEZIER_KNOTS.);
#7256 = CARTESIAN_POINT('',(16.822262758996,0.346019757432));
#7257 = CARTESIAN_POINT('',(15.510151625304,0.378859831186));
#7258 = ( GEOMETRIC_REPRESENTATION_CONTEXT(2) 
PARAMETRIC_REPRESENTATION_CONTEXT() REPRESENTATION_CONTEXT('2D SPACE',''
  ) );
#7259 = PCURVE('',#4985,#7260);
#7260 = DEFINITIONAL_REPRESENTATION('',(#7261),#7265);
#7261 = LINE('',#7262,#7263);
#7262 = CARTESIAN_POINT('',(0.,0.));
#7263 = VECTOR('',#7264,1.);
#7264 = DIRECTION('',(1.,0.));
#7265 = ( GEOMETRIC_REPRESENTATION_CONTEXT(2) 
PARAMETRIC_REPRESENTATION_CONTEXT() REPRESENTATION_CONTEXT('2D SPACE',''
  ) );
#7266 = ADVANCED_FACE('',(#7267,#7313),#3793,.T.);
#7267 = FACE_BOUND('',#7268,.T.);
#7268 = EDGE_LOOP('',(#7269,#7309,#7310,#7311,#7312));
#7269 = ORIENTED_EDGE('',*,*,#7270,.F.);
#7270 = EDGE_CURVE('',#7078,#4322,#7271,.T.);
#7271 = SURFACE_CURVE('',#7272,(#7295,#7302),.PCURVE_S1.);
#7272 = ( BOUNDED_CURVE() B_SPLINE_CURVE(3,(#7273,#7274,#7275,#7276,
    #7277,#7278,#7279,#7280,#7281,#7282,#7283,#7284,#7285,#7286,#7287,
    #7288,#7289,#7290,#7291,#7292,#7293,#7294),.UNSPECIFIED.,.F.,.F.) 
B_SPLINE_CURVE_WITH_KNOTS((4,1,1,1,1,1,1,1,1,1,1,1,1,1,1,1,1,1,1,4),(0.,
    5.218380768594E-02,0.104924849979,0.158249728388,0.212037422186,
    0.266073258756,0.320098130577,0.373854821642,0.427134464983,
    0.479826107743,0.531971081028,0.583831321693,0.635742389654,
    0.687819682816,0.740024789052,0.792245645251,0.844362126807,
0.89631140842,0.94815736877,1.),.UNSPECIFIED.) CURVE() 
GEOMETRIC_REPRESENTATION_ITEM() RATIONAL_B_SPLINE_CURVE((1.,
    1.000000000002,0.999999999999,1.,1.,1.,1.,1.,1.,1.,1.,1.,1.,1.,1.,1.
    ,1.,1.000000000001,0.999999999997,1.000000000012,0.999999999975,1.))
 REPRESENTATION_ITEM('') );
#7273 = CARTESIAN_POINT('',(2.695301746512,416.76357896014,
    0.177006803229));
#7274 = CARTESIAN_POINT('',(3.89719216631,416.82657471876,0.331320860543
    ));
#7275 = CARTESIAN_POINT('',(6.30077237495,417.03765166781,0.834106175641
    ));
#7276 = CARTESIAN_POINT('',(9.854337927599,417.60198940002,
    2.040093767284));
#7277 = CARTESIAN_POINT('',(13.355144004248,418.41155068663,
    3.584275255514));
#7278 = CARTESIAN_POINT('',(16.788229319297,419.46206079629,
    5.351658670715));
#7279 = CARTESIAN_POINT('',(20.138612748068,420.74845958607,
    7.228045773616));
#7280 = CARTESIAN_POINT('',(23.391418383343,422.26489556278,
    9.100012696677));
#7281 = CARTESIAN_POINT('',(26.532084685895,424.00474901682,
    10.852504334148));
#7282 = CARTESIAN_POINT('',(29.546613597473,425.9608262878,
    12.376068706587));
#7283 = CARTESIAN_POINT('',(32.421382937855,428.12525712305,
    13.538290446197));
#7284 = CARTESIAN_POINT('',(35.144186770581,430.4906163436,
    14.286143847982));
#7285 = CARTESIAN_POINT('',(37.697063884552,433.04320374377,
    14.26442585227));
#7286 = CARTESIAN_POINT('',(40.059318216343,435.76132803689,
    14.602034937427));
#7287 = CARTESIAN_POINT('',(42.223185291702,438.63356505356,
    15.230118923348));
#7288 = CARTESIAN_POINT('',(44.180213764651,441.64749391568,
    16.000643373233));
#7289 = CARTESIAN_POINT('',(45.922395051067,444.79022840501,
    16.788172189398));
#7290 = CARTESIAN_POINT('',(47.442153679453,448.04840864753,
    17.461743259718));
#7291 = CARTESIAN_POINT('',(48.732586314058,451.4090014372,
    17.890402105135));
#7292 = CARTESIAN_POINT('',(49.78589435275,454.85355017986,
    17.944381404882));
#7293 = CARTESIAN_POINT('',(50.324689183696,457.18914564334,
    17.802824491462));
#7294 = CARTESIAN_POINT('',(50.553799947555,458.3663367381,17.9));
#7295 = PCURVE('',#3793,#7296);
#7296 = DEFINITIONAL_REPRESENTATION('',(#7297),#7301);
#7297 = LINE('',#7298,#7299);
#7298 = CARTESIAN_POINT('',(10.,0.));
#7299 = VECTOR('',#7300,1.);
#7300 = DIRECTION('',(0.,1.));
#7301 = ( GEOMETRIC_REPRESENTATION_CONTEXT(2) 
PARAMETRIC_REPRESENTATION_CONTEXT() REPRESENTATION_CONTEXT('2D SPACE',''
  ) );
#7302 = PCURVE('',#4985,#7303);
#7303 = DEFINITIONAL_REPRESENTATION('',(#7304),#7308);
#7304 = LINE('',#7305,#7306);
#7305 = CARTESIAN_POINT('',(10.,0.));
#7306 = VECTOR('',#7307,1.);
#7307 = DIRECTION('',(0.,1.));
#7308 = ( GEOMETRIC_REPRESENTATION_CONTEXT(2) 
PARAMETRIC_REPRESENTATION_CONTEXT() REPRESENTATION_CONTEXT('2D SPACE',''
  ) );
#7309 = ORIENTED_EDGE('',*,*,#7077,.T.);
#7310 = ORIENTED_EDGE('',*,*,#3373,.T.);
#7311 = ORIENTED_EDGE('',*,*,#4166,.T.);
#7312 = ORIENTED_EDGE('',*,*,#4321,.T.);
#7313 = FACE_BOUND('',#7314,.T.);
#7314 = EDGE_LOOP('',(#7315,#7316));
#7315 = ORIENTED_EDGE('',*,*,#5600,.T.);
#7316 = ORIENTED_EDGE('',*,*,#6002,.T.);
#7317 = ADVANCED_FACE('',(#7318),#4985,.T.);
#7318 = FACE_BOUND('',#7319,.T.);
#7319 = EDGE_LOOP('',(#7320,#7360,#7361,#7362));
#7320 = ORIENTED_EDGE('',*,*,#7321,.F.);
#7321 = EDGE_CURVE('',#7228,#4894,#7322,.T.);
#7322 = SURFACE_CURVE('',#7323,(#7346,#7353),.PCURVE_S1.);
#7323 = ( BOUNDED_CURVE() B_SPLINE_CURVE(3,(#7324,#7325,#7326,#7327,
    #7328,#7329,#7330,#7331,#7332,#7333,#7334,#7335,#7336,#7337,#7338,
    #7339,#7340,#7341,#7342,#7343,#7344,#7345),.UNSPECIFIED.,.F.,.F.) 
B_SPLINE_CURVE_WITH_KNOTS((4,1,1,1,1,1,1,1,1,1,1,1,1,1,1,1,1,1,1,4),(0.,
    5.218380768594E-02,0.104924849979,0.158249728388,0.212037422186,
    0.266073258756,0.320098130577,0.373854821642,0.427134464983,
    0.479826107743,0.531971081028,0.583831321693,0.635742389654,
    0.687819682816,0.740024789052,0.792245645251,0.844362126807,
0.89631140842,0.94815736877,1.),.UNSPECIFIED.) CURVE() 
GEOMETRIC_REPRESENTATION_ITEM() RATIONAL_B_SPLINE_CURVE((1.,
    1.000000000002,0.999999999999,1.,1.,1.,1.,1.,1.,1.,1.,1.,1.,1.,1.,1.
    ,1.,1.000000000001,0.999999999997,1.000000000012,0.999999999975,1.))
 REPRESENTATION_ITEM('') );
#7324 = CARTESIAN_POINT('',(2.76399268908,415.45287769577,0.169401042153
    ));
#7325 = CARTESIAN_POINT('',(3.996513810377,415.51747892336,
    0.317084417103));
#7326 = CARTESIAN_POINT('',(6.461350312134,415.73393526871,
    0.798265676007));
#7327 = CARTESIAN_POINT('',(10.105480034856,416.31265539131,
    1.952433488193));
#7328 = CARTESIAN_POINT('',(13.695505684001,417.14284870189,
    3.430263428136));
#7329 = CARTESIAN_POINT('',(17.216084678154,418.22013152041,
    5.121704587206));
#7330 = CARTESIAN_POINT('',(20.651854092378,419.53931474543,
    6.917465681782));
#7331 = CARTESIAN_POINT('',(23.987558900393,421.09439775552,
    8.708996526117));
#7332 = CARTESIAN_POINT('',(27.208266455803,422.87859213497,
    10.38618578854));
#7333 = CARTESIAN_POINT('',(30.299621953719,424.88452088979,
    11.844284504351));
#7334 = CARTESIAN_POINT('',(33.247656046708,427.1041131905,
    12.956567028587));
#7335 = CARTESIAN_POINT('',(36.039851724685,429.5297546242,
    13.672286104514));
#7336 = CARTESIAN_POINT('',(38.657790027241,432.14739582947,
    13.651501303931));
#7337 = CARTESIAN_POINT('',(41.080247442731,434.93479270773,
    13.974603748709));
#7338 = CARTESIAN_POINT('',(43.299261615884,437.88022993964,
    14.575699750861));
#7339 = CARTESIAN_POINT('',(45.306165814479,440.97097009555,
    15.313115728289));
#7340 = CARTESIAN_POINT('',(47.092747352126,444.19379854648,
    16.066805415635));
#7341 = CARTESIAN_POINT('',(48.651237693128,447.5350149356,
    16.711433979028));
#7342 = CARTESIAN_POINT('',(49.974557567207,450.98125390206,
    17.121673889677));
#7343 = CARTESIAN_POINT('',(51.05470962145,454.51358846935,
    17.173333766404));
#7344 = CARTESIAN_POINT('',(51.607235874054,456.90870761601,
    17.037859376566));
#7345 = CARTESIAN_POINT('',(51.84218562583,458.11589993167,17.130859375)
  );
#7346 = PCURVE('',#4985,#7347);
#7347 = DEFINITIONAL_REPRESENTATION('',(#7348),#7352);
#7348 = LINE('',#7349,#7350);
#7349 = CARTESIAN_POINT('',(9.,0.));
#7350 = VECTOR('',#7351,1.);
#7351 = DIRECTION('',(0.,1.));
#7352 = ( GEOMETRIC_REPRESENTATION_CONTEXT(2) 
PARAMETRIC_REPRESENTATION_CONTEXT() REPRESENTATION_CONTEXT('2D SPACE',''
  ) );
#7353 = PCURVE('',#4913,#7354);
#7354 = DEFINITIONAL_REPRESENTATION('',(#7355),#7359);
#7355 = LINE('',#7356,#7357);
#7356 = CARTESIAN_POINT('',(9.,0.));
#7357 = VECTOR('',#7358,1.);
#7358 = DIRECTION('',(0.,1.));
#7359 = ( GEOMETRIC_REPRESENTATION_CONTEXT(2) 
PARAMETRIC_REPRESENTATION_CONTEXT() REPRESENTATION_CONTEXT('2D SPACE',''
  ) );
#7360 = ORIENTED_EDGE('',*,*,#7248,.T.);
#7361 = ORIENTED_EDGE('',*,*,#7270,.T.);
#7362 = ORIENTED_EDGE('',*,*,#4967,.T.);
#7363 = ADVANCED_FACE('',(#7364),#4913,.T.);
#7364 = FACE_BOUND('',#7365,.T.);
#7365 = EDGE_LOOP('',(#7366,#7406,#7407,#7408));
#7366 = ORIENTED_EDGE('',*,*,#7367,.F.);
#7367 = EDGE_CURVE('',#7207,#4820,#7368,.T.);
#7368 = SURFACE_CURVE('',#7369,(#7392,#7399),.PCURVE_S1.);
#7369 = ( BOUNDED_CURVE() B_SPLINE_CURVE(3,(#7370,#7371,#7372,#7373,
    #7374,#7375,#7376,#7377,#7378,#7379,#7380,#7381,#7382,#7383,#7384,
    #7385,#7386,#7387,#7388,#7389,#7390,#7391),.UNSPECIFIED.,.F.,.F.) 
B_SPLINE_CURVE_WITH_KNOTS((4,1,1,1,1,1,1,1,1,1,1,1,1,1,1,1,1,1,1,4),(0.,
    5.218380768594E-02,0.104924849979,0.158249728388,0.212037422186,
    0.266073258756,0.320098130577,0.373854821642,0.427134464983,
    0.479826107743,0.531971081028,0.583831321693,0.635742389654,
    0.687819682816,0.740024789052,0.792245645251,0.844362126807,
0.89631140842,0.94815736877,1.),.UNSPECIFIED.) CURVE() 
GEOMETRIC_REPRESENTATION_ITEM() RATIONAL_B_SPLINE_CURVE((1.,
    1.000000000002,0.999999999999,1.,1.,1.,1.,1.,1.,1.,1.,1.,1.,1.,1.,1.
    ,1.,1.000000000001,0.999999999997,1.000000000012,0.999999999975,1.))
 REPRESENTATION_ITEM('') );
#7370 = CARTESIAN_POINT('',(2.832683631649,414.1421764314,0.149349490225
    ));
#7371 = CARTESIAN_POINT('',(4.095835455187,414.20838312721,
    0.279551975887));
#7372 = CARTESIAN_POINT('',(6.621928248971,414.43021886995,0.70377708579
    ));
#7373 = CARTESIAN_POINT('',(10.356622142208,415.02332138251,
    1.721329116121));
#7374 = CARTESIAN_POINT('',(14.035867363728,415.87414671718,
    3.024232246847));
#7375 = CARTESIAN_POINT('',(17.643940037017,416.97820224453,
    4.515462003414));
#7376 = CARTESIAN_POINT('',(21.165095436686,418.3301699048,
    6.098663621489));
#7377 = CARTESIAN_POINT('',(24.583699417444,419.92389994826,
    7.678135712821));
#7378 = CARTESIAN_POINT('',(27.884448225711,421.75243525311,
    9.156800531938));
#7379 = CARTESIAN_POINT('',(31.052630309965,423.80821549179,
    10.442307971183));
#7380 = CARTESIAN_POINT('',(34.073929155561,426.08296925796,
    11.422932563979));
#7381 = CARTESIAN_POINT('',(36.93551667879,428.5688929048,
    12.053933871735));
#7382 = CARTESIAN_POINT('',(39.61851616993,431.25158791518,
    12.035609312853));
#7383 = CARTESIAN_POINT('',(42.101176669118,434.10825737857,
    12.320466978454));
#7384 = CARTESIAN_POINT('',(44.375337940066,437.1268948257,
    12.850412841575));
#7385 = CARTESIAN_POINT('',(46.432117864307,440.29444627546,
    13.500542846165));
#7386 = CARTESIAN_POINT('',(48.263099653179,443.59736868779,
    14.165020284804));
#7387 = CARTESIAN_POINT('',(49.860321706824,447.02162122424,
    14.73334587539));
#7388 = CARTESIAN_POINT('',(51.21652882028,450.55350636476,
    15.095026776194));
#7389 = CARTESIAN_POINT('',(52.323524890435,454.17362676692,
    15.140571810419));
#7390 = CARTESIAN_POINT('',(52.889782563798,456.62826957127,
    15.021133164565));
#7391 = CARTESIAN_POINT('',(53.130571304105,457.86546312524,15.103125));
#7392 = PCURVE('',#4913,#7393);
#7393 = DEFINITIONAL_REPRESENTATION('',(#7394),#7398);
#7394 = LINE('',#7395,#7396);
#7395 = CARTESIAN_POINT('',(8.,0.));
#7396 = VECTOR('',#7397,1.);
#7397 = DIRECTION('',(0.,1.));
#7398 = ( GEOMETRIC_REPRESENTATION_CONTEXT(2) 
PARAMETRIC_REPRESENTATION_CONTEXT() REPRESENTATION_CONTEXT('2D SPACE',''
  ) );
#7399 = PCURVE('',#4839,#7400);
#7400 = DEFINITIONAL_REPRESENTATION('',(#7401),#7405);
#7401 = LINE('',#7402,#7403);
#7402 = CARTESIAN_POINT('',(8.,0.));
#7403 = VECTOR('',#7404,1.);
#7404 = DIRECTION('',(0.,1.));
#7405 = ( GEOMETRIC_REPRESENTATION_CONTEXT(2) 
PARAMETRIC_REPRESENTATION_CONTEXT() REPRESENTATION_CONTEXT('2D SPACE',''
  ) );
#7406 = ORIENTED_EDGE('',*,*,#7227,.T.);
#7407 = ORIENTED_EDGE('',*,*,#7321,.T.);
#7408 = ORIENTED_EDGE('',*,*,#4893,.T.);
#7409 = ADVANCED_FACE('',(#7410),#4839,.T.);
#7410 = FACE_BOUND('',#7411,.T.);
#7411 = EDGE_LOOP('',(#7412,#7452,#7453,#7454));
#7412 = ORIENTED_EDGE('',*,*,#7413,.F.);
#7413 = EDGE_CURVE('',#7186,#4746,#7414,.T.);
#7414 = SURFACE_CURVE('',#7415,(#7438,#7445),.PCURVE_S1.);
#7415 = ( BOUNDED_CURVE() B_SPLINE_CURVE(3,(#7416,#7417,#7418,#7419,
    #7420,#7421,#7422,#7423,#7424,#7425,#7426,#7427,#7428,#7429,#7430,
    #7431,#7432,#7433,#7434,#7435,#7436,#7437),.UNSPECIFIED.,.F.,.F.) 
B_SPLINE_CURVE_WITH_KNOTS((4,1,1,1,1,1,1,1,1,1,1,1,1,1,1,1,1,1,1,4),(0.,
    5.218380768594E-02,0.104924849979,0.158249728388,0.212037422186,
    0.266073258756,0.320098130577,0.373854821642,0.427134464983,
    0.479826107743,0.531971081028,0.583831321693,0.635742389654,
    0.687819682816,0.740024789052,0.792245645251,0.844362126807,
0.89631140842,0.94815736877,1.),.UNSPECIFIED.) CURVE() 
GEOMETRIC_REPRESENTATION_ITEM() RATIONAL_B_SPLINE_CURVE((1.,
    1.000000000002,0.999999999999,1.,1.,1.,1.,1.,1.,1.,1.,1.,1.,1.,1.,1.
    ,1.,1.000000000001,0.999999999997,1.000000000012,0.999999999975,1.))
 REPRESENTATION_ITEM('') );
#7416 = CARTESIAN_POINT('',(2.901374574218,412.83147516704,
    0.121000744395));
#7417 = CARTESIAN_POINT('',(4.195157100854,412.89928734012,
    0.226488869424));
#7418 = CARTESIAN_POINT('',(6.782506185405,413.12650246695,
    0.570189768546));
#7419 = CARTESIAN_POINT('',(10.60776424967,413.73398737486,
    1.394595348718));
#7420 = CARTESIAN_POINT('',(14.376229043425,414.60544473215,
    2.450188162952));
#7421 = CARTESIAN_POINT('',(18.071795395889,415.73627296874,
    3.658360419433));
#7422 = CARTESIAN_POINT('',(21.678336780991,417.12102506415,
    4.941046915558));
#7423 = CARTESIAN_POINT('',(25.179839934496,418.753402141,6.220711804369
    ));
#7424 = CARTESIAN_POINT('',(28.560629995618,420.62627837126,
    7.418704134672));
#7425 = CARTESIAN_POINT('',(31.805638666211,422.73191009378,
    8.460203217394));
#7426 = CARTESIAN_POINT('',(34.900202264414,425.06182532542,
    9.254690734705));
#7427 = CARTESIAN_POINT('',(37.831181632894,427.6080311854,
    9.765918646082));
#7428 = CARTESIAN_POINT('',(40.579242312619,430.35578000088,
    9.75107235995));
#7429 = CARTESIAN_POINT('',(43.122105895506,433.28172204941,
    9.981859820506));
#7430 = CARTESIAN_POINT('',(45.451414264248,436.37355971179,
    10.411214107758));
#7431 = CARTESIAN_POINT('',(47.558069914133,439.6179224553,
    10.937939805921));
#7432 = CARTESIAN_POINT('',(49.433451954244,443.00093882935,
    11.476289582596));
#7433 = CARTESIAN_POINT('',(51.069405720477,446.50822751196,
    11.936738556449));
#7434 = CARTESIAN_POINT('',(52.458500073514,450.12575883092,
    12.229767064054));
#7435 = CARTESIAN_POINT('',(53.592340158821,453.83366505159,
    12.266666976006));
#7436 = CARTESIAN_POINT('',(54.172329254834,456.34783155433,
    12.169899554684));
#7437 = CARTESIAN_POINT('',(54.41895698238,457.61502631881,12.236328125)
  );
#7438 = PCURVE('',#4839,#7439);
#7439 = DEFINITIONAL_REPRESENTATION('',(#7440),#7444);
#7440 = LINE('',#7441,#7442);
#7441 = CARTESIAN_POINT('',(7.,0.));
#7442 = VECTOR('',#7443,1.);
#7443 = DIRECTION('',(0.,1.));
#7444 = ( GEOMETRIC_REPRESENTATION_CONTEXT(2) 
PARAMETRIC_REPRESENTATION_CONTEXT() REPRESENTATION_CONTEXT('2D SPACE',''
  ) );
#7445 = PCURVE('',#4765,#7446);
#7446 = DEFINITIONAL_REPRESENTATION('',(#7447),#7451);
#7447 = LINE('',#7448,#7449);
#7448 = CARTESIAN_POINT('',(7.,0.));
#7449 = VECTOR('',#7450,1.);
#7450 = DIRECTION('',(0.,1.));
#7451 = ( GEOMETRIC_REPRESENTATION_CONTEXT(2) 
PARAMETRIC_REPRESENTATION_CONTEXT() REPRESENTATION_CONTEXT('2D SPACE',''
  ) );
#7452 = ORIENTED_EDGE('',*,*,#7206,.T.);
#7453 = ORIENTED_EDGE('',*,*,#7367,.T.);
#7454 = ORIENTED_EDGE('',*,*,#4819,.T.);
#7455 = ADVANCED_FACE('',(#7456),#4765,.T.);
#7456 = FACE_BOUND('',#7457,.T.);
#7457 = EDGE_LOOP('',(#7458,#7498,#7499,#7500));
#7458 = ORIENTED_EDGE('',*,*,#7459,.F.);
#7459 = EDGE_CURVE('',#7165,#4672,#7460,.T.);
#7460 = SURFACE_CURVE('',#7461,(#7484,#7491),.PCURVE_S1.);
#7461 = ( BOUNDED_CURVE() B_SPLINE_CURVE(3,(#7462,#7463,#7464,#7465,
    #7466,#7467,#7468,#7469,#7470,#7471,#7472,#7473,#7474,#7475,#7476,
    #7477,#7478,#7479,#7480,#7481,#7482,#7483),.UNSPECIFIED.,.F.,.F.) 
B_SPLINE_CURVE_WITH_KNOTS((4,1,1,1,1,1,1,1,1,1,1,1,1,1,1,1,1,1,1,4),(0.,
    5.218380768594E-02,0.104924849979,0.158249728388,0.212037422186,
    0.266073258756,0.320098130577,0.373854821642,0.427134464983,
    0.479826107743,0.531971081028,0.583831321693,0.635742389654,
    0.687819682816,0.740024789052,0.792245645251,0.844362126807,
0.89631140842,0.94815736877,1.),.UNSPECIFIED.) CURVE() 
GEOMETRIC_REPRESENTATION_ITEM() RATIONAL_B_SPLINE_CURVE((1.,
    1.000000000002,0.999999999999,1.,1.,1.,1.,1.,1.,1.,1.,1.,1.,1.,1.,1.
    ,1.,1.000000000001,0.999999999997,1.000000000012,0.999999999975,1.))
 REPRESENTATION_ITEM('') );
#7462 = CARTESIAN_POINT('',(2.970065516787,411.52077390267,
    8.850340161467E-02));
#7463 = CARTESIAN_POINT('',(4.294478745547,411.5901915542,0.165660430272
    ));
#7464 = CARTESIAN_POINT('',(6.943084122297,411.82278606339,
    0.417053087821));
#7465 = CARTESIAN_POINT('',(10.858906357007,412.44465336737,
    1.020046883642));
#7466 = CARTESIAN_POINT('',(14.716590723156,413.33674274708,
    1.792137627757));
#7467 = CARTESIAN_POINT('',(18.499650754751,414.49434369295,
    2.675829335358));
#7468 = CARTESIAN_POINT('',(22.1915781253,415.91188022349,3.614022886808
    ));
#7469 = CARTESIAN_POINT('',(25.775980451547,417.58290433374,
    4.550006348339));
#7470 = CARTESIAN_POINT('',(29.236811765526,419.50012148941,
    5.426252167074));
#7471 = CARTESIAN_POINT('',(32.558647022458,421.65560469578,
    6.188034353294));
#7472 = CARTESIAN_POINT('',(35.726475373267,424.04068139287,
    6.769145223098));
#7473 = CARTESIAN_POINT('',(38.726846586999,426.647169466,7.143071923991
    ));
#7474 = CARTESIAN_POINT('',(41.539968455308,429.45997208658,
    7.132212926135));
#7475 = CARTESIAN_POINT('',(44.143035121893,432.45518672026,
    7.301017468713));
#7476 = CARTESIAN_POINT('',(46.52749058843,435.62022459785,
    7.615059461674));
#7477 = CARTESIAN_POINT('',(48.684021963959,438.94139863524,
    8.000321686616));
#7478 = CARTESIAN_POINT('',(50.603804255308,442.40450897055,
    8.394086094699));
#7479 = CARTESIAN_POINT('',(52.278489734132,445.99483380099,
    8.730871629859));
#7480 = CARTESIAN_POINT('',(53.700471326736,449.69801129219,
    8.945201052568));
#7481 = CARTESIAN_POINT('',(54.861155427248,453.4937033545,
    8.972190702441));
#7482 = CARTESIAN_POINT('',(55.454875945781,456.06739349809,
    8.901412245731));
#7483 = CARTESIAN_POINT('',(55.707342660655,457.36458951238,8.95));
#7484 = PCURVE('',#4765,#7485);
#7485 = DEFINITIONAL_REPRESENTATION('',(#7486),#7490);
#7486 = LINE('',#7487,#7488);
#7487 = CARTESIAN_POINT('',(6.,0.));
#7488 = VECTOR('',#7489,1.);
#7489 = DIRECTION('',(0.,1.));
#7490 = ( GEOMETRIC_REPRESENTATION_CONTEXT(2) 
PARAMETRIC_REPRESENTATION_CONTEXT() REPRESENTATION_CONTEXT('2D SPACE',''
  ) );
#7491 = PCURVE('',#4691,#7492);
#7492 = DEFINITIONAL_REPRESENTATION('',(#7493),#7497);
#7493 = LINE('',#7494,#7495);
#7494 = CARTESIAN_POINT('',(6.,0.));
#7495 = VECTOR('',#7496,1.);
#7496 = DIRECTION('',(0.,1.));
#7497 = ( GEOMETRIC_REPRESENTATION_CONTEXT(2) 
PARAMETRIC_REPRESENTATION_CONTEXT() REPRESENTATION_CONTEXT('2D SPACE',''
  ) );
#7498 = ORIENTED_EDGE('',*,*,#7185,.T.);
#7499 = ORIENTED_EDGE('',*,*,#7413,.T.);
#7500 = ORIENTED_EDGE('',*,*,#4745,.T.);
#7501 = ADVANCED_FACE('',(#7502),#4691,.T.);
#7502 = FACE_BOUND('',#7503,.T.);
#7503 = EDGE_LOOP('',(#7504,#7544,#7545,#7546));
#7504 = ORIENTED_EDGE('',*,*,#7505,.F.);
#7505 = EDGE_CURVE('',#7144,#4598,#7506,.T.);
#7506 = SURFACE_CURVE('',#7507,(#7530,#7537),.PCURVE_S1.);
#7507 = ( BOUNDED_CURVE() B_SPLINE_CURVE(3,(#7508,#7509,#7510,#7511,
    #7512,#7513,#7514,#7515,#7516,#7517,#7518,#7519,#7520,#7521,#7522,
    #7523,#7524,#7525,#7526,#7527,#7528,#7529),.UNSPECIFIED.,.F.,.F.) 
B_SPLINE_CURVE_WITH_KNOTS((4,1,1,1,1,1,1,1,1,1,1,1,1,1,1,1,1,1,1,4),(0.,
    5.218380768594E-02,0.104924849979,0.158249728388,0.212037422186,
    0.266073258756,0.320098130577,0.373854821642,0.427134464983,
    0.479826107743,0.531971081028,0.583831321693,0.635742389654,
    0.687819682816,0.740024789052,0.792245645251,0.844362126807,
0.89631140842,0.94815736877,1.),.UNSPECIFIED.) CURVE() 
GEOMETRIC_REPRESENTATION_ITEM() RATIONAL_B_SPLINE_CURVE((1.,
    1.000000000002,0.999999999999,1.,1.,1.,1.,1.,1.,1.,1.,1.,1.,1.,1.,1.
    ,1.,1.000000000001,0.999999999997,1.000000000012,0.999999999975,1.))
 REPRESENTATION_ITEM('') );
#7508 = CARTESIAN_POINT('',(3.038756459356,410.21007263831,
    5.600605883428E-02));
#7509 = CARTESIAN_POINT('',(4.393800391112,410.28109576643,
    0.104831991002));
#7510 = CARTESIAN_POINT('',(7.103662058779,410.51906966071,0.26391640715
    ));
#7511 = CARTESIAN_POINT('',(11.110048464455,411.15531935963,
    0.645498418551));
#7512 = CARTESIAN_POINT('',(15.056952402857,412.06804076208,
    1.134087092566));
#7513 = CARTESIAN_POINT('',(18.927506113622,413.25241441715,
    1.693298251281));
#7514 = CARTESIAN_POINT('',(22.704819469606,414.70273538284,
    2.286998858058));
#7515 = CARTESIAN_POINT('',(26.372120968598,416.41240652649,
    2.879300892308));
#7516 = CARTESIAN_POINT('',(29.912993535433,418.37396460756,
    3.433800199477));
#7517 = CARTESIAN_POINT('',(33.311655378704,420.57929929777,
    3.915865489194));
#7518 = CARTESIAN_POINT('',(36.55274848212,423.01953746033,
    4.283599711492));
#7519 = CARTESIAN_POINT('',(39.622511541104,425.6863077466,
    4.520225201901));
#7520 = CARTESIAN_POINT('',(42.500694597997,428.56416417228,
    4.51335349232));
#7521 = CARTESIAN_POINT('',(45.16396434828,431.6286513911,4.62017511692)
  );
#7522 = CARTESIAN_POINT('',(47.603566912611,434.86688948393,
    4.818904815591));
#7523 = CARTESIAN_POINT('',(49.809974013788,438.26487481513,
    5.062703567312));
#7524 = CARTESIAN_POINT('',(51.774156556358,441.80807911196,
    5.311882606801));
#7525 = CARTESIAN_POINT('',(53.48757374784,445.48144008927,
    5.525004703274));
#7526 = CARTESIAN_POINT('',(54.942442579768,449.27026375627,
    5.660635041065));
#7527 = CARTESIAN_POINT('',(56.129970696385,453.1537416469,
    5.677714428938));
#7528 = CARTESIAN_POINT('',(56.737422635196,455.78695546449,
    5.632924936645));
#7529 = CARTESIAN_POINT('',(56.99572833893,457.11415270594,5.663671875)
  );
#7530 = PCURVE('',#4691,#7531);
#7531 = DEFINITIONAL_REPRESENTATION('',(#7532),#7536);
#7532 = LINE('',#7533,#7534);
#7533 = CARTESIAN_POINT('',(5.,0.));
#7534 = VECTOR('',#7535,1.);
#7535 = DIRECTION('',(0.,1.));
#7536 = ( GEOMETRIC_REPRESENTATION_CONTEXT(2) 
PARAMETRIC_REPRESENTATION_CONTEXT() REPRESENTATION_CONTEXT('2D SPACE',''
  ) );
#7537 = PCURVE('',#4617,#7538);
#7538 = DEFINITIONAL_REPRESENTATION('',(#7539),#7543);
#7539 = LINE('',#7540,#7541);
#7540 = CARTESIAN_POINT('',(5.,0.));
#7541 = VECTOR('',#7542,1.);
#7542 = DIRECTION('',(0.,1.));
#7543 = ( GEOMETRIC_REPRESENTATION_CONTEXT(2) 
PARAMETRIC_REPRESENTATION_CONTEXT() REPRESENTATION_CONTEXT('2D SPACE',''
  ) );
#7544 = ORIENTED_EDGE('',*,*,#7164,.T.);
#7545 = ORIENTED_EDGE('',*,*,#7459,.T.);
#7546 = ORIENTED_EDGE('',*,*,#4671,.T.);
#7547 = ADVANCED_FACE('',(#7548),#4617,.T.);
#7548 = FACE_BOUND('',#7549,.T.);
#7549 = EDGE_LOOP('',(#7550,#7590,#7591,#7592));
#7550 = ORIENTED_EDGE('',*,*,#7551,.F.);
#7551 = EDGE_CURVE('',#7123,#4524,#7552,.T.);
#7552 = SURFACE_CURVE('',#7553,(#7576,#7583),.PCURVE_S1.);
#7553 = ( BOUNDED_CURVE() B_SPLINE_CURVE(3,(#7554,#7555,#7556,#7557,
    #7558,#7559,#7560,#7561,#7562,#7563,#7564,#7565,#7566,#7567,#7568,
    #7569,#7570,#7571,#7572,#7573,#7574,#7575),.UNSPECIFIED.,.F.,.F.) 
B_SPLINE_CURVE_WITH_KNOTS((4,1,1,1,1,1,1,1,1,1,1,1,1,1,1,1,1,1,1,4),(0.,
    5.218380768594E-02,0.104924849979,0.158249728388,0.212037422186,
    0.266073258756,0.320098130577,0.373854821642,0.427134464983,
    0.479826107743,0.531971081028,0.583831321693,0.635742389654,
    0.687819682816,0.740024789052,0.792245645251,0.844362126807,
0.89631140842,0.94815736877,1.),.UNSPECIFIED.) CURVE() 
GEOMETRIC_REPRESENTATION_ITEM() RATIONAL_B_SPLINE_CURVE((1.,
    1.000000000002,0.999999999999,1.,1.,1.,1.,1.,1.,1.,1.,1.,1.,1.,1.,1.
    ,1.,1.000000000001,0.999999999997,1.000000000012,0.999999999975,1.))
 REPRESENTATION_ITEM('') );
#7554 = CARTESIAN_POINT('',(3.107447401925,408.89937137394,
    2.765731300458E-02));
#7555 = CARTESIAN_POINT('',(4.49312203538,408.97199997384,
    5.176888446046E-02));
#7556 = CARTESIAN_POINT('',(7.26423999587,409.21535326029,0.130329089944
    ));
#7557 = CARTESIAN_POINT('',(11.361190571737,409.86598535128,
    0.318764651138));
#7558 = CARTESIAN_POINT('',(15.397314082603,410.79933877724,
    0.560043008674));
#7559 = CARTESIAN_POINT('',(19.355361472481,412.0104851413,
    0.836196667299));
#7560 = CARTESIAN_POINT('',(23.218060813915,413.4935905422,
    1.129382152128));
#7561 = CARTESIAN_POINT('',(26.968261485649,415.24190871923,
    1.421876983856));
#7562 = CARTESIAN_POINT('',(30.589175305341,417.2478077257,
    1.695703802211));
#7563 = CARTESIAN_POINT('',(34.06466373495,419.50299389977,
    1.933760735404));
#7564 = CARTESIAN_POINT('',(37.379021590973,421.99839352779,
    2.115357882218));
#7565 = CARTESIAN_POINT('',(40.518176495208,424.72544602721,
    2.232209976247));
#7566 = CARTESIAN_POINT('',(43.461420740685,427.66835625799,
    2.228816539417));
#7567 = CARTESIAN_POINT('',(46.184893574668,430.80211606194,
    2.281567958973));
#7568 = CARTESIAN_POINT('',(48.679643236792,434.11355437001,
    2.379706081773));
#7569 = CARTESIAN_POINT('',(50.935926063618,437.58835099498,
    2.500100527067));
#7570 = CARTESIAN_POINT('',(52.94450885741,441.21164925348,
    2.623151904594));
#7571 = CARTESIAN_POINT('',(54.696657761541,444.96804637713,
    2.728397384328));
#7572 = CARTESIAN_POINT('',(56.18441383282,448.84251622188,
    2.795375328938));
#7573 = CARTESIAN_POINT('',(57.398785965448,452.81377993364,
    2.803809594474));
#7574 = CARTESIAN_POINT('',(58.019969324773,455.5065174431,
    2.781691326875));
#7575 = CARTESIAN_POINT('',(58.284114017205,456.86371589951,2.796875));
#7576 = PCURVE('',#4617,#7577);
#7577 = DEFINITIONAL_REPRESENTATION('',(#7578),#7582);
#7578 = LINE('',#7579,#7580);
#7579 = CARTESIAN_POINT('',(4.,0.));
#7580 = VECTOR('',#7581,1.);
#7581 = DIRECTION('',(0.,1.));
#7582 = ( GEOMETRIC_REPRESENTATION_CONTEXT(2) 
PARAMETRIC_REPRESENTATION_CONTEXT() REPRESENTATION_CONTEXT('2D SPACE',''
  ) );
#7583 = PCURVE('',#4543,#7584);
#7584 = DEFINITIONAL_REPRESENTATION('',(#7585),#7589);
#7585 = LINE('',#7586,#7587);
#7586 = CARTESIAN_POINT('',(4.,0.));
#7587 = VECTOR('',#7588,1.);
#7588 = DIRECTION('',(0.,1.));
#7589 = ( GEOMETRIC_REPRESENTATION_CONTEXT(2) 
PARAMETRIC_REPRESENTATION_CONTEXT() REPRESENTATION_CONTEXT('2D SPACE',''
  ) );
#7590 = ORIENTED_EDGE('',*,*,#7143,.T.);
#7591 = ORIENTED_EDGE('',*,*,#7505,.T.);
#7592 = ORIENTED_EDGE('',*,*,#4597,.T.);
#7593 = ADVANCED_FACE('',(#7594),#4543,.T.);
#7594 = FACE_BOUND('',#7595,.T.);
#7595 = EDGE_LOOP('',(#7596,#7636,#7637,#7638));
#7596 = ORIENTED_EDGE('',*,*,#7597,.F.);
#7597 = EDGE_CURVE('',#7102,#4450,#7598,.T.);
#7598 = SURFACE_CURVE('',#7599,(#7622,#7629),.PCURVE_S1.);
#7599 = ( BOUNDED_CURVE() B_SPLINE_CURVE(3,(#7600,#7601,#7602,#7603,
    #7604,#7605,#7606,#7607,#7608,#7609,#7610,#7611,#7612,#7613,#7614,
    #7615,#7616,#7617,#7618,#7619,#7620,#7621),.UNSPECIFIED.,.F.,.F.) 
B_SPLINE_CURVE_WITH_KNOTS((4,1,1,1,1,1,1,1,1,1,1,1,1,1,1,1,1,1,1,4),(0.,
    5.218380768594E-02,0.104924849979,0.158249728388,0.212037422186,
    0.266073258756,0.320098130577,0.373854821642,0.427134464983,
    0.479826107743,0.531971081028,0.583831321693,0.635742389654,
    0.687819682816,0.740024789052,0.792245645251,0.844362126807,
0.89631140842,0.94815736877,1.),.UNSPECIFIED.) CURVE() 
GEOMETRIC_REPRESENTATION_ITEM() RATIONAL_B_SPLINE_CURVE((1.,
    1.000000000002,0.999999999999,1.,1.,1.,1.,1.,1.,1.,1.,1.,1.,1.,1.,1.
    ,1.,1.000000000001,0.999999999997,1.000000000012,0.999999999975,1.))
 REPRESENTATION_ITEM('') );
#7600 = CARTESIAN_POINT('',(3.176138344494,407.58867010958,
    7.60576107626E-03));
#7601 = CARTESIAN_POINT('',(4.592443681306,407.66290418354,
    1.423644321651E-02));
#7602 = CARTESIAN_POINT('',(7.424817932183,407.91163685879,
    3.584049973926E-02));
#7603 = CARTESIAN_POINT('',(11.612332679232,408.57665134323,
    8.76602790617E-02));
#7604 = CARTESIAN_POINT('',(15.737675762291,409.53063679233,
    0.154011827386));
#7605 = CARTESIAN_POINT('',(19.783216831355,410.76855586548,
    0.229954083507));
#7606 = CARTESIAN_POINT('',(23.731302158221,412.28444570156,
    0.310580091835));
#7607 = CARTESIAN_POINT('',(27.564402002701,414.07141091197,
    0.39101617056));
#7608 = CARTESIAN_POINT('',(31.265357075248,416.12165084385,
    0.466318545608));
#7609 = CARTESIAN_POINT('',(34.817672091196,418.42668850176,
    0.531784202236));
#7610 = CARTESIAN_POINT('',(38.205294699826,420.97724959524,
    0.58172341761));
#7611 = CARTESIAN_POINT('',(41.413841449313,423.76458430781,
    0.613857743468));
#7612 = CARTESIAN_POINT('',(44.422146883374,426.77254834369,
    0.61292454834));
#7613 = CARTESIAN_POINT('',(47.205822801055,429.97558073279,
    0.627431188718));
#7614 = CARTESIAN_POINT('',(49.755719560975,433.36021925607,
    0.654419172488));
#7615 = CARTESIAN_POINT('',(52.06187811344,436.91182717494,
    0.687527644944));
#7616 = CARTESIAN_POINT('',(54.114861158488,440.61521939464,
    0.721366773763));
#7617 = CARTESIAN_POINT('',(55.905741775145,444.45465266634,
    0.750309280691));
#7618 = CARTESIAN_POINT('',(57.426385086235,448.4147686825,
    0.768728215454));
#7619 = CARTESIAN_POINT('',(58.667601233156,452.47381823893,
    0.771047638493));
#7620 = CARTESIAN_POINT('',(59.30251601727,455.22607938175,
    0.764965114862));
#7621 = CARTESIAN_POINT('',(59.57249969548,456.61327909308,0.769140625)
  );
#7622 = PCURVE('',#4543,#7623);
#7623 = DEFINITIONAL_REPRESENTATION('',(#7624),#7628);
#7624 = LINE('',#7625,#7626);
#7625 = CARTESIAN_POINT('',(3.,0.));
#7626 = VECTOR('',#7627,1.);
#7627 = DIRECTION('',(0.,1.));
#7628 = ( GEOMETRIC_REPRESENTATION_CONTEXT(2) 
PARAMETRIC_REPRESENTATION_CONTEXT() REPRESENTATION_CONTEXT('2D SPACE',''
  ) );
#7629 = PCURVE('',#4469,#7630);
#7630 = DEFINITIONAL_REPRESENTATION('',(#7631),#7635);
#7631 = LINE('',#7632,#7633);
#7632 = CARTESIAN_POINT('',(3.,0.));
#7633 = VECTOR('',#7634,1.);
#7634 = DIRECTION('',(0.,1.));
#7635 = ( GEOMETRIC_REPRESENTATION_CONTEXT(2) 
PARAMETRIC_REPRESENTATION_CONTEXT() REPRESENTATION_CONTEXT('2D SPACE',''
  ) );
#7636 = ORIENTED_EDGE('',*,*,#7122,.T.);
#7637 = ORIENTED_EDGE('',*,*,#7551,.T.);
#7638 = ORIENTED_EDGE('',*,*,#4523,.T.);
#7639 = ADVANCED_FACE('',(#7640),#4469,.T.);
#7640 = FACE_BOUND('',#7641,.T.);
#7641 = EDGE_LOOP('',(#7642,#7643,#7644,#7645,#7646));
#7642 = ORIENTED_EDGE('',*,*,#6388,.F.);
#7643 = ORIENTED_EDGE('',*,*,#7101,.T.);
#7644 = ORIENTED_EDGE('',*,*,#7597,.T.);
#7645 = ORIENTED_EDGE('',*,*,#4449,.T.);
#7646 = ORIENTED_EDGE('',*,*,#6581,.F.);
#7647 = ADVANCED_FACE('',(#7648,#7651),#5255,.T.);
#7648 = FACE_BOUND('',#7649,.T.);
#7649 = EDGE_LOOP('',(#7650));
#7650 = ORIENTED_EDGE('',*,*,#5240,.T.);
#7651 = FACE_BOUND('',#7652,.T.);
#7652 = EDGE_LOOP('',(#7653));
#7653 = ORIENTED_EDGE('',*,*,#7654,.F.);
#7654 = EDGE_CURVE('',#7655,#7655,#7657,.T.);
#7655 = VERTEX_POINT('',#7656);
#7656 = CARTESIAN_POINT('',(55.575,110.26483895358,16.3));
#7657 = SURFACE_CURVE('',#7658,(#7663,#7670),.PCURVE_S1.);
#7658 = CIRCLE('',#7659,3.2);
#7659 = AXIS2_PLACEMENT_3D('',#7660,#7661,#7662);
#7660 = CARTESIAN_POINT('',(52.375,110.26483895358,16.3));
#7661 = DIRECTION('',(0.,0.,1.));
#7662 = DIRECTION('',(1.,0.,-0.));
#7663 = PCURVE('',#5255,#7664);
#7664 = DEFINITIONAL_REPRESENTATION('',(#7665),#7669);
#7665 = CIRCLE('',#7666,3.2);
#7666 = AXIS2_PLACEMENT_2D('',#7667,#7668);
#7667 = CARTESIAN_POINT('',(0.,0.));
#7668 = DIRECTION('',(1.,0.));
#7669 = ( GEOMETRIC_REPRESENTATION_CONTEXT(2) 
PARAMETRIC_REPRESENTATION_CONTEXT() REPRESENTATION_CONTEXT('2D SPACE',''
  ) );
#7670 = PCURVE('',#7671,#7676);
#7671 = CYLINDRICAL_SURFACE('',#7672,3.2);
#7672 = AXIS2_PLACEMENT_3D('',#7673,#7674,#7675);
#7673 = CARTESIAN_POINT('',(52.375,110.26483895358,11.5));
#7674 = DIRECTION('',(0.,0.,1.));
#7675 = DIRECTION('',(1.,0.,-0.));
#7676 = DEFINITIONAL_REPRESENTATION('',(#7677),#7681);
#7677 = LINE('',#7678,#7679);
#7678 = CARTESIAN_POINT('',(0.,4.8));
#7679 = VECTOR('',#7680,1.);
#7680 = DIRECTION('',(1.,0.));
#7681 = ( GEOMETRIC_REPRESENTATION_CONTEXT(2) 
PARAMETRIC_REPRESENTATION_CONTEXT() REPRESENTATION_CONTEXT('2D SPACE',''
  ) );
#7682 = ADVANCED_FACE('',(#7683,#7686),#5310,.T.);
#7683 = FACE_BOUND('',#7684,.T.);
#7684 = EDGE_LOOP('',(#7685));
#7685 = ORIENTED_EDGE('',*,*,#5295,.T.);
#7686 = FACE_BOUND('',#7687,.T.);
#7687 = EDGE_LOOP('',(#7688));
#7688 = ORIENTED_EDGE('',*,*,#7689,.F.);
#7689 = EDGE_CURVE('',#7690,#7690,#7692,.T.);
#7690 = VERTEX_POINT('',#7691);
#7691 = CARTESIAN_POINT('',(107.95,200.981,16.3));
#7692 = SURFACE_CURVE('',#7693,(#7698,#7705),.PCURVE_S1.);
#7693 = CIRCLE('',#7694,3.2);
#7694 = AXIS2_PLACEMENT_3D('',#7695,#7696,#7697);
#7695 = CARTESIAN_POINT('',(104.75,200.981,16.3));
#7696 = DIRECTION('',(0.,0.,1.));
#7697 = DIRECTION('',(1.,0.,-0.));
#7698 = PCURVE('',#5310,#7699);
#7699 = DEFINITIONAL_REPRESENTATION('',(#7700),#7704);
#7700 = CIRCLE('',#7701,3.2);
#7701 = AXIS2_PLACEMENT_2D('',#7702,#7703);
#7702 = CARTESIAN_POINT('',(0.,0.));
#7703 = DIRECTION('',(1.,0.));
#7704 = ( GEOMETRIC_REPRESENTATION_CONTEXT(2) 
PARAMETRIC_REPRESENTATION_CONTEXT() REPRESENTATION_CONTEXT('2D SPACE',''
  ) );
#7705 = PCURVE('',#7706,#7711);
#7706 = CYLINDRICAL_SURFACE('',#7707,3.2);
#7707 = AXIS2_PLACEMENT_3D('',#7708,#7709,#7710);
#7708 = CARTESIAN_POINT('',(104.75,200.981,11.5));
#7709 = DIRECTION('',(0.,0.,1.));
#7710 = DIRECTION('',(1.,0.,-0.));
#7711 = DEFINITIONAL_REPRESENTATION('',(#7712),#7716);
#7712 = LINE('',#7713,#7714);
#7713 = CARTESIAN_POINT('',(0.,4.8));
#7714 = VECTOR('',#7715,1.);
#7715 = DIRECTION('',(1.,0.));
#7716 = ( GEOMETRIC_REPRESENTATION_CONTEXT(2) 
PARAMETRIC_REPRESENTATION_CONTEXT() REPRESENTATION_CONTEXT('2D SPACE',''
  ) );
#7717 = ADVANCED_FACE('',(#7718,#7721),#5365,.T.);
#7718 = FACE_BOUND('',#7719,.T.);
#7719 = EDGE_LOOP('',(#7720));
#7720 = ORIENTED_EDGE('',*,*,#5350,.T.);
#7721 = FACE_BOUND('',#7722,.T.);
#7722 = EDGE_LOOP('',(#7723));
#7723 = ORIENTED_EDGE('',*,*,#7724,.F.);
#7724 = EDGE_CURVE('',#7725,#7725,#7727,.T.);
#7725 = VERTEX_POINT('',#7726);
#7726 = CARTESIAN_POINT('',(-49.175,110.26483895358,16.3));
#7727 = SURFACE_CURVE('',#7728,(#7733,#7740),.PCURVE_S1.);
#7728 = CIRCLE('',#7729,3.2);
#7729 = AXIS2_PLACEMENT_3D('',#7730,#7731,#7732);
#7730 = CARTESIAN_POINT('',(-52.375,110.26483895358,16.3));
#7731 = DIRECTION('',(0.,0.,1.));
#7732 = DIRECTION('',(1.,0.,-0.));
#7733 = PCURVE('',#5365,#7734);
#7734 = DEFINITIONAL_REPRESENTATION('',(#7735),#7739);
#7735 = CIRCLE('',#7736,3.2);
#7736 = AXIS2_PLACEMENT_2D('',#7737,#7738);
#7737 = CARTESIAN_POINT('',(0.,0.));
#7738 = DIRECTION('',(1.,0.));
#7739 = ( GEOMETRIC_REPRESENTATION_CONTEXT(2) 
PARAMETRIC_REPRESENTATION_CONTEXT() REPRESENTATION_CONTEXT('2D SPACE',''
  ) );
#7740 = PCURVE('',#7741,#7746);
#7741 = CYLINDRICAL_SURFACE('',#7742,3.2);
#7742 = AXIS2_PLACEMENT_3D('',#7743,#7744,#7745);
#7743 = CARTESIAN_POINT('',(-52.375,110.26483895358,11.5));
#7744 = DIRECTION('',(0.,0.,1.));
#7745 = DIRECTION('',(1.,0.,-0.));
#7746 = DEFINITIONAL_REPRESENTATION('',(#7747),#7751);
#7747 = LINE('',#7748,#7749);
#7748 = CARTESIAN_POINT('',(0.,4.8));
#7749 = VECTOR('',#7750,1.);
#7750 = DIRECTION('',(1.,0.));
#7751 = ( GEOMETRIC_REPRESENTATION_CONTEXT(2) 
PARAMETRIC_REPRESENTATION_CONTEXT() REPRESENTATION_CONTEXT('2D SPACE',''
  ) );
#7752 = ADVANCED_FACE('',(#7753,#7756),#5474,.T.);
#7753 = FACE_BOUND('',#7754,.T.);
#7754 = EDGE_LOOP('',(#7755));
#7755 = ORIENTED_EDGE('',*,*,#5459,.T.);
#7756 = FACE_BOUND('',#7757,.T.);
#7757 = EDGE_LOOP('',(#7758));
#7758 = ORIENTED_EDGE('',*,*,#7759,.F.);
#7759 = EDGE_CURVE('',#7760,#7760,#7762,.T.);
#7760 = VERTEX_POINT('',#7761);
#7761 = CARTESIAN_POINT('',(-101.55,200.981,16.3));
#7762 = SURFACE_CURVE('',#7763,(#7768,#7775),.PCURVE_S1.);
#7763 = CIRCLE('',#7764,3.2);
#7764 = AXIS2_PLACEMENT_3D('',#7765,#7766,#7767);
#7765 = CARTESIAN_POINT('',(-104.75,200.981,16.3));
#7766 = DIRECTION('',(0.,0.,1.));
#7767 = DIRECTION('',(1.,0.,-0.));
#7768 = PCURVE('',#5474,#7769);
#7769 = DEFINITIONAL_REPRESENTATION('',(#7770),#7774);
#7770 = CIRCLE('',#7771,3.2);
#7771 = AXIS2_PLACEMENT_2D('',#7772,#7773);
#7772 = CARTESIAN_POINT('',(0.,0.));
#7773 = DIRECTION('',(1.,0.));
#7774 = ( GEOMETRIC_REPRESENTATION_CONTEXT(2) 
PARAMETRIC_REPRESENTATION_CONTEXT() REPRESENTATION_CONTEXT('2D SPACE',''
  ) );
#7775 = PCURVE('',#7776,#7781);
#7776 = CYLINDRICAL_SURFACE('',#7777,3.2);
#7777 = AXIS2_PLACEMENT_3D('',#7778,#7779,#7780);
#7778 = CARTESIAN_POINT('',(-104.75,200.981,11.5));
#7779 = DIRECTION('',(0.,0.,1.));
#7780 = DIRECTION('',(1.,0.,-0.));
#7781 = DEFINITIONAL_REPRESENTATION('',(#7782),#7786);
#7782 = LINE('',#7783,#7784);
#7783 = CARTESIAN_POINT('',(0.,4.8));
#7784 = VECTOR('',#7785,1.);
#7785 = DIRECTION('',(1.,0.));
#7786 = ( GEOMETRIC_REPRESENTATION_CONTEXT(2) 
PARAMETRIC_REPRESENTATION_CONTEXT() REPRESENTATION_CONTEXT('2D SPACE',''
  ) );
#7787 = ADVANCED_FACE('',(#7788,#7791),#5529,.T.);
#7788 = FACE_BOUND('',#7789,.T.);
#7789 = EDGE_LOOP('',(#7790));
#7790 = ORIENTED_EDGE('',*,*,#5514,.T.);
#7791 = FACE_BOUND('',#7792,.T.);
#7792 = EDGE_LOOP('',(#7793));
#7793 = ORIENTED_EDGE('',*,*,#7794,.F.);
#7794 = EDGE_CURVE('',#7795,#7795,#7797,.T.);
#7795 = VERTEX_POINT('',#7796);
#7796 = CARTESIAN_POINT('',(55.575,291.69716104642,16.3));
#7797 = SURFACE_CURVE('',#7798,(#7803,#7810),.PCURVE_S1.);
#7798 = CIRCLE('',#7799,3.2);
#7799 = AXIS2_PLACEMENT_3D('',#7800,#7801,#7802);
#7800 = CARTESIAN_POINT('',(52.375,291.69716104642,16.3));
#7801 = DIRECTION('',(0.,0.,1.));
#7802 = DIRECTION('',(1.,0.,-0.));
#7803 = PCURVE('',#5529,#7804);
#7804 = DEFINITIONAL_REPRESENTATION('',(#7805),#7809);
#7805 = CIRCLE('',#7806,3.2);
#7806 = AXIS2_PLACEMENT_2D('',#7807,#7808);
#7807 = CARTESIAN_POINT('',(0.,0.));
#7808 = DIRECTION('',(1.,0.));
#7809 = ( GEOMETRIC_REPRESENTATION_CONTEXT(2) 
PARAMETRIC_REPRESENTATION_CONTEXT() REPRESENTATION_CONTEXT('2D SPACE',''
  ) );
#7810 = PCURVE('',#7811,#7816);
#7811 = CYLINDRICAL_SURFACE('',#7812,3.2);
#7812 = AXIS2_PLACEMENT_3D('',#7813,#7814,#7815);
#7813 = CARTESIAN_POINT('',(52.375,291.69716104642,11.5));
#7814 = DIRECTION('',(0.,0.,1.));
#7815 = DIRECTION('',(1.,0.,-0.));
#7816 = DEFINITIONAL_REPRESENTATION('',(#7817),#7821);
#7817 = LINE('',#7818,#7819);
#7818 = CARTESIAN_POINT('',(0.,4.8));
#7819 = VECTOR('',#7820,1.);
#7820 = DIRECTION('',(1.,0.));
#7821 = ( GEOMETRIC_REPRESENTATION_CONTEXT(2) 
PARAMETRIC_REPRESENTATION_CONTEXT() REPRESENTATION_CONTEXT('2D SPACE',''
  ) );
#7822 = ADVANCED_FACE('',(#7823),#5584,.T.);
#7823 = FACE_BOUND('',#7824,.F.);
#7824 = EDGE_LOOP('',(#7825));
#7825 = ORIENTED_EDGE('',*,*,#5569,.F.);
#7826 = ADVANCED_FACE('',(#7827),#6146,.T.);
#7827 = FACE_BOUND('',#7828,.F.);
#7828 = EDGE_LOOP('',(#7829));
#7829 = ORIENTED_EDGE('',*,*,#6131,.F.);
#7830 = ADVANCED_FACE('',(#7831,#7834),#6201,.T.);
#7831 = FACE_BOUND('',#7832,.T.);
#7832 = EDGE_LOOP('',(#7833));
#7833 = ORIENTED_EDGE('',*,*,#6186,.T.);
#7834 = FACE_BOUND('',#7835,.T.);
#7835 = EDGE_LOOP('',(#7836));
#7836 = ORIENTED_EDGE('',*,*,#7837,.F.);
#7837 = EDGE_CURVE('',#7838,#7838,#7840,.T.);
#7838 = VERTEX_POINT('',#7839);
#7839 = CARTESIAN_POINT('',(-49.175,291.69716104642,16.3));
#7840 = SURFACE_CURVE('',#7841,(#7846,#7853),.PCURVE_S1.);
#7841 = CIRCLE('',#7842,3.2);
#7842 = AXIS2_PLACEMENT_3D('',#7843,#7844,#7845);
#7843 = CARTESIAN_POINT('',(-52.375,291.69716104642,16.3));
#7844 = DIRECTION('',(0.,0.,1.));
#7845 = DIRECTION('',(1.,0.,-0.));
#7846 = PCURVE('',#6201,#7847);
#7847 = DEFINITIONAL_REPRESENTATION('',(#7848),#7852);
#7848 = CIRCLE('',#7849,3.2);
#7849 = AXIS2_PLACEMENT_2D('',#7850,#7851);
#7850 = CARTESIAN_POINT('',(0.,0.));
#7851 = DIRECTION('',(1.,0.));
#7852 = ( GEOMETRIC_REPRESENTATION_CONTEXT(2) 
PARAMETRIC_REPRESENTATION_CONTEXT() REPRESENTATION_CONTEXT('2D SPACE',''
  ) );
#7853 = PCURVE('',#7854,#7859);
#7854 = CYLINDRICAL_SURFACE('',#7855,3.2);
#7855 = AXIS2_PLACEMENT_3D('',#7856,#7857,#7858);
#7856 = CARTESIAN_POINT('',(-52.375,291.69716104642,11.5));
#7857 = DIRECTION('',(0.,0.,1.));
#7858 = DIRECTION('',(1.,0.,-0.));
#7859 = DEFINITIONAL_REPRESENTATION('',(#7860),#7864);
#7860 = LINE('',#7861,#7862);
#7861 = CARTESIAN_POINT('',(0.,4.8));
#7862 = VECTOR('',#7863,1.);
#7863 = DIRECTION('',(1.,0.));
#7864 = ( GEOMETRIC_REPRESENTATION_CONTEXT(2) 
PARAMETRIC_REPRESENTATION_CONTEXT() REPRESENTATION_CONTEXT('2D SPACE',''
  ) );
#7865 = ADVANCED_FACE('',(#7866),#6256,.T.);
#7866 = FACE_BOUND('',#7867,.F.);
#7867 = EDGE_LOOP('',(#7868));
#7868 = ORIENTED_EDGE('',*,*,#6241,.F.);
#7869 = ADVANCED_FACE('',(#7870),#6502,.T.);
#7870 = FACE_BOUND('',#7871,.F.);
#7871 = EDGE_LOOP('',(#7872));
#7872 = ORIENTED_EDGE('',*,*,#6487,.F.);
#7873 = ADVANCED_FACE('',(#7874),#6670,.F.);
#7874 = FACE_BOUND('',#7875,.F.);
#7875 = EDGE_LOOP('',(#7876,#7899,#7926,#7927));
#7876 = ORIENTED_EDGE('',*,*,#7877,.T.);
#7877 = EDGE_CURVE('',#6650,#7878,#7880,.T.);
#7878 = VERTEX_POINT('',#7879);
#7879 = CARTESIAN_POINT('',(23.25,20.,2.));
#7880 = SEAM_CURVE('',#7881,(#7885,#7892),.PCURVE_S1.);
#7881 = LINE('',#7882,#7883);
#7882 = CARTESIAN_POINT('',(23.25,20.,-0.2));
#7883 = VECTOR('',#7884,1.);
#7884 = DIRECTION('',(0.,0.,1.));
#7885 = PCURVE('',#6670,#7886);
#7886 = DEFINITIONAL_REPRESENTATION('',(#7887),#7891);
#7887 = LINE('',#7888,#7889);
#7888 = CARTESIAN_POINT('',(6.28318530718,-0.));
#7889 = VECTOR('',#7890,1.);
#7890 = DIRECTION('',(0.,1.));
#7891 = ( GEOMETRIC_REPRESENTATION_CONTEXT(2) 
PARAMETRIC_REPRESENTATION_CONTEXT() REPRESENTATION_CONTEXT('2D SPACE',''
  ) );
#7892 = PCURVE('',#6670,#7893);
#7893 = DEFINITIONAL_REPRESENTATION('',(#7894),#7898);
#7894 = LINE('',#7895,#7896);
#7895 = CARTESIAN_POINT('',(0.,-0.));
#7896 = VECTOR('',#7897,1.);
#7897 = DIRECTION('',(0.,1.));
#7898 = ( GEOMETRIC_REPRESENTATION_CONTEXT(2) 
PARAMETRIC_REPRESENTATION_CONTEXT() REPRESENTATION_CONTEXT('2D SPACE',''
  ) );
#7899 = ORIENTED_EDGE('',*,*,#7900,.F.);
#7900 = EDGE_CURVE('',#7878,#7878,#7901,.T.);
#7901 = SURFACE_CURVE('',#7902,(#7907,#7914),.PCURVE_S1.);
#7902 = CIRCLE('',#7903,3.25);
#7903 = AXIS2_PLACEMENT_3D('',#7904,#7905,#7906);
#7904 = CARTESIAN_POINT('',(20.,20.,2.));
#7905 = DIRECTION('',(0.,0.,1.));
#7906 = DIRECTION('',(1.,0.,-0.));
#7907 = PCURVE('',#6670,#7908);
#7908 = DEFINITIONAL_REPRESENTATION('',(#7909),#7913);
#7909 = LINE('',#7910,#7911);
#7910 = CARTESIAN_POINT('',(0.,2.2));
#7911 = VECTOR('',#7912,1.);
#7912 = DIRECTION('',(1.,0.));
#7913 = ( GEOMETRIC_REPRESENTATION_CONTEXT(2) 
PARAMETRIC_REPRESENTATION_CONTEXT() REPRESENTATION_CONTEXT('2D SPACE',''
  ) );
#7914 = PCURVE('',#7915,#7920);
#7915 = PLANE('',#7916);
#7916 = AXIS2_PLACEMENT_3D('',#7917,#7918,#7919);
#7917 = CARTESIAN_POINT('',(20.,20.,2.));
#7918 = DIRECTION('',(0.,0.,1.));
#7919 = DIRECTION('',(1.,0.,-0.));
#7920 = DEFINITIONAL_REPRESENTATION('',(#7921),#7925);
#7921 = CIRCLE('',#7922,3.25);
#7922 = AXIS2_PLACEMENT_2D('',#7923,#7924);
#7923 = CARTESIAN_POINT('',(0.,0.));
#7924 = DIRECTION('',(1.,0.));
#7925 = ( GEOMETRIC_REPRESENTATION_CONTEXT(2) 
PARAMETRIC_REPRESENTATION_CONTEXT() REPRESENTATION_CONTEXT('2D SPACE',''
  ) );
#7926 = ORIENTED_EDGE('',*,*,#7877,.F.);
#7927 = ORIENTED_EDGE('',*,*,#6649,.T.);
#7928 = ADVANCED_FACE('',(#7929),#6705,.F.);
#7929 = FACE_BOUND('',#7930,.F.);
#7930 = EDGE_LOOP('',(#7931,#7954,#7981,#7982));
#7931 = ORIENTED_EDGE('',*,*,#7932,.T.);
#7932 = EDGE_CURVE('',#6685,#7933,#7935,.T.);
#7933 = VERTEX_POINT('',#7934);
#7934 = CARTESIAN_POINT('',(23.25,70.,2.));
#7935 = SEAM_CURVE('',#7936,(#7940,#7947),.PCURVE_S1.);
#7936 = LINE('',#7937,#7938);
#7937 = CARTESIAN_POINT('',(23.25,70.,-0.2));
#7938 = VECTOR('',#7939,1.);
#7939 = DIRECTION('',(0.,0.,1.));
#7940 = PCURVE('',#6705,#7941);
#7941 = DEFINITIONAL_REPRESENTATION('',(#7942),#7946);
#7942 = LINE('',#7943,#7944);
#7943 = CARTESIAN_POINT('',(6.28318530718,-0.));
#7944 = VECTOR('',#7945,1.);
#7945 = DIRECTION('',(0.,1.));
#7946 = ( GEOMETRIC_REPRESENTATION_CONTEXT(2) 
PARAMETRIC_REPRESENTATION_CONTEXT() REPRESENTATION_CONTEXT('2D SPACE',''
  ) );
#7947 = PCURVE('',#6705,#7948);
#7948 = DEFINITIONAL_REPRESENTATION('',(#7949),#7953);
#7949 = LINE('',#7950,#7951);
#7950 = CARTESIAN_POINT('',(0.,-0.));
#7951 = VECTOR('',#7952,1.);
#7952 = DIRECTION('',(0.,1.));
#7953 = ( GEOMETRIC_REPRESENTATION_CONTEXT(2) 
PARAMETRIC_REPRESENTATION_CONTEXT() REPRESENTATION_CONTEXT('2D SPACE',''
  ) );
#7954 = ORIENTED_EDGE('',*,*,#7955,.F.);
#7955 = EDGE_CURVE('',#7933,#7933,#7956,.T.);
#7956 = SURFACE_CURVE('',#7957,(#7962,#7969),.PCURVE_S1.);
#7957 = CIRCLE('',#7958,3.25);
#7958 = AXIS2_PLACEMENT_3D('',#7959,#7960,#7961);
#7959 = CARTESIAN_POINT('',(20.,70.,2.));
#7960 = DIRECTION('',(0.,0.,1.));
#7961 = DIRECTION('',(1.,0.,-0.));
#7962 = PCURVE('',#6705,#7963);
#7963 = DEFINITIONAL_REPRESENTATION('',(#7964),#7968);
#7964 = LINE('',#7965,#7966);
#7965 = CARTESIAN_POINT('',(0.,2.2));
#7966 = VECTOR('',#7967,1.);
#7967 = DIRECTION('',(1.,0.));
#7968 = ( GEOMETRIC_REPRESENTATION_CONTEXT(2) 
PARAMETRIC_REPRESENTATION_CONTEXT() REPRESENTATION_CONTEXT('2D SPACE',''
  ) );
#7969 = PCURVE('',#7970,#7975);
#7970 = PLANE('',#7971);
#7971 = AXIS2_PLACEMENT_3D('',#7972,#7973,#7974);
#7972 = CARTESIAN_POINT('',(20.,70.,2.));
#7973 = DIRECTION('',(0.,0.,1.));
#7974 = DIRECTION('',(1.,0.,-0.));
#7975 = DEFINITIONAL_REPRESENTATION('',(#7976),#7980);
#7976 = CIRCLE('',#7977,3.25);
#7977 = AXIS2_PLACEMENT_2D('',#7978,#7979);
#7978 = CARTESIAN_POINT('',(0.,0.));
#7979 = DIRECTION('',(1.,0.));
#7980 = ( GEOMETRIC_REPRESENTATION_CONTEXT(2) 
PARAMETRIC_REPRESENTATION_CONTEXT() REPRESENTATION_CONTEXT('2D SPACE',''
  ) );
#7981 = ORIENTED_EDGE('',*,*,#7932,.F.);
#7982 = ORIENTED_EDGE('',*,*,#6684,.T.);
#7983 = ADVANCED_FACE('',(#7984),#6740,.F.);
#7984 = FACE_BOUND('',#7985,.F.);
#7985 = EDGE_LOOP('',(#7986,#8009,#8036,#8037));
#7986 = ORIENTED_EDGE('',*,*,#7987,.T.);
#7987 = EDGE_CURVE('',#6720,#7988,#7990,.T.);
#7988 = VERTEX_POINT('',#7989);
#7989 = CARTESIAN_POINT('',(-16.75,20.,2.));
#7990 = SEAM_CURVE('',#7991,(#7995,#8002),.PCURVE_S1.);
#7991 = LINE('',#7992,#7993);
#7992 = CARTESIAN_POINT('',(-16.75,20.,-0.2));
#7993 = VECTOR('',#7994,1.);
#7994 = DIRECTION('',(0.,0.,1.));
#7995 = PCURVE('',#6740,#7996);
#7996 = DEFINITIONAL_REPRESENTATION('',(#7997),#8001);
#7997 = LINE('',#7998,#7999);
#7998 = CARTESIAN_POINT('',(6.28318530718,-0.));
#7999 = VECTOR('',#8000,1.);
#8000 = DIRECTION('',(0.,1.));
#8001 = ( GEOMETRIC_REPRESENTATION_CONTEXT(2) 
PARAMETRIC_REPRESENTATION_CONTEXT() REPRESENTATION_CONTEXT('2D SPACE',''
  ) );
#8002 = PCURVE('',#6740,#8003);
#8003 = DEFINITIONAL_REPRESENTATION('',(#8004),#8008);
#8004 = LINE('',#8005,#8006);
#8005 = CARTESIAN_POINT('',(0.,-0.));
#8006 = VECTOR('',#8007,1.);
#8007 = DIRECTION('',(0.,1.));
#8008 = ( GEOMETRIC_REPRESENTATION_CONTEXT(2) 
PARAMETRIC_REPRESENTATION_CONTEXT() REPRESENTATION_CONTEXT('2D SPACE',''
  ) );
#8009 = ORIENTED_EDGE('',*,*,#8010,.F.);
#8010 = EDGE_CURVE('',#7988,#7988,#8011,.T.);
#8011 = SURFACE_CURVE('',#8012,(#8017,#8024),.PCURVE_S1.);
#8012 = CIRCLE('',#8013,3.25);
#8013 = AXIS2_PLACEMENT_3D('',#8014,#8015,#8016);
#8014 = CARTESIAN_POINT('',(-20.,20.,2.));
#8015 = DIRECTION('',(0.,0.,1.));
#8016 = DIRECTION('',(1.,0.,-0.));
#8017 = PCURVE('',#6740,#8018);
#8018 = DEFINITIONAL_REPRESENTATION('',(#8019),#8023);
#8019 = LINE('',#8020,#8021);
#8020 = CARTESIAN_POINT('',(0.,2.2));
#8021 = VECTOR('',#8022,1.);
#8022 = DIRECTION('',(1.,0.));
#8023 = ( GEOMETRIC_REPRESENTATION_CONTEXT(2) 
PARAMETRIC_REPRESENTATION_CONTEXT() REPRESENTATION_CONTEXT('2D SPACE',''
  ) );
#8024 = PCURVE('',#8025,#8030);
#8025 = PLANE('',#8026);
#8026 = AXIS2_PLACEMENT_3D('',#8027,#8028,#8029);
#8027 = CARTESIAN_POINT('',(-20.,20.,2.));
#8028 = DIRECTION('',(0.,0.,1.));
#8029 = DIRECTION('',(1.,0.,-0.));
#8030 = DEFINITIONAL_REPRESENTATION('',(#8031),#8035);
#8031 = CIRCLE('',#8032,3.25);
#8032 = AXIS2_PLACEMENT_2D('',#8033,#8034);
#8033 = CARTESIAN_POINT('',(0.,0.));
#8034 = DIRECTION('',(1.,0.));
#8035 = ( GEOMETRIC_REPRESENTATION_CONTEXT(2) 
PARAMETRIC_REPRESENTATION_CONTEXT() REPRESENTATION_CONTEXT('2D SPACE',''
  ) );
#8036 = ORIENTED_EDGE('',*,*,#7987,.F.);
#8037 = ORIENTED_EDGE('',*,*,#6719,.T.);
#8038 = ADVANCED_FACE('',(#8039),#6775,.F.);
#8039 = FACE_BOUND('',#8040,.F.);
#8040 = EDGE_LOOP('',(#8041,#8064,#8091,#8092));
#8041 = ORIENTED_EDGE('',*,*,#8042,.T.);
#8042 = EDGE_CURVE('',#6755,#8043,#8045,.T.);
#8043 = VERTEX_POINT('',#8044);
#8044 = CARTESIAN_POINT('',(-16.75,70.,2.));
#8045 = SEAM_CURVE('',#8046,(#8050,#8057),.PCURVE_S1.);
#8046 = LINE('',#8047,#8048);
#8047 = CARTESIAN_POINT('',(-16.75,70.,-0.2));
#8048 = VECTOR('',#8049,1.);
#8049 = DIRECTION('',(0.,0.,1.));
#8050 = PCURVE('',#6775,#8051);
#8051 = DEFINITIONAL_REPRESENTATION('',(#8052),#8056);
#8052 = LINE('',#8053,#8054);
#8053 = CARTESIAN_POINT('',(6.28318530718,-0.));
#8054 = VECTOR('',#8055,1.);
#8055 = DIRECTION('',(0.,1.));
#8056 = ( GEOMETRIC_REPRESENTATION_CONTEXT(2) 
PARAMETRIC_REPRESENTATION_CONTEXT() REPRESENTATION_CONTEXT('2D SPACE',''
  ) );
#8057 = PCURVE('',#6775,#8058);
#8058 = DEFINITIONAL_REPRESENTATION('',(#8059),#8063);
#8059 = LINE('',#8060,#8061);
#8060 = CARTESIAN_POINT('',(0.,-0.));
#8061 = VECTOR('',#8062,1.);
#8062 = DIRECTION('',(0.,1.));
#8063 = ( GEOMETRIC_REPRESENTATION_CONTEXT(2) 
PARAMETRIC_REPRESENTATION_CONTEXT() REPRESENTATION_CONTEXT('2D SPACE',''
  ) );
#8064 = ORIENTED_EDGE('',*,*,#8065,.F.);
#8065 = EDGE_CURVE('',#8043,#8043,#8066,.T.);
#8066 = SURFACE_CURVE('',#8067,(#8072,#8079),.PCURVE_S1.);
#8067 = CIRCLE('',#8068,3.25);
#8068 = AXIS2_PLACEMENT_3D('',#8069,#8070,#8071);
#8069 = CARTESIAN_POINT('',(-20.,70.,2.));
#8070 = DIRECTION('',(0.,0.,1.));
#8071 = DIRECTION('',(1.,0.,-0.));
#8072 = PCURVE('',#6775,#8073);
#8073 = DEFINITIONAL_REPRESENTATION('',(#8074),#8078);
#8074 = LINE('',#8075,#8076);
#8075 = CARTESIAN_POINT('',(0.,2.2));
#8076 = VECTOR('',#8077,1.);
#8077 = DIRECTION('',(1.,0.));
#8078 = ( GEOMETRIC_REPRESENTATION_CONTEXT(2) 
PARAMETRIC_REPRESENTATION_CONTEXT() REPRESENTATION_CONTEXT('2D SPACE',''
  ) );
#8079 = PCURVE('',#8080,#8085);
#8080 = PLANE('',#8081);
#8081 = AXIS2_PLACEMENT_3D('',#8082,#8083,#8084);
#8082 = CARTESIAN_POINT('',(-20.,70.,2.));
#8083 = DIRECTION('',(0.,0.,1.));
#8084 = DIRECTION('',(1.,0.,-0.));
#8085 = DEFINITIONAL_REPRESENTATION('',(#8086),#8090);
#8086 = CIRCLE('',#8087,3.25);
#8087 = AXIS2_PLACEMENT_2D('',#8088,#8089);
#8088 = CARTESIAN_POINT('',(0.,0.));
#8089 = DIRECTION('',(1.,0.));
#8090 = ( GEOMETRIC_REPRESENTATION_CONTEXT(2) 
PARAMETRIC_REPRESENTATION_CONTEXT() REPRESENTATION_CONTEXT('2D SPACE',''
  ) );
#8091 = ORIENTED_EDGE('',*,*,#8042,.F.);
#8092 = ORIENTED_EDGE('',*,*,#6754,.T.);
#8093 = ADVANCED_FACE('',(#8094),#7671,.F.);
#8094 = FACE_BOUND('',#8095,.F.);
#8095 = EDGE_LOOP('',(#8096,#8097,#8120,#8147));
#8096 = ORIENTED_EDGE('',*,*,#7654,.F.);
#8097 = ORIENTED_EDGE('',*,*,#8098,.F.);
#8098 = EDGE_CURVE('',#8099,#7655,#8101,.T.);
#8099 = VERTEX_POINT('',#8100);
#8100 = CARTESIAN_POINT('',(55.575,110.26483895358,11.5));
#8101 = SEAM_CURVE('',#8102,(#8106,#8113),.PCURVE_S1.);
#8102 = LINE('',#8103,#8104);
#8103 = CARTESIAN_POINT('',(55.575,110.26483895358,11.5));
#8104 = VECTOR('',#8105,1.);
#8105 = DIRECTION('',(0.,0.,1.));
#8106 = PCURVE('',#7671,#8107);
#8107 = DEFINITIONAL_REPRESENTATION('',(#8108),#8112);
#8108 = LINE('',#8109,#8110);
#8109 = CARTESIAN_POINT('',(6.28318530718,-0.));
#8110 = VECTOR('',#8111,1.);
#8111 = DIRECTION('',(0.,1.));
#8112 = ( GEOMETRIC_REPRESENTATION_CONTEXT(2) 
PARAMETRIC_REPRESENTATION_CONTEXT() REPRESENTATION_CONTEXT('2D SPACE',''
  ) );
#8113 = PCURVE('',#7671,#8114);
#8114 = DEFINITIONAL_REPRESENTATION('',(#8115),#8119);
#8115 = LINE('',#8116,#8117);
#8116 = CARTESIAN_POINT('',(0.,-0.));
#8117 = VECTOR('',#8118,1.);
#8118 = DIRECTION('',(0.,1.));
#8119 = ( GEOMETRIC_REPRESENTATION_CONTEXT(2) 
PARAMETRIC_REPRESENTATION_CONTEXT() REPRESENTATION_CONTEXT('2D SPACE',''
  ) );
#8120 = ORIENTED_EDGE('',*,*,#8121,.T.);
#8121 = EDGE_CURVE('',#8099,#8099,#8122,.T.);
#8122 = SURFACE_CURVE('',#8123,(#8128,#8135),.PCURVE_S1.);
#8123 = CIRCLE('',#8124,3.2);
#8124 = AXIS2_PLACEMENT_3D('',#8125,#8126,#8127);
#8125 = CARTESIAN_POINT('',(52.375,110.26483895358,11.5));
#8126 = DIRECTION('',(0.,0.,1.));
#8127 = DIRECTION('',(1.,0.,-0.));
#8128 = PCURVE('',#7671,#8129);
#8129 = DEFINITIONAL_REPRESENTATION('',(#8130),#8134);
#8130 = LINE('',#8131,#8132);
#8131 = CARTESIAN_POINT('',(0.,0.));
#8132 = VECTOR('',#8133,1.);
#8133 = DIRECTION('',(1.,0.));
#8134 = ( GEOMETRIC_REPRESENTATION_CONTEXT(2) 
PARAMETRIC_REPRESENTATION_CONTEXT() REPRESENTATION_CONTEXT('2D SPACE',''
  ) );
#8135 = PCURVE('',#8136,#8141);
#8136 = PLANE('',#8137);
#8137 = AXIS2_PLACEMENT_3D('',#8138,#8139,#8140);
#8138 = CARTESIAN_POINT('',(52.375,110.26483895358,11.5));
#8139 = DIRECTION('',(0.,0.,1.));
#8140 = DIRECTION('',(1.,0.,-0.));
#8141 = DEFINITIONAL_REPRESENTATION('',(#8142),#8146);
#8142 = CIRCLE('',#8143,3.2);
#8143 = AXIS2_PLACEMENT_2D('',#8144,#8145);
#8144 = CARTESIAN_POINT('',(0.,0.));
#8145 = DIRECTION('',(1.,0.));
#8146 = ( GEOMETRIC_REPRESENTATION_CONTEXT(2) 
PARAMETRIC_REPRESENTATION_CONTEXT() REPRESENTATION_CONTEXT('2D SPACE',''
  ) );
#8147 = ORIENTED_EDGE('',*,*,#8098,.T.);
#8148 = ADVANCED_FACE('',(#8149),#7706,.F.);
#8149 = FACE_BOUND('',#8150,.F.);
#8150 = EDGE_LOOP('',(#8151,#8152,#8175,#8202));
#8151 = ORIENTED_EDGE('',*,*,#7689,.F.);
#8152 = ORIENTED_EDGE('',*,*,#8153,.F.);
#8153 = EDGE_CURVE('',#8154,#7690,#8156,.T.);
#8154 = VERTEX_POINT('',#8155);
#8155 = CARTESIAN_POINT('',(107.95,200.981,11.5));
#8156 = SEAM_CURVE('',#8157,(#8161,#8168),.PCURVE_S1.);
#8157 = LINE('',#8158,#8159);
#8158 = CARTESIAN_POINT('',(107.95,200.981,11.5));
#8159 = VECTOR('',#8160,1.);
#8160 = DIRECTION('',(0.,0.,1.));
#8161 = PCURVE('',#7706,#8162);
#8162 = DEFINITIONAL_REPRESENTATION('',(#8163),#8167);
#8163 = LINE('',#8164,#8165);
#8164 = CARTESIAN_POINT('',(6.28318530718,-0.));
#8165 = VECTOR('',#8166,1.);
#8166 = DIRECTION('',(0.,1.));
#8167 = ( GEOMETRIC_REPRESENTATION_CONTEXT(2) 
PARAMETRIC_REPRESENTATION_CONTEXT() REPRESENTATION_CONTEXT('2D SPACE',''
  ) );
#8168 = PCURVE('',#7706,#8169);
#8169 = DEFINITIONAL_REPRESENTATION('',(#8170),#8174);
#8170 = LINE('',#8171,#8172);
#8171 = CARTESIAN_POINT('',(0.,-0.));
#8172 = VECTOR('',#8173,1.);
#8173 = DIRECTION('',(0.,1.));
#8174 = ( GEOMETRIC_REPRESENTATION_CONTEXT(2) 
PARAMETRIC_REPRESENTATION_CONTEXT() REPRESENTATION_CONTEXT('2D SPACE',''
  ) );
#8175 = ORIENTED_EDGE('',*,*,#8176,.T.);
#8176 = EDGE_CURVE('',#8154,#8154,#8177,.T.);
#8177 = SURFACE_CURVE('',#8178,(#8183,#8190),.PCURVE_S1.);
#8178 = CIRCLE('',#8179,3.2);
#8179 = AXIS2_PLACEMENT_3D('',#8180,#8181,#8182);
#8180 = CARTESIAN_POINT('',(104.75,200.981,11.5));
#8181 = DIRECTION('',(0.,0.,1.));
#8182 = DIRECTION('',(1.,0.,-0.));
#8183 = PCURVE('',#7706,#8184);
#8184 = DEFINITIONAL_REPRESENTATION('',(#8185),#8189);
#8185 = LINE('',#8186,#8187);
#8186 = CARTESIAN_POINT('',(0.,0.));
#8187 = VECTOR('',#8188,1.);
#8188 = DIRECTION('',(1.,0.));
#8189 = ( GEOMETRIC_REPRESENTATION_CONTEXT(2) 
PARAMETRIC_REPRESENTATION_CONTEXT() REPRESENTATION_CONTEXT('2D SPACE',''
  ) );
#8190 = PCURVE('',#8191,#8196);
#8191 = PLANE('',#8192);
#8192 = AXIS2_PLACEMENT_3D('',#8193,#8194,#8195);
#8193 = CARTESIAN_POINT('',(104.75,200.981,11.5));
#8194 = DIRECTION('',(0.,0.,1.));
#8195 = DIRECTION('',(1.,0.,-0.));
#8196 = DEFINITIONAL_REPRESENTATION('',(#8197),#8201);
#8197 = CIRCLE('',#8198,3.2);
#8198 = AXIS2_PLACEMENT_2D('',#8199,#8200);
#8199 = CARTESIAN_POINT('',(0.,0.));
#8200 = DIRECTION('',(1.,0.));
#8201 = ( GEOMETRIC_REPRESENTATION_CONTEXT(2) 
PARAMETRIC_REPRESENTATION_CONTEXT() REPRESENTATION_CONTEXT('2D SPACE',''
  ) );
#8202 = ORIENTED_EDGE('',*,*,#8153,.T.);
#8203 = ADVANCED_FACE('',(#8204),#7741,.F.);
#8204 = FACE_BOUND('',#8205,.F.);
#8205 = EDGE_LOOP('',(#8206,#8207,#8230,#8257));
#8206 = ORIENTED_EDGE('',*,*,#7724,.F.);
#8207 = ORIENTED_EDGE('',*,*,#8208,.F.);
#8208 = EDGE_CURVE('',#8209,#7725,#8211,.T.);
#8209 = VERTEX_POINT('',#8210);
#8210 = CARTESIAN_POINT('',(-49.175,110.26483895358,11.5));
#8211 = SEAM_CURVE('',#8212,(#8216,#8223),.PCURVE_S1.);
#8212 = LINE('',#8213,#8214);
#8213 = CARTESIAN_POINT('',(-49.175,110.26483895358,11.5));
#8214 = VECTOR('',#8215,1.);
#8215 = DIRECTION('',(0.,0.,1.));
#8216 = PCURVE('',#7741,#8217);
#8217 = DEFINITIONAL_REPRESENTATION('',(#8218),#8222);
#8218 = LINE('',#8219,#8220);
#8219 = CARTESIAN_POINT('',(6.28318530718,-0.));
#8220 = VECTOR('',#8221,1.);
#8221 = DIRECTION('',(0.,1.));
#8222 = ( GEOMETRIC_REPRESENTATION_CONTEXT(2) 
PARAMETRIC_REPRESENTATION_CONTEXT() REPRESENTATION_CONTEXT('2D SPACE',''
  ) );
#8223 = PCURVE('',#7741,#8224);
#8224 = DEFINITIONAL_REPRESENTATION('',(#8225),#8229);
#8225 = LINE('',#8226,#8227);
#8226 = CARTESIAN_POINT('',(0.,-0.));
#8227 = VECTOR('',#8228,1.);
#8228 = DIRECTION('',(0.,1.));
#8229 = ( GEOMETRIC_REPRESENTATION_CONTEXT(2) 
PARAMETRIC_REPRESENTATION_CONTEXT() REPRESENTATION_CONTEXT('2D SPACE',''
  ) );
#8230 = ORIENTED_EDGE('',*,*,#8231,.T.);
#8231 = EDGE_CURVE('',#8209,#8209,#8232,.T.);
#8232 = SURFACE_CURVE('',#8233,(#8238,#8245),.PCURVE_S1.);
#8233 = CIRCLE('',#8234,3.2);
#8234 = AXIS2_PLACEMENT_3D('',#8235,#8236,#8237);
#8235 = CARTESIAN_POINT('',(-52.375,110.26483895358,11.5));
#8236 = DIRECTION('',(0.,0.,1.));
#8237 = DIRECTION('',(1.,0.,-0.));
#8238 = PCURVE('',#7741,#8239);
#8239 = DEFINITIONAL_REPRESENTATION('',(#8240),#8244);
#8240 = LINE('',#8241,#8242);
#8241 = CARTESIAN_POINT('',(0.,0.));
#8242 = VECTOR('',#8243,1.);
#8243 = DIRECTION('',(1.,0.));
#8244 = ( GEOMETRIC_REPRESENTATION_CONTEXT(2) 
PARAMETRIC_REPRESENTATION_CONTEXT() REPRESENTATION_CONTEXT('2D SPACE',''
  ) );
#8245 = PCURVE('',#8246,#8251);
#8246 = PLANE('',#8247);
#8247 = AXIS2_PLACEMENT_3D('',#8248,#8249,#8250);
#8248 = CARTESIAN_POINT('',(-52.375,110.26483895358,11.5));
#8249 = DIRECTION('',(0.,0.,1.));
#8250 = DIRECTION('',(1.,0.,-0.));
#8251 = DEFINITIONAL_REPRESENTATION('',(#8252),#8256);
#8252 = CIRCLE('',#8253,3.2);
#8253 = AXIS2_PLACEMENT_2D('',#8254,#8255);
#8254 = CARTESIAN_POINT('',(0.,0.));
#8255 = DIRECTION('',(1.,0.));
#8256 = ( GEOMETRIC_REPRESENTATION_CONTEXT(2) 
PARAMETRIC_REPRESENTATION_CONTEXT() REPRESENTATION_CONTEXT('2D SPACE',''
  ) );
#8257 = ORIENTED_EDGE('',*,*,#8208,.T.);
#8258 = ADVANCED_FACE('',(#8259),#7776,.F.);
#8259 = FACE_BOUND('',#8260,.F.);
#8260 = EDGE_LOOP('',(#8261,#8262,#8285,#8312));
#8261 = ORIENTED_EDGE('',*,*,#7759,.F.);
#8262 = ORIENTED_EDGE('',*,*,#8263,.F.);
#8263 = EDGE_CURVE('',#8264,#7760,#8266,.T.);
#8264 = VERTEX_POINT('',#8265);
#8265 = CARTESIAN_POINT('',(-101.55,200.981,11.5));
#8266 = SEAM_CURVE('',#8267,(#8271,#8278),.PCURVE_S1.);
#8267 = LINE('',#8268,#8269);
#8268 = CARTESIAN_POINT('',(-101.55,200.981,11.5));
#8269 = VECTOR('',#8270,1.);
#8270 = DIRECTION('',(0.,0.,1.));
#8271 = PCURVE('',#7776,#8272);
#8272 = DEFINITIONAL_REPRESENTATION('',(#8273),#8277);
#8273 = LINE('',#8274,#8275);
#8274 = CARTESIAN_POINT('',(6.28318530718,-0.));
#8275 = VECTOR('',#8276,1.);
#8276 = DIRECTION('',(0.,1.));
#8277 = ( GEOMETRIC_REPRESENTATION_CONTEXT(2) 
PARAMETRIC_REPRESENTATION_CONTEXT() REPRESENTATION_CONTEXT('2D SPACE',''
  ) );
#8278 = PCURVE('',#7776,#8279);
#8279 = DEFINITIONAL_REPRESENTATION('',(#8280),#8284);
#8280 = LINE('',#8281,#8282);
#8281 = CARTESIAN_POINT('',(0.,-0.));
#8282 = VECTOR('',#8283,1.);
#8283 = DIRECTION('',(0.,1.));
#8284 = ( GEOMETRIC_REPRESENTATION_CONTEXT(2) 
PARAMETRIC_REPRESENTATION_CONTEXT() REPRESENTATION_CONTEXT('2D SPACE',''
  ) );
#8285 = ORIENTED_EDGE('',*,*,#8286,.T.);
#8286 = EDGE_CURVE('',#8264,#8264,#8287,.T.);
#8287 = SURFACE_CURVE('',#8288,(#8293,#8300),.PCURVE_S1.);
#8288 = CIRCLE('',#8289,3.2);
#8289 = AXIS2_PLACEMENT_3D('',#8290,#8291,#8292);
#8290 = CARTESIAN_POINT('',(-104.75,200.981,11.5));
#8291 = DIRECTION('',(0.,0.,1.));
#8292 = DIRECTION('',(1.,0.,-0.));
#8293 = PCURVE('',#7776,#8294);
#8294 = DEFINITIONAL_REPRESENTATION('',(#8295),#8299);
#8295 = LINE('',#8296,#8297);
#8296 = CARTESIAN_POINT('',(0.,0.));
#8297 = VECTOR('',#8298,1.);
#8298 = DIRECTION('',(1.,0.));
#8299 = ( GEOMETRIC_REPRESENTATION_CONTEXT(2) 
PARAMETRIC_REPRESENTATION_CONTEXT() REPRESENTATION_CONTEXT('2D SPACE',''
  ) );
#8300 = PCURVE('',#8301,#8306);
#8301 = PLANE('',#8302);
#8302 = AXIS2_PLACEMENT_3D('',#8303,#8304,#8305);
#8303 = CARTESIAN_POINT('',(-104.75,200.981,11.5));
#8304 = DIRECTION('',(0.,0.,1.));
#8305 = DIRECTION('',(1.,0.,-0.));
#8306 = DEFINITIONAL_REPRESENTATION('',(#8307),#8311);
#8307 = CIRCLE('',#8308,3.2);
#8308 = AXIS2_PLACEMENT_2D('',#8309,#8310);
#8309 = CARTESIAN_POINT('',(0.,0.));
#8310 = DIRECTION('',(1.,0.));
#8311 = ( GEOMETRIC_REPRESENTATION_CONTEXT(2) 
PARAMETRIC_REPRESENTATION_CONTEXT() REPRESENTATION_CONTEXT('2D SPACE',''
  ) );
#8312 = ORIENTED_EDGE('',*,*,#8263,.T.);
#8313 = ADVANCED_FACE('',(#8314),#7811,.F.);
#8314 = FACE_BOUND('',#8315,.F.);
#8315 = EDGE_LOOP('',(#8316,#8317,#8340,#8367));
#8316 = ORIENTED_EDGE('',*,*,#7794,.F.);
#8317 = ORIENTED_EDGE('',*,*,#8318,.F.);
#8318 = EDGE_CURVE('',#8319,#7795,#8321,.T.);
#8319 = VERTEX_POINT('',#8320);
#8320 = CARTESIAN_POINT('',(55.575,291.69716104642,11.5));
#8321 = SEAM_CURVE('',#8322,(#8326,#8333),.PCURVE_S1.);
#8322 = LINE('',#8323,#8324);
#8323 = CARTESIAN_POINT('',(55.575,291.69716104642,11.5));
#8324 = VECTOR('',#8325,1.);
#8325 = DIRECTION('',(0.,0.,1.));
#8326 = PCURVE('',#7811,#8327);
#8327 = DEFINITIONAL_REPRESENTATION('',(#8328),#8332);
#8328 = LINE('',#8329,#8330);
#8329 = CARTESIAN_POINT('',(6.28318530718,-0.));
#8330 = VECTOR('',#8331,1.);
#8331 = DIRECTION('',(0.,1.));
#8332 = ( GEOMETRIC_REPRESENTATION_CONTEXT(2) 
PARAMETRIC_REPRESENTATION_CONTEXT() REPRESENTATION_CONTEXT('2D SPACE',''
  ) );
#8333 = PCURVE('',#7811,#8334);
#8334 = DEFINITIONAL_REPRESENTATION('',(#8335),#8339);
#8335 = LINE('',#8336,#8337);
#8336 = CARTESIAN_POINT('',(0.,-0.));
#8337 = VECTOR('',#8338,1.);
#8338 = DIRECTION('',(0.,1.));
#8339 = ( GEOMETRIC_REPRESENTATION_CONTEXT(2) 
PARAMETRIC_REPRESENTATION_CONTEXT() REPRESENTATION_CONTEXT('2D SPACE',''
  ) );
#8340 = ORIENTED_EDGE('',*,*,#8341,.T.);
#8341 = EDGE_CURVE('',#8319,#8319,#8342,.T.);
#8342 = SURFACE_CURVE('',#8343,(#8348,#8355),.PCURVE_S1.);
#8343 = CIRCLE('',#8344,3.2);
#8344 = AXIS2_PLACEMENT_3D('',#8345,#8346,#8347);
#8345 = CARTESIAN_POINT('',(52.375,291.69716104642,11.5));
#8346 = DIRECTION('',(0.,0.,1.));
#8347 = DIRECTION('',(1.,0.,-0.));
#8348 = PCURVE('',#7811,#8349);
#8349 = DEFINITIONAL_REPRESENTATION('',(#8350),#8354);
#8350 = LINE('',#8351,#8352);
#8351 = CARTESIAN_POINT('',(0.,0.));
#8352 = VECTOR('',#8353,1.);
#8353 = DIRECTION('',(1.,0.));
#8354 = ( GEOMETRIC_REPRESENTATION_CONTEXT(2) 
PARAMETRIC_REPRESENTATION_CONTEXT() REPRESENTATION_CONTEXT('2D SPACE',''
  ) );
#8355 = PCURVE('',#8356,#8361);
#8356 = PLANE('',#8357);
#8357 = AXIS2_PLACEMENT_3D('',#8358,#8359,#8360);
#8358 = CARTESIAN_POINT('',(52.375,291.69716104642,11.5));
#8359 = DIRECTION('',(0.,0.,1.));
#8360 = DIRECTION('',(1.,0.,-0.));
#8361 = DEFINITIONAL_REPRESENTATION('',(#8362),#8366);
#8362 = CIRCLE('',#8363,3.2);
#8363 = AXIS2_PLACEMENT_2D('',#8364,#8365);
#8364 = CARTESIAN_POINT('',(0.,0.));
#8365 = DIRECTION('',(1.,0.));
#8366 = ( GEOMETRIC_REPRESENTATION_CONTEXT(2) 
PARAMETRIC_REPRESENTATION_CONTEXT() REPRESENTATION_CONTEXT('2D SPACE',''
  ) );
#8367 = ORIENTED_EDGE('',*,*,#8318,.T.);
#8368 = ADVANCED_FACE('',(#8369),#7854,.F.);
#8369 = FACE_BOUND('',#8370,.F.);
#8370 = EDGE_LOOP('',(#8371,#8372,#8395,#8422));
#8371 = ORIENTED_EDGE('',*,*,#7837,.F.);
#8372 = ORIENTED_EDGE('',*,*,#8373,.F.);
#8373 = EDGE_CURVE('',#8374,#7838,#8376,.T.);
#8374 = VERTEX_POINT('',#8375);
#8375 = CARTESIAN_POINT('',(-49.175,291.69716104642,11.5));
#8376 = SEAM_CURVE('',#8377,(#8381,#8388),.PCURVE_S1.);
#8377 = LINE('',#8378,#8379);
#8378 = CARTESIAN_POINT('',(-49.175,291.69716104642,11.5));
#8379 = VECTOR('',#8380,1.);
#8380 = DIRECTION('',(0.,0.,1.));
#8381 = PCURVE('',#7854,#8382);
#8382 = DEFINITIONAL_REPRESENTATION('',(#8383),#8387);
#8383 = LINE('',#8384,#8385);
#8384 = CARTESIAN_POINT('',(6.28318530718,-0.));
#8385 = VECTOR('',#8386,1.);
#8386 = DIRECTION('',(0.,1.));
#8387 = ( GEOMETRIC_REPRESENTATION_CONTEXT(2) 
PARAMETRIC_REPRESENTATION_CONTEXT() REPRESENTATION_CONTEXT('2D SPACE',''
  ) );
#8388 = PCURVE('',#7854,#8389);
#8389 = DEFINITIONAL_REPRESENTATION('',(#8390),#8394);
#8390 = LINE('',#8391,#8392);
#8391 = CARTESIAN_POINT('',(0.,-0.));
#8392 = VECTOR('',#8393,1.);
#8393 = DIRECTION('',(0.,1.));
#8394 = ( GEOMETRIC_REPRESENTATION_CONTEXT(2) 
PARAMETRIC_REPRESENTATION_CONTEXT() REPRESENTATION_CONTEXT('2D SPACE',''
  ) );
#8395 = ORIENTED_EDGE('',*,*,#8396,.T.);
#8396 = EDGE_CURVE('',#8374,#8374,#8397,.T.);
#8397 = SURFACE_CURVE('',#8398,(#8403,#8410),.PCURVE_S1.);
#8398 = CIRCLE('',#8399,3.2);
#8399 = AXIS2_PLACEMENT_3D('',#8400,#8401,#8402);
#8400 = CARTESIAN_POINT('',(-52.375,291.69716104642,11.5));
#8401 = DIRECTION('',(0.,0.,1.));
#8402 = DIRECTION('',(1.,0.,-0.));
#8403 = PCURVE('',#7854,#8404);
#8404 = DEFINITIONAL_REPRESENTATION('',(#8405),#8409);
#8405 = LINE('',#8406,#8407);
#8406 = CARTESIAN_POINT('',(0.,0.));
#8407 = VECTOR('',#8408,1.);
#8408 = DIRECTION('',(1.,0.));
#8409 = ( GEOMETRIC_REPRESENTATION_CONTEXT(2) 
PARAMETRIC_REPRESENTATION_CONTEXT() REPRESENTATION_CONTEXT('2D SPACE',''
  ) );
#8410 = PCURVE('',#8411,#8416);
#8411 = PLANE('',#8412);
#8412 = AXIS2_PLACEMENT_3D('',#8413,#8414,#8415);
#8413 = CARTESIAN_POINT('',(-52.375,291.69716104642,11.5));
#8414 = DIRECTION('',(0.,0.,1.));
#8415 = DIRECTION('',(1.,0.,-0.));
#8416 = DEFINITIONAL_REPRESENTATION('',(#8417),#8421);
#8417 = CIRCLE('',#8418,3.2);
#8418 = AXIS2_PLACEMENT_2D('',#8419,#8420);
#8419 = CARTESIAN_POINT('',(0.,0.));
#8420 = DIRECTION('',(1.,0.));
#8421 = ( GEOMETRIC_REPRESENTATION_CONTEXT(2) 
PARAMETRIC_REPRESENTATION_CONTEXT() REPRESENTATION_CONTEXT('2D SPACE',''
  ) );
#8422 = ORIENTED_EDGE('',*,*,#8373,.T.);
#8423 = ADVANCED_FACE('',(#8424,#8427),#7915,.F.);
#8424 = FACE_BOUND('',#8425,.F.);
#8425 = EDGE_LOOP('',(#8426));
#8426 = ORIENTED_EDGE('',*,*,#7900,.T.);
#8427 = FACE_BOUND('',#8428,.F.);
#8428 = EDGE_LOOP('',(#8429));
#8429 = ORIENTED_EDGE('',*,*,#8430,.F.);
#8430 = EDGE_CURVE('',#8431,#8431,#8433,.T.);
#8431 = VERTEX_POINT('',#8432);
#8432 = CARTESIAN_POINT('',(23.2,20.,2.));
#8433 = SURFACE_CURVE('',#8434,(#8439,#8446),.PCURVE_S1.);
#8434 = CIRCLE('',#8435,3.2);
#8435 = AXIS2_PLACEMENT_3D('',#8436,#8437,#8438);
#8436 = CARTESIAN_POINT('',(20.,20.,2.));
#8437 = DIRECTION('',(0.,0.,1.));
#8438 = DIRECTION('',(1.,0.,-0.));
#8439 = PCURVE('',#7915,#8440);
#8440 = DEFINITIONAL_REPRESENTATION('',(#8441),#8445);
#8441 = CIRCLE('',#8442,3.2);
#8442 = AXIS2_PLACEMENT_2D('',#8443,#8444);
#8443 = CARTESIAN_POINT('',(0.,0.));
#8444 = DIRECTION('',(1.,0.));
#8445 = ( GEOMETRIC_REPRESENTATION_CONTEXT(2) 
PARAMETRIC_REPRESENTATION_CONTEXT() REPRESENTATION_CONTEXT('2D SPACE',''
  ) );
#8446 = PCURVE('',#8447,#8452);
#8447 = CYLINDRICAL_SURFACE('',#8448,3.2);
#8448 = AXIS2_PLACEMENT_3D('',#8449,#8450,#8451);
#8449 = CARTESIAN_POINT('',(20.,20.,-0.2));
#8450 = DIRECTION('',(0.,0.,1.));
#8451 = DIRECTION('',(1.,0.,-0.));
#8452 = DEFINITIONAL_REPRESENTATION('',(#8453),#8457);
#8453 = LINE('',#8454,#8455);
#8454 = CARTESIAN_POINT('',(0.,2.2));
#8455 = VECTOR('',#8456,1.);
#8456 = DIRECTION('',(1.,0.));
#8457 = ( GEOMETRIC_REPRESENTATION_CONTEXT(2) 
PARAMETRIC_REPRESENTATION_CONTEXT() REPRESENTATION_CONTEXT('2D SPACE',''
  ) );
#8458 = ADVANCED_FACE('',(#8459,#8462),#7970,.F.);
#8459 = FACE_BOUND('',#8460,.F.);
#8460 = EDGE_LOOP('',(#8461));
#8461 = ORIENTED_EDGE('',*,*,#7955,.T.);
#8462 = FACE_BOUND('',#8463,.F.);
#8463 = EDGE_LOOP('',(#8464));
#8464 = ORIENTED_EDGE('',*,*,#8465,.F.);
#8465 = EDGE_CURVE('',#8466,#8466,#8468,.T.);
#8466 = VERTEX_POINT('',#8467);
#8467 = CARTESIAN_POINT('',(23.2,70.,2.));
#8468 = SURFACE_CURVE('',#8469,(#8474,#8481),.PCURVE_S1.);
#8469 = CIRCLE('',#8470,3.2);
#8470 = AXIS2_PLACEMENT_3D('',#8471,#8472,#8473);
#8471 = CARTESIAN_POINT('',(20.,70.,2.));
#8472 = DIRECTION('',(0.,0.,1.));
#8473 = DIRECTION('',(1.,0.,-0.));
#8474 = PCURVE('',#7970,#8475);
#8475 = DEFINITIONAL_REPRESENTATION('',(#8476),#8480);
#8476 = CIRCLE('',#8477,3.2);
#8477 = AXIS2_PLACEMENT_2D('',#8478,#8479);
#8478 = CARTESIAN_POINT('',(0.,0.));
#8479 = DIRECTION('',(1.,0.));
#8480 = ( GEOMETRIC_REPRESENTATION_CONTEXT(2) 
PARAMETRIC_REPRESENTATION_CONTEXT() REPRESENTATION_CONTEXT('2D SPACE',''
  ) );
#8481 = PCURVE('',#8482,#8487);
#8482 = CYLINDRICAL_SURFACE('',#8483,3.2);
#8483 = AXIS2_PLACEMENT_3D('',#8484,#8485,#8486);
#8484 = CARTESIAN_POINT('',(20.,70.,-0.2));
#8485 = DIRECTION('',(0.,0.,1.));
#8486 = DIRECTION('',(1.,0.,-0.));
#8487 = DEFINITIONAL_REPRESENTATION('',(#8488),#8492);
#8488 = LINE('',#8489,#8490);
#8489 = CARTESIAN_POINT('',(0.,2.2));
#8490 = VECTOR('',#8491,1.);
#8491 = DIRECTION('',(1.,0.));
#8492 = ( GEOMETRIC_REPRESENTATION_CONTEXT(2) 
PARAMETRIC_REPRESENTATION_CONTEXT() REPRESENTATION_CONTEXT('2D SPACE',''
  ) );
#8493 = ADVANCED_FACE('',(#8494,#8497),#8025,.F.);
#8494 = FACE_BOUND('',#8495,.F.);
#8495 = EDGE_LOOP('',(#8496));
#8496 = ORIENTED_EDGE('',*,*,#8010,.T.);
#8497 = FACE_BOUND('',#8498,.F.);
#8498 = EDGE_LOOP('',(#8499));
#8499 = ORIENTED_EDGE('',*,*,#8500,.F.);
#8500 = EDGE_CURVE('',#8501,#8501,#8503,.T.);
#8501 = VERTEX_POINT('',#8502);
#8502 = CARTESIAN_POINT('',(-16.8,20.,2.));
#8503 = SURFACE_CURVE('',#8504,(#8509,#8516),.PCURVE_S1.);
#8504 = CIRCLE('',#8505,3.2);
#8505 = AXIS2_PLACEMENT_3D('',#8506,#8507,#8508);
#8506 = CARTESIAN_POINT('',(-20.,20.,2.));
#8507 = DIRECTION('',(0.,0.,1.));
#8508 = DIRECTION('',(1.,0.,-0.));
#8509 = PCURVE('',#8025,#8510);
#8510 = DEFINITIONAL_REPRESENTATION('',(#8511),#8515);
#8511 = CIRCLE('',#8512,3.2);
#8512 = AXIS2_PLACEMENT_2D('',#8513,#8514);
#8513 = CARTESIAN_POINT('',(0.,0.));
#8514 = DIRECTION('',(1.,0.));
#8515 = ( GEOMETRIC_REPRESENTATION_CONTEXT(2) 
PARAMETRIC_REPRESENTATION_CONTEXT() REPRESENTATION_CONTEXT('2D SPACE',''
  ) );
#8516 = PCURVE('',#8517,#8522);
#8517 = CYLINDRICAL_SURFACE('',#8518,3.2);
#8518 = AXIS2_PLACEMENT_3D('',#8519,#8520,#8521);
#8519 = CARTESIAN_POINT('',(-20.,20.,-0.2));
#8520 = DIRECTION('',(0.,0.,1.));
#8521 = DIRECTION('',(1.,0.,-0.));
#8522 = DEFINITIONAL_REPRESENTATION('',(#8523),#8527);
#8523 = LINE('',#8524,#8525);
#8524 = CARTESIAN_POINT('',(0.,2.2));
#8525 = VECTOR('',#8526,1.);
#8526 = DIRECTION('',(1.,0.));
#8527 = ( GEOMETRIC_REPRESENTATION_CONTEXT(2) 
PARAMETRIC_REPRESENTATION_CONTEXT() REPRESENTATION_CONTEXT('2D SPACE',''
  ) );
#8528 = ADVANCED_FACE('',(#8529,#8532),#8080,.F.);
#8529 = FACE_BOUND('',#8530,.F.);
#8530 = EDGE_LOOP('',(#8531));
#8531 = ORIENTED_EDGE('',*,*,#8065,.T.);
#8532 = FACE_BOUND('',#8533,.F.);
#8533 = EDGE_LOOP('',(#8534));
#8534 = ORIENTED_EDGE('',*,*,#8535,.F.);
#8535 = EDGE_CURVE('',#8536,#8536,#8538,.T.);
#8536 = VERTEX_POINT('',#8537);
#8537 = CARTESIAN_POINT('',(-16.8,70.,2.));
#8538 = SURFACE_CURVE('',#8539,(#8544,#8551),.PCURVE_S1.);
#8539 = CIRCLE('',#8540,3.2);
#8540 = AXIS2_PLACEMENT_3D('',#8541,#8542,#8543);
#8541 = CARTESIAN_POINT('',(-20.,70.,2.));
#8542 = DIRECTION('',(0.,0.,1.));
#8543 = DIRECTION('',(1.,0.,-0.));
#8544 = PCURVE('',#8080,#8545);
#8545 = DEFINITIONAL_REPRESENTATION('',(#8546),#8550);
#8546 = CIRCLE('',#8547,3.2);
#8547 = AXIS2_PLACEMENT_2D('',#8548,#8549);
#8548 = CARTESIAN_POINT('',(0.,0.));
#8549 = DIRECTION('',(1.,0.));
#8550 = ( GEOMETRIC_REPRESENTATION_CONTEXT(2) 
PARAMETRIC_REPRESENTATION_CONTEXT() REPRESENTATION_CONTEXT('2D SPACE',''
  ) );
#8551 = PCURVE('',#8552,#8557);
#8552 = CYLINDRICAL_SURFACE('',#8553,3.2);
#8553 = AXIS2_PLACEMENT_3D('',#8554,#8555,#8556);
#8554 = CARTESIAN_POINT('',(-20.,70.,-0.2));
#8555 = DIRECTION('',(0.,0.,1.));
#8556 = DIRECTION('',(1.,0.,-0.));
#8557 = DEFINITIONAL_REPRESENTATION('',(#8558),#8562);
#8558 = LINE('',#8559,#8560);
#8559 = CARTESIAN_POINT('',(0.,2.2));
#8560 = VECTOR('',#8561,1.);
#8561 = DIRECTION('',(1.,0.));
#8562 = ( GEOMETRIC_REPRESENTATION_CONTEXT(2) 
PARAMETRIC_REPRESENTATION_CONTEXT() REPRESENTATION_CONTEXT('2D SPACE',''
  ) );
#8563 = ADVANCED_FACE('',(#8564),#8136,.T.);
#8564 = FACE_BOUND('',#8565,.F.);
#8565 = EDGE_LOOP('',(#8566));
#8566 = ORIENTED_EDGE('',*,*,#8121,.F.);
#8567 = ADVANCED_FACE('',(#8568),#8191,.T.);
#8568 = FACE_BOUND('',#8569,.F.);
#8569 = EDGE_LOOP('',(#8570));
#8570 = ORIENTED_EDGE('',*,*,#8176,.F.);
#8571 = ADVANCED_FACE('',(#8572),#8246,.T.);
#8572 = FACE_BOUND('',#8573,.F.);
#8573 = EDGE_LOOP('',(#8574));
#8574 = ORIENTED_EDGE('',*,*,#8231,.F.);
#8575 = ADVANCED_FACE('',(#8576),#8301,.T.);
#8576 = FACE_BOUND('',#8577,.F.);
#8577 = EDGE_LOOP('',(#8578));
#8578 = ORIENTED_EDGE('',*,*,#8286,.F.);
#8579 = ADVANCED_FACE('',(#8580),#8356,.T.);
#8580 = FACE_BOUND('',#8581,.F.);
#8581 = EDGE_LOOP('',(#8582));
#8582 = ORIENTED_EDGE('',*,*,#8341,.F.);
#8583 = ADVANCED_FACE('',(#8584),#8411,.T.);
#8584 = FACE_BOUND('',#8585,.F.);
#8585 = EDGE_LOOP('',(#8586));
#8586 = ORIENTED_EDGE('',*,*,#8396,.F.);
#8587 = ADVANCED_FACE('',(#8588),#8447,.F.);
#8588 = FACE_BOUND('',#8589,.F.);
#8589 = EDGE_LOOP('',(#8590,#8613,#8640,#8641));
#8590 = ORIENTED_EDGE('',*,*,#8591,.T.);
#8591 = EDGE_CURVE('',#8431,#8592,#8594,.T.);
#8592 = VERTEX_POINT('',#8593);
#8593 = CARTESIAN_POINT('',(23.2,20.,6.8));
#8594 = SEAM_CURVE('',#8595,(#8599,#8606),.PCURVE_S1.);
#8595 = LINE('',#8596,#8597);
#8596 = CARTESIAN_POINT('',(23.2,20.,-0.2));
#8597 = VECTOR('',#8598,1.);
#8598 = DIRECTION('',(0.,0.,1.));
#8599 = PCURVE('',#8447,#8600);
#8600 = DEFINITIONAL_REPRESENTATION('',(#8601),#8605);
#8601 = LINE('',#8602,#8603);
#8602 = CARTESIAN_POINT('',(6.28318530718,-0.));
#8603 = VECTOR('',#8604,1.);
#8604 = DIRECTION('',(0.,1.));
#8605 = ( GEOMETRIC_REPRESENTATION_CONTEXT(2) 
PARAMETRIC_REPRESENTATION_CONTEXT() REPRESENTATION_CONTEXT('2D SPACE',''
  ) );
#8606 = PCURVE('',#8447,#8607);
#8607 = DEFINITIONAL_REPRESENTATION('',(#8608),#8612);
#8608 = LINE('',#8609,#8610);
#8609 = CARTESIAN_POINT('',(0.,-0.));
#8610 = VECTOR('',#8611,1.);
#8611 = DIRECTION('',(0.,1.));
#8612 = ( GEOMETRIC_REPRESENTATION_CONTEXT(2) 
PARAMETRIC_REPRESENTATION_CONTEXT() REPRESENTATION_CONTEXT('2D SPACE',''
  ) );
#8613 = ORIENTED_EDGE('',*,*,#8614,.F.);
#8614 = EDGE_CURVE('',#8592,#8592,#8615,.T.);
#8615 = SURFACE_CURVE('',#8616,(#8621,#8628),.PCURVE_S1.);
#8616 = CIRCLE('',#8617,3.2);
#8617 = AXIS2_PLACEMENT_3D('',#8618,#8619,#8620);
#8618 = CARTESIAN_POINT('',(20.,20.,6.8));
#8619 = DIRECTION('',(0.,0.,1.));
#8620 = DIRECTION('',(1.,0.,-0.));
#8621 = PCURVE('',#8447,#8622);
#8622 = DEFINITIONAL_REPRESENTATION('',(#8623),#8627);
#8623 = LINE('',#8624,#8625);
#8624 = CARTESIAN_POINT('',(0.,7.));
#8625 = VECTOR('',#8626,1.);
#8626 = DIRECTION('',(1.,0.));
#8627 = ( GEOMETRIC_REPRESENTATION_CONTEXT(2) 
PARAMETRIC_REPRESENTATION_CONTEXT() REPRESENTATION_CONTEXT('2D SPACE',''
  ) );
#8628 = PCURVE('',#8629,#8634);
#8629 = PLANE('',#8630);
#8630 = AXIS2_PLACEMENT_3D('',#8631,#8632,#8633);
#8631 = CARTESIAN_POINT('',(20.,20.,6.8));
#8632 = DIRECTION('',(0.,0.,1.));
#8633 = DIRECTION('',(1.,0.,-0.));
#8634 = DEFINITIONAL_REPRESENTATION('',(#8635),#8639);
#8635 = CIRCLE('',#8636,3.2);
#8636 = AXIS2_PLACEMENT_2D('',#8637,#8638);
#8637 = CARTESIAN_POINT('',(0.,0.));
#8638 = DIRECTION('',(1.,0.));
#8639 = ( GEOMETRIC_REPRESENTATION_CONTEXT(2) 
PARAMETRIC_REPRESENTATION_CONTEXT() REPRESENTATION_CONTEXT('2D SPACE',''
  ) );
#8640 = ORIENTED_EDGE('',*,*,#8591,.F.);
#8641 = ORIENTED_EDGE('',*,*,#8430,.T.);
#8642 = ADVANCED_FACE('',(#8643),#8482,.F.);
#8643 = FACE_BOUND('',#8644,.F.);
#8644 = EDGE_LOOP('',(#8645,#8668,#8695,#8696));
#8645 = ORIENTED_EDGE('',*,*,#8646,.T.);
#8646 = EDGE_CURVE('',#8466,#8647,#8649,.T.);
#8647 = VERTEX_POINT('',#8648);
#8648 = CARTESIAN_POINT('',(23.2,70.,6.8));
#8649 = SEAM_CURVE('',#8650,(#8654,#8661),.PCURVE_S1.);
#8650 = LINE('',#8651,#8652);
#8651 = CARTESIAN_POINT('',(23.2,70.,-0.2));
#8652 = VECTOR('',#8653,1.);
#8653 = DIRECTION('',(0.,0.,1.));
#8654 = PCURVE('',#8482,#8655);
#8655 = DEFINITIONAL_REPRESENTATION('',(#8656),#8660);
#8656 = LINE('',#8657,#8658);
#8657 = CARTESIAN_POINT('',(6.28318530718,-0.));
#8658 = VECTOR('',#8659,1.);
#8659 = DIRECTION('',(0.,1.));
#8660 = ( GEOMETRIC_REPRESENTATION_CONTEXT(2) 
PARAMETRIC_REPRESENTATION_CONTEXT() REPRESENTATION_CONTEXT('2D SPACE',''
  ) );
#8661 = PCURVE('',#8482,#8662);
#8662 = DEFINITIONAL_REPRESENTATION('',(#8663),#8667);
#8663 = LINE('',#8664,#8665);
#8664 = CARTESIAN_POINT('',(0.,-0.));
#8665 = VECTOR('',#8666,1.);
#8666 = DIRECTION('',(0.,1.));
#8667 = ( GEOMETRIC_REPRESENTATION_CONTEXT(2) 
PARAMETRIC_REPRESENTATION_CONTEXT() REPRESENTATION_CONTEXT('2D SPACE',''
  ) );
#8668 = ORIENTED_EDGE('',*,*,#8669,.F.);
#8669 = EDGE_CURVE('',#8647,#8647,#8670,.T.);
#8670 = SURFACE_CURVE('',#8671,(#8676,#8683),.PCURVE_S1.);
#8671 = CIRCLE('',#8672,3.2);
#8672 = AXIS2_PLACEMENT_3D('',#8673,#8674,#8675);
#8673 = CARTESIAN_POINT('',(20.,70.,6.8));
#8674 = DIRECTION('',(0.,0.,1.));
#8675 = DIRECTION('',(1.,0.,-0.));
#8676 = PCURVE('',#8482,#8677);
#8677 = DEFINITIONAL_REPRESENTATION('',(#8678),#8682);
#8678 = LINE('',#8679,#8680);
#8679 = CARTESIAN_POINT('',(0.,7.));
#8680 = VECTOR('',#8681,1.);
#8681 = DIRECTION('',(1.,0.));
#8682 = ( GEOMETRIC_REPRESENTATION_CONTEXT(2) 
PARAMETRIC_REPRESENTATION_CONTEXT() REPRESENTATION_CONTEXT('2D SPACE',''
  ) );
#8683 = PCURVE('',#8684,#8689);
#8684 = PLANE('',#8685);
#8685 = AXIS2_PLACEMENT_3D('',#8686,#8687,#8688);
#8686 = CARTESIAN_POINT('',(20.,70.,6.8));
#8687 = DIRECTION('',(0.,0.,1.));
#8688 = DIRECTION('',(1.,0.,-0.));
#8689 = DEFINITIONAL_REPRESENTATION('',(#8690),#8694);
#8690 = CIRCLE('',#8691,3.2);
#8691 = AXIS2_PLACEMENT_2D('',#8692,#8693);
#8692 = CARTESIAN_POINT('',(0.,0.));
#8693 = DIRECTION('',(1.,0.));
#8694 = ( GEOMETRIC_REPRESENTATION_CONTEXT(2) 
PARAMETRIC_REPRESENTATION_CONTEXT() REPRESENTATION_CONTEXT('2D SPACE',''
  ) );
#8695 = ORIENTED_EDGE('',*,*,#8646,.F.);
#8696 = ORIENTED_EDGE('',*,*,#8465,.T.);
#8697 = ADVANCED_FACE('',(#8698),#8517,.F.);
#8698 = FACE_BOUND('',#8699,.F.);
#8699 = EDGE_LOOP('',(#8700,#8723,#8750,#8751));
#8700 = ORIENTED_EDGE('',*,*,#8701,.T.);
#8701 = EDGE_CURVE('',#8501,#8702,#8704,.T.);
#8702 = VERTEX_POINT('',#8703);
#8703 = CARTESIAN_POINT('',(-16.8,20.,6.8));
#8704 = SEAM_CURVE('',#8705,(#8709,#8716),.PCURVE_S1.);
#8705 = LINE('',#8706,#8707);
#8706 = CARTESIAN_POINT('',(-16.8,20.,-0.2));
#8707 = VECTOR('',#8708,1.);
#8708 = DIRECTION('',(0.,0.,1.));
#8709 = PCURVE('',#8517,#8710);
#8710 = DEFINITIONAL_REPRESENTATION('',(#8711),#8715);
#8711 = LINE('',#8712,#8713);
#8712 = CARTESIAN_POINT('',(6.28318530718,-0.));
#8713 = VECTOR('',#8714,1.);
#8714 = DIRECTION('',(0.,1.));
#8715 = ( GEOMETRIC_REPRESENTATION_CONTEXT(2) 
PARAMETRIC_REPRESENTATION_CONTEXT() REPRESENTATION_CONTEXT('2D SPACE',''
  ) );
#8716 = PCURVE('',#8517,#8717);
#8717 = DEFINITIONAL_REPRESENTATION('',(#8718),#8722);
#8718 = LINE('',#8719,#8720);
#8719 = CARTESIAN_POINT('',(0.,-0.));
#8720 = VECTOR('',#8721,1.);
#8721 = DIRECTION('',(0.,1.));
#8722 = ( GEOMETRIC_REPRESENTATION_CONTEXT(2) 
PARAMETRIC_REPRESENTATION_CONTEXT() REPRESENTATION_CONTEXT('2D SPACE',''
  ) );
#8723 = ORIENTED_EDGE('',*,*,#8724,.F.);
#8724 = EDGE_CURVE('',#8702,#8702,#8725,.T.);
#8725 = SURFACE_CURVE('',#8726,(#8731,#8738),.PCURVE_S1.);
#8726 = CIRCLE('',#8727,3.2);
#8727 = AXIS2_PLACEMENT_3D('',#8728,#8729,#8730);
#8728 = CARTESIAN_POINT('',(-20.,20.,6.8));
#8729 = DIRECTION('',(0.,0.,1.));
#8730 = DIRECTION('',(1.,0.,-0.));
#8731 = PCURVE('',#8517,#8732);
#8732 = DEFINITIONAL_REPRESENTATION('',(#8733),#8737);
#8733 = LINE('',#8734,#8735);
#8734 = CARTESIAN_POINT('',(0.,7.));
#8735 = VECTOR('',#8736,1.);
#8736 = DIRECTION('',(1.,0.));
#8737 = ( GEOMETRIC_REPRESENTATION_CONTEXT(2) 
PARAMETRIC_REPRESENTATION_CONTEXT() REPRESENTATION_CONTEXT('2D SPACE',''
  ) );
#8738 = PCURVE('',#8739,#8744);
#8739 = PLANE('',#8740);
#8740 = AXIS2_PLACEMENT_3D('',#8741,#8742,#8743);
#8741 = CARTESIAN_POINT('',(-20.,20.,6.8));
#8742 = DIRECTION('',(0.,0.,1.));
#8743 = DIRECTION('',(1.,0.,-0.));
#8744 = DEFINITIONAL_REPRESENTATION('',(#8745),#8749);
#8745 = CIRCLE('',#8746,3.2);
#8746 = AXIS2_PLACEMENT_2D('',#8747,#8748);
#8747 = CARTESIAN_POINT('',(0.,0.));
#8748 = DIRECTION('',(1.,0.));
#8749 = ( GEOMETRIC_REPRESENTATION_CONTEXT(2) 
PARAMETRIC_REPRESENTATION_CONTEXT() REPRESENTATION_CONTEXT('2D SPACE',''
  ) );
#8750 = ORIENTED_EDGE('',*,*,#8701,.F.);
#8751 = ORIENTED_EDGE('',*,*,#8500,.T.);
#8752 = ADVANCED_FACE('',(#8753),#8552,.F.);
#8753 = FACE_BOUND('',#8754,.F.);
#8754 = EDGE_LOOP('',(#8755,#8778,#8805,#8806));
#8755 = ORIENTED_EDGE('',*,*,#8756,.T.);
#8756 = EDGE_CURVE('',#8536,#8757,#8759,.T.);
#8757 = VERTEX_POINT('',#8758);
#8758 = CARTESIAN_POINT('',(-16.8,70.,6.8));
#8759 = SEAM_CURVE('',#8760,(#8764,#8771),.PCURVE_S1.);
#8760 = LINE('',#8761,#8762);
#8761 = CARTESIAN_POINT('',(-16.8,70.,-0.2));
#8762 = VECTOR('',#8763,1.);
#8763 = DIRECTION('',(0.,0.,1.));
#8764 = PCURVE('',#8552,#8765);
#8765 = DEFINITIONAL_REPRESENTATION('',(#8766),#8770);
#8766 = LINE('',#8767,#8768);
#8767 = CARTESIAN_POINT('',(6.28318530718,-0.));
#8768 = VECTOR('',#8769,1.);
#8769 = DIRECTION('',(0.,1.));
#8770 = ( GEOMETRIC_REPRESENTATION_CONTEXT(2) 
PARAMETRIC_REPRESENTATION_CONTEXT() REPRESENTATION_CONTEXT('2D SPACE',''
  ) );
#8771 = PCURVE('',#8552,#8772);
#8772 = DEFINITIONAL_REPRESENTATION('',(#8773),#8777);
#8773 = LINE('',#8774,#8775);
#8774 = CARTESIAN_POINT('',(0.,-0.));
#8775 = VECTOR('',#8776,1.);
#8776 = DIRECTION('',(0.,1.));
#8777 = ( GEOMETRIC_REPRESENTATION_CONTEXT(2) 
PARAMETRIC_REPRESENTATION_CONTEXT() REPRESENTATION_CONTEXT('2D SPACE',''
  ) );
#8778 = ORIENTED_EDGE('',*,*,#8779,.F.);
#8779 = EDGE_CURVE('',#8757,#8757,#8780,.T.);
#8780 = SURFACE_CURVE('',#8781,(#8786,#8793),.PCURVE_S1.);
#8781 = CIRCLE('',#8782,3.2);
#8782 = AXIS2_PLACEMENT_3D('',#8783,#8784,#8785);
#8783 = CARTESIAN_POINT('',(-20.,70.,6.8));
#8784 = DIRECTION('',(0.,0.,1.));
#8785 = DIRECTION('',(1.,0.,-0.));
#8786 = PCURVE('',#8552,#8787);
#8787 = DEFINITIONAL_REPRESENTATION('',(#8788),#8792);
#8788 = LINE('',#8789,#8790);
#8789 = CARTESIAN_POINT('',(0.,7.));
#8790 = VECTOR('',#8791,1.);
#8791 = DIRECTION('',(1.,0.));
#8792 = ( GEOMETRIC_REPRESENTATION_CONTEXT(2) 
PARAMETRIC_REPRESENTATION_CONTEXT() REPRESENTATION_CONTEXT('2D SPACE',''
  ) );
#8793 = PCURVE('',#8794,#8799);
#8794 = PLANE('',#8795);
#8795 = AXIS2_PLACEMENT_3D('',#8796,#8797,#8798);
#8796 = CARTESIAN_POINT('',(-20.,70.,6.8));
#8797 = DIRECTION('',(0.,0.,1.));
#8798 = DIRECTION('',(1.,0.,-0.));
#8799 = DEFINITIONAL_REPRESENTATION('',(#8800),#8804);
#8800 = CIRCLE('',#8801,3.2);
#8801 = AXIS2_PLACEMENT_2D('',#8802,#8803);
#8802 = CARTESIAN_POINT('',(0.,0.));
#8803 = DIRECTION('',(1.,0.));
#8804 = ( GEOMETRIC_REPRESENTATION_CONTEXT(2) 
PARAMETRIC_REPRESENTATION_CONTEXT() REPRESENTATION_CONTEXT('2D SPACE',''
  ) );
#8805 = ORIENTED_EDGE('',*,*,#8756,.F.);
#8806 = ORIENTED_EDGE('',*,*,#8535,.T.);
#8807 = ADVANCED_FACE('',(#8808),#8629,.F.);
#8808 = FACE_BOUND('',#8809,.F.);
#8809 = EDGE_LOOP('',(#8810));
#8810 = ORIENTED_EDGE('',*,*,#8614,.T.);
#8811 = ADVANCED_FACE('',(#8812),#8684,.F.);
#8812 = FACE_BOUND('',#8813,.F.);
#8813 = EDGE_LOOP('',(#8814));
#8814 = ORIENTED_EDGE('',*,*,#8669,.T.);
#8815 = ADVANCED_FACE('',(#8816),#8739,.F.);
#8816 = FACE_BOUND('',#8817,.F.);
#8817 = EDGE_LOOP('',(#8818));
#8818 = ORIENTED_EDGE('',*,*,#8724,.T.);
#8819 = ADVANCED_FACE('',(#8820),#8794,.F.);
#8820 = FACE_BOUND('',#8821,.F.);
#8821 = EDGE_LOOP('',(#8822));
#8822 = ORIENTED_EDGE('',*,*,#8779,.T.);
#8823 = ( GEOMETRIC_REPRESENTATION_CONTEXT(3) 
GLOBAL_UNCERTAINTY_ASSIGNED_CONTEXT((#8827)) 
GLOBAL_UNIT_ASSIGNED_CONTEXT((#8824,#8825,#8826)) REPRESENTATION_CONTEXT
('Context #1','3D Context with UNIT and UNCERTAINTY') );
#8824 = ( LENGTH_UNIT() NAMED_UNIT(*) SI_UNIT(.MILLI.,.METRE.) );
#8825 = ( NAMED_UNIT(*) PLANE_ANGLE_UNIT() SI_UNIT($,.RADIAN.) );
#8826 = ( NAMED_UNIT(*) SI_UNIT($,.STERADIAN.) SOLID_ANGLE_UNIT() );
#8827 = UNCERTAINTY_MEASURE_WITH_UNIT(LENGTH_MEASURE(1.E-06),#8824,
  'distance_accuracy_value','confusion accuracy');
#8828 = PRODUCT_RELATED_PRODUCT_CATEGORY('part',$,(#7));
ENDSEC;
END-ISO-10303-21;
