candidate,angle_group,source_model,source_point_profile,acoustic_center_offset_mm,half_depth_mm,ring_radii_mm,front_depth_mm,rear_depth_mm,front_ring_radii_mm,rear_ring_radii_mm,source_count,source_svd_rcond,source_regularization,source_fit_rms_db_300_1200,source_fit_front_rms_db_300_1200,source_fit_rear_rms_db_300_1200,mesh_panels,mesh_area_m2,freqs_hz,angle_min_deg,angle_max_deg,target_norm_mean_db,sim_norm_mean_db,signed_mean_error_db,rms_error_db,max_abs_error_db,max_abs_error_freq_hz,max_abs_error_angle_deg
current_d45_r0-35-70-95_svd1e-5_ac-20mm,0_60,split-discrete,symmetric_depth_rings,-20.0,45.0,0 35 70 95,45.0,45.0,0 35 70 95,0 35 70 95,14,1e-05,1e-06,2.436070246468478,2.677798950153336,2.1675491399310127,832,0.18508636079717677,300.293 304.321,0.0,60.0,-2.69651179161757,0.08949372192717178,2.7860055135447417,3.7319890545115446,6.922557560186739,304.321,60.0
current_d45_r0-35-70-95_svd1e-5_ac-20mm,70_90,split-discrete,symmetric_depth_rings,-20.0,45.0,0 35 70 95,45.0,45.0,0 35 70 95,0 35 70 95,14,1e-05,1e-06,2.436070246468478,2.677798950153336,2.1675491399310127,832,0.18508636079717677,300.293 304.321,70.0,90.0,-23.58416110268448,-7.797863174131626,15.786297928552855,18.166754244054186,24.923053396178197,300.293,75.0
current_d45_r0-35-70-95_svd1e-5_ac-20mm,80_90,split-discrete,symmetric_depth_rings,-20.0,45.0,0 35 70 95,45.0,45.0,0 35 70 95,0 35 70 95,14,1e-05,1e-06,2.436070246468478,2.677798950153336,2.1675491399310127,832,0.18508636079717677,300.293 304.321,80.0,90.0,-17.4167492732596,-10.619968220334961,6.79678105292464,6.7970023623410905,6.851630230447974,304.321,90.0
current_d45_r0-35-70-95_svd1e-5_ac-20mm,90,split-discrete,symmetric_depth_rings,-20.0,45.0,0 35 70 95,45.0,45.0,0 35 70 95,0 35 70 95,14,1e-05,1e-06,2.436070246468478,2.677798950153336,2.1675491399310127,832,0.18508636079717677,300.293 304.321,90.0,90.0,-17.4167492732596,-10.619968220334961,6.79678105292464,6.7970023623410905,6.851630230447974,304.321,90.0
current_d45_r0-35-70-95_svd1e-5_ac+0mm,0_60,split-discrete,symmetric_depth_rings,0.0,45.0,0 35 70 95,45.0,45.0,0 35 70 95,0 35 70 95,14,1e-05,1e-06,2.425667868014756,2.381093284497877,2.4694379891703324,832,0.18508636079717677,300.293 304.321,0.0,60.0,-2.69651179161757,-1.6733560984046938,1.023155693212876,1.5146277252348774,3.14951265614242,300.293,60.0
current_d45_r0-35-70-95_svd1e-5_ac+0mm,70_90,split-discrete,symmetric_depth_rings,0.0,45.0,0 35 70 95,45.0,45.0,0 35 70 95,0 35 70 95,14,1e-05,1e-06,2.425667868014756,2.381093284497877,2.4694379891703324,832,0.18508636079717677,300.293 304.321,70.0,90.0,-23.58416110268448,-14.856398971183042,8.72776213150144,14.046322093721036,19.915168251013917,300.293,75.0
current_d45_r0-35-70-95_svd1e-5_ac+0mm,80_90,split-discrete,symmetric_depth_rings,0.0,45.0,0 35 70 95,45.0,45.0,0 35 70 95,0 35 70 95,14,1e-05,1e-06,2.425667868014756,2.381093284497877,2.4694379891703324,832,0.18508636079717677,300.293 304.321,80.0,90.0,-17.4167492732596,-19.693902334275062,-2.2771530610154613,2.277382578498429,2.3094848651109174,300.293,90.0
current_d45_r0-35-70-95_svd1e-5_ac+0mm,90,split-discrete,symmetric_depth_rings,0.0,45.0,0 35 70 95,45.0,45.0,0 35 70 95,0 35 70 95,14,1e-05,1e-06,2.425667868014756,2.381093284497877,2.4694379891703324,832,0.18508636079717677,300.293 304.321,90.0,90.0,-17.4167492732596,-19.693902334275062,-2.2771530610154613,2.277382578498429,2.3094848651109174,300.293,90.0
current_d45_r0-35-70-95_svd1e-5_ac+20mm,0_60,split-discrete,symmetric_depth_rings,20.0,45.0,0 35 70 95,45.0,45.0,0 35 70 95,0 35 70 95,14,1e-05,1e-06,2.4606144029879826,2.088882782088126,2.783130468210138,832,0.18508636079717677,300.293 304.321,0.0,60.0,-2.69651179161757,-1.9935878017532667,0.7029239898643034,1.2707525627643097,2.7690670785478204,300.293,60.0
current_d45_r0-35-70-95_svd1e-5_ac+20mm,70_90,split-discrete,symmetric_depth_rings,20.0,45.0,0 35 70 95,45.0,45.0,0 35 70 95,0 35 70 95,14,1e-05,1e-06,2.4606144029879826,2.088882782088126,2.783130468210138,832,0.18508636079717677,300.293 304.321,70.0,90.0,-23.58416110268448,-10.911807222460478,12.672353880224003,14.88224906316771,20.64096574593055,300.293,75.0
current_d45_r0-35-70-95_svd1e-5_ac+20mm,80_90,split-discrete,symmetric_depth_rings,20.0,45.0,0 35 70 95,45.0,45.0,0 35 70 95,0 35 70 95,14,1e-05,1e-06,2.4606144029879826,2.088882782088126,2.783130468210138,832,0.18508636079717677,300.293 304.321,80.0,90.0,-17.4167492732596,-12.546852852156938,4.869896421102663,4.870027483259204,4.905625057117142,300.293,90.0
current_d45_r0-35-70-95_svd1e-5_ac+20mm,90,split-discrete,symmetric_depth_rings,20.0,45.0,0 35 70 95,45.0,45.0,0 35 70 95,0 35 70 95,14,1e-05,1e-06,2.4606144029879826,2.088882782088126,2.783130468210138,832,0.18508636079717677,300.293 304.321,90.0,90.0,-17.4167492732596,-12.546852852156938,4.869896421102663,4.870027483259204,4.905625057117142,300.293,90.0
d35_r0-35-70-95_svd1e-5_ac-20mm,0_60,split-discrete,symmetric_depth_rings,-20.0,35.0,0 35 70 95,35.0,35.0,0 35 70 95,0 35 70 95,14,1e-05,1e-06,2.295823548698497,2.5314358245530486,2.0330873566294554,832,0.18508636079717677,300.293 304.321,0.0,60.0,-2.69651179161757,4.304268442384684,7.000780234002254,8.597570570830404,14.4321217322018,304.321,60.0
d35_r0-35-70-95_svd1e-5_ac-20mm,70_90,split-discrete,symmetric_depth_rings,-20.0,35.0,0 35 70 95,35.0,35.0,0 35 70 95,0 35 70 95,14,1e-05,1e-06,2.295823548698497,2.5314358245530486,2.0330873566294554,832,0.18508636079717677,300.293 304.321,70.0,90.0,-23.58416110268448,3.695807874316852,27.27996897700133,28.33627754173825,34.946825077057774,304.321,75.0
d35_r0-35-70-95_svd1e-5_ac-20mm,80_90,split-discrete,symmetric_depth_rings,-20.0,35.0,0 35 70 95,35.0,35.0,0 35 70 95,0 35 70 95,14,1e-05,1e-06,2.295823548698497,2.5314358245530486,2.0330873566294554,832,0.18508636079717677,300.293 304.321,80.0,90.0,-17.4167492732596,2.1993475810853624,19.616096854344963,19.616758400474602,19.77720037245833,304.321,90.0
d35_r0-35-70-95_svd1e-5_ac-20mm,90,split-discrete,symmetric_depth_rings,-20.0,35.0,0 35 70 95,35.0,35.0,0 35 70 95,0 35 70 95,14,1e-05,1e-06,2.295823548698497,2.5314358245530486,2.0330873566294554,832,0.18508636079717677,300.293 304.321,90.0,90.0,-17.4167492732596,2.1993475810853624,19.616096854344963,19.616758400474602,19.77720037245833,304.321,90.0
d35_r0-35-70-95_svd1e-5_ac+0mm,0_60,split-discrete,symmetric_depth_rings,0.0,35.0,0 35 70 95,35.0,35.0,0 35 70 95,0 35 70 95,14,1e-05,1e-06,2.2735898519471744,2.231838342106795,2.3145883531324403,832,0.18508636079717677,300.293 304.321,0.0,60.0,-2.69651179161757,-0.28101686135128645,2.4154949302662834,3.208563470202672,5.906885518670251,304.321,60.0
d35_r0-35-70-95_svd1e-5_ac+0mm,70_90,split-discrete,symmetric_depth_rings,0.0,35.0,0 35 70 95,35.0,35.0,0 35 70 95,0 35 70 95,14,1e-05,1e-06,2.2735898519471744,2.231838342106795,2.3145883531324403,832,0.18508636079717677,300.293 304.321,70.0,90.0,-23.58416110268448,-13.617701242240427,9.966459860444054,16.17777070832529,22.847133974161643,300.293,75.0
d35_r0-35-70-95_svd1e-5_ac+0mm,80_90,split-discrete,symmetric_depth_rings,0.0,35.0,0 35 70 95,35.0,35.0,0 35 70 95,0 35 70 95,14,1e-05,1e-06,2.2735898519471744,2.231838342106795,2.3145883531324403,832,0.18508636079717677,300.293 304.321,80.0,90.0,-17.4167492732596,-20.193081499853353,-2.776332226593752,2.7769398111600307,2.834419078655884,300.293,90.0
d35_r0-35-70-95_svd1e-5_ac+0mm,90,split-discrete,symmetric_depth_rings,0.0,35.0,0 35 70 95,35.0,35.0,0 35 70 95,0 35 70 95,14,1e-05,1e-06,2.2735898519471744,2.231838342106795,2.3145883531324403,832,0.18508636079717677,300.293 304.321,90.0,90.0,-17.4167492732596,-20.193081499853353,-2.776332226593752,2.7769398111600307,2.834419078655884,300.293,90.0
d35_r0-35-70-95_svd1e-5_ac+20mm,0_60,split-discrete,symmetric_depth_rings,20.0,35.0,0 35 70 95,35.0,35.0,0 35 70 95,0 35 70 95,14,1e-05,1e-06,2.316558516422885,1.9572107738091697,2.627206255113616,832,0.18508636079717677,300.293 304.321,0.0,60.0,-2.69651179161757,-5.735585576425054,-3.039073784807484,3.7698813820134696,6.735659472683174,304.321,45.0
d35_r0-35-70-95_svd1e-5_ac+20mm,70_90,split-discrete,symmetric_depth_rings,20.0,35.0,0 35 70 95,35.0,35.0,0 35 70 95,0 35 70 95,14,1e-05,1e-06,2.316558516422885,1.9572107738091697,2.627206255113616,832,0.18508636079717677,300.293 304.321,70.0,90.0,-23.58416110268448,-3.001210279387198,20.58295082329728,20.944281828930034,24.662478840597146,300.293,75.0
d35_r0-35-70-95_svd1e-5_ac+20mm,80_90,split-discrete,symmetric_depth_rings,20.0,35.0,0 35 70 95,35.0,35.0,0 35 70 95,0 35 70 95,14,1e-05,1e-06,2.316558516422885,1.9572107738091697,2.627206255113616,832,0.18508636079717677,300.293 304.321,80.0,90.0,-17.4167492732596,-0.7044035046435226,16.71234576861608,16.712445625268973,16.770118493947997,300.293,90.0
d35_r0-35-70-95_svd1e-5_ac+20mm,90,split-discrete,symmetric_depth_rings,20.0,35.0,0 35 70 95,35.0,35.0,0 35 70 95,0 35 70 95,14,1e-05,1e-06,2.316558516422885,1.9572107738091697,2.627206255113616,832,0.18508636079717677,300.293 304.321,90.0,90.0,-17.4167492732596,-0.7044035046435226,16.71234576861608,16.712445625268973,16.770118493947997,300.293,90.0
d55_r0-35-70-95_svd1e-5_ac-20mm,0_60,split-discrete,symmetric_depth_rings,-20.0,55.0,0 35 70 95,55.0,55.0,0 35 70 95,0 35 70 95,14,1e-05,1e-06,2.5773908426960612,2.8157712740154666,2.3145883531324403,832,0.18508636079717677,300.293 304.321,0.0,60.0,-2.69651179161757,-2.0283650250291707,0.6681467665883993,1.1955438369790141,2.639770520875203,300.293,60.0
d55_r0-35-70-95_svd1e-5_ac-20mm,70_90,split-discrete,symmetric_depth_rings,-20.0,55.0,0 35 70 95,55.0,55.0,0 35 70 95,0 35 70 95,14,1e-05,1e-06,2.5773908426960612,2.8157712740154666,2.3145883531324403,832,0.18508636079717677,300.293 304.321,70.0,90.0,-23.58416110268448,-11.554751546819757,12.029409555864724,13.102940832371205,17.46855636877438,300.293,75.0
d55_r0-35-70-95_svd1e-5_ac-20mm,80_90,split-discrete,symmetric_depth_rings,-20.0,55.0,0 35 70 95,55.0,55.0,0 35 70 95,0 35 70 95,14,1e-05,1e-06,2.5773908426960612,2.8157712740154666,2.3145883531324403,832,0.18508636079717677,300.293 304.321,80.0,90.0,-17.4167492732596,-10.578539735917182,6.8382095373424185,6.838365680988699,6.884421119475178,304.321,90.0
d55_r0-35-70-95_svd1e-5_ac-20mm,90,split-discrete,symmetric_depth_rings,-20.0,55.0,0 35 70 95,55.0,55.0,0 35 70 95,0 35 70 95,14,1e-05,1e-06,2.5773908426960612,2.8157712740154666,2.3145883531324403,832,0.18508636079717677,300.293 304.321,90.0,90.0,-17.4167492732596,-10.578539735917182,6.8382095373424185,6.838365680988699,6.884421119475178,304.321,90.0
d55_r0-35-70-95_svd1e-5_ac+0mm,0_60,split-discrete,symmetric_depth_rings,0.0,55.0,0 35 70 95,55.0,55.0,0 35 70 95,0 35 70 95,14,1e-05,1e-06,2.5797654971662367,2.5314358245530486,2.627206255113623,832,0.18508636079717677,300.293 304.321,0.0,60.0,-2.69651179161757,-2.7295142855624746,-0.03300249394490464,0.3520161608718804,0.6472166100544356,304.321,45.0
d55_r0-35-70-95_svd1e-5_ac+0mm,70_90,split-discrete,symmetric_depth_rings,0.0,55.0,0 35 70 95,55.0,55.0,0 35 70 95,0 35 70 95,14,1e-05,1e-06,2.5797654971662367,2.5314358245530486,2.627206255113623,832,0.18508636079717677,300.293 304.321,70.0,90.0,-23.58416110268448,-16.42449936722366,7.159661735460819,11.850889874050928,16.82128177234815,300.293,75.0
d55_r0-35-70-95_svd1e-5_ac+0mm,80_90,split-discrete,symmetric_depth_rings,0.0,55.0,0 35 70 95,55.0,55.0,0 35 70 95,0 35 70 95,14,1e-05,1e-06,2.5797654971662367,2.5314358245530486,2.627206255113623,832,0.18508636079717677,300.293 304.321,80.0,90.0,-17.4167492732596,-19.699468636497826,-2.2827193632382254,2.2828249241825085,2.304672567244623,300.293,90.0
d55_r0-35-70-95_svd1e-5_ac+0mm,90,split-discrete,symmetric_depth_rings,0.0,55.0,0 35 70 95,55.0,55.0,0 35 70 95,0 35 70 95,14,1e-05,1e-06,2.5797654971662367,2.5314358245530486,2.627206255113623,832,0.18508636079717677,300.293 304.321,90.0,90.0,-17.4167492732596,-19.699468636497826,-2.2827193632382254,2.2828249241825085,2.304672567244623,300.293,90.0
d55_r0-35-70-95_svd1e-5_ac+20mm,0_60,split-discrete,symmetric_depth_rings,20.0,55.0,0 35 70 95,55.0,55.0,0 35 70 95,0 35 70 95,14,1e-05,1e-06,2.6060389797004166,2.231838342106795,2.932878439713786,832,0.18508636079717677,300.293 304.321,0.0,60.0,-2.69651179161757,-2.2134686222061846,0.48304316941138553,0.8989365783119727,2.0249800331949785,300.293,60.0
d55_r0-35-70-95_svd1e-5_ac+20mm,70_90,split-discrete,symmetric_depth_rings,20.0,55.0,0 35 70 95,55.0,55.0,0 35 70 95,0 35 70 95,14,1e-05,1e-06,2.6060389797004166,2.231838342106795,2.932878439713786,832,0.18508636079717677,300.293 304.321,70.0,90.0,-23.58416110268448,-15.920189655772102,7.663971446912379,14.746784191379934,20.448308421781846,300.293,75.0
d55_r0-35-70-95_svd1e-5_ac+20mm,80_90,split-discrete,symmetric_depth_rings,20.0,55.0,0 35 70 95,55.0,55.0,0 35 70 95,0 35 70 95,14,1e-05,1e-06,2.6060389797004166,2.231838342106795,2.932878439713786,832,0.18508636079717677,300.293 304.321,80.0,90.0,-17.4167492732596,-22.350655761991014,-4.933906488731413,4.935380491873487,5.0545189259816325,304.321,90.0
d55_r0-35-70-95_svd1e-5_ac+20mm,90,split-discrete,symmetric_depth_rings,20.0,55.0,0 35 70 95,55.0,55.0,0 35 70 95,0 35 70 95,14,1e-05,1e-06,2.6060389797004166,2.231838342106795,2.932878439713786,832,0.18508636079717677,300.293 304.321,90.0,90.0,-17.4167492732596,-22.350655761991014,-4.933906488731413,4.935380491873487,5.0545189259816325,304.321,90.0
d65_r0-35-70-95_svd1e-5_ac-20mm,0_60,split-discrete,symmetric_depth_rings,-20.0,65.0,0 35 70 95,65.0,65.0,0 35 70 95,0 35 70 95,14,1e-05,1e-06,2.7161512056694916,2.9422492691412216,2.4694379891703324,832,0.18508636079717677,300.293 304.321,0.0,60.0,-2.69651179161757,-3.5630729907336955,-0.8665611991161256,1.1300724395179276,2.008663550868796,304.321,45.0
d65_r0-35-70-95_svd1e-5_ac-20mm,70_90,split-discrete,symmetric_depth_rings,-20.0,65.0,0 35 70 95,65.0,65.0,0 35 70 95,0 35 70 95,14,1e-05,1e-06,2.7161512056694916,2.9422492691412216,2.4694379891703324,832,0.18508636079717677,300.293 304.321,70.0,90.0,-23.58416110268448,-15.592841582962736,7.9913195197217455,8.002820584336911,8.726264025111455,300.293,75.0
d65_r0-35-70-95_svd1e-5_ac-20mm,80_90,split-discrete,symmetric_depth_rings,-20.0,65.0,0 35 70 95,65.0,65.0,0 35 70 95,0 35 70 95,14,1e-05,1e-06,2.7161512056694916,2.9422492691412216,2.4694379891703324,832,0.18508636079717677,300.293 304.321,80.0,90.0,-17.4167492732596,-9.719906486294565,7.6968427869650355,7.696872300737416,7.718157725463328,304.321,90.0
d65_r0-35-70-95_svd1e-5_ac-20mm,90,split-discrete,symmetric_depth_rings,-20.0,65.0,0 35 70 95,65.0,65.0,0 35 70 95,0 35 70 95,14,1e-05,1e-06,2.7161512056694916,2.9422492691412216,2.4694379891703324,832,0.18508636079717677,300.293 304.321,90.0,90.0,-17.4167492732596,-9.719906486294565,7.6968427869650355,7.696872300737416,7.718157725463328,304.321,90.0
d65_r0-35-70-95_svd1e-5_ac+0mm,0_60,split-discrete,symmetric_depth_rings,0.0,65.0,0 35 70 95,65.0,65.0,0 35 70 95,0 35 70 95,14,1e-05,1e-06,2.730972575889576,2.677798950153336,2.783130468210138,832,0.18508636079717677,300.293 304.321,0.0,60.0,-2.69651179161757,-3.2924071689050876,-0.5958953772875176,0.9199543906977915,1.4850148575662345,304.321,45.0
d65_r0-35-70-95_svd1e-5_ac+0mm,70_90,split-discrete,symmetric_depth_rings,0.0,65.0,0 35 70 95,65.0,65.0,0 35 70 95,0 35 70 95,14,1e-05,1e-06,2.730972575889576,2.677798950153336,2.783130468210138,832,0.18508636079717677,300.293 304.321,70.0,90.0,-23.58416110268448,-17.81701949283981,5.767141609844673,10.2102532843328,14.43222978391919,300.293,75.0
d65_r0-35-70-95_svd1e-5_ac+0mm,80_90,split-discrete,symmetric_depth_rings,0.0,65.0,0 35 70 95,65.0,65.0,0 35 70 95,0 35 70 95,14,1e-05,1e-06,2.730972575889576,2.677798950153336,2.783130468210138,832,0.18508636079717677,300.293 304.321,80.0,90.0,-17.4167492732596,-20.07338286093153,-2.65663358767193,2.6567258937183276,2.6787798109801386,300.293,90.0
d65_r0-35-70-95_svd1e-5_ac+0mm,90,split-discrete,symmetric_depth_rings,0.0,65.0,0 35 70 95,65.0,65.0,0 35 70 95,0 35 70 95,14,1e-05,1e-06,2.730972575889576,2.677798950153336,2.783130468210138,832,0.18508636079717677,300.293 304.321,90.0,90.0,-17.4167492732596,-20.07338286093153,-2.65663358767193,2.6567258937183276,2.6787798109801386,300.293,90.0
d65_r0-35-70-95_svd1e-5_ac+20mm,0_60,split-discrete,symmetric_depth_rings,20.0,65.0,0 35 70 95,65.0,65.0,0 35 70 95,0 35 70 95,14,1e-05,1e-06,2.748883381707622,2.381093284497877,3.072965093029171,832,0.18508636079717677,300.293 304.321,0.0,60.0,-2.69651179161757,-2.484315956966614,0.21219583465095582,0.4324782819744991,0.9378468748279687,300.293,60.0
d65_r0-35-70-95_svd1e-5_ac+20mm,70_90,split-discrete,symmetric_depth_rings,20.0,65.0,0 35 70 95,65.0,65.0,0 35 70 95,0 35 70 95,14,1e-05,1e-06,2.748883381707622,2.381093284497877,3.072965093029171,832,0.18508636079717677,300.293 304.321,70.0,90.0,-23.58416110268448,-17.12319433795574,6.46096676472874,14.354973148899308,19.474502522602165,300.293,75.0
d65_r0-35-70-95_svd1e-5_ac+20mm,80_90,split-discrete,symmetric_depth_rings,20.0,65.0,0 35 70 95,65.0,65.0,0 35 70 95,0 35 70 95,14,1e-05,1e-06,2.748883381707622,2.381093284497877,3.072965093029171,832,0.18508636079717677,300.293 304.321,80.0,90.0,-17.4167492732596,-23.77371526030687,-6.356965987047268,6.3573800505993745,6.429523187124616,304.321,90.0
d65_r0-35-70-95_svd1e-5_ac+20mm,90,split-discrete,symmetric_depth_rings,20.0,65.0,0 35 70 95,65.0,65.0,0 35 70 95,0 35 70 95,14,1e-05,1e-06,2.748883381707622,2.381093284497877,3.072965093029171,832,0.18508636079717677,300.293 304.321,90.0,90.0,-17.4167492732596,-23.77371526030687,-6.356965987047268,6.3573800505993745,6.429523187124616,304.321,90.0
d45_r0-30-60-90_svd1e-5_ac-20mm,0_60,split-discrete,symmetric_depth_rings,-20.0,45.0,0 30 60 90,45.0,45.0,0 30 60 90,0 30 60 90,14,1e-05,1e-06,2.458462319501986,2.6964100729350506,2.1948682583236208,832,0.18508636079717677,300.293 304.321,0.0,60.0,-2.69651179161757,0.3275943533912361,3.024106145008806,4.000821134863921,7.383539087979315,304.321,60.0
d45_r0-30-60-90_svd1e-5_ac-20mm,70_90,split-discrete,symmetric_depth_rings,-20.0,45.0,0 30 60 90,45.0,45.0,0 30 60 90,0 30 60 90,14,1e-05,1e-06,2.458462319501986,2.6964100729350506,2.1948682583236208,832,0.18508636079717677,300.293 304.321,70.0,90.0,-23.58416110268448,-6.575951914573979,17.008209188110502,19.263823746120476,26.18257414439485,300.293,75.0
d45_r0-30-60-90_svd1e-5_ac-20mm,80_90,split-discrete,symmetric_depth_rings,-20.0,45.0,0 30 60 90,45.0,45.0,0 30 60 90,0 30 60 90,14,1e-05,1e-06,2.458462319501986,2.6964100729350506,2.1948682583236208,832,0.18508636079717677,300.293 304.321,80.0,90.0,-17.4167492732596,-9.453183932105102,7.963565341154499,7.963782506460784,8.022377477432897,304.321,90.0
d45_r0-30-60-90_svd1e-5_ac-20mm,90,split-discrete,symmetric_depth_rings,-20.0,45.0,0 30 60 90,45.0,45.0,0 30 60 90,0 30 60 90,14,1e-05,1e-06,2.458462319501986,2.6964100729350506,2.1948682583236208,832,0.18508636079717677,300.293 304.321,90.0,90.0,-17.4167492732596,-9.453183932105102,7.963565341154499,7.963782506460784,8.022377477432897,304.321,90.0
d45_r0-30-60-90_svd1e-5_ac+0mm,0_60,split-discrete,symmetric_depth_rings,0.0,45.0,0 30 60 90,45.0,45.0,0 30 60 90,0 30 60 90,14,1e-05,1e-06,2.4513302383204567,2.4065344570256912,2.4953219795762855,832,0.18508636079717677,300.293 304.321,0.0,60.0,-2.69651179161757,-1.526304956590812,1.170206835026758,1.6339396433826376,3.2875684352527017,300.293,60.0
d45_r0-30-60-90_svd1e-5_ac+0mm,70_90,split-discrete,symmetric_depth_rings,0.0,45.0,0 30 60 90,45.0,45.0,0 30 60 90,0 30 60 90,14,1e-05,1e-06,2.4513302383204567,2.4065344570256912,2.4953219795762855,832,0.18508636079717677,300.293 304.321,70.0,90.0,-23.58416110268448,-15.208258665349739,8.375902437334743,14.149470702005553,19.97453547720268,300.293,75.0
d45_r0-30-60-90_svd1e-5_ac+0mm,80_90,split-discrete,symmetric_depth_rings,0.0,45.0,0 30 60 90,45.0,45.0,0 30 60 90,0 30 60 90,14,1e-05,1e-06,2.4513302383204567,2.4065344570256912,2.4953219795762855,832,0.18508636079717677,300.293 304.321,80.0,90.0,-17.4167492732596,-20.443884712850682,-3.0271354395910812,3.028251124160421,3.109329729846344,300.293,90.0
d45_r0-30-60-90_svd1e-5_ac+0mm,90,split-discrete,symmetric_depth_rings,0.0,45.0,0 30 60 90,45.0,45.0,0 30 60 90,0 30 60 90,14,1e-05,1e-06,2.4513302383204567,2.4065344570256912,2.4953219795762855,832,0.18508636079717677,300.293 304.321,90.0,90.0,-17.4167492732596,-20.443884712850682,-3.0271354395910812,3.028251124160421,3.109329729846344,300.293,90.0
d45_r0-30-60-90_svd1e-5_ac+20mm,0_60,split-discrete,symmetric_depth_rings,20.0,45.0,0 30 60 90,45.0,45.0,0 30 60 90,0 30 60 90,14,1e-05,1e-06,2.4831044300375886,2.1157551297588535,2.8027121600056777,832,0.18508636079717677,300.293 304.321,0.0,60.0,-2.69651179161757,-2.6720612907491024,0.024450500868467628,0.45145581106824195,0.943007107681396,300.293,60.0
d45_r0-30-60-90_svd1e-5_ac+20mm,70_90,split-discrete,symmetric_depth_rings,20.0,45.0,0 30 60 90,45.0,45.0,0 30 60 90,0 30 60 90,14,1e-05,1e-06,2.4831044300375886,2.1157551297588535,2.8027121600056777,832,0.18508636079717677,300.293 304.321,70.0,90.0,-23.58416110268448,-10.427138780644594,13.157022322039888,14.231092234659698,18.764583577855774,300.293,75.0
d45_r0-30-60-90_svd1e-5_ac+20mm,80_90,split-discrete,symmetric_depth_rings,20.0,45.0,0 30 60 90,45.0,45.0,0 30 60 90,0 30 60 90,14,1e-05,1e-06,2.4831044300375886,2.1157551297588535,2.8027121600056777,832,0.18508636079717677,300.293 304.321,80.0,90.0,-17.4167492732596,-9.681862122090653,7.734887151168948,7.7348882605646345,7.739029867924486,304.321,90.0
d45_r0-30-60-90_svd1e-5_ac+20mm,90,split-discrete,symmetric_depth_rings,20.0,45.0,0 30 60 90,45.0,45.0,0 30 60 90,0 30 60 90,14,1e-05,1e-06,2.4831044300375886,2.1157551297588535,2.8027121600056777,832,0.18508636079717677,300.293 304.321,90.0,90.0,-17.4167492732596,-9.681862122090653,7.734887151168948,7.7348882605646345,7.739029867924486,304.321,90.0
d45_r0-25-50-75-95_svd1e-5_ac-20mm,0_60,split-discrete,symmetric_depth_rings,-20.0,45.0,0 25 50 75 95,45.0,45.0,0 25 50 75 95,0 25 50 75 95,18,1e-05,1e-06,2.4211161910026697,2.6664737957450253,2.1479117107729704,832,0.18508636079717677,300.293 304.321,0.0,60.0,-2.69651179161757,0.311757132216384,3.008268923833954,4.05151941737745,7.517198011048762,304.321,60.0
d45_r0-25-50-75-95_svd1e-5_ac-20mm,70_90,split-discrete,symmetric_depth_rings,-20.0,45.0,0 25 50 75 95,45.0,45.0,0 25 50 75 95,0 25 50 75 95,18,1e-05,1e-06,2.4211161910026697,2.6664737957450253,2.1479117107729704,832,0.18508636079717677,300.293 304.321,70.0,90.0,-23.58416110268448,-6.96487335246894,16.61928775021554,18.868955297508847,25.699960671257863,300.293,75.0
d45_r0-25-50-75-95_svd1e-5_ac-20mm,80_90,split-discrete,symmetric_depth_rings,-20.0,45.0,0 25 50 75 95,45.0,45.0,0 25 50 75 95,0 25 50 75 95,18,1e-05,1e-06,2.4211161910026697,2.6664737957450253,2.1479117107729704,832,0.18508636079717677,300.293 304.321,80.0,90.0,-17.4167492732596,-9.73190641982739,7.684842853432212,7.685070800545673,7.74403345616242,304.321,90.0
d45_r0-25-50-75-95_svd1e-5_ac-20mm,90,split-discrete,symmetric_depth_rings,-20.0,45.0,0 25 50 75 95,45.0,45.0,0 25 50 75 95,0 25 50 75 95,18,1e-05,1e-06,2.4211161910026697,2.6664737957450253,2.1479117107729704,832,0.18508636079717677,300.293 304.321,90.0,90.0,-17.4167492732596,-9.73190641982739,7.684842853432212,7.685070800545673,7.74403345616242,304.321,90.0
d45_r0-25-50-75-95_svd1e-5_ac+0mm,0_60,split-discrete,symmetric_depth_rings,0.0,45.0,0 25 50 75 95,45.0,45.0,0 25 50 75 95,0 25 50 75 95,18,1e-05,1e-06,2.4092126657511534,2.365425354468772,2.452218226436596,832,0.18508636079717677,300.293 304.321,0.0,60.0,-2.69651179161757,-1.6990534137607107,0.9974583778568593,1.569769160669601,3.321911604108479,300.293,60.0
d45_r0-25-50-75-95_svd1e-5_ac+0mm,70_90,split-discrete,symmetric_depth_rings,0.0,45.0,0 25 50 75 95,45.0,45.0,0 25 50 75 95,0 25 50 75 95,18,1e-05,1e-06,2.4092126657511534,2.365425354468772,2.452218226436596,832,0.18508636079717677,300.293 304.321,70.0,90.0,-23.58416110268448,-14.401166945846178,9.182994156838303,14.22603852586011,20.21970845842941,300.293,75.0
d45_r0-25-50-75-95_svd1e-5_ac+0mm,80_90,split-discrete,symmetric_depth_rings,0.0,45.0,0 25 50 75 95,45.0,45.0,0 25 50 75 95,0 25 50 75 95,18,1e-05,1e-06,2.4092126657511534,2.365425354468772,2.452218226436596,832,0.18508636079717677,300.293 304.321,80.0,90.0,-17.4167492732596,-19.09827975189183,-1.6815304786322294,1.6815722611346366,1.6933845432650756,300.293,90.0
d45_r0-25-50-75-95_svd1e-5_ac+0mm,90,split-discrete,symmetric_depth_rings,0.0,45.0,0 25 50 75 95,45.0,45.0,0 25 50 75 95,0 25 50 75 95,18,1e-05,1e-06,2.4092126657511534,2.365425354468772,2.452218226436596,832,0.18508636079717677,300.293 304.321,90.0,90.0,-17.4167492732596,-19.09827975189183,-1.6815304786322294,1.6815722611346366,1.6933845432650756,300.293,90.0
d45_r0-25-50-75-95_svd1e-5_ac+20mm,0_60,split-discrete,symmetric_depth_rings,20.0,45.0,0 25 50 75 95,45.0,45.0,0 25 50 75 95,0 25 50 75 95,18,1e-05,1e-06,2.445910852894838,2.071091311289863,2.7704765981536723,832,0.18508636079717677,300.293 304.321,0.0,60.0,-2.69651179161757,-2.164675292954493,0.5318364986630769,1.2288444671199161,2.7026791245186246,300.293,60.0
d45_r0-25-50-75-95_svd1e-5_ac+20mm,70_90,split-discrete,symmetric_depth_rings,20.0,45.0,0 25 50 75 95,45.0,45.0,0 25 50 75 95,0 25 50 75 95,18,1e-05,1e-06,2.445910852894838,2.071091311289863,2.7704765981536723,832,0.18508636079717677,300.293 304.321,70.0,90.0,-23.58416110268448,-10.518162837277368,13.065998265407114,15.085583539238927,20.76232239830064,300.293,75.0
d45_r0-25-50-75-95_svd1e-5_ac+20mm,80_90,split-discrete,symmetric_depth_rings,20.0,45.0,0 25 50 75 95,45.0,45.0,0 25 50 75 95,0 25 50 75 95,18,1e-05,1e-06,2.445910852894838,2.071091311289863,2.7704765981536723,832,0.18508636079717677,300.293 304.321,80.0,90.0,-17.4167492732596,-11.890045040706834,5.526704232552767,5.526927925131793,5.57642963335514,300.293,90.0
d45_r0-25-50-75-95_svd1e-5_ac+20mm,90,split-discrete,symmetric_depth_rings,20.0,45.0,0 25 50 75 95,45.0,45.0,0 25 50 75 95,0 25 50 75 95,18,1e-05,1e-06,2.445910852894838,2.071091311289863,2.7704765981536723,832,0.18508636079717677,300.293 304.321,90.0,90.0,-17.4167492732596,-11.890045040706834,5.526704232552767,5.526927925131793,5.57642963335514,300.293,90.0
d45_r0-20-40-60-80-95_svd1e-5_ac-20mm,0_60,split-discrete,symmetric_depth_rings,-20.0,45.0,0 20 40 60 80 95,45.0,45.0,0 20 40 60 80 95,0 20 40 60 80 95,22,1e-05,1e-06,2.410953580823655,2.6588363999242355,2.134474955629778,832,0.18508636079717677,300.293 304.321,0.0,60.0,-2.69651179161757,0.49476595504248594,3.191277746660056,4.316200376268774,8.009454784906282,300.293,60.0
d45_r0-20-40-60-80-95_svd1e-5_ac-20mm,70_90,split-discrete,symmetric_depth_rings,-20.0,45.0,0 20 40 60 80 95,45.0,45.0,0 20 40 60 80 95,0 20 40 60 80 95,22,1e-05,1e-06,2.410953580823655,2.6588363999242355,2.134474955629778,832,0.18508636079717677,300.293 304.321,70.0,90.0,-23.58416110268448,-6.2347104183682855,17.349450684316196,19.499508046435754,26.400859284974224,300.293,75.0
d45_r0-20-40-60-80-95_svd1e-5_ac-20mm,80_90,split-discrete,symmetric_depth_rings,-20.0,45.0,0 20 40 60 80 95,45.0,45.0,0 20 40 60 80 95,0 20 40 60 80 95,22,1e-05,1e-06,2.410953580823655,2.6588363999242355,2.134474955629778,832,0.18508636079717677,300.293 304.321,80.0,90.0,-17.4167492732596,-8.967537932650295,8.449211340609306,8.449411186259292,8.50732430132173,304.321,90.0
d45_r0-20-40-60-80-95_svd1e-5_ac-20mm,90,split-discrete,symmetric_depth_rings,-20.0,45.0,0 20 40 60 80 95,45.0,45.0,0 20 40 60 80 95,0 20 40 60 80 95,22,1e-05,1e-06,2.410953580823655,2.6588363999242355,2.134474955629778,832,0.18508636079717677,300.293 304.321,90.0,90.0,-17.4167492732596,-8.967537932650295,8.449211340609306,8.449411186259292,8.50732430132173,304.321,90.0
d45_r0-20-40-60-80-95_svd1e-5_ac+0mm,0_60,split-discrete,symmetric_depth_rings,0.0,45.0,0 20 40 60 80 95,45.0,45.0,0 20 40 60 80 95,0 20 40 60 80 95,22,1e-05,1e-06,2.398016745815988,2.354828676953065,2.4404406423077116,832,0.18508636079717677,300.293 304.321,0.0,60.0,-2.69651179161757,-1.7316058784447272,0.9649059131728428,1.6094039021315965,3.448280082178883,300.293,60.0
d45_r0-20-40-60-80-95_svd1e-5_ac+0mm,70_90,split-discrete,symmetric_depth_rings,0.0,45.0,0 20 40 60 80 95,45.0,45.0,0 20 40 60 80 95,0 20 40 60 80 95,22,1e-05,1e-06,2.398016745815988,2.354828676953065,2.4404406423077116,832,0.18508636079717677,300.293 304.321,70.0,90.0,-23.58416110268448,-14.079502500293616,9.504658602390865,14.361644459048977,20.443543491501238,300.293,75.0
d45_r0-20-40-60-80-95_svd1e-5_ac+0mm,80_90,split-discrete,symmetric_depth_rings,0.0,45.0,0 20 40 60 80 95,45.0,45.0,0 20 40 60 80 95,0 20 40 60 80 95,22,1e-05,1e-06,2.398016745815988,2.354828676953065,2.4404406423077116,832,0.18508636079717677,300.293 304.321,80.0,90.0,-17.4167492732596,-18.677929977948473,-1.2611807046888721,1.2612029436026202,1.2686703690601178,300.293,90.0
d45_r0-20-40-60-80-95_svd1e-5_ac+0mm,90,split-discrete,symmetric_depth_rings,0.0,45.0,0 20 40 60 80 95,45.0,45.0,0 20 40 60 80 95,0 20 40 60 80 95,22,1e-05,1e-06,2.398016745815988,2.354828676953065,2.4404406423077116,832,0.18508636079717677,300.293 304.321,90.0,90.0,-17.4167492732596,-18.677929977948473,-1.2611807046888721,1.2612029436026202,1.2686703690601178,300.293,90.0
d45_r0-20-40-60-80-95_svd1e-5_ac+20mm,0_60,split-discrete,symmetric_depth_rings,20.0,45.0,0 20 40 60 80 95,45.0,45.0,0 20 40 60 80 95,0 20 40 60 80 95,22,1e-05,1e-06,2.435948780114554,2.059078692728083,2.7618631131604574,832,0.18508636079717677,300.293 304.321,0.0,60.0,-2.69651179161757,-2.3682058305407887,0.32830596107678145,1.163139996300128,2.5163506036641436,300.293,60.0
d45_r0-20-40-60-80-95_svd1e-5_ac+20mm,70_90,split-discrete,symmetric_depth_rings,20.0,45.0,0 20 40 60 80 95,45.0,45.0,0 20 40 60 80 95,0 20 40 60 80 95,22,1e-05,1e-06,2.435948780114554,2.059078692728083,2.7618631131604574,832,0.18508636079717677,300.293 304.321,70.0,90.0,-23.58416110268448,-10.18944743733495,13.394713665349531,15.192492142102823,20.73016646972828,300.293,75.0
d45_r0-20-40-60-80-95_svd1e-5_ac+20mm,80_90,split-discrete,symmetric_depth_rings,20.0,45.0,0 20 40 60 80 95,45.0,45.0,0 20 40 60 80 95,0 20 40 60 80 95,22,1e-05,1e-06,2.435948780114554,2.059078692728083,2.7618631131604574,832,0.18508636079717677,300.293 304.321,80.0,90.0,-17.4167492732596,-11.189779515202844,6.226969758056757,6.227427018828511,6.302434366198092,300.293,90.0
d45_r0-20-40-60-80-95_svd1e-5_ac+20mm,90,split-discrete,symmetric_depth_rings,20.0,45.0,0 20 40 60 80 95,45.0,45.0,0 20 40 60 80 95,0 20 40 60 80 95,22,1e-05,1e-06,2.435948780114554,2.059078692728083,2.7618631131604574,832,0.18508636079717677,300.293 304.321,90.0,90.0,-17.4167492732596,-11.189779515202844,6.226969758056757,6.227427018828511,6.302434366198092,300.293,90.0
d45_r0-35-70-95-110_svd1e-5_ac-20mm,0_60,split-discrete,symmetric_depth_rings,-20.0,45.0,0 35 70 95 110,45.0,45.0,0 35 70 95 110,0 35 70 95 110,18,1e-05,1e-06,2.3561833721433882,2.61583556918232,2.064123165252157,832,0.18508636079717677,300.293 304.321,0.0,60.0,-2.69651179161757,5.093680061701602,7.790191853319172,10.080798417769575,17.347717828504685,300.293,60.0
d45_r0-35-70-95-110_svd1e-5_ac-20mm,70_90,split-discrete,symmetric_depth_rings,-20.0,45.0,0 35 70 95 110,45.0,45.0,0 35 70 95 110,0 35 70 95 110,18,1e-05,1e-06,2.3561833721433882,2.61583556918232,2.064123165252157,832,0.18508636079717677,300.293 304.321,70.0,90.0,-23.58416110268448,10.380899903403362,33.96506100608784,34.35607822803942,39.319110198642996,300.293,75.0
d45_r0-35-70-95-110_svd1e-5_ac-20mm,80_90,split-discrete,symmetric_depth_rings,-20.0,45.0,0 35 70 95 110,45.0,45.0,0 35 70 95 110,0 35 70 95 110,18,1e-05,1e-06,2.3561833721433882,2.61583556918232,2.064123165252157,832,0.18508636079717677,300.293 304.321,80.0,90.0,-17.4167492732596,11.381540840899664,28.798290114159265,28.798348590949235,28.856325159988835,300.293,90.0
d45_r0-35-70-95-110_svd1e-5_ac-20mm,90,split-discrete,symmetric_depth_rings,-20.0,45.0,0 35 70 95 110,45.0,45.0,0 35 70 95 110,0 35 70 95 110,18,1e-05,1e-06,2.3561833721433882,2.61583556918232,2.064123165252157,832,0.18508636079717677,300.293 304.321,90.0,90.0,-17.4167492732596,11.381540840899664,28.798290114159265,28.798348590949235,28.856325159988835,300.293,90.0
d45_r0-35-70-95-110_svd1e-5_ac+0mm,0_60,split-discrete,symmetric_depth_rings,0.0,45.0,0 35 70 95 110,45.0,45.0,0 35 70 95 110,0 35 70 95 110,18,1e-05,1e-06,2.3353472197166227,2.295221104102291,2.374795434676381,832,0.18508636079717677,300.293 304.321,0.0,60.0,-2.69651179161757,-4.101435132051753,-1.4049233404341834,1.805532059113217,3.3153848924178035,304.321,45.0
d45_r0-35-70-95-110_svd1e-5_ac+0mm,70_90,split-discrete,symmetric_depth_rings,0.0,45.0,0 35 70 95 110,45.0,45.0,0 35 70 95 110,0 35 70 95 110,18,1e-05,1e-06,2.3353472197166227,2.295221104102291,2.374795434676381,832,0.18508636079717677,300.293 304.321,70.0,90.0,-23.58416110268448,-14.934850295271513,8.649310807412968,11.722744736132503,16.73124932411031,300.293,75.0
d45_r0-35-70-95-110_svd1e-5_ac+0mm,80_90,split-discrete,symmetric_depth_rings,0.0,45.0,0 35 70 95 110,45.0,45.0,0 35 70 95 110,0 35 70 95 110,18,1e-05,1e-06,2.3353472197166227,2.295221104102291,2.374795434676381,832,0.18508636079717677,300.293 304.321,80.0,90.0,-17.4167492732596,-16.679274981165783,0.7374742920938182,0.7382092934490515,0.770408004840327,300.293,90.0
d45_r0-35-70-95-110_svd1e-5_ac+0mm,90,split-discrete,symmetric_depth_rings,0.0,45.0,0 35 70 95 110,45.0,45.0,0 35 70 95 110,0 35 70 95 110,18,1e-05,1e-06,2.3353472197166227,2.295221104102291,2.374795434676381,832,0.18508636079717677,300.293 304.321,90.0,90.0,-17.4167492732596,-16.679274981165783,0.7374742920938182,0.7382092934490515,0.770408004840327,300.293,90.0
d45_r0-35-70-95-110_svd1e-5_ac+20mm,0_60,split-discrete,symmetric_depth_rings,20.0,45.0,0 35 70 95 110,45.0,45.0,0 35 70 95 110,0 35 70 95 110,18,1e-05,1e-06,2.3820559679380766,1.9960950066020116,2.7136665221425664,832,0.18508636079717677,300.293 304.321,0.0,60.0,-2.69651179161757,-0.7723145022405774,1.9241972893769925,3.02458455229341,6.165588869478711,300.293,60.0
d45_r0-35-70-95-110_svd1e-5_ac+20mm,70_90,split-discrete,symmetric_depth_rings,20.0,45.0,0 35 70 95 110,45.0,45.0,0 35 70 95 110,0 35 70 95 110,18,1e-05,1e-06,2.3820559679380766,1.9960950066020116,2.7136665221425664,832,0.18508636079717677,300.293 304.321,70.0,90.0,-23.58416110268448,-4.469648689133507,19.114512413550976,20.536734586925547,26.801596343239382,300.293,75.0
d45_r0-35-70-95-110_svd1e-5_ac+20mm,80_90,split-discrete,symmetric_depth_rings,20.0,45.0,0 35 70 95 110,45.0,45.0,0 35 70 95 110,0 35 70 95 110,18,1e-05,1e-06,2.3820559679380766,1.9960950066020116,2.7136665221425664,832,0.18508636079717677,300.293 304.321,80.0,90.0,-17.4167492732596,-5.810677611180282,11.60607166207932,11.606092640313364,11.628138610563617,300.293,90.0
d45_r0-35-70-95-110_svd1e-5_ac+20mm,90,split-discrete,symmetric_depth_rings,20.0,45.0,0 35 70 95 110,45.0,45.0,0 35 70 95 110,0 35 70 95 110,18,1e-05,1e-06,2.3820559679380766,1.9960950066020116,2.7136665221425664,832,0.18508636079717677,300.293 304.321,90.0,90.0,-17.4167492732596,-5.810677611180282,11.60607166207932,11.606092640313364,11.628138610563617,300.293,90.0
d35_r0-25-50-75-95_svd1e-5_ac-20mm,0_60,split-discrete,symmetric_depth_rings,-20.0,35.0,0 25 50 75 95,35.0,35.0,0 25 50 75 95,0 25 50 75 95,18,1e-05,1e-06,2.2796839553200146,2.51777851859631,2.0136308508716243,832,0.18508636079717677,300.293 304.321,0.0,60.0,-2.69651179161757,5.38515398327893,8.0816657748965,9.825072082447349,16.17374030254119,304.321,60.0
d35_r0-25-50-75-95_svd1e-5_ac-20mm,70_90,split-discrete,symmetric_depth_rings,-20.0,35.0,0 25 50 75 95,35.0,35.0,0 25 50 75 95,0 25 50 75 95,18,1e-05,1e-06,2.2796839553200146,2.51777851859631,2.0136308508716243,832,0.18508636079717677,300.293 304.321,70.0,90.0,-23.58416110268448,5.5458791181109,29.130040220795383,30.115371435326193,36.78331263037164,304.321,75.0
d35_r0-25-50-75-95_svd1e-5_ac-20mm,80_90,split-discrete,symmetric_depth_rings,-20.0,35.0,0 25 50 75 95,35.0,35.0,0 25 50 75 95,0 25 50 75 95,18,1e-05,1e-06,2.2796839553200146,2.51777851859631,2.0136308508716243,832,0.18508636079717677,300.293 304.321,80.0,90.0,-17.4167492732596,4.073840420373493,21.490589693633094,21.491290153612074,21.664103631558177,304.321,90.0
d35_r0-25-50-75-95_svd1e-5_ac-20mm,90,split-discrete,symmetric_depth_rings,-20.0,35.0,0 25 50 75 95,35.0,35.0,0 25 50 75 95,0 25 50 75 95,18,1e-05,1e-06,2.2796839553200146,2.51777851859631,2.0136308508716243,832,0.18508636079717677,300.293 304.321,90.0,90.0,-17.4167492732596,4.073840420373493,21.490589693633094,21.491290153612074,21.664103631558177,304.321,90.0
d35_r0-25-50-75-95_svd1e-5_ac+0mm,0_60,split-discrete,symmetric_depth_rings,0.0,35.0,0 25 50 75 95,35.0,35.0,0 25 50 75 95,0 25 50 75 95,18,1e-05,1e-06,2.2556163608998983,2.2147354645660857,2.2957694041675536,832,0.18508636079717677,300.293 304.321,0.0,60.0,-2.69651179161757,-0.10923676417160308,2.587275027445967,3.482028821425651,6.445013419055918,304.321,60.0
d35_r0-25-50-75-95_svd1e-5_ac+0mm,70_90,split-discrete,symmetric_depth_rings,0.0,35.0,0 25 50 75 95,35.0,35.0,0 25 50 75 95,0 25 50 75 95,18,1e-05,1e-06,2.2556163608998983,2.2147354645660857,2.2957694041675536,832,0.18508636079717677,300.293 304.321,70.0,90.0,-23.58416110268448,-12.9485885897999,10.63557251288458,16.59035314742652,23.501762529548103,300.293,75.0
d35_r0-25-50-75-95_svd1e-5_ac+0mm,80_90,split-discrete,symmetric_depth_rings,0.0,35.0,0 25 50 75 95,35.0,35.0,0 25 50 75 95,0 25 50 75 95,18,1e-05,1e-06,2.2556163608998983,2.2147354645660857,2.2957694041675536,832,0.18508636079717677,300.293 304.321,80.0,90.0,-17.4167492732596,-19.513613930116044,-2.096864656856443,2.0971096207175295,2.1289173031174116,300.293,90.0
d35_r0-25-50-75-95_svd1e-5_ac+0mm,90,split-discrete,symmetric_depth_rings,0.0,35.0,0 25 50 75 95,35.0,35.0,0 25 50 75 95,0 25 50 75 95,18,1e-05,1e-06,2.2556163608998983,2.2147354645660857,2.2957694041675536,832,0.18508636079717677,300.293 304.321,90.0,90.0,-17.4167492732596,-19.513613930116044,-2.096864656856443,2.0971096207175295,2.1289173031174116,300.293,90.0
d35_r0-25-50-75-95_svd1e-5_ac+20mm,0_60,split-discrete,symmetric_depth_rings,20.0,35.0,0 25 50 75 95,35.0,35.0,0 25 50 75 95,0 25 50 75 95,18,1e-05,1e-06,2.3005903704946045,1.9396408809396974,2.612130425268324,832,0.18508636079717677,300.293 304.321,0.0,60.0,-2.69651179161757,-6.367569899643536,-3.6710581080259663,4.580026841508335,8.177953117791574,304.321,45.0
d35_r0-25-50-75-95_svd1e-5_ac+20mm,70_90,split-discrete,symmetric_depth_rings,20.0,35.0,0 25 50 75 95,35.0,35.0,0 25 50 75 95,0 25 50 75 95,18,1e-05,1e-06,2.3005903704946045,1.9396408809396974,2.612130425268324,832,0.18508636079717677,300.293 304.321,70.0,90.0,-23.58416110268448,-3.0210553731697534,20.563105729514728,20.920116835265645,24.609714513364146,300.293,75.0
d35_r0-25-50-75-95_svd1e-5_ac+20mm,80_90,split-discrete,symmetric_depth_rings,20.0,35.0,0 25 50 75 95,35.0,35.0,0 25 50 75 95,0 25 50 75 95,18,1e-05,1e-06,2.3005903704946045,1.9396408809396974,2.612130425268324,832,0.18508636079717677,300.293 304.321,80.0,90.0,-17.4167492732596,-0.6991819941953814,16.71756727906422,16.717662420901018,16.77396842415365,300.293,90.0
d35_r0-25-50-75-95_svd1e-5_ac+20mm,90,split-discrete,symmetric_depth_rings,20.0,35.0,0 25 50 75 95,35.0,35.0,0 25 50 75 95,0 25 50 75 95,18,1e-05,1e-06,2.3005903704946045,1.9396408809396974,2.612130425268324,832,0.18508636079717677,300.293 304.321,90.0,90.0,-17.4167492732596,-0.6991819941953814,16.71756727906422,16.717662420901018,16.77396842415365,300.293,90.0
d55_r0-25-50-75-95_svd1e-5_ac-20mm,0_60,split-discrete,symmetric_depth_rings,-20.0,55.0,0 25 50 75 95,55.0,55.0,0 25 50 75 95,0 25 50 75 95,18,1e-05,1e-06,2.564079718709414,2.806858110179788,2.2957694041675536,832,0.18508636079717677,300.293 304.321,0.0,60.0,-2.69651179161757,-2.048302457741299,0.6482093338762709,1.2666581429783572,2.8087759992669348,300.293,60.0
d55_r0-25-50-75-95_svd1e-5_ac-20mm,70_90,split-discrete,symmetric_depth_rings,-20.0,55.0,0 25 50 75 95,55.0,55.0,0 25 50 75 95,0 25 50 75 95,18,1e-05,1e-06,2.564079718709414,2.806858110179788,2.2957694041675536,832,0.18508636079717677,300.293 304.321,70.0,90.0,-23.58416110268448,-11.19264880949881,12.391512293185672,13.367554802205072,17.64285205855041,300.293,75.0
d55_r0-25-50-75-95_svd1e-5_ac-20mm,80_90,split-discrete,symmetric_depth_rings,-20.0,55.0,0 25 50 75 95,55.0,55.0,0 25 50 75 95,0 25 50 75 95,18,1e-05,1e-06,2.564079718709414,2.806858110179788,2.2957694041675536,832,0.18508636079717677,300.293 304.321,80.0,90.0,-17.4167492732596,-10.036417481933196,7.380331791326405,7.380491161796434,7.428833742751593,304.321,90.0
d55_r0-25-50-75-95_svd1e-5_ac-20mm,90,split-discrete,symmetric_depth_rings,-20.0,55.0,0 25 50 75 95,55.0,55.0,0 25 50 75 95,0 25 50 75 95,18,1e-05,1e-06,2.564079718709414,2.806858110179788,2.2957694041675536,832,0.18508636079717677,300.293 304.321,90.0,90.0,-17.4167492732596,-10.036417481933196,7.380331791326405,7.380491161796434,7.428833742751593,304.321,90.0
d55_r0-25-50-75-95_svd1e-5_ac+0mm,0_60,split-discrete,symmetric_depth_rings,0.0,55.0,0 25 50 75 95,55.0,55.0,0 25 50 75 95,0 25 50 75 95,18,1e-05,1e-06,2.5653882773683168,2.51777851859631,2.612130425268334,832,0.18508636079717677,300.293 304.321,0.0,60.0,-2.69651179161757,-2.880907351710549,-0.1843955600929789,0.44115967726047045,0.915981655674436,304.321,45.0
d55_r0-25-50-75-95_svd1e-5_ac+0mm,70_90,split-discrete,symmetric_depth_rings,0.0,55.0,0 25 50 75 95,55.0,55.0,0 25 50 75 95,0 25 50 75 95,18,1e-05,1e-06,2.5653882773683168,2.51777851859631,2.612130425268334,832,0.18508636079717677,300.293 304.321,70.0,90.0,-23.58416110268448,-16.20027977568688,7.383881326997601,11.743282027556566,16.719394776664764,300.293,75.0
d55_r0-25-50-75-95_svd1e-5_ac+0mm,80_90,split-discrete,symmetric_depth_rings,0.0,55.0,0 25 50 75 95,55.0,55.0,0 25 50 75 95,0 25 50 75 95,18,1e-05,1e-06,2.5653882773683168,2.51777851859631,2.612130425268334,832,0.18508636079717677,300.293 304.321,80.0,90.0,-17.4167492732596,-19.16314098022513,-1.7463917069655288,1.7464042119708099,1.7530005972968823,300.293,90.0
d55_r0-25-50-75-95_svd1e-5_ac+0mm,90,split-discrete,symmetric_depth_rings,0.0,55.0,0 25 50 75 95,55.0,55.0,0 25 50 75 95,0 25 50 75 95,18,1e-05,1e-06,2.5653882773683168,2.51777851859631,2.612130425268334,832,0.18508636079717677,300.293 304.321,90.0,90.0,-17.4167492732596,-19.16314098022513,-1.7463917069655288,1.7464042119708099,1.7530005972968823,300.293,90.0
d55_r0-25-50-75-95_svd1e-5_ac+20mm,0_60,split-discrete,symmetric_depth_rings,20.0,55.0,0 25 50 75 95,55.0,55.0,0 25 50 75 95,0 25 50 75 95,18,1e-05,1e-06,2.5929937569820773,2.2147354645660857,2.9227008176495413,832,0.18508636079717677,300.293 304.321,0.0,60.0,-2.69651179161757,-2.388177476035545,0.3083343155820252,0.8273994315477728,1.8653735355632364,300.293,60.0
d55_r0-25-50-75-95_svd1e-5_ac+20mm,70_90,split-discrete,symmetric_depth_rings,20.0,55.0,0 25 50 75 95,55.0,55.0,0 25 50 75 95,0 25 50 75 95,18,1e-05,1e-06,2.5929937569820773,2.2147354645660857,2.9227008176495413,832,0.18508636079717677,300.293 304.321,70.0,90.0,-23.58416110268448,-16.136916686290157,7.447244416394325,14.807335903298773,20.420774156756046,300.293,75.0
d55_r0-25-50-75-95_svd1e-5_ac+20mm,80_90,split-discrete,symmetric_depth_rings,20.0,55.0,0 25 50 75 95,55.0,55.0,0 25 50 75 95,0 25 50 75 95,18,1e-05,1e-06,2.5929937569820773,2.2147354645660857,2.9227008176495413,832,0.18508636079717677,300.293 304.321,80.0,90.0,-17.4167492732596,-22.7668756041723,-5.350126330912698,5.351534171528866,5.4728709125274335,304.321,90.0
d55_r0-25-50-75-95_svd1e-5_ac+20mm,90,split-discrete,symmetric_depth_rings,20.0,55.0,0 25 50 75 95,55.0,55.0,0 25 50 75 95,0 25 50 75 95,18,1e-05,1e-06,2.5929937569820773,2.2147354645660857,2.9227008176495413,832,0.18508636079717677,300.293 304.321,90.0,90.0,-17.4167492732596,-22.7668756041723,-5.350126330912698,5.351534171528866,5.4728709125274335,304.321,90.0
d65_r0-25-50-75-95_svd1e-5_ac-20mm,0_60,split-discrete,symmetric_depth_rings,-20.0,65.0,0 25 50 75 95,65.0,65.0,0 25 50 75 95,0 25 50 75 95,18,1e-05,1e-06,2.704741708455638,2.935622794033866,2.452218226436596,832,0.18508636079717677,300.293 304.321,0.0,60.0,-2.69651179161757,-3.8115371817396464,-1.1150253901220766,1.4354979299531467,2.4890206742142595,304.321,45.0
d65_r0-25-50-75-95_svd1e-5_ac-20mm,70_90,split-discrete,symmetric_depth_rings,-20.0,65.0,0 25 50 75 95,65.0,65.0,0 25 50 75 95,0 25 50 75 95,18,1e-05,1e-06,2.704741708455638,2.935622794033866,2.452218226436596,832,0.18508636079717677,300.293 304.321,70.0,90.0,-23.58416110268448,-16.288660662017,7.295500440667482,7.371389449205562,8.317353029449848,304.321,90.0
d65_r0-25-50-75-95_svd1e-5_ac-20mm,80_90,split-discrete,symmetric_depth_rings,-20.0,65.0,0 25 50 75 95,65.0,65.0,0 25 50 75 95,0 25 50 75 95,18,1e-05,1e-06,2.704741708455638,2.935622794033866,2.452218226436596,832,0.18508636079717677,300.293 304.321,80.0,90.0,-17.4167492732596,-9.121443972885672,8.29530530037393,8.295334600169495,8.317353029449848,304.321,90.0
d65_r0-25-50-75-95_svd1e-5_ac-20mm,90,split-discrete,symmetric_depth_rings,-20.0,65.0,0 25 50 75 95,65.0,65.0,0 25 50 75 95,0 25 50 75 95,18,1e-05,1e-06,2.704741708455638,2.935622794033866,2.452218226436596,832,0.18508636079717677,300.293 304.321,90.0,90.0,-17.4167492732596,-9.121443972885672,8.29530530037393,8.295334600169495,8.317353029449848,304.321,90.0
d65_r0-25-50-75-95_svd1e-5_ac+0mm,0_60,split-discrete,symmetric_depth_rings,0.0,65.0,0 25 50 75 95,65.0,65.0,0 25 50 75 95,0 25 50 75 95,18,1e-05,1e-06,2.718972515888311,2.6664737957450253,2.7704765981536723,832,0.18508636079717677,300.293 304.321,0.0,60.0,-2.69651179161757,-3.4854160158693688,-0.7889042242517987,1.1466026744716984,1.8532805148574099,304.321,60.0
d65_r0-25-50-75-95_svd1e-5_ac+0mm,70_90,split-discrete,symmetric_depth_rings,0.0,65.0,0 25 50 75 95,65.0,65.0,0 25 50 75 95,0 25 50 75 95,18,1e-05,1e-06,2.718972515888311,2.6664737957450253,2.7704765981536723,832,0.18508636079717677,300.293 304.321,70.0,90.0,-23.58416110268448,-17.77416918331129,5.809991919373191,9.855552089655923,13.996557841673557,300.293,75.0
d65_r0-25-50-75-95_svd1e-5_ac+0mm,80_90,split-discrete,symmetric_depth_rings,0.0,65.0,0 25 50 75 95,65.0,65.0,0 25 50 75 95,0 25 50 75 95,18,1e-05,1e-06,2.718972515888311,2.6664737957450253,2.7704765981536723,832,0.18508636079717677,300.293 304.321,80.0,90.0,-17.4167492732596,-19.56603024723801,-2.14928097397841,2.1493018354555673,2.158750651221446,300.293,90.0
d65_r0-25-50-75-95_svd1e-5_ac+0mm,90,split-discrete,symmetric_depth_rings,0.0,65.0,0 25 50 75 95,65.0,65.0,0 25 50 75 95,0 25 50 75 95,18,1e-05,1e-06,2.718972515888311,2.6664737957450253,2.7704765981536723,832,0.18508636079717677,300.293 304.321,90.0,90.0,-17.4167492732596,-19.56603024723801,-2.14928097397841,2.1493018354555673,2.158750651221446,300.293,90.0
d65_r0-25-50-75-95_svd1e-5_ac+20mm,0_60,split-discrete,symmetric_depth_rings,20.0,65.0,0 25 50 75 95,65.0,65.0,0 25 50 75 95,0 25 50 75 95,18,1e-05,1e-06,2.737737573299808,2.365425354468772,3.065155286922888,832,0.18508636079717677,300.293 304.321,0.0,60.0,-2.69651179161757,-2.630973525205724,0.06553826641184628,0.3866258562698278,0.7622143664885712,300.293,60.0
d65_r0-25-50-75-95_svd1e-5_ac+20mm,70_90,split-discrete,symmetric_depth_rings,20.0,65.0,0 25 50 75 95,65.0,65.0,0 25 50 75 95,0 25 50 75 95,18,1e-05,1e-06,2.737737573299808,2.365425354468772,3.065155286922888,832,0.18508636079717677,300.293 304.321,70.0,90.0,-23.58416110268448,-16.998907762429667,6.585253340254813,14.288056102539874,19.448917722534226,300.293,75.0
d65_r0-25-50-75-95_svd1e-5_ac+20mm,80_90,split-discrete,symmetric_depth_rings,20.0,65.0,0 25 50 75 95,65.0,65.0,0 25 50 75 95,0 25 50 75 95,18,1e-05,1e-06,2.737737573299808,2.365425354468772,3.065155286922888,832,0.18508636079717677,300.293 304.321,80.0,90.0,-17.4167492732596,-23.510846465247052,-6.094097191987451,6.094108664858957,6.105922322839973,304.321,90.0
d65_r0-25-50-75-95_svd1e-5_ac+20mm,90,split-discrete,symmetric_depth_rings,20.0,65.0,0 25 50 75 95,65.0,65.0,0 25 50 75 95,0 25 50 75 95,18,1e-05,1e-06,2.737737573299808,2.365425354468772,3.065155286922888,832,0.18508636079717677,300.293 304.321,90.0,90.0,-17.4167492732596,-23.510846465247052,-6.094097191987451,6.094108664858957,6.105922322839973,304.321,90.0
asym_f45r35_r0-35-70-95_svd1e-5_ac-20mm,0_60,split-discrete,asymmetric_depth_rings,-20.0,nan,0 35 70 95,45.0,35.0,0 35 70 95,0 35 70 95,14,1e-05,1e-06,2.377398937613212,2.677798950153336,2.0330873566294554,832,0.18508636079717677,300.293 304.321,0.0,60.0,-2.69651179161757,4.259287321882195,6.955799113499765,8.566816590189775,14.438790766254641,304.321,60.0
asym_f45r35_r0-35-70-95_svd1e-5_ac-20mm,70_90,split-discrete,asymmetric_depth_rings,-20.0,nan,0 35 70 95,45.0,35.0,0 35 70 95,0 35 70 95,14,1e-05,1e-06,2.377398937613212,2.677798950153336,2.0330873566294554,832,0.18508636079717677,300.293 304.321,70.0,90.0,-23.58416110268448,3.7266435436115124,27.310804646295992,28.363418199890816,34.96626535877063,304.321,75.0
asym_f45r35_r0-35-70-95_svd1e-5_ac-20mm,80_90,split-discrete,asymmetric_depth_rings,-20.0,nan,0 35 70 95,45.0,35.0,0 35 70 95,0 35 70 95,14,1e-05,1e-06,2.377398937613212,2.677798950153336,2.0330873566294554,832,0.18508636079717677,300.293 304.321,80.0,90.0,-17.4167492732596,2.2395836514028424,19.656332924662443,19.656969031363914,19.814470380159868,304.321,90.0
asym_f45r35_r0-35-70-95_svd1e-5_ac-20mm,90,split-discrete,asymmetric_depth_rings,-20.0,nan,0 35 70 95,45.0,35.0,0 35 70 95,0 35 70 95,14,1e-05,1e-06,2.377398937613212,2.677798950153336,2.0330873566294554,832,0.18508636079717677,300.293 304.321,90.0,90.0,-17.4167492732596,2.2395836514028424,19.656332924662443,19.656969031363914,19.814470380159868,304.321,90.0
asym_f45r35_r0-35-70-95_svd1e-5_ac+0mm,0_60,split-discrete,asymmetric_depth_rings,0.0,nan,0 35 70 95,45.0,35.0,0 35 70 95,0 35 70 95,14,1e-05,1e-06,2.3480762843162943,2.381093284497877,2.3145883531324403,832,0.18508636079717677,300.293 304.321,0.0,60.0,-2.69651179161757,-0.72944293898598,1.96706885263159,2.67643019736707,5.093932208347965,300.293,60.0
asym_f45r35_r0-35-70-95_svd1e-5_ac+0mm,70_90,split-discrete,asymmetric_depth_rings,0.0,nan,0 35 70 95,45.0,35.0,0 35 70 95,0 35 70 95,14,1e-05,1e-06,2.3480762843162943,2.381093284497877,2.3145883531324403,832,0.18508636079717677,300.293 304.321,70.0,90.0,-23.58416110268448,-12.660745598385736,10.923415504298745,15.479114520488395,22.052284967701212,300.293,75.0
asym_f45r35_r0-35-70-95_svd1e-5_ac+0mm,80_90,split-discrete,asymmetric_depth_rings,0.0,nan,0 35 70 95,45.0,35.0,0 35 70 95,0 35 70 95,14,1e-05,1e-06,2.3480762843162943,2.381093284497877,2.3145883531324403,832,0.18508636079717677,300.293 304.321,80.0,90.0,-17.4167492732596,-17.459930354727586,-0.04318108146798494,0.08373103821412127,0.1149186655064085,300.293,90.0
asym_f45r35_r0-35-70-95_svd1e-5_ac+0mm,90,split-discrete,asymmetric_depth_rings,0.0,nan,0 35 70 95,45.0,35.0,0 35 70 95,0 35 70 95,14,1e-05,1e-06,2.3480762843162943,2.381093284497877,2.3145883531324403,832,0.18508636079717677,300.293 304.321,90.0,90.0,-17.4167492732596,-17.459930354727586,-0.04318108146798494,0.08373103821412127,0.1149186655064085,300.293,90.0
asym_f45r35_r0-35-70-95_svd1e-5_ac+20mm,0_60,split-discrete,asymmetric_depth_rings,20.0,nan,0 35 70 95,45.0,35.0,0 35 70 95,0 35 70 95,14,1e-05,1e-06,2.373356692978569,2.088882782088126,2.627206255113616,832,0.18508636079717677,300.293 304.321,0.0,60.0,-2.69651179161757,-1.5986538820866485,1.0978579095309215,1.7061532190087418,3.5196880286832695,300.293,60.0
asym_f45r35_r0-35-70-95_svd1e-5_ac+20mm,70_90,split-discrete,asymmetric_depth_rings,20.0,nan,0 35 70 95,45.0,35.0,0 35 70 95,0 35 70 95,14,1e-05,1e-06,2.373356692978569,2.088882782088126,2.627206255113616,832,0.18508636079717677,300.293 304.321,70.0,90.0,-23.58416110268448,-10.123798102026836,13.460363000657646,15.344747487508176,20.97581153736064,300.293,75.0
asym_f45r35_r0-35-70-95_svd1e-5_ac+20mm,80_90,split-discrete,asymmetric_depth_rings,20.0,nan,0 35 70 95,45.0,35.0,0 35 70 95,0 35 70 95,14,1e-05,1e-06,2.373356692978569,2.088882782088126,2.627206255113616,832,0.18508636079717677,300.293 304.321,80.0,90.0,-17.4167492732596,-11.323119252414145,6.093630020845456,6.093644854618031,6.107075587542596,300.293,90.0
asym_f45r35_r0-35-70-95_svd1e-5_ac+20mm,90,split-discrete,asymmetric_depth_rings,20.0,nan,0 35 70 95,45.0,35.0,0 35 70 95,0 35 70 95,14,1e-05,1e-06,2.373356692978569,2.088882782088126,2.627206255113616,832,0.18508636079717677,300.293 304.321,90.0,90.0,-17.4167492732596,-11.323119252414145,6.093630020845456,6.093644854618031,6.107075587542596,300.293,90.0
asym_f45r55_r0-35-70-95_svd1e-5_ac-20mm,0_60,split-discrete,asymmetric_depth_rings,-20.0,nan,0 35 70 95,45.0,55.0,0 35 70 95,0 35 70 95,14,1e-05,1e-06,2.502791088155247,2.677798950153336,2.3145883531324403,832,0.18508636079717677,300.293 304.321,0.0,60.0,-2.69651179161757,-1.6507861875879513,1.0457256040296188,1.5902174125434059,3.331587382703262,300.293,60.0
asym_f45r55_r0-35-70-95_svd1e-5_ac-20mm,70_90,split-discrete,asymmetric_depth_rings,-20.0,nan,0 35 70 95,45.0,55.0,0 35 70 95,0 35 70 95,14,1e-05,1e-06,2.502791088155247,2.677798950153336,2.3145883531324403,832,0.18508636079717677,300.293 304.321,70.0,90.0,-23.58416110268448,-11.524189664710178,12.059971437974303,13.891743620236111,19.168039683783768,300.293,75.0
asym_f45r55_r0-35-70-95_svd1e-5_ac-20mm,80_90,split-discrete,asymmetric_depth_rings,-20.0,nan,0 35 70 95,45.0,55.0,0 35 70 95,0 35 70 95,14,1e-05,1e-06,2.502791088155247,2.677798950153336,2.3145883531324403,832,0.18508636079717677,300.293 304.321,80.0,90.0,-17.4167492732596,-12.249749123592899,5.167000149666702,5.167279451886912,5.220725257735282,304.321,90.0
asym_f45r55_r0-35-70-95_svd1e-5_ac-20mm,90,split-discrete,asymmetric_depth_rings,-20.0,nan,0 35 70 95,45.0,55.0,0 35 70 95,0 35 70 95,14,1e-05,1e-06,2.502791088155247,2.677798950153336,2.3145883531324403,832,0.18508636079717677,300.293 304.321,90.0,90.0,-17.4167492732596,-12.249749123592899,5.167000149666702,5.167279451886912,5.220725257735282,304.321,90.0
asym_f45r55_r0-35-70-95_svd1e-5_ac+0mm,0_60,split-discrete,asymmetric_depth_rings,0.0,nan,0 35 70 95,45.0,55.0,0 35 70 95,0 35 70 95,14,1e-05,1e-06,2.507171507534839,2.381093284497877,2.627206255113623,832,0.18508636079717677,300.293 304.321,0.0,60.0,-2.69651179161757,-2.2201057147218024,0.4764060768957677,0.8315817404219605,1.8693114231590613,300.293,60.0
asym_f45r55_r0-35-70-95_svd1e-5_ac+0mm,70_90,split-discrete,asymmetric_depth_rings,0.0,nan,0 35 70 95,45.0,55.0,0 35 70 95,0 35 70 95,14,1e-05,1e-06,2.507171507534839,2.381093284497877,2.627206255113623,832,0.18508636079717677,300.293 304.321,70.0,90.0,-23.58416110268448,-17.338973366743545,6.2451877359409345,14.10062607911628,19.079127547742317,300.293,75.0
asym_f45r55_r0-35-70-95_svd1e-5_ac+0mm,80_90,split-discrete,asymmetric_depth_rings,0.0,nan,0 35 70 95,45.0,55.0,0 35 70 95,0 35 70 95,14,1e-05,1e-06,2.507171507534839,2.381093284497877,2.627206255113623,832,0.18508636079717677,300.293 304.321,80.0,90.0,-17.4167492732596,-23.813018317753066,-6.396269044493465,6.396320883196341,6.422020768091791,304.321,90.0
asym_f45r55_r0-35-70-95_svd1e-5_ac+0mm,90,split-discrete,asymmetric_depth_rings,0.0,nan,0 35 70 95,45.0,55.0,0 35 70 95,0 35 70 95,14,1e-05,1e-06,2.507171507534839,2.381093284497877,2.627206255113623,832,0.18508636079717677,300.293 304.321,90.0,90.0,-17.4167492732596,-23.813018317753066,-6.396269044493465,6.396320883196341,6.422020768091791,304.321,90.0
asym_f45r55_r0-35-70-95_svd1e-5_ac+20mm,0_60,split-discrete,asymmetric_depth_rings,20.0,nan,0 35 70 95,45.0,55.0,0 35 70 95,0 35 70 95,14,1e-05,1e-06,2.546095758160148,2.088882782088126,2.932878439713786,832,0.18508636079717677,300.293 304.321,0.0,60.0,-2.69651179161757,-2.2308397167303555,0.4656720748872146,1.0071182514137245,2.2568284217621084,300.293,60.0
asym_f45r55_r0-35-70-95_svd1e-5_ac+20mm,70_90,split-discrete,asymmetric_depth_rings,20.0,nan,0 35 70 95,45.0,55.0,0 35 70 95,0 35 70 95,14,1e-05,1e-06,2.546095758160148,2.088882782088126,2.932878439713786,832,0.18508636079717677,300.293 304.321,70.0,90.0,-23.58416110268448,-11.795227442799886,11.788933659884595,14.486491476739555,20.38572415786171,300.293,75.0
asym_f45r55_r0-35-70-95_svd1e-5_ac+20mm,80_90,split-discrete,asymmetric_depth_rings,20.0,nan,0 35 70 95,45.0,55.0,0 35 70 95,0 35 70 95,14,1e-05,1e-06,2.546095758160148,2.088882782088126,2.932878439713786,832,0.18508636079717677,300.293 304.321,80.0,90.0,-17.4167492732596,-14.045776537543865,3.3709727357157355,3.371394646697154,3.4243082664565065,300.293,90.0
asym_f45r55_r0-35-70-95_svd1e-5_ac+20mm,90,split-discrete,asymmetric_depth_rings,20.0,nan,0 35 70 95,45.0,55.0,0 35 70 95,0 35 70 95,14,1e-05,1e-06,2.546095758160148,2.088882782088126,2.932878439713786,832,0.18508636079717677,300.293 304.321,90.0,90.0,-17.4167492732596,-14.045776537543865,3.3709727357157355,3.371394646697154,3.4243082664565065,300.293,90.0
asym_f35r55_r0-35-70-95_svd1e-5_ac-20mm,0_60,split-discrete,asymmetric_depth_rings,-20.0,nan,0 35 70 95,35.0,55.0,0 35 70 95,0 35 70 95,14,1e-05,1e-06,2.4254367213232872,2.5314358245530486,2.3145883531324403,832,0.18508636079717677,300.293 304.321,0.0,60.0,-2.69651179161757,-1.2060457370439779,1.4904660545735922,2.105747911925858,4.18404910325367,300.293,60.0
asym_f35r55_r0-35-70-95_svd1e-5_ac-20mm,70_90,split-discrete,asymmetric_depth_rings,-20.0,nan,0 35 70 95,35.0,55.0,0 35 70 95,0 35 70 95,14,1e-05,1e-06,2.4254367213232872,2.5314358245530486,2.3145883531324403,832,0.18508636079717677,300.293 304.321,70.0,90.0,-23.58416110268448,-11.810613058501291,11.77354804418319,14.691970111484892,20.74785660512476,300.293,75.0
asym_f35r55_r0-35-70-95_svd1e-5_ac-20mm,80_90,split-discrete,asymmetric_depth_rings,-20.0,nan,0 35 70 95,35.0,55.0,0 35 70 95,0 35 70 95,14,1e-05,1e-06,2.4254367213232872,2.5314358245530486,2.3145883531324403,832,0.18508636079717677,300.293 304.321,80.0,90.0,-17.4167492732596,-14.430585444576455,2.9861638286831464,2.986820285073978,3.0487817461973137,304.321,90.0
asym_f35r55_r0-35-70-95_svd1e-5_ac-20mm,90,split-discrete,asymmetric_depth_rings,-20.0,nan,0 35 70 95,35.0,55.0,0 35 70 95,0 35 70 95,14,1e-05,1e-06,2.4254367213232872,2.5314358245530486,2.3145883531324403,832,0.18508636079717677,300.293 304.321,90.0,90.0,-17.4167492732596,-14.430585444576455,2.9861638286831464,2.986820285073978,3.0487817461973137,304.321,90.0
asym_f35r55_r0-35-70-95_svd1e-5_ac+0mm,0_60,split-discrete,asymmetric_depth_rings,0.0,nan,0 35 70 95,35.0,55.0,0 35 70 95,0 35 70 95,14,1e-05,1e-06,2.437551547373527,2.231838342106795,2.627206255113623,832,0.18508636079717677,300.293 304.321,0.0,60.0,-2.69651179161757,-1.738480508403613,0.9580312832139569,1.4852740951772838,3.13598894888527,300.293,60.0
asym_f35r55_r0-35-70-95_svd1e-5_ac+0mm,70_90,split-discrete,asymmetric_depth_rings,0.0,nan,0 35 70 95,35.0,55.0,0 35 70 95,0 35 70 95,14,1e-05,1e-06,2.437551547373527,2.231838342106795,2.627206255113623,832,0.18508636079717677,300.293 304.321,70.0,90.0,-23.58416110268448,-14.474915390216626,9.109245712467855,14.600825008510949,20.6888027235416,300.293,75.0
asym_f35r55_r0-35-70-95_svd1e-5_ac+0mm,80_90,split-discrete,asymmetric_depth_rings,0.0,nan,0 35 70 95,35.0,55.0,0 35 70 95,0 35 70 95,14,1e-05,1e-06,2.437551547373527,2.231838342106795,2.627206255113623,832,0.18508636079717677,300.293 304.321,80.0,90.0,-17.4167492732596,-19.717580441901728,-2.3008311686421266,2.3014905267133083,2.3559181721548157,304.321,90.0
asym_f35r55_r0-35-70-95_svd1e-5_ac+0mm,90,split-discrete,asymmetric_depth_rings,0.0,nan,0 35 70 95,35.0,55.0,0 35 70 95,0 35 70 95,14,1e-05,1e-06,2.437551547373527,2.231838342106795,2.627206255113623,832,0.18508636079717677,300.293 304.321,90.0,90.0,-17.4167492732596,-19.717580441901728,-2.3008311686421266,2.3014905267133083,2.3559181721548157,304.321,90.0
asym_f35r55_r0-35-70-95_svd1e-5_ac+20mm,0_60,split-discrete,asymmetric_depth_rings,20.0,nan,0 35 70 95,35.0,55.0,0 35 70 95,0 35 70 95,14,1e-05,1e-06,2.49323584476606,1.9572107738091697,2.932878439713786,832,0.18508636079717677,300.293 304.321,0.0,60.0,-2.69651179161757,-6.782258625149273,-4.085746833531703,5.1536368185574855,8.279432397361738,304.321,45.0
asym_f35r55_r0-35-70-95_svd1e-5_ac+20mm,70_90,split-discrete,asymmetric_depth_rings,20.0,nan,0 35 70 95,35.0,55.0,0 35 70 95,0 35 70 95,14,1e-05,1e-06,2.49323584476606,1.9572107738091697,2.932878439713786,832,0.18508636079717677,300.293 304.321,70.0,90.0,-23.58416110268448,-4.392985973411964,19.191175129272516,19.56278264144308,23.216772533618055,300.293,75.0
asym_f35r55_r0-35-70-95_svd1e-5_ac+20mm,80_90,split-discrete,asymmetric_depth_rings,20.0,nan,0 35 70 95,35.0,55.0,0 35 70 95,0 35 70 95,14,1e-05,1e-06,2.49323584476606,1.9572107738091697,2.932878439713786,832,0.18508636079717677,300.293 304.321,80.0,90.0,-17.4167492732596,-2.0164556277518315,15.40029364550777,15.400484136041614,15.47689166508016,300.293,90.0
asym_f35r55_r0-35-70-95_svd1e-5_ac+20mm,90,split-discrete,asymmetric_depth_rings,20.0,nan,0 35 70 95,35.0,55.0,0 35 70 95,0 35 70 95,14,1e-05,1e-06,2.49323584476606,1.9572107738091697,2.932878439713786,832,0.18508636079717677,300.293 304.321,90.0,90.0,-17.4167492732596,-2.0164556277518315,15.40029364550777,15.400484136041614,15.47689166508016,300.293,90.0
asym_f55r35_r0-35-70-95_svd1e-5_ac-20mm,0_60,split-discrete,asymmetric_depth_rings,-20.0,nan,0 35 70 95,55.0,35.0,0 35 70 95,0 35 70 95,14,1e-05,1e-06,2.4558106673008435,2.8157712740154666,2.0330873566294554,832,0.18508636079717677,300.293 304.321,0.0,60.0,-2.69651179161757,4.206803082958316,6.903314874575886,8.526856556612149,14.419780133508887,304.321,60.0
asym_f55r35_r0-35-70-95_svd1e-5_ac-20mm,70_90,split-discrete,asymmetric_depth_rings,-20.0,nan,0 35 70 95,55.0,35.0,0 35 70 95,0 35 70 95,14,1e-05,1e-06,2.4558106673008435,2.8157712740154666,2.0330873566294554,832,0.18508636079717677,300.293 304.321,70.0,90.0,-23.58416110268448,3.628925657434408,27.213086760118887,28.27962089338585,34.90618445588727,300.293,75.0
asym_f55r35_r0-35-70-95_svd1e-5_ac-20mm,80_90,split-discrete,asymmetric_depth_rings,-20.0,nan,0 35 70 95,55.0,35.0,0 35 70 95,0 35 70 95,14,1e-05,1e-06,2.4558106673008435,2.8157712740154666,2.0330873566294554,832,0.18508636079717677,300.293 304.321,80.0,90.0,-17.4167492732596,2.1039487296367305,19.52069800289633,19.521313842898333,19.675758096580395,304.321,90.0
asym_f55r35_r0-35-70-95_svd1e-5_ac-20mm,90,split-discrete,asymmetric_depth_rings,-20.0,nan,0 35 70 95,55.0,35.0,0 35 70 95,0 35 70 95,14,1e-05,1e-06,2.4558106673008435,2.8157712740154666,2.0330873566294554,832,0.18508636079717677,300.293 304.321,90.0,90.0,-17.4167492732596,2.1039487296367305,19.52069800289633,19.521313842898333,19.675758096580395,304.321,90.0
asym_f55r35_r0-35-70-95_svd1e-5_ac+0mm,0_60,split-discrete,asymmetric_depth_rings,0.0,nan,0 35 70 95,55.0,35.0,0 35 70 95,0 35 70 95,14,1e-05,1e-06,2.4254367213232872,2.5314358245530486,2.3145883531324403,832,0.18508636079717677,300.293 304.321,0.0,60.0,-2.69651179161757,-1.20604573704397,1.4904660545736,2.1057479119258695,4.184049103253692,300.293,60.0
asym_f55r35_r0-35-70-95_svd1e-5_ac+0mm,70_90,split-discrete,asymmetric_depth_rings,0.0,nan,0 35 70 95,55.0,35.0,0 35 70 95,0 35 70 95,14,1e-05,1e-06,2.4254367213232872,2.5314358245530486,2.3145883531324403,832,0.18508636079717677,300.293 304.321,70.0,90.0,-23.58416110268448,-11.810613058501291,11.77354804418319,14.691970111484899,20.74785660512481,300.293,75.0
asym_f55r35_r0-35-70-95_svd1e-5_ac+0mm,80_90,split-discrete,asymmetric_depth_rings,0.0,nan,0 35 70 95,55.0,35.0,0 35 70 95,0 35 70 95,14,1e-05,1e-06,2.4254367213232872,2.5314358245530486,2.3145883531324403,832,0.18508636079717677,300.293 304.321,80.0,90.0,-17.4167492732596,-14.430585444576462,2.9861638286831393,2.986820285073971,3.0487817461973137,304.321,90.0
asym_f55r35_r0-35-70-95_svd1e-5_ac+0mm,90,split-discrete,asymmetric_depth_rings,0.0,nan,0 35 70 95,55.0,35.0,0 35 70 95,0 35 70 95,14,1e-05,1e-06,2.4254367213232872,2.5314358245530486,2.3145883531324403,832,0.18508636079717677,300.293 304.321,90.0,90.0,-17.4167492732596,-14.430585444576462,2.9861638286831393,2.986820285073971,3.0487817461973137,304.321,90.0
asym_f55r35_r0-35-70-95_svd1e-5_ac+20mm,0_60,split-discrete,asymmetric_depth_rings,20.0,nan,0 35 70 95,55.0,35.0,0 35 70 95,0 35 70 95,14,1e-05,1e-06,2.4375515473735234,2.231838342106795,2.627206255113616,832,0.18508636079717677,300.293 304.321,0.0,60.0,-2.69651179161757,-1.7384805084039379,0.9580312832136322,1.4852740951768701,3.1359889488846306,300.293,60.0
asym_f55r35_r0-35-70-95_svd1e-5_ac+20mm,70_90,split-discrete,asymmetric_depth_rings,20.0,nan,0 35 70 95,55.0,35.0,0 35 70 95,0 35 70 95,14,1e-05,1e-06,2.4375515473735234,2.231838342106795,2.627206255113616,832,0.18508636079717677,300.293 304.321,70.0,90.0,-23.58416110268448,-14.474915390219,9.109245712465482,14.600825008510158,20.688802723540284,300.293,75.0
asym_f55r35_r0-35-70-95_svd1e-5_ac+20mm,80_90,split-discrete,asymmetric_depth_rings,20.0,nan,0 35 70 95,55.0,35.0,0 35 70 95,0 35 70 95,14,1e-05,1e-06,2.4375515473735234,2.231838342106795,2.627206255113616,832,0.18508636079717677,300.293 304.321,80.0,90.0,-17.4167492732596,-19.717580441904982,-2.300831168645381,2.301490526716574,2.355918172158596,304.321,90.0
asym_f55r35_r0-35-70-95_svd1e-5_ac+20mm,90,split-discrete,asymmetric_depth_rings,20.0,nan,0 35 70 95,55.0,35.0,0 35 70 95,0 35 70 95,14,1e-05,1e-06,2.4375515473735234,2.231838342106795,2.627206255113616,832,0.18508636079717677,300.293 304.321,90.0,90.0,-17.4167492732596,-19.717580441904982,-2.300831168645381,2.301490526716574,2.355918172158596,304.321,90.0
asym_f45r55_front35_rear25_svd1e-5_ac-20mm,0_60,split-discrete,asymmetric_depth_rings,-20.0,nan,,45.0,55.0,0 35 70 95,0 25 50 75 95,16,1e-05,1e-06,2.494109497852305,2.677798950153336,2.2957694041675536,832,0.18508636079717677,300.293 304.321,0.0,60.0,-2.69651179161757,-1.6654413410330426,1.0310704505845272,1.6457225190717595,3.490272842956685,300.293,60.0
asym_f45r55_front35_rear25_svd1e-5_ac-20mm,70_90,split-discrete,asymmetric_depth_rings,-20.0,nan,,45.0,55.0,0 35 70 95,0 25 50 75 95,16,1e-05,1e-06,2.494109497852305,2.677798950153336,2.2957694041675536,832,0.18508636079717677,300.293 304.321,70.0,90.0,-23.58416110268448,-11.352266013256015,12.231895089428466,13.907731136935205,19.06831951726626,300.293,75.0
asym_f45r55_front35_rear25_svd1e-5_ac-20mm,80_90,split-discrete,asymmetric_depth_rings,-20.0,nan,,45.0,55.0,0 35 70 95,0 25 50 75 95,16,1e-05,1e-06,2.494109497852305,2.677798950153336,2.2957694041675536,832,0.18508636079717677,300.293 304.321,80.0,90.0,-17.4167492732596,-11.801498304963605,5.615250968295996,5.615535326154165,5.671762580697816,304.321,90.0
asym_f45r55_front35_rear25_svd1e-5_ac-20mm,90,split-discrete,asymmetric_depth_rings,-20.0,nan,,45.0,55.0,0 35 70 95,0 25 50 75 95,16,1e-05,1e-06,2.494109497852305,2.677798950153336,2.2957694041675536,832,0.18508636079717677,300.293 304.321,90.0,90.0,-17.4167492732596,-11.801498304963605,5.615250968295996,5.615535326154165,5.671762580697816,304.321,90.0
asym_f45r55_front35_rear25_svd1e-5_ac+0mm,0_60,split-discrete,asymmetric_depth_rings,0.0,nan,,45.0,55.0,0 35 70 95,0 25 50 75 95,16,1e-05,1e-06,2.499282955978916,2.381093284497877,2.612130425268334,832,0.18508636079717677,300.293 304.321,0.0,60.0,-2.69651179161757,-2.433913762448776,0.2625980291687938,0.6811159447734385,1.54625946549141,300.293,60.0
asym_f45r55_front35_rear25_svd1e-5_ac+0mm,70_90,split-discrete,asymmetric_depth_rings,0.0,nan,,45.0,55.0,0 35 70 95,0 25 50 75 95,16,1e-05,1e-06,2.499282955978916,2.381093284497877,2.612130425268334,832,0.18508636079717677,300.293 304.321,70.0,90.0,-23.58416110268448,-16.057908455001247,7.5262526476832345,13.304033427548257,18.685088074303884,300.293,75.0
asym_f45r55_front35_rear25_svd1e-5_ac+0mm,80_90,split-discrete,asymmetric_depth_rings,0.0,nan,,45.0,55.0,0 35 70 95,0 25 50 75 95,16,1e-05,1e-06,2.499282955978916,2.381093284497877,2.612130425268334,832,0.18508636079717677,300.293 304.321,80.0,90.0,-17.4167492732596,-20.860222018482116,-3.4434727452225147,3.44349308113742,3.4553071337153582,304.321,90.0
asym_f45r55_front35_rear25_svd1e-5_ac+0mm,90,split-discrete,asymmetric_depth_rings,0.0,nan,,45.0,55.0,0 35 70 95,0 25 50 75 95,16,1e-05,1e-06,2.499282955978916,2.381093284497877,2.612130425268334,832,0.18508636079717677,300.293 304.321,90.0,90.0,-17.4167492732596,-20.860222018482116,-3.4434727452225147,3.44349308113742,3.4553071337153582,304.321,90.0
asym_f45r55_front35_rear25_svd1e-5_ac+20mm,0_60,split-discrete,asymmetric_depth_rings,20.0,nan,,45.0,55.0,0 35 70 95,0 25 50 75 95,16,1e-05,1e-06,2.5402373261954803,2.088882782088126,2.9227008176495413,832,0.18508636079717677,300.293 304.321,0.0,60.0,-2.69651179161757,-2.4262115668491147,0.27030022476845517,0.9006163776372345,1.994808571144965,300.293,60.0
asym_f45r55_front35_rear25_svd1e-5_ac+20mm,70_90,split-discrete,asymmetric_depth_rings,20.0,nan,,45.0,55.0,0 35 70 95,0 25 50 75 95,16,1e-05,1e-06,2.5402373261954803,2.088882782088126,2.9227008176495413,832,0.18508636079717677,300.293 304.321,70.0,90.0,-23.58416110268448,-11.556787942114136,12.027373160570345,14.481200433991317,20.263391386850024,300.293,75.0
asym_f45r55_front35_rear25_svd1e-5_ac+20mm,80_90,split-discrete,asymmetric_depth_rings,20.0,nan,,45.0,55.0,0 35 70 95,0 25 50 75 95,16,1e-05,1e-06,2.5402373261954803,2.088882782088126,2.9227008176495413,832,0.18508636079717677,300.293 304.321,80.0,90.0,-17.4167492732596,-13.453610516991674,3.963138756267927,3.9633480539204498,4.003869519606269,300.293,90.0
asym_f45r55_front35_rear25_svd1e-5_ac+20mm,90,split-discrete,asymmetric_depth_rings,20.0,nan,,45.0,55.0,0 35 70 95,0 25 50 75 95,16,1e-05,1e-06,2.5402373261954803,2.088882782088126,2.9227008176495413,832,0.18508636079717677,300.293 304.321,90.0,90.0,-17.4167492732596,-13.453610516991674,3.963138756267927,3.9633480539204498,4.003869519606269,300.293,90.0
asym_f55r45_front25_rear35_svd1e-5_ac-20mm,0_60,split-discrete,asymmetric_depth_rings,-20.0,nan,,55.0,45.0,0 25 50 75 95,0 35 70 95,16,1e-05,1e-06,2.507660436013788,2.806858110179788,2.1675491399310127,832,0.18508636079717677,300.293 304.321,0.0,60.0,-2.69651179161757,-0.14926706689661415,2.5472447247209558,3.4890641916649408,6.5944635329990575,300.293,60.0
asym_f55r45_front25_rear35_svd1e-5_ac-20mm,70_90,split-discrete,asymmetric_depth_rings,-20.0,nan,,55.0,45.0,0 25 50 75 95,0 35 70 95,16,1e-05,1e-06,2.507660436013788,2.806858110179788,2.1675491399310127,832,0.18508636079717677,300.293 304.321,70.0,90.0,-23.58416110268448,-7.6112157886262395,15.972945314058242,18.0119873423569,24.449737933111493,300.293,75.0
asym_f55r45_front25_rear35_svd1e-5_ac-20mm,80_90,split-discrete,asymmetric_depth_rings,-20.0,nan,,55.0,45.0,0 25 50 75 95,0 35 70 95,16,1e-05,1e-06,2.507660436013788,2.806858110179788,2.1675491399310127,832,0.18508636079717677,300.293 304.321,80.0,90.0,-17.4167492732596,-9.767463223971436,7.649286049288165,7.649505353832702,7.707209226692626,304.321,90.0
asym_f55r45_front25_rear35_svd1e-5_ac-20mm,90,split-discrete,asymmetric_depth_rings,-20.0,nan,,55.0,45.0,0 25 50 75 95,0 35 70 95,16,1e-05,1e-06,2.507660436013788,2.806858110179788,2.1675491399310127,832,0.18508636079717677,300.293 304.321,90.0,90.0,-17.4167492732596,-9.767463223971436,7.649286049288165,7.649505353832702,7.707209226692626,304.321,90.0
asym_f55r45_front25_rear35_svd1e-5_ac+0mm,0_60,split-discrete,asymmetric_depth_rings,0.0,nan,,55.0,45.0,0 25 50 75 95,0 35 70 95,16,1e-05,1e-06,2.4937253909625494,2.51777851859631,2.4694379891703324,832,0.18508636079717677,300.293 304.321,0.0,60.0,-2.69651179161757,-2.1194894889444518,0.577022302673118,0.9599786376652824,2.129713437645165,300.293,60.0
asym_f55r45_front25_rear35_svd1e-5_ac+0mm,70_90,split-discrete,asymmetric_depth_rings,0.0,nan,,55.0,45.0,0 25 50 75 95,0 35 70 95,16,1e-05,1e-06,2.4937253909625494,2.51777851859631,2.4694379891703324,832,0.18508636079717677,300.293 304.321,70.0,90.0,-23.58416110268448,-13.976440298421062,9.607720804263419,12.957879636968462,18.49904524547781,300.293,75.0
asym_f55r45_front25_rear35_svd1e-5_ac+0mm,80_90,split-discrete,asymmetric_depth_rings,0.0,nan,,55.0,45.0,0 25 50 75 95,0 35 70 95,16,1e-05,1e-06,2.4937253909625494,2.51777851859631,2.4694379891703324,832,0.18508636079717677,300.293 304.321,80.0,90.0,-17.4167492732596,-16.502587285687163,0.914161987572438,0.9150641320256493,0.9547849637985166,304.321,90.0
asym_f55r45_front25_rear35_svd1e-5_ac+0mm,90,split-discrete,asymmetric_depth_rings,0.0,nan,,55.0,45.0,0 25 50 75 95,0 35 70 95,16,1e-05,1e-06,2.4937253909625494,2.51777851859631,2.4694379891703324,832,0.18508636079717677,300.293 304.321,90.0,90.0,-17.4167492732596,-16.502587285687163,0.914161987572438,0.9150641320256493,0.9547849637985166,304.321,90.0
asym_f55r45_front25_rear35_svd1e-5_ac+20mm,0_60,split-discrete,asymmetric_depth_rings,20.0,nan,,55.0,45.0,0 25 50 75 95,0 35 70 95,16,1e-05,1e-06,2.5150415882333177,2.2147354645660857,2.783130468210138,832,0.18508636079717677,300.293 304.321,0.0,60.0,-2.69651179161757,-2.003741876897448,0.6927699147201217,1.201346929103026,2.638212461801082,300.293,60.0
asym_f55r45_front25_rear35_svd1e-5_ac+20mm,70_90,split-discrete,asymmetric_depth_rings,20.0,nan,,55.0,45.0,0 25 50 75 95,0 35 70 95,16,1e-05,1e-06,2.5150415882333177,2.2147354645660857,2.783130468210138,832,0.18508636079717677,300.293 304.321,70.0,90.0,-23.58416110268448,-16.320031874424533,7.264129228259948,15.203242804736924,20.792306929871735,300.293,75.0
asym_f55r45_front25_rear35_svd1e-5_ac+20mm,80_90,split-discrete,asymmetric_depth_rings,20.0,nan,,55.0,45.0,0 25 50 75 95,0 35 70 95,16,1e-05,1e-06,2.5150415882333177,2.2147354645660857,2.783130468210138,832,0.18508636079717677,300.293 304.321,80.0,90.0,-17.4167492732596,-23.506972760909203,-6.090223487649602,6.093042815529203,6.275557300951846,304.321,90.0
asym_f55r45_front25_rear35_svd1e-5_ac+20mm,90,split-discrete,asymmetric_depth_rings,20.0,nan,,55.0,45.0,0 25 50 75 95,0 35 70 95,16,1e-05,1e-06,2.5150415882333177,2.2147354645660857,2.783130468210138,832,0.18508636079717677,300.293 304.321,90.0,90.0,-17.4167492732596,-23.506972760909203,-6.090223487649602,6.093042815529203,6.275557300951846,304.321,90.0
current_d45_r0-35-70-95_svd1e-6_ac-20mm,0_60,split-discrete,symmetric_depth_rings,-20.0,45.0,0 35 70 95,45.0,45.0,0 35 70 95,0 35 70 95,14,1e-06,1e-06,2.43603520824001,2.6777547256611594,2.167525017334109,832,0.18508636079717677,300.293 304.321,0.0,60.0,-2.69651179161757,0.09458667486252921,2.7910984664800993,3.732043479400377,6.910868606971711,304.321,60.0
current_d45_r0-35-70-95_svd1e-6_ac-20mm,70_90,split-discrete,symmetric_depth_rings,-20.0,45.0,0 35 70 95,45.0,45.0,0 35 70 95,0 35 70 95,14,1e-06,1e-06,2.43603520824001,2.6777547256611594,2.167525017334109,832,0.18508636079717677,300.293 304.321,70.0,90.0,-23.58416110268448,-7.748262168987797,15.835898933696685,18.18626795561305,24.925741092053677,300.293,75.0
current_d45_r0-35-70-95_svd1e-6_ac-20mm,80_90,split-discrete,symmetric_depth_rings,-20.0,45.0,0 35 70 95,45.0,45.0,0 35 70 95,0 35 70 95,14,1e-06,1e-06,2.43603520824001,2.6777547256611594,2.167525017334109,832,0.18508636079717677,300.293 304.321,80.0,90.0,-17.4167492732596,-10.522429844601636,6.894319428657965,6.894582272360639,6.954521803851165,304.321,90.0
current_d45_r0-35-70-95_svd1e-6_ac-20mm,90,split-discrete,symmetric_depth_rings,-20.0,45.0,0 35 70 95,45.0,45.0,0 35 70 95,0 35 70 95,14,1e-06,1e-06,2.43603520824001,2.6777547256611594,2.167525017334109,832,0.18508636079717677,300.293 304.321,90.0,90.0,-17.4167492732596,-10.522429844601636,6.894319428657965,6.894582272360639,6.954521803851165,304.321,90.0
current_d45_r0-35-70-95_svd1e-6_ac+0mm,0_60,split-discrete,symmetric_depth_rings,0.0,45.0,0 35 70 95,45.0,45.0,0 35 70 95,0 35 70 95,14,1e-06,1e-06,2.4256304427719915,2.381049086860318,2.469407081824732,832,0.18508636079717677,300.293 304.321,0.0,60.0,-2.69651179161757,-1.6615748512701003,1.0349369403474697,1.5257422628384258,3.164346587739942,300.293,60.0
current_d45_r0-35-70-95_svd1e-6_ac+0mm,70_90,split-discrete,symmetric_depth_rings,0.0,45.0,0 35 70 95,45.0,45.0,0 35 70 95,0 35 70 95,14,1e-06,1e-06,2.4256304427719915,2.381049086860318,2.469407081824732,832,0.18508636079717677,300.293 304.321,70.0,90.0,-23.58416110268448,-14.867852204694687,8.716308897989794,14.061582779753532,19.929984376099576,300.293,75.0
current_d45_r0-35-70-95_svd1e-6_ac+0mm,80_90,split-discrete,symmetric_depth_rings,0.0,45.0,0 35 70 95,45.0,45.0,0 35 70 95,0 35 70 95,14,1e-06,1e-06,2.4256304427719915,2.381049086860318,2.469407081824732,832,0.18508636079717677,300.293 304.321,80.0,90.0,-17.4167492732596,-19.73391312438621,-2.317163851126608,2.317298515904411,2.3421458215231254,300.293,90.0
current_d45_r0-35-70-95_svd1e-6_ac+0mm,90,split-discrete,symmetric_depth_rings,0.0,45.0,0 35 70 95,45.0,45.0,0 35 70 95,0 35 70 95,14,1e-06,1e-06,2.4256304427719915,2.381049086860318,2.469407081824732,832,0.18508636079717677,300.293 304.321,90.0,90.0,-17.4167492732596,-19.73391312438621,-2.317163851126608,2.317298515904411,2.3421458215231254,300.293,90.0
current_d45_r0-35-70-95_svd1e-6_ac+20mm,0_60,split-discrete,symmetric_depth_rings,20.0,45.0,0 35 70 95,45.0,45.0,0 35 70 95,0 35 70 95,14,1e-06,1e-06,2.4605765629162146,2.088841935414323,2.783094215580868,832,0.18508636079717677,300.293 304.321,0.0,60.0,-2.69651179161757,-1.9484805419512157,0.7480312496663544,1.319583890646443,2.8578937227478605,300.293,60.0
current_d45_r0-35-70-95_svd1e-6_ac+20mm,70_90,split-discrete,symmetric_depth_rings,20.0,45.0,0 35 70 95,45.0,45.0,0 35 70 95,0 35 70 95,14,1e-06,1e-06,2.4605765629162146,2.088841935414323,2.783094215580868,832,0.18508636079717677,300.293 304.321,70.0,90.0,-23.58416110268448,-10.76413828076825,12.82002282191623,15.005389373559277,20.77796997056322,300.293,75.0
current_d45_r0-35-70-95_svd1e-6_ac+20mm,80_90,split-discrete,symmetric_depth_rings,20.0,45.0,0 35 70 95,45.0,45.0,0 35 70 95,0 35 70 95,14,1e-06,1e-06,2.4605765629162146,2.088841935414323,2.783094215580868,832,0.18508636079717677,300.293 304.321,80.0,90.0,-17.4167492732596,-12.393848070851316,5.022901202408285,5.023037998550338,5.0599720228199345,300.293,90.0
current_d45_r0-35-70-95_svd1e-6_ac+20mm,90,split-discrete,symmetric_depth_rings,20.0,45.0,0 35 70 95,45.0,45.0,0 35 70 95,0 35 70 95,14,1e-06,1e-06,2.4605765629162146,2.088841935414323,2.783094215580868,832,0.18508636079717677,300.293 304.321,90.0,90.0,-17.4167492732596,-12.393848070851316,5.022901202408285,5.023037998550338,5.0599720228199345,300.293,90.0
d35_r0-35-70-95_svd1e-6_ac-20mm,0_60,split-discrete,symmetric_depth_rings,-20.0,35.0,0 35 70 95,35.0,35.0,0 35 70 95,0 35 70 95,14,1e-06,1e-06,2.295792185544532,2.5313948332634224,2.0330675632014614,832,0.18508636079717677,300.293 304.321,0.0,60.0,-2.69651179161757,4.137789108307514,6.8343008999250845,8.407548685295563,14.149624480666269,304.321,60.0
d35_r0-35-70-95_svd1e-6_ac-20mm,70_90,split-discrete,symmetric_depth_rings,-20.0,35.0,0 35 70 95,35.0,35.0,0 35 70 95,0 35 70 95,14,1e-06,1e-06,2.295792185544532,2.5313948332634224,2.0330675632014614,832,0.18508636079717677,300.293 304.321,70.0,90.0,-23.58416110268448,3.454537761205975,27.038698863890453,28.096959272097564,34.6859339576592,300.293,75.0
d35_r0-35-70-95_svd1e-6_ac-20mm,80_90,split-discrete,symmetric_depth_rings,-20.0,35.0,0 35 70 95,35.0,35.0,0 35 70 95,0 35 70 95,14,1e-06,1e-06,2.295792185544532,2.5313948332634224,2.0330675632014614,832,0.18508636079717677,300.293 304.321,80.0,90.0,-17.4167492732596,1.9841031075262237,19.400852380785825,19.401426631245496,19.550124704271717,304.321,90.0
d35_r0-35-70-95_svd1e-6_ac-20mm,90,split-discrete,symmetric_depth_rings,-20.0,35.0,0 35 70 95,35.0,35.0,0 35 70 95,0 35 70 95,14,1e-06,1e-06,2.295792185544532,2.5313948332634224,2.0330675632014614,832,0.18508636079717677,300.293 304.321,90.0,90.0,-17.4167492732596,1.9841031075262237,19.400852380785825,19.401426631245496,19.550124704271717,304.321,90.0
d35_r0-35-70-95_svd1e-6_ac+0mm,0_60,split-discrete,symmetric_depth_rings,0.0,35.0,0 35 70 95,35.0,35.0,0 35 70 95,0 35 70 95,14,1e-06,1e-06,2.273556035883198,2.2317976400053006,2.314561165894869,832,0.18508636079717677,300.293 304.321,0.0,60.0,-2.69651179161757,-0.2680805856111476,2.4284312060064224,3.219070083721636,5.9162280090700605,304.321,60.0
d35_r0-35-70-95_svd1e-6_ac+0mm,70_90,split-discrete,symmetric_depth_rings,0.0,35.0,0 35 70 95,35.0,35.0,0 35 70 95,0 35 70 95,14,1e-06,1e-06,2.273556035883198,2.2317976400053006,2.314561165894869,832,0.18508636079717677,300.293 304.321,70.0,90.0,-23.58416110268448,-13.66989764850259,9.914263454181892,16.19442452394537,22.855162737897636,300.293,75.0
d35_r0-35-70-95_svd1e-6_ac+0mm,80_90,split-discrete,symmetric_depth_rings,0.0,35.0,0 35 70 95,35.0,35.0,0 35 70 95,0 35 70 95,14,1e-06,1e-06,2.273556035883198,2.2317976400053006,2.314561165894869,832,0.18508636079717677,300.293 304.321,80.0,90.0,-17.4167492732596,-20.307026307162072,-2.8902770339024713,2.8906962890015824,2.9395081474736102,300.293,90.0
d35_r0-35-70-95_svd1e-6_ac+0mm,90,split-discrete,symmetric_depth_rings,0.0,35.0,0 35 70 95,35.0,35.0,0 35 70 95,0 35 70 95,14,1e-06,1e-06,2.273556035883198,2.2317976400053006,2.314561165894869,832,0.18508636079717677,300.293 304.321,90.0,90.0,-17.4167492732596,-20.307026307162072,-2.8902770339024713,2.8906962890015824,2.9395081474736102,300.293,90.0
d35_r0-35-70-95_svd1e-6_ac+20mm,0_60,split-discrete,symmetric_depth_rings,20.0,35.0,0 35 70 95,35.0,35.0,0 35 70 95,0 35 70 95,14,1e-06,1e-06,2.316525198822732,1.9571739865643814,2.6271749046984065,832,0.18508636079717677,300.293 304.321,0.0,60.0,-2.69651179161757,-5.428666198160537,-2.732154406542967,3.433464308266805,6.300862861881981,304.321,45.0
d35_r0-35-70-95_svd1e-6_ac+20mm,70_90,split-discrete,symmetric_depth_rings,20.0,35.0,0 35 70 95,35.0,35.0,0 35 70 95,0 35 70 95,14,1e-06,1e-06,2.316525198822732,1.9571739865643814,2.6271749046984065,832,0.18508636079717677,300.293 304.321,70.0,90.0,-23.58416110268448,-2.582425003391611,21.00173609929287,21.373294398468445,25.17892107568936,300.293,75.0
d35_r0-35-70-95_svd1e-6_ac+20mm,80_90,split-discrete,symmetric_depth_rings,20.0,35.0,0 35 70 95,35.0,35.0,0 35 70 95,0 35 70 95,14,1e-06,1e-06,2.316525198822732,1.9571739865643814,2.6271749046984065,832,0.18508636079717677,300.293 304.321,80.0,90.0,-17.4167492732596,-0.37991145575454155,17.03683781750506,17.036945997682142,17.09755114361227,300.293,90.0
d35_r0-35-70-95_svd1e-6_ac+20mm,90,split-discrete,symmetric_depth_rings,20.0,35.0,0 35 70 95,35.0,35.0,0 35 70 95,0 35 70 95,14,1e-06,1e-06,2.316525198822732,1.9571739865643814,2.6271749046984065,832,0.18508636079717677,300.293 304.321,90.0,90.0,-17.4167492732596,-0.37991145575454155,17.03683781750506,17.036945997682142,17.09755114361227,300.293,90.0
d55_r0-35-70-95_svd1e-6_ac-20mm,0_60,split-discrete,symmetric_depth_rings,-20.0,55.0,0 35 70 95,55.0,55.0,0 35 70 95,0 35 70 95,14,1e-06,1e-06,2.577355012556186,2.8157280285617756,2.314561165894869,832,0.18508636079717677,300.293 304.321,0.0,60.0,-2.69651179161757,-2.0162203441902733,0.6802914474272967,1.2033010180114503,2.6533263648886347,300.293,60.0
d55_r0-35-70-95_svd1e-6_ac-20mm,70_90,split-discrete,symmetric_depth_rings,-20.0,55.0,0 35 70 95,55.0,55.0,0 35 70 95,0 35 70 95,14,1e-06,1e-06,2.577355012556186,2.8157280285617756,2.314561165894869,832,0.18508636079717677,300.293 304.321,70.0,90.0,-23.58416110268448,-11.521094733326533,12.063066369357948,13.132820347105257,17.49875168313529,300.293,75.0
d55_r0-35-70-95_svd1e-6_ac-20mm,80_90,split-discrete,symmetric_depth_rings,-20.0,55.0,0 35 70 95,55.0,55.0,0 35 70 95,0 35 70 95,14,1e-06,1e-06,2.577355012556186,2.8157280285617756,2.314561165894869,832,0.18508636079717677,300.293 304.321,80.0,90.0,-17.4167492732596,-10.542297292269925,6.874451980989676,6.874620537164221,6.922592307818633,304.321,90.0
d55_r0-35-70-95_svd1e-6_ac-20mm,90,split-discrete,symmetric_depth_rings,-20.0,55.0,0 35 70 95,55.0,55.0,0 35 70 95,0 35 70 95,14,1e-06,1e-06,2.577355012556186,2.8157280285617756,2.314561165894869,832,0.18508636079717677,300.293 304.321,90.0,90.0,-17.4167492732596,-10.542297292269925,6.874451980989676,6.874620537164221,6.922592307818633,304.321,90.0
d55_r0-35-70-95_svd1e-6_ac+0mm,0_60,split-discrete,symmetric_depth_rings,0.0,55.0,0 35 70 95,55.0,55.0,0 35 70 95,0 35 70 95,14,1e-06,1e-06,2.579729422027614,2.5313948332634224,2.627174904698412,832,0.18508636079717677,300.293 304.321,0.0,60.0,-2.69651179161757,-2.725142208807532,-0.028630417189962287,0.34973111026987513,0.638095860716632,304.321,45.0
d55_r0-35-70-95_svd1e-6_ac+0mm,70_90,split-discrete,symmetric_depth_rings,0.0,55.0,0 35 70 95,55.0,55.0,0 35 70 95,0 35 70 95,14,1e-06,1e-06,2.579729422027614,2.5313948332634224,2.627174904698412,832,0.18508636079717677,300.293 304.321,70.0,90.0,-23.58416110268448,-16.42684426207127,7.157316840613211,11.851567604199,16.818432246642452,300.293,75.0
d55_r0-35-70-95_svd1e-6_ac+0mm,80_90,split-discrete,symmetric_depth_rings,0.0,55.0,0 35 70 95,55.0,55.0,0 35 70 95,0 35 70 95,14,1e-06,1e-06,2.579729422027614,2.5313948332634224,2.627174904698412,832,0.18508636079717677,300.293 304.321,80.0,90.0,-17.4167492732596,-19.70448439216828,-2.287735118908678,2.287788487859475,2.3033617274415192,300.293,90.0
d55_r0-35-70-95_svd1e-6_ac+0mm,90,split-discrete,symmetric_depth_rings,0.0,55.0,0 35 70 95,55.0,55.0,0 35 70 95,0 35 70 95,14,1e-06,1e-06,2.579729422027614,2.5313948332634224,2.627174904698412,832,0.18508636079717677,300.293 304.321,90.0,90.0,-17.4167492732596,-19.70448439216828,-2.287735118908678,2.287788487859475,2.3033617274415192,300.293,90.0
d55_r0-35-70-95_svd1e-6_ac+20mm,0_60,split-discrete,symmetric_depth_rings,20.0,55.0,0 35 70 95,55.0,55.0,0 35 70 95,0 35 70 95,14,1e-06,1e-06,2.6059999086314067,2.2317976400053006,2.932839978866998,832,0.18508636079717677,300.293 304.321,0.0,60.0,-2.69651179161757,-2.193553528398413,0.5029582632191569,0.9203273643571817,2.0653560097191743,300.293,60.0
d55_r0-35-70-95_svd1e-6_ac+20mm,70_90,split-discrete,symmetric_depth_rings,20.0,55.0,0 35 70 95,55.0,55.0,0 35 70 95,0 35 70 95,14,1e-06,1e-06,2.6059999086314067,2.2317976400053006,2.932839978866998,832,0.18508636079717677,300.293 304.321,70.0,90.0,-23.58416110268448,-15.760716066400835,7.823445036283646,14.74574870649331,20.503380136825946,300.293,75.0
d55_r0-35-70-95_svd1e-6_ac+20mm,80_90,split-discrete,symmetric_depth_rings,20.0,55.0,0 35 70 95,55.0,55.0,0 35 70 95,0 35 70 95,14,1e-06,1e-06,2.6059999086314067,2.2317976400053006,2.932839978866998,832,0.18508636079717677,300.293 304.321,80.0,90.0,-17.4167492732596,-22.09165033613434,-4.6749010628747385,4.676113804447491,4.7813922102862705,304.321,90.0
d55_r0-35-70-95_svd1e-6_ac+20mm,90,split-discrete,symmetric_depth_rings,20.0,55.0,0 35 70 95,55.0,55.0,0 35 70 95,0 35 70 95,14,1e-06,1e-06,2.6059999086314067,2.2317976400053006,2.932839978866998,832,0.18508636079717677,300.293 304.321,90.0,90.0,-17.4167492732596,-22.09165033613434,-4.6749010628747385,4.676113804447491,4.7813922102862705,304.321,90.0
d65_r0-35-70-95_svd1e-6_ac-20mm,0_60,split-discrete,symmetric_depth_rings,-20.0,65.0,0 35 70 95,65.0,65.0,0 35 70 95,0 35 70 95,14,1e-06,1e-06,2.716109768735566,2.9421987043494195,2.469407081824732,832,0.18508636079717677,300.293 304.321,0.0,60.0,-2.69651179161757,-3.5601885059241596,-0.8636767143065895,1.1264182560691383,1.9982524064709821,304.321,45.0
d65_r0-35-70-95_svd1e-6_ac-20mm,70_90,split-discrete,symmetric_depth_rings,-20.0,65.0,0 35 70 95,65.0,65.0,0 35 70 95,0 35 70 95,14,1e-06,1e-06,2.716109768735566,2.9421987043494195,2.469407081824732,832,0.18508636079717677,300.293 304.321,70.0,90.0,-23.58416110268448,-15.583134939077409,8.001026163607072,8.011743872166521,8.713881565236079,300.293,75.0
d65_r0-35-70-95_svd1e-6_ac-20mm,80_90,split-discrete,symmetric_depth_rings,-20.0,65.0,0 35 70 95,65.0,65.0,0 35 70 95,0 35 70 95,14,1e-06,1e-06,2.716109768735566,2.9421987043494195,2.469407081824732,832,0.18508636079717677,300.293 304.321,80.0,90.0,-17.4167492732596,-9.689930474701324,7.726818798558277,7.726847849712694,7.748007164613924,304.321,90.0
d65_r0-35-70-95_svd1e-6_ac-20mm,90,split-discrete,symmetric_depth_rings,-20.0,65.0,0 35 70 95,65.0,65.0,0 35 70 95,0 35 70 95,14,1e-06,1e-06,2.716109768735566,2.9421987043494195,2.469407081824732,832,0.18508636079717677,300.293 304.321,90.0,90.0,-17.4167492732596,-9.689930474701324,7.726818798558277,7.726847849712694,7.748007164613924,304.321,90.0
d65_r0-35-70-95_svd1e-6_ac+0mm,0_60,split-discrete,symmetric_depth_rings,0.0,65.0,0 35 70 95,65.0,65.0,0 35 70 95,0 35 70 95,14,1e-06,1e-06,2.7309324216831476,2.6777547256611594,2.783094215580868,832,0.18508636079717677,300.293 304.321,0.0,60.0,-2.69651179161757,-3.291704550914358,-0.5951927592967877,0.921347298399478,1.4809255249075548,304.321,45.0
d65_r0-35-70-95_svd1e-6_ac+0mm,70_90,split-discrete,symmetric_depth_rings,0.0,65.0,0 35 70 95,65.0,65.0,0 35 70 95,0 35 70 95,14,1e-06,1e-06,2.7309324216831476,2.6777547256611594,2.783094215580868,832,0.18508636079717677,300.293 304.321,70.0,90.0,-23.58416110268448,-17.82032350715273,5.763837595531751,10.197619605460206,14.411372644910571,300.293,75.0
d65_r0-35-70-95_svd1e-6_ac+0mm,80_90,split-discrete,symmetric_depth_rings,0.0,65.0,0 35 70 95,65.0,65.0,0 35 70 95,0 35 70 95,14,1e-06,1e-06,2.7309324216831476,2.6777547256611594,2.783094215580868,832,0.18508636079717677,300.293 304.321,80.0,90.0,-17.4167492732596,-20.063705937870086,-2.646956664610485,2.647009027214799,2.6636061640255235,300.293,90.0
d65_r0-35-70-95_svd1e-6_ac+0mm,90,split-discrete,symmetric_depth_rings,0.0,65.0,0 35 70 95,65.0,65.0,0 35 70 95,0 35 70 95,14,1e-06,1e-06,2.7309324216831476,2.6777547256611594,2.783094215580868,832,0.18508636079717677,300.293 304.321,90.0,90.0,-17.4167492732596,-20.063705937870086,-2.646956664610485,2.647009027214799,2.6636061640255235,300.293,90.0
d65_r0-35-70-95_svd1e-6_ac+20mm,0_60,split-discrete,symmetric_depth_rings,20.0,65.0,0 35 70 95,65.0,65.0,0 35 70 95,0 35 70 95,14,1e-06,1e-06,2.748836977744031,2.381049086860318,3.0729163194573843,832,0.18508636079717677,300.293 304.321,0.0,60.0,-2.69651179161757,-2.4742935508008754,0.2222182408166944,0.4409777210183002,0.9554306864313702,300.293,60.0
d65_r0-35-70-95_svd1e-6_ac+20mm,70_90,split-discrete,symmetric_depth_rings,20.0,65.0,0 35 70 95,65.0,65.0,0 35 70 95,0 35 70 95,14,1e-06,1e-06,2.748836977744031,2.381049086860318,3.0729163194573843,832,0.18508636079717677,300.293 304.321,70.0,90.0,-23.58416110268448,-17.03882443154698,6.5453366711375,14.346867976001624,19.501625402073373,300.293,75.0
d65_r0-35-70-95_svd1e-6_ac+20mm,80_90,split-discrete,symmetric_depth_rings,20.0,65.0,0 35 70 95,65.0,65.0,0 35 70 95,0 35 70 95,14,1e-06,1e-06,2.748836977744031,2.381049086860318,3.0729163194573843,832,0.18508636079717677,300.293 304.321,80.0,90.0,-17.4167492732596,-23.6374572215193,-6.220707948259697,6.220900358569744,6.2696353813805885,304.321,90.0
d65_r0-35-70-95_svd1e-6_ac+20mm,90,split-discrete,symmetric_depth_rings,20.0,65.0,0 35 70 95,65.0,65.0,0 35 70 95,0 35 70 95,14,1e-06,1e-06,2.748836977744031,2.381049086860318,3.0729163194573843,832,0.18508636079717677,300.293 304.321,90.0,90.0,-17.4167492732596,-23.6374572215193,-6.220707948259697,6.220900358569744,6.2696353813805885,304.321,90.0
d45_r0-30-60-90_svd1e-6_ac-20mm,0_60,split-discrete,symmetric_depth_rings,-20.0,45.0,0 30 60 90,45.0,45.0,0 30 60 90,0 30 60 90,14,1e-06,1e-06,2.458439991712706,2.696381312094161,2.1948535726772556,832,0.18508636079717677,300.293 304.321,0.0,60.0,-2.69651179161757,0.32433161823513146,3.0208434098527013,3.9944100935682494,7.366942975186454,304.321,60.0
d45_r0-30-60-90_svd1e-6_ac-20mm,70_90,split-discrete,symmetric_depth_rings,-20.0,45.0,0 30 60 90,45.0,45.0,0 30 60 90,0 30 60 90,14,1e-06,1e-06,2.458439991712706,2.696381312094161,2.1948535726772556,832,0.18508636079717677,300.293 304.321,70.0,90.0,-23.58416110268448,-6.5522221872290505,17.03193891545543,19.269902904480205,26.17503037597664,300.293,75.0
d45_r0-30-60-90_svd1e-6_ac-20mm,80_90,split-discrete,symmetric_depth_rings,-20.0,45.0,0 30 60 90,45.0,45.0,0 30 60 90,0 30 60 90,14,1e-06,1e-06,2.458439991712706,2.696381312094161,2.1948535726772556,832,0.18508636079717677,300.293 304.321,80.0,90.0,-17.4167492732596,-9.39766832711733,8.019080946142271,8.019346006072146,8.084281746162205,304.321,90.0
d45_r0-30-60-90_svd1e-6_ac-20mm,90,split-discrete,symmetric_depth_rings,-20.0,45.0,0 30 60 90,45.0,45.0,0 30 60 90,0 30 60 90,14,1e-06,1e-06,2.458439991712706,2.696381312094161,2.1948535726772556,832,0.18508636079717677,300.293 304.321,90.0,90.0,-17.4167492732596,-9.39766832711733,8.019080946142271,8.019346006072146,8.084281746162205,304.321,90.0
d45_r0-30-60-90_svd1e-6_ac+0mm,0_60,split-discrete,symmetric_depth_rings,0.0,45.0,0 30 60 90,45.0,45.0,0 30 60 90,0 30 60 90,14,1e-06,1e-06,2.45130095555324,2.406499159274231,2.4952984883185567,832,0.18508636079717677,300.293 304.321,0.0,60.0,-2.69651179161757,-1.5178681801644203,1.1786436114531498,1.6430182982945125,3.2981179608667546,300.293,60.0
d45_r0-30-60-90_svd1e-6_ac+0mm,70_90,split-discrete,symmetric_depth_rings,0.0,45.0,0 30 60 90,45.0,45.0,0 30 60 90,0 30 60 90,14,1e-06,1e-06,2.45130095555324,2.406499159274231,2.4952984883185567,832,0.18508636079717677,300.293 304.321,70.0,90.0,-23.58416110268448,-15.224225139556582,8.3599359631279,14.166607871186592,19.985633594190666,300.293,75.0
d45_r0-30-60-90_svd1e-6_ac+0mm,80_90,split-discrete,symmetric_depth_rings,0.0,45.0,0 30 60 90,45.0,45.0,0 30 60 90,0 30 60 90,14,1e-06,1e-06,2.45130095555324,2.406499159274231,2.4952984883185567,832,0.18508636079717677,300.293 304.321,80.0,90.0,-17.4167492732596,-20.49291088568467,-3.076161612425068,3.0767946155544355,3.1385702700550127,300.293,90.0
d45_r0-30-60-90_svd1e-6_ac+0mm,90,split-discrete,symmetric_depth_rings,0.0,45.0,0 30 60 90,45.0,45.0,0 30 60 90,0 30 60 90,14,1e-06,1e-06,2.45130095555324,2.406499159274231,2.4952984883185567,832,0.18508636079717677,300.293 304.321,90.0,90.0,-17.4167492732596,-20.49291088568467,-3.076161612425068,3.0767946155544355,3.1385702700550127,300.293,90.0
d45_r0-30-60-90_svd1e-6_ac+20mm,0_60,split-discrete,symmetric_depth_rings,20.0,45.0,0 30 60 90,45.0,45.0,0 30 60 90,0 30 60 90,14,1e-06,1e-06,2.4830771958015156,2.115722140275102,2.802688806444408,832,0.18508636079717677,300.293 304.321,0.0,60.0,-2.69651179161757,-2.639177863869341,0.05733392774822903,0.47424207334979446,1.0170207044101716,300.293,60.0
d45_r0-30-60-90_svd1e-6_ac+20mm,70_90,split-discrete,symmetric_depth_rings,20.0,45.0,0 30 60 90,45.0,45.0,0 30 60 90,0 30 60 90,14,1e-06,1e-06,2.4830771958015156,2.115722140275102,2.802688806444408,832,0.18508636079717677,300.293 304.321,70.0,90.0,-23.58416110268448,-10.30785859615894,13.276302506525541,14.353474080128882,18.902437373014422,300.293,75.0
d45_r0-30-60-90_svd1e-6_ac+20mm,80_90,split-discrete,symmetric_depth_rings,20.0,45.0,0 30 60 90,45.0,45.0,0 30 60 90,0 30 60 90,14,1e-06,1e-06,2.4830771958015156,2.115722140275102,2.802688806444408,832,0.18508636079717677,300.293 304.321,80.0,90.0,-17.4167492732596,-9.594547167223357,7.822202106036244,7.822202210455926,7.82348022329645,304.321,90.0
d45_r0-30-60-90_svd1e-6_ac+20mm,90,split-discrete,symmetric_depth_rings,20.0,45.0,0 30 60 90,45.0,45.0,0 30 60 90,0 30 60 90,14,1e-06,1e-06,2.4830771958015156,2.115722140275102,2.802688806444408,832,0.18508636079717677,300.293 304.321,90.0,90.0,-17.4167492732596,-9.594547167223357,7.822202106036244,7.822202210455926,7.82348022329645,304.321,90.0
d45_r0-25-50-75-95_svd1e-6_ac-20mm,0_60,split-discrete,symmetric_depth_rings,-20.0,45.0,0 25 50 75 95,45.0,45.0,0 25 50 75 95,0 25 50 75 95,18,1e-06,1e-06,2.4210728263110153,2.6664174158627136,2.1478839412284887,832,0.18508636079717677,300.293 304.321,0.0,60.0,-2.69651179161757,0.32389522260656206,3.020407014224132,4.056054021667366,7.507860769485788,304.321,60.0
d45_r0-25-50-75-95_svd1e-6_ac-20mm,70_90,split-discrete,symmetric_depth_rings,-20.0,45.0,0 25 50 75 95,45.0,45.0,0 25 50 75 95,0 25 50 75 95,18,1e-06,1e-06,2.4210728263110153,2.6664174158627136,2.1478839412284887,832,0.18508636079717677,300.293 304.321,70.0,90.0,-23.58416110268448,-6.912016774276905,16.672144328407576,18.89005758291419,25.70013673355279,300.293,75.0
d45_r0-25-50-75-95_svd1e-6_ac-20mm,80_90,split-discrete,symmetric_depth_rings,-20.0,45.0,0 25 50 75 95,45.0,45.0,0 25 50 75 95,0 25 50 75 95,18,1e-06,1e-06,2.4210728263110153,2.6664174158627136,2.1478839412284887,832,0.18508636079717677,300.293 304.321,80.0,90.0,-17.4167492732596,-9.624979989460822,7.791769283798779,7.792016027840212,7.853779010202182,304.321,90.0
d45_r0-25-50-75-95_svd1e-6_ac-20mm,90,split-discrete,symmetric_depth_rings,-20.0,45.0,0 25 50 75 95,45.0,45.0,0 25 50 75 95,0 25 50 75 95,18,1e-06,1e-06,2.4210728263110153,2.6664174158627136,2.1478839412284887,832,0.18508636079717677,300.293 304.321,90.0,90.0,-17.4167492732596,-9.624979989460822,7.791769283798779,7.792016027840212,7.853779010202182,304.321,90.0
d45_r0-25-50-75-95_svd1e-6_ac+0mm,0_60,split-discrete,symmetric_depth_rings,0.0,45.0,0 25 50 75 95,45.0,45.0,0 25 50 75 95,0 25 50 75 95,18,1e-06,1e-06,2.40916829251958,2.36537394692067,2.4521806243815623,832,0.18508636079717677,300.293 304.321,0.0,60.0,-2.69651179161757,-1.6823988317179173,1.0141129598996528,1.5841530568287836,3.342569160986308,300.293,60.0
d45_r0-25-50-75-95_svd1e-6_ac+0mm,70_90,split-discrete,symmetric_depth_rings,0.0,45.0,0 25 50 75 95,45.0,45.0,0 25 50 75 95,0 25 50 75 95,18,1e-06,1e-06,2.40916829251958,2.36537394692067,2.4521806243815623,832,0.18508636079717677,300.293 304.321,70.0,90.0,-23.58416110268448,-14.410296581395427,9.173864521289055,14.24327333649728,20.239767075702282,300.293,75.0
d45_r0-25-50-75-95_svd1e-6_ac+0mm,80_90,split-discrete,symmetric_depth_rings,0.0,45.0,0 25 50 75 95,45.0,45.0,0 25 50 75 95,0 25 50 75 95,18,1e-06,1e-06,2.40916829251958,2.36537394692067,2.4521806243815623,832,0.18508636079717677,300.293 304.321,80.0,90.0,-17.4167492732596,-19.13767077730104,-1.7209215040414385,1.7209459745995337,1.7300988902756558,300.293,90.0
d45_r0-25-50-75-95_svd1e-6_ac+0mm,90,split-discrete,symmetric_depth_rings,0.0,45.0,0 25 50 75 95,45.0,45.0,0 25 50 75 95,0 25 50 75 95,18,1e-06,1e-06,2.40916829251958,2.36537394692067,2.4521806243815623,832,0.18508636079717677,300.293 304.321,90.0,90.0,-17.4167492732596,-19.13767077730104,-1.7209215040414385,1.7209459745995337,1.7300988902756558,300.293,90.0
d45_r0-25-50-75-95_svd1e-6_ac+20mm,0_60,split-discrete,symmetric_depth_rings,20.0,45.0,0 25 50 75 95,45.0,45.0,0 25 50 75 95,0 25 50 75 95,18,1e-06,1e-06,2.4458639764862613,2.0710425917679083,2.7704302492626733,832,0.18508636079717677,300.293 304.321,0.0,60.0,-2.69651179161757,-2.1013278494978893,0.5951839421196808,1.288845305792274,2.8252546236272664,300.293,60.0
d45_r0-25-50-75-95_svd1e-6_ac+20mm,70_90,split-discrete,symmetric_depth_rings,20.0,45.0,0 25 50 75 95,45.0,45.0,0 25 50 75 95,0 25 50 75 95,18,1e-06,1e-06,2.4458639764862613,2.0710425917679083,2.7704302492626733,832,0.18508636079717677,300.293 304.321,70.0,90.0,-23.58416110268448,-10.355398366902495,13.228762735781986,15.234596540164416,20.93726512609473,300.293,75.0
d45_r0-25-50-75-95_svd1e-6_ac+20mm,80_90,split-discrete,symmetric_depth_rings,20.0,45.0,0 25 50 75 95,45.0,45.0,0 25 50 75 95,0 25 50 75 95,18,1e-06,1e-06,2.4458639764862613,2.0710425917679083,2.7704302492626733,832,0.18508636079717677,300.293 304.321,80.0,90.0,-17.4167492732596,-11.743101975456756,5.6736472978028445,5.673864995246964,5.723349656130338,300.293,90.0
d45_r0-25-50-75-95_svd1e-6_ac+20mm,90,split-discrete,symmetric_depth_rings,20.0,45.0,0 25 50 75 95,45.0,45.0,0 25 50 75 95,0 25 50 75 95,18,1e-06,1e-06,2.4458639764862613,2.0710425917679083,2.7704302492626733,832,0.18508636079717677,300.293 304.321,90.0,90.0,-17.4167492732596,-11.743101975456756,5.6736472978028445,5.673864995246964,5.723349656130338,300.293,90.0
d45_r0-20-40-60-80-95_svd1e-6_ac-20mm,0_60,split-discrete,symmetric_depth_rings,-20.0,45.0,0 20 40 60 80 95,45.0,45.0,0 20 40 60 80 95,0 20 40 60 80 95,22,1e-06,1e-06,2.410900667316056,2.658768905457818,2.1344394961442785,832,0.18508636079717677,300.293 304.321,0.0,60.0,-2.69651179161757,0.5155931914699735,3.2121049830875434,4.32728229383331,8.006258030412368,300.293,60.0
d45_r0-20-40-60-80-95_svd1e-6_ac-20mm,70_90,split-discrete,symmetric_depth_rings,-20.0,45.0,0 20 40 60 80 95,45.0,45.0,0 20 40 60 80 95,0 20 40 60 80 95,22,1e-06,1e-06,2.410900667316056,2.658768905457818,2.1344394961442785,832,0.18508636079717677,300.293 304.321,70.0,90.0,-23.58416110268448,-6.179700907026453,17.40446019565803,19.52347300615816,26.40000071685924,300.293,75.0
d45_r0-20-40-60-80-95_svd1e-6_ac-20mm,80_90,split-discrete,symmetric_depth_rings,-20.0,45.0,0 20 40 60 80 95,45.0,45.0,0 20 40 60 80 95,0 20 40 60 80 95,22,1e-06,1e-06,2.410900667316056,2.658768905457818,2.1344394961442785,832,0.18508636079717677,300.293 304.321,80.0,90.0,-17.4167492732596,-8.857502649775846,8.559246623483755,8.559440713922001,8.616888392432259,304.321,90.0
d45_r0-20-40-60-80-95_svd1e-6_ac-20mm,90,split-discrete,symmetric_depth_rings,-20.0,45.0,0 20 40 60 80 95,45.0,45.0,0 20 40 60 80 95,0 20 40 60 80 95,22,1e-06,1e-06,2.410900667316056,2.658768905457818,2.1344394961442785,832,0.18508636079717677,300.293 304.321,90.0,90.0,-17.4167492732596,-8.857502649775846,8.559246623483755,8.559440713922001,8.616888392432259,304.321,90.0
d45_r0-20-40-60-80-95_svd1e-6_ac+0mm,0_60,split-discrete,symmetric_depth_rings,0.0,45.0,0 20 40 60 80 95,45.0,45.0,0 20 40 60 80 95,0 20 40 60 80 95,22,1e-06,1e-06,2.3979618276857346,2.3547651949166215,2.440393970424674,832,0.18508636079717677,300.293 304.321,0.0,60.0,-2.69651179161757,-1.71005105913014,0.9864607324874299,1.6268261313039225,3.4747935265453194,300.293,60.0
d45_r0-20-40-60-80-95_svd1e-6_ac+0mm,70_90,split-discrete,symmetric_depth_rings,0.0,45.0,0 20 40 60 80 95,45.0,45.0,0 20 40 60 80 95,0 20 40 60 80 95,22,1e-06,1e-06,2.3979618276857346,2.3547651949166215,2.440393970424674,832,0.18508636079717677,300.293 304.321,70.0,90.0,-23.58416110268448,-14.086111838280853,9.498049264403628,14.381744007990212,20.468949189009336,300.293,75.0
d45_r0-20-40-60-80-95_svd1e-6_ac+0mm,80_90,split-discrete,symmetric_depth_rings,0.0,45.0,0 20 40 60 80 95,45.0,45.0,0 20 40 60 80 95,0 20 40 60 80 95,22,1e-06,1e-06,2.3979618276857346,2.3547651949166215,2.440393970424674,832,0.18508636079717677,300.293 304.321,80.0,90.0,-17.4167492732596,-18.71715939099779,-1.3004101177381884,1.3004316370903755,1.3078913228353102,300.293,90.0
d45_r0-20-40-60-80-95_svd1e-6_ac+0mm,90,split-discrete,symmetric_depth_rings,0.0,45.0,0 20 40 60 80 95,45.0,45.0,0 20 40 60 80 95,0 20 40 60 80 95,22,1e-06,1e-06,2.3979618276857346,2.3547651949166215,2.440393970424674,832,0.18508636079717677,300.293 304.321,90.0,90.0,-17.4167492732596,-18.71715939099779,-1.3004101177381884,1.3004316370903755,1.3078913228353102,300.293,90.0
d45_r0-20-40-60-80-95_svd1e-6_ac+20mm,0_60,split-discrete,symmetric_depth_rings,20.0,45.0,0 20 40 60 80 95,45.0,45.0,0 20 40 60 80 95,0 20 40 60 80 95,22,1e-06,1e-06,2.4358912347857857,2.0590172119486434,2.7618074401217174,832,0.18508636079717677,300.293 304.321,0.0,60.0,-2.69651179161757,-2.2883442845251167,0.40816750709245325,1.225596421182672,2.6711508944349376,300.293,60.0
d45_r0-20-40-60-80-95_svd1e-6_ac+20mm,70_90,split-discrete,symmetric_depth_rings,20.0,45.0,0 20 40 60 80 95,45.0,45.0,0 20 40 60 80 95,0 20 40 60 80 95,22,1e-06,1e-06,2.4358912347857857,2.0590172119486434,2.7618074401217174,832,0.18508636079717677,300.293 304.321,70.0,90.0,-23.58416110268448,-10.017906942301897,13.566254160382584,15.36191092243245,20.939439277843576,300.293,75.0
d45_r0-20-40-60-80-95_svd1e-6_ac+20mm,80_90,split-discrete,symmetric_depth_rings,20.0,45.0,0 20 40 60 80 95,45.0,45.0,0 20 40 60 80 95,0 20 40 60 80 95,22,1e-06,1e-06,2.4358912347857857,2.0590172119486434,2.7618074401217174,832,0.18508636079717677,300.293 304.321,80.0,90.0,-17.4167492732596,-11.05662226189185,6.3601270113677515,6.36057236022627,6.435394195084811,300.293,90.0
d45_r0-20-40-60-80-95_svd1e-6_ac+20mm,90,split-discrete,symmetric_depth_rings,20.0,45.0,0 20 40 60 80 95,45.0,45.0,0 20 40 60 80 95,0 20 40 60 80 95,22,1e-06,1e-06,2.4358912347857857,2.0590172119486434,2.7618074401217174,832,0.18508636079717677,300.293 304.321,90.0,90.0,-17.4167492732596,-11.05662226189185,6.3601270113677515,6.36057236022627,6.435394195084811,300.293,90.0
d45_r0-35-70-95-110_svd1e-6_ac-20mm,0_60,split-discrete,symmetric_depth_rings,-20.0,45.0,0 35 70 95 110,45.0,45.0,0 35 70 95 110,0 35 70 95 110,18,1e-06,1e-06,2.3561868126130823,2.6158331785795537,2.064134049354833,832,0.18508636079717677,300.293 304.321,0.0,60.0,-2.69651179161757,5.093680061701602,7.790191853319172,10.080798417769575,17.347717828504685,300.293,60.0
d45_r0-35-70-95-110_svd1e-6_ac-20mm,70_90,split-discrete,symmetric_depth_rings,-20.0,45.0,0 35 70 95 110,45.0,45.0,0 35 70 95 110,0 35 70 95 110,18,1e-06,1e-06,2.3561868126130823,2.6158331785795537,2.064134049354833,832,0.18508636079717677,300.293 304.321,70.0,90.0,-23.58416110268448,10.380899903403362,33.96506100608784,34.35607822803942,39.319110198642996,300.293,75.0
d45_r0-35-70-95-110_svd1e-6_ac-20mm,80_90,split-discrete,symmetric_depth_rings,-20.0,45.0,0 35 70 95 110,45.0,45.0,0 35 70 95 110,0 35 70 95 110,18,1e-06,1e-06,2.3561868126130823,2.6158331785795537,2.064134049354833,832,0.18508636079717677,300.293 304.321,80.0,90.0,-17.4167492732596,11.381540840899664,28.798290114159265,28.798348590949235,28.856325159988835,300.293,90.0
d45_r0-35-70-95-110_svd1e-6_ac-20mm,90,split-discrete,symmetric_depth_rings,-20.0,45.0,0 35 70 95 110,45.0,45.0,0 35 70 95 110,0 35 70 95 110,18,1e-06,1e-06,2.3561868126130823,2.6158331785795537,2.064134049354833,832,0.18508636079717677,300.293 304.321,90.0,90.0,-17.4167492732596,11.381540840899664,28.798290114159265,28.798348590949235,28.856325159988835,300.293,90.0
d45_r0-35-70-95-110_svd1e-6_ac+0mm,0_60,split-discrete,symmetric_depth_rings,0.0,45.0,0 35 70 95 110,45.0,45.0,0 35 70 95 110,0 35 70 95 110,18,1e-06,1e-06,2.3353522173707946,2.2952261526111704,2.374800384606483,832,0.18508636079717677,300.293 304.321,0.0,60.0,-2.69651179161757,-4.101435132051753,-1.4049233404341834,1.805532059113217,3.3153848924178035,304.321,45.0
d45_r0-35-70-95-110_svd1e-6_ac+0mm,70_90,split-discrete,symmetric_depth_rings,0.0,45.0,0 35 70 95 110,45.0,45.0,0 35 70 95 110,0 35 70 95 110,18,1e-06,1e-06,2.3353522173707946,2.2952261526111704,2.374800384606483,832,0.18508636079717677,300.293 304.321,70.0,90.0,-23.58416110268448,-14.934850295271513,8.649310807412968,11.722744736132503,16.73124932411031,300.293,75.0
d45_r0-35-70-95-110_svd1e-6_ac+0mm,80_90,split-discrete,symmetric_depth_rings,0.0,45.0,0 35 70 95 110,45.0,45.0,0 35 70 95 110,0 35 70 95 110,18,1e-06,1e-06,2.3353522173707946,2.2952261526111704,2.374800384606483,832,0.18508636079717677,300.293 304.321,80.0,90.0,-17.4167492732596,-16.679274981165783,0.7374742920938182,0.7382092934490515,0.770408004840327,300.293,90.0
d45_r0-35-70-95-110_svd1e-6_ac+0mm,90,split-discrete,symmetric_depth_rings,0.0,45.0,0 35 70 95 110,45.0,45.0,0 35 70 95 110,0 35 70 95 110,18,1e-06,1e-06,2.3353522173707946,2.2952261526111704,2.374800384606483,832,0.18508636079717677,300.293 304.321,90.0,90.0,-17.4167492732596,-16.679274981165783,0.7374742920938182,0.7382092934490515,0.770408004840327,300.293,90.0
d45_r0-35-70-95-110_svd1e-6_ac+20mm,0_60,split-discrete,symmetric_depth_rings,20.0,45.0,0 35 70 95 110,45.0,45.0,0 35 70 95 110,0 35 70 95 110,18,1e-06,1e-06,2.382060101695962,1.9961072253755114,2.7136647915664214,832,0.18508636079717677,300.293 304.321,0.0,60.0,-2.69651179161757,-0.7723145022405774,1.9241972893769925,3.02458455229341,6.165588869478711,300.293,60.0
d45_r0-35-70-95-110_svd1e-6_ac+20mm,70_90,split-discrete,symmetric_depth_rings,20.0,45.0,0 35 70 95 110,45.0,45.0,0 35 70 95 110,0 35 70 95 110,18,1e-06,1e-06,2.382060101695962,1.9961072253755114,2.7136647915664214,832,0.18508636079717677,300.293 304.321,70.0,90.0,-23.58416110268448,-4.469648689133507,19.114512413550976,20.536734586925547,26.801596343239382,300.293,75.0
d45_r0-35-70-95-110_svd1e-6_ac+20mm,80_90,split-discrete,symmetric_depth_rings,20.0,45.0,0 35 70 95 110,45.0,45.0,0 35 70 95 110,0 35 70 95 110,18,1e-06,1e-06,2.382060101695962,1.9961072253755114,2.7136647915664214,832,0.18508636079717677,300.293 304.321,80.0,90.0,-17.4167492732596,-5.810677611180282,11.60607166207932,11.606092640313364,11.628138610563617,300.293,90.0
d45_r0-35-70-95-110_svd1e-6_ac+20mm,90,split-discrete,symmetric_depth_rings,20.0,45.0,0 35 70 95 110,45.0,45.0,0 35 70 95 110,0 35 70 95 110,18,1e-06,1e-06,2.382060101695962,1.9961072253755114,2.7136647915664214,832,0.18508636079717677,300.293 304.321,90.0,90.0,-17.4167492732596,-5.810677611180282,11.60607166207932,11.606092640313364,11.628138610563617,300.293,90.0
d35_r0-25-50-75-95_svd1e-6_ac-20mm,0_60,split-discrete,symmetric_depth_rings,-20.0,35.0,0 25 50 75 95,35.0,35.0,0 25 50 75 95,0 25 50 75 95,18,1e-06,1e-06,2.2796423622045743,2.517724393081358,2.0136043503127445,832,0.18508636079717677,300.293 304.321,0.0,60.0,-2.69651179161757,5.134576764800395,7.831088556417964,9.54063701525541,15.761395378008139,304.321,60.0
d35_r0-25-50-75-95_svd1e-6_ac-20mm,70_90,split-discrete,symmetric_depth_rings,-20.0,35.0,0 25 50 75 95,35.0,35.0,0 25 50 75 95,0 25 50 75 95,18,1e-06,1e-06,2.2796423622045743,2.517724393081358,2.0136043503127445,832,0.18508636079717677,300.293 304.321,70.0,90.0,-23.58416110268448,5.177950113920254,28.762111216604733,29.752572447053712,36.37651742424877,300.293,75.0
d35_r0-25-50-75-95_svd1e-6_ac-20mm,80_90,split-discrete,symmetric_depth_rings,-20.0,35.0,0 25 50 75 95,35.0,35.0,0 25 50 75 95,0 25 50 75 95,18,1e-06,1e-06,2.2796423622045743,2.517724393081358,2.0136043503127445,832,0.18508636079717677,300.293 304.321,80.0,90.0,-17.4167492732596,3.7332603560932256,21.150009629352827,21.15059743891022,21.307695079278986,304.321,90.0
d35_r0-25-50-75-95_svd1e-6_ac-20mm,90,split-discrete,symmetric_depth_rings,-20.0,35.0,0 25 50 75 95,35.0,35.0,0 25 50 75 95,0 25 50 75 95,18,1e-06,1e-06,2.2796423622045743,2.517724393081358,2.0136043503127445,832,0.18508636079717677,300.293 304.321,90.0,90.0,-17.4167492732596,3.7332603560932256,21.150009629352827,21.15059743891022,21.307695079278986,304.321,90.0
d35_r0-25-50-75-95_svd1e-6_ac+0mm,0_60,split-discrete,symmetric_depth_rings,0.0,35.0,0 25 50 75 95,35.0,35.0,0 25 50 75 95,0 25 50 75 95,18,1e-06,1e-06,2.2555710402977596,2.214680961666704,2.2957329273438756,832,0.18508636079717677,300.293 304.321,0.0,60.0,-2.69651179161757,-0.08614834791330779,2.610363443704262,3.5006951052457578,6.462747899908919,304.321,60.0
d35_r0-25-50-75-95_svd1e-6_ac+0mm,70_90,split-discrete,symmetric_depth_rings,0.0,35.0,0 25 50 75 95,35.0,35.0,0 25 50 75 95,0 25 50 75 95,18,1e-06,1e-06,2.2555710402977596,2.214680961666704,2.2957329273438756,832,0.18508636079717677,300.293 304.321,70.0,90.0,-23.58416110268448,-13.00315330889046,10.581007793794022,16.610405912814375,23.51755973428223,300.293,75.0
d35_r0-25-50-75-95_svd1e-6_ac+0mm,80_90,split-discrete,symmetric_depth_rings,0.0,35.0,0 25 50 75 95,35.0,35.0,0 25 50 75 95,0 25 50 75 95,18,1e-06,1e-06,2.2555710402977596,2.214680961666704,2.2957329273438756,832,0.18508636079717677,300.293 304.321,80.0,90.0,-17.4167492732596,-19.639594561101067,-2.2228452878414657,2.2230254219380665,2.251144632425941,300.293,90.0
d35_r0-25-50-75-95_svd1e-6_ac+0mm,90,split-discrete,symmetric_depth_rings,0.0,35.0,0 25 50 75 95,35.0,35.0,0 25 50 75 95,0 25 50 75 95,18,1e-06,1e-06,2.2555710402977596,2.214680961666704,2.2957329273438756,832,0.18508636079717677,300.293 304.321,90.0,90.0,-17.4167492732596,-19.639594561101067,-2.2228452878414657,2.2230254219380665,2.251144632425941,300.293,90.0
d35_r0-25-50-75-95_svd1e-6_ac+20mm,0_60,split-discrete,symmetric_depth_rings,20.0,35.0,0 25 50 75 95,35.0,35.0,0 25 50 75 95,0 25 50 75 95,18,1e-06,1e-06,2.300545910890421,1.9395912385471175,2.6120889731363537,832,0.18508636079717677,300.293 304.321,0.0,60.0,-2.69651179161757,-6.008475990177067,-3.3119641985594974,4.176942194945183,7.677101949690993,304.321,45.0
d35_r0-25-50-75-95_svd1e-6_ac+20mm,70_90,split-discrete,symmetric_depth_rings,20.0,35.0,0 25 50 75 95,35.0,35.0,0 25 50 75 95,0 25 50 75 95,18,1e-06,1e-06,2.300545910890421,1.9395912385471175,2.6120889731363537,832,0.18508636079717677,300.293 304.321,70.0,90.0,-23.58416110268448,-2.5516923505736937,21.032468752110788,21.399699919861174,25.18103411742561,300.293,75.0
d35_r0-25-50-75-95_svd1e-6_ac+20mm,80_90,split-discrete,symmetric_depth_rings,20.0,35.0,0 25 50 75 95,35.0,35.0,0 25 50 75 95,0 25 50 75 95,18,1e-06,1e-06,2.300545910890421,1.9395912385471175,2.6120889731363537,832,0.18508636079717677,300.293 304.321,80.0,90.0,-17.4167492732596,-0.32888322652951985,17.08786604673008,17.0879669346862,17.146585123171377,300.293,90.0
d35_r0-25-50-75-95_svd1e-6_ac+20mm,90,split-discrete,symmetric_depth_rings,20.0,35.0,0 25 50 75 95,35.0,35.0,0 25 50 75 95,0 25 50 75 95,18,1e-06,1e-06,2.300545910890421,1.9395912385471175,2.6120889731363537,832,0.18508636079717677,300.293 304.321,90.0,90.0,-17.4167492732596,-0.32888322652951985,17.08786604673008,17.0879669346862,17.146585123171377,300.293,90.0
d55_r0-25-50-75-95_svd1e-6_ac-20mm,0_60,split-discrete,symmetric_depth_rings,-20.0,55.0,0 25 50 75 95,55.0,55.0,0 25 50 75 95,0 25 50 75 95,18,1e-06,1e-06,2.5640332767363865,2.8068030951123353,2.2957329273438756,832,0.18508636079717677,300.293 304.321,0.0,60.0,-2.69651179161757,-2.032363449785847,0.6641483418317229,1.2747050808264315,2.824244092264834,300.293,60.0
d55_r0-25-50-75-95_svd1e-6_ac-20mm,70_90,split-discrete,symmetric_depth_rings,-20.0,55.0,0 25 50 75 95,55.0,55.0,0 25 50 75 95,0 25 50 75 95,18,1e-06,1e-06,2.5640332767363865,2.8068030951123353,2.2957329273438756,832,0.18508636079717677,300.293 304.321,70.0,90.0,-23.58416110268448,-11.154250616250579,12.429910486433903,13.397871690509048,17.66964039098925,300.293,75.0
d55_r0-25-50-75-95_svd1e-6_ac-20mm,80_90,split-discrete,symmetric_depth_rings,-20.0,55.0,0 25 50 75 95,55.0,55.0,0 25 50 75 95,0 25 50 75 95,18,1e-06,1e-06,2.5640332767363865,2.8068030951123353,2.2957329273438756,832,0.18508636079717677,300.293 304.321,80.0,90.0,-17.4167492732596,-9.983793599345628,7.432955673913973,7.433125707096142,7.483232180590512,304.321,90.0
d55_r0-25-50-75-95_svd1e-6_ac-20mm,90,split-discrete,symmetric_depth_rings,-20.0,55.0,0 25 50 75 95,55.0,55.0,0 25 50 75 95,0 25 50 75 95,18,1e-06,1e-06,2.5640332767363865,2.8068030951123353,2.2957329273438756,832,0.18508636079717677,300.293 304.321,90.0,90.0,-17.4167492732596,-9.983793599345628,7.432955673913973,7.433125707096142,7.483232180590512,304.321,90.0
d55_r0-25-50-75-95_svd1e-6_ac+0mm,0_60,split-discrete,symmetric_depth_rings,0.0,55.0,0 25 50 75 95,55.0,55.0,0 25 50 75 95,0 25 50 75 95,18,1e-06,1e-06,2.565340613164011,2.517724393081358,2.6120889731363506,832,0.18508636079717677,300.293 304.321,0.0,60.0,-2.69651179161757,-2.8760436447114044,-0.17953185309383457,0.43642536921492253,0.9064420720341602,304.321,45.0
d55_r0-25-50-75-95_svd1e-6_ac+0mm,70_90,split-discrete,symmetric_depth_rings,0.0,55.0,0 25 50 75 95,55.0,55.0,0 25 50 75 95,0 25 50 75 95,18,1e-06,1e-06,2.565340613164011,2.517724393081358,2.6120889731363506,832,0.18508636079717677,300.293 304.321,70.0,90.0,-23.58416110268448,-16.20181059395088,7.3823505087336,11.740403212743221,16.7144420689688,300.293,75.0
d55_r0-25-50-75-95_svd1e-6_ac+0mm,80_90,split-discrete,symmetric_depth_rings,0.0,55.0,0 25 50 75 95,55.0,55.0,0 25 50 75 95,0 25 50 75 95,18,1e-06,1e-06,2.565340613164011,2.517724393081358,2.6120889731363506,832,0.18508636079717677,300.293 304.321,80.0,90.0,-17.4167492732596,-19.16221853479833,-1.7454692615387302,1.7454757487966854,1.7502281123232777,300.293,90.0
d55_r0-25-50-75-95_svd1e-6_ac+0mm,90,split-discrete,symmetric_depth_rings,0.0,55.0,0 25 50 75 95,55.0,55.0,0 25 50 75 95,0 25 50 75 95,18,1e-06,1e-06,2.565340613164011,2.517724393081358,2.6120889731363506,832,0.18508636079717677,300.293 304.321,90.0,90.0,-17.4167492732596,-19.16221853479833,-1.7454692615387302,1.7454757487966854,1.7502281123232777,300.293,90.0
d55_r0-25-50-75-95_svd1e-6_ac+20mm,0_60,split-discrete,symmetric_depth_rings,20.0,55.0,0 25 50 75 95,55.0,55.0,0 25 50 75 95,0 25 50 75 95,18,1e-06,1e-06,2.5929427957721822,2.214680961666704,2.9226516936379476,832,0.18508636079717677,300.293 304.321,0.0,60.0,-2.69651179161757,-2.361598707446901,0.3349130841706689,0.8514411763652141,1.9205777250058134,300.293,60.0
d55_r0-25-50-75-95_svd1e-6_ac+20mm,70_90,split-discrete,symmetric_depth_rings,20.0,55.0,0 25 50 75 95,55.0,55.0,0 25 50 75 95,0 25 50 75 95,18,1e-06,1e-06,2.5929427957721822,2.214680961666704,2.9226516936379476,832,0.18508636079717677,300.293 304.321,70.0,90.0,-23.58416110268448,-15.940478827622032,7.643682275062449,14.80476073417933,20.49478517305795,300.293,75.0
d55_r0-25-50-75-95_svd1e-6_ac+20mm,80_90,split-discrete,symmetric_depth_rings,20.0,55.0,0 25 50 75 95,55.0,55.0,0 25 50 75 95,0 25 50 75 95,18,1e-06,1e-06,2.5929427957721822,2.214680961666704,2.9226516936379476,832,0.18508636079717677,300.293 304.321,80.0,90.0,-17.4167492732596,-22.451156901955365,-5.034407628695764,5.035625364195777,5.145144418705918,304.321,90.0
d55_r0-25-50-75-95_svd1e-6_ac+20mm,90,split-discrete,symmetric_depth_rings,20.0,55.0,0 25 50 75 95,55.0,55.0,0 25 50 75 95,0 25 50 75 95,18,1e-06,1e-06,2.5929427957721822,2.214680961666704,2.9226516936379476,832,0.18508636079717677,300.293 304.321,90.0,90.0,-17.4167492732596,-22.451156901955365,-5.034407628695764,5.035625364195777,5.145144418705918,304.321,90.0
d65_r0-25-50-75-95_svd1e-6_ac-20mm,0_60,split-discrete,symmetric_depth_rings,-20.0,65.0,0 25 50 75 95,65.0,65.0,0 25 50 75 95,0 25 50 75 95,18,1e-06,1e-06,2.7046896749975144,2.935558321935364,2.4521806243815623,832,0.18508636079717677,300.293 304.321,0.0,60.0,-2.69651179161757,-3.8103128969154896,-1.1138011052979195,1.4341773166739091,2.482071837361744,304.321,45.0
d65_r0-25-50-75-95_svd1e-6_ac-20mm,70_90,split-discrete,symmetric_depth_rings,-20.0,65.0,0 25 50 75 95,65.0,65.0,0 25 50 75 95,0 25 50 75 95,18,1e-06,1e-06,2.7046896749975144,2.935558321935364,2.4521806243815623,832,0.18508636079717677,300.293 304.321,70.0,90.0,-23.58416110268448,-16.308374800233537,7.275786302450946,7.360907020790827,8.357832912757495,304.321,90.0
d65_r0-25-50-75-95_svd1e-6_ac-20mm,80_90,split-discrete,symmetric_depth_rings,-20.0,65.0,0 25 50 75 95,65.0,65.0,0 25 50 75 95,0 25 50 75 95,18,1e-06,1e-06,2.7046896749975144,2.935558321935364,2.4521806243815623,832,0.18508636079717677,300.293 304.321,80.0,90.0,-17.4167492732596,-9.08176918261049,8.334980090649111,8.335011419488001,8.357832912757495,304.321,90.0
d65_r0-25-50-75-95_svd1e-6_ac-20mm,90,split-discrete,symmetric_depth_rings,-20.0,65.0,0 25 50 75 95,65.0,65.0,0 25 50 75 95,0 25 50 75 95,18,1e-06,1e-06,2.7046896749975144,2.935558321935364,2.4521806243815623,832,0.18508636079717677,300.293 304.321,90.0,90.0,-17.4167492732596,-9.08176918261049,8.334980090649111,8.335011419488001,8.357832912757495,304.321,90.0
d65_r0-25-50-75-95_svd1e-6_ac+0mm,0_60,split-discrete,symmetric_depth_rings,0.0,65.0,0 25 50 75 95,65.0,65.0,0 25 50 75 95,0 25 50 75 95,18,1e-06,1e-06,2.718921256826467,2.6664174158627136,2.7704302492626733,832,0.18508636079717677,300.293 304.321,0.0,60.0,-2.69651179161757,-3.485733388918952,-0.7892215973013819,1.1500998513474299,1.8668186177219468,304.321,60.0
d65_r0-25-50-75-95_svd1e-6_ac+0mm,70_90,split-discrete,symmetric_depth_rings,0.0,65.0,0 25 50 75 95,65.0,65.0,0 25 50 75 95,0 25 50 75 95,18,1e-06,1e-06,2.718921256826467,2.6664174158627136,2.7704302492626733,832,0.18508636079717677,300.293 304.321,70.0,90.0,-23.58416110268448,-17.779435897591654,5.8047252050928275,9.83368464471985,13.967096944219271,300.293,75.0
d65_r0-25-50-75-95_svd1e-6_ac+0mm,80_90,split-discrete,symmetric_depth_rings,0.0,65.0,0 25 50 75 95,65.0,65.0,0 25 50 75 95,0 25 50 75 95,18,1e-06,1e-06,2.718921256826467,2.6664174158627136,2.7704302492626733,832,0.18508636079717677,300.293 304.321,80.0,90.0,-17.4167492732596,-19.54807300793158,-2.13132373467198,2.1313402530095913,2.139714927845205,300.293,90.0
d65_r0-25-50-75-95_svd1e-6_ac+0mm,90,split-discrete,symmetric_depth_rings,0.0,65.0,0 25 50 75 95,65.0,65.0,0 25 50 75 95,0 25 50 75 95,18,1e-06,1e-06,2.718921256826467,2.6664174158627136,2.7704302492626733,832,0.18508636079717677,300.293 304.321,90.0,90.0,-17.4167492732596,-19.54807300793158,-2.13132373467198,2.1313402530095913,2.139714927845205,300.293,90.0
d65_r0-25-50-75-95_svd1e-6_ac+20mm,0_60,split-discrete,symmetric_depth_rings,20.0,65.0,0 25 50 75 95,65.0,65.0,0 25 50 75 95,0 25 50 75 95,18,1e-06,1e-06,2.73768027662908,2.36537394692067,3.065092606319862,832,0.18508636079717677,300.293 304.321,0.0,60.0,-2.69651179161757,-2.6189505785407627,0.07756121307680744,0.3921531725441385,0.7846938433879913,300.293,60.0
d65_r0-25-50-75-95_svd1e-6_ac+20mm,70_90,split-discrete,symmetric_depth_rings,20.0,65.0,0 25 50 75 95,65.0,65.0,0 25 50 75 95,0 25 50 75 95,18,1e-06,1e-06,2.73768027662908,2.36537394692067,3.065092606319862,832,0.18508636079717677,300.293 304.321,70.0,90.0,-23.58416110268448,-16.911028187855877,6.6731329148286065,14.284257854639982,19.483297642201556,300.293,75.0
d65_r0-25-50-75-95_svd1e-6_ac+20mm,80_90,split-discrete,symmetric_depth_rings,20.0,65.0,0 25 50 75 95,65.0,65.0,0 25 50 75 95,0 25 50 75 95,18,1e-06,1e-06,2.73768027662908,2.36537394692067,3.065092606319862,832,0.18508636079717677,300.293 304.321,80.0,90.0,-17.4167492732596,-23.37266692926984,-5.955917656010239,5.955917667632556,5.956289735453055,300.293,90.0
d65_r0-25-50-75-95_svd1e-6_ac+20mm,90,split-discrete,symmetric_depth_rings,20.0,65.0,0 25 50 75 95,65.0,65.0,0 25 50 75 95,0 25 50 75 95,18,1e-06,1e-06,2.73768027662908,2.36537394692067,3.065092606319862,832,0.18508636079717677,300.293 304.321,90.0,90.0,-17.4167492732596,-23.37266692926984,-5.955917656010239,5.955917667632556,5.956289735453055,300.293,90.0
asym_f45r35_r0-35-70-95_svd1e-6_ac-20mm,0_60,split-discrete,asymmetric_depth_rings,-20.0,nan,0 35 70 95,45.0,35.0,0 35 70 95,0 35 70 95,14,1e-06,1e-06,2.3773655679493846,2.6777547256611594,2.0330675632014614,832,0.18508636079717677,300.293 304.321,0.0,60.0,-2.69651179161757,4.091206129625122,6.787717921242691,8.374485323900752,14.150363573681503,304.321,60.0
asym_f45r35_r0-35-70-95_svd1e-6_ac-20mm,70_90,split-discrete,asymmetric_depth_rings,-20.0,nan,0 35 70 95,45.0,35.0,0 35 70 95,0 35 70 95,14,1e-06,1e-06,2.3773655679493846,2.6777547256611594,2.0330675632014614,832,0.18508636079717677,300.293 304.321,70.0,90.0,-23.58416110268448,3.484527067302917,27.0686881699874,28.122644009718147,34.70742786289271,300.293,75.0
asym_f45r35_r0-35-70-95_svd1e-6_ac-20mm,80_90,split-discrete,asymmetric_depth_rings,-20.0,nan,0 35 70 95,45.0,35.0,0 35 70 95,0 35 70 95,14,1e-06,1e-06,2.3773655679493846,2.6777547256611594,2.0330675632014614,832,0.18508636079717677,300.293 304.321,80.0,90.0,-17.4167492732596,2.0257604619817506,19.44250973524135,19.44305237582868,19.587771169430297,304.321,90.0
asym_f45r35_r0-35-70-95_svd1e-6_ac-20mm,90,split-discrete,asymmetric_depth_rings,-20.0,nan,0 35 70 95,45.0,35.0,0 35 70 95,0 35 70 95,14,1e-06,1e-06,2.3773655679493846,2.6777547256611594,2.0330675632014614,832,0.18508636079717677,300.293 304.321,90.0,90.0,-17.4167492732596,2.0257604619817506,19.44250973524135,19.44305237582868,19.587771169430297,304.321,90.0
asym_f45r35_r0-35-70-95_svd1e-6_ac+0mm,0_60,split-discrete,asymmetric_depth_rings,0.0,nan,0 35 70 95,45.0,35.0,0 35 70 95,0 35 70 95,14,1e-06,1e-06,2.3480404750245434,2.381049086860318,2.314561165894869,832,0.18508636079717677,300.293 304.321,0.0,60.0,-2.69651179161757,-0.7178727970893277,1.9786389945282423,2.6862074924022497,5.102525179483209,300.293,60.0
asym_f45r35_r0-35-70-95_svd1e-6_ac+0mm,70_90,split-discrete,asymmetric_depth_rings,0.0,nan,0 35 70 95,45.0,35.0,0 35 70 95,0 35 70 95,14,1e-06,1e-06,2.3480404750245434,2.381049086860318,2.314561165894869,832,0.18508636079717677,300.293 304.321,70.0,90.0,-23.58416110268448,-12.65117269475848,10.932988407926,15.485917248920343,22.060628978694773,300.293,75.0
asym_f45r35_r0-35-70-95_svd1e-6_ac+0mm,80_90,split-discrete,asymmetric_depth_rings,0.0,nan,0 35 70 95,45.0,35.0,0 35 70 95,0 35 70 95,14,1e-06,1e-06,2.3480404750245434,2.381049086860318,2.314561165894869,832,0.18508636079717677,300.293 304.321,80.0,90.0,-17.4167492732596,-17.450429219950166,-0.03367994669056529,0.07992314600841363,0.10616008506517716,300.293,90.0
asym_f45r35_r0-35-70-95_svd1e-6_ac+0mm,90,split-discrete,asymmetric_depth_rings,0.0,nan,0 35 70 95,45.0,35.0,0 35 70 95,0 35 70 95,14,1e-06,1e-06,2.3480404750245434,2.381049086860318,2.314561165894869,832,0.18508636079717677,300.293 304.321,90.0,90.0,-17.4167492732596,-17.450429219950166,-0.03367994669056529,0.07992314600841363,0.10616008506517716,300.293,90.0
asym_f45r35_r0-35-70-95_svd1e-6_ac+20mm,0_60,split-discrete,asymmetric_depth_rings,20.0,nan,0 35 70 95,45.0,35.0,0 35 70 95,0 35 70 95,14,1e-06,1e-06,2.3733213658312833,2.088841935414323,2.6271749046984065,832,0.18508636079717677,300.293 304.321,0.0,60.0,-2.69651179161757,-1.5551358928366248,1.1413758987809453,1.7536947357262906,3.5975783313492045,300.293,60.0
asym_f45r35_r0-35-70-95_svd1e-6_ac+20mm,70_90,split-discrete,asymmetric_depth_rings,20.0,nan,0 35 70 95,45.0,35.0,0 35 70 95,0 35 70 95,14,1e-06,1e-06,2.3733213658312833,2.088841935414323,2.6271749046984065,832,0.18508636079717677,300.293 304.321,70.0,90.0,-23.58416110268448,-10.006826329798116,13.577334772886365,15.453185526098792,21.10043999004889,300.293,75.0
asym_f45r35_r0-35-70-95_svd1e-6_ac+20mm,80_90,split-discrete,asymmetric_depth_rings,20.0,nan,0 35 70 95,45.0,35.0,0 35 70 95,0 35 70 95,14,1e-06,1e-06,2.3733213658312833,2.088841935414323,2.6271749046984065,832,0.18508636079717677,300.293 304.321,80.0,90.0,-17.4167492732596,-11.218193636754009,6.198555636505592,6.198576095546864,6.214481509472428,300.293,90.0
asym_f45r35_r0-35-70-95_svd1e-6_ac+20mm,90,split-discrete,asymmetric_depth_rings,20.0,nan,0 35 70 95,45.0,35.0,0 35 70 95,0 35 70 95,14,1e-06,1e-06,2.3733213658312833,2.088841935414323,2.6271749046984065,832,0.18508636079717677,300.293 304.321,90.0,90.0,-17.4167492732596,-11.218193636754009,6.198555636505592,6.198576095546864,6.214481509472428,300.293,90.0
asym_f45r55_r0-35-70-95_svd1e-6_ac-20mm,0_60,split-discrete,asymmetric_depth_rings,-20.0,nan,0 35 70 95,45.0,55.0,0 35 70 95,0 35 70 95,14,1e-06,1e-06,2.50275485829808,2.6777547256611594,2.314561165894869,832,0.18508636079717677,300.293 304.321,0.0,60.0,-2.69651179161757,-1.6394175751293383,1.0570942164882318,1.5990942574361573,3.3425759501588033,300.293,60.0
asym_f45r55_r0-35-70-95_svd1e-6_ac-20mm,70_90,split-discrete,asymmetric_depth_rings,-20.0,nan,0 35 70 95,45.0,55.0,0 35 70 95,0 35 70 95,14,1e-06,1e-06,2.50275485829808,2.6777547256611594,2.314561165894869,832,0.18508636079717677,300.293 304.321,70.0,90.0,-23.58416110268448,-11.49266768373357,12.091493418950911,13.913335752633508,19.18672330866032,300.293,75.0
asym_f45r55_r0-35-70-95_svd1e-6_ac-20mm,80_90,split-discrete,asymmetric_depth_rings,-20.0,nan,0 35 70 95,45.0,55.0,0 35 70 95,0 35 70 95,14,1e-06,1e-06,2.50275485829808,2.6777547256611594,2.314561165894869,832,0.18508636079717677,300.293 304.321,80.0,90.0,-17.4167492732596,-12.206553538752068,5.210195734507533,5.210494630026225,5.266005210868045,304.321,90.0
asym_f45r55_r0-35-70-95_svd1e-6_ac-20mm,90,split-discrete,asymmetric_depth_rings,-20.0,nan,0 35 70 95,45.0,55.0,0 35 70 95,0 35 70 95,14,1e-06,1e-06,2.50275485829808,2.6777547256611594,2.314561165894869,832,0.18508636079717677,300.293 304.321,90.0,90.0,-17.4167492732596,-12.206553538752068,5.210195734507533,5.210494630026225,5.266005210868045,304.321,90.0
asym_f45r55_r0-35-70-95_svd1e-6_ac+0mm,0_60,split-discrete,asymmetric_depth_rings,0.0,nan,0 35 70 95,45.0,55.0,0 35 70 95,0 35 70 95,14,1e-06,1e-06,2.5071340943311617,2.381049086860318,2.627174904698412,832,0.18508636079717677,300.293 304.321,0.0,60.0,-2.69651179161757,-2.2100397720551896,0.48647201956238034,0.8406469504403913,1.8845193097564206,300.293,60.0
asym_f45r55_r0-35-70-95_svd1e-6_ac+0mm,70_90,split-discrete,asymmetric_depth_rings,0.0,nan,0 35 70 95,45.0,55.0,0 35 70 95,0 35 70 95,14,1e-06,1e-06,2.5071340943311617,2.381049086860318,2.627174904698412,832,0.18508636079717677,300.293 304.321,70.0,90.0,-23.58416110268448,-17.35172902566991,6.232432077014568,14.12726641002417,19.09911262892696,300.293,75.0
asym_f45r55_r0-35-70-95_svd1e-6_ac+0mm,80_90,split-discrete,asymmetric_depth_rings,0.0,nan,0 35 70 95,45.0,55.0,0 35 70 95,0 35 70 95,14,1e-06,1e-06,2.5071340943311617,2.381049086860318,2.627174904698412,832,0.18508636079717677,300.293 304.321,80.0,90.0,-17.4167492732596,-23.861762916419995,-6.445013643160394,6.445155103906356,6.487715550454396,304.321,90.0
asym_f45r55_r0-35-70-95_svd1e-6_ac+0mm,90,split-discrete,asymmetric_depth_rings,0.0,nan,0 35 70 95,45.0,55.0,0 35 70 95,0 35 70 95,14,1e-06,1e-06,2.5071340943311617,2.381049086860318,2.627174904698412,832,0.18508636079717677,300.293 304.321,90.0,90.0,-17.4167492732596,-23.861762916419995,-6.445013643160394,6.445155103906356,6.487715550454396,304.321,90.0
asym_f45r55_r0-35-70-95_svd1e-6_ac+20mm,0_60,split-discrete,asymmetric_depth_rings,20.0,nan,0 35 70 95,45.0,55.0,0 35 70 95,0 35 70 95,14,1e-06,1e-06,2.5460568505815053,2.088841935414323,2.932839978866998,832,0.18508636079717677,300.293 304.321,0.0,60.0,-2.69651179161757,-2.1863618919234122,0.5101498996941579,1.0535740172459835,2.3496522011461494,300.293,60.0
asym_f45r55_r0-35-70-95_svd1e-6_ac+20mm,70_90,split-discrete,asymmetric_depth_rings,20.0,nan,0 35 70 95,45.0,55.0,0 35 70 95,0 35 70 95,14,1e-06,1e-06,2.5460568505815053,2.088841935414323,2.932839978866998,832,0.18508636079717677,300.293 304.321,70.0,90.0,-23.58416110268448,-11.620930378414743,11.963230724269739,14.612140859662112,20.525084828773622,300.293,75.0
asym_f45r55_r0-35-70-95_svd1e-6_ac+20mm,80_90,split-discrete,asymmetric_depth_rings,20.0,nan,0 35 70 95,45.0,55.0,0 35 70 95,0 35 70 95,14,1e-06,1e-06,2.5460568505815053,2.088841935414323,2.932839978866998,832,0.18508636079717677,300.293 304.321,80.0,90.0,-17.4167492732596,-13.842764940976181,3.5739843322834197,3.5743814590872933,3.6272647945528647,300.293,90.0
asym_f45r55_r0-35-70-95_svd1e-6_ac+20mm,90,split-discrete,asymmetric_depth_rings,20.0,nan,0 35 70 95,45.0,55.0,0 35 70 95,0 35 70 95,14,1e-06,1e-06,2.5460568505815053,2.088841935414323,2.932839978866998,832,0.18508636079717677,300.293 304.321,90.0,90.0,-17.4167492732596,-13.842764940976181,3.5739843322834197,3.5743814590872933,3.6272647945528647,300.293,90.0
asym_f35r55_r0-35-70-95_svd1e-6_ac-20mm,0_60,split-discrete,asymmetric_depth_rings,-20.0,nan,0 35 70 95,35.0,55.0,0 35 70 95,0 35 70 95,14,1e-06,1e-06,2.425402357603926,2.5313948332634224,2.314561165894869,832,0.18508636079717677,300.293 304.321,0.0,60.0,-2.69651179161757,-1.1950214694446948,1.501490322172875,2.114971472100969,4.193392334672303,300.293,60.0
asym_f35r55_r0-35-70-95_svd1e-6_ac-20mm,70_90,split-discrete,asymmetric_depth_rings,-20.0,nan,0 35 70 95,35.0,55.0,0 35 70 95,0 35 70 95,14,1e-06,1e-06,2.425402357603926,2.5313948332634224,2.314561165894869,832,0.18508636079717677,300.293 304.321,70.0,90.0,-23.58416110268448,-11.782725029286281,11.8014360733982,14.705327982147281,20.759472125506868,300.293,75.0
asym_f35r55_r0-35-70-95_svd1e-6_ac-20mm,80_90,split-discrete,asymmetric_depth_rings,-20.0,nan,0 35 70 95,35.0,55.0,0 35 70 95,0 35 70 95,14,1e-06,1e-06,2.425402357603926,2.5313948332634224,2.314561165894869,832,0.18508636079717677,300.293 304.321,80.0,90.0,-17.4167492732596,-14.387624036680617,3.0291252365789845,3.0298162227720398,3.0938295246358294,304.321,90.0
asym_f35r55_r0-35-70-95_svd1e-6_ac-20mm,90,split-discrete,asymmetric_depth_rings,-20.0,nan,0 35 70 95,35.0,55.0,0 35 70 95,0 35 70 95,14,1e-06,1e-06,2.425402357603926,2.5313948332634224,2.314561165894869,832,0.18508636079717677,300.293 304.321,90.0,90.0,-17.4167492732596,-14.387624036680617,3.0291252365789845,3.0298162227720398,3.0938295246358294,304.321,90.0
asym_f35r55_r0-35-70-95_svd1e-6_ac+0mm,0_60,split-discrete,asymmetric_depth_rings,0.0,nan,0 35 70 95,35.0,55.0,0 35 70 95,0 35 70 95,14,1e-06,1e-06,2.4375160190048333,2.2317976400053006,2.627174904698412,832,0.18508636079717677,300.293 304.321,0.0,60.0,-2.69651179161757,-1.7180607776353838,0.9784510139821861,1.5070134084703921,3.17069854262175,300.293,60.0
asym_f35r55_r0-35-70-95_svd1e-6_ac+0mm,70_90,split-discrete,asymmetric_depth_rings,0.0,nan,0 35 70 95,35.0,55.0,0 35 70 95,0 35 70 95,14,1e-06,1e-06,2.4375160190048333,2.2317976400053006,2.627174904698412,832,0.18508636079717677,300.293 304.321,70.0,90.0,-23.58416110268448,-14.410889400306031,9.17327170237845,14.630469958106655,20.735941400858167,300.293,75.0
asym_f35r55_r0-35-70-95_svd1e-6_ac+0mm,80_90,split-discrete,asymmetric_depth_rings,0.0,nan,0 35 70 95,35.0,55.0,0 35 70 95,0 35 70 95,14,1e-06,1e-06,2.4375160190048333,2.2317976400053006,2.627174904698412,832,0.18508636079717677,300.293 304.321,80.0,90.0,-17.4167492732596,-19.640235128913357,-2.223485855653756,2.2243362555207877,2.2849872973598053,304.321,90.0
asym_f35r55_r0-35-70-95_svd1e-6_ac+0mm,90,split-discrete,asymmetric_depth_rings,0.0,nan,0 35 70 95,35.0,55.0,0 35 70 95,0 35 70 95,14,1e-06,1e-06,2.4375160190048333,2.2317976400053006,2.627174904698412,832,0.18508636079717677,300.293 304.321,90.0,90.0,-17.4167492732596,-19.640235128913357,-2.223485855653756,2.2243362555207877,2.2849872973598053,304.321,90.0
asym_f35r55_r0-35-70-95_svd1e-6_ac+20mm,0_60,split-discrete,asymmetric_depth_rings,20.0,nan,0 35 70 95,35.0,55.0,0 35 70 95,0 35 70 95,14,1e-06,1e-06,2.4931987842252856,1.9571739865643814,2.932839978866998,832,0.18508636079717677,300.293 304.321,0.0,60.0,-2.69651179161757,-6.50492439016093,-3.8084125985433603,4.785322850506859,8.220970061950261,304.321,45.0
asym_f35r55_r0-35-70-95_svd1e-6_ac+20mm,70_90,split-discrete,asymmetric_depth_rings,20.0,nan,0 35 70 95,35.0,55.0,0 35 70 95,0 35 70 95,14,1e-06,1e-06,2.4931987842252856,1.9571739865643814,2.932839978866998,832,0.18508636079717677,300.293 304.321,70.0,90.0,-23.58416110268448,-3.9359327140987546,19.64822838858573,20.031321435879434,23.782139656393518,300.293,75.0
asym_f35r55_r0-35-70-95_svd1e-6_ac+20mm,80_90,split-discrete,asymmetric_depth_rings,20.0,nan,0 35 70 95,35.0,55.0,0 35 70 95,0 35 70 95,14,1e-06,1e-06,2.4931987842252856,1.9571739865643814,2.932839978866998,832,0.18508636079717677,300.293 304.321,80.0,90.0,-17.4167492732596,-1.6632734563953413,15.75347581686426,15.753682983853171,15.834267172948103,300.293,90.0
asym_f35r55_r0-35-70-95_svd1e-6_ac+20mm,90,split-discrete,asymmetric_depth_rings,20.0,nan,0 35 70 95,35.0,55.0,0 35 70 95,0 35 70 95,14,1e-06,1e-06,2.4931987842252856,1.9571739865643814,2.932839978866998,832,0.18508636079717677,300.293 304.321,90.0,90.0,-17.4167492732596,-1.6632734563953413,15.75347581686426,15.753682983853171,15.834267172948103,300.293,90.0
asym_f55r35_r0-35-70-95_svd1e-6_ac-20mm,0_60,split-discrete,asymmetric_depth_rings,-20.0,nan,0 35 70 95,55.0,35.0,0 35 70 95,0 35 70 95,14,1e-06,1e-06,2.4557776820561656,2.8157280285617756,2.0330675632014614,832,0.18508636079717677,300.293 304.321,0.0,60.0,-2.69651179161757,4.037421777957445,6.733933569575015,8.332458297640002,14.125391492909124,304.321,60.0
asym_f55r35_r0-35-70-95_svd1e-6_ac-20mm,70_90,split-discrete,asymmetric_depth_rings,-20.0,nan,0 35 70 95,55.0,35.0,0 35 70 95,0 35 70 95,14,1e-06,1e-06,2.4557776820561656,2.8157280285617756,2.0330675632014614,832,0.18508636079717677,300.293 304.321,70.0,90.0,-23.58416110268448,3.386841374842053,26.971002477526532,28.03824668640697,34.648369456423325,300.293,75.0
asym_f55r35_r0-35-70-95_svd1e-6_ac-20mm,80_90,split-discrete,asymmetric_depth_rings,-20.0,nan,0 35 70 95,55.0,35.0,0 35 70 95,0 35 70 95,14,1e-06,1e-06,2.4557776820561656,2.8157280285617756,2.0330675632014614,832,0.18508636079717677,300.293 304.321,80.0,90.0,-17.4167492732596,1.8927730930272944,19.309522366286895,19.31003500364168,19.45022712005538,304.321,90.0
asym_f55r35_r0-35-70-95_svd1e-6_ac-20mm,90,split-discrete,asymmetric_depth_rings,-20.0,nan,0 35 70 95,55.0,35.0,0 35 70 95,0 35 70 95,14,1e-06,1e-06,2.4557776820561656,2.8157280285617756,2.0330675632014614,832,0.18508636079717677,300.293 304.321,90.0,90.0,-17.4167492732596,1.8927730930272944,19.309522366286895,19.31003500364168,19.45022712005538,304.321,90.0
asym_f55r35_r0-35-70-95_svd1e-6_ac+0mm,0_60,split-discrete,asymmetric_depth_rings,0.0,nan,0 35 70 95,55.0,35.0,0 35 70 95,0 35 70 95,14,1e-06,1e-06,2.425402357603926,2.5313948332634224,2.314561165894869,832,0.18508636079717677,300.293 304.321,0.0,60.0,-2.69651179161757,-1.1950214694446992,1.5014903221728708,2.114971472100967,4.193392334672282,300.293,60.0
asym_f55r35_r0-35-70-95_svd1e-6_ac+0mm,70_90,split-discrete,asymmetric_depth_rings,0.0,nan,0 35 70 95,55.0,35.0,0 35 70 95,0 35 70 95,14,1e-06,1e-06,2.425402357603926,2.5313948332634224,2.314561165894869,832,0.18508636079717677,300.293 304.321,70.0,90.0,-23.58416110268448,-11.782725029286276,11.801436073398206,14.705327982147285,20.759472125506846,300.293,75.0
asym_f55r35_r0-35-70-95_svd1e-6_ac+0mm,80_90,split-discrete,asymmetric_depth_rings,0.0,nan,0 35 70 95,55.0,35.0,0 35 70 95,0 35 70 95,14,1e-06,1e-06,2.425402357603926,2.5313948332634224,2.314561165894869,832,0.18508636079717677,300.293 304.321,80.0,90.0,-17.4167492732596,-14.387624036680613,3.029125236578988,3.0298162227720433,3.0938295246358294,304.321,90.0
asym_f55r35_r0-35-70-95_svd1e-6_ac+0mm,90,split-discrete,asymmetric_depth_rings,0.0,nan,0 35 70 95,55.0,35.0,0 35 70 95,0 35 70 95,14,1e-06,1e-06,2.425402357603926,2.5313948332634224,2.314561165894869,832,0.18508636079717677,300.293 304.321,90.0,90.0,-17.4167492732596,-14.387624036680613,3.029125236578988,3.0298162227720433,3.0938295246358294,304.321,90.0
asym_f55r35_r0-35-70-95_svd1e-6_ac+20mm,0_60,split-discrete,asymmetric_depth_rings,20.0,nan,0 35 70 95,55.0,35.0,0 35 70 95,0 35 70 95,14,1e-06,1e-06,2.43751601900483,2.2317976400053006,2.6271749046984065,832,0.18508636079717677,300.293 304.321,0.0,60.0,-2.69651179161757,-1.7180607776356411,0.9784510139819289,1.5070134084700746,3.1706985426213876,300.293,60.0
asym_f55r35_r0-35-70-95_svd1e-6_ac+20mm,70_90,split-discrete,asymmetric_depth_rings,20.0,nan,0 35 70 95,55.0,35.0,0 35 70 95,0 35 70 95,14,1e-06,1e-06,2.43751601900483,2.2317976400053006,2.6271749046984065,832,0.18508636079717677,300.293 304.321,70.0,90.0,-23.58416110268448,-14.410889400306298,9.173271702378184,14.630469958105822,20.73594140085754,300.293,75.0
asym_f55r35_r0-35-70-95_svd1e-6_ac+20mm,80_90,split-discrete,asymmetric_depth_rings,20.0,nan,0 35 70 95,55.0,35.0,0 35 70 95,0 35 70 95,14,1e-06,1e-06,2.43751601900483,2.2317976400053006,2.6271749046984065,832,0.18508636079717677,300.293 304.321,80.0,90.0,-17.4167492732596,-19.640235128912757,-2.2234858556531556,2.22433625552027,2.2849872973622,304.321,90.0
asym_f55r35_r0-35-70-95_svd1e-6_ac+20mm,90,split-discrete,asymmetric_depth_rings,20.0,nan,0 35 70 95,55.0,35.0,0 35 70 95,0 35 70 95,14,1e-06,1e-06,2.43751601900483,2.2317976400053006,2.6271749046984065,832,0.18508636079717677,300.293 304.321,90.0,90.0,-17.4167492732596,-19.640235128912757,-2.2234858556531556,2.22433625552027,2.2849872973622,304.321,90.0
asym_f45r55_front35_rear25_svd1e-6_ac-20mm,0_60,split-discrete,asymmetric_depth_rings,-20.0,nan,,45.0,55.0,0 35 70 95,0 25 50 75 95,16,1e-06,1e-06,2.4940689690234663,2.6777547256611594,2.2957329273438756,832,0.18508636079717677,300.293 304.321,0.0,60.0,-2.69651179161757,-1.649308160611067,1.047203631006503,1.6568868258882992,3.504082601618073,300.293,60.0
asym_f45r55_front35_rear25_svd1e-6_ac-20mm,70_90,split-discrete,asymmetric_depth_rings,-20.0,nan,,45.0,55.0,0 35 70 95,0 25 50 75 95,16,1e-06,1e-06,2.4940689690234663,2.6777547256611594,2.2957329273438756,832,0.18508636079717677,300.293 304.321,70.0,90.0,-23.58416110268448,-11.318444140288568,12.265716962395913,13.929371366914777,19.08456044875149,300.293,75.0
asym_f45r55_front35_rear25_svd1e-6_ac-20mm,80_90,split-discrete,asymmetric_depth_rings,-20.0,nan,,45.0,55.0,0 35 70 95,0 25 50 75 95,16,1e-06,1e-06,2.4940689690234663,2.6777547256611594,2.2957329273438756,832,0.18508636079717677,300.293 304.321,80.0,90.0,-17.4167492732596,-11.7505667028305,5.6661825704291005,5.6664775842391,5.724003771122767,304.321,90.0
asym_f45r55_front35_rear25_svd1e-6_ac-20mm,90,split-discrete,asymmetric_depth_rings,-20.0,nan,,45.0,55.0,0 35 70 95,0 25 50 75 95,16,1e-06,1e-06,2.4940689690234663,2.6777547256611594,2.2957329273438756,832,0.18508636079717677,300.293 304.321,90.0,90.0,-17.4167492732596,-11.7505667028305,5.6661825704291005,5.6664775842391,5.724003771122767,304.321,90.0
asym_f45r55_front35_rear25_svd1e-6_ac+0mm,0_60,split-discrete,asymmetric_depth_rings,0.0,nan,,45.0,55.0,0 35 70 95,0 25 50 75 95,16,1e-06,1e-06,2.4992402403149314,2.381049086860318,2.6120889731363506,832,0.18508636079717677,300.293 304.321,0.0,60.0,-2.69651179161757,-2.422167446816091,0.27434434480147873,0.6885126583948982,1.5635998043077564,300.293,60.0
asym_f45r55_front35_rear25_svd1e-6_ac+0mm,70_90,split-discrete,asymmetric_depth_rings,0.0,nan,,45.0,55.0,0 35 70 95,0 25 50 75 95,16,1e-06,1e-06,2.4992402403149314,2.381049086860318,2.6120889731363506,832,0.18508636079717677,300.293 304.321,70.0,90.0,-23.58416110268448,-16.05966999452025,7.524491108164231,13.32427791334322,18.706258724921383,300.293,75.0
asym_f45r55_front35_rear25_svd1e-6_ac+0mm,80_90,split-discrete,asymmetric_depth_rings,0.0,nan,,45.0,55.0,0 35 70 95,0 25 50 75 95,16,1e-06,1e-06,2.4992402403149314,2.381049086860318,2.6120889731363506,832,0.18508636079717677,300.293 304.321,80.0,90.0,-17.4167492732596,-20.887745737276997,-3.4709964640173965,3.471088193713867,3.496231267732256,304.321,90.0
asym_f45r55_front35_rear25_svd1e-6_ac+0mm,90,split-discrete,asymmetric_depth_rings,0.0,nan,,45.0,55.0,0 35 70 95,0 25 50 75 95,16,1e-06,1e-06,2.4992402403149314,2.381049086860318,2.6120889731363506,832,0.18508636079717677,300.293 304.321,90.0,90.0,-17.4167492732596,-20.887745737276997,-3.4709964640173965,3.471088193713867,3.496231267732256,304.321,90.0
asym_f45r55_front35_rear25_svd1e-6_ac+20mm,0_60,split-discrete,asymmetric_depth_rings,20.0,nan,,45.0,55.0,0 35 70 95,0 25 50 75 95,16,1e-06,1e-06,2.5401922716076255,2.088841935414323,2.9226516936379476,832,0.18508636079717677,300.293 304.321,0.0,60.0,-2.69651179161757,-2.3789090516324913,0.3176027399850788,0.9425357760346976,2.094758034499577,300.293,60.0
asym_f45r55_front35_rear25_svd1e-6_ac+20mm,70_90,split-discrete,asymmetric_depth_rings,20.0,nan,,45.0,55.0,0 35 70 95,0 25 50 75 95,16,1e-06,1e-06,2.5401922716076255,2.088841935414323,2.9226516936379476,832,0.18508636079717677,300.293 304.321,70.0,90.0,-23.58416110268448,-11.388383830266195,12.195777272418287,14.61227811611513,20.410448463402,300.293,75.0
asym_f45r55_front35_rear25_svd1e-6_ac+20mm,80_90,split-discrete,asymmetric_depth_rings,20.0,nan,,45.0,55.0,0 35 70 95,0 25 50 75 95,16,1e-06,1e-06,2.5401922716076255,2.088841935414323,2.9226516936379476,832,0.18508636079717677,300.293 304.321,80.0,90.0,-17.4167492732596,-13.268757309873784,4.147991963385817,4.148212458238661,4.190761933845394,300.293,90.0
asym_f45r55_front35_rear25_svd1e-6_ac+20mm,90,split-discrete,asymmetric_depth_rings,20.0,nan,,45.0,55.0,0 35 70 95,0 25 50 75 95,16,1e-06,1e-06,2.5401922716076255,2.088841935414323,2.9226516936379476,832,0.18508636079717677,300.293 304.321,90.0,90.0,-17.4167492732596,-13.268757309873784,4.147991963385817,4.148212458238661,4.190761933845394,300.293,90.0
asym_f55r45_front25_rear35_svd1e-6_ac-20mm,0_60,split-discrete,asymmetric_depth_rings,-20.0,nan,,55.0,45.0,0 25 50 75 95,0 35 70 95,16,1e-06,1e-06,2.507619221044277,2.8068030951123353,2.167525017334109,832,0.18508636079717677,300.293 304.321,0.0,60.0,-2.69651179161757,-0.14078928696285614,2.555722504654714,3.49230475380131,6.5921659970951865,300.293,60.0
asym_f55r45_front25_rear35_svd1e-6_ac-20mm,70_90,split-discrete,asymmetric_depth_rings,-20.0,nan,,55.0,45.0,0 25 50 75 95,0 35 70 95,16,1e-06,1e-06,2.507619221044277,2.8068030951123353,2.167525017334109,832,0.18508636079717677,300.293 304.321,70.0,90.0,-23.58416110268448,-7.563071541147584,16.021089561536897,18.037244425991123,24.462490381723008,300.293,75.0
asym_f55r45_front25_rear35_svd1e-6_ac-20mm,80_90,split-discrete,asymmetric_depth_rings,-20.0,nan,,55.0,45.0,0 25 50 75 95,0 35 70 95,16,1e-06,1e-06,2.507619221044277,2.8068030951123353,2.167525017334109,832,0.18508636079717677,300.293 304.321,80.0,90.0,-17.4167492732596,-9.681365148979697,7.7353841242799035,7.73562206937739,7.796057430411814,304.321,90.0
asym_f55r45_front25_rear35_svd1e-6_ac-20mm,90,split-discrete,asymmetric_depth_rings,-20.0,nan,,55.0,45.0,0 25 50 75 95,0 35 70 95,16,1e-06,1e-06,2.507619221044277,2.8068030951123353,2.167525017334109,832,0.18508636079717677,300.293 304.321,90.0,90.0,-17.4167492732596,-9.681365148979697,7.7353841242799035,7.73562206937739,7.796057430411814,304.321,90.0
asym_f55r45_front25_rear35_svd1e-6_ac+0mm,0_60,split-discrete,asymmetric_depth_rings,0.0,nan,,55.0,45.0,0 25 50 75 95,0 35 70 95,16,1e-06,1e-06,2.493682764034254,2.517724393081358,2.469407081824732,832,0.18508636079717677,300.293 304.321,0.0,60.0,-2.69651179161757,-2.11231814783239,0.58419364378518,0.9644831710210703,2.135719943532287,300.293,60.0
asym_f55r45_front25_rear35_svd1e-6_ac+0mm,70_90,split-discrete,asymmetric_depth_rings,0.0,nan,,55.0,45.0,0 25 50 75 95,0 35 70 95,16,1e-06,1e-06,2.493682764034254,2.517724393081358,2.469407081824732,832,0.18508636079717677,300.293 304.321,70.0,90.0,-23.58416110268448,-13.965585025866318,9.618576076818163,12.960652358228035,18.501608005643803,300.293,75.0
asym_f55r45_front25_rear35_svd1e-6_ac+0mm,80_90,split-discrete,asymmetric_depth_rings,0.0,nan,,55.0,45.0,0 25 50 75 95,0 35 70 95,16,1e-06,1e-06,2.493682764034254,2.517724393081358,2.469407081824732,832,0.18508636079717677,300.293 304.321,80.0,90.0,-17.4167492732596,-16.48386201514242,0.9328872581171801,0.933788751932481,0.9739091654135308,304.321,90.0
asym_f55r45_front25_rear35_svd1e-6_ac+0mm,90,split-discrete,asymmetric_depth_rings,0.0,nan,,55.0,45.0,0 25 50 75 95,0 35 70 95,16,1e-06,1e-06,2.493682764034254,2.517724393081358,2.469407081824732,832,0.18508636079717677,300.293 304.321,90.0,90.0,-17.4167492732596,-16.48386201514242,0.9328872581171801,0.933788751932481,0.9739091654135308,304.321,90.0
asym_f55r45_front25_rear35_svd1e-6_ac+20mm,0_60,split-discrete,asymmetric_depth_rings,20.0,nan,,55.0,45.0,0 25 50 75 95,0 35 70 95,16,1e-06,1e-06,2.5149975322819547,2.214680961666704,2.783094215580868,832,0.18508636079717677,300.293 304.321,0.0,60.0,-2.69651179161757,-1.9781078249741142,0.7184039666434557,1.2286042124790917,2.6874573288350874,300.293,60.0
asym_f55r45_front25_rear35_svd1e-6_ac+20mm,70_90,split-discrete,asymmetric_depth_rings,20.0,nan,,55.0,45.0,0 25 50 75 95,0 35 70 95,16,1e-06,1e-06,2.5149975322819547,2.214680961666704,2.783094215580868,832,0.18508636079717677,300.293 304.321,70.0,90.0,-23.58416110268448,-16.13325348478554,7.450907617898938,15.191555460090878,20.859159996017056,300.293,75.0
asym_f55r45_front25_rear35_svd1e-6_ac+20mm,80_90,split-discrete,asymmetric_depth_rings,20.0,nan,,55.0,45.0,0 25 50 75 95,0 35 70 95,16,1e-06,1e-06,2.5149975322819547,2.214680961666704,2.783094215580868,832,0.18508636079717677,300.293 304.321,80.0,90.0,-17.4167492732596,-23.203607309457805,-5.786858036198204,5.789339091430176,5.956331292052454,304.321,90.0
asym_f55r45_front25_rear35_svd1e-6_ac+20mm,90,split-discrete,asymmetric_depth_rings,20.0,nan,,55.0,45.0,0 25 50 75 95,0 35 70 95,16,1e-06,1e-06,2.5149975322819547,2.214680961666704,2.783094215580868,832,0.18508636079717677,300.293 304.321,90.0,90.0,-17.4167492732596,-23.203607309457805,-5.786858036198204,5.789339091430176,5.956331292052454,304.321,90.0
h1659-profile-ring-compact-az24-reg1e-06_ac-20mm,0_60,split-profile-ring,h1659-acoustic-compact,-20.0,nan,,nan,nan,,,146,,1e-06,0.9493290691518607,0.9099587292197193,0.9871304241032742,832,0.18508636079717677,300.293 304.321,0.0,60.0,-2.69651179161757,-2.087388245407884,0.6091235462096861,0.9008634400289863,1.8054729922539678,300.293,60.0
h1659-profile-ring-compact-az24-reg1e-06_ac-20mm,70_90,split-profile-ring,h1659-acoustic-compact,-20.0,nan,,nan,nan,,,146,,1e-06,0.9493290691518607,0.9099587292197193,0.9871304241032742,832,0.18508636079717677,300.293 304.321,70.0,90.0,-23.58416110268448,-21.30313792199501,2.2810231806894734,15.972873764411585,18.244146865364947,300.293,75.0
h1659-profile-ring-compact-az24-reg1e-06_ac-20mm,80_90,split-profile-ring,h1659-acoustic-compact,-20.0,nan,,nan,nan,,,146,,1e-06,0.9493290691518607,0.9099587292197193,0.9871304241032742,832,0.18508636079717677,300.293 304.321,80.0,90.0,-17.4167492732596,-30.944413352887945,-13.527664079628344,13.527894076278066,13.606548094055853,304.321,90.0
h1659-profile-ring-compact-az24-reg1e-06_ac-20mm,90,split-profile-ring,h1659-acoustic-compact,-20.0,nan,,nan,nan,,,146,,1e-06,0.9493290691518607,0.9099587292197193,0.9871304241032742,832,0.18508636079717677,300.293 304.321,90.0,90.0,-17.4167492732596,-30.944413352887945,-13.527664079628344,13.527894076278066,13.606548094055853,304.321,90.0
h1659-profile-ring-compact-az24-reg1e-06_ac+0mm,0_60,split-profile-ring,h1659-acoustic-compact,0.0,nan,,nan,nan,,,146,,1e-06,0.9485801146178776,0.855045742717088,1.0336852739389852,832,0.18508636079717677,300.293 304.321,0.0,60.0,-2.69651179161757,-1.9403068434528676,0.7562049481647023,1.1207256549981583,2.2432993230934812,304.321,60.0
h1659-profile-ring-compact-az24-reg1e-06_ac+0mm,70_90,split-profile-ring,h1659-acoustic-compact,0.0,nan,,nan,nan,,,146,,1e-06,0.9485801146178776,0.855045742717088,1.0336852739389852,832,0.18508636079717677,300.293 304.321,70.0,90.0,-23.58416110268448,-18.729643479270983,4.8545176234135,15.158949825595368,19.355777865518952,300.293,75.0
h1659-profile-ring-compact-az24-reg1e-06_ac+0mm,80_90,split-profile-ring,h1659-acoustic-compact,0.0,nan,,nan,nan,,,146,,1e-06,0.9485801146178776,0.855045742717088,1.0336852739389852,832,0.18508636079717677,300.293 304.321,80.0,90.0,-17.4167492732596,-26.922361422465517,-9.505612149205916,9.506046879041985,9.596523839393534,300.293,90.0
h1659-profile-ring-compact-az24-reg1e-06_ac+0mm,90,split-profile-ring,h1659-acoustic-compact,0.0,nan,,nan,nan,,,146,,1e-06,0.9485801146178776,0.855045742717088,1.0336852739389852,832,0.18508636079717677,300.293 304.321,90.0,90.0,-17.4167492732596,-26.922361422465517,-9.505612149205916,9.506046879041985,9.596523839393534,300.293,90.0
h1659-profile-ring-compact-az24-reg1e-06_ac+20mm,0_60,split-profile-ring,h1659-acoustic-compact,20.0,nan,,nan,nan,,,146,,1e-06,0.9420932045257976,0.7955743891896127,1.0687097844096627,832,0.18508636079717677,300.293 304.321,0.0,60.0,-2.69651179161757,-1.8713556755715473,0.8251561160460227,1.2228167829225174,2.448430813351891,304.321,60.0
h1659-profile-ring-compact-az24-reg1e-06_ac+20mm,70_90,split-profile-ring,h1659-acoustic-compact,20.0,nan,,nan,nan,,,146,,1e-06,0.9420932045257976,0.7955743891896127,1.0687097844096627,832,0.18508636079717677,300.293 304.321,70.0,90.0,-23.58416110268448,-16.156826937456167,7.427334165228315,14.355827357802804,19.851055421029344,300.293,75.0
h1659-profile-ring-compact-az24-reg1e-06_ac+20mm,80_90,split-profile-ring,h1659-acoustic-compact,20.0,nan,,nan,nan,,,146,,1e-06,0.9420932045257976,0.7955743891896127,1.0687097844096627,832,0.18508636079717677,300.293 304.321,80.0,90.0,-17.4167492732596,-22.273992127330715,-4.857242854071114,4.858060784800591,4.946385691093688,300.293,90.0
h1659-profile-ring-compact-az24-reg1e-06_ac+20mm,90,split-profile-ring,h1659-acoustic-compact,20.0,nan,,nan,nan,,,146,,1e-06,0.9420932045257976,0.7955743891896127,1.0687097844096627,832,0.18508636079717677,300.293 304.321,90.0,90.0,-17.4167492732596,-22.273992127330715,-4.857242854071114,4.858060784800591,4.946385691093688,300.293,90.0
h1659-profile-ring-compact-az24-reg1e-06-svd1e-05_ac-20mm,0_60,split-profile-ring,h1659-acoustic-compact,-20.0,nan,,nan,nan,,,146,1e-05,1e-06,0.9493290691564475,0.9099587292260164,0.9871304241062918,832,0.18508636079717677,300.293 304.321,0.0,60.0,-2.69651179161757,-2.087388245402528,0.6091235462150422,0.900863440037085,1.8054729922630912,300.293,60.0
h1659-profile-ring-compact-az24-reg1e-06-svd1e-05_ac-20mm,70_90,split-profile-ring,h1659-acoustic-compact,-20.0,nan,,nan,nan,,,146,1e-05,1e-06,0.9493290691564475,0.9099587292260164,0.9871304241062918,832,0.18508636079717677,300.293 304.321,70.0,90.0,-23.58416110268448,-21.303137922560005,2.2810231801244765,15.972873764935365,18.244146865382923,300.293,75.0
h1659-profile-ring-compact-az24-reg1e-06-svd1e-05_ac-20mm,80_90,split-profile-ring,h1659-acoustic-compact,-20.0,nan,,nan,nan,,,146,1e-05,1e-06,0.9493290691564475,0.9099587292260164,0.9871304241062918,832,0.18508636079717677,300.293 304.321,80.0,90.0,-17.4167492732596,-30.944413354061396,-13.527664080801795,13.527894077457143,13.606548096197386,304.321,90.0
h1659-profile-ring-compact-az24-reg1e-06-svd1e-05_ac-20mm,90,split-profile-ring,h1659-acoustic-compact,-20.0,nan,,nan,nan,,,146,1e-05,1e-06,0.9493290691564475,0.9099587292260164,0.9871304241062918,832,0.18508636079717677,300.293 304.321,90.0,90.0,-17.4167492732596,-30.944413354061396,-13.527664080801795,13.527894077457143,13.606548096197386,304.321,90.0
h1659-profile-ring-compact-az24-reg1e-06-svd1e-05_ac+0mm,0_60,split-profile-ring,h1659-acoustic-compact,0.0,nan,,nan,nan,,,146,1e-05,1e-06,0.9485789833855958,0.855043232752636,1.03368527394252,832,0.18508636079717677,300.293 304.321,0.0,60.0,-2.69651179161757,-1.9454716067063031,0.7510401849112668,1.1129206028982672,2.227611417443555,300.293,60.0
h1659-profile-ring-compact-az24-reg1e-06-svd1e-05_ac+0mm,70_90,split-profile-ring,h1659-acoustic-compact,0.0,nan,,nan,nan,,,146,1e-05,1e-06,0.9485789833855958,0.855043232752636,1.03368527394252,832,0.18508636079717677,300.293 304.321,70.0,90.0,-23.58416110268448,-18.905315213144664,4.678845889539817,15.23089764563614,19.31542453277246,300.293,75.0
h1659-profile-ring-compact-az24-reg1e-06-svd1e-05_ac+0mm,80_90,split-profile-ring,h1659-acoustic-compact,0.0,nan,,nan,nan,,,146,1e-05,1e-06,0.9485789833855958,0.855043232752636,1.03368527394252,832,0.18508636079717677,300.293 304.321,80.0,90.0,-17.4167492732596,-27.23186411291487,-9.81511483965527,9.81547923816661,9.899692373662212,300.293,90.0
h1659-profile-ring-compact-az24-reg1e-06-svd1e-05_ac+0mm,90,split-profile-ring,h1659-acoustic-compact,0.0,nan,,nan,nan,,,146,1e-05,1e-06,0.9485789833855958,0.855043232752636,1.03368527394252,832,0.18508636079717677,300.293 304.321,90.0,90.0,-17.4167492732596,-27.23186411291487,-9.81511483965527,9.81547923816661,9.899692373662212,300.293,90.0
h1659-profile-ring-compact-az24-reg1e-06-svd1e-05_ac+20mm,0_60,split-profile-ring,h1659-acoustic-compact,20.0,nan,,nan,nan,,,146,1e-05,1e-06,0.9420918884873285,0.7955712723722516,1.0687097844051203,832,0.18508636079717677,300.293 304.321,0.0,60.0,-2.69651179161757,-1.8739208059452976,0.8225909856722723,1.218947013439033,2.440198638779435,304.321,60.0
h1659-profile-ring-compact-az24-reg1e-06-svd1e-05_ac+20mm,70_90,split-profile-ring,h1659-acoustic-compact,20.0,nan,,nan,nan,,,146,1e-05,1e-06,0.9420918884873285,0.7955712723722516,1.0687097844051203,832,0.18508636079717677,300.293 304.321,70.0,90.0,-23.58416110268448,-16.18292636898462,7.4012347336998605,14.348068184473837,19.832545486420806,300.293,75.0
h1659-profile-ring-compact-az24-reg1e-06-svd1e-05_ac+20mm,80_90,split-profile-ring,h1659-acoustic-compact,20.0,nan,,nan,nan,,,146,1e-05,1e-06,0.9420918884873285,0.7955712723722516,1.0687097844051203,832,0.18508636079717677,300.293 304.321,80.0,90.0,-17.4167492732596,-22.30677654596522,-4.89002727270562,4.890815856502541,4.977851041765675,300.293,90.0
h1659-profile-ring-compact-az24-reg1e-06-svd1e-05_ac+20mm,90,split-profile-ring,h1659-acoustic-compact,20.0,nan,,nan,nan,,,146,1e-05,1e-06,0.9420918884873285,0.7955712723722516,1.0687097844051203,832,0.18508636079717677,300.293 304.321,90.0,90.0,-17.4167492732596,-22.30677654596522,-4.89002727270562,4.890815856502541,4.977851041765675,300.293,90.0
h1659-profile-ring-full-az24-reg1e-06_ac-20mm,0_60,split-profile-ring,h1659-acoustic-full,-20.0,nan,,nan,nan,,,242,,1e-06,0.9432425150794319,0.900095635156628,0.9845002448342663,832,0.18508636079717677,300.293 304.321,0.0,60.0,-2.69651179161757,-2.094189152512932,0.6023226391046379,0.8916139116305225,1.7877373044424445,300.293,60.0
h1659-profile-ring-full-az24-reg1e-06_ac-20mm,70_90,split-profile-ring,h1659-acoustic-full,-20.0,nan,,nan,nan,,,242,,1e-06,0.9432425150794319,0.900095635156628,0.9845002448342663,832,0.18508636079717677,300.293 304.321,70.0,90.0,-23.58416110268448,-21.417400857421043,2.16676024526344,16.047395978751148,18.22030659277884,300.293,75.0
h1659-profile-ring-full-az24-reg1e-06_ac-20mm,80_90,split-profile-ring,h1659-acoustic-full,-20.0,nan,,nan,nan,,,242,,1e-06,0.9432425150794319,0.900095635156628,0.9845002448342663,832,0.18508636079717677,300.293 304.321,80.0,90.0,-17.4167492732596,-31.149953520003407,-13.733204246743806,13.733452052525875,13.815705133072676,304.321,90.0
h1659-profile-ring-full-az24-reg1e-06_ac-20mm,90,split-profile-ring,h1659-acoustic-full,-20.0,nan,,nan,nan,,,242,,1e-06,0.9432425150794319,0.900095635156628,0.9845002448342663,832,0.18508636079717677,300.293 304.321,90.0,90.0,-17.4167492732596,-31.149953520003407,-13.733204246743806,13.733452052525875,13.815705133072676,304.321,90.0
h1659-profile-ring-full-az24-reg1e-06_ac+0mm,0_60,split-profile-ring,h1659-acoustic-full,0.0,nan,,nan,nan,,,242,,1e-06,0.9421269116715613,0.8440104377028469,1.0309474363129463,832,0.18508636079717677,300.293 304.321,0.0,60.0,-2.69651179161757,-1.960814719533964,0.735697072083606,1.0901659712827325,2.182239166205406,304.321,60.0
h1659-profile-ring-full-az24-reg1e-06_ac+0mm,70_90,split-profile-ring,h1659-acoustic-full,0.0,nan,,nan,nan,,,242,,1e-06,0.9421269116715613,0.8440104377028469,1.0309474363129463,832,0.18508636079717677,300.293 304.321,70.0,90.0,-23.58416110268448,-19.485334333066376,4.098826769618107,15.516133702973056,19.203724477924517,300.293,75.0
h1659-profile-ring-full-az24-reg1e-06_ac+0mm,80_90,split-profile-ring,h1659-acoustic-full,0.0,nan,,nan,nan,,,242,,1e-06,0.9421269116715613,0.8440104377028469,1.0309474363129463,832,0.18508636079717677,300.293 304.321,80.0,90.0,-17.4167492732596,-28.28238079705718,-10.865631523797578,10.86610553755717,10.967126067428687,300.293,90.0
h1659-profile-ring-full-az24-reg1e-06_ac+0mm,90,split-profile-ring,h1659-acoustic-full,0.0,nan,,nan,nan,,,242,,1e-06,0.9421269116715613,0.8440104377028469,1.0309474363129463,832,0.18508636079717677,300.293 304.321,90.0,90.0,-17.4167492732596,-28.28238079705718,-10.865631523797578,10.86610553755717,10.967126067428687,300.293,90.0
h1659-profile-ring-full-az24-reg1e-06_ac+20mm,0_60,split-profile-ring,h1659-acoustic-full,20.0,nan,,nan,nan,,,242,,1e-06,0.9344252463861611,0.7823045615554127,1.0650355182515134,832,0.18508636079717677,300.293 304.321,0.0,60.0,-2.69651179161757,-1.8833682785234402,0.8131435130941298,1.2051728001323807,2.41318600470035,304.321,60.0
h1659-profile-ring-full-az24-reg1e-06_ac+20mm,70_90,split-profile-ring,h1659-acoustic-full,20.0,nan,,nan,nan,,,242,,1e-06,0.9344252463861611,0.7823045615554127,1.0650355182515134,832,0.18508636079717677,300.293 304.321,70.0,90.0,-23.58416110268448,-16.326160569015936,7.258000533668545,14.347568194007932,19.77368301100168,300.293,75.0
h1659-profile-ring-full-az24-reg1e-06_ac+20mm,80_90,split-profile-ring,h1659-acoustic-full,20.0,nan,,nan,nan,,,242,,1e-06,0.9344252463861611,0.7823045615554127,1.0650355182515134,832,0.18508636079717677,300.293 304.321,80.0,90.0,-17.4167492732596,-22.53457372560704,-5.117824452347438,5.118472575693178,5.199276174722101,300.293,90.0
h1659-profile-ring-full-az24-reg1e-06_ac+20mm,90,split-profile-ring,h1659-acoustic-full,20.0,nan,,nan,nan,,,242,,1e-06,0.9344252463861611,0.7823045615554127,1.0650355182515134,832,0.18508636079717677,300.293 304.321,90.0,90.0,-17.4167492732596,-22.53457372560704,-5.117824452347438,5.118472575693178,5.199276174722101,300.293,90.0
h1659-profile-ring-full-az24-reg1e-06-svd1e-05_ac-20mm,0_60,split-profile-ring,h1659-acoustic-full,-20.0,nan,,nan,nan,,,242,1e-05,1e-06,0.9433573545838991,0.9001412047478932,0.9846786320470632,832,0.18508636079717677,300.293 304.321,0.0,60.0,-2.69651179161757,-2.094337816586601,0.6021739750309691,0.8914036032184007,1.7873342156075438,300.293,60.0
h1659-profile-ring-full-az24-reg1e-06-svd1e-05_ac-20mm,70_90,split-profile-ring,h1659-acoustic-full,-20.0,nan,,nan,nan,,,242,1e-05,1e-06,0.9433573545838991,0.9001412047478932,0.9846786320470632,832,0.18508636079717677,300.293 304.321,70.0,90.0,-23.58416110268448,-21.421204493339417,2.1629566093450627,16.049812989523264,18.219465520153868,300.293,75.0
h1659-profile-ring-full-az24-reg1e-06-svd1e-05_ac-20mm,80_90,split-profile-ring,h1659-acoustic-full,-20.0,nan,,nan,nan,,,242,1e-05,1e-06,0.9433573545838991,0.9001412047478932,0.9846786320470632,832,0.18508636079717677,300.293 304.321,80.0,90.0,-17.4167492732596,-31.156703128040665,-13.739953854781064,13.740227377965242,13.82665141341213,304.321,90.0
h1659-profile-ring-full-az24-reg1e-06-svd1e-05_ac-20mm,90,split-profile-ring,h1659-acoustic-full,-20.0,nan,,nan,nan,,,242,1e-05,1e-06,0.9433573545838991,0.9001412047478932,0.9846786320470632,832,0.18508636079717677,300.293 304.321,90.0,90.0,-17.4167492732596,-31.156703128040665,-13.739953854781064,13.740227377965242,13.82665141341213,304.321,90.0
h1659-profile-ring-full-az24-reg1e-06-svd1e-05_ac+0mm,0_60,split-profile-ring,h1659-acoustic-full,0.0,nan,,nan,nan,,,242,1e-05,1e-06,0.9422885024693453,0.8440391510176242,1.0312192566672185,832,0.18508636079717677,300.293 304.321,0.0,60.0,-2.69651179161757,-1.9659486994532813,0.7305630921642887,1.0824011932724993,2.1658643717214545,304.321,60.0
h1659-profile-ring-full-az24-reg1e-06-svd1e-05_ac+0mm,70_90,split-profile-ring,h1659-acoustic-full,0.0,nan,,nan,nan,,,242,1e-05,1e-06,0.9422885024693453,0.8440391510176242,1.0312192566672185,832,0.18508636079717677,300.293 304.321,70.0,90.0,-23.58416110268448,-19.683598810121204,3.9005622925632757,15.616098534545053,19.163118122693135,300.293,75.0
h1659-profile-ring-full-az24-reg1e-06-svd1e-05_ac+0mm,80_90,split-profile-ring,h1659-acoustic-full,0.0,nan,,nan,nan,,,242,1e-05,1e-06,0.9422885024693453,0.8440391510176242,1.0312192566672185,832,0.18508636079717677,300.293 304.321,80.0,90.0,-17.4167492732596,-28.636819951849066,-11.220070678589465,11.220474835002632,11.315304550632362,300.293,90.0
h1659-profile-ring-full-az24-reg1e-06-svd1e-05_ac+0mm,90,split-profile-ring,h1659-acoustic-full,0.0,nan,,nan,nan,,,242,1e-05,1e-06,0.9422885024693453,0.8440391510176242,1.0312192566672185,832,0.18508636079717677,300.293 304.321,90.0,90.0,-17.4167492732596,-28.636819951849066,-11.220070678589465,11.220474835002632,11.315304550632362,300.293,90.0
h1659-profile-ring-full-az24-reg1e-06-svd1e-05_ac+20mm,0_60,split-profile-ring,h1659-acoustic-full,20.0,nan,,nan,nan,,,242,1e-05,1e-06,0.934519005569095,0.7823191585173289,1.065189315453567,832,0.18508636079717677,300.293 304.321,0.0,60.0,-2.69651179161757,-1.8857979920894892,0.8107137995280809,1.201507914252626,2.405439742981642,304.321,60.0
h1659-profile-ring-full-az24-reg1e-06-svd1e-05_ac+20mm,70_90,split-profile-ring,h1659-acoustic-full,20.0,nan,,nan,nan,,,242,1e-05,1e-06,0.934519005569095,0.7823191585173289,1.065189315453567,832,0.18508636079717677,300.293 304.321,70.0,90.0,-23.58416110268448,-16.345802896935922,7.238358205748559,14.33878240254514,19.756092809823386,300.293,75.0
h1659-profile-ring-full-az24-reg1e-06-svd1e-05_ac+20mm,80_90,split-profile-ring,h1659-acoustic-full,20.0,nan,,nan,nan,,,242,1e-05,1e-06,0.934519005569095,0.7823191585173289,1.065189315453567,832,0.18508636079717677,300.293 304.321,80.0,90.0,-17.4167492732596,-22.555535541161902,-5.138786267902301,5.139421234417149,5.2195718953161006,300.293,90.0
h1659-profile-ring-full-az24-reg1e-06-svd1e-05_ac+20mm,90,split-profile-ring,h1659-acoustic-full,20.0,nan,,nan,nan,,,242,1e-05,1e-06,0.934519005569095,0.7823191585173289,1.065189315453567,832,0.18508636079717677,300.293 304.321,90.0,90.0,-17.4167492732596,-22.555535541161902,-5.138786267902301,5.139421234417149,5.2195718953161006,300.293,90.0
h1659-modal-full2-az24-reg1e-06_ac-20mm,0_60,split-profile-ring,h1659-modal-full-2,-20.0,nan,,nan,nan,,,484,,1e-06,1.8710385477506508,2.3969600258813273,1.1207823734627138,832,0.18508636079717677,300.293 304.321,0.0,60.0,-2.69651179161757,-1.97635204226563,0.72015974935194,1.0589389966445124,2.1143623589659626,300.293,60.0
h1659-modal-full2-az24-reg1e-06_ac-20mm,70_90,split-profile-ring,h1659-modal-full-2,-20.0,nan,,nan,nan,,,484,,1e-06,1.8710385477506508,2.3969600258813273,1.1207823734627138,832,0.18508636079717677,300.293 304.321,70.0,90.0,-23.58416110268448,-17.50714393159778,6.0770171710867,13.815413947975566,18.63832266906369,300.293,75.0
h1659-modal-full2-az24-reg1e-06_ac-20mm,80_90,split-profile-ring,h1659-modal-full-2,-20.0,nan,,nan,nan,,,484,,1e-06,1.8710385477506508,2.3969600258813273,1.1207823734627138,832,0.18508636079717677,300.293 304.321,80.0,90.0,-17.4167492732596,-23.74627662540939,-6.329527352149789,6.329717311277141,6.378565491074603,300.293,90.0
h1659-modal-full2-az24-reg1e-06_ac-20mm,90,split-profile-ring,h1659-modal-full-2,-20.0,nan,,nan,nan,,,484,,1e-06,1.8710385477506508,2.3969600258813273,1.1207823734627138,832,0.18508636079717677,300.293 304.321,90.0,90.0,-17.4167492732596,-23.74627662540939,-6.329527352149789,6.329717311277141,6.378565491074603,300.293,90.0
h1659-modal-full2-az24-reg1e-06_ac+0mm,0_60,split-profile-ring,h1659-modal-full-2,0.0,nan,,nan,nan,,,484,,1e-06,1.993637231901072,2.6330833082149794,1.0079936095253756,832,0.18508636079717677,300.293 304.321,0.0,60.0,-2.69651179161757,-1.8755930817298776,0.8209187098876924,1.219043534943521,2.448264433253513,300.293,60.0
h1659-modal-full2-az24-reg1e-06_ac+0mm,70_90,split-profile-ring,h1659-modal-full-2,0.0,nan,,nan,nan,,,484,,1e-06,1.993637231901072,2.6330833082149794,1.0079936095253756,832,0.18508636079717677,300.293 304.321,70.0,90.0,-23.58416110268448,-12.76847204089219,10.815689061792291,14.022617394867337,19.89065878778456,300.293,75.0
h1659-modal-full2-az24-reg1e-06_ac+0mm,80_90,split-profile-ring,h1659-modal-full-2,0.0,nan,,nan,nan,,,484,,1e-06,1.993637231901072,2.6330833082149794,1.0079936095253756,832,0.18508636079717677,300.293 304.321,80.0,90.0,-17.4167492732596,-15.525350399496308,1.8913988737632934,1.8915898337472956,1.9182763636584852,304.321,90.0
h1659-modal-full2-az24-reg1e-06_ac+0mm,90,split-profile-ring,h1659-modal-full-2,0.0,nan,,nan,nan,,,484,,1e-06,1.993637231901072,2.6330833082149794,1.0079936095253756,832,0.18508636079717677,300.293 304.321,90.0,90.0,-17.4167492732596,-15.525350399496308,1.8913988737632934,1.8915898337472956,1.9182763636584852,304.321,90.0
h1659-modal-full2-az24-reg1e-06_ac+20mm,0_60,split-profile-ring,h1659-modal-full-2,20.0,nan,,nan,nan,,,484,,1e-06,2.1729586952705495,2.8520086898161128,1.144353711016467,832,0.18508636079717677,300.293 304.321,0.0,60.0,-2.69651179161757,-2.2037698521271656,0.49274193949040423,0.7039436096788763,1.3560472345295693,300.293,60.0
h1659-modal-full2-az24-reg1e-06_ac+20mm,70_90,split-profile-ring,h1659-modal-full-2,20.0,nan,,nan,nan,,,484,,1e-06,2.1729586952705495,2.8520086898161128,1.144353711016467,832,0.18508636079717677,300.293 304.321,70.0,90.0,-23.58416110268448,-14.680207092108775,8.903954010575706,10.915098307785094,15.34367791142315,300.293,75.0
h1659-modal-full2-az24-reg1e-06_ac+20mm,80_90,split-profile-ring,h1659-modal-full-2,20.0,nan,,nan,nan,,,484,,1e-06,2.1729586952705495,2.8520086898161128,1.144353711016467,832,0.18508636079717677,300.293 304.321,80.0,90.0,-17.4167492732596,-14.825093843600818,2.5916554296587826,2.593870080971766,2.6988194669130223,300.293,90.0
h1659-modal-full2-az24-reg1e-06_ac+20mm,90,split-profile-ring,h1659-modal-full-2,20.0,nan,,nan,nan,,,484,,1e-06,2.1729586952705495,2.8520086898161128,1.144353711016467,832,0.18508636079717677,300.293 304.321,90.0,90.0,-17.4167492732596,-14.825093843600818,2.5916554296587826,2.593870080971766,2.6988194669130223,300.293,90.0
h1659-modal-full3-az24-reg1e-06_ac-20mm,0_60,split-profile-ring,h1659-modal-full-3,-20.0,nan,,nan,nan,,,726,,1e-06,1.5577254728819339,1.937288252366506,1.0487762034739434,832,0.18508636079717677,300.293 304.321,0.0,60.0,-2.69651179161757,-1.9784851385484727,0.7180266530690972,1.055551049040427,2.1075870214110637,300.293,60.0
h1659-modal-full3-az24-reg1e-06_ac-20mm,70_90,split-profile-ring,h1659-modal-full-3,-20.0,nan,,nan,nan,,,726,,1e-06,1.5577254728819339,1.937288252366506,1.0487762034739434,832,0.18508636079717677,300.293 304.321,70.0,90.0,-23.58416110268448,-17.80598277493324,5.778178327751238,13.95149911989553,18.633863673360302,300.293,75.0
h1659-modal-full3-az24-reg1e-06_ac-20mm,80_90,split-profile-ring,h1659-modal-full-3,-20.0,nan,,nan,nan,,,726,,1e-06,1.5577254728819339,1.937288252366506,1.0487762034739434,832,0.18508636079717677,300.293 304.321,80.0,90.0,-17.4167492732596,-24.336762966848813,-6.920013693589212,6.920085979300237,6.951643449287211,304.321,90.0
h1659-modal-full3-az24-reg1e-06_ac-20mm,90,split-profile-ring,h1659-modal-full-3,-20.0,nan,,nan,nan,,,726,,1e-06,1.5577254728819339,1.937288252366506,1.0487762034739434,832,0.18508636079717677,300.293 304.321,90.0,90.0,-17.4167492732596,-24.336762966848813,-6.920013693589212,6.920085979300237,6.951643449287211,304.321,90.0
h1659-modal-full3-az24-reg1e-06_ac+0mm,0_60,split-profile-ring,h1659-modal-full-3,0.0,nan,,nan,nan,,,726,,1e-06,1.6731320385433284,2.160045085700236,0.9658917457679026,832,0.18508636079717677,300.293 304.321,0.0,60.0,-2.69651179161757,-1.9864730863458242,0.7100387052717458,1.0414064359550066,2.0718930143572507,300.293,60.0
h1659-modal-full3-az24-reg1e-06_ac+0mm,70_90,split-profile-ring,h1659-modal-full-3,0.0,nan,,nan,nan,,,726,,1e-06,1.6731320385433284,2.160045085700236,0.9658917457679026,832,0.18508636079717677,300.293 304.321,70.0,90.0,-23.58416110268448,-19.413503326878093,4.17065777580639,14.653873091822145,18.376535698724624,300.293,75.0
h1659-modal-full3-az24-reg1e-06_ac+0mm,80_90,split-profile-ring,h1659-modal-full-3,0.0,nan,,nan,nan,,,726,,1e-06,1.6731320385433284,2.160045085700236,0.9658917457679026,832,0.18508636079717677,300.293 304.321,80.0,90.0,-17.4167492732596,-27.29191288928096,-9.87516361602136,9.879588140426955,10.170807627076691,304.321,90.0
h1659-modal-full3-az24-reg1e-06_ac+0mm,90,split-profile-ring,h1659-modal-full-3,0.0,nan,,nan,nan,,,726,,1e-06,1.6731320385433284,2.160045085700236,0.9658917457679026,832,0.18508636079717677,300.293 304.321,90.0,90.0,-17.4167492732596,-27.29191288928096,-9.87516361602136,9.879588140426955,10.170807627076691,304.321,90.0
h1659-modal-full3-az24-reg1e-06_ac+20mm,0_60,split-profile-ring,h1659-modal-full-3,20.0,nan,,nan,nan,,,726,,1e-06,1.837459764600074,2.372849601464522,1.0592929443161487,832,0.18508636079717677,300.293 304.321,0.0,60.0,-2.69651179161757,-2.032949135904905,0.6635626557126649,0.9792055291091897,1.9541754856925664,304.321,60.0
h1659-modal-full3-az24-reg1e-06_ac+20mm,70_90,split-profile-ring,h1659-modal-full-3,20.0,nan,,nan,nan,,,726,,1e-06,1.837459764600074,2.372849601464522,1.0592929443161487,832,0.18508636079717677,300.293 304.321,70.0,90.0,-23.58416110268448,-10.540884859226548,13.043276243457933,14.321714848784529,19.073162635539724,300.293,75.0
h1659-modal-full3-az24-reg1e-06_ac+20mm,80_90,split-profile-ring,h1659-modal-full-3,20.0,nan,,nan,nan,,,726,,1e-06,1.837459764600074,2.372849601464522,1.0592929443161487,832,0.18508636079717677,300.293 304.321,80.0,90.0,-17.4167492732596,-10.287652151776381,7.12909712148322,7.129132507890692,7.15155925681151,300.293,90.0
h1659-modal-full3-az24-reg1e-06_ac+20mm,90,split-profile-ring,h1659-modal-full-3,20.0,nan,,nan,nan,,,726,,1e-06,1.837459764600074,2.372849601464522,1.0592929443161487,832,0.18508636079717677,300.293 304.321,90.0,90.0,-17.4167492732596,-10.287652151776381,7.12909712148322,7.129132507890692,7.15155925681151,300.293,90.0
h1659-modal-full4-az24-reg1e-06-svd1e-05_ac-20mm,0_60,split-profile-ring,h1659-modal-full-4,-20.0,nan,,nan,nan,,,968,1e-05,1e-06,0.9157532803266302,0.9392064425030313,0.8916834635781736,832,0.18508636079717677,300.293 304.321,0.0,60.0,-2.69651179161757,-1.9922516397836858,0.7042601518338841,1.030186173677883,2.0484356656766494,300.293,60.0
h1659-modal-full4-az24-reg1e-06-svd1e-05_ac-20mm,70_90,split-profile-ring,h1659-modal-full-4,-20.0,nan,,nan,nan,,,968,1e-05,1e-06,0.9157532803266302,0.9392064425030313,0.8916834635781736,832,0.18508636079717677,300.293 304.321,70.0,90.0,-23.58416110268448,-18.8098452833345,4.774315819349981,14.414981606169505,18.53083043934602,300.293,75.0
h1659-modal-full4-az24-reg1e-06-svd1e-05_ac-20mm,80_90,split-profile-ring,h1659-modal-full-4,-20.0,nan,,nan,nan,,,968,1e-05,1e-06,0.9157532803266302,0.9392064425030313,0.8916834635781736,832,0.18508636079717677,300.293 304.321,80.0,90.0,-17.4167492732596,-26.243363532317034,-8.826614259057433,8.826637018693983,8.846658749148503,304.321,90.0
h1659-modal-full4-az24-reg1e-06-svd1e-05_ac-20mm,90,split-profile-ring,h1659-modal-full-4,-20.0,nan,,nan,nan,,,968,1e-05,1e-06,0.9157532803266302,0.9392064425030313,0.8916834635781736,832,0.18508636079717677,300.293 304.321,90.0,90.0,-17.4167492732596,-26.243363532317034,-8.826614259057433,8.826637018693983,8.846658749148503,304.321,90.0
h1659-modal-full4-az24-reg1e-06-svd1e-05_ac+0mm,0_60,split-profile-ring,h1659-modal-full-4,0.0,nan,,nan,nan,,,968,1e-05,1e-06,0.9586854626903571,1.0408722339552037,0.8687580936766875,832,0.18508636079717677,300.293 304.321,0.0,60.0,-2.69651179161757,-0.9166840569638183,1.7798277346537517,2.649665541259445,5.325402751793149,304.321,60.0
h1659-modal-full4-az24-reg1e-06-svd1e-05_ac+0mm,70_90,split-profile-ring,h1659-modal-full-4,0.0,nan,,nan,nan,,,968,1e-05,1e-06,0.9586854626903571,1.0408722339552037,0.8687580936766875,832,0.18508636079717677,300.293 304.321,70.0,90.0,-23.58416110268448,-4.294575929809252,19.289585172875228,20.441202459206153,26.184515203334882,300.293,75.0
h1659-modal-full4-az24-reg1e-06-svd1e-05_ac+0mm,80_90,split-profile-ring,h1659-modal-full-4,0.0,nan,,nan,nan,,,968,1e-05,1e-06,0.9586854626903571,1.0408722339552037,0.8687580936766875,832,0.18508636079717677,300.293 304.321,80.0,90.0,-17.4167492732596,-4.89071422116524,12.526035052094361,12.526068682802881,12.555061247135086,304.321,90.0
h1659-modal-full4-az24-reg1e-06-svd1e-05_ac+0mm,90,split-profile-ring,h1659-modal-full-4,0.0,nan,,nan,nan,,,968,1e-05,1e-06,0.9586854626903571,1.0408722339552037,0.8687580936766875,832,0.18508636079717677,300.293 304.321,90.0,90.0,-17.4167492732596,-4.89071422116524,12.526035052094361,12.526068682802881,12.555061247135086,304.321,90.0
h1659-modal-full4-az24-reg1e-06-svd1e-05_ac+20mm,0_60,split-profile-ring,h1659-modal-full-4,20.0,nan,,nan,nan,,,968,1e-05,1e-06,1.0446019393464359,1.1560316874636232,0.9197701674617834,832,0.18508636079717677,300.293 304.321,0.0,60.0,-2.69651179161757,-1.0120515517752111,1.684460239842359,2.5036422765972826,5.02523421550049,304.321,60.0
h1659-modal-full4-az24-reg1e-06-svd1e-05_ac+20mm,70_90,split-profile-ring,h1659-modal-full-4,20.0,nan,,nan,nan,,,968,1e-05,1e-06,1.0446019393464359,1.1560316874636232,0.9197701674617834,832,0.18508636079717677,300.293 304.321,70.0,90.0,-23.58416110268448,-4.988393407234302,18.595767695450178,19.830928141205753,25.621037674335213,300.293,75.0
h1659-modal-full4-az24-reg1e-06-svd1e-05_ac+20mm,80_90,split-profile-ring,h1659-modal-full-4,20.0,nan,,nan,nan,,,968,1e-05,1e-06,1.0446019393464359,1.1560316874636232,0.9197701674617834,832,0.18508636079717677,300.293 304.321,80.0,90.0,-17.4167492732596,-5.709635824233054,11.707113449026547,11.707134419383635,11.729272084786388,304.321,90.0
h1659-modal-full4-az24-reg1e-06-svd1e-05_ac+20mm,90,split-profile-ring,h1659-modal-full-4,20.0,nan,,nan,nan,,,968,1e-05,1e-06,1.0446019393464359,1.1560316874636232,0.9197701674617834,832,0.18508636079717677,300.293 304.321,90.0,90.0,-17.4167492732596,-5.709635824233054,11.707113449026547,11.707134419383635,11.729272084786388,304.321,90.0
