DBRep_DrawableShape

CASCADE Topology V3, (c) Open Cascade
Locations 20
1
0.969264692608585               0 -0.246020234253984 -9.76761252288978 
-0.0144166170566764 -0.998281583698426 -0.0567982464624001 322.260652599593 
-0.245597469072925 0.0585993144035184 -0.967599092360267 -12.3525075821808 
2  1 -1 0
1
0.975763030652818 -1.73472347597681e-18 -0.2188298608765 -9.83844514573543 
-0.0113300782429412 -0.998658736818284 -0.0505208541447876 322.244299600084 
-0.218536352441046 0.0517757411971096 -0.974454275625723 -12.6310927228819 
2  3 -1 0
1
0.981766635908315 -1.73472347597681e-18 -0.190090169701828 -10.0024386432115 
-0.00849718645110658 -0.999000418766342 -0.0438857736298206 322.206438717965 
-0.189900159135491 0.0447008199552618 -0.98078528040323 -13.3981935596774 
2  5 -1 0
1
0.988315031320492               0 -0.152425059835892 -10.1369613473396 
-0.00542727025280697 -0.999365899834067 -0.0351900978465265 322.175381704598 
-0.152328407080158 0.0356061546483906 -0.987688340595138 -14.1713106991954 
2  7 -1 0
1
0.993420375439363               0 -0.11452492157568 -10.2418058338604 
-0.00304811285851286 -0.999645750688091 -0.0264401614829695 322.151176447645 
-0.114484351201015 0.026615280033164 -0.993068456954927 -14.9492520508432 
2  9 -1 0
1
0.997073554761882 -2.16840434497101e-19 -0.076448194187331 -10.3168104401749 
-0.00135322921423701 -0.999843320457144 -0.0176494563068505 322.133860269859 
-0.0764362163192135 0.0177012580692359 -0.996917333733128 -15.7308180854431 
2  11 -1 0
1
0.999268063590263               0 -0.0382535892246196 -10.3618595146167 
-0.000338085443689983 -0.999960944063998 -0.00883153694834773 322.123459871531 
-0.038252095194887 0.00883800580658703 -0.999229036240723 -16.5148036848186 
2  13 -1 0
1
              1               0               0              -0 
              0               1               0              -0 
              0               0               1              -2 
1
              1               0               0 -10.3768835947782 
              0               1               0 322.119991289321 
              0               0               1           -17.3 
2  15 1 16 1 0
1
0.999816995580188               0 -0.0191304821948366 -10.3768835947782 
-8.45075320732546e-05 -0.999990243116324 -0.00441661981966051 322.119991289321 
-0.0191302955409471 0.00441742822855054 -0.999807240482065           -17.3 
2  18 -1 0
2  16 -1 15 -1 0
Curve2ds 850
1 0 0 1 0 
1 1.0532199806991669 0 0 1 
1 0 0 0 1 
1 0 1 1 0 
1 0 0 1 0 
1 0 0 0 1 
1 1.0532199806991702 0 0 1 
1 0 0 1 0 
1 0 0 1 0 
1 0 0 1 0 
1 0 0 1 0 
1 0 0 1 0 
1 0 0 1 0 
1 0 0 1 0 
1 0 0 1 0 
1 0 0 1 0 
1 0 0 1 0 
1 0 0 1 0 
1 0 0 1 0 
1 0 0 1 0 
1 0 0 1 0 
1 0 0 1 0 
1 0 0 1 0 
1 0 0 1 0 
1 0 0 1 0 
1 0 0 1 0 
1 0 0 1 0 
1 0 0 1 0 
1 0 0 1 0 
1 0 0 1 0 
1 1.0532199806991667 0 0 1 
1 0 0 0 1 
1 0 1 1 0 
1 0 0 1 0 
1 1.0532199806991669 0 0 1 
1 0 0 0 1 
1 0 1 1 0 
1 0 0 1 0 
1 0 0 0 1 
1 1.0532199806991702 0 0 1 
1 0 1 1 0 
1 0 0 1 0 
1 1.0532199806991658 0 0 1 
1 0 0 0 1 
1 1.0532199806991671 0 0 1 
1 0 0 0 1 
1 0 1 1 0 
1 0 0 1 0 
1 1.0532199806991667 0 0 1 
1 0 0 0 1 
1 0 1 1 0 
1 0 0 1 0 
1 1.0532199806991676 0 0 1 
1 0 0 0 1 
1 0 1 1 0 
1 0 0 1 0 
1 1.0532199806991667 0 0 1 
1 0 0 0 1 
1 0 1 1 0 
1 0 0 1 0 
1 1.0532199806991667 0 0 1 
1 0 0 0 1 
1 0 1 1 0 
1 0 0 1 0 
1 1.0532199806991667 0 0 1 
1 0 0 0 1 
1 0 1 1 0 
1 0 0 1 0 
1 1.0532199806991673 0 0 1 
1 0 0 0 1 
1 0 1 1 0 
1 0 0 1 0 
1 1.0532199806991678 0 0 1 
1 0 0 0 1 
1 0 1 1 0 
1 0 0 1 0 
1 1.0532199806991656 0 0 1 
1 0 0 0 1 
1 0 1 1 0 
1 0 0 1 0 
1 1.0532199806991678 0 0 1 
1 0 0 0 1 
1 0 1 1 0 
1 0 0 1 0 
1 1.0532199806991676 0 0 1 
1 0 0 0 1 
1 0 1 1 0 
1 0 0 1 0 
1 1.0532199806991656 0 0 1 
1 0 0 0 1 
1 0 1 1 0 
1 0 0 1 0 
1 1.053219980699166 0 0 1 
1 0 0 0 1 
1 0 1 1 0 
1 0 0 1 0 
1 1.0532199806991669 0 0 1 
1 0 0 0 1 
1 0 1 1 0 
1 0 0 1 0 
1 1.0532199806991696 0 0 1 
1 0 0 0 1 
1 0 1 1 0 
1 0 0 1 0 
1 1.0532199806991658 0 0 1 
1 0 0 0 1 
1 0 1 1 0 
1 0 0 1 0 
1 1.0532199806991658 0 0 1 
1 0 0 0 1 
1 0 1 1 0 
1 0 0 1 0 
1 1.0532199806991693 0 0 1 
1 0 0 0 1 
1 0 1 1 0 
1 0 0 1 0 
1 1.0532199806991656 0 0 1 
1 0 0 0 1 
1 0 1 1 0 
1 0 0 1 0 
1 1.0532199806991656 0 0 1 
1 0 0 0 1 
1 0 1 1 0 
1 0 0 1 0 
1 0 1 1 0 
1 0 0 1 0 
1 1.0532199806991667 0 0 1 
1 0 0 0 1 
1 0 1 1 0 
1 0 0 1 0 
1 1.0532199806991669 0 0 1 
1 0 0 0 1 
1 0 1 1 0 
1 0 0 1 0 
1 0 0 0 1 
1 1.0532199806991702 0 0 1 
1 0 1 1 0 
1 0 0 1 0 
1 1.0532199806991658 0 0 1 
1 0 0 0 1 
1 1.0532199806991671 0 0 1 
1 0 0 0 1 
1 0 1 1 0 
1 0 0 1 0 
1 1.0532199806991667 0 0 1 
1 0 0 0 1 
1 0 1 1 0 
1 0 0 1 0 
1 1.0532199806991676 0 0 1 
1 0 0 0 1 
1 0 1 1 0 
1 0 0 1 0 
1 1.0532199806991667 0 0 1 
1 0 0 0 1 
1 0 1 1 0 
1 0 0 1 0 
1 1.0532199806991667 0 0 1 
1 0 0 0 1 
1 0 1 1 0 
1 0 0 1 0 
1 1.0532199806991667 0 0 1 
1 0 0 0 1 
1 0 1 1 0 
1 0 0 1 0 
1 1.0532199806991673 0 0 1 
1 0 0 0 1 
1 0 1 1 0 
1 0 0 1 0 
1 1.0532199806991678 0 0 1 
1 0 0 0 1 
1 0 1 1 0 
1 0 0 1 0 
1 1.0532199806991656 0 0 1 
1 0 0 0 1 
1 0 1 1 0 
1 0 0 1 0 
1 1.0532199806991678 0 0 1 
1 0 0 0 1 
1 0 1 1 0 
1 0 0 1 0 
1 1.0532199806991676 0 0 1 
1 0 0 0 1 
1 0 1 1 0 
1 0 0 1 0 
1 1.0532199806991656 0 0 1 
1 0 0 0 1 
1 0 1 1 0 
1 0 0 1 0 
1 1.053219980699166 0 0 1 
1 0 0 0 1 
1 0 1 1 0 
1 0 0 1 0 
1 1.0532199806991669 0 0 1 
1 0 0 0 1 
1 0 1 1 0 
1 0 0 1 0 
1 1.0532199806991696 0 0 1 
1 0 0 0 1 
1 0 1 1 0 
1 0 0 1 0 
1 1.0532199806991658 0 0 1 
1 0 0 0 1 
1 0 1 1 0 
1 0 0 1 0 
1 1.0532199806991658 0 0 1 
1 0 0 0 1 
1 0 1 1 0 
1 0 0 1 0 
1 1.0532199806991693 0 0 1 
1 0 0 0 1 
1 0 1 1 0 
1 0 0 1 0 
1 1.0532199806991656 0 0 1 
1 0 0 0 1 
1 0 1 1 0 
1 0 0 1 0 
1 1.0532199806991656 0 0 1 
1 0 0 0 1 
1 0 1 1 0 
1 0 0 1 0 
1 0 1 1 0 
1 0 0 1 0 
1 1.0532199806991667 0 0 1 
1 0 0 0 1 
1 0 1 1 0 
1 0 0 1 0 
1 1.0532199806991669 0 0 1 
1 0 0 0 1 
1 0 1 1 0 
1 0 0 1 0 
1 0 0 0 1 
1 1.0532199806991702 0 0 1 
1 0 1 1 0 
1 0 0 1 0 
1 1.0532199806991658 0 0 1 
1 0 0 0 1 
1 1.0532199806991671 0 0 1 
1 0 0 0 1 
1 0 1 1 0 
1 0 0 1 0 
1 1.0532199806991667 0 0 1 
1 0 0 0 1 
1 0 1 1 0 
1 0 0 1 0 
1 1.0532199806991676 0 0 1 
1 0 0 0 1 
1 0 1 1 0 
1 0 0 1 0 
1 1.0532199806991667 0 0 1 
1 0 0 0 1 
1 0 1 1 0 
1 0 0 1 0 
1 1.0532199806991667 0 0 1 
1 0 0 0 1 
1 0 1 1 0 
1 0 0 1 0 
1 1.0532199806991667 0 0 1 
1 0 0 0 1 
1 0 1 1 0 
1 0 0 1 0 
1 1.0532199806991673 0 0 1 
1 0 0 0 1 
1 0 1 1 0 
1 0 0 1 0 
1 1.0532199806991678 0 0 1 
1 0 0 0 1 
1 0 1 1 0 
1 0 0 1 0 
1 1.0532199806991656 0 0 1 
1 0 0 0 1 
1 0 1 1 0 
1 0 0 1 0 
1 1.0532199806991678 0 0 1 
1 0 0 0 1 
1 0 1 1 0 
1 0 0 1 0 
1 1.0532199806991676 0 0 1 
1 0 0 0 1 
1 0 1 1 0 
1 0 0 1 0 
1 1.0532199806991656 0 0 1 
1 0 0 0 1 
1 0 1 1 0 
1 0 0 1 0 
1 1.053219980699166 0 0 1 
1 0 0 0 1 
1 0 1 1 0 
1 0 0 1 0 
1 1.0532199806991669 0 0 1 
1 0 0 0 1 
1 0 1 1 0 
1 0 0 1 0 
1 1.0532199806991696 0 0 1 
1 0 0 0 1 
1 0 1 1 0 
1 0 0 1 0 
1 1.0532199806991658 0 0 1 
1 0 0 0 1 
1 0 1 1 0 
1 0 0 1 0 
1 1.0532199806991658 0 0 1 
1 0 0 0 1 
1 0 1 1 0 
1 0 0 1 0 
1 1.0532199806991693 0 0 1 
1 0 0 0 1 
1 0 1 1 0 
1 0 0 1 0 
1 1.0532199806991656 0 0 1 
1 0 0 0 1 
1 0 1 1 0 
1 0 0 1 0 
1 1.0532199806991656 0 0 1 
1 0 0 0 1 
1 0 1 1 0 
1 0 0 1 0 
1 0 1 1 0 
1 0 0 1 0 
1 1.0532199806991667 0 0 1 
1 0 0 0 1 
1 0 1 1 0 
1 0 0 1 0 
1 1.0532199806991669 0 0 1 
1 0 0 0 1 
1 0 1 1 0 
1 0 0 1 0 
1 0 0 0 1 
1 1.0532199806991702 0 0 1 
1 0 1 1 0 
1 0 0 1 0 
1 1.0532199806991658 0 0 1 
1 0 0 0 1 
1 1.0532199806991671 0 0 1 
1 0 0 0 1 
1 0 1 1 0 
1 0 0 1 0 
1 1.0532199806991667 0 0 1 
1 0 0 0 1 
1 0 1 1 0 
1 0 0 1 0 
1 1.0532199806991676 0 0 1 
1 0 0 0 1 
1 0 1 1 0 
1 0 0 1 0 
1 1.0532199806991667 0 0 1 
1 0 0 0 1 
1 0 1 1 0 
1 0 0 1 0 
1 1.0532199806991667 0 0 1 
1 0 0 0 1 
1 0 1 1 0 
1 0 0 1 0 
1 1.0532199806991667 0 0 1 
1 0 0 0 1 
1 0 1 1 0 
1 0 0 1 0 
1 1.0532199806991673 0 0 1 
1 0 0 0 1 
1 0 1 1 0 
1 0 0 1 0 
1 1.0532199806991678 0 0 1 
1 0 0 0 1 
1 0 1 1 0 
1 0 0 1 0 
1 1.0532199806991656 0 0 1 
1 0 0 0 1 
1 0 1 1 0 
1 0 0 1 0 
1 1.0532199806991678 0 0 1 
1 0 0 0 1 
1 0 1 1 0 
1 0 0 1 0 
1 1.0532199806991676 0 0 1 
1 0 0 0 1 
1 0 1 1 0 
1 0 0 1 0 
1 1.0532199806991656 0 0 1 
1 0 0 0 1 
1 0 1 1 0 
1 0 0 1 0 
1 1.053219980699166 0 0 1 
1 0 0 0 1 
1 0 1 1 0 
1 0 0 1 0 
1 1.0532199806991669 0 0 1 
1 0 0 0 1 
1 0 1 1 0 
1 0 0 1 0 
1 1.0532199806991696 0 0 1 
1 0 0 0 1 
1 0 1 1 0 
1 0 0 1 0 
1 1.0532199806991658 0 0 1 
1 0 0 0 1 
1 0 1 1 0 
1 0 0 1 0 
1 1.0532199806991658 0 0 1 
1 0 0 0 1 
1 0 1 1 0 
1 0 0 1 0 
1 1.0532199806991693 0 0 1 
1 0 0 0 1 
1 0 1 1 0 
1 0 0 1 0 
1 1.0532199806991656 0 0 1 
1 0 0 0 1 
1 0 1 1 0 
1 0 0 1 0 
1 1.0532199806991656 0 0 1 
1 0 0 0 1 
1 0 1 1 0 
1 0 0 1 0 
1 0 1 1 0 
1 0 0 1 0 
1 1.0532199806991667 0 0 1 
1 0 0 0 1 
1 0 1 1 0 
1 0 0 1 0 
1 1.0532199806991669 0 0 1 
1 0 0 0 1 
1 0 1 1 0 
1 0 0 1 0 
1 0 0 0 1 
1 1.0532199806991702 0 0 1 
1 0 1 1 0 
1 0 0 1 0 
1 1.0532199806991658 0 0 1 
1 0 0 0 1 
1 1.0532199806991671 0 0 1 
1 0 0 0 1 
1 0 1 1 0 
1 0 0 1 0 
1 1.0532199806991667 0 0 1 
1 0 0 0 1 
1 0 1 1 0 
1 0 0 1 0 
1 1.0532199806991676 0 0 1 
1 0 0 0 1 
1 0 1 1 0 
1 0 0 1 0 
1 0 1 1 0 
1 0 0 1 0 
7 0 0  6 7 2  0.34658810663682049 0.47524248341173947  0.34923474386745851 0.56275917424751276  0.35224214899666229 0.6502619088229169  0.35566314501686597 0.73774740993741883  0.35957287453310477 0.82520806590670703  0.36406468324489971 0.91263223445222674  0.36932500498319532 1 
 0 7 1 7
7 0 0  6 7 2  4.912885994762247 4.0000005999999999  4.9106023855728882 3.9311185874215693  4.9082289819269809 3.8622615093797714  4.9057525979444687 3.7934317101116055  4.9031544964083347 3.7246354053344164  4.9004114918207025 3.6558821634712633  4.8974772169430389 3.5871906664568876 
 0 7 1 7
7 0 0  4 5 2  0.96087896606819623 0.54958142938368104  0.72058013679456623 0.52135518034028583  0.48033003921342599 0.4922704911724089  0.24013421489789147 0.46226952217642969  0 0.4312829567304115 
 0 5 1 5
7 0 0  4 5 2  0.18498908374173623 -4  0.4242505570277294 -3.968639865341141  0.66346252286653362 -3.9373014351329854  0.90261939579444928 -3.9059864711795753  1.1417137920702221 -3.8746971770216305 
 0 5 1 5
7 0 0  6 7 2  0.90567944499863762 0.54307964025651501  0.89092304392339805 0.61922692069377661  0.87587664668087761 0.69538847212157484  0.86050085163123735 0.77155874590062345  0.84474257096211058 0.84772817952880208  0.82853487343880916 0.92388330871367197  0.81175845013633841 1 
 0 7 1 7
7 0 0  6 7 2  4.7724126028627811 4.0000005999999999  4.7746396679543786 3.9367702496074242  4.7769409505633798 3.8736053841241675  4.779326440030994 3.8105106116269472  4.7818096484438559 3.7474935054856506  4.784407613065504 3.6845646028698131  4.7871506977858616 3.6217415204842514 
 0 7 1 7
1 1.0532199806991667 0 0 1 
1 0 0 0 1 
1 0 1 1 0 
1 0 0 1 0 
7 0 0  6 7 2  0.092293898063942573 0.57044710636261431  0.10216547775966812 0.64233486950466345  0.11256438861113995 0.71412927970835183  0.12355734827481335 0.78581856623413393  0.13523139794213468 0.85738237730768019  0.1476967524029093 0.92879150390066989  0.1611365558282058 1 
 0 7 1 7
7 0 0  6 7 2  4.7126886488591015 4.0000005999999999  4.708898880859989 3.9418679559791157  4.7049792041045562 3.883796706420894  4.7009131763114649 3.8257963895723068  4.6966793169870922 3.7678839693964075  4.6922506279052962 3.7100840266334441  4.6875821030362017 3.6524369160596883 
 0 7 1 7
7 0 0  4 5 2  1.0532199806991667 0.67055058426901903  0.81293760346187871 0.64654684081298841  0.57268661936934628 0.62188934984150146  0.33247024505306871 0.59653850818936105  0.092292614278845664 0.57044769806513973 
 0 5 1 5
7 0 0  4 5 2  -0.9551135917574296 -3.8746089020332874  -0.71597877787120923 -3.9059438698249269  -0.47687914111298835 -3.93728714994222  -0.23781812093816967 -3.9686390769442537  0.0011998859060232681 -4 
 0 5 1 5
1 1.0532199806991667 0 0 1 
1 0 0 0 1 
7 0 0  4 5 2  1.0532199806991667 0.75853060494740387  0.78988254136325275 0.73735965785594237  0.52656537066971021 0.71565979689107062  0.26327038518618412 0.6934015348253677  0 0.67055058426901859 
 0 5 1 5
7 0 0  4 5 2  -1.9313905690573527 -3.4716733781015705  -1.687281159275583 -3.5724028583047032  -1.4431970139804799 -3.6731353746206419  -1.1991402715990227 -3.7738707967245273  -0.9551135917574296 -3.8746089020332306 
 0 5 1 5
1 1.0532199806991667 0 0 1 
1 0 0 0 1 
7 0 0  4 5 2  1.0532199806991673 0.82277200073424728  0.78990202643867558 0.80716832059796872  0.52659229467017876 0.79126882304751678  0.26329138215815184 0.77506094681465842  0 0.75853060494740365 
 0 5 1 5
7 0 0  4 5 2  -2.7692717242683411 -2.8306312723422593  -2.5597811783669155 -2.990889366213354  -2.3503036173559844 -3.1511491403135565  -2.1408397899272811 -3.3114105156210525  -1.9313905690573527 -3.4716733781016273 
 0 5 1 5
1 1.0532199806991673 0 0 1 
1 0 0 0 1 
7 0 0  4 5 2  1.0532199806991678 0.86268725892972575  0.78991190021043489 0.85288967981885944  0.52660581190349909 0.84297346870597301  0.26330181001872488 0.83293539935563532  0 0.8227720007342495 
 0 5 1 5
7 0 0  4 5 2  -3.4116433038769891 -1.9950990922058622  -3.2510410709169624 -2.2039796747680911  -3.0904449336618764 -2.4128618908965276  -2.9298550823833134 -2.6217457532760338  -2.7692717242683393 -2.8306312723423162 
 0 5 1 5
1 1.0532199806991678 0 0 1 
1 0 0 0 1 
7 0 0  4 5 2  1.0532199806991656 0.87812477734906891  0.78991483519337069 0.87429277068451339  0.52660978855919993 0.87044264479981759  0.26330484279645661 0.8665742069760779  0 0.86268725892972586 
 0 5 1 5
7 0 0  4 5 2  -3.8146891194602084 -1.0219628119949675  -3.7139243684213388 -1.2652457869579585  -3.613161799645074 -1.5085294873931379  -3.5124014367068033 -1.7518139201410732  -3.4116433038769873 -1.9950990922057485 
 0 5 1 5
1 1.0532199806991656 0 0 1 
1 0 0 0 1 
7 0 0  4 5 2  1.0532199806991678 0.86906357901140163  0.78991504549122882 0.87133875626198176  0.52661007004497318 0.87360731969043581  0.26330505475329341 0.8758693125503233  0 0.87812477734906891 
 0 5 1 5
7 0 0  4 5 2  -3.9508852163224031 0.022491271404305735  -3.9168382240253283 -0.23862248905227113  -3.882789871198487 -0.49973608915995049  -3.8487401667565759 -0.76084952983871712  -3.8146891194602119 -1.0219628119950812 
 0 5 1 5
1 1.0532199806991678 0 0 1 
1 0 0 0 1 
7 0 0  4 5 2  1.0532199806991676 0.83550110834854285  0.78991734188387919 0.84402416923711476  0.5266130923739708 0.85245754238473159  0.26330729319203011 0.86080334831170557  0 0.86906357901140052 
 0 5 1 5
7 0 0  4 5 2  -3.8108853319453253 1.0670895806221665  -3.8458926020751409 0.80594288373262268  -3.8808949314217007 0.54479422139021072  -3.9158924337943977 0.28364366282052317  -3.9508852163223995 0.022491271404419422 
 0 5 1 5
1 1.0532199806991676 0 0 1 
1 0 0 0 1 
7 0 0  4 5 2  1.0532199806991656 0.77752023350072808  0.78992641980134048 0.79240299034014672  0.52662490365722625 0.80702050218918864  0.263315949578247 0.82138336225709463  0 0.83550110834854185 
 0 5 1 5
7 0 0  4 5 2  -3.4041682971014371 2.0406203479868736  -3.5058558672649984 1.7972520478002552  -3.6075377984383263 1.5538737779388527  -3.7092142391103295 1.3104861211713994  -3.8108853319453271 1.0670895806221097 
 0 5 1 5
1 1.0532199806991656 0 0 1 
1 0 0 0 1 
7 0 0  4 5 2  1.053219980699166 0.69554426815513937  0.78994586546962331 0.71679049187245514  0.52664992288439039 0.73751693186944334  0.26333410835393956 0.75775197431122976  0 0.7775202335007273 
 0 5 1 5
7 0 0  4 5 2  -2.7584031019911013 2.8766885672355329  -2.9198419362748238 2.667705385541677  -3.0812827729007459 2.4586984087332215  -3.2427250357566288 2.2496695430254716  -3.4041682971014389 2.0406203479868168 
 0 5 1 5
1 1.053219980699166 0 0 1 
1 0 0 0 1 
7 0 0  4 5 2  1.0532199806991669 0.59080575298608673  0.78997643152858532 0.61817131164514683  0.52668887573909595 0.64471442634074139  0.26336215686998882 0.67049001647183459  0 0.69554426815513881 
 0 5 1 5
7 0 0  4 5 2  -1.9175744002166137 3.5182468198257197  -2.1277503919542848 3.3579112820335539  -2.3379490680168149 3.197537378189244  -2.5481673956836457 3.0371288332546142  -2.7584031019910995 2.8766885672355897 
 0 5 1 5
7 0 0  5 6 2  1.0063421363682932 0.59566841175937335  0.9934445649055319 0.67692764191679011  0.97975387189038243 0.75803010255448489  0.96513795664362945 0.8389485010409623  0.94943460300857563 0.91963542734207615  0.93232283356217394 1 
 0 6 1 6
7 0 0  5 6 2  2.0814532501288197 4.0000005999999999  2.0862937775453103 3.9337562866606719  2.0913286890768097 3.8676167096503824  2.0965904555084989 3.8016044447453994  2.1021187526838423 3.7357588575006009  2.1079920374838599 3.6701594856974271 
 0 6 1 6
1 0 1 1 0 
1 0 0 1 0 
1 1.0532199806991669 0 0 1 
1 0 0 0 1 
1 0 1 1 0 
1 0 0 1 0 
7 0 0  5 6 2  0.17109651312668134 1  0.14916476551809571 0.91672860832822789  0.12817272708083866 0.83334991983909323  0.10789178717604 0.74992038157537355  0.088212897313224403 0.66646592614216615  0.069046341061415703 0.58300262687127624 
 0 6 1 6
7 0 0  5 6 2  2.035790786011296 3.6482839289218081  2.0395364013249928 3.7183117213546879  2.0430419276027934 3.788530870404013  2.0463658102244406 3.8588983199193194  2.0495359372754498 3.9293926645526303  2.0525751429166639 4.0000005999999999 
 0 6 1 6
7 0 0  4 5 2  1.0532199806991696 0.46604667420800949  0.79001361536685777 0.49883470274466474  0.52673594140120783 0.53050338239691242  0.26339586456115199 0.56113721298478914  0 0.59080575298608773 
 0 5 1 5
7 0 0  4 5 2  -0.93899473855841187 3.9214944148497466  -1.1835640790126043 3.8207446925790354  -1.4281884206252538 3.7199505658325371  -1.6728603425013271 3.6191167417635368  -1.9175744002166137 3.5182468198257197 
 0 5 1 5
7 0 0  6 7 2  0.79158660707666273 0.49822522582634704  0.78643587787658831 0.58199705360754572  0.78082770481573549 0.66572745524128352  0.77469820201281858 0.74941008569408929  0.76795866744416919 0.83303177333383549  0.76049800565058556 0.91657284669056582  0.75210532265540342 1 
 0 7 1 7
7 0 0  6 7 2  1.8708008951111947 4.0000005999999999  1.8737874947127777 3.93376228749504  1.8768875324035499 3.8675612879584573  1.8801168876645471 3.8014022863954846  1.8834975692225422 3.7352958850954336  1.8870570108526066 3.6692581057164584  1.8908473866442972 3.6033185915851043 
 0 7 1 7
1 1.0532199806991696 0 0 1 
1 0 0 0 1 
1 1.0532199806991658 0 0 1 
1 0 0 0 1 
1 0 1 1 0 
1 0 0 1 0 
1 1.0532199806991658 0 0 1 
1 0 0 0 1 
1 0 1 1 0 
1 0 0 1 0 
1 1.0532199806991693 0 0 1 
1 0 0 0 1 
1 0 1 1 0 
1 0 0 1 0 
1 1.0532199806991656 0 0 1 
1 0 0 0 1 
1 0 1 1 0 
1 0 0 1 0 
1 1.0532199806991656 0 0 1 
1 0 0 0 1 
1 0 1 1 0 
1 0 0 1 0 
1 0 1 1 0 
1 0 0 1 0 
1 1.0532199806991667 0 0 1 
1 0 0 0 1 
1 0 1 1 0 
1 0 0 1 0 
1 0 0 0 1 
1 1.0532199806991702 0 0 1 
1 0 1 1 0 
1 0 0 0.13052619222004719 0.99144486137381105 
7 0 0  6 27 6  0.59966777070939747 1  0.59428677744830127 0.99198096177789363  0.58859599282063857 0.98421340940643443  0.58250602029868626 0.97671087738060236  0.57592404543671716 0.96959865367704101  0.5687727930810238 0.9630865150019321  0.55781026281931678 0.95542201189751719  0.55462178406757057 0.95342435666649161  0.55132181277956283 0.9516093018732813  0.54791057988363956 0.95001238545936395  0.54439647091952004 0.94867173703373264  0.53620217484963406 0.94627767256251627  0.53145757875262278 0.94540359133281993  0.52663810699579738 0.94508210386141223  0.52181665995115145 0.94534134021506577  0.51706627560399177 0.94615394331513558  0.50910299051974517 0.94837226097527783  0.5058159454673552 0.94955951606052169  0.50261532110757068 0.95097215955233283  0.49950875084666529 0.95257959769383616  0.49649742455810558 0.95435283093236434  0.48518705454897226 0.96178101889459688  0.47759895070479996 0.96845211450090651  0.47063231263606542 0.97580048031834865  0.46420399410629565 0.98358167904961979  0.45820790881967083 0.99165068871160933  0.45254046832809974 1 
 0 7 0.30284862179074834 5 0.42127931128821056 5 0.57261922102922835 5 0.68292165448176534 5 1 7
7 0 0  6 27 6  6.1339150791414214 1.9269422196405728  6.1352688220033453 1.9326161671602433  6.136699721424093 1.9381081706086047  6.1382301115420228 1.9434079393339538  6.1398830624645599 1.9484255520480183  6.1416776712024017 1.9530110449137661  6.1444262589108396 1.958388876159008  6.1452254464189657 1.9597880555056129  6.1460523121024231 1.9610563388866142  6.1469067617411284 1.9621684424787142  6.1477866601733666 1.9630973054750225  6.1498376662452188 1.96474202491648  6.1510246877656227 1.9653297225776596  6.1522298534431883 1.9655235337518271  6.1534349126548245 1.965304043321259  6.1546216377280309 1.9646913261057144  6.1566101245479503 1.9630551887300218  6.1574306446622797 1.9621866281446581  6.158229331159391 1.9611583888783801  6.1590043078594503 1.9599923115347437  6.1597553075143088 1.9587090489782868  6.1625752465802099 1.9533431276843334  6.1644654397956069 1.9485433158345102  6.1661996121705309 1.9432670482957886  6.1677987970240862 1.9376875502676418  6.1692896611852985 1.9319071636900351  6.1706981086482431 1.9259304779786284 
 0 7 0.30284862179074834 5 0.42127931128821056 5 0.57261922102922835 5 0.68292165448176534 5 1 7
1 1.0532199806991669 0 0 1 
1 0 0 0 1 
1 0 1 1 0 
1 0 0 1 0 
1 1.0532199806991658 0 0 1 
1 0 0 0 1 
1 1.0532199806991671 0 0 1 
1 0 0 0 1 
1 0 1 1 0 
1 0 0 1 0 
1 1.0532199806991667 0 0 1 
1 0 0 0 1 
1 0 1 1 0 
1 0 0 1 0 
1 1.0532199806991676 0 0 1 
1 0 0 0 1 
1 0 1 1 0 
1 0 0 1 0 
1 0 1 1 0 
1 0 0 1 0 
7 0 0  7 14 3  0.36932500498319532 0  0.37293634176141777 0.099969758512402807  0.37690059508291102 0.19991335791709108  0.38127581261060445 0.29982956133262428  0.38612881582705005 0.39971283996851925  0.39157845701452759 0.49955022928614862  0.39775304759325208 0.59932413283501906  0.40813372776222528 0.74208397504964996  0.41146740777542545 0.78514836191221238  0.41502866941469968 0.82819096899722433  0.41885776456226864 0.87120716795001729  0.4230011523719216 0.91418975446548256  0.42752863285514681 0.95712729974010557  0.43257486434177167 1 
 0 8 0.69819966915389464 6 1 8
7 0 0  7 14 3  4.8974772169430389 3.5871906664568893  4.895461601252177 3.5081903869727467  4.8933579623385608 3.4292055672335926  4.891151766295148 3.3502358186389145  4.8888263275327652 3.271283888975018  4.8863520232158191 3.1923587687442918  4.8836969063484652 3.113472476813937  4.8795108521801378 3.0005838152587443  4.8781974594404121 2.9665282372227502  4.8768273327589942 2.9324878763991888  4.8753904504190269 2.898466614974673  4.8738752659126847 2.8644704029173775  4.8722644414186833 2.8305088908157297  4.8705245115662921 2.7965995501185184 
 0 8 0.69819966915389464 6 1 8
1 0 4 1 0 
2 0 0 1 0 -0 1 4
7 0 0  7 14 3  0.17109651312653018 0  0.18708024990448519 0.10102732238186055  0.20354598927618975 0.20206911405096334  0.22057380006551514 0.30312261293175724  0.23825461475348639 0.40417760530330082  0.256750540061852 0.50520653870907306  0.27623430863814263 0.60617467679030268  0.30590664283214702 0.74898936177940212  0.31488534790231426 0.79095449816498575  0.3241511668472562 0.83288711775601532  0.33375211610909578 0.87477730396814368  0.34374404590466873 0.91661072171588942  0.35420917197990082 0.95836487056435737  0.36529995259433873 1 
 0 8 0.70595638583805609 6 1 8
7 0 0  7 14 3  2.0357907860113333 3.6482839289218205  2.0330608153877008 3.5638581430674963  2.0302090774631081 3.4795288142289964  2.0272154797864341 3.3953001528077769  2.024057113319488 3.3111829930049095  2.0206930463106514 3.2272019399033391  2.0170795891490418 3.1433884282277722  2.0114376291499672 3.0250018774213108  2.0097145445560609 2.9902348546093314  2.0079189585499524 2.955514786137114  2.0060387339795485 2.9208495576717892  2.0040597188672082 2.8862506348916699  2.0019610661474116 2.8517357485739665  1.9997041499429147 2.8173354025417225 
 0 8 0.70595638583805609 6 1 8
7 0 0  7 38 7  0.36529995259432768 0  0.37197921414858492 0.075910500280014406  0.37889697358975422 0.15181150391406587  0.38609248779370897 0.22770183908871905  0.39361060263579012 0.3035778077226795  0.40153170188402532 0.37942996151544645  0.40994171241741706 0.45524639666861272  0.42342753992871879 0.56707404837167297  0.42794297137130194 0.6031326499584706  0.43264619774297219 0.63917362471569206  0.43757768539787228 0.67519165611787757  0.44277989333413503 0.71117908549270648  0.44832079467418756 0.74712271665198404  0.45725439932449646 0.80021826317737799  0.46026660298600053 0.8174225931491349  0.46340912168684578 0.83460745471594167  0.46670993187236748 0.85176761363400366  0.47019831058801359 0.86889544837750865  0.47392071866704599 0.88597790751942485  0.47998217883813671 0.91135793896842354  0.48206330896738975 0.91970771487577496  0.48423867068844434 0.92803689443079385  0.48652861334252939 0.93633994981436452  0.48895425469084597 0.94460875072366079  0.49154918116506419 0.95282936411111052  0.49540041300848664 0.96386837650420332  0.49644141940122866 0.96675339999762733  0.49751724148460091 0.96962700237951682  0.49863196924898023 0.97248736141641778  0.49979089205863148 0.97533175151029339  0.50100146281132829 0.97815617073561023  0.50357831445356105 0.98382248834301134  0.50494500061200553 0.98665566992551956  0.50638713744845509 0.98945859877052056  0.50792635334077407 0.99222036285717097  0.50958030206311233 0.99492456568064702  0.51137687231600959 0.99754107404993753  0.51339539289303149 1 
 0 8 0.52676590475999807 6 0.77763035780234158 6 0.89807775864572159 6 0.95734411669650521 6 0.97841338469398065 6 1 8
7 0 0  7 38 7  1.9997041499429171 2.8173354025417225  1.9983417890702957 2.7562532487499958  1.9969196828863276 2.6951923655971841  1.9954280109653817 2.6341536743499248  1.9938555451054789 2.5731401431159107  1.9921821499072143 2.5121589198329555  1.9903862935457495 2.4512192360171996  1.9874670042830478 2.3613498247344116  1.9864839271216177 2.3323739606930238  1.9854538101454882 2.3034143982367654  1.9843665158647057 2.2744749101222155  1.983211399061704 2.2455611528992092  1.9819714143667604 2.216682827899684  1.9799525415780912 2.17402087256735  1.9792690003811697 2.1601967839324585  1.9785527991509777 2.1463875907467975  1.977796923540206 2.1325970365180704  1.9769940244187063 2.1188307649600331  1.9761324354793486 2.1050984623847611  1.9747196132259597 2.0846892371699872  1.9742330674928377 2.0779737155414812  1.9737228823450264 2.071273455772018  1.9731839489738252 2.0645925164491716  1.9726109559923006 2.0579370272545874  1.9719954520090375 2.0513175241410782  1.9710772754466745 2.0424225810138168  1.9708286892860545 2.0400973436603462  1.9705713543235106 2.0377806671837351  1.970304240896579 2.0354739322343973  1.9700260159155587 2.033179218452692  1.9697348003666215 2.0308995837934769  1.9691135181079491 2.0263236046350879  1.9687833149785074 2.0240342215366924  1.9684341302250907 2.0217676888158782  1.9680605137944289 2.0195323117549089  1.9676579870100315 2.017340855868627  1.967219457654505 2.0152168577377814  1.9667248159056534 2.0132145974649767 
 0 8 0.52676590475999807 6 0.77763035780234158 6 0.89807775864572159 6 0.95734411669650521 6 0.97841338469398065 6 1 8
3 4.0345158423206104 5.6827101618112108e-14 0.97436055797008969 0.2249922289151684 -0.2249922289151684 0.97436055797008969 4.0007711867253217 4
7 0 0  8 23 4  0 1.9234633180467284  0.19634954084936213 1.9199938441778321  0.39269908169871814 1.9198961117747408  0.58904862254808432 1.9233763411053604  0.78539816339744917 1.9303573568319419  0.98174770424680635 1.9404634367844411  1.1780972450961644 1.9530534340420831  1.3744467859455345 1.967302172323117  1.8653206380689396 2.0048720282222603  2.159844949339913 2.0291657938300887  2.4543692606221157 2.0522306671027764  2.7488935718902212 2.0707677947757475  3.0434178831710597 2.0819612695286196  3.3379421944359819 2.0845293223092085  3.6324665057132024 2.0788737097241805  4.2215151282612871 2.0543544953743376  4.5160394395347652 2.0354911419336132  4.8105637508115251 2.0116439304994742  5.1050880620837233 1.9856549451046703  5.3996123733559216 1.9611484782830075  5.6941366846325234 1.9414598404839349  5.988660995905529 1.9286675288500734  6.283185307179572 1.9234633180467284 
 2.9146998508315725 9 4.485496177626473 7 6.8416906678188214 7 9.1978851580111591 9
7 0 0  7 32 6  0.74568673194460278 0  0.73800299820889392 0.077058867030777842  0.72993239295383727 0.15406818404058098  0.72141140186093144 0.23102603440784347  0.71236714000994394 0.30792413878364844  0.70267097541647172 0.38474202309324013  0.69218406416788048 0.46145263534225306  0.6749350181457715 0.57475278318003686  0.66907121564294036 0.61146482583981687  0.66289534798964067 0.64813093732808436  0.65635663029193114 0.68474273825832599  0.64936771767497026 0.72127982955712255  0.6418332508101896 0.75771515724882987  0.62942135493565499 0.81174869719278198  0.62515207813516638 0.82946345065669869  0.62066106659426357 0.84713173813902332  0.61591199087228599 0.86474459033522266  0.61084395652241752 0.88228048837602902  0.60539052049221542 0.89971083522605411  0.59631974003183519 0.92575698837012832  0.59311829034135211 0.93448966183836912  0.58975153524162327 0.94317120410655997  0.58618447473491053 0.95178774239031194  0.58238100741834586 0.96031764521709995  0.57828572475935858 0.96872435545847602  0.57188342253688462 0.98038367223321943  0.56991889693651199 0.98379434487155304  0.56787219824263468 0.98716390423801859  0.56573292657155416 0.99048471131708204  0.56348820596150717 0.99374457016131024  0.56112013044461573 0.99692508210869868  0.5586032101188364 1 
 0 8 0.53047533284875914 6 0.78520651598196012 6 0.90991660649087025 6 0.97336699120410664 6 1 8
7 0 0  7 32 6  2.1665591493753809 2.8424681696700524  2.168777543617356 2.7800308424285722  2.1710923991853397 2.7176229921375383  2.173519583620434 2.6552461893461601  2.1760772819416894 2.5929071434993114  2.1787975663359891 2.5306230875936881  2.1817150358223034 2.4684164498830325  2.1864639453470165 2.3765294740707148  2.1880713562045422 2.3467544315918563  2.1897565797730847 2.3170156677568157  2.1915322775484185 2.2873204716172912  2.1934202031550201 2.2576864513318315  2.1954440877433257 2.2281366695958176  2.1987550060408814 2.1843223857752081  2.1998904874882044 2.169959280397602  2.2010812107087987 2.1556355980232946  2.2023362219504801 2.1413591471932185  2.2036706593669737 2.1271483696134372  2.2051010207313064 2.1130275439160164  2.2074687947989395 2.0919381772456069  2.2083027039797214 2.0848693796829787  2.2091777347478461 2.0778443266975475  2.2101025822606721 2.0708749072061789  2.2110861870659519 2.0639793514637286  2.2121422582381536 2.0571884080834137  2.2137875326789378 2.0477810746666933  2.214291735991043 2.0450305731831011  2.2148163207172691 2.0423148732625647  2.2153638569907548 2.039640389214445  2.2159375163107002 2.0370173014868116  2.2165417035901549 2.0344609487161378  2.2171826892038013 2.031993219776993 
 0 8 0.53047533284875914 6 0.78520651598196012 6 0.90991660649087025 6 0.97336699120410664 6 1 8
7 0 0  7 14 3  0.9323228335619872 0  0.91921299056486172 0.10249389757025786  0.90531436832761636 0.2048299739003771  0.89049662720669154 0.3070021509768881  0.87461100691532989 0.40898460961806538  0.85739660562983888 0.51071487317421826  0.83857262739257976 0.6121100490953777  0.80869508893204667 0.75436954716893256  0.79960838787812949 0.7956532833411174  0.79007364831949578 0.83683655279477875  0.78002044179743713 0.87790014466049227  0.76936582918744723 0.91881543203385962  0.75799083669505052 0.95953899597488523  0.74568673194401403 1 
 0 8 0.70914925102854753 6 1 8
7 0 0  7 14 3  2.1079920374839061 3.6701594856974413  2.1124915168238658 3.5855790026922878  2.1171859175542194 3.5010746744330845  2.1221077633483127 3.4166488057220432  2.1272939489843514 3.3323194420765421  2.1328089716077572 3.2481359261889882  2.1387220624735068 3.1641633061412637  2.1478845971498428 3.0462576965385173  2.1506475732877268 3.0120306476528738  2.1535213138335036 2.9778761904374247  2.1565231997809584 2.9438107186093654  2.1596736281918383 2.9098585881815566  2.1630018295961535 2.8760570970178141  2.1665591493755172 2.8424681696700702 
 0 8 0.70914925102854753 6 1 8
7 0 0  7 14 3  0.16113655582820466 0  0.17270645130679721 0.10210231150069295  0.18499037040694907 0.20407289627416897  0.19810652188579109 0.30590694280386876  0.2121904538411753 0.40758285425016427  0.22748022162857651 0.50904859074093944  0.24423240144128633 0.61023487203697524  0.27094675965667531 0.75260006966459725  0.27912078548509583 0.79412699371820572  0.28770952124697047 0.83556898428519211  0.29677964014136932 0.87690962797912753  0.30640950756054375 0.91812428178486105  0.31671250319170835 0.95917520997870398  0.32789082177067103 1 
 0 8 0.70775489765311939 6 1 8
7 0 0  7 14 3  4.6875821030362017 3.6524369160596901  4.6835626775760266 3.5689853529280335  4.6793662668376044 3.4855938841075544  4.6749633470917473 3.4022639195112467  4.6703202411417237 3.3190100877710647  4.6653779732193552 3.2358728132381542  4.6600731201667474 3.1529055173532488  4.6518230340175339 3.0360932220523273  4.6493211099756717 3.0020101550062228  4.6467164180667391 2.9679871488072211  4.6439924655342661 2.9340381085385738  4.6411299265258776 2.9001838260397848  4.638100864733242 2.8664564796964775  4.6348554101076616 2.8329103456495304 
 0 8 0.70775489765311939 6 1 8
7 0 0  7 32 6  0.32789082177066986 0  0.33480920202201858 0.076884772644455424  0.34208168338581457 0.15372735649786556  0.34976665600083162 0.23052639617670495  0.35793082511948704 0.30727512481995667  0.36669313707196438 0.38395630905852335  0.3761810335787219 0.46054710425547135  0.39179698524646345 0.57358100535570855  0.39709623201369021 0.61012744858802903  0.40268111508861348 0.64663533921415195  0.40859799960226062 0.68309789895142559  0.41492792249518889 0.71949790233781052  0.421758450723204 0.75581250253210086  0.43300251936309408 0.8095767578722427  0.43685287738226369 0.82712460786523667  0.44090497080024493 0.84463365159400983  0.44519169700127692 0.86209686309254541  0.4497694567690913 0.87949617904650401  0.4546990192424461 0.89680752296796284  0.4628672216020005 0.92257862920009626  0.46572047698163088 0.93113809072060616  0.46872079988240972 0.93965597374584664  0.47189940179009054 0.9481210388274327  0.4752886222963012 0.95651581715438527  0.4789385339048628 0.9648106686832838  0.48496634397459759 0.97700545514322745  0.48706256197476666 0.98101894104575071  0.48926436302960585 0.98498557303686896  0.49159178268336107 0.98889318275885896  0.49406575431427718 0.99272253006786515  0.49671591909929103 0.99644283308329296  0.49960013809390447 1 
 0 8 0.53029532156383252 6 0.78405760313313089 6 0.90740390248663172 6 0.96918670218268632 6 1 8
7 0 0  7 32 6  4.6348554101076616 2.8329103456495304  4.6328436124397676 2.7709604846891631  4.6307434719232718 2.70903497098486  4.6285403977977566 2.6471349186886322  4.6262177406585359 2.5852657818375153  4.6237458311974811 2.5234420664508184  4.6210928970462293 2.4616826552186386  4.6167743415720404 2.3705294482124994  4.6153155027623098 2.3410563371954427  4.6137854097795552 2.3116135220905352  4.6121724978988583 2.2822069296463701  4.610456574150831 2.2528514641591353  4.60861583391595 2.2235665989110496  4.6056077945709699 2.1802177131326599  4.60458090734745 2.1660705196978634  4.603503736984444 2.1519562748176551  4.6023680861957832 2.1378811358809036  4.6011599233111724 2.123860600906716  4.5998641468138493 2.1099150898484571  4.5977277675426409 2.0891652455963863  4.5969831294814743 2.0822753121718085  4.596201883057625 2.0754209780604547  4.5953762679122105 2.0686118818060919  4.5944982645807402 2.0618627266004674  4.5935554657818063 2.0551984053347292  4.5920039628100708 2.0454112023757789  4.5914652505433375 2.0421918613874332  4.590900318784561 2.0390121853617371  4.5903042041419075 2.0358824037576446  4.5896717447753383 2.0328185009638462  4.5889956446401374 2.029845993749424  4.5882616394820985 2.0270098522549773 
 0 8 0.53029532156383252 6 0.78405760313313089 6 0.90740390248663172 6 0.96918670218268632 6 1 8
7 0 0  7 38 7  0.65254468866881021 0  0.64719991283474843 0.075596806181044571  0.64167510158738728 0.15119015648777673  0.63594054271812028 0.2267793141418033  0.62996229541963766 0.30236206868607063  0.62367921597385378 0.37793273500183783  0.61702611390860573 0.45348421636064296  0.60641158382334726 0.56475684591547948  0.60287676301558701 0.60050504521754178  0.59920102454462332 0.63624321744606427  0.59535400421832863 0.67196818614532561  0.59130377049117777 0.70767543392536925  0.58699912848992664 0.74335716811077368  0.58008569721071457 0.79604379955404014  0.57776346944494605 0.81307968347058568  0.57534397116886893 0.83010421432105752  0.57280645323097723 0.84711428882945772  0.57012904130264397 0.86410548114964414  0.56727684970581127 0.88107024630780673  0.56266716549174101 0.90618261194898098  0.56110427013434805 0.91436106790377925  0.55947329487052178 0.92252791889661645  0.55775989996085262 0.9306801360288276  0.55594889166837824 0.93881330404205543  0.55401612092220709 0.94691991386950392  0.55084838827346094 0.95903427813921405  0.54974526451051331 0.96307166613589446  0.54859131436427966 0.96709666610887868  0.54737536597698866 0.97110591926182843  0.5460859841162965 0.97509447789554959  0.54470495835442079 0.9790538238392551  0.54219591216925322 0.98553357459411117  0.54115041760527938 0.98806606494794735  0.5400320915042599 0.99057246196043103  0.53883334006886208 0.99305980421169293  0.53750163523259176 0.99548903711157621  0.53604186336045812 0.99784499173202312  0.5342906222464251 1 
 0 8 0.5261027864295823 6 0.77522375876458538 6 0.89438041009792457 6 0.95204557105015419 6 0.98100084682787392 6 1 8
7 0 0  7 38 7  4.8155671457566838 2.8051956264822131  4.8166166984994456 2.7448718837140307  4.8177113555145956 2.6845622671141616  4.8188585494546503 2.6242673442921856  4.8200667760501377 2.5639888694145503  4.8213513447380549 2.5037310269804798  4.8227285827608046 2.4434992148463053  4.8249610733568957 2.3548025415686884  4.8257095002791655 2.3263092266809204  4.8264932153881457 2.2978257246374092  4.8273198215728028 2.2693541912232424  4.8281973187512133 2.2408978522638345  4.8291385345894211 2.2124622408590091  4.8306676627556469 2.1704729419116515  4.831183804044092 2.1568956399800809  4.8317243096270772 2.1433268782558921  4.8322943779357441 2.1297687890795731  4.8328994936991121 2.1162245446884458  4.8335484057783233 2.1026995652397313  4.8346058866127963 2.0826741936870898  4.8349656904954772 2.0761516759355714  4.8353425575773477 2.0696374981436896  4.8357400836723619 2.0631338085063029  4.8361620833038685 2.0566438428445175  4.8366146211128358 2.0501731251744411  4.8373607362297975 2.0404988582636809  4.8376212459048178 2.0372739158207938  4.8378945073931021 2.0340579703929245  4.8381833258381821 2.0308534773718208  4.8384905782121947 2.0276641491271201  4.8388208484339996 2.0244964006058148  4.8394235742053606 2.0193076500769847  4.8396753559544843 2.0172785498339003  4.839945441009224 2.0152688210051966  4.8402357009959669 2.0132727427724362  4.8405594126231728 2.0113202719658831  4.8409154117666766 2.0094235494570949  4.8413450221719705 2.0076806318429377 
 0 8 0.5261027864295823 6 0.77522375876458538 6 0.89438041009792457 6 0.95204557105015419 6 0.98100084682787392 6 1 8
7 0 0  7 14 3  0.81175845013633485 0  0.79845683680078394 0.10052962534134426  0.78479904341041218 0.20108746905455405  0.77072540029857961 0.30167169277553529  0.75616794271978161 0.4022761889112918  0.74100479399404229 0.50288437092026361  0.72510604218710395 0.60347562718943493  0.70095115751759907 0.74635792869091644  0.69359540928793328 0.78870430116445167  0.68601928109944998 0.8310339992503849  0.67818473485303998 0.87334071282424031  0.67004769394538755 0.91561542470600676  0.66154249682241062 0.95784383221796154  0.6525446886657974 1 
 0 8 0.70352777322756443 6 1 8
7 0 0  7 14 3  4.7871506977858624 3.6217415204842531  4.7893250891475398 3.5392411855229335  4.7915895512654885 3.4568118800682965  4.7939590592291577 3.3744565062250138  4.7964507171721813 3.2921817579461021  4.7990952387465935 3.2100024346009746  4.8019254031314285 3.1279372841012627  4.8063407676400498 3.0115112024987516  4.8076988807432857 2.9770233786776359  4.8091125803627151 2.9425667545592673  4.8105914571554118 2.9081462215659704  4.8121466436229694 2.8737688275406446  4.8137947310392244 2.8394455460994474  4.8155671457574334 2.8051956264820959 
 0 8 0.70352777322756443 6 1 8
7 0 0  7 38 7  0.43257486433693459 0  0.43552974206254341 0.075615727003600239  0.43866480067566149 0.15122034752961702  0.44200975537957571 0.22681358528398171  0.44559856134920534 0.30239372190074065  0.44949256666300874 0.37795639791757613  0.45375708545952687 0.45349576666940494  0.46084478554361208 0.5646089938993637  0.46323939985769769 0.60020926215960835  0.46577412683763914 0.63580026330113804  0.46847905135475365 0.67137978529217845  0.47138591227160481 0.70694430048633217  0.47454553312486436 0.74248772157013732  0.47976713146640021 0.79503528714630034  0.48154537599074798 0.81206367825917192  0.48342073171881184 0.82908308894178817  0.48541385999141073 0.84609118963898433  0.4875466302104699 0.86308435582204079  0.48985393240413883 0.88005635997528775  0.49367367461046768 0.90532029481017584  0.4949938369976859 0.91363625885385347  0.49638413985156177 0.92194264766610512  0.49785980237489336 0.93023687261536858  0.4994367269693531 0.93851492188479024  0.50114043244661211 0.94676984104140938  0.50395935477787079 0.95903113371379833  0.50493380893042406 0.96306400646729873  0.50595974021606838 0.96708624629886608  0.50704866065769916 0.97109486410668189  0.50821228666823282 0.97508524705560051  0.50946937281658033 0.9790493531612332  0.51177437995978536 0.98553023848560117  0.51273706544153896 0.98805570084588223  0.51377400710135479 0.99055737704951219  0.51489237934799059 0.99304371115860235  0.51614792502580664 0.99547532679284079  0.51753430091629815 0.99783687435092938  0.51922381247254257 1 
 0 8 0.52643082303710431 6 0.77471045084690349 6 0.89383198813218223 6 0.95238272544580083 6 0.98119353948056309 6 1 8
7 0 0  7 38 7  4.8705245115675035 2.7965995501183301  4.8695022642082009 2.7369100315536201  4.868434989551786 2.6772261575912948  4.8673152580132326 2.6175481647634977  4.8661345850845024 2.5578774174523158  4.86487764809978 2.4982177031316568  4.8635281376745443 2.4385738928742806  4.8613393295503187 2.3508409873471074  4.8606071006958995 2.3227315527774954  4.8598398707783659 2.2946294565388228  4.859030127035818 2.2665368127063981  4.858169948030695 2.238456773878216  4.8572466512100076 2.2103948087472629  4.8557440382118839 2.1689125691913844  4.8552355677400412 2.1554707121632495  4.8547028523896767 2.1420368588960188  4.8541407361385609 2.1286131828068124  4.8535437658072649 2.1152028942973407  4.8529032433118058 2.1018114922399929  4.8518534970441278 2.0818828781325132  4.8514922492688219 2.0753239830658159  4.8511135036536635 2.0687736679103357  4.8507134657059705 2.0622342536516949  4.8502881754936835 2.0557091974096706  4.8498312804545689 2.0492044655270569  4.8490805603840856 2.0395476198730713  4.8488218219242762 2.0363721721681687  4.8485502558594584 2.0332060154431604  4.8482629959231271 2.030051733087423  4.84795713086059 2.0269131971468251  4.8476280030985111 2.0237971309434482  4.8470274730467828 2.0187072570994715  4.846777343545992 2.0167250175713325  4.846508742544577 2.0147629872392043  4.8462198449445291 2.0128146051346225  4.8458968658221924 2.0109121521113669  4.8455414483588735 2.0090676515728698  4.8451110074496269 2.0073861778151603 
 0 8 0.52643082303710431 6 0.77471045084690349 6 0.89383198813218223 6 0.95238272544580083 6 0.98119353948056309 6 1 8
7 0 0  7 8 2  0.53932252028989458 1  0.53698887638185844 0.99689506554194562  0.5332415678489526 0.99258753653242693  0.52875411433403507 0.98943736899151669  0.52397010004312239 0.98960481390718436  0.51948446532149473 0.99281032280688375  0.51574083864394715 0.99699497486495037  0.51339539285691149 1 
 0 8 1 8
7 0 0  7 8 2  5.1018368917097145 1.987287470081295  5.1024313210596324 1.9896408678590254  5.1033834072394635 1.9928955783728259  5.104516338701055 1.9952409751841145  5.1057114985145571 1.9950168136058408  5.1068212162447875 1.9924541171998227  5.1077419707132687 1.9891507198554041  5.1083174695044846 1.9867854025343163 
 0 8 1 8
7 0 0  8 16 3  0.55860321012704395 1  0.55615584406740348 0.99662103952124326  0.55358566000638432 0.99337193194380524  0.5508435549630305 0.99023906732048272  0.54788962392376583 0.98725039425537076  0.54469001409669171 0.98448266863119527  0.5412176758283459 0.98206118309431223  0.53745701018292069 0.98015197729738168  0.52735231720225051 0.97714038282565185  0.52109942840550771 0.97704555938769699  0.51526364919189482 0.97901613740902116  0.50991316102509632 0.98225632985994904  0.50511748212868657 0.98630769440149091  0.50083770981443898 0.99070625152093672  0.49699458542300778 0.99527046214453174  0.49345277705117596 1 
 0 9 0.40026916272623225 7 1 9
7 0 0  8 16 3  5.3587753427915592 1.9680067802231491  5.3593978070416126 1.9705082016284179  5.3600505548370982 1.9729092813917359  5.360745903171777 1.9752193873054458  5.3614937378372503 1.9774167278366501  5.3623022771169069 1.979442861374938  5.3631778854625587 1.9812029511151812  5.3641239371537877 1.9825717655754234  5.3666592131147928 1.9846545120172054  5.3682224647765358 1.9846113779164514  5.3696749246922799 1.983021333391888  5.3710020837405494 1.9804857837348129  5.3721880126205317 1.9773508645261757  5.3732439011575366 1.9739649625347662  5.3741901312563742 1.9704630087841373  5.3750605312847766 1.9668427867028484 
 0 9 0.40026916272623225 7 1 9
7 0 0  6 22 5  0.57581619406940332 1  0.5720251129113868 0.99459037523501714  0.56800905006838076 0.98936649912924457  0.56369953745890933 0.98433786906500864  0.55902956752018973 0.97959976921396563  0.55394359950629868 0.97531789445688988  0.5451677097410943 0.9697920311156375  0.54182907362569677 0.96803676162976149  0.53832854720041445 0.96659251633907217  0.53468623959877881 0.9655403944023061  0.53094553170725689 0.96495861152229656  0.52317570221786414 0.96473907694053151  0.51914420568190645 0.96517149141153913  0.51521105689351354 0.96615684323964568  0.51143170936757643 0.96759976935236736  0.50783264177821652 0.96940055607522213  0.49862253729060774 0.97500025407303836  0.49335596191582259 0.97931693366644523  0.48851024568217594 0.98410814171538608  0.484030528941855 0.98920369038180078  0.47984738015534012 0.99450390201108974  0.47588986603805622 1 
 0 7 0.31208932023851355 5 0.4889939028899018 5 0.6784982894056808 5 1 7
7 0 0  6 22 5  5.6162495160332142 1.9507937962803616  5.6172111445968174 1.9547179769638117  5.6182285213727408 1.9585012882698534  5.6193187367391673 1.9621356654196078  5.6204982944855475 1.9655499027839229  5.6217806510951878 1.9686211770923188  5.6239885618990035 1.9725493409620094  5.6248276278043665 1.9737882929004908  5.6257063586260303 1.9747957319601444  5.62661952037059 1.9755123747672181  5.627556070655384 1.9758815023774674  5.6294988444868164 1.9759210710995569  5.6305054817381848 1.9755398799591584  5.6314861198438564 1.9747537975973191  5.6324271443465115 1.9736339618067549  5.6333221927797146 1.9722541456866851  5.6356101200204129 1.967995170663867  5.636915577994178 1.9647413335898261  5.6381146364257813 1.9611462284600212  5.639221442601384 1.957334007765468  5.640253606043065 1.9533767776712496  5.6412288802456052 1.9492798756886103 
 0 7 0.31208932023851355 5 0.4889939028899018 5 0.6784982894056808 5 1 7
7 0 0  6 22 5  0.58982367436240246 1  0.58511256969881653 0.99309856210008474  0.58012781993776141 0.98641944324621422  0.57478991283475056 0.97997530232262364  0.56901798025089056 0.97387739943215412  0.56274432747883607 0.96831429738363217  0.55145918868105492 0.96067466290658055  0.54682469805582024 0.95806597323629061  0.54193098309809373 0.95592608632515363  0.53680851231158122 0.95439964607551453  0.53152874524103189 0.95363460903332287  0.52131212390470327 0.95362168263371305  0.51637655829940432 0.95427925749712061  0.51157093548692345 0.95559692018621856  0.50695663942934066 0.95745762461900608  0.50256132741106618 0.95974386626907682  0.49093940629623117 0.96702796334032304  0.48419804323721993 0.97274226176266032  0.47800851633246683 0.97907066896902395  0.47229789534187122 0.98578984716599538  0.46697237123132829 0.99276859211774116  0.46193815323534571 1 
 0 7 0.30451738643470777 5 0.49749312256637124 5 0.67804208597884652 5 1 7
7 0 0  6 22 5  5.8745497732993615 1.9367863159885665  5.8757403325757993 1.941715567982925  5.8769988670161153 1.9464802920098057  5.8783452296544869 1.9510703958997038  5.8797994288964857 1.9554045561148885  5.8813780371732465 1.9593458159455099  5.884213250685594 1.9647254634047167  5.8853766085812502 1.9665528560893171  5.8866038952388138 1.9680385717395421  5.887887229111648 1.9690786789760277  5.889208479429251 1.9695675045041172  5.8917624693901489 1.9694549364055547  5.8929950606479702 1.968921745479288  5.8941939593847508 1.9679141568815599  5.8953440397426764 1.9665174856940975  5.8964386049021442 1.9648168586138592  5.899330565001458 1.9594276965250084  5.9010053606669697 1.9552290164419572  5.9025411106157293 1.9505952846063626  5.9039564525317889 1.9456865583962879  5.9052750750848517 1.9405962315880982  5.9065204368417703 1.9353281628869503 
 0 7 0.30451738643470777 5 0.49749312256637124 5 0.67804208597884652 5 1 7
1 6.2831853071795862 -0 0 1 
1 0 -0 0 1 
1 0 0 1 0 
2 0 0 1 0 -0 1 4
7 0 0  6 27 6  0.60463598930285456 1  0.59891559681170936 0.99142278995876665  0.59286827729987346 0.98311213281230492  0.58639977177689029 0.97508187364729548  0.57941124066551941 0.96746440982552973  0.57182091319590289 0.96047976220782583  0.56021042543945565 0.95226050950062202  0.5568556413682938 0.95012801051781948  0.55338374640980381 0.94818537402994352  0.54979440098336751 0.94646961684449415  0.5460955553625656 0.9450209357068301  0.53741843478831486 0.94239743176215207  0.53236661567143828 0.94141928080115  0.52722891706075448 0.9410345168416393  0.5220833425650202 0.94127831184190913  0.51700956999831216 0.94212463489225529  0.50854702471076785 0.9444622929105525  0.50507667158688541 0.94570929042184571  0.50169713155764872 0.94719661155155555  0.49841686401370205 0.94889186261656111  0.49523740568553659 0.95076412733724613  0.48314571771583614 0.95871315387398448  0.47501877423688105 0.96591600404212941  0.46757141233625177 0.97385710510492074  0.46071227504927881 0.9822654492574322  0.45432331557874023 0.99098109259707834  0.44828964879091976 1 
 0 7 0.30294310150130671 5 0.42036243524935485 5 0.57184678602334493 5 0.6809633027533093 5 1 7
7 0 0  6 27 6  0.11133133201482866 1.9219740010466104  0.11276331050172379 1.9280290577092518  0.11427693792463871 1.9338947698687494  0.11589577593617503 1.9395611573016924  0.11764450577562835 1.9449343847026423  0.11954352381163323 1.9498586875297934  0.12244780565361603 1.9556478726864868  0.12328692849947857 1.9571491788370485  0.12415528733434848 1.9585159664482694  0.12505296034605826 1.9597220635348156  0.12597795302510814 1.9607390687146289  0.12814773765570278 1.9625768545051392  0.12941087603287252 1.9632584120886791  0.13069536838664855 1.9635202095781343  0.13198171144360302 1.9633375628018748  0.13324999493327708 1.9627290652569818  0.13536520225851748 1.9610594411162776  0.13623256394217229 1.9601708910728071  0.13707718159860569 1.9591126294175549  0.13789694703055919 1.9579075810752915  0.13869148213455054 1.9565776105617683  0.14171301902821395 1.9509338833214938  0.14374352759272105 1.9458257548749749  0.14560405005548788 1.9401973238314871  0.14731747015751862 1.9342399822657803  0.14891332497560997 1.9280665526196341  0.15042033641348437 1.9216796584409082 
 0 7 0.30294310150130671 5 0.42036243524935485 5 0.57184678602334493 5 0.6809633027533093 5 1 7
7 0 0  6 27 6  0.604320005984191 1  0.59869209472106599 0.99161046878102044  0.59274801003747457 0.98347833699661613  0.58639910187820543 0.97561949578681817  0.57955202858111854 0.96815910451746845  0.5721286497356104 0.96130340582902662  0.56057207217789662 0.95302388028283858  0.55705938086648155 0.95077256741492766  0.55341699270872269 0.94872863382388128  0.54964407305247498 0.94693556594268147  0.54574990733179485 0.94544083542881241  0.53698074067577928 0.94290495154626874  0.5320515220389771 0.94200678943561433  0.52704446996444299 0.941677971615969  0.52203346266020467 0.94194964399603298  0.51709332679171471 0.94279626665741401  0.5087542840961583 0.94512377401822156  0.50528163512433766 0.94638484039048698  0.50190140402995398 0.94788859270574688  0.49862216883587013 0.94960191989912701  0.49544538579573016 0.95149324849980799  0.48354920410008939 0.95940035690577141  0.47559024034675385 0.96649627675742067  0.46829518365170208 0.97430827786292118  0.46157433236560286 0.98257433721421061  0.45531355339912377 0.99114010839709532  0.44940185925971404 1 
 0 7 0.30002849524048031 5 0.42456909998915476 5 0.57360527878781087 5 0.68391090230328744 5 1 7
7 0 0  6 27 6  0.37325957603343385 1.9222899843642978  0.37466120165156391 1.9282439223441439  0.3761420110029674 1.9340171373541559  0.37772417657516505 1.9395986918652905  0.37943111381353289 1.9449003638834232  0.38128249096763989 1.9497765045271775  0.38416620759262021 1.9556745641086131  0.38504289993251967 1.9572796416053473  0.38595214827261376 1.9587384670261134  0.38689419060540314 1.9600202620585891  0.38786673802134608 1.9610913879239424  0.39005733612582705 1.9629160616601506  0.39128903490643913 1.9635686132790611  0.39254056856701131 1.9638185181287022  0.39379349240583511 1.9636434328854309  0.39502908674683596 1.9630611307291863  0.39711540475593282 1.961442217845111  0.3979844141170405 1.9605614716947939  0.39883048576503183 1.9595085933175473  0.39965145364080784 1.9583069814079295  0.40044693284767524 1.9569789743183843  0.40342635913278208 1.9514220541349114  0.40542095870208694 1.9464256060421761  0.40725010722575078 1.9409195270083313  0.40893604879102219 1.9350896459706399  0.41050720890302062 1.9290456467502162  0.41199133040050845 1.9227918689093606 
 0 7 0.30002849524048031 5 0.42456909998915476 5 0.57360527878781087 5 0.68391090230328744 5 1 7
7 0 0  6 27 6  0.59866155201104876 1  0.59332303939819497 0.99218017459037489  0.58768303737102923 0.98461127405420701  0.58165366715052591 0.97730683964722131  0.5751439707293452 0.9703909878338568  0.56807950132119167 0.96406984651056171  0.55722071553268726 0.95663243153434951  0.55403238216850914 0.95468173122426858  0.55073213232423568 0.95291715576499458  0.54732035026992809 0.95137561712142737  0.54380604971133961 0.95009666686051331  0.53573402232190059 0.94789199748828012  0.53112037567751758 0.94712587892777833  0.52644039601133719 0.94689461292212096  0.52176464782406984 0.94722350917762388  0.51716306531056022 0.94808475421946037  0.50953623731400466 0.95033041523822648  0.50643403580255031 0.9514935481718142  0.5034127778653712 0.9528627961290882  0.50047924607613925 0.95441081184059939  0.49763454953052477 0.95611162769027092  0.48686209174306927 0.96327285378710981  0.47961437560983455 0.9696949297387506  0.47296511857946805 0.97676091160125189  0.46683335803018028 0.98423704654552668  0.46111855059148044 0.99198622862156649  0.4557221277875399 1 
 0 7 0.30690558940384449 5 0.42850128216883498 5 0.57986129513923468 5 0.68744420201807155 5 1 7
7 0 0  6 27 6  0.63651568924352231 1.9279484383375234  0.63783871496893985 1.9335687229083858  0.63923746027548511 1.9390133257767792  0.64073391404806002 1.9442733448570999  0.64235099871746881 1.949261065826345  0.64410763160119688 1.9538301268556999  0.64681112004655106 1.9592285958098363  0.64760525724583051 1.9606475284020235  0.64842764759197757 1.9619347316559927  0.64927825089040947 1.963063848902131  0.65015487399408489 1.9640065553404575  0.65216949355569076 1.9656489524905425  0.65332170775957354 1.9662352712635496  0.65449130785949317 1.9664404859640034  0.65566069442085995 1.9662458426053531  0.65681234550366607 1.9656705102917202  0.65872237640361397 1.9641326449431153  0.65949965799816523 1.9633288013583281  0.66025701863798847 1.9623770449741516  0.66099272197040193 1.9612968241781001  0.66170645181502463 1.9601066577516442  0.66441034922432995 1.9550848652552546  0.66623199286189061 1.9505600970914951  0.66790503608718299 1.9455694964923032  0.66944936172763692 1.9402807413136987  0.67088989444568159 1.9347926589331856  0.67225126248710942 1.9291121374369986 
 0 7 0.30690558940384449 5 0.42850128216883498 5 0.57986129513923468 5 0.68744420201807155 5 1 7
7 0 0  6 22 5  0.5879778170625396 1  0.58340760085979027 0.99348891424920027  0.57858222964975348 0.98719172073569084  0.57342808143382862 0.98112204961589033  0.5678702868401746 0.97538433311092976  0.56184717679837792 0.97015241405891484  0.55100781160708745 0.96294627462478233  0.54653912991514186 0.96047680637003308  0.54182250644231 0.9584546187762677  0.53688534321211556 0.95701941693390002  0.53179469146276193 0.95632078500085971  0.52191689244876671 0.95639922503216823  0.5171322604034353 0.95709058726308605  0.51248002307542062 0.95843547035289622  0.50802207051890891 0.96031657608549781  0.50378614176760816 0.96261468117939042  0.49303653248898327 0.96962894163751168  0.48692807934909338 0.97492708355673019  0.48131872707067191 0.98076523034875995  0.47614130120662423 0.9869484995761959  0.47131420186556056 0.99336347755310317  0.46675597280684711 1 
 0 7 0.30785792271428153 5 0.50456401638980908 5 0.68952156808329135 5 1 7
7 0 0  6 22 5  0.90100885589670343 1.9386321732812632  0.90213653321629883 1.9434022282376455  0.90332846442650305 1.9480215367109748  0.90460308440075621 1.9524811929044938  0.90597934620491216 1.9567066016289181  0.90747306172716669 1.9605727289392225  0.91016621357989147 1.9659317567591406  0.91127764217452745 1.9677783354321547  0.91245206736075923 1.9693044837532265  0.91368296055351905 1.9704085790281418  0.9149539080100757 1.9709811614719344  0.91742331999850091 1.9710530559378139  0.91862095907071328 1.9706144425134495  0.91978700605362829 1.9697003762685419  0.92090572435588469 1.9683948794391899  0.92196990715225191 1.9667839410188555  0.92467324694435926 1.9618379240926165  0.92621245767142324 1.9580751314034532  0.92762817015645138 1.9539133485640143  0.92893672610077493 1.9494948116975788  0.93015826092408449 1.9449028776051394  0.93131311339073763 1.9401459824530711 
 0 7 0.30785792271428153 5 0.50456401638980908 5 0.68952156808329135 5 1 7
7 0 0  7 20 4  0.57295888788156402 1  0.56983755517409451 0.99570827211210422  0.56656784420762063 0.99154587307753483  0.56311217877694475 0.9875175316186845  0.55943387285289448 0.98366402143718967  0.55550038035536564 0.98005700829128006  0.55127649335488038 0.97680643555239366  0.54301429635194043 0.97187699338543454  0.53905436366102155 0.96999214408041179  0.53487143402013282 0.96857742212096631  0.53052851413426161 0.96777995035920561  0.52611099121514926 0.96770066853036418  0.52173468547525692 0.96834348984743268  0.51093252892740515 0.97147847630481077  0.50486747105815244 0.97481927251588951  0.4993750602221842 0.97910383195964446  0.49439447684794158 0.9839278403282542  0.4898602778206233 0.98906165098682708  0.48567459812327796 0.99440220918626421  0.48171942892377889 1 
 0 8 0.3235238645463675 6 0.58503286984685621 6 1 8
7 0 0  7 20 4  1.1665601215108943 1.9536511024637839  1.1673275856278953 1.9568719323671673  1.1681325174804937 1.960000078437115  1.1689843239168649 1.9630326644393885  1.1698922965147778 1.9659401764268674  1.1708647841119133 1.968670203066853  1.1719109157553151 1.9711420465812528  1.1739614689287206 1.9749217089259108  1.1749456863340961 1.976380355834009  1.175987045023785 1.9774953721289401  1.1770702368422754 1.9781568343271476  1.1781742233630201 1.97828847332938  1.1792700696684746 1.9778852224133796  1.1819796205842961 1.9757440767182666  1.1835056849182117 1.9733721922800276  1.1848914501698247 1.9702917059153351  1.1861509092010789 1.966802677477518  1.1872997302658528 1.9630762267618638  1.1883620659712664 1.959190302798238  1.1893675667081722 1.9551094385661401 
 0 8 0.3235238645463675 6 0.58503286984685621 6 1 8
7 0 0  8 16 3  0.55463187866536945 1  0.55201586604575892 0.99654454546185589  0.54925710234379754 0.99326288144441499  0.54626825192376016 0.99011479612447073  0.54298632345845887 0.98714938377193551  0.53936489240148877 0.98454803445614902  0.53540441673453754 0.98252432340222873  0.53109860074320514 0.9814576099011888  0.52227502550854288 0.98156897057505998  0.51809952046758234 0.98267550532025716  0.51426673117544253 0.98469762208286926  0.51076963218650073 0.98728207407254043  0.50760719581057279 0.99022246075431197  0.50473414202297362 0.993343692248147  0.50209183379548661 0.99659239175243908  0.49960013811254628 1 
 0 9 0.50772447203048454 7 1 9
7 0 0  8 16 3  1.4329132689176058 1.9719781116626898  1.433554930215174 1.974642575082568  1.4342328841740652 1.9771784556040817  1.4349688187893199 1.9796178054154583  1.4357786524429585 1.981924670032349  1.4366746318347261 1.9839625520341535  1.4376573990740658 1.985569706471078  1.4387298764590339 1.9864585940453297  1.4409357716141538 1.9865394822304048  1.441983387285954 1.9857792783248522  1.4429485919195675 1.9843185867693112  1.4438318910553816 1.9824249777433813  1.444632808318312 1.9802549377090759  1.4453620396952815 1.977942043243734  1.4460340516493342 1.9755278995402941  1.4466689858876491 1.9729901477446745 
 0 9 0.50772447203048454 7 1 9
7 0 0  7 8 2  0.53429062219404011 1  0.5329452667173632 0.99829498344725731  0.53073700571946569 0.99583839763831694  0.52809857027231966 0.99397371344378427  0.52532206531064451 0.99397875162098681  0.5227468168268522 0.99574899158800434  0.52057997655349386 0.9982137858680864  0.51922381252320304 1 
 0 8 1 8
7 0 0  7 8 2  1.6997523685952676 1.9923193681580784  1.7000819814337602 1.9936713090975735  1.7006243420638585 1.9956245616421548  1.7012765357961825 1.9971263313286998  1.7019705429956324 1.9971774152174613  1.702621150433832 1.9958512633813514  1.7031723934647964 1.9939766234886425  1.7035183538471672 1.992613822183845 
 0 8 1 8
7 0 0  7 38 7  0.65547308344317989 0  0.65122672219609312 0.075793020319121648  0.6467426232961796 0.15156641505455817  0.64198177415131075 0.22731956225482092  0.636899508697091 0.30304936018925899  0.63141579704150863 0.37874804227857423  0.62544492503455107 0.45440529272971869  0.6155580736976104 0.5660685904943632  0.61219947428862087 0.60212134423760388  0.60865311145221479 0.63815720544440091  0.60487846066528117 0.67417206400075302  0.60083296425968291 0.71015947159748027  0.59644844288265875 0.74610830426704755  0.58922779471338571 0.79920759289954357  0.58677301529848602 0.81640244681305207  0.58418797184328519 0.83358082236154651  0.58144468164075958 0.85073847827459381  0.57851379031876748 0.86786881237310876  0.57534869322214577 0.88496043932799451  0.57012262463820451 0.91034854867930703  0.5683202070430543 0.91868928347253165  0.56642393288822401 0.92701252590660577  0.56441363237631248 0.93531357196272147  0.5622682240705339 0.94358515964638501  0.55995422043968546 0.95181479578450279  0.55648936250533187 0.96286766108528077  0.55555275238034307 0.96574914491431696  0.55458183598512767 0.96862068800796963  0.5535726048560462 0.97148067552182771  0.55251988166706723 0.97432667842024578  0.55141640737829112 0.97715514094620903  0.54900224592528846 0.98297230140107517  0.54768602337753391 0.98594888583975659  0.54628539750886829 0.98889419224340669  0.54478502176058519 0.99180400917249845  0.54315149797920603 0.99465245952524528  0.54136440469322533 0.99741195645618774  0.53932252026006344 1 
 0 8 0.52610831153024118 6 0.77714299773670492 6 0.89753611674621758 6 0.9566238759113278 6 0.97754649700273011 6 1 8
7 0 0  7 38 7  1.9271993941180139 2.8060991774799824  1.9285646145789486 2.7459599627943612  1.9299892120883138 2.6858310364204843  1.9314829387871599 2.6257129100900305  1.9330569505356121 2.5656080508511483  1.9347312249592059 2.5055230605216967  1.9365271512532611 2.4454664562812156  1.9394464117412926 2.3568251650172636  1.9404305674679174 2.3282050587532654  1.9414616024034876 2.2995980959015858  1.9425496306500174 2.2710080306711364  1.943705265326511 2.2424404707726668  1.9449455055068392 2.2139051326462265  1.946963528810927 2.1717620441885708  1.9476461532736227 2.1581160042474439  1.9483612772016283 2.1444842007514522  1.9491158783875433 2.130870453767669  1.9499172680662298 2.117280474607059  1.9507770501871 2.1037240845076068  1.9521853178740745 2.0835944093766008  1.9526693483550648 2.0769823914398735  1.953176770497058 2.0703856149513151  1.9537126070690911 2.0638081846592633  1.9542820984559124 2.0572562559123524  1.9548935650192043 2.0507403830669526  1.9558040418839835 2.0419951222970165  1.9560497324726518 2.0397157841922415  1.9563039584931239 2.0374449400831236  1.9565677154029186 2.0351839510840142  1.9568422875507756 2.0329348495969009  1.9571294750914119 2.0307006060966151  1.9577562889722206 2.0261081015889126  1.9580972502827088 2.0237595901299401  1.9584591833923706 2.0214375124030077  1.958845907351275 2.0191455123483553  1.9592656661673746 2.0169048632547386  1.9597234534152965 2.0147379489907111  1.9602442381273688 2.012712529919277 
 0 8 0.52610831153024118 6 0.77714299773670492 6 0.89753611674621758 6 0.9566238759113278 6 0.97754649700273011 6 1 8
7 0 0  7 14 3  0.75210532265490326 0  0.74600608929440837 0.10094558908474881  0.73942606185389015 0.20183500018526063  0.73228637813135777 0.30266596933862278  0.72449673340703202 0.40342850698664701  0.71589574510609555 0.50409862271243711  0.70631060072457186 0.60464415998779786  0.69061406365637801 0.74729357177318545  0.68570102817714562 0.78955186339129846  0.68049490641163302 0.83177025886655875  0.67494580281558814 0.8739407286435863  0.66899565910123726 0.91605096643589079  0.66255847204041973 0.95808168889433831  0.65547308344366251 1 
 0 8 0.70349916377923327 6 1 8
7 0 0  7 14 3  1.8908473866444202 3.6033185915851433  1.8936019971695923 3.5229371167554868  1.8964762435662381 3.4425823211908835  1.8994898547011245 3.3622541066588534  1.9026653327718186 3.2819581693252506  1.9060427926880339 3.2017118937263467  1.9096651197070782 3.1215383004407218  1.9153293688922968 3.0077549931981564  1.9170732005019624 2.9740433801162425  1.918889909115814 2.9403590365330259  1.9207918813818428 2.9067086493305578  1.9227934941878382 2.8731023757563037  1.9249160285977198 2.8395563930644561  1.927199394117894 2.8060991774799646 
 0 8 0.70349916377923327 6 1 8
7 0 0  7 14 3  0.27479738293072675 1  0.25188401410769989 0.94304496449535913  0.2307603459439572 0.88557172408390328  0.21086473289717667 0.82778831862895386  0.19198662720930543 0.76978567324344294  0.17393049668961336 0.71163425456500762  0.15658082509841345 0.65336337020831392  0.11738055325870843 0.51669785232549292  0.096020431829583849 0.43824316435635857  0.075528117360583583 0.35967689184636892  0.055768010972625327 0.28103497207931705  0.036643710982567378 0.20234127783705208  0.018074471634777968 0.12361236693735231  0 0.044856287576223244 
 0 8 0.42718244424902529 6 1 8
7 0 0  7 14 3  2.2842742816347243 2.8592919463672679  2.289323281641733 2.9089680911828983  2.2939184203341694 2.9591334897839356  2.298202593428849 3.0096163217539647  2.3022295265354629 3.060338721938491  2.3060489471038768 3.1112408116457164  2.3096900872177053 3.1622970053285497  2.3178565884464066 3.2821576613626324  2.322258423917146 3.3510542856096954  2.3264415555964186 3.4201378005030469  2.3304403179149951 3.4893755613786612  2.3342791013893995 3.5587452138476996  2.3379782946440173 3.6282308982681784  2.3415530707896761 3.6978241693296985 
 0 8 0.42718244424902529 6 1 8
7 0 0  7 32 6  0.27479738292954531 0  0.2849474567263296 0.07730525583520155  0.29548719290284631 0.15457660811658461  0.30648090198016431 0.23181132439717761  0.31800206656983593 0.30900023802434462  0.33018073068569703 0.38612029168971623  0.34315659066756815 0.46314198158868242  0.3640808306376726 0.5767603099077212  0.37111984492412542 0.61348075325401841  0.37847156574523311 0.65015417452690194  0.38618684971077966 0.68677091302717108  0.39435306863562886 0.72330808805309632  0.40306539677559206 0.75973604591539823  0.41724094668529454 0.81376589171213753  0.42209587567677626 0.83149594213744293  0.42717356990549071 0.84917464791452479  0.43251052681778507 0.86679186450648871  0.43816805104968409 0.88432380279903544  0.44421256270898268 0.90173944402791584  0.45413674501383322 0.92762322060473712  0.45759418007573238 0.93622303606233059  0.46121351326296817 0.94476773014888971  0.46502846776532486 0.95324260299827501  0.46907387834428721 0.96162540097653193  0.47340295152278433 0.96987884063821317  0.48007049323999701 0.98123016014733211  0.4820749341260685 0.98449441371002078  0.48415464397695007 0.98771828368594261  0.48631877686325714 0.99089460158262344  0.48857856057140514 0.99401232244620652  0.49094936608416451 0.99705512303616295  0.49345277706121571 1 
 0 8 0.53217882837963282 6 0.78675547843748395 6 0.91160325516660135 6 0.97430217297571287 6 1 8
7 0 0  7 32 6  2.2842742816350317 2.8592919463673105  2.2820346511465623 2.7953667479331061  2.2796974916997406 2.7314881988663808  2.2772467189469574 2.6676585335551679  2.2746639313372352 2.6038853286309016  2.2719165361073244 2.540186968054452  2.2689695034006894 2.47658730571872  2.2641765502328237 2.3827888064488132  2.2625584025768193 2.3524771180379194  2.2608619127556469 2.3222069712726277  2.259074331873212 2.2919858331956227  2.2571737328560442 2.2618314945524363  2.2551362123837646 2.231767275553151  2.2518008630010922 2.1871704585663072  2.2506555724667345 2.1725349688628022  2.2494544031726318 2.15794047500885  2.2481881932505541 2.1433947976317187  2.2468415274725348 2.1289165411113355  2.2453976841445491 2.1145301800830314  2.2430166791761734 2.093137516758468  2.2421855653986129 2.0860279656333396  2.241313771717155 2.0789617079845946  2.2403928120517089 2.0719502397696159  2.2394138933949641 2.065011236024898  2.238363572616255 2.0581743632533782  2.2367406544040414 2.0487604624586711  2.2362521911242261 2.0460520210646962  2.2357447581020997 2.0433755408504886  2.23521603956259 2.0407367359507806  2.234663186448576 2.0381444569165521  2.2340822937265807 2.0356117994762433  2.2334678776924615 2.0331572132969669 
 0 8 0.53217882837963282 6 0.78675547843748395 6 0.91160325516660135 6 0.97430217297571287 6 1 8
7 0 0  7 32 6  0.80904556125028804 0  0.79882719293454885 0.078455942114105198  0.78811453419460897 0.15683565071614758  0.77682582322203242 0.23513613855781956  0.76486795530992757 0.31334435490386681  0.75207631938320063 0.39142758870713212  0.73827440947440193 0.46934283116656583  0.71561144387273201 0.58443329655274523  0.70789506610899244 0.62180176086540906  0.69977709490886641 0.65909677992856253  0.69119229543584515 0.69630484973326068  0.68202838096016316 0.73339296907504958  0.67216417261168238 0.77031759754028239  0.65588449644260804 0.8251508161647354  0.65024267925117751 0.8432454908351884  0.64431021600849447 0.86126347698712169  0.6380390796760772 0.87918966995307102  0.63135043932166224 0.89698817689225885  0.62415899324102642 0.91461129937931385  0.61364836074099383 0.93764465911178718  0.61097567513340589 0.94330143047571346  0.60821763691420916 0.9489235236646737  0.60536548218966868 0.95450580775112226  0.60240851476885571 0.96004113621536291  0.59933282992150294 0.96551975060264339  0.59354252321801437 0.97526808987974811  0.5908776135990258 0.97956136852202724  0.58811456844809318 0.98380259134378478  0.58524234290592769 0.98798289587407473  0.58224771280647836 0.99208926358230565  0.57911339939865669 0.9961032975262416  0.57581619406806273 1 
 0 8 0.53699544269721444 6 0.79589919299753298 6 0.92418586065601249 6 0.96625186105863381 6 1 8
7 0 0  7 32 6  2.4129278310154909 2.876507826673425  2.4157526849803235 2.8116334702794803  2.4187006084181886 2.7468090998645671  2.4217920187254491 2.6820372002050301  2.4250501320748374 2.6173285491696645  2.4285159683305069 2.5527109030735189  2.432233482222931 2.488220382487901  2.4382931385651685 2.3929480090199169  2.4403500488139014 2.3620123635528936  2.4425070176058283 2.3311361185865089  2.4447803016067353 2.300330998095212  2.4471978515755288 2.2696255195372856  2.4497898040673713 2.23905698398403  2.4540464893420042 2.1936711254858121  2.4555185430531732 2.1786954400517153  2.4570629624174174 2.1637851663028096  2.4586917000744934 2.1489534326295856  2.4604243377707622 2.1342311050228142  2.4622820342905394 2.1196589447554492  2.4649878220809995 2.1006248244796795  2.4656751752509973 2.0959511846859589  2.4663837424874999 2.0913072942770614  2.4671156969873147 2.0866975471656106  2.4678736881163448 2.0821280454009319  2.4686611584196076 2.0776071160685698  2.4701417242578105 2.0695666867989249  2.4708224746571514 2.0660269853708924  2.4715275765686608 2.0625318197780986  2.4722597607513292 2.0590887349864007  2.4730222886329716 2.055708775161849  2.4738194169594254 2.0524075337774028  2.4746568624437599 2.0492062037196526 
 0 8 0.53699544269721444 6 0.79589919299753298 6 0.92418586065601249 6 0.96625186105863381 6 1 8
7 0 0  7 14 3  1.053219980699166 0.044856287575157416  1.0348721454268308 0.1458413856696551  1.0155199196225575 0.24658388391765651  0.99499556332625116 0.34707479991533891  0.97310842467764813 0.44727348739990752  0.94952892092628816 0.54708070702558587  0.92390279528389063 0.6463649285284796  0.88455336531828876 0.78177021859117768  0.87340318809085904 0.81857676883937747  0.8617839374447509 0.85525174961841144  0.84963159523022735 0.89177240246270184  0.83687018707616889 0.92810607604023987  0.82339625890798473 0.96420571339831462  0.8090455612500308 1 
 0 8 0.72729218661918305 6 1 8
7 0 0  7 14 3  2.341553070789657 3.6978241693306231  2.3472401867478467 3.6112926476345955  2.3531740638733227 3.524900229467868  2.3593964798832765 3.438652051311617  2.3659545822581611 3.3525798050401918  2.3729295992962367 3.2667668742553109  2.3804085615676889 3.1813233053170356  2.3917054695618347 3.0646899053940091  2.3948894421893994 3.0329752913203443  2.3981889425576446 3.0013635137063304  2.4016197205995482 2.9698746653522723  2.4052004078488585 2.9385375577586346  2.4089563501208038 2.9073939581676309  2.4129278310155482 2.8765078266734321 
 0 8 0.72729218661918305 6 1 8
7 0 0  7 14 3  0.21431459699176808 1  0.18530716720688947 0.94085934611694166  0.15862956408452467 0.88090957618902077  0.1335638649978956 0.82046664518768542  0.10983823394344955 0.75967134846912421  0.08719825283489635 0.69863238367642055  0.065491557795138003 0.6373951568011671  0.037990197497100787 0.55661426989811624  0.031479334589485874 0.53723891047968908  0.025044528764526248 0.51784870920080106  0.018682261419075117 0.49844481377004868  0.012389313668098714 0.4790282512031187  0.0061627663446762616 0.45959992782278813  0 0.44016062925892452 
 0 8 0.76034864311780781 6 1 8
7 0 0  7 14 3  2.5616794181283478 2.8945270220411139  2.5683154603589533 2.9482204141101471  2.5743614902791281 3.0026869690687339  2.5800002051470852 3.0576518110621889  2.5853009699630651 3.1129889902172123  2.5903284709657246 3.1686017783338625  2.5951212307944096 3.2244489287530067  2.6011611366363598 3.2981903172818812  2.6025885323876792 3.315882578377122  2.6039968189643474 3.3335937210055264  2.6053868869351691 3.3513226958773346  2.6067595507332668 3.3690685601557884  2.6081155486560776 3.3868304774571287  2.6094555428653545 3.4046077178505989 
 0 8 0.76034864311780781 6 1 8
7 0 0  7 32 6  0.21431459699184138 0  0.22677288139670718 0.07855352780203953  0.23972724573256088 0.15704847250378312  0.25325997224619268 0.23548092414434107  0.26746449069838918 0.31383694536979079  0.28250578672503185 0.39208132002170998  0.29856052514885889 0.47016873971499373  0.3245515095579562 0.58543890119576991  0.33333814241885273 0.62281456655312206  0.34252569415165746 0.66011617066245609  0.35217918281708371 0.69732888568662821  0.36240995863418923 0.73441738910348864  0.37333833765263219 0.7713357718666356  0.39120961563702727 0.82616613108080983  0.39738387547435772 0.84427482873770221  0.40384784231685822 0.8623022136409324  0.41064926459256057 0.88023199174035915  0.41786615191237109 0.89802643621723643  0.42558287427388664 0.91563595578021384  0.43671830145396739 0.93849685337384259  0.4394917677122479 0.9440097264805527  0.44234573785837539 0.94948794425156957  0.44528824312070003 0.95492655119115433  0.44832902319651347 0.9603187613201839  0.45148062572785974 0.96565541174726577  0.45746221878679144 0.97526754766705548  0.46025057965123228 0.9795635464979785  0.46313501486798253 0.98380634193420824  0.4661262186744447 0.98798706572937345  0.46923698475914827 0.99209280632793584  0.47248403797278737 0.99610536300398012  0.47588986603925931 1 
 0 8 0.53782018311224511 6 0.79658928312017707 6 0.92500330477890025 6 0.96611361858914202 6 1 8
7 0 0  7 32 6  2.56167941812833 2.8945270220411103  2.5588263636505792 2.8281768561755509  2.5558493122971226 2.7618954425396747  2.5527276935604926 2.6956860611067888  2.5494381189895727 2.6295604934469083  2.5459392455668572 2.5635477419016004  2.5421867804093701 2.4976854790975831  2.5360751384423299 2.4004825434616861  2.534003750658532 2.3689683392740681  2.5318319684931869 2.3375193705753383  2.5295434936519201 2.3061475812035073  2.5271103782931164 2.2748815310628885  2.5245023988767556 2.2437586368494133  2.5202191020829239 2.1975289523962043  2.5187365104142652 2.1822596779388053  2.5171812519617593 2.1670573211757436  2.5155413374797311 2.151934980155664  2.5137971413588613 2.1369232824719515  2.5119274084342291 2.1220627279668727  2.5092208002934853 2.1027592077446182  2.5085460678912335 2.0981032948097491  2.5078510984841569 2.0934756199528732  2.5071338678692299 2.0888802217031079  2.5063919186031094 2.0843226451991379  2.50562208331139 2.0798103821952667  2.5041592387616878 2.071679439520079  2.5034767036804646 2.0680440599164607  2.5027699759738455 2.0644521016210744  2.5020363525105656 2.0609108313769724  2.5012725916965932 2.0574308650795881  2.5004744513632788 2.0540271795505278  2.4996362266555088 2.0507201243113649 
 0 8 0.53782018311224511 6 0.79658928312017707 6 0.92500330477890025 6 0.96611361858914202 6 1 8
7 0 0  7 26 5  0.85626546442294615 0  0.84408334650380756 0.079399779381031099  0.83133019109367212 0.15870330971793356  0.81791144368632596 0.23790636980245616  0.80371935984843434 0.31699173533044134  0.78856510158944615 0.39591676020406641  0.77224558442246827 0.47462538271028309  0.74544581370764873 0.59109891611938614  0.73627596644670734 0.62911230100974525  0.72663638886955662 0.66702866810052641  0.71645049215996137 0.70483007889678428  0.70558731282581422 0.74247244265107404  0.6939061178231235 0.77989753219625235  0.6745881914995604 0.8355446219321252  0.66784848761059501 0.85401243438719265  0.66076266519263338 0.8723758635900658  0.65327304947956355 0.89061401030873699  0.64528642406216918 0.90867729968338262  0.63670300241801192 0.92649991602657267  0.62270100457264799 0.95237419180140814  0.61794250504341619 0.96070819364012017  0.6129574024800144 0.96893616387524872  0.60770620155444077 0.97703232360527503  0.60214677193435973 0.98495665352355266  0.59622114387350444 0.99264711334145439  0.58982367436078753 1 
 0 8 0.54128780599757353 6 0.80448749482701909 6 0.93628134788525363 6 1 8
7 0 0  7 26 5  2.6636257998164239 2.9055116297614916  2.6668906317983585 2.8386699415198131  2.6702975010704857 2.7718969115752605  2.673870011350008 2.7051961019998325  2.6776350236073427 2.6385819972012756  2.6816395944106848 2.572091113598634  2.6859342984744199 2.5057711451079618  2.6929511594805549 2.4076185195663466  2.6953468970014391 2.3755826123484756  2.6978596384759799 2.3436269853983815  2.7005084727196387 2.3117672450345697  2.7033260087231921 2.2800416284866531  2.7063472574820651 2.2485003450444281  2.711326498419377 2.2016092573305119  2.713061067849126 2.1860485815749033  2.7148818253724811 2.1705776044705951  2.7168031298314741 2.1552145237694909  2.7188481476781967 2.1400022004911454  2.7210416437599609 2.1249973018223813  2.7246111794881154 2.103225890003575  2.7258230202545164 2.0962153729966135  2.7270912075331317 2.0892964129862821  2.7284255452443702 2.0824912707253884  2.7298364579765861 2.075834305375551  2.7313382715961039 2.0693787363640168  2.7329571197099685 2.0632136840114406 
 0 8 0.54128780599757353 6 0.80448749482701909 6 0.93628134788525363 6 1 8
7 0 0  7 14 3  1.0532199806991656 0.4401606292587853  1.033130293582617 0.51295971499905313  1.0120340040720532 0.58546545882487933  0.98975928744254682 0.65766471627207834  0.96611207172676494 0.72950164801048389  0.94076993423614719 0.80084333028344679  0.91338467255746103 0.8715133964592503  0.8793599680024119 0.94959667582362006  0.87562955125022701 0.95804198164647281  0.87185409068590547 0.96647065395140908  0.86803187564143258 0.97488181576627753  0.86416105328052617 0.9832744922156621  0.86023962859863723 0.99164761052088424  0.85626546442294937 1 
 0 8 0.89163928128056102 6 1 8
7 0 0  7 14 3  2.6094555428653536 3.4046077178507232  2.6151271953549169 3.3398379593557652  2.6210457628945258 3.2752900772487887  2.6272539988405912 3.2109754451635912  2.6337998166020165 3.1469432715136203  2.6407625198271116 3.0833131763018571  2.6482274533052581 3.0202433483889051  2.6574139394393375 2.9505243673722785  2.658420081594528 2.9429832813903829  2.6594372966518898 2.9354566205662755  2.6604660042890806 2.9279451873182132  2.6615066588744392 2.9204498742343614  2.6625597494669861 2.9129716640727934  2.6636257998164239 2.9055116297614951 
 0 8 0.89163928128056102 6 1 8
7 0 0  7 8 2  0.17321358278631083 1  0.14395044920558098 0.9465029442795847  0.11680848709287489 0.8921886206194074  0.091221795467211125 0.83733613132475104  0.066935816747912547 0.78208761190226883  0.043731316018594979 0.72654775818770834  0.021461952921260942 0.67076884592259889  0 0.61477176519983001 
 0 8 1 8
7 0 0  7 8 2  2.8345523631957947 2.9210877370567587  2.8414431069312349 2.9709502002429597  2.8477989102012931 3.0215991260428767  2.8537633618924723 3.0727822071617563  2.8594011308498271 3.1243689092909177  2.8647677710850727 3.1762631267004284  2.8699002088257681 3.2284164366877501  2.8748304841689052 3.2808096630692773 
 0 8 1 8
7 0 0  7 26 5  0.17321358278631038 0  0.1871829962297083 0.079502291892889321  0.20172554648462804 0.15892395818127594  0.21693639698129186 0.23826000253971957  0.23292366462956465 0.31749246927394781  0.24987681470540374 0.39657656765412652  0.2679992110536778 0.47545426164456239  0.29746775796609531 0.59210308532323452  0.30749705207547484 0.63012228064006814  0.31799564736811431 0.66804412935990176  0.32903996154851972 0.7058495453258633  0.34076020567854048 0.74349243468338189  0.35329633729846543 0.7809125614900464  0.37389932465934284 0.83655840819887772  0.38107315496067062 0.85503886873904567  0.38859258051187234 0.87341082922594815  0.39651508349203374 0.89165232705521191  0.40493334924815383 0.90971205967871716  0.41394636828220793 0.92752246998613819  0.42850490653745565 0.95322415835938323  0.4333868803274753 0.9614122894278273  0.43848701147079217 0.96949411129834873  0.44384234893430385 0.97744442234206663  0.44949253261902922 0.98522476261711289  0.45549186957382465 0.99277601572042262  0.46193815323730636 1 
 0 8 0.5422061251509539 6 0.80531472965309914 6 0.93723433910800569 6 1 8
7 0 0  7 26 5  2.8345523631957947 2.9210877370567552  2.8312599966172156 2.8529438809029841  2.8278245996627631 2.7848852784483675  2.8242223925706025 2.7169161976192  2.8204263289952456 2.6490520416697141  2.8163889655728238 2.5813305590206372  2.8120593575768784 2.5138009648766779  2.8049904422783021 2.4139516671747523  2.8025804744022418 2.3814106774035086  2.8000530970790156 2.3489553353167079  2.7973891667104018 2.3166014772805106  2.7945560245892569 2.284387453957538  2.7915185411875232 2.2523636545121581  2.7865117117688878 2.2047361413496733  2.7847661083582151 2.1889175724375298  2.7829338863497273 2.1731903016656906  2.7810006220007812 2.1575725278548279  2.7789430154903325 2.142107050956906  2.7767361491055351 2.1268504582024059  2.7731635828558292 2.1048220338750379  2.7719644761169127 2.0978022447743405  2.7707105733569466 2.0908713096601685  2.7693925476339167 2.08405027832901  2.7680003897540302 2.0773714495143736  2.7665203696689855 2.0708845101373017  2.764927783251486 2.0646718371130177 
 0 8 0.5422061251509539 6 0.80531472965309914 6 0.93723433910800569 6 1 8
7 0 0  7 26 5  0.88921866537501371 0  0.87552856327154027 0.080317375960324663  0.86121284827119027 0.16052502972083932  0.84616720815724611 0.240618164474595  0.83027342620090616 0.32057660737948157  0.81332371315676477 0.40034957085425055  0.79509592955809949 0.47987078227413293  0.76525029091275953 0.59730605203487597  0.75507549721434675 0.6355131571468694  0.74438935716755117 0.67360717043660445  0.73310848179456412 0.71156657612228336  0.72109164457262886 0.74933958984717419  0.70818681174817599 0.7868581303888792  0.68686607180962489 0.84261310813878376  0.6794188906310149 0.86113688309321001  0.67159588651933366 0.8795378921330359  0.66333451851670033 0.89779114785775138  0.65453639785758844 0.91583930425561277  0.6450952733800901 0.93360578187801158  0.63034608516079982 0.95829080990595339  0.62578700434436596 0.96556617340172413  0.62104502734748657 0.97274736052941313  0.61609513479701072 0.97981546286494881  0.61090951335191712 0.98674299857986081  0.60545223906989443 0.99349065117675983  0.59966777070831867 1 
 0 8 0.54621642652329583 6 0.81072398192595718 6 0.94356650641836348 6 1 8
7 0 0  7 26 5  2.9181453348058066 2.927293533498915  2.9217161490556181 2.8587119478118352  2.9254425066217427 2.7902152711679697  2.9293504441309235 2.7218076051620028  2.9334694397464323 2.6535061601706338  2.9378512987647007 2.5853547197053484  2.942551376400885 2.5174102089833186  2.95022276905704 2.4170624735833699  2.9528345637425142 2.3844133485225703  2.9555737616141227 2.3518597626981053  2.9584611589217769 2.3194204293534555  2.9615319550390891 2.2871403186725416  2.9648240195694422 2.2550783736876743  2.9702516063519768 2.207437020889254  2.9721456830448454 2.1916096879680538  2.9741334189157889 2.175888392811868  2.9762304014959886 2.1602948830743314  2.9784611237588496 2.1448788790968547  2.9808520104482445 2.12970663217023  2.9845816794091951 2.1086338407305738  2.9857339180558951 2.102424114247079  2.9869316989089554 2.0962959653315858  2.9881812439207773 2.0902657694451077  2.9894894589176579 2.0843572759221081  2.9908652574594847 2.0786044469540443  2.9923224255518726 2.0730577803594272 
 0 8 0.54621642652329583 6 0.81072398192595718 6 0.94356650641836348 6 1 8
7 0 0  7 8 2  1.0532199806991676 0.61477176519998111  1.0333420835802363 0.67098017849417224  1.0125873824185136 0.7269093740175997  0.9908189593034773 0.78253713948702042  0.96787868774101238 0.83780525717371779  0.94353356847720316 0.89259933195212748  0.91751014133978559 0.94676256311196005  0.88921866537519412 1 
 0 8 1 8
7 0 0  7 8 2  2.874830484168919 3.2808096630691388  2.8801445282962854 3.2292780700396038  2.8856739639083759 3.1779851569681838  2.8914528088154761 3.1269514964724556  2.8975201465291858 3.076230760894616  2.903933432348246 3.0259289358585035  2.9107599719126434 2.9761912865546569  2.9181453348057773 2.9272935334989114 
 0 8 1 8
7 0 0  6 7 2  0.14915566832171967 1  0.12049393688493995 0.95023486554435177  0.093838480901960897 0.89964693404465079  0.068678432147991283 0.84851196525094263  0.04477814758260433 0.79696830010024  0.021933975363400738 0.74510999978255377  0 0.69297497491460025 
 0 7 1 7
7 0 0  6 7 2  3.1034084111331182 2.9374733189132662  3.1103371128881658 2.9844470361854669  3.1167628272407937 3.0322104227883475  3.1228144612441566 3.0805076962195512  3.1285514550918432 3.1292093967840269  3.1340250588639944 3.178227576359991  3.1392718435758451 3.2275267663590803 
 0 7 1 7
7 0 0  7 26 5  0.14915566832173088 0  0.16395146820454071 0.08028850529856256  0.17937292114134992 0.16047816122133043  0.19552435944703206 0.2405636105378019  0.21252393588201957 0.32052424656052003  0.23057879108125562 0.40030819192123052  0.24991059082794242 0.47984824000179782  0.28138698711885568 0.59730653606966655  0.29209091872847459 0.63551570661531331  0.30330475591108452 0.67361205098362853  0.31511152660456532 0.711573372069078  0.32765123999642254 0.74934695635997883  0.34107495777608604 0.78686382204738692  0.36322765173546334 0.8427719018051022  0.37099933211971187 0.86145214150591931  0.37915132718858291 0.88000565825454768  0.38774708561042714 0.89840655829435945  0.39688709223041585 0.9165949626248755  0.40667875925504277 0.93449155314903931  0.42182910994546202 0.95913813879616272  0.4264168714244625 0.9662648530765009  0.43118062436168286 0.97329875998402748  0.43614389725973901 0.98022163258589978  0.4413328680480349 0.98700725371034814  0.44678120848548541 0.99361837227654981  0.45254046832876149 1 
 0 8 0.54620170937027934 6 0.81063527244582945 6 0.94460486569029078 6 1 8
7 0 0  7 26 5  3.103408411133104 2.9374733189132662  3.099828774181995 2.868115901359646  3.0960932380369526 2.7988540805795621  3.0921757444856155 2.7296924764086414  3.0880467637840776 2.6606489029104097  3.0836544821428058 2.5917677489998292  3.0789434408711531 2.5231067219486567  3.0712557642177947 2.4217244366875321  3.0686390198389248 2.3887464989875054  3.0658948569403015 2.355867365413387  3.0630024967756442 2.3231058630285202  3.0599268702239608 2.2905067646226254  3.056630122365382 2.2581288322653226  3.0511806093706921 2.2098745251785448  3.049267393395696 2.1937508514758357  3.0472589815136306 2.177735469306465  3.045139474634202 2.161850320391967  3.0428836606603848 2.1461463385221657  3.0404645650809203 2.1306911420246664  3.036716822751885 2.1093988889268767  3.0355814230017515 2.1032411222323755  3.0344018948566238 2.0971623871532659  3.033172327122716 2.0911782053397032  3.0318861332352318 2.0853109484123395  3.0305348349630314 2.0795924165165931  3.0291054550582501 2.074069522021361 
 0 8 0.54620170937027934 6 0.81063527244582945 6 0.94460486569029078 6 1 8
7 0 0  7 26 5  0.90780664104875097 0  0.89318688969483662 0.08062418640048441  0.877917636554574 0.16113505394684782  0.86189049348743851 0.24152722348723443  0.84498275340408369 0.3217789759617643  0.82697925198679689 0.40183574560080504  0.80764989952620025 0.48162644892931172  0.77605274317983663 0.59948088012300094  0.76527916812582419 0.63785635194328161  0.7539743230010133 0.67611078291356952  0.74205153453223938 0.7142208767512046  0.72936480474033438 0.75213094353041221  0.71575680772122852 0.78976770633686122  0.69325307499049815 0.84580025828502625  0.68535564825465489 0.86450291138766244  0.67706296460896764 0.88307151698188391  0.66830903556527355 0.90147861278297436  0.65899048504800228 0.91966112576226888  0.64899635185081306 0.93753500133947609  0.63379734116592501 0.96167226372845538  0.62940679173523006 0.96834369142397236  0.6248570339521462 0.97492905238223293  0.62013009648296424 0.98141365405891634  0.61520454179677997 0.98777589664048215  0.61005238110543425 0.99398521155783748  0.60463598930345308 1 
 0 8 0.54773799042983085 6 0.81338033310589664 6 0.94782988474595953 6 1 8
7 0 0  7 26 5  3.1764340776473086 2.9400731341200625  3.1801505442377493 2.8705803773309619  3.1840285261456112 2.8011826315134596  3.1880950787935913 2.7318845344523037  3.1923808176520549 2.6627048017275299  3.1969394371520372 2.5936905844875038  3.2018283400392216 2.5249032490246526  3.2098095548976193 2.4232985630989532  3.2125293666844312 2.3902138600196521  3.2153816418564283 2.3572331569877498  3.2183880184477713 2.3243766325296362  3.2215849412064284 2.2916925047648826  3.2250116719631627 2.2592441688384808  3.2306738887326119 2.2109373159004249  3.2326602639911823 2.1948135875508172  3.2347452711230891 2.1788057467546667  3.236945385139391 2.1629375856991344  3.2392864053584955 2.1472636928635112  3.2417960137189139 2.1318567737332108  3.2456105560476622 2.1110531602323848  3.2467122626418146 2.1053033845359073  3.2478536998320324 2.0996280774118286  3.2490393512069398 2.0940399499840971  3.250274562874901 2.0885576817937399  3.2515663137110709 2.0832077067286501  3.2529239856044501 2.0780259989533825 
 0 8 0.54773799042983085 6 0.81338033310589664 6 0.94782988474595953 6 1 8
7 0 0  6 7 2  1.0532199806991678 0.69297497491459104  1.0320124109059114 0.74519497713928839  1.0098611018279833 0.79710844682603388  0.98661548008692967 0.84867596889569752  0.96206608183946485 0.89979976105384907  0.93596976946863397 0.9503353561722232  0.90780664104875297 1 
 0 7 1 7
7 0 0  6 7 2  3.1392718435758451 3.227526766359091  3.1447176922365538 3.178647020055851  3.150396258044621 3.1300493625893084  3.1563449853287411 3.0817707873797096  3.1626158694656734 3.033903090134181  3.1692691878227497 2.9865818656428567  3.1764340776473086 2.940073134120059 
 0 7 1 7
7 0 0  6 7 2  0.1412761808388957 1  0.11422300514008557 0.95331586247871969  0.088988895242590349 0.90586635271992832  0.065144589744182246 0.85788876725558416  0.042477167481211997 0.80950946966822923  0.020806517575979781 0.76081432622311895  0 0.71184160341929525 
 0 7 1 7
7 0 0  6 7 2  3.3683597653305029 2.9429625669426365  3.3750679615459123 2.9870180572698501  3.3813230582953073 3.0317988229612882  3.3872325383018631 3.0770819705901604  3.3928496574823193 3.1227485518931863  3.3982194368915608 3.1687177459294662  3.4033749936996109 3.2149535301057099 
 0 7 1 7
7 0 0  7 26 5  0.14127618083889368 0  0.15620427241764787 0.080615067180672129  0.17178185374795629 0.16112012947646595  0.18811733017768345 0.24150968358397368  0.20533339705899756 0.3217619272623542  0.22364506190529665 0.40182204893716378  0.24328228994449294 0.48161877004845977  0.27533425962957003 0.59948041476610348  0.28625531118851844 0.63785601929371527  0.29770723017430778 0.67611083105965797  0.30977659074554087 0.71422138685876435  0.3226090643130527 0.75213177217338767  0.33636170447848507 0.78976849863853404  0.35908071211135151 0.84580120418934046  0.36705046369514249 0.86450494385225929  0.37541483855134938 0.88307423718323963  0.38423966362207929 0.90148148954844265  0.39362793966095067 0.91966355790824894  0.40369028506108817 0.93753635575684791  0.41898103779461277 0.96167217872576771  0.42339742203328518 0.96834392696652782  0.42797260918552071 0.97492946432149019  0.43272450128166973 0.98141410042372057  0.43767445047624892 0.98777625879011255  0.4428503372796499 0.99398540918770484  0.44828964878984656 1 
 0 8 0.54774866857788929 6 0.81336873927549558 6 0.9478201331233248 6 1 8
7 0 0  7 26 5  3.3683597653305029 2.94296256694264  3.3646552578093294 2.8732496994601084  3.3607891041287647 2.8036347320631343  3.3567342387283849 2.734122422292617  3.352460025214286 2.6647316285765861  3.3479127481912938 2.5955096301633787  3.3430349577236846 2.5265179680337968  3.3350701253719501 2.4246185294124647  3.3323557995831816 2.3914406579559757  3.3295089754011782 2.3583675966345599  3.3265080138200442 2.3254195363587145  3.323316490206123 2.2926446118941972  3.3198951298981902 2.2601061364876767  3.3142409219389903 2.2116623112734755  3.3122571023401961 2.1954915228331697  3.3101746606814215 2.1794366552409836  3.307977131979972 2.1635214492518946  3.3056387411290098 2.1478002840001387  3.3031317991529865 2.1323456169133643  3.2993209502226173 2.1114730804693713  3.2982201453213222 2.1057031405406978  3.2970796160956679 2.1000074673650828  3.2958948800759957 2.0943987172799141  3.2946605886822411 2.0888954865684131  3.293369756407821 2.0835240903647398  3.2920129900035211 2.0783203415590847 
 0 8 0.54774866857788929 6 0.81336873927549558 6 0.9478201331233248 6 1 8
7 0 0  7 26 5  0.91139310247241434 0  0.89645482173408597 0.080463881628379183  0.88087221105805447 0.1608204135027673  0.86453817677569378 0.24106368216861512  0.84733080816329109 0.32117184814192612  0.82903797404805224 0.40109082611100866  0.80943149498297795 0.48075016990755359  0.77739859478834827 0.59862365417220464  0.7664460048669125 0.6371417707299063  0.75496208237984941 0.67553922321943971  0.74286007551690147 0.71379320134251123  0.72999305360773503 0.75184731794183179  0.71620369827762753 0.78962752720958185  0.69344911975214429 0.84580031257398958  0.68548784652652295 0.86450335186448712  0.67713288575557784 0.88307232376867528  0.66831848273330852 0.90147974107600271  0.65894133849340863 0.91966234504141164  0.64889090697348384 0.93753607943445849  0.63361494072054669 0.96167326414951382  0.62920222243733226 0.96834578486719514  0.62463040710369544 0.97493193766506059  0.61988146272368994 0.98141695567312437  0.61493385122310795 0.98777908622337363  0.60975937208523756 0.99398746663506188  0.60432000598661684 1 
 0 8 0.5468074206532022 6 0.81339851425581466 6 0.94782447350886345 6 1 8
7 0 0  7 26 5  3.4385443738758226 2.9425770344274653  3.4422471432022794 2.8729698255231737  3.4461102735747988 2.8034602490853349  3.4501605040887271 2.7340534172241782  3.4544282773670369 2.6647682273275821  3.458966593887427 2.5956512627409274  3.4638324624621175 2.5267632928811161  3.4717861860385515 2.4248333845156615  3.474506266810204 2.3915260292918354  3.4773589680996611 2.3583236725140595  3.4803659744112405 2.325245876384658  3.4835640285260925 2.292341040441316  3.4869924756620261 2.2596728110316797  3.4926524990800809 2.2110984557031927  3.4946331967349531 2.1949249764921226  3.4967122902322583 2.1788668840790799  3.4989062279603824 2.162947746986366  3.5012408630353709 2.1472219006946043  3.5037438708423321 2.1317616170664504  3.5075497333949479 2.1108798051213098  3.5086492651662593 2.1051067796275209  3.5097885995711229 2.0994079759749504  3.5109722523825941 2.0937960865811474  3.5122056198878133 2.0882898210759424  3.513495769375357 2.0829157278553883  3.5148522296226004 2.0777100156357058 
 0 8 0.5468074206532022 6 0.81339851425581466 6 0.94782447350886345 6 1 8
7 0 0  6 7 2  1.0532199806991656 0.71184160341888858  1.0323062680985751 0.76080668734203272  1.0105335066543684 0.80949646538792674  0.98776965770988068 0.85787329139028445  0.96383534291293915 0.90585193500981021  0.93851890881442013 0.95330650864189459  0.91139310247254457 1 
 0 7 1 7
7 0 0  6 7 2  3.4033749936996123 3.2149535301060972  3.4085602459232636 3.1686520841710468  3.4139583905397841 3.1226186275232055  3.4196023952970593 3.0768885641726711  3.4255370968274943 3.0315420479804156  3.4318154316337597 2.9866974936854134  3.4385443738757919 2.9425770344274689 
 0 7 1 7
7 0 0  6 7 2  0.14891320457590496 1  0.11986011290959911 0.94809433493627093  0.093060546800180194 0.89524593752211534  0.067919877090725861 0.84177368275059195  0.044173286540516839 0.78783484220508204  0.021587942883712904 0.73353512113767694  0 0.67891290985863184 
 0 7 1 7
7 0 0  6 7 2  3.6294501209375452 2.9376413568635051  3.6368385187063863 2.9860492803693717  3.6436688562945028 3.035331164471835  3.6500888671652554 3.0851871931515999  3.6561642104674954 3.1354701404738963  3.6619526983858717 3.1860809891080875  3.6674950893538751 3.2369837872036946 
 0 7 1 7
7 0 0  7 26 5  0.14891320457581098 0  0.16329852092669955 0.080331173950187365  0.17832579066479151 0.16055060608499616  0.19410147682127366 0.24065266633740767  0.21074698424364324 0.32061586324184799  0.22847312528924188 0.40038718712310384  0.24750725405611695 0.47989723160835301  0.2786911431434469 0.59761981488433102  0.28937672237708822 0.63613411327980807  0.30059256178189941 0.67452842478052544  0.31242522790912602 0.71278038871266114  0.3250211680336389 0.75083465156654616  0.33853753289387373 0.78861823036696943  0.36086986574358748 0.84479101134009582  0.36868433491748931 0.86348611765201222  0.3768906151024683 0.88204951041550883  0.38555405039390139 0.90045423116409329  0.39477699654463971 0.91863845746815309  0.40466957012761096 0.9365197122649801  0.41980639460253583 0.96082620273579633  0.42424986332407616 0.96764824082988976  0.42885842603564256 0.97438194585200111  0.43365112067703687 0.9810119709675903  0.43865076363920696 0.98751546016736746  0.44388741758296218 0.99385973811586326  0.44940185925768722 1 
 0 8 0.54584782233206974 6 0.81243652960167667 6 0.94675373474795421 6 1 8
7 0 0  7 26 5  3.629450120937562 2.9376413568635016  3.6257889428707597 2.8685366633683516  3.6219680993655659 2.7995236637214673  3.6179610156760664 2.7306072039440754  3.6137374013640158 2.6618057674040854  3.6092446496335318 2.5931651554807722  3.6044260416633533 2.524745243297815  3.5965426732117627 2.4234382082797952  3.5938429357825976 2.3902937192501463  3.5910109838996878 2.3572519004348926  3.5880252065424694 2.3243321554824901  3.584849049058406 2.2915824751021425  3.5814432967001166 2.2590660447071498  3.5758210986702244 2.2107262107965928  3.5738545525866332 2.1946384115226953  3.5717902379779263 2.1786645126755446  3.5696118419061782 2.1628279112080384  3.5672938224333843 2.1471821679410681  3.5648087119223812 2.1317986666753077  3.5610084020275847 2.1108912329255469  3.5598930339517891 2.1050236363004835  3.5587364700475872 2.0992325331340962  3.5575339612936001 2.0935312104126664  3.556279818827595 2.0879394423257476  3.5549665482605604 2.0824854949762677  3.5535839839907832 2.0772081310906287 
 0 8 0.54584782233206974 6 0.81243652960167667 6 0.94675373474795421 6 1 8
7 0 0  7 26 5  0.89928439885000089 0  0.88463623777197675 0.080130218104974546  0.86937357824824413 0.16016574357128474  0.85339417559522124 0.24010110014040315  0.83658179648762721 0.31991612377375778  0.81873330429417024 0.39956040085935762  0.79963074521038902 0.47896851528119894  0.76853194166581551 0.59629574236381  0.75794977017991849 0.63449564216363563  0.74686544784118836 0.67258558000286239  0.73519719539789219 0.71054457443196228  0.72280633834329644 0.74832092710295983  0.7095440089849806 0.78584688358950228  0.68772718487529261 0.84160710588236243  0.680123386348509 0.86012702804410635  0.67215123522044273 0.87852537902769612  0.66374953955924465 0.89677732896643203  0.65482174573583474 0.91482621924697249  0.64526379906300191 0.93259684765958273  0.63027966478095521 0.9574476268413693  0.6255821645982651 0.96487709298576363  0.62069706443231765 0.97220937634604532  0.61559775515671944 0.9794244692294638  0.61025479838390129 0.98649313244467962  0.6046297490602307 0.99337303614442374  0.59866155201404492 1 
 0 8 0.54539469412380515 6 0.80976256668566071 6 0.94245659413807492 6 1 8
7 0 0  7 26 5  3.70452738879034 2.9341721519634767  3.7080676175274512 2.8650479593043121  3.7117609845608852 2.7960174415700489  3.7156330287790627 2.7270853128478119  3.7197128027479009 2.6582689783618942  3.7240511219294987 2.589611432883685  3.7287025203621798 2.5211686974160119  3.7362923259579315 2.4200557309919932  3.7388774589599287 2.3871369565705969  3.7415880823498173 2.3543146271257509  3.7444446621425636 2.3216064394607447  3.7474819344544592 2.2890560967765441  3.750737206693993 2.2567210841518337  3.7561013535301959 2.2086691297853398  3.757972316107312 2.1927085446268122  3.7599354848654176 2.1768514906218321  3.7620061939641647 2.1611189008913496  3.7642086693038017 2.1455587563531022  3.7665690417231863 2.1302349067402524  3.7702742138975531 2.1087967242458627  3.7714363530623158 2.1023862833722178  3.7726455316711189 2.0960582506089076  3.7739084343775566 2.0898295901383626  3.7752324683995218 2.0837251607802876  3.7766273145130342 2.0777809691599844  3.7781083428325419 2.0720515616624944 
 0 8 0.54539469412380515 6 0.80976256668566071 6 0.94245659413807492 6 1 8
7 0 0  6 7 2  1.0532199806991678 0.67891290985803399  1.0306489301953137 0.73342611255965795  1.0071273731283301 0.7876549088267879  0.9824984395873404 0.84156273229275347  0.95653809226779196 0.89504871749961212  0.92899312721373073 0.94796423681290753  0.899284398849863 1 
 0 7 1 7
7 0 0  6 7 2  3.6674950893538787 3.2369837872042488  3.6728969954474424 3.1855138317841702  3.6785357039872917 3.1343373445888973  3.684450513214288 3.0834884140443015  3.6906977866182555 3.0330610008194316  3.697341380417416 2.9831937975744531  3.7045273887903756 2.9341721519634731 
 0 7 1 7
7 0 0  7 8 2  0.17136580272262744 1  0.14133816856341391 0.94211104042314397  0.11396581005505524 0.88315709666112774  0.088491031211815771 0.82350530325251992  0.064597351215486223 0.76333754607117288  0.042001334206038576 0.70278798026141276  0.020522115103287868 0.64191732425421388  0 0.58074344496570074 
 0 8 1 8
7 0 0  7 8 2  3.8867348818727421 2.9223254670128114  3.8945694717172015 2.975151484157434  3.9017491758819727 3.0289357899649345  3.908461169688882 3.0833361895795153  3.914783375932156 3.1381852637659367  3.9207857493247098 3.1933593548615686  3.9265130401579134 3.2488029429516265  3.9320049798921488 3.3044995468317602 
 0 8 1 8
7 0 0  7 26 5  0.17136580272243274 0  0.18469227554781437 0.080016262145636244  0.19863093668274373 0.15992628236305598  0.21328342473775636 0.23972527947672811  0.22876553942494082 0.31939376281026377  0.24527960846784033 0.3988831711383149  0.26304312606511582 0.478129810113891  0.29216078985855293 0.59529110979551036  0.30210840369766112 0.63348543846856309  0.31255813745961225 0.67157044568683477  0.32359183728643748 0.70952609139089873  0.33534856876702657 0.74730235490670127  0.34797770138148276 0.7848331674498138  0.36883866224629536 0.84059474960601555  0.37611768195411466 0.85910358028143408  0.38376483146773416 0.87749442239534181  0.39184131522380833 0.8957433288694141  0.40044374307013486 0.91379521866548574  0.40967657025446946 0.9315765264388266  0.42427562723417267 0.95659958298383707  0.42891928488475284 0.9641769790275746  0.43375792602712726 0.9716562658800072  0.43881986972906206 0.97901676241988178  0.44413640248760278 0.98622787392024935  0.44974854878780551 0.99324498255625926  0.45572212778338062 1 
 0 8 0.54446493450048861 6 0.80888363934576479 6 0.94145033613359186 6 1 8
7 0 0  7 26 5  3.8867348818727829 2.9223254670128078  3.8832549035801991 2.8542282594287123  3.879622668570712 2.786211487114401  3.8758128063834962 2.7182792255849137  3.8717964392815474 2.6504480499290537  3.867523120476434 2.5827597647034435  3.8629386480725314 2.5152689683396847  3.8554482083450776 2.4154781340730316  3.8528927141500811 2.3829449697709641  3.8502120992169742 2.3505036800581864  3.8473859500013514 2.3181717116313005  3.8443796043437479 2.2859925041322255  3.8411558553493168 2.2540232175233554  3.8358422949802451 2.2065302587999907  3.8339899778927364 2.1907669554458269  3.832045912566119 2.1751054620144363  3.8299948440865417 2.159566630468861  3.8278127212467985 2.1441982019792438  3.8254735643850197 2.1290637706507791  3.8217803906747085 2.1077746250853622  3.8206063513299817 2.1013291750290679  3.8193837570460234 2.0949686706409283  3.8181055645173876 2.0887110147079699  3.8167640057155987 2.0825826159996907  3.8153489020590183 2.0766219673422719  3.8138439160779205 2.0708878625629588 
 0 8 0.54446493450048861 6 0.80888363934576479 6 0.94145033613359186 6 1 8
7 0 0  7 26 5  0.87081173147630919 0  0.85715927920789792 0.079338395432720976  0.84295087446887829 0.15860146583180237  0.82809424648109009 0.2377843101491845  0.81248433754515825 0.31686978313076197  0.7959370041811642 0.39581514591459976  0.7782545411748174 0.47456520885285458  0.7495380614252749 0.59093915216151149  0.73978628567178273 0.62879890012347672  0.72958094045243282 0.66656658150906423  0.7188482272708574 0.70422429842733636  0.70746205229775916 0.74172835460528685  0.69528694780072764 0.77902170536264426  0.67532657680967445 0.83438657237270974  0.6684087322104213 0.85270090689361688  0.66116093258985575 0.87091386677141402  0.65352851635349707 0.8890049634197521  0.64542345201350393 0.90692686068727679  0.63675099114665534 0.92461713518032751  0.62247912600437438 0.95068812613852594  0.61748991041838841 0.95933011080060626  0.61226525792165887 0.96786136902737152  0.60676104716035895 0.97625358918026295  0.60093148630829585 0.98446281690456583  0.594712156044226 0.99241917469192453  0.58797781706979901 1 
 0 8 0.5415453043185442 6 0.80356910036601636 6 0.93410100666351625 6 1 8
7 0 0  7 26 5  3.9744313691407878 2.9149823118521994  3.9776460197406638 2.8471972687877987  3.9809994393108212 2.7794939106562291  3.9845146869825081 2.7118764076757098  3.9882180453976663 2.6443594178643144  3.9921556257007049 2.5769787703032576  3.996376954834564 2.5097810544838004  4.0032606995333353 2.4104973279416813  4.0056024106150101 2.3782004591467647  4.0080576016710223 2.3459846197315732  4.0106447591293257 2.3138645505582303  4.0133955064685161 2.2818763635590167  4.0163438427746527 2.2500674913131347  4.0211919414915247 2.2028381634532179  4.022874380755602 2.1872139110302724  4.0246395148977987 2.171674516727446  4.0265010585270371 2.1562368380065982  4.0284811368454276 2.1409401135947186  4.0306035925351669 2.1258363181347617  4.0341041510318059 2.1035644957803945  4.0353290903964814 2.0961796609928944  4.0366131539519117 2.0888867906381363  4.0379674438501061 2.0817093707370886  4.039403520149528 2.0746841254764172  4.0409376668208292 2.0678694944090252  4.0426015094846619 2.0613678267188185 
 0 8 0.5415453043185442 6 0.80356910036601636 6 0.93410100666351625 6 1 8
7 0 0  7 8 2  1.0532199806991673 0.58074344496571639  1.030771428513082 0.64165621654096971  1.0074535842658581 0.70234222452644723  0.98311965542205715 0.76278337344597447  0.9576052650078315 0.82292542953450987  0.93064713103104646 0.88264674788231856  0.90195594389684819 0.94178628651386975  0.87081173147642577 1 
 0 8 1 8
7 0 0  7 8 2  3.9320049798921488 3.304499546831746  3.9371604486146072 3.2477743921721318  3.9425334997375572 3.1913061045942848  3.9481609126253421 3.1351111770381044  3.9540841206775124 3.0792397619748333  3.9603697858520635 3.0238028025915655  3.9670913632357463 2.9689475731082724  3.9744313691407518 2.9149823118522029 
 0 8 1 8
7 0 0  7 14 3  0.20807249307367462 1  0.18070602568407659 0.94025626372835402  0.1559915060268284 0.87952391149857911  0.13311824504618744 0.8181590134086143  0.11177420946178115 0.75632894989972965  0.091668690150834148 0.69415952538971126  0.072626781248998323 0.63170330017272414  0.046191091323059659 0.54025692345579657  0.03808194341436015 0.51148995459384294  0.030151250250646081 0.48267607746115804  0.022387308915020145 0.45381917030416608  0.014779959312331366 0.42492253040611477  0.0073202326635262724 0.3959889528097591  0 0.36702080904004497 
 0 8 0.68598512385198862 6 1 8
7 0 0  7 14 3  4.1402544516328117 2.898435575067257  4.1475910531612303 2.951352093121745  4.1542747499776169 3.0051267949597236  4.1605051358860905 3.0594336647424725  4.1663587182319164 3.1141227931972693  4.1719070349753338 3.1690810168403605  4.1771932971174603 3.224261818906407  4.1845740625934358 3.305010591143239  4.1868444410232772 3.3304058737255211  4.1890708829812358 3.3558361146759252  4.1912562760703533 3.3812979068045186  4.193403127423653 3.406788369949215  4.1955136508861743 3.4323050766924288  4.1975898541970063 3.457845978077736 
 0 8 0.68598512385198862 6 1 8
7 0 0  7 26 5  0.20807249307339407 0  0.21979413522129673 0.079236250213669271  0.23206964052866297 0.15838106713367778  0.24499072850036221 0.23743049269839944  0.25866209919974864 0.31636829044734549  0.27326744355187171 0.39515414483477568  0.28900425475743613 0.47373510317154155  0.31481017361340857 0.58978659597637639  0.32359978910357623 0.62749330758651367  0.3328397667273838 0.66510947488612771  0.34260338210747598 0.70261854864458995  0.35301547784972731 0.73997978559858324  0.36421099351285646 0.77713918061925247  0.38270061140193667 0.83236692796091571  0.38913631789487119 0.85066391256239782  0.39590024257329048 0.86886497503585614  0.40304673339251817 0.88695092972398859  0.41066308511870675 0.90487713443742201  0.41884402440886948 0.92258403170189407  0.43251103612983671 0.94898898367971618  0.43740396562654815 0.95792522431503446  0.44254636926277346 0.96675037084314031  0.44798710948577453 0.97543486426256543  0.45377634466617672 0.98393173676840906  0.45998525468415913 0.99216518531455844  0.46675597280039416 1 
 0 8 0.5406787591447656 6 0.80178872798978729 6 0.93211859033793454 6 1 8
7 0 0  7 26 5  4.140254451632881 2.8984355750672499  4.1371090440619414 2.8320262070855038  4.1338258059818367 2.765680599592887  4.1303818387952793 2.6994020805271526  4.1267510358660422 2.6332042448451856  4.1228876152144291 2.5671215372599674  4.118742384263391 2.5011988670232017  4.1119800934921873 2.4038294577400432  4.1096818361132161 2.3721908837959802  4.1072713710299809 2.3406267976005855  4.1047304321808369 2.3091515961686095  4.1020279288610144 2.2778005846511973  4.099130283376315 2.2466202637010966  4.0943613849758247 2.2002865921944053  4.0927039745851763 2.1849375165018654  4.0909648165208115 2.1696707124202277  4.0891303780140662 2.1545028767804588  4.0871789578863789 2.1394725595149748  4.0850870370075141 2.124630958391049  4.0816007806151946 2.1025114551830062  4.0803540472382673 2.0950278507304518  4.0790452599839089 2.0876400673758977  4.0776622825841056 2.0803736153274532  4.0761927007960592 2.0732687118721529  4.074618920890769 2.0663901983675572  4.0729057669821254 2.0598540175468436 
 0 8 0.5406787591447656 6 0.80178872798978729 6 0.93211859033793454 6 1 8
7 0 0  7 32 6  0.82492038524686484 0  0.81301038188016217 0.078097294075302276  0.80063156850716022 0.15614258333245945  0.78770652941880814 0.23413214400401788  0.77414687495718892 0.31205314355261848  0.75979745491237505 0.38987363952953286  0.74449105616466138 0.46755250578412955  0.71969989732010431 0.58241348084328282  0.71129653937728343 0.61976931395254109  0.70251165538933702 0.65705761179560906  0.69328327092281172 0.69426476937591564  0.68350488610061466 0.73135821436421333  0.67306146958148383 0.76829585164601144  0.65599778170709933 0.82314013617786841  0.65011335839253637 0.84122764430870589  0.64395320889585794 0.85924082172488858  0.63747186049253313 0.87716486079054912  0.63059403552037985 0.89496498512431166  0.62323878931926502 0.91259571504356052  0.61242035630611369 0.93594110746517978  0.6095660139332294 0.94189186362129262  0.6066211247680886 0.94780525491769918  0.6035758281252287 0.9536755190313343  0.60041787981186523 0.95949441712236705  0.59713090101425048 0.96525038266537688  0.5910594723774889 0.97527554305335384  0.58833861047279379 0.97957577781789873  0.58551845126463786 0.98382213758722237  0.58258728666958493 0.98800523915380178  0.57953090864671408 0.99211093550605067  0.57633022711826798 0.99611869824483679  0.57295888789029881 1 
 0 8 0.53536383787534447 6 0.79404618241378833 6 0.92207646893268336 6 0.96620486994955956 6 1 8
7 0 0  7 32 6  4.2484238211744216 2.8859445523529281  4.2511479458254211 2.8203082993904216  4.2539892745738639 2.7547351801921591  4.2569671632056805 2.6892283010062235  4.2601037387415008 2.6237984475948783  4.2634378758807374 2.5584717336517393  4.2670114921139612 2.4932821234090921  4.2728348138947858 2.3969097202586616  4.2748138048621378 2.3655702031175752  4.2768883317269193 2.3342902050964196  4.2790739275095184 2.3030805814541777  4.2813973163772356 2.2719674334662625  4.2838873854033057 2.2409847872054964  4.287973813053827 2.1949757838490154  4.2893856965430395 2.1798010465146711  4.2908667272607524 2.164687044656652  4.2924283194012549 2.1496455645905446  4.2940894026053371 2.1347045941288938  4.2958703578634738 2.1199009823085575  4.298498291944898 2.1002875016698965  4.2991923274224488 2.0952869766200246  4.2999091161031568 2.0903166440454197  4.3006511416395981 2.0853811609877235  4.3014214915954563 2.0804872093626114  4.3022242979683787 2.0756441757803019  4.3037091539201642 2.0672046360652105  4.3043752082187234 2.0635830537580113  4.3050662582130057 2.0600050993365393  4.3057852612665446 2.0564784059272285  4.3065358152778659 2.05301452969965  4.3073227594564161 2.0496302546752942  4.3081527750984918 2.0463488975363404 
 0 8 0.53536383787534447 6 0.79404618241378833 6 0.92207646893268336 6 0.96620486994955956 6 1 8
7 0 0  7 14 3  1.0532199806991667 0.36702080904020917  1.0305130166759155 0.44371530415884441  1.0069681081617539 0.520264410991503  0.98244216451480071 0.59665648390451831  0.95677531128017634 0.67285191050462412  0.92969469494014478 0.74875283347269384  0.90090913165429576 0.82423286367414361  0.86356235301286155 0.91352694748755525  0.85739345460452121 0.92802479524281822  0.85112546553299728 0.94249279629827232  0.84475201786964649 0.95692808570426902  0.83826575309947493 0.97132719620922392  0.83165832212113711 0.98568605825961875  0.82492038524693634 1 
 0 8 0.83733041219505866 6 1 8
7 0 0  7 14 3  4.1975898541969983 3.4578459780775876  4.2025127729820051 3.3882519810072678  4.2076460294746481 3.318873521648023  4.2130254825706839 3.2497218499778011  4.2186914557960788 3.1808338980715636  4.2247130839208831 3.1122972729520955  4.231164356858697 3.0442257800920798  4.2396185879458654 2.9637860475001228  4.2410175039925671 2.9507286627222022  4.242441455951055 2.9377009629785951  4.2438920635510486 2.9247054372130394  4.2453712001007418 2.9117450916446654  4.2468809924868083 2.8988234497679928  4.2484238211743994 2.8859445523529281 
 0 8 0.83733041219505866 6 1 8
7 0 0  4 5 2  0.022478991053281071 1  0.016688243549244877 0.97908183861687814  0.011016743017531753 0.95813082437156305  0.005456211746053272 0.93714994369208582  0 0.91614146907722271 
 0 5 1 5
7 0 0  4 5 2  4.4592471246489973 3.7194150513326498  4.4610507656974159 3.7369669422630589  4.4628253067085835 3.7545443404899008  4.4645727643577864 3.772144596034142  4.4662947606302126 3.7897657082865148 
 0 5 1 5
7 0 0  7 14 3  0.022478991053270479 0  0.039724679476272402 0.1037520053713429  0.057929007718757503 0.20728319866738865  0.077251591184545054 0.31058471161384638  0.097874483494886477 0.41361977771702585  0.12011312009350075 0.51629983388552525  0.14430755741705961 0.61850723378138583  0.18216263761706589 0.76048805451457357  0.19341479067821116 0.80086330135111794  0.20517868020912108 0.8411039122813383  0.21753056393890738 0.88118490889194623  0.23056043804787435 0.92106958819149487  0.24439447081512949 0.96070341131210246  0.25924507589384044 1 
 0 8 0.71476140501583463 6 1 8
7 0 0  7 14 3  4.459247124649 3.719415051332648  4.4538752439631395 3.6313811729438132  4.4482671438658468 3.5434651162953417  4.4423830507116628 3.4556716096355746  4.4361778752792764 3.3680284515117327  4.4295737224236191 3.280608727057138  4.4224868493631666 3.1935090881306167  4.4115829313968158 3.0724049586689661  4.4083606031372664 3.0379538213898707  4.4050119598992605 3.0036051232491174  4.4015181985696001 2.9693807190500263  4.3978572012182839 2.9353126703110903  4.3939979883931235 2.9014489656525777  4.3898883423720614 2.8678666049748784 
 0 8 0.71476140501583463 6 1 8
7 0 0  7 32 6  0.25924507589353407 0  0.26883957852055179 0.077997578055197983  0.27890117282742249 0.15592602880416911  0.28950680666533402 0.23378263593305859  0.30074457688381007 0.311555558870932  0.31276933383458799 0.38921547686758778  0.32574816220255709 0.46672372973981846  0.34706823619270599 0.58126076352315492  0.35432995921127303 0.6184632660723397  0.36197066959994201 0.65559978601875568  0.37005195885979758 0.69265817189296564  0.37867942941567456 0.72960885122577046  0.38796777680519084 0.766412825310401  0.40330337771078206 0.82112044352541003  0.40862158590653808 0.83919048418787945  0.41421441702683826 0.85719176794532137  0.42012717483663264 0.8751108279024562  0.42643475112377477 0.89291548133712728  0.43321824623276717 0.91056298442448202  0.44338242952730855 0.93423540991657394  0.44616481237566757 0.94047551850982913  0.44904633779743613 0.94667753543372257  0.45203825425051153 0.95283531536703969  0.4551546896409801 0.95893980605208218  0.45841487647566304 0.96497803811115745  0.46434787880886813 0.97527552993767019  0.4669399553585859 0.97957250638516613  0.46963356743751344 0.9838170092690629  0.47244083124287112 0.98799968284551909  0.47537646613685197 0.99210626207850716  0.47846024238807416 0.99611598415497415  0.48171942891303299 1 
 0 8 0.53459762195979199 6 0.79241659050030799 6 0.92026574908295822 6 0.96636861157763798 6 1 8
7 0 0  7 32 6  4.3898883423721378 2.8678666049748678  4.3872301828138971 2.8037057345240917  4.3844556594205875 2.7395890410324961  4.3815455542872677 2.6755187746041527  4.3784778943978262 2.6115046699667399  4.3752140809465843 2.5475715437463595  4.371712490258453 2.4837517572144079  4.3660032704230352 2.3894313160891976  4.3640647360447939 2.3587935207160524  4.3620317412209655 2.3282087333618664  4.3598889331545525 2.2976875017419935  4.3576100160080902 2.2672553562802373  4.3551664528540064 2.23694565500384  4.3511521401240598 2.1918999875364076  4.3497630234370188 2.1770227102395294  4.3483055057412088 2.1622039659301975  4.3467683079162995 2.1474554585260948  4.3451328166745062 2.1328048277039193  4.3433789018394418 2.1182885262093261  4.3407600650389639 2.0988280524127019  4.3400439697845341 2.0936993608882299  4.3393032208517157 2.0886033008567635  4.3385350268169711 2.0835451263853169  4.33773588606409 2.078532545921131  4.336901033878946 2.0735765961626402  4.3353840251144362 2.0651296482365793  4.3347219247627207 2.0616063820177675  4.3340346185603336 2.0581279032988595  4.33331910867836 2.0547021529972387  4.3325717627275981 2.0513411867454723  4.331787707098421 2.0480625347139765  4.3309602203006383 2.0448905614336752 
 0 8 0.53459762195979199 6 0.79241659050030799 6 0.92026574908295822 6 0.96636861157763798 6 1 8
7 0 0  7 32 6  0.75828162773649921 0  0.74887593434495792 0.077135002690317964  0.73911360277163862 0.15424219575439721  0.72893551591802996 0.2313193879590662  0.71827442046616174 0.30835890983821546  0.70701005572019238 0.38534094681898368  0.69501419301547296 0.46224021957564243  0.6757225642425837 0.57544478878100191  0.66926767960515265 0.61185589637853255  0.66252897130410426 0.64822740449089  0.65546044832104045 0.6845513321604888  0.64798242581609555 0.72080835004214838  0.64000838587451714 0.75697342161090098  0.62705581493963891 0.81059166829017959  0.62263154363297102 0.82815286904143903  0.61800602572380825 0.84567087612138581  0.6131464944737286 0.86313758917139305  0.60799707062325958 0.8805331435257191  0.60249753737500888 0.89783157037418715  0.5934682152033206 0.92359223509781285  0.59032051594831592 0.93216477942539189  0.5870257036341151 0.94069117319788387  0.58355253120976047 0.94915899207199961  0.57986884619767509 0.9575495624065129  0.57592486117373576 0.96583129923367861  0.56952689685700097 0.97785471225439857  0.56735994725610195 0.98172374357219694  0.56509462613937544 0.98554526499836903  0.56271322233121546 0.98930762273595263  0.56019702063512733 0.99299295191458137  0.55751979384945471 0.99657320681079986  0.55463187868726671 1 
 0 8 0.53194731256610805 6 0.78454609774669737 6 0.90799879455135724 6 0.97005591208208131 6 1 8
7 0 0  7 32 6  4.5272786101061078 2.848736354422563  4.5293458484404017 2.7853735631841383  4.5315023647614554 2.7220514870651669  4.5337629445173393 2.6587718970374823  4.5361444271288285 2.5955410895996689  4.5386769465416625 2.5323746854824796  4.5413926485992446 2.469292944463064  4.545798544463751 2.3764489024076711  4.5472781358858212 2.3465895467529463  4.5488288253503777 2.3167652521439144  4.5504621382750461 2.2869820935226199  4.5521980639330639 2.2572548990633359  4.5540583206063223 2.227603128073818  4.5570988702327844 2.1836363215487498  4.5581402166390683 2.1692353577555479  4.5592320275562708 2.1548685488257866  4.5603825231748374 2.1405420340040067  4.5616057441292561 2.1262711505027982  4.5629168377050746 2.1120761614864501  4.5650791431558337 2.090926937921131  4.5658344407425782 2.0838872376362816  4.5666266809189269 2.0768833559224169  4.5674637198593731 2.0699248857961696  4.5683536630243173 2.0630265014360964  4.5693090713403501 2.056213073364578  4.5708641289698653 2.0463108456896597  4.5713915638946849 2.0431227026887027  4.5719437624806663 2.0399717224332532  4.5725251946287075 2.0368670756292189  4.5731406040241369 2.03382296975902  4.5737966494521913 2.0308617545739098  4.5745059225019213 2.0280218883377081 
 0 8 0.53194731256610805 6 0.78454609774669737 6 0.90799879455135724 6 0.97005591208208131 6 1 8
7 0 0  7 14 3  1.0240881925221434 0  1.0023881343763732 0.10209565458929405  0.9799698958661438 0.20416149927915478  0.95671327398018247 0.30619138786050104  0.93248190144540855 0.40816308489441622  0.90703758709688509 0.51001936265388947  0.8801247972635764 0.61168712511059087  0.83919924338058494 0.75428422613577339  0.82698995661267793 0.79551145259275469  0.81437609329469418 0.83666467461916361  0.80129407888022275 0.87772536787988731  0.78766935690035356 0.91866678145214187  0.77339483758645233 0.95944799515710422  0.75828162773650032 1 
 0 8 0.71042211190538718 6 1 8
7 0 0  7 14 3  4.4720100995827199 3.7158395399961641  4.4762892987409346 3.6267156170166888  4.4807492643929141 3.537754173993457  4.4854201392562683 3.4489630903405324  4.4903362919938772 3.360364859040279  4.4955579446953502 3.2720112485937474  4.501149838474868 3.1839688634011423  4.5097889791275474 3.0606858193307818  4.51238113378876 3.0250666928104404  4.5150754414584968 2.9895354339315956  4.5178880069988114 2.9541075206093632  4.5208377730994114 2.9188053668140421  4.5239519743698811 2.883662906745891  4.5272786101061078 2.848736354422563 
 0 8 0.71042211190538718 6 1 8
7 0 0  4 5 2  1.0532199806991667 0.91614146907470184  1.0460607709037502 0.93712854125623501  1.0388227103775225 0.9581018938135859  1.0315006643519489 0.9790598061506457  1.0240881925221381 1 
 0 5 1 5
7 0 0  4 5 2  4.4662947606302641 3.7897657082886731  4.4676920669437177 3.7712520998106407  4.4691094581420048 3.7527588491331767  4.4705482511059706 3.7342873759778064  4.4720100995827217 3.7158395399961623 
 0 5 1 5
1 1.0532199806991667 0 0 1 
1 0 0 0 1 
1 0 1 1 0 
1 0 0 1 0 
1 0 1 1 0 
1 0 0 1 0 
1 1.0532199806991669 0 0 1 
1 0 0 0 1 
1 0 1 1 0 
1 0 0 1 0 
1 1.0532199806991696 0 0 1 
1 0 0 0 1 
1 1.0532199806991658 0 0 1 
1 0 0 0 1 
1 0 1 1 0 
1 0 0 1 0 
1 1.0532199806991658 0 0 1 
1 0 0 0 1 
1 0 1 1 0 
1 0 0 1 0 
1 1.0532199806991693 0 0 1 
1 0 0 0 1 
1 0 1 1 0 
1 0 0 1 0 
1 1.0532199806991656 0 0 1 
1 0 0 0 1 
1 0 1 1 0 
1 0 0 1 0 
1 1.0532199806991656 0 0 1 
1 0 0 0 1 
1 0 1 1 0 
1 0 0 1 0 
1 0 1 1 0 
1 0 0 1 0 
1 0 1 1 0 
1 0.13747279365073392 1.0442095377603837 0.3826834323650859 0.92387953251128829 
1 1.0532199806991667 0 0 1 
1 0 0 0 1 
1 1.0532199806991658 0 0 1 
1 0 0 0 1 
1 0 1 1 0 
1 0.13747279365074283 -1.0442095377604161 -0.13052619222005604 0.99144486137380994 
1 0 1 1 0 
1 0.54052263090018027 2.0172579211603177 0.60876142900871733 0.79335334029123783 
1 1.0532199806991671 0 0 1 
1 0 0 0 1 
1 0 1 1 0 
1 1.1816823314111391 2.8528335109094725 0.79335334029123239 0.60876142900872432 
1 1.0532199806991667 0 0 1 
1 0 0 0 1 
1 0 1 1 0 
1 2.0172579211602901 3.4939932114204009 0.92387953251128507 0.38268343236509406 
1 1.0532199806991676 0 0 1 
1 0 0 0 1 
1 0 1 1 0 
1 2.990306304560181 3.8970430486698442 0.99144486137380994 0.13052619222005571 
1 1.0532199806991669 0 0 1 
1 0 0 0 1 
1 0 1 1 0 
1 6.0517737634809334 -3.4939932114204013 -0.92387953251128496 -0.38268343236509417 
1 0 1 1 0 
1 6.8873493532300838 -2.8528335109094725 -0.79335334029123206 -0.60876142900872454 
1 1.0532199806991667 0 0 1 
1 0 0 0 1 
1 0 1 1 0 
1 4.0345158423205936 4.0345158423206202 0.99144486137381105 -0.13052619222004727 
1 0 1 1 0 
1 0.54052263090019836 -2.017257921160303 -0.38268343236509456 0.92387953251128474 
1 1.0532199806991656 0 0 1 
1 0 0 0 1 
1 0 1 1 0 
1 1.1816823314111635 -2.85283351090946 -0.60876142900872432 0.79335334029123228 
1 1.0532199806991656 0 0 1 
1 0 0 0 1 
1 0 1 1 0 
1 2.0172579211603199 -3.4939932114204582 -0.7933533402912375 0.60876142900871755 
1 1.0532199806991693 0 0 1 
1 0 0 0 1 
1 0 1 1 0 
1 2.9903063045602161 -3.8970430486698886 -0.9238795325112884 0.38268343236508584 
1 1.0532199806991658 0 0 1 
1 0 0 0 1 
1 0 1 1 0 
1 4.0345158423206282 -4.0345158423206211 -0.99144486137381105 0.13052619222004691 
1 1.0532199806991658 0 0 1 
1 0 0 0 1 
1 0 1 1 0 
1 5.0787253800810408 -3.8970430486698437 -0.99144486137380983 -0.13052619222005579 
1 1.0532199806991696 0 0 1 
1 0 0 0 1 
1 1.053219980699166 0 0 1 
1 0 0 0 1 
1 1.053219980699166 0 0 1 
1 0 0 0 1 
1 0 1 1 0 
1 7.5285090537410424 -2.0172579211602613 -0.60876142900871699 -0.79335334029123805 
1 0 1 1 0 
1 0 0 1 0 
1 1.0532199806991656 0 0 1 
1 0 0 0 1 
1 1.0532199806991656 0 0 1 
1 0 0 0 1 
1 0 1 1 0 
1 7.9315588909904875 -1.0442095377603837 -0.3826834323650859 -0.92387953251128829 
1 0 1 1 0 
1 0 0 1 0 
1 1.0532199806991676 0 0 1 
1 0 0 0 1 
1 1.0532199806991676 0 0 1 
1 0 0 0 1 
1 0 1 1 0 
1 8.0690316846412209 -1.0842021724855044e-19 -0.1305261922200471 -0.99144486137381094 
1 0 1 1 0 
1 0 0 1 0 
1 1.0532199806991678 0 0 1 
1 0 0 0 1 
1 1.0532199806991678 0 0 1 
1 0 0 0 1 
1 0 1 1 0 
1 7.9315588909904786 1.0442095377604161 0.13052619222005596 -0.99144486137380994 
1 0 1 1 0 
1 0 0 1 0 
1 1.0532199806991656 0 0 1 
1 0 0 0 1 
1 1.0532199806991656 0 0 1 
1 0 0 0 1 
1 0 1 1 0 
1 7.5285090537410237 2.0172579211603026 0.38268343236509383 -0.92387953251128507 
1 0 1 1 0 
1 0 0 1 0 
1 1.0532199806991678 0 0 1 
1 0 0 0 1 
1 1.0532199806991678 0 0 1 
1 0 0 0 1 
1 0 1 1 0 
1 6.887349353230058 2.85283351090946 0.60876142900872399 -0.7933533402912325 
1 0 1 1 0 
1 0 0 1 0 
1 1.0532199806991673 0 0 1 
1 0 0 0 1 
1 1.0532199806991673 0 0 1 
1 0 0 0 1 
1 0 1 1 0 
1 6.0517737634808997 3.4939932114204577 0.79335334029123772 -0.60876142900871721 
1 0 1 1 0 
1 0 0 1 0 
1 1.0532199806991667 0 0 1 
1 0 0 0 1 
1 1.0532199806991667 0 0 1 
1 0 0 0 1 
1 0 1 1 0 
1 5.078725380081007 3.897043048669889 0.92387953251128829 -0.38268343236508606 
1 0 1 1 0 
1 0 0 1 0 
1 0 1 1 0 
1 0 0 1 0 
1 1.0532199806991667 0 0 1 
1 0 0 0 1 
1 1.0532199806991667 0 0 1 
1 0 0 0 1 
Curves 437
1 4.0345158423206113 0 0 -0.13052619222005141 0.99144486137381038 0 
7 0 0  1 2 2  -5.9903462902383504 321.1620552712381 -13.248421528796028  -6.0358546099808192 321.15733681947268 -13.428673573261303 
 0 2 1 2
1 4.0345158423206113 0 0 -0.13052619222005141 0.99144486137381038 0 
7 0 0  1 2 2  -5.8570987651584243 322.20248852968479 -13.343374461989409  -5.9017137402158655 322.19858821991778 -13.512781098928253 
 0 2 1 2
1 3.8970430486698731 1.0442095377604128 0 -0.38268343236508995 0.92387953251128663 0 
1 3.4939932114204222 2.0172579211603052 0 -0.60876142900872066 0.79335334029123505 0 
1 2.85283351090946 2.8528335109094596 0 -0.79335334029123494 0.60876142900872088 0 
1 2.0172579211603061 3.4939932114204217 0 -0.92387953251128663 0.38268343236509 0 
1 1.0442095377604128 3.8970430486698731 0 -0.99144486137381038 0.13052619222005143 0 
1 2.470428456203612e-16 4.0345158423206113 0 -0.99144486137381038 -0.13052619222005143 0 
1 -1.0442095377604124 3.8970430486698731 0 -0.92387953251128663 -0.38268343236508995 0 
1 -2.0172579211603048 3.4939932114204222 0 -0.79335334029123528 -0.60876142900872054 0 
1 -2.8528335109094596 2.85283351090946 0 -0.60876142900872066 -0.79335334029123494 0 
1 -3.4939932114204222 2.0172579211603052 0 -0.38268343236508989 -0.92387953251128652 0 
1 -3.8970430486698726 1.0442095377604139 0 -0.13052619222005171 -0.99144486137381027 0 
1 -4.0345158423206113 4.940856912407224e-16 0 0.13052619222005132 -0.99144486137381038 0 
1 -3.8970430486698731 -1.044209537760413 0 0.38268343236508989 -0.92387953251128652 0 
1 -3.4939932114204226 -2.0172579211603043 0 0.60876142900872043 -0.7933533402912355 0 
1 -2.8528335109094614 -2.8528335109094582 0 0.79335334029123483 -0.60876142900872121 0 
1 -2.0172579211603074 -3.4939932114204209 0 0.92387953251128663 -0.38268343236509017 0 
1 -1.0442095377604124 -3.8970430486698731 0 0.99144486137381038 -0.13052619222005155 0 
1 -7.4112853686108355e-16 -4.0345158423206113 0 0.99144486137381038 0.1305261922200511 0 
1 1.044209537760411 -3.8970430486698735 0 0.92387953251128685 0.38268343236508978 0 
1 2.0172579211603061 -3.4939932114204217 0 0.79335334029123494 0.60876142900872077 0 
1 2.8528335109094591 -2.8528335109094605 0 0.6087614290087211 0.79335334029123494 0 
1 3.4939932114204209 -2.0172579211603074 0 0.38268343236509067 0.92387953251128629 0 
1 3.8970430486698722 -1.0442095377604161 0 0.13052619222005182 0.99144486137381049 0 
7 0 0  1 2 2  -6.381008266845881 320.19648960520084 -13.092413540708625  -6.4291357406794685 320.19016013623531 -13.290212230705672 
 0 2 1 2
1 3.8970430486698731 1.0442095377604128 0 -0.38268343236508995 0.92387953251128663 0 
7 0 0  1 2 2  -6.0358546099808192 321.15733681947268 -13.428673573261303  -6.1764517993289783 321.13015905106994 -14.091565632234708 
 0 2 1 2
1 4.0345158423206113 0 0 -0.13052619222005141 0.99144486137381038 0 
7 0 0  1 2 2  -5.9017137402158655 322.19858821991778 -13.512781098928253  -6.0414855971775747 322.17215668461279 -14.16434876016878 
 0 2 1 2
1 3.8970430486698722 -1.0442095377604161 0 0.13052619222005182 0.99144486137381049 0 
7 0 0  1 2 2  -5.9903462902383522 323.24688557337504 -13.370801454808779  -6.0358546099808201 323.24295477537953 -13.536803018826577 
 0 2 1 2
7 0 0  1 2 2  -7.0024617268746505 319.37159323604072 -12.88598218429996  -7.0547556731824983 319.36296966283322 -13.106832982938338 
 0 2 1 2
1 3.4939932114204222 2.0172579211603052 0 -0.60876142900872066 0.79335334029123505 0 
7 0 0  1 2 2  -7.8123556440241018 318.74358148811035 -12.643195415365344  -7.8700794429756478 318.73213706303198 -12.891032822646112 
 0 2 1 2
1 2.85283351090946 2.8528335109094596 0 -0.79335334029123494 0.60876142900872088 0 
7 0 0  1 2 2  -8.7554970862534809 318.35525232419269 -12.380598750983562  -8.8195440825337528 318.34065253600767 -12.657518174126276 
 0 2 1 2
1 2.0172579211603061 3.4939932114204217 0 -0.92387953251128663 0.38268343236509 0 
7 0 0  1 2 2  -9.7676125228897792 318.23306973506442 -12.116087719870727  -9.8384451457354309 318.2151951053184 -12.422202674774262 
 0 2 1 2
1 1.0442095377604128 3.8970430486698731 0 -0.99144486137381038 0.13052619222005143 0 
7 0 0  1 2 2  -10.779727959526078 318.38536026225836 -11.86768831167203  -10.857346208937109 318.3643144875374 -12.201122686993655 
 0 2 1 2
1 2.470428456203612e-16 4.0345158423206113 0 -0.99144486137381038 -0.13052619222005143 0 
7 0 0  1 2 2  -11.722869401755455 318.80174555801824 -11.652328535556785  -11.806810848495212 318.77784844319785 -12.00934444659975 
 0 2 1 2
1 -1.0442095377604124 3.8970430486698731 0 -0.92387953251128663 -0.38268343236508995 0 
7 0 0  1 2 2  -12.532763318904907 319.45384965254721 -11.484684804368383  -12.622134618288364 319.42761531661858 -11.859937323746866 
 0 2 1 2
1 -2.0172579211603048 3.4939932114204222 0 -0.79335334029123528 -0.60876142900872054 0 
7 0 0  1 2 2  -13.154216778933678 320.2972327294562 -11.376181761342952  -13.247754550791393 320.26933456916674 -11.763083166950482 
 0 2 1 2
1 -2.8528335109094596 2.85283351090946 0 -0.60876142900872066 -0.79335334029123494 0 
7 0 0  1 2 2  -13.544878755541207 321.2744196258102 -11.334213709552918  -13.641035681490042 321.24564442478777 -11.725382426937207 
 0 2 1 2
1 -3.4939932114204222 2.0172579211603052 0 -0.38268343236508989 -0.92387953251128652 0 
7 0 0  1 2 2  -13.678126280621134 322.31881666950045 -11.361640702372288  -13.775176551254996 322.29001098024952 -11.749404346835531 
 0 2 1 2
1 -3.8970430486698726 1.0442095377604139 0 -0.13052619222005171 -0.99144486137381027 0 
7 0 0  1 2 2  -13.544878755541207 323.35924992794713 -11.456593635565669  -13.641035681490044 323.33126238069462 -11.833511872502481 
 0 2 1 2
1 -4.0345158423206113 4.940856912407224e-16 0 0.13052619222005132 -0.99144486137381038 0 
7 0 0  1 2 2  -13.154216778933678 324.3248155939844 -11.612601623653072  -13.247754550791393 324.29843906393199 -11.971973215058112 
 0 2 1 2
1 -3.8970430486698731 -1.044209537760413 0 0.38268343236508989 -0.92387953251128652 0 
7 0 0  1 2 2  -12.532763318904909 325.14971196314451 -11.819032980061737  -12.622134618288365 325.12562953733408 -12.155352462825444 
 0 2 1 2
1 -3.4939932114204226 -2.0172579211603043 0 0.60876142900872043 -0.7933533402912355 0 
7 0 0  1 2 2  -11.722869401755458 325.77772371107488 -12.061819748996351  -11.806810848495216 325.75646213713532 -12.371152623117672 
 0 2 1 2
1 -2.8528335109094614 -2.8528335109094582 0 0.79335334029123483 -0.60876142900872121 0 
7 0 0  1 2 2  -10.779727959526078 326.16605287499254 -12.324416413378133  -10.857346208937109 326.14794666415963 -12.604667271637506 
 0 2 1 2
1 -2.0172579211603074 -3.4939932114204209 0 0.92387953251128663 -0.38268343236509017 0 
7 0 0  1 2 2  -9.7676125228897792 326.28823546412082 -12.58892744449097  -9.8384451457354309 326.2734040948489 -12.839982770989522 
 0 2 1 2
1 -1.0442095377604124 -3.8970430486698731 0 0.99144486137381038 -0.13052619222005155 0 
7 0 0  1 2 2  -8.7554970862534809 326.13594493692688 -12.837326852689666  -8.8195440825337528 326.1242847126299 -13.061062758770129 
 0 2 1 2
1 -7.4112853686108355e-16 -4.0345158423206113 0 0.99144486137381038 0.1305261922200511 0 
7 0 0  1 2 2  -7.8123556440241009 325.719559641167 -13.052686628804913  -7.8700794429756478 325.71075075696945 -13.252840999164034 
 0 2 1 2
1 1.044209537760411 -3.8970430486698735 0 0.92387953251128685 0.38268343236508978 0 
7 0 0  1 2 2  -7.0024617268746514 325.06745554663803 -13.220330359993314  -7.0547556731824983 325.06098388354872 -13.402248122016918 
 0 2 1 2
1 2.0172579211603061 -3.4939932114204217 0 0.79335334029123494 0.60876142900872077 0 
7 0 0  1 2 2  -6.3810082668458818 324.22407246972904 -13.328833403018745  -6.4291357406794694 324.21926463100056 -13.499102278813302 
 0 2 1 2
1 2.8528335109094591 -2.8528335109094605 0 0.6087614290087211 0.79335334029123494 0 
1 3.4939932114204209 -2.0172579211603074 0 0.38268343236509067 0.92387953251128629 0 
7 0 0  1 2 2  -6.4291357406794685 320.19016013623531 -13.290212230705672  -6.5721526821487659 320.16150809818976 -13.971530343407386 
 0 2 1 2
1 3.8970430486698731 1.0442095377604128 0 -0.38268343236508995 0.92387953251128663 0 
7 0 0  1 2 2  -6.1764517993289783 321.13015905106994 -14.091565632234708  -6.2854551246361154 321.1106839944664 -14.727760772835241 
 0 2 1 2
1 4.0345158423206113 0 0 -0.13052619222005141 0.99144486137381038 0 
7 0 0  1 2 2  -6.0414855971775747 322.17215668461279 -14.16434876016878  -6.1495886962734705 322.15348529678209 -14.78588207079574 
 0 2 1 2
1 3.8970430486698722 -1.0442095377604161 0 0.13052619222005182 0.99144486137381049 0 
7 0 0  1 2 2  -6.0358546099808201 323.24295477537953 -13.536803018826577  -6.1764517993289791 323.21649058207487 -14.1849196773207 
 0 2 1 2
7 0 0  1 2 2  -7.0547556731824983 319.36296966283322 -13.106832982938338  -7.2016218843993949 319.3322157876396 -13.812423100252703 
 0 2 1 2
1 3.4939932114204222 2.0172579211603052 0 -0.60876142900872066 0.79335334029123505 0 
7 0 0  1 2 2  -7.8700794429756478 318.73213706303198 -12.891032822646112  -8.0219621201945284 318.69879701991312 -13.625086798454497 
 0 2 1 2
1 2.85283351090946 2.8528335109094596 0 -0.79335334029123494 0.60876142900872088 0 
7 0 0  1 2 2  -8.8195440825337528 318.34065253600767 -12.657518174126276  -8.9772685581410663 318.30441823725693 -13.422288097392437 
 0 2 1 2
1 2.0172579211603061 3.4939932114204217 0 -0.92387953251128663 0.38268343236509 0 
7 0 0  1 2 2  -9.8384451457354309 318.2151951053184 -12.422202674774262  -10.002438643211484 318.17595570196721 -13.217847393403208 
 0 2 1 2
1 1.0442095377604128 3.8970430486698731 0 -0.99144486137381038 0.13052619222005143 0 
7 0 0  1 2 2  -10.857346208937109 318.3643144875374 -12.201122686993655  -11.027608728281901 318.32216392352967 -13.025696982609437 
 0 2 1 2
1 2.470428456203612e-16 4.0345158423206113 0 -0.99144486137381038 -0.13052619222005143 0 
7 0 0  1 2 2  -11.806810848495212 318.77784844319785 -12.00934444659975  -11.982915166228437 318.73307905326527 -12.858931597963151 
 0 2 1 2
1 -1.0442095377604124 3.8970430486698731 0 -0.92387953251128663 -0.38268343236508995 0 
7 0 0  1 2 2  -12.622134618288364 319.42761531661858 -11.859937323746866  -12.803255402023572 319.38069790415193 -12.728916024835165 
 0 2 1 2
1 -2.0172579211603048 3.4939932114204222 0 -0.79335334029123528 -0.60876142900872054 0 
7 0 0  1 2 2  -13.247754550791393 320.26933456916674 -11.763083166950482  -13.432724604274203 320.2208863217424 -12.644510609673256 
 0 2 1 2
1 -2.8528335109094596 2.85283351090946 0 -0.60876142900872066 -0.79335334029123494 0 
7 0 0  1 2 2  -13.641035681490042 321.24564442478777 -11.725382426937207  -13.828425487093989 321.19638685385502 -12.611467442034169 
 0 2 1 2
1 -3.4939932114204222 2.0172579211603052 0 -0.38268343236508989 -0.92387953251128652 0 
7 0 0  1 2 2  -13.775176551254996 322.29001098024952 -11.749404346835531  -13.963391689245393 322.2407207513171 -12.632038359186089 
 0 2 1 2
1 -3.8970430486698726 1.0442095377604139 0 -0.13052619222005171 -0.99144486137381027 0 
7 0 0  1 2 2  -13.641035681490044 323.33126238069462 -11.833511872502481  -13.828425487093989 323.28271838485995 -12.70482148712016 
 0 2 1 2
1 -4.0345158423206113 4.940856912407224e-16 0 0.13052619222005132 -0.99144486137381038 0 
7 0 0  1 2 2  -13.247754550791393 324.29843906393199 -11.971973215058112  -13.432724604274203 324.25136933774013 -12.824856775947481 
 0 2 1 2
1 -3.8970430486698731 -1.044209537760413 0 0.38268343236508989 -0.92387953251128652 0 
7 0 0  1 2 2  -12.622134618288365 325.12562953733408 -12.155352462825444  -12.803255402023574 325.08066164829029 -12.983964019102165 
 0 2 1 2
1 -3.4939932114204226 -2.0172579211603043 0 0.60876142900872043 -0.7933533402912355 0 
7 0 0  1 2 2  -11.806810848495216 325.75646213713532 -12.371152623117672  -11.982915166228441 325.71408041601677 -13.171300320900372 
 0 2 1 2
1 -2.8528335109094614 -2.8528335109094582 0 0.79335334029123483 -0.60876142900872121 0 
7 0 0  1 2 2  -10.857346208937109 326.14794666415963 -12.604667271637506  -11.027608728281901 326.10845919867296 -13.374099021962429 
 0 2 1 2
1 -2.0172579211603074 -3.4939932114204209 0 0.92387953251128663 -0.38268343236509017 0 
7 0 0  1 2 2  -9.8384451457354309 326.2734040948489 -12.839982770989522  -10.002438643211486 326.23692173396267 -13.578539725951661 
 0 2 1 2
1 -1.0442095377604124 -3.8970430486698731 0 0.99144486137381038 -0.13052619222005155 0 
7 0 0  1 2 2  -8.8195440825337528 326.1242847126299 -13.061062758770129  -8.9772685581410681 326.09071351240021 -13.770690136745431 
 0 2 1 2
1 -7.4112853686108355e-16 -4.0345158423206113 0 0.99144486137381038 0.1305261922200511 0 
7 0 0  1 2 2  -7.8700794429756478 325.71075075696945 -13.252840999164034  -8.0219621201945284 325.67979838266461 -13.937455521391719 
 0 2 1 2
1 1.044209537760411 -3.8970430486698735 0 0.92387953251128685 0.38268343236508978 0 
7 0 0  1 2 2  -7.0547556731824983 325.06098388354872 -13.402248122016918  -7.2016218843993958 325.03217953177796 -14.067471094519705 
 0 2 1 2
1 2.0172579211603061 -3.4939932114204217 0 0.79335334029123494 0.60876142900872077 0 
7 0 0  1 2 2  -6.4291357406794694 324.21926463100056 -13.499102278813302  -6.5721526821487659 324.19199111418749 -14.151876509681612 
 0 2 1 2
1 2.8528335109094591 -2.8528335109094605 0 0.6087614290087211 0.79335334029123494 0 
1 3.4939932114204209 -2.0172579211603074 0 0.38268343236509067 0.92387953251128629 0 
7 0 0  1 2 2  -6.5721526821487659 320.16150809818976 -13.971530343407386  -6.6837953371610261 320.14044008159999 -14.631718321933414 
 0 2 1 2
1 3.8970430486698731 1.0442095377604128 0 -0.38268343236508995 0.92387953251128663 0 
7 0 0  1 2 2  -6.2854551246361154 321.1106839944664 -14.727760772835241  -6.3704038653473836 321.09545819336813 -15.367610566611852 
 0 2 1 2
1 4.0345158423206113 0 0 -0.13052619222005141 0.99144486137381038 0 
7 0 0  1 2 2  -6.1495886962734705 322.15348529678209 -14.78588207079574  -6.2338355910661694 322.13887878802831 -15.411140979461541 
 0 2 1 2
1 3.8970430486698722 -1.0442095377604161 0 0.13052619222005182 0.99144486137381049 0 
7 0 0  1 2 2  -6.1764517993289791 323.21649058207487 -14.1849196773207  -6.2854551246361154 323.19777880310494 -14.802121345408887 
 0 2 1 2
7 0 0  1 2 2  -7.2016218843993949 319.3322157876396 -13.812423100252703  -7.3174631066529541 319.30887407744081 -14.504299852401559 
 0 2 1 2
1 3.4939932114204222 2.0172579211603052 0 -0.60876142900872066 0.79335334029123505 0 
7 0 0  1 2 2  -8.0219621201945284 318.69879701991312 -13.625086798454497  -8.1432750218065273 318.67265583094456 -14.354188722369297 
 0 2 1 2
1 2.85283351090946 2.8528335109094596 0 -0.79335334029123494 0.60876142900872088 0 
7 0 0  1 2 2  -8.9772685581410663 318.30441823725693 -13.422288097392437  -9.1049533653227464 318.27514256420955 -14.191614757277957 
 0 2 1 2
1 2.0172579211603061 3.4939932114204217 0 -0.92387953251128663 0.38268343236509 0 
7 0 0  1 2 2  -10.002438643211484 318.17595570196721 -13.217847393403208  -10.136961347339586 318.14342414944207 -14.027657104182332 
 0 2 1 2
1 1.0442095377604128 3.8970430486698731 0 -0.99144486137381038 0.13052619222005143 0 
7 0 0  1 2 2  -11.027608728281901 318.32216392352967 -13.025696982609437  -11.168969329356425 318.28647697893354 -13.873489206188054 
 0 2 1 2
1 2.470428456203612e-16 4.0345158423206113 0 -0.99144486137381038 -0.13052619222005143 0 
7 0 0  1 2 2  -11.982915166228437 318.73307905326527 -12.858931597963151  -12.130647672872643 318.69455223876008 -13.739617350768938 
 0 2 1 2
1 -1.0442095377604124 3.8970430486698731 0 -0.92387953251128663 -0.38268343236508995 0 
7 0 0  1 2 2  -12.803255402023572 319.38069790415193 -12.728916024835165  -12.956459588026217 319.33984027434076 -13.635164683638095 
 0 2 1 2
1 -2.0172579211603048 3.4939932114204222 0 -0.79335334029123528 -0.60876142900872054 0 
7 0 0  1 2 2  -13.432724604274203 320.2208863217424 -12.644510609673256  -13.590127357518146 320.17836577243969 -13.567249481444298 
 0 2 1 2
1 -2.8528335109094596 2.85283351090946 0 -0.60876142900872066 -0.79335334029123494 0 
7 0 0  1 2 2  -13.828425487093989 321.19638685385502 -12.611467442034169  -13.988467570043056 321.15298460609029 -13.540500052981876 
 0 2 1 2
1 -3.4939932114204222 2.0172579211603052 0 -0.38268343236508989 -0.92387953251128652 0 
7 0 0  1 2 2  -13.963391689245393 322.2407207513171 -12.632038359186089  -14.124333998405701 322.19727811241313 -13.556739327595022 
 0 2 1 2
1 -3.8970430486698726 1.0442095377604139 0 -0.13052619222005171 -0.99144486137381027 0 
7 0 0  1 2 2  -13.828425487093989 323.28271838485995 -12.70482148712016  -13.988467570043056 323.24007941472883 -13.61486062555552 
 0 2 1 2
1 -4.0345158423206113 4.940856912407224e-16 0 0.13052619222005132 -0.99144486137381038 0 
7 0 0  1 2 2  -13.432724604274203 324.25136933774013 -12.824856775947481  -13.590127357518146 324.21032332759523 -13.710903076457347 
 0 2 1 2
1 -3.8970430486698731 -1.044209537760413 0 0.38268343236508989 -0.92387953251128652 0 
7 0 0  1 2 2  -12.803255402023574 325.08066164829029 -12.983964019102165  -12.95645958802622 325.04188933175442 -13.838321545989203 
 0 2 1 2
1 -3.4939932114204226 -2.0172579211603043 0 0.60876142900872043 -0.7933533402912355 0 
7 0 0  1 2 2  -11.982915166228441 325.71408041601677 -13.171300320900372  -12.130647672872644 325.67810757825066 -13.988432676021464 
 0 2 1 2
1 -2.8528335109094614 -2.8528335109094582 0 0.79335334029123483 -0.60876142900872121 0 
7 0 0  1 2 2  -11.027608728281901 326.10845919867296 -13.374099021962429  -11.168969329356425 326.07562084498568 -14.151006641112806 
 0 2 1 2
1 -2.0172579211603074 -3.4939932114204209 0 0.92387953251128663 -0.38268343236509017 0 
7 0 0  1 2 2  -10.002438643211486 326.23692173396267 -13.578539725951661  -10.136961347339586 326.20733925975316 -14.31496429420843 
 0 2 1 2
1 -1.0442095377604124 -3.8970430486698731 0 0.99144486137381038 -0.13052619222005155 0 
7 0 0  1 2 2  -8.9772685581410681 326.09071351240021 -13.770690136745431  -9.1049533653227481 326.06428643026169 -14.469132192202707 
 0 2 1 2
1 -7.4112853686108355e-16 -4.0345158423206113 0 0.99144486137381038 0.1305261922200511 0 
7 0 0  1 2 2  -8.0219621201945284 325.67979838266461 -13.937455521391719  -8.1432750218065273 325.65621117043514 -14.603004047621823 
 0 2 1 2
1 1.044209537760411 -3.8970430486698735 0 0.92387953251128685 0.38268343236508978 0 
7 0 0  1 2 2  -7.2016218843993958 325.03217953177796 -14.067471094519705  -7.317463106652955 325.01092313485447 -14.707456714752666 
 0 2 1 2
1 2.0172579211603061 -3.4939932114204217 0 0.79335334029123494 0.60876142900872077 0 
7 0 0  1 2 2  -6.5721526821487659 324.19199111418749 -14.151876509681612  -6.6837953371610261 324.17239763675553 -14.775371916946463 
 0 2 1 2
1 2.8528335109094591 -2.8528335109094605 0 0.6087614290087211 0.79335334029123494 0 
1 3.4939932114204209 -2.0172579211603074 0 0.38268343236509067 0.92387953251128629 0 
7 0 0  1 2 2  -6.6837953371610261 320.14044008159999 -14.631718321933414  -6.7708017859885077 320.12398305308011 -15.295569712282667 
 0 2 1 2
1 3.8970430486698731 1.0442095377604128 0 -0.38268343236508995 0.92387953251128663 0 
7 0 0  1 2 2  -6.3704038653473836 321.09545819336813 -15.367610566611852  -6.4311718745775517 321.08454074586922 -16.010209488410261 
 0 2 1 2
1 4.0345158423206113 0 0 -0.13052619222005141 0.99144486137381038 0 
7 0 0  1 2 2  -6.2338355910661694 322.13887878802831 -15.411140979461541  -6.2941013875291629 322.12840064515609 -16.039201211110012 
 0 2 1 2
1 3.8970430486698722 -1.0442095377604161 0 0.13052619222005182 0.99144486137381049 0 
7 0 0  1 2 2  -6.2854551246361154 323.19777880310494 -14.802121345408887  -6.3704038653473845 323.18313744786855 -15.42319442513344 
 0 2 1 2
7 0 0  1 2 2  -7.3174631066529541 319.30887407744081 -14.504299852401559  -7.4077428963866971 319.29065779253614 -15.199927881643383 
 0 2 1 2
1 3.4939932114204222 2.0172579211603052 0 -0.60876142900872066 0.79335334029123505 0 
7 0 0  1 2 2  -8.1432750218065273 318.67265583094456 -14.354188722369297  -8.2378207124632681 318.6522721511073 -15.087202907396467 
 0 2 1 2
1 2.85283351090946 2.8528335109094596 0 -0.79335334029123494 0.60876142900872088 0 
7 0 0  1 2 2  -9.1049533653227464 318.27514256420955 -14.191614757277957  -9.2044668028210559 318.25233105527474 -14.965076810250018 
 0 2 1 2
1 2.0172579211603061 3.4939932114204217 0 -0.92387953251128663 0.38268343236509 0 
7 0 0  1 2 2  -10.136961347339586 318.14342414944207 -14.027657104182332  -10.241805833860369 318.11808982978556 -14.841872281901649 
 0 2 1 2
1 1.0442095377604128 3.8970430486698731 0 -0.99144486137381038 0.13052619222005143 0 
7 0 0  1 2 2  -11.168969329356425 318.28647697893354 -13.873489206188054  -11.279144864899681 318.25869679231283 -14.725985507353192 
 0 2 1 2
1 2.470428456203612e-16 4.0345158423206113 0 -0.99144486137381038 -0.13052619222005143 0 
7 0 0  1 2 2  -12.130647672872643 318.69455223876008 -13.739617350768938  -12.245790955257467 318.66456981072417 -14.625313978778173 
 0 2 1 2
1 -1.0442095377604124 3.8970430486698731 0 -0.92387953251128663 -0.38268343236508995 0 
7 0 0  1 2 2  -12.956459588026217 319.33984027434076 -13.635164683638095  -13.07586877133404 319.30804930955179 -14.546718294481416 
 0 2 1 2
1 -2.0172579211603048 3.4939932114204222 0 -0.79335334029123528 -0.60876142900872054 0 
7 0 0  1 2 2  -13.590127357518146 320.17836577243969 -13.567249481444298  -13.71280988173223 320.14528322435064 -14.495554620462231 
 0 2 1 2
1 -2.8528335109094596 2.85283351090946 0 -0.60876142900872066 -0.79335334029123494 0 
7 0 0  1 2 2  -13.988467570043056 321.15298460609029 -13.540500052981876  -14.113207802373353 321.11921544742182 -14.475309676553058 
 0 2 1 2
1 -3.4939932114204222 2.0172579211603052 0 -0.38268343236508989 -0.92387953251128652 0 
7 0 0  1 2 2  -14.124333998405701 322.19727811241313 -13.556739327595022  -14.249776076654568 322.163474107262 -14.487363122224956 
 0 2 1 2
1 -3.8970430486698726 1.0442095377604139 0 -0.13052619222005171 -0.99144486137381027 0 
7 0 0  1 2 2  -13.988467570043056 323.24007941472883 -13.61486062555552  -14.113207802373353 323.20689470192224 -14.530893535074647 
 0 2 1 2
1 -4.0345158423206113 4.940856912407224e-16 0 0.13052619222005132 -0.99144486137381038 0 
7 0 0  1 2 2  -13.590127357518146 324.21032332759523 -13.710903076457347  -13.71280988173223 324.17836984221026 -14.602934389403829 
 0 2 1 2
1 -3.8970430486698731 -1.044209537760413 0 0.38268343236508989 -0.92387953251128652 0 
7 0 0  1 2 2  -12.95645958802622 325.04188933175442 -13.838321545989203  -13.075868771334042 325.01169510275423 -14.698576220043115 
 0 2 1 2
1 -3.4939932114204226 -2.0172579211603043 0 0.60876142900872043 -0.7933533402912355 0 
7 0 0  1 2 2  -12.130647672872644 325.67810757825066 -13.988432676021464  -12.245790955257471 325.65008074418307 -14.811301194290031 
 0 2 1 2
1 -2.8528335109094614 -2.8528335109094582 0 0.79335334029123483 -0.60876142900872121 0 
7 0 0  1 2 2  -11.168969329356425 326.07562084498568 -14.151006641112806  -11.279144864899681 326.05002184001563 -14.93342729143648 
 0 2 1 2
1 -2.0172579211603074 -3.4939932114204209 0 0.92387953251128663 -0.38268343236509017 0 
7 0 0  1 2 2  -10.136961347339586 326.20733925975316 -14.31496429420843  -10.241805833860369 326.18426306550481 -15.056631819784849 
 0 2 1 2
1 -1.0442095377604124 -3.8970430486698731 0 0.99144486137381038 -0.13052619222005155 0 
7 0 0  1 2 2  -9.1049533653227481 326.06428643026169 -14.469132192202707  -9.2044668028210559 326.04365610297754 -15.172518594333306 
 0 2 1 2
1 -7.4112853686108355e-16 -4.0345158423206113 0 0.99144486137381038 0.1305261922200511 0 
7 0 0  1 2 2  -8.1432750218065273 325.65621117043514 -14.603004047621823  -8.2378207124632681 325.63778308456619 -15.273190122908325 
 0 2 1 2
1 1.044209537760411 -3.8970430486698735 0 0.92387953251128685 0.38268343236508978 0 
7 0 0  1 2 2  -7.317463106652955 325.01092313485447 -14.707456714752666  -7.4077428963866971 324.99430358573858 -15.351785807205081 
 0 2 1 2
1 2.0172579211603061 -3.4939932114204217 0 0.79335334029123494 0.60876142900872077 0 
7 0 0  1 2 2  -6.6837953371610261 324.17239763675553 -14.775371916946463  -6.7708017859885086 324.15706967093973 -15.402949481224267 
 0 2 1 2
1 2.8528335109094591 -2.8528335109094605 0 0.6087614290087211 0.79335334029123494 0 
1 3.4939932114204209 -2.0172579211603074 0 0.38268343236509067 0.92387953251128629 0 
7 0 0  1 2 2  -6.7708017859885077 320.12398305308011 -15.295569712282667  -6.8330422085500588 320.11219023805978 -15.962177703314428 
 0 2 1 2
1 3.8970430486698731 1.0442095377604128 0 -0.38268343236508995 0.92387953251128663 0 
7 0 0  1 2 2  -6.4311718745775517 321.08454074586922 -16.010209488410261  -6.4676688536444527 321.07797358282323 -16.6546450165369 
 0 2 1 2
1 4.0345158423206113 0 0 -0.13052619222005141 0.99144486137381038 0 
7 0 0  1 2 2  -6.2941013875291629 322.12840064515609 -16.039201211110012  -6.3302966813367352 322.1220958604523 -16.669132368884355 
 0 2 1 2
1 3.8970430486698722 -1.0442095377604161 0 0.13052619222005182 0.99144486137381049 0 
7 0 0  1 2 2  -6.3704038653473845 323.18313744786855 -15.42319442513344  -6.4311718745775517 323.17263260884397 -16.047177133422775 
 0 2 1 2
7 0 0  1 2 2  -7.4077428963866971 319.29065779253614 -15.199927881643383  -7.4723255903085883 319.27761320194975 -15.898379142600504 
 0 2 1 2
1 3.4939932114204222 2.0172579211603052 0 -0.60876142900872066 0.79335334029123505 0 
7 0 0  1 2 2  -8.2378207124632681 318.6522721511073 -15.087202907396467  -8.3054559138520325 318.63768468334632 -15.823161572749045 
 0 2 1 2
1 2.85283351090946 2.8528335109094596 0 -0.79335334029123494 0.60876142900872088 0 
7 0 0  1 2 2  -9.2044668028210559 318.25233105527474 -14.965076810250018  -9.2756567244438664 318.23601475326041 -15.741650946842514 
 0 2 1 2
1 2.0172579211603061 3.4939932114204217 0 -0.92387953251128663 0.38268343236509 0 
1 1.0442095377604128 3.8970430486698731 0 -0.99144486137381038 0.13052619222005143 0 
7 0 0  6 7 2  -9.5802579411094424 318.20012042819315 -15.299999399999997  -9.5892093942298313 318.19830124653396 -15.368881412578428  -9.5985178172417847 318.196435074372 -15.437738490620225  -9.6082355343831995 318.194514960905 -15.506568289888392  -9.6184368971012777 318.19253106814313 -15.575364594665581  -9.6292139098446814 318.19047124207111 -15.644117836528734  -9.6407505398834275 318.18831122534152 -15.71280933354311 
 0 7 1 7
7 0 0  4 5 2  -10.191894511036432 318.11999128932069 -15.299999999999997  -9.9526330377504397 318.15135142397958 -15.299999999999997  -9.7134210719116361 318.18268985418769 -15.299999999999997  -9.47426419898372 318.21400481814112 -15.299999999999997  -9.2351698027079472 318.24529411229906 -15.299999999999997 
 0 5 1 5
7 0 0  6 7 2  -10.13693324904578 318.1271947966876 -15.299999399999997  -10.128041031359292 318.12772918172806 -15.363229750392573  -10.118853906897145 318.12830514523154 -15.42639461587583  -10.109332244564211 318.12892801117789 -15.48948938837305  -10.099422441857271 318.12960498685123 -15.552506494514347  -10.089056914394925 318.13034516537937 -15.615435397130184  -10.078115225159422 318.131164712329 -15.678258479515746 
 0 7 1 7
7 0 0  1 2 2  -10.241805833860369 318.11808982978556 -14.841872281901649  -10.316810440174905 318.0999765536364 -15.659402079333763 
 0 2 1 2
1 2.470428456203612e-16 4.0345158423206113 0 -0.99144486137381038 -0.13052619222005143 0 
7 0 0  6 7 2  -10.375684920898465 318.1199914689231 -15.299999399999997  -10.390843992214268 318.11998692624718 -15.358132044020882  -10.406522718427999 318.1200511792448 -15.416203293579104  -10.422786484401099 318.12019298892528 -15.47420361042769  -10.439720673455604 318.12042395936481 -15.532116030603589  -10.457432573435394 318.12075878994926 -15.589915973366553  -10.476100927361889 318.12122198853388 -15.647563083940309 
 0 7 1 7
7 0 0  4 5 2  -11.331997186535599 318.24538238728741 -15.299999999999997  -11.092862372649378 318.21404741949578 -15.299999999999997  -10.853762735891157 318.18270413937847 -15.299999999999997  -10.61470171571634 318.15135221237642 -15.299999999999997  -10.375683708872145 318.11999128932069 -15.299999999999997 
 0 5 1 5
7 0 0  1 2 2  -11.279144864899681 318.25869679231283 -14.725985507353192  -11.357964155905941 318.23884086296493 -15.582020094620832 
 0 2 1 2
7 0 0  4 5 2  -12.308274163835522 318.64831791121912 -15.299999999999997  -12.064164754053753 318.54758843101598 -15.299999999999997  -11.82008060875865 318.44685591470005 -15.299999999999997  -11.576023866377191 318.34612049259619 -15.299999999999997  -11.331997186535599 318.24538238728746 -15.299999999999997 
 0 5 1 5
7 0 0  1 2 2  -12.245790955257467 318.66456981072417 -14.625313978778173  -12.328164966497775 318.6431443080495 -15.514778447082133 
 0 2 1 2
7 0 0  4 5 2  -13.14615531904651 319.28936001697843 -15.299999999999997  -12.936664773145084 319.12910192310733 -15.299999999999997  -12.727187212134154 318.96884214900712 -15.299999999999997  -12.51772338470545 318.80858077369965 -15.299999999999997  -12.308274163835522 318.64831791121907 -15.299999999999997 
 0 5 1 5
7 0 0  1 2 2  -13.07586877133404 319.30804930955179 -14.546718294481416  -13.16129529004122 319.2853342772504 -15.462259543875351 
 0 2 1 2
7 0 0  4 5 2  -13.788526898655158 320.12489219711483 -15.299999999999997  -13.627924665695131 319.91601161455259 -15.299999999999997  -13.467328528440046 319.70712939842417 -15.299999999999997  -13.306738677161484 319.49824553604464 -15.299999999999997  -13.146155319046509 319.28936001697838 -15.299999999999997 
 0 5 1 5
7 0 0  1 2 2  -13.71280988173223 320.14528322435064 -14.495554620462231  -13.80057867179975 320.12164658543583 -15.428042461462438 
 0 2 1 2
7 0 0  4 5 2  -14.191572714238378 321.09802847732573 -15.299999999999997  -14.090807963199508 320.85474550236273 -15.299999999999997  -13.990045394423243 320.61146180192753 -15.299999999999997  -13.889285031484972 320.36817736917965 -15.299999999999997  -13.788526898655157 320.12489219711495 -15.299999999999997 
 0 5 1 5
7 0 0  1 2 2  -14.113207802373353 321.11921544742182 -14.475309676553058  -14.202449005772257 321.09508793087446 -15.414459037463429 
 0 2 1 2
7 0 0  4 5 2  -14.327768811100572 322.142482560725 -15.299999999999997  -14.293721818803498 321.88136880026843 -15.299999999999997  -14.259673465976656 321.62025520016073 -15.299999999999997  -14.225623761534745 321.35914175948199 -15.299999999999997  -14.191572714238381 321.09802847732561 -15.299999999999997 
 0 5 1 5
7 0 0  1 2 2  -14.249776076654568 322.163474107262 -14.487363122224956  -14.339519492820648 322.13931989456233 -15.422434959776188 
 0 2 1 2
7 0 0  4 5 2  -14.187768926723495 323.18708086994286 -15.299999999999997  -14.22277619685331 322.92593417305329 -15.299999999999997  -14.25777852619987 322.66478551071089 -15.299999999999997  -14.292776028572566 322.4036349521412 -15.299999999999997  -14.327768811100569 322.14248256072511 -15.299999999999997 
 0 5 1 5
7 0 0  1 2 2  -14.113207802373353 323.20689470192224 -14.530893535074647  -14.202449005772257 323.18317979384921 -15.451426682475937 
 0 2 1 2
7 0 0  4 5 2  -13.781051891879606 324.16061163730757 -15.299999999999997  -13.882739462043167 323.91724333712096 -15.299999999999997  -13.984421393216495 323.67386506725956 -15.299999999999997  -14.086097833888498 323.43047741049207 -15.299999999999997  -14.187768926723496 323.1870808699428 -15.299999999999997 
 0 5 1 5
7 0 0  1 2 2  -13.71280988173223 324.17836984221026 -14.602934389403829  -13.800578671799752 324.15553030165864 -15.499458467571776 
 0 2 1 2
7 0 0  4 5 2  -13.135286696769271 324.99667985655623 -15.299999999999997  -13.296725531052992 324.78769667486239 -15.299999999999997  -13.458166367678915 324.57868969805389 -15.299999999999997  -13.619608630534799 324.36966083234614 -15.299999999999997  -13.781051891879608 324.16061163730751 -15.299999999999997 
 0 5 1 5
7 0 0  1 2 2  -13.075868771334042 325.01169510275423 -14.698576220043115  -13.161295290041224 324.99010733776868 -15.563257028285697 
 0 2 1 2
7 0 0  4 5 2  -12.294457994994783 325.63823810914641 -15.299999999999997  -12.504633986732454 325.47790257135426 -15.299999999999997  -12.714832662794985 325.31752866750992 -15.299999999999997  -12.925050990461814 325.15712012257529 -15.299999999999997  -13.135286696769269 324.99667985655628 -15.299999999999997 
 0 5 1 5
7 0 0  5 6 2  -12.331885465727282 325.60968578663494 -15.299999399999997  -12.348777427602506 325.60022254645395 -15.366243713339324  -12.366290533588451 325.59027717193089 -15.432383290349614  -12.38452769266374 325.57976964034992 -15.498395555254598  -12.403614372237383 325.56860177519593 -15.564241142499396  -12.423798434486923 325.55657966138097 -15.62984051430257 
 0 6 1 6
1 -2.8528335109094614 -2.8528335109094582 0 0.79335334029123483 -0.60876142900872121 0 
7 0 0  1 2 2  -12.245790955257471 325.65008074418307 -14.811301194290031  -12.328164966497777 325.6300358563721 -15.638474598137156 
 0 2 1 2
1 -2.0172579211603074 -3.4939932114204209 0 0.92387953251128663 -0.38268343236509017 0 
7 0 0  5 6 2  -12.17055499064568 325.69528749014751 -15.651716071078189  -12.183946674846499 325.68856908709938 -15.581688278645309  -12.196448538373167 325.68221867769574 -15.511469129595984  -12.208277050693853 325.67614734662675 -15.441101680080678  -12.219535537802036 325.67031262762276 -15.370607335447367  -12.230308574779691 325.66467968796826 -15.299999399999997 
 0 6 1 6
7 0 0  4 5 2  -11.315878333336581 326.04148570417044 -15.299999999999997  -11.560447673790774 325.94073598189971 -15.299999999999997  -11.805072015403423 325.83994185515326 -15.299999999999997  -12.049743937279496 325.73910803108424 -15.299999999999997  -12.294457994994783 325.63823810914641 -15.299999999999997 
 0 5 1 5
7 0 0  6 7 2  -11.558981878528208 325.94133184566414 -15.299999399999997  -11.570394692709204 325.93780139139409 -15.366237712504956  -11.582228334182901 325.93409592442021 -15.43243871204154  -11.594541534466421 325.93019100543029 -15.498597713604513  -11.607415660331048 325.92605271748795 -15.564704114904563  -11.620952114613649 325.92163874655984 -15.630741894283538  -11.635343706872312 325.91686870981613 -15.696681408414893 
 0 7 1 7
7 0 0  1 2 2  -11.279144864899681 326.05002184001563 -14.93342729143648  -11.357964155905941 326.03170578645802 -15.719985224043688 
 0 2 1 2
7 0 0  1 2 2  -10.241805833860369 326.18426306550481 -15.056631819784849  -10.316810440174907 326.16774398608203 -15.802234091552439 
 0 2 1 2
1 -1.0442095377604124 -3.8970430486698731 0 0.99144486137381038 -0.13052619222005155 0 
7 0 0  1 2 2  -9.2044668028210559 326.04365610297754 -15.172518594333306  -9.2756567244438699 326.02887967675349 -15.87961607626537 
 0 2 1 2
1 -7.4112853686108355e-16 -4.0345158423206113 0 0.99144486137381038 0.1305261922200511 0 
7 0 0  1 2 2  -8.2378207124632681 325.63778308456619 -15.273190122908325  -8.3054559138520343 325.62457623166893 -15.946857723804069 
 0 2 1 2
1 1.044209537760411 -3.8970430486698735 0 0.92387953251128685 0.38268343236508978 0 
7 0 0  1 2 2  -7.4077428963866971 324.99430358573858 -15.351785807205081  -7.4723255903085883 324.98238626246803 -15.99937662701085 
 0 2 1 2
1 2.0172579211603061 -3.4939932114204217 0 0.79335334029123494 0.60876142900872077 0 
7 0 0  1 2 2  -6.7708017859885086 324.15706967093973 -15.402949481224267  -6.8330422085500606 324.1460739542826 -16.033593709423766 
 0 2 1 2
1 2.8528335109094591 -2.8528335109094605 0 0.6087614290087211 0.79335334029123494 0 
1 3.4939932114204209 -2.0172579211603074 0 0.38268343236509067 0.92387953251128629 0 
7 0 0  1 2 2  -6.8330422085500588 320.11219023805978 -15.962177703314428  -6.8704236840430815 320.10509946802176 -16.630627708531573 
 0 2 1 2
1 3.8970430486698731 1.0442095377604128 0 -0.38268343236508995 0.92387953251128663 0 
7 0 0  1 2 2  -6.3302966813367352 322.1220958604523 -16.669132368884355  -6.3431060866885058 322.11965034234379 -17.377181480428227 
 0 2 1 2
1 4.0345158423206113 0 0 -0.13052619222005141 0.99144486137381038 0 
7 0 0  6 27 6  -6.4213641132101626 321.52512522797917 -17.373057780359424  -6.420558817525821 321.53047998424256 -17.367383832839753  -6.4197163329605553 321.53614124433147 -17.361891829391393  -6.4188251673970456 321.54219760418704 -17.356592060666042  -6.4178748191691231 321.54874077071963 -17.351574447951979  -6.4168579001830235 321.55584683523966 -17.346988955086232  -6.415328812285952 321.56673433451448 -17.341611123840991  -6.4148870502335917 321.56990041491457 -17.340211944494385  -6.4144330858925223 321.57317657757409 -17.338943661113383  -6.4139674058984779 321.57656250552668 -17.33783155752128  -6.4134915942600008 321.58004979080727 -17.336902694524976  -6.4123914911770656 321.58817972240087 -17.335257975083515  -6.4117610990704321 321.59288578010927 -17.334670277422337  -6.4111280358733174 321.59766470093172 -17.334476466248166  -6.4105021755709108 321.60244414089505 -17.334695956678743  -6.4098926972524168 321.6071517571072 -17.335308673894286  -6.4088819969633484 321.61504122871514 -17.336944811269976  -6.4084682934717305 321.6182971330515 -17.337813371855336  -6.4080687623261738 321.6214668004281 -17.338841611121616  -6.4076840065011238 321.62454273885965 -17.340007688465253  -6.4073138086485928 321.62752384060349 -17.341290951021708  -6.4059332280940176 321.63871879029961 -17.346656872315663  -6.4050286675561727 321.64622528712476 -17.351456684165488  -6.4042138975453664 321.65311398075056 -17.35673295170421  -6.4034749286549735 321.65946790867577 -17.362312449732354  -6.4027960546839058 321.66539260558352 -17.368092836309962  -6.4021636610694808 321.67099078979004 -17.374069522021369 
 0 7 0.30284862179074834 5 0.42127931128821056 5 0.57261922102922835 5 0.68292165448176534 5 1 7
7 0 0  1 2 2  -6.4676688536444527 321.07797358282323 -16.6546450165369  -6.4805537222104022 321.07546261030086 -17.369938864568223 
 0 2 1 2
1 3.8970430486698722 -1.0442095377604161 0 0.13052619222005182 0.99144486137381049 0 
7 0 0  1 2 2  -6.4311718745775517 323.17263260884397 -16.047177133422775  -6.4676688536444527 323.16631109318229 -16.673102476452943 
 0 2 1 2
7 0 0  1 2 2  -7.4723255903085883 319.27761320194975 -15.898379142600504  -7.5111140964247838 319.26977327922117 -16.598717184718456 
 0 2 1 2
1 3.4939932114204222 2.0172579211603052 0 -0.60876142900872066 0.79335334029123505 0 
7 0 0  1 2 2  -8.3054559138520325 318.63768468334632 -15.823161572749045  -8.3460780979767133 318.62892111574644 -16.561088094560784 
 0 2 1 2
1 2.85283351090946 2.8528335109094596 0 -0.79335334029123494 0.60876142900872088 0 
7 0 0  1 2 2  -9.2756567244438664 318.23601475326041 -15.741650946842514  -9.3184142718363603 318.22621599348008 -16.520304798367782 
 0 2 1 2
1 2.0172579211603061 3.4939932114204217 0 -0.92387953251128663 0.38268343236509 0 
1 1.0442095377604128 3.8970430486698731 0 -0.99144486137381038 0.13052619222005143 0 
7 0 0  7 14 3  -9.6407505398834275 318.18831122534152 -15.712809333543108  -9.6486752959118327 318.18682746400549 -15.791809613027251  -9.6569496175169736 318.18529752445704 -15.870794432766404  -9.6656311626311968 318.18371376701685 -15.949764181361083  -9.6747861286493535 318.1820674374664 -16.028716111024977  -9.6845320310806748 318.18034303938526 -16.107641231255705  -9.6949956115990741 318.17852386546014 -16.186527523186061  -9.7115030093469148 318.17571769162424 -16.299416184741254  -9.7166835274701828 318.17484459761528 -16.333471762777247  -9.7220891769278914 318.17394181055778 -16.367512123600807  -9.7277597103361142 318.17300410166837 -16.401533385025321  -9.7337409299021864 318.17202545457576 -16.435529597082617  -9.7401016093752322 318.17099684253293 -16.469491109184268  -9.7469744896591681 318.16990084487662 -16.503400449881479 
 0 8 0.69819966915389464 6 1 8
2 0 0 4 0 0 1 1 0 -0 -0 1 0 4
7 0 0  7 14 3  -12.170554990645819 325.69528749014745 -15.651716071078177  -12.160794537046776 325.70018416036663 -15.7361418569325  -12.150583147342283 325.7052681844466 -15.820471185771002  -12.139846501963785 325.71057033799246 -15.904699847192219  -12.128499838249054 325.71612566193323 -15.988817006995088  -12.116391715450838 325.72199667408188 -16.072798060096659  -12.103360460487529 325.72825007410194 -16.156611571772224  -12.082964335279661 325.73790955020593 -16.27499812257869  -12.076729745653696 325.74084798177938 -16.309765145390667  -12.070226853111494 325.74389737454004 -16.344485213862882  -12.063410758713786 325.74707624571408 -16.379150442328207  -12.056229101430334 325.75040616649102 -16.413749365108327  -12.048604748841097 325.75391890029357 -16.448264251426032  -12.040394805351523 325.75767330570096 -16.482664597458271 
 0 8 0.70595638583805609 6 1 8
7 0 0  7 38 7  -12.040394805351532 325.75767330570102 -16.482664597458275  -12.035438969705377 325.75993960828549 -16.543746751250001  -12.030262200728997 325.76229742833851 -16.604807634402814  -12.024828198296266 325.76476179946025 -16.665846325650072  -12.019095455950472 325.76734990483982 -16.726859856884086  -12.012989541989825 325.77009254961052 -16.787841080167041  -12.006430859473381 325.77302267184274 -16.848780763982798  -11.995757238607622 325.77775868434304 -16.938650175265582  -11.992161188162113 325.77934974948511 -16.967626039306971  -11.988391236162956 325.78101280578193 -16.996585601763233  -11.984409910869948 325.78276335962494 -17.025525089877782  -11.980177861370553 325.78461768924723 -17.054438847100787  -11.975632078117057 325.78660185689643 -17.083317172100312  -11.968225269105655 325.78981942393659 -17.12597912743265  -11.96571670337887 325.79090697107165 -17.139803216067538  -11.963087406164552 325.79204447377828 -17.153612409253203  -11.960311449469417 325.79324265687529 -17.167402963481926  -11.957361665524834 325.79451275199591 -17.181169235039963  -11.954194926486329 325.79587258619995 -17.194901537615234  -11.948999454120697 325.79809612716264 -17.215310762830008  -11.947209844701495 325.79886093242266 -17.222026284458515  -11.945332848850123 325.79966187626582 -17.228726544227978  -11.943349580905126 325.80050676562001 -17.235407483550826  -11.941240403888841 325.80140371127993 -17.242062972745408  -11.938974070896533 325.80236561653294 -17.248682475858921  -11.935592031111785 325.80379760050255 -17.257577418986177  -11.934676275925332 325.80418504570429 -17.259902656339651  -11.933728176801294 325.80458585577315 -17.262219332816265  -11.932743926720889 325.80500160244628 -17.264526067765601  -11.93171859642808 325.80543431974456 -17.266820781547306  -11.930645237899984 325.8058868742641 -17.269100416206523  -11.928354960348846 325.80685149598156 -17.273676395364909  -11.927137528371166 325.80736375106432 -17.275965778463302  -11.925849917528941 325.80790498920305 -17.278232311184119  -11.924471975961126 325.80848352654266 -17.280467688245089  -11.922987136026473 325.80910617917169 -17.282659144131369  -11.921369157905037 325.80978373064039 -17.284783142262217  -11.919543655075616 325.81054679471043 -17.28678540253502 
 0 8 0.52676590475999807 6 0.77763035780234158 6 0.89807775864572159 6 0.95734411669650521 6 0.97841338469398065 6 1 8
3 -10.376883594778169 322.11999128932069 -17.300000000000004 0.019130482194836571 0.0044166198196607092 0.99980724048206504 -0.97418224568149137 -0.22490769288605522 0.019633692460624387 0.22495105434284934 -0.97437006478546972 8.6736173798840355e-19 4.0007711867253217 4
7 0 0  7 32 6  -12.621444881709564 325.4308740461106 -16.457531830329945  -12.628789724953082 325.42589472427591 -16.519969157571424  -12.636441064907585 325.42067989593232 -16.582377007862458  -12.644449277878991 325.41519089442608 -16.644753810653839  -12.652872074556877 325.40938337189749 -16.707092856500687  -12.661811195977764 325.40317909113412 -16.769376912406308  -12.671376384671055 325.39649362082014 -16.831583550116964  -12.686901079260762 325.38554747425252 -16.923470525929282  -12.69214950020528 325.38183337720483 -16.953245568408143  -12.697644869468371 325.3779294290444 -16.982984332243181  -12.703427344417209 325.37380474528538 -17.012679528382705  -12.709565889415842 325.36940623380133 -17.042313548668165  -12.716135720262512 325.36467594913267 -17.071863330404181  -12.726861337904971 325.35690703635436 -17.11567761422479  -12.730536455750185 325.35423821082537 -17.130040719602395  -12.734386756994347 325.35143457237837 -17.144364401976702  -12.738440915968237 325.34847404137082 -17.15864085280678  -12.742746888500703 325.3453196350066 -17.17285163038656  -12.747356917040406 325.34193102076193 -17.186972456083982  -12.754976915384749 325.33630631723224 -17.208061822754388  -12.757658839326 325.33432294520361 -17.215130620317016  -12.76047107319873 325.33223914534221 -17.222155673302449  -12.76344115428248 325.33003366796038 -17.229125092793819  -12.766597367119582 325.32768462365885 -17.236020648536272  -12.769983067404199 325.32515843022213 -17.242811591916585  -12.775251877150724 325.3212150190563 -17.252218925333299  -12.776865872892538 325.32000565776264 -17.254969426816892  -12.778544383334493 325.31874643931644 -17.257685126737432  -12.780295533211685 325.31743106370931 -17.260359610785553  -12.782129336857958 325.31605174191435 -17.262982698513188  -12.784059697061252 325.31459764791919 -17.265539051283859  -12.786106403918934 325.3130533707585 -17.268006780223004 
 0 8 0.53047533284875914 6 0.78520651598196012 6 0.90991660649087025 6 0.97336699120410664 6 1 8
7 0 0  7 14 3  -12.42379843448707 325.55657966138085 -15.629840514302556  -12.439261292867101 325.54736961034894 -15.714420997307709  -12.455345715717598 325.53767947085078 -15.798925325566913  -12.47215509287377 325.527429826598 -15.883351194277953  -12.48980650442639 325.51653025850311 -15.967680557923455  -12.508504272565334 325.50482247695965 -16.051864073811011  -12.528467576108806 325.4921362851847 -16.135836693858735  -12.55923557904118 325.47222240402925 -16.253742303461479  -12.56849569128873 325.46618949520513 -16.287969352347123  -12.578107333276705 325.45988451925706 -16.322123809562573  -12.588125489188135 325.45326480304044 -16.356189281390634  -12.598614610107337 325.44628016701409 -16.390141411818441  -12.609667012992148 325.43885866837229 -16.423942902982184  -12.621444881710032 325.43087404611032 -16.457531830329927 
 0 8 0.70914925102854753 6 1 8
7 0 0  7 14 3  -10.476100927361889 318.12122198853388 -15.647563083940307  -10.492173682498839 318.12162078520657 -15.731014647071964  -10.508952295849394 318.12211244662154 -15.814406115892442  -10.526554070271267 318.12271230764003 -15.89773608048875  -10.545112800744459 318.12343812279931 -15.980989912228932  -10.564862640373503 318.12432131231873 -16.064127186761844  -10.586055422246041 318.12539585841733 -16.147094482646747  -10.618999979112882 318.12731390856231 -16.263906777947671  -10.6289891776724 318.12792268760631 -16.297989844993769  -10.639386882103707 318.12858598763876 -16.332012851192776  -10.650258526063798 318.12931265771442 -16.365961891461424  -10.661680773307676 318.13011315856772 -16.399816173960215  -10.673764424674657 318.13100265804439 -16.43354352030352  -10.686707242914455 318.13200817663636 -16.46708965435047 
 0 8 0.70775489765311939 6 1 8
7 0 0  7 32 6  -10.686707242914457 318.13200817663636 -16.467089654350467  -10.694730258040154 318.13263147912915 -16.529039515310835  -10.703104121821815 318.13330096553307 -16.590965029015138  -10.711886724936122 318.13402425285466 -16.652865081311365  -10.721144123921597 318.13481006139597 -16.71473421816248  -10.730994012023798 318.13567396791967 -16.776557933549178  -10.741562427809376 318.13663267503648 -16.838317344781359  -10.758760036245018 318.13825779233463 -16.929470551787496  -10.764568654115449 318.13881583697957 -16.958943662804554  -10.770660008751936 318.13941124680838 -16.988386477909462  -10.777079969303253 318.14005009685241 -17.017793070353626  -10.783908618320686 318.14074302738669 -17.047148535840861  -10.791232428796286 318.141501550849 -17.076433401088948  -10.803197310576783 318.142772147242 -17.119782286867338  -10.807281416300775 318.14321039276905 -17.133929480302132  -10.811564968884808 318.14367509996981 -17.14804372518234  -10.816080475398733 318.14417058952137 -17.162118864119094  -10.820883573812299 318.14470429204596 -17.17613939909328  -10.826034141563378 318.1452842304513 -17.19008491015154  -10.834524240290543 318.14625587125437 -17.210834754403614  -10.837483205739675 318.14659690233992 -17.217724687828184  -10.840587343793796 318.14695728420196 -17.22457902193954  -10.843867423241914 318.14734113416989 -17.231388118193902  -10.847355236303065 318.14775273981667 -17.238137273399527  -10.85109996766576 318.14819874965229 -17.244801594665265  -10.857261447339045 318.14894087617552 -17.254588797624216  -10.859400684899956 318.14919979439122 -17.257808138612564  -10.861643876238535 318.14947267204963 -17.260987814638263  -10.864010696390602 318.14976217081738 -17.264117596242354  -10.866521602371616 318.15007109579295 -17.267181499036152  -10.869205506439997 318.15040343218556 -17.270154006250571  -10.872118937587661 318.15076693748159 -17.27299014774502 
 0 8 0.53029532156383252 6 0.78405760313313089 6 0.90740390248663172 6 0.96918670218268632 6 1 8
7 0 0  7 38 7  -9.9649028151329269 318.14126387503319 -16.494804373517784  -9.9607269308625614 318.14169627059044 -16.555128116285967  -9.9563721178991234 318.14215235684014 -16.615437732885834  -9.9518088970404754 318.14263601939189 -16.675732655707812  -9.947003572898506 318.143151701845 -16.736011130585446  -9.9418954278476921 318.1437074108822 -16.796268973019519  -9.9364197072287634 318.14431168819118 -16.856500785153692  -9.9275455500939227 318.14530846466181 -16.945197458431309  -9.9245708199080358 318.14564502279899 -16.973690773319078  -9.9214561267712948 318.14600005734786 -17.002174275362584  -9.918171318519919 318.14637754303357 -17.03064580877675  -9.9146846685190244 318.1467816641499 -17.059102147736162  -9.9109453044005615 318.14721913016882 -17.087537759140989  -9.9048711700651939 318.14793789247716 -17.12952705808835  -9.9028210440110964 318.14818164162341 -17.143104360019915  -9.9006742897941233 318.14843813686872 -17.156673121744106  -9.8984102916390064 318.14871009648567 -17.170231210920427  -9.8960072985581338 318.14900039025764 -17.183775455311554  -9.8934306150982252 318.14931359633675 -17.197300434760269  -9.8892320659890309 318.14982783054614 -17.21732580631291  -9.8878035931209975 318.15000334948172 -17.223848324064427  -9.8863074509906887 318.15018779505186 -17.230362501856302  -9.884729379740083 318.15038304856228 -17.236866191493696  -9.8830542523958425 318.15059110757022 -17.243356157155478  -9.8812580189990289 318.15081514859628 -17.249826874825555  -9.8782967410877252 318.15118641321385 -17.259501141736319  -9.8772628329374008 318.15131633113828 -17.262726084179199  -9.8761783551537299 318.15145292390008 -17.265942029607071  -9.8750321836744028 318.15159766051005 -17.26914652262818  -9.8738129098765484 318.15175204985172 -17.272335850872878  -9.8725023563882832 318.15191849695788 -17.275503599394181  -9.8701108076066859 318.15222337088699 -17.280692349923012  -9.8691117989201231 318.15235098951672 -17.282721450166097  -9.8680402073957652 318.15248819988818 -17.2847311789948  -9.8668886091054109 318.15263596834251 -17.286727257227561  -9.8656043586879054 318.1528012818336 -17.288679728034115  -9.8641920757007213 318.15298355561163 -17.2905764505429  -9.8624879028399306 318.15320454535333 -17.29231936815706 
 0 8 0.5261027864295823 6 0.77522375876458538 6 0.89438041009792457 6 0.95204557105015419 6 0.98100084682787392 6 1 8
7 0 0  7 14 3  -10.078115225159419 318.131164712329 -15.678258479515744  -10.06944195510718 318.13181435169105 -15.760758814477063  -10.060411054476099 318.13251288449806 -15.843188119931702  -10.050963116725088 318.13326819650268 -15.925543493774983  -10.041030290523349 318.13408931592738 -16.007818242053894  -10.030490750421739 318.13499244601473 -16.089997565399024  -10.019214475259894 318.1359949050759 -16.172062715898736  -10.001628754353858 318.13762877169194 -16.288488797501245  -9.9962203388026047 318.13813930309612 -16.322976621322358  -9.9905913794968324 318.13867939090153 -16.357433245440728  -9.9847038398854941 318.13925408732018 -16.391853778434026  -9.9785135693405955 318.1398692646697 -16.426231172459353  -9.9719547701587636 318.140533674236 -16.460554453900549  -9.9649028151299408 318.14126387503347 -16.494804373517898 
 0 8 0.70352777322756443 6 1 8
7 0 0  7 38 7  -9.7469744896543755 318.16990084487736 -16.503400449881667  -9.7510124591802132 318.16925692195804 -16.563089968446377  -9.755229057883728 318.16858944709008 -16.622773842408701  -9.7596537529782736 318.16789453778421 -16.682451835236499  -9.7643201960894537 318.16716776217868 -16.74212258254768  -9.7692891592411435 318.16640112167914 -16.801782296868339  -9.7746253287662181 318.16558610322812 -16.861426107125716  -9.7832827044622839 318.16428075188389 -16.949159012652888  -9.7861792271159249 318.16384634780388 -16.9772684472225  -9.7892145782680959 318.16339366338025 -17.005370543461176  -9.7924185536882415 318.16291877897345 -17.033463187293599  -9.7958225703217305 318.16241756325718 -17.061543226121781  -9.7994769277272855 318.16188340319121 -17.089605191252733  -9.8054253069531345 318.16102182455899 -17.131087430808609  -9.8074383433000971 318.16073137433096 -17.14452928783675  -9.8095475383116604 318.16042827457238 -17.157963141103981  -9.8117733406357424 318.1601098372297 -17.171386817193184  -9.8141373777103578 318.15977322096631 -17.184797105702653  -9.8166741463043135 318.15941389462176 -17.198188507760005  -9.8208321594771633 318.15882874329225 -17.218117121867486  -9.8222631290726632 318.15862793097114 -17.224676016934183  -9.8237634958625204 318.15841799751985 -17.231226332089665  -9.8253483087317637 318.15819696629239 -17.237765746348305  -9.8270332729728409 318.15796277636758 -17.244290802590324  -9.8288435832260355 318.15771212245738 -17.250795534472939  -9.8318183519731601 318.15730219455065 -17.260452380126928  -9.8328436562659789 318.15716119585625 -17.263627827831826  -9.8339198352736314 318.1570135172505 -17.266793984556838  -9.8350582567031104 318.15685766726568 -17.269948266912571  -9.836270467006841 318.15669213334564 -17.273086802853175  -9.8375749388979887 318.15651449664614 -17.276202869056551  -9.8399552431857629 318.15619149047586 -17.281292742900526  -9.8409467094330285 318.1560572107785 -17.283274982428665  -9.8420114353050465 318.1559133258545 -17.285237012760792  -9.8431566571757063 318.15575887062147 -17.287185394865375  -9.8444370512454196 318.15558670954721 -17.289087847888631  -9.845846104082403 318.15539772276867 -17.290932348427127  -9.847552725416076 318.15516987710799 -17.292613822184837 
 0 8 0.52643082303710431 6 0.77471045084690349 6 0.89383198813218223 6 0.95238272544580083 6 0.98119353948056309 6 1 8
7 0 0  7 8 2  -8.8581726932153817 318.41951602288879 -17.312712529918702  -8.855973022108369 318.42041878922271 -17.31035913214097  -8.8524504776310629 318.42186626025904 -17.307104421627169  -8.848260700584957 318.42359320634273 -17.304759024815883  -8.8438440894522294 318.42542301602413 -17.304983186394157  -8.8397461370015105 318.42712900143687 -17.307545882800174  -8.8363474446796211 318.42854798494483 -17.310849280144591  -8.8342235344473607 318.42943578394483 -17.313214597465681 
 0 8 1 8
7 0 0  8 16 3  -7.967660785643921 318.926929207878 -17.331993219776848  -7.9656732186500205 318.92842886294716 -17.329491798371581  -7.9635900188102626 318.93000288856467 -17.327090718608265  -7.961372050921149 318.93168121323384 -17.32478061269455  -7.9589880455861133 318.93348804386829 -17.322583272163342  -7.9564122026814807 318.93544375949153 -17.320557138625055  -7.9536247823639847 318.93756445542368 -17.318797048884814  -7.9506156836198931 318.93985913795433 -17.317428234424575  -7.9425594215730539 318.94601857210108 -17.315345487982793  -7.9375983493007567 318.94982487823643 -17.315388622083546  -7.9329963971797861 318.95337121616058 -17.316978666608108  -7.9287967250936768 318.95661844253124 -17.319514216265183  -7.9250482044462185 318.95952559015797 -17.322649135473821  -7.9217136299973312 318.96211770296088 -17.326035037465232  -7.91872765541659 318.96444355567428 -17.329536991215861  -7.9159829309486147 318.966585523682 -17.333157213297149 
 0 9 0.40026916272623225 7 1 9
7 0 0  6 22 5  -7.2340003393088734 319.64566616062586 -17.349206203719636  -7.2316209575894783 319.64868844693638 -17.345282023036184  -7.2291071273878922 319.65188869147761 -17.341498711730143  -7.2264173027257002 319.65532118308238 -17.337864334580388  -7.2235119678885384 319.65903881631129 -17.334450097216074  -7.2203595220794865 319.66308519634555 -17.331378822907677  -7.2149447241420104 319.67006215020649 -17.327450659037989  -7.2128893733623087 319.67271545910796 -17.326211707099507  -7.2107396272682269 319.67549633958231 -17.325204268039855  -7.2085088015134096 319.67838861784463 -17.324487625232781  -7.206224335782947 319.68135766772878 -17.324118497622528  -7.2014924042221491 319.68752198003961 -17.324078928900441  -7.1990444249394212 319.69071893451763 -17.32446012004084  -7.1966636451622588 319.69383636003369 -17.325246202402678  -7.1943825461002389 319.69683052857698 -17.326366038193243  -7.1922159183895067 319.69968070814969 -17.327745854313314  -7.1866846100429767 319.7069716892164 -17.332004829336132  -7.183536445155779 319.71113782465471 -17.335258666410173  -7.1806507109808528 319.71496881191018 -17.338853771539977  -7.1779917600939012 319.71850863453898 -17.342665992234529  -7.1755160119894077 319.72181264325917 -17.346623222328748  -7.1731801774566266 319.72493713255466 -17.350720124311387 
 0 7 0.31208932023851355 5 0.4889939028899018 5 0.6784982894056808 5 1 7
7 0 0  6 22 5  -6.7062281634260543 320.5305609812275 -17.363213684011431  -6.7043358524285015 320.53493111410188 -17.358284432017072  -6.7023417496326356 320.53955346657312 -17.353519707990191  -6.7002155981052489 320.54450146187861 -17.348929604100292  -6.6979279052521585 320.54984952082026 -17.344595443885108  -6.695455223859387 320.55565969464902 -17.340654184054486  -6.6910381370268919 320.56610499572093 -17.335274536595282  -6.6892310435419988 320.57039322062116 -17.333447143910679  -6.687330870267159 320.57491971280939 -17.331961428260456  -6.6853511536099353 320.57965595224027 -17.330921321023968  -6.6833211534305734 320.5845355432067 -17.330432495495881  -6.6794120687473102 320.59397402255797 -17.330545063594442  -6.6775322487718602 320.59853196397933 -17.331078254520708  -6.6757107203796053 320.60296816130523 -17.332085843118438  -6.6739694453237002 320.60722620930574 -17.333482514305899  -6.6723174775990088 320.61128086046108 -17.335183141386139  -6.6679654839805185 320.62199883988825 -17.340572303474989  -6.6654604101493193 320.6282120454282 -17.344770983558039  -6.6631744271767568 320.63391387905727 -17.349404715393636  -6.6610767323533224 320.63917228968489 -17.354313441603708  -6.6591297312273108 320.64407427780981 -17.359403768411898  -6.6572974494273005 320.6487065081468 -17.364671837113047 
 0 7 0.30451738643470777 5 0.49749312256637124 5 0.67804208597884652 5 1 7
1 4 -9.7971743931788257e-16 0 0 0 1 
2 0 0 0 0 0 1 1 0 -0 -0 1 0 4
7 0 0  6 27 6  -6.4016473317088165 322.56439724425201 -17.378025998953387  -6.4022837114757261 322.57008969706106 -17.371970942290744  -6.4029661704902745 322.57610562856115 -17.366105230131247  -6.4037071871241906 322.5825384576122 -17.360438842698304  -6.4045213596941677 322.58948585435769 -17.355065615297356  -6.4054221844550172 322.59702835167582 -17.350141312470203  -6.4068317699016175 322.60855964462809 -17.34435212731351  -6.4072421738773082 322.61189095259397 -17.342850821162951  -6.4076702982043416 322.61533790510629 -17.341484033551726  -6.408116662819153 322.61890074823367 -17.340277936465181  -6.4085807467948817 322.62257150130944 -17.339260931285366  -6.4096793945761172 322.63118082291709 -17.337423145494856  -6.41032608172205 322.63619182520489 -17.33674158791132  -6.4109915981113019 322.64128652007582 -17.336479790421862  -6.4116662173761299 322.64638748497748 -17.336662437198125  -6.4123392084058635 322.65141578727486 -17.337270934743017  -6.4134735904513747 322.65980022582698 -17.338940558883721  -6.4139424877219673 322.66323784278103 -17.339829108927187  -6.4144026226466151 322.66658483512242 -17.34088737058244  -6.414852475274107 322.66983289509835 -17.342092418924704  -6.4152914479515637 322.67298057479121 -17.343422389438228  -6.4169715420617699 322.68494937786329 -17.349066116678504  -6.4181246624002188 322.69298917520916 -17.354174245125023  -6.4191985954642687 322.70035339612497 -17.35980267616851  -6.420201779843044 322.7071332795752 -17.365760017734218  -6.4211475644035323 322.71344625419289 -17.371933447380364  -6.4220508895786566 322.7194062323145 -17.378320341559089 
 0 7 0.30294310150130671 5 0.42036243524935485 5 0.57184678602334493 5 0.6809633027533093 5 1 7
7 0 0  6 27 6  -6.6523088676189568 323.57860127893645 -17.377710015635699  -6.6543532927472624 323.58382173829068 -17.371756077655853  -6.6565220070984479 323.58933368043967 -17.36598286264584  -6.6588491344255294 323.59521897039309 -17.360401308134708  -6.661372011174981 323.60156353683095 -17.355099636116574  -6.6641232106429111 323.60843906255002 -17.350223495472818  -6.6684372723805216 323.61913682009521 -17.344325435891385  -6.6697519988735179 323.62238781026849 -17.342720358394654  -6.6711190373918496 323.62575811429178 -17.341261532973885  -6.6725392725978194 323.62924839510629 -17.339979737941409  -6.6740097693230425 323.63284995561321 -17.338908612076054  -6.6773319203688208 323.64095815105452 -17.337083938339845  -6.6792061752547269 323.64551452300975 -17.336431386720935  -6.6811176050844265 323.65014139111059 -17.336181481871296  -6.6830383517205547 323.65477042032279 -17.336356567114567  -6.6849394575150667 323.65933254027181 -17.33693886927081  -6.6881602432256289 323.66703124826523 -17.338557782154883  -6.6895052782360596 323.67023651449125 -17.339438528305205  -6.6908181111883627 323.67335579062791 -17.34049140668245  -6.6920950302643201 323.67638123356937 -17.341693018592068  -6.693335068197384 323.67931157631438 -17.343021025681615  -6.6979894042530388 323.6902828502466 -17.348577945865085  -6.7011268248472238 323.69761851485248 -17.353574393957821  -6.7040195746125963 323.70433899885001 -17.359080472991664  -6.7066985637857677 323.7105278313029 -17.364910354029359  -6.7092054506572474 323.71629084548289 -17.370954353249783  -6.7115826263978056 323.72173059744483 -17.377208131090637 
 0 7 0.30002849524048031 5 0.42456909998915476 5 0.57360527878781087 5 0.68391090230328744 5 1 7
7 0 0  6 27 6  -7.1601967976234624 324.49757957348817 -17.372051561662474  -7.1633424080878676 324.50183533287139 -17.36643127709161  -7.166674813390971 324.50632965803703 -17.360986674223216  -7.1702476788560361 324.51113223740879 -17.355726655142899  -7.1741180091229007 324.51631491717586 -17.350738934173652  -7.1783338476301113 324.52193623132035 -17.346169873144298  -7.1848441974481352 324.5305708674814 -17.340771404190161  -7.1867588400382667 324.53310554967339 -17.339352471597973  -7.1887440642498639 324.53572854686115 -17.338065268344003  -7.1908001267774289 324.53843945834757 -17.336936151097866  -7.1929220676380554 324.54123102980026 -17.33599344465954  -7.197805697432841 324.5476411180739 -17.334351047509454  -7.20060353818468 324.55130358915568 -17.333764728736451  -7.2034488520863995 324.55501730376847 -17.333559514035993  -7.2062990309308423 324.55872620878085 -17.333754157394647  -7.2091111445079861 324.56237488888792 -17.334329489708278  -7.2137829220863283 324.56842021624698 -17.33586735505688  -7.2156864812608683 324.57087849583479 -17.336671198641671  -7.2175435174804496 324.57327201842793 -17.337622955025846  -7.2193495399403496 324.57559547340117 -17.338703175821895  -7.2211035289560135 324.57784804801696 -17.339893342248352  -7.2277552262520963 324.58637634809861 -17.344915134744742  -7.2322518479619964 324.59211001503087 -17.349439902908504  -7.2363928263120583 324.5973671748157 -17.354430503507693  -7.2402243271849294 324.60221267183027 -17.359719258686297  -7.243805719114417 324.60672663474719 -17.36520734106681  -7.2471968814613632 324.61098729021836 -17.370887862562999 
 0 7 0.30690558940384449 5 0.42850128216883498 5 0.57986129513923468 5 0.68744420201807155 5 1 7
7 0 0  6 22 5  -7.8936060423835803 325.25580579240807 -17.361367826718734  -7.8971422292771702 325.25860612818218 -17.356597771762353  -7.9008836980275037 325.26156123362603 -17.351978463289022  -7.904889030975208 325.26471589463239 -17.347518807095504  -7.9092190395666773 325.26811540740897 -17.343293398371078  -7.9139250139658515 325.27179684039669 -17.339427271060774  -7.9224241816335335 325.27841599588555 -17.334068243240857  -7.9259349274822206 325.28114346144048 -17.332221664567843  -7.9296484448042621 325.28402065433414 -17.33069551624677  -7.9335449120159733 325.28703050554611 -17.329591420971855  -7.9375731990768266 325.29013177677678 -17.329018838528064  -7.945409235703722 325.2961454660836 -17.328946944062185  -7.9492138170258784 325.29905658923946 -17.329385557486546  -7.9529223356706638 325.30188530127083 -17.330299623731456  -7.9564841014075869 325.30459424270674 -17.331605120560805  -7.9598754814518218 325.30716685343117 -17.33321605898114  -7.968498085423569 325.31369214555122 -17.33816207590738  -7.9734158784799067 325.31739649633226 -17.341924868596543  -7.9779452231206278 325.32079547230717 -17.346086651435982  -7.982136728796136 325.32393051101297 -17.350505188302417  -7.9860535633664789 325.32685160742739 -17.355097122394859  -7.9897601975838617 325.32960838277086 -17.359854017546926 
 0 7 0.30785792271428153 5 0.50456401638980908 5 0.68952156808329135 5 1 7
7 0 0  7 20 4  -8.8036170349668552 325.79760360327924 -17.346348897536213  -8.8064394704540589 325.79881102891034 -17.343128067632833  -8.8094007799830685 325.80007487139522 -17.339999921562885  -8.8125357395088777 325.80140949954961 -17.336967335560608  -8.8158788128653427 325.80282883482568 -17.334059823573135  -8.8194610774239415 325.80434512248922 -17.331329796933144  -8.8233166128683873 325.8059715126131 -17.328857953418741  -8.8308785140077291 325.80914860943733 -17.325078291074085  -8.8345095684267125 325.81066992518788 -17.323619644165991  -8.8383532595818188 325.8122752045378 -17.322504627871059  -8.8423534776447461 325.81393989243219 -17.321843165672849  -8.8464327892122423 325.81563100274894 -17.321711526670615  -8.8504842756482258 325.81730418828346 -17.322114777586616  -8.8605066542886686 325.82142954705995 -17.324255923281729  -8.8661563336509861 325.82374109358665 -17.326627807719969  -8.8712904851997791 325.82583062973947 -17.329708294084661  -8.8759595519524659 325.82772263721574 -17.33319732252248  -8.8802207198476211 325.8294428506257 -17.336923773238134  -8.8841629208276274 325.83102903718424 -17.34080969720176  -8.887895877431621 325.8325262154313 -17.344890561433857 
 0 8 0.3235238645463675 6 0.58503286984685621 6 1 8
7 0 0  8 16 3  -9.8270973004591511 326.08202801688628 -17.328021888337307  -9.829639586086774 326.08238079347331 -17.325357424917428  -9.8323259229652571 326.08275166131739 -17.322821544395914  -9.8352422917367566 326.08315215640289 -17.320382194584539  -9.8384518544109909 326.08359034900565 -17.318075329967648  -9.8420033006654872 326.08407171964177 -17.316037447965844  -9.8458993215485915 326.08459552193739 -17.314430293528918  -9.8501517551294597 326.08516135364744 -17.313541405954666  -9.8588997949201769 326.08631347117012 -17.313460517769592  -9.863055086139088 326.08685528441873 -17.314220721675145  -9.8668841629220267 326.08734938156954 -17.315681413230685  -9.8703887895167952 326.08779781486589 -17.317575022256616  -9.8735669403935962 326.08820138423783 -17.31974506229092  -9.8764609171886075 326.08856656853897 -17.322057956756264  -9.8791280555096623 326.0889011992823 -17.324472100459705  -9.881648251950196 326.08921564115747 -17.327009852255323 
 0 9 0.50772447203048454 7 1 9
7 0 0  7 8 2  -10.891279286768336 326.08677803328135 -17.307680631841919  -10.892586790606707 326.08660848185718 -17.306328690902422  -10.894738154348737 326.08632899099194 -17.304375438357841  -10.897324985511164 326.08599133028429 -17.302873668671296  -10.900077289845333 326.08562915193926 -17.302822584782536  -10.902657139020794 326.08528706659342 -17.304148736618647  -10.90484279295824 326.08499582905006 -17.306023376511355  -10.906214464090043 326.0848127015401 -17.307386177816152 
 0 8 1 8
7 0 0  7 38 7  -11.772506010060022 325.86862278280773 -16.493900822520015  -11.777623718475436 325.86671745053064 -16.554040037205635  -11.782960977738007 325.86472110645673 -16.614168963579512  -11.788553833710463 325.86261881725011 -16.674287089909967  -11.794443518580334 325.86039349415245 -16.734391949148851  -11.800703863625145 325.8580145321672 -16.794476939478301  -11.807413916296936 325.85544915814137 -16.85453354371878  -11.818310395202397 325.85125153307308 -16.943174834982731  -11.821982373278344 325.84983252186242 -16.971794941246731  -11.825827626545319 325.84834168497179 -17.000401904098414  -11.829883530870958 325.84676352911634 -17.028991969328864  -11.834189304429971 325.84508179123117 -17.05755952922733  -11.838807761361936 325.84327042136772 -17.086094867353772  -11.846317387647014 325.84030998188143 -17.128237955811422  -11.848856888095396 325.83930670741205 -17.141883995752551  -11.851516491053536 325.83825363724242 -17.155515799248548  -11.854321979955984 325.83714007968644 -17.16912954623233  -11.857300368318723 325.83595482685712 -17.182719525392937  -11.860494529135368 325.83468008828174 -17.196275915492389  -11.865723827004475 325.83258582711198 -17.216405590623395  -11.867520795422449 325.83186508198042 -17.223017608560127  -11.869404196695797 325.83110848593304 -17.229614385048681  -11.871392588305644 325.83030833909567 -17.236191815340735  -11.873505329469983 325.82945660227739 -17.242743744087644  -11.875773156486227 325.82854050909606 -17.249259616933042  -11.879148785615502 325.827173535094 -17.25800487770298  -11.880059594146969 325.82680441487116 -17.260284215807754  -11.881001936769104 325.82642220495291 -17.26255505991687  -11.881979490663776 325.82602537767985 -17.264816048915982  -11.882996999817502 325.82561196122089 -17.267065150403099  -11.884061113282508 325.82517919148216 -17.269299393903385  -11.886383290646238 325.82423376959207 -17.273891898411083  -11.887646276139542 325.82371904467402 -17.276240409870056  -11.888986733971072 325.82317214206518 -17.278562487596989  -11.890418773486124 325.8225872057497 -17.280854487651641  -11.891972835085943 325.82195155419913 -17.28309513674526  -11.893667345422362 325.82125747716088 -17.285262051009287  -11.895594496368515 325.82046655574129 -17.28728747008072 
 0 8 0.52610831153024118 6 0.77714299773670492 6 0.89753611674621758 6 0.9566238759113278 6 0.97754649700273011 6 1 8
7 0 0  7 14 3  -11.635343706872774 325.91686870981596 -15.696681408414854  -11.645802625378058 325.91340214234566 -15.777062883244511  -11.656704657285156 325.90975143621569 -15.857417678809114  -11.668122760215935 325.90588633735115 -15.937745893341145  -11.680140128974433 325.90177228257869 -16.018041830674747  -11.692905025761254 325.89734763195133 -16.09828810627365  -11.706575943990641 325.8925464332317 -16.178461699559275  -11.727914285255691 325.88492969551987 -16.292245006801839  -11.734479210358995 325.88257234429062 -16.325956619883751  -11.741313641344275 325.8801029729014 -16.359640963466973  -11.748463344820495 325.87750255158841 -16.39329135066944  -11.755981432414318 325.87474897093779 -16.426897624243697  -11.763946514159505 325.87180949891018 -16.460443606935542  -11.772506010059574 325.8686227828079 -16.493900822520033 
 0 8 0.70349916377923327 6 1 8
7 0 0  7 14 3  -12.994753081654466 325.14435227136005 -16.440708053632729  -13.010023080273978 325.13113464830246 -16.391031908817098  -13.023842611110744 325.11901526509655 -16.34086651021606  -13.036668161209993 325.10764940147567 -16.290383678246034  -13.048671629398592 325.09690760742632 -16.239661278061504  -13.060011923171365 325.08666985359008 -16.188759188354283  -13.070782333414105 325.07686536673543 -16.137702994671447  -13.0948526083197 325.0547816681534 -16.017842338637369  -13.107757744473982 325.04280309104848 -15.948945714390304  -13.119963274948885 325.03135696945213 -15.87986219949695  -13.131578850524852 325.02036017478628 -15.810624438621337  -13.142682368823623 325.00975361519102 -15.741254786152297  -13.153338906038879 324.99948783715053 -15.671769101731821  -13.163596850132631 324.98952596108057 -15.602175830670301 
 0 8 0.42718244424902529 6 1 8
7 0 0  7 32 6  -12.994753081655402 325.14435227135925 -16.440708053632687  -12.987979630591891 325.15021533167692 -16.504633252066892  -12.980895910282511 325.15631602778581 -16.568511801133617  -12.97345083637855 325.16269352975542 -16.632341466444828  -12.965585937920341 325.16939261929565 -16.696114671369095  -12.957197640528506 325.17649256748024 -16.759813031945544  -12.948174599007421 325.18407855093443 -16.823412694281277  -12.933448771648592 325.19635488628779 -16.917211193551182  -12.928470006908585 325.20049088182344 -16.94752288196208  -12.923242219912826 325.20481751237406 -16.977793028727369  -12.917724901126171 325.20936577817963 -17.008014166804376  -12.9118483565261 325.21418896068599 -17.038168505447562  -12.905536589139853 325.21934511923615 -17.068232724446847  -12.895180339067679 325.22775588451134 -17.11282954143369  -12.891620674403653 325.23063960885622 -17.127465031137195  -12.887883397604085 325.23365916950956 -17.142059524991147  -12.883939388304121 325.23683682472659 -17.156605202368279  -12.879739623946675 325.24020998794543 -17.171083458888663  -12.875230904845308 325.24381921581261 -17.185469819916968  -12.867783645193432 325.24975598919792 -17.20686248324153  -12.86518225565599 325.25182596080595 -17.213972034366659  -12.862451518276172 325.25399471166605 -17.2210382920154  -12.859564441143769 325.2562828283472 -17.228049760230384  -12.856493026519242 325.258711604452 -17.234988763975103  -12.853194457417038 325.26131357663763 -17.241825636746622  -12.848091728851472 325.26532655278544 -17.251239537541327  -12.846555277330127 325.26653355729513 -17.253947978935297  -12.844958454244574 325.26778654187962 -17.256624459149503  -12.843293880844454 325.26909110733402 -17.259263264049213  -12.841552469982373 325.27045413222277 -17.261855543083445  -12.839721761664261 325.27188503813937 -17.264388200523751  -12.837784258599765 325.27339705496564 -17.266842786703027 
 0 8 0.53217882837963282 6 0.78675547843748395 6 0.91160325516660135 6 0.97430217297571287 6 1 8
7 0 0  7 32 6  -13.361140103387035 324.78348769270207 -16.423492173326572  -13.368664091762444 324.77505760387163 -16.488366529720516  -13.37648811882349 324.76623546948207 -16.55319090013543  -13.384661926358172 324.75695642628011 -16.617962799794967  -13.393241997525815 324.74714665172678 -16.682671450830334  -13.402328019761047 324.73667567417158 -16.74728909692648  -13.412026756843654 324.72540362421273 -16.811779617512094  -13.427739202798207 324.7069474598793 -16.907051990980079  -13.433058893387765 324.70067089211835 -16.937987636447104  -13.438621959346026 324.69407595722032 -16.968863881413487  -13.444467891399558 324.68711095516011 -16.999669001904785  -13.450664495970248 324.67968693948546 -17.030374480462712  -13.457284818345274 324.6717079521531 -17.060943016015965  -13.468109263462361 324.6585648436797 -17.106328874514187  -13.471845430379252 324.65401377586124 -17.121304559948282  -13.475757280218181 324.64923242687956 -17.136214833697188  -13.479873796097912 324.64418275813347 -17.151046567370411  -13.484242363367956 324.6388023807736 -17.165768894977184  -13.488914109242408 324.63302382160572 -17.180341055244547  -13.495696655933784 324.62458950708407 -17.19937517552032  -13.497418009206521 324.62244562801067 -17.204048815314039  -13.499190742049036 324.62023417901628 -17.208692705722935  -13.501020103104347 324.61794822903619 -17.213302452834387  -13.502912483411418 324.61557932254397 -17.217871954599065  -13.504876183201562 324.61311646961593 -17.22239288393143  -13.508563612145158 324.60848224141648 -17.230433313201072  -13.510257473956811 324.60635020620015 -17.2339730146291  -13.512010202532753 324.60414053441042 -17.237468180221899  -13.513828372257279 324.60184450118851 -17.240911265013594  -13.51571981437044 324.59945167025404 -17.244291224838147  -13.517694737842486 324.59694841140447 -17.247592466222596  -13.519766850248285 324.59431641801444 -17.250793796280345 
 0 8 0.53699544269721444 6 0.79589919299753298 6 0.92418586065601249 6 0.96625186105863381 6 1 8
7 0 0  7 14 3  -13.163596850132576 324.98952596108057 -15.602175830669374  -13.179916226556921 324.97367759965516 -15.688707352365402  -13.196838634458654 324.95703339182279 -15.77509977053213  -13.214465993313725 324.93946023484904 -15.86134794868838  -13.232912606710867 324.92080722672586 -15.947420194959806  -13.252374433744064 324.9008139576589 -16.033233125744687  -13.273060879006644 324.87920081761303 -16.118676694682961  -13.303960514454356 324.84622909316846 -16.235310094605989  -13.31263707542656 324.83690588921019 -16.267024708679656  -13.32159335688365 324.82721176084743 -16.29863648629367  -13.330867204634297 324.81709619177536 -16.330125334647722  -13.34050324005978 324.80649930590153 -16.361462442241361  -13.350562078307942 324.79533961041085 -16.392606041832366  -13.361140103387187 324.78348769270184 -16.423492173326565 
 0 8 0.72729218661918305 6 1 8
7 0 0  7 14 3  -13.722924378020725 324.31179672705406 -16.405472977958883  -13.737469291466795 324.28959225911115 -16.351779585889851  -13.750549164979459 324.26924943192495 -16.297313030931264  -13.762617926361271 324.25019422566305 -16.242348188937807  -13.773848692614219 324.23220893530561 -16.187011009782786  -13.784402254371123 324.21509013092822 -16.131398221666135  -13.79437391212058 324.19871622978366 -16.075551071246991  -13.806834158337153 324.17801768719011 -16.001809682718118  -13.809770483011324 324.17312101189117 -15.984117421622875  -13.812659412815195 324.16828504628251 -15.966406278994473  -13.81550315412392 324.16350698106493 -15.948677304122663  -13.818303724319389 324.15878424646917 -15.930931439844212  -13.821062951790225 324.15411451225583 -15.913169522542871  -13.823782475931775 324.14949568771505 -15.8953922821494 
 0 8 0.76034864311780781 6 1 8
7 0 0  7 32 6  -13.722924378020682 324.31179672705412 -16.405472977958887  -13.716671037702199 324.32134316369348 -16.471823143824444  -13.710114172875617 324.33128370443063 -16.538104557460322  -13.703203609069361 324.34168365451052 -16.60431393889321  -13.695882212216588 324.35261720804499 -16.670439506553087  -13.68804892720901 324.36421541968673 -16.736452258098396  -13.679595411948602 324.37661865643855 -16.802314520902414  -13.665720660380368 324.39674639723211 -16.899517456538312  -13.661003028885601 324.40355775941583 -16.931031660725928  -13.656039927699718 324.41068759032129 -16.962480629424658  -13.650791522929847 324.41818753710305 -16.993852418796489  -13.645189432528301 324.42614609043972 -17.025118468937109  -13.639159636553957 324.43465889981405 -17.056241363150583  -13.629205308572782 324.44860370017938 -17.102471047603792  -13.625752124215099 324.45342499219561 -17.117740322061191  -13.62212117134761 324.45847648864162 -17.132942678824254  -13.618283109978611 324.46379613904224 -17.148065019844335  -13.614189820335376 324.46944599004911 -17.163076717528046  -13.609789111141803 324.47549318453207 -17.177937272033123  -13.603395777339312 324.48423028501969 -17.197240792255382  -13.601800357288131 324.48640717731365 -17.201896705190251  -13.600155346113334 324.48864808454846 -17.206524380047121  -13.598455772042399 324.49095939892908 -17.211119778296887  -13.596695592668594 324.49334887571541 -17.215677354800857  -13.594867016586173 324.49582650772976 -17.220189617804728  -13.591387766467628 324.50053112731467 -17.228320560479919  -13.5897627786599 324.50272500177954 -17.231955940083537  -13.588078413344549 324.50499532025373 -17.235547898378922  -13.586328012285707 324.5073506039443 -17.239089168623025  -13.584503571530433 324.50980105658107 -17.242569134920412  -13.582594605669632 324.51236002272697 -17.24597282044947  -13.580587012098984 324.5150454460877 -17.249279875688632 
 0 8 0.53782018311224511 6 0.79658928312017707 6 0.92500330477890025 6 0.96611361858914202 6 1 8
7 0 0  7 26 5  -13.928611408550983 323.95989061723856 -16.394488370238506  -13.93461837072031 323.94829482268102 -16.461330058480183  -13.940842538877675 323.93617168851296 -16.528103088424736  -13.947320039132453 323.92343386810438 -16.594803898000166  -13.954091827453958 323.90998188324079 -16.661418002798722  -13.961229462592733 323.89564144404432 -16.727908886401362  -13.968809732356503 323.88022515358477 -16.794228854892037  -13.981041782886432 323.8549633572531 -16.892381480433649  -13.98519600413348 323.84632761793966 -16.924417387651523  -13.98952843339517 323.8372582657791 -16.956373014601617  -13.994068077862751 323.82768461790056 -16.988232754965427  -13.998864306830589 323.81748586995656 -17.019958371513344  -14.003969989115992 323.80653225220993 -17.05149965495557  -14.012307670067848 323.78844445186456 -17.098390742669487  -14.015200497011374 323.7821379933979 -17.113951418425092  -14.018224026573256 323.77551220127862 -17.129422395529403  -14.021399973286256 323.76851388226078 -17.144785476230506  -14.024763163059831 323.76105713243521 -17.159997799508851  -14.028350659749552 323.75305004835877 -17.175002698177614  -14.034148525210174 323.74000205536623 -17.196774109996422  -14.036111094471513 323.73556975469313 -17.203784627003383  -14.038158576453672 323.73092856035993 -17.210703587013715  -14.040305644441895 323.72604209664001 -17.217508729274609  -14.04256773749783 323.7208716153379 -17.224165694624446  -14.044965979874529 323.71536383103415 -17.230621263635978  -14.047539026130904 323.70942159741247 -17.236786315988557 
 0 8 0.54128780599757353 6 0.80448749482701909 6 0.93628134788525363 6 1 8
7 0 0  7 14 3  -13.823782475931768 324.14949568771505 -15.895392282149274  -13.835293119605501 324.12994607509449 -15.960162040644231  -13.847175619425505 324.10946925535438 -16.024709922751207  -13.859495149700233 324.08790659654272 -16.089024554836406  -13.872323181111705 324.06507947847348 -16.153056728486376  -13.885776270750474 324.04069173798854 -16.21668682369814  -13.899978584192795 324.01442397052563 -16.279756651611091  -13.917115512355361 323.98191873813113 -16.349475632627712  -13.918988328235558 323.97835647281818 -16.357016718609611  -13.920877549768546 323.97475279384253 -16.364543379433723  -13.922783785825645 323.97110613250442 -16.372054812681785  -13.92470769452459 323.96741479009887 -16.379550125765636  -13.926649983229522 323.96367693791552 -16.387028335927202  -13.92861140855098 323.95989061723861 -16.394488370238502 
 0 8 0.89163928128056102 6 1 8
7 0 0  7 8 2  -14.189812724309734 323.32894598374463 -16.378912262943238  -14.198143321296767 323.30267206623165 -16.329049799757037  -14.205616020082225 323.27837088288925 -16.278400873957121  -14.212462457730608 323.25551556791947 -16.227217792838243  -14.218787783347665 323.23386884921086 -16.175631090709079  -14.224681607518685 323.2132266299252 -16.123736873299567  -14.230202821547396 323.19345291343683 -16.071583563312249  -14.235401491557232 323.17442935778928 -16.01919033693072 
 0 8 1 8
7 0 0  7 26 5  -14.189812724309734 323.32894598374463 -16.378912262943242  -14.185832402278796 323.34149954417717 -16.447056119097013  -14.181630985707542 323.35458319582114 -16.51511472155163  -14.177171958129271 323.36828488816593 -16.583083802380798  -14.172413620764726 323.38270459716807 -16.650947958330285  -14.16728268327425 323.39801757384583 -16.718669440979362  -14.161700304693586 323.4144119711205 -16.786199035123317  -14.152423029272176 323.44112236566519 -16.886048332825244  -14.149236682484842 323.4502204394729 -16.918589322596489  -14.145868961058461 323.45975258694841 -16.951044664683288  -14.142290291841364 323.46978949438045 -16.983398522719487  -14.138450055466329 323.48045166431376 -17.015612546042458  -14.13429365966239 323.491868666681 -17.047636345487838  -14.127362244113565 323.51065826305046 -17.095263858650323  -14.124933412877715 323.51720464005422 -17.111082427562469  -14.122370444720069 323.52407079816828 -17.126809698334306  -14.119650967874083 323.53130993963936 -17.142427472145169  -14.116738639384327 323.53900791767541 -17.157892949043092  -14.113594425615547 323.54725648193454 -17.173149541797592  -14.108463139579394 323.56059370718384 -17.195177966124962  -14.106735074698211 323.56506802730553 -17.202197755225658  -14.104921707231464 323.56974436481596 -17.209128690339831  -14.103008430635755 323.57465705766725 -17.215949721670984  -14.100979420566565 323.57984289546044 -17.222628550485624  -14.09881288828706 323.58535230812259 -17.229115489862696  -14.096469740128287 323.59127607049641 -17.235328162886983 
 0 8 0.5422061251509539 6 0.80531472965309914 6 0.93723433910800569 6 1 8
7 0 0  7 26 5  -14.277440974624518 323.00636148654428 -16.372706466501082  -14.280606037955373 322.9924333206701 -16.441288052188163  -14.283850999683057 322.9778852733013 -16.509784728832027  -14.287189397936649 322.96261394153601 -16.578192394837995  -14.290636322917566 322.94650220404139 -16.646493839829365  -14.294218031104018 322.92934426863434 -16.714645280294647  -14.297962388001652 322.9109201827244 -16.782589791016679  -14.303874286488728 322.880809491918 -16.882937526416626  -14.305858382742391 322.87055240779227 -16.915586651477426  -14.307907318612237 322.85978882081088 -16.948140237301892  -14.310031609961117 322.84843615002688 -16.98057957064654  -14.312248801320276 322.83635460671485 -17.012859681327456  -14.314577568266007 322.82339375940182 -17.044921626312323  -14.318318079077207 322.80200806906032 -17.092562979110742  -14.319608287402399 322.79454241261641 -17.108390312031943  -14.320945450289988 322.78670468585756 -17.12411160718813  -14.322337301124703 322.778432994323 -17.139705116925665  -14.323795695545373 322.7696300469031 -17.155121120903143  -14.325333184826041 322.76019084292517 -17.170293367829768  -14.327682352525253 322.74545828374306 -17.191366159269425  -14.328402399793841 322.74090591872965 -17.197575885752919  -14.329144701249065 322.7361726409676 -17.203704034668409  -14.329912197083084 322.73123372965358 -17.20973423055489  -14.330708044714125 322.7260617321366 -17.215642724077888  -14.331536256502488 322.72062120743857 -17.221395553045948  -14.332403076346313 322.71485735066125 -17.226942219640566 
 0 8 0.54621642652329583 6 0.81072398192595718 6 0.94356650641836348 6 1 8
7 0 0  7 8 2  -14.235401491557237 323.17442935778922 -16.019190336930858  -14.241004821982655 323.1539250234195 -16.070721929960392  -14.246708198087568 323.13255486784487 -16.122014843031813  -14.252528325510639 323.11018343900611 -16.173048503527543  -14.258482755447679 323.08665476391047 -16.22376923910538  -14.264595806070806 323.06173943233927 -16.274071064141495  -14.270894809060339 323.03516851828005 -16.323808713445342  -14.277440974624495 323.00636148654439 -16.372706466501086 
 0 8 1 8
7 0 0  6 7 2  -14.373967876328646 322.27269114584357 -16.362526681086731  -14.375025888092532 322.24499654096689 -16.315552963814529  -14.375776923588893 322.21930363080048 -16.267789577211648  -14.376302565959275 322.19510188775848 -16.219492303780445  -14.376641068229464 322.17215564585894 -16.17079060321597  -14.376824115346487 322.15026160337038 -16.121772423640007  -14.376872822464764 322.12927452104299 -16.072473233640917 
 0 7 1 7
7 0 0  7 26 5  -14.373967876328644 322.27269114584362 -16.362526681086731  -14.373421266279806 322.28699925643457 -16.431884098640353  -14.372791150352981 322.30192823099668 -16.501145919420434  -14.372063813114696 322.31758153765259 -16.570307523591357  -14.371223471202008 322.33407641620056 -16.639351097089587  -14.370242186762498 322.35161847361547 -16.708232251000169  -14.369089860046723 322.37042778811201 -16.77689327805134  -14.367005665443598 322.40110778306121 -16.878275563312464  -14.366266986446883 322.41154870482632 -16.911253501012492  -14.365459766370215 322.42249571138586 -16.944132634586609  -14.364572784554236 322.43403122065968 -16.976894136971477  -14.363586857861661 322.44629428042714 -17.009493235377374  -14.362481079953735 322.45943496958108 -17.041871167734676  -14.360552742226835 322.48114756002258 -17.090125474821452  -14.359860142516446 322.48876903498723 -17.10624914852416  -14.359115709358269 322.4967681470211 -17.122264530693531  -14.358310715671106 322.50520791741474 -17.138149679608031  -14.357431015831267 322.5141882381198 -17.153853661477832  -14.356461225395392 322.52381595608 -17.169308857975331  -14.354908261243972 322.53872627007337 -17.190601111073118  -14.354432200800323 322.54324285274697 -17.196758877767621  -14.353931570994581 322.54793433635905 -17.202837612846736  -14.353402987451918 322.55282412919331 -17.208821794660295  -14.352842582530062 322.55793830192857 -17.214689051587658  -14.352245320778039 322.56331040405172 -17.220407583483404  -14.351603528486773 322.56899178885214 -17.225930477978636 
 0 8 0.54620170937027934 6 0.81063527244582945 6 0.94460486569029078 6 1 8
7 0 0  7 26 5  -14.37445599070977 321.98065378795911 -16.359926865879935  -14.373938147541164 321.96579694370678 -16.429419622669034  -14.373333440121934 321.95029667079194 -16.498817368486538  -14.372627623037545 321.93404553280368 -16.568115465547695  -14.371804299027479 321.91692197034149 -16.637295198272469  -14.370834436296809 321.89871290530965 -16.706309415512493  -14.369686768347503 321.87919053619999 -16.775096750975344  -14.367593670816611 321.84733436579955 -16.876701436901044  -14.36684877855655 321.8364806025794 -16.909786139980344  -14.366032415371695 321.82510066028897 -16.942766843012247  -14.365132865789381 321.81310871183712 -16.975623367470362  -14.364130113651667 321.80036025839229 -17.008307495235115  -14.363002360910288 321.78669964911029 -17.040755831161515  -14.36103036752433 321.76413679419358 -17.089062684099574  -14.360321747450254 321.75622293712377 -17.105186412449179  -14.35955921747856 321.74791780714821 -17.121194253245331  -14.358733692013475 321.73915610361183 -17.137062414300864  -14.357830593061392 321.72983561798912 -17.152736307136486  -14.3568339914137 321.71984671572852 -17.168143226266785  -14.355265912903885 321.70466933582833 -17.188946839767606  -14.354807754118914 321.70028638719265 -17.194696615464089  -14.354327332685333 321.69574597872713 -17.200371922588168  -14.353822050297563 321.69103035879908 -17.2059600500159  -14.353288737437623 321.6861183702411 -17.211442318206256  -14.352723215321857 321.68098240093394 -17.216792293271347  -14.352119857847597 321.67558533439006 -17.221974001046615 
 0 8 0.54773799042983085 6 0.81338033310589664 6 0.94782988474595953 6 1 8
7 0 0  6 7 2  -14.376872822464764 322.12927452104299 -16.072473233640906  -14.376923377539805 322.10749118506453 -16.121352979944145  -14.376833638664994 322.08477665964301 -16.16995063741069  -14.376581800668415 322.06098223240895 -16.218229212620287  -14.37613521825711 322.03590165082818 -16.266096909865816  -14.375454328555454 322.00929595374168 -16.313418134357139  -14.37445599070977 321.98065378795911 -16.359926865879938 
 0 7 1 7
7 0 0  6 7 2  -14.274476920440746 321.22067695731516 -16.357037433057361  -14.268444143442323 321.19453113651878 -16.312981942730147  -14.262608440751203 321.17019986460889 -16.268201177038708  -14.256926470043135 321.14725411841056 -16.222918029409836  -14.251377179591982 321.12548097049211 -16.177251448106812  -14.245941634016898 321.10470060914173 -16.131282254070531  -14.240604548439709 321.08478097627466 -16.085046469894287 
 0 7 1 7
7 0 0  7 26 5  -14.274476920440744 321.22067695731516 -16.357037433057357  -14.277808437147558 321.23511562110457 -16.42675030053989  -14.281222979214057 321.25019870400928 -16.496365267936863  -14.284734607115951 321.26603370835625 -16.565877577707379  -14.288358967987428 321.28274237729926 -16.635268371423411  -14.292123191779716 321.30053812451922 -16.70449036983662  -14.296056079995976 321.31964926724362 -16.7734820319662  -14.302263058277045 321.35089811187629 -16.875381470587534  -14.304347384481275 321.36155351564582 -16.908559342044022  -14.306498970246349 321.37273578494762 -16.941632403365439  -14.308728713800926 321.3845308585299 -16.974580463641281  -14.311054668974728 321.39708341250315 -17.0073553881058  -14.313496073765361 321.41054948663987 -17.039893863512322  -14.317423791613285 321.43282265693148 -17.088337688726522  -14.31878527651801 321.44064028380592 -17.104508477166828  -14.320195970507159 321.44884976076082 -17.120563344759013  -14.321663991057346 321.45751647546729 -17.136478550748102  -14.32320169613183 321.46674283098707 -17.15219971599986  -14.324822077995762 321.47663887686343 -17.167654383086631  -14.327232474429197 321.49169049146633 -17.188526919530627  -14.327923520717274 321.49603914957282 -17.194296859459303  -14.328633813425578 321.50054563897902 -17.199992532634919  -14.329365436398222 321.50522777452204 -17.205601282720085  -14.330120805333438 321.51010682256413 -17.211104513431586  -14.33090303392065 321.51521056217689 -17.216475909635257  -14.331716299977542 321.52057634632592 -17.221679658440909 
 0 8 0.54774866857788929 6 0.81336873927549558 6 0.9478201331233248 6 1 8
7 0 0  7 26 5  -14.201815104727224 320.94956446794362 -16.357422965572532  -14.197481284194167 320.9354016288728 -16.427030174476823  -14.192898641434487 320.92064412330177 -16.496539750914664  -14.188026076881052 320.9051930411481 -16.565946582775819  -14.182816544007395 320.88893585574465 -16.635231772672416  -14.177187916326421 320.87167683251431 -16.704348737259071  -14.171051639967185 320.85320548534457 -16.77323670711888  -14.160814911228867 320.82308245620698 -16.875166615484336  -14.157284068003666 320.81279092571435 -16.908473970708162  -14.153547701212243 320.80200908951099 -16.941676327485936  -14.149572218659761 320.79065690247148 -16.974754123615341  -14.145300425923143 320.77859887095502 -17.007658959558682  -14.140670849884012 320.76568998371135 -17.040327188968316  -14.132925424910315 320.74441600351338 -17.088901544296803  -14.130199176265339 320.73697702067193 -17.105075023507876  -14.127319945542556 320.72917492735087 -17.121133115920916  -14.124262100812381 320.72094909644471 -17.137052253013632  -14.120985033190182 320.71220437347034 -17.152778099305394  -14.117445005044315 320.70283900131403 -17.168238382933545  -14.112012527933766 320.68861783298109 -17.189120194878686  -14.110438130698748 320.68451115250986 -17.194893220372474  -14.108801372802882 320.68025787126328 -17.200592024025042  -14.107095102335004 320.67584139542032 -17.206203913418843  -14.10531070662733 320.6712419230268 -17.211710178924047  -14.103436868405451 320.66643353726249 -17.217084272144607  -14.101458321938308 320.66138129970722 -17.222289984364291 
 0 8 0.5468074206532022 6 0.81339851425581466 6 0.94782447350886345 6 1 8
7 0 0  6 7 2  -14.240604548439686 321.08478097627466 -16.0850464698939  -14.235236721862018 321.06474660860812 -16.13134791582895  -14.229523779124349 321.04392310787256 -16.177381372476791  -14.223413106484665 321.0221890536244 -16.223111435827327  -14.216831406731908 320.99937998382262 -16.268457952019581  -14.209690839206845 320.97530221115392 -16.313302506314585  -14.201815104727274 320.94956446794373 -16.357422965572528 
 0 7 1 7
7 0 0  6 7 2  -13.910240250862589 320.24505375945364 -16.362358643136492  -13.896387466600203 320.21894791501933 -16.313950719630625  -13.883349661606104 320.19493666590262 -16.264668835528163  -13.870915960901922 320.17246616671218 -16.214812806848396  -13.858993181605506 320.15128957155758 -16.164529859526102  -13.847497683319324 320.13119030933751 -16.113919010891909  -13.836368701929395 320.11201649032569 -16.063016212796303 
 0 7 1 7
7 0 0  7 26 5  -13.910240250862554 320.24505375945358 -16.362358643136496  -13.917104731023528 320.25799000734503 -16.431463336631644  -13.924213365959915 320.27151970845534 -16.500476336278531  -13.931606816944164 320.28574124164703 -16.569392796055922  -13.939331197785696 320.30076685913531 -16.638194232595911  -13.947466303739057 320.31679155379891 -16.706834844519225  -13.956097987604512 320.33402567176495 -16.775254756702182  -13.970027572666748 320.36231571648551 -16.876561791720203  -13.974769905199636 320.37201770542566 -16.909706280749852  -13.979713242055984 320.38221008204187 -16.942748099565105  -13.984890334216743 320.39297292134751 -16.975667844517506  -13.990356285597709 320.4044417677062 -17.008417524897855  -13.996169997869169 320.41676213186776 -17.040933955292846  -14.005669683010616 320.4371459919833 -17.089273789203403  -14.008977508123683 320.44428289796372 -17.105361588477301  -14.012433063544337 320.45178236405684 -17.121335487324451  -14.016060895624189 320.45970488032816 -17.13717208879196  -14.019899119340083 320.46814528651635 -17.152817832058929  -14.023988468107786 320.47720568410921 -17.168201333324689  -14.03019379671491 320.49108270041745 -17.189108767074455  -14.032010073652144 320.49515773468011 -17.194976363699517  -14.033888027037602 320.49938568768823 -17.200767466865901  -14.03583468020169 320.50378421666272 -17.20646878958733  -14.037858374282338 320.50837450310848 -17.212060557674249  -14.039970055620842 320.51318446703789 -17.217514505023733  -14.04218456315775 320.51825198119474 -17.222791868909368 
 0 8 0.54584782233206974 6 0.81243652960167667 6 0.94675373474795421 6 1 8
7 0 0  7 26 5  -13.759653890202248 319.98530978417841 -16.36582784803652  -13.752096629393163 319.97333400356752 -16.434952040695684  -13.744163045010362 319.96087137620265 -16.50398255842995  -13.735790778869726 319.94784081903362 -16.572914687152185  -13.726908703187735 319.93415021787308 -16.641731021638101  -13.717392273538966 319.91963864731434 -16.710388567116311  -13.707107663368475 319.90413349599464 -16.778831302583985  -13.690160968761536 319.87894437283404 -16.879944269008003  -13.684365069623452 319.8703807876783 -16.9128630434294  -13.67826143244994 319.86141937739546 -16.945685372874244  -13.671799914539092 319.85199535599452 -16.978393560539253  -13.664895222471511 319.84199893293362 -17.010943903223453  -13.657455585005499 319.83131230196426 -17.043278915848163  -13.645116082824035 319.81375890268095 -17.091330870214659  -13.640799923088982 319.80764506521069 -17.107291455373186  -13.636257429192964 319.8012395445399 -17.123148509378165  -13.631450933751786 319.79449390164137 -17.138881099108648  -13.626320709970727 319.78733178103573 -17.154441243646893  -13.620802152798081 319.7796709572068 -17.169765093259745  -13.612099858239961 319.76767417085 -17.191203275754134  -13.609365608246573 319.76391478395027 -17.197613716627778  -13.606515518021109 319.76000698903732 -17.203941749391088  -13.603533054767604 319.75592976210271 -17.210170409861636  -13.600399808490634 319.75165987467204 -17.216274839219711  -13.597091667515675 319.74716700939734 -17.222219030840012  -13.593570391934694 319.74240300515572 -17.227948438337503 
 0 8 0.54539469412380515 6 0.80976256668566071 6 0.94245659413807492 6 1 8
7 0 0  6 7 2  -13.836368701929366 320.11201649032569 -16.063016212795748  -13.825521810626952 320.09332867664477 -16.114486168215826  -13.814078180199751 320.07389203288437 -16.165662655411101  -13.801940255351946 320.05358267604157 -16.216511585955697  -13.788966163961858 320.03222436273529 -16.266938999180567  -13.774993729371719 320.00961839984501 -16.316806202425543  -13.759653890202163 319.9853097841783 -16.365827848036524 
 0 7 1 7
7 0 0  7 8 2  -13.316849467498869 319.40768587376778 -16.377674532987186  -13.295599667035107 319.3846524469983 -16.324848515842564  -13.275915643259017 319.36373854197211 -16.271064210035064  -13.257354718608537 319.34433813511697 -16.216663810420481  -13.239733314743237 319.32619776390169 -16.16181473623406  -13.222885555714413 319.30909081905395 -16.106640645138427  -13.206704272213544 319.29287305408684 -16.05119705704837  -13.191093028741907 319.27741758547597 -15.995500453168237 
 0 8 1 8
7 0 0  7 26 5  -13.316849467498752 319.40768587376766 -16.377674532987189  -13.326288231467734 319.41791689118566 -16.445771740571285  -13.336098461892215 319.42863382773282 -16.513788512885597  -13.346341975781355 319.43991733028912 -16.581720774415082  -13.357088971573289 319.45185934152619 -16.649551950070943  -13.368461841114705 319.46462057539406 -16.717240235296554  -13.380591965653862 319.47837383989554 -16.784731031660311  -13.400264904449907 319.50097212469984 -16.884521865926967  -13.406955586269307 319.5087002799022 -16.917055030229033  -13.413950291367799 319.51682719601479 -16.949496319941812  -13.421298515299855 319.52541789035769 -16.981828288368696  -13.429084083971063 319.5345829057344 -17.014007495867773  -13.437396830249506 319.54444102796214 -17.045976782476643  -13.451024446339158 319.56075148045261 -17.093469741200007  -13.45576379135367 319.56644674912087 -17.10923304455417  -13.46072531327477 319.57243456705527 -17.124894537985561  -13.465945869275387 319.5787635951296 -17.140433369531134  -13.471483346902195 319.5855107189102 -17.155801798020754  -13.477400100759443 319.59275912805549 -17.170936229349216  -13.486704213159696 319.60423370888947 -17.192225374914635  -13.489657295677118 319.60788517885567 -17.198670824970929  -13.49272743818805 319.61169176333442 -17.205031329359066  -13.495931532163748 319.6156760197315 -17.211288985292025  -13.499288109424139 319.61986290270261 -17.217417384000306  -13.502821394032114 319.62428515379105 -17.223378032657727  -13.506570308092446 319.62899528841984 -17.229112137437038 
 0 8 0.54446493450048861 6 0.80888363934576479 6 0.94145033613359186 6 1 8
7 0 0  7 26 5  -13.067996660578428 319.16061458685795 -16.385017688147798  -13.058483298486598 319.15196359862665 -16.452802731212198  -13.048526848384524 319.14297481488552 -16.520506089343769  -13.038053999070717 319.13359209688298 -16.588123592324287  -13.026981086156804 319.12375157635233 -16.655640582135682  -13.015161277172234 319.11334135030165 -16.723021229696741  -13.002436764738006 319.10224131694116 -16.790218945516198  -12.981579947321389 319.08426443666406 -16.889502672058317  -12.974469540705218 319.07816685904675 -16.921799540853232  -12.966997544847441 319.0717936525171 -16.954015380268423  -12.959105111046835 319.06509996939383 -16.986135449441768  -12.950691480311516 319.05800923422532 -17.018123636440979  -12.941648234644864 319.05043922247677 -17.049932508686862  -12.92672666206786 319.03805327679117 -17.097161836546778  -12.921540676998555 319.03376429811044 -17.112786088969724  -12.916091197379593 319.02927490658612 -17.128325483272551  -12.910334522613164 319.02455191172999 -17.143763161993398  -12.904200040419985 319.01954192024317 -17.159059886405277  -12.897611561687846 319.01418751332142 -17.174163681865235  -12.886719046680096 319.00538889562205 -17.1964355042196  -12.882903412011078 319.00231503892445 -17.203820339007105  -12.878899171550533 318.9990983240765 -17.211113209361862  -12.874670861491925 318.995712008662 -17.21829062926291  -12.870181436071046 318.99212839903521 -17.225315874523581  -12.865378649134612 318.98830856937576 -17.23213050559097  -12.860161147178516 318.98417678623781 -17.238632173281179 
 0 8 0.5415453043185442 6 0.80356910036601636 6 0.93410100666351625 6 1 8
7 0 0  7 8 2  -13.191093028741907 319.27741758547597 -15.995500453168251  -13.176438228920453 319.26290901676072 -16.052225607827864  -13.161077723244734 319.24787620875713 -16.108693895405711  -13.144893962412706 319.23223011502893 -16.164888822961892  -13.127753538347934 319.21587149975539 -16.220760238025164  -13.109441079633978 319.1986418524906 -16.276197197408433  -13.089718503049733 319.18036737265209 -16.331052426891723  -13.067996660578521 319.16061458685806 -16.385017688147794 
 0 8 1 8
7 0 0  7 14 3  -12.542595114251137 318.75700249742414 -16.40156442493274  -12.517922205540453 318.74111353498029 -16.348647906878252  -12.495309058954815 318.72684968898358 -16.294873205040275  -12.47412977188262 318.71371301498334 -16.240566335257526  -12.454144752004384 318.70151154214568 -16.185877206802729  -12.435129316146099 318.69006679512557 -16.130918983159638  -12.41694707323591 318.67927171882235 -16.075738181093591  -12.391476345766694 318.66434344945282 -15.994989408856759  -12.383628685989594 318.65977302782625 -15.969594126274476  -12.37592097227868 318.65531155523604 -15.944163885324071  -12.368344094684288 318.65095186481341 -15.918702093195479  -12.360890139696753 318.64668773587255 -15.893211630050782  -12.353552115147753 318.64251367896821 -15.867694923307567  -12.346323675111622 318.63842472095297 -15.842154021922259 
 0 8 0.68598512385198862 6 1 8
7 0 0  7 26 5  -12.542595114250915 318.75700249742397 -16.401564424932747  -12.553173084657931 318.76381454283381 -16.467973792914492  -12.564189602946334 318.77096387369846 -16.53431940040711  -12.575717397678362 318.77850633034353 -16.600597919472847  -12.587839302588609 318.78650570314636 -16.666795755154812  -12.600700431189159 318.79507396715115 -16.732878462740029  -12.614456652141907 318.80433154752427 -16.798801132976795  -12.636808643384253 318.81956459420218 -16.896170542259956  -12.644392540082098 318.8247604409691 -16.927809116204017  -12.652332455647169 318.83023074335534 -16.959373202399412  -12.660686260121308 318.83602017480314 -16.990848403831389  -12.669552338003527 318.84220490208077 -17.022199415348801  -12.679036870944911 318.84886729246836 -17.053379736298901  -12.694601447049084 318.85989553992499 -17.099713407805591  -12.700004052267404 318.86373795381644 -17.115062483498132  -12.705665536655136 318.86778055175574 -17.130329287579769  -12.711628702849957 318.87205649911323 -17.145497123219538  -12.717962073791083 318.87661912509094 -17.160527440485023  -12.724739825527394 318.88152634504559 -17.175369041608949  -12.736011122263809 318.88973741123749 -17.197488544816988  -12.740037968100756 318.89267918971962 -17.20497214926954  -12.744260925116873 318.89577329948878 -17.2123599326241  -12.748718271306982 318.899049611154 -17.219626384672548  -12.75344902894194 318.90253885657495 -17.226731288127844  -12.758508423898462 318.90628468608838 -17.233609801632443  -12.76400699196736 318.91037419586672 -17.240145982453154 
 0 8 0.5406787591447656 6 0.80178872798978729 6 0.93211859033793454 6 1 8
7 0 0  7 32 6  -12.166873988733954 318.5428507567799 -16.414055447647069  -12.157129412029169 318.53797459982269 -16.479691700609575  -12.146950095047817 318.53291959129274 -16.545264819807837  -12.136264429333377 318.52765613194333 -16.610771698993773  -12.124990516051772 318.52215046229321 -16.676201552405118  -12.112984469323333 318.51634335275008 -16.741528266348258  -12.100091101811955 318.51017099873712 -16.806717876590906  -12.079030882587226 318.50021889387364 -16.903090279741335  -12.071866631577439 318.4968519548666 -16.934429796882423  -12.064348587689668 318.49333938435581 -16.965709794903578  -12.056419271425984 318.48965752266827 -16.996919418545819  -12.047979767430174 318.48576574566363 -17.028032566533735  -12.038923123921068 318.4816202035646 -17.059015212794503  -12.024036729414066 318.47486909153258 -17.10502421615098  -12.018889871912267 318.47254431805214 -17.120198953485325  -12.013487036472128 318.47011435026866 -17.135312955343345  -12.007785977853066 318.46756184480216 -17.150354435409454  -12.001716600104011 318.46485813060065 -17.165295405871102  -11.995203400919294 318.46197241079653 -17.18009901769144  -11.985582093730654 318.45773837624751 -17.199712498330097  -11.983040261796921 318.45662210611681 -17.20471302337997  -11.980414179125086 318.45547133498496 -17.209683355954578  -11.977694645014799 318.45428231182672 -17.214618839012275  -11.974870217632985 318.45305038320663 -17.219512790637385  -11.971925582967769 318.45176932641112 -17.224355824219693  -11.966476814060416 318.44940550058107 -17.232795363934784  -11.964031918752866 318.44834694299709 -17.236416946241985  -11.961494432334856 318.44725059857416 -17.239994900663458  -11.958853390285684 318.44611202350143 -17.243521594072767  -11.956095443107454 318.44492583605125 -17.246985470300348  -11.953202630343625 318.44368481121944 -17.250369745324704  -11.950150154597553 318.44237897536556 -17.25365110246366 
 0 8 0.53536383787534447 6 0.79404618241378833 6 0.92207646893268336 6 0.96620486994955956 6 1 8
7 0 0  7 14 3  -12.346323675111629 318.63842472095297 -15.84215402192241  -12.329184205650961 318.62872932738554 -15.91174801899273  -12.311256788015497 318.61871804064782 -15.981126478351975  -12.292408398672462 318.60833636171577 -16.050278150022194  -12.272489054612706 318.59752375895204 -16.119166101928435  -12.251241440165142 318.58617724619052 -16.187702727047903  -12.228389820556014 318.57418722136674 -16.255774219907916  -12.198303473479124 318.55874714066846 -16.336213952499872  -12.193321070492502 318.55620014432594 -16.349271337277795  -12.188245313903979 318.55361575638881 -16.362299037021405  -12.183070174365289 318.55099157873855 -16.375294562786959  -12.177788677472734 318.54832484195384 -16.388254908355332  -12.17239290376717 318.54561240531024 -16.401176550232012  -12.166873988734022 318.54285075677996 -16.414055447647069 
 0 8 0.83733041219505866 6 1 8
7 0 0  4 5 2  -11.378671259588787 318.24746995630869 -15.580584948667347  -11.37168662115169 318.24566309095462 -15.563033057736938  -11.364810328401324 318.24390217343296 -15.545455659510097  -11.358034945243528 318.24218398727248 -15.527855403965855  -11.351354485953781 318.24050595203028 -15.510234291713482 
 0 5 1 5
7 0 0  7 14 3  -11.378671259588776 318.24746995630869 -15.580584948667349  -11.399473982143165 318.25285144011661 -15.668618827056184  -11.421157779324773 318.25859983017233 -15.756534883704656  -11.443870096519712 318.26477613821442 -15.844328390364421  -11.467777874823602 318.27145025724866 -15.931971548488265  -11.493168960406486 318.27874368404571 -16.019391272942858  -11.520352691744378 318.28678763019036 -16.106490911869379  -11.562049923095291 318.29958089912134 -16.227595041331028  -11.57435904551652 318.30340475774068 -16.262046178610124  -11.587136105888316 318.30742538065152 -16.296394876750878  -11.600450451782006 318.31167221414887 -16.330619280949971  -11.614383577969599 318.31618009752611 -16.364687329688909  -11.629049563347163 318.32099792078162 -16.39855103434742  -11.644640669937569 318.32620795360117 -16.432133395025119 
 0 8 0.71476140501583463 6 1 8
7 0 0  7 32 6  -11.644640669937285 318.32620795360106 -16.432133395025129  -11.654725151373022 318.3295778541879 -16.496294265475907  -11.665240651421078 318.3331265225097 -16.560410958967502  -11.676258243779985 318.33688340445883 -16.624481225395844  -11.687859164543887 318.34088224564391 -16.688495330033255  -11.700186049520235 318.3451824043168 -16.752428456253639  -11.713392700354147 318.34984795281918 -16.816248242785591  -11.734887568632711 318.357561168475 -16.9105686839108  -11.742180599763325 318.36019529245544 -16.941206479283945  -11.749822908510707 318.3629746285531 -16.971791266638132  -11.7578712117097 318.36592279214085 -17.002312498258004  -11.766422609337242 318.36908031048273 -17.032744643719759  -11.77558245596537 318.37249122659108 -17.063054344996157  -11.790610917217734 318.3781463711062 -17.108100012463588  -11.795808472296665 318.38011101185407 -17.122977289760467  -11.801258703263755 318.38218099767232 -17.137796034069801  -11.807003250657413 318.38437371941455 -17.152544541473901  -11.813110791608651 318.38671796598186 -17.167195172296079  -11.819655572528424 318.38924494368121 -17.181711473790671  -11.829418479695763 318.39304211929499 -17.201171947587298  -11.832087237522668 318.39408251133165 -17.206300639111767  -11.834846989125124 318.3951609936172 -17.211396699143233  -11.837708028322714 318.3962818955157 -17.216454873614683  -11.840683262808612 318.39745065995487 -17.221467454078869  -11.843790253550779 318.39867469911184 -17.226423403837355  -11.849433567173488 318.40090495937045 -17.234870351763416  -11.851895897641015 318.40188013245779 -17.238393617982229  -11.854451198750194 318.40289437110403 -17.241872096701137  -11.857110514746621 318.4039523496171 -17.245297847002757  -11.859887216740006 318.40505975807463 -17.248658813254522  -11.862799238477127 318.40622424552794 -17.251937465286019  -11.865871312114793 318.40745636320611 -17.255109438566322 
 0 8 0.53459762195979199 6 0.79241659050030799 6 0.92026574908295822 6 0.96636861157763798 6 1 8
7 0 0  7 32 6  -11.113103672199168 318.18832751966767 -16.451263645577434  -11.104975986136987 318.18680557730113 -16.51462643681586  -11.096493621395071 318.1852374905817 -16.577948512934832  -11.087597911909782 318.18361556095817 -16.641228102962515  -11.078222036004671 318.18193105058293 -16.704458910400326  -11.068246429089065 318.18016834930364 -16.767625314517517  -11.057543534352728 318.17831083123139 -16.830707055536934  -11.040168097006402 318.17536382072478 -16.923551097592327  -11.034331494789223 318.17438340413486 -16.953410453247052  -11.028212702503705 318.17336617397274 -16.983234747856084  -11.021765995876487 318.1723061589305 -17.013017906477376  -11.014912072991848 318.17119303119642 -17.04274510093666  -11.007564767666899 318.17001559331101 -17.07239687192618  -10.995550804154858 318.16812251295693 -17.116363678451247  -10.991435463830571 318.16747874791105 -17.130764642244451  -10.987119892308922 318.16680889593073 -17.145131451174212  -10.982571480403543 318.16610870964251 -17.15945796599599  -10.977734526375123 318.16537096753825 -17.173728849497198  -10.97254893405632 318.16458790488775 -17.187923838513548  -10.963994308067585 318.16331220429947 -17.209073062078865  -10.961005799016059 318.16286902224783 -17.216112762363718  -10.957870725464163 318.16240681119768 -17.223116644077578  -10.954557921048044 318.1619215371411 -17.230075114203824  -10.951035225645782 318.16140907129915 -17.236973498563902  -10.947252799763303 318.16086302997945 -17.243786926635419  -10.941095203580613 318.15998253185415 -17.25368915431034  -10.939006538339928 318.15968507515169 -17.256877297311298  -10.936819622946242 318.15937495172432 -17.260028277566747  -10.934516721783927 318.15904989199771 -17.26313292437078  -10.932079008672323 318.15870751845119 -17.266177030240978  -10.929480054991798 318.15834451035971 -17.269138245426088  -10.926669889118894 318.15795456175812 -17.271978111662289 
 0 8 0.53194731256610805 6 0.78454609774669737 6 0.90799879455135724 6 0.97005591208208131 6 1 8
7 0 0  7 14 3  -11.329166117450326 318.23499991262332 -15.584160460003833  -11.312541465621491 318.23092490605393 -15.673284382983308  -11.295194206551848 318.22676068630466 -15.76224582600654  -11.277004545467618 318.22249178698303 -15.851036909659465  -11.257835828858932 318.21810085599225 -15.939635140959718  -11.237448690970627 318.21355771454324 -16.027988751406252  -11.215585723469246 318.2088301536262 -16.116031136598856  -11.181753456887607 318.20179213136015 -16.239314180669215  -11.171596208691994 318.1997090098144 -16.274933307189556  -11.161032310286554 318.19757488804908 -16.310464566068401  -11.149997786704649 318.19538171942065 -16.345892479390635  -11.13841737703493 318.19312012579582 -16.381194633185956  -11.126182885398125 318.19077665568699 -16.416337093254107  -11.11310367219917 318.18832751966767 -16.451263645577431 
 0 8 0.71042211190538718 6 1 8
7 0 0  4 5 2  -11.351354485953582 318.24050595203022 -15.510234291711324  -11.345933656598836 318.23914431770169 -15.528747900189357  -11.340432371228474 318.2377732115425 -15.547241150866821  -11.334845386176536 318.23639200537855 -15.56571262402219  -11.32916611745032 318.23499991262332 -15.584160460003835 
 0 5 1 5
7 0 0  1 2 2  -10.316810440174905 318.0999765536364 -15.659402079333763  -10.361859514616691 318.08910160100288 -16.47914661037743 
 0 2 1 2
1 2.470428456203612e-16 4.0345158423206113 0 -0.99144486137381038 -0.13052619222005143 0 
1 -2.8528335109094614 -2.8528335109094582 0 0.79335334029123483 -0.60876142900872121 0 
7 0 0  1 2 2  -12.328164966497777 325.6300358563721 -15.638474598137156  -12.377640931256671 325.61799862731539 -16.468519275076471 
 0 2 1 2
1 -2.0172579211603074 -3.4939932114204209 0 0.92387953251128663 -0.38268343236509017 0 
7 0 0  1 2 2  -11.357964155905941 326.03170578645802 -15.719985224043688  -11.405304757397023 326.0207037495818 -16.509302571269473 
 0 2 1 2
7 0 0  1 2 2  -10.316810440174907 326.16774398608203 -15.802234091552439  -10.361859514616693 326.157818142059 -16.550460759259824 
 0 2 1 2
1 -1.0442095377604124 -3.8970430486698731 0 0.99144486137381038 -0.13052619222005155 0 
7 0 0  1 2 2  -9.2756567244438699 326.02887967675349 -15.87961607626537  -9.3184142718363603 326.019997685492 -16.58918897655311 
 0 2 1 2
1 -7.4112853686108355e-16 -4.0345158423206113 0 0.99144486137381038 0.1305261922200511 0 
7 0 0  1 2 2  -8.3054559138520343 325.62457623166893 -15.946857723804069  -8.3460780979767133 325.61663461623681 -16.622847959142199 
 0 2 1 2
1 1.044209537760411 -3.8970430486698735 0 0.92387953251128685 0.38268343236508978 0 
7 0 0  1 2 2  -7.4723255903085883 324.98238626246803 -15.99937662701085  -7.5111140964247847 324.97521746087409 -16.649143902987745 
 0 2 1 2
1 2.0172579211603061 -3.4939932114204217 0 0.79335334029123494 0.60876142900872077 0 
7 0 0  1 2 2  -6.8330422085500606 324.1460739542826 -16.033593709423766  -6.8704236840430832 324.13945773854988 -16.666284782972767 
 0 2 1 2
1 2.8528335109094591 -2.8528335109094605 0 0.6087614290087211 0.79335334029123494 0 
1 3.4939932114204209 -2.0172579211603074 0 0.38268343236509067 0.92387953251128629 0 
1 3.8970430486698731 1.0442095377604128 0 -0.38268343236508995 0.92387953251128663 0 
7 0 0  1 2 2  -6.8704236840430815 320.10509946802176 -16.630627708531573  -6.8835297995582314 320.10245778156798 -17.357930030667337 
 0 2 1 2
7 0 0  1 2 2  -6.4676688536444527 323.16631109318229 -16.673102476452943  -6.4805537222104022 323.16386130935973 -17.379164305945473 
 0 2 1 2
1 3.8970430486698722 -1.0442095377604161 0 0.13052619222005182 0.99144486137381049 0 
1 3.4939932114204222 2.0172579211603052 0 -0.60876142900872066 0.79335334029123505 0 
7 0 0  1 2 2  -7.5111140964247838 319.26977327922117 -16.598717184718456  -7.5245721650101949 319.26694452725656 -17.341973360910369 
 0 2 1 2
1 2.85283351090946 2.8528335109094596 0 -0.79335334029123494 0.60876142900872088 0 
7 0 0  1 2 2  -8.3460780979767133 318.62892111574644 -16.561088094560784  -8.3599948407333375 318.62586169489714 -17.32315627597162 
 0 2 1 2
1 2.0172579211603061 3.4939932114204217 0 -0.92387953251128663 0.38268343236509 0 
7 0 0  1 2 2  -9.3184142718363603 318.22621599348008 -16.520304798367782  -9.3328651519783783 318.2228980200756 -17.302761129092961 
 0 2 1 2
1 1.0442095377604128 3.8970430486698731 0 -0.99144486137381038 0.13052619222005143 0 
7 0 0  1 2 2  -12.377640931256671 325.61799862731539 -16.468519275076471  -12.393772348823003 325.61412088374436 -17.276843724028382 
 0 2 1 2
1 -2.0172579211603074 -3.4939932114204209 0 0.92387953251128663 -0.38268343236509017 0 
1 -2.8528335109094614 -2.8528335109094582 0 0.79335334029123483 -0.60876142900872121 0 
7 0 0  1 2 2  -10.361859514616691 318.08910160100288 -16.47914661037743  -10.376883594778169 318.08551481130195 -17.282177815829598 
 0 2 1 2
1 2.470428456203612e-16 4.0345158423206113 0 -0.99144486137381038 -0.13052619222005143 0 
1 3.4939932114204209 -2.0172579211603074 0 0.38268343236509067 0.92387953251128629 0 
7 0 0  1 2 2  -6.8704236840430832 324.13945773854988 -16.666284782972767  -6.8835297995582323 324.13693425958678 -17.375752214837735 
 0 2 1 2
1 2.8528335109094591 -2.8528335109094605 0 0.6087614290087211 0.79335334029123494 0 
7 0 0  1 2 2  -7.5111140964247847 324.97521746087409 -16.649143902987745  -7.5245721650101958 324.97255587954612 -17.367177735475263 
 0 2 1 2
1 2.0172579211603061 -3.4939932114204217 0 0.79335334029123494 0.60876142900872077 0 
7 0 0  1 2 2  -8.3460780979767133 325.61663461623681 -16.622847959142199  -8.3599948407333358 325.6137799367674 -17.354025204456608 
 0 2 1 2
1 1.044209537760411 -3.8970430486698735 0 0.92387953251128685 0.38268343236508978 0 
7 0 0  1 2 2  -9.3184142718363603 326.019997685492 -16.58918897655311  -9.3328651519783783 326.01690807142393 -17.337190945035104 
 0 2 1 2
1 -7.4112853686108355e-16 -4.0345158423206113 0 0.99144486137381038 0.1305261922200511 0 
7 0 0  1 2 2  -10.361859514616693 326.157818142059 -16.550460759259824  -10.376883594778171 326.15446776733955 -17.317822184170403 
 0 2 1 2
1 -1.0442095377604124 -3.8970430486698731 0 0.99144486137381038 -0.13052619222005155 0 
7 0 0  1 2 2  -11.405304757397023 326.0207037495818 -16.509302571269473  -11.42090203757796 326.0170845585659 -17.297238870907041 
 0 2 1 2
7 0 0  1 2 2  -13.161295290041224 324.99010733776868 -15.563257028285697  -13.212604932808601 324.97714646384071 -16.430890184918798 
 0 2 1 2
7 0 0  1 2 2  -13.212604932808601 324.97714646384071 -16.430890184918798  -13.229195024546145 324.97303805138489 -17.258026639089628 
 0 2 1 2
1 -3.4939932114204226 -2.0172579211603043 0 0.60876142900872043 -0.7933533402912355 0 
1 -3.4939932114204226 -2.0172579211603043 0 0.60876142900872043 -0.7933533402912355 0 
7 0 0  1 2 2  -13.800578671799752 324.15553030165864 -15.499458467571776  -13.853295345190302 324.14182027504012 -16.398979661105681 
 0 2 1 2
7 0 0  1 2 2  -13.853295345190302 324.14182027504012 -16.398979661105681  -13.870237389998108 324.13752479707352 -17.242069969332665 
 0 2 1 2
1 -3.8970430486698731 -1.044209537760413 0 0.38268343236508989 -0.92387953251128652 0 
1 -3.8970430486698731 -1.044209537760413 0 0.38268343236508989 -0.92387953251128652 0 
7 0 0  1 2 2  -14.202449005772257 323.18317979384921 -15.451426682475937  -14.25605017558893 323.16894616023865 -16.374962353100354 
 0 2 1 2
7 0 0  1 2 2  -14.25605017558893 323.16894616023865 -16.374962353100354  -14.273213467345936 323.16451996834064 -17.230061135431779 
 0 2 1 2
1 -4.0345158423206113 4.940856912407224e-16 0 0.13052619222005132 -0.99144486137381038 0 
1 -4.0345158423206113 4.940856912407224e-16 0 0.13052619222005132 -0.99144486137381038 0 
7 0 0  1 2 2  -14.339519492820648 322.13931989456233 -15.422434959776188  -14.393422347896648 322.12482388260958 -16.360475000752899 
 0 2 1 2
7 0 0  1 2 2  -14.393422347896648 322.12482388260958 -16.360475000752899  -14.410661102867833 322.12033223629771 -17.222818519571774 
 0 2 1 2
1 -3.8970430486698726 1.0442095377604139 0 -0.13052619222005171 -0.99144486137381027 0 
1 -3.8970430486698726 1.0442095377604139 0 -0.13052619222005171 -0.99144486137381027 0 
7 0 0  1 2 2  -14.202449005772257 321.09508793087446 -15.414459037463429  -14.25605017558893 321.08060864987959 -16.356504893184312 
 0 2 1 2
7 0 0  1 2 2  -14.25605017558893 321.08060864987959 -16.356504893184312  -14.273213467345935 321.07612126928177 -17.220835694054529 
 0 2 1 2
1 -3.4939932114204222 2.0172579211603052 0 -0.38268343236508989 -0.92387953251128652 0 
1 -3.4939932114204222 2.0172579211603052 0 -0.38268343236508989 -0.92387953251128652 0 
7 0 0  1 2 2  -13.80057867179975 320.12164658543583 -15.428042461462438  -13.853295345190302 320.107462004512 -16.363322586664488 
 0 2 1 2
7 0 0  1 2 2  -13.853295345190302 320.107462004512 -16.363322586664488  -13.870237389998108 320.10304831905472 -17.224247785162266 
 0 2 1 2
1 -2.8528335109094596 2.85283351090946 0 -0.60876142900872066 -0.79335334029123494 0 
1 -2.8528335109094596 2.85283351090946 0 -0.60876142900872066 -0.79335334029123494 0 
7 0 0  1 2 2  -13.16129529004122 319.2853342772504 -15.462259543875351  -13.212604932808597 319.27170228218779 -16.380463466649509 
 0 2 1 2
7 0 0  1 2 2  -13.212604932808597 319.27170228218779 -16.380463466649509  -13.229195024546142 319.26742669909538 -17.232822264524739 
 0 2 1 2
1 -2.0172579211603048 3.4939932114204222 0 -0.79335334029123528 -0.60876142900872054 0 
1 -2.0172579211603048 3.4939932114204222 0 -0.79335334029123528 -0.60876142900872054 0 
7 0 0  1 2 2  -12.328164966497775 318.6431443080495 -15.514778447082133  -12.37764093125667 318.63028512682507 -16.406759410495056 
 0 2 1 2
7 0 0  1 2 2  -12.37764093125667 318.63028512682507 -16.406759410495056  -12.393772348823001 318.6262026418741 -17.245974795543393 
 0 2 1 2
1 -1.0442095377604124 3.8970430486698731 0 -0.92387953251128663 -0.38268343236508995 0 
1 -1.0442095377604124 3.8970430486698731 0 -0.92387953251128663 -0.38268343236508995 0 
1 -1.0442095377604124 3.8970430486698731 0 -0.92387953251128663 -0.38268343236508995 0 
7 0 0  1 2 2  -11.357964155905941 318.23884086296493 -15.582020094620832  -11.405304757397023 318.22692205756988 -16.440418393084144 
 0 2 1 2
7 0 0  1 2 2  -11.405304757397023 318.22692205756988 -16.440418393084144  -11.420902037577962 318.22307450721758 -17.262809054964897 
 0 2 1 2
Polygon3D 0
PolygonOnTriangulations 0
Surfaces 173
9 0 0 0 0 1 1 2 2 2 2 -5.8570987651584243 322.20248852968479 -13.343374461989409  -5.9017137402158655 322.19858821991778 -13.512781098928253  
-5.9903462902383504 321.1620552712381 -13.248421528796028  -6.0358546099808192 321.15733681947268 -13.428673573261303  

0 2
1.0532199806991669 2

0 2
1 2

1 -5.8570987651584243 322.20248852968479 -13.343374461989409 -0.24602023425398359 -0.056798246462400316 -0.96759909236026642 -0.96926469260858517 0.01441661705667679 0.24559746907292448 2.931682674400804e-16 0.99828158369842601 -0.058599314403518697 
9 0 0 0 0 1 1 2 2 2 2 -5.9903462902383513 321.1620552712381 -13.24842152879603  -6.0358546099808192 321.15733681947268 -13.428673573261303  
-6.381008266845881 320.19648960520084 -13.092413540708625  -6.4291357406794685 320.19016013623531 -13.290212230705672  

0 2
1.0532199806991667 2

0 2
1 2

9 0 0 0 0 1 1 2 2 2 2 -5.9017137402158655 322.19858821991778 -13.512781098928253  -6.0414855971775747 322.17215668461279 -14.16434876016878  
-6.0358546099808192 321.15733681947268 -13.428673573261303  -6.1764517993289783 321.13015905106994 -14.091565632234708  

0 2
1.0532199806991669 2

0 2
1 2

9 0 0 0 0 1 1 2 2 2 2 -5.9903462902383522 323.24688557337504 -13.370801454808779  -6.0358546099808201 323.24295477537953 -13.536803018826577  
-5.8570987651584252 322.20248852968479 -13.343374461989409  -5.9017137402158655 322.19858821991778 -13.512781098928253  

0 2
1.0532199806991702 2

0 2
1 2

9 0 0 0 0 1 1 2 2 2 2 -6.3810082668458801 320.19648960520084 -13.092413540708623  -6.4291357406794685 320.19016013623531 -13.290212230705672  
-7.0024617268746505 319.37159323604072 -12.88598218429996  -7.0547556731824983 319.36296966283322 -13.106832982938338  

0 2
1.0532199806991671 2

0 2
1 2

9 0 0 0 0 1 1 2 2 2 2 -7.0024617268746505 319.37159323604072 -12.88598218429996  -7.0547556731824983 319.36296966283328 -13.106832982938339  
-7.8123556440241018 318.74358148811035 -12.643195415365344  -7.8700794429756478 318.73213706303198 -12.891032822646112  

0 2
1.0532199806991667 2

0 2
1 2

9 0 0 0 0 1 1 2 2 2 2 -7.8123556440241018 318.74358148811035 -12.643195415365344  -7.8700794429756478 318.73213706303193 -12.89103282264611  
-8.7554970862534809 318.35525232419269 -12.380598750983562  -8.8195440825337528 318.34065253600767 -12.657518174126276  

0 2
1.0532199806991676 2

0 2
1 2

9 0 0 0 0 1 1 2 2 2 2 -8.7554970862534809 318.35525232419269 -12.380598750983562  -8.8195440825337528 318.34065253600767 -12.657518174126277  
-9.7676125228897792 318.23306973506442 -12.116087719870727  -9.8384451457354309 318.2151951053184 -12.422202674774262  

0 2
1.0532199806991667 2

0 2
1 2

9 0 0 0 0 1 1 2 2 2 2 -9.7676125228897792 318.23306973506442 -12.116087719870727  -9.8384451457354309 318.2151951053184 -12.422202674774262  
-10.779727959526078 318.38536026225836 -11.86768831167203  -10.857346208937109 318.3643144875374 -12.201122686993655  

0 2
1.0532199806991667 2

0 2
1 2

9 0 0 0 0 1 1 2 2 2 2 -10.779727959526078 318.38536026225836 -11.867688311672032  -10.857346208937109 318.3643144875374 -12.201122686993655  
-11.722869401755455 318.80174555801824 -11.652328535556785  -11.806810848495212 318.77784844319785 -12.00934444659975  

0 2
1.0532199806991667 2

0 2
1 2

9 0 0 0 0 1 1 2 2 2 2 -11.722869401755455 318.80174555801818 -11.652328535556784  -11.806810848495212 318.7778484431978 -12.00934444659975  
-12.532763318904907 319.45384965254721 -11.484684804368383  -12.622134618288364 319.42761531661858 -11.859937323746866  

0 2
1.0532199806991673 2

0 2
1 2

9 0 0 0 0 1 1 2 2 2 2 -12.532763318904907 319.45384965254721 -11.484684804368383  -12.622134618288364 319.42761531661864 -11.859937323746866  
-13.154216778933678 320.2972327294562 -11.376181761342952  -13.247754550791393 320.26933456916674 -11.763083166950482  

0 2
1.0532199806991678 2

0 2
1 2

9 0 0 0 0 1 1 2 2 2 2 -13.154216778933678 320.2972327294562 -11.376181761342952  -13.247754550791393 320.26933456916674 -11.76308316695048  
-13.544878755541207 321.2744196258102 -11.334213709552918  -13.641035681490042 321.24564442478777 -11.725382426937207  

0 2
1.0532199806991656 2

0 2
1 2

9 0 0 0 0 1 1 2 2 2 2 -13.544878755541207 321.2744196258102 -11.334213709552918  -13.641035681490042 321.24564442478777 -11.725382426937207  
-13.678126280621134 322.31881666950045 -11.361640702372288  -13.775176551254996 322.29001098024952 -11.749404346835531  

0 2
1.0532199806991678 2

0 2
1 2

9 0 0 0 0 1 1 2 2 2 2 -13.678126280621134 322.31881666950045 -11.361640702372288  -13.775176551254997 322.29001098024952 -11.749404346835531  
-13.544878755541207 323.35924992794713 -11.456593635565669  -13.641035681490044 323.33126238069462 -11.833511872502481  

0 2
1.0532199806991676 2

0 2
1 2

9 0 0 0 0 1 1 2 2 2 2 -13.544878755541207 323.35924992794713 -11.456593635565667  -13.641035681490042 323.33126238069462 -11.833511872502481  
-13.154216778933678 324.3248155939844 -11.612601623653072  -13.247754550791393 324.29843906393199 -11.971973215058112  

0 2
1.0532199806991656 2

0 2
1 2

9 0 0 0 0 1 1 2 2 2 2 -13.154216778933678 324.3248155939844 -11.612601623653074  -13.247754550791393 324.29843906393199 -11.97197321505811  
-12.532763318904909 325.14971196314451 -11.819032980061737  -12.622134618288365 325.12562953733408 -12.155352462825444  

0 2
1.053219980699166 2

0 2
1 2

9 0 0 0 0 1 1 2 2 2 2 -12.532763318904909 325.14971196314451 -11.819032980061735  -12.622134618288365 325.12562953733402 -12.155352462825444  
-11.722869401755458 325.77772371107488 -12.061819748996351  -11.806810848495216 325.75646213713532 -12.371152623117672  

0 2
1.0532199806991669 2

0 2
1 2

9 0 0 0 0 1 1 2 2 2 2 -11.722869401755458 325.77772371107488 -12.061819748996351  -11.806810848495216 325.75646213713537 -12.371152623117672  
-10.779727959526078 326.16605287499254 -12.324416413378133  -10.857346208937109 326.14794666415963 -12.604667271637506  

0 2
1.0532199806991696 2

0 2
1 2

9 0 0 0 0 1 1 2 2 2 2 -10.779727959526078 326.16605287499254 -12.324416413378135  -10.857346208937109 326.14794666415963 -12.604667271637506  
-9.7676125228897792 326.28823546412082 -12.58892744449097  -9.8384451457354309 326.2734040948489 -12.839982770989522  

0 2
1.0532199806991658 2

0 2
1 2

9 0 0 0 0 1 1 2 2 2 2 -9.7676125228897792 326.28823546412082 -12.58892744449097  -9.8384451457354309 326.2734040948489 -12.839982770989522  
-8.7554970862534809 326.13594493692688 -12.837326852689666  -8.8195440825337528 326.1242847126299 -13.061062758770129  

0 2
1.0532199806991658 2

0 2
1 2

9 0 0 0 0 1 1 2 2 2 2 -8.7554970862534809 326.13594493692688 -12.837326852689666  -8.8195440825337545 326.1242847126299 -13.061062758770129  
-7.8123556440241009 325.719559641167 -13.052686628804913  -7.8700794429756478 325.71075075696945 -13.252840999164034  

0 2
1.0532199806991693 2

0 2
1 2

9 0 0 0 0 1 1 2 2 2 2 -7.8123556440241018 325.71955964116705 -13.052686628804913  -7.8700794429756478 325.7107507569695 -13.252840999164034  
-7.0024617268746514 325.06745554663803 -13.220330359993314  -7.0547556731824983 325.06098388354872 -13.402248122016918  

0 2
1.0532199806991656 2

0 2
1 2

9 0 0 0 0 1 1 2 2 2 2 -7.0024617268746514 325.06745554663803 -13.220330359993314  -7.0547556731824983 325.06098388354866 -13.402248122016918  
-6.3810082668458818 324.22407246972904 -13.328833403018745  -6.4291357406794694 324.21926463100056 -13.499102278813302  

0 2
1.0532199806991656 2

0 2
1 2

9 0 0 0 0 1 1 2 2 2 2 -6.3810082668458818 324.22407246972904 -13.328833403018745  -6.4291357406794702 324.21926463100056 -13.499102278813304  
-5.9903462902383522 323.24688557337504 -13.370801454808779  -6.0358546099808201 323.24295477537953 -13.536803018826577  

0 2
1.0532199806991658 2

0 2
1 2

9 0 0 0 0 1 1 2 2 2 2 -6.0358546099808192 321.15733681947268 -13.428673573261303  -6.1764517993289783 321.13015905106994 -14.091565632234708  
-6.4291357406794685 320.19016013623531 -13.290212230705672  -6.5721526821487659 320.16150809818976 -13.971530343407386  

0 2
1.0532199806991667 2

0 2
1 2

9 0 0 0 0 1 1 2 2 2 2 -6.0414855971775747 322.17215668461279 -14.16434876016878  -6.1495886962734705 322.15348529678209 -14.78588207079574  
-6.1764517993289783 321.13015905106994 -14.091565632234708  -6.2854551246361154 321.1106839944664 -14.727760772835241  

0 2
1.0532199806991669 2

0 2
1 2

9 0 0 0 0 1 1 2 2 2 2 -6.0358546099808201 323.24295477537953 -13.536803018826577  -6.1764517993289791 323.21649058207487 -14.1849196773207  
-5.9017137402158655 322.19858821991778 -13.512781098928253  -6.0414855971775747 322.17215668461279 -14.16434876016878  

0 2
1.0532199806991702 2

0 2
1 2

9 0 0 0 0 1 1 2 2 2 2 -6.4291357406794685 320.19016013623531 -13.290212230705672  -6.572152682148765 320.16150809818976 -13.971530343407387  
-7.0547556731824983 319.36296966283322 -13.106832982938338  -7.2016218843993949 319.3322157876396 -13.812423100252703  

0 2
1.0532199806991671 2

0 2
1 2

9 0 0 0 0 1 1 2 2 2 2 -7.0547556731824983 319.36296966283328 -13.106832982938339  -7.2016218843993958 319.3322157876396 -13.812423100252703  
-7.8700794429756478 318.73213706303198 -12.891032822646112  -8.0219621201945284 318.69879701991312 -13.625086798454497  

0 2
1.0532199806991667 2

0 2
1 2

9 0 0 0 0 1 1 2 2 2 2 -7.8700794429756478 318.73213706303193 -12.89103282264611  -8.0219621201945284 318.69879701991312 -13.625086798454495  
-8.8195440825337528 318.34065253600767 -12.657518174126276  -8.9772685581410663 318.30441823725693 -13.422288097392437  

0 2
1.0532199806991676 2

0 2
1 2

9 0 0 0 0 1 1 2 2 2 2 -8.8195440825337528 318.34065253600767 -12.657518174126277  -8.9772685581410663 318.30441823725693 -13.422288097392437  
-9.8384451457354309 318.2151951053184 -12.422202674774262  -10.002438643211484 318.17595570196721 -13.217847393403208  

0 2
1.0532199806991667 2

0 2
1 2

9 0 0 0 0 1 1 2 2 2 2 -9.8384451457354309 318.2151951053184 -12.422202674774262  -10.002438643211484 318.17595570196721 -13.217847393403209  
-10.857346208937109 318.3643144875374 -12.201122686993655  -11.027608728281901 318.32216392352967 -13.025696982609437  

0 2
1.0532199806991667 2

0 2
1 2

9 0 0 0 0 1 1 2 2 2 2 -10.857346208937109 318.3643144875374 -12.201122686993655  -11.027608728281901 318.32216392352967 -13.025696982609437  
-11.806810848495212 318.77784844319785 -12.00934444659975  -11.982915166228437 318.73307905326527 -12.858931597963151  

0 2
1.0532199806991667 2

0 2
1 2

9 0 0 0 0 1 1 2 2 2 2 -11.806810848495212 318.7778484431978 -12.00934444659975  -11.982915166228437 318.73307905326527 -12.858931597963151  
-12.622134618288364 319.42761531661858 -11.859937323746866  -12.803255402023572 319.38069790415193 -12.728916024835165  

0 2
1.0532199806991673 2

0 2
1 2

9 0 0 0 0 1 1 2 2 2 2 -12.622134618288364 319.42761531661864 -11.859937323746866  -12.803255402023572 319.38069790415187 -12.728916024835163  
-13.247754550791393 320.26933456916674 -11.763083166950482  -13.432724604274203 320.2208863217424 -12.644510609673256  

0 2
1.0532199806991678 2

0 2
1 2

9 0 0 0 0 1 1 2 2 2 2 -13.247754550791393 320.26933456916674 -11.76308316695048  -13.432724604274203 320.2208863217424 -12.644510609673256  
-13.641035681490042 321.24564442478777 -11.725382426937207  -13.828425487093989 321.19638685385502 -12.611467442034169  

0 2
1.0532199806991656 2

0 2
1 2

9 0 0 0 0 1 1 2 2 2 2 -13.641035681490042 321.24564442478777 -11.725382426937207  -13.828425487093989 321.19638685385502 -12.611467442034169  
-13.775176551254996 322.29001098024952 -11.749404346835531  -13.963391689245393 322.2407207513171 -12.632038359186089  

0 2
1.0532199806991678 2

0 2
1 2

9 0 0 0 0 1 1 2 2 2 2 -13.775176551254997 322.29001098024952 -11.749404346835531  -13.963391689245393 322.2407207513171 -12.632038359186089  
-13.641035681490044 323.33126238069462 -11.833511872502481  -13.828425487093989 323.28271838485995 -12.70482148712016  

0 2
1.0532199806991676 2

0 2
1 2

9 0 0 0 0 1 1 2 2 2 2 -13.641035681490042 323.33126238069462 -11.833511872502481  -13.828425487093989 323.28271838485995 -12.70482148712016  
-13.247754550791393 324.29843906393199 -11.971973215058112  -13.432724604274203 324.25136933774013 -12.824856775947481  

0 2
1.0532199806991656 2

0 2
1 2

9 0 0 0 0 1 1 2 2 2 2 -13.247754550791393 324.29843906393199 -11.97197321505811  -13.432724604274203 324.25136933774013 -12.824856775947481  
-12.622134618288365 325.12562953733408 -12.155352462825444  -12.803255402023574 325.08066164829029 -12.983964019102165  

0 2
1.053219980699166 2

0 2
1 2

9 0 0 0 0 1 1 2 2 2 2 -12.622134618288365 325.12562953733402 -12.155352462825444  -12.803255402023574 325.08066164829029 -12.983964019102165  
-11.806810848495216 325.75646213713532 -12.371152623117672  -11.982915166228441 325.71408041601677 -13.171300320900372  

0 2
1.0532199806991669 2

0 2
1 2

9 0 0 0 0 1 1 2 2 2 2 -11.806810848495216 325.75646213713537 -12.371152623117672  -11.982915166228441 325.71408041601677 -13.171300320900372  
-10.857346208937109 326.14794666415963 -12.604667271637506  -11.027608728281901 326.10845919867296 -13.374099021962429  

0 2
1.0532199806991696 2

0 2
1 2

9 0 0 0 0 1 1 2 2 2 2 -10.857346208937109 326.14794666415963 -12.604667271637506  -11.027608728281901 326.10845919867296 -13.374099021962431  
-9.8384451457354309 326.2734040948489 -12.839982770989522  -10.002438643211486 326.23692173396267 -13.578539725951661  

0 2
1.0532199806991658 2

0 2
1 2

9 0 0 0 0 1 1 2 2 2 2 -9.8384451457354309 326.2734040948489 -12.839982770989522  -10.002438643211484 326.23692173396267 -13.578539725951659  
-8.8195440825337528 326.1242847126299 -13.061062758770129  -8.9772685581410681 326.09071351240021 -13.770690136745431  

0 2
1.0532199806991658 2

0 2
1 2

9 0 0 0 0 1 1 2 2 2 2 -8.8195440825337545 326.1242847126299 -13.061062758770129  -8.9772685581410681 326.09071351240021 -13.770690136745431  
-7.8700794429756478 325.71075075696945 -13.252840999164034  -8.0219621201945284 325.67979838266461 -13.937455521391719  

0 2
1.0532199806991693 2

0 2
1 2

9 0 0 0 0 1 1 2 2 2 2 -7.8700794429756478 325.7107507569695 -13.252840999164034  -8.0219621201945284 325.67979838266461 -13.937455521391719  
-7.0547556731824983 325.06098388354872 -13.402248122016918  -7.2016218843993958 325.03217953177796 -14.067471094519705  

0 2
1.0532199806991656 2

0 2
1 2

9 0 0 0 0 1 1 2 2 2 2 -7.0547556731824983 325.06098388354866 -13.402248122016918  -7.2016218843993958 325.03217953177801 -14.067471094519705  
-6.4291357406794694 324.21926463100056 -13.499102278813302  -6.5721526821487659 324.19199111418749 -14.151876509681612  

0 2
1.0532199806991656 2

0 2
1 2

9 0 0 0 0 1 1 2 2 2 2 -6.4291357406794702 324.21926463100056 -13.499102278813304  -6.5721526821487668 324.19199111418749 -14.151876509681612  
-6.0358546099808201 323.24295477537953 -13.536803018826577  -6.1764517993289791 323.21649058207487 -14.1849196773207  

0 2
1.0532199806991658 2

0 2
1 2

9 0 0 0 0 1 1 2 2 2 2 -6.1764517993289783 321.13015905106994 -14.091565632234708  -6.2854551246361154 321.1106839944664 -14.727760772835243  
-6.5721526821487659 320.16150809818976 -13.971530343407386  -6.6837953371610261 320.14044008159999 -14.631718321933414  

0 2
1.0532199806991667 2

0 2
1 2

9 0 0 0 0 1 1 2 2 2 2 -6.1495886962734705 322.15348529678209 -14.78588207079574  -6.2338355910661694 322.13887878802831 -15.411140979461541  
-6.2854551246361154 321.1106839944664 -14.727760772835241  -6.3704038653473836 321.09545819336813 -15.367610566611852  

0 2
1.0532199806991669 2

0 2
1 2

9 0 0 0 0 1 1 2 2 2 2 -6.1764517993289791 323.21649058207487 -14.1849196773207  -6.2854551246361154 323.19777880310494 -14.802121345408885  
-6.0414855971775747 322.17215668461279 -14.16434876016878  -6.1495886962734696 322.15348529678215 -14.78588207079574  

0 2
1.0532199806991702 2

0 2
1 2

9 0 0 0 0 1 1 2 2 2 2 -6.572152682148765 320.16150809818976 -13.971530343407387  -6.6837953371610253 320.14044008159999 -14.631718321933413  
-7.2016218843993949 319.3322157876396 -13.812423100252703  -7.3174631066529541 319.30887407744081 -14.504299852401559  

0 2
1.0532199806991671 2

0 2
1 2

9 0 0 0 0 1 1 2 2 2 2 -7.2016218843993958 319.3322157876396 -13.812423100252703  -7.3174631066529541 319.30887407744081 -14.504299852401559  
-8.0219621201945284 318.69879701991312 -13.625086798454497  -8.1432750218065273 318.67265583094456 -14.354188722369297  

0 2
1.0532199806991667 2

0 2
1 2

9 0 0 0 0 1 1 2 2 2 2 -8.0219621201945284 318.69879701991312 -13.625086798454495  -8.1432750218065273 318.67265583094456 -14.354188722369297  
-8.9772685581410663 318.30441823725693 -13.422288097392437  -9.1049533653227464 318.27514256420955 -14.191614757277957  

0 2
1.0532199806991676 2

0 2
1 2

9 0 0 0 0 1 1 2 2 2 2 -8.9772685581410663 318.30441823725693 -13.422288097392437  -9.1049533653227464 318.27514256420955 -14.191614757277957  
-10.002438643211484 318.17595570196721 -13.217847393403208  -10.136961347339586 318.14342414944207 -14.027657104182332  

0 2
1.0532199806991667 2

0 2
1 2

9 0 0 0 0 1 1 2 2 2 2 -10.002438643211484 318.17595570196721 -13.217847393403209  -10.136961347339586 318.14342414944207 -14.027657104182332  
-11.027608728281901 318.32216392352967 -13.025696982609437  -11.168969329356425 318.28647697893354 -13.873489206188054  

0 2
1.0532199806991667 2

0 2
1 2

9 0 0 0 0 1 1 2 2 2 2 -11.027608728281901 318.32216392352967 -13.025696982609437  -11.168969329356424 318.28647697893354 -13.873489206188054  
-11.982915166228437 318.73307905326527 -12.858931597963151  -12.130647672872643 318.69455223876008 -13.739617350768938  

0 2
1.0532199806991667 2

0 2
1 2

9 0 0 0 0 1 1 2 2 2 2 -11.982915166228437 318.73307905326527 -12.858931597963151  -12.130647672872643 318.69455223876008 -13.739617350768938  
-12.803255402023572 319.38069790415193 -12.728916024835165  -12.956459588026217 319.33984027434076 -13.635164683638095  

0 2
1.0532199806991673 2

0 2
1 2

9 0 0 0 0 1 1 2 2 2 2 -12.803255402023572 319.38069790415187 -12.728916024835163  -12.956459588026217 319.33984027434076 -13.635164683638095  
-13.432724604274203 320.2208863217424 -12.644510609673256  -13.590127357518146 320.17836577243969 -13.567249481444298  

0 2
1.0532199806991678 2

0 2
1 2

9 0 0 0 0 1 1 2 2 2 2 -13.432724604274203 320.2208863217424 -12.644510609673256  -13.590127357518146 320.17836577243969 -13.567249481444298  
-13.828425487093989 321.19638685385502 -12.611467442034169  -13.988467570043056 321.15298460609029 -13.540500052981876  

0 2
1.0532199806991656 2

0 2
1 2

9 0 0 0 0 1 1 2 2 2 2 -13.828425487093989 321.19638685385502 -12.611467442034169  -13.988467570043056 321.15298460609034 -13.540500052981876  
-13.963391689245393 322.2407207513171 -12.632038359186089  -14.124333998405701 322.19727811241313 -13.556739327595022  

0 2
1.0532199806991678 2

0 2
1 2

9 0 0 0 0 1 1 2 2 2 2 -13.963391689245393 322.2407207513171 -12.632038359186089  -14.124333998405701 322.19727811241313 -13.556739327595022  
-13.828425487093989 323.28271838485995 -12.70482148712016  -13.988467570043056 323.24007941472883 -13.61486062555552  

0 2
1.0532199806991676 2

0 2
1 2

9 0 0 0 0 1 1 2 2 2 2 -13.828425487093989 323.28271838485995 -12.70482148712016  -13.988467570043056 323.24007941472883 -13.614860625555519  
-13.432724604274203 324.25136933774013 -12.824856775947481  -13.590127357518146 324.21032332759523 -13.710903076457347  

0 2
1.0532199806991656 2

0 2
1 2

9 0 0 0 0 1 1 2 2 2 2 -13.432724604274203 324.25136933774013 -12.824856775947481  -13.590127357518147 324.21032332759523 -13.710903076457349  
-12.803255402023574 325.08066164829029 -12.983964019102165  -12.95645958802622 325.04188933175442 -13.838321545989203  

0 2
1.053219980699166 2

0 2
1 2

9 0 0 0 0 1 1 2 2 2 2 -12.803255402023574 325.08066164829029 -12.983964019102165  -12.956459588026219 325.04188933175442 -13.838321545989203  
-11.982915166228441 325.71408041601677 -13.171300320900372  -12.130647672872644 325.67810757825066 -13.988432676021464  

0 2
1.0532199806991669 2

0 2
1 2

9 0 0 0 0 1 1 2 2 2 2 -11.982915166228441 325.71408041601677 -13.171300320900372  -12.130647672872646 325.67810757825066 -13.988432676021464  
-11.027608728281901 326.10845919867296 -13.374099021962429  -11.168969329356425 326.07562084498568 -14.151006641112806  

0 2
1.0532199806991696 2

0 2
1 2

9 0 0 0 0 1 1 2 2 2 2 -11.027608728281901 326.10845919867296 -13.374099021962431  -11.168969329356424 326.07562084498568 -14.151006641112804  
-10.002438643211486 326.23692173396267 -13.578539725951661  -10.136961347339586 326.20733925975316 -14.31496429420843  

0 2
1.0532199806991658 2

0 2
1 2

9 0 0 0 0 1 1 2 2 2 2 -10.002438643211484 326.23692173396267 -13.578539725951659  -10.136961347339586 326.20733925975316 -14.31496429420843  
-8.9772685581410681 326.09071351240021 -13.770690136745431  -9.1049533653227481 326.06428643026169 -14.469132192202707  

0 2
1.0532199806991658 2

0 2
1 2

9 0 0 0 0 1 1 2 2 2 2 -8.9772685581410681 326.09071351240021 -13.770690136745431  -9.1049533653227481 326.06428643026169 -14.469132192202707  
-8.0219621201945284 325.67979838266461 -13.937455521391719  -8.1432750218065273 325.65621117043514 -14.603004047621823  

0 2
1.0532199806991693 2

0 2
1 2

9 0 0 0 0 1 1 2 2 2 2 -8.0219621201945284 325.67979838266461 -13.937455521391719  -8.1432750218065273 325.65621117043514 -14.603004047621823  
-7.2016218843993958 325.03217953177796 -14.067471094519705  -7.317463106652955 325.01092313485447 -14.707456714752666  

0 2
1.0532199806991656 2

0 2
1 2

9 0 0 0 0 1 1 2 2 2 2 -7.2016218843993958 325.03217953177801 -14.067471094519705  -7.317463106652955 325.01092313485447 -14.707456714752666  
-6.5721526821487659 324.19199111418749 -14.151876509681612  -6.6837953371610261 324.17239763675553 -14.775371916946463  

0 2
1.0532199806991656 2

0 2
1 2

9 0 0 0 0 1 1 2 2 2 2 -6.5721526821487668 324.19199111418749 -14.151876509681612  -6.6837953371610261 324.17239763675553 -14.775371916946463  
-6.1764517993289791 323.21649058207487 -14.1849196773207  -6.2854551246361154 323.19777880310494 -14.802121345408887  

0 2
1.0532199806991658 2

0 2
1 2

9 0 0 0 0 1 1 2 2 2 2 -6.2854551246361154 321.1106839944664 -14.727760772835243  -6.3704038653473845 321.09545819336819 -15.367610566611852  
-6.6837953371610261 320.14044008159999 -14.631718321933414  -6.7708017859885077 320.12398305308011 -15.295569712282667  

0 2
1.0532199806991667 2

0 2
1 2

9 0 0 0 0 1 1 2 2 2 2 -6.2338355910661694 322.13887878802831 -15.411140979461541  -6.2941013875291629 322.12840064515609 -16.039201211110012  
-6.3704038653473836 321.09545819336813 -15.367610566611852  -6.4311718745775517 321.08454074586922 -16.010209488410261  

0 2
1.0532199806991669 2

0 2
1 2

9 0 0 0 0 1 1 2 2 2 2 -6.2854551246361154 323.19777880310494 -14.802121345408885  -6.3704038653473845 323.18313744786855 -15.42319442513344  
-6.1495886962734696 322.15348529678215 -14.78588207079574  -6.2338355910661694 322.13887878802836 -15.411140979461543  

0 2
1.0532199806991702 2

0 2
1 2

9 0 0 0 0 1 1 2 2 2 2 -6.6837953371610253 320.14044008159999 -14.631718321933413  -6.7708017859885077 320.12398305308011 -15.295569712282667  
-7.3174631066529541 319.30887407744081 -14.504299852401559  -7.4077428963866971 319.29065779253614 -15.199927881643383  

0 2
1.0532199806991671 2

0 2
1 2

9 0 0 0 0 1 1 2 2 2 2 -7.3174631066529541 319.30887407744081 -14.504299852401559  -7.4077428963866971 319.29065779253614 -15.199927881643383  
-8.1432750218065273 318.67265583094456 -14.354188722369297  -8.2378207124632681 318.6522721511073 -15.087202907396467  

0 2
1.0532199806991667 2

0 2
1 2

9 0 0 0 0 1 1 2 2 2 2 -8.1432750218065273 318.67265583094456 -14.354188722369297  -8.2378207124632681 318.6522721511073 -15.087202907396467  
-9.1049533653227464 318.27514256420955 -14.191614757277957  -9.2044668028210559 318.25233105527474 -14.965076810250018  

0 2
1.0532199806991676 2

0 2
1 2

9 0 0 0 0 1 1 2 2 2 2 -9.1049533653227464 318.27514256420955 -14.191614757277957  -9.2044668028210559 318.25233105527474 -14.965076810250018  
-10.136961347339586 318.14342414944207 -14.027657104182332  -10.241805833860369 318.11808982978556 -14.841872281901649  

0 2
1.0532199806991667 2

0 2
1 2

9 0 0 0 0 1 1 2 2 2 2 -10.136961347339586 318.14342414944207 -14.027657104182332  -10.241805833860369 318.11808982978562 -14.841872281901649  
-11.168969329356425 318.28647697893354 -13.873489206188054  -11.279144864899681 318.25869679231283 -14.725985507353192  

0 2
1.0532199806991667 2

0 2
1 2

9 0 0 0 0 1 1 2 2 2 2 -11.168969329356424 318.28647697893354 -13.873489206188054  -11.279144864899681 318.25869679231283 -14.725985507353192  
-12.130647672872643 318.69455223876008 -13.739617350768938  -12.245790955257467 318.66456981072417 -14.625313978778173  

0 2
1.0532199806991667 2

0 2
1 2

9 0 0 0 0 1 1 2 2 2 2 -12.130647672872643 318.69455223876008 -13.739617350768938  -12.245790955257467 318.66456981072417 -14.625313978778175  
-12.956459588026217 319.33984027434076 -13.635164683638095  -13.07586877133404 319.30804930955179 -14.546718294481416  

0 2
1.0532199806991673 2

0 2
1 2

9 0 0 0 0 1 1 2 2 2 2 -12.956459588026217 319.33984027434076 -13.635164683638095  -13.07586877133404 319.30804930955173 -14.546718294481416  
-13.590127357518146 320.17836577243969 -13.567249481444298  -13.71280988173223 320.14528322435064 -14.495554620462231  

0 2
1.0532199806991678 2

0 2
1 2

9 0 0 0 0 1 1 2 2 2 2 -13.590127357518146 320.17836577243969 -13.567249481444298  -13.71280988173223 320.14528322435069 -14.495554620462231  
-13.988467570043056 321.15298460609029 -13.540500052981876  -14.113207802373353 321.11921544742182 -14.475309676553058  

0 2
1.0532199806991656 2

0 2
1 2

9 0 0 0 0 1 1 2 2 2 2 -13.988467570043056 321.15298460609034 -13.540500052981876  -14.113207802373353 321.11921544742182 -14.475309676553058  
-14.124333998405701 322.19727811241313 -13.556739327595022  -14.249776076654568 322.163474107262 -14.487363122224956  

0 2
1.0532199806991678 2

0 2
1 2

9 0 0 0 0 1 1 2 2 2 2 -14.124333998405701 322.19727811241313 -13.556739327595022  -14.249776076654568 322.16347410726206 -14.487363122224957  
-13.988467570043056 323.24007941472883 -13.61486062555552  -14.113207802373353 323.20689470192224 -14.530893535074647  

0 2
1.0532199806991676 2

0 2
1 2

9 0 0 0 0 1 1 2 2 2 2 -13.988467570043056 323.24007941472883 -13.614860625555519  -14.113207802373353 323.20689470192218 -14.530893535074647  
-13.590127357518146 324.21032332759523 -13.710903076457347  -13.71280988173223 324.17836984221026 -14.602934389403829  

0 2
1.0532199806991656 2

0 2
1 2

9 0 0 0 0 1 1 2 2 2 2 -13.590127357518147 324.21032332759523 -13.710903076457349  -13.71280988173223 324.17836984221026 -14.602934389403831  
-12.95645958802622 325.04188933175442 -13.838321545989203  -13.075868771334042 325.01169510275423 -14.698576220043115  

0 2
1.053219980699166 2

0 2
1 2

9 0 0 0 0 1 1 2 2 2 2 -12.956459588026219 325.04188933175442 -13.838321545989203  -13.075868771334042 325.01169510275423 -14.698576220043115  
-12.130647672872644 325.67810757825066 -13.988432676021464  -12.245790955257471 325.65008074418307 -14.811301194290031  

0 2
1.0532199806991669 2

0 2
1 2

9 0 0 0 0 1 1 2 2 2 2 -12.130647672872646 325.67810757825066 -13.988432676021464  -12.245790955257469 325.65008074418307 -14.811301194290031  
-11.168969329356425 326.07562084498568 -14.151006641112806  -11.279144864899681 326.05002184001563 -14.93342729143648  

0 2
1.0532199806991696 2

0 2
1 2

9 0 0 0 0 1 1 2 2 2 2 -11.168969329356424 326.07562084498568 -14.151006641112804  -11.279144864899681 326.05002184001563 -14.93342729143648  
-10.136961347339586 326.20733925975316 -14.31496429420843  -10.241805833860369 326.18426306550481 -15.056631819784849  

0 2
1.0532199806991658 2

0 2
1 2

9 0 0 0 0 1 1 2 2 2 2 -10.136961347339586 326.20733925975316 -14.31496429420843  -10.241805833860369 326.18426306550475 -15.056631819784849  
-9.1049533653227481 326.06428643026169 -14.469132192202707  -9.2044668028210559 326.04365610297754 -15.172518594333306  

0 2
1.0532199806991658 2

0 2
1 2

9 0 0 0 0 1 1 2 2 2 2 -9.1049533653227481 326.06428643026169 -14.469132192202707  -9.2044668028210577 326.04365610297754 -15.172518594333306  
-8.1432750218065273 325.65621117043514 -14.603004047621823  -8.2378207124632681 325.63778308456619 -15.273190122908325  

0 2
1.0532199806991693 2

0 2
1 2

9 0 0 0 0 1 1 2 2 2 2 -8.1432750218065273 325.65621117043514 -14.603004047621823  -8.2378207124632681 325.63778308456619 -15.273190122908323  
-7.317463106652955 325.01092313485447 -14.707456714752666  -7.4077428963866971 324.99430358573858 -15.351785807205081  

0 2
1.0532199806991656 2

0 2
1 2

9 0 0 0 0 1 1 2 2 2 2 -7.317463106652955 325.01092313485447 -14.707456714752666  -7.407742896386698 324.99430358573863 -15.351785807205083  
-6.6837953371610261 324.17239763675553 -14.775371916946463  -6.7708017859885086 324.15706967093973 -15.402949481224267  

0 2
1.0532199806991656 2

0 2
1 2

9 0 0 0 0 1 1 2 2 2 2 -6.6837953371610261 324.17239763675553 -14.775371916946463  -6.7708017859885086 324.15706967093968 -15.402949481224267  
-6.2854551246361154 323.19777880310494 -14.802121345408887  -6.3704038653473845 323.18313744786855 -15.42319442513344  

0 2
1.0532199806991658 2

0 2
1 2

9 0 0 0 0 1 1 2 2 2 2 -6.3704038653473845 321.09545819336819 -15.367610566611852  -6.4311718745775508 321.08454074586922 -16.010209488410265  
-6.7708017859885077 320.12398305308011 -15.295569712282667  -6.8330422085500588 320.11219023805978 -15.962177703314428  

0 2
1.0532199806991667 2

0 2
1 2

9 0 0 0 0 1 1 2 2 2 2 -6.2941013875291629 322.12840064515609 -16.039201211110012  -6.3302966813367352 322.1220958604523 -16.669132368884355  
-6.4311718745775517 321.08454074586922 -16.010209488410261  -6.4676688536444527 321.07797358282323 -16.6546450165369  

0 2
1.0532199806991669 2

0 2
1 2

9 0 0 0 0 1 1 2 2 2 2 -6.3704038653473845 323.18313744786855 -15.42319442513344  -6.4311718745775526 323.17263260884403 -16.047177133422775  
-6.2338355910661694 322.13887878802836 -15.411140979461543  -6.2941013875291638 322.12840064515609 -16.039201211110015  

0 2
1.0532199806991702 2

0 2
1 2

9 0 0 0 0 1 1 2 2 2 2 -6.7708017859885077 320.12398305308011 -15.295569712282667  -6.8330422085500597 320.11219023805978 -15.962177703314426  
-7.4077428963866971 319.29065779253614 -15.199927881643383  -7.4723255903085883 319.27761320194975 -15.898379142600504  

0 2
1.0532199806991671 2

0 2
1 2

9 0 0 0 0 1 1 2 2 2 2 -7.4077428963866971 319.29065779253614 -15.199927881643383  -7.4723255903085883 319.27761320194975 -15.898379142600504  
-8.2378207124632681 318.6522721511073 -15.087202907396467  -8.3054559138520325 318.63768468334632 -15.823161572749045  

0 2
1.0532199806991667 2

0 2
1 2

9 0 0 0 0 1 1 2 2 2 2 -8.2378207124632681 318.6522721511073 -15.087202907396467  -8.3054559138520325 318.63768468334632 -15.823161572749045  
-9.2044668028210559 318.25233105527474 -14.965076810250018  -9.2756567244438664 318.23601475326041 -15.741650946842514  

0 2
1.0532199806991676 2

0 2
1 2

9 0 0 0 0 1 1 2 2 2 2 -9.2044668028210559 318.25233105527474 -14.965076810250018  -9.2756567244438681 318.23601475326041 -15.741650946842514  
-10.241805833860369 318.11808982978556 -14.841872281901649  -10.316810440174905 318.0999765536364 -15.659402079333763  

0 2
1.0532199806991667 2

0 2
1 2

9 0 0 0 0 1 1 2 2 2 2 -10.241805833860369 318.11808982978562 -14.841872281901649  -10.316810440174905 318.0999765536364 -15.659402079333763  
-11.279144864899681 318.25869679231283 -14.725985507353192  -11.357964155905941 318.23884086296493 -15.582020094620832  

0 2
1.0532199806991667 2

0 2
1 2

9 0 0 0 0 1 1 2 2 2 2 -11.279144864899681 318.25869679231283 -14.725985507353192  -11.357964155905941 318.23884086296499 -15.582020094620832  
-12.245790955257467 318.66456981072417 -14.625313978778173  -12.328164966497775 318.6431443080495 -15.514778447082133  

0 2
1.0532199806991667 2

0 2
1 2

9 0 0 0 0 1 1 2 2 2 2 -12.245790955257467 318.66456981072417 -14.625313978778175  -12.328164966497775 318.64314430804944 -15.514778447082133  
-13.07586877133404 319.30804930955179 -14.546718294481416  -13.16129529004122 319.2853342772504 -15.462259543875351  

0 2
1.0532199806991673 2

0 2
1 2

9 0 0 0 0 1 1 2 2 2 2 -13.07586877133404 319.30804930955173 -14.546718294481416  -13.16129529004122 319.2853342772504 -15.462259543875351  
-13.71280988173223 320.14528322435064 -14.495554620462231  -13.80057867179975 320.12164658543583 -15.428042461462438  

0 2
1.0532199806991678 2

0 2
1 2

9 0 0 0 0 1 1 2 2 2 2 -13.71280988173223 320.14528322435069 -14.495554620462231  -13.80057867179975 320.12164658543588 -15.428042461462438  
-14.113207802373353 321.11921544742182 -14.475309676553058  -14.202449005772257 321.09508793087446 -15.414459037463429  

0 2
1.0532199806991656 2

0 2
1 2

9 0 0 0 0 1 1 2 2 2 2 -14.113207802373353 321.11921544742182 -14.475309676553058  -14.202449005772259 321.0950879308744 -15.414459037463429  
-14.249776076654568 322.163474107262 -14.487363122224956  -14.339519492820648 322.13931989456233 -15.422434959776188  

0 2
1.0532199806991678 2

0 2
1 2

9 0 0 0 0 1 1 2 2 2 2 -14.249776076654568 322.16347410726206 -14.487363122224957  -14.339519492820646 322.13931989456233 -15.422434959776188  
-14.113207802373353 323.20689470192224 -14.530893535074647  -14.202449005772257 323.18317979384921 -15.451426682475937  

0 2
1.0532199806991676 2

0 2
1 2

9 0 0 0 0 1 1 2 2 2 2 -14.113207802373353 323.20689470192218 -14.530893535074647  -14.202449005772259 323.18317979384921 -15.451426682475939  
-13.71280988173223 324.17836984221026 -14.602934389403829  -13.800578671799752 324.15553030165864 -15.499458467571776  

0 2
1.0532199806991656 2

0 2
1 2

9 0 0 0 0 1 1 2 2 2 2 -13.71280988173223 324.17836984221026 -14.602934389403831  -13.800578671799752 324.15553030165864 -15.499458467571776  
-13.075868771334042 325.01169510275423 -14.698576220043115  -13.161295290041224 324.99010733776868 -15.563257028285697  

0 2
1.053219980699166 2

0 2
1 2

9 0 0 0 0 1 1 2 2 2 2 -13.075868771334042 325.01169510275423 -14.698576220043115  -13.161295290041222 324.99010733776868 -15.563257028285697  
-12.245790955257471 325.65008074418307 -14.811301194290031  -12.328164966497777 325.6300358563721 -15.638474598137156  

0 2
1.0532199806991669 2

0 2
1 2

9 0 0 0 0 1 1 2 2 2 2 -12.245790955257469 325.65008074418307 -14.811301194290031  -12.328164966497777 325.6300358563721 -15.638474598137156  
-11.279144864899681 326.05002184001563 -14.93342729143648  -11.357964155905941 326.03170578645802 -15.719985224043688  

0 2
1.0532199806991696 2

0 2
1 2

9 0 0 0 0 1 1 2 2 2 2 -11.279144864899681 326.05002184001563 -14.93342729143648  -11.357964155905941 326.03170578645802 -15.719985224043688  
-10.241805833860369 326.18426306550481 -15.056631819784849  -10.316810440174907 326.16774398608203 -15.802234091552439  

0 2
1.0532199806991658 2

0 2
1 2

9 0 0 0 0 1 1 2 2 2 2 -10.241805833860369 326.18426306550475 -15.056631819784849  -10.316810440174905 326.16774398608203 -15.802234091552439  
-9.2044668028210559 326.04365610297754 -15.172518594333306  -9.2756567244438699 326.02887967675349 -15.87961607626537  

0 2
1.0532199806991658 2

0 2
1 2

9 0 0 0 0 1 1 2 2 2 2 -9.2044668028210577 326.04365610297754 -15.172518594333306  -9.2756567244438699 326.02887967675343 -15.87961607626537  
-8.2378207124632681 325.63778308456619 -15.273190122908325  -8.3054559138520343 325.62457623166893 -15.946857723804069  

0 2
1.0532199806991693 2

0 2
1 2

9 0 0 0 0 1 1 2 2 2 2 -8.2378207124632681 325.63778308456619 -15.273190122908323  -8.3054559138520325 325.62457623166898 -15.946857723804069  
-7.4077428963866971 324.99430358573858 -15.351785807205081  -7.4723255903085883 324.98238626246803 -15.99937662701085  

0 2
1.0532199806991656 2

0 2
1 2

9 0 0 0 0 1 1 2 2 2 2 -7.407742896386698 324.99430358573863 -15.351785807205083  -7.4723255903085892 324.98238626246803 -15.99937662701085  
-6.7708017859885086 324.15706967093973 -15.402949481224267  -6.8330422085500606 324.1460739542826 -16.033593709423766  

0 2
1.0532199806991656 2

0 2
1 2

9 0 0 0 0 1 1 2 2 2 2 -6.7708017859885086 324.15706967093968 -15.402949481224267  -6.8330422085500606 324.14607395428254 -16.033593709423766  
-6.3704038653473845 323.18313744786855 -15.42319442513344  -6.4311718745775517 323.17263260884397 -16.047177133422775  

0 2
1.0532199806991658 2

0 2
1 2

9 0 0 0 0 1 1 2 2 2 2 -6.4311718745775508 321.08454074586922 -16.010209488410265  -6.4676688536444518 321.07797358282323 -16.6546450165369  
-6.8330422085500588 320.11219023805978 -15.962177703314428  -6.8704236840430815 320.10509946802176 -16.630627708531573  

0 2
1.0532199806991667 2

0 2
1 2

9 0 0 0 0 1 1 2 2 2 2 -6.3302966813367352 322.1220958604523 -16.669132368884355  -6.3431060866885058 322.11965034234379 -17.377181480428227  
-6.4676688536444527 321.07797358282323 -16.6546450165369  -6.4805537222104022 321.07546261030086 -17.369938864568223  

0 2
1.0532199806991669 2

0 2
1 2

9 0 0 0 0 1 1 2 2 2 2 -6.4311718745775526 323.17263260884403 -16.047177133422775  -6.4676688536444527 323.16631109318229 -16.673102476452939  
-6.2941013875291638 322.12840064515609 -16.039201211110015  -6.3302966813367352 322.1220958604523 -16.669132368884355  

0 2
1.0532199806991702 2

0 2
1 2

9 0 0 0 0 1 1 2 2 2 2 -6.8330422085500597 320.11219023805978 -15.962177703314426  -6.8704236840430815 320.10509946802176 -16.630627708531573  
-7.4723255903085883 319.27761320194975 -15.898379142600504  -7.5111140964247838 319.26977327922117 -16.598717184718456  

0 2
1.0532199806991671 2

0 2
1 2

9 0 0 0 0 1 1 2 2 2 2 -7.4723255903085883 319.27761320194975 -15.898379142600504  -7.5111140964247838 319.26977327922117 -16.598717184718456  
-8.3054559138520325 318.63768468334632 -15.823161572749045  -8.3460780979767133 318.62892111574644 -16.561088094560784  

0 2
1.0532199806991667 2

0 2
1 2

9 0 0 0 0 1 1 2 2 2 2 -8.3054559138520325 318.63768468334632 -15.823161572749045  -8.3460780979767133 318.62892111574644 -16.56108809456078  
-9.2756567244438664 318.23601475326041 -15.741650946842514  -9.3184142718363603 318.22621599348008 -16.520304798367782  

0 2
1.0532199806991676 2

0 2
1 2

9 0 0 0 0 1 1 2 2 2 2 -9.2756567244438681 318.23601475326041 -15.741650946842514  -9.3184142718363603 318.22621599348008 -16.520304798367782  
-10.316810440174905 318.0999765536364 -15.659402079333763  -10.361859514616691 318.08910160100288 -16.47914661037743  

0 2
1.0532199806991667 2

0 2
1 2

2 0 0 0 0 0 1 1 0 -0 -0 1 0 4
1 0 0 4 0 0 1 1 0 -0 -0 1 0 
9 0 0 0 0 1 1 2 2 2 2 -10.316810440174905 318.0999765536364 -15.659402079333763  -10.361859514616691 318.08910160100288 -16.47914661037743  
-11.357964155905941 318.23884086296493 -15.582020094620832  -11.405304757397023 318.22692205756988 -16.440418393084144  

0 2
1.0532199806991667 2

0 2
1 2

9 0 0 0 0 1 1 2 2 2 2 -13.161295290041222 324.99010733776868 -15.563257028285697  -13.212604932808601 324.97714646384065 -16.430890184918798  
-12.328164966497777 325.6300358563721 -15.638474598137156  -12.377640931256671 325.61799862731539 -16.468519275076471  

0 2
1.0532199806991669 2

0 2
1 2

9 0 0 0 0 1 1 2 2 2 2 -12.328164966497777 325.6300358563721 -15.638474598137156  -12.377640931256671 325.61799862731544 -16.468519275076474  
-11.357964155905941 326.03170578645802 -15.719985224043688  -11.405304757397023 326.0207037495818 -16.509302571269473  

0 2
1.0532199806991696 2

0 2
1 2

9 0 0 0 0 1 1 2 2 2 2 -11.357964155905941 326.03170578645802 -15.719985224043688  -11.405304757397023 326.0207037495818 -16.509302571269473  
-10.316810440174907 326.16774398608203 -15.802234091552439  -10.361859514616693 326.157818142059 -16.550460759259824  

0 2
1.0532199806991658 2

0 2
1 2

9 0 0 0 0 1 1 2 2 2 2 -10.316810440174905 326.16774398608203 -15.802234091552439  -10.361859514616691 326.157818142059 -16.550460759259824  
-9.2756567244438699 326.02887967675349 -15.87961607626537  -9.3184142718363603 326.019997685492 -16.58918897655311  

0 2
1.0532199806991658 2

0 2
1 2

9 0 0 0 0 1 1 2 2 2 2 -9.2756567244438699 326.02887967675343 -15.87961607626537  -9.3184142718363621 326.01999768549206 -16.58918897655311  
-8.3054559138520343 325.62457623166893 -15.946857723804069  -8.3460780979767133 325.61663461623681 -16.622847959142199  

0 2
1.0532199806991693 2

0 2
1 2

9 0 0 0 0 1 1 2 2 2 2 -8.3054559138520325 325.62457623166898 -15.946857723804069  -8.3460780979767133 325.61663461623681 -16.622847959142202  
-7.4723255903085883 324.98238626246803 -15.99937662701085  -7.5111140964247847 324.97521746087409 -16.649143902987745  

0 2
1.0532199806991656 2

0 2
1 2

9 0 0 0 0 1 1 2 2 2 2 -7.4723255903085892 324.98238626246803 -15.99937662701085  -7.5111140964247847 324.97521746087409 -16.649143902987742  
-6.8330422085500606 324.1460739542826 -16.033593709423766  -6.8704236840430832 324.13945773854988 -16.666284782972767  

0 2
1.0532199806991656 2

0 2
1 2

9 0 0 0 0 1 1 2 2 2 2 -6.8330422085500606 324.14607395428254 -16.033593709423766  -6.8704236840430823 324.13945773854982 -16.66628478297277  
-6.4311718745775517 323.17263260884397 -16.047177133422775  -6.4676688536444527 323.16631109318229 -16.673102476452943  

0 2
1.0532199806991658 2

0 2
1 2

9 0 0 0 0 1 1 2 2 2 2 -6.4676688536444518 321.07797358282323 -16.6546450165369  -6.4805537222104022 321.07546261030092 -17.369938864568226  
-6.8704236840430815 320.10509946802176 -16.630627708531573  -6.8835297995582314 320.10245778156798 -17.357930030667337  

0 2
1.0532199806991667 2

0 2
1 2

9 0 0 0 0 1 1 2 2 2 2 -6.4676688536444527 323.16631109318229 -16.673102476452939  -6.4805537222104022 323.16386130935973 -17.379164305945473  
-6.3302966813367352 322.1220958604523 -16.669132368884355  -6.343106086688505 322.11965034234379 -17.377181480428227  

0 2
1.0532199806991702 2

0 2
1 2

1 -6.3431060866885058 322.11965034234379 -17.377181480428227 0.019130482194836568 0.0044166198196607066 0.99980724048206482 -0.99981699558018766 8.4507532077523679e-05 0.019130295540947119 -4.2646414828359521e-15 -0.99999024311632445 0.0044174282285508173 
9 0 0 0 0 1 1 2 2 2 2 -6.8704236840430815 320.10509946802176 -16.630627708531573  -6.8835297995582314 320.10245778156792 -17.357930030667337  
-7.5111140964247838 319.26977327922117 -16.598717184718456  -7.5245721650101949 319.26694452725656 -17.341973360910369  

0 2
1.0532199806991671 2

0 2
1 2

9 0 0 0 0 1 1 2 2 2 2 -7.5111140964247838 319.26977327922117 -16.598717184718456  -7.5245721650101949 319.26694452725656 -17.341973360910369  
-8.3460780979767133 318.62892111574644 -16.561088094560784  -8.3599948407333375 318.62586169489714 -17.32315627597162  

0 2
1.0532199806991667 2

0 2
1 2

9 0 0 0 0 1 1 2 2 2 2 -8.3460780979767133 318.62892111574644 -16.56108809456078  -8.3599948407333375 318.6258616948972 -17.32315627597162  
-9.3184142718363603 318.22621599348008 -16.520304798367782  -9.3328651519783783 318.2228980200756 -17.302761129092961  

0 2
1.0532199806991676 2

0 2
1 2

9 0 0 0 0 1 1 2 2 2 2 -9.3184142718363603 318.22621599348008 -16.520304798367782  -9.3328651519783765 318.2228980200756 -17.302761129092961  
-10.361859514616691 318.08910160100288 -16.47914661037743  -10.376883594778169 318.08551481130195 -17.282177815829598  

0 2
1.0532199806991667 2

0 2
1 2

9 0 0 0 0 1 1 2 2 2 2 -12.377640931256671 325.61799862731544 -16.468519275076474  -12.393772348823003 325.61412088374431 -17.276843724028382  
-11.405304757397023 326.0207037495818 -16.509302571269473  -11.42090203757796 326.0170845585659 -17.297238870907041  

0 2
1.0532199806991696 2

0 2
1 2

9 0 0 0 0 1 1 2 2 2 2 -13.212604932808601 324.97714646384065 -16.430890184918798  -13.229195024546145 324.97303805138495 -17.258026639089632  
-12.377640931256671 325.61799862731539 -16.468519275076471  -12.393772348823003 325.61412088374436 -17.276843724028382  

0 2
1.0532199806991669 2

0 2
1 2

9 0 0 0 0 1 1 2 2 2 2 -10.361859514616691 318.08910160100288 -16.47914661037743  -10.376883594778169 318.08551481130189 -17.282177815829598  
-11.405304757397023 318.22692205756988 -16.440418393084144  -11.420902037577962 318.22307450721758 -17.262809054964897  

0 2
1.0532199806991667 2

0 2
1 2

1 0 0 0 0 0 1 1 0 -0 -0 1 0 
9 0 0 0 0 1 1 2 2 2 2 -6.8704236840430823 324.13945773854982 -16.66628478297277  -6.8835297995582323 324.13693425958678 -17.375752214837735  
-6.4676688536444527 323.16631109318229 -16.673102476452943  -6.4805537222104022 323.16386130935973 -17.379164305945473  

0 2
1.0532199806991658 2

0 2
1 2

9 0 0 0 0 1 1 2 2 2 2 -7.5111140964247847 324.97521746087409 -16.649143902987742  -7.5245721650101949 324.97255587954606 -17.367177735475263  
-6.8704236840430832 324.13945773854988 -16.666284782972767  -6.8835297995582323 324.13693425958678 -17.375752214837735  

0 2
1.0532199806991656 2

0 2
1 2

9 0 0 0 0 1 1 2 2 2 2 -8.3460780979767133 325.61663461623681 -16.622847959142202  -8.3599948407333375 325.6137799367674 -17.354025204456608  
-7.5111140964247847 324.97521746087409 -16.649143902987745  -7.5245721650101958 324.97255587954612 -17.367177735475263  

0 2
1.0532199806991656 2

0 2
1 2

9 0 0 0 0 1 1 2 2 2 2 -9.3184142718363621 326.01999768549206 -16.58918897655311  -9.3328651519783783 326.01690807142393 -17.337190945035104  
-8.3460780979767133 325.61663461623681 -16.622847959142199  -8.3599948407333358 325.6137799367674 -17.354025204456608  

0 2
1.0532199806991693 2

0 2
1 2

9 0 0 0 0 1 1 2 2 2 2 -10.361859514616691 326.157818142059 -16.550460759259824  -10.376883594778169 326.15446776733961 -17.317822184170403  
-9.3184142718363603 326.019997685492 -16.58918897655311  -9.3328651519783783 326.01690807142393 -17.337190945035104  

0 2
1.0532199806991658 2

0 2
1 2

9 0 0 0 0 1 1 2 2 2 2 -11.405304757397023 326.0207037495818 -16.509302571269473  -11.420902037577962 326.0170845585659 -17.297238870907041  
-10.361859514616693 326.157818142059 -16.550460759259824  -10.376883594778171 326.15446776733955 -17.317822184170403  

0 2
1.0532199806991658 2

0 2
1 2

9 0 0 0 0 1 1 2 2 2 2 -13.853295345190302 324.14182027504012 -16.398979661105681  -13.870237389998108 324.13752479707352 -17.242069969332665  
-13.212604932808601 324.97714646384071 -16.430890184918798  -13.229195024546145 324.97303805138489 -17.258026639089628  

0 2
1.053219980699166 2

0 2
1 2

9 0 0 0 0 1 1 2 2 2 2 -13.800578671799752 324.15553030165864 -15.499458467571776  -13.853295345190302 324.14182027504012 -16.398979661105681  
-13.161295290041224 324.99010733776868 -15.563257028285697  -13.212604932808601 324.97714646384071 -16.430890184918798  

0 2
1.053219980699166 2

0 2
1 2

9 0 0 0 0 1 1 2 2 2 2 -14.256050175588932 323.16894616023865 -16.374962353100354  -14.273213467345936 323.16451996834058 -17.230061135431775  
-13.853295345190302 324.14182027504012 -16.398979661105681  -13.870237389998108 324.13752479707352 -17.242069969332665  

0 2
1.0532199806991656 2

0 2
1 2

9 0 0 0 0 1 1 2 2 2 2 -14.202449005772259 323.18317979384921 -15.451426682475939  -14.256050175588932 323.16894616023865 -16.374962353100354  
-13.800578671799752 324.15553030165864 -15.499458467571776  -13.853295345190302 324.14182027504012 -16.398979661105681  

0 2
1.0532199806991656 2

0 2
1 2

9 0 0 0 0 1 1 2 2 2 2 -14.393422347896648 322.12482388260958 -16.360475000752899  -14.410661102867833 322.12033223629771 -17.222818519571774  
-14.25605017558893 323.16894616023865 -16.374962353100354  -14.273213467345936 323.16451996834064 -17.230061135431779  

0 2
1.0532199806991676 2

0 2
1 2

9 0 0 0 0 1 1 2 2 2 2 -14.339519492820646 322.13931989456233 -15.422434959776188  -14.393422347896648 322.12482388260958 -16.360475000752899  
-14.202449005772257 323.18317979384921 -15.451426682475937  -14.25605017558893 323.16894616023865 -16.374962353100354  

0 2
1.0532199806991676 2

0 2
1 2

9 0 0 0 0 1 1 2 2 2 2 -14.25605017558893 321.08060864987959 -16.356504893184315  -14.273213467345936 321.07612126928177 -17.220835694054529  
-14.393422347896648 322.12482388260958 -16.360475000752899  -14.410661102867833 322.12033223629771 -17.222818519571774  

0 2
1.0532199806991678 2

0 2
1 2

9 0 0 0 0 1 1 2 2 2 2 -14.202449005772259 321.0950879308744 -15.414459037463429  -14.25605017558893 321.08060864987959 -16.356504893184315  
-14.339519492820648 322.13931989456233 -15.422434959776188  -14.393422347896648 322.12482388260958 -16.360475000752899  

0 2
1.0532199806991678 2

0 2
1 2

9 0 0 0 0 1 1 2 2 2 2 -13.8532953451903 320.10746200451206 -16.363322586664484  -13.870237389998106 320.10304831905472 -17.224247785162266  
-14.25605017558893 321.08060864987959 -16.356504893184312  -14.273213467345935 321.07612126928177 -17.220835694054529  

0 2
1.0532199806991656 2

0 2
1 2

9 0 0 0 0 1 1 2 2 2 2 -13.80057867179975 320.12164658543588 -15.428042461462438  -13.8532953451903 320.10746200451206 -16.363322586664484  
-14.202449005772257 321.09508793087446 -15.414459037463429  -14.25605017558893 321.08060864987959 -16.356504893184312  

0 2
1.0532199806991656 2

0 2
1 2

9 0 0 0 0 1 1 2 2 2 2 -13.212604932808599 319.27170228218779 -16.380463466649513  -13.229195024546144 319.26742669909544 -17.232822264524739  
-13.853295345190302 320.107462004512 -16.363322586664488  -13.870237389998108 320.10304831905472 -17.224247785162266  

0 2
1.0532199806991678 2

0 2
1 2

9 0 0 0 0 1 1 2 2 2 2 -13.16129529004122 319.2853342772504 -15.462259543875351  -13.212604932808599 319.27170228218779 -16.380463466649513  
-13.80057867179975 320.12164658543583 -15.428042461462438  -13.853295345190302 320.107462004512 -16.363322586664488  

0 2
1.0532199806991678 2

0 2
1 2

9 0 0 0 0 1 1 2 2 2 2 -12.377640931256668 318.63028512682507 -16.406759410495052  -12.393772348822999 318.6262026418741 -17.245974795543393  
-13.212604932808597 319.27170228218779 -16.380463466649509  -13.229195024546142 319.26742669909538 -17.232822264524739  

0 2
1.0532199806991673 2

0 2
1 2

9 0 0 0 0 1 1 2 2 2 2 -12.328164966497775 318.64314430804944 -15.514778447082133  -12.377640931256668 318.63028512682507 -16.406759410495052  
-13.16129529004122 319.2853342772504 -15.462259543875351  -13.212604932808597 319.27170228218779 -16.380463466649509  

0 2
1.0532199806991673 2

0 2
1 2

9 0 0 0 0 1 1 2 2 2 2 -11.405304757397023 318.22692205756982 -16.440418393084144  -11.420902037577962 318.22307450721758 -17.262809054964897  
-12.37764093125667 318.63028512682507 -16.406759410495056  -12.393772348823001 318.6262026418741 -17.245974795543393  

0 2
1.0532199806991667 2

0 2
1 2

9 0 0 0 0 1 1 2 2 2 2 -11.357964155905941 318.23884086296499 -15.582020094620832  -11.405304757397023 318.22692205756982 -16.440418393084144  
-12.328164966497775 318.6431443080495 -15.514778447082133  -12.37764093125667 318.63028512682507 -16.406759410495056  

0 2
1.0532199806991667 2

0 2
1 2

Triangulations 0

TShapes 1252
Ve
1e-07
4.03451584232061 0 0
0 0

0101101
*
Ve
1e-07
3.89704304866987 1.04420953776041 0
0 0

0101101
*
Ed
 1e-07 1 1 0
1  1 0 0 1.05321998069917
2  1 1 2 0 1.05321998069917
4 C0 1 2 2 2
0

0101000
+1252 0 -1251 0 *
Ve
1e-07
3.89704304866987 1.04420953776041 0
0 0

0101101
*
Ed
 1e-07 1 1 0
1  2 0 0 1
2  2 1 0 0 1
2  3 3 0 0 1
4 C0 1 0 3 0
0

0101000
+1251 1 -1249 3 *
Ve
1e-07
4.03451584232061 0 0
0 0

0101101
*
Ed
 1e-07 1 1 0
1  3 0 0 1.05321998069917
2  4 1 4 0 1.05321998069917
2  5 4 4 0 1.05321998069917
4 C0 1 4 4 4
0

0101000
+1247 0 -1249 0 *
Ed
 1e-07 1 1 0
1  4 0 0 1
2  6 1 0 0 1
2  7 5 0 0 1
4 C0 1 0 5 0
0

0101000
+1252 1 -1247 3 *
Wi

0101000
+1250 1 +1248 0 -1246 3 -1245 0 *
Fa
0  1e-07 1 0

0101000
+1244 0 *
Ve
1e-07
3.49399321142042 2.01725792116031 0
0 0

0101101
*
Ed
 1e-07 1 1 0
1  5 0 0 1.05321998069917
2  8 3 2 0 1.05321998069917
4 C0 3 2 2 2
0

0101000
+1251 0 -1242 0 *
Ve
1e-07
2.85283351090946 2.85283351090946 0
0 0

0101101
*
Ed
 1e-07 1 1 0
1  6 0 0 1.05321998069917
2  9 6 2 0 1.05321998069917
4 C0 6 2 2 2
0

0101000
+1242 0 -1240 0 *
Ve
1e-07
2.01725792116031 3.49399321142042 0
0 0

0101101
*
Ed
 1e-07 1 1 0
1  7 0 0 1.05321998069917
2  10 7 2 0 1.05321998069917
4 C0 7 2 2 2
0

0101000
+1240 0 -1238 0 *
Ve
1e-07
1.04420953776041 3.89704304866987 0
0 0

0101101
*
Ed
 1e-07 1 1 0
1  8 0 0 1.05321998069917
2  11 8 2 0 1.05321998069917
4 C0 8 2 2 2
0

0101000
+1238 0 -1236 0 *
Ve
1e-07
2.47042845620361e-16 4.03451584232061 0
0 0

0101101
*
Ed
 1e-07 1 1 0
1  9 0 0 1.05321998069917
2  12 9 2 0 1.05321998069917
4 C0 9 2 2 2
0

0101000
+1236 0 -1234 0 *
Ve
1e-07
-1.04420953776041 3.89704304866987 0
0 0

0101101
*
Ed
 1e-07 1 1 0
1  10 0 0 1.05321998069917
2  13 10 2 0 1.05321998069917
4 C0 10 2 2 2
0

0101000
+1234 0 -1232 0 *
Ve
1e-07
-2.0172579211603 3.49399321142042 0
0 0

0101101
*
Ed
 1e-07 1 1 0
1  11 0 0 1.05321998069917
2  14 11 2 0 1.05321998069917
4 C0 11 2 2 2
0

0101000
+1232 0 -1230 0 *
Ve
1e-07
-2.85283351090946 2.85283351090946 0
0 0

0101101
*
Ed
 1e-07 1 1 0
1  12 0 0 1.05321998069917
2  15 12 2 0 1.05321998069917
4 C0 12 2 2 2
0

0101000
+1230 0 -1228 0 *
Ve
1e-07
-3.49399321142042 2.01725792116031 0
0 0

0101101
*
Ed
 1e-07 1 1 0
1  13 0 0 1.05321998069917
2  16 13 2 0 1.05321998069917
4 C0 13 2 2 2
0

0101000
+1228 0 -1226 0 *
Ve
1e-07
-3.89704304866987 1.04420953776041 0
0 0

0101101
*
Ed
 1e-07 1 1 0
1  14 0 0 1.05321998069917
2  17 14 2 0 1.05321998069917
4 C0 14 2 2 2
0

0101000
+1226 0 -1224 0 *
Ve
1e-07
-4.03451584232061 4.94085691240722e-16 0
0 0

0101101
*
Ed
 1e-07 1 1 0
1  15 0 0 1.05321998069917
2  18 15 2 0 1.05321998069917
4 C0 15 2 2 2
0

0101000
+1224 0 -1222 0 *
Ve
1e-07
-3.89704304866987 -1.04420953776041 0
0 0

0101101
*
Ed
 1e-07 1 1 0
1  16 0 0 1.05321998069917
2  19 16 2 0 1.05321998069917
4 C0 16 2 2 2
0

0101000
+1222 0 -1220 0 *
Ve
1e-07
-3.49399321142042 -2.0172579211603 0
0 0

0101101
*
Ed
 1e-07 1 1 0
1  17 0 0 1.05321998069917
2  20 17 2 0 1.05321998069917
4 C0 17 2 2 2
0

0101000
+1220 0 -1218 0 *
Ve
1e-07
-2.85283351090946 -2.85283351090946 0
0 0

0101101
*
Ed
 1e-07 1 1 0
1  18 0 0 1.05321998069917
2  21 18 2 0 1.05321998069917
4 C0 18 2 2 2
0

0101000
+1218 0 -1216 0 *
Ve
1e-07
-2.01725792116031 -3.49399321142042 0
0 0

0101101
*
Ed
 1e-07 1 1 0
1  19 0 0 1.05321998069917
2  22 19 2 0 1.05321998069917
4 C0 19 2 2 2
0

0101000
+1216 0 -1214 0 *
Ve
1e-07
-1.04420953776041 -3.89704304866987 0
0 0

0101101
*
Ed
 1e-07 1 1 0
1  20 0 0 1.05321998069917
2  23 20 2 0 1.05321998069917
4 C0 20 2 2 2
0

0101000
+1214 0 -1212 0 *
Ve
1e-07
-7.41128536861084e-16 -4.03451584232061 0
0 0

0101101
*
Ed
 1e-07 1 1 0
1  21 0 0 1.05321998069917
2  24 21 2 0 1.05321998069917
4 C0 21 2 2 2
0

0101000
+1212 0 -1210 0 *
Ve
1e-07
1.04420953776041 -3.89704304866987 0
0 0

0101101
*
Ed
 1e-07 1 1 0
1  22 0 0 1.05321998069917
2  25 22 2 0 1.05321998069917
4 C0 22 2 2 2
0

0101000
+1210 0 -1208 0 *
Ve
1e-07
2.01725792116031 -3.49399321142042 0
0 0

0101101
*
Ed
 1e-07 1 1 0
1  23 0 0 1.05321998069917
2  26 23 2 0 1.05321998069917
4 C0 23 2 2 2
0

0101000
+1208 0 -1206 0 *
Ve
1e-07
2.85283351090946 -2.85283351090946 0
0 0

0101101
*
Ed
 1e-07 1 1 0
1  24 0 0 1.05321998069917
2  27 24 2 0 1.05321998069917
4 C0 24 2 2 2
0

0101000
+1206 0 -1204 0 *
Ve
1e-07
3.49399321142042 -2.01725792116031 0
0 0

0101101
*
Ed
 1e-07 1 1 0
1  25 0 0 1.05321998069917
2  28 25 2 0 1.05321998069917
4 C0 25 2 2 2
0

0101000
+1204 0 -1202 0 *
Ve
1e-07
3.89704304866987 -1.04420953776042 0
0 0

0101101
*
Ed
 1e-07 1 1 0
1  26 0 0 1.05321998069917
2  29 26 2 0 1.05321998069917
4 C0 26 2 2 2
0

0101000
+1202 0 -1200 0 *
Ed
 1e-07 1 1 0
1  27 0 0 1.05321998069917
2  30 5 2 0 1.05321998069917
4 C0 5 2 2 2
0

0101000
+1200 0 -1252 0 *
Wi

0101100
+1250 0 +1241 0 +1239 0 +1237 0 +1235 0 +1233 0 +1231 0 +1229 0 +1227 0 +1225 0 
+1223 0 +1221 0 +1219 0 +1217 0 +1215 0 +1213 0 +1211 0 +1209 0 +1207 0 +1205 0 
+1203 0 +1201 0 +1199 0 +1198 0 *
Fa
0  1e-07 2 0

0101000
+1197 1 *
Ve
1e-07
3.49399321142042 2.01725792116031 0
0 0

0101101
*
Ed
 1e-07 1 1 0
1  28 0 0 1
2  31 3 0 0 1
2  32 6 0 0 1
4 C0 3 0 6 0
0

0101000
+1242 1 -1195 3 *
Ed
 1e-07 1 1 0
1  29 0 0 1.05321998069917
2  33 3 4 0 1.05321998069917
2  34 27 4 0 1.05321998069917
4 C0 3 4 27 4
0

0101000
+1249 0 -1195 0 *
Wi

0101000
+1241 1 +1194 0 -1193 3 -1248 0 *
Fa
0  1e-07 3 0

0101000
+1192 0 *
Ve
1e-07
3.89704304866987 1.04420953776041 0
0 0

0101101
*
Ed
 1e-07 1 1 0
1  30 0 0 1
2  35 4 0 0 1
2  36 27 0 0 1
4 C0 4 0 27 0
0

0101000
+1249 3 -1190 5 *
Ve
1e-07
4.03451584232061 0 0
0 0

0101101
*
Ed
 1e-07 1 1 0
1  31 0 0 1.05321998069917
2  37 4 6 0 1.05321998069917
2  38 28 6 0 1.05321998069917
4 C0 4 6 28 6
0

0101000
+1188 0 -1190 0 *
Ed
 1e-07 1 1 0
1  32 0 0 1
2  39 4 0 0 1
2  40 29 0 0 1
4 C0 4 0 29 0
0

0101000
+1247 3 -1188 5 *
Wi

0101000
+1246 3 +1189 0 -1187 5 -1186 0 *
Fa
0  1e-07 4 0

0101000
+1185 0 *
Ve
1e-07
3.89704304866987 -1.04420953776042 0
0 0

0101101
*
Ed
 1e-07 1 1 0
1  33 0 0 1.05321998069917
2  41 5 4 0 1.05321998069917
2  42 29 4 0 1.05321998069917
4 C0 5 4 29 4
0

0101000
+1183 0 -1247 0 *
Ed
 1e-07 1 1 0
1  34 0 0 1
2  43 26 0 0 1
2  44 5 0 0 1
4 C0 26 0 5 0
0

0101000
+1200 1 -1183 3 *
Wi

0101000
+1198 1 +1245 0 -1182 3 -1181 0 *
Fa
0  1e-07 5 0

0101000
+1180 0 *
Ve
1e-07
2.85283351090946 2.85283351090946 0
0 0

0101101
*
Ed
 1e-07 1 1 0
1  35 0 0 1
2  45 6 0 0 1
2  46 7 0 0 1
4 C0 6 0 7 0
0

0101000
+1240 1 -1178 3 *
Ed
 1e-07 1 1 0
1  36 0 0 1.05321998069917
2  47 6 4 0 1.05321998069917
2  48 30 4 0 1.05321998069917
4 C0 6 4 30 4
0

0101000
+1195 0 -1178 0 *
Wi

0101000
+1239 1 +1177 0 -1176 3 -1194 0 *
Fa
0  1e-07 6 0

0101000
+1175 0 *
Ve
1e-07
2.01725792116031 3.49399321142042 0
0 0

0101101
*
Ed
 1e-07 1 1 0
1  37 0 0 1
2  49 7 0 0 1
2  50 8 0 0 1
4 C0 7 0 8 0
0

0101000
+1238 1 -1173 3 *
Ed
 1e-07 1 1 0
1  38 0 0 1.05321998069917
2  51 7 4 0 1.05321998069917
2  52 31 4 0 1.05321998069917
4 C0 7 4 31 4
0

0101000
+1178 0 -1173 0 *
Wi

0101000
+1237 1 +1172 0 -1171 3 -1177 0 *
Fa
0  1e-07 7 0

0101000
+1170 0 *
Ve
1e-07
1.04420953776041 3.89704304866987 0
0 0

0101101
*
Ed
 1e-07 1 1 0
1  39 0 0 1
2  53 8 0 0 1
2  54 9 0 0 1
4 C0 8 0 9 0
0

0101000
+1236 1 -1168 3 *
Ed
 1e-07 1 1 0
1  40 0 0 1.05321998069917
2  55 8 4 0 1.05321998069917
2  56 32 4 0 1.05321998069917
4 C0 8 4 32 4
0

0101000
+1173 0 -1168 0 *
Wi

0101000
+1235 1 +1167 0 -1166 3 -1172 0 *
Fa
0  1e-07 8 0

0101000
+1165 0 *
Ve
1e-07
2.47042845620361e-16 4.03451584232061 0
0 0

0101101
*
Ed
 1e-07 1 1 0
1  41 0 0 1
2  57 9 0 0 1
2  58 10 0 0 1
4 C0 9 0 10 0
0

0101000
+1234 1 -1163 3 *
Ed
 1e-07 1 1 0
1  42 0 0 1.05321998069917
2  59 9 4 0 1.05321998069917
2  60 33 4 0 1.05321998069917
4 C0 9 4 33 4
0

0101000
+1168 0 -1163 0 *
Wi

0101000
+1233 1 +1162 0 -1161 3 -1167 0 *
Fa
0  1e-07 9 0

0101000
+1160 0 *
Ve
1e-07
-1.04420953776041 3.89704304866987 0
0 0

0101101
*
Ed
 1e-07 1 1 0
1  43 0 0 1
2  61 10 0 0 1
2  62 11 0 0 1
4 C0 10 0 11 0
0

0101000
+1232 1 -1158 3 *
Ed
 1e-07 1 1 0
1  44 0 0 1.05321998069917
2  63 10 4 0 1.05321998069917
2  64 34 4 0 1.05321998069917
4 C0 10 4 34 4
0

0101000
+1163 0 -1158 0 *
Wi

0101000
+1231 1 +1157 0 -1156 3 -1162 0 *
Fa
0  1e-07 10 0

0101000
+1155 0 *
Ve
1e-07
-2.0172579211603 3.49399321142042 0
0 0

0101101
*
Ed
 1e-07 1 1 0
1  45 0 0 1
2  65 11 0 0 1
2  66 12 0 0 1
4 C0 11 0 12 0
0

0101000
+1230 1 -1153 3 *
Ed
 1e-07 1 1 0
1  46 0 0 1.05321998069917
2  67 11 4 0 1.05321998069917
2  68 35 4 0 1.05321998069917
4 C0 11 4 35 4
0

0101000
+1158 0 -1153 0 *
Wi

0101000
+1229 1 +1152 0 -1151 3 -1157 0 *
Fa
0  1e-07 11 0

0101000
+1150 0 *
Ve
1e-07
-2.85283351090946 2.85283351090946 0
0 0

0101101
*
Ed
 1e-07 1 1 0
1  47 0 0 1
2  69 12 0 0 1
2  70 13 0 0 1
4 C0 12 0 13 0
0

0101000
+1228 1 -1148 3 *
Ed
 1e-07 1 1 0
1  48 0 0 1.05321998069917
2  71 12 4 0 1.05321998069917
2  72 36 4 0 1.05321998069917
4 C0 12 4 36 4
0

0101000
+1153 0 -1148 0 *
Wi

0101000
+1227 1 +1147 0 -1146 3 -1152 0 *
Fa
0  1e-07 12 0

0101000
+1145 0 *
Ve
1e-07
-3.49399321142042 2.01725792116031 0
0 0

0101101
*
Ed
 1e-07 1 1 0
1  49 0 0 1
2  73 13 0 0 1
2  74 14 0 0 1
4 C0 13 0 14 0
0

0101000
+1226 1 -1143 3 *
Ed
 1e-07 1 1 0
1  50 0 0 1.05321998069917
2  75 13 4 0 1.05321998069917
2  76 37 4 0 1.05321998069917
4 C0 13 4 37 4
0

0101000
+1148 0 -1143 0 *
Wi

0101000
+1225 1 +1142 0 -1141 3 -1147 0 *
Fa
0  1e-07 13 0

0101000
+1140 0 *
Ve
1e-07
-3.89704304866987 1.04420953776041 0
0 0

0101101
*
Ed
 1e-07 1 1 0
1  51 0 0 1
2  77 14 0 0 1
2  78 15 0 0 1
4 C0 14 0 15 0
0

0101000
+1224 1 -1138 3 *
Ed
 1e-07 1 1 0
1  52 0 0 1.05321998069917
2  79 14 4 0 1.05321998069917
2  80 38 4 0 1.05321998069917
4 C0 14 4 38 4
0

0101000
+1143 0 -1138 0 *
Wi

0101000
+1223 1 +1137 0 -1136 3 -1142 0 *
Fa
0  1e-07 14 0

0101000
+1135 0 *
Ve
1e-07
-4.03451584232061 4.94085691240722e-16 0
0 0

0101101
*
Ed
 1e-07 1 1 0
1  53 0 0 1
2  81 15 0 0 1
2  82 16 0 0 1
4 C0 15 0 16 0
0

0101000
+1222 1 -1133 3 *
Ed
 1e-07 1 1 0
1  54 0 0 1.05321998069917
2  83 15 4 0 1.05321998069917
2  84 39 4 0 1.05321998069917
4 C0 15 4 39 4
0

0101000
+1138 0 -1133 0 *
Wi

0101000
+1221 1 +1132 0 -1131 3 -1137 0 *
Fa
0  1e-07 15 0

0101000
+1130 0 *
Ve
1e-07
-3.89704304866987 -1.04420953776041 0
0 0

0101101
*
Ed
 1e-07 1 1 0
1  55 0 0 1
2  85 16 0 0 1
2  86 17 0 0 1
4 C0 16 0 17 0
0

0101000
+1220 1 -1128 3 *
Ed
 1e-07 1 1 0
1  56 0 0 1.05321998069917
2  87 16 4 0 1.05321998069917
2  88 40 4 0 1.05321998069917
4 C0 16 4 40 4
0

0101000
+1133 0 -1128 0 *
Wi

0101000
+1219 1 +1127 0 -1126 3 -1132 0 *
Fa
0  1e-07 16 0

0101000
+1125 0 *
Ve
1e-07
-3.49399321142042 -2.0172579211603 0
0 0

0101101
*
Ed
 1e-07 1 1 0
1  57 0 0 1
2  89 17 0 0 1
2  90 18 0 0 1
4 C0 17 0 18 0
0

0101000
+1218 1 -1123 3 *
Ed
 1e-07 1 1 0
1  58 0 0 1.05321998069917
2  91 17 4 0 1.05321998069917
2  92 41 4 0 1.05321998069917
4 C0 17 4 41 4
0

0101000
+1128 0 -1123 0 *
Wi

0101000
+1217 1 +1122 0 -1121 3 -1127 0 *
Fa
0  1e-07 17 0

0101000
+1120 0 *
Ve
1e-07
-2.85283351090946 -2.85283351090946 0
0 0

0101101
*
Ed
 1e-07 1 1 0
1  59 0 0 1
2  93 18 0 0 1
2  94 19 0 0 1
4 C0 18 0 19 0
0

0101000
+1216 1 -1118 3 *
Ed
 1e-07 1 1 0
1  60 0 0 1.05321998069917
2  95 18 4 0 1.05321998069917
2  96 42 4 0 1.05321998069917
4 C0 18 4 42 4
0

0101000
+1123 0 -1118 0 *
Wi

0101000
+1215 1 +1117 0 -1116 3 -1122 0 *
Fa
0  1e-07 18 0

0101000
+1115 0 *
Ve
1e-07
-2.01725792116031 -3.49399321142042 0
0 0

0101101
*
Ed
 1e-07 1 1 0
1  61 0 0 1
2  97 19 0 0 1
2  98 20 0 0 1
4 C0 19 0 20 0
0

0101000
+1214 1 -1113 3 *
Ed
 1e-07 1 1 0
1  62 0 0 1.05321998069917
2  99 19 4 0 1.05321998069917
2  100 43 4 0 1.05321998069917
4 C0 19 4 43 4
0

0101000
+1118 0 -1113 0 *
Wi

0101000
+1213 1 +1112 0 -1111 3 -1117 0 *
Fa
0  1e-07 19 0

0101000
+1110 0 *
Ve
1e-07
-1.04420953776041 -3.89704304866987 0
0 0

0101101
*
Ed
 1e-07 1 1 0
1  63 0 0 1
2  101 20 0 0 1
2  102 21 0 0 1
4 C0 20 0 21 0
0

0101000
+1212 1 -1108 3 *
Ed
 1e-07 1 1 0
1  64 0 0 1.05321998069917
2  103 20 4 0 1.05321998069917
2  104 44 4 0 1.05321998069917
4 C0 20 4 44 4
0

0101000
+1113 0 -1108 0 *
Wi

0101000
+1211 1 +1107 0 -1106 3 -1112 0 *
Fa
0  1e-07 20 0

0101000
+1105 0 *
Ve
1e-07
-7.41128536861084e-16 -4.03451584232061 0
0 0

0101101
*
Ed
 1e-07 1 1 0
1  65 0 0 1
2  105 21 0 0 1
2  106 22 0 0 1
4 C0 21 0 22 0
0

0101000
+1210 1 -1103 3 *
Ed
 1e-07 1 1 0
1  66 0 0 1.05321998069917
2  107 21 4 0 1.05321998069917
2  108 45 4 0 1.05321998069917
4 C0 21 4 45 4
0

0101000
+1108 0 -1103 0 *
Wi

0101000
+1209 1 +1102 0 -1101 3 -1107 0 *
Fa
0  1e-07 21 0

0101000
+1100 0 *
Ve
1e-07
1.04420953776041 -3.89704304866987 0
0 0

0101101
*
Ed
 1e-07 1 1 0
1  67 0 0 1
2  109 22 0 0 1
2  110 23 0 0 1
4 C0 22 0 23 0
0

0101000
+1208 1 -1098 3 *
Ed
 1e-07 1 1 0
1  68 0 0 1.05321998069917
2  111 22 4 0 1.05321998069917
2  112 46 4 0 1.05321998069917
4 C0 22 4 46 4
0

0101000
+1103 0 -1098 0 *
Wi

0101000
+1207 1 +1097 0 -1096 3 -1102 0 *
Fa
0  1e-07 22 0

0101000
+1095 0 *
Ve
1e-07
2.01725792116031 -3.49399321142042 0
0 0

0101101
*
Ed
 1e-07 1 1 0
1  69 0 0 1
2  113 23 0 0 1
2  114 24 0 0 1
4 C0 23 0 24 0
0

0101000
+1206 1 -1093 3 *
Ed
 1e-07 1 1 0
1  70 0 0 1.05321998069917
2  115 23 4 0 1.05321998069917
2  116 47 4 0 1.05321998069917
4 C0 23 4 47 4
0

0101000
+1098 0 -1093 0 *
Wi

0101000
+1205 1 +1092 0 -1091 3 -1097 0 *
Fa
0  1e-07 23 0

0101000
+1090 0 *
Ve
1e-07
2.85283351090946 -2.85283351090946 0
0 0

0101101
*
Ed
 1e-07 1 1 0
1  71 0 0 1
2  117 24 0 0 1
2  118 25 0 0 1
4 C0 24 0 25 0
0

0101000
+1204 1 -1088 3 *
Ed
 1e-07 1 1 0
1  72 0 0 1.05321998069917
2  119 24 4 0 1.05321998069917
2  120 48 4 0 1.05321998069917
4 C0 24 4 48 4
0

0101000
+1093 0 -1088 0 *
Wi

0101000
+1203 1 +1087 0 -1086 3 -1092 0 *
Fa
0  1e-07 24 0

0101000
+1085 0 *
Ve
1e-07
3.49399321142042 -2.01725792116031 0
0 0

0101101
*
Ed
 1e-07 1 1 0
1  73 0 0 1
2  121 25 0 0 1
2  122 26 0 0 1
4 C0 25 0 26 0
0

0101000
+1202 1 -1083 3 *
Ed
 1e-07 1 1 0
1  74 0 0 1.05321998069917
2  123 25 4 0 1.05321998069917
2  124 49 4 0 1.05321998069917
4 C0 25 4 49 4
0

0101000
+1088 0 -1083 0 *
Wi

0101000
+1201 1 +1082 0 -1081 3 -1087 0 *
Fa
0  1e-07 25 0

0101000
+1080 0 *
Ed
 1e-07 1 1 0
1  75 0 0 1.05321998069917
2  125 26 4 0 1.05321998069917
2  126 50 4 0 1.05321998069917
4 C0 26 4 50 4
0

0101000
+1083 0 -1183 0 *
Wi

0101000
+1199 1 +1181 0 -1078 3 -1082 0 *
Fa
0  1e-07 26 0

0101000
+1077 0 *
Ve
1e-07
3.49399321142042 2.01725792116031 0
0 0

0101101
*
Ed
 1e-07 1 1 0
1  76 0 0 1
2  127 27 0 0 1
2  128 30 0 0 1
4 C0 27 0 30 0
0

0101000
+1195 3 -1075 5 *
Ed
 1e-07 1 1 0
1  77 0 0 1.05321998069917
2  129 27 6 0 1.05321998069917
2  130 51 6 0 1.05321998069917
4 C0 27 6 51 6
0

0101000
+1190 0 -1075 0 *
Wi

0101000
+1193 3 +1074 0 -1073 5 -1189 0 *
Fa
0  1e-07 27 0

0101000
+1072 0 *
Ve
1e-07
3.89704304866987 1.04420953776041 0
0 0

0101101
*
Ed
 1e-07 1 1 0
1  78 0 0 1
2  131 28 0 0 1
2  132 51 0 0 1
4 C0 28 0 51 0
0

0101000
+1190 5 -1070 7 *
Ve
1e-07
4.03451584232061 0 0
0 0

0101101
*
Ed
 1e-07 1 1 0
1  79 0 0 1.05321998069917
2  133 28 8 0 1.05321998069917
2  134 52 8 0 1.05321998069917
4 C0 28 8 52 8
0

0101000
+1068 0 -1070 0 *
Ed
 1e-07 1 1 0
1  80 0 0 1
2  135 28 0 0 1
2  136 53 0 0 1
4 C0 28 0 53 0
0

0101000
+1188 5 -1068 7 *
Wi

0101000
+1187 5 +1069 0 -1067 7 -1066 0 *
Fa
0  1e-07 28 0

0101000
+1065 0 *
Ve
1e-07
3.89704304866987 -1.04420953776042 0
0 0

0101101
*
Ed
 1e-07 1 1 0
1  81 0 0 1.05321998069917
2  137 29 6 0 1.05321998069917
2  138 53 6 0 1.05321998069917
4 C0 29 6 53 6
0

0101000
+1063 0 -1188 0 *
Ed
 1e-07 1 1 0
1  82 0 0 1
2  139 50 0 0 1
2  140 29 0 0 1
4 C0 50 0 29 0
0

0101000
+1183 3 -1063 5 *
Wi

0101000
+1182 3 +1186 0 -1062 5 -1061 0 *
Fa
0  1e-07 29 0

0101000
+1060 0 *
Ve
1e-07
2.85283351090946 2.85283351090946 0
0 0

0101101
*
Ed
 1e-07 1 1 0
1  83 0 0 1
2  141 30 0 0 1
2  142 31 0 0 1
4 C0 30 0 31 0
0

0101000
+1178 3 -1058 5 *
Ed
 1e-07 1 1 0
1  84 0 0 1.05321998069917
2  143 30 6 0 1.05321998069917
2  144 54 6 0 1.05321998069917
4 C0 30 6 54 6
0

0101000
+1075 0 -1058 0 *
Wi

0101000
+1176 3 +1057 0 -1056 5 -1074 0 *
Fa
0  1e-07 30 0

0101000
+1055 0 *
Ve
1e-07
2.01725792116031 3.49399321142042 0
0 0

0101101
*
Ed
 1e-07 1 1 0
1  85 0 0 1
2  145 31 0 0 1
2  146 32 0 0 1
4 C0 31 0 32 0
0

0101000
+1173 3 -1053 5 *
Ed
 1e-07 1 1 0
1  86 0 0 1.05321998069917
2  147 31 6 0 1.05321998069917
2  148 55 6 0 1.05321998069917
4 C0 31 6 55 6
0

0101000
+1058 0 -1053 0 *
Wi

0101000
+1171 3 +1052 0 -1051 5 -1057 0 *
Fa
0  1e-07 31 0

0101000
+1050 0 *
Ve
1e-07
1.04420953776041 3.89704304866987 0
0 0

0101101
*
Ed
 1e-07 1 1 0
1  87 0 0 1
2  149 32 0 0 1
2  150 33 0 0 1
4 C0 32 0 33 0
0

0101000
+1168 3 -1048 5 *
Ed
 1e-07 1 1 0
1  88 0 0 1.05321998069917
2  151 32 6 0 1.05321998069917
2  152 56 6 0 1.05321998069917
4 C0 32 6 56 6
0

0101000
+1053 0 -1048 0 *
Wi

0101000
+1166 3 +1047 0 -1046 5 -1052 0 *
Fa
0  1e-07 32 0

0101000
+1045 0 *
Ve
1e-07
2.47042845620361e-16 4.03451584232061 0
0 0

0101101
*
Ed
 1e-07 1 1 0
1  89 0 0 1
2  153 33 0 0 1
2  154 34 0 0 1
4 C0 33 0 34 0
0

0101000
+1163 3 -1043 5 *
Ed
 1e-07 1 1 0
1  90 0 0 1.05321998069917
2  155 33 6 0 1.05321998069917
2  156 57 6 0 1.05321998069917
4 C0 33 6 57 6
0

0101000
+1048 0 -1043 0 *
Wi

0101000
+1161 3 +1042 0 -1041 5 -1047 0 *
Fa
0  1e-07 33 0

0101000
+1040 0 *
Ve
1e-07
-1.04420953776041 3.89704304866987 0
0 0

0101101
*
Ed
 1e-07 1 1 0
1  91 0 0 1
2  157 34 0 0 1
2  158 35 0 0 1
4 C0 34 0 35 0
0

0101000
+1158 3 -1038 5 *
Ed
 1e-07 1 1 0
1  92 0 0 1.05321998069917
2  159 34 6 0 1.05321998069917
2  160 58 6 0 1.05321998069917
4 C0 34 6 58 6
0

0101000
+1043 0 -1038 0 *
Wi

0101000
+1156 3 +1037 0 -1036 5 -1042 0 *
Fa
0  1e-07 34 0

0101000
+1035 0 *
Ve
1e-07
-2.0172579211603 3.49399321142042 0
0 0

0101101
*
Ed
 1e-07 1 1 0
1  93 0 0 1
2  161 35 0 0 1
2  162 36 0 0 1
4 C0 35 0 36 0
0

0101000
+1153 3 -1033 5 *
Ed
 1e-07 1 1 0
1  94 0 0 1.05321998069917
2  163 35 6 0 1.05321998069917
2  164 59 6 0 1.05321998069917
4 C0 35 6 59 6
0

0101000
+1038 0 -1033 0 *
Wi

0101000
+1151 3 +1032 0 -1031 5 -1037 0 *
Fa
0  1e-07 35 0

0101000
+1030 0 *
Ve
1e-07
-2.85283351090946 2.85283351090946 0
0 0

0101101
*
Ed
 1e-07 1 1 0
1  95 0 0 1
2  165 36 0 0 1
2  166 37 0 0 1
4 C0 36 0 37 0
0

0101000
+1148 3 -1028 5 *
Ed
 1e-07 1 1 0
1  96 0 0 1.05321998069917
2  167 36 6 0 1.05321998069917
2  168 60 6 0 1.05321998069917
4 C0 36 6 60 6
0

0101000
+1033 0 -1028 0 *
Wi

0101000
+1146 3 +1027 0 -1026 5 -1032 0 *
Fa
0  1e-07 36 0

0101000
+1025 0 *
Ve
1e-07
-3.49399321142042 2.01725792116031 0
0 0

0101101
*
Ed
 1e-07 1 1 0
1  97 0 0 1
2  169 37 0 0 1
2  170 38 0 0 1
4 C0 37 0 38 0
0

0101000
+1143 3 -1023 5 *
Ed
 1e-07 1 1 0
1  98 0 0 1.05321998069917
2  171 37 6 0 1.05321998069917
2  172 61 6 0 1.05321998069917
4 C0 37 6 61 6
0

0101000
+1028 0 -1023 0 *
Wi

0101000
+1141 3 +1022 0 -1021 5 -1027 0 *
Fa
0  1e-07 37 0

0101000
+1020 0 *
Ve
1e-07
-3.89704304866987 1.04420953776041 0
0 0

0101101
*
Ed
 1e-07 1 1 0
1  99 0 0 1
2  173 38 0 0 1
2  174 39 0 0 1
4 C0 38 0 39 0
0

0101000
+1138 3 -1018 5 *
Ed
 1e-07 1 1 0
1  100 0 0 1.05321998069917
2  175 38 6 0 1.05321998069917
2  176 62 6 0 1.05321998069917
4 C0 38 6 62 6
0

0101000
+1023 0 -1018 0 *
Wi

0101000
+1136 3 +1017 0 -1016 5 -1022 0 *
Fa
0  1e-07 38 0

0101000
+1015 0 *
Ve
1e-07
-4.03451584232061 4.94085691240722e-16 0
0 0

0101101
*
Ed
 1e-07 1 1 0
1  101 0 0 1
2  177 39 0 0 1
2  178 40 0 0 1
4 C0 39 0 40 0
0

0101000
+1133 3 -1013 5 *
Ed
 1e-07 1 1 0
1  102 0 0 1.05321998069917
2  179 39 6 0 1.05321998069917
2  180 63 6 0 1.05321998069917
4 C0 39 6 63 6
0

0101000
+1018 0 -1013 0 *
Wi

0101000
+1131 3 +1012 0 -1011 5 -1017 0 *
Fa
0  1e-07 39 0

0101000
+1010 0 *
Ve
1e-07
-3.89704304866987 -1.04420953776041 0
0 0

0101101
*
Ed
 1e-07 1 1 0
1  103 0 0 1
2  181 40 0 0 1
2  182 41 0 0 1
4 C0 40 0 41 0
0

0101000
+1128 3 -1008 5 *
Ed
 1e-07 1 1 0
1  104 0 0 1.05321998069917
2  183 40 6 0 1.05321998069917
2  184 64 6 0 1.05321998069917
4 C0 40 6 64 6
0

0101000
+1013 0 -1008 0 *
Wi

0101000
+1126 3 +1007 0 -1006 5 -1012 0 *
Fa
0  1e-07 40 0

0101000
+1005 0 *
Ve
1e-07
-3.49399321142042 -2.0172579211603 0
0 0

0101101
*
Ed
 1e-07 1 1 0
1  105 0 0 1
2  185 41 0 0 1
2  186 42 0 0 1
4 C0 41 0 42 0
0

0101000
+1123 3 -1003 5 *
Ed
 1e-07 1 1 0
1  106 0 0 1.05321998069917
2  187 41 6 0 1.05321998069917
2  188 65 6 0 1.05321998069917
4 C0 41 6 65 6
0

0101000
+1008 0 -1003 0 *
Wi

0101000
+1121 3 +1002 0 -1001 5 -1007 0 *
Fa
0  1e-07 41 0

0101000
+1000 0 *
Ve
1e-07
-2.85283351090946 -2.85283351090946 0
0 0

0101101
*
Ed
 1e-07 1 1 0
1  107 0 0 1
2  189 42 0 0 1
2  190 43 0 0 1
4 C0 42 0 43 0
0

0101000
+1118 3 -998 5 *
Ed
 1e-07 1 1 0
1  108 0 0 1.05321998069917
2  191 42 6 0 1.05321998069917
2  192 66 6 0 1.05321998069917
4 C0 42 6 66 6
0

0101000
+1003 0 -998 0 *
Wi

0101000
+1116 3 +997 0 -996 5 -1002 0 *
Fa
0  1e-07 42 0

0101000
+995 0 *
Ve
1e-07
-2.01725792116031 -3.49399321142042 0
0 0

0101101
*
Ed
 1e-07 1 1 0
1  109 0 0 1
2  193 43 0 0 1
2  194 44 0 0 1
4 C0 43 0 44 0
0

0101000
+1113 3 -993 5 *
Ed
 1e-07 1 1 0
1  110 0 0 1.05321998069917
2  195 43 6 0 1.05321998069917
2  196 67 6 0 1.05321998069917
4 C0 43 6 67 6
0

0101000
+998 0 -993 0 *
Wi

0101000
+1111 3 +992 0 -991 5 -997 0 *
Fa
0  1e-07 43 0

0101000
+990 0 *
Ve
1e-07
-1.04420953776041 -3.89704304866987 0
0 0

0101101
*
Ed
 1e-07 1 1 0
1  111 0 0 1
2  197 44 0 0 1
2  198 45 0 0 1
4 C0 44 0 45 0
0

0101000
+1108 3 -988 5 *
Ed
 1e-07 1 1 0
1  112 0 0 1.05321998069917
2  199 44 6 0 1.05321998069917
2  200 68 6 0 1.05321998069917
4 C0 44 6 68 6
0

0101000
+993 0 -988 0 *
Wi

0101000
+1106 3 +987 0 -986 5 -992 0 *
Fa
0  1e-07 44 0

0101000
+985 0 *
Ve
1e-07
-7.41128536861084e-16 -4.03451584232061 0
0 0

0101101
*
Ed
 1e-07 1 1 0
1  113 0 0 1
2  201 45 0 0 1
2  202 46 0 0 1
4 C0 45 0 46 0
0

0101000
+1103 3 -983 5 *
Ed
 1e-07 1 1 0
1  114 0 0 1.05321998069917
2  203 45 6 0 1.05321998069917
2  204 69 6 0 1.05321998069917
4 C0 45 6 69 6
0

0101000
+988 0 -983 0 *
Wi

0101000
+1101 3 +982 0 -981 5 -987 0 *
Fa
0  1e-07 45 0

0101000
+980 0 *
Ve
1e-07
1.04420953776041 -3.89704304866987 0
0 0

0101101
*
Ed
 1e-07 1 1 0
1  115 0 0 1
2  205 46 0 0 1
2  206 47 0 0 1
4 C0 46 0 47 0
0

0101000
+1098 3 -978 5 *
Ed
 1e-07 1 1 0
1  116 0 0 1.05321998069917
2  207 46 6 0 1.05321998069917
2  208 70 6 0 1.05321998069917
4 C0 46 6 70 6
0

0101000
+983 0 -978 0 *
Wi

0101000
+1096 3 +977 0 -976 5 -982 0 *
Fa
0  1e-07 46 0

0101000
+975 0 *
Ve
1e-07
2.01725792116031 -3.49399321142042 0
0 0

0101101
*
Ed
 1e-07 1 1 0
1  117 0 0 1
2  209 47 0 0 1
2  210 48 0 0 1
4 C0 47 0 48 0
0

0101000
+1093 3 -973 5 *
Ed
 1e-07 1 1 0
1  118 0 0 1.05321998069917
2  211 47 6 0 1.05321998069917
2  212 71 6 0 1.05321998069917
4 C0 47 6 71 6
0

0101000
+978 0 -973 0 *
Wi

0101000
+1091 3 +972 0 -971 5 -977 0 *
Fa
0  1e-07 47 0

0101000
+970 0 *
Ve
1e-07
2.85283351090946 -2.85283351090946 0
0 0

0101101
*
Ed
 1e-07 1 1 0
1  119 0 0 1
2  213 48 0 0 1
2  214 49 0 0 1
4 C0 48 0 49 0
0

0101000
+1088 3 -968 5 *
Ed
 1e-07 1 1 0
1  120 0 0 1.05321998069917
2  215 48 6 0 1.05321998069917
2  216 72 6 0 1.05321998069917
4 C0 48 6 72 6
0

0101000
+973 0 -968 0 *
Wi

0101000
+1086 3 +967 0 -966 5 -972 0 *
Fa
0  1e-07 48 0

0101000
+965 0 *
Ve
1e-07
3.49399321142042 -2.01725792116031 0
0 0

0101101
*
Ed
 1e-07 1 1 0
1  121 0 0 1
2  217 49 0 0 1
2  218 50 0 0 1
4 C0 49 0 50 0
0

0101000
+1083 3 -963 5 *
Ed
 1e-07 1 1 0
1  122 0 0 1.05321998069917
2  219 49 6 0 1.05321998069917
2  220 73 6 0 1.05321998069917
4 C0 49 6 73 6
0

0101000
+968 0 -963 0 *
Wi

0101000
+1081 3 +962 0 -961 5 -967 0 *
Fa
0  1e-07 49 0

0101000
+960 0 *
Ed
 1e-07 1 1 0
1  123 0 0 1.05321998069917
2  221 50 6 0 1.05321998069917
2  222 74 6 0 1.05321998069917
4 C0 50 6 74 6
0

0101000
+963 0 -1063 0 *
Wi

0101000
+1078 3 +1061 0 -958 5 -962 0 *
Fa
0  1e-07 50 0

0101000
+957 0 *
Ve
1e-07
3.49399321142042 2.01725792116031 0
0 0

0101101
*
Ed
 1e-07 1 1 0
1  124 0 0 1
2  223 51 0 0 1
2  224 54 0 0 1
4 C0 51 0 54 0
0

0101000
+1075 5 -955 7 *
Ed
 1e-07 1 1 0
1  125 0 0 1.05321998069917
2  225 51 8 0 1.05321998069917
2  226 75 8 0 1.05321998069917
4 C0 51 8 75 8
0

0101000
+1070 0 -955 0 *
Wi

0101000
+1073 5 +954 0 -953 7 -1069 0 *
Fa
0  1e-07 51 0

0101000
+952 0 *
Ve
1e-07
3.89704304866987 1.04420953776041 0
0 0

0101101
*
Ed
 1e-07 1 1 0
1  126 0 0 1
2  227 52 0 0 1
2  228 75 0 0 1
4 C0 52 0 75 0
0

0101000
+1070 7 -950 9 *
Ve
1e-07
4.03451584232061 0 0
0 0

0101101
*
Ed
 1e-07 1 1 0
1  127 0 0 1.05321998069917
2  229 52 10 0 1.05321998069917
2  230 76 10 0 1.05321998069917
4 C0 52 10 76 10
0

0101000
+948 0 -950 0 *
Ed
 1e-07 1 1 0
1  128 0 0 1
2  231 52 0 0 1
2  232 77 0 0 1
4 C0 52 0 77 0
0

0101000
+1068 7 -948 9 *
Wi

0101000
+1067 7 +949 0 -947 9 -946 0 *
Fa
0  1e-07 52 0

0101000
+945 0 *
Ve
1e-07
3.89704304866987 -1.04420953776042 0
0 0

0101101
*
Ed
 1e-07 1 1 0
1  129 0 0 1.05321998069917
2  233 53 8 0 1.05321998069917
2  234 77 8 0 1.05321998069917
4 C0 53 8 77 8
0

0101000
+943 0 -1068 0 *
Ed
 1e-07 1 1 0
1  130 0 0 1
2  235 74 0 0 1
2  236 53 0 0 1
4 C0 74 0 53 0
0

0101000
+1063 5 -943 7 *
Wi

0101000
+1062 5 +1066 0 -942 7 -941 0 *
Fa
0  1e-07 53 0

0101000
+940 0 *
Ve
1e-07
2.85283351090946 2.85283351090946 0
0 0

0101101
*
Ed
 1e-07 1 1 0
1  131 0 0 1
2  237 54 0 0 1
2  238 55 0 0 1
4 C0 54 0 55 0
0

0101000
+1058 5 -938 7 *
Ed
 1e-07 1 1 0
1  132 0 0 1.05321998069917
2  239 54 8 0 1.05321998069917
2  240 78 8 0 1.05321998069917
4 C0 54 8 78 8
0

0101000
+955 0 -938 0 *
Wi

0101000
+1056 5 +937 0 -936 7 -954 0 *
Fa
0  1e-07 54 0

0101000
+935 0 *
Ve
1e-07
2.01725792116031 3.49399321142042 0
0 0

0101101
*
Ed
 1e-07 1 1 0
1  133 0 0 1
2  241 55 0 0 1
2  242 56 0 0 1
4 C0 55 0 56 0
0

0101000
+1053 5 -933 7 *
Ed
 1e-07 1 1 0
1  134 0 0 1.05321998069917
2  243 55 8 0 1.05321998069917
2  244 79 8 0 1.05321998069917
4 C0 55 8 79 8
0

0101000
+938 0 -933 0 *
Wi

0101000
+1051 5 +932 0 -931 7 -937 0 *
Fa
0  1e-07 55 0

0101000
+930 0 *
Ve
1e-07
1.04420953776041 3.89704304866987 0
0 0

0101101
*
Ed
 1e-07 1 1 0
1  135 0 0 1
2  245 56 0 0 1
2  246 57 0 0 1
4 C0 56 0 57 0
0

0101000
+1048 5 -928 7 *
Ed
 1e-07 1 1 0
1  136 0 0 1.05321998069917
2  247 56 8 0 1.05321998069917
2  248 80 8 0 1.05321998069917
4 C0 56 8 80 8
0

0101000
+933 0 -928 0 *
Wi

0101000
+1046 5 +927 0 -926 7 -932 0 *
Fa
0  1e-07 56 0

0101000
+925 0 *
Ve
1e-07
2.47042845620361e-16 4.03451584232061 0
0 0

0101101
*
Ed
 1e-07 1 1 0
1  137 0 0 1
2  249 57 0 0 1
2  250 58 0 0 1
4 C0 57 0 58 0
0

0101000
+1043 5 -923 7 *
Ed
 1e-07 1 1 0
1  138 0 0 1.05321998069917
2  251 57 8 0 1.05321998069917
2  252 81 8 0 1.05321998069917
4 C0 57 8 81 8
0

0101000
+928 0 -923 0 *
Wi

0101000
+1041 5 +922 0 -921 7 -927 0 *
Fa
0  1e-07 57 0

0101000
+920 0 *
Ve
1e-07
-1.04420953776041 3.89704304866987 0
0 0

0101101
*
Ed
 1e-07 1 1 0
1  139 0 0 1
2  253 58 0 0 1
2  254 59 0 0 1
4 C0 58 0 59 0
0

0101000
+1038 5 -918 7 *
Ed
 1e-07 1 1 0
1  140 0 0 1.05321998069917
2  255 58 8 0 1.05321998069917
2  256 82 8 0 1.05321998069917
4 C0 58 8 82 8
0

0101000
+923 0 -918 0 *
Wi

0101000
+1036 5 +917 0 -916 7 -922 0 *
Fa
0  1e-07 58 0

0101000
+915 0 *
Ve
1e-07
-2.0172579211603 3.49399321142042 0
0 0

0101101
*
Ed
 1e-07 1 1 0
1  141 0 0 1
2  257 59 0 0 1
2  258 60 0 0 1
4 C0 59 0 60 0
0

0101000
+1033 5 -913 7 *
Ed
 1e-07 1 1 0
1  142 0 0 1.05321998069917
2  259 59 8 0 1.05321998069917
2  260 83 8 0 1.05321998069917
4 C0 59 8 83 8
0

0101000
+918 0 -913 0 *
Wi

0101000
+1031 5 +912 0 -911 7 -917 0 *
Fa
0  1e-07 59 0

0101000
+910 0 *
Ve
1e-07
-2.85283351090946 2.85283351090946 0
0 0

0101101
*
Ed
 1e-07 1 1 0
1  143 0 0 1
2  261 60 0 0 1
2  262 61 0 0 1
4 C0 60 0 61 0
0

0101000
+1028 5 -908 7 *
Ed
 1e-07 1 1 0
1  144 0 0 1.05321998069917
2  263 60 8 0 1.05321998069917
2  264 84 8 0 1.05321998069917
4 C0 60 8 84 8
0

0101000
+913 0 -908 0 *
Wi

0101000
+1026 5 +907 0 -906 7 -912 0 *
Fa
0  1e-07 60 0

0101000
+905 0 *
Ve
1e-07
-3.49399321142042 2.01725792116031 0
0 0

0101101
*
Ed
 1e-07 1 1 0
1  145 0 0 1
2  265 61 0 0 1
2  266 62 0 0 1
4 C0 61 0 62 0
0

0101000
+1023 5 -903 7 *
Ed
 1e-07 1 1 0
1  146 0 0 1.05321998069917
2  267 61 8 0 1.05321998069917
2  268 85 8 0 1.05321998069917
4 C0 61 8 85 8
0

0101000
+908 0 -903 0 *
Wi

0101000
+1021 5 +902 0 -901 7 -907 0 *
Fa
0  1e-07 61 0

0101000
+900 0 *
Ve
1e-07
-3.89704304866987 1.04420953776041 0
0 0

0101101
*
Ed
 1e-07 1 1 0
1  147 0 0 1
2  269 62 0 0 1
2  270 63 0 0 1
4 C0 62 0 63 0
0

0101000
+1018 5 -898 7 *
Ed
 1e-07 1 1 0
1  148 0 0 1.05321998069917
2  271 62 8 0 1.05321998069917
2  272 86 8 0 1.05321998069917
4 C0 62 8 86 8
0

0101000
+903 0 -898 0 *
Wi

0101000
+1016 5 +897 0 -896 7 -902 0 *
Fa
0  1e-07 62 0

0101000
+895 0 *
Ve
1e-07
-4.03451584232061 4.94085691240722e-16 0
0 0

0101101
*
Ed
 1e-07 1 1 0
1  149 0 0 1
2  273 63 0 0 1
2  274 64 0 0 1
4 C0 63 0 64 0
0

0101000
+1013 5 -893 7 *
Ed
 1e-07 1 1 0
1  150 0 0 1.05321998069917
2  275 63 8 0 1.05321998069917
2  276 87 8 0 1.05321998069917
4 C0 63 8 87 8
0

0101000
+898 0 -893 0 *
Wi

0101000
+1011 5 +892 0 -891 7 -897 0 *
Fa
0  1e-07 63 0

0101000
+890 0 *
Ve
1e-07
-3.89704304866987 -1.04420953776041 0
0 0

0101101
*
Ed
 1e-07 1 1 0
1  151 0 0 1
2  277 64 0 0 1
2  278 65 0 0 1
4 C0 64 0 65 0
0

0101000
+1008 5 -888 7 *
Ed
 1e-07 1 1 0
1  152 0 0 1.05321998069917
2  279 64 8 0 1.05321998069917
2  280 88 8 0 1.05321998069917
4 C0 64 8 88 8
0

0101000
+893 0 -888 0 *
Wi

0101000
+1006 5 +887 0 -886 7 -892 0 *
Fa
0  1e-07 64 0

0101000
+885 0 *
Ve
1e-07
-3.49399321142042 -2.0172579211603 0
0 0

0101101
*
Ed
 1e-07 1 1 0
1  153 0 0 1
2  281 65 0 0 1
2  282 66 0 0 1
4 C0 65 0 66 0
0

0101000
+1003 5 -883 7 *
Ed
 1e-07 1 1 0
1  154 0 0 1.05321998069917
2  283 65 8 0 1.05321998069917
2  284 89 8 0 1.05321998069917
4 C0 65 8 89 8
0

0101000
+888 0 -883 0 *
Wi

0101000
+1001 5 +882 0 -881 7 -887 0 *
Fa
0  1e-07 65 0

0101000
+880 0 *
Ve
1e-07
-2.85283351090946 -2.85283351090946 0
0 0

0101101
*
Ed
 1e-07 1 1 0
1  155 0 0 1
2  285 66 0 0 1
2  286 67 0 0 1
4 C0 66 0 67 0
0

0101000
+998 5 -878 7 *
Ed
 1e-07 1 1 0
1  156 0 0 1.05321998069917
2  287 66 8 0 1.05321998069917
2  288 90 8 0 1.05321998069917
4 C0 66 8 90 8
0

0101000
+883 0 -878 0 *
Wi

0101000
+996 5 +877 0 -876 7 -882 0 *
Fa
0  1e-07 66 0

0101000
+875 0 *
Ve
1e-07
-2.01725792116031 -3.49399321142042 0
0 0

0101101
*
Ed
 1e-07 1 1 0
1  157 0 0 1
2  289 67 0 0 1
2  290 68 0 0 1
4 C0 67 0 68 0
0

0101000
+993 5 -873 7 *
Ed
 1e-07 1 1 0
1  158 0 0 1.05321998069917
2  291 67 8 0 1.05321998069917
2  292 91 8 0 1.05321998069917
4 C0 67 8 91 8
0

0101000
+878 0 -873 0 *
Wi

0101000
+991 5 +872 0 -871 7 -877 0 *
Fa
0  1e-07 67 0

0101000
+870 0 *
Ve
1e-07
-1.04420953776041 -3.89704304866987 0
0 0

0101101
*
Ed
 1e-07 1 1 0
1  159 0 0 1
2  293 68 0 0 1
2  294 69 0 0 1
4 C0 68 0 69 0
0

0101000
+988 5 -868 7 *
Ed
 1e-07 1 1 0
1  160 0 0 1.05321998069917
2  295 68 8 0 1.05321998069917
2  296 92 8 0 1.05321998069917
4 C0 68 8 92 8
0

0101000
+873 0 -868 0 *
Wi

0101000
+986 5 +867 0 -866 7 -872 0 *
Fa
0  1e-07 68 0

0101000
+865 0 *
Ve
1e-07
-7.41128536861084e-16 -4.03451584232061 0
0 0

0101101
*
Ed
 1e-07 1 1 0
1  161 0 0 1
2  297 69 0 0 1
2  298 70 0 0 1
4 C0 69 0 70 0
0

0101000
+983 5 -863 7 *
Ed
 1e-07 1 1 0
1  162 0 0 1.05321998069917
2  299 69 8 0 1.05321998069917
2  300 93 8 0 1.05321998069917
4 C0 69 8 93 8
0

0101000
+868 0 -863 0 *
Wi

0101000
+981 5 +862 0 -861 7 -867 0 *
Fa
0  1e-07 69 0

0101000
+860 0 *
Ve
1e-07
1.04420953776041 -3.89704304866987 0
0 0

0101101
*
Ed
 1e-07 1 1 0
1  163 0 0 1
2  301 70 0 0 1
2  302 71 0 0 1
4 C0 70 0 71 0
0

0101000
+978 5 -858 7 *
Ed
 1e-07 1 1 0
1  164 0 0 1.05321998069917
2  303 70 8 0 1.05321998069917
2  304 94 8 0 1.05321998069917
4 C0 70 8 94 8
0

0101000
+863 0 -858 0 *
Wi

0101000
+976 5 +857 0 -856 7 -862 0 *
Fa
0  1e-07 70 0

0101000
+855 0 *
Ve
1e-07
2.01725792116031 -3.49399321142042 0
0 0

0101101
*
Ed
 1e-07 1 1 0
1  165 0 0 1
2  305 71 0 0 1
2  306 72 0 0 1
4 C0 71 0 72 0
0

0101000
+973 5 -853 7 *
Ed
 1e-07 1 1 0
1  166 0 0 1.05321998069917
2  307 71 8 0 1.05321998069917
2  308 95 8 0 1.05321998069917
4 C0 71 8 95 8
0

0101000
+858 0 -853 0 *
Wi

0101000
+971 5 +852 0 -851 7 -857 0 *
Fa
0  1e-07 71 0

0101000
+850 0 *
Ve
1e-07
2.85283351090946 -2.85283351090946 0
0 0

0101101
*
Ed
 1e-07 1 1 0
1  167 0 0 1
2  309 72 0 0 1
2  310 73 0 0 1
4 C0 72 0 73 0
0

0101000
+968 5 -848 7 *
Ed
 1e-07 1 1 0
1  168 0 0 1.05321998069917
2  311 72 8 0 1.05321998069917
2  312 96 8 0 1.05321998069917
4 C0 72 8 96 8
0

0101000
+853 0 -848 0 *
Wi

0101000
+966 5 +847 0 -846 7 -852 0 *
Fa
0  1e-07 72 0

0101000
+845 0 *
Ve
1e-07
3.49399321142042 -2.01725792116031 0
0 0

0101101
*
Ed
 1e-07 1 1 0
1  169 0 0 1
2  313 73 0 0 1
2  314 74 0 0 1
4 C0 73 0 74 0
0

0101000
+963 5 -843 7 *
Ed
 1e-07 1 1 0
1  170 0 0 1.05321998069917
2  315 73 8 0 1.05321998069917
2  316 97 8 0 1.05321998069917
4 C0 73 8 97 8
0

0101000
+848 0 -843 0 *
Wi

0101000
+961 5 +842 0 -841 7 -847 0 *
Fa
0  1e-07 73 0

0101000
+840 0 *
Ed
 1e-07 1 1 0
1  171 0 0 1.05321998069917
2  317 74 8 0 1.05321998069917
2  318 98 8 0 1.05321998069917
4 C0 74 8 98 8
0

0101000
+843 0 -943 0 *
Wi

0101000
+958 5 +941 0 -838 7 -842 0 *
Fa
0  1e-07 74 0

0101000
+837 0 *
Ve
1e-07
3.49399321142042 2.01725792116031 0
0 0

0101101
*
Ed
 1e-07 1 1 0
1  172 0 0 1
2  319 75 0 0 1
2  320 78 0 0 1
4 C0 75 0 78 0
0

0101000
+955 7 -835 9 *
Ed
 1e-07 1 1 0
1  173 0 0 1.05321998069917
2  321 75 10 0 1.05321998069917
2  322 99 10 0 1.05321998069917
4 C0 75 10 99 10
0

0101000
+950 0 -835 0 *
Wi

0101000
+953 7 +834 0 -833 9 -949 0 *
Fa
0  1e-07 75 0

0101000
+832 0 *
Ve
1e-07
3.89704304866987 1.04420953776041 0
0 0

0101101
*
Ed
 1e-07 1 1 0
1  174 0 0 1
2  323 76 0 0 1
2  324 99 0 0 1
4 C0 76 0 99 0
0

0101000
+950 9 -830 11 *
Ve
1e-07
4.03451584232061 0 0
0 0

0101101
*
Ed
 1e-07 1 1 0
1  175 0 0 1.05321998069917
2  325 76 12 0 1.05321998069917
2  326 100 12 0 1.05321998069917
4 C0 76 12 100 12
0

0101000
+828 0 -830 0 *
Ed
 1e-07 1 1 0
1  176 0 0 1
2  327 76 0 0 1
2  328 101 0 0 1
4 C0 76 0 101 0
0

0101000
+948 9 -828 11 *
Wi

0101000
+947 9 +829 0 -827 11 -826 0 *
Fa
0  1e-07 76 0

0101000
+825 0 *
Ve
1e-07
3.89704304866987 -1.04420953776042 0
0 0

0101101
*
Ed
 1e-07 1 1 0
1  177 0 0 1.05321998069917
2  329 77 10 0 1.05321998069917
2  330 101 10 0 1.05321998069917
4 C0 77 10 101 10
0

0101000
+823 0 -948 0 *
Ed
 1e-07 1 1 0
1  178 0 0 1
2  331 98 0 0 1
2  332 77 0 0 1
4 C0 98 0 77 0
0

0101000
+943 7 -823 9 *
Wi

0101000
+942 7 +946 0 -822 9 -821 0 *
Fa
0  1e-07 77 0

0101000
+820 0 *
Ve
1e-07
2.85283351090946 2.85283351090946 0
0 0

0101101
*
Ed
 1e-07 1 1 0
1  179 0 0 1
2  333 78 0 0 1
2  334 79 0 0 1
4 C0 78 0 79 0
0

0101000
+938 7 -818 9 *
Ed
 1e-07 1 1 0
1  180 0 0 1.05321998069917
2  335 78 10 0 1.05321998069917
2  336 102 10 0 1.05321998069917
4 C0 78 10 102 10
0

0101000
+835 0 -818 0 *
Wi

0101000
+936 7 +817 0 -816 9 -834 0 *
Fa
0  1e-07 78 0

0101000
+815 0 *
Ve
1e-07
2.01725792116031 3.49399321142042 0
0 0

0101101
*
Ed
 1e-07 1 1 0
1  181 0 0 1
2  337 79 0 0 1
2  338 80 0 0 1
4 C0 79 0 80 0
0

0101000
+933 7 -813 9 *
Ed
 1e-07 1 1 0
1  182 0 0 1.05321998069917
2  339 79 10 0 1.05321998069917
2  340 103 10 0 1.05321998069917
4 C0 79 10 103 10
0

0101000
+818 0 -813 0 *
Wi

0101000
+931 7 +812 0 -811 9 -817 0 *
Fa
0  1e-07 79 0

0101000
+810 0 *
Ve
1e-07
1.04420953776041 3.89704304866987 0
0 0

0101101
*
Ed
 1e-07 1 1 0
1  183 0 0 1
2  341 80 0 0 1
2  342 81 0 0 1
4 C0 80 0 81 0
0

0101000
+928 7 -808 9 *
Ed
 1e-07 1 1 0
1  184 0 0 1.05321998069917
2  343 80 10 0 1.05321998069917
2  344 104 10 0 1.05321998069917
4 C0 80 10 104 10
0

0101000
+813 0 -808 0 *
Wi

0101000
+926 7 +807 0 -806 9 -812 0 *
Fa
0  1e-07 80 0

0101000
+805 0 *
Ve
1e-07
2.47042845620361e-16 4.03451584232061 0
0 0

0101101
*
Ed
 1e-07 1 1 0
1  185 0 0 1
2  345 81 0 0 1
2  346 82 0 0 1
4 C0 81 0 82 0
0

0101000
+923 7 -803 9 *
Ed
 1e-07 1 1 0
1  186 0 0 1.05321998069917
2  347 81 10 0 1.05321998069917
2  348 105 10 0 1.05321998069917
4 C0 81 10 105 10
0

0101000
+808 0 -803 0 *
Wi

0101000
+921 7 +802 0 -801 9 -807 0 *
Fa
0  1e-07 81 0

0101000
+800 0 *
Ve
1e-07
-1.04420953776041 3.89704304866987 0
0 0

0101101
*
Ed
 1e-07 1 1 0
1  187 0 0 1
2  349 82 0 0 1
2  350 83 0 0 1
4 C0 82 0 83 0
0

0101000
+918 7 -798 9 *
Ed
 1e-07 1 1 0
1  188 0 0 1.05321998069917
2  351 82 10 0 1.05321998069917
2  352 106 10 0 1.05321998069917
4 C0 82 10 106 10
0

0101000
+803 0 -798 0 *
Wi

0101000
+916 7 +797 0 -796 9 -802 0 *
Fa
0  1e-07 82 0

0101000
+795 0 *
Ve
1e-07
-2.0172579211603 3.49399321142042 0
0 0

0101101
*
Ed
 1e-07 1 1 0
1  189 0 0 1
2  353 83 0 0 1
2  354 84 0 0 1
4 C0 83 0 84 0
0

0101000
+913 7 -793 9 *
Ed
 1e-07 1 1 0
1  190 0 0 1.05321998069917
2  355 83 10 0 1.05321998069917
2  356 107 10 0 1.05321998069917
4 C0 83 10 107 10
0

0101000
+798 0 -793 0 *
Wi

0101000
+911 7 +792 0 -791 9 -797 0 *
Fa
0  1e-07 83 0

0101000
+790 0 *
Ve
1e-07
-2.85283351090946 2.85283351090946 0
0 0

0101101
*
Ed
 1e-07 1 1 0
1  191 0 0 1
2  357 84 0 0 1
2  358 85 0 0 1
4 C0 84 0 85 0
0

0101000
+908 7 -788 9 *
Ed
 1e-07 1 1 0
1  192 0 0 1.05321998069917
2  359 84 10 0 1.05321998069917
2  360 108 10 0 1.05321998069917
4 C0 84 10 108 10
0

0101000
+793 0 -788 0 *
Wi

0101000
+906 7 +787 0 -786 9 -792 0 *
Fa
0  1e-07 84 0

0101000
+785 0 *
Ve
1e-07
-3.49399321142042 2.01725792116031 0
0 0

0101101
*
Ed
 1e-07 1 1 0
1  193 0 0 1
2  361 85 0 0 1
2  362 86 0 0 1
4 C0 85 0 86 0
0

0101000
+903 7 -783 9 *
Ed
 1e-07 1 1 0
1  194 0 0 1.05321998069917
2  363 85 10 0 1.05321998069917
2  364 109 10 0 1.05321998069917
4 C0 85 10 109 10
0

0101000
+788 0 -783 0 *
Wi

0101000
+901 7 +782 0 -781 9 -787 0 *
Fa
0  1e-07 85 0

0101000
+780 0 *
Ve
1e-07
-3.89704304866987 1.04420953776041 0
0 0

0101101
*
Ed
 1e-07 1 1 0
1  195 0 0 1
2  365 86 0 0 1
2  366 87 0 0 1
4 C0 86 0 87 0
0

0101000
+898 7 -778 9 *
Ed
 1e-07 1 1 0
1  196 0 0 1.05321998069917
2  367 86 10 0 1.05321998069917
2  368 110 10 0 1.05321998069917
4 C0 86 10 110 10
0

0101000
+783 0 -778 0 *
Wi

0101000
+896 7 +777 0 -776 9 -782 0 *
Fa
0  1e-07 86 0

0101000
+775 0 *
Ve
1e-07
-4.03451584232061 4.94085691240722e-16 0
0 0

0101101
*
Ed
 1e-07 1 1 0
1  197 0 0 1
2  369 87 0 0 1
2  370 88 0 0 1
4 C0 87 0 88 0
0

0101000
+893 7 -773 9 *
Ed
 1e-07 1 1 0
1  198 0 0 1.05321998069917
2  371 87 10 0 1.05321998069917
2  372 111 10 0 1.05321998069917
4 C0 87 10 111 10
0

0101000
+778 0 -773 0 *
Wi

0101000
+891 7 +772 0 -771 9 -777 0 *
Fa
0  1e-07 87 0

0101000
+770 0 *
Ve
1e-07
-3.89704304866987 -1.04420953776041 0
0 0

0101101
*
Ed
 1e-07 1 1 0
1  199 0 0 1
2  373 88 0 0 1
2  374 89 0 0 1
4 C0 88 0 89 0
0

0101000
+888 7 -768 9 *
Ed
 1e-07 1 1 0
1  200 0 0 1.05321998069917
2  375 88 10 0 1.05321998069917
2  376 112 10 0 1.05321998069917
4 C0 88 10 112 10
0

0101000
+773 0 -768 0 *
Wi

0101000
+886 7 +767 0 -766 9 -772 0 *
Fa
0  1e-07 88 0

0101000
+765 0 *
Ve
1e-07
-3.49399321142042 -2.0172579211603 0
0 0

0101101
*
Ed
 1e-07 1 1 0
1  201 0 0 1
2  377 89 0 0 1
2  378 90 0 0 1
4 C0 89 0 90 0
0

0101000
+883 7 -763 9 *
Ed
 1e-07 1 1 0
1  202 0 0 1.05321998069917
2  379 89 10 0 1.05321998069917
2  380 113 10 0 1.05321998069917
4 C0 89 10 113 10
0

0101000
+768 0 -763 0 *
Wi

0101000
+881 7 +762 0 -761 9 -767 0 *
Fa
0  1e-07 89 0

0101000
+760 0 *
Ve
1e-07
-2.85283351090946 -2.85283351090946 0
0 0

0101101
*
Ed
 1e-07 1 1 0
1  203 0 0 1
2  381 90 0 0 1
2  382 91 0 0 1
4 C0 90 0 91 0
0

0101000
+878 7 -758 9 *
Ed
 1e-07 1 1 0
1  204 0 0 1.05321998069917
2  383 90 10 0 1.05321998069917
2  384 114 10 0 1.05321998069917
4 C0 90 10 114 10
0

0101000
+763 0 -758 0 *
Wi

0101000
+876 7 +757 0 -756 9 -762 0 *
Fa
0  1e-07 90 0

0101000
+755 0 *
Ve
1e-07
-2.01725792116031 -3.49399321142042 0
0 0

0101101
*
Ed
 1e-07 1 1 0
1  205 0 0 1
2  385 91 0 0 1
2  386 92 0 0 1
4 C0 91 0 92 0
0

0101000
+873 7 -753 9 *
Ed
 1e-07 1 1 0
1  206 0 0 1.05321998069917
2  387 91 10 0 1.05321998069917
2  388 115 10 0 1.05321998069917
4 C0 91 10 115 10
0

0101000
+758 0 -753 0 *
Wi

0101000
+871 7 +752 0 -751 9 -757 0 *
Fa
0  1e-07 91 0

0101000
+750 0 *
Ve
1e-07
-1.04420953776041 -3.89704304866987 0
0 0

0101101
*
Ed
 1e-07 1 1 0
1  207 0 0 1
2  389 92 0 0 1
2  390 93 0 0 1
4 C0 92 0 93 0
0

0101000
+868 7 -748 9 *
Ed
 1e-07 1 1 0
1  208 0 0 1.05321998069917
2  391 92 10 0 1.05321998069917
2  392 116 10 0 1.05321998069917
4 C0 92 10 116 10
0

0101000
+753 0 -748 0 *
Wi

0101000
+866 7 +747 0 -746 9 -752 0 *
Fa
0  1e-07 92 0

0101000
+745 0 *
Ve
1e-07
-7.41128536861084e-16 -4.03451584232061 0
0 0

0101101
*
Ed
 1e-07 1 1 0
1  209 0 0 1
2  393 93 0 0 1
2  394 94 0 0 1
4 C0 93 0 94 0
0

0101000
+863 7 -743 9 *
Ed
 1e-07 1 1 0
1  210 0 0 1.05321998069917
2  395 93 10 0 1.05321998069917
2  396 117 10 0 1.05321998069917
4 C0 93 10 117 10
0

0101000
+748 0 -743 0 *
Wi

0101000
+861 7 +742 0 -741 9 -747 0 *
Fa
0  1e-07 93 0

0101000
+740 0 *
Ve
1e-07
1.04420953776041 -3.89704304866987 0
0 0

0101101
*
Ed
 1e-07 1 1 0
1  211 0 0 1
2  397 94 0 0 1
2  398 95 0 0 1
4 C0 94 0 95 0
0

0101000
+858 7 -738 9 *
Ed
 1e-07 1 1 0
1  212 0 0 1.05321998069917
2  399 94 10 0 1.05321998069917
2  400 118 10 0 1.05321998069917
4 C0 94 10 118 10
0

0101000
+743 0 -738 0 *
Wi

0101000
+856 7 +737 0 -736 9 -742 0 *
Fa
0  1e-07 94 0

0101000
+735 0 *
Ve
1e-07
2.01725792116031 -3.49399321142042 0
0 0

0101101
*
Ed
 1e-07 1 1 0
1  213 0 0 1
2  401 95 0 0 1
2  402 96 0 0 1
4 C0 95 0 96 0
0

0101000
+853 7 -733 9 *
Ed
 1e-07 1 1 0
1  214 0 0 1.05321998069917
2  403 95 10 0 1.05321998069917
2  404 119 10 0 1.05321998069917
4 C0 95 10 119 10
0

0101000
+738 0 -733 0 *
Wi

0101000
+851 7 +732 0 -731 9 -737 0 *
Fa
0  1e-07 95 0

0101000
+730 0 *
Ve
1e-07
2.85283351090946 -2.85283351090946 0
0 0

0101101
*
Ed
 1e-07 1 1 0
1  215 0 0 1
2  405 96 0 0 1
2  406 97 0 0 1
4 C0 96 0 97 0
0

0101000
+848 7 -728 9 *
Ed
 1e-07 1 1 0
1  216 0 0 1.05321998069917
2  407 96 10 0 1.05321998069917
2  408 120 10 0 1.05321998069917
4 C0 96 10 120 10
0

0101000
+733 0 -728 0 *
Wi

0101000
+846 7 +727 0 -726 9 -732 0 *
Fa
0  1e-07 96 0

0101000
+725 0 *
Ve
1e-07
3.49399321142042 -2.01725792116031 0
0 0

0101101
*
Ed
 1e-07 1 1 0
1  217 0 0 1
2  409 97 0 0 1
2  410 98 0 0 1
4 C0 97 0 98 0
0

0101000
+843 7 -723 9 *
Ed
 1e-07 1 1 0
1  218 0 0 1.05321998069917
2  411 97 10 0 1.05321998069917
2  412 121 10 0 1.05321998069917
4 C0 97 10 121 10
0

0101000
+728 0 -723 0 *
Wi

0101000
+841 7 +722 0 -721 9 -727 0 *
Fa
0  1e-07 97 0

0101000
+720 0 *
Ed
 1e-07 1 1 0
1  219 0 0 1.05321998069917
2  413 98 10 0 1.05321998069917
2  414 122 10 0 1.05321998069917
4 C0 98 10 122 10
0

0101000
+723 0 -823 0 *
Wi

0101000
+838 7 +821 0 -718 9 -722 0 *
Fa
0  1e-07 98 0

0101000
+717 0 *
Ve
1e-07
3.49399321142042 2.01725792116031 0
0 0

0101101
*
Ed
 1e-07 1 1 0
1  220 0 0 1
2  415 99 0 0 1
2  416 102 0 0 1
4 C0 99 0 102 0
0

0101000
+835 9 -715 11 *
Ed
 1e-07 1 1 0
1  221 0 0 1.05321998069917
2  417 99 12 0 1.05321998069917
2  418 123 12 0 1.05321998069917
4 C0 99 12 123 12
0

0101000
+830 0 -715 0 *
Wi

0101000
+833 9 +714 0 -713 11 -829 0 *
Fa
0  1e-07 99 0

0101000
+712 0 *
Ve
1e-07
3.89704304866987 1.04420953776041 0
0 0

0101101
*
Ed
 1e-07 1 1 0
1  222 0 0 1
2  419 100 0 0 1
2  420 123 0 0 1
4 C0 100 0 123 0
0

0101000
+830 11 -710 13 *
Ve
1e-07
4.03451584232061 0 0
0 0

0101101
*
Ed
 1e-07 1 1 0
1  223 0 0 1.05321998069917
2  421 100 14 0 1.05321998069917
2  422 124 14 0 1.05321998069917
4 C0 100 14 124 14
0

0101000
+708 0 -710 0 *
Ed
 1e-07 1 1 0
1  224 0 0 1
2  423 100 0 0 1
2  424 125 0 0 1
4 C0 100 0 125 0
0

0101000
+828 11 -708 13 *
Wi

0101000
+827 11 +709 0 -707 13 -706 0 *
Fa
0  1e-07 100 0

0101000
+705 0 *
Ve
1e-07
3.89704304866987 -1.04420953776042 0
0 0

0101101
*
Ed
 1e-07 1 1 0
1  225 0 0 1.05321998069917
2  425 101 12 0 1.05321998069917
2  426 125 12 0 1.05321998069917
4 C0 101 12 125 12
0

0101000
+703 0 -828 0 *
Ed
 1e-07 1 1 0
1  226 0 0 1
2  427 122 0 0 1
2  428 101 0 0 1
4 C0 122 0 101 0
0

0101000
+823 9 -703 11 *
Wi

0101000
+822 9 +826 0 -702 11 -701 0 *
Fa
0  1e-07 101 0

0101000
+700 0 *
Ve
1e-07
2.85283351090946 2.85283351090946 0
0 0

0101101
*
Ed
 1e-07 1 1 0
1  227 0 0 1
2  429 102 0 0 1
2  430 103 0 0 1
4 C0 102 0 103 0
0

0101000
+818 9 -698 11 *
Ed
 1e-07 1 1 0
1  228 0 0 1.05321998069917
2  431 102 12 0 1.05321998069917
2  432 126 12 0 1.05321998069917
4 C0 102 12 126 12
0

0101000
+715 0 -698 0 *
Wi

0101000
+816 9 +697 0 -696 11 -714 0 *
Fa
0  1e-07 102 0

0101000
+695 0 *
Ve
1e-07
2.01725792116031 3.49399321142042 0
0 0

0101101
*
Ed
 1e-07 1 1 0
1  229 0 0 1
2  433 103 0 0 1
2  434 104 0 0 1
4 C0 103 0 104 0
0

0101000
+813 9 -693 11 *
Ed
 1e-07 1 1 0
1  230 0 0 1.05321998069917
2  435 103 12 0 1.05321998069917
2  436 127 12 0 1.05321998069917
4 C0 103 12 127 12
0

0101000
+698 0 -693 0 *
Wi

0101000
+811 9 +692 0 -691 11 -697 0 *
Fa
0  1e-07 103 0

0101000
+690 0 *
Ve
1e-07
1.04420953776041 3.89704304866987 0
0 0

0101101
*
Ed
 1e-07 1 1 0
1  231 0 0 1
2  437 104 0 0 1
2  438 105 0 0 1
4 C0 104 0 105 0
0

0101000
+808 9 -688 11 *
Ed
 1e-07 1 1 0
1  232 0 0 1.05321998069917
2  439 104 12 0 1.05321998069917
2  440 128 12 0 1.05321998069917
4 C0 104 12 128 12
0

0101000
+693 0 -688 0 *
Wi

0101000
+806 9 +687 0 -686 11 -692 0 *
Fa
0  1e-07 104 0

0101000
+685 0 *
Ve
5.000001e-06
-9.64075053987311 318.188311225343 -15.7128093335439
0 0

0101101
*
Ed
 1e-07 1 1 0
1  233 0 0 0.369325004972761
2  441 105 12 0 0.369325004972761
2  442 129 12 0 0.369325004972761
4 C0 105 12 129 12
0

0101000
+688 0 -683 12 *
Ve
5.000001e-06
-9.58025801908151 318.200120412347 -15.3
0 0

0101101
*
Ed
 5e-06 1 1 0
1  234 0 1.4517578167105e-06 1
2  443 105 0 1.4517578167105e-06 1
2  444 130 17 1.4517578167105e-06 1
0

0101000
+681 0 -683 0 *
Ve
5.000001e-06
-10.1369331646655 318.127194801759 -15.3
0 0

0101101
*
Ed
 5e-06 1 1 0
1  235 0 0.0574291480718046 0.639221175861582
2  445 105 0 0.0574291480718046 0.639221175861582
2  446 131 17 0.0574291480718046 0.639221175861582
0

0101000
+679 0 -681 0 *
Ve
5.000001e-06
-10.0781152251697 318.131164712328 -15.6782584795149
0 0

0101101
*
Ed
 5e-06 1 1 0
1  236 0 1.58151936433963e-06 1
2  447 105 0 1.58151936433963e-06 1
2  448 130 17 1.58151936433963e-06 1
0

0101000
+679 0 -677 0 *
Ve
1e-07
2.47042845620361e-16 4.03451584232061 0
0 0

0101101
*
Ed
 1e-07 1 1 0
1  233 0 0.811758450146785 1.05321998069917
2  441 105 12 0.811758450146785 1.05321998069917
2  442 129 12 0.811758450146785 1.05321998069917
4 C0 105 12 129 12
0

0101000
+677 12 -675 0 *
Ed
 1e-07 1 1 0
1  237 0 0 1
2  449 105 0 0 1
2  450 106 0 0 1
4 C0 105 0 106 0
0

0101000
+803 9 -675 11 *
Wi

0101100
-687 0 -682 11 +680 0 +678 0 -676 0 -674 11 +673 0 +801 9 *
Fa
0  1e-07 105 0

0101000
+672 0 *
Ve
5.000001e-06
-10.4761009273593 318.121221988534 -15.6475630839405
0 0

0101101
*
Ed
 1e-07 1 1 0
1  238 0 0 0.161136555825559
2  451 106 12 0 0.161136555825559
2  452 132 12 0 0.161136555825559
4 C0 106 12 132 12
0

0101000
+675 0 -670 12 *
Ve
5.000001e-06
-10.375685077359 318.119991468876 -15.3
0 0

0101101
*
Ed
 5e-06 1 1 0
1  239 0 1.72020413222472e-06 1
2  453 106 0 1.72020413222472e-06 1
2  454 130 17 1.72020413222472e-06 1
0

0101000
+668 0 -670 0 *
Ve
5.000001e-06
-11.3319971865356 318.245382387287 -15.3
0 0

0101101
*
Ed
 5e-06 1 1 0
1  240 0 0 1
2  455 106 0 0 1
2  456 131 17 0 1
0

0101000
+666 0 -668 0 *
Ed
 1e-07 1 1 0
1  241 0 0 0.670550584269022
2  457 106 0 0 0.670550584269022
2  458 107 0 0 0.670550584269022
4 C0 106 0 107 0
0

0101000
+798 9 -666 0 *
Wi

0101100
-673 0 -669 11 +667 0 +665 0 +664 0 +796 9 *
Fa
0  1e-07 106 0

0101000
+663 0 *
Ve
5.000001e-06
-12.3082741638355 318.648317911219 -15.3
0 0

0101101
*
Ed
 5e-06 1 1 0
1  242 0 0 1
2  459 107 0 0 1
2  460 131 17 0 1
0

0101000
+661 0 -666 0 *
Ed
 1e-07 1 1 0
1  243 0 0 0.758530604947403
2  461 107 0 0 0.758530604947403
2  462 108 0 0 0.758530604947403
4 C0 107 0 108 0
0

0101000
+793 9 -661 0 *
Wi

0101100
-664 0 +660 0 +659 0 +791 9 *
Fa
0  1e-07 107 0

0101000
+658 0 *
Ve
5.000001e-06
-13.1461553190465 319.289360016978 -15.3
0 0

0101101
*
Ed
 5e-06 1 1 0
1  244 0 0 1
2  463 108 0 0 1
2  464 131 17 0 1
0

0101000
+656 0 -661 0 *
Ed
 1e-07 1 1 0
1  245 0 0 0.822772000734248
2  465 108 0 0 0.822772000734248
2  466 109 0 0 0.822772000734248
4 C0 108 0 109 0
0

0101000
+788 9 -656 0 *
Wi

0101100
-659 0 +655 0 +654 0 +786 9 *
Fa
0  1e-07 108 0

0101000
+653 0 *
Ve
5.000001e-06
-13.7885268986552 320.124892197115 -15.3
0 0

0101101
*
Ed
 5e-06 1 1 0
1  246 0 0 1
2  467 109 0 0 1
2  468 131 17 0 1
0

0101000
+651 0 -656 0 *
Ed
 1e-07 1 1 0
1  247 0 0 0.862687258929726
2  469 109 0 0 0.862687258929726
2  470 110 0 0 0.862687258929726
4 C0 109 0 110 0
0

0101000
+783 9 -651 0 *
Wi

0101100
-654 0 +650 0 +649 0 +781 9 *
Fa
0  1e-07 109 0

0101000
+648 0 *
Ve
5.000001e-06
-14.1915727142384 321.098028477326 -15.3
0 0

0101101
*
Ed
 5e-06 1 1 0
1  248 0 0 1
2  471 110 0 0 1
2  472 131 17 0 1
0

0101000
+646 0 -651 0 *
Ed
 1e-07 1 1 0
1  249 0 0 0.878124777349066
2  473 110 0 0 0.878124777349066
2  474 111 0 0 0.878124777349066
4 C0 110 0 111 0
0

0101000
+778 9 -646 0 *
Wi

0101100
-649 0 +645 0 +644 0 +776 9 *
Fa
0  1e-07 110 0

0101000
+643 0 *
Ve
5.000001e-06
-14.3277688111006 322.142482560725 -15.3
0 0

0101101
*
Ed
 5e-06 1 1 0
1  250 0 0 1
2  475 111 0 0 1
2  476 131 17 0 1
0

0101000
+641 0 -646 0 *
Ed
 1e-07 1 1 0
1  251 0 0 0.869063579011402
2  477 111 0 0 0.869063579011402
2  478 112 0 0 0.869063579011402
4 C0 111 0 112 0
0

0101000
+773 9 -641 0 *
Wi

0101100
-644 0 +640 0 +639 0 +771 9 *
Fa
0  1e-07 111 0

0101000
+638 0 *
Ve
5.000001e-06
-14.1877689267235 323.187080869943 -15.3
0 0

0101101
*
Ed
 5e-06 1 1 0
1  252 0 0 1
2  479 112 0 0 1
2  480 131 17 0 1
0

0101000
+636 0 -641 0 *
Ed
 1e-07 1 1 0
1  253 0 0 0.835501108348545
2  481 112 0 0 0.835501108348545
2  482 113 0 0 0.835501108348545
4 C0 112 0 113 0
0

0101000
+768 9 -636 0 *
Wi

0101100
-639 0 +635 0 +634 0 +766 9 *
Fa
0  1e-07 112 0

0101000
+633 0 *
Ve
5.000001e-06
-13.7810518918796 324.160611637308 -15.3
0 0

0101101
*
Ed
 5e-06 1 1 0
1  254 0 0 1
2  483 113 0 0 1
2  484 131 17 0 1
0

0101000
+631 0 -636 0 *
Ed
 1e-07 1 1 0
1  255 0 0 0.777520233500729
2  485 113 0 0 0.777520233500729
2  486 114 0 0 0.777520233500729
4 C0 113 0 114 0
0

0101000
+763 9 -631 0 *
Wi

0101100
-634 0 +630 0 +629 0 +761 9 *
Fa
0  1e-07 113 0

0101000
+628 0 *
Ve
5.000001e-06
-13.1352866967693 324.996679856556 -15.3
0 0

0101101
*
Ed
 5e-06 1 1 0
1  256 0 0 1
2  487 114 0 0 1
2  488 131 17 0 1
0

0101000
+626 0 -631 0 *
Ed
 1e-07 1 1 0
1  257 0 0 0.695544268155135
2  489 114 0 0 0.695544268155135
2  490 115 0 0 0.695544268155135
4 C0 114 0 115 0
0

0101000
+758 9 -626 0 *
Wi

0101100
-629 0 +625 0 +624 0 +756 9 *
Fa
0  1e-07 114 0

0101000
+623 0 *
Ve
5.000001e-06
-12.331885618724 325.609685700923 -15.3
0 0

0101101
*
Ed
 5e-06 1 1 0
1  258 0 0.0445190655891227 1
2  491 115 0 0.0445190655891227 1
2  492 131 17 0.0445190655891227 1
0

0101000
+621 0 -626 0 *
Ve
5.000001e-06
-12.4237984344779 325.556579661388 -15.6298405143034
0 0

0101101
*
Ed
 5e-06 1 1 0
1  259 0 1.81147602559275e-06 1
2  493 115 0 1.81147602559275e-06 1
2  494 130 17 1.81147602559275e-06 1
0

0101000
+621 0 -619 0 *
Ve
1e-07
-2.01725792116031 -3.49399321142042 0
0 0

0101101
*
Ed
 1e-07 1 1 0
1  260 0 0.932322833573619 1.05321998069917
2  495 115 12 0.932322833573619 1.05321998069917
2  496 133 12 0.932322833573619 1.05321998069917
4 C0 115 12 133 12
0

0101000
+619 12 -617 0 *
Ed
 1e-07 1 1 0
1  261 0 0 1
2  497 115 0 0 1
2  498 116 0 0 1
4 C0 115 0 116 0
0

0101000
+753 9 -617 11 *
Wi

0101100
-624 0 +620 0 -618 0 -616 11 +615 0 +751 9 *
Fa
0  1e-07 115 0

0101000
+614 0 *
Ve
5.000001e-06
-12.1705549906528 325.695287490145 -15.6517160710776
0 0

0101101
*
Ed
 1e-07 1 1 0
1  262 0 0 0.17109651311891
2  499 116 12 0 0.17109651311891
2  500 134 12 0 0.17109651311891
4 C0 116 12 134 12
0

0101000
+617 0 -612 12 *
Ve
5.000001e-06
-12.2303084832339 325.664679735835 -15.3
0 0

0101101
*
Ed
 5e-06 1 1 0
1  263 0 0 0.999998300474034
2  501 116 0 0 0.999998300474034
2  502 130 17 0 0.999998300474034
0

0101000
+612 0 -610 0 *
Ve
5.000001e-06
-11.5589819819074 325.941331813685 -15.3
0 0

0101101
*
Ed
 5e-06 1 1 0
1  264 0 0.248481392243742 0.934463712081009
2  503 116 0 0.248481392243742 0.934463712081009
2  504 131 17 0.248481392243742 0.934463712081009
0

0101000
+608 0 -610 0 *
Ve
5.000001e-06
-11.6353437068656 325.916868709819 -15.6966814084155
0 0

0101101
*
Ed
 5e-06 1 1 0
1  265 0 1.50970012113452e-06 1
2  505 116 0 1.50970012113452e-06 1
2  506 130 17 1.50970012113452e-06 1
0

0101000
+608 0 -606 0 *
Ve
1e-07
-1.04420953776041 -3.89704304866987 0
0 0

0101101
*
Ed
 1e-07 1 1 0
1  262 0 0.752105322662663 1.05321998069917
2  499 116 12 0.752105322662663 1.05321998069917
2  500 134 12 0.752105322662663 1.05321998069917
4 C0 116 12 134 12
0

0101000
+606 12 -604 0 *
Ed
 1e-07 1 1 0
1  266 0 0 1
2  507 116 0 0 1
2  508 117 0 0 1
4 C0 116 0 117 0
0

0101000
+748 9 -604 11 *
Wi

0101100
-615 0 -611 11 -609 0 +607 0 -605 0 -603 11 +602 0 +746 9 *
Fa
0  1e-07 116 0

0101000
+601 0 *
Ve
1e-07
-7.41128536861084e-16 -4.03451584232061 0
0 0

0101101
*
Ed
 1e-07 1 1 0
1  267 0 0 1
2  509 117 0 0 1
2  510 118 0 0 1
4 C0 117 0 118 0
0

0101000
+743 9 -599 11 *
Ed
 1e-07 1 1 0
1  268 0 0 1.05321998069917
2  511 117 12 0 1.05321998069917
2  512 135 12 0 1.05321998069917
4 C0 117 12 135 12
0

0101000
+604 0 -599 0 *
Wi

0101000
+741 9 +598 0 -597 11 -602 0 *
Fa
0  1e-07 117 0

0101000
+596 0 *
Ve
1e-07
1.04420953776041 -3.89704304866987 0
0 0

0101101
*
Ed
 1e-07 1 1 0
1  269 0 0 1
2  513 118 0 0 1
2  514 119 0 0 1
4 C0 118 0 119 0
0

0101000
+738 9 -594 11 *
Ed
 1e-07 1 1 0
1  270 0 0 1.05321998069917
2  515 118 12 0 1.05321998069917
2  516 136 12 0 1.05321998069917
4 C0 118 12 136 12
0

0101000
+599 0 -594 0 *
Wi

0101000
+736 9 +593 0 -592 11 -598 0 *
Fa
0  1e-07 118 0

0101000
+591 0 *
Ve
1e-07
2.01725792116031 -3.49399321142042 0
0 0

0101101
*
Ed
 1e-07 1 1 0
1  271 0 0 1
2  517 119 0 0 1
2  518 120 0 0 1
4 C0 119 0 120 0
0

0101000
+733 9 -589 11 *
Ed
 1e-07 1 1 0
1  272 0 0 1.05321998069917
2  519 119 12 0 1.05321998069917
2  520 137 12 0 1.05321998069917
4 C0 119 12 137 12
0

0101000
+594 0 -589 0 *
Wi

0101000
+731 9 +588 0 -587 11 -593 0 *
Fa
0  1e-07 119 0

0101000
+586 0 *
Ve
1e-07
2.85283351090946 -2.85283351090946 0
0 0

0101101
*
Ed
 1e-07 1 1 0
1  273 0 0 1
2  521 120 0 0 1
2  522 121 0 0 1
4 C0 120 0 121 0
0

0101000
+728 9 -584 11 *
Ed
 1e-07 1 1 0
1  274 0 0 1.05321998069917
2  523 120 12 0 1.05321998069917
2  524 138 12 0 1.05321998069917
4 C0 120 12 138 12
0

0101000
+589 0 -584 0 *
Wi

0101000
+726 9 +583 0 -582 11 -588 0 *
Fa
0  1e-07 120 0

0101000
+581 0 *
Ve
1e-07
3.49399321142042 -2.01725792116031 0
0 0

0101101
*
Ed
 1e-07 1 1 0
1  275 0 0 1
2  525 121 0 0 1
2  526 122 0 0 1
4 C0 121 0 122 0
0

0101000
+723 9 -579 11 *
Ed
 1e-07 1 1 0
1  276 0 0 1.05321998069917
2  527 121 12 0 1.05321998069917
2  528 139 12 0 1.05321998069917
4 C0 121 12 139 12
0

0101000
+584 0 -579 0 *
Wi

0101000
+721 9 +578 0 -577 11 -583 0 *
Fa
0  1e-07 121 0

0101000
+576 0 *
Ed
 1e-07 1 1 0
1  277 0 0 1.05321998069917
2  529 122 12 0 1.05321998069917
2  530 140 12 0 1.05321998069917
4 C0 122 12 140 12
0

0101000
+579 0 -703 0 *
Wi

0101000
+718 9 +701 0 -574 11 -578 0 *
Fa
0  1e-07 122 0

0101000
+573 0 *
Ve
1e-07
3.49399321142042 2.01725792116031 0
0 0

0101101
*
Ed
 1e-07 1 1 0
1  278 0 0 1
2  531 123 0 0 1
2  532 126 0 0 1
4 C0 123 0 126 0
0

0101000
+715 11 -571 13 *
Ed
 1e-07 1 1 0
1  279 0 0 1.05321998069917
2  533 123 14 0 1.05321998069917
2  534 141 14 0 1.05321998069917
4 C0 123 14 141 14
0

0101000
+710 0 -571 0 *
Wi

0101000
+713 11 +570 0 -569 13 -709 0 *
Fa
0  1e-07 123 0

0101000
+568 0 *
Ve
1e-07
4.03451584232061 0 0
0 0

0101101
*
Ed
 1e-07 1 1 0
1  280 0 0 1
2  535 124 0 0 1
2  536 142 0 0 1
4 C0 124 0 142 0
0

0101000
+708 13 -566 18 *
Ve
5.000001e-06
-6.40216366104044 321.670990790011 -17.3740695220229
0 0

0101101
*
Ed
 1e-07 1 1 0
1  281 0 0 0.452540468105588
2  537 124 19 0 0.452540468105588
4 C0 124 19 143 19
2  538 143 19 0 0.452540468105588
0

0101000
+566 0 -564 19 *
Ve
5.000001e-06
-6.42136411323918 321.525125227759 -17.3730577803579
0 0

0101101
*
Ed
 5e-06 1 1 0
1  282 0 0 1
2  539 124 0 0 1
2  540 130 17 0 1
0

0101000
+562 0 -564 0 *
Ve
1e-07
3.89704304866987 1.04420953776041 0
0 0

0101101
*
Ed
 1e-07 1 1 0
1  281 0 0.599667770931744 1.05321998069917
2  537 124 19 0.599667770931744 1.05321998069917
4 C0 124 19 143 19
2  538 143 19 0.599667770931744 1.05321998069917
0

0101000
+562 19 -560 0 *
Ed
 1e-07 1 1 0
1  283 0 0 1
2  541 124 0 0 1
2  542 141 0 0 1
4 C0 124 0 141 0
0

0101000
+710 13 -560 18 *
Wi

0101100
-565 0 -563 18 +561 0 -559 18 +558 0 +707 13 *
Fa
0  1e-07 124 0

0101000
+557 0 *
Ve
1e-07
3.89704304866987 -1.04420953776042 0
0 0

0101101
*
Ed
 1e-07 1 1 0
1  284 0 0 1.05321998069917
2  543 125 14 0 1.05321998069917
2  544 142 14 0 1.05321998069917
4 C0 125 14 142 14
0

0101000
+555 0 -708 0 *
Ed
 1e-07 1 1 0
1  285 0 0 1
2  545 140 0 0 1
2  546 125 0 0 1
4 C0 140 0 125 0
0

0101000
+703 11 -555 13 *
Wi

0101000
+702 11 +706 0 -554 13 -553 0 *
Fa
0  1e-07 125 0

0101000
+552 0 *
Ve
1e-07
2.85283351090946 2.85283351090946 0
0 0

0101101
*
Ed
 1e-07 1 1 0
1  286 0 0 1
2  547 126 0 0 1
2  548 127 0 0 1
4 C0 126 0 127 0
0

0101000
+698 11 -550 13 *
Ed
 1e-07 1 1 0
1  287 0 0 1.05321998069917
2  549 126 14 0 1.05321998069917
2  550 144 14 0 1.05321998069917
4 C0 126 14 144 14
0

0101000
+571 0 -550 0 *
Wi

0101000
+696 11 +549 0 -548 13 -570 0 *
Fa
0  1e-07 126 0

0101000
+547 0 *
Ve
1e-07
2.01725792116031 3.49399321142042 0
0 0

0101101
*
Ed
 1e-07 1 1 0
1  288 0 0 1
2  551 127 0 0 1
2  552 128 0 0 1
4 C0 127 0 128 0
0

0101000
+693 11 -545 13 *
Ed
 1e-07 1 1 0
1  289 0 0 1.05321998069917
2  553 127 14 0 1.05321998069917
2  554 145 14 0 1.05321998069917
4 C0 127 14 145 14
0

0101000
+550 0 -545 0 *
Wi

0101000
+691 11 +544 0 -543 13 -549 0 *
Fa
0  1e-07 127 0

0101000
+542 0 *
Ve
1e-07
1.04420953776041 3.89704304866987 0
0 0

0101101
*
Ed
 1e-07 1 1 0
1  290 0 0 1
2  555 128 0 0 1
2  556 129 0 0 1
4 C0 128 0 129 0
0

0101000
+688 11 -540 13 *
Ed
 1e-07 1 1 0
1  291 0 0 1.05321998069917
2  557 128 14 0 1.05321998069917
2  558 146 14 0 1.05321998069917
4 C0 128 14 146 14
0

0101000
+545 0 -540 0 *
Wi

0101000
+686 11 +539 0 -538 13 -544 0 *
Fa
0  1e-07 128 0

0101000
+537 0 *
Ve
5.000001e-06
-9.74697448968767 318.169900844873 -16.5034004498803
0 0

0101101
*
Ed
 1e-07 1 1 0
1  292 0 0 0.432574864370545
2  559 129 14 0 0.432574864370545
2  560 147 14 0 0.432574864370545
4 C0 129 14 147 14
0

0101000
+540 0 -535 14 *
Ed
 5e-06 1 1 0
1  293 0 0 1
2  561 129 0 0 1
2  562 130 17 0 1
0

0101000
+683 0 -535 0 *
Wi

0101100
-539 0 -534 13 +533 0 +682 11 *
Fa
0  1e-07 129 0

0101000
+532 0 *
Ed
 1e-07 1 1 0
1  294 0 1.87080092216432 2.05257511709047
2  563 130 0 1.87080092216432 2.05257511709047
2  564 131 0 1.87080092216432 2.05257511709047
0

0101000
+608 20 -610 20 *
Ve
5.000001e-06
-12.0403948053087 325.757673305719 -16.4826645974601
0 0

0101101
*
Ed
 5e-06 1 1 0
1  295 0 0 1
2  565 134 0 0 1
2  566 130 17 0 1
0

0101000
+612 0 -529 0 *
Ve
5.000001e-06
-11.9195436557373 325.810546794436 -17.2867854025212
0 0

0101101
*
Ed
 5e-06 1 1 0
1  296 0 0 1
2  567 148 0 0 1
2  568 130 17 0 1
0

0101000
+529 0 -527 0 *
Ve
5.000001e-06
-12.7861064037745 325.313053370869 -17.2680067802263
0 0

0101101
*
Ed
 1e-07 1 1 0
1  297 0 4.88142466691628 5.13188253998985
2  569 143 0 4.88142466691628 5.13188253998985
2  570 130 17 4.88142466691628 5.13188253998985
0

0101000
+527 0 -525 0 *
Ve
5.000001e-06
-12.6214448816868 325.430874046128 -16.457531830331
0 0

0101101
*
Ed
 5e-06 1 1 0
1  298 0 0 1
2  571 149 0 0 1
2  572 130 17 0 1
0

0101000
+523 0 -525 0 *
Ed
 5e-06 1 1 0
1  299 0 0 1
2  573 133 0 0 1
2  574 130 17 0 1
0

0101000
+619 0 -523 0 *
Ed
 1e-07 1 1 0
1  294 0 2.08145329397126 4.71268860974397
2  563 130 0 2.08145329397126 4.71268860974397
2  564 131 0 2.08145329397126 4.71268860974397
0

0101000
+621 20 -668 20 *
Ve
5.000001e-06
-10.6867072428511 318.132008176628 -16.4670896543528
0 0

0101101
*
Ed
 5e-06 1 1 0
1  300 0 0 1
2  575 132 0 0 1
2  576 130 17 0 1
0

0101000
+670 0 -519 0 *
Ve
5.000001e-06
-10.8721189376953 318.150766937496 -17.272990147743
0 0

0101101
*
Ed
 5e-06 1 1 0
1  301 0 0 1
2  577 150 0 0 1
2  578 130 17 0 1
0

0101000
+519 0 -517 0 *
Ve
5.000001e-06
-9.86248790297604 318.153204545335 -17.2923193681544
0 0

0101101
*
Ed
 1e-07 1 1 0
1  297 0 7.50296149028654 7.75604487296922
2  569 143 0 7.50296149028654 7.75604487296922
2  570 130 17 7.50296149028654 7.75604487296922
0

0101000
+517 0 -515 0 *
Ve
5.000001e-06
-9.96490281510029 318.141263875037 -16.4948043735191
0 0

0101101
*
Ed
 5e-06 1 1 0
1  302 0 0 1
2  579 147 0 0 1
2  580 130 17 0 1
0

0101000
+513 0 -515 0 *
Ed
 5e-06 1 1 0
1  303 0 0 1
2  581 129 0 0 1
2  582 130 17 0 1
0

0101000
+677 0 -513 0 *
Ed
 1e-07 1 1 0
1  294 0 4.77241262399591 4.91288597487076
2  563 130 0 4.77241262399591 4.91288597487076
2  564 131 0 4.77241262399591 4.91288597487076
0

0101000
+679 20 -681 20 *
Ve
5.000001e-06
-9.84755272528566 318.155169877125 -17.2926138221874
0 0

0101101
*
Ed
 5e-06 1 1 0
1  304 0 0 1
2  583 147 0 0 1
2  584 130 17 0 1
0

0101000
+535 0 -509 0 *
Ve
5.000001e-06
-8.85817269281388 318.419516023055 -17.3127125299271
0 0

0101101
*
Ed
 1e-07 1 1 0
1  297 0 7.75981085831408 8.01653674264993
2  569 143 0 7.75981085831408 8.01653674264993
2  570 130 17 7.75981085831408 8.01653674264993
0

0101000
+509 0 -507 0 *
Ve
5.000001e-06
-8.83422353485475 318.429435783776 -17.3132145974571
0 0

0101101
*
Ed
 5e-06 1 1 0
1  305 0 0 1
2  585 146 0 0 1
2  586 130 17 0 1
0

0101000
+507 0 -505 0 *
Ve
5.000001e-06
-7.96766078578282 318.926929207771 -17.3319932197737
0 0

0101101
*
Ed
 1e-07 1 1 0
1  297 0 8.02301732022582 8.27347519357936
2  569 143 0 8.02301732022582 8.27347519357936
2  570 130 17 8.02301732022582 8.27347519357936
0

0101000
+505 0 -503 0 *
Ve
5.000001e-06
-7.91598293081029 318.966585523788 -17.3331572133003
0 0

0101101
*
Ed
 5e-06 1 1 0
1  306 0 0 1
2  587 145 0 0 1
2  588 130 17 0 1
0

0101000
+503 0 -501 0 *
Ve
5.000001e-06
-7.23400033927255 319.645666160673 -17.3492062037205
0 0

0101101
*
Ed
 1e-07 1 1 0
1  297 0 8.28976038215994 8.53094936687971
2  569 143 0 8.28976038215994 8.53094936687971
2  570 130 17 8.28976038215994 8.53094936687971
0

0101000
+501 0 -499 0 *
Ve
5.000001e-06
-7.17318017749296 319.724937132507 -17.3507201243105
0 0

0101101
*
Ed
 5e-06 1 1 0
1  307 0 0 1
2  589 144 0 0 1
2  590 130 17 0 1
0

0101000
+499 0 -497 0 *
Ve
5.000001e-06
-6.70622816336077 320.530560981385 -17.3632136840134
0 0

0101101
*
Ed
 1e-07 1 1 0
1  297 0 8.55592873106226 8.78924962417359
2  569 143 0 8.55592873106226 8.78924962417359
2  570 130 17 8.55592873106226 8.78924962417359
0

0101000
+497 0 -495 0 *
Ve
5.000001e-06
-6.65729744949257 320.648706507989 -17.3646718371111
0 0

0101101
*
Ed
 5e-06 1 1 0
1  308 0 0 1
2  591 141 0 0 1
2  592 130 17 0 1
0

0101000
+495 0 -493 0 *
Ed
 1e-07 1 1 0
1  297 0 8.82122028763071 9.04861492991742
2  569 143 0 8.82122028763071 9.04861492991742
2  570 130 17 8.82122028763071 9.04861492991742
0

0101000
+493 0 -562 0 *
Ve
1.00000007105427e-07
-6.37688359477817 322.119991289321 -17.3765366819533
0 0

0101101
*
Ed
 1e-07 1 1 0
1  297 0 9.08539795953543 9.19788515801116
2  569 143 0 9.08539795953543 9.19788515801116
2  570 130 17 9.08539795953543 9.19788515801116
0

0101000
+564 0 -490 0 *
Ve
1e-07
4 -9.79717439317883e-16 0
0 0

0101101
*
Ed
 1e-07 1 1 0
1  309 0 0 1.92346331804674
3  593 594CN 130 0 0 1.92346331804674
0

0101000
+488 0 -490 20 *
Ed
 1e-07 1 1 0
1  310 0 0 6.28318530717959
2  595 130 0 0 6.28318530717959
2  596 151 0 0 6.28318530717959
0

0101000
+488 0 -488 0 *
Ve
5.000001e-06
-6.40164733173739 322.564397244469 -17.3780259989538
0 0

0101101
*
Ed
 1e-07 1 1 0
1  297 0 2.91469985083157 3.02603118290113
2  569 143 0 2.91469985083157 3.02603118290113
2  570 130 17 2.91469985083157 3.02603118290113
0

0101000
+490 0 -485 0 *
Ve
5.000001e-06
-6.42205088955011 322.719406232098 -17.3783203415587
0 0

0101101
*
Ed
 5e-06 1 1 0
1  311 0 0 1
2  597 142 0 0 1
2  598 130 17 0 1
0

0101000
+485 0 -483 0 *
Ve
5.000001e-06
-6.65230886759761 323.578601278885 -17.3777100156359
0 0

0101101
*
Ed
 1e-07 1 1 0
1  297 0 3.0651201871904 3.28795942685106
2  569 143 0 3.0651201871904 3.28795942685106
2  570 130 17 3.0651201871904 3.28795942685106
0

0101000
+483 0 -481 0 *
Ve
5.000001e-06
-6.711582626419 323.721730597496 -17.3772081310905
0 0

0101101
*
Ed
 5e-06 1 1 0
1  312 0 0 1
2  599 152 0 0 1
2  600 130 17 0 1
0

0101000
+481 0 -479 0 *
Ve
5.000001e-06
-7.16019679768116 324.497579573563 -17.3720515616617
0 0

0101101
*
Ed
 1e-07 1 1 0
1  297 0 3.32669118124592 3.5512155400988
2  569 143 0 3.32669118124592 3.5512155400988
2  570 130 17 3.32669118124592 3.5512155400988
0

0101000
+479 0 -477 0 *
Ve
5.000001e-06
-7.24719688140358 324.610987290143 -17.3708878625638
0 0

0101101
*
Ed
 5e-06 1 1 0
1  313 0 0 1
2  601 153 0 0 1
2  602 130 17 0 1
0

0101000
+477 0 -475 0 *
Ve
5.000001e-06
-7.89360604254505 325.255805792532 -17.3613678267162
0 0

0101101
*
Ed
 1e-07 1 1 0
1  297 0 3.58695111329496 3.81570870677915
2  569 143 0 3.58695111329496 3.81570870677915
2  570 130 17 3.58695111329496 3.81570870677915
0

0101000
+475 0 -473 0 *
Ve
5.000001e-06
-7.98976019742095 325.329608382646 -17.3598540175495
0 0

0101101
*
Ed
 5e-06 1 1 0
1  314 0 0 1
2  603 154 0 0 1
2  604 130 17 0 1
0

0101000
+473 0 -471 0 *
Ve
5.000001e-06
-8.80361703506076 325.797603603318 -17.3463488975346
0 0

0101101
*
Ed
 1e-07 1 1 0
1  297 0 3.84601296417097 4.08125997236788
2  569 143 0 3.84601296417097 4.08125997236788
2  570 130 17 3.84601296417097 4.08125997236788
0

0101000
+471 0 -469 0 *
Ve
5.000001e-06
-8.88789587734102 325.832526215394 -17.3448905614354
0 0

0101101
*
Ed
 5e-06 1 1 0
1  315 0 0 1
2  605 155 0 0 1
2  606 130 17 0 1
0

0101000
+469 0 -467 0 *
Ve
5.000001e-06
-9.82709730001966 326.082028016828 -17.3280218883455
0 0

0101101
*
Ed
 1e-07 1 1 0
1  297 0 4.10406741751523 4.34761311963836
2  569 143 0 4.10406741751523 4.34761311963836
2  570 130 17 4.10406741751523 4.34761311963836
0

0101000
+467 0 -465 0 *
Ve
5.000001e-06
-9.88164825238574 326.089215641215 -17.3270098522472
0 0

0101101
*
Ed
 5e-06 1 1 0
1  316 0 0 1
2  607 156 0 0 1
2  608 130 17 0 1
0

0101000
+465 0 -463 0 *
Ve
5.000001e-06
-10.8912792865814 326.086778033306 -17.3076806318456
0 0

0101101
*
Ed
 1e-07 1 1 0
1  297 0 4.36136883682905 4.6144522193797
2  569 143 0 4.36136883682905 4.6144522193797
2  570 130 17 4.36136883682905 4.6144522193797
0

0101000
+463 0 -461 0 *
Ve
5.000001e-06
-10.9062144642696 326.084812701517 -17.3073861778126
0 0

0101101
*
Ed
 5e-06 1 1 0
1  317 0 0 1
2  609 157 0 0 1
2  610 130 17 0 1
0

0101000
+461 0 -459 0 *
Ve
5.000001e-06
-11.8955944957068 325.820466556015 -17.2872874700946
0 0

0101101
*
Ed
 1e-07 1 1 0
1  297 0 4.61821820472402 4.87494408877988
2  569 143 0 4.61821820472402 4.87494408877988
2  570 130 17 4.61821820472402 4.87494408877988
0

0101000
+459 0 -457 0 *
Ve
5.000001e-06
-11.7725060101023 325.86862278279 -16.4939008225182
0 0

0101101
*
Ed
 5e-06 1 1 0
1  318 0 0 1
2  611 148 0 0 1
2  612 130 17 0 1
0

0101000
+455 0 -457 0 *
Ed
 5e-06 1 1 0
1  319 0 0 1
2  613 134 0 0 1
2  614 130 17 0 1
0

0101000
+606 0 -455 0 *
Wi

0101100
-530 17 +609 0 -528 0 -526 0 -524 0 +522 0 +521 0 +618 0 -520 17 -667 0 
-518 0 -516 0 -514 0 +512 0 +511 0 +676 0 -510 17 -680 0 -533 0 -508 0 
-506 0 -504 0 -502 0 -500 0 -498 0 -496 0 -494 0 -492 0 -491 0 -561 0 
-489 0 +487 17 +486 17 -487 17 -484 0 -482 0 -480 0 -478 0 -476 0 -474 0 
-472 0 -470 0 -468 0 -466 0 -464 0 -462 0 -460 0 -458 0 -456 0 +454 0 
+453 0 +605 0 *
Ve
5.000001e-06
-12.9947530816779 325.144352271342 -16.4407080536317
0 0

0101101
*
Ve
5.000001e-06
-13.1635968501326 324.989525961081 -15.6021758306702
0 0

0101101
*
Ed
 5e-06 1 1 0
1  320 0 0 1
2  615 133 0 0 1
2  616 130 17 0 1
0

0101000
+451 0 -450 0 *
Ve
5.000001e-06
-12.8377842587452 325.273397054854 -17.2668427866998
0 0

0101101
*
Ed
 5e-06 1 1 0
1  321 0 0 1
2  617 149 0 0 1
2  618 130 17 0 1
0

0101000
+451 0 -448 0 *
Ve
5.000001e-06
-13.5197668501068 324.594316418199 -17.2507937962839
0 0

0101101
*
Ed
 1e-07 1 1 0
1  297 0 5.14816772856987 5.38935671321722
2  569 143 0 5.14816772856987 5.38935671321722
2  570 130 17 5.14816772856987 5.38935671321722
0

0101000
+448 0 -446 0 *
Ve
5.000001e-06
-13.3611401033608 324.783487692736 -16.4234921733279
0 0

0101101
*
Ed
 5e-06 1 1 0
1  322 0 0 1
2  619 158 0 0 1
2  620 130 17 0 1
0

0101000
+444 0 -446 0 *
Ed
 5e-06 1 1 0
1  323 0 0 1
2  621 159 0 0 1
2  622 130 17 0 1
0

0101000
+450 0 -444 0 *
Wi

0101100
+449 0 -447 0 -445 0 +443 0 +442 0 *
Ve
5.000001e-06
-13.7229243780469 324.31179672702 -16.4054729779576
0 0

0101101
*
Ve
5.000001e-06
-13.8237824759317 324.149495687715 -15.8953922821489
0 0

0101101
*
Ed
 5e-06 1 1 0
1  324 0 0 1
2  623 159 0 0 1
2  624 130 17 0 1
0

0101000
+440 0 -439 0 *
Ve
5.000001e-06
-13.5805870122404 324.515045445903 -17.2492798756851
0 0

0101101
*
Ed
 5e-06 1 1 0
1  325 0 0 1
2  625 158 0 0 1
2  626 130 17 0 1
0

0101000
+440 0 -437 0 *
Ve
5.000001e-06
-14.0475390261089 323.709421597466 -17.2367863159892
0 0

0101101
*
Ed
 1e-07 1 1 0
1  297 0 5.41433607754517 5.64765697052712
2  569 143 0 5.41433607754517 5.64765697052712
2  570 130 17 5.41433607754517 5.64765697052712
0

0101000
+437 0 -435 0 *
Ve
5.000001e-06
-13.9286114085631 323.959890617209 -16.3944883702378
0 0

0101101
*
Ed
 5e-06 1 1 0
1  326 0 0 1
2  627 160 0 0 1
2  628 130 17 0 1
0

0101000
+433 0 -435 0 *
Ed
 5e-06 1 1 0
1  327 0 0 1
2  629 161 0 0 1
2  630 130 17 0 1
0

0101000
+439 0 -433 0 *
Wi

0101100
+438 0 -436 0 -434 0 +432 0 +431 0 *
Ve
5.000001e-06
-14.1898127242976 323.328945983774 -16.378912262944
0 0

0101101
*
Ve
5.000001e-06
-14.2354014915572 323.174429357789 -16.0191903369309
0 0

0101101
*
Ed
 5e-06 1 1 0
1  328 0 0 1
2  631 161 0 0 1
2  632 130 17 0 1
0

0101000
+429 0 -428 0 *
Ve
5.000001e-06
-14.0964697401506 323.591276070443 -17.2353281628863
0 0

0101101
*
Ed
 5e-06 1 1 0
1  329 0 0 1
2  633 160 0 0 1
2  634 130 17 0 1
0

0101000
+429 0 -426 0 *
Ve
5.000001e-06
-14.3324030763431 322.714857350686 -17.2269422196407
0 0

0101101
*
Ed
 1e-07 1 1 0
1  297 0 5.67962763409759 5.90702227637728
2  569 143 0 5.67962763409759 5.90702227637728
2  570 130 17 5.67962763409759 5.90702227637728
0

0101000
+426 0 -424 0 *
Ve
5.000001e-06
-14.2774409746246 323.006361486543 -16.3727064665011
0 0

0101101
*
Ed
 5e-06 1 1 0
1  330 0 0 1
2  635 162 0 0 1
2  636 130 17 0 1
0

0101000
+422 0 -424 0 *
Ed
 5e-06 1 1 0
1  331 0 0 1
2  637 163 0 0 1
2  638 130 17 0 1
0

0101000
+428 0 -422 0 *
Wi

0101100
+427 0 -425 0 -423 0 +421 0 +420 0 *
Ve
5.000001e-06
-14.3739678763285 322.272691145844 -16.3625266810867
0 0

0101101
*
Ve
5.000001e-06
-14.3768728224648 322.129274521043 -16.0724732336409
0 0

0101101
*
Ed
 5e-06 1 1 0
1  332 0 0 1
2  639 163 0 0 1
2  640 130 17 0 1
0

0101000
+418 0 -417 0 *
Ve
5.000001e-06
-14.35160352849 322.568991788828 -17.2259304779785
0 0

0101101
*
Ed
 5e-06 1 1 0
1  333 0 0 1
2  641 162 0 0 1
2  642 130 17 0 1
0

0101000
+418 0 -415 0 *
Ve
5.000001e-06
-14.3521198578431 321.675585334356 -17.2219740010466
0 0

0101101
*
Ed
 1e-07 1 1 0
1  297 0 5.943805305896 6.16762383644458
2  569 143 0 5.943805305896 6.16762383644458
2  570 130 17 5.943805305896 6.16762383644458
0

0101000
+415 0 -413 0 *
Ve
5.000001e-06
-14.3744559907124 321.980653787979 -16.35992686588
0 0

0101101
*
Ed
 5e-06 1 1 0
1  334 0 0 1
2  643 164 0 0 1
2  644 130 17 0 1
0

0101000
+411 0 -413 0 *
Ed
 5e-06 1 1 0
1  335 0 0 1
2  645 165 0 0 1
2  646 130 17 0 1
0

0101000
+417 0 -411 0 *
Wi

0101100
+416 0 -414 0 -412 0 +410 0 +409 0 *
Ve
5.000001e-06
-14.2744769204381 321.220676957295 -16.3570374330573
0 0

0101101
*
Ve
5.000001e-06
-14.2406045484397 321.084780976275 -16.0850464698943
0 0

0101101
*
Ed
 5e-06 1 1 0
1  336 0 0 1
2  647 165 0 0 1
2  648 130 17 0 1
0

0101000
+407 0 -406 0 *
Ve
5.000001e-06
-14.331716299982 321.52057634636 -17.221679658441
0 0

0101101
*
Ed
 5e-06 1 1 0
1  337 0 0 1
2  649 164 0 0 1
2  650 130 17 0 1
0

0101000
+407 0 -404 0 *
Ve
5.000001e-06
-14.1014583220303 320.661381299929 -17.2222899843635
0 0

0101101
*
Ed
 1e-07 1 1 0
1  297 0 6.20671284082652 6.42955208039407
2  569 143 0 6.20671284082652 6.42955208039407
2  570 130 17 6.20671284082652 6.42955208039407
0

0101000
+404 0 -402 0 *
Ve
5.000001e-06
-14.2018151047296 320.949564467949 -16.3574229655725
0 0

0101101
*
Ed
 5e-06 1 1 0
1  338 0 0 1
2  651 166 0 0 1
2  652 130 17 0 1
0

0101000
+400 0 -402 0 *
Ed
 5e-06 1 1 0
1  339 0 0 1
2  653 167 0 0 1
2  654 130 17 0 1
0

0101000
+406 0 -400 0 *
Wi

0101100
+405 0 -403 0 -401 0 +399 0 +398 0 *
Ve
5.000001e-06
-13.9102402508603 320.245053759448 -16.3623586431365
0 0

0101101
*
Ve
5.000001e-06
-13.8363687019294 320.112016490326 -16.0630162127958
0 0

0101101
*
Ed
 5e-06 1 1 0
1  340 0 0 1
2  655 167 0 0 1
2  656 130 17 0 1
0

0101000
+396 0 -395 0 *
Ve
5.000001e-06
-14.0421845630657 320.518251980972 -17.2227918689102
0 0

0101101
*
Ed
 5e-06 1 1 0
1  341 0 0 1
2  657 166 0 0 1
2  658 130 17 0 1
0

0101000
+396 0 -393 0 *
Ve
5.000001e-06
-13.5935703919987 319.742403005239 -17.2279484383366
0 0

0101101
*
Ed
 1e-07 1 1 0
1  297 0 6.4682838348825 6.69280819363786
2  569 143 0 6.4682838348825 6.69280819363786
2  570 130 17 6.4682838348825 6.69280819363786
0

0101000
+393 0 -391 0 *
Ve
5.000001e-06
-13.7596538902126 319.985309784192 -16.3658278480362
0 0

0101101
*
Ed
 5e-06 1 1 0
1  342 0 0 1
2  659 168 0 0 1
2  660 130 17 0 1
0

0101000
+389 0 -391 0 *
Ed
 5e-06 1 1 0
1  343 0 0 1
2  661 169 0 0 1
2  662 130 17 0 1
0

0101000
+395 0 -389 0 *
Wi

0101100
+394 0 -392 0 -390 0 +388 0 +387 0 *
Ve
5.000001e-06
-13.3168494674884 319.407685873754 -16.3776745329875
0 0

0101101
*
Ve
5.000001e-06
-13.1910930287419 319.277417585476 -15.9955004531683
0 0

0101101
*
Ed
 5e-06 1 1 0
1  344 0 0 1
2  663 169 0 0 1
2  664 130 17 0 1
0

0101000
+385 0 -384 0 *
Ve
5.000001e-06
-13.5065703080292 319.628995288337 -17.2291121374379
0 0

0101101
*
Ed
 5e-06 1 1 0
1  345 0 0 1
2  665 168 0 0 1
2  666 130 17 0 1
0

0101000
+385 0 -382 0 *
Ve
5.000001e-06
-12.8601611472012 318.984176786255 -17.2386321732808
0 0

0101101
*
Ed
 1e-07 1 1 0
1  297 0 6.72854376693549 6.95730136030908
2  569 143 0 6.72854376693549 6.95730136030908
2  570 130 17 6.72854376693549 6.95730136030908
0

0101000
+382 0 -380 0 *
Ve
5.000001e-06
-13.0679966605869 319.160614586864 -16.3850176881475
0 0

0101101
*
Ed
 5e-06 1 1 0
1  346 0 0 1
2  667 170 0 0 1
2  668 130 17 0 1
0

0101000
+378 0 -380 0 *
Ed
 5e-06 1 1 0
1  347 0 0 1
2  669 171 0 0 1
2  670 130 17 0 1
0

0101000
+384 0 -378 0 *
Wi

0101100
+383 0 -381 0 -379 0 +377 0 +376 0 *
Ve
5.000001e-06
-12.5425951142426 318.757002497417 -16.401564424933
0 0

0101101
*
Ve
5.000001e-06
-12.3463236751116 318.638424720953 -15.842154021922
0 0

0101101
*
Ed
 5e-06 1 1 0
1  348 0 0 1
2  671 171 0 0 1
2  672 130 17 0 1
0

0101000
+374 0 -373 0 *
Ve
5.000001e-06
-12.7640069919453 318.91037419585 -17.2401459824535
0 0

0101101
*
Ed
 5e-06 1 1 0
1  349 0 0 1
2  673 170 0 0 1
2  674 130 17 0 1
0

0101000
+374 0 -371 0 *
Ve
5.000001e-06
-11.9501501547898 318.442378975445 -17.2536511024603
0 0

0101101
*
Ed
 1e-07 1 1 0
1  297 0 6.98760561782064 7.22285262587805
2  569 143 0 6.98760561782064 7.22285262587805
2  570 130 17 6.98760561782064 7.22285262587805
0

0101000
+371 0 -369 0 *
Ve
5.000001e-06
-12.1668739887388 318.542850756782 -16.4140554476469
0 0

0101101
*
Ed
 5e-06 1 1 0
1  350 0 0 1
2  675 172 0 0 1
2  676 130 17 0 1
0

0101000
+367 0 -369 0 *
Ed
 5e-06 1 1 0
1  351 0 0 1
2  677 173 0 0 1
2  678 130 17 0 1
0

0101000
+373 0 -367 0 *
Wi

0101100
+372 0 -370 0 -368 0 +366 0 +365 0 *
Ve
5.000001e-06
-11.3786712595741 318.247469956303 -15.5805849486684
0 0

0101101
*
Ve
5.000001e-06
-11.3513544859536 318.24050595203 -15.5102342917114
0 0

0101101
*
Ed
 5e-06 1 1 0
1  352 0 0 1
2  679 107 0 0 1
2  680 130 17 0 1
0

0101000
+363 0 -362 0 *
Ve
5.000001e-06
-11.6446406699324 318.326207953599 -16.4321333950253
0 0

0101101
*
Ed
 5e-06 1 1 0
1  353 0 0 1
2  681 173 0 0 1
2  682 130 17 0 1
0

0101000
+363 0 -360 0 *
Ve
5.000001e-06
-11.865871311921 318.407456363126 -17.2551094385697
0 0

0101101
*
Ed
 5e-06 1 1 0
1  354 0 0 1
2  683 172 0 0 1
2  684 130 17 0 1
0

0101000
+360 0 -358 0 *
Ve
5.000001e-06
-10.926669889012 318.157954561744 -17.2719781116643
0 0

0101101
*
Ed
 1e-07 1 1 0
1  297 0 7.24566007118464 7.48920577336045
2  569 143 0 7.24566007118464 7.48920577336045
2  570 130 17 7.24566007118464 7.48920577336045
0

0101000
+358 0 -356 0 *
Ve
5.000001e-06
-11.1131036722626 318.188327519676 -16.4512636455751
0 0

0101101
*
Ed
 5e-06 1 1 0
1  355 0 0 1
2  685 150 0 0 1
2  686 130 17 0 1
0

0101000
+354 0 -356 0 *
Ve
5.000001e-06
-11.3291661174531 318.234999912624 -15.5841604600036
0 0

0101101
*
Ed
 5e-06 1 1 0
1  356 0 0 1
2  687 132 0 0 1
2  688 130 17 0 1
0

0101000
+352 0 -354 0 *
Ed
 5e-06 1 1 0
1  357 0 0 1
2  689 106 0 0 1
2  690 130 17 0 1
0

0101000
+362 0 -352 0 *
Wi

0101100
+361 0 -359 0 -357 0 -355 0 +353 0 +351 0 +350 0 *
Fa
0  1e-07 130 17

0101000
+452 0 +441 0 +430 0 +419 0 +408 0 +397 0 +386 0 +375 0 +364 0 +349 0 
*
Wi

0101100
+510 17 -678 0 *
Fa
0  1e-07 131 17

0101000
+347 0 *
Ve
1e-07
2.47042845620361e-16 4.03451584232061 0
0 0

0101101
*
Ed
 1e-07 1 1 0
1  292 0 0.65254468863587 1.05321998069917
2  559 129 14 0.65254468863587 1.05321998069917
2  560 147 14 0.65254468863587 1.05321998069917
4 C0 129 14 147 14
0

0101000
+513 14 -345 0 *
Ed
 1e-07 1 1 0
1  358 0 0 1
2  691 129 0 0 1
2  692 132 0 0 1
4 C0 129 0 132 0
0

0101000
+675 11 -345 13 *
Wi

0101100
-511 0 -344 13 +343 0 +674 11 *
Fa
0  1e-07 129 0

0101000
+342 0 *
Ed
 1e-07 1 1 0
1  359 0 0 0.327890821706749
2  693 132 14 0 0.327890821706749
2  694 150 14 0 0.327890821706749
4 C0 132 14 150 14
0

0101000
+345 0 -519 14 *
Wi

0101100
-343 0 -340 13 +518 0 +669 11 *
Fa
0  1e-07 132 0

0101000
+339 0 *
Wi

0101100
-620 0 -625 0 -630 0 -635 0 -640 0 -645 0 -650 0 -655 0 -660 0 -665 0 
+520 17 *
Fa
0  1e-07 131 17

0101000
+337 0 *
Ve
1e-07
-2.01725792116031 -3.49399321142042 0
0 0

0101101
*
Ed
 1e-07 1 1 0
1  360 0 0.74568673197334 1.05321998069917
2  695 133 14 0.74568673197334 1.05321998069917
2  696 149 14 0.74568673197334 1.05321998069917
4 C0 133 14 149 14
0

0101000
+523 14 -335 0 *
Ed
 1e-07 1 1 0
1  361 0 0 1
2  697 133 0 0 1
2  698 134 0 0 1
4 C0 133 0 134 0
0

0101000
+617 11 -335 13 *
Wi

0101100
-521 0 -334 13 +333 0 +616 11 *
Fa
0  1e-07 133 0

0101000
+332 0 *
Ed
 1e-07 1 1 0
1  362 0 0 0.365299952640704
2  699 134 14 0 0.365299952640704
2  700 148 14 0 0.365299952640704
4 C0 134 14 148 14
0

0101000
+335 0 -529 14 *
Wi

0101100
-333 0 -330 13 +528 0 +611 11 *
Fa
0  1e-07 134 0

0101000
+329 0 *
Wi

0101100
-607 0 +530 17 *
Fa
0  1e-07 131 17

0101000
+327 0 *
Ve
1e-07
-1.04420953776041 -3.89704304866987 0
0 0

0101101
*
Ed
 1e-07 1 1 0
1  362 0 0.655473083397379 1.05321998069917
2  699 134 14 0.655473083397379 1.05321998069917
2  700 148 14 0.655473083397379 1.05321998069917
4 C0 134 14 148 14
0

0101000
+455 14 -325 0 *
Ed
 1e-07 1 1 0
1  363 0 0 1
2  701 134 0 0 1
2  702 135 0 0 1
4 C0 134 0 135 0
0

0101000
+604 11 -325 13 *
Wi

0101100
-453 0 -324 13 +323 0 +603 11 *
Fa
0  1e-07 134 0

0101000
+322 0 *
Ve
1e-07
-7.41128536861084e-16 -4.03451584232061 0
0 0

0101101
*
Ed
 1e-07 1 1 0
1  364 0 0 1
2  703 135 0 0 1
2  704 136 0 0 1
4 C0 135 0 136 0
0

0101000
+599 11 -320 13 *
Ed
 1e-07 1 1 0
1  365 0 0 1.05321998069917
2  705 135 14 0 1.05321998069917
2  706 157 14 0 1.05321998069917
4 C0 135 14 157 14
0

0101000
+325 0 -320 0 *
Wi

0101000
+597 11 +319 0 -318 13 -323 0 *
Fa
0  1e-07 135 0

0101000
+317 0 *
Ve
1e-07
1.04420953776041 -3.89704304866987 0
0 0

0101101
*
Ed
 1e-07 1 1 0
1  366 0 0 1
2  707 136 0 0 1
2  708 137 0 0 1
4 C0 136 0 137 0
0

0101000
+594 11 -315 13 *
Ed
 1e-07 1 1 0
1  367 0 0 1.05321998069917
2  709 136 14 0 1.05321998069917
2  710 156 14 0 1.05321998069917
4 C0 136 14 156 14
0

0101000
+320 0 -315 0 *
Wi

0101000
+592 11 +314 0 -313 13 -319 0 *
Fa
0  1e-07 136 0

0101000
+312 0 *
Ve
1e-07
2.01725792116031 -3.49399321142042 0
0 0

0101101
*
Ed
 1e-07 1 1 0
1  368 0 0 1
2  711 137 0 0 1
2  712 138 0 0 1
4 C0 137 0 138 0
0

0101000
+589 11 -310 13 *
Ed
 1e-07 1 1 0
1  369 0 0 1.05321998069917
2  713 137 14 0 1.05321998069917
2  714 155 14 0 1.05321998069917
4 C0 137 14 155 14
0

0101000
+315 0 -310 0 *
Wi

0101000
+587 11 +309 0 -308 13 -314 0 *
Fa
0  1e-07 137 0

0101000
+307 0 *
Ve
1e-07
2.85283351090946 -2.85283351090946 0
0 0

0101101
*
Ed
 1e-07 1 1 0
1  370 0 0 1
2  715 138 0 0 1
2  716 139 0 0 1
4 C0 138 0 139 0
0

0101000
+584 11 -305 13 *
Ed
 1e-07 1 1 0
1  371 0 0 1.05321998069917
2  717 138 14 0 1.05321998069917
2  718 154 14 0 1.05321998069917
4 C0 138 14 154 14
0

0101000
+310 0 -305 0 *
Wi

0101000
+582 11 +304 0 -303 13 -309 0 *
Fa
0  1e-07 138 0

0101000
+302 0 *
Ve
1e-07
3.49399321142042 -2.01725792116031 0
0 0

0101101
*
Ed
 1e-07 1 1 0
1  372 0 0 1
2  719 139 0 0 1
2  720 140 0 0 1
4 C0 139 0 140 0
0

0101000
+579 11 -300 13 *
Ed
 1e-07 1 1 0
1  373 0 0 1.05321998069917
2  721 139 14 0 1.05321998069917
2  722 153 14 0 1.05321998069917
4 C0 139 14 153 14
0

0101000
+305 0 -300 0 *
Wi

0101000
+577 11 +299 0 -298 13 -304 0 *
Fa
0  1e-07 139 0

0101000
+297 0 *
Ed
 1e-07 1 1 0
1  374 0 0 1.05321998069917
2  723 140 14 0 1.05321998069917
2  724 152 14 0 1.05321998069917
4 C0 140 14 152 14
0

0101000
+300 0 -555 0 *
Wi

0101000
+574 11 +553 0 -295 13 -299 0 *
Fa
0  1e-07 140 0

0101000
+294 0 *
Ed
 1e-07 1 1 0
1  375 0 0 0.461938153405941
2  725 141 19 0 0.461938153405941
4 C0 141 19 143 19
2  726 143 19 0 0.461938153405941
0

0101000
+560 0 -493 19 *
Ve
1e-07
3.49399321142042 2.01725792116031 0
0 0

0101101
*
Ed
 1e-07 1 1 0
1  375 0 0.589823674191745 1.05321998069917
2  725 141 19 0.589823674191745 1.05321998069917
4 C0 141 19 143 19
2  726 143 19 0.589823674191745 1.05321998069917
0

0101000
+495 19 -291 0 *
Ed
 1e-07 1 1 0
1  376 0 0 1
2  727 141 0 0 1
2  728 144 0 0 1
4 C0 141 0 144 0
0

0101000
+571 13 -291 18 *
Wi

0101100
-558 0 -292 18 +492 0 -290 18 +289 0 +569 13 *
Fa
0  1e-07 141 0

0101000
+288 0 *
Ve
1e-07
3.89704304866987 -1.04420953776042 0
0 0

0101101
*
Ed
 1e-07 1 1 0
1  377 0 0 1
2  729 152 0 0 1
2  730 142 0 0 1
4 C0 152 0 142 0
0

0101000
+555 13 -286 18 *
Ed
 1e-07 1 1 0
1  378 0 0 0.448289649009616
2  731 142 19 0 0.448289649009616
4 C0 142 19 143 19
2  732 143 19 0 0.448289649009616
0

0101000
+286 0 -483 19 *
Ed
 1e-07 1 1 0
1  378 0 0.604635989083925 1.05321998069917
2  731 142 19 0.604635989083925 1.05321998069917
4 C0 142 19 143 19
2  732 143 19 0.604635989083925 1.05321998069917
0

0101000
+485 19 -566 0 *
Wi

0101100
-285 0 -284 18 +482 0 -283 18 +565 0 +554 13 *
Fa
0  1e-07 142 0

0101000
+282 0 *
Wi

0101100
-563 18 -489 0 -484 0 -283 18 *
Fa
0  1e-07 143 0

0101000
+280 0 *
Wi

0101100
-559 18 -292 18 -491 0 *
Fa
0  1e-07 143 0

0101000
+278 0 *
Ed
 1e-07 1 1 0
1  379 0 0 0.475889866097769
2  733 144 19 0 0.475889866097769
4 C0 144 19 143 19
2  734 143 19 0 0.475889866097769
0

0101000
+291 0 -497 19 *
Ve
1e-07
2.85283351090946 2.85283351090946 0
0 0

0101101
*
Ed
 1e-07 1 1 0
1  379 0 0.575816194009732 1.05321998069917
2  733 144 19 0.575816194009732 1.05321998069917
4 C0 144 19 143 19
2  734 143 19 0.575816194009732 1.05321998069917
0

0101000
+499 19 -275 0 *
Ed
 1e-07 1 1 0
1  380 0 0 1
2  735 144 0 0 1
2  736 145 0 0 1
4 C0 144 0 145 0
0

0101000
+550 13 -275 18 *
Wi

0101100
-289 0 -276 18 +496 0 -274 18 +273 0 +548 13 *
Fa
0  1e-07 144 0

0101000
+272 0 *
Ed
 1e-07 1 1 0
1  381 0 0 0.493452776876786
2  737 145 19 0 0.493452776876786
4 C0 145 19 143 19
2  738 143 19 0 0.493452776876786
0

0101000
+275 0 -501 19 *
Ve
1e-07
2.01725792116031 3.49399321142042 0
0 0

0101101
*
Ed
 1e-07 1 1 0
1  381 0 0.558603210302149 1.05321998069917
2  737 145 19 0.558603210302149 1.05321998069917
4 C0 145 19 143 19
2  738 143 19 0.558603210302149 1.05321998069917
0

0101000
+503 19 -269 0 *
Ed
 1e-07 1 1 0
1  382 0 0 1
2  739 145 0 0 1
2  740 146 0 0 1
4 C0 145 0 146 0
0

0101000
+545 13 -269 18 *
Wi

0101100
-273 0 -270 18 +500 0 -268 18 +267 0 +543 13 *
Fa
0  1e-07 145 0

0101000
+266 0 *
Ed
 1e-07 1 1 0
1  383 0 0 0.513395393297952
2  741 146 19 0 0.513395393297952
4 C0 146 19 143 19
2  742 143 19 0 0.513395393297952
0

0101000
+269 0 -505 19 *
Ve
1e-07
1.04420953776041 3.89704304866987 0
0 0

0101101
*
Ed
 1e-07 1 1 0
1  383 0 0.53932251985524 1.05321998069917
2  741 146 19 0.53932251985524 1.05321998069917
4 C0 146 19 143 19
2  742 143 19 0.53932251985524 1.05321998069917
0

0101000
+507 19 -263 0 *
Ed
 1e-07 1 1 0
1  384 0 0 1
2  743 146 0 0 1
2  744 147 0 0 1
4 C0 146 0 147 0
0

0101000
+540 13 -263 18 *
Wi

0101100
-267 0 -264 18 +504 0 -262 18 +261 0 +538 13 *
Fa
0  1e-07 146 0

0101000
+260 0 *
Ed
 1e-07 1 1 0
1  385 0 0 0.519223812340981
2  745 147 19 0 0.519223812340981
4 C0 147 19 143 19
2  746 143 19 0 0.519223812340981
0

0101000
+263 0 -509 19 *
Wi

0101100
-261 0 -258 18 +508 0 +534 13 *
Fa
0  1e-07 147 0

0101000
+257 0 *
Ve
1e-07
-2.01725792116031 -3.49399321142042 0
0 0

0101101
*
Ed
 1e-07 1 1 0
1  386 0 0 1
2  747 149 0 0 1
2  748 148 0 0 1
4 C0 149 0 148 0
0

0101000
+335 13 -255 18 *
Ed
 1e-07 1 1 0
1  387 0 0 0.513395392176677
2  749 148 19 0 0.513395392176677
4 C0 148 19 143 19
2  750 143 19 0 0.513395392176677
0

0101000
+255 0 -527 19 *
Wi

0101100
-254 0 -253 18 +526 0 +330 13 *
Fa
0  1e-07 148 0

0101000
+252 0 *
Ed
 1e-07 1 1 0
1  388 0 0.558603210300955 1.05321998069917
2  751 149 19 0.558603210300955 1.05321998069917
4 C0 149 19 143 19
2  752 143 19 0.558603210300955 1.05321998069917
0

0101000
+525 19 -255 0 *
Wi

0101100
-524 0 -250 18 -253 18 *
Fa
0  1e-07 143 0

0101000
+249 0 *
Wi

0101100
-522 0 -250 18 +254 0 +334 13 *
Fa
0  1e-07 149 0

0101000
+247 0 *
Ve
1e-07
2.47042845620361e-16 4.03451584232061 0
0 0

0101101
*
Ed
 1e-07 1 1 0
1  389 0 0 1
2  753 147 0 0 1
2  754 150 0 0 1
4 C0 147 0 150 0
0

0101000
+345 13 -245 18 *
Ed
 1e-07 1 1 0
1  390 0 0 0.499600138202446
2  755 150 19 0 0.499600138202446
4 C0 150 19 143 19
2  756 143 19 0 0.499600138202446
0

0101000
+245 0 -517 19 *
Wi

0101100
-244 0 -243 18 +516 0 +340 13 *
Fa
0  1e-07 150 0

0101000
+242 0 *
Ed
 1e-07 1 1 0
1  385 0 0.53429062238373 1.05321998069917
2  745 147 19 0.53429062238373 1.05321998069917
4 C0 147 19 143 19
2  746 143 19 0.53429062238373 1.05321998069917
0

0101000
+515 19 -245 0 *
Wi

0101100
-240 18 -243 18 -514 0 *
Fa
0  1e-07 143 0

0101000
+239 0 *
Wi

0101100
-512 0 -240 18 +244 0 +344 13 *
Fa
0  1e-07 147 0

0101000
+237 0 *
Wi

0101100
-262 18 -258 18 -506 0 *
Fa
0  1e-07 143 0

0101000
+235 0 *
Wi

0101100
-268 18 -264 18 -502 0 *
Fa
0  1e-07 143 0

0101000
+233 0 *
Wi

0101100
-274 18 -270 18 -498 0 *
Fa
0  1e-07 143 0

0101000
+231 0 *
Wi

0101100
-290 18 -276 18 -494 0 *
Fa
0  1e-07 143 0

0101000
+229 0 *
Wi

0101100
-486 0 *
Fa
0  1e-07 151 0

0111000
-227 0 *
Ed
 1e-07 1 1 0
1  391 0 0.604320006039979 1.05321998069917
2  757 152 19 0.604320006039979 1.05321998069917
4 C0 152 19 143 19
2  758 143 19 0.604320006039979 1.05321998069917
0

0101000
+481 19 -286 0 *
Wi

0101100
-480 0 -225 18 -284 18 *
Fa
0  1e-07 143 0

0101000
+224 0 *
Ve
1e-07
3.49399321142042 -2.01725792116031 0
0 0

0101101
*
Ed
 1e-07 1 1 0
1  392 0 0 1
2  759 153 0 0 1
2  760 152 0 0 1
4 C0 153 0 152 0
0

0101000
+300 13 -222 18 *
Ed
 1e-07 1 1 0
1  391 0 0 0.449401859204333
2  757 152 19 0 0.449401859204333
4 C0 152 19 143 19
2  758 143 19 0 0.449401859204333
0

0101000
+222 0 -479 19 *
Wi

0101100
-221 0 -220 18 +478 0 -225 18 +285 0 +295 13 *
Fa
0  1e-07 152 0

0101000
+219 0 *
Ed
 1e-07 1 1 0
1  393 0 0.598661551916253 1.05321998069917
2  761 153 19 0.598661551916253 1.05321998069917
4 C0 153 19 143 19
2  762 143 19 0.598661551916253 1.05321998069917
0

0101000
+477 19 -222 0 *
Wi

0101100
-476 0 -217 18 -220 18 *
Fa
0  1e-07 143 0

0101000
+216 0 *
Ve
1e-07
2.85283351090946 -2.85283351090946 0
0 0

0101101
*
Ed
 1e-07 1 1 0
1  394 0 0 1
2  763 154 0 0 1
2  764 153 0 0 1
4 C0 154 0 153 0
0

0101000
+305 13 -214 18 *
Ed
 1e-07 1 1 0
1  393 0 0 0.455722127882452
2  761 153 19 0 0.455722127882452
4 C0 153 19 143 19
2  762 143 19 0 0.455722127882452
0

0101000
+214 0 -475 19 *
Wi

0101100
-213 0 -212 18 +474 0 -217 18 +221 0 +298 13 *
Fa
0  1e-07 153 0

0101000
+211 0 *
Ed
 1e-07 1 1 0
1  395 0 0.587977816858971 1.05321998069917
2  765 154 19 0.587977816858971 1.05321998069917
4 C0 154 19 143 19
2  766 143 19 0.587977816858971 1.05321998069917
0

0101000
+473 19 -214 0 *
Wi

0101100
-472 0 -209 18 -212 18 *
Fa
0  1e-07 143 0

0101000
+208 0 *
Ve
1e-07
2.01725792116031 -3.49399321142042 0
0 0

0101101
*
Ed
 1e-07 1 1 0
1  396 0 0 1
2  767 155 0 0 1
2  768 154 0 0 1
4 C0 155 0 154 0
0

0101000
+310 13 -206 18 *
Ed
 1e-07 1 1 0
1  395 0 0 0.466755973012242
2  765 154 19 0 0.466755973012242
4 C0 154 19 143 19
2  766 143 19 0 0.466755973012242
0

0101000
+206 0 -471 19 *
Wi

0101100
-205 0 -204 18 +470 0 -209 18 +213 0 +303 13 *
Fa
0  1e-07 154 0

0101000
+203 0 *
Ed
 1e-07 1 1 0
1  397 0 0.572958887779898 1.05321998069917
2  769 155 19 0.572958887779898 1.05321998069917
4 C0 155 19 143 19
2  770 143 19 0.572958887779898 1.05321998069917
0

0101000
+469 19 -206 0 *
Wi

0101100
-468 0 -201 18 -204 18 *
Fa
0  1e-07 143 0

0101000
+200 0 *
Ve
1e-07
1.04420953776041 -3.89704304866987 0
0 0

0101101
*
Ed
 1e-07 1 1 0
1  398 0 0 1
2  771 156 0 0 1
2  772 155 0 0 1
4 C0 156 0 155 0
0

0101000
+315 13 -198 18 *
Ed
 1e-07 1 1 0
1  397 0 0 0.481719429021864
2  769 155 19 0 0.481719429021864
4 C0 155 19 143 19
2  770 143 19 0 0.481719429021864
0

0101000
+198 0 -467 19 *
Wi

0101100
-197 0 -196 18 +466 0 -201 18 +205 0 +308 13 *
Fa
0  1e-07 155 0

0101000
+195 0 *
Ed
 1e-07 1 1 0
1  399 0 0.554631879108741 1.05321998069917
2  773 156 19 0.554631879108741 1.05321998069917
4 C0 156 19 143 19
2  774 143 19 0.554631879108741 1.05321998069917
0

0101000
+465 19 -198 0 *
Wi

0101100
-464 0 -193 18 -196 18 *
Fa
0  1e-07 143 0

0101000
+192 0 *
Ve
1e-07
-7.41128536861084e-16 -4.03451584232061 0
0 0

0101101
*
Ed
 1e-07 1 1 0
1  400 0 0 1
2  775 157 0 0 1
2  776 156 0 0 1
4 C0 157 0 156 0
0

0101000
+320 13 -190 18 *
Ed
 1e-07 1 1 0
1  399 0 0 0.499600137673159
2  773 156 19 0 0.499600137673159
4 C0 156 19 143 19
2  774 143 19 0 0.499600137673159
0

0101000
+190 0 -463 19 *
Wi

0101100
-189 0 -188 18 +462 0 -193 18 +197 0 +313 13 *
Fa
0  1e-07 156 0

0101000
+187 0 *
Ed
 1e-07 1 1 0
1  401 0 0.534290622382639 1.05321998069917
2  777 157 19 0.534290622382639 1.05321998069917
4 C0 157 19 143 19
2  778 143 19 0.534290622382639 1.05321998069917
0

0101000
+461 19 -190 0 *
Wi

0101100
-460 0 -185 18 -188 18 *
Fa
0  1e-07 143 0

0101000
+184 0 *
Ve
1e-07
-1.04420953776041 -3.89704304866987 0
0 0

0101101
*
Ed
 1e-07 1 1 0
1  402 0 0 1
2  779 148 0 0 1
2  780 157 0 0 1
4 C0 148 0 157 0
0

0101000
+325 13 -182 18 *
Ed
 1e-07 1 1 0
1  401 0 0 0.519223812342039
2  777 157 19 0 0.519223812342039
4 C0 157 19 143 19
2  778 143 19 0 0.519223812342039
0

0101000
+182 0 -459 19 *
Wi

0101100
-181 0 -180 18 +458 0 -185 18 +189 0 +318 13 *
Fa
0  1e-07 157 0

0101000
+179 0 *
Ed
 1e-07 1 1 0
1  387 0 0.539322520976421 1.05321998069917
2  749 148 19 0.539322520976421 1.05321998069917
4 C0 148 19 143 19
2  750 143 19 0.539322520976421 1.05321998069917
0

0101000
+457 19 -182 0 *
Wi

0101100
-456 0 -177 18 -180 18 *
Fa
0  1e-07 143 0

0101000
+176 0 *
Wi

0101100
-454 0 -177 18 +181 0 +324 13 *
Fa
0  1e-07 148 0

0101000
+174 0 *
Ve
1e-07
-2.85283351090946 -2.85283351090946 0
0 0

0101101
*
Ed
 1e-07 1 1 0
1  403 0 0.0448562875761443 1
2  781 159 0 0.0448562875761443 1
2  782 133 0 0.0448562875761443 1
4 C0 159 0 133 0
0

0101000
+450 0 -172 13 *
Ed
 1e-07 1 1 0
1  360 0 0 0.274797382901218
2  695 133 14 0 0.274797382901218
2  696 149 14 0 0.274797382901218
4 C0 133 14 149 14
0

0101000
+172 0 -451 14 *
Wi

0101100
-171 0 -170 13 -449 0 *
Fa
0  1e-07 133 0

0101000
+169 0 *
Ve
1e-07
-2.85283351090946 -2.85283351090946 0
0 0

0101101
*
Ed
 1e-07 1 1 0
1  404 0 0 1
2  783 158 0 0 1
2  784 149 0 0 1
4 C0 158 0 149 0
0

0101000
+172 13 -167 18 *
Ed
 1e-07 1 1 0
1  388 0 0 0.493452776877824
2  751 149 19 0 0.493452776877824
4 C0 149 19 143 19
2  752 143 19 0 0.493452776877824
0

0101000
+167 0 -448 19 *
Wi

0101100
-166 0 -165 18 +447 0 +170 13 *
Fa
0  1e-07 149 0

0101000
+164 0 *
Ed
 1e-07 1 1 0
1  405 0 0.575816194300512 1.05321998069917
2  785 158 19 0.575816194300512 1.05321998069917
4 C0 158 19 143 19
2  786 143 19 0.575816194300512 1.05321998069917
0

0101000
+446 19 -167 0 *
Wi

0101100
-445 0 -162 18 -165 18 *
Fa
0  1e-07 143 0

0101000
+161 0 *
Ed
 1e-07 1 1 0
1  406 0 0.809045561293483 1.05321998069917
2  787 159 14 0.809045561293483 1.05321998069917
2  788 158 14 0.809045561293483 1.05321998069917
4 C0 159 14 158 14
0

0101000
+444 14 -172 0 *
Wi

0101100
-443 0 -162 18 +166 0 +159 13 *
Fa
0  1e-07 158 0

0101000
+158 0 *
Wi

0101100
-442 0 -159 13 +171 0 *
Fa
0  1e-07 159 0

0101000
+156 0 *
Ve
1e-07
-3.49399321142042 -2.0172579211603 0
0 0

0101101
*
Ed
 1e-07 1 1 0
1  407 0 0.440160629258327 1
2  789 161 0 0.440160629258327 1
2  790 159 0 0.440160629258327 1
4 C0 161 0 159 0
0

0101000
+439 0 -154 13 *
Ed
 1e-07 1 1 0
1  406 0 0 0.214314596948799
2  787 159 14 0 0.214314596948799
2  788 158 14 0 0.214314596948799
4 C0 159 14 158 14
0

0101000
+154 0 -440 14 *
Wi

0101100
-153 0 -152 13 -438 0 *
Fa
0  1e-07 159 0

0101000
+151 0 *
Ve
1e-07
-3.49399321142042 -2.0172579211603 0
0 0

0101101
*
Ed
 1e-07 1 1 0
1  408 0 0 1
2  791 160 0 0 1
2  792 158 0 0 1
4 C0 160 0 158 0
0

0101000
+154 13 -149 18 *
Ed
 1e-07 1 1 0
1  405 0 0 0.475889865806864
2  785 158 19 0 0.475889865806864
4 C0 158 19 143 19
2  786 143 19 0 0.475889865806864
0

0101000
+149 0 -437 19 *
Wi

0101100
-148 0 -147 18 +436 0 +152 13 *
Fa
0  1e-07 158 0

0101000
+146 0 *
Ed
 1e-07 1 1 0
1  409 0 0.589823674418414 1.05321998069917
2  793 160 19 0.589823674418414 1.05321998069917
4 C0 160 19 143 19
2  794 143 19 0.589823674418414 1.05321998069917
0

0101000
+435 19 -149 0 *
Wi

0101100
-434 0 -144 18 -147 18 *
Fa
0  1e-07 143 0

0101000
+143 0 *
Ed
 1e-07 1 1 0
1  410 0 0.856265464391229 1.05321998069917
2  795 161 14 0.856265464391229 1.05321998069917
2  796 160 14 0.856265464391229 1.05321998069917
4 C0 161 14 160 14
0

0101000
+433 14 -154 0 *
Wi

0101100
-432 0 -144 18 +148 0 +141 13 *
Fa
0  1e-07 160 0

0101000
+140 0 *
Wi

0101100
-431 0 -141 13 +153 0 *
Fa
0  1e-07 161 0

0101000
+138 0 *
Ve
1e-07
-3.89704304866987 -1.04420953776041 0
0 0

0101101
*
Ed
 1e-07 1 1 0
1  411 0 0.614771765199989 1
2  797 163 0 0.614771765199989 1
2  798 161 0 0.614771765199989 1
4 C0 163 0 161 0
0

0101000
+428 0 -136 13 *
Ed
 1e-07 1 1 0
1  410 0 0 0.173213582818088
2  795 161 14 0 0.173213582818088
2  796 160 14 0 0.173213582818088
4 C0 161 14 160 14
0

0101000
+136 0 -429 14 *
Wi

0101100
-135 0 -134 13 -427 0 *
Fa
0  1e-07 161 0

0101000
+133 0 *
Ve
1e-07
-3.89704304866987 -1.04420953776041 0
0 0

0101101
*
Ed
 1e-07 1 1 0
1  412 0 0 1
2  799 162 0 0 1
2  800 160 0 0 1
4 C0 162 0 160 0
0

0101000
+136 13 -131 18 *
Ed
 1e-07 1 1 0
1  409 0 0 0.461938153179083
2  793 160 19 0 0.461938153179083
4 C0 160 19 143 19
2  794 143 19 0 0.461938153179083
0

0101000
+131 0 -426 19 *
Wi

0101100
-130 0 -129 18 +425 0 +134 13 *
Fa
0  1e-07 160 0

0101000
+128 0 *
Ed
 1e-07 1 1 0
1  413 0 0.599667770732964 1.05321998069917
2  801 162 19 0.599667770732964 1.05321998069917
4 C0 162 19 143 19
2  802 143 19 0.599667770732964 1.05321998069917
0

0101000
+424 19 -131 0 *
Wi

0101100
-423 0 -126 18 -129 18 *
Fa
0  1e-07 143 0

0101000
+125 0 *
Ed
 1e-07 1 1 0
1  414 0 0.889218665374242 1.05321998069917
2  803 163 14 0.889218665374242 1.05321998069917
2  804 162 14 0.889218665374242 1.05321998069917
4 C0 163 14 162 14
0

0101000
+422 14 -136 0 *
Wi

0101100
-421 0 -126 18 +130 0 +123 13 *
Fa
0  1e-07 162 0

0101000
+122 0 *
Wi

0101100
-420 0 -123 13 +135 0 *
Fa
0  1e-07 163 0

0101000
+120 0 *
Ve
1e-07
-4.03451584232061 4.94085691240722e-16 0
0 0

0101101
*
Ed
 1e-07 1 1 0
1  415 0 0.692974974914583 1
2  805 165 0 0.692974974914583 1
2  806 163 0 0.692974974914583 1
4 C0 165 0 163 0
0

0101000
+417 0 -118 13 *
Ed
 1e-07 1 1 0
1  414 0 0 0.149155668322616
2  803 163 14 0 0.149155668322616
2  804 162 14 0 0.149155668322616
4 C0 163 14 162 14
0

0101000
+118 0 -418 14 *
Wi

0101100
-117 0 -116 13 -416 0 *
Fa
0  1e-07 163 0

0101000
+115 0 *
Ve
1e-07
-4.03451584232061 4.94085691240722e-16 0
0 0

0101101
*
Ed
 1e-07 1 1 0
1  416 0 0 1
2  807 164 0 0 1
2  808 162 0 0 1
4 C0 164 0 162 0
0

0101000
+118 13 -113 18 *
Ed
 1e-07 1 1 0
1  413 0 0 0.452540468304082
2  801 162 19 0 0.452540468304082
4 C0 162 19 143 19
2  802 143 19 0 0.452540468304082
0

0101000
+113 0 -415 19 *
Wi

0101100
-112 0 -111 18 +414 0 +116 13 *
Fa
0  1e-07 162 0

0101000
+110 0 *
Ed
 1e-07 1 1 0
1  417 0 0.604635989269228 1.05321998069917
2  809 164 19 0.604635989269228 1.05321998069917
4 C0 164 19 143 19
2  810 143 19 0.604635989269228 1.05321998069917
0

0101000
+413 19 -113 0 *
Wi

0101100
-108 18 -111 18 -412 0 *
Fa
0  1e-07 143 0

0101000
+107 0 *
Ed
 1e-07 1 1 0
1  418 0 0.907806641069234 1.05321998069917
2  811 165 14 0.907806641069234 1.05321998069917
2  812 164 14 0.907806641069234 1.05321998069917
4 C0 165 14 164 14
0

0101000
+411 14 -118 0 *
Wi

0101100
-410 0 -108 18 +112 0 +105 13 *
Fa
0  1e-07 164 0

0101000
+104 0 *
Wi

0101100
-409 0 -105 13 +117 0 *
Fa
0  1e-07 165 0

0101000
+102 0 *
Ve
1e-07
-3.89704304866987 1.04420953776041 0
0 0

0101101
*
Ed
 1e-07 1 1 0
1  419 0 0.711841603419329 1
2  813 167 0 0.711841603419329 1
2  814 165 0 0.711841603419329 1
4 C0 167 0 165 0
0

0101000
+406 0 -100 13 *
Ed
 1e-07 1 1 0
1  418 0 0 0.141276180818396
2  811 165 14 0 0.141276180818396
2  812 164 14 0 0.141276180818396
4 C0 165 14 164 14
0

0101000
+100 0 -407 14 *
Wi

0101100
-99 0 -98 13 -405 0 *
Fa
0  1e-07 165 0

0101000
+97 0 *
Ve
1e-07
-3.89704304866987 1.04420953776041 0
0 0

0101101
*
Ed
 1e-07 1 1 0
1  420 0 0 1
2  815 166 0 0 1
2  816 164 0 0 1
4 C0 166 0 164 0
0

0101000
+100 13 -95 18 *
Ed
 1e-07 1 1 0
1  417 0 0 0.448289648824141
2  809 164 19 0 0.448289648824141
4 C0 164 19 143 19
2  810 143 19 0 0.448289648824141
0

0101000
+95 0 -404 19 *
Wi

0101100
-94 0 -93 18 +403 0 +98 13 *
Fa
0  1e-07 164 0

0101000
+92 0 *
Ed
 1e-07 1 1 0
1  421 0 0.604320006227021 1.05321998069917
2  817 166 19 0.604320006227021 1.05321998069917
4 C0 166 19 143 19
2  818 143 19 0.604320006227021 1.05321998069917
0

0101000
+402 19 -95 0 *
Wi

0101100
-90 18 -93 18 -401 0 *
Fa
0  1e-07 143 0

0101000
+89 0 *
Ed
 1e-07 1 1 0
1  422 0 0.91139310247851 1.05321998069917
2  819 167 14 0.91139310247851 1.05321998069917
2  820 166 14 0.91139310247851 1.05321998069917
4 C0 167 14 166 14
0

0101000
+400 14 -100 0 *
Wi

0101100
-399 0 -90 18 +94 0 +87 13 *
Fa
0  1e-07 166 0

0101000
+86 0 *
Wi

0101100
-398 0 -87 13 +99 0 *
Fa
0  1e-07 167 0

0101000
+84 0 *
Ve
1e-07
-3.49399321142042 2.01725792116031 0
0 0

0101101
*
Ed
 1e-07 1 1 0
1  423 0 0.678912909858137 1
2  821 169 0 0.678912909858137 1
2  822 167 0 0.678912909858137 1
4 C0 169 0 167 0
0

0101000
+395 0 -82 13 *
Ed
 1e-07 1 1 0
1  422 0 0 0.148913204569837
2  819 167 14 0 0.148913204569837
2  820 166 14 0 0.148913204569837
4 C0 167 14 166 14
0

0101000
+82 0 -396 14 *
Wi

0101100
-81 0 -80 13 -394 0 *
Fa
0  1e-07 167 0

0101000
+79 0 *
Ve
1e-07
-3.49399321142042 2.01725792116031 0
0 0

0101101
*
Ed
 1e-07 1 1 0
1  424 0 0 1
2  823 168 0 0 1
2  824 166 0 0 1
4 C0 168 0 166 0
0

0101000
+82 13 -77 18 *
Ed
 1e-07 1 1 0
1  421 0 0 0.449401859017051
2  817 166 19 0 0.449401859017051
4 C0 166 19 143 19
2  818 143 19 0 0.449401859017051
0

0101000
+77 0 -393 19 *
Wi

0101100
-76 0 -75 18 +392 0 +80 13 *
Fa
0  1e-07 166 0

0101000
+74 0 *
Ed
 1e-07 1 1 0
1  425 0 0.598661552119147 1.05321998069917
2  825 168 19 0.598661552119147 1.05321998069917
4 C0 168 19 143 19
2  826 143 19 0.598661552119147 1.05321998069917
0

0101000
+391 19 -77 0 *
Wi

0101100
-72 18 -75 18 -390 0 *
Fa
0  1e-07 143 0

0101000
+71 0 *
Ed
 1e-07 1 1 0
1  426 0 0.899284398867076 1.05321998069917
2  827 169 14 0.899284398867076 1.05321998069917
2  828 168 14 0.899284398867076 1.05321998069917
4 C0 169 14 168 14
0

0101000
+389 14 -82 0 *
Wi

0101100
-388 0 -72 18 +76 0 +69 13 *
Fa
0  1e-07 168 0

0101000
+68 0 *
Wi

0101100
-387 0 -69 13 +81 0 *
Fa
0  1e-07 169 0

0101000
+66 0 *
Ve
1e-07
-2.85283351090946 2.85283351090946 0
0 0

0101101
*
Ed
 1e-07 1 1 0
1  427 0 0.580743444965761 1
2  829 171 0 0.580743444965761 1
2  830 169 0 0.580743444965761 1
4 C0 171 0 169 0
0

0101000
+384 0 -64 13 *
Ed
 1e-07 1 1 0
1  426 0 0 0.171365802705448
2  827 169 14 0 0.171365802705448
2  828 168 14 0 0.171365802705448
4 C0 169 14 168 14
0

0101000
+64 0 -385 14 *
Wi

0101100
-63 0 -62 13 -383 0 *
Fa
0  1e-07 169 0

0101000
+61 0 *
Ve
1e-07
-2.85283351090946 2.85283351090946 0
0 0

0101101
*
Ed
 1e-07 1 1 0
1  428 0 0 1
2  831 170 0 0 1
2  832 168 0 0 1
4 C0 170 0 168 0
0

0101000
+64 13 -59 18 *
Ed
 1e-07 1 1 0
1  425 0 0 0.455722127679403
2  825 168 19 0 0.455722127679403
4 C0 168 19 143 19
2  826 143 19 0 0.455722127679403
0

0101000
+59 0 -382 19 *
Wi

0101100
-58 0 -57 18 +381 0 +62 13 *
Fa
0  1e-07 168 0

0101000
+56 0 *
Ed
 1e-07 1 1 0
1  429 0 0.587977817098435 1.05321998069917
2  833 170 19 0.587977817098435 1.05321998069917
4 C0 170 19 143 19
2  834 143 19 0.587977817098435 1.05321998069917
0

0101000
+380 19 -59 0 *
Wi

0101100
-54 18 -57 18 -379 0 *
Fa
0  1e-07 143 0

0101000
+53 0 *
Ed
 1e-07 1 1 0
1  430 0 0.870811731487044 1.05321998069917
2  835 171 14 0.870811731487044 1.05321998069917
2  836 170 14 0.870811731487044 1.05321998069917
4 C0 171 14 170 14
0

0101000
+378 14 -64 0 *
Wi

0101100
-377 0 -54 18 +58 0 +51 13 *
Fa
0  1e-07 170 0

0101000
+50 0 *
Wi

0101100
-376 0 -51 13 +63 0 *
Fa
0  1e-07 171 0

0101000
+48 0 *
Ve
1e-07
-2.0172579211603 3.49399321142042 0
0 0

0101101
*
Ed
 1e-07 1 1 0
1  431 0 0.367020809039755 1
2  837 173 0 0.367020809039755 1
2  838 171 0 0.367020809039755 1
4 C0 173 0 171 0
0

0101000
+373 0 -46 13 *
Ed
 1e-07 1 1 0
1  430 0 0 0.208072493062853
2  835 171 14 0 0.208072493062853
2  836 170 14 0 0.208072493062853
4 C0 171 14 170 14
0

0101000
+46 0 -374 14 *
Wi

0101100
-45 0 -44 13 -372 0 *
Fa
0  1e-07 171 0

0101000
+43 0 *
Ve
1e-07
-2.0172579211603 3.49399321142042 0
0 0

0101101
*
Ed
 1e-07 1 1 0
1  432 0 0 1
2  839 172 0 0 1
2  840 170 0 0 1
4 C0 172 0 170 0
0

0101000
+46 13 -41 18 *
Ed
 1e-07 1 1 0
1  429 0 0 0.466755972772622
2  833 170 19 0 0.466755972772622
4 C0 170 19 143 19
2  834 143 19 0 0.466755972772622
0

0101000
+41 0 -371 19 *
Wi

0101100
-40 0 -39 18 +370 0 +44 13 *
Fa
0  1e-07 170 0

0101000
+38 0 *
Ed
 1e-07 1 1 0
1  433 0 0.572958888098414 1.05321998069917
2  841 172 19 0.572958888098414 1.05321998069917
4 C0 172 19 143 19
2  842 143 19 0.572958888098414 1.05321998069917
0

0101000
+369 19 -41 0 *
Wi

0101100
-36 18 -39 18 -368 0 *
Fa
0  1e-07 143 0

0101000
+35 0 *
Ed
 1e-07 1 1 0
1  434 0 0.824920385252155 1.05321998069917
2  843 173 14 0.824920385252155 1.05321998069917
2  844 172 14 0.824920385252155 1.05321998069917
4 C0 173 14 172 14
0

0101000
+367 14 -46 0 *
Wi

0101100
-366 0 -36 18 +40 0 +33 13 *
Fa
0  1e-07 172 0

0101000
+32 0 *
Wi

0101100
-365 0 -33 13 +45 0 *
Fa
0  1e-07 173 0

0101000
+30 0 *
Ve
1e-07
-1.04420953776041 3.89704304866987 0
0 0

0101101
*
Ed
 1e-07 1 1 0
1  241 0 0.916141469074793 1
2  457 106 0 0.916141469074793 1
2  458 107 0 0.916141469074793 1
4 C0 106 0 107 0
0

0101000
+362 0 -28 11 *
Ed
 1e-07 1 1 0
1  435 0 0 0.0224789910373755
2  845 107 12 0 0.0224789910373755
2  846 173 12 0 0.0224789910373755
4 C0 107 12 173 12
0

0101000
+28 0 -363 12 *
Wi

0101100
-27 0 -26 11 -361 0 *
Fa
0  1e-07 107 0

0101000
+25 0 *
Ve
1e-07
-1.04420953776041 3.89704304866987 0
0 0

0101101
*
Ed
 1e-07 1 1 0
1  436 0 0 1
2  847 132 0 0 1
2  848 173 0 0 1
4 C0 132 0 173 0
0

0101000
+28 11 -23 13 *
Ed
 1e-07 1 1 0
1  434 0 0 0.259245075888215
2  843 173 14 0 0.259245075888215
2  844 172 14 0 0.259245075888215
4 C0 173 14 172 14
0

0101000
+23 0 -360 14 *
Wi

0101100
-22 0 -21 13 +359 0 +26 11 *
Fa
0  1e-07 173 0

0101000
+20 0 *
Ve
1e-07
-1.04420953776041 3.89704304866987 0
0 0

0101101
*
Ed
 1e-07 1 1 0
1  437 0 0 1
2  849 150 0 0 1
2  850 172 0 0 1
4 C0 150 0 172 0
0

0101000
+23 13 -18 18 *
Ed
 1e-07 1 1 0
1  433 0 0 0.481719428703272
2  841 172 19 0 0.481719428703272
4 C0 172 19 143 19
2  842 143 19 0 0.481719428703272
0

0101000
+18 0 -358 19 *
Wi

0101100
-17 0 -16 18 +357 0 +21 13 *
Fa
0  1e-07 172 0

0101000
+15 0 *
Ed
 1e-07 1 1 0
1  390 0 0.554631878579428 1.05321998069917
2  755 150 19 0.554631878579428 1.05321998069917
4 C0 150 19 143 19
2  756 143 19 0.554631878579428 1.05321998069917
0

0101000
+356 19 -18 0 *
Wi

0101100
-13 18 -16 18 -355 0 *
Fa
0  1e-07 143 0

0101000
+12 0 *
Ed
 1e-07 1 1 0
1  359 0 0.758281627800504 1.05321998069917
2  693 132 14 0.758281627800504 1.05321998069917
2  694 150 14 0.758281627800504 1.05321998069917
4 C0 132 14 150 14
0

0101000
+354 14 -23 0 *
Wi

0101100
-353 0 -13 18 +17 0 +10 13 *
Fa
0  1e-07 150 0

0101000
+9 0 *
Ed
 1e-07 1 1 0
1  238 0 1.02408819252496 1.05321998069917
2  451 106 12 1.02408819252496 1.05321998069917
2  452 132 12 1.02408819252496 1.05321998069917
4 C0 106 12 132 12
0

0101000
+352 12 -28 0 *
Wi

0101100
-351 0 -10 13 +22 0 +7 11 *
Fa
0  1e-07 132 0

0101000
+6 0 *
Wi

0101100
-350 0 -7 11 +27 0 *
Fa
0  1e-07 106 0

0101000
+4 0 *
Sh

0101100
+1243 0 -1196 0 +1191 0 +1184 0 +1179 0 +1174 0 +1169 0 +1164 0 +1159 0 +1154 0 
+1149 0 +1144 0 +1139 0 +1134 0 +1129 0 +1124 0 +1119 0 +1114 0 +1109 0 +1104 0 
+1099 0 +1094 0 +1089 0 +1084 0 +1079 0 +1076 0 +1071 0 +1064 0 +1059 0 +1054 0 
+1049 0 +1044 0 +1039 0 +1034 0 +1029 0 +1024 0 +1019 0 +1014 0 +1009 0 +1004 0 
+999 0 +994 0 +989 0 +984 0 +979 0 +974 0 +969 0 +964 0 +959 0 +956 0 
+951 0 +944 0 +939 0 +934 0 +929 0 +924 0 +919 0 +914 0 +909 0 +904 0 
+899 0 +894 0 +889 0 +884 0 +879 0 +874 0 +869 0 +864 0 +859 0 +854 0 
+849 0 +844 0 +839 0 +836 0 +831 0 +824 0 +819 0 +814 0 +809 0 +804 0 
+799 0 +794 0 +789 0 +784 0 +779 0 +774 0 +769 0 +764 0 +759 0 +754 0 
+749 0 +744 0 +739 0 +734 0 +729 0 +724 0 +719 0 +716 0 +711 0 +704 0 
+699 0 +694 0 +689 0 +684 0 +671 0 +662 0 +657 0 +652 0 +647 0 +642 0 
+637 0 +632 0 +627 0 +622 0 +613 0 +600 0 +595 0 +590 0 +585 0 +580 0 
+575 0 +572 0 +567 0 +556 0 +551 0 +546 0 +541 0 +536 0 +531 0 +348 0 
+346 0 +341 0 +338 0 +336 0 +331 0 +328 0 +326 0 +321 0 +316 0 +311 0 
+306 0 +301 0 +296 0 +293 0 +287 0 +281 0 -279 0 -277 0 +271 0 +265 0 
+259 0 +256 0 +251 0 -248 0 +246 0 +241 0 -238 0 +236 0 -234 0 -232 0 
-230 0 -228 0 -226 17 -223 0 +218 0 -215 0 +210 0 -207 0 +202 0 -199 0 
+194 0 -191 0 +186 0 -183 0 +178 0 -175 0 +173 0 +168 0 +163 0 -160 0 
+157 0 +155 0 +150 0 +145 0 -142 0 +139 0 +137 0 +132 0 +127 0 -124 0 
+121 0 +119 0 +114 0 +109 0 -106 0 +103 0 +101 0 +96 0 +91 0 -88 0 
+85 0 +83 0 +78 0 +73 0 -70 0 +67 0 +65 0 +60 0 +55 0 -52 0 
+49 0 +47 0 +42 0 +37 0 -34 0 +31 0 +29 0 +24 0 +19 0 +14 0 
-11 0 +8 0 +5 0 +3 0 *
So

0100000
+2 0 *

+1 0 