rank,source_cv_set,source_cv_summary_csv,model_id,source_model,source_point_profile,active_surface_basis_kind,source_count,basis_count,juan_recommendation_status,juan_recommendation_reason,juan_cv_side_worst_fold_rms_db_300_1200,juan_in_sample_side_worst_norm_rms_db_300_1200,juan_in_sample_side_worst_abs_rms_db_300_1200,juan_in_sample_side_worst_phase_rms_deg_300_1200,source_offplane_case,source_offplane_z_offset_rms_db_70_90,source_offplane_z_offset_max_abs_db_70_90,source_offplane_spread_rms_db_70_90,source_offplane_spread_max_abs_db_70_90,source_offplane_spread_basis,source_offplane_spread_reference_case,source_offplane_eligible_reference_count,source_offplane_eligible_surface_max_abs_db_70_90,source_offplane_eligible_surface_max_abs_freq_hz_70_90,source_offplane_eligible_surface_max_abs_angle_deg_70_90,source_offplane_eligible_surface_low_case_70_90,source_offplane_eligible_surface_high_case_70_90,source_offplane_interpretation,stored_bem_label,stored_bem_evidence_scope,stored_bem_validation_hdf5,stored_bem_validation_driver,stored_bem_target_acceptance_status,stored_bem_target_kind,stored_bem_validation_hypothesis,stored_bem_target_published_explorer_match,stored_bem_acceptance_status,stored_bem_coverage_status,stored_bem_timing_status,stored_bem_shape_status,stored_bem_mesh_convergence_status,stored_bem_norm_rms_db_300_1200,stored_bem_through60_rms_db_300_1200,stored_bem_through80_rms_db_300_1200,stored_bem_worst_error_db_300_1200,stored_bem_worst_error_freq_hz_300_1200,stored_bem_worst_error_angle_deg_300_1200,andres_published_parity_bem_label,andres_published_parity_bem_evidence_scope,andres_published_parity_bem_validation_hdf5,andres_published_parity_bem_target_acceptance_status,andres_published_parity_bem_target_published_explorer_match,andres_published_parity_bem_acceptance_status,andres_published_parity_bem_coverage_status,andres_published_parity_bem_shape_status,andres_published_parity_bem_mesh_convergence_status,andres_published_parity_bem_source_offplane_gate_status,andres_published_parity_bem_passive_geometry_gate_status,andres_published_parity_bem_norm_rms_db_300_1200,andres_published_parity_bem_through80_rms_db_300_1200,andres_published_parity_bem_worst_error_db_300_1200,andres_published_parity_bem_worst_error_freq_hz_300_1200,andres_published_parity_bem_worst_error_angle_deg_300_1200,decision_status,decision_reason
1,l22mg-source-model-cross-validation,docs/l22mg-source-model-cross-validation/source_cv_summary.csv,axisymmetric-directivity-table-front-duplicate,axisymmetric-directivity,measured_axisymmetric_directivity,modal,13,13,diagnostic_only,Axisymmetric directivity-table propagation is a no-inversion diagnostic; it does not define a unique finite 3D source support for high-fidelity BEM source selection.,1.2292624299400832,0.5687227244669742,0.5687227244669747,68.0336051416609,axisymmetric-directivity,0.1468715002319266,0.33456916928948743,13.940443352410595,30.810741346434035,source_cv_recommended_juan_only,profile-ring-full,6.0,26.654627997485264,734.4321259827932,90.0,profile-ring-full,modal-full2,"Mapped off-plane source case `axisymmetric-directivity`; z=0 to UM-height normalized-polar change is 0.147 dB RMS over 70-90 deg; source-family spread against the Juan-CV recommended finite-source ensemble (worst reference `profile-ring-full`) is 13.940 dB RMS, above the 1.5 dB shape target; Juan horizontal polars do not uniquely constrain this off-plane incident field",axisymmetric-directivity-juan-current,available_overlap_1000_1200_hz,output/data/polar_data_juan_lx521_top_raw.h5,L22MG (LX521 top raw),pass,juan_lx521_top_raw,juan_baffleless_to_juan_top_baffle_l22mg_raw,False,fail,not_proven,pass,not_proven,not_proven,5.767618249551149,2.987403994957611,3.3442313349670942,13.806735910012506,1000.1221500635147,90.0,,missing,,,,,,,,,,,,,,,diagnostic_only,This source family is diagnostic-only and is not a finite source support for BEM source selection.
2,l22mg-source-model-cross-validation,docs/l22mg-source-model-cross-validation/source_cv_summary.csv,diagnostic-legendre-o8,legendre,symmetric-depth-rings,modal,0,0,diagnostic_only,"Legendre angular smoothing can be useful as a diagnostic, but it is not a finite driver/source support for high-fidelity BEM source selection.",2.2006585177202242,9.203238235802512,9.144851283078523,62.25220610629696,not_applicable_diagnostic_only,nan,nan,nan,nan,,,nan,nan,nan,nan,,,Diagnostic-only source family is not eligible for acceptance; off-plane source ambiguity metrics are not required for source selection.,,missing,,,,,,,,,,,,,,,,,,,missing,,,,,,,,,,,,,,,diagnostic_only,This source family is diagnostic-only and is not a finite source support for BEM source selection.
3,l22mg-source-model-cross-validation,docs/l22mg-source-model-cross-validation/source_cv_summary.csv,h1659-modal-compact2-az24-reg1e-06,split-profile-ring,h1659-modal-compact-2,modal,292,4,recommended_juan_only,"Passes Juan-only thresholds: failed folds <= 0, in-sample side-worst <= 3.000 dB, in-sample absolute side-worst <= 3.000 dB, in-sample phase side-worst <= 30.000 deg, held-out side-worst <= 4.000 dB.",3.29837556830052,2.6313590599354084,2.5779584887807063,15.048220136071363,modal-compact2,0.15044402781619415,0.2627494768106615,13.248805448172181,26.478186253526836,source_cv_recommended_juan_only,profile-ring-full,6.0,26.654627997485264,734.4321259827932,90.0,profile-ring-full,modal-full2,"Mapped off-plane source case `modal-compact2`; z=0 to UM-height normalized-polar change is 0.150 dB RMS over 70-90 deg; source-family spread against the Juan-CV recommended finite-source ensemble (worst reference `profile-ring-full`) is 13.249 dB RMS, above the 1.5 dB shape target; Juan horizontal polars do not uniquely constrain this off-plane incident field",compact2-h32-h21-h28-h18-targetavg7-meshtarget-conv-smoke,full_300_1200,output/data/polar_data_juan_lx521_top_raw.h5,L22MG (LX521 top raw),pass,juan_lx521_top_raw,juan_baffleless_to_juan_top_baffle_l22mg_raw,False,fail,pass,pass,fail,fail,3.920340782071915,0.8749738364554617,3.4908258340486453,19.102446709579013,300.2929915487766,75.0,andres-published-parity-q7near-h50-h42,available_overlap_300_360_hz,output/data/polar_data_andres_early_peak_legacy.h5,pass,True,fail,not_proven,not_proven,not_proven,fail,pass,8.851768918305076,0.9891094632918785,28.243686515371273,331.4209010004997,90.0,rejected_by_full_band_bem,Passes Juan-only CV (3.298 dB) but the mapped full-band validation/BEM row fails shape at 3.920 dB.
4,l22mg-source-model-cross-validation,docs/l22mg-source-model-cross-validation/source_cv_summary.csv,h1659-modal-full2-az24-reg1e-06,split-profile-ring,h1659-modal-full-2,modal,484,4,recommended_juan_only,"Passes Juan-only thresholds: failed folds <= 0, in-sample side-worst <= 3.000 dB, in-sample absolute side-worst <= 3.000 dB, in-sample phase side-worst <= 30.000 deg, held-out side-worst <= 4.000 dB.",3.3001618737677805,2.6822386556549738,2.628811786383559,15.13392272666505,modal-full2,0.15322473016207558,0.263674029164342,13.405858364716238,26.652087922511697,source_cv_recommended_juan_only,profile-ring-full-svd,6.0,26.654627997485264,734.4321259827932,90.0,profile-ring-full,modal-full2,"Mapped off-plane source case `modal-full2`; z=0 to UM-height normalized-polar change is 0.153 dB RMS over 70-90 deg; source-family spread against the Juan-CV recommended finite-source ensemble (worst reference `profile-ring-full-svd`) is 13.406 dB RMS, above the 1.5 dB shape target; Juan horizontal polars do not uniquely constrain this off-plane incident field",q7near-solid-full2-h42-h36,full_300_1200,output/data/polar_data_juan_lx521_top_raw.h5,L22MG (LX521 top raw),pass,juan_lx521_top_raw,juan_baffleless_to_juan_top_baffle_l22mg_raw,False,fail,pass,pass,fail,fail,4.2698012066711835,0.9703322864210585,3.5578246912926903,18.962716244888746,300.2929915487766,75.0,andres-published-parity-h1659-modal-full2-current,full_300_1200,output/data/polar_data_andres_early_peak_legacy.h5,pass,True,fail,pass,fail,pass,fail,pass,4.427824254358626,1.3773325158357488,24.92357351371195,334.7167997062206,90.0,rejected_by_full_band_bem,Passes Juan-only CV (3.300 dB) but the mapped full-band validation/BEM row fails shape at 4.270 dB.
5,l22mg-source-model-cross-validation,docs/l22mg-source-model-cross-validation/source_cv_summary.csv,measured-phase-h1659-modal-full2-az24-reg1e-06,split-profile-ring,h1659-modal-full-2,modal,484,4,rejected_bad_insample_fit,Juan in-sample side-worst normalized RMS 5.967 dB exceeds 3.000 dB.,3.4940176483861665,5.966672444121461,6.200199218100268,62.847174804023616,measured-modal-full2,0.2291663689418845,0.39669353250741324,16.00087153065002,33.526259172868734,source_cv_recommended_juan_only,profile-ring-full,6.0,26.654627997485264,734.4321259827932,90.0,profile-ring-full,modal-full2,"Mapped off-plane source case `measured-modal-full2`; z=0 to UM-height normalized-polar change is 0.229 dB RMS over 70-90 deg; source-family spread against the Juan-CV recommended finite-source ensemble (worst reference `profile-ring-full`) is 16.001 dB RMS, above the 1.5 dB shape target; Juan horizontal polars do not uniquely constrain this off-plane incident field",,missing,,,,,,,,,,,,,,,,,,,missing,,,,,,,,,,,,,,,rejected_by_source_cv,Juan source evidence is rejected: Juan in-sample side-worst normalized RMS 5.967 dB exceeds 3.000 dB.
6,l22mg-source-model-cross-validation,docs/l22mg-source-model-cross-validation/source_cv_summary.csv,h1659-modal-compact3-az24-reg1e-06,split-profile-ring,h1659-modal-compact-3,modal,438,6,recommended_juan_only,"Passes Juan-only thresholds: failed folds <= 0, in-sample side-worst <= 3.000 dB, in-sample absolute side-worst <= 3.000 dB, in-sample phase side-worst <= 30.000 deg, held-out side-worst <= 4.000 dB.",3.768144015569058,2.2148930283780937,2.1835432699492974,14.029297746176718,modal-compact3,0.1368738954952514,0.26363277318562695,11.570124259132296,22.20466570384552,source_cv_recommended_juan_only,profile-ring-full-svd,6.0,26.654627997485264,734.4321259827932,90.0,profile-ring-full,modal-full2,"Mapped off-plane source case `modal-compact3`; z=0 to UM-height normalized-polar change is 0.137 dB RMS over 70-90 deg; source-family spread against the Juan-CV recommended finite-source ensemble (worst reference `profile-ring-full-svd`) is 11.570 dB RMS, above the 1.5 dB shape target; Juan horizontal polars do not uniquely constrain this off-plane incident field",q7near-solid-compact3-h42-h36,full_300_1200,output/data/polar_data_juan_lx521_top_raw.h5,L22MG (LX521 top raw),pass,juan_lx521_top_raw,juan_baffleless_to_juan_top_baffle_l22mg_raw,False,fail,pass,pass,fail,fail,5.4097374895701495,2.0398707855815803,4.307663481719222,18.24775011418798,300.2929915487766,75.0,,missing,,,,,,,,,,,,,,,rejected_by_full_band_bem,Passes Juan-only CV (3.768 dB) but the mapped full-band validation/BEM row fails shape at 5.410 dB.
7,l22mg-source-model-cross-validation,docs/l22mg-source-model-cross-validation/source_cv_summary.csv,h1659-modal-full4-az24-reg1e-06-svd1e-05,split-profile-ring,h1659-modal-full-4,modal,968,8,recommended_juan_only,"Passes Juan-only thresholds: failed folds <= 0, in-sample side-worst <= 3.000 dB, in-sample absolute side-worst <= 3.000 dB, in-sample phase side-worst <= 30.000 deg, held-out side-worst <= 4.000 dB.",3.799651035683976,1.050088912320182,1.0388725493052466,12.998901566223541,modal-full4-svd,0.10295195708225856,0.2830628503100101,8.946031939785813,22.808545864361633,source_cv_recommended_juan_only,modal-full2,6.0,26.654627997485264,734.4321259827932,90.0,profile-ring-full,modal-full2,"Mapped off-plane source case `modal-full4-svd`; z=0 to UM-height normalized-polar change is 0.103 dB RMS over 70-90 deg; source-family spread against the Juan-CV recommended finite-source ensemble (worst reference `modal-full2`) is 8.946 dB RMS, above the 1.5 dB shape target; Juan horizontal polars do not uniquely constrain this off-plane incident field",q7near-solid-full4-svd-h42-h36,full_300_1200,output/data/polar_data_juan_lx521_top_raw.h5,L22MG (LX521 top raw),pass,juan_lx521_top_raw,juan_baffleless_to_juan_top_baffle_l22mg_raw,False,fail,pass,pass,fail,fail,10.911274974145273,5.685330874155313,8.704727355677354,35.04509845565245,1166.0157182514668,90.0,,missing,,,,,,,,,,,,,,,rejected_by_full_band_bem,Passes Juan-only CV (3.800 dB) but the mapped full-band validation/BEM row fails shape at 10.911 dB.
8,l22mg-source-model-cross-validation,docs/l22mg-source-model-cross-validation/source_cv_summary.csv,h1659-profile-ring-full-az24-reg1e-06-svd1e-05,split-profile-ring,h1659-acoustic-full,modal,242,12,recommended_juan_only,"Passes Juan-only thresholds: failed folds <= 0, in-sample side-worst <= 3.000 dB, in-sample absolute side-worst <= 3.000 dB, in-sample phase side-worst <= 30.000 deg, held-out side-worst <= 4.000 dB.",3.841842676762428,1.0905265392069612,1.0303709149873315,12.298195305203269,profile-ring-full-svd,0.13897375984499982,0.39120280057495194,13.405858364716238,26.652087922511697,source_cv_recommended_juan_only,modal-full2,6.0,26.654627997485264,734.4321259827932,90.0,profile-ring-full,modal-full2,"Mapped off-plane source case `profile-ring-full-svd`; z=0 to UM-height normalized-polar change is 0.139 dB RMS over 70-90 deg; source-family spread against the Juan-CV recommended finite-source ensemble (worst reference `modal-full2`) is 13.406 dB RMS, above the 1.5 dB shape target; Juan horizontal polars do not uniquely constrain this off-plane incident field",q7near-solid-profile-ring-full-svd-h42-h36,full_300_1200,output/data/polar_data_juan_lx521_top_raw.h5,L22MG (LX521 top raw),pass,juan_lx521_top_raw,juan_baffleless_to_juan_top_baffle_l22mg_raw,False,fail,pass,pass,fail,fail,9.254419571680227,3.9957745967534115,6.695700095124166,34.63878513589462,938.9649185240269,90.0,,missing,,,,,,,,,,,,,,,rejected_by_full_band_bem,Passes Juan-only CV (3.842 dB) but the mapped full-band validation/BEM row fails shape at 9.254 dB.
9,l22mg-source-model-cross-validation,docs/l22mg-source-model-cross-validation/source_cv_summary.csv,h1659-profile-ring-full-az24-reg1e-06,split-profile-ring,h1659-acoustic-full,modal,242,12,recommended_juan_only,"Passes Juan-only thresholds: failed folds <= 0, in-sample side-worst <= 3.000 dB, in-sample absolute side-worst <= 3.000 dB, in-sample phase side-worst <= 30.000 deg, held-out side-worst <= 4.000 dB.",3.8441835762148298,1.0902869353140128,1.0301010645195778,12.297853262050523,profile-ring-full,0.13902313990055462,0.3912257676931503,13.405845668712228,26.654627997485264,source_cv_recommended_juan_only,modal-full2,6.0,26.654627997485264,734.4321259827932,90.0,profile-ring-full,modal-full2,"Mapped off-plane source case `profile-ring-full`; z=0 to UM-height normalized-polar change is 0.139 dB RMS over 70-90 deg; source-family spread against the Juan-CV recommended finite-source ensemble (worst reference `modal-full2`) is 13.406 dB RMS, above the 1.5 dB shape target; Juan horizontal polars do not uniquely constrain this off-plane incident field",q7near-solid-profile-ring-full-h42-h36,full_300_1200,output/data/polar_data_juan_lx521_top_raw.h5,L22MG (LX521 top raw),pass,juan_lx521_top_raw,juan_baffleless_to_juan_top_baffle_l22mg_raw,False,fail,pass,pass,fail,fail,9.264545445667453,4.0054126397805785,6.707052343951619,34.607535023198665,940.4297623932362,90.0,,missing,,,,,,,,,,,,,,,rejected_by_full_band_bem,Passes Juan-only CV (3.844 dB) but the mapped full-band validation/BEM row fails shape at 9.265 dB.
10,l22mg-source-model-cross-validation,docs/l22mg-source-model-cross-validation/source_cv_summary.csv,h1659-profile-ring-compact-az24-reg1e-06,split-profile-ring,h1659-acoustic-compact,modal,146,8,rejected_weak_cv,Juan held-out side-worst normalized RMS 4.090 dB exceeds 4.000 dB.,4.0900264152490715,1.0925572044675098,1.0328271344427737,12.28264666638224,profile-ring-compact,0.14052915182291403,0.3954159706436684,13.358444280999429,26.856013121715122,source_cv_recommended_juan_only,modal-full2,6.0,26.654627997485264,734.4321259827932,90.0,profile-ring-full,modal-full2,"Mapped off-plane source case `profile-ring-compact`; z=0 to UM-height normalized-polar change is 0.141 dB RMS over 70-90 deg; source-family spread against the Juan-CV recommended finite-source ensemble (worst reference `modal-full2`) is 13.358 dB RMS, above the 1.5 dB shape target; Juan horizontal polars do not uniquely constrain this off-plane incident field",,missing,,,,,,,,,,,,,,,,,,,missing,,,,,,,,,,,,,,,rejected_by_source_cv,Juan source evidence is rejected: Juan held-out side-worst normalized RMS 4.090 dB exceeds 4.000 dB.
11,l22mg-source-model-cross-validation,docs/l22mg-source-model-cross-validation/source_cv_summary.csv,h1659-modal-full3-az24-reg1e-06,split-profile-ring,h1659-modal-full-3,modal,726,6,rejected_weak_cv,Juan held-out side-worst normalized RMS 4.090 dB exceeds 4.000 dB.,4.0904855311997395,2.18409462940999,2.155968641386649,13.920467476644095,modal-full3,0.13500908859011906,0.2743693986029143,11.241952965188922,22.39229223624225,source_cv_recommended_juan_only,profile-ring-full-svd,6.0,26.654627997485264,734.4321259827932,90.0,profile-ring-full,modal-full2,"Mapped off-plane source case `modal-full3`; z=0 to UM-height normalized-polar change is 0.135 dB RMS over 70-90 deg; source-family spread against the Juan-CV recommended finite-source ensemble (worst reference `profile-ring-full-svd`) is 11.242 dB RMS, above the 1.5 dB shape target; Juan horizontal polars do not uniquely constrain this off-plane incident field",,missing,,,,,,,,,,,,,,,,,,,missing,,,,,,,,,,,,,,,rejected_by_source_cv,Juan source evidence is rejected: Juan held-out side-worst normalized RMS 4.090 dB exceeds 4.000 dB.
12,l22mg-source-model-cross-validation,docs/l22mg-source-model-cross-validation/source_cv_summary.csv,h1659-profile-ring-compact-az24-reg1e-06-svd1e-05,split-profile-ring,h1659-acoustic-compact,modal,146,8,rejected_weak_cv,Juan held-out side-worst normalized RMS 4.092 dB exceeds 4.000 dB.,4.091601022081739,1.0925572044660374,1.0328271344407687,12.282651230759521,profile-ring-compact-svd,0.14052781570579528,0.39541597063966094,13.358958303047917,26.856013122534357,source_cv_recommended_juan_only,modal-full2,6.0,26.654627997485264,734.4321259827932,90.0,profile-ring-full,modal-full2,"Mapped off-plane source case `profile-ring-compact-svd`; z=0 to UM-height normalized-polar change is 0.141 dB RMS over 70-90 deg; source-family spread against the Juan-CV recommended finite-source ensemble (worst reference `modal-full2`) is 13.359 dB RMS, above the 1.5 dB shape target; Juan horizontal polars do not uniquely constrain this off-plane incident field",,missing,,,,,,,,,,,,,,,,,,,missing,,,,,,,,,,,,,,,rejected_by_source_cv,Juan source evidence is rejected: Juan held-out side-worst normalized RMS 4.092 dB exceeds 4.000 dB.
13,l22mg-source-model-cross-validation,docs/l22mg-source-model-cross-validation/source_cv_summary.csv,split-active-surface-compact-m4-az16-gap30-q3-reg1e-06-svd1e-05,split-active-surface-modal,h1659-acoustic-compact,modal,8,8,rejected_bad_insample_fit,Juan in-sample side-worst normalized RMS 3.766 dB exceeds 3.000 dB.,4.531193744828727,3.7660813909885853,4.046282413554309,42.5701322794002,split-active-measured-m4g30,0.15056986623199123,0.2586311471979599,11.576706391477003,28.213582726549184,source_cv_recommended_juan_only,profile-ring-full,6.0,26.654627997485264,734.4321259827932,90.0,profile-ring-full,modal-full2,"Mapped off-plane source case `split-active-measured-m4g30`; z=0 to UM-height normalized-polar change is 0.151 dB RMS over 70-90 deg; source-family spread against the Juan-CV recommended finite-source ensemble (worst reference `profile-ring-full`) is 11.577 dB RMS, above the 1.5 dB shape target; Juan horizontal polars do not uniquely constrain this off-plane incident field",,missing,,,,,,,,,,,,,,,,,,,missing,,,,,,,,,,,,,,,rejected_by_source_cv,Juan source evidence is rejected: Juan in-sample side-worst normalized RMS 3.766 dB exceeds 3.000 dB.
14,l22mg-source-model-cross-validation,docs/l22mg-source-model-cross-validation/source_cv_summary.csv,measured-phase-h1659-modal-full4-az24-reg1e-06-svd1e-05,split-profile-ring,h1659-modal-full-4,modal,968,8,rejected_bad_insample_fit,Juan in-sample side-worst normalized RMS 5.119 dB exceeds 3.000 dB.,5.010712010410166,5.118591204425127,5.207304731894543,38.86057814438738,measured-modal-full4-svd,0.17307220946309135,0.4694293020272937,12.039619816873804,27.040827534398638,source_cv_recommended_juan_only,profile-ring-full,6.0,26.654627997485264,734.4321259827932,90.0,profile-ring-full,modal-full2,"Mapped off-plane source case `measured-modal-full4-svd`; z=0 to UM-height normalized-polar change is 0.173 dB RMS over 70-90 deg; source-family spread against the Juan-CV recommended finite-source ensemble (worst reference `profile-ring-full`) is 12.040 dB RMS, above the 1.5 dB shape target; Juan horizontal polars do not uniquely constrain this off-plane incident field",,missing,,,,,,,,,,,,,,,,,,,missing,,,,,,,,,,,,,,,rejected_by_source_cv,Juan source evidence is rejected: Juan in-sample side-worst normalized RMS 5.119 dB exceeds 3.000 dB.
15,l22mg-source-model-cross-validation,docs/l22mg-source-model-cross-validation/source_cv_summary.csv,split-active-surface-compact-m4-az16-gap16-q3-reg1e-06-svd1e-05,split-active-surface-modal,h1659-acoustic-compact,modal,8,8,rejected_bad_insample_fit,Juan in-sample side-worst normalized RMS 7.807 dB exceeds 3.000 dB.,5.468231913668781,7.80708846984502,7.740582124372561,54.561206434144324,split-active-dipole-m4g16-svd,0.11175674589214508,0.3138282821756704,10.515290025355249,27.64711301103226,source_cv_recommended_juan_only,modal-full2,6.0,26.654627997485264,734.4321259827932,90.0,profile-ring-full,modal-full2,"Mapped off-plane source case `split-active-dipole-m4g16-svd`; z=0 to UM-height normalized-polar change is 0.112 dB RMS over 70-90 deg; source-family spread against the Juan-CV recommended finite-source ensemble (worst reference `modal-full2`) is 10.515 dB RMS, above the 1.5 dB shape target; Juan horizontal polars do not uniquely constrain this off-plane incident field",,missing,,,,,,,,,,,,,,,,,,,missing,,,,,,,,,,,,,,,rejected_by_source_cv,Juan source evidence is rejected: Juan in-sample side-worst normalized RMS 7.807 dB exceeds 3.000 dB.
16,l22mg-source-model-cross-validation,docs/l22mg-source-model-cross-validation/source_cv_summary.csv,h1659-profile-compact-split-discrete-d45-r0_40_75-reg1e-06-svd1e-05,split-discrete,h1659-acoustic-compact,modal,14,14,rejected_weak_cv,Juan held-out side-worst normalized RMS 6.649 dB exceeds 4.000 dB.,6.649235667020322,1.386646227987682,1.3723132558843645,11.159362042371033,h1659-profile-compact-split-discrete-svd,1.2109341702057037,11.319119241655223,12.06226564698782,24.318934810853264,source_cv_recommended_juan_only,profile-ring-full,6.0,26.654627997485264,734.4321259827932,90.0,profile-ring-full,modal-full2,"Mapped off-plane source case `h1659-profile-compact-split-discrete-svd`; z=0 to UM-height normalized-polar change is 1.211 dB RMS over 70-90 deg; source-family spread against the Juan-CV recommended finite-source ensemble (worst reference `profile-ring-full`) is 12.062 dB RMS, above the 1.5 dB shape target; Juan horizontal polars do not uniquely constrain this off-plane incident field",,missing,,,,,,,,,,,,,,,,,,,missing,,,,,,,,,,,,,,,rejected_by_source_cv,Juan source evidence is rejected: Juan held-out side-worst normalized RMS 6.649 dB exceeds 4.000 dB.
17,l22mg-source-model-cross-validation,docs/l22mg-source-model-cross-validation/source_cv_summary.csv,asym-split-discrete-f45-r55-r0_35_70_95-reg1e-06-svd1e-05,split-discrete,asymmetric_depth_rings,modal,14,14,rejected_weak_cv,Juan held-out side-worst normalized RMS 6.793 dB exceeds 4.000 dB.,6.793252571234323,2.65629404694396,2.6272062551136224,15.473842382008115,asym-f45-r55-r35-svd,0.4727386826851616,0.8500930211790632,10.576981779269822,21.905276685510323,source_cv_recommended_juan_only,profile-ring-full,6.0,26.654627997485264,734.4321259827932,90.0,profile-ring-full,modal-full2,"Mapped off-plane source case `asym-f45-r55-r35-svd`; z=0 to UM-height normalized-polar change is 0.473 dB RMS over 70-90 deg; source-family spread against the Juan-CV recommended finite-source ensemble (worst reference `profile-ring-full`) is 10.577 dB RMS, above the 1.5 dB shape target; Juan horizontal polars do not uniquely constrain this off-plane incident field",,missing,,,,,,,,,,,,,,,,,,,missing,,,,,,,,,,,,,,,rejected_by_source_cv,Juan source evidence is rejected: Juan held-out side-worst normalized RMS 6.793 dB exceeds 4.000 dB.
18,l22mg-source-model-cross-validation,docs/l22mg-source-model-cross-validation/source_cv_summary.csv,asym-split-discrete-f45-r55-front35-rear25-reg1e-06-svd1e-05,split-discrete,asymmetric_depth_rings,modal,16,16,rejected_weak_cv,Juan held-out side-worst normalized RMS 6.815 dB exceeds 4.000 dB.,6.814654810505503,2.6386246441174777,2.6121304252683335,15.338327737679718,asym-f45-r55-front35-rear25-svd,0.8899215955121902,8.450638183655336,10.49976325718645,23.281399797394037,source_cv_recommended_juan_only,profile-ring-full,6.0,26.654627997485264,734.4321259827932,90.0,profile-ring-full,modal-full2,"Mapped off-plane source case `asym-f45-r55-front35-rear25-svd`; z=0 to UM-height normalized-polar change is 0.890 dB RMS over 70-90 deg; source-family spread against the Juan-CV recommended finite-source ensemble (worst reference `profile-ring-full`) is 10.500 dB RMS, above the 1.5 dB shape target; Juan horizontal polars do not uniquely constrain this off-plane incident field",,missing,,,,,,,,,,,,,,,,,,,missing,,,,,,,,,,,,,,,rejected_by_source_cv,Juan source evidence is rejected: Juan held-out side-worst normalized RMS 6.815 dB exceeds 4.000 dB.
19,l22mg-source-model-cross-validation,docs/l22mg-source-model-cross-validation/source_cv_summary.csv,d55-split-discrete-r0_25_50_75_95-reg1e-06-svd1e-05,split-discrete,symmetric-depth-rings,modal,18,18,rejected_weak_cv,Juan held-out side-worst normalized RMS 6.874 dB exceeds 4.000 dB.,6.874229771208863,2.6386246441174777,2.6121304252683335,15.338327737679718,d55-r25-95-svd,0.5676766726813498,2.4920410495143486,10.387181587616219,24.963306727099614,source_cv_recommended_juan_only,profile-ring-full,6.0,26.654627997485264,734.4321259827932,90.0,profile-ring-full,modal-full2,"Mapped off-plane source case `d55-r25-95-svd`; z=0 to UM-height normalized-polar change is 0.568 dB RMS over 70-90 deg; source-family spread against the Juan-CV recommended finite-source ensemble (worst reference `profile-ring-full`) is 10.387 dB RMS, above the 1.5 dB shape target; Juan horizontal polars do not uniquely constrain this off-plane incident field",,missing,,,,,,,,,,,,,,,,,,,missing,,,,,,,,,,,,,,,rejected_by_source_cv,Juan source evidence is rejected: Juan held-out side-worst normalized RMS 6.874 dB exceeds 4.000 dB.
20,l22mg-source-model-cross-validation,docs/l22mg-source-model-cross-validation/source_cv_summary.csv,h1659-profile-full-split-discrete-d45-r0_40_75-reg1e-06-svd1e-05,split-discrete,h1659-acoustic-full,modal,22,22,rejected_weak_cv,Juan held-out side-worst normalized RMS 6.893 dB exceeds 4.000 dB.,6.89261028372341,1.3970608352575566,1.3828032167795299,11.102550821775395,h1659-profile-full-split-discrete-svd,1.3200403347748573,12.354502727445755,12.646430337430136,26.4645249236694,source_cv_recommended_juan_only,profile-ring-full,6.0,26.654627997485264,734.4321259827932,90.0,profile-ring-full,modal-full2,"Mapped off-plane source case `h1659-profile-full-split-discrete-svd`; z=0 to UM-height normalized-polar change is 1.320 dB RMS over 70-90 deg; source-family spread against the Juan-CV recommended finite-source ensemble (worst reference `profile-ring-full`) is 12.646 dB RMS, above the 1.5 dB shape target; Juan horizontal polars do not uniquely constrain this off-plane incident field",,missing,,,,,,,,,,,,,,,,,,,missing,,,,,,,,,,,,,,,rejected_by_source_cv,Juan source evidence is rejected: Juan held-out side-worst normalized RMS 6.893 dB exceeds 4.000 dB.
21,l22mg-source-model-cross-validation,docs/l22mg-source-model-cross-validation/source_cv_summary.csv,active-surface-compact-m3-az16-q3-reg1e-06-svd1e-05,active-surface-modal,h1659-acoustic-compact,modal,3,3,rejected_bad_insample_fit,Juan in-sample side-worst normalized RMS 6.111 dB exceeds 3.000 dB.,7.695928651581942,6.110858458899992,5.4729403020869825,67.33020682734711,active-surface-dipole-m3,0.23183353248476757,0.5055916772943903,14.013034544074577,27.872263838116837,source_cv_recommended_juan_only,profile-ring-full,6.0,26.654627997485264,734.4321259827932,90.0,profile-ring-full,modal-full2,"Mapped off-plane source case `active-surface-dipole-m3`; z=0 to UM-height normalized-polar change is 0.232 dB RMS over 70-90 deg; source-family spread against the Juan-CV recommended finite-source ensemble (worst reference `profile-ring-full`) is 14.013 dB RMS, above the 1.5 dB shape target; Juan horizontal polars do not uniquely constrain this off-plane incident field",,missing,,,,,,,,,,,,,,,,,,,missing,,,,,,,,,,,,,,,rejected_by_source_cv,Juan source evidence is rejected: Juan in-sample side-worst normalized RMS 6.111 dB exceeds 3.000 dB.
22,l22mg-source-model-cross-validation,docs/l22mg-source-model-cross-validation/source_cv_summary.csv,measured-phase-split-discrete-d45-r0_40_75-reg1e-06,split-discrete,symmetric-depth-rings,modal,10,10,rejected_weak_cv,Juan held-out side-worst normalized RMS 7.707 dB exceeds 4.000 dB.,7.707403227127374,2.862234970147041,2.6669073048844703,27.75883123683443,measured-stable,1.7349414265396628,4.212387580793909,14.486430817858638,26.49729021262106,source_cv_recommended_juan_only,profile-ring-full,6.0,26.654627997485264,734.4321259827932,90.0,profile-ring-full,modal-full2,"Mapped off-plane source case `measured-stable`; z=0 to UM-height normalized-polar change is 1.735 dB RMS over 70-90 deg; source-family spread against the Juan-CV recommended finite-source ensemble (worst reference `profile-ring-full`) is 14.486 dB RMS, above the 1.5 dB shape target; Juan horizontal polars do not uniquely constrain this off-plane incident field",,missing,,,,,,,,,,,,,,,,,,,missing,,,,,,,,,,,,,,,rejected_by_source_cv,Juan source evidence is rejected: Juan held-out side-worst normalized RMS 7.707 dB exceeds 4.000 dB.
23,l22mg-source-model-cross-validation,docs/l22mg-source-model-cross-validation/source_cv_summary.csv,measured-phase-h1659-profile-ring-compact-az24-reg1e-06,split-profile-ring,h1659-acoustic-compact,modal,146,8,rejected_bad_insample_fit,Juan in-sample side-worst normalized RMS 4.595 dB exceeds 3.000 dB.,8.414833451881314,4.59509967195541,4.332562375989909,24.57179824348774,measured-profile-ring-compact,0.1967533338041637,0.5263269192404323,11.957730986050109,25.091785105531137,source_cv_recommended_juan_only,profile-ring-full-svd,6.0,26.654627997485264,734.4321259827932,90.0,profile-ring-full,modal-full2,"Mapped off-plane source case `measured-profile-ring-compact`; z=0 to UM-height normalized-polar change is 0.197 dB RMS over 70-90 deg; source-family spread against the Juan-CV recommended finite-source ensemble (worst reference `profile-ring-full-svd`) is 11.958 dB RMS, above the 1.5 dB shape target; Juan horizontal polars do not uniquely constrain this off-plane incident field",,missing,,,,,,,,,,,,,,,,,,,missing,,,,,,,,,,,,,,,rejected_by_source_cv,Juan source evidence is rejected: Juan in-sample side-worst normalized RMS 4.595 dB exceeds 3.000 dB.
24,l22mg-source-model-cross-validation,docs/l22mg-source-model-cross-validation/source_cv_summary.csv,measured-phase-h1659-profile-ring-full-az24-reg1e-06,split-profile-ring,h1659-acoustic-full,modal,242,12,rejected_bad_insample_fit,Juan in-sample side-worst normalized RMS 4.653 dB exceeds 3.000 dB.,8.557332024702612,4.652795109637316,4.383073273698403,24.630410022139017,measured-profile-ring-full,0.19548512045776859,0.501040916594711,11.934137698615253,24.915632886871713,source_cv_recommended_juan_only,profile-ring-full-svd,6.0,26.654627997485264,734.4321259827932,90.0,profile-ring-full,modal-full2,"Mapped off-plane source case `measured-profile-ring-full`; z=0 to UM-height normalized-polar change is 0.195 dB RMS over 70-90 deg; source-family spread against the Juan-CV recommended finite-source ensemble (worst reference `profile-ring-full-svd`) is 11.934 dB RMS, above the 1.5 dB shape target; Juan horizontal polars do not uniquely constrain this off-plane incident field",,missing,,,,,,,,,,,,,,,,,,,missing,,,,,,,,,,,,,,,rejected_by_source_cv,Juan source evidence is rejected: Juan in-sample side-worst normalized RMS 4.653 dB exceeds 3.000 dB.
25,l22mg-source-model-cross-validation,docs/l22mg-source-model-cross-validation/source_cv_summary.csv,stable-split-discrete-d45-r0_40_75-reg1e-06,split-discrete,symmetric-depth-rings,modal,10,10,rejected_weak_cv,Juan held-out side-worst normalized RMS 8.622 dB exceeds 4.000 dB.,8.6219574254496,2.6417089752262717,2.597715541263958,16.308285322309622,stable,0.6159535565631995,2.7833503388403784,10.862141912831591,22.13545607778422,source_cv_recommended_juan_only,profile-ring-full,6.0,26.654627997485264,734.4321259827932,90.0,profile-ring-full,modal-full2,"Mapped off-plane source case `stable`; z=0 to UM-height normalized-polar change is 0.616 dB RMS over 70-90 deg; source-family spread against the Juan-CV recommended finite-source ensemble (worst reference `profile-ring-full`) is 10.862 dB RMS, above the 1.5 dB shape target; Juan horizontal polars do not uniquely constrain this off-plane incident field",,missing,,,,,,,,,,,,,,,,,,,missing,,,,,,,,,,,,,,,rejected_by_source_cv,Juan source evidence is rejected: Juan held-out side-worst normalized RMS 8.622 dB exceeds 4.000 dB.
26,l22mg-source-model-cross-validation,docs/l22mg-source-model-cross-validation/source_cv_summary.csv,current-wide-split-discrete-d45-r0_35_70_95-reg1e-06-svd1e-05,split-discrete,symmetric-depth-rings,modal,14,14,rejected_weak_cv,Juan held-out side-worst normalized RMS 8.810 dB exceeds 4.000 dB.,8.810187953561085,2.4996240766548543,2.4694379891703324,14.960913682536928,wide-svd,0.5459264027271364,2.5885345375709363,10.948963538941443,23.807835422111353,source_cv_recommended_juan_only,profile-ring-full,6.0,26.654627997485264,734.4321259827932,90.0,profile-ring-full,modal-full2,"Mapped off-plane source case `wide-svd`; z=0 to UM-height normalized-polar change is 0.546 dB RMS over 70-90 deg; source-family spread against the Juan-CV recommended finite-source ensemble (worst reference `profile-ring-full`) is 10.949 dB RMS, above the 1.5 dB shape target; Juan horizontal polars do not uniquely constrain this off-plane incident field",,missing,,,,,,,,,,,,,,,,,,,missing,,,,,,,,,,,,,,,rejected_by_source_cv,Juan source evidence is rejected: Juan held-out side-worst normalized RMS 8.810 dB exceeds 4.000 dB.
27,l22mg-source-model-cross-validation,docs/l22mg-source-model-cross-validation/source_cv_summary.csv,wide-split-discrete-d45-r0_35_70_95-reg1e-06,split-discrete,symmetric-depth-rings,modal,14,14,rejected_weak_cv,Juan held-out side-worst normalized RMS 8.810 dB exceeds 4.000 dB.,8.810212182470925,2.4995958805861838,2.4694070971981357,14.960163100042283,wide-svd,0.5459264027271364,2.5885345375709363,10.948963538941443,23.807835422111353,source_cv_recommended_juan_only,profile-ring-full,6.0,26.654627997485264,734.4321259827932,90.0,profile-ring-full,modal-full2,"Mapped off-plane source case `wide-svd`; z=0 to UM-height normalized-polar change is 0.546 dB RMS over 70-90 deg; source-family spread against the Juan-CV recommended finite-source ensemble (worst reference `profile-ring-full`) is 10.949 dB RMS, above the 1.5 dB shape target; Juan horizontal polars do not uniquely constrain this off-plane incident field",,missing,,,,,,,,,,,,,,,,,,,missing,,,,,,,,,,,,,,,rejected_by_source_cv,Juan source evidence is rejected: Juan held-out side-worst normalized RMS 8.810 dB exceeds 4.000 dB.
28,l22mg-source-model-cross-validation,docs/l22mg-source-model-cross-validation/source_cv_summary.csv,split-ring-d45-r0_25_50_75_95-az48-reg1e-06-svd1e-05,split-ring,symmetric-depth-rings,modal,386,10,rejected_weak_cv,Juan held-out side-worst normalized RMS 9.274 dB exceeds 4.000 dB.,9.2742085969056,2.936219347092238,2.951808628913937,17.49722465689258,split-ring-r25-95-az48-svd,0.24777126362865465,0.3661339456083219,11.54446539352139,21.04038176898542,source_cv_recommended_juan_only,profile-ring-full,6.0,26.654627997485264,734.4321259827932,90.0,profile-ring-full,modal-full2,"Mapped off-plane source case `split-ring-r25-95-az48-svd`; z=0 to UM-height normalized-polar change is 0.248 dB RMS over 70-90 deg; source-family spread against the Juan-CV recommended finite-source ensemble (worst reference `profile-ring-full`) is 11.544 dB RMS, above the 1.5 dB shape target; Juan horizontal polars do not uniquely constrain this off-plane incident field",,missing,,,,,,,,,,,,,,,,,,,missing,,,,,,,,,,,,,,,rejected_by_source_cv,Juan source evidence is rejected: Juan held-out side-worst normalized RMS 9.274 dB exceeds 4.000 dB.
29,l22mg-source-model-cross-validation,docs/l22mg-source-model-cross-validation/source_cv_summary.csv,split-ring-d45-r0_35_70_95-az24-reg1e-06,split-ring,symmetric-depth-rings,modal,146,8,rejected_weak_cv,Juan held-out side-worst normalized RMS 9.279 dB exceeds 4.000 dB.,9.279425642743409,2.944094740572186,2.9580075344487335,17.54463056530474,split-ring-r35-az24,0.24847903209543237,0.3660665833791725,11.50857661635153,21.041451256128667,source_cv_recommended_juan_only,profile-ring-full,6.0,26.654627997485264,734.4321259827932,90.0,profile-ring-full,modal-full2,"Mapped off-plane source case `split-ring-r35-az24`; z=0 to UM-height normalized-polar change is 0.248 dB RMS over 70-90 deg; source-family spread against the Juan-CV recommended finite-source ensemble (worst reference `profile-ring-full`) is 11.509 dB RMS, above the 1.5 dB shape target; Juan horizontal polars do not uniquely constrain this off-plane incident field",,missing,,,,,,,,,,,,,,,,,,,missing,,,,,,,,,,,,,,,rejected_by_source_cv,Juan source evidence is rejected: Juan held-out side-worst normalized RMS 9.279 dB exceeds 4.000 dB.
1,l22mg-source-cv-physical-diaphragm,docs/l22mg-source-cv-physical-diaphragm/source_cv_summary.csv,physical-diaphragm-full-coupled-measured-az16-q3-reg1e-06-svd1e-05,active-surface-modal,h1659-acoustic-full,physical-diaphragm,4,4,rejected_bad_insample_fit,Juan in-sample side-worst normalized RMS 3.119 dB exceeds 3.000 dB.,3.448421117884776,3.119237629433261,4.711699521263454,62.05277996515278,physical-diaphragm-full-coupled-measured-az16-q3-reg1e-06-svd1e-05,0.22354064110102226,1.238728132428399,13.239272459969333,32.29902080006175,source_cv_recommended_juan_only,profile-ring-full,6.0,26.654627997485264,734.4321259827932,90.0,profile-ring-full,modal-full2,"Mapped off-plane source case `physical-diaphragm-full-coupled-measured-az16-q3-reg1e-06-svd1e-05`; z=0 to UM-height normalized-polar change is 0.224 dB RMS over 70-90 deg; source-family spread against the Juan-CV recommended finite-source ensemble (worst reference `profile-ring-full`) is 13.239 dB RMS, above the 1.5 dB shape target; Juan horizontal polars do not uniquely constrain this off-plane incident field",,missing,,,,,,,,,,,,,,,,,,,missing,,,,,,,,,,,,,,,rejected_by_source_cv,Juan source evidence is rejected: Juan in-sample side-worst normalized RMS 3.119 dB exceeds 3.000 dB.
2,l22mg-source-cv-physical-diaphragm,docs/l22mg-source-cv-physical-diaphragm/source_cv_summary.csv,physical-diaphragm-full-coupled-measured-az16-q3-reg1e-06,active-surface-modal,h1659-acoustic-full,physical-diaphragm,4,4,rejected_bad_insample_fit,Juan in-sample side-worst normalized RMS 3.119 dB exceeds 3.000 dB.,3.448421117891497,3.1192376294411335,4.71169952127013,62.0527799650139,physical-diaphragm-full-coupled-measured-az16-q3-reg1e-06,0.22354064111033584,1.2387281325130601,13.239272460017514,32.299020800041816,source_cv_recommended_juan_only,profile-ring-full,6.0,26.654627997485264,734.4321259827932,90.0,profile-ring-full,modal-full2,"Mapped off-plane source case `physical-diaphragm-full-coupled-measured-az16-q3-reg1e-06`; z=0 to UM-height normalized-polar change is 0.224 dB RMS over 70-90 deg; source-family spread against the Juan-CV recommended finite-source ensemble (worst reference `profile-ring-full`) is 13.239 dB RMS, above the 1.5 dB shape target; Juan horizontal polars do not uniquely constrain this off-plane incident field",,missing,,,,,,,,,,,,,,,,,,,missing,,,,,,,,,,,,,,,rejected_by_source_cv,Juan source evidence is rejected: Juan in-sample side-worst normalized RMS 3.119 dB exceeds 3.000 dB.
3,l22mg-source-cv-physical-diaphragm,docs/l22mg-source-cv-physical-diaphragm/source_cv_summary.csv,physical-diaphragm-full-coupled-measured-m3-az16-q3-reg1e-06,active-surface-modal,h1659-acoustic-full,physical-diaphragm,3,3,rejected_bad_insample_fit,Juan in-sample side-worst normalized RMS 3.758 dB exceeds 3.000 dB.,3.545162675851915,3.7577203106813264,5.261761932633841,69.51823586406968,not_applicable_rejected_source_cv,nan,nan,nan,nan,,,nan,nan,nan,nan,,,"Juan source-CV already rejects this source, so off-plane source ambiguity metrics are not required before rejecting it as an acceptance candidate.",,missing,,,,,,,,,,,,,,,,,,,missing,,,,,,,,,,,,,,,rejected_by_source_cv,Juan source evidence is rejected: Juan in-sample side-worst normalized RMS 3.758 dB exceeds 3.000 dB.
4,l22mg-source-cv-physical-diaphragm,docs/l22mg-source-cv-physical-diaphragm/source_cv_summary.csv,physical-diaphragm-full-coupled-measured-m3-az16-q3-reg1e-06-svd1e-05,active-surface-modal,h1659-acoustic-full,physical-diaphragm,3,3,rejected_bad_insample_fit,Juan in-sample side-worst normalized RMS 3.758 dB exceeds 3.000 dB.,3.5451626758538892,3.7577203106758517,5.261761932630286,69.51823586405374,not_applicable_rejected_source_cv,nan,nan,nan,nan,,,nan,nan,nan,nan,,,"Juan source-CV already rejects this source, so off-plane source ambiguity metrics are not required before rejecting it as an acceptance candidate.",,missing,,,,,,,,,,,,,,,,,,,missing,,,,,,,,,,,,,,,rejected_by_source_cv,Juan source evidence is rejected: Juan in-sample side-worst normalized RMS 3.758 dB exceeds 3.000 dB.
5,l22mg-source-cv-physical-diaphragm,docs/l22mg-source-cv-physical-diaphragm/source_cv_summary.csv,physical-diaphragm-full-coupled-dipole-az16-q3-reg1e-06,active-surface-modal,h1659-acoustic-full,physical-diaphragm,4,4,rejected_bad_insample_fit,Juan in-sample side-worst normalized RMS 6.521 dB exceeds 3.000 dB.,4.485679817612009,6.521423527119813,6.3474887036841,44.95687728625697,physical-diaphragm-full-coupled-dipole-az16-q3-reg1e-06,0.12613843238979827,0.35151050109509896,8.15501220026014,19.698117774330967,source_cv_recommended_juan_only,modal-full2,6.0,26.654627997485264,734.4321259827932,90.0,profile-ring-full,modal-full2,"Mapped off-plane source case `physical-diaphragm-full-coupled-dipole-az16-q3-reg1e-06`; z=0 to UM-height normalized-polar change is 0.126 dB RMS over 70-90 deg; source-family spread against the Juan-CV recommended finite-source ensemble (worst reference `modal-full2`) is 8.155 dB RMS, above the 1.5 dB shape target; Juan horizontal polars do not uniquely constrain this off-plane incident field",,missing,,,,,,,,,,,,,,,,,,,missing,,,,,,,,,,,,,,,rejected_by_source_cv,Juan source evidence is rejected: Juan in-sample side-worst normalized RMS 6.521 dB exceeds 3.000 dB.
6,l22mg-source-cv-physical-diaphragm,docs/l22mg-source-cv-physical-diaphragm/source_cv_summary.csv,physical-diaphragm-full-coupled-dipole-m3-az16-q3-reg1e-06,active-surface-modal,h1659-acoustic-full,physical-diaphragm,3,3,rejected_bad_insample_fit,Juan in-sample side-worst normalized RMS 7.419 dB exceeds 3.000 dB.,5.116826447996921,7.4191818600825945,7.2320211522107725,55.566444680029626,not_applicable_rejected_source_cv,nan,nan,nan,nan,,,nan,nan,nan,nan,,,"Juan source-CV already rejects this source, so off-plane source ambiguity metrics are not required before rejecting it as an acceptance candidate.",,missing,,,,,,,,,,,,,,,,,,,missing,,,,,,,,,,,,,,,rejected_by_source_cv,Juan source evidence is rejected: Juan in-sample side-worst normalized RMS 7.419 dB exceeds 3.000 dB.
7,l22mg-source-cv-physical-diaphragm,docs/l22mg-source-cv-physical-diaphragm/source_cv_summary.csv,physical-diaphragm-compact-coupled-dipole-az16-q3-reg3e-06,active-surface-modal,h1659-acoustic-compact,physical-diaphragm,4,4,rejected_bad_insample_fit,Juan in-sample side-worst normalized RMS 4.299 dB exceeds 3.000 dB.,5.287309490844843,4.298861722140061,4.099853647900189,66.33998610836349,physical-diaphragm-compact-coupled-dipole-az16-q3-reg3e-06,0.180969671208584,0.3901362690234791,16.099131476310088,31.906215701905694,source_cv_recommended_juan_only,profile-ring-full-svd,6.0,26.654627997485264,734.4321259827932,90.0,profile-ring-full,modal-full2,"Mapped off-plane source case `physical-diaphragm-compact-coupled-dipole-az16-q3-reg3e-06`; z=0 to UM-height normalized-polar change is 0.181 dB RMS over 70-90 deg; source-family spread against the Juan-CV recommended finite-source ensemble (worst reference `profile-ring-full-svd`) is 16.099 dB RMS, above the 1.5 dB shape target; Juan horizontal polars do not uniquely constrain this off-plane incident field",,missing,,,,,,,,,,,,,,,,,,,missing,,,,,,,,,,,,,,,rejected_by_source_cv,Juan source evidence is rejected: Juan in-sample side-worst normalized RMS 4.299 dB exceeds 3.000 dB.
8,l22mg-source-cv-physical-diaphragm,docs/l22mg-source-cv-physical-diaphragm/source_cv_summary.csv,physical-diaphragm-compact-coupled-dipole-az24-q3-reg3e-06,active-surface-modal,h1659-acoustic-compact,physical-diaphragm,4,4,rejected_bad_insample_fit,Juan in-sample side-worst normalized RMS 4.307 dB exceeds 3.000 dB.,5.364015897018615,4.306781816416818,4.102812335385803,65.74440743689156,physical-diaphragm-compact-coupled-dipole-az24-q3-reg3e-06,0.17934292063594276,0.38453683133565875,15.948972563652866,31.557209314136983,source_cv_recommended_juan_only,profile-ring-full-svd,6.0,26.654627997485264,734.4321259827932,90.0,profile-ring-full,modal-full2,"Mapped off-plane source case `physical-diaphragm-compact-coupled-dipole-az24-q3-reg3e-06`; z=0 to UM-height normalized-polar change is 0.179 dB RMS over 70-90 deg; source-family spread against the Juan-CV recommended finite-source ensemble (worst reference `profile-ring-full-svd`) is 15.949 dB RMS, above the 1.5 dB shape target; Juan horizontal polars do not uniquely constrain this off-plane incident field",,missing,,,,,,,,,,,,,,,,,,,missing,,,,,,,,,,,,,,,rejected_by_source_cv,Juan source evidence is rejected: Juan in-sample side-worst normalized RMS 4.307 dB exceeds 3.000 dB.
9,l22mg-source-cv-physical-diaphragm,docs/l22mg-source-cv-physical-diaphragm/source_cv_summary.csv,physical-diaphragm-compact-coupled-measured-az24-q3-reg1e-06,active-surface-modal,h1659-acoustic-compact,physical-diaphragm,4,4,rejected_bad_insample_fit,Juan in-sample side-worst normalized RMS 4.216 dB exceeds 3.000 dB.,5.407348635784062,4.216117680694408,5.61184996984058,68.8387594969572,physical-diaphragm-compact-coupled-measured-az24-q3-reg1e-06,0.08941048129748536,0.3234505697981902,13.412692952553305,31.13934168716243,source_cv_recommended_juan_only,profile-ring-full,6.0,26.654627997485264,734.4321259827932,90.0,profile-ring-full,modal-full2,"Mapped off-plane source case `physical-diaphragm-compact-coupled-measured-az24-q3-reg1e-06`; z=0 to UM-height normalized-polar change is 0.089 dB RMS over 70-90 deg; source-family spread against the Juan-CV recommended finite-source ensemble (worst reference `profile-ring-full`) is 13.413 dB RMS, above the 1.5 dB shape target; Juan horizontal polars do not uniquely constrain this off-plane incident field",,missing,,,,,,,,,,,,,,,,,,,missing,,,,,,,,,,,,,,,rejected_by_source_cv,Juan source evidence is rejected: Juan in-sample side-worst normalized RMS 4.216 dB exceeds 3.000 dB.
10,l22mg-source-cv-physical-diaphragm,docs/l22mg-source-cv-physical-diaphragm/source_cv_summary.csv,physical-diaphragm-compact-coupled-measured-az16-q3-reg1e-06,active-surface-modal,h1659-acoustic-compact,physical-diaphragm,4,4,rejected_bad_insample_fit,Juan in-sample side-worst normalized RMS 4.286 dB exceeds 3.000 dB.,5.569301180200011,4.286161230618588,5.753708572461752,69.51404336116843,physical-diaphragm-compact-coupled-measured-az16-q3-reg1e-06,0.10262724134267358,0.5235444001144955,13.444576202791925,30.965037516402482,source_cv_recommended_juan_only,profile-ring-full,6.0,26.654627997485264,734.4321259827932,90.0,profile-ring-full,modal-full2,"Mapped off-plane source case `physical-diaphragm-compact-coupled-measured-az16-q3-reg1e-06`; z=0 to UM-height normalized-polar change is 0.103 dB RMS over 70-90 deg; source-family spread against the Juan-CV recommended finite-source ensemble (worst reference `profile-ring-full`) is 13.445 dB RMS, above the 1.5 dB shape target; Juan horizontal polars do not uniquely constrain this off-plane incident field",,missing,,,,,,,,,,,,,,,,,,,missing,,,,,,,,,,,,,,,rejected_by_source_cv,Juan source evidence is rejected: Juan in-sample side-worst normalized RMS 4.286 dB exceeds 3.000 dB.
11,l22mg-source-cv-physical-diaphragm,docs/l22mg-source-cv-physical-diaphragm/source_cv_summary.csv,physical-diaphragm-compact-coupled-measured-az16-q3-reg1e-06-svd1e-05,active-surface-modal,h1659-acoustic-compact,physical-diaphragm,4,4,rejected_bad_insample_fit,Juan in-sample side-worst normalized RMS 4.286 dB exceeds 3.000 dB.,5.569301180231152,4.286161230616814,5.753708572457301,69.51404336123969,physical-diaphragm-compact-coupled-measured-az16-q3-reg1e-06-svd1e-05,0.10262724134748327,0.5235444001773644,13.444576202783194,30.965037516442322,source_cv_recommended_juan_only,profile-ring-full,6.0,26.654627997485264,734.4321259827932,90.0,profile-ring-full,modal-full2,"Mapped off-plane source case `physical-diaphragm-compact-coupled-measured-az16-q3-reg1e-06-svd1e-05`; z=0 to UM-height normalized-polar change is 0.103 dB RMS over 70-90 deg; source-family spread against the Juan-CV recommended finite-source ensemble (worst reference `profile-ring-full`) is 13.445 dB RMS, above the 1.5 dB shape target; Juan horizontal polars do not uniquely constrain this off-plane incident field",,missing,,,,,,,,,,,,,,,,,,,missing,,,,,,,,,,,,,,,rejected_by_source_cv,Juan source evidence is rejected: Juan in-sample side-worst normalized RMS 4.286 dB exceeds 3.000 dB.
12,l22mg-source-cv-physical-diaphragm,docs/l22mg-source-cv-physical-diaphragm/source_cv_summary.csv,physical-diaphragm-compact-coupled-dipole-m3-az16-q3-reg3e-06,active-surface-modal,h1659-acoustic-compact,physical-diaphragm,3,3,rejected_bad_insample_fit,Juan in-sample side-worst normalized RMS 4.854 dB exceeds 3.000 dB.,5.690714270422657,4.853807796765841,4.637372668930855,68.09658954077932,not_applicable_rejected_source_cv,nan,nan,nan,nan,,,nan,nan,nan,nan,,,"Juan source-CV already rejects this source, so off-plane source ambiguity metrics are not required before rejecting it as an acceptance candidate.",,missing,,,,,,,,,,,,,,,,,,,missing,,,,,,,,,,,,,,,rejected_by_source_cv,Juan source evidence is rejected: Juan in-sample side-worst normalized RMS 4.854 dB exceeds 3.000 dB.
13,l22mg-source-cv-physical-diaphragm,docs/l22mg-source-cv-physical-diaphragm/source_cv_summary.csv,physical-diaphragm-compact-coupled-dipole-m3-az24-q3-reg3e-06,active-surface-modal,h1659-acoustic-compact,physical-diaphragm,3,3,rejected_bad_insample_fit,Juan in-sample side-worst normalized RMS 4.961 dB exceeds 3.000 dB.,5.850096053827682,4.9610588738599315,4.725267377174436,68.06918409299628,not_applicable_rejected_source_cv,nan,nan,nan,nan,,,nan,nan,nan,nan,,,"Juan source-CV already rejects this source, so off-plane source ambiguity metrics are not required before rejecting it as an acceptance candidate.",,missing,,,,,,,,,,,,,,,,,,,missing,,,,,,,,,,,,,,,rejected_by_source_cv,Juan source evidence is rejected: Juan in-sample side-worst normalized RMS 4.961 dB exceeds 3.000 dB.
14,l22mg-source-cv-physical-diaphragm,docs/l22mg-source-cv-physical-diaphragm/source_cv_summary.csv,physical-diaphragm-compact-coupled-dipole-m2-az16-q3-reg1e-06,active-surface-modal,h1659-acoustic-compact,physical-diaphragm,2,2,rejected_bad_insample_fit,Juan in-sample side-worst normalized RMS 5.086 dB exceeds 3.000 dB.,5.8582016373377215,5.085809903924154,4.261498438077438,69.40584065996006,not_applicable_rejected_source_cv,nan,nan,nan,nan,,,nan,nan,nan,nan,,,"Juan source-CV already rejects this source, so off-plane source ambiguity metrics are not required before rejecting it as an acceptance candidate.",,missing,,,,,,,,,,,,,,,,,,,missing,,,,,,,,,,,,,,,rejected_by_source_cv,Juan source evidence is rejected: Juan in-sample side-worst normalized RMS 5.086 dB exceeds 3.000 dB.
15,l22mg-source-cv-physical-diaphragm,docs/l22mg-source-cv-physical-diaphragm/source_cv_summary.csv,physical-diaphragm-compact-coupled-dipole-m2-az16-q3-reg3e-06,active-surface-modal,h1659-acoustic-compact,physical-diaphragm,2,2,rejected_bad_insample_fit,Juan in-sample side-worst normalized RMS 5.087 dB exceeds 3.000 dB.,5.859166104606899,5.086646297680157,4.255843480593575,69.40178053378237,not_applicable_rejected_source_cv,nan,nan,nan,nan,,,nan,nan,nan,nan,,,"Juan source-CV already rejects this source, so off-plane source ambiguity metrics are not required before rejecting it as an acceptance candidate.",,missing,,,,,,,,,,,,,,,,,,,missing,,,,,,,,,,,,,,,rejected_by_source_cv,Juan source evidence is rejected: Juan in-sample side-worst normalized RMS 5.087 dB exceeds 3.000 dB.
16,l22mg-source-cv-physical-diaphragm,docs/l22mg-source-cv-physical-diaphragm/source_cv_summary.csv,physical-diaphragm-compact-coupled-dipole-m2-az24-q3-reg1e-06,active-surface-modal,h1659-acoustic-compact,physical-diaphragm,2,2,rejected_bad_insample_fit,Juan in-sample side-worst normalized RMS 5.210 dB exceeds 3.000 dB.,5.993496742553183,5.2103154720321285,4.328555015751595,69.50741943924315,not_applicable_rejected_source_cv,nan,nan,nan,nan,,,nan,nan,nan,nan,,,"Juan source-CV already rejects this source, so off-plane source ambiguity metrics are not required before rejecting it as an acceptance candidate.",,missing,,,,,,,,,,,,,,,,,,,missing,,,,,,,,,,,,,,,rejected_by_source_cv,Juan source evidence is rejected: Juan in-sample side-worst normalized RMS 5.210 dB exceeds 3.000 dB.
17,l22mg-source-cv-physical-diaphragm,docs/l22mg-source-cv-physical-diaphragm/source_cv_summary.csv,physical-diaphragm-compact-coupled-dipole-m2-az24-q3-reg3e-06,active-surface-modal,h1659-acoustic-compact,physical-diaphragm,2,2,rejected_bad_insample_fit,Juan in-sample side-worst normalized RMS 5.211 dB exceeds 3.000 dB.,5.994608886032425,5.211275906090992,4.321869916081635,69.5026825641751,not_applicable_rejected_source_cv,nan,nan,nan,nan,,,nan,nan,nan,nan,,,"Juan source-CV already rejects this source, so off-plane source ambiguity metrics are not required before rejecting it as an acceptance candidate.",,missing,,,,,,,,,,,,,,,,,,,missing,,,,,,,,,,,,,,,rejected_by_source_cv,Juan source evidence is rejected: Juan in-sample side-worst normalized RMS 5.211 dB exceeds 3.000 dB.
18,l22mg-source-cv-physical-diaphragm,docs/l22mg-source-cv-physical-diaphragm/source_cv_summary.csv,physical-diaphragm-compact-coupled-measured-m3-az24-q3-reg1e-06,active-surface-modal,h1659-acoustic-compact,physical-diaphragm,3,3,rejected_bad_insample_fit,Juan in-sample side-worst normalized RMS 4.300 dB exceeds 3.000 dB.,6.093710877040153,4.300295564137555,6.278021276080635,78.90558101862479,not_applicable_rejected_source_cv,nan,nan,nan,nan,,,nan,nan,nan,nan,,,"Juan source-CV already rejects this source, so off-plane source ambiguity metrics are not required before rejecting it as an acceptance candidate.",,missing,,,,,,,,,,,,,,,,,,,missing,,,,,,,,,,,,,,,rejected_by_source_cv,Juan source evidence is rejected: Juan in-sample side-worst normalized RMS 4.300 dB exceeds 3.000 dB.
19,l22mg-source-cv-physical-diaphragm,docs/l22mg-source-cv-physical-diaphragm/source_cv_summary.csv,physical-diaphragm-compact-coupled-dipole-az24-q3-reg1e-06,active-surface-modal,h1659-acoustic-compact,physical-diaphragm,4,4,rejected_bad_insample_fit,Juan in-sample side-worst normalized RMS 4.679 dB exceeds 3.000 dB.,6.134667706355968,4.679227627592187,4.389060587734666,61.127123902981,physical-diaphragm-compact-coupled-dipole-az24-q3-reg1e-06,0.161579156062992,0.3783754003966422,13.864694713987186,27.285360980392376,source_cv_recommended_juan_only,profile-ring-full-svd,6.0,26.654627997485264,734.4321259827932,90.0,profile-ring-full,modal-full2,"Mapped off-plane source case `physical-diaphragm-compact-coupled-dipole-az24-q3-reg1e-06`; z=0 to UM-height normalized-polar change is 0.162 dB RMS over 70-90 deg; source-family spread against the Juan-CV recommended finite-source ensemble (worst reference `profile-ring-full-svd`) is 13.865 dB RMS, above the 1.5 dB shape target; Juan horizontal polars do not uniquely constrain this off-plane incident field",,missing,,,,,,,,,,,,,,,,,,,missing,,,,,,,,,,,,,,,rejected_by_source_cv,Juan source evidence is rejected: Juan in-sample side-worst normalized RMS 4.679 dB exceeds 3.000 dB.
20,l22mg-source-cv-physical-diaphragm,docs/l22mg-source-cv-physical-diaphragm/source_cv_summary.csv,physical-diaphragm-compact-coupled-measured-m3-az16-q3-reg1e-06,active-surface-modal,h1659-acoustic-compact,physical-diaphragm,3,3,rejected_bad_insample_fit,Juan in-sample side-worst normalized RMS 4.422 dB exceeds 3.000 dB.,6.281646521296223,4.422437033652596,6.374259813426192,78.88860747610723,not_applicable_rejected_source_cv,nan,nan,nan,nan,,,nan,nan,nan,nan,,,"Juan source-CV already rejects this source, so off-plane source ambiguity metrics are not required before rejecting it as an acceptance candidate.",,missing,,,,,,,,,,,,,,,,,,,missing,,,,,,,,,,,,,,,rejected_by_source_cv,Juan source evidence is rejected: Juan in-sample side-worst normalized RMS 4.422 dB exceeds 3.000 dB.
21,l22mg-source-cv-physical-diaphragm,docs/l22mg-source-cv-physical-diaphragm/source_cv_summary.csv,physical-diaphragm-compact-coupled-measured-m3-az16-q3-reg1e-06-svd1e-05,active-surface-modal,h1659-acoustic-compact,physical-diaphragm,3,3,rejected_bad_insample_fit,Juan in-sample side-worst normalized RMS 4.422 dB exceeds 3.000 dB.,6.281646521342332,4.422437033660454,6.3742598134320145,78.88860747610252,not_applicable_rejected_source_cv,nan,nan,nan,nan,,,nan,nan,nan,nan,,,"Juan source-CV already rejects this source, so off-plane source ambiguity metrics are not required before rejecting it as an acceptance candidate.",,missing,,,,,,,,,,,,,,,,,,,missing,,,,,,,,,,,,,,,rejected_by_source_cv,Juan source evidence is rejected: Juan in-sample side-worst normalized RMS 4.422 dB exceeds 3.000 dB.
22,l22mg-source-cv-physical-diaphragm,docs/l22mg-source-cv-physical-diaphragm/source_cv_summary.csv,physical-diaphragm-compact-coupled-dipole-az16-q3-reg1e-06,active-surface-modal,h1659-acoustic-compact,physical-diaphragm,4,4,rejected_bad_insample_fit,Juan in-sample side-worst normalized RMS 4.636 dB exceeds 3.000 dB.,6.348297157394122,4.6363528231612845,4.336472363889074,61.88075441656464,physical-diaphragm-compact-coupled-dipole-az16-q3-reg1e-06,0.16389571175040255,0.3760673979733653,14.091132835846922,27.43494396901093,source_cv_recommended_juan_only,profile-ring-full-svd,6.0,26.654627997485264,734.4321259827932,90.0,profile-ring-full,modal-full2,"Mapped off-plane source case `physical-diaphragm-compact-coupled-dipole-az16-q3-reg1e-06`; z=0 to UM-height normalized-polar change is 0.164 dB RMS over 70-90 deg; source-family spread against the Juan-CV recommended finite-source ensemble (worst reference `profile-ring-full-svd`) is 14.091 dB RMS, above the 1.5 dB shape target; Juan horizontal polars do not uniquely constrain this off-plane incident field",,missing,,,,,,,,,,,,,,,,,,,missing,,,,,,,,,,,,,,,rejected_by_source_cv,Juan source evidence is rejected: Juan in-sample side-worst normalized RMS 4.636 dB exceeds 3.000 dB.
23,l22mg-source-cv-physical-diaphragm,docs/l22mg-source-cv-physical-diaphragm/source_cv_summary.csv,physical-diaphragm-full-coupled-dipole-m2-az16-q3-reg1e-06,active-surface-modal,h1659-acoustic-full,physical-diaphragm,2,2,rejected_bad_insample_fit,Juan in-sample side-worst normalized RMS 5.732 dB exceeds 3.000 dB.,6.5884271727823664,5.73192301291528,4.806466386384977,70.94840740048916,not_applicable_rejected_source_cv,nan,nan,nan,nan,,,nan,nan,nan,nan,,,"Juan source-CV already rejects this source, so off-plane source ambiguity metrics are not required before rejecting it as an acceptance candidate.",,missing,,,,,,,,,,,,,,,,,,,missing,,,,,,,,,,,,,,,rejected_by_source_cv,Juan source evidence is rejected: Juan in-sample side-worst normalized RMS 5.732 dB exceeds 3.000 dB.
24,l22mg-source-cv-physical-diaphragm,docs/l22mg-source-cv-physical-diaphragm/source_cv_summary.csv,physical-diaphragm-full-coupled-measured-m2-az16-q3-reg1e-06,active-surface-modal,h1659-acoustic-full,physical-diaphragm,2,2,rejected_bad_insample_fit,Juan in-sample side-worst normalized RMS 6.615 dB exceeds 3.000 dB.,6.68641749006027,6.615398905288714,7.606632626476626,91.80535213780502,not_applicable_rejected_source_cv,nan,nan,nan,nan,,,nan,nan,nan,nan,,,"Juan source-CV already rejects this source, so off-plane source ambiguity metrics are not required before rejecting it as an acceptance candidate.",,missing,,,,,,,,,,,,,,,,,,,missing,,,,,,,,,,,,,,,rejected_by_source_cv,Juan source evidence is rejected: Juan in-sample side-worst normalized RMS 6.615 dB exceeds 3.000 dB.
25,l22mg-source-cv-physical-diaphragm,docs/l22mg-source-cv-physical-diaphragm/source_cv_summary.csv,physical-diaphragm-compact-coupled-measured-az24-q3-reg3e-06,active-surface-modal,h1659-acoustic-compact,physical-diaphragm,4,4,rejected_bad_insample_fit,Juan in-sample side-worst normalized RMS 5.545 dB exceeds 3.000 dB.,7.38316727661879,5.544733914853424,6.990321021049183,73.2520852311041,physical-diaphragm-compact-coupled-measured-az24-q3-reg3e-06,0.1315693226929021,0.6932175610416706,14.054261527993976,29.74748372273997,source_cv_recommended_juan_only,profile-ring-full,6.0,26.654627997485264,734.4321259827932,90.0,profile-ring-full,modal-full2,"Mapped off-plane source case `physical-diaphragm-compact-coupled-measured-az24-q3-reg3e-06`; z=0 to UM-height normalized-polar change is 0.132 dB RMS over 70-90 deg; source-family spread against the Juan-CV recommended finite-source ensemble (worst reference `profile-ring-full`) is 14.054 dB RMS, above the 1.5 dB shape target; Juan horizontal polars do not uniquely constrain this off-plane incident field",,missing,,,,,,,,,,,,,,,,,,,missing,,,,,,,,,,,,,,,rejected_by_source_cv,Juan source evidence is rejected: Juan in-sample side-worst normalized RMS 5.545 dB exceeds 3.000 dB.
26,l22mg-source-cv-physical-diaphragm,docs/l22mg-source-cv-physical-diaphragm/source_cv_summary.csv,physical-diaphragm-compact-coupled-dipole-m3-az16-q3-reg1e-06,active-surface-modal,h1659-acoustic-compact,physical-diaphragm,3,3,rejected_bad_insample_fit,Juan in-sample side-worst normalized RMS 5.786 dB exceeds 3.000 dB.,7.451960767801226,5.7862022062510015,5.350523356841601,67.01254614392656,not_applicable_rejected_source_cv,nan,nan,nan,nan,,,nan,nan,nan,nan,,,"Juan source-CV already rejects this source, so off-plane source ambiguity metrics are not required before rejecting it as an acceptance candidate.",,missing,,,,,,,,,,,,,,,,,,,missing,,,,,,,,,,,,,,,rejected_by_source_cv,Juan source evidence is rejected: Juan in-sample side-worst normalized RMS 5.786 dB exceeds 3.000 dB.
27,l22mg-source-cv-physical-diaphragm,docs/l22mg-source-cv-physical-diaphragm/source_cv_summary.csv,physical-diaphragm-compact-coupled-measured-az16-q3-reg3e-06,active-surface-modal,h1659-acoustic-compact,physical-diaphragm,4,4,rejected_bad_insample_fit,Juan in-sample side-worst normalized RMS 5.689 dB exceeds 3.000 dB.,7.553361522165562,5.6892458930142915,7.18181591106037,74.09141172615836,physical-diaphragm-compact-coupled-measured-az16-q3-reg3e-06,0.1175677846752497,0.473839062579934,14.025265425258581,29.480122107679698,source_cv_recommended_juan_only,profile-ring-full,6.0,26.654627997485264,734.4321259827932,90.0,profile-ring-full,modal-full2,"Mapped off-plane source case `physical-diaphragm-compact-coupled-measured-az16-q3-reg3e-06`; z=0 to UM-height normalized-polar change is 0.118 dB RMS over 70-90 deg; source-family spread against the Juan-CV recommended finite-source ensemble (worst reference `profile-ring-full`) is 14.025 dB RMS, above the 1.5 dB shape target; Juan horizontal polars do not uniquely constrain this off-plane incident field",,missing,,,,,,,,,,,,,,,,,,,missing,,,,,,,,,,,,,,,rejected_by_source_cv,Juan source evidence is rejected: Juan in-sample side-worst normalized RMS 5.689 dB exceeds 3.000 dB.
28,l22mg-source-cv-physical-diaphragm,docs/l22mg-source-cv-physical-diaphragm/source_cv_summary.csv,physical-diaphragm-compact-coupled-dipole-m3-az24-q3-reg1e-06,active-surface-modal,h1659-acoustic-compact,physical-diaphragm,3,3,rejected_bad_insample_fit,Juan in-sample side-worst normalized RMS 5.899 dB exceeds 3.000 dB.,7.690189373176119,5.899101276415702,5.4486871927025415,66.94086253687621,not_applicable_rejected_source_cv,nan,nan,nan,nan,,,nan,nan,nan,nan,,,"Juan source-CV already rejects this source, so off-plane source ambiguity metrics are not required before rejecting it as an acceptance candidate.",,missing,,,,,,,,,,,,,,,,,,,missing,,,,,,,,,,,,,,,rejected_by_source_cv,Juan source evidence is rejected: Juan in-sample side-worst normalized RMS 5.899 dB exceeds 3.000 dB.
29,l22mg-source-cv-physical-diaphragm,docs/l22mg-source-cv-physical-diaphragm/source_cv_summary.csv,physical-diaphragm-compact-coupled-measured-m2-az24-q3-reg3e-06,active-surface-modal,h1659-acoustic-compact,physical-diaphragm,2,2,rejected_bad_insample_fit,Juan in-sample side-worst normalized RMS 7.080 dB exceeds 3.000 dB.,7.786709958426927,7.079720949517617,8.147907523659999,90.0689325559663,not_applicable_rejected_source_cv,nan,nan,nan,nan,,,nan,nan,nan,nan,,,"Juan source-CV already rejects this source, so off-plane source ambiguity metrics are not required before rejecting it as an acceptance candidate.",,missing,,,,,,,,,,,,,,,,,,,missing,,,,,,,,,,,,,,,rejected_by_source_cv,Juan source evidence is rejected: Juan in-sample side-worst normalized RMS 7.080 dB exceeds 3.000 dB.
30,l22mg-source-cv-physical-diaphragm,docs/l22mg-source-cv-physical-diaphragm/source_cv_summary.csv,physical-diaphragm-compact-coupled-measured-m2-az24-q3-reg1e-06,active-surface-modal,h1659-acoustic-compact,physical-diaphragm,2,2,rejected_bad_insample_fit,Juan in-sample side-worst normalized RMS 6.993 dB exceeds 3.000 dB.,7.897302179286895,6.993249402844007,8.051779109212946,90.01451934221106,not_applicable_rejected_source_cv,nan,nan,nan,nan,,,nan,nan,nan,nan,,,"Juan source-CV already rejects this source, so off-plane source ambiguity metrics are not required before rejecting it as an acceptance candidate.",,missing,,,,,,,,,,,,,,,,,,,missing,,,,,,,,,,,,,,,rejected_by_source_cv,Juan source evidence is rejected: Juan in-sample side-worst normalized RMS 6.993 dB exceeds 3.000 dB.
31,l22mg-source-cv-physical-diaphragm,docs/l22mg-source-cv-physical-diaphragm/source_cv_summary.csv,physical-diaphragm-compact-coupled-measured-m2-az16-q3-reg3e-06,active-surface-modal,h1659-acoustic-compact,physical-diaphragm,2,2,rejected_bad_insample_fit,Juan in-sample side-worst normalized RMS 7.136 dB exceeds 3.000 dB.,8.156549600166322,7.1359205605553635,8.218420832058033,90.11306098734426,not_applicable_rejected_source_cv,nan,nan,nan,nan,,,nan,nan,nan,nan,,,"Juan source-CV already rejects this source, so off-plane source ambiguity metrics are not required before rejecting it as an acceptance candidate.",,missing,,,,,,,,,,,,,,,,,,,missing,,,,,,,,,,,,,,,rejected_by_source_cv,Juan source evidence is rejected: Juan in-sample side-worst normalized RMS 7.136 dB exceeds 3.000 dB.
32,l22mg-source-cv-physical-diaphragm,docs/l22mg-source-cv-physical-diaphragm/source_cv_summary.csv,physical-diaphragm-compact-coupled-measured-m3-az24-q3-reg3e-06,active-surface-modal,h1659-acoustic-compact,physical-diaphragm,3,3,rejected_bad_insample_fit,Juan in-sample side-worst normalized RMS 5.782 dB exceeds 3.000 dB.,8.173431742888715,5.7817116603296625,7.442002494635395,79.88974815672606,not_applicable_rejected_source_cv,nan,nan,nan,nan,,,nan,nan,nan,nan,,,"Juan source-CV already rejects this source, so off-plane source ambiguity metrics are not required before rejecting it as an acceptance candidate.",,missing,,,,,,,,,,,,,,,,,,,missing,,,,,,,,,,,,,,,rejected_by_source_cv,Juan source evidence is rejected: Juan in-sample side-worst normalized RMS 5.782 dB exceeds 3.000 dB.
33,l22mg-source-cv-physical-diaphragm,docs/l22mg-source-cv-physical-diaphragm/source_cv_summary.csv,physical-diaphragm-compact-coupled-measured-m2-az16-q3-reg1e-06,active-surface-modal,h1659-acoustic-compact,physical-diaphragm,2,2,rejected_bad_insample_fit,Juan in-sample side-worst normalized RMS 7.064 dB exceeds 3.000 dB.,8.318360074994816,7.064314028890185,8.138148075145013,90.06549032383808,not_applicable_rejected_source_cv,nan,nan,nan,nan,,,nan,nan,nan,nan,,,"Juan source-CV already rejects this source, so off-plane source ambiguity metrics are not required before rejecting it as an acceptance candidate.",,missing,,,,,,,,,,,,,,,,,,,missing,,,,,,,,,,,,,,,rejected_by_source_cv,Juan source evidence is rejected: Juan in-sample side-worst normalized RMS 7.064 dB exceeds 3.000 dB.
34,l22mg-source-cv-physical-diaphragm,docs/l22mg-source-cv-physical-diaphragm/source_cv_summary.csv,physical-diaphragm-compact-coupled-measured-m3-az16-q3-reg3e-06,active-surface-modal,h1659-acoustic-compact,physical-diaphragm,3,3,rejected_bad_insample_fit,Juan in-sample side-worst normalized RMS 5.921 dB exceeds 3.000 dB.,8.379837561474417,5.9210381784906625,7.568019747457067,79.98339963960478,not_applicable_rejected_source_cv,nan,nan,nan,nan,,,nan,nan,nan,nan,,,"Juan source-CV already rejects this source, so off-plane source ambiguity metrics are not required before rejecting it as an acceptance candidate.",,missing,,,,,,,,,,,,,,,,,,,missing,,,,,,,,,,,,,,,rejected_by_source_cv,Juan source evidence is rejected: Juan in-sample side-worst normalized RMS 5.921 dB exceeds 3.000 dB.
1,l22mg-source-cv-physical-diaphragm-fsmooth,docs/l22mg-source-cv-physical-diaphragm-fsmooth/source_cv_summary.csv,physical-diaphragm-full-coupled-measured-az16-q3-reg1e-06,active-surface-modal,h1659-acoustic-full,physical-diaphragm,4,4,rejected_bad_insample_fit,Juan in-sample side-worst normalized RMS 3.159 dB exceeds 3.000 dB.,3.48142061096308,3.1590653840318286,4.7256715880929105,61.98521562865881,physical-diaphragm-full-coupled-measured-az16-q3-reg1e-06,0.22354064111033584,1.2387281325130601,13.239272460017514,32.299020800041816,source_cv_recommended_juan_only,profile-ring-full,6.0,26.654627997485264,734.4321259827932,90.0,profile-ring-full,modal-full2,"Mapped off-plane source case `physical-diaphragm-full-coupled-measured-az16-q3-reg1e-06`; z=0 to UM-height normalized-polar change is 0.224 dB RMS over 70-90 deg; source-family spread against the Juan-CV recommended finite-source ensemble (worst reference `profile-ring-full`) is 13.239 dB RMS, above the 1.5 dB shape target; Juan horizontal polars do not uniquely constrain this off-plane incident field",,missing,,,,,,,,,,,,,,,,,,,missing,,,,,,,,,,,,,,,rejected_by_source_cv,Juan source evidence is rejected: Juan in-sample side-worst normalized RMS 3.159 dB exceeds 3.000 dB.
2,l22mg-source-cv-physical-diaphragm-fsmooth,docs/l22mg-source-cv-physical-diaphragm-fsmooth/source_cv_summary.csv,physical-diaphragm-full-coupled-measured-az16-q3-reg1e-06-fsmooth1e-08,active-surface-modal,h1659-acoustic-full,physical-diaphragm,4,4,rejected_bad_insample_fit,Juan in-sample side-worst normalized RMS 3.159 dB exceeds 3.000 dB.,3.48154834955741,3.1594041178805123,4.726063669845544,61.98581115184297,not_applicable_rejected_source_cv,nan,nan,nan,nan,,,nan,nan,nan,nan,,,"Juan source-CV already rejects this source, so off-plane source ambiguity metrics are not required before rejecting it as an acceptance candidate.",,missing,,,,,,,,,,,,,,,,,,,missing,,,,,,,,,,,,,,,rejected_by_source_cv,Juan source evidence is rejected: Juan in-sample side-worst normalized RMS 3.159 dB exceeds 3.000 dB.
3,l22mg-source-cv-physical-diaphragm-fsmooth,docs/l22mg-source-cv-physical-diaphragm-fsmooth/source_cv_summary.csv,physical-diaphragm-full-coupled-measured-az16-q3-reg1e-06-fsmooth1e-07,active-surface-modal,h1659-acoustic-full,physical-diaphragm,4,4,rejected_bad_insample_fit,Juan in-sample side-worst normalized RMS 3.162 dB exceeds 3.000 dB.,3.4826997642281086,3.1624475520065984,4.729587118826131,61.991111674370636,not_applicable_rejected_source_cv,nan,nan,nan,nan,,,nan,nan,nan,nan,,,"Juan source-CV already rejects this source, so off-plane source ambiguity metrics are not required before rejecting it as an acceptance candidate.",,missing,,,,,,,,,,,,,,,,,,,missing,,,,,,,,,,,,,,,rejected_by_source_cv,Juan source evidence is rejected: Juan in-sample side-worst normalized RMS 3.162 dB exceeds 3.000 dB.
4,l22mg-source-cv-physical-diaphragm-fsmooth,docs/l22mg-source-cv-physical-diaphragm-fsmooth/source_cv_summary.csv,physical-diaphragm-full-coupled-measured-az16-q3-reg1e-06-fsmooth1e-06,active-surface-modal,h1659-acoustic-full,physical-diaphragm,4,4,rejected_bad_insample_fit,Juan in-sample side-worst normalized RMS 3.192 dB exceeds 3.000 dB.,3.494350748022778,3.1924043095950885,4.764329040420398,62.03915415079305,not_applicable_rejected_source_cv,nan,nan,nan,nan,,,nan,nan,nan,nan,,,"Juan source-CV already rejects this source, so off-plane source ambiguity metrics are not required before rejecting it as an acceptance candidate.",,missing,,,,,,,,,,,,,,,,,,,missing,,,,,,,,,,,,,,,rejected_by_source_cv,Juan source evidence is rejected: Juan in-sample side-worst normalized RMS 3.192 dB exceeds 3.000 dB.
5,l22mg-source-cv-physical-diaphragm-fsmooth,docs/l22mg-source-cv-physical-diaphragm-fsmooth/source_cv_summary.csv,physical-diaphragm-full-coupled-dipole-az16-q3-reg1e-06,active-surface-modal,h1659-acoustic-full,physical-diaphragm,4,4,rejected_bad_insample_fit,Juan in-sample side-worst normalized RMS 6.543 dB exceeds 3.000 dB.,4.48630080508657,6.5426151281986105,6.368400210740939,44.863627688682605,physical-diaphragm-full-coupled-dipole-az16-q3-reg1e-06,0.12613843238979827,0.35151050109509896,8.15501220026014,19.698117774330967,source_cv_recommended_juan_only,modal-full2,6.0,26.654627997485264,734.4321259827932,90.0,profile-ring-full,modal-full2,"Mapped off-plane source case `physical-diaphragm-full-coupled-dipole-az16-q3-reg1e-06`; z=0 to UM-height normalized-polar change is 0.126 dB RMS over 70-90 deg; source-family spread against the Juan-CV recommended finite-source ensemble (worst reference `modal-full2`) is 8.155 dB RMS, above the 1.5 dB shape target; Juan horizontal polars do not uniquely constrain this off-plane incident field",,missing,,,,,,,,,,,,,,,,,,,missing,,,,,,,,,,,,,,,rejected_by_source_cv,Juan source evidence is rejected: Juan in-sample side-worst normalized RMS 6.543 dB exceeds 3.000 dB.
6,l22mg-source-cv-physical-diaphragm-fsmooth,docs/l22mg-source-cv-physical-diaphragm-fsmooth/source_cv_summary.csv,physical-diaphragm-full-coupled-dipole-az16-q3-reg1e-06-fsmooth1e-08,active-surface-modal,h1659-acoustic-full,physical-diaphragm,4,4,rejected_bad_insample_fit,Juan in-sample side-worst normalized RMS 6.543 dB exceeds 3.000 dB.,4.486379509703087,6.5428150765552875,6.368619532418028,44.864384093228296,not_applicable_rejected_source_cv,nan,nan,nan,nan,,,nan,nan,nan,nan,,,"Juan source-CV already rejects this source, so off-plane source ambiguity metrics are not required before rejecting it as an acceptance candidate.",,missing,,,,,,,,,,,,,,,,,,,missing,,,,,,,,,,,,,,,rejected_by_source_cv,Juan source evidence is rejected: Juan in-sample side-worst normalized RMS 6.543 dB exceeds 3.000 dB.
7,l22mg-source-cv-physical-diaphragm-fsmooth,docs/l22mg-source-cv-physical-diaphragm-fsmooth/source_cv_summary.csv,physical-diaphragm-full-coupled-dipole-az16-q3-reg1e-06-fsmooth1e-07,active-surface-modal,h1659-acoustic-full,physical-diaphragm,4,4,rejected_bad_insample_fit,Juan in-sample side-worst normalized RMS 6.545 dB exceeds 3.000 dB.,4.487088000087273,6.544629828875694,6.370609457596265,44.87120731690361,not_applicable_rejected_source_cv,nan,nan,nan,nan,,,nan,nan,nan,nan,,,"Juan source-CV already rejects this source, so off-plane source ambiguity metrics are not required before rejecting it as an acceptance candidate.",,missing,,,,,,,,,,,,,,,,,,,missing,,,,,,,,,,,,,,,rejected_by_source_cv,Juan source evidence is rejected: Juan in-sample side-worst normalized RMS 6.545 dB exceeds 3.000 dB.
8,l22mg-source-cv-physical-diaphragm-fsmooth,docs/l22mg-source-cv-physical-diaphragm-fsmooth/source_cv_summary.csv,physical-diaphragm-full-coupled-dipole-az16-q3-reg1e-06-fsmooth1e-06,active-surface-modal,h1659-acoustic-full,physical-diaphragm,4,4,rejected_bad_insample_fit,Juan in-sample side-worst normalized RMS 6.564 dB exceeds 3.000 dB.,4.494189992624661,6.564124600181498,6.3919249120221195,44.94087512318889,not_applicable_rejected_source_cv,nan,nan,nan,nan,,,nan,nan,nan,nan,,,"Juan source-CV already rejects this source, so off-plane source ambiguity metrics are not required before rejecting it as an acceptance candidate.",,missing,,,,,,,,,,,,,,,,,,,missing,,,,,,,,,,,,,,,rejected_by_source_cv,Juan source evidence is rejected: Juan in-sample side-worst normalized RMS 6.564 dB exceeds 3.000 dB.
9,l22mg-source-cv-physical-diaphragm-fsmooth,docs/l22mg-source-cv-physical-diaphragm-fsmooth/source_cv_summary.csv,physical-diaphragm-compact-coupled-measured-az16-q3-reg1e-06,active-surface-modal,h1659-acoustic-compact,physical-diaphragm,4,4,rejected_bad_insample_fit,Juan in-sample side-worst normalized RMS 4.328 dB exceeds 3.000 dB.,5.61222549635366,4.328343927337062,5.775052327308231,69.32666439863328,physical-diaphragm-compact-coupled-measured-az16-q3-reg1e-06,0.10262724134267358,0.5235444001144955,13.444576202791925,30.965037516402482,source_cv_recommended_juan_only,profile-ring-full,6.0,26.654627997485264,734.4321259827932,90.0,profile-ring-full,modal-full2,"Mapped off-plane source case `physical-diaphragm-compact-coupled-measured-az16-q3-reg1e-06`; z=0 to UM-height normalized-polar change is 0.103 dB RMS over 70-90 deg; source-family spread against the Juan-CV recommended finite-source ensemble (worst reference `profile-ring-full`) is 13.445 dB RMS, above the 1.5 dB shape target; Juan horizontal polars do not uniquely constrain this off-plane incident field",,missing,,,,,,,,,,,,,,,,,,,missing,,,,,,,,,,,,,,,rejected_by_source_cv,Juan source evidence is rejected: Juan in-sample side-worst normalized RMS 4.328 dB exceeds 3.000 dB.
10,l22mg-source-cv-physical-diaphragm-fsmooth,docs/l22mg-source-cv-physical-diaphragm-fsmooth/source_cv_summary.csv,physical-diaphragm-compact-coupled-measured-az16-q3-reg1e-06-fsmooth1e-08,active-surface-modal,h1659-acoustic-compact,physical-diaphragm,4,4,rejected_bad_insample_fit,Juan in-sample side-worst normalized RMS 4.328 dB exceeds 3.000 dB.,5.612287243791447,4.328433593605514,5.775233284914451,69.32733861073987,not_applicable_rejected_source_cv,nan,nan,nan,nan,,,nan,nan,nan,nan,,,"Juan source-CV already rejects this source, so off-plane source ambiguity metrics are not required before rejecting it as an acceptance candidate.",,missing,,,,,,,,,,,,,,,,,,,missing,,,,,,,,,,,,,,,rejected_by_source_cv,Juan source evidence is rejected: Juan in-sample side-worst normalized RMS 4.328 dB exceeds 3.000 dB.
11,l22mg-source-cv-physical-diaphragm-fsmooth,docs/l22mg-source-cv-physical-diaphragm-fsmooth/source_cv_summary.csv,physical-diaphragm-compact-coupled-measured-az16-q3-reg1e-06-fsmooth1e-07,active-surface-modal,h1659-acoustic-compact,physical-diaphragm,4,4,rejected_bad_insample_fit,Juan in-sample side-worst normalized RMS 4.329 dB exceeds 3.000 dB.,5.612842962311771,4.329239504087475,5.776859375328171,69.33338033621226,not_applicable_rejected_source_cv,nan,nan,nan,nan,,,nan,nan,nan,nan,,,"Juan source-CV already rejects this source, so off-plane source ambiguity metrics are not required before rejecting it as an acceptance candidate.",,missing,,,,,,,,,,,,,,,,,,,missing,,,,,,,,,,,,,,,rejected_by_source_cv,Juan source evidence is rejected: Juan in-sample side-worst normalized RMS 4.329 dB exceeds 3.000 dB.
12,l22mg-source-cv-physical-diaphragm-fsmooth,docs/l22mg-source-cv-physical-diaphragm-fsmooth/source_cv_summary.csv,physical-diaphragm-compact-coupled-measured-az16-q3-reg1e-06-fsmooth1e-06,active-surface-modal,h1659-acoustic-compact,physical-diaphragm,4,4,rejected_bad_insample_fit,Juan in-sample side-worst normalized RMS 4.337 dB exceeds 3.000 dB.,5.618404204080643,4.337190571382331,5.792877405721013,69.39152495933342,not_applicable_rejected_source_cv,nan,nan,nan,nan,,,nan,nan,nan,nan,,,"Juan source-CV already rejects this source, so off-plane source ambiguity metrics are not required before rejecting it as an acceptance candidate.",,missing,,,,,,,,,,,,,,,,,,,missing,,,,,,,,,,,,,,,rejected_by_source_cv,Juan source evidence is rejected: Juan in-sample side-worst normalized RMS 4.337 dB exceeds 3.000 dB.
13,l22mg-source-cv-physical-diaphragm-fsmooth,docs/l22mg-source-cv-physical-diaphragm-fsmooth/source_cv_summary.csv,physical-diaphragm-compact-coupled-dipole-az16-q3-reg1e-06,active-surface-modal,h1659-acoustic-compact,physical-diaphragm,4,4,rejected_bad_insample_fit,Juan in-sample side-worst normalized RMS 4.696 dB exceeds 3.000 dB.,6.4036961624089335,4.695734578634406,4.398808899273224,61.89306632222881,physical-diaphragm-compact-coupled-dipole-az16-q3-reg1e-06,0.16389571175040255,0.3760673979733653,14.091132835846922,27.43494396901093,source_cv_recommended_juan_only,profile-ring-full-svd,6.0,26.654627997485264,734.4321259827932,90.0,profile-ring-full,modal-full2,"Mapped off-plane source case `physical-diaphragm-compact-coupled-dipole-az16-q3-reg1e-06`; z=0 to UM-height normalized-polar change is 0.164 dB RMS over 70-90 deg; source-family spread against the Juan-CV recommended finite-source ensemble (worst reference `profile-ring-full-svd`) is 14.091 dB RMS, above the 1.5 dB shape target; Juan horizontal polars do not uniquely constrain this off-plane incident field",,missing,,,,,,,,,,,,,,,,,,,missing,,,,,,,,,,,,,,,rejected_by_source_cv,Juan source evidence is rejected: Juan in-sample side-worst normalized RMS 4.696 dB exceeds 3.000 dB.
14,l22mg-source-cv-physical-diaphragm-fsmooth,docs/l22mg-source-cv-physical-diaphragm-fsmooth/source_cv_summary.csv,physical-diaphragm-compact-coupled-dipole-az16-q3-reg1e-06-fsmooth1e-08,active-surface-modal,h1659-acoustic-compact,physical-diaphragm,4,4,rejected_bad_insample_fit,Juan in-sample side-worst normalized RMS 4.696 dB exceeds 3.000 dB.,6.404045448124387,4.695695505387791,4.3987958109460354,61.89323780524466,not_applicable_rejected_source_cv,nan,nan,nan,nan,,,nan,nan,nan,nan,,,"Juan source-CV already rejects this source, so off-plane source ambiguity metrics are not required before rejecting it as an acceptance candidate.",,missing,,,,,,,,,,,,,,,,,,,missing,,,,,,,,,,,,,,,rejected_by_source_cv,Juan source evidence is rejected: Juan in-sample side-worst normalized RMS 4.696 dB exceeds 3.000 dB.
15,l22mg-source-cv-physical-diaphragm-fsmooth,docs/l22mg-source-cv-physical-diaphragm-fsmooth/source_cv_summary.csv,physical-diaphragm-compact-coupled-dipole-az16-q3-reg1e-06-fsmooth1e-07,active-surface-modal,h1659-acoustic-compact,physical-diaphragm,4,4,rejected_bad_insample_fit,Juan in-sample side-worst normalized RMS 4.695 dB exceeds 3.000 dB.,6.407191164537311,4.6953449454216525,4.398678966582345,61.894777741599526,not_applicable_rejected_source_cv,nan,nan,nan,nan,,,nan,nan,nan,nan,,,"Juan source-CV already rejects this source, so off-plane source ambiguity metrics are not required before rejecting it as an acceptance candidate.",,missing,,,,,,,,,,,,,,,,,,,missing,,,,,,,,,,,,,,,rejected_by_source_cv,Juan source evidence is rejected: Juan in-sample side-worst normalized RMS 4.695 dB exceeds 3.000 dB.
16,l22mg-source-cv-physical-diaphragm-fsmooth,docs/l22mg-source-cv-physical-diaphragm-fsmooth/source_cv_summary.csv,physical-diaphragm-compact-coupled-dipole-az16-q3-reg1e-06-fsmooth1e-06,active-surface-modal,h1659-acoustic-compact,physical-diaphragm,4,4,rejected_bad_insample_fit,Juan in-sample side-worst normalized RMS 4.692 dB exceeds 3.000 dB.,6.438868871235221,4.691935641750605,4.39759285198507,61.909874933472445,not_applicable_rejected_source_cv,nan,nan,nan,nan,,,nan,nan,nan,nan,,,"Juan source-CV already rejects this source, so off-plane source ambiguity metrics are not required before rejecting it as an acceptance candidate.",,missing,,,,,,,,,,,,,,,,,,,missing,,,,,,,,,,,,,,,rejected_by_source_cv,Juan source evidence is rejected: Juan in-sample side-worst normalized RMS 4.692 dB exceeds 3.000 dB.
1,l22mg-source-cv-physical-rear-basket,docs/l22mg-source-cv-physical-rear-basket/source_cv_summary.csv,physical-rear-basket-compact-measured-m2-rb1-az16-gap16-q3-reg1e-06,coupled-rear-basket-active-surface,h1659-acoustic-compact,physical-diaphragm,3,3,rejected_bad_source_level_fit,Juan in-sample side-worst absolute SPL RMS 4.543 dB exceeds 3.000 dB; normalized shape alone would not catch uniform source level errors.,3.5923651741321265,2.634704109260918,4.542516849185636,72.73714903542552,physical-rear-basket-compact-measured-m2-rb1-az16-gap16-q3-reg1e-06,nan,nan,nan,nan,,,nan,nan,nan,nan,,,off-plane source ambiguity audit did not include mapped case `physical-rear-basket-compact-measured-m2-rb1-az16-gap16-q3-reg1e-06`,physical-rear-basket-m2rb1-juan-smoke,available_overlap_300_301_hz,output/data/polar_data_juan_lx521_top_raw.h5,L22MG (LX521 top raw),pass,juan_lx521_top_raw,juan_baffleless_to_juan_top_baffle_l22mg_raw,False,fail,not_proven,pass,not_proven,not_proven,6.447132342713443,0.6291232519659381,6.958983283234646,17.005568874929196,300.2929915487766,75.0,physical-rear-basket-m2rb1-andres-smoke,available_overlap_300_301_hz,output/data/polar_data_andres_early_peak_legacy.h5,pass,True,fail,not_proven,not_proven,not_proven,not_proven,pass,10.021312621274564,1.71916647958742,31.277119629417243,300.65917974710464,90.0,rejected_by_source_cv_with_failed_bem_overlap,Juan source evidence is rejected: Juan in-sample side-worst absolute SPL RMS 4.543 dB exceeds 3.000 dB; normalized shape alone would not catch uniform source level errors. Stored BEM overlap also exceeds 1.5 dB (6.447 dB).
2,l22mg-source-cv-physical-rear-basket,docs/l22mg-source-cv-physical-rear-basket/source_cv_summary.csv,physical-rear-basket-compact-measured-m2-rb1-az16-gap16-q3-reg1e-06-fsmooth1e-08,coupled-rear-basket-active-surface,h1659-acoustic-compact,physical-diaphragm,3,3,rejected_bad_source_level_fit,Juan in-sample side-worst absolute SPL RMS 4.543 dB exceeds 3.000 dB; normalized shape alone would not catch uniform source level errors.,3.592400056737269,2.6347524168057,4.542659613744693,72.7372087557143,not_applicable_rejected_source_cv,nan,nan,nan,nan,,,nan,nan,nan,nan,,,"Juan source-CV already rejects this source, so off-plane source ambiguity metrics are not required before rejecting it as an acceptance candidate.",,missing,,,,,,,,,,,,,,,,,,,missing,,,,,,,,,,,,,,,rejected_by_source_cv,Juan source evidence is rejected: Juan in-sample side-worst absolute SPL RMS 4.543 dB exceeds 3.000 dB; normalized shape alone would not catch uniform source level errors.
3,l22mg-source-cv-physical-rear-basket,docs/l22mg-source-cv-physical-rear-basket/source_cv_summary.csv,physical-rear-basket-compact-measured-m2-rb1-az16-gap16-q3-reg1e-06-fsmooth1e-07,coupled-rear-basket-active-surface,h1659-acoustic-compact,physical-diaphragm,3,3,rejected_bad_source_level_fit,Juan in-sample side-worst absolute SPL RMS 4.544 dB exceeds 3.000 dB; normalized shape alone would not catch uniform source level errors.,3.5927146019100893,2.6351879777964964,4.5439449313954166,72.73774384130745,not_applicable_rejected_source_cv,nan,nan,nan,nan,,,nan,nan,nan,nan,,,"Juan source-CV already rejects this source, so off-plane source ambiguity metrics are not required before rejecting it as an acceptance candidate.",,missing,,,,,,,,,,,,,,,,,,,missing,,,,,,,,,,,,,,,rejected_by_source_cv,Juan source evidence is rejected: Juan in-sample side-worst absolute SPL RMS 4.544 dB exceeds 3.000 dB; normalized shape alone would not catch uniform source level errors.
4,l22mg-source-cv-physical-rear-basket,docs/l22mg-source-cv-physical-rear-basket/source_cv_summary.csv,physical-rear-basket-compact-measured-m2-rb1-az16-gap16-q3-reg1e-06-fsmooth1e-06,coupled-rear-basket-active-surface,h1659-acoustic-compact,physical-diaphragm,3,3,rejected_bad_source_level_fit,Juan in-sample side-worst absolute SPL RMS 4.557 dB exceeds 3.000 dB; normalized shape alone would not catch uniform source level errors.,3.595920118431827,2.6396222380839336,4.556834001130133,72.74285960627321,not_applicable_rejected_source_cv,nan,nan,nan,nan,,,nan,nan,nan,nan,,,"Juan source-CV already rejects this source, so off-plane source ambiguity metrics are not required before rejecting it as an acceptance candidate.",,missing,,,,,,,,,,,,,,,,,,,missing,,,,,,,,,,,,,,,rejected_by_source_cv,Juan source evidence is rejected: Juan in-sample side-worst absolute SPL RMS 4.557 dB exceeds 3.000 dB; normalized shape alone would not catch uniform source level errors.
5,l22mg-source-cv-physical-rear-basket,docs/l22mg-source-cv-physical-rear-basket/source_cv_summary.csv,physical-rear-basket-full-measured-m2-rb1-az16-gap16-q3-reg1e-06,coupled-rear-basket-active-surface,h1659-acoustic-full,physical-diaphragm,3,3,rejected_bad_source_level_fit,Juan in-sample side-worst absolute SPL RMS 4.555 dB exceeds 3.000 dB; normalized shape alone would not catch uniform source level errors.,3.6233501635081535,2.6830766864640374,4.555431796717109,71.4710083931704,not_applicable_rejected_source_cv,nan,nan,nan,nan,,,nan,nan,nan,nan,,,"Juan source-CV already rejects this source, so off-plane source ambiguity metrics are not required before rejecting it as an acceptance candidate.",,missing,,,,,,,,,,,,,,,,,,,missing,,,,,,,,,,,,,,,rejected_by_source_cv,Juan source evidence is rejected: Juan in-sample side-worst absolute SPL RMS 4.555 dB exceeds 3.000 dB; normalized shape alone would not catch uniform source level errors.
6,l22mg-source-cv-physical-rear-basket,docs/l22mg-source-cv-physical-rear-basket/source_cv_summary.csv,physical-rear-basket-full-dipole-m2-rb1-az16-gap16-q3-reg1e-06,coupled-rear-basket-active-surface,h1659-acoustic-full,physical-diaphragm,3,3,rejected_bad_insample_fit,Juan in-sample side-worst normalized RMS 4.351 dB exceeds 3.000 dB.,3.7673324674069466,4.351405363756464,4.0452812274175995,44.3660209678274,not_applicable_rejected_source_cv,nan,nan,nan,nan,,,nan,nan,nan,nan,,,"Juan source-CV already rejects this source, so off-plane source ambiguity metrics are not required before rejecting it as an acceptance candidate.",,missing,,,,,,,,,,,,,,,,,,,missing,,,,,,,,,,,,,,,rejected_by_source_cv,Juan source evidence is rejected: Juan in-sample side-worst normalized RMS 4.351 dB exceeds 3.000 dB.
7,l22mg-source-cv-physical-rear-basket,docs/l22mg-source-cv-physical-rear-basket/source_cv_summary.csv,physical-rear-basket-compact-dipole-m2-rb1-az16-gap16-q3-reg1e-06,coupled-rear-basket-active-surface,h1659-acoustic-compact,physical-diaphragm,3,3,rejected_bad_insample_fit,Juan in-sample side-worst normalized RMS 4.282 dB exceeds 3.000 dB.,3.789241642173571,4.282090747919586,3.951746881684774,44.780814818045606,not_applicable_rejected_source_cv,nan,nan,nan,nan,,,nan,nan,nan,nan,,,"Juan source-CV already rejects this source, so off-plane source ambiguity metrics are not required before rejecting it as an acceptance candidate.",,missing,,,,,,,,,,,,,,,,,,,missing,,,,,,,,,,,,,,,rejected_by_source_cv,Juan source evidence is rejected: Juan in-sample side-worst normalized RMS 4.282 dB exceeds 3.000 dB.
8,l22mg-source-cv-physical-rear-basket,docs/l22mg-source-cv-physical-rear-basket/source_cv_summary.csv,physical-rear-basket-compact-measured-m2-rb2-az16-gap30-q3-reg1e-06,coupled-rear-basket-active-surface,h1659-acoustic-compact,physical-diaphragm,4,4,rejected_bad_insample_fit,Juan in-sample side-worst normalized RMS 3.824 dB exceeds 3.000 dB.,4.076493371681378,3.8235284417145063,4.356292298103525,52.69839762486484,not_applicable_rejected_source_cv,nan,nan,nan,nan,,,nan,nan,nan,nan,,,"Juan source-CV already rejects this source, so off-plane source ambiguity metrics are not required before rejecting it as an acceptance candidate.",,missing,,,,,,,,,,,,,,,,,,,missing,,,,,,,,,,,,,,,rejected_by_source_cv,Juan source evidence is rejected: Juan in-sample side-worst normalized RMS 3.824 dB exceeds 3.000 dB.
9,l22mg-source-cv-physical-rear-basket,docs/l22mg-source-cv-physical-rear-basket/source_cv_summary.csv,physical-rear-basket-full-measured-m2-rb2-az16-gap30-q3-reg1e-06,coupled-rear-basket-active-surface,h1659-acoustic-full,physical-diaphragm,4,4,rejected_bad_insample_fit,Juan in-sample side-worst normalized RMS 3.835 dB exceeds 3.000 dB.,4.08717596601791,3.8351967178617956,4.35944384035602,52.29519635008051,not_applicable_rejected_source_cv,nan,nan,nan,nan,,,nan,nan,nan,nan,,,"Juan source-CV already rejects this source, so off-plane source ambiguity metrics are not required before rejecting it as an acceptance candidate.",,missing,,,,,,,,,,,,,,,,,,,missing,,,,,,,,,,,,,,,rejected_by_source_cv,Juan source evidence is rejected: Juan in-sample side-worst normalized RMS 3.835 dB exceeds 3.000 dB.
10,l22mg-source-cv-physical-rear-basket,docs/l22mg-source-cv-physical-rear-basket/source_cv_summary.csv,physical-rear-basket-compact-measured-m2-rb2-az24-gap16-q3-reg1e-06,coupled-rear-basket-active-surface,h1659-acoustic-compact,physical-diaphragm,4,4,rejected_bad_insample_fit,Juan in-sample side-worst normalized RMS 3.767 dB exceeds 3.000 dB.,4.131494139549221,3.767147273334837,4.315868292021707,52.82010606271087,not_applicable_rejected_source_cv,nan,nan,nan,nan,,,nan,nan,nan,nan,,,"Juan source-CV already rejects this source, so off-plane source ambiguity metrics are not required before rejecting it as an acceptance candidate.",,missing,,,,,,,,,,,,,,,,,,,missing,,,,,,,,,,,,,,,rejected_by_source_cv,Juan source evidence is rejected: Juan in-sample side-worst normalized RMS 3.767 dB exceeds 3.000 dB.
11,l22mg-source-cv-physical-rear-basket,docs/l22mg-source-cv-physical-rear-basket/source_cv_summary.csv,physical-rear-basket-compact-measured-m3-rb2-az16-gap30-q3-reg1e-06,coupled-rear-basket-active-surface,h1659-acoustic-compact,physical-diaphragm,5,5,rejected_bad_insample_fit,Juan in-sample side-worst normalized RMS 4.270 dB exceeds 3.000 dB.,4.143663406133459,4.27034344949075,4.657136015414755,48.46783130723955,not_applicable_rejected_source_cv,nan,nan,nan,nan,,,nan,nan,nan,nan,,,"Juan source-CV already rejects this source, so off-plane source ambiguity metrics are not required before rejecting it as an acceptance candidate.",,missing,,,,,,,,,,,,,,,,,,,missing,,,,,,,,,,,,,,,rejected_by_source_cv,Juan source evidence is rejected: Juan in-sample side-worst normalized RMS 4.270 dB exceeds 3.000 dB.
12,l22mg-source-cv-physical-rear-basket,docs/l22mg-source-cv-physical-rear-basket/source_cv_summary.csv,physical-rear-basket-compact-measured-m2-rb2-az16-gap16-q3-reg1e-06,coupled-rear-basket-active-surface,h1659-acoustic-compact,physical-diaphragm,4,4,rejected_bad_insample_fit,Juan in-sample side-worst normalized RMS 3.796 dB exceeds 3.000 dB.,4.157277995282031,3.796425416889398,4.322799777154042,52.32282228777365,not_applicable_rejected_source_cv,nan,nan,nan,nan,,,nan,nan,nan,nan,,,"Juan source-CV already rejects this source, so off-plane source ambiguity metrics are not required before rejecting it as an acceptance candidate.",,missing,,,,,,,,,,,,,,,,,,,missing,,,,,,,,,,,,,,,rejected_by_source_cv,Juan source evidence is rejected: Juan in-sample side-worst normalized RMS 3.796 dB exceeds 3.000 dB.
13,l22mg-source-cv-physical-rear-basket,docs/l22mg-source-cv-physical-rear-basket/source_cv_summary.csv,physical-rear-basket-full-measured-m3-rb2-az16-gap30-q3-reg1e-06,coupled-rear-basket-active-surface,h1659-acoustic-full,physical-diaphragm,5,5,rejected_bad_insample_fit,Juan in-sample side-worst normalized RMS 4.136 dB exceeds 3.000 dB.,4.157638861968546,4.135963439600654,4.506377603430076,48.12674509214453,not_applicable_rejected_source_cv,nan,nan,nan,nan,,,nan,nan,nan,nan,,,"Juan source-CV already rejects this source, so off-plane source ambiguity metrics are not required before rejecting it as an acceptance candidate.",,missing,,,,,,,,,,,,,,,,,,,missing,,,,,,,,,,,,,,,rejected_by_source_cv,Juan source evidence is rejected: Juan in-sample side-worst normalized RMS 4.136 dB exceeds 3.000 dB.
14,l22mg-source-cv-physical-rear-basket,docs/l22mg-source-cv-physical-rear-basket/source_cv_summary.csv,physical-rear-basket-full-measured-m2-rb2-az16-gap16-q3-reg1e-06,coupled-rear-basket-active-surface,h1659-acoustic-full,physical-diaphragm,4,4,rejected_bad_insample_fit,Juan in-sample side-worst normalized RMS 3.813 dB exceeds 3.000 dB.,4.1795043521244954,3.8130935250693634,4.323094188483577,51.958314224111255,not_applicable_rejected_source_cv,nan,nan,nan,nan,,,nan,nan,nan,nan,,,"Juan source-CV already rejects this source, so off-plane source ambiguity metrics are not required before rejecting it as an acceptance candidate.",,missing,,,,,,,,,,,,,,,,,,,missing,,,,,,,,,,,,,,,rejected_by_source_cv,Juan source evidence is rejected: Juan in-sample side-worst normalized RMS 3.813 dB exceeds 3.000 dB.
15,l22mg-source-cv-physical-rear-basket,docs/l22mg-source-cv-physical-rear-basket/source_cv_summary.csv,physical-rear-basket-compact-measured-m4-rb2-az16-gap16-q3-reg3e-06,coupled-rear-basket-active-surface,h1659-acoustic-compact,physical-diaphragm,6,6,rejected_bad_insample_fit,Juan in-sample side-worst normalized RMS 4.111 dB exceeds 3.000 dB.,4.1894265663681605,4.11099443720713,4.5968350165113,51.5422784765385,physical-rear-basket-compact-measured-m4-rb2-az16-gap16-q3-reg3e-06,0.1352298124632001,0.25578743425683825,13.553441088964417,31.954790854109056,source_cv_recommended_juan_only,profile-ring-full,6.0,26.654627997485264,734.4321259827932,90.0,profile-ring-full,modal-full2,"Mapped off-plane source case `physical-rear-basket-compact-measured-m4-rb2-az16-gap16-q3-reg3e-06`; z=0 to UM-height normalized-polar change is 0.135 dB RMS over 70-90 deg; source-family spread against the Juan-CV recommended finite-source ensemble (worst reference `profile-ring-full`) is 13.553 dB RMS, above the 1.5 dB shape target; Juan horizontal polars do not uniquely constrain this off-plane incident field",,missing,,,,,,,,,,,,,,,,,,,missing,,,,,,,,,,,,,,,rejected_by_source_cv,Juan source evidence is rejected: Juan in-sample side-worst normalized RMS 4.111 dB exceeds 3.000 dB.
16,l22mg-source-cv-physical-rear-basket,docs/l22mg-source-cv-physical-rear-basket/source_cv_summary.csv,physical-rear-basket-full-measured-m3-rb2-az16-gap16-q3-reg1e-06,coupled-rear-basket-active-surface,h1659-acoustic-full,physical-diaphragm,5,5,rejected_bad_insample_fit,Juan in-sample side-worst normalized RMS 4.607 dB exceeds 3.000 dB.,4.195387235758059,4.607433851117437,5.0109685683648335,48.77919534865435,not_applicable_rejected_source_cv,nan,nan,nan,nan,,,nan,nan,nan,nan,,,"Juan source-CV already rejects this source, so off-plane source ambiguity metrics are not required before rejecting it as an acceptance candidate.",,missing,,,,,,,,,,,,,,,,,,,missing,,,,,,,,,,,,,,,rejected_by_source_cv,Juan source evidence is rejected: Juan in-sample side-worst normalized RMS 4.607 dB exceeds 3.000 dB.
17,l22mg-source-cv-physical-rear-basket,docs/l22mg-source-cv-physical-rear-basket/source_cv_summary.csv,physical-rear-basket-compact-measured-m3-rb2-az24-gap16-q3-reg1e-06,coupled-rear-basket-active-surface,h1659-acoustic-compact,physical-diaphragm,5,5,rejected_bad_insample_fit,Juan in-sample side-worst normalized RMS 4.377 dB exceeds 3.000 dB.,4.197147157584592,4.376931025201154,4.808142391544774,49.409688225164075,not_applicable_rejected_source_cv,nan,nan,nan,nan,,,nan,nan,nan,nan,,,"Juan source-CV already rejects this source, so off-plane source ambiguity metrics are not required before rejecting it as an acceptance candidate.",,missing,,,,,,,,,,,,,,,,,,,missing,,,,,,,,,,,,,,,rejected_by_source_cv,Juan source evidence is rejected: Juan in-sample side-worst normalized RMS 4.377 dB exceeds 3.000 dB.
18,l22mg-source-cv-physical-rear-basket,docs/l22mg-source-cv-physical-rear-basket/source_cv_summary.csv,physical-rear-basket-compact-measured-m3-rb2-az16-gap16-q3-reg1e-06,coupled-rear-basket-active-surface,h1659-acoustic-compact,physical-diaphragm,5,5,rejected_bad_insample_fit,Juan in-sample side-worst normalized RMS 4.431 dB exceeds 3.000 dB.,4.198527630409715,4.431106114268533,4.85200376138888,49.054733519563634,not_applicable_rejected_source_cv,nan,nan,nan,nan,,,nan,nan,nan,nan,,,"Juan source-CV already rejects this source, so off-plane source ambiguity metrics are not required before rejecting it as an acceptance candidate.",,missing,,,,,,,,,,,,,,,,,,,missing,,,,,,,,,,,,,,,rejected_by_source_cv,Juan source evidence is rejected: Juan in-sample side-worst normalized RMS 4.431 dB exceeds 3.000 dB.
19,l22mg-source-cv-physical-rear-basket,docs/l22mg-source-cv-physical-rear-basket/source_cv_summary.csv,physical-rear-basket-compact-measured-m4-rb2-az16-gap30-q3-reg1e-06,coupled-rear-basket-active-surface,h1659-acoustic-compact,physical-diaphragm,6,6,rejected_bad_insample_fit,Juan in-sample side-worst normalized RMS 4.013 dB exceeds 3.000 dB.,4.20092299541461,4.012672433079162,4.354313929041752,47.66522356643435,physical-rear-basket-compact-measured-m4-rb2-az16-gap30-q3-reg1e-06,0.13488459843359207,0.21685229751594193,12.93181375310732,29.22187039926702,source_cv_recommended_juan_only,profile-ring-full,6.0,26.654627997485264,734.4321259827932,90.0,profile-ring-full,modal-full2,"Mapped off-plane source case `physical-rear-basket-compact-measured-m4-rb2-az16-gap30-q3-reg1e-06`; z=0 to UM-height normalized-polar change is 0.135 dB RMS over 70-90 deg; source-family spread against the Juan-CV recommended finite-source ensemble (worst reference `profile-ring-full`) is 12.932 dB RMS, above the 1.5 dB shape target; Juan horizontal polars do not uniquely constrain this off-plane incident field",,missing,,,,,,,,,,,,,,,,,,,missing,,,,,,,,,,,,,,,rejected_by_source_cv,Juan source evidence is rejected: Juan in-sample side-worst normalized RMS 4.013 dB exceeds 3.000 dB.
20,l22mg-source-cv-physical-rear-basket,docs/l22mg-source-cv-physical-rear-basket/source_cv_summary.csv,physical-rear-basket-compact-measured-m4-rb2-az16-gap16-q3-reg1e-06,coupled-rear-basket-active-surface,h1659-acoustic-compact,physical-diaphragm,6,6,rejected_bad_insample_fit,Juan in-sample side-worst normalized RMS 4.693 dB exceeds 3.000 dB.,4.215465404460567,4.692765889965849,5.068865819162872,48.47583268948625,physical-rear-basket-compact-measured-m4-rb2-az16-gap16-q3-reg1e-06,0.14154304517726923,0.24376166794422716,13.450711818692064,30.295256371733615,source_cv_recommended_juan_only,profile-ring-full,6.0,26.654627997485264,734.4321259827932,90.0,profile-ring-full,modal-full2,"Mapped off-plane source case `physical-rear-basket-compact-measured-m4-rb2-az16-gap16-q3-reg1e-06`; z=0 to UM-height normalized-polar change is 0.142 dB RMS over 70-90 deg; source-family spread against the Juan-CV recommended finite-source ensemble (worst reference `profile-ring-full`) is 13.451 dB RMS, above the 1.5 dB shape target; Juan horizontal polars do not uniquely constrain this off-plane incident field",coupled-rear-basket-source-smoke,available_overlap_300_301_hz,output/data/polar_data_juan_lx521_top_raw.h5,L22MG (LX521 top raw),pass,juan_lx521_top_raw,juan_baffleless_to_juan_top_baffle_l22mg_raw,False,fail,not_proven,pass,not_proven,not_proven,7.608155641034858,1.3435216843993574,8.188953024658925,19.847667812491977,300.2929915487766,75.0,physical-rear-basket-andres-smoke,available_overlap_300_301_hz,output/data/polar_data_andres_early_peak_legacy.h5,pass,True,fail,not_proven,not_proven,not_proven,fail,pass,6.869132748872893,1.218186173575156,21.421424363138676,300.65917974710464,90.0,rejected_by_source_cv_with_failed_bem_overlap,Juan source evidence is rejected: Juan in-sample side-worst normalized RMS 4.693 dB exceeds 3.000 dB. Stored BEM overlap also exceeds 1.5 dB (7.608 dB).
21,l22mg-source-cv-physical-rear-basket,docs/l22mg-source-cv-physical-rear-basket/source_cv_summary.csv,physical-rear-basket-compact-measured-m4-rb2-az16-gap16-q3-reg1e-06-svd1e-05,coupled-rear-basket-active-surface,h1659-acoustic-compact,physical-diaphragm,6,6,rejected_bad_insample_fit,Juan in-sample side-worst normalized RMS 4.693 dB exceeds 3.000 dB.,4.215473455199916,4.692753601052972,5.068853503070301,48.47583669730308,physical-rear-basket-compact-measured-m4-rb2-az16-gap16-q3-reg1e-06-svd1e-05,0.14154355095965518,0.24376161751407466,13.450715956184514,30.29528486990887,source_cv_recommended_juan_only,profile-ring-full,6.0,26.654627997485264,734.4321259827932,90.0,profile-ring-full,modal-full2,"Mapped off-plane source case `physical-rear-basket-compact-measured-m4-rb2-az16-gap16-q3-reg1e-06-svd1e-05`; z=0 to UM-height normalized-polar change is 0.142 dB RMS over 70-90 deg; source-family spread against the Juan-CV recommended finite-source ensemble (worst reference `profile-ring-full`) is 13.451 dB RMS, above the 1.5 dB shape target; Juan horizontal polars do not uniquely constrain this off-plane incident field",,missing,,,,,,,,,,,,,,,,,,,missing,,,,,,,,,,,,,,,rejected_by_source_cv,Juan source evidence is rejected: Juan in-sample side-worst normalized RMS 4.693 dB exceeds 3.000 dB.
22,l22mg-source-cv-physical-rear-basket,docs/l22mg-source-cv-physical-rear-basket/source_cv_summary.csv,physical-rear-basket-compact-measured-m4-rb2-az16-gap16-q3-reg1e-06-fsmooth1e-08,coupled-rear-basket-active-surface,h1659-acoustic-compact,physical-diaphragm,6,6,rejected_bad_insample_fit,Juan in-sample side-worst normalized RMS 4.693 dB exceeds 3.000 dB.,4.2155771840157525,4.693037089682304,5.0691649256995275,48.47607061034714,not_applicable_rejected_source_cv,nan,nan,nan,nan,,,nan,nan,nan,nan,,,"Juan source-CV already rejects this source, so off-plane source ambiguity metrics are not required before rejecting it as an acceptance candidate.",,missing,,,,,,,,,,,,,,,,,,,missing,,,,,,,,,,,,,,,rejected_by_source_cv,Juan source evidence is rejected: Juan in-sample side-worst normalized RMS 4.693 dB exceeds 3.000 dB.
23,l22mg-source-cv-physical-rear-basket,docs/l22mg-source-cv-physical-rear-basket/source_cv_summary.csv,physical-rear-basket-compact-measured-m4-rb3-az16-gap16-q3-reg1e-06,coupled-rear-basket-active-surface,h1659-acoustic-compact,physical-diaphragm,7,7,rejected_bad_insample_fit,Juan in-sample side-worst normalized RMS 4.055 dB exceeds 3.000 dB.,4.215718372691362,4.054884370162642,4.376399538127011,46.30263271577295,not_applicable_rejected_source_cv,nan,nan,nan,nan,,,nan,nan,nan,nan,,,"Juan source-CV already rejects this source, so off-plane source ambiguity metrics are not required before rejecting it as an acceptance candidate.",,missing,,,,,,,,,,,,,,,,,,,missing,,,,,,,,,,,,,,,rejected_by_source_cv,Juan source evidence is rejected: Juan in-sample side-worst normalized RMS 4.055 dB exceeds 3.000 dB.
24,l22mg-source-cv-physical-rear-basket,docs/l22mg-source-cv-physical-rear-basket/source_cv_summary.csv,physical-rear-basket-compact-measured-m4-rb2-az16-gap16-q3-reg1e-06-fsmooth1e-07,coupled-rear-basket-active-surface,h1659-acoustic-compact,physical-diaphragm,6,6,rejected_bad_insample_fit,Juan in-sample side-worst normalized RMS 4.695 dB exceeds 3.000 dB.,4.2165838982835435,4.695445157057017,5.071824811655743,48.47820898977462,not_applicable_rejected_source_cv,nan,nan,nan,nan,,,nan,nan,nan,nan,,,"Juan source-CV already rejects this source, so off-plane source ambiguity metrics are not required before rejecting it as an acceptance candidate.",,missing,,,,,,,,,,,,,,,,,,,missing,,,,,,,,,,,,,,,rejected_by_source_cv,Juan source evidence is rejected: Juan in-sample side-worst normalized RMS 4.695 dB exceeds 3.000 dB.
25,l22mg-source-cv-physical-rear-basket,docs/l22mg-source-cv-physical-rear-basket/source_cv_summary.csv,physical-rear-basket-compact-measured-m4-rb2-az24-gap16-q3-reg1e-06,coupled-rear-basket-active-surface,h1659-acoustic-compact,physical-diaphragm,6,6,rejected_bad_insample_fit,Juan in-sample side-worst normalized RMS 4.719 dB exceeds 3.000 dB.,4.218166373361607,4.719088968732268,5.100302561763429,48.66678043366578,physical-rear-basket-compact-measured-m4-rb2-az24-gap16-q3-reg1e-06,0.14220553764497912,0.24783007125373757,13.470954918501986,30.398842254784107,source_cv_recommended_juan_only,profile-ring-full,6.0,26.654627997485264,734.4321259827932,90.0,profile-ring-full,modal-full2,"Mapped off-plane source case `physical-rear-basket-compact-measured-m4-rb2-az24-gap16-q3-reg1e-06`; z=0 to UM-height normalized-polar change is 0.142 dB RMS over 70-90 deg; source-family spread against the Juan-CV recommended finite-source ensemble (worst reference `profile-ring-full`) is 13.471 dB RMS, above the 1.5 dB shape target; Juan horizontal polars do not uniquely constrain this off-plane incident field",,missing,,,,,,,,,,,,,,,,,,,missing,,,,,,,,,,,,,,,rejected_by_source_cv,Juan source evidence is rejected: Juan in-sample side-worst normalized RMS 4.719 dB exceeds 3.000 dB.
26,l22mg-source-cv-physical-rear-basket,docs/l22mg-source-cv-physical-rear-basket/source_cv_summary.csv,physical-rear-basket-full-measured-m4-rb2-az16-gap16-q3-reg1e-06,coupled-rear-basket-active-surface,h1659-acoustic-full,physical-diaphragm,6,6,rejected_bad_insample_fit,Juan in-sample side-worst normalized RMS 4.460 dB exceeds 3.000 dB.,4.22548304023892,4.46032073499736,4.8175358088940055,48.09867995435818,physical-rear-basket-full-measured-m4-rb2-az16-gap16-q3-reg1e-06,0.1426100134923109,0.24098325119326347,13.407635535024676,29.95839788824967,source_cv_recommended_juan_only,profile-ring-full,6.0,26.654627997485264,734.4321259827932,90.0,profile-ring-full,modal-full2,"Mapped off-plane source case `physical-rear-basket-full-measured-m4-rb2-az16-gap16-q3-reg1e-06`; z=0 to UM-height normalized-polar change is 0.143 dB RMS over 70-90 deg; source-family spread against the Juan-CV recommended finite-source ensemble (worst reference `profile-ring-full`) is 13.408 dB RMS, above the 1.5 dB shape target; Juan horizontal polars do not uniquely constrain this off-plane incident field",,missing,,,,,,,,,,,,,,,,,,,missing,,,,,,,,,,,,,,,rejected_by_source_cv,Juan source evidence is rejected: Juan in-sample side-worst normalized RMS 4.460 dB exceeds 3.000 dB.
27,l22mg-source-cv-physical-rear-basket,docs/l22mg-source-cv-physical-rear-basket/source_cv_summary.csv,physical-rear-basket-compact-measured-m4-rb2-az16-gap16-q3-reg1e-06-fsmooth1e-06,coupled-rear-basket-active-surface,h1659-acoustic-compact,physical-diaphragm,6,6,rejected_bad_insample_fit,Juan in-sample side-worst normalized RMS 4.715 dB exceeds 3.000 dB.,4.226713301682335,4.714655173933385,5.093658385216907,48.49949929499695,not_applicable_rejected_source_cv,nan,nan,nan,nan,,,nan,nan,nan,nan,,,"Juan source-CV already rejects this source, so off-plane source ambiguity metrics are not required before rejecting it as an acceptance candidate.",,missing,,,,,,,,,,,,,,,,,,,missing,,,,,,,,,,,,,,,rejected_by_source_cv,Juan source evidence is rejected: Juan in-sample side-worst normalized RMS 4.715 dB exceeds 3.000 dB.
28,l22mg-source-cv-physical-rear-basket,docs/l22mg-source-cv-physical-rear-basket/source_cv_summary.csv,physical-rear-basket-full-measured-m4-rb2-az16-gap30-q3-reg1e-06,coupled-rear-basket-active-surface,h1659-acoustic-full,physical-diaphragm,6,6,rejected_bad_insample_fit,Juan in-sample side-worst normalized RMS 3.913 dB exceeds 3.000 dB.,4.234182294573894,3.9125183095721874,4.231832654319747,47.19433468672786,physical-rear-basket-full-measured-m4-rb2-az16-gap30-q3-reg1e-06,0.13560473858675579,0.21624996681871522,12.866556498657426,29.113734464724814,source_cv_recommended_juan_only,profile-ring-full,6.0,26.654627997485264,734.4321259827932,90.0,profile-ring-full,modal-full2,"Mapped off-plane source case `physical-rear-basket-full-measured-m4-rb2-az16-gap30-q3-reg1e-06`; z=0 to UM-height normalized-polar change is 0.136 dB RMS over 70-90 deg; source-family spread against the Juan-CV recommended finite-source ensemble (worst reference `profile-ring-full`) is 12.867 dB RMS, above the 1.5 dB shape target; Juan horizontal polars do not uniquely constrain this off-plane incident field",,missing,,,,,,,,,,,,,,,,,,,missing,,,,,,,,,,,,,,,rejected_by_source_cv,Juan source evidence is rejected: Juan in-sample side-worst normalized RMS 3.913 dB exceeds 3.000 dB.
29,l22mg-source-cv-physical-rear-basket,docs/l22mg-source-cv-physical-rear-basket/source_cv_summary.csv,physical-rear-basket-compact-measured-m4-rb4-az16-gap16-q3-reg1e-06,coupled-rear-basket-active-surface,h1659-acoustic-compact,physical-diaphragm,8,8,rejected_bad_insample_fit,Juan in-sample side-worst normalized RMS 3.971 dB exceeds 3.000 dB.,4.252139910528945,3.9710095703042083,4.275432758509506,45.46427260514467,not_applicable_rejected_source_cv,nan,nan,nan,nan,,,nan,nan,nan,nan,,,"Juan source-CV already rejects this source, so off-plane source ambiguity metrics are not required before rejecting it as an acceptance candidate.",,missing,,,,,,,,,,,,,,,,,,,missing,,,,,,,,,,,,,,,rejected_by_source_cv,Juan source evidence is rejected: Juan in-sample side-worst normalized RMS 3.971 dB exceeds 3.000 dB.
30,l22mg-source-cv-physical-rear-basket,docs/l22mg-source-cv-physical-rear-basket/source_cv_summary.csv,physical-rear-basket-full-measured-m4-rb3-az16-gap16-q3-reg1e-06,coupled-rear-basket-active-surface,h1659-acoustic-full,physical-diaphragm,7,7,rejected_bad_insample_fit,Juan in-sample side-worst normalized RMS 3.953 dB exceeds 3.000 dB.,4.253932751295192,3.952756056369604,4.2514708832184445,45.65920713005196,not_applicable_rejected_source_cv,nan,nan,nan,nan,,,nan,nan,nan,nan,,,"Juan source-CV already rejects this source, so off-plane source ambiguity metrics are not required before rejecting it as an acceptance candidate.",,missing,,,,,,,,,,,,,,,,,,,missing,,,,,,,,,,,,,,,rejected_by_source_cv,Juan source evidence is rejected: Juan in-sample side-worst normalized RMS 3.953 dB exceeds 3.000 dB.
31,l22mg-source-cv-physical-rear-basket,docs/l22mg-source-cv-physical-rear-basket/source_cv_summary.csv,physical-rear-basket-compact-measured-m4-rb3-az16-gap30-q3-reg1e-06,coupled-rear-basket-active-surface,h1659-acoustic-compact,physical-diaphragm,7,7,rejected_bad_insample_fit,Juan in-sample side-worst normalized RMS 3.807 dB exceeds 3.000 dB.,4.298779969630428,3.8068568319276763,4.107160110062089,45.29180793375527,not_applicable_rejected_source_cv,nan,nan,nan,nan,,,nan,nan,nan,nan,,,"Juan source-CV already rejects this source, so off-plane source ambiguity metrics are not required before rejecting it as an acceptance candidate.",,missing,,,,,,,,,,,,,,,,,,,missing,,,,,,,,,,,,,,,rejected_by_source_cv,Juan source evidence is rejected: Juan in-sample side-worst normalized RMS 3.807 dB exceeds 3.000 dB.
32,l22mg-source-cv-physical-rear-basket,docs/l22mg-source-cv-physical-rear-basket/source_cv_summary.csv,physical-rear-basket-full-measured-m4-rb4-az16-gap16-q3-reg1e-06,coupled-rear-basket-active-surface,h1659-acoustic-full,physical-diaphragm,8,8,rejected_bad_insample_fit,Juan in-sample side-worst normalized RMS 3.890 dB exceeds 3.000 dB.,4.302697506097515,3.890126041855869,4.172190497536965,44.64260731665267,not_applicable_rejected_source_cv,nan,nan,nan,nan,,,nan,nan,nan,nan,,,"Juan source-CV already rejects this source, so off-plane source ambiguity metrics are not required before rejecting it as an acceptance candidate.",,missing,,,,,,,,,,,,,,,,,,,missing,,,,,,,,,,,,,,,rejected_by_source_cv,Juan source evidence is rejected: Juan in-sample side-worst normalized RMS 3.890 dB exceeds 3.000 dB.
33,l22mg-source-cv-physical-rear-basket,docs/l22mg-source-cv-physical-rear-basket/source_cv_summary.csv,physical-rear-basket-compact-measured-m4-rb4-az16-gap30-q3-reg1e-06,coupled-rear-basket-active-surface,h1659-acoustic-compact,physical-diaphragm,8,8,rejected_bad_insample_fit,Juan in-sample side-worst normalized RMS 3.784 dB exceeds 3.000 dB.,4.361185328028054,3.7837828707936136,4.068802920377641,44.25742110430437,not_applicable_rejected_source_cv,nan,nan,nan,nan,,,nan,nan,nan,nan,,,"Juan source-CV already rejects this source, so off-plane source ambiguity metrics are not required before rejecting it as an acceptance candidate.",,missing,,,,,,,,,,,,,,,,,,,missing,,,,,,,,,,,,,,,rejected_by_source_cv,Juan source evidence is rejected: Juan in-sample side-worst normalized RMS 3.784 dB exceeds 3.000 dB.
34,l22mg-source-cv-physical-rear-basket,docs/l22mg-source-cv-physical-rear-basket/source_cv_summary.csv,physical-rear-basket-full-dipole-m4-rb1-az16-gap16-q3-reg1e-06,coupled-rear-basket-active-surface,h1659-acoustic-full,physical-diaphragm,5,5,rejected_bad_insample_fit,Juan in-sample side-worst normalized RMS 7.684 dB exceeds 3.000 dB.,4.499563594899021,7.684360138910673,7.672037186183611,46.5215908540793,physical-rear-basket-full-dipole-m4-rb1-az16-gap16-q3-reg1e-06,0.13524916094015169,0.5043746809322442,12.724519476723442,36.175052384767724,source_cv_recommended_juan_only,modal-full2,6.0,26.654627997485264,734.4321259827932,90.0,profile-ring-full,modal-full2,"Mapped off-plane source case `physical-rear-basket-full-dipole-m4-rb1-az16-gap16-q3-reg1e-06`; z=0 to UM-height normalized-polar change is 0.135 dB RMS over 70-90 deg; source-family spread against the Juan-CV recommended finite-source ensemble (worst reference `modal-full2`) is 12.725 dB RMS, above the 1.5 dB shape target; Juan horizontal polars do not uniquely constrain this off-plane incident field",,missing,,,,,,,,,,,,,,,,,,,missing,,,,,,,,,,,,,,,rejected_by_source_cv,Juan source evidence is rejected: Juan in-sample side-worst normalized RMS 7.684 dB exceeds 3.000 dB.
35,l22mg-source-cv-physical-rear-basket,docs/l22mg-source-cv-physical-rear-basket/source_cv_summary.csv,physical-rear-basket-full-measured-m4-rb1-az16-gap16-q3-reg1e-06,coupled-rear-basket-active-surface,h1659-acoustic-full,physical-diaphragm,5,5,rejected_bad_insample_fit,Juan in-sample side-worst normalized RMS 3.829 dB exceeds 3.000 dB.,4.548365305846443,3.8288499321646676,4.406003589840352,57.44549710262318,physical-rear-basket-full-measured-m4-rb1-az16-gap16-q3-reg1e-06,0.20208144136945827,0.3915204200583915,13.692406142566291,34.04151086543939,source_cv_recommended_juan_only,profile-ring-full,6.0,26.654627997485264,734.4321259827932,90.0,profile-ring-full,modal-full2,"Mapped off-plane source case `physical-rear-basket-full-measured-m4-rb1-az16-gap16-q3-reg1e-06`; z=0 to UM-height normalized-polar change is 0.202 dB RMS over 70-90 deg; source-family spread against the Juan-CV recommended finite-source ensemble (worst reference `profile-ring-full`) is 13.692 dB RMS, above the 1.5 dB shape target; Juan horizontal polars do not uniquely constrain this off-plane incident field",,missing,,,,,,,,,,,,,,,,,,,missing,,,,,,,,,,,,,,,rejected_by_source_cv,Juan source evidence is rejected: Juan in-sample side-worst normalized RMS 3.829 dB exceeds 3.000 dB.
36,l22mg-source-cv-physical-rear-basket,docs/l22mg-source-cv-physical-rear-basket/source_cv_summary.csv,physical-rear-basket-compact-measured-m3-rb1-az16-gap16-q3-reg1e-06,coupled-rear-basket-active-surface,h1659-acoustic-compact,physical-diaphragm,4,4,rejected_bad_insample_fit,Juan in-sample side-worst normalized RMS 3.432 dB exceeds 3.000 dB.,4.585482733113631,3.43186615972424,4.510074133084797,64.30114719446564,not_applicable_rejected_source_cv,nan,nan,nan,nan,,,nan,nan,nan,nan,,,"Juan source-CV already rejects this source, so off-plane source ambiguity metrics are not required before rejecting it as an acceptance candidate.",,missing,,,,,,,,,,,,,,,,,,,missing,,,,,,,,,,,,,,,rejected_by_source_cv,Juan source evidence is rejected: Juan in-sample side-worst normalized RMS 3.432 dB exceeds 3.000 dB.
37,l22mg-source-cv-physical-rear-basket,docs/l22mg-source-cv-physical-rear-basket/source_cv_summary.csv,physical-rear-basket-compact-measured-m4-rb1-az16-gap16-q3-reg1e-06,coupled-rear-basket-active-surface,h1659-acoustic-compact,physical-diaphragm,5,5,rejected_bad_insample_fit,Juan in-sample side-worst normalized RMS 3.685 dB exceeds 3.000 dB.,4.623574454128313,3.6847254158995097,4.399848261852409,60.21844108746082,physical-rear-basket-compact-measured-m4-rb1-az16-gap16-q3-reg1e-06,0.21751735247976242,0.4919203926625215,13.383305438958946,34.41984799389372,source_cv_recommended_juan_only,profile-ring-full,6.0,26.654627997485264,734.4321259827932,90.0,profile-ring-full,modal-full2,"Mapped off-plane source case `physical-rear-basket-compact-measured-m4-rb1-az16-gap16-q3-reg1e-06`; z=0 to UM-height normalized-polar change is 0.218 dB RMS over 70-90 deg; source-family spread against the Juan-CV recommended finite-source ensemble (worst reference `profile-ring-full`) is 13.383 dB RMS, above the 1.5 dB shape target; Juan horizontal polars do not uniquely constrain this off-plane incident field",,missing,,,,,,,,,,,,,,,,,,,missing,,,,,,,,,,,,,,,rejected_by_source_cv,Juan source evidence is rejected: Juan in-sample side-worst normalized RMS 3.685 dB exceeds 3.000 dB.
38,l22mg-source-cv-physical-rear-basket,docs/l22mg-source-cv-physical-rear-basket/source_cv_summary.csv,physical-rear-basket-compact-dipole-m4-rb1-az16-gap16-q3-reg1e-06,coupled-rear-basket-active-surface,h1659-acoustic-compact,physical-diaphragm,5,5,rejected_bad_insample_fit,Juan in-sample side-worst normalized RMS 6.632 dB exceeds 3.000 dB.,4.740925007974791,6.631680535476322,6.62151131044832,47.11506479526353,physical-rear-basket-compact-dipole-m4-rb1-az16-gap16-q3-reg1e-06,0.09444817573308419,0.5888513717513817,11.794445639419688,40.628868895385565,source_cv_recommended_juan_only,modal-full2,6.0,26.654627997485264,734.4321259827932,90.0,profile-ring-full,modal-full2,"Mapped off-plane source case `physical-rear-basket-compact-dipole-m4-rb1-az16-gap16-q3-reg1e-06`; z=0 to UM-height normalized-polar change is 0.094 dB RMS over 70-90 deg; source-family spread against the Juan-CV recommended finite-source ensemble (worst reference `modal-full2`) is 11.794 dB RMS, above the 1.5 dB shape target; Juan horizontal polars do not uniquely constrain this off-plane incident field",,missing,,,,,,,,,,,,,,,,,,,missing,,,,,,,,,,,,,,,rejected_by_source_cv,Juan source evidence is rejected: Juan in-sample side-worst normalized RMS 6.632 dB exceeds 3.000 dB.
39,l22mg-source-cv-physical-rear-basket,docs/l22mg-source-cv-physical-rear-basket/source_cv_summary.csv,physical-rear-basket-full-measured-m3-rb1-az16-gap16-q3-reg1e-06,coupled-rear-basket-active-surface,h1659-acoustic-full,physical-diaphragm,4,4,rejected_bad_insample_fit,Juan in-sample side-worst normalized RMS 3.540 dB exceeds 3.000 dB.,4.795243891769462,3.5398850413511123,4.502331861187739,62.87064837058299,not_applicable_rejected_source_cv,nan,nan,nan,nan,,,nan,nan,nan,nan,,,"Juan source-CV already rejects this source, so off-plane source ambiguity metrics are not required before rejecting it as an acceptance candidate.",,missing,,,,,,,,,,,,,,,,,,,missing,,,,,,,,,,,,,,,rejected_by_source_cv,Juan source evidence is rejected: Juan in-sample side-worst normalized RMS 3.540 dB exceeds 3.000 dB.
40,l22mg-source-cv-physical-rear-basket,docs/l22mg-source-cv-physical-rear-basket/source_cv_summary.csv,physical-rear-basket-full-dipole-m3-rb1-az16-gap16-q3-reg1e-06,coupled-rear-basket-active-surface,h1659-acoustic-full,physical-diaphragm,4,4,rejected_bad_insample_fit,Juan in-sample side-worst normalized RMS 5.762 dB exceeds 3.000 dB.,4.858454042527987,5.761832582474975,5.698249451228853,47.07677588055436,not_applicable_rejected_source_cv,nan,nan,nan,nan,,,nan,nan,nan,nan,,,"Juan source-CV already rejects this source, so off-plane source ambiguity metrics are not required before rejecting it as an acceptance candidate.",,missing,,,,,,,,,,,,,,,,,,,missing,,,,,,,,,,,,,,,rejected_by_source_cv,Juan source evidence is rejected: Juan in-sample side-worst normalized RMS 5.762 dB exceeds 3.000 dB.
41,l22mg-source-cv-physical-rear-basket,docs/l22mg-source-cv-physical-rear-basket/source_cv_summary.csv,physical-rear-basket-compact-dipole-m3-rb1-az16-gap16-q3-reg1e-06,coupled-rear-basket-active-surface,h1659-acoustic-compact,physical-diaphragm,4,4,rejected_bad_insample_fit,Juan in-sample side-worst normalized RMS 5.417 dB exceeds 3.000 dB.,4.870616482519837,5.416781200901133,5.307531327398533,47.39989484725215,not_applicable_rejected_source_cv,nan,nan,nan,nan,,,nan,nan,nan,nan,,,"Juan source-CV already rejects this source, so off-plane source ambiguity metrics are not required before rejecting it as an acceptance candidate.",,missing,,,,,,,,,,,,,,,,,,,missing,,,,,,,,,,,,,,,rejected_by_source_cv,Juan source evidence is rejected: Juan in-sample side-worst normalized RMS 5.417 dB exceeds 3.000 dB.
42,l22mg-source-cv-physical-rear-basket,docs/l22mg-source-cv-physical-rear-basket/source_cv_summary.csv,physical-rear-basket-compact-dipole-m3-rb2-az24-gap16-q3-reg1e-06,coupled-rear-basket-active-surface,h1659-acoustic-compact,physical-diaphragm,5,5,rejected_bad_insample_fit,Juan in-sample side-worst normalized RMS 9.143 dB exceeds 3.000 dB.,5.456439119514064,9.143290066674723,9.086428163395667,52.11204589507205,not_applicable_rejected_source_cv,nan,nan,nan,nan,,,nan,nan,nan,nan,,,"Juan source-CV already rejects this source, so off-plane source ambiguity metrics are not required before rejecting it as an acceptance candidate.",,missing,,,,,,,,,,,,,,,,,,,missing,,,,,,,,,,,,,,,rejected_by_source_cv,Juan source evidence is rejected: Juan in-sample side-worst normalized RMS 9.143 dB exceeds 3.000 dB.
43,l22mg-source-cv-physical-rear-basket,docs/l22mg-source-cv-physical-rear-basket/source_cv_summary.csv,physical-rear-basket-compact-dipole-m2-rb2-az24-gap16-q3-reg1e-06,coupled-rear-basket-active-surface,h1659-acoustic-compact,physical-diaphragm,4,4,rejected_bad_insample_fit,Juan in-sample side-worst normalized RMS 7.922 dB exceeds 3.000 dB.,5.46004007506583,7.921567746616672,7.858470398799507,49.75668583853847,not_applicable_rejected_source_cv,nan,nan,nan,nan,,,nan,nan,nan,nan,,,"Juan source-CV already rejects this source, so off-plane source ambiguity metrics are not required before rejecting it as an acceptance candidate.",,missing,,,,,,,,,,,,,,,,,,,missing,,,,,,,,,,,,,,,rejected_by_source_cv,Juan source evidence is rejected: Juan in-sample side-worst normalized RMS 7.922 dB exceeds 3.000 dB.
44,l22mg-source-cv-physical-rear-basket,docs/l22mg-source-cv-physical-rear-basket/source_cv_summary.csv,physical-rear-basket-compact-dipole-m4-rb2-az24-gap16-q3-reg1e-06,coupled-rear-basket-active-surface,h1659-acoustic-compact,physical-diaphragm,6,6,rejected_bad_insample_fit,Juan in-sample side-worst normalized RMS 9.370 dB exceeds 3.000 dB.,5.466489555989045,9.369566967372151,9.314604801344263,53.760888281701234,physical-rear-basket-compact-dipole-m4-rb2-az24-gap16-q3-reg1e-06,0.12577766341751528,0.5096476456634917,12.167238345449022,39.99182286526454,source_cv_recommended_juan_only,modal-full2,6.0,26.654627997485264,734.4321259827932,90.0,profile-ring-full,modal-full2,"Mapped off-plane source case `physical-rear-basket-compact-dipole-m4-rb2-az24-gap16-q3-reg1e-06`; z=0 to UM-height normalized-polar change is 0.126 dB RMS over 70-90 deg; source-family spread against the Juan-CV recommended finite-source ensemble (worst reference `modal-full2`) is 12.167 dB RMS, above the 1.5 dB shape target; Juan horizontal polars do not uniquely constrain this off-plane incident field",,missing,,,,,,,,,,,,,,,,,,,missing,,,,,,,,,,,,,,,rejected_by_source_cv,Juan source evidence is rejected: Juan in-sample side-worst normalized RMS 9.370 dB exceeds 3.000 dB.
45,l22mg-source-cv-physical-rear-basket,docs/l22mg-source-cv-physical-rear-basket/source_cv_summary.csv,physical-rear-basket-compact-dipole-m3-rb2-az16-gap16-q3-reg1e-06,coupled-rear-basket-active-surface,h1659-acoustic-compact,physical-diaphragm,5,5,rejected_bad_insample_fit,Juan in-sample side-worst normalized RMS 9.150 dB exceeds 3.000 dB.,5.50689920886565,9.149703761575706,9.09173588357207,52.44497438197696,not_applicable_rejected_source_cv,nan,nan,nan,nan,,,nan,nan,nan,nan,,,"Juan source-CV already rejects this source, so off-plane source ambiguity metrics are not required before rejecting it as an acceptance candidate.",,missing,,,,,,,,,,,,,,,,,,,missing,,,,,,,,,,,,,,,rejected_by_source_cv,Juan source evidence is rejected: Juan in-sample side-worst normalized RMS 9.150 dB exceeds 3.000 dB.
46,l22mg-source-cv-physical-rear-basket,docs/l22mg-source-cv-physical-rear-basket/source_cv_summary.csv,physical-rear-basket-compact-dipole-m4-rb2-az16-gap16-q3-reg1e-06,coupled-rear-basket-active-surface,h1659-acoustic-compact,physical-diaphragm,6,6,rejected_bad_insample_fit,Juan in-sample side-worst normalized RMS 9.307 dB exceeds 3.000 dB.,5.509688450251639,9.307331850408861,9.250930540212027,53.952079250816894,physical-rear-basket-compact-dipole-m4-rb2-az16-gap16-q3-reg1e-06,0.12344474269659629,0.43653249825894136,12.006205391888784,37.15415658364235,source_cv_recommended_juan_only,modal-full2,6.0,26.654627997485264,734.4321259827932,90.0,profile-ring-full,modal-full2,"Mapped off-plane source case `physical-rear-basket-compact-dipole-m4-rb2-az16-gap16-q3-reg1e-06`; z=0 to UM-height normalized-polar change is 0.123 dB RMS over 70-90 deg; source-family spread against the Juan-CV recommended finite-source ensemble (worst reference `modal-full2`) is 12.006 dB RMS, above the 1.5 dB shape target; Juan horizontal polars do not uniquely constrain this off-plane incident field",,missing,,,,,,,,,,,,,,,,,,,missing,,,,,,,,,,,,,,,rejected_by_source_cv,Juan source evidence is rejected: Juan in-sample side-worst normalized RMS 9.307 dB exceeds 3.000 dB.
47,l22mg-source-cv-physical-rear-basket,docs/l22mg-source-cv-physical-rear-basket/source_cv_summary.csv,physical-rear-basket-full-dipole-m4-rb2-az16-gap16-q3-reg1e-06,coupled-rear-basket-active-surface,h1659-acoustic-full,physical-diaphragm,6,6,rejected_bad_insample_fit,Juan in-sample side-worst normalized RMS 9.439 dB exceeds 3.000 dB.,5.531767173265065,9.43870334365683,9.383330322398862,54.97425616274387,physical-rear-basket-full-dipole-m4-rb2-az16-gap16-q3-reg1e-06,0.12417270509781515,0.398976125390476,12.032489681016735,36.35820651931242,source_cv_recommended_juan_only,modal-full2,6.0,26.654627997485264,734.4321259827932,90.0,profile-ring-full,modal-full2,"Mapped off-plane source case `physical-rear-basket-full-dipole-m4-rb2-az16-gap16-q3-reg1e-06`; z=0 to UM-height normalized-polar change is 0.124 dB RMS over 70-90 deg; source-family spread against the Juan-CV recommended finite-source ensemble (worst reference `modal-full2`) is 12.032 dB RMS, above the 1.5 dB shape target; Juan horizontal polars do not uniquely constrain this off-plane incident field",,missing,,,,,,,,,,,,,,,,,,,missing,,,,,,,,,,,,,,,rejected_by_source_cv,Juan source evidence is rejected: Juan in-sample side-worst normalized RMS 9.439 dB exceeds 3.000 dB.
48,l22mg-source-cv-physical-rear-basket,docs/l22mg-source-cv-physical-rear-basket/source_cv_summary.csv,physical-rear-basket-compact-dipole-m2-rb2-az16-gap16-q3-reg1e-06,coupled-rear-basket-active-surface,h1659-acoustic-compact,physical-diaphragm,4,4,rejected_bad_insample_fit,Juan in-sample side-worst normalized RMS 8.010 dB exceeds 3.000 dB.,5.5363171761161505,8.01020474497785,7.945983128832502,50.314149562654556,not_applicable_rejected_source_cv,nan,nan,nan,nan,,,nan,nan,nan,nan,,,"Juan source-CV already rejects this source, so off-plane source ambiguity metrics are not required before rejecting it as an acceptance candidate.",,missing,,,,,,,,,,,,,,,,,,,missing,,,,,,,,,,,,,,,rejected_by_source_cv,Juan source evidence is rejected: Juan in-sample side-worst normalized RMS 8.010 dB exceeds 3.000 dB.
49,l22mg-source-cv-physical-rear-basket,docs/l22mg-source-cv-physical-rear-basket/source_cv_summary.csv,physical-rear-basket-full-dipole-m3-rb2-az16-gap16-q3-reg1e-06,coupled-rear-basket-active-surface,h1659-acoustic-full,physical-diaphragm,5,5,rejected_bad_insample_fit,Juan in-sample side-worst normalized RMS 9.221 dB exceeds 3.000 dB.,5.539661183896425,9.221473980474284,9.163845101877602,53.4018250434266,not_applicable_rejected_source_cv,nan,nan,nan,nan,,,nan,nan,nan,nan,,,"Juan source-CV already rejects this source, so off-plane source ambiguity metrics are not required before rejecting it as an acceptance candidate.",,missing,,,,,,,,,,,,,,,,,,,missing,,,,,,,,,,,,,,,rejected_by_source_cv,Juan source evidence is rejected: Juan in-sample side-worst normalized RMS 9.221 dB exceeds 3.000 dB.
50,l22mg-source-cv-physical-rear-basket,docs/l22mg-source-cv-physical-rear-basket/source_cv_summary.csv,physical-rear-basket-full-dipole-m2-rb2-az16-gap16-q3-reg1e-06,coupled-rear-basket-active-surface,h1659-acoustic-full,physical-diaphragm,4,4,rejected_bad_insample_fit,Juan in-sample side-worst normalized RMS 8.106 dB exceeds 3.000 dB.,5.598140133113668,8.105884417309634,8.041573947934841,50.768073167762964,not_applicable_rejected_source_cv,nan,nan,nan,nan,,,nan,nan,nan,nan,,,"Juan source-CV already rejects this source, so off-plane source ambiguity metrics are not required before rejecting it as an acceptance candidate.",,missing,,,,,,,,,,,,,,,,,,,missing,,,,,,,,,,,,,,,rejected_by_source_cv,Juan source evidence is rejected: Juan in-sample side-worst normalized RMS 8.106 dB exceeds 3.000 dB.
