ISO-10303-21;
HEADER;
FILE_DESCRIPTION(('Open CASCADE Model'),'2;1');
FILE_NAME('lx521_4_top_baffle_nd25fw4_variant_b1','2020-01-01T00:00:00',
  ('Author'),('Open CASCADE'),'Open CASCADE STEP processor 7.9',
  'build123d','Unknown');
FILE_SCHEMA(('AUTOMOTIVE_DESIGN { 1 0 10303 214 1 1 1 1 }'));
ENDSEC;
DATA;
#1 = APPLICATION_PROTOCOL_DEFINITION('international standard',
  'automotive_design',2000,#2);
#2 = APPLICATION_CONTEXT(
  'core data for automotive mechanical design processes');
#3 = SHAPE_DEFINITION_REPRESENTATION(#4,#10);
#4 = PRODUCT_DEFINITION_SHAPE('','',#5);
#5 = PRODUCT_DEFINITION('design','',#6,#9);
#6 = PRODUCT_DEFINITION_FORMATION('','',#7);
#7 = PRODUCT('lx521_4_top_baffle_nd25fw4_variant_b1',
  'lx521_4_top_baffle_nd25fw4_variant_b1','',(#8));
#8 = PRODUCT_CONTEXT('',#2,'mechanical');
#9 = PRODUCT_DEFINITION_CONTEXT('part definition',#2,'design');
#10 = ADVANCED_BREP_SHAPE_REPRESENTATION('',(#11,#15),#8535);
#11 = AXIS2_PLACEMENT_3D('',#12,#13,#14);
#12 = CARTESIAN_POINT('',(0.,0.,0.));
#13 = DIRECTION('',(0.,0.,1.));
#14 = DIRECTION('',(1.,0.,-0.));
#15 = MANIFOLD_SOLID_BREP('',#16);
#16 = CLOSED_SHELL('',(#17,#413,#1115,#1191,#1267,#1343,#1419,#1495,
    #1571,#1647,#2392,#2701,#2837,#2975,#3717,#4454,#4584,#4822,#5067,
    #5278,#5286,#5391,#5437,#5483,#5529,#5575,#5621,#5667,#5713,#6295,
    #6349,#6434,#6480,#6526,#6572,#6618,#6664,#6710,#6776,#6827,#6881,
    #7315,#7848,#7903,#7907,#7962,#7966,#8021,#8025,#8080,#8084,#8139,
    #8143,#8198,#8202,#8257,#8261,#8316,#8320,#8375,#8379,#8434,#8438,
    #8522));
#17 = ADVANCED_FACE('',(#18),#109,.T.);
#18 = FACE_BOUND('',#19,.T.);
#19 = EDGE_LOOP('',(#20,#329,#357,#387));
#20 = ORIENTED_EDGE('',*,*,#21,.T.);
#21 = EDGE_CURVE('',#22,#24,#26,.T.);
#22 = VERTEX_POINT('',#23);
#23 = CARTESIAN_POINT('',(-49.161,453.457,17.908394723136));
#24 = VERTEX_POINT('',#25);
#25 = CARTESIAN_POINT('',(-36.811,432.879,14.298058800012));
#26 = SURFACE_CURVE('',#27,(#108,#200),.PCURVE_S1.);
#27 = B_SPLINE_CURVE_WITH_KNOTS('',7,(#28,#29,#30,#31,#32,#33,#34,#35,
    #36,#37,#38,#39,#40,#41,#42,#43,#44,#45,#46,#47,#48,#49,#50,#51,#52,
    #53,#54,#55,#56,#57,#58,#59,#60,#61,#62,#63,#64,#65,#66,#67,#68,#69,
    #70,#71,#72,#73,#74,#75,#76,#77,#78,#79,#80,#81,#82,#83,#84,#85,#86,
    #87,#88,#89,#90,#91,#92,#93,#94,#95,#96,#97,#98,#99,#100,#101,#102,
    #103,#104,#105,#106,#107),.UNSPECIFIED.,.F.,.F.,(8,6,6,6,6,6,6,6,6,6
    ,6,6,6,8),(0.,8.339090632299E-02,0.188962582003,0.295576744858,
    0.403147988346,0.510756590946,0.627984338317,0.686041625328,
    0.744070263432,0.8012347631,0.829828975777,0.858339298001,
    0.970449191685,1.),.UNSPECIFIED.);
#28 = CARTESIAN_POINT('',(-49.161,453.457,17.908394723136));
#29 = CARTESIAN_POINT('',(-49.07225720726,453.17473159629,
    17.904883018079));
#30 = CARTESIAN_POINT('',(-48.98162413227,452.89311925308,
    17.898895261962));
#31 = CARTESIAN_POINT('',(-48.88912267517,452.61222762152,
    17.890334328287));
#32 = CARTESIAN_POINT('',(-48.79477918736,452.33212765688,
    17.879105152114));
#33 = CARTESIAN_POINT('',(-48.6986248949,452.05289637831,17.865115872576
    ));
#34 = CARTESIAN_POINT('',(-48.60069632189,451.77461662863,17.8482789754)
  );
#35 = CARTESIAN_POINT('',(-48.37486683231,451.14639528293,
    17.803488283036));
#36 = CARTESIAN_POINT('',(-48.24592301145,450.79708338286,
    17.773765208714));
#37 = CARTESIAN_POINT('',(-48.11426888941,450.44956153536,
    17.739614475063));
#38 = CARTESIAN_POINT('',(-47.97996543128,450.10392322029,
    17.701309118702));
#39 = CARTESIAN_POINT('',(-47.84306813797,449.76023637729,
    17.659120555218));
#40 = CARTESIAN_POINT('',(-47.70362525494,449.41854478698,
    17.613315184123));
#41 = CARTESIAN_POINT('',(-47.41832500243,448.73583993014,
    17.514501322533));
#42 = CARTESIAN_POINT('',(-47.27241955838,448.39487065499,
    17.461426926235));
#43 = CARTESIAN_POINT('',(-47.12400002618,448.05598277307,
    17.405193911933));
#44 = CARTESIAN_POINT('',(-46.9731010839,447.71918250954,17.346061646626
    ));
#45 = CARTESIAN_POINT('',(-46.8197506043,447.38446183076,17.284282397342
    ));
#46 = CARTESIAN_POINT('',(-46.66396854878,447.05179910673,17.2201009712)
  );
#47 = CARTESIAN_POINT('',(-46.34614298046,446.38755227434,
    17.086812142864));
#48 = CARTESIAN_POINT('',(-46.18405767072,446.05600852461,
    17.017666296775));
#49 = CARTESIAN_POINT('',(-46.01952136697,445.72649313874,
    16.946560855812));
#50 = CARTESIAN_POINT('',(-45.85254030524,445.39896574657,
    16.873731184806));
#51 = CARTESIAN_POINT('',(-45.68311413092,445.07337967762,
    16.799408695802));
#52 = CARTESIAN_POINT('',(-45.51123563743,444.74968270711,
    16.723819563414));
#53 = CARTESIAN_POINT('',(-45.16248708426,444.10584523852,
    16.570508688119));
#54 = CARTESIAN_POINT('',(-44.98561682421,443.78570878432,
    16.492787423078));
#55 = CARTESIAN_POINT('',(-44.80626740065,443.46735482337,
    16.414230586038));
#56 = CARTESIAN_POINT('',(-44.62442120359,443.15072812164,
    16.335051679647));
#57 = CARTESIAN_POINT('',(-44.44005610756,442.83577360165,
    16.255461754631));
#58 = CARTESIAN_POINT('',(-44.2531451116,442.52243605516,16.175670401841
    ));
#59 = CARTESIAN_POINT('',(-43.85722839241,441.87101394832,
    16.008971216874));
#60 = CARTESIAN_POINT('',(-43.6477435015,441.53322487179,15.922064666606
    ));
#61 = CARTESIAN_POINT('',(-43.43515718179,441.1972166032,15.835447067856
    ));
#62 = CARTESIAN_POINT('',(-43.21943182957,440.86293540532,15.74935836332
    ));
#63 = CARTESIAN_POINT('',(-43.00051879705,440.53031958178,
    15.664077879553));
#64 = CARTESIAN_POINT('',(-42.77837171672,440.19932154714,
    15.579865760798));
#65 = CARTESIAN_POINT('',(-42.44129251087,439.70674498453,
    15.455957587216));
#66 = CARTESIAN_POINT('',(-42.32884081074,439.54398147226,
    15.415246683597));
#67 = CARTESIAN_POINT('',(-42.21557715463,439.38159806288,
    15.374900369613));
#68 = CARTESIAN_POINT('',(-42.10149676755,439.21959173029,
    15.334946922309));
#69 = CARTESIAN_POINT('',(-41.9865914592,439.05795529064,15.295430579615
    ));
#70 = CARTESIAN_POINT('',(-41.87085824752,438.89668917254,
    15.256373474629));
#71 = CARTESIAN_POINT('',(-41.63777717274,438.57496444331,
    15.179288914646));
#72 = CARTESIAN_POINT('',(-41.52043031121,438.4145056848,15.141260685183
    ));
#73 = CARTESIAN_POINT('',(-41.40224108404,438.25440591368,15.10377858633
    ));
#74 = CARTESIAN_POINT('',(-41.28320259059,438.09466118406,
    15.066884973578));
#75 = CARTESIAN_POINT('',(-41.16330830995,437.93526852356,
    15.030622965949));
#76 = CARTESIAN_POINT('',(-41.04255210094,437.77622593336,
    14.995036446007));
#77 = CARTESIAN_POINT('',(-40.80111547605,437.46120204146,
    14.925822889465));
#78 = CARTESIAN_POINT('',(-40.68046090633,437.30521059295,
    14.892174604588));
#79 = CARTESIAN_POINT('',(-40.55895895109,437.14955705409,
    14.859267933701));
#80 = CARTESIAN_POINT('',(-40.43660485738,436.99424166757,14.8271464024)
  );
#81 = CARTESIAN_POINT('',(-40.31339466119,436.83926590722,
    14.795854333395));
#82 = CARTESIAN_POINT('',(-40.18932518747,436.68463247805,
    14.765436846511));
#83 = CARTESIAN_POINT('',(-40.00190233706,436.45316944758,
    14.721185191919));
#84 = CARTESIAN_POINT('',(-39.93919507061,436.37608025793,
    14.706660674511));
#85 = CARTESIAN_POINT('',(-39.87627186968,436.29907812767,
    14.692372841378));
#86 = CARTESIAN_POINT('',(-39.81313274767,436.22216391763,
    14.678326140817));
#87 = CARTESIAN_POINT('',(-39.74977748686,436.1453382164,14.664526944374
    ));
#88 = CARTESIAN_POINT('',(-39.68620577728,436.06860150328,
    14.650982727141));
#89 = CARTESIAN_POINT('',(-39.55881760517,435.91553381726,
    14.624449089516));
#90 = CARTESIAN_POINT('',(-39.49500245726,435.83920237189,
    14.611458011509));
#91 = CARTESIAN_POINT('',(-39.43097315422,435.76296230176,
    14.598726356396));
#92 = CARTESIAN_POINT('',(-39.36673023196,435.68681506573,
    14.586257306153));
#93 = CARTESIAN_POINT('',(-39.30227428462,435.61076217053,
    14.574054052774));
#94 = CARTESIAN_POINT('',(-39.23760596456,435.53480517069,
    14.562119798279));
#95 = CARTESIAN_POINT('',(-38.91760126488,435.16064666485,
    14.504599610604));
#96 = CARTESIAN_POINT('',(-38.65920381027,434.86385536628,
    14.462950628623));
#97 = CARTESIAN_POINT('',(-38.39757661036,434.56866870415,
    14.425705637962));
#98 = CARTESIAN_POINT('',(-38.13277825872,434.27519626937,14.39306177104
    ));
#99 = CARTESIAN_POINT('',(-37.86488465397,433.98355945977,
    14.365215173585));
#100 = CARTESIAN_POINT('',(-37.5939907032,433.69389062749,
    14.342357714728));
#101 = CARTESIAN_POINT('',(-37.24804728612,433.33053531918,
    14.320012404512));
#102 = CARTESIAN_POINT('',(-37.17568211874,433.2548850391,
    14.315713869272));
#103 = CARTESIAN_POINT('',(-37.1031213911,433.17938688374,
    14.311732813335));
#104 = CARTESIAN_POINT('',(-37.03036942111,433.10404563286,
    14.308023203227));
#105 = CARTESIAN_POINT('',(-36.9574299297,433.0288653323,14.304538603294
    ));
#106 = CARTESIAN_POINT('',(-36.8843059939,432.95384927799,
    14.301232528965));
#107 = CARTESIAN_POINT('',(-36.811,432.879,14.298058800012));
#108 = PCURVE('',#109,#117);
#109 = SURFACE_OF_LINEAR_EXTRUSION('',#110,#115);
#110 = B_SPLINE_CURVE_WITH_KNOTS('',3,(#111,#112,#113,#114),
  .UNSPECIFIED.,.F.,.F.,(4,4),(0.,1.),.PIECEWISE_BEZIER_KNOTS.);
#111 = CARTESIAN_POINT('',(-36.811,432.879,0.));
#112 = CARTESIAN_POINT('',(-42.416,438.602,0.));
#113 = CARTESIAN_POINT('',(-46.699,445.626,0.));
#114 = CARTESIAN_POINT('',(-49.161,453.457,0.));
#115 = VECTOR('',#116,1.);
#116 = DIRECTION('',(0.,0.,-1.));
#117 = DEFINITIONAL_REPRESENTATION('',(#118),#199);
#118 = B_SPLINE_CURVE_WITH_KNOTS('',7,(#119,#120,#121,#122,#123,#124,
    #125,#126,#127,#128,#129,#130,#131,#132,#133,#134,#135,#136,#137,
    #138,#139,#140,#141,#142,#143,#144,#145,#146,#147,#148,#149,#150,
    #151,#152,#153,#154,#155,#156,#157,#158,#159,#160,#161,#162,#163,
    #164,#165,#166,#167,#168,#169,#170,#171,#172,#173,#174,#175,#176,
    #177,#178,#179,#180,#181,#182,#183,#184,#185,#186,#187,#188,#189,
    #190,#191,#192,#193,#194,#195,#196,#197,#198),.UNSPECIFIED.,.F.,.F.,
  (8,6,6,6,6,6,6,6,6,6,6,6,6,8),(0.,8.339090632299E-02,0.188962582003,
    0.295576744858,0.403147988346,0.510756590946,0.627984338317,
    0.686041625328,0.744070263432,0.8012347631,0.829828975777,
    0.858339298001,0.970449191685,1.),.UNSPECIFIED.);
#119 = CARTESIAN_POINT('',(1.,-17.90839472313));
#120 = CARTESIAN_POINT('',(0.98798499963,-17.90488301807));
#121 = CARTESIAN_POINT('',(0.975963212916,-17.89889526196));
#122 = CARTESIAN_POINT('',(0.963936963964,-17.89033432828));
#123 = CARTESIAN_POINT('',(0.951908883222,-17.87910515211));
#124 = CARTESIAN_POINT('',(0.939881908597,-17.86511587257));
#125 = CARTESIAN_POINT('',(0.927859286557,-17.8482789754));
#126 = CARTESIAN_POINT('',(0.900634120771,-17.80348828303));
#127 = CARTESIAN_POINT('',(0.885436469439,-17.77376520871));
#128 = CARTESIAN_POINT('',(0.870256278645,-17.73961447506));
#129 = CARTESIAN_POINT('',(0.855097157193,-17.7013091187));
#130 = CARTESIAN_POINT('',(0.839961685096,-17.65912055521));
#131 = CARTESIAN_POINT('',(0.824851435383,-17.61331518412));
#132 = CARTESIAN_POINT('',(0.794533602305,-17.51450132253));
#133 = CARTESIAN_POINT('',(0.779326707718,-17.46142692623));
#134 = CARTESIAN_POINT('',(0.7641468977,-17.40519391193));
#135 = CARTESIAN_POINT('',(0.748994122198,-17.34606164662));
#136 = CARTESIAN_POINT('',(0.733867696485,-17.28428239734));
#137 = CARTESIAN_POINT('',(0.718766302101,-17.2201009712));
#138 = CARTESIAN_POINT('',(0.688474314716,-17.08681214286));
#139 = CARTESIAN_POINT('',(0.67328431426,-17.01766629677));
#140 = CARTESIAN_POINT('',(0.658115989433,-16.94656085581));
#141 = CARTESIAN_POINT('',(0.642967071983,-16.8737311848));
#142 = CARTESIAN_POINT('',(0.627834943521,-16.7994086958));
#143 = CARTESIAN_POINT('',(0.612716652306,-16.72381956341));
#144 = CARTESIAN_POINT('',(0.582496152287,-16.57050868811));
#145 = CARTESIAN_POINT('',(0.567394081201,-16.49278742307));
#146 = CARTESIAN_POINT('',(0.552299608085,-16.41423058603));
#147 = CARTESIAN_POINT('',(0.537209459999,-16.33505167964));
#148 = CARTESIAN_POINT('',(0.522120271983,-16.25546175463));
#149 = CARTESIAN_POINT('',(0.507028563613,-16.17567040184));
#150 = CARTESIAN_POINT('',(0.475483269206,-16.00897121687));
#151 = CARTESIAN_POINT('',(0.459028723831,-15.9220646666));
#152 = CARTESIAN_POINT('',(0.442562202256,-15.83544706785));
#153 = CARTESIAN_POINT('',(0.426079738773,-15.74935836332));
#154 = CARTESIAN_POINT('',(0.409576824917,-15.66407787955));
#155 = CARTESIAN_POINT('',(0.393049468442,-15.57986576079));
#156 = CARTESIAN_POINT('',(0.368294189082,-15.45595758721));
#157 = CARTESIAN_POINT('',(0.360087858637,-15.41524668359));
#158 = CARTESIAN_POINT('',(0.351874044163,-15.37490036961));
#159 = CARTESIAN_POINT('',(0.343652370198,-15.3349469223));
#160 = CARTESIAN_POINT('',(0.335422236749,-15.29543057961));
#161 = CARTESIAN_POINT('',(0.327183424873,-15.25637347462));
#162 = CARTESIAN_POINT('',(0.310691369005,-15.17928891464));
#163 = CARTESIAN_POINT('',(0.302438145484,-15.14126068518));
#164 = CARTESIAN_POINT('',(0.294175186383,-15.10377858633));
#165 = CARTESIAN_POINT('',(0.285902026461,-15.06688497357));
#166 = CARTESIAN_POINT('',(0.277618240187,-15.03062296594));
#167 = CARTESIAN_POINT('',(0.269323441739,-14.995036446));
#168 = CARTESIAN_POINT('',(0.252834820116,-14.92582288946));
#169 = CARTESIAN_POINT('',(0.244641343205,-14.89217460458));
#170 = CARTESIAN_POINT('',(0.236436522113,-14.8592679337));
#171 = CARTESIAN_POINT('',(0.228220083009,-14.8271464024));
#172 = CARTESIAN_POINT('',(0.219991810395,-14.79585433339));
#173 = CARTESIAN_POINT('',(0.211751547105,-14.76543684651));
#174 = CARTESIAN_POINT('',(0.199371290928,-14.72118519191));
#175 = CARTESIAN_POINT('',(0.19524036504,-14.70666067451));
#176 = CARTESIAN_POINT('',(0.19110639847,-14.69237284137));
#177 = CARTESIAN_POINT('',(0.186969398764,-14.67832614081));
#178 = CARTESIAN_POINT('',(0.182829358487,-14.66452694437));
#179 = CARTESIAN_POINT('',(0.178686264119,-14.65098272714));
#180 = CARTESIAN_POINT('',(0.17040620898,-14.62444908951));
#181 = CARTESIAN_POINT('',(0.166269269027,-14.6114580115));
#182 = CARTESIAN_POINT('',(0.16212937196,-14.59872635639));
#183 = CARTESIAN_POINT('',(0.157986557998,-14.58625730615));
#184 = CARTESIAN_POINT('',(0.153840870321,-14.57405405277));
#185 = CARTESIAN_POINT('',(0.149692355074,-14.56211979827));
#186 = CARTESIAN_POINT('',(0.129217110594,-14.5045996106));
#187 = CARTESIAN_POINT('',(0.112850204487,-14.46295062862));
#188 = CARTESIAN_POINT('',(9.644330935886E-02,-14.42570563796));
#189 = CARTESIAN_POINT('',(8.000018285671E-02,-14.39306177104));
#190 = CARTESIAN_POINT('',(6.352540451499E-02,-14.36521517358));
#191 = CARTESIAN_POINT('',(4.702440631631E-02,-14.34235771472));
#192 = CARTESIAN_POINT('',(2.614879356677E-02,-14.32001240451));
#193 = CARTESIAN_POINT('',(2.179270082327E-02,-14.31571386927));
#194 = CARTESIAN_POINT('',(1.743550667016E-02,-14.31173281333));
#195 = CARTESIAN_POINT('',(1.307745530125E-02,-14.30802320322));
#196 = CARTESIAN_POINT('',(8.71875164488E-03,-14.30453860329));
#197 = CARTESIAN_POINT('',(4.359559554621E-03,-14.30123252896));
#198 = CARTESIAN_POINT('',(0.,-14.29805880001));
#199 = ( GEOMETRIC_REPRESENTATION_CONTEXT(2) 
PARAMETRIC_REPRESENTATION_CONTEXT() REPRESENTATION_CONTEXT('2D SPACE',''
  ) );
#200 = PCURVE('',#201,#246);
#201 = ( BOUNDED_SURFACE() B_SPLINE_SURFACE(1,3,(
    (#202,#203,#204,#205,#206,#207,#208,#209,#210,#211,#212,#213,#214
      ,#215,#216,#217,#218,#219,#220,#221,#222,#223)
    ,(#224,#225,#226,#227,#228,#229,#230,#231,#232,#233,#234,#235,#236
      ,#237,#238,#239,#240,#241,#242,#243,#244,#245
)),.UNSPECIFIED.,.F.,.F.,.F.) B_SPLINE_SURFACE_WITH_KNOTS((2,2),(4,1,1,1
    ,1,1,1,1,1,1,1,1,1,1,1,1,1,1,1,4),(10.,11.),(0.,5.218380768594E-02,
    0.104924849979,0.158249728388,0.212037422186,0.266073258756,
    0.320098130577,0.373854821642,0.427134464983,0.479826107743,
    0.531971081028,0.583831321693,0.635742389654,0.687819682816,
    0.740024789052,0.792245645251,0.844362126807,0.89631140842,
0.94815736877,1.),.UNSPECIFIED.) GEOMETRIC_REPRESENTATION_ITEM() 
RATIONAL_B_SPLINE_SURFACE((
    (1.,1.000000000002,0.999999999999,1.,1.,1.,1.,1.,1.,1.,1.,1.,1.,1.
      ,1.,1.,1.,1.000000000001,0.999999999997,1.000000000012
      ,0.999999999975,1.)
    ,(1.,1.000000000002,0.999999999999,1.,1.,1.,1.,1.,1.,1.,1.,1.,1.,1.
      ,1.,1.,1.,1.000000000001,0.999999999997,1.000000000012
,0.999999999975,1.))) REPRESENTATION_ITEM('') SURFACE() );
#202 = CARTESIAN_POINT('',(-2.695301746512,416.76357896014,
    0.177006803229));
#203 = CARTESIAN_POINT('',(-3.897192165726,416.82657471491,
    0.331320860542));
#204 = CARTESIAN_POINT('',(-6.300772375224,417.03765166962,
    0.834106175642));
#205 = CARTESIAN_POINT('',(-9.854337927525,417.60198939953,
    2.040093767284));
#206 = CARTESIAN_POINT('',(-13.35514400426,418.41155068676,
    3.584275255514));
#207 = CARTESIAN_POINT('',(-16.78822931929,419.46206079625,
    5.351658670715));
#208 = CARTESIAN_POINT('',(-20.13861274806,420.74845958608,
    7.228045773616));
#209 = CARTESIAN_POINT('',(-23.39141838334,422.26489556278,
    9.100012696677));
#210 = CARTESIAN_POINT('',(-26.53208468589,424.00474901682,
    10.852504334148));
#211 = CARTESIAN_POINT('',(-29.54661359747,425.9608262878,
    12.376068706587));
#212 = CARTESIAN_POINT('',(-32.42138293785,428.12525712305,
    13.538290446197));
#213 = CARTESIAN_POINT('',(-35.14418677058,430.4906163436,
    14.286143847982));
#214 = CARTESIAN_POINT('',(-37.69706388455,433.04320374377,
    14.26442585227));
#215 = CARTESIAN_POINT('',(-40.05931821634,435.76132803689,
    14.602034937427));
#216 = CARTESIAN_POINT('',(-42.2231852917,438.63356505356,
    15.230118923348));
#217 = CARTESIAN_POINT('',(-44.18021376465,441.64749391568,
    16.000643373233));
#218 = CARTESIAN_POINT('',(-45.92239505106,444.79022840501,
    16.788172189398));
#219 = CARTESIAN_POINT('',(-47.44215367945,448.04840864753,
    17.461743259718));
#220 = CARTESIAN_POINT('',(-48.73258631405,451.4090014372,
    17.890402105135));
#221 = CARTESIAN_POINT('',(-49.78589435275,454.85355017986,
    17.944381404882));
#222 = CARTESIAN_POINT('',(-50.32468918369,457.18914564334,
    17.802824491462));
#223 = CARTESIAN_POINT('',(-50.55379994755,458.3663367381,17.9));
#224 = CARTESIAN_POINT('',(-1.884094424746,432.24233674883,
    0.177006803229));
#225 = CARTESIAN_POINT('',(-2.724250834072,432.28637260657,
    0.331320860542));
#226 = CARTESIAN_POINT('',(-4.404423408027,432.43392156,0.834106175642)
  );
#227 = CARTESIAN_POINT('',(-6.888469230863,432.82841006445,
    2.040093767284));
#228 = CARTESIAN_POINT('',(-9.335634643768,433.39431698525,
    3.584275255514));
#229 = CARTESIAN_POINT('',(-11.73546127173,434.12865414874,
    5.351658670715));
#230 = CARTESIAN_POINT('',(-14.07747687243,435.02788437087,
    7.228045773616));
#231 = CARTESIAN_POINT('',(-16.3512827534,436.0879172866,9.100012696677)
  );
#232 = CARTESIAN_POINT('',(-18.5466999746,437.30412552632,
    10.852504334148));
#233 = CARTESIAN_POINT('',(-20.65394348561,438.67148051186,
    12.376068706587));
#234 = CARTESIAN_POINT('',(-22.66349098568,440.18448070737,
    13.538290446197));
#235 = CARTESIAN_POINT('',(-24.56681016972,441.83793569649,
    14.286143847982));
#236 = CARTESIAN_POINT('',(-26.35134562803,443.62226863642,
    14.26442585227));
#237 = CARTESIAN_POINT('',(-28.00263020948,445.52231668598,
    14.602034937427));
#238 = CARTESIAN_POINT('',(-29.51523632041,447.53009401801,
    15.230118923348));
#239 = CARTESIAN_POINT('',(-30.88325622383,449.636918077,16.000643373233
    ));
#240 = CARTESIAN_POINT('',(-32.10109168617,451.8337810209,
    16.788172189398));
#241 = CARTESIAN_POINT('',(-33.16344723226,454.11134390924,
    17.461743259718));
#242 = CARTESIAN_POINT('',(-34.06549722916,456.46049614922,
    17.890402105135));
#243 = CARTESIAN_POINT('',(-34.80179022746,458.86833605198,
    17.944381404882));
#244 = CARTESIAN_POINT('',(-35.17842350639,460.50098529561,
    17.802824491462));
#245 = CARTESIAN_POINT('',(-35.33857860411,461.32387616644,17.9));
#246 = DEFINITIONAL_REPRESENTATION('',(#247),#328);
#247 = B_SPLINE_CURVE_WITH_KNOTS('',7,(#248,#249,#250,#251,#252,#253,
    #254,#255,#256,#257,#258,#259,#260,#261,#262,#263,#264,#265,#266,
    #267,#268,#269,#270,#271,#272,#273,#274,#275,#276,#277,#278,#279,
    #280,#281,#282,#283,#284,#285,#286,#287,#288,#289,#290,#291,#292,
    #293,#294,#295,#296,#297,#298,#299,#300,#301,#302,#303,#304,#305,
    #306,#307,#308,#309,#310,#311,#312,#313,#314,#315,#316,#317,#318,
    #319,#320,#321,#322,#323,#324,#325,#326,#327),.UNSPECIFIED.,.F.,.F.,
  (8,6,6,6,6,6,6,6,6,6,6,6,6,8),(0.,8.339090632299E-02,0.188962582003,
    0.295576744858,0.403147988346,0.510756590946,0.627984338317,
    0.686041625328,0.744070263432,0.8012347631,0.829828975777,
    0.858339298001,0.970449191685,1.),.UNSPECIFIED.);
#248 = CARTESIAN_POINT('',(10.011480797205,0.926306283762));
#249 = CARTESIAN_POINT('',(10.011736047003,0.922025874652));
#250 = CARTESIAN_POINT('',(10.011991872126,0.917745804282));
#251 = CARTESIAN_POINT('',(10.012248273777,0.913466656709));
#252 = CARTESIAN_POINT('',(10.012505200149,0.909189122319));
#253 = CARTESIAN_POINT('',(10.012762547323,0.904913999257));
#254 = CARTESIAN_POINT('',(10.013020160152,0.900642194858));
#255 = CARTESIAN_POINT('',(10.013604043436,0.890972174889));
#256 = CARTESIAN_POINT('',(10.013930344576,0.885576616088));
#257 = CARTESIAN_POINT('',(10.014256731891,0.880189426392));
#258 = CARTESIAN_POINT('',(10.014583157704,0.874811607992));
#259 = CARTESIAN_POINT('',(10.014909534071,0.869443799969));
#260 = CARTESIAN_POINT('',(10.015235735495,0.864086288726));
#261 = CARTESIAN_POINT('',(10.015890685614,0.853338945455));
#262 = CARTESIAN_POINT('',(10.016219458994,0.847949442605));
#263 = CARTESIAN_POINT('',(10.016547643041,0.842570227377));
#264 = CARTESIAN_POINT('',(10.016875072599,0.837201130273));
#265 = CARTESIAN_POINT('',(10.017201661407,0.831841949834));
#266 = CARTESIAN_POINT('',(10.017527367409,0.826492307696));
#267 = CARTESIAN_POINT('',(10.018179864377,0.81576275495));
#268 = CARTESIAN_POINT('',(10.018506625693,0.810383070495));
#269 = CARTESIAN_POINT('',(10.018832418081,0.805011744883));
#270 = CARTESIAN_POINT('',(10.019157166931,0.799648036388));
#271 = CARTESIAN_POINT('',(10.019480889408,0.794291010002));
#272 = CARTESIAN_POINT('',(10.019803631009,0.788939597772));
#273 = CARTESIAN_POINT('',(10.020446873135,0.778244298149));
#274 = CARTESIAN_POINT('',(10.020767388614,0.772900445862));
#275 = CARTESIAN_POINT('',(10.021086652222,0.76756030314));
#276 = CARTESIAN_POINT('',(10.021404600052,0.762222832134));
#277 = CARTESIAN_POINT('',(10.021721194848,0.756886965664));
#278 = CARTESIAN_POINT('',(10.022036426109,0.751551599327));
#279 = CARTESIAN_POINT('',(10.022692252415,0.740402580862));
#280 = CARTESIAN_POINT('',(10.023032573371,0.734588872493));
#281 = CARTESIAN_POINT('',(10.023371469548,0.728772913594));
#282 = CARTESIAN_POINT('',(10.023708424948,0.722953438244));
#283 = CARTESIAN_POINT('',(10.024043604964,0.717129042404));
#284 = CARTESIAN_POINT('',(10.02437678628,0.711298483904));
#285 = CARTESIAN_POINT('',(10.024871976925,0.702569220348));
#286 = CARTESIAN_POINT('',(10.025035498443,0.699676134524));
#287 = CARTESIAN_POINT('',(10.02519851769,0.69678107543));
#288 = CARTESIAN_POINT('',(10.025361036043,0.693883951908));
#289 = CARTESIAN_POINT('',(10.025523038744,0.690984542027));
#290 = CARTESIAN_POINT('',(10.025684538433,0.688082834781));
#291 = CARTESIAN_POINT('',(10.026006428271,0.682275830425));
#292 = CARTESIAN_POINT('',(10.026166819088,0.67937054086));
#293 = CARTESIAN_POINT('',(10.026326687635,0.676462571974));
#294 = CARTESIAN_POINT('',(10.026486024739,0.673551762848));
#295 = CARTESIAN_POINT('',(10.026644819945,0.670637967019));
#296 = CARTESIAN_POINT('',(10.026803061518,0.667721052487));
#297 = CARTESIAN_POINT('',(10.027116063329,0.6619242366));
#298 = CARTESIAN_POINT('',(10.027270840185,0.659044434569));
#299 = CARTESIAN_POINT('',(10.027425054551,0.656161382808));
#300 = CARTESIAN_POINT('',(10.027578692563,0.653274989385));
#301 = CARTESIAN_POINT('',(10.027731738944,0.650385183235));
#302 = CARTESIAN_POINT('',(10.027884177011,0.647491914163));
#303 = CARTESIAN_POINT('',(10.028111926268,0.643146165981));
#304 = CARTESIAN_POINT('',(10.028187707258,0.641696305863));
#305 = CARTESIAN_POINT('',(10.028263328746,0.640245568178));
#306 = CARTESIAN_POINT('',(10.028338789386,0.638793953864));
#307 = CARTESIAN_POINT('',(10.028414086307,0.637341461959));
#308 = CARTESIAN_POINT('',(10.028489215735,0.635888091266));
#309 = CARTESIAN_POINT('',(10.02863891897,0.632983876907));
#310 = CARTESIAN_POINT('',(10.028713493834,0.631533039175));
#311 = CARTESIAN_POINT('',(10.028787901239,0.630081346629));
#312 = CARTESIAN_POINT('',(10.028862140192,0.628628809267));
#313 = CARTESIAN_POINT('',(10.028936209377,0.627175438106));
#314 = CARTESIAN_POINT('',(10.029010107152,0.625721245177));
#315 = CARTESIAN_POINT('',(10.02937373479,0.61854480417));
#316 = CARTESIAN_POINT('',(10.029660956875,0.612810862308));
#317 = CARTESIAN_POINT('',(10.029945379278,0.607065204882));
#318 = CARTESIAN_POINT('',(10.030226802703,0.601308890656));
#319 = CARTESIAN_POINT('',(10.030504948342,0.595543262455));
#320 = CARTESIAN_POINT('',(10.030779459139,0.589769959398));
#321 = CARTESIAN_POINT('',(10.031121186256,0.582467646843));
#322 = CARTESIAN_POINT('',(10.031192187667,0.580943967561));
#323 = CARTESIAN_POINT('',(10.031262911003,0.579419971308));
#324 = CARTESIAN_POINT('',(10.031333361694,0.577895724888));
#325 = CARTESIAN_POINT('',(10.031403544773,0.576371281266));
#326 = CARTESIAN_POINT('',(10.031473464778,0.574846678967));
#327 = CARTESIAN_POINT('',(10.031543125647,0.573321941454));
#328 = ( GEOMETRIC_REPRESENTATION_CONTEXT(2) 
PARAMETRIC_REPRESENTATION_CONTEXT() REPRESENTATION_CONTEXT('2D SPACE',''
  ) );
#329 = ORIENTED_EDGE('',*,*,#330,.T.);
#330 = EDGE_CURVE('',#24,#331,#333,.T.);
#331 = VERTEX_POINT('',#332);
#332 = CARTESIAN_POINT('',(-36.811,432.879,18.3));
#333 = SURFACE_CURVE('',#334,(#338,#345),.PCURVE_S1.);
#334 = LINE('',#335,#336);
#335 = CARTESIAN_POINT('',(-36.811,432.879,0.));
#336 = VECTOR('',#337,1.);
#337 = DIRECTION('',(-0.,-0.,1.));
#338 = PCURVE('',#109,#339);
#339 = DEFINITIONAL_REPRESENTATION('',(#340),#344);
#340 = LINE('',#341,#342);
#341 = CARTESIAN_POINT('',(0.,0.));
#342 = VECTOR('',#343,1.);
#343 = DIRECTION('',(0.,-1.));
#344 = ( GEOMETRIC_REPRESENTATION_CONTEXT(2) 
PARAMETRIC_REPRESENTATION_CONTEXT() REPRESENTATION_CONTEXT('2D SPACE',''
  ) );
#345 = PCURVE('',#346,#351);
#346 = PLANE('',#347);
#347 = AXIS2_PLACEMENT_3D('',#348,#349,#350);
#348 = CARTESIAN_POINT('',(-83.807,399.591,0.));
#349 = DIRECTION('',(-0.578007705311,0.81603130614,0.));
#350 = DIRECTION('',(0.81603130614,0.578007705311,0.));
#351 = DEFINITIONAL_REPRESENTATION('',(#352),#356);
#352 = LINE('',#353,#354);
#353 = CARTESIAN_POINT('',(57.590927757764,0.));
#354 = VECTOR('',#355,1.);
#355 = DIRECTION('',(0.,-1.));
#356 = ( GEOMETRIC_REPRESENTATION_CONTEXT(2) 
PARAMETRIC_REPRESENTATION_CONTEXT() REPRESENTATION_CONTEXT('2D SPACE',''
  ) );
#357 = ORIENTED_EDGE('',*,*,#358,.T.);
#358 = EDGE_CURVE('',#331,#359,#361,.T.);
#359 = VERTEX_POINT('',#360);
#360 = CARTESIAN_POINT('',(-49.161,453.457,18.3));
#361 = SURFACE_CURVE('',#362,(#367,#374),.PCURVE_S1.);
#362 = B_SPLINE_CURVE_WITH_KNOTS('',3,(#363,#364,#365,#366),
  .UNSPECIFIED.,.F.,.F.,(4,4),(0.,1.),.PIECEWISE_BEZIER_KNOTS.);
#363 = CARTESIAN_POINT('',(-36.811,432.879,18.3));
#364 = CARTESIAN_POINT('',(-42.416,438.602,18.3));
#365 = CARTESIAN_POINT('',(-46.699,445.626,18.3));
#366 = CARTESIAN_POINT('',(-49.161,453.457,18.3));
#367 = PCURVE('',#109,#368);
#368 = DEFINITIONAL_REPRESENTATION('',(#369),#373);
#369 = LINE('',#370,#371);
#370 = CARTESIAN_POINT('',(0.,-18.3));
#371 = VECTOR('',#372,1.);
#372 = DIRECTION('',(1.,0.));
#373 = ( GEOMETRIC_REPRESENTATION_CONTEXT(2) 
PARAMETRIC_REPRESENTATION_CONTEXT() REPRESENTATION_CONTEXT('2D SPACE',''
  ) );
#374 = PCURVE('',#375,#380);
#375 = PLANE('',#376);
#376 = AXIS2_PLACEMENT_3D('',#377,#378,#379);
#377 = CARTESIAN_POINT('',(8.069874045631E-04,231.618795862,18.3));
#378 = DIRECTION('',(0.,-0.,-1.));
#379 = DIRECTION('',(-1.,0.,0.));
#380 = DEFINITIONAL_REPRESENTATION('',(#381),#386);
#381 = B_SPLINE_CURVE_WITH_KNOTS('',3,(#382,#383,#384,#385),
  .UNSPECIFIED.,.F.,.F.,(4,4),(0.,1.),.PIECEWISE_BEZIER_KNOTS.);
#382 = CARTESIAN_POINT('',(36.811806987405,201.26020413799));
#383 = CARTESIAN_POINT('',(42.416806987405,206.98320413799));
#384 = CARTESIAN_POINT('',(46.699806987405,214.00720413799));
#385 = CARTESIAN_POINT('',(49.161806987405,221.83820413799));
#386 = ( GEOMETRIC_REPRESENTATION_CONTEXT(2) 
PARAMETRIC_REPRESENTATION_CONTEXT() REPRESENTATION_CONTEXT('2D SPACE',''
  ) );
#387 = ORIENTED_EDGE('',*,*,#388,.F.);
#388 = EDGE_CURVE('',#22,#359,#389,.T.);
#389 = SURFACE_CURVE('',#390,(#394,#401),.PCURVE_S1.);
#390 = LINE('',#391,#392);
#391 = CARTESIAN_POINT('',(-49.161,453.457,0.));
#392 = VECTOR('',#393,1.);
#393 = DIRECTION('',(-0.,-0.,1.));
#394 = PCURVE('',#109,#395);
#395 = DEFINITIONAL_REPRESENTATION('',(#396),#400);
#396 = LINE('',#397,#398);
#397 = CARTESIAN_POINT('',(1.,0.));
#398 = VECTOR('',#399,1.);
#399 = DIRECTION('',(0.,-1.));
#400 = ( GEOMETRIC_REPRESENTATION_CONTEXT(2) 
PARAMETRIC_REPRESENTATION_CONTEXT() REPRESENTATION_CONTEXT('2D SPACE',''
  ) );
#401 = PCURVE('',#402,#407);
#402 = PLANE('',#403);
#403 = AXIS2_PLACEMENT_3D('',#404,#405,#406);
#404 = CARTESIAN_POINT('',(-49.161,453.457,0.));
#405 = DIRECTION('',(-0.,1.,0.));
#406 = DIRECTION('',(1.,0.,0.));
#407 = DEFINITIONAL_REPRESENTATION('',(#408),#412);
#408 = LINE('',#409,#410);
#409 = CARTESIAN_POINT('',(0.,0.));
#410 = VECTOR('',#411,1.);
#411 = DIRECTION('',(0.,-1.));
#412 = ( GEOMETRIC_REPRESENTATION_CONTEXT(2) 
PARAMETRIC_REPRESENTATION_CONTEXT() REPRESENTATION_CONTEXT('2D SPACE',''
  ) );
#413 = ADVANCED_FACE('',(#414),#346,.T.);
#414 = FACE_BOUND('',#415,.T.);
#415 = EDGE_LOOP('',(#416,#446,#474,#495,#496,#525,#599,#673,#747,#821,
    #895,#969,#1043));
#416 = ORIENTED_EDGE('',*,*,#417,.F.);
#417 = EDGE_CURVE('',#418,#420,#422,.T.);
#418 = VERTEX_POINT('',#419);
#419 = CARTESIAN_POINT('',(-83.807,399.591,0.));
#420 = VERTEX_POINT('',#421);
#421 = CARTESIAN_POINT('',(-45.86004591571,426.46941960076,0.));
#422 = SURFACE_CURVE('',#423,(#427,#434),.PCURVE_S1.);
#423 = LINE('',#424,#425);
#424 = CARTESIAN_POINT('',(-83.807,399.591,0.));
#425 = VECTOR('',#426,1.);
#426 = DIRECTION('',(0.81603130614,0.578007705311,0.));
#427 = PCURVE('',#346,#428);
#428 = DEFINITIONAL_REPRESENTATION('',(#429),#433);
#429 = LINE('',#430,#431);
#430 = CARTESIAN_POINT('',(0.,0.));
#431 = VECTOR('',#432,1.);
#432 = DIRECTION('',(1.,0.));
#433 = ( GEOMETRIC_REPRESENTATION_CONTEXT(2) 
PARAMETRIC_REPRESENTATION_CONTEXT() REPRESENTATION_CONTEXT('2D SPACE',''
  ) );
#434 = PCURVE('',#435,#440);
#435 = PLANE('',#436);
#436 = AXIS2_PLACEMENT_3D('',#437,#438,#439);
#437 = CARTESIAN_POINT('',(8.069874045631E-04,231.618795862,0.));
#438 = DIRECTION('',(0.,-0.,-1.));
#439 = DIRECTION('',(-1.,0.,0.));
#440 = DEFINITIONAL_REPRESENTATION('',(#441),#445);
#441 = LINE('',#442,#443);
#442 = CARTESIAN_POINT('',(83.807806987405,167.97220413799));
#443 = VECTOR('',#444,1.);
#444 = DIRECTION('',(-0.81603130614,0.578007705311));
#445 = ( GEOMETRIC_REPRESENTATION_CONTEXT(2) 
PARAMETRIC_REPRESENTATION_CONTEXT() REPRESENTATION_CONTEXT('2D SPACE',''
  ) );
#446 = ORIENTED_EDGE('',*,*,#447,.T.);
#447 = EDGE_CURVE('',#418,#448,#450,.T.);
#448 = VERTEX_POINT('',#449);
#449 = CARTESIAN_POINT('',(-83.807,399.591,18.3));
#450 = SURFACE_CURVE('',#451,(#455,#462),.PCURVE_S1.);
#451 = LINE('',#452,#453);
#452 = CARTESIAN_POINT('',(-83.807,399.591,0.));
#453 = VECTOR('',#454,1.);
#454 = DIRECTION('',(-0.,-0.,1.));
#455 = PCURVE('',#346,#456);
#456 = DEFINITIONAL_REPRESENTATION('',(#457),#461);
#457 = LINE('',#458,#459);
#458 = CARTESIAN_POINT('',(0.,0.));
#459 = VECTOR('',#460,1.);
#460 = DIRECTION('',(0.,-1.));
#461 = ( GEOMETRIC_REPRESENTATION_CONTEXT(2) 
PARAMETRIC_REPRESENTATION_CONTEXT() REPRESENTATION_CONTEXT('2D SPACE',''
  ) );
#462 = PCURVE('',#463,#468);
#463 = PLANE('',#464);
#464 = AXIS2_PLACEMENT_3D('',#465,#466,#467);
#465 = CARTESIAN_POINT('',(-56.125,306.553,0.));
#466 = DIRECTION('',(-0.958474272848,-0.285179010952,-0.));
#467 = DIRECTION('',(-0.285179010952,0.958474272848,0.));
#468 = DEFINITIONAL_REPRESENTATION('',(#469),#473);
#469 = LINE('',#470,#471);
#470 = CARTESIAN_POINT('',(97.068854778451,0.));
#471 = VECTOR('',#472,1.);
#472 = DIRECTION('',(0.,-1.));
#473 = ( GEOMETRIC_REPRESENTATION_CONTEXT(2) 
PARAMETRIC_REPRESENTATION_CONTEXT() REPRESENTATION_CONTEXT('2D SPACE',''
  ) );
#474 = ORIENTED_EDGE('',*,*,#475,.T.);
#475 = EDGE_CURVE('',#448,#331,#476,.T.);
#476 = SURFACE_CURVE('',#477,(#481,#488),.PCURVE_S1.);
#477 = LINE('',#478,#479);
#478 = CARTESIAN_POINT('',(-83.807,399.591,18.3));
#479 = VECTOR('',#480,1.);
#480 = DIRECTION('',(0.81603130614,0.578007705311,0.));
#481 = PCURVE('',#346,#482);
#482 = DEFINITIONAL_REPRESENTATION('',(#483),#487);
#483 = LINE('',#484,#485);
#484 = CARTESIAN_POINT('',(0.,-18.3));
#485 = VECTOR('',#486,1.);
#486 = DIRECTION('',(1.,0.));
#487 = ( GEOMETRIC_REPRESENTATION_CONTEXT(2) 
PARAMETRIC_REPRESENTATION_CONTEXT() REPRESENTATION_CONTEXT('2D SPACE',''
  ) );
#488 = PCURVE('',#375,#489);
#489 = DEFINITIONAL_REPRESENTATION('',(#490),#494);
#490 = LINE('',#491,#492);
#491 = CARTESIAN_POINT('',(83.807806987405,167.97220413799));
#492 = VECTOR('',#493,1.);
#493 = DIRECTION('',(-0.81603130614,0.578007705311));
#494 = ( GEOMETRIC_REPRESENTATION_CONTEXT(2) 
PARAMETRIC_REPRESENTATION_CONTEXT() REPRESENTATION_CONTEXT('2D SPACE',''
  ) );
#495 = ORIENTED_EDGE('',*,*,#330,.F.);
#496 = ORIENTED_EDGE('',*,*,#497,.T.);
#497 = EDGE_CURVE('',#24,#498,#500,.T.);
#498 = VERTEX_POINT('',#499);
#499 = CARTESIAN_POINT('',(-37.21436315428,432.59329158482,
    14.300279976684));
#500 = SURFACE_CURVE('',#501,(#507,#516),.PCURVE_S1.);
#501 = B_SPLINE_CURVE_WITH_KNOTS('',4,(#502,#503,#504,#505,#506),
  .UNSPECIFIED.,.F.,.F.,(5,5),(0.,1.),.PIECEWISE_BEZIER_KNOTS.);
#502 = CARTESIAN_POINT('',(-36.811,432.879,14.298058800012));
#503 = CARTESIAN_POINT('',(-36.9118408345,432.80757286366,
    14.298612176279));
#504 = CARTESIAN_POINT('',(-37.012681639,432.73614574858,14.299166623928
    ));
#505 = CARTESIAN_POINT('',(-37.11352241245,432.66471865551,
    14.299722463403));
#506 = CARTESIAN_POINT('',(-37.21436315428,432.59329158482,
    14.300279976684));
#507 = PCURVE('',#346,#508);
#508 = DEFINITIONAL_REPRESENTATION('',(#509),#515);
#509 = B_SPLINE_CURVE_WITH_KNOTS('',4,(#510,#511,#512,#513,#514),
  .UNSPECIFIED.,.F.,.F.,(5,5),(0.,1.),.PIECEWISE_BEZIER_KNOTS.);
#510 = CARTESIAN_POINT('',(57.590927757764,-14.29805880001));
#511 = CARTESIAN_POINT('',(57.467353044702,-14.29861217627));
#512 = CARTESIAN_POINT('',(57.343778368408,-14.29916662392));
#513 = CARTESIAN_POINT('',(57.220203730177,-14.2997224634));
#514 = CARTESIAN_POINT('',(57.09662913068,-14.30027997668));
#515 = ( GEOMETRIC_REPRESENTATION_CONTEXT(2) 
PARAMETRIC_REPRESENTATION_CONTEXT() REPRESENTATION_CONTEXT('2D SPACE',''
  ) );
#516 = PCURVE('',#201,#517);
#517 = DEFINITIONAL_REPRESENTATION('',(#518),#524);
#518 = B_SPLINE_CURVE_WITH_KNOTS('',4,(#519,#520,#521,#522,#523),
  .UNSPECIFIED.,.F.,.F.,(5,5),(0.,1.),.PIECEWISE_BEZIER_KNOTS.);
#519 = CARTESIAN_POINT('',(10.031543124807,0.573321938874));
#520 = CARTESIAN_POINT('',(10.023658175324,0.573587794471));
#521 = CARTESIAN_POINT('',(10.015772667758,0.573851957924));
#522 = CARTESIAN_POINT('',(10.0078866054,0.574114439015));
#523 = CARTESIAN_POINT('',(10.,0.574375273239));
#524 = ( GEOMETRIC_REPRESENTATION_CONTEXT(2) 
PARAMETRIC_REPRESENTATION_CONTEXT() REPRESENTATION_CONTEXT('2D SPACE',''
  ) );
#525 = ORIENTED_EDGE('',*,*,#526,.T.);
#526 = EDGE_CURVE('',#498,#527,#529,.T.);
#527 = VERTEX_POINT('',#528);
#528 = CARTESIAN_POINT('',(-38.29678210453,431.82659735518,
    13.691630372053));
#529 = SURFACE_CURVE('',#530,(#536,#545),.PCURVE_S1.);
#530 = B_SPLINE_CURVE_WITH_KNOTS('',4,(#531,#532,#533,#534,#535),
  .UNSPECIFIED.,.F.,.F.,(5,5),(0.,1.),.PIECEWISE_BEZIER_KNOTS.);
#531 = CARTESIAN_POINT('',(-37.21436315428,432.59329158482,
    14.300279976684));
#532 = CARTESIAN_POINT('',(-37.48500907133,432.40158885933,
    14.148178409045));
#533 = CARTESIAN_POINT('',(-37.75562642977,432.20990636236,
    13.996033536521));
#534 = CARTESIAN_POINT('',(-38.02621703583,432.01824281451,
    13.843850033493));
#535 = CARTESIAN_POINT('',(-38.29678210453,431.82659735518,
    13.691630372053));
#536 = PCURVE('',#346,#537);
#537 = DEFINITIONAL_REPRESENTATION('',(#538),#544);
#538 = B_SPLINE_CURVE_WITH_KNOTS('',4,(#539,#540,#541,#542,#543),
  .UNSPECIFIED.,.F.,.F.,(5,5),(0.,1.),.PIECEWISE_BEZIER_KNOTS.);
#539 = CARTESIAN_POINT('',(57.09662913068,-14.30027997668));
#540 = CARTESIAN_POINT('',(56.764967937024,-14.14817840904));
#541 = CARTESIAN_POINT('',(56.43334174033,-13.99603353652));
#542 = CARTESIAN_POINT('',(56.101748327152,-13.84385003349));
#543 = CARTESIAN_POINT('',(55.770186208574,-13.69163037205));
#544 = ( GEOMETRIC_REPRESENTATION_CONTEXT(2) 
PARAMETRIC_REPRESENTATION_CONTEXT() REPRESENTATION_CONTEXT('2D SPACE',''
  ) );
#545 = PCURVE('',#546,#591);
#546 = ( BOUNDED_SURFACE() B_SPLINE_SURFACE(1,3,(
    (#547,#548,#549,#550,#551,#552,#553,#554,#555,#556,#557,#558,#559
      ,#560,#561,#562,#563,#564,#565,#566,#567,#568)
    ,(#569,#570,#571,#572,#573,#574,#575,#576,#577,#578,#579,#580,#581
      ,#582,#583,#584,#585,#586,#587,#588,#589,#590
)),.UNSPECIFIED.,.F.,.F.,.F.) B_SPLINE_SURFACE_WITH_KNOTS((2,2),(4,1,1,1
    ,1,1,1,1,1,1,1,1,1,1,1,1,1,1,1,4),(9.,10.),(0.,5.218380768594E-02,
    0.104924849979,0.158249728388,0.212037422186,0.266073258756,
    0.320098130577,0.373854821642,0.427134464983,0.479826107743,
    0.531971081028,0.583831321693,0.635742389654,0.687819682816,
    0.740024789052,0.792245645251,0.844362126807,0.89631140842,
0.94815736877,1.),.UNSPECIFIED.) GEOMETRIC_REPRESENTATION_ITEM() 
RATIONAL_B_SPLINE_SURFACE((
    (1.,1.000000000002,0.999999999999,1.,1.,1.,1.,1.,1.,1.,1.,1.,1.,1.
      ,1.,1.,1.,1.000000000001,0.999999999997,1.000000000012
      ,0.999999999975,1.)
    ,(1.,1.000000000002,0.999999999999,1.,1.,1.,1.,1.,1.,1.,1.,1.,1.,1.
      ,1.,1.,1.,1.000000000001,0.999999999997,1.000000000012
,0.999999999975,1.))) REPRESENTATION_ITEM('') SURFACE() );
#547 = CARTESIAN_POINT('',(-2.76399268908,415.45287769577,0.169401042153
    ));
#548 = CARTESIAN_POINT('',(-3.996513810359,415.51747891499,
    0.317084416987));
#549 = CARTESIAN_POINT('',(-6.461350312143,415.73393527263,
    0.798265676061));
#550 = CARTESIAN_POINT('',(-10.10548003485,416.31265539024,
    1.952433488179));
#551 = CARTESIAN_POINT('',(-13.695505684,417.14284870218,3.43026342814)
  );
#552 = CARTESIAN_POINT('',(-17.21608467815,418.22013152034,
    5.121704587205));
#553 = CARTESIAN_POINT('',(-20.65185409237,419.53931474545,
    6.917465681782));
#554 = CARTESIAN_POINT('',(-23.98755890039,421.09439775551,
    8.708996526117));
#555 = CARTESIAN_POINT('',(-27.2082664558,422.87859213497,
    10.386185788541));
#556 = CARTESIAN_POINT('',(-30.29962195371,424.88452088979,
    11.844284504351));
#557 = CARTESIAN_POINT('',(-33.2476560467,427.1041131905,12.956567028587
    ));
#558 = CARTESIAN_POINT('',(-36.03985172468,429.5297546242,
    13.672286104514));
#559 = CARTESIAN_POINT('',(-38.65779002724,432.14739582947,
    13.651501303931));
#560 = CARTESIAN_POINT('',(-41.08024744273,434.93479270773,
    13.974603748709));
#561 = CARTESIAN_POINT('',(-43.29926161588,437.88022993964,
    14.575699750861));
#562 = CARTESIAN_POINT('',(-45.30616581447,440.97097009555,
    15.313115728289));
#563 = CARTESIAN_POINT('',(-47.09274735212,444.19379854648,
    16.066805415635));
#564 = CARTESIAN_POINT('',(-48.65123769312,447.5350149356,
    16.711433979028));
#565 = CARTESIAN_POINT('',(-49.9745575672,450.98125390206,
    17.121673889677));
#566 = CARTESIAN_POINT('',(-51.05470962145,454.51358846935,
    17.173333766404));
#567 = CARTESIAN_POINT('',(-51.60723587405,456.90870761601,
    17.037859376566));
#568 = CARTESIAN_POINT('',(-51.84218562583,458.11589993167,17.130859375)
  );
#569 = CARTESIAN_POINT('',(-2.695301746512,416.76357896014,
    0.177006803229));
#570 = CARTESIAN_POINT('',(-3.897192165726,416.82657471491,
    0.331320860542));
#571 = CARTESIAN_POINT('',(-6.300772375224,417.03765166962,
    0.834106175642));
#572 = CARTESIAN_POINT('',(-9.854337927525,417.60198939953,
    2.040093767284));
#573 = CARTESIAN_POINT('',(-13.35514400426,418.41155068676,
    3.584275255514));
#574 = CARTESIAN_POINT('',(-16.78822931929,419.46206079625,
    5.351658670715));
#575 = CARTESIAN_POINT('',(-20.13861274806,420.74845958608,
    7.228045773616));
#576 = CARTESIAN_POINT('',(-23.39141838334,422.26489556278,
    9.100012696677));
#577 = CARTESIAN_POINT('',(-26.53208468589,424.00474901682,
    10.852504334148));
#578 = CARTESIAN_POINT('',(-29.54661359747,425.9608262878,
    12.376068706587));
#579 = CARTESIAN_POINT('',(-32.42138293785,428.12525712305,
    13.538290446197));
#580 = CARTESIAN_POINT('',(-35.14418677058,430.4906163436,
    14.286143847982));
#581 = CARTESIAN_POINT('',(-37.69706388455,433.04320374377,
    14.26442585227));
#582 = CARTESIAN_POINT('',(-40.05931821634,435.76132803689,
    14.602034937427));
#583 = CARTESIAN_POINT('',(-42.2231852917,438.63356505356,
    15.230118923348));
#584 = CARTESIAN_POINT('',(-44.18021376465,441.64749391568,
    16.000643373233));
#585 = CARTESIAN_POINT('',(-45.92239505106,444.79022840501,
    16.788172189398));
#586 = CARTESIAN_POINT('',(-47.44215367945,448.04840864753,
    17.461743259718));
#587 = CARTESIAN_POINT('',(-48.73258631405,451.4090014372,
    17.890402105135));
#588 = CARTESIAN_POINT('',(-49.78589435275,454.85355017986,
    17.944381404882));
#589 = CARTESIAN_POINT('',(-50.32468918369,457.18914564334,
    17.802824491462));
#590 = CARTESIAN_POINT('',(-50.55379994755,458.3663367381,17.9));
#591 = DEFINITIONAL_REPRESENTATION('',(#592),#598);
#592 = B_SPLINE_CURVE_WITH_KNOTS('',4,(#593,#594,#595,#596,#597),
  .UNSPECIFIED.,.F.,.F.,(5,5),(0.,1.),.PIECEWISE_BEZIER_KNOTS.);
#593 = CARTESIAN_POINT('',(10.,0.574375273239));
#594 = CARTESIAN_POINT('',(9.750029968046,0.575075324789));
#595 = CARTESIAN_POINT('',(9.500039818756,0.575763417462));
#596 = CARTESIAN_POINT('',(9.250029667216,0.576440014342));
#597 = CARTESIAN_POINT('',(9.,0.577105532242));
#598 = ( GEOMETRIC_REPRESENTATION_CONTEXT(2) 
PARAMETRIC_REPRESENTATION_CONTEXT() REPRESENTATION_CONTEXT('2D SPACE',''
  ) );
#599 = ORIENTED_EDGE('',*,*,#600,.T.);
#600 = EDGE_CURVE('',#527,#601,#603,.T.);
#601 = VERTEX_POINT('',#602);
#602 = CARTESIAN_POINT('',(-39.37864096119,431.06029984857,
    12.076325122103));
#603 = SURFACE_CURVE('',#604,(#610,#619),.PCURVE_S1.);
#604 = B_SPLINE_CURVE_WITH_KNOTS('',4,(#605,#606,#607,#608,#609),
  .UNSPECIFIED.,.F.,.F.,(5,5),(0.,1.),.PIECEWISE_BEZIER_KNOTS.);
#605 = CARTESIAN_POINT('',(-38.29678210453,431.82659735518,
    13.691630372053));
#606 = CARTESIAN_POINT('',(-38.56734018142,431.63495684826,
    13.287912375628));
#607 = CARTESIAN_POINT('',(-38.83783539615,431.44336086758,
    12.884121820048));
#608 = CARTESIAN_POINT('',(-39.10826891516,431.25180858694,
    12.480259576538));
#609 = CARTESIAN_POINT('',(-39.37864096119,431.06029984857,
    12.076325122103));
#610 = PCURVE('',#346,#611);
#611 = DEFINITIONAL_REPRESENTATION('',(#612),#618);
#612 = B_SPLINE_CURVE_WITH_KNOTS('',4,(#613,#614,#615,#616,#617),
  .UNSPECIFIED.,.F.,.F.,(5,5),(0.,1.),.PIECEWISE_BEZIER_KNOTS.);
#613 = CARTESIAN_POINT('',(55.770186208574,-13.69163037205));
#614 = CARTESIAN_POINT('',(55.438632658047,-13.28791237562));
#615 = CARTESIAN_POINT('',(55.107156141527,-12.88412182004));
#616 = CARTESIAN_POINT('',(54.775755229609,-12.48025957653));
#617 = CARTESIAN_POINT('',(54.444429649323,-12.0763251221));
#618 = ( GEOMETRIC_REPRESENTATION_CONTEXT(2) 
PARAMETRIC_REPRESENTATION_CONTEXT() REPRESENTATION_CONTEXT('2D SPACE',''
  ) );
#619 = PCURVE('',#620,#665);
#620 = ( BOUNDED_SURFACE() B_SPLINE_SURFACE(1,3,(
    (#621,#622,#623,#624,#625,#626,#627,#628,#629,#630,#631,#632,#633
      ,#634,#635,#636,#637,#638,#639,#640,#641,#642)
    ,(#643,#644,#645,#646,#647,#648,#649,#650,#651,#652,#653,#654,#655
      ,#656,#657,#658,#659,#660,#661,#662,#663,#664
)),.UNSPECIFIED.,.F.,.F.,.F.) B_SPLINE_SURFACE_WITH_KNOTS((2,2),(4,1,1,1
    ,1,1,1,1,1,1,1,1,1,1,1,1,1,1,1,4),(8.,9.),(0.,5.218380768594E-02,
    0.104924849979,0.158249728388,0.212037422186,0.266073258756,
    0.320098130577,0.373854821642,0.427134464983,0.479826107743,
    0.531971081028,0.583831321693,0.635742389654,0.687819682816,
    0.740024789052,0.792245645251,0.844362126807,0.89631140842,
0.94815736877,1.),.UNSPECIFIED.) GEOMETRIC_REPRESENTATION_ITEM() 
RATIONAL_B_SPLINE_SURFACE((
    (1.,1.000000000002,0.999999999999,1.,1.,1.,1.,1.,1.,1.,1.,1.,1.,1.
      ,1.,1.,1.,1.000000000001,0.999999999997,1.000000000012
      ,0.999999999975,1.)
    ,(1.,1.000000000002,0.999999999999,1.,1.,1.,1.,1.,1.,1.,1.,1.,1.,1.
      ,1.,1.,1.,1.000000000001,0.999999999997,1.000000000012
,0.999999999975,1.))) REPRESENTATION_ITEM('') SURFACE() );
#621 = CARTESIAN_POINT('',(-2.832683631649,414.1421764314,0.149349490225
    ));
#622 = CARTESIAN_POINT('',(-4.095835455637,414.20838313446,
    0.279551975856));
#623 = CARTESIAN_POINT('',(-6.62192824876,414.43021886655,0.703777085804
    ));
#624 = CARTESIAN_POINT('',(-10.35662214226,415.02332138343,
    1.721329116117));
#625 = CARTESIAN_POINT('',(-14.03586736371,415.87414671692,
    3.024232246848));
#626 = CARTESIAN_POINT('',(-17.64394003702,416.9782022446,4.515462003414
    ));
#627 = CARTESIAN_POINT('',(-21.16509543668,418.33016990478,
    6.098663621489));
#628 = CARTESIAN_POINT('',(-24.58369941744,419.92389994826,
    7.678135712821));
#629 = CARTESIAN_POINT('',(-27.88444822571,421.75243525311,
    9.156800531938));
#630 = CARTESIAN_POINT('',(-31.05263030996,423.80821549179,
    10.442307971183));
#631 = CARTESIAN_POINT('',(-34.07392915556,426.08296925796,
    11.422932563979));
#632 = CARTESIAN_POINT('',(-36.93551667879,428.5688929048,
    12.053933871735));
#633 = CARTESIAN_POINT('',(-39.61851616993,431.25158791518,
    12.035609312853));
#634 = CARTESIAN_POINT('',(-42.10117666911,434.10825737857,
    12.320466978454));
#635 = CARTESIAN_POINT('',(-44.37533794006,437.1268948257,
    12.850412841575));
#636 = CARTESIAN_POINT('',(-46.4321178643,440.29444627546,
    13.500542846165));
#637 = CARTESIAN_POINT('',(-48.26309965317,443.59736868779,
    14.165020284804));
#638 = CARTESIAN_POINT('',(-49.86032170682,447.02162122424,
    14.73334587539));
#639 = CARTESIAN_POINT('',(-51.21652882028,450.55350636476,
    15.095026776194));
#640 = CARTESIAN_POINT('',(-52.32352489043,454.17362676692,
    15.140571810419));
#641 = CARTESIAN_POINT('',(-52.88978256379,456.62826957127,
    15.021133164565));
#642 = CARTESIAN_POINT('',(-53.1305713041,457.86546312524,15.103125));
#643 = CARTESIAN_POINT('',(-2.76399268908,415.45287769577,0.169401042153
    ));
#644 = CARTESIAN_POINT('',(-3.996513810359,415.51747891499,
    0.317084416987));
#645 = CARTESIAN_POINT('',(-6.461350312143,415.73393527263,
    0.798265676061));
#646 = CARTESIAN_POINT('',(-10.10548003485,416.31265539024,
    1.952433488179));
#647 = CARTESIAN_POINT('',(-13.695505684,417.14284870218,3.43026342814)
  );
#648 = CARTESIAN_POINT('',(-17.21608467815,418.22013152034,
    5.121704587205));
#649 = CARTESIAN_POINT('',(-20.65185409237,419.53931474545,
    6.917465681782));
#650 = CARTESIAN_POINT('',(-23.98755890039,421.09439775551,
    8.708996526117));
#651 = CARTESIAN_POINT('',(-27.2082664558,422.87859213497,
    10.386185788541));
#652 = CARTESIAN_POINT('',(-30.29962195371,424.88452088979,
    11.844284504351));
#653 = CARTESIAN_POINT('',(-33.2476560467,427.1041131905,12.956567028587
    ));
#654 = CARTESIAN_POINT('',(-36.03985172468,429.5297546242,
    13.672286104514));
#655 = CARTESIAN_POINT('',(-38.65779002724,432.14739582947,
    13.651501303931));
#656 = CARTESIAN_POINT('',(-41.08024744273,434.93479270773,
    13.974603748709));
#657 = CARTESIAN_POINT('',(-43.29926161588,437.88022993964,
    14.575699750861));
#658 = CARTESIAN_POINT('',(-45.30616581447,440.97097009555,
    15.313115728289));
#659 = CARTESIAN_POINT('',(-47.09274735212,444.19379854648,
    16.066805415635));
#660 = CARTESIAN_POINT('',(-48.65123769312,447.5350149356,
    16.711433979028));
#661 = CARTESIAN_POINT('',(-49.9745575672,450.98125390206,
    17.121673889677));
#662 = CARTESIAN_POINT('',(-51.05470962145,454.51358846935,
    17.173333766404));
#663 = CARTESIAN_POINT('',(-51.60723587405,456.90870761601,
    17.037859376566));
#664 = CARTESIAN_POINT('',(-51.84218562583,458.11589993167,17.130859375)
  );
#665 = DEFINITIONAL_REPRESENTATION('',(#666),#672);
#666 = B_SPLINE_CURVE_WITH_KNOTS('',4,(#667,#668,#669,#670,#671),
  .UNSPECIFIED.,.F.,.F.,(5,5),(0.,1.),.PIECEWISE_BEZIER_KNOTS.);
#667 = CARTESIAN_POINT('',(9.,0.577105532242));
#668 = CARTESIAN_POINT('',(8.749976793917,0.577771032945));
#669 = CARTESIAN_POINT('',(8.49996856705,0.578425363622));
#670 = CARTESIAN_POINT('',(8.249975877622,0.579068947808));
#671 = CARTESIAN_POINT('',(8.,0.579702166699));
#672 = ( GEOMETRIC_REPRESENTATION_CONTEXT(2) 
PARAMETRIC_REPRESENTATION_CONTEXT() REPRESENTATION_CONTEXT('2D SPACE',''
  ) );
#673 = ORIENTED_EDGE('',*,*,#674,.T.);
#674 = EDGE_CURVE('',#601,#675,#677,.T.);
#675 = VERTEX_POINT('',#676);
#676 = CARTESIAN_POINT('',(-40.45997993173,430.29437058541,
    9.788604569465));
#677 = SURFACE_CURVE('',#678,(#684,#693),.PCURVE_S1.);
#678 = B_SPLINE_CURVE_WITH_KNOTS('',4,(#679,#680,#681,#682,#683),
  .UNSPECIFIED.,.F.,.F.,(5,5),(0.,1.),.PIECEWISE_BEZIER_KNOTS.);
#679 = CARTESIAN_POINT('',(-39.37864096119,431.06029984857,
    12.076325122103));
#680 = CARTESIAN_POINT('',(-39.64909638306,430.8687320538,
    11.504503833031));
#681 = CARTESIAN_POINT('',(-39.91947155764,430.67722109943,
    10.932610603789));
#682 = CARTESIAN_POINT('',(-40.18976635918,430.48576707454,
    10.360644683072));
#683 = CARTESIAN_POINT('',(-40.45997993173,430.29437058541,
    9.788604569465));
#684 = PCURVE('',#346,#685);
#685 = DEFINITIONAL_REPRESENTATION('',(#686),#692);
#686 = B_SPLINE_CURVE_WITH_KNOTS('',4,(#687,#688,#689,#690,#691),
  .UNSPECIFIED.,.F.,.F.,(5,5),(0.,1.),.PIECEWISE_BEZIER_KNOTS.);
#687 = CARTESIAN_POINT('',(54.444429649323,-12.0763251221));
#688 = CARTESIAN_POINT('',(54.113001896702,-11.50450383303));
#689 = CARTESIAN_POINT('',(53.78167248256,-10.93261060378));
#690 = CARTESIAN_POINT('',(53.450441561019,-10.36064468307));
#691 = CARTESIAN_POINT('',(53.119310180986,-9.788604569465));
#692 = ( GEOMETRIC_REPRESENTATION_CONTEXT(2) 
PARAMETRIC_REPRESENTATION_CONTEXT() REPRESENTATION_CONTEXT('2D SPACE',''
  ) );
#693 = PCURVE('',#694,#739);
#694 = ( BOUNDED_SURFACE() B_SPLINE_SURFACE(1,3,(
    (#695,#696,#697,#698,#699,#700,#701,#702,#703,#704,#705,#706,#707
      ,#708,#709,#710,#711,#712,#713,#714,#715,#716)
    ,(#717,#718,#719,#720,#721,#722,#723,#724,#725,#726,#727,#728,#729
      ,#730,#731,#732,#733,#734,#735,#736,#737,#738
)),.UNSPECIFIED.,.F.,.F.,.F.) B_SPLINE_SURFACE_WITH_KNOTS((2,2),(4,1,1,1
    ,1,1,1,1,1,1,1,1,1,1,1,1,1,1,1,4),(7.,8.),(0.,5.218380768594E-02,
    0.104924849979,0.158249728388,0.212037422186,0.266073258756,
    0.320098130577,0.373854821642,0.427134464983,0.479826107743,
    0.531971081028,0.583831321693,0.635742389654,0.687819682816,
    0.740024789052,0.792245645251,0.844362126807,0.89631140842,
0.94815736877,1.),.UNSPECIFIED.) GEOMETRIC_REPRESENTATION_ITEM() 
RATIONAL_B_SPLINE_SURFACE((
    (1.,1.000000000002,0.999999999999,1.,1.,1.,1.,1.,1.,1.,1.,1.,1.,1.
      ,1.,1.,1.,1.000000000001,0.999999999997,1.000000000012
      ,0.999999999975,1.)
    ,(1.,1.000000000002,0.999999999999,1.,1.,1.,1.,1.,1.,1.,1.,1.,1.,1.
      ,1.,1.,1.,1.000000000001,0.999999999997,1.000000000012
,0.999999999975,1.))) REPRESENTATION_ITEM('') SURFACE() );
#695 = CARTESIAN_POINT('',(-2.901374574218,412.83147516704,
    0.121000744395));
#696 = CARTESIAN_POINT('',(-4.195157100673,412.89928734404,
    0.226488869442));
#697 = CARTESIAN_POINT('',(-6.78250618549,413.12650246511,0.570189768538
    ));
#698 = CARTESIAN_POINT('',(-10.60776424964,413.73398737536,1.39459534872
    ));
#699 = CARTESIAN_POINT('',(-14.37622904343,414.60544473201,
    2.450188162951));
#700 = CARTESIAN_POINT('',(-18.07179539588,415.73627296877,
    3.658360419433));
#701 = CARTESIAN_POINT('',(-21.67833678099,417.12102506414,
    4.941046915558));
#702 = CARTESIAN_POINT('',(-25.17983993449,418.753402141,6.220711804369)
  );
#703 = CARTESIAN_POINT('',(-28.56062999561,420.62627837126,
    7.418704134672));
#704 = CARTESIAN_POINT('',(-31.80563866621,422.73191009378,
    8.460203217394));
#705 = CARTESIAN_POINT('',(-34.90020226441,425.06182532542,
    9.254690734705));
#706 = CARTESIAN_POINT('',(-37.83118163289,427.6080311854,9.765918646082
    ));
#707 = CARTESIAN_POINT('',(-40.57924231261,430.35578000088,9.75107235995
    ));
#708 = CARTESIAN_POINT('',(-43.1221058955,433.28172204941,9.981859820506
    ));
#709 = CARTESIAN_POINT('',(-45.45141426424,436.37355971179,
    10.411214107758));
#710 = CARTESIAN_POINT('',(-47.55806991413,439.6179224553,
    10.937939805921));
#711 = CARTESIAN_POINT('',(-49.43345195424,443.00093882935,
    11.476289582596));
#712 = CARTESIAN_POINT('',(-51.06940572047,446.50822751196,
    11.936738556449));
#713 = CARTESIAN_POINT('',(-52.45850007351,450.12575883092,
    12.229767064054));
#714 = CARTESIAN_POINT('',(-53.59234015882,453.83366505159,
    12.266666976006));
#715 = CARTESIAN_POINT('',(-54.17232925483,456.34783155433,
    12.169899554684));
#716 = CARTESIAN_POINT('',(-54.41895698238,457.61502631881,12.236328125)
  );
#717 = CARTESIAN_POINT('',(-2.832683631649,414.1421764314,0.149349490225
    ));
#718 = CARTESIAN_POINT('',(-4.095835455637,414.20838313446,
    0.279551975856));
#719 = CARTESIAN_POINT('',(-6.62192824876,414.43021886655,0.703777085804
    ));
#720 = CARTESIAN_POINT('',(-10.35662214226,415.02332138343,
    1.721329116117));
#721 = CARTESIAN_POINT('',(-14.03586736371,415.87414671692,
    3.024232246848));
#722 = CARTESIAN_POINT('',(-17.64394003702,416.9782022446,4.515462003414
    ));
#723 = CARTESIAN_POINT('',(-21.16509543668,418.33016990478,
    6.098663621489));
#724 = CARTESIAN_POINT('',(-24.58369941744,419.92389994826,
    7.678135712821));
#725 = CARTESIAN_POINT('',(-27.88444822571,421.75243525311,
    9.156800531938));
#726 = CARTESIAN_POINT('',(-31.05263030996,423.80821549179,
    10.442307971183));
#727 = CARTESIAN_POINT('',(-34.07392915556,426.08296925796,
    11.422932563979));
#728 = CARTESIAN_POINT('',(-36.93551667879,428.5688929048,
    12.053933871735));
#729 = CARTESIAN_POINT('',(-39.61851616993,431.25158791518,
    12.035609312853));
#730 = CARTESIAN_POINT('',(-42.10117666911,434.10825737857,
    12.320466978454));
#731 = CARTESIAN_POINT('',(-44.37533794006,437.1268948257,
    12.850412841575));
#732 = CARTESIAN_POINT('',(-46.4321178643,440.29444627546,
    13.500542846165));
#733 = CARTESIAN_POINT('',(-48.26309965317,443.59736868779,
    14.165020284804));
#734 = CARTESIAN_POINT('',(-49.86032170682,447.02162122424,
    14.73334587539));
#735 = CARTESIAN_POINT('',(-51.21652882028,450.55350636476,
    15.095026776194));
#736 = CARTESIAN_POINT('',(-52.32352489043,454.17362676692,
    15.140571810419));
#737 = CARTESIAN_POINT('',(-52.88978256379,456.62826957127,
    15.021133164565));
#738 = CARTESIAN_POINT('',(-53.1305713041,457.86546312524,15.103125));
#739 = DEFINITIONAL_REPRESENTATION('',(#740),#746);
#740 = B_SPLINE_CURVE_WITH_KNOTS('',4,(#741,#742,#743,#744,#745),
  .UNSPECIFIED.,.F.,.F.,(5,5),(0.,1.),.PIECEWISE_BEZIER_KNOTS.);
#741 = CARTESIAN_POINT('',(8.,0.579702166699));
#742 = CARTESIAN_POINT('',(7.74994703621,0.58033558086));
#743 = CARTESIAN_POINT('',(7.499928218232,0.580958579621));
#744 = CARTESIAN_POINT('',(7.249945156785,0.581571546974));
#745 = CARTESIAN_POINT('',(7.,0.582174829815));
#746 = ( GEOMETRIC_REPRESENTATION_CONTEXT(2) 
PARAMETRIC_REPRESENTATION_CONTEXT() REPRESENTATION_CONTEXT('2D SPACE',''
  ) );
#747 = ORIENTED_EDGE('',*,*,#748,.T.);
#748 = EDGE_CURVE('',#675,#749,#751,.T.);
#749 = VERTEX_POINT('',#750);
#750 = CARTESIAN_POINT('',(-41.54083540963,429.52878378764,7.1631748464)
  );
#751 = SURFACE_CURVE('',#752,(#758,#767),.PCURVE_S1.);
#752 = B_SPLINE_CURVE_WITH_KNOTS('',4,(#753,#754,#755,#756,#757),
  .UNSPECIFIED.,.F.,.F.,(5,5),(0.,1.),.PIECEWISE_BEZIER_KNOTS.);
#753 = CARTESIAN_POINT('',(-40.45997993173,430.29437058541,
    9.788604569465));
#754 = CARTESIAN_POINT('',(-40.73032724137,430.10287936822,9.13235589971
    ));
#755 = CARTESIAN_POINT('',(-41.00058629697,429.91145066274,
    8.476035716782));
#756 = CARTESIAN_POINT('',(-41.27075634995,429.7200849992,7.819642819937
    ));
#757 = CARTESIAN_POINT('',(-41.54083540963,429.52878378764,7.1631748464)
  );
#758 = PCURVE('',#346,#759);
#759 = DEFINITIONAL_REPRESENTATION('',(#760),#766);
#760 = B_SPLINE_CURVE_WITH_KNOTS('',4,(#761,#762,#763,#764,#765),
  .UNSPECIFIED.,.F.,.F.,(5,5),(0.,1.),.PIECEWISE_BEZIER_KNOTS.);
#761 = CARTESIAN_POINT('',(53.119310180986,-9.788604569465));
#762 = CARTESIAN_POINT('',(52.788014913756,-9.13235589971));
#763 = CARTESIAN_POINT('',(52.456827796828,-8.476035716782));
#764 = CARTESIAN_POINT('',(52.12574974756,-7.819642819937));
#765 = CARTESIAN_POINT('',(51.794783205415,-7.1631748464));
#766 = ( GEOMETRIC_REPRESENTATION_CONTEXT(2) 
PARAMETRIC_REPRESENTATION_CONTEXT() REPRESENTATION_CONTEXT('2D SPACE',''
  ) );
#767 = PCURVE('',#768,#813);
#768 = ( BOUNDED_SURFACE() B_SPLINE_SURFACE(1,3,(
    (#769,#770,#771,#772,#773,#774,#775,#776,#777,#778,#779,#780,#781
      ,#782,#783,#784,#785,#786,#787,#788,#789,#790)
    ,(#791,#792,#793,#794,#795,#796,#797,#798,#799,#800,#801,#802,#803
      ,#804,#805,#806,#807,#808,#809,#810,#811,#812
)),.UNSPECIFIED.,.F.,.F.,.F.) B_SPLINE_SURFACE_WITH_KNOTS((2,2),(4,1,1,1
    ,1,1,1,1,1,1,1,1,1,1,1,1,1,1,1,4),(6.,7.),(0.,5.218380768594E-02,
    0.104924849979,0.158249728388,0.212037422186,0.266073258756,
    0.320098130577,0.373854821642,0.427134464983,0.479826107743,
    0.531971081028,0.583831321693,0.635742389654,0.687819682816,
    0.740024789052,0.792245645251,0.844362126807,0.89631140842,
0.94815736877,1.),.UNSPECIFIED.) GEOMETRIC_REPRESENTATION_ITEM() 
RATIONAL_B_SPLINE_SURFACE((
    (1.,1.000000000002,0.999999999999,1.,1.,1.,1.,1.,1.,1.,1.,1.,1.,1.
      ,1.,1.,1.,1.000000000001,0.999999999997,1.000000000012
      ,0.999999999975,1.)
    ,(1.,1.000000000002,0.999999999999,1.,1.,1.,1.,1.,1.,1.,1.,1.,1.,1.
      ,1.,1.,1.,1.000000000001,0.999999999997,1.000000000012
,0.999999999975,1.))) REPRESENTATION_ITEM('') SURFACE() );
#769 = CARTESIAN_POINT('',(-2.970065516787,411.52077390267,
    8.850340161467E-02));
#770 = CARTESIAN_POINT('',(-4.294478745538,411.59019154871,
    0.165660430271));
#771 = CARTESIAN_POINT('',(-6.943084122301,411.82278606597,
    0.417053087821));
#772 = CARTESIAN_POINT('',(-10.858906357,412.44465336666,1.020046883642)
  );
#773 = CARTESIAN_POINT('',(-14.71659072315,413.33674274727,
    1.792137627757));
#774 = CARTESIAN_POINT('',(-18.49965075475,414.4943436929,2.675829335358
    ));
#775 = CARTESIAN_POINT('',(-22.1915781253,415.91188022351,3.614022886808
    ));
#776 = CARTESIAN_POINT('',(-25.77598045154,417.58290433374,
    4.550006348339));
#777 = CARTESIAN_POINT('',(-29.23681176552,419.50012148941,
    5.426252167074));
#778 = CARTESIAN_POINT('',(-32.55864702245,421.65560469578,
    6.188034353294));
#779 = CARTESIAN_POINT('',(-35.72647537326,424.04068139287,
    6.769145223098));
#780 = CARTESIAN_POINT('',(-38.72684658699,426.647169466,7.143071923991)
  );
#781 = CARTESIAN_POINT('',(-41.5399684553,429.45997208658,7.132212926135
    ));
#782 = CARTESIAN_POINT('',(-44.14303512189,432.45518672026,
    7.301017468713));
#783 = CARTESIAN_POINT('',(-46.52749058843,435.62022459785,
    7.615059461674));
#784 = CARTESIAN_POINT('',(-48.68402196395,438.94139863524,
    8.000321686616));
#785 = CARTESIAN_POINT('',(-50.6038042553,442.40450897055,8.394086094699
    ));
#786 = CARTESIAN_POINT('',(-52.27848973413,445.99483380099,
    8.730871629859));
#787 = CARTESIAN_POINT('',(-53.70047132673,449.69801129219,
    8.945201052568));
#788 = CARTESIAN_POINT('',(-54.86115542724,453.4937033545,8.972190702441
    ));
#789 = CARTESIAN_POINT('',(-55.45487594578,456.06739349809,
    8.901412245731));
#790 = CARTESIAN_POINT('',(-55.70734266065,457.36458951238,8.95));
#791 = CARTESIAN_POINT('',(-2.901374574218,412.83147516704,
    0.121000744395));
#792 = CARTESIAN_POINT('',(-4.195157100673,412.89928734404,
    0.226488869442));
#793 = CARTESIAN_POINT('',(-6.78250618549,413.12650246511,0.570189768538
    ));
#794 = CARTESIAN_POINT('',(-10.60776424964,413.73398737536,1.39459534872
    ));
#795 = CARTESIAN_POINT('',(-14.37622904343,414.60544473201,
    2.450188162951));
#796 = CARTESIAN_POINT('',(-18.07179539588,415.73627296877,
    3.658360419433));
#797 = CARTESIAN_POINT('',(-21.67833678099,417.12102506414,
    4.941046915558));
#798 = CARTESIAN_POINT('',(-25.17983993449,418.753402141,6.220711804369)
  );
#799 = CARTESIAN_POINT('',(-28.56062999561,420.62627837126,
    7.418704134672));
#800 = CARTESIAN_POINT('',(-31.80563866621,422.73191009378,
    8.460203217394));
#801 = CARTESIAN_POINT('',(-34.90020226441,425.06182532542,
    9.254690734705));
#802 = CARTESIAN_POINT('',(-37.83118163289,427.6080311854,9.765918646082
    ));
#803 = CARTESIAN_POINT('',(-40.57924231261,430.35578000088,9.75107235995
    ));
#804 = CARTESIAN_POINT('',(-43.1221058955,433.28172204941,9.981859820506
    ));
#805 = CARTESIAN_POINT('',(-45.45141426424,436.37355971179,
    10.411214107758));
#806 = CARTESIAN_POINT('',(-47.55806991413,439.6179224553,
    10.937939805921));
#807 = CARTESIAN_POINT('',(-49.43345195424,443.00093882935,
    11.476289582596));
#808 = CARTESIAN_POINT('',(-51.06940572047,446.50822751196,
    11.936738556449));
#809 = CARTESIAN_POINT('',(-52.45850007351,450.12575883092,
    12.229767064054));
#810 = CARTESIAN_POINT('',(-53.59234015882,453.83366505159,
    12.266666976006));
#811 = CARTESIAN_POINT('',(-54.17232925483,456.34783155433,
    12.169899554684));
#812 = CARTESIAN_POINT('',(-54.41895698238,457.61502631881,12.236328125)
  );
#813 = DEFINITIONAL_REPRESENTATION('',(#814),#820);
#814 = B_SPLINE_CURVE_WITH_KNOTS('',4,(#815,#816,#817,#818,#819),
  .UNSPECIFIED.,.F.,.F.,(5,5),(0.,1.),.PIECEWISE_BEZIER_KNOTS.);
#815 = CARTESIAN_POINT('',(7.,0.582174829815));
#816 = CARTESIAN_POINT('',(6.7499311376,0.582778411239));
#817 = CARTESIAN_POINT('',(6.499906643522,0.583372283095));
#818 = CARTESIAN_POINT('',(6.249928564336,0.583956794701));
#819 = CARTESIAN_POINT('',(6.,0.58453225975));
#820 = ( GEOMETRIC_REPRESENTATION_CONTEXT(2) 
PARAMETRIC_REPRESENTATION_CONTEXT() REPRESENTATION_CONTEXT('2D SPACE',''
  ) );
#821 = ORIENTED_EDGE('',*,*,#822,.T.);
#822 = EDGE_CURVE('',#749,#823,#825,.T.);
#823 = VERTEX_POINT('',#824);
#824 = CARTESIAN_POINT('',(-42.6212405915,428.76351594157,4.535282656203
    ));
#825 = SURFACE_CURVE('',#826,(#832,#841),.PCURVE_S1.);
#826 = B_SPLINE_CURVE_WITH_KNOTS('',4,(#827,#828,#829,#830,#831),
  .UNSPECIFIED.,.F.,.F.,(5,5),(0.,1.),.PIECEWISE_BEZIER_KNOTS.);
#827 = CARTESIAN_POINT('',(-41.54083540963,429.52878378764,7.1631748464)
  );
#828 = CARTESIAN_POINT('',(-41.81107503393,429.33736884565,
    6.506316596272));
#829 = CARTESIAN_POINT('',(-42.08122354208,429.14601844265,
    5.849383165123));
#830 = CARTESIAN_POINT('',(-42.35127911664,428.95473386597,
    5.192372356956));
#831 = CARTESIAN_POINT('',(-42.6212405915,428.76351594157,4.535282656203
    ));
#832 = PCURVE('',#346,#833);
#833 = DEFINITIONAL_REPRESENTATION('',(#834),#840);
#834 = B_SPLINE_CURVE_WITH_KNOTS('',4,(#835,#836,#837,#838,#839),
  .UNSPECIFIED.,.F.,.F.,(5,5),(0.,1.),.PIECEWISE_BEZIER_KNOTS.);
#835 = CARTESIAN_POINT('',(51.794783205415,-7.1631748464));
#836 = CARTESIAN_POINT('',(51.463619900443,-6.506316596272));
#837 = CARTESIAN_POINT('',(51.132568253133,-5.849383165123));
#838 = CARTESIAN_POINT('',(50.801630490671,-5.192372356956));
#839 = CARTESIAN_POINT('',(50.470808042034,-4.535282656203));
#840 = ( GEOMETRIC_REPRESENTATION_CONTEXT(2) 
PARAMETRIC_REPRESENTATION_CONTEXT() REPRESENTATION_CONTEXT('2D SPACE',''
  ) );
#841 = PCURVE('',#842,#887);
#842 = ( BOUNDED_SURFACE() B_SPLINE_SURFACE(1,3,(
    (#843,#844,#845,#846,#847,#848,#849,#850,#851,#852,#853,#854,#855
      ,#856,#857,#858,#859,#860,#861,#862,#863,#864)
    ,(#865,#866,#867,#868,#869,#870,#871,#872,#873,#874,#875,#876,#877
      ,#878,#879,#880,#881,#882,#883,#884,#885,#886
)),.UNSPECIFIED.,.F.,.F.,.F.) B_SPLINE_SURFACE_WITH_KNOTS((2,2),(4,1,1,1
    ,1,1,1,1,1,1,1,1,1,1,1,1,1,1,1,4),(5.,6.),(0.,5.218380768594E-02,
    0.104924849979,0.158249728388,0.212037422186,0.266073258756,
    0.320098130577,0.373854821642,0.427134464983,0.479826107743,
    0.531971081028,0.583831321693,0.635742389654,0.687819682816,
    0.740024789052,0.792245645251,0.844362126807,0.89631140842,
0.94815736877,1.),.UNSPECIFIED.) GEOMETRIC_REPRESENTATION_ITEM() 
RATIONAL_B_SPLINE_SURFACE((
    (1.,1.000000000002,0.999999999999,1.,1.,1.,1.,1.,1.,1.,1.,1.,1.,1.
      ,1.,1.,1.,1.000000000001,0.999999999997,1.000000000012
      ,0.999999999975,1.)
    ,(1.,1.000000000002,0.999999999999,1.,1.,1.,1.,1.,1.,1.,1.,1.,1.,1.
      ,1.,1.,1.,1.000000000001,0.999999999997,1.000000000012
,0.999999999975,1.))) REPRESENTATION_ITEM('') SURFACE() );
#843 = CARTESIAN_POINT('',(-3.038756459356,410.21007263831,
    5.600605883428E-02));
#844 = CARTESIAN_POINT('',(-4.393800391163,410.28109575798,
    0.104831990987));
#845 = CARTESIAN_POINT('',(-7.103662058755,410.51906966467,
    0.263916407157));
#846 = CARTESIAN_POINT('',(-11.11004846446,411.15531935855,
    0.645498418549));
#847 = CARTESIAN_POINT('',(-15.05695240285,412.06804076237,
    1.134087092567));
#848 = CARTESIAN_POINT('',(-18.92750611362,413.25241441707,
    1.693298251281));
#849 = CARTESIAN_POINT('',(-22.7048194696,414.70273538286,2.286998858058
    ));
#850 = CARTESIAN_POINT('',(-26.37212096859,416.41240652648,
    2.879300892308));
#851 = CARTESIAN_POINT('',(-29.91299353543,418.37396460756,
    3.433800199477));
#852 = CARTESIAN_POINT('',(-33.3116553787,420.57929929777,3.915865489194
    ));
#853 = CARTESIAN_POINT('',(-36.55274848212,423.01953746033,
    4.283599711492));
#854 = CARTESIAN_POINT('',(-39.6225115411,425.6863077466,4.520225201901)
  );
#855 = CARTESIAN_POINT('',(-42.50069459799,428.56416417228,4.51335349232
    ));
#856 = CARTESIAN_POINT('',(-45.16396434828,431.6286513911,4.62017511692)
  );
#857 = CARTESIAN_POINT('',(-47.60356691261,434.86688948393,
    4.818904815591));
#858 = CARTESIAN_POINT('',(-49.80997401378,438.26487481513,
    5.062703567312));
#859 = CARTESIAN_POINT('',(-51.77415655635,441.80807911196,
    5.311882606801));
#860 = CARTESIAN_POINT('',(-53.48757374784,445.48144008927,
    5.525004703274));
#861 = CARTESIAN_POINT('',(-54.94244257976,449.27026375627,
    5.660635041065));
#862 = CARTESIAN_POINT('',(-56.12997069638,453.1537416469,5.677714428938
    ));
#863 = CARTESIAN_POINT('',(-56.73742263519,455.78695546449,
    5.632924936645));
#864 = CARTESIAN_POINT('',(-56.99572833893,457.11415270594,5.663671875)
  );
#865 = CARTESIAN_POINT('',(-2.970065516787,411.52077390267,
    8.850340161467E-02));
#866 = CARTESIAN_POINT('',(-4.294478745538,411.59019154871,
    0.165660430271));
#867 = CARTESIAN_POINT('',(-6.943084122301,411.82278606597,
    0.417053087821));
#868 = CARTESIAN_POINT('',(-10.858906357,412.44465336666,1.020046883642)
  );
#869 = CARTESIAN_POINT('',(-14.71659072315,413.33674274727,
    1.792137627757));
#870 = CARTESIAN_POINT('',(-18.49965075475,414.4943436929,2.675829335358
    ));
#871 = CARTESIAN_POINT('',(-22.1915781253,415.91188022351,3.614022886808
    ));
#872 = CARTESIAN_POINT('',(-25.77598045154,417.58290433374,
    4.550006348339));
#873 = CARTESIAN_POINT('',(-29.23681176552,419.50012148941,
    5.426252167074));
#874 = CARTESIAN_POINT('',(-32.55864702245,421.65560469578,
    6.188034353294));
#875 = CARTESIAN_POINT('',(-35.72647537326,424.04068139287,
    6.769145223098));
#876 = CARTESIAN_POINT('',(-38.72684658699,426.647169466,7.143071923991)
  );
#877 = CARTESIAN_POINT('',(-41.5399684553,429.45997208658,7.132212926135
    ));
#878 = CARTESIAN_POINT('',(-44.14303512189,432.45518672026,
    7.301017468713));
#879 = CARTESIAN_POINT('',(-46.52749058843,435.62022459785,
    7.615059461674));
#880 = CARTESIAN_POINT('',(-48.68402196395,438.94139863524,
    8.000321686616));
#881 = CARTESIAN_POINT('',(-50.6038042553,442.40450897055,8.394086094699
    ));
#882 = CARTESIAN_POINT('',(-52.27848973413,445.99483380099,
    8.730871629859));
#883 = CARTESIAN_POINT('',(-53.70047132673,449.69801129219,
    8.945201052568));
#884 = CARTESIAN_POINT('',(-54.86115542724,453.4937033545,8.972190702441
    ));
#885 = CARTESIAN_POINT('',(-55.45487594578,456.06739349809,
    8.901412245731));
#886 = CARTESIAN_POINT('',(-55.70734266065,457.36458951238,8.95));
#887 = DEFINITIONAL_REPRESENTATION('',(#888),#894);
#888 = B_SPLINE_CURVE_WITH_KNOTS('',4,(#889,#890,#891,#892,#893),
  .UNSPECIFIED.,.F.,.F.,(5,5),(0.,1.),.PIECEWISE_BEZIER_KNOTS.);
#889 = CARTESIAN_POINT('',(6.,0.58453225975));
#890 = CARTESIAN_POINT('',(5.749922850704,0.585108066918));
#891 = CARTESIAN_POINT('',(5.499895290494,0.585674816775));
#892 = CARTESIAN_POINT('',(5.249920263488,0.586232824008));
#893 = CARTESIAN_POINT('',(5.,0.586782377082));
#894 = ( GEOMETRIC_REPRESENTATION_CONTEXT(2) 
PARAMETRIC_REPRESENTATION_CONTEXT() REPRESENTATION_CONTEXT('2D SPACE',''
  ) );
#895 = ORIENTED_EDGE('',*,*,#896,.T.);
#896 = EDGE_CURVE('',#823,#897,#899,.T.);
#897 = VERTEX_POINT('',#898);
#898 = CARTESIAN_POINT('',(-43.70122594685,427.99854546516,
    2.240845474027));
#899 = SURFACE_CURVE('',#900,(#906,#915),.PCURVE_S1.);
#900 = B_SPLINE_CURVE_WITH_KNOTS('',4,(#901,#902,#903,#904,#905),
  .UNSPECIFIED.,.F.,.F.,(5,5),(0.,1.),.PIECEWISE_BEZIER_KNOTS.);
#901 = CARTESIAN_POINT('',(-42.6212405915,428.76351594157,4.535282656203
    ));
#902 = CARTESIAN_POINT('',(-42.89136873002,428.57217996669,
    3.961799056158));
#903 = CARTESIAN_POINT('',(-43.16140964589,428.38090577298,
    3.388232664042));
#904 = CARTESIAN_POINT('',(-43.43136225284,428.18969412987,
    2.814581826482));
#905 = CARTESIAN_POINT('',(-43.70122594685,427.99854546516,
    2.240845474027));
#906 = PCURVE('',#346,#907);
#907 = DEFINITIONAL_REPRESENTATION('',(#908),#914);
#908 = B_SPLINE_CURVE_WITH_KNOTS('',4,(#909,#910,#911,#912,#913),
  .UNSPECIFIED.,.F.,.F.,(5,5),(0.,1.),.PIECEWISE_BEZIER_KNOTS.);
#909 = CARTESIAN_POINT('',(50.470808042034,-4.535282656203));
#910 = CARTESIAN_POINT('',(50.13978135655,-3.961799056158));
#911 = CARTESIAN_POINT('',(49.80886155747,-3.388232664042));
#912 = CARTESIAN_POINT('',(49.478049975963,-2.814581826482));
#913 = CARTESIAN_POINT('',(49.147347352195,-2.240845474027));
#914 = ( GEOMETRIC_REPRESENTATION_CONTEXT(2) 
PARAMETRIC_REPRESENTATION_CONTEXT() REPRESENTATION_CONTEXT('2D SPACE',''
  ) );
#915 = PCURVE('',#916,#961);
#916 = ( BOUNDED_SURFACE() B_SPLINE_SURFACE(1,3,(
    (#917,#918,#919,#920,#921,#922,#923,#924,#925,#926,#927,#928,#929
      ,#930,#931,#932,#933,#934,#935,#936,#937,#938)
    ,(#939,#940,#941,#942,#943,#944,#945,#946,#947,#948,#949,#950,#951
      ,#952,#953,#954,#955,#956,#957,#958,#959,#960
)),.UNSPECIFIED.,.F.,.F.,.F.) B_SPLINE_SURFACE_WITH_KNOTS((2,2),(4,1,1,1
    ,1,1,1,1,1,1,1,1,1,1,1,1,1,1,1,4),(4.,5.),(0.,5.218380768594E-02,
    0.104924849979,0.158249728388,0.212037422186,0.266073258756,
    0.320098130577,0.373854821642,0.427134464983,0.479826107743,
    0.531971081028,0.583831321693,0.635742389654,0.687819682816,
    0.740024789052,0.792245645251,0.844362126807,0.89631140842,
0.94815736877,1.),.UNSPECIFIED.) GEOMETRIC_REPRESENTATION_ITEM() 
RATIONAL_B_SPLINE_SURFACE((
    (1.,1.000000000002,0.999999999999,1.,1.,1.,1.,1.,1.,1.,1.,1.,1.,1.
      ,1.,1.,1.,1.000000000001,0.999999999997,1.000000000012
      ,0.999999999975,1.)
    ,(1.,1.000000000002,0.999999999999,1.,1.,1.,1.,1.,1.,1.,1.,1.,1.,1.
      ,1.,1.,1.,1.000000000001,0.999999999997,1.000000000012
,0.999999999975,1.))) REPRESENTATION_ITEM('') SURFACE() );
#917 = CARTESIAN_POINT('',(-3.107447401925,408.89937137394,
    2.765731300458E-02));
#918 = CARTESIAN_POINT('',(-4.49312203543,408.97199997479,
    5.176888444234E-02));
#919 = CARTESIAN_POINT('',(-7.264239995846,409.21535325984,
    0.130329089952));
#920 = CARTESIAN_POINT('',(-11.36119057174,409.86598535141,
    0.318764651136));
#921 = CARTESIAN_POINT('',(-15.3973140826,410.79933877721,0.560043008675
    ));
#922 = CARTESIAN_POINT('',(-19.35536147248,412.01048514131,
    0.836196667299));
#923 = CARTESIAN_POINT('',(-23.21806081391,413.4935905422,1.129382152128
    ));
#924 = CARTESIAN_POINT('',(-26.96826148564,415.24190871923,
    1.421876983856));
#925 = CARTESIAN_POINT('',(-30.58917530534,417.2478077257,1.695703802211
    ));
#926 = CARTESIAN_POINT('',(-34.06466373495,419.50299389977,
    1.933760735404));
#927 = CARTESIAN_POINT('',(-37.37902159097,421.99839352779,
    2.115357882218));
#928 = CARTESIAN_POINT('',(-40.5181764952,424.72544602721,2.232209976247
    ));
#929 = CARTESIAN_POINT('',(-43.46142074068,427.66835625799,
    2.228816539417));
#930 = CARTESIAN_POINT('',(-46.18489357466,430.80211606194,
    2.281567958973));
#931 = CARTESIAN_POINT('',(-48.67964323679,434.11355437001,
    2.379706081773));
#932 = CARTESIAN_POINT('',(-50.93592606361,437.58835099498,
    2.500100527067));
#933 = CARTESIAN_POINT('',(-52.94450885741,441.21164925348,
    2.623151904594));
#934 = CARTESIAN_POINT('',(-54.69665776154,444.96804637713,
    2.728397384328));
#935 = CARTESIAN_POINT('',(-56.18441383282,448.84251622188,
    2.795375328938));
#936 = CARTESIAN_POINT('',(-57.39878596544,452.81377993364,
    2.803809594474));
#937 = CARTESIAN_POINT('',(-58.01996932477,455.5065174431,2.781691326875
    ));
#938 = CARTESIAN_POINT('',(-58.2841140172,456.86371589951,2.796875));
#939 = CARTESIAN_POINT('',(-3.038756459356,410.21007263831,
    5.600605883428E-02));
#940 = CARTESIAN_POINT('',(-4.393800391163,410.28109575798,
    0.104831990987));
#941 = CARTESIAN_POINT('',(-7.103662058755,410.51906966467,
    0.263916407157));
#942 = CARTESIAN_POINT('',(-11.11004846446,411.15531935855,
    0.645498418549));
#943 = CARTESIAN_POINT('',(-15.05695240285,412.06804076237,
    1.134087092567));
#944 = CARTESIAN_POINT('',(-18.92750611362,413.25241441707,
    1.693298251281));
#945 = CARTESIAN_POINT('',(-22.7048194696,414.70273538286,2.286998858058
    ));
#946 = CARTESIAN_POINT('',(-26.37212096859,416.41240652648,
    2.879300892308));
#947 = CARTESIAN_POINT('',(-29.91299353543,418.37396460756,
    3.433800199477));
#948 = CARTESIAN_POINT('',(-33.3116553787,420.57929929777,3.915865489194
    ));
#949 = CARTESIAN_POINT('',(-36.55274848212,423.01953746033,
    4.283599711492));
#950 = CARTESIAN_POINT('',(-39.6225115411,425.6863077466,4.520225201901)
  );
#951 = CARTESIAN_POINT('',(-42.50069459799,428.56416417228,4.51335349232
    ));
#952 = CARTESIAN_POINT('',(-45.16396434828,431.6286513911,4.62017511692)
  );
#953 = CARTESIAN_POINT('',(-47.60356691261,434.86688948393,
    4.818904815591));
#954 = CARTESIAN_POINT('',(-49.80997401378,438.26487481513,
    5.062703567312));
#955 = CARTESIAN_POINT('',(-51.77415655635,441.80807911196,
    5.311882606801));
#956 = CARTESIAN_POINT('',(-53.48757374784,445.48144008927,
    5.525004703274));
#957 = CARTESIAN_POINT('',(-54.94244257976,449.27026375627,
    5.660635041065));
#958 = CARTESIAN_POINT('',(-56.12997069638,453.1537416469,5.677714428938
    ));
#959 = CARTESIAN_POINT('',(-56.73742263519,455.78695546449,
    5.632924936645));
#960 = CARTESIAN_POINT('',(-56.99572833893,457.11415270594,5.663671875)
  );
#961 = DEFINITIONAL_REPRESENTATION('',(#962),#968);
#962 = B_SPLINE_CURVE_WITH_KNOTS('',4,(#963,#964,#965,#966,#967),
  .UNSPECIFIED.,.F.,.F.,(5,5),(0.,1.),.PIECEWISE_BEZIER_KNOTS.);
#963 = CARTESIAN_POINT('',(5.,0.586782377082));
#964 = CARTESIAN_POINT('',(4.749925445511,0.587332269428));
#965 = CARTESIAN_POINT('',(4.499899248447,0.587873711498));
#966 = CARTESIAN_POINT('',(4.249923563678,0.588406991512));
#967 = CARTESIAN_POINT('',(4.,0.588932373846));
#968 = ( GEOMETRIC_REPRESENTATION_CONTEXT(2) 
PARAMETRIC_REPRESENTATION_CONTEXT() REPRESENTATION_CONTEXT('2D SPACE',''
  ) );
#969 = ORIENTED_EDGE('',*,*,#970,.T.);
#970 = EDGE_CURVE('',#897,#971,#973,.T.);
#971 = VERTEX_POINT('',#972);
#972 = CARTESIAN_POINT('',(-44.78081926378,427.23385267569,
    0.616572367962));
#973 = SURFACE_CURVE('',#974,(#980,#989),.PCURVE_S1.);
#974 = B_SPLINE_CURVE_WITH_KNOTS('',4,(#975,#976,#977,#978,#979),
  .UNSPECIFIED.,.F.,.F.,(5,5),(0.,1.),.PIECEWISE_BEZIER_KNOTS.);
#975 = CARTESIAN_POINT('',(-43.70122594685,427.99854546516,
    2.240845474027));
#976 = CARTESIAN_POINT('',(-43.97122817271,427.8072986762,1.834912872985
    ));
#977 = CARTESIAN_POINT('',(-44.24116136199,427.61610078691,
    1.428890556278));
#978 = CARTESIAN_POINT('',(-44.51102510206,427.42495208959,
    1.022777296257));
#979 = CARTESIAN_POINT('',(-44.78081926378,427.23385267569,
    0.616572367962));
#980 = PCURVE('',#346,#981);
#981 = DEFINITIONAL_REPRESENTATION('',(#982),#988);
#982 = B_SPLINE_CURVE_WITH_KNOTS('',4,(#983,#984,#985,#986,#987),
  .UNSPECIFIED.,.F.,.F.,(5,5),(0.,1.),.PIECEWISE_BEZIER_KNOTS.);
#983 = CARTESIAN_POINT('',(49.147347352195,-2.240845474027));
#984 = CARTESIAN_POINT('',(48.816474965529,-1.834912872985));
#985 = CARTESIAN_POINT('',(48.485687179262,-1.428890556278));
#986 = CARTESIAN_POINT('',(48.15498449906,-1.022777296257));
#987 = CARTESIAN_POINT('',(47.824367083169,-0.616572367962));
#988 = ( GEOMETRIC_REPRESENTATION_CONTEXT(2) 
PARAMETRIC_REPRESENTATION_CONTEXT() REPRESENTATION_CONTEXT('2D SPACE',''
  ) );
#989 = PCURVE('',#990,#1035);
#990 = ( BOUNDED_SURFACE() B_SPLINE_SURFACE(1,3,(
    (#991,#992,#993,#994,#995,#996,#997,#998,#999,#1000,#1001,#1002
      ,#1003,#1004,#1005,#1006,#1007,#1008,#1009,#1010,#1011,#1012)
    ,(#1013,#1014,#1015,#1016,#1017,#1018,#1019,#1020,#1021,#1022,#1023
      ,#1024,#1025,#1026,#1027,#1028,#1029,#1030,#1031,#1032,#1033,#1034
)),.UNSPECIFIED.,.F.,.F.,.F.) B_SPLINE_SURFACE_WITH_KNOTS((2,2),(4,1,1,1
    ,1,1,1,1,1,1,1,1,1,1,1,1,1,1,1,4),(3.,4.),(0.,5.218380768594E-02,
    0.104924849979,0.158249728388,0.212037422186,0.266073258756,
    0.320098130577,0.373854821642,0.427134464983,0.479826107743,
    0.531971081028,0.583831321693,0.635742389654,0.687819682816,
    0.740024789052,0.792245645251,0.844362126807,0.89631140842,
0.94815736877,1.),.UNSPECIFIED.) GEOMETRIC_REPRESENTATION_ITEM() 
RATIONAL_B_SPLINE_SURFACE((
    (1.,1.000000000002,0.999999999999,1.,1.,1.,1.,1.,1.,1.,1.,1.,1.,1.
      ,1.,1.,1.,1.000000000001,0.999999999997,1.000000000012
      ,0.999999999975,1.)
    ,(1.,1.000000000002,0.999999999999,1.,1.,1.,1.,1.,1.,1.,1.,1.,1.,1.
      ,1.,1.,1.,1.000000000001,0.999999999997,1.000000000012
,0.999999999975,1.))) REPRESENTATION_ITEM('') SURFACE() );
#991 = CARTESIAN_POINT('',(-3.176138344494,407.58867010958,
    7.60576107626E-03));
#992 = CARTESIAN_POINT('',(-4.592443680595,407.66290417856,
    1.423644321727E-02));
#993 = CARTESIAN_POINT('',(-7.424817932516,407.91163686112,
    3.58404997389E-02));
#994 = CARTESIAN_POINT('',(-11.61233267914,408.57665134259,
    8.76602790618E-02));
#995 = CARTESIAN_POINT('',(-15.73767576231,409.5306367925,0.154011827386
    ));
#996 = CARTESIAN_POINT('',(-19.78321683134,410.76855586543,
    0.229954083507));
#997 = CARTESIAN_POINT('',(-23.73130215822,412.28444570157,
    0.310580091835));
#998 = CARTESIAN_POINT('',(-27.5644020027,414.07141091196,0.39101617056)
  );
#999 = CARTESIAN_POINT('',(-31.26535707524,416.12165084385,
    0.466318545608));
#1000 = CARTESIAN_POINT('',(-34.81767209119,418.42668850176,
    0.531784202236));
#1001 = CARTESIAN_POINT('',(-38.20529469982,420.97724959524,
    0.58172341761));
#1002 = CARTESIAN_POINT('',(-41.41384144931,423.76458430781,
    0.613857743468));
#1003 = CARTESIAN_POINT('',(-44.42214688337,426.77254834369,
    0.61292454834));
#1004 = CARTESIAN_POINT('',(-47.20582280105,429.97558073279,
    0.627431188718));
#1005 = CARTESIAN_POINT('',(-49.75571956097,433.36021925607,
    0.654419172488));
#1006 = CARTESIAN_POINT('',(-52.06187811344,436.91182717494,
    0.687527644944));
#1007 = CARTESIAN_POINT('',(-54.11486115848,440.61521939464,
    0.721366773763));
#1008 = CARTESIAN_POINT('',(-55.90574177514,444.45465266634,
    0.750309280691));
#1009 = CARTESIAN_POINT('',(-57.42638508623,448.4147686825,
    0.768728215454));
#1010 = CARTESIAN_POINT('',(-58.66760123315,452.47381823893,
    0.771047638493));
#1011 = CARTESIAN_POINT('',(-59.30251601727,455.22607938175,
    0.764965114862));
#1012 = CARTESIAN_POINT('',(-59.57249969548,456.61327909308,0.769140625)
  );
#1013 = CARTESIAN_POINT('',(-3.107447401925,408.89937137394,
    2.765731300458E-02));
#1014 = CARTESIAN_POINT('',(-4.49312203543,408.97199997479,
    5.176888444234E-02));
#1015 = CARTESIAN_POINT('',(-7.264239995846,409.21535325984,
    0.130329089952));
#1016 = CARTESIAN_POINT('',(-11.36119057174,409.86598535141,
    0.318764651136));
#1017 = CARTESIAN_POINT('',(-15.3973140826,410.79933877721,
    0.560043008675));
#1018 = CARTESIAN_POINT('',(-19.35536147248,412.01048514131,
    0.836196667299));
#1019 = CARTESIAN_POINT('',(-23.21806081391,413.4935905422,
    1.129382152128));
#1020 = CARTESIAN_POINT('',(-26.96826148564,415.24190871923,
    1.421876983856));
#1021 = CARTESIAN_POINT('',(-30.58917530534,417.2478077257,
    1.695703802211));
#1022 = CARTESIAN_POINT('',(-34.06466373495,419.50299389977,
    1.933760735404));
#1023 = CARTESIAN_POINT('',(-37.37902159097,421.99839352779,
    2.115357882218));
#1024 = CARTESIAN_POINT('',(-40.5181764952,424.72544602721,
    2.232209976247));
#1025 = CARTESIAN_POINT('',(-43.46142074068,427.66835625799,
    2.228816539417));
#1026 = CARTESIAN_POINT('',(-46.18489357466,430.80211606194,
    2.281567958973));
#1027 = CARTESIAN_POINT('',(-48.67964323679,434.11355437001,
    2.379706081773));
#1028 = CARTESIAN_POINT('',(-50.93592606361,437.58835099498,
    2.500100527067));
#1029 = CARTESIAN_POINT('',(-52.94450885741,441.21164925348,
    2.623151904594));
#1030 = CARTESIAN_POINT('',(-54.69665776154,444.96804637713,
    2.728397384328));
#1031 = CARTESIAN_POINT('',(-56.18441383282,448.84251622188,
    2.795375328938));
#1032 = CARTESIAN_POINT('',(-57.39878596544,452.81377993364,
    2.803809594474));
#1033 = CARTESIAN_POINT('',(-58.01996932477,455.5065174431,
    2.781691326875));
#1034 = CARTESIAN_POINT('',(-58.2841140172,456.86371589951,2.796875));
#1035 = DEFINITIONAL_REPRESENTATION('',(#1036),#1042);
#1036 = B_SPLINE_CURVE_WITH_KNOTS('',4,(#1037,#1038,#1039,#1040,#1041),
  .UNSPECIFIED.,.F.,.F.,(5,5),(0.,1.),.PIECEWISE_BEZIER_KNOTS.);
#1037 = CARTESIAN_POINT('',(4.,0.588932373846));
#1038 = CARTESIAN_POINT('',(3.749948140549,0.58945802588));
#1039 = CARTESIAN_POINT('',(3.499929963789,0.589975811077));
#1040 = CARTESIAN_POINT('',(3.249946892925,0.590485992042));
#1041 = CARTESIAN_POINT('',(3.,0.5909888098));
#1042 = ( GEOMETRIC_REPRESENTATION_CONTEXT(2) 
PARAMETRIC_REPRESENTATION_CONTEXT() REPRESENTATION_CONTEXT('2D SPACE',''
  ) );
#1043 = ORIENTED_EDGE('',*,*,#1044,.T.);
#1044 = EDGE_CURVE('',#971,#420,#1045,.T.);
#1045 = SURFACE_CURVE('',#1046,(#1052,#1061),.PCURVE_S1.);
#1046 = B_SPLINE_CURVE_WITH_KNOTS('',4,(#1047,#1048,#1049,#1050,#1051),
  .UNSPECIFIED.,.F.,.F.,(5,5),(0.,1.),.PIECEWISE_BEZIER_KNOTS.);
#1047 = CARTESIAN_POINT('',(-44.78081926378,427.23385267569,
    0.616572367962));
#1048 = CARTESIAN_POINT('',(-45.05066397187,427.04271745902,
    0.462519151819));
#1049 = CARTESIAN_POINT('',(-45.32048316811,426.85160031279,
    0.308406361823));
#1050 = CARTESIAN_POINT('',(-45.59027706648,426.66050108543,
    0.154233415416));
#1051 = CARTESIAN_POINT('',(-45.86004591571,426.46941960076,0.));
#1052 = PCURVE('',#346,#1053);
#1053 = DEFINITIONAL_REPRESENTATION('',(#1054),#1060);
#1054 = B_SPLINE_CURVE_WITH_KNOTS('',4,(#1055,#1056,#1057,#1058,#1059),
  .UNSPECIFIED.,.F.,.F.,(5,5),(0.,1.),.PIECEWISE_BEZIER_KNOTS.);
#1055 = CARTESIAN_POINT('',(47.824367083169,-0.616572367962));
#1056 = CARTESIAN_POINT('',(47.493687725586,-0.462519151819));
#1057 = CARTESIAN_POINT('',(47.163039631316,-0.308406361823));
#1058 = CARTESIAN_POINT('',(46.832422538146,-0.154233415416));
#1059 = CARTESIAN_POINT('',(46.501836141269,0.));
#1060 = ( GEOMETRIC_REPRESENTATION_CONTEXT(2) 
PARAMETRIC_REPRESENTATION_CONTEXT() REPRESENTATION_CONTEXT('2D SPACE',''
  ) );
#1061 = PCURVE('',#1062,#1107);
#1062 = ( BOUNDED_SURFACE() B_SPLINE_SURFACE(1,3,(
    (#1063,#1064,#1065,#1066,#1067,#1068,#1069,#1070,#1071,#1072,#1073
      ,#1074,#1075,#1076,#1077,#1078,#1079,#1080,#1081,#1082,#1083,#1084
      )
    ,(#1085,#1086,#1087,#1088,#1089,#1090,#1091,#1092,#1093,#1094,#1095
      ,#1096,#1097,#1098,#1099,#1100,#1101,#1102,#1103,#1104,#1105,#1106
)),.UNSPECIFIED.,.F.,.F.,.F.) B_SPLINE_SURFACE_WITH_KNOTS((2,2),(4,1,1,1
    ,1,1,1,1,1,1,1,1,1,1,1,1,1,1,1,4),(2.,3.),(0.,5.218380768594E-02,
    0.104924849979,0.158249728388,0.212037422186,0.266073258756,
    0.320098130577,0.373854821642,0.427134464983,0.479826107743,
    0.531971081028,0.583831321693,0.635742389654,0.687819682816,
    0.740024789052,0.792245645251,0.844362126807,0.89631140842,
0.94815736877,1.),.UNSPECIFIED.) GEOMETRIC_REPRESENTATION_ITEM() 
RATIONAL_B_SPLINE_SURFACE((
    (1.,1.000000000002,0.999999999999,1.,1.,1.,1.,1.,1.,1.,1.,1.,1.,1.
      ,1.,1.,1.,1.000000000001,0.999999999997,1.000000000012
      ,0.999999999975,1.)
    ,(1.,1.000000000002,0.999999999999,1.,1.,1.,1.,1.,1.,1.,1.,1.,1.,1.
      ,1.,1.,1.,1.000000000001,0.999999999997,1.000000000012
,0.999999999975,1.))) REPRESENTATION_ITEM('') SURFACE() );
#1063 = CARTESIAN_POINT('',(-3.244829287063,406.27796884521,0.));
#1064 = CARTESIAN_POINT('',(-4.69176532598,406.35380839169,0.));
#1065 = CARTESIAN_POINT('',(-7.585395869083,406.60792045801,0.));
#1066 = CARTESIAN_POINT('',(-11.86347478656,407.28731733497,0.));
#1067 = CARTESIAN_POINT('',(-16.07803744202,408.26193480747,0.));
#1068 = CARTESIAN_POINT('',(-20.21107219021,409.52662658964,0.));
#1069 = CARTESIAN_POINT('',(-24.24454350252,411.07530086091,0.));
#1070 = CARTESIAN_POINT('',(-28.16054251975,412.90091310471,0.));
#1071 = CARTESIAN_POINT('',(-31.94153884515,414.995493962,0.));
#1072 = CARTESIAN_POINT('',(-35.57068044744,417.35038310376,0.));
#1073 = CARTESIAN_POINT('',(-39.03156780867,419.9561056627,0.));
#1074 = CARTESIAN_POINT('',(-42.30950640341,422.80372258841,0.));
#1075 = CARTESIAN_POINT('',(-45.38287302606,425.87674042939,0.));
#1076 = CARTESIAN_POINT('',(-48.22675202744,429.14904540363,0.));
#1077 = CARTESIAN_POINT('',(-50.83179588515,432.60688414214,0.));
#1078 = CARTESIAN_POINT('',(-53.18783016326,436.23530335481,0.));
#1079 = CARTESIAN_POINT('',(-55.28521345954,440.01878953607,0.));
#1080 = CARTESIAN_POINT('',(-57.11482578882,443.94125895454,0.));
#1081 = CARTESIAN_POINT('',(-58.66835633938,447.98702114686,0.));
#1082 = CARTESIAN_POINT('',(-59.93641650185,452.13385653031,0.));
#1083 = CARTESIAN_POINT('',(-60.58506270763,454.94564135035,0.));
#1084 = CARTESIAN_POINT('',(-60.86088537375,456.36284228665,0.));
#1085 = CARTESIAN_POINT('',(-3.176138344494,407.58867010958,
    7.60576107626E-03));
#1086 = CARTESIAN_POINT('',(-4.592443680595,407.66290417856,
    1.423644321727E-02));
#1087 = CARTESIAN_POINT('',(-7.424817932516,407.91163686112,
    3.58404997389E-02));
#1088 = CARTESIAN_POINT('',(-11.61233267914,408.57665134259,
    8.76602790618E-02));
#1089 = CARTESIAN_POINT('',(-15.73767576231,409.5306367925,
    0.154011827386));
#1090 = CARTESIAN_POINT('',(-19.78321683134,410.76855586543,
    0.229954083507));
#1091 = CARTESIAN_POINT('',(-23.73130215822,412.28444570157,
    0.310580091835));
#1092 = CARTESIAN_POINT('',(-27.5644020027,414.07141091196,0.39101617056
    ));
#1093 = CARTESIAN_POINT('',(-31.26535707524,416.12165084385,
    0.466318545608));
#1094 = CARTESIAN_POINT('',(-34.81767209119,418.42668850176,
    0.531784202236));
#1095 = CARTESIAN_POINT('',(-38.20529469982,420.97724959524,
    0.58172341761));
#1096 = CARTESIAN_POINT('',(-41.41384144931,423.76458430781,
    0.613857743468));
#1097 = CARTESIAN_POINT('',(-44.42214688337,426.77254834369,
    0.61292454834));
#1098 = CARTESIAN_POINT('',(-47.20582280105,429.97558073279,
    0.627431188718));
#1099 = CARTESIAN_POINT('',(-49.75571956097,433.36021925607,
    0.654419172488));
#1100 = CARTESIAN_POINT('',(-52.06187811344,436.91182717494,
    0.687527644944));
#1101 = CARTESIAN_POINT('',(-54.11486115848,440.61521939464,
    0.721366773763));
#1102 = CARTESIAN_POINT('',(-55.90574177514,444.45465266634,
    0.750309280691));
#1103 = CARTESIAN_POINT('',(-57.42638508623,448.4147686825,
    0.768728215454));
#1104 = CARTESIAN_POINT('',(-58.66760123315,452.47381823893,
    0.771047638493));
#1105 = CARTESIAN_POINT('',(-59.30251601727,455.22607938175,
    0.764965114862));
#1106 = CARTESIAN_POINT('',(-59.57249969548,456.61327909308,0.769140625)
  );
#1107 = DEFINITIONAL_REPRESENTATION('',(#1108),#1114);
#1108 = B_SPLINE_CURVE_WITH_KNOTS('',4,(#1109,#1110,#1111,#1112,#1113),
  .UNSPECIFIED.,.F.,.F.,(5,5),(0.,1.),.PIECEWISE_BEZIER_KNOTS.);
#1109 = CARTESIAN_POINT('',(3.,0.5909888098));
#1110 = CARTESIAN_POINT('',(2.750006279132,0.591491721761));
#1111 = CARTESIAN_POINT('',(2.500007901124,0.591987350004));
#1112 = CARTESIAN_POINT('',(2.250005599965,0.592475931028));
#1113 = CARTESIAN_POINT('',(2.,0.592957682026));
#1114 = ( GEOMETRIC_REPRESENTATION_CONTEXT(2) 
PARAMETRIC_REPRESENTATION_CONTEXT() REPRESENTATION_CONTEXT('2D SPACE',''
  ) );
#1115 = ADVANCED_FACE('',(#1116),#463,.T.);
#1116 = FACE_BOUND('',#1117,.T.);
#1117 = EDGE_LOOP('',(#1118,#1148,#1169,#1170));
#1118 = ORIENTED_EDGE('',*,*,#1119,.T.);
#1119 = EDGE_CURVE('',#1120,#1122,#1124,.T.);
#1120 = VERTEX_POINT('',#1121);
#1121 = CARTESIAN_POINT('',(-56.125,306.553,0.));
#1122 = VERTEX_POINT('',#1123);
#1123 = CARTESIAN_POINT('',(-56.125,306.553,18.3));
#1124 = SURFACE_CURVE('',#1125,(#1129,#1136),.PCURVE_S1.);
#1125 = LINE('',#1126,#1127);
#1126 = CARTESIAN_POINT('',(-56.125,306.553,0.));
#1127 = VECTOR('',#1128,1.);
#1128 = DIRECTION('',(-0.,-0.,1.));
#1129 = PCURVE('',#463,#1130);
#1130 = DEFINITIONAL_REPRESENTATION('',(#1131),#1135);
#1131 = LINE('',#1132,#1133);
#1132 = CARTESIAN_POINT('',(0.,0.));
#1133 = VECTOR('',#1134,1.);
#1134 = DIRECTION('',(0.,-1.));
#1135 = ( GEOMETRIC_REPRESENTATION_CONTEXT(2) 
PARAMETRIC_REPRESENTATION_CONTEXT() REPRESENTATION_CONTEXT('2D SPACE',''
  ) );
#1136 = PCURVE('',#1137,#1142);
#1137 = PLANE('',#1138);
#1138 = AXIS2_PLACEMENT_3D('',#1139,#1140,#1141);
#1139 = CARTESIAN_POINT('',(-152.401,256.155,0.));
#1140 = DIRECTION('',(-0.463773844597,0.885953622414,0.));
#1141 = DIRECTION('',(0.885953622414,0.463773844597,0.));
#1142 = DEFINITIONAL_REPRESENTATION('',(#1143),#1147);
#1143 = LINE('',#1144,#1145);
#1144 = CARTESIAN_POINT('',(108.66934517148,0.));
#1145 = VECTOR('',#1146,1.);
#1146 = DIRECTION('',(0.,-1.));
#1147 = ( GEOMETRIC_REPRESENTATION_CONTEXT(2) 
PARAMETRIC_REPRESENTATION_CONTEXT() REPRESENTATION_CONTEXT('2D SPACE',''
  ) );
#1148 = ORIENTED_EDGE('',*,*,#1149,.T.);
#1149 = EDGE_CURVE('',#1122,#448,#1150,.T.);
#1150 = SURFACE_CURVE('',#1151,(#1155,#1162),.PCURVE_S1.);
#1151 = LINE('',#1152,#1153);
#1152 = CARTESIAN_POINT('',(-56.125,306.553,18.3));
#1153 = VECTOR('',#1154,1.);
#1154 = DIRECTION('',(-0.285179010952,0.958474272848,0.));
#1155 = PCURVE('',#463,#1156);
#1156 = DEFINITIONAL_REPRESENTATION('',(#1157),#1161);
#1157 = LINE('',#1158,#1159);
#1158 = CARTESIAN_POINT('',(0.,-18.3));
#1159 = VECTOR('',#1160,1.);
#1160 = DIRECTION('',(1.,0.));
#1161 = ( GEOMETRIC_REPRESENTATION_CONTEXT(2) 
PARAMETRIC_REPRESENTATION_CONTEXT() REPRESENTATION_CONTEXT('2D SPACE',''
  ) );
#1162 = PCURVE('',#375,#1163);
#1163 = DEFINITIONAL_REPRESENTATION('',(#1164),#1168);
#1164 = LINE('',#1165,#1166);
#1165 = CARTESIAN_POINT('',(56.125806987405,74.934204137994));
#1166 = VECTOR('',#1167,1.);
#1167 = DIRECTION('',(0.285179010952,0.958474272848));
#1168 = ( GEOMETRIC_REPRESENTATION_CONTEXT(2) 
PARAMETRIC_REPRESENTATION_CONTEXT() REPRESENTATION_CONTEXT('2D SPACE',''
  ) );
#1169 = ORIENTED_EDGE('',*,*,#447,.F.);
#1170 = ORIENTED_EDGE('',*,*,#1171,.F.);
#1171 = EDGE_CURVE('',#1120,#418,#1172,.T.);
#1172 = SURFACE_CURVE('',#1173,(#1177,#1184),.PCURVE_S1.);
#1173 = LINE('',#1174,#1175);
#1174 = CARTESIAN_POINT('',(-56.125,306.553,0.));
#1175 = VECTOR('',#1176,1.);
#1176 = DIRECTION('',(-0.285179010952,0.958474272848,0.));
#1177 = PCURVE('',#463,#1178);
#1178 = DEFINITIONAL_REPRESENTATION('',(#1179),#1183);
#1179 = LINE('',#1180,#1181);
#1180 = CARTESIAN_POINT('',(0.,0.));
#1181 = VECTOR('',#1182,1.);
#1182 = DIRECTION('',(1.,0.));
#1183 = ( GEOMETRIC_REPRESENTATION_CONTEXT(2) 
PARAMETRIC_REPRESENTATION_CONTEXT() REPRESENTATION_CONTEXT('2D SPACE',''
  ) );
#1184 = PCURVE('',#435,#1185);
#1185 = DEFINITIONAL_REPRESENTATION('',(#1186),#1190);
#1186 = LINE('',#1187,#1188);
#1187 = CARTESIAN_POINT('',(56.125806987405,74.934204137994));
#1188 = VECTOR('',#1189,1.);
#1189 = DIRECTION('',(0.285179010952,0.958474272848));
#1190 = ( GEOMETRIC_REPRESENTATION_CONTEXT(2) 
PARAMETRIC_REPRESENTATION_CONTEXT() REPRESENTATION_CONTEXT('2D SPACE',''
  ) );
#1191 = ADVANCED_FACE('',(#1192),#1137,.T.);
#1192 = FACE_BOUND('',#1193,.T.);
#1193 = EDGE_LOOP('',(#1194,#1224,#1245,#1246));
#1194 = ORIENTED_EDGE('',*,*,#1195,.T.);
#1195 = EDGE_CURVE('',#1196,#1198,#1200,.T.);
#1196 = VERTEX_POINT('',#1197);
#1197 = CARTESIAN_POINT('',(-152.401,256.155,0.));
#1198 = VERTEX_POINT('',#1199);
#1199 = CARTESIAN_POINT('',(-152.401,256.155,18.3));
#1200 = SURFACE_CURVE('',#1201,(#1205,#1212),.PCURVE_S1.);
#1201 = LINE('',#1202,#1203);
#1202 = CARTESIAN_POINT('',(-152.401,256.155,0.));
#1203 = VECTOR('',#1204,1.);
#1204 = DIRECTION('',(-0.,-0.,1.));
#1205 = PCURVE('',#1137,#1206);
#1206 = DEFINITIONAL_REPRESENTATION('',(#1207),#1211);
#1207 = LINE('',#1208,#1209);
#1208 = CARTESIAN_POINT('',(0.,0.));
#1209 = VECTOR('',#1210,1.);
#1210 = DIRECTION('',(0.,-1.));
#1211 = ( GEOMETRIC_REPRESENTATION_CONTEXT(2) 
PARAMETRIC_REPRESENTATION_CONTEXT() REPRESENTATION_CONTEXT('2D SPACE',''
  ) );
#1212 = PCURVE('',#1213,#1218);
#1213 = PLANE('',#1214);
#1214 = AXIS2_PLACEMENT_3D('',#1215,#1216,#1217);
#1215 = CARTESIAN_POINT('',(-76.199,0.,0.));
#1216 = DIRECTION('',(-0.958487474941,-0.285134635535,-0.));
#1217 = DIRECTION('',(-0.285134635535,0.958487474941,0.));
#1218 = DEFINITIONAL_REPRESENTATION('',(#1219),#1223);
#1219 = LINE('',#1220,#1221);
#1220 = CARTESIAN_POINT('',(267.24918864049,0.));
#1221 = VECTOR('',#1222,1.);
#1222 = DIRECTION('',(0.,-1.));
#1223 = ( GEOMETRIC_REPRESENTATION_CONTEXT(2) 
PARAMETRIC_REPRESENTATION_CONTEXT() REPRESENTATION_CONTEXT('2D SPACE',''
  ) );
#1224 = ORIENTED_EDGE('',*,*,#1225,.T.);
#1225 = EDGE_CURVE('',#1198,#1122,#1226,.T.);
#1226 = SURFACE_CURVE('',#1227,(#1231,#1238),.PCURVE_S1.);
#1227 = LINE('',#1228,#1229);
#1228 = CARTESIAN_POINT('',(-152.401,256.155,18.3));
#1229 = VECTOR('',#1230,1.);
#1230 = DIRECTION('',(0.885953622414,0.463773844597,0.));
#1231 = PCURVE('',#1137,#1232);
#1232 = DEFINITIONAL_REPRESENTATION('',(#1233),#1237);
#1233 = LINE('',#1234,#1235);
#1234 = CARTESIAN_POINT('',(0.,-18.3));
#1235 = VECTOR('',#1236,1.);
#1236 = DIRECTION('',(1.,0.));
#1237 = ( GEOMETRIC_REPRESENTATION_CONTEXT(2) 
PARAMETRIC_REPRESENTATION_CONTEXT() REPRESENTATION_CONTEXT('2D SPACE',''
  ) );
#1238 = PCURVE('',#375,#1239);
#1239 = DEFINITIONAL_REPRESENTATION('',(#1240),#1244);
#1240 = LINE('',#1241,#1242);
#1241 = CARTESIAN_POINT('',(152.4018069874,24.536204137994));
#1242 = VECTOR('',#1243,1.);
#1243 = DIRECTION('',(-0.885953622414,0.463773844597));
#1244 = ( GEOMETRIC_REPRESENTATION_CONTEXT(2) 
PARAMETRIC_REPRESENTATION_CONTEXT() REPRESENTATION_CONTEXT('2D SPACE',''
  ) );
#1245 = ORIENTED_EDGE('',*,*,#1119,.F.);
#1246 = ORIENTED_EDGE('',*,*,#1247,.F.);
#1247 = EDGE_CURVE('',#1196,#1120,#1248,.T.);
#1248 = SURFACE_CURVE('',#1249,(#1253,#1260),.PCURVE_S1.);
#1249 = LINE('',#1250,#1251);
#1250 = CARTESIAN_POINT('',(-152.401,256.155,0.));
#1251 = VECTOR('',#1252,1.);
#1252 = DIRECTION('',(0.885953622414,0.463773844597,0.));
#1253 = PCURVE('',#1137,#1254);
#1254 = DEFINITIONAL_REPRESENTATION('',(#1255),#1259);
#1255 = LINE('',#1256,#1257);
#1256 = CARTESIAN_POINT('',(0.,0.));
#1257 = VECTOR('',#1258,1.);
#1258 = DIRECTION('',(1.,0.));
#1259 = ( GEOMETRIC_REPRESENTATION_CONTEXT(2) 
PARAMETRIC_REPRESENTATION_CONTEXT() REPRESENTATION_CONTEXT('2D SPACE',''
  ) );
#1260 = PCURVE('',#435,#1261);
#1261 = DEFINITIONAL_REPRESENTATION('',(#1262),#1266);
#1262 = LINE('',#1263,#1264);
#1263 = CARTESIAN_POINT('',(152.4018069874,24.536204137994));
#1264 = VECTOR('',#1265,1.);
#1265 = DIRECTION('',(-0.885953622414,0.463773844597));
#1266 = ( GEOMETRIC_REPRESENTATION_CONTEXT(2) 
PARAMETRIC_REPRESENTATION_CONTEXT() REPRESENTATION_CONTEXT('2D SPACE',''
  ) );
#1267 = ADVANCED_FACE('',(#1268),#1213,.T.);
#1268 = FACE_BOUND('',#1269,.T.);
#1269 = EDGE_LOOP('',(#1270,#1300,#1321,#1322));
#1270 = ORIENTED_EDGE('',*,*,#1271,.T.);
#1271 = EDGE_CURVE('',#1272,#1274,#1276,.T.);
#1272 = VERTEX_POINT('',#1273);
#1273 = CARTESIAN_POINT('',(-76.199,0.,0.));
#1274 = VERTEX_POINT('',#1275);
#1275 = CARTESIAN_POINT('',(-76.199,0.,18.3));
#1276 = SURFACE_CURVE('',#1277,(#1281,#1288),.PCURVE_S1.);
#1277 = LINE('',#1278,#1279);
#1278 = CARTESIAN_POINT('',(-76.199,0.,0.));
#1279 = VECTOR('',#1280,1.);
#1280 = DIRECTION('',(-0.,-0.,1.));
#1281 = PCURVE('',#1213,#1282);
#1282 = DEFINITIONAL_REPRESENTATION('',(#1283),#1287);
#1283 = LINE('',#1284,#1285);
#1284 = CARTESIAN_POINT('',(0.,0.));
#1285 = VECTOR('',#1286,1.);
#1286 = DIRECTION('',(0.,-1.));
#1287 = ( GEOMETRIC_REPRESENTATION_CONTEXT(2) 
PARAMETRIC_REPRESENTATION_CONTEXT() REPRESENTATION_CONTEXT('2D SPACE',''
  ) );
#1288 = PCURVE('',#1289,#1294);
#1289 = PLANE('',#1290);
#1290 = AXIS2_PLACEMENT_3D('',#1291,#1292,#1293);
#1291 = CARTESIAN_POINT('',(76.201,0.,0.));
#1292 = DIRECTION('',(-0.,-1.,-0.));
#1293 = DIRECTION('',(-1.,0.,0.));
#1294 = DEFINITIONAL_REPRESENTATION('',(#1295),#1299);
#1295 = LINE('',#1296,#1297);
#1296 = CARTESIAN_POINT('',(152.4,0.));
#1297 = VECTOR('',#1298,1.);
#1298 = DIRECTION('',(0.,-1.));
#1299 = ( GEOMETRIC_REPRESENTATION_CONTEXT(2) 
PARAMETRIC_REPRESENTATION_CONTEXT() REPRESENTATION_CONTEXT('2D SPACE',''
  ) );
#1300 = ORIENTED_EDGE('',*,*,#1301,.T.);
#1301 = EDGE_CURVE('',#1274,#1198,#1302,.T.);
#1302 = SURFACE_CURVE('',#1303,(#1307,#1314),.PCURVE_S1.);
#1303 = LINE('',#1304,#1305);
#1304 = CARTESIAN_POINT('',(-76.199,0.,18.3));
#1305 = VECTOR('',#1306,1.);
#1306 = DIRECTION('',(-0.285134635535,0.958487474941,0.));
#1307 = PCURVE('',#1213,#1308);
#1308 = DEFINITIONAL_REPRESENTATION('',(#1309),#1313);
#1309 = LINE('',#1310,#1311);
#1310 = CARTESIAN_POINT('',(0.,-18.3));
#1311 = VECTOR('',#1312,1.);
#1312 = DIRECTION('',(1.,0.));
#1313 = ( GEOMETRIC_REPRESENTATION_CONTEXT(2) 
PARAMETRIC_REPRESENTATION_CONTEXT() REPRESENTATION_CONTEXT('2D SPACE',''
  ) );
#1314 = PCURVE('',#375,#1315);
#1315 = DEFINITIONAL_REPRESENTATION('',(#1316),#1320);
#1316 = LINE('',#1317,#1318);
#1317 = CARTESIAN_POINT('',(76.199806987405,-231.618795862));
#1318 = VECTOR('',#1319,1.);
#1319 = DIRECTION('',(0.285134635535,0.958487474941));
#1320 = ( GEOMETRIC_REPRESENTATION_CONTEXT(2) 
PARAMETRIC_REPRESENTATION_CONTEXT() REPRESENTATION_CONTEXT('2D SPACE',''
  ) );
#1321 = ORIENTED_EDGE('',*,*,#1195,.F.);
#1322 = ORIENTED_EDGE('',*,*,#1323,.F.);
#1323 = EDGE_CURVE('',#1272,#1196,#1324,.T.);
#1324 = SURFACE_CURVE('',#1325,(#1329,#1336),.PCURVE_S1.);
#1325 = LINE('',#1326,#1327);
#1326 = CARTESIAN_POINT('',(-76.199,0.,0.));
#1327 = VECTOR('',#1328,1.);
#1328 = DIRECTION('',(-0.285134635535,0.958487474941,0.));
#1329 = PCURVE('',#1213,#1330);
#1330 = DEFINITIONAL_REPRESENTATION('',(#1331),#1335);
#1331 = LINE('',#1332,#1333);
#1332 = CARTESIAN_POINT('',(0.,0.));
#1333 = VECTOR('',#1334,1.);
#1334 = DIRECTION('',(1.,0.));
#1335 = ( GEOMETRIC_REPRESENTATION_CONTEXT(2) 
PARAMETRIC_REPRESENTATION_CONTEXT() REPRESENTATION_CONTEXT('2D SPACE',''
  ) );
#1336 = PCURVE('',#435,#1337);
#1337 = DEFINITIONAL_REPRESENTATION('',(#1338),#1342);
#1338 = LINE('',#1339,#1340);
#1339 = CARTESIAN_POINT('',(76.199806987405,-231.618795862));
#1340 = VECTOR('',#1341,1.);
#1341 = DIRECTION('',(0.285134635535,0.958487474941));
#1342 = ( GEOMETRIC_REPRESENTATION_CONTEXT(2) 
PARAMETRIC_REPRESENTATION_CONTEXT() REPRESENTATION_CONTEXT('2D SPACE',''
  ) );
#1343 = ADVANCED_FACE('',(#1344),#1289,.T.);
#1344 = FACE_BOUND('',#1345,.T.);
#1345 = EDGE_LOOP('',(#1346,#1376,#1397,#1398));
#1346 = ORIENTED_EDGE('',*,*,#1347,.T.);
#1347 = EDGE_CURVE('',#1348,#1350,#1352,.T.);
#1348 = VERTEX_POINT('',#1349);
#1349 = CARTESIAN_POINT('',(76.201,0.,0.));
#1350 = VERTEX_POINT('',#1351);
#1351 = CARTESIAN_POINT('',(76.201,0.,18.3));
#1352 = SURFACE_CURVE('',#1353,(#1357,#1364),.PCURVE_S1.);
#1353 = LINE('',#1354,#1355);
#1354 = CARTESIAN_POINT('',(76.201,0.,0.));
#1355 = VECTOR('',#1356,1.);
#1356 = DIRECTION('',(-0.,-0.,1.));
#1357 = PCURVE('',#1289,#1358);
#1358 = DEFINITIONAL_REPRESENTATION('',(#1359),#1363);
#1359 = LINE('',#1360,#1361);
#1360 = CARTESIAN_POINT('',(0.,0.));
#1361 = VECTOR('',#1362,1.);
#1362 = DIRECTION('',(0.,-1.));
#1363 = ( GEOMETRIC_REPRESENTATION_CONTEXT(2) 
PARAMETRIC_REPRESENTATION_CONTEXT() REPRESENTATION_CONTEXT('2D SPACE',''
  ) );
#1364 = PCURVE('',#1365,#1370);
#1365 = PLANE('',#1366);
#1366 = AXIS2_PLACEMENT_3D('',#1367,#1368,#1369);
#1367 = CARTESIAN_POINT('',(152.401,256.12,0.));
#1368 = DIRECTION('',(0.958478871076,-0.285163556052,0.));
#1369 = DIRECTION('',(-0.285163556052,-0.958478871076,0.));
#1370 = DEFINITIONAL_REPRESENTATION('',(#1371),#1375);
#1371 = LINE('',#1372,#1373);
#1372 = CARTESIAN_POINT('',(267.21507143123,0.));
#1373 = VECTOR('',#1374,1.);
#1374 = DIRECTION('',(0.,-1.));
#1375 = ( GEOMETRIC_REPRESENTATION_CONTEXT(2) 
PARAMETRIC_REPRESENTATION_CONTEXT() REPRESENTATION_CONTEXT('2D SPACE',''
  ) );
#1376 = ORIENTED_EDGE('',*,*,#1377,.T.);
#1377 = EDGE_CURVE('',#1350,#1274,#1378,.T.);
#1378 = SURFACE_CURVE('',#1379,(#1383,#1390),.PCURVE_S1.);
#1379 = LINE('',#1380,#1381);
#1380 = CARTESIAN_POINT('',(76.201,0.,18.3));
#1381 = VECTOR('',#1382,1.);
#1382 = DIRECTION('',(-1.,0.,0.));
#1383 = PCURVE('',#1289,#1384);
#1384 = DEFINITIONAL_REPRESENTATION('',(#1385),#1389);
#1385 = LINE('',#1386,#1387);
#1386 = CARTESIAN_POINT('',(0.,-18.3));
#1387 = VECTOR('',#1388,1.);
#1388 = DIRECTION('',(1.,0.));
#1389 = ( GEOMETRIC_REPRESENTATION_CONTEXT(2) 
PARAMETRIC_REPRESENTATION_CONTEXT() REPRESENTATION_CONTEXT('2D SPACE',''
  ) );
#1390 = PCURVE('',#375,#1391);
#1391 = DEFINITIONAL_REPRESENTATION('',(#1392),#1396);
#1392 = LINE('',#1393,#1394);
#1393 = CARTESIAN_POINT('',(-76.20019301259,-231.618795862));
#1394 = VECTOR('',#1395,1.);
#1395 = DIRECTION('',(1.,0.));
#1396 = ( GEOMETRIC_REPRESENTATION_CONTEXT(2) 
PARAMETRIC_REPRESENTATION_CONTEXT() REPRESENTATION_CONTEXT('2D SPACE',''
  ) );
#1397 = ORIENTED_EDGE('',*,*,#1271,.F.);
#1398 = ORIENTED_EDGE('',*,*,#1399,.F.);
#1399 = EDGE_CURVE('',#1348,#1272,#1400,.T.);
#1400 = SURFACE_CURVE('',#1401,(#1405,#1412),.PCURVE_S1.);
#1401 = LINE('',#1402,#1403);
#1402 = CARTESIAN_POINT('',(76.201,0.,0.));
#1403 = VECTOR('',#1404,1.);
#1404 = DIRECTION('',(-1.,0.,0.));
#1405 = PCURVE('',#1289,#1406);
#1406 = DEFINITIONAL_REPRESENTATION('',(#1407),#1411);
#1407 = LINE('',#1408,#1409);
#1408 = CARTESIAN_POINT('',(0.,0.));
#1409 = VECTOR('',#1410,1.);
#1410 = DIRECTION('',(1.,0.));
#1411 = ( GEOMETRIC_REPRESENTATION_CONTEXT(2) 
PARAMETRIC_REPRESENTATION_CONTEXT() REPRESENTATION_CONTEXT('2D SPACE',''
  ) );
#1412 = PCURVE('',#435,#1413);
#1413 = DEFINITIONAL_REPRESENTATION('',(#1414),#1418);
#1414 = LINE('',#1415,#1416);
#1415 = CARTESIAN_POINT('',(-76.20019301259,-231.618795862));
#1416 = VECTOR('',#1417,1.);
#1417 = DIRECTION('',(1.,0.));
#1418 = ( GEOMETRIC_REPRESENTATION_CONTEXT(2) 
PARAMETRIC_REPRESENTATION_CONTEXT() REPRESENTATION_CONTEXT('2D SPACE',''
  ) );
#1419 = ADVANCED_FACE('',(#1420),#1365,.T.);
#1420 = FACE_BOUND('',#1421,.T.);
#1421 = EDGE_LOOP('',(#1422,#1452,#1473,#1474));
#1422 = ORIENTED_EDGE('',*,*,#1423,.T.);
#1423 = EDGE_CURVE('',#1424,#1426,#1428,.T.);
#1424 = VERTEX_POINT('',#1425);
#1425 = CARTESIAN_POINT('',(152.401,256.12,0.));
#1426 = VERTEX_POINT('',#1427);
#1427 = CARTESIAN_POINT('',(152.401,256.12,18.3));
#1428 = SURFACE_CURVE('',#1429,(#1433,#1440),.PCURVE_S1.);
#1429 = LINE('',#1430,#1431);
#1430 = CARTESIAN_POINT('',(152.401,256.12,0.));
#1431 = VECTOR('',#1432,1.);
#1432 = DIRECTION('',(-0.,-0.,1.));
#1433 = PCURVE('',#1365,#1434);
#1434 = DEFINITIONAL_REPRESENTATION('',(#1435),#1439);
#1435 = LINE('',#1436,#1437);
#1436 = CARTESIAN_POINT('',(0.,0.));
#1437 = VECTOR('',#1438,1.);
#1438 = DIRECTION('',(0.,-1.));
#1439 = ( GEOMETRIC_REPRESENTATION_CONTEXT(2) 
PARAMETRIC_REPRESENTATION_CONTEXT() REPRESENTATION_CONTEXT('2D SPACE',''
  ) );
#1440 = PCURVE('',#1441,#1446);
#1441 = PLANE('',#1442);
#1442 = AXIS2_PLACEMENT_3D('',#1443,#1444,#1445);
#1443 = CARTESIAN_POINT('',(56.116,306.523,0.));
#1444 = DIRECTION('',(0.463775929899,0.885952530809,0.));
#1445 = DIRECTION('',(0.885952530809,-0.463775929899,0.));
#1446 = DEFINITIONAL_REPRESENTATION('',(#1447),#1451);
#1447 = LINE('',#1448,#1449);
#1448 = CARTESIAN_POINT('',(108.67963762361,0.));
#1449 = VECTOR('',#1450,1.);
#1450 = DIRECTION('',(0.,-1.));
#1451 = ( GEOMETRIC_REPRESENTATION_CONTEXT(2) 
PARAMETRIC_REPRESENTATION_CONTEXT() REPRESENTATION_CONTEXT('2D SPACE',''
  ) );
#1452 = ORIENTED_EDGE('',*,*,#1453,.T.);
#1453 = EDGE_CURVE('',#1426,#1350,#1454,.T.);
#1454 = SURFACE_CURVE('',#1455,(#1459,#1466),.PCURVE_S1.);
#1455 = LINE('',#1456,#1457);
#1456 = CARTESIAN_POINT('',(152.401,256.12,18.3));
#1457 = VECTOR('',#1458,1.);
#1458 = DIRECTION('',(-0.285163556052,-0.958478871076,0.));
#1459 = PCURVE('',#1365,#1460);
#1460 = DEFINITIONAL_REPRESENTATION('',(#1461),#1465);
#1461 = LINE('',#1462,#1463);
#1462 = CARTESIAN_POINT('',(0.,-18.3));
#1463 = VECTOR('',#1464,1.);
#1464 = DIRECTION('',(1.,0.));
#1465 = ( GEOMETRIC_REPRESENTATION_CONTEXT(2) 
PARAMETRIC_REPRESENTATION_CONTEXT() REPRESENTATION_CONTEXT('2D SPACE',''
  ) );
#1466 = PCURVE('',#375,#1467);
#1467 = DEFINITIONAL_REPRESENTATION('',(#1468),#1472);
#1468 = LINE('',#1469,#1470);
#1469 = CARTESIAN_POINT('',(-152.4001930125,24.501204137994));
#1470 = VECTOR('',#1471,1.);
#1471 = DIRECTION('',(0.285163556052,-0.958478871076));
#1472 = ( GEOMETRIC_REPRESENTATION_CONTEXT(2) 
PARAMETRIC_REPRESENTATION_CONTEXT() REPRESENTATION_CONTEXT('2D SPACE',''
  ) );
#1473 = ORIENTED_EDGE('',*,*,#1347,.F.);
#1474 = ORIENTED_EDGE('',*,*,#1475,.F.);
#1475 = EDGE_CURVE('',#1424,#1348,#1476,.T.);
#1476 = SURFACE_CURVE('',#1477,(#1481,#1488),.PCURVE_S1.);
#1477 = LINE('',#1478,#1479);
#1478 = CARTESIAN_POINT('',(152.401,256.12,0.));
#1479 = VECTOR('',#1480,1.);
#1480 = DIRECTION('',(-0.285163556052,-0.958478871076,0.));
#1481 = PCURVE('',#1365,#1482);
#1482 = DEFINITIONAL_REPRESENTATION('',(#1483),#1487);
#1483 = LINE('',#1484,#1485);
#1484 = CARTESIAN_POINT('',(0.,0.));
#1485 = VECTOR('',#1486,1.);
#1486 = DIRECTION('',(1.,0.));
#1487 = ( GEOMETRIC_REPRESENTATION_CONTEXT(2) 
PARAMETRIC_REPRESENTATION_CONTEXT() REPRESENTATION_CONTEXT('2D SPACE',''
  ) );
#1488 = PCURVE('',#435,#1489);
#1489 = DEFINITIONAL_REPRESENTATION('',(#1490),#1494);
#1490 = LINE('',#1491,#1492);
#1491 = CARTESIAN_POINT('',(-152.4001930125,24.501204137994));
#1492 = VECTOR('',#1493,1.);
#1493 = DIRECTION('',(0.285163556052,-0.958478871076));
#1494 = ( GEOMETRIC_REPRESENTATION_CONTEXT(2) 
PARAMETRIC_REPRESENTATION_CONTEXT() REPRESENTATION_CONTEXT('2D SPACE',''
  ) );
#1495 = ADVANCED_FACE('',(#1496),#1441,.T.);
#1496 = FACE_BOUND('',#1497,.T.);
#1497 = EDGE_LOOP('',(#1498,#1528,#1549,#1550));
#1498 = ORIENTED_EDGE('',*,*,#1499,.T.);
#1499 = EDGE_CURVE('',#1500,#1502,#1504,.T.);
#1500 = VERTEX_POINT('',#1501);
#1501 = CARTESIAN_POINT('',(56.116,306.523,0.));
#1502 = VERTEX_POINT('',#1503);
#1503 = CARTESIAN_POINT('',(56.116,306.523,18.3));
#1504 = SURFACE_CURVE('',#1505,(#1509,#1516),.PCURVE_S1.);
#1505 = LINE('',#1506,#1507);
#1506 = CARTESIAN_POINT('',(56.116,306.523,0.));
#1507 = VECTOR('',#1508,1.);
#1508 = DIRECTION('',(-0.,-0.,1.));
#1509 = PCURVE('',#1441,#1510);
#1510 = DEFINITIONAL_REPRESENTATION('',(#1511),#1515);
#1511 = LINE('',#1512,#1513);
#1512 = CARTESIAN_POINT('',(0.,0.));
#1513 = VECTOR('',#1514,1.);
#1514 = DIRECTION('',(0.,-1.));
#1515 = ( GEOMETRIC_REPRESENTATION_CONTEXT(2) 
PARAMETRIC_REPRESENTATION_CONTEXT() REPRESENTATION_CONTEXT('2D SPACE',''
  ) );
#1516 = PCURVE('',#1517,#1522);
#1517 = PLANE('',#1518);
#1518 = AXIS2_PLACEMENT_3D('',#1519,#1520,#1521);
#1519 = CARTESIAN_POINT('',(83.807,399.591,0.));
#1520 = DIRECTION('',(0.958474064623,-0.285179710787,0.));
#1521 = DIRECTION('',(-0.285179710787,-0.958474064623,0.));
#1522 = DEFINITIONAL_REPRESENTATION('',(#1523),#1527);
#1523 = LINE('',#1524,#1525);
#1524 = CARTESIAN_POINT('',(97.100175617761,0.));
#1525 = VECTOR('',#1526,1.);
#1526 = DIRECTION('',(0.,-1.));
#1527 = ( GEOMETRIC_REPRESENTATION_CONTEXT(2) 
PARAMETRIC_REPRESENTATION_CONTEXT() REPRESENTATION_CONTEXT('2D SPACE',''
  ) );
#1528 = ORIENTED_EDGE('',*,*,#1529,.T.);
#1529 = EDGE_CURVE('',#1502,#1426,#1530,.T.);
#1530 = SURFACE_CURVE('',#1531,(#1535,#1542),.PCURVE_S1.);
#1531 = LINE('',#1532,#1533);
#1532 = CARTESIAN_POINT('',(56.116,306.523,18.3));
#1533 = VECTOR('',#1534,1.);
#1534 = DIRECTION('',(0.885952530809,-0.463775929899,0.));
#1535 = PCURVE('',#1441,#1536);
#1536 = DEFINITIONAL_REPRESENTATION('',(#1537),#1541);
#1537 = LINE('',#1538,#1539);
#1538 = CARTESIAN_POINT('',(0.,-18.3));
#1539 = VECTOR('',#1540,1.);
#1540 = DIRECTION('',(1.,0.));
#1541 = ( GEOMETRIC_REPRESENTATION_CONTEXT(2) 
PARAMETRIC_REPRESENTATION_CONTEXT() REPRESENTATION_CONTEXT('2D SPACE',''
  ) );
#1542 = PCURVE('',#375,#1543);
#1543 = DEFINITIONAL_REPRESENTATION('',(#1544),#1548);
#1544 = LINE('',#1545,#1546);
#1545 = CARTESIAN_POINT('',(-56.11519301259,74.904204137994));
#1546 = VECTOR('',#1547,1.);
#1547 = DIRECTION('',(-0.885952530809,-0.463775929899));
#1548 = ( GEOMETRIC_REPRESENTATION_CONTEXT(2) 
PARAMETRIC_REPRESENTATION_CONTEXT() REPRESENTATION_CONTEXT('2D SPACE',''
  ) );
#1549 = ORIENTED_EDGE('',*,*,#1423,.F.);
#1550 = ORIENTED_EDGE('',*,*,#1551,.F.);
#1551 = EDGE_CURVE('',#1500,#1424,#1552,.T.);
#1552 = SURFACE_CURVE('',#1553,(#1557,#1564),.PCURVE_S1.);
#1553 = LINE('',#1554,#1555);
#1554 = CARTESIAN_POINT('',(56.116,306.523,0.));
#1555 = VECTOR('',#1556,1.);
#1556 = DIRECTION('',(0.885952530809,-0.463775929899,0.));
#1557 = PCURVE('',#1441,#1558);
#1558 = DEFINITIONAL_REPRESENTATION('',(#1559),#1563);
#1559 = LINE('',#1560,#1561);
#1560 = CARTESIAN_POINT('',(0.,0.));
#1561 = VECTOR('',#1562,1.);
#1562 = DIRECTION('',(1.,0.));
#1563 = ( GEOMETRIC_REPRESENTATION_CONTEXT(2) 
PARAMETRIC_REPRESENTATION_CONTEXT() REPRESENTATION_CONTEXT('2D SPACE',''
  ) );
#1564 = PCURVE('',#435,#1565);
#1565 = DEFINITIONAL_REPRESENTATION('',(#1566),#1570);
#1566 = LINE('',#1567,#1568);
#1567 = CARTESIAN_POINT('',(-56.11519301259,74.904204137994));
#1568 = VECTOR('',#1569,1.);
#1569 = DIRECTION('',(-0.885952530809,-0.463775929899));
#1570 = ( GEOMETRIC_REPRESENTATION_CONTEXT(2) 
PARAMETRIC_REPRESENTATION_CONTEXT() REPRESENTATION_CONTEXT('2D SPACE',''
  ) );
#1571 = ADVANCED_FACE('',(#1572),#1517,.T.);
#1572 = FACE_BOUND('',#1573,.T.);
#1573 = EDGE_LOOP('',(#1574,#1604,#1625,#1626));
#1574 = ORIENTED_EDGE('',*,*,#1575,.T.);
#1575 = EDGE_CURVE('',#1576,#1578,#1580,.T.);
#1576 = VERTEX_POINT('',#1577);
#1577 = CARTESIAN_POINT('',(83.807,399.591,0.));
#1578 = VERTEX_POINT('',#1579);
#1579 = CARTESIAN_POINT('',(83.807,399.591,18.3));
#1580 = SURFACE_CURVE('',#1581,(#1585,#1592),.PCURVE_S1.);
#1581 = LINE('',#1582,#1583);
#1582 = CARTESIAN_POINT('',(83.807,399.591,0.));
#1583 = VECTOR('',#1584,1.);
#1584 = DIRECTION('',(-0.,-0.,1.));
#1585 = PCURVE('',#1517,#1586);
#1586 = DEFINITIONAL_REPRESENTATION('',(#1587),#1591);
#1587 = LINE('',#1588,#1589);
#1588 = CARTESIAN_POINT('',(0.,0.));
#1589 = VECTOR('',#1590,1.);
#1590 = DIRECTION('',(0.,-1.));
#1591 = ( GEOMETRIC_REPRESENTATION_CONTEXT(2) 
PARAMETRIC_REPRESENTATION_CONTEXT() REPRESENTATION_CONTEXT('2D SPACE',''
  ) );
#1592 = PCURVE('',#1593,#1598);
#1593 = PLANE('',#1594);
#1594 = AXIS2_PLACEMENT_3D('',#1595,#1596,#1597);
#1595 = CARTESIAN_POINT('',(36.813,432.866,0.));
#1596 = DIRECTION('',(0.577873741138,0.816126178543,0.));
#1597 = DIRECTION('',(0.816126178543,-0.577873741138,0.));
#1598 = DEFINITIONAL_REPRESENTATION('',(#1599),#1603);
#1599 = LINE('',#1600,#1601);
#1600 = CARTESIAN_POINT('',(57.581782370816,0.));
#1601 = VECTOR('',#1602,1.);
#1602 = DIRECTION('',(0.,-1.));
#1603 = ( GEOMETRIC_REPRESENTATION_CONTEXT(2) 
PARAMETRIC_REPRESENTATION_CONTEXT() REPRESENTATION_CONTEXT('2D SPACE',''
  ) );
#1604 = ORIENTED_EDGE('',*,*,#1605,.T.);
#1605 = EDGE_CURVE('',#1578,#1502,#1606,.T.);
#1606 = SURFACE_CURVE('',#1607,(#1611,#1618),.PCURVE_S1.);
#1607 = LINE('',#1608,#1609);
#1608 = CARTESIAN_POINT('',(83.807,399.591,18.3));
#1609 = VECTOR('',#1610,1.);
#1610 = DIRECTION('',(-0.285179710787,-0.958474064623,0.));
#1611 = PCURVE('',#1517,#1612);
#1612 = DEFINITIONAL_REPRESENTATION('',(#1613),#1617);
#1613 = LINE('',#1614,#1615);
#1614 = CARTESIAN_POINT('',(0.,-18.3));
#1615 = VECTOR('',#1616,1.);
#1616 = DIRECTION('',(1.,0.));
#1617 = ( GEOMETRIC_REPRESENTATION_CONTEXT(2) 
PARAMETRIC_REPRESENTATION_CONTEXT() REPRESENTATION_CONTEXT('2D SPACE',''
  ) );
#1618 = PCURVE('',#375,#1619);
#1619 = DEFINITIONAL_REPRESENTATION('',(#1620),#1624);
#1620 = LINE('',#1621,#1622);
#1621 = CARTESIAN_POINT('',(-83.80619301259,167.97220413799));
#1622 = VECTOR('',#1623,1.);
#1623 = DIRECTION('',(0.285179710787,-0.958474064623));
#1624 = ( GEOMETRIC_REPRESENTATION_CONTEXT(2) 
PARAMETRIC_REPRESENTATION_CONTEXT() REPRESENTATION_CONTEXT('2D SPACE',''
  ) );
#1625 = ORIENTED_EDGE('',*,*,#1499,.F.);
#1626 = ORIENTED_EDGE('',*,*,#1627,.F.);
#1627 = EDGE_CURVE('',#1576,#1500,#1628,.T.);
#1628 = SURFACE_CURVE('',#1629,(#1633,#1640),.PCURVE_S1.);
#1629 = LINE('',#1630,#1631);
#1630 = CARTESIAN_POINT('',(83.807,399.591,0.));
#1631 = VECTOR('',#1632,1.);
#1632 = DIRECTION('',(-0.285179710787,-0.958474064623,0.));
#1633 = PCURVE('',#1517,#1634);
#1634 = DEFINITIONAL_REPRESENTATION('',(#1635),#1639);
#1635 = LINE('',#1636,#1637);
#1636 = CARTESIAN_POINT('',(0.,0.));
#1637 = VECTOR('',#1638,1.);
#1638 = DIRECTION('',(1.,0.));
#1639 = ( GEOMETRIC_REPRESENTATION_CONTEXT(2) 
PARAMETRIC_REPRESENTATION_CONTEXT() REPRESENTATION_CONTEXT('2D SPACE',''
  ) );
#1640 = PCURVE('',#435,#1641);
#1641 = DEFINITIONAL_REPRESENTATION('',(#1642),#1646);
#1642 = LINE('',#1643,#1644);
#1643 = CARTESIAN_POINT('',(-83.80619301259,167.97220413799));
#1644 = VECTOR('',#1645,1.);
#1645 = DIRECTION('',(0.285179710787,-0.958474064623));
#1646 = ( GEOMETRIC_REPRESENTATION_CONTEXT(2) 
PARAMETRIC_REPRESENTATION_CONTEXT() REPRESENTATION_CONTEXT('2D SPACE',''
  ) );
#1647 = ADVANCED_FACE('',(#1648),#1593,.T.);
#1648 = FACE_BOUND('',#1649,.T.);
#1649 = EDGE_LOOP('',(#1650,#1726,#1757,#1778,#1779,#1802,#1876,#1950,
    #2024,#2098,#2172,#2246,#2320));
#1650 = ORIENTED_EDGE('',*,*,#1651,.F.);
#1651 = EDGE_CURVE('',#1652,#1654,#1656,.T.);
#1652 = VERTEX_POINT('',#1653);
#1653 = CARTESIAN_POINT('',(36.813,432.866,14.297816923482));
#1654 = VERTEX_POINT('',#1655);
#1655 = CARTESIAN_POINT('',(37.207812476933,432.58644547878,
    14.2999885397));
#1656 = SURFACE_CURVE('',#1657,(#1663,#1672),.PCURVE_S1.);
#1657 = B_SPLINE_CURVE_WITH_KNOTS('',4,(#1658,#1659,#1660,#1661,#1662),
  .UNSPECIFIED.,.F.,.F.,(5,5),(0.,1.),.PIECEWISE_BEZIER_KNOTS.);
#1658 = CARTESIAN_POINT('',(36.813,432.866,14.297816923482));
#1659 = CARTESIAN_POINT('',(36.911703163035,432.79611133868,
    14.298358088957));
#1660 = CARTESIAN_POINT('',(37.010406297419,432.72622269765,
    14.298900216421));
#1661 = CARTESIAN_POINT('',(37.109109402256,432.65633407754,
    14.299443610408));
#1662 = CARTESIAN_POINT('',(37.207812476933,432.58644547878,
    14.2999885397));
#1663 = PCURVE('',#1593,#1664);
#1664 = DEFINITIONAL_REPRESENTATION('',(#1665),#1671);
#1665 = B_SPLINE_CURVE_WITH_KNOTS('',4,(#1666,#1667,#1668,#1669,#1670),
  .UNSPECIFIED.,.F.,.F.,(5,5),(0.,1.),.PIECEWISE_BEZIER_KNOTS.);
#1666 = CARTESIAN_POINT('',(0.,-14.29781692348));
#1667 = CARTESIAN_POINT('',(0.120941057437,-14.29835808895));
#1668 = CARTESIAN_POINT('',(0.241882079767,-14.29890021642));
#1669 = CARTESIAN_POINT('',(0.362823065894,-14.2994436104));
#1670 = CARTESIAN_POINT('',(0.483764015067,-14.2999885397));
#1671 = ( GEOMETRIC_REPRESENTATION_CONTEXT(2) 
PARAMETRIC_REPRESENTATION_CONTEXT() REPRESENTATION_CONTEXT('2D SPACE',''
  ) );
#1672 = PCURVE('',#1673,#1718);
#1673 = ( BOUNDED_SURFACE() B_SPLINE_SURFACE(1,3,(
    (#1674,#1675,#1676,#1677,#1678,#1679,#1680,#1681,#1682,#1683,#1684
      ,#1685,#1686,#1687,#1688,#1689,#1690,#1691,#1692,#1693,#1694,#1695
      )
    ,(#1696,#1697,#1698,#1699,#1700,#1701,#1702,#1703,#1704,#1705,#1706
      ,#1707,#1708,#1709,#1710,#1711,#1712,#1713,#1714,#1715,#1716,#1717
)),.UNSPECIFIED.,.F.,.F.,.F.) B_SPLINE_SURFACE_WITH_KNOTS((2,2),(4,1,1,1
    ,1,1,1,1,1,1,1,1,1,1,1,1,1,1,1,4),(10.,11.),(0.,5.218380768594E-02,
    0.104924849979,0.158249728388,0.212037422186,0.266073258756,
    0.320098130577,0.373854821642,0.427134464983,0.479826107743,
    0.531971081028,0.583831321693,0.635742389654,0.687819682816,
    0.740024789052,0.792245645251,0.844362126807,0.89631140842,
0.94815736877,1.),.UNSPECIFIED.) GEOMETRIC_REPRESENTATION_ITEM() 
RATIONAL_B_SPLINE_SURFACE((
    (1.,1.000000000002,0.999999999999,1.,1.,1.,1.,1.,1.,1.,1.,1.,1.,1.
      ,1.,1.,1.,1.000000000001,0.999999999997,1.000000000012
      ,0.999999999975,1.)
    ,(1.,1.000000000002,0.999999999999,1.,1.,1.,1.,1.,1.,1.,1.,1.,1.,1.
      ,1.,1.,1.,1.000000000001,0.999999999997,1.000000000012
,0.999999999975,1.))) REPRESENTATION_ITEM('') SURFACE() );
#1674 = CARTESIAN_POINT('',(2.695301746512,416.76357896014,
    0.177006803229));
#1675 = CARTESIAN_POINT('',(3.897192165726,416.82657471491,
    0.331320860542));
#1676 = CARTESIAN_POINT('',(6.300772375224,417.03765166962,
    0.834106175642));
#1677 = CARTESIAN_POINT('',(9.854337927525,417.60198939953,
    2.040093767284));
#1678 = CARTESIAN_POINT('',(13.355144004268,418.41155068676,
    3.584275255514));
#1679 = CARTESIAN_POINT('',(16.788229319291,419.46206079625,
    5.351658670715));
#1680 = CARTESIAN_POINT('',(20.138612748069,420.74845958608,
    7.228045773616));
#1681 = CARTESIAN_POINT('',(23.391418383342,422.26489556278,
    9.100012696677));
#1682 = CARTESIAN_POINT('',(26.532084685895,424.00474901682,
    10.852504334148));
#1683 = CARTESIAN_POINT('',(29.546613597473,425.9608262878,
    12.376068706587));
#1684 = CARTESIAN_POINT('',(32.421382937855,428.12525712305,
    13.538290446197));
#1685 = CARTESIAN_POINT('',(35.144186770581,430.4906163436,
    14.286143847982));
#1686 = CARTESIAN_POINT('',(37.697063884553,433.04320374377,
    14.26442585227));
#1687 = CARTESIAN_POINT('',(40.059318216343,435.76132803689,
    14.602034937427));
#1688 = CARTESIAN_POINT('',(42.223185291702,438.63356505356,
    15.230118923348));
#1689 = CARTESIAN_POINT('',(44.180213764651,441.64749391568,
    16.000643373233));
#1690 = CARTESIAN_POINT('',(45.922395051067,444.79022840501,
    16.788172189398));
#1691 = CARTESIAN_POINT('',(47.442153679453,448.04840864753,
    17.461743259718));
#1692 = CARTESIAN_POINT('',(48.732586314058,451.4090014372,
    17.890402105135));
#1693 = CARTESIAN_POINT('',(49.78589435275,454.85355017986,
    17.944381404882));
#1694 = CARTESIAN_POINT('',(50.324689183696,457.18914564334,
    17.802824491462));
#1695 = CARTESIAN_POINT('',(50.553799947555,458.3663367381,17.9));
#1696 = CARTESIAN_POINT('',(1.884094424746,432.24233674883,
    0.177006803229));
#1697 = CARTESIAN_POINT('',(2.724250834072,432.28637260657,
    0.331320860542));
#1698 = CARTESIAN_POINT('',(4.404423408027,432.43392156,0.834106175642)
  );
#1699 = CARTESIAN_POINT('',(6.888469230863,432.82841006445,
    2.040093767284));
#1700 = CARTESIAN_POINT('',(9.335634643768,433.39431698525,
    3.584275255514));
#1701 = CARTESIAN_POINT('',(11.735461271736,434.12865414874,
    5.351658670715));
#1702 = CARTESIAN_POINT('',(14.077476872437,435.02788437087,
    7.228045773616));
#1703 = CARTESIAN_POINT('',(16.351282753404,436.0879172866,
    9.100012696677));
#1704 = CARTESIAN_POINT('',(18.546699974607,437.30412552632,
    10.852504334148));
#1705 = CARTESIAN_POINT('',(20.653943485612,438.67148051186,
    12.376068706587));
#1706 = CARTESIAN_POINT('',(22.663490985685,440.18448070737,
    13.538290446197));
#1707 = CARTESIAN_POINT('',(24.566810169726,441.83793569649,
    14.286143847982));
#1708 = CARTESIAN_POINT('',(26.351345628037,443.62226863642,
    14.26442585227));
#1709 = CARTESIAN_POINT('',(28.002630209483,445.52231668598,
    14.602034937427));
#1710 = CARTESIAN_POINT('',(29.515236320413,447.53009401801,
    15.230118923348));
#1711 = CARTESIAN_POINT('',(30.883256223835,449.636918077,
    16.000643373233));
#1712 = CARTESIAN_POINT('',(32.101091686177,451.8337810209,
    16.788172189398));
#1713 = CARTESIAN_POINT('',(33.163447232261,454.11134390924,
    17.461743259718));
#1714 = CARTESIAN_POINT('',(34.065497229163,456.46049614922,
    17.890402105135));
#1715 = CARTESIAN_POINT('',(34.801790227469,458.86833605198,
    17.944381404882));
#1716 = CARTESIAN_POINT('',(35.178423506395,460.50098529561,
    17.802824491462));
#1717 = CARTESIAN_POINT('',(35.338578604116,461.32387616644,17.9));
#1718 = DEFINITIONAL_REPRESENTATION('',(#1719),#1725);
#1719 = B_SPLINE_CURVE_WITH_KNOTS('',4,(#1720,#1721,#1722,#1723,#1724),
  .UNSPECIFIED.,.F.,.F.,(5,5),(0.,1.),.PIECEWISE_BEZIER_KNOTS.);
#1720 = CARTESIAN_POINT('',(10.030869332836,0.573205578888));
#1721 = CARTESIAN_POINT('',(10.023152799812,0.573466273485));
#1722 = CARTESIAN_POINT('',(10.015435729097,0.573725341663));
#1723 = CARTESIAN_POINT('',(10.007718126112,0.573982799642));
#1724 = CARTESIAN_POINT('',(10.,0.574238674945));
#1725 = ( GEOMETRIC_REPRESENTATION_CONTEXT(2) 
PARAMETRIC_REPRESENTATION_CONTEXT() REPRESENTATION_CONTEXT('2D SPACE',''
  ) );
#1726 = ORIENTED_EDGE('',*,*,#1727,.T.);
#1727 = EDGE_CURVE('',#1652,#1728,#1730,.T.);
#1728 = VERTEX_POINT('',#1729);
#1729 = CARTESIAN_POINT('',(36.813,432.866,18.3));
#1730 = SURFACE_CURVE('',#1731,(#1735,#1742),.PCURVE_S1.);
#1731 = LINE('',#1732,#1733);
#1732 = CARTESIAN_POINT('',(36.813,432.866,0.));
#1733 = VECTOR('',#1734,1.);
#1734 = DIRECTION('',(-0.,-0.,1.));
#1735 = PCURVE('',#1593,#1736);
#1736 = DEFINITIONAL_REPRESENTATION('',(#1737),#1741);
#1737 = LINE('',#1738,#1739);
#1738 = CARTESIAN_POINT('',(0.,0.));
#1739 = VECTOR('',#1740,1.);
#1740 = DIRECTION('',(0.,-1.));
#1741 = ( GEOMETRIC_REPRESENTATION_CONTEXT(2) 
PARAMETRIC_REPRESENTATION_CONTEXT() REPRESENTATION_CONTEXT('2D SPACE',''
  ) );
#1742 = PCURVE('',#1743,#1751);
#1743 = SURFACE_OF_LINEAR_EXTRUSION('',#1744,#1749);
#1744 = B_SPLINE_CURVE_WITH_KNOTS('',3,(#1745,#1746,#1747,#1748),
  .UNSPECIFIED.,.F.,.F.,(4,4),(0.,1.),.PIECEWISE_BEZIER_KNOTS.);
#1745 = CARTESIAN_POINT('',(49.177,453.457,0.));
#1746 = CARTESIAN_POINT('',(46.712,445.62,0.));
#1747 = CARTESIAN_POINT('',(42.425,438.592,0.));
#1748 = CARTESIAN_POINT('',(36.813,432.866,0.));
#1749 = VECTOR('',#1750,1.);
#1750 = DIRECTION('',(0.,0.,-1.));
#1751 = DEFINITIONAL_REPRESENTATION('',(#1752),#1756);
#1752 = LINE('',#1753,#1754);
#1753 = CARTESIAN_POINT('',(1.,0.));
#1754 = VECTOR('',#1755,1.);
#1755 = DIRECTION('',(0.,-1.));
#1756 = ( GEOMETRIC_REPRESENTATION_CONTEXT(2) 
PARAMETRIC_REPRESENTATION_CONTEXT() REPRESENTATION_CONTEXT('2D SPACE',''
  ) );
#1757 = ORIENTED_EDGE('',*,*,#1758,.T.);
#1758 = EDGE_CURVE('',#1728,#1578,#1759,.T.);
#1759 = SURFACE_CURVE('',#1760,(#1764,#1771),.PCURVE_S1.);
#1760 = LINE('',#1761,#1762);
#1761 = CARTESIAN_POINT('',(36.813,432.866,18.3));
#1762 = VECTOR('',#1763,1.);
#1763 = DIRECTION('',(0.816126178543,-0.577873741138,0.));
#1764 = PCURVE('',#1593,#1765);
#1765 = DEFINITIONAL_REPRESENTATION('',(#1766),#1770);
#1766 = LINE('',#1767,#1768);
#1767 = CARTESIAN_POINT('',(0.,-18.3));
#1768 = VECTOR('',#1769,1.);
#1769 = DIRECTION('',(1.,0.));
#1770 = ( GEOMETRIC_REPRESENTATION_CONTEXT(2) 
PARAMETRIC_REPRESENTATION_CONTEXT() REPRESENTATION_CONTEXT('2D SPACE',''
  ) );
#1771 = PCURVE('',#375,#1772);
#1772 = DEFINITIONAL_REPRESENTATION('',(#1773),#1777);
#1773 = LINE('',#1774,#1775);
#1774 = CARTESIAN_POINT('',(-36.81219301259,201.24720413799));
#1775 = VECTOR('',#1776,1.);
#1776 = DIRECTION('',(-0.816126178543,-0.577873741138));
#1777 = ( GEOMETRIC_REPRESENTATION_CONTEXT(2) 
PARAMETRIC_REPRESENTATION_CONTEXT() REPRESENTATION_CONTEXT('2D SPACE',''
  ) );
#1778 = ORIENTED_EDGE('',*,*,#1575,.F.);
#1779 = ORIENTED_EDGE('',*,*,#1780,.F.);
#1780 = EDGE_CURVE('',#1781,#1576,#1783,.T.);
#1781 = VERTEX_POINT('',#1782);
#1782 = CARTESIAN_POINT('',(45.85486990724,426.46373117497,0.));
#1783 = SURFACE_CURVE('',#1784,(#1788,#1795),.PCURVE_S1.);
#1784 = LINE('',#1785,#1786);
#1785 = CARTESIAN_POINT('',(36.813,432.866,0.));
#1786 = VECTOR('',#1787,1.);
#1787 = DIRECTION('',(0.816126178543,-0.577873741138,0.));
#1788 = PCURVE('',#1593,#1789);
#1789 = DEFINITIONAL_REPRESENTATION('',(#1790),#1794);
#1790 = LINE('',#1791,#1792);
#1791 = CARTESIAN_POINT('',(0.,0.));
#1792 = VECTOR('',#1793,1.);
#1793 = DIRECTION('',(1.,0.));
#1794 = ( GEOMETRIC_REPRESENTATION_CONTEXT(2) 
PARAMETRIC_REPRESENTATION_CONTEXT() REPRESENTATION_CONTEXT('2D SPACE',''
  ) );
#1795 = PCURVE('',#435,#1796);
#1796 = DEFINITIONAL_REPRESENTATION('',(#1797),#1801);
#1797 = LINE('',#1798,#1799);
#1798 = CARTESIAN_POINT('',(-36.81219301259,201.24720413799));
#1799 = VECTOR('',#1800,1.);
#1800 = DIRECTION('',(-0.816126178543,-0.577873741138));
#1801 = ( GEOMETRIC_REPRESENTATION_CONTEXT(2) 
PARAMETRIC_REPRESENTATION_CONTEXT() REPRESENTATION_CONTEXT('2D SPACE',''
  ) );
#1802 = ORIENTED_EDGE('',*,*,#1803,.F.);
#1803 = EDGE_CURVE('',#1804,#1781,#1806,.T.);
#1804 = VERTEX_POINT('',#1805);
#1805 = CARTESIAN_POINT('',(44.775478764678,427.22801470624,
    0.616555831803));
#1806 = SURFACE_CURVE('',#1807,(#1813,#1822),.PCURVE_S1.);
#1807 = B_SPLINE_CURVE_WITH_KNOTS('',4,(#1808,#1809,#1810,#1811,#1812),
  .UNSPECIFIED.,.F.,.F.,(5,5),(0.,1.),.PIECEWISE_BEZIER_KNOTS.);
#1808 = CARTESIAN_POINT('',(44.775478764678,427.22801470624,
    0.616555831803));
#1809 = CARTESIAN_POINT('',(45.045364679615,427.03691682525,
    0.462506760519));
#1810 = CARTESIAN_POINT('',(45.315225027436,426.84583704754,
    0.308398116523));
#1811 = CARTESIAN_POINT('',(45.585060020728,426.65477522258,
    0.154229304157));
#1812 = CARTESIAN_POINT('',(45.854869907239,426.46373117497,0.));
#1813 = PCURVE('',#1593,#1814);
#1814 = DEFINITIONAL_REPRESENTATION('',(#1815),#1821);
#1815 = B_SPLINE_CURVE_WITH_KNOTS('',4,(#1816,#1817,#1818,#1819,#1820),
  .UNSPECIFIED.,.F.,.F.,(5,5),(0.,1.),.PIECEWISE_BEZIER_KNOTS.);
#1816 = CARTESIAN_POINT('',(9.756431020129,-0.616555831803));
#1817 = CARTESIAN_POINT('',(10.087122427944,-0.462506760519));
#1818 = CARTESIAN_POINT('',(10.417782508352,-0.308398116523));
#1819 = CARTESIAN_POINT('',(10.748411521839,-0.154229304157));
#1820 = CARTESIAN_POINT('',(11.079009771968,0.));
#1821 = ( GEOMETRIC_REPRESENTATION_CONTEXT(2) 
PARAMETRIC_REPRESENTATION_CONTEXT() REPRESENTATION_CONTEXT('2D SPACE',''
  ) );
#1822 = PCURVE('',#1823,#1868);
#1823 = ( BOUNDED_SURFACE() B_SPLINE_SURFACE(1,3,(
    (#1824,#1825,#1826,#1827,#1828,#1829,#1830,#1831,#1832,#1833,#1834
      ,#1835,#1836,#1837,#1838,#1839,#1840,#1841,#1842,#1843,#1844,#1845
      )
    ,(#1846,#1847,#1848,#1849,#1850,#1851,#1852,#1853,#1854,#1855,#1856
      ,#1857,#1858,#1859,#1860,#1861,#1862,#1863,#1864,#1865,#1866,#1867
)),.UNSPECIFIED.,.F.,.F.,.F.) B_SPLINE_SURFACE_WITH_KNOTS((2,2),(4,1,1,1
    ,1,1,1,1,1,1,1,1,1,1,1,1,1,1,1,4),(2.,3.),(0.,5.218380768594E-02,
    0.104924849979,0.158249728388,0.212037422186,0.266073258756,
    0.320098130577,0.373854821642,0.427134464983,0.479826107743,
    0.531971081028,0.583831321693,0.635742389654,0.687819682816,
    0.740024789052,0.792245645251,0.844362126807,0.89631140842,
0.94815736877,1.),.UNSPECIFIED.) GEOMETRIC_REPRESENTATION_ITEM() 
RATIONAL_B_SPLINE_SURFACE((
    (1.,1.000000000002,0.999999999999,1.,1.,1.,1.,1.,1.,1.,1.,1.,1.,1.
      ,1.,1.,1.,1.000000000001,0.999999999997,1.000000000012
      ,0.999999999975,1.)
    ,(1.,1.000000000002,0.999999999999,1.,1.,1.,1.,1.,1.,1.,1.,1.,1.,1.
      ,1.,1.,1.,1.000000000001,0.999999999997,1.000000000012
,0.999999999975,1.))) REPRESENTATION_ITEM('') SURFACE() );
#1824 = CARTESIAN_POINT('',(3.244829287063,406.27796884521,0.));
#1825 = CARTESIAN_POINT('',(4.69176532598,406.35380839169,0.));
#1826 = CARTESIAN_POINT('',(7.585395869083,406.60792045801,0.));
#1827 = CARTESIAN_POINT('',(11.863474786567,407.28731733497,0.));
#1828 = CARTESIAN_POINT('',(16.078037442023,408.26193480747,0.));
#1829 = CARTESIAN_POINT('',(20.211072190217,409.52662658964,0.));
#1830 = CARTESIAN_POINT('',(24.244543502529,411.07530086091,0.));
#1831 = CARTESIAN_POINT('',(28.160542519752,412.90091310471,0.));
#1832 = CARTESIAN_POINT('',(31.941538845156,414.995493962,0.));
#1833 = CARTESIAN_POINT('',(35.570680447443,417.35038310376,0.));
#1834 = CARTESIAN_POINT('',(39.031567808679,419.9561056627,0.));
#1835 = CARTESIAN_POINT('',(42.309506403417,422.80372258841,0.));
#1836 = CARTESIAN_POINT('',(45.382873026063,425.87674042939,0.));
#1837 = CARTESIAN_POINT('',(48.226752027442,429.14904540363,0.));
#1838 = CARTESIAN_POINT('',(50.831795885157,432.60688414214,0.));
#1839 = CARTESIAN_POINT('',(53.187830163267,436.23530335481,0.));
#1840 = CARTESIAN_POINT('',(55.285213459547,440.01878953607,0.));
#1841 = CARTESIAN_POINT('',(57.11482578882,443.94125895454,0.));
#1842 = CARTESIAN_POINT('',(58.668356339385,447.98702114686,0.));
#1843 = CARTESIAN_POINT('',(59.936416501855,452.13385653031,0.));
#1844 = CARTESIAN_POINT('',(60.58506270763,454.94564135035,0.));
#1845 = CARTESIAN_POINT('',(60.860885373755,456.36284228665,0.));
#1846 = CARTESIAN_POINT('',(3.176138344494,407.58867010958,
    7.60576107626E-03));
#1847 = CARTESIAN_POINT('',(4.592443680595,407.66290417856,
    1.423644321727E-02));
#1848 = CARTESIAN_POINT('',(7.424817932516,407.91163686112,
    3.58404997389E-02));
#1849 = CARTESIAN_POINT('',(11.612332679141,408.57665134259,
    8.76602790618E-02));
#1850 = CARTESIAN_POINT('',(15.737675762316,409.5306367925,
    0.154011827386));
#1851 = CARTESIAN_POINT('',(19.783216831348,410.76855586543,
    0.229954083507));
#1852 = CARTESIAN_POINT('',(23.731302158222,412.28444570157,
    0.310580091835));
#1853 = CARTESIAN_POINT('',(27.5644020027,414.07141091196,0.39101617056)
  );
#1854 = CARTESIAN_POINT('',(31.265357075248,416.12165084385,
    0.466318545608));
#1855 = CARTESIAN_POINT('',(34.817672091197,418.42668850176,
    0.531784202236));
#1856 = CARTESIAN_POINT('',(38.205294699826,420.97724959524,
    0.58172341761));
#1857 = CARTESIAN_POINT('',(41.413841449313,423.76458430781,
    0.613857743468));
#1858 = CARTESIAN_POINT('',(44.422146883374,426.77254834369,
    0.61292454834));
#1859 = CARTESIAN_POINT('',(47.205822801055,429.97558073279,
    0.627431188718));
#1860 = CARTESIAN_POINT('',(49.755719560975,433.36021925607,
    0.654419172488));
#1861 = CARTESIAN_POINT('',(52.06187811344,436.91182717494,
    0.687527644944));
#1862 = CARTESIAN_POINT('',(54.114861158488,440.61521939464,
    0.721366773763));
#1863 = CARTESIAN_POINT('',(55.905741775145,444.45465266634,
    0.750309280691));
#1864 = CARTESIAN_POINT('',(57.426385086235,448.4147686825,
    0.768728215454));
#1865 = CARTESIAN_POINT('',(58.667601233156,452.47381823893,
    0.771047638493));
#1866 = CARTESIAN_POINT('',(59.30251601727,455.22607938175,
    0.764965114862));
#1867 = CARTESIAN_POINT('',(59.57249969548,456.61327909308,0.769140625)
  );
#1868 = DEFINITIONAL_REPRESENTATION('',(#1869),#1875);
#1869 = B_SPLINE_CURVE_WITH_KNOTS('',4,(#1870,#1871,#1872,#1873,#1874),
  .UNSPECIFIED.,.F.,.F.,(5,5),(0.,1.),.PIECEWISE_BEZIER_KNOTS.);
#1870 = CARTESIAN_POINT('',(3.,0.590891961438));
#1871 = CARTESIAN_POINT('',(2.750006405572,0.591396072551));
#1872 = CARTESIAN_POINT('',(2.500008065951,0.591892882503));
#1873 = CARTESIAN_POINT('',(2.25000572095,0.592382628354));
#1874 = CARTESIAN_POINT('',(2.,0.592865527813));
#1875 = ( GEOMETRIC_REPRESENTATION_CONTEXT(2) 
PARAMETRIC_REPRESENTATION_CONTEXT() REPRESENTATION_CONTEXT('2D SPACE',''
  ) );
#1876 = ORIENTED_EDGE('',*,*,#1877,.F.);
#1877 = EDGE_CURVE('',#1878,#1804,#1880,.T.);
#1878 = VERTEX_POINT('',#1879);
#1879 = CARTESIAN_POINT('',(43.695719142457,427.99255914658,
    2.240786559408));
#1880 = SURFACE_CURVE('',#1881,(#1887,#1896),.PCURVE_S1.);
#1881 = B_SPLINE_CURVE_WITH_KNOTS('',4,(#1882,#1883,#1884,#1885,#1886),
  .UNSPECIFIED.,.F.,.F.,(5,5),(0.,1.),.PIECEWISE_BEZIER_KNOTS.);
#1882 = CARTESIAN_POINT('',(43.695719142457,427.99255914658,
    2.240786559408));
#1883 = CARTESIAN_POINT('',(43.965763020366,427.80134941688,1.834864527)
  );
#1884 = CARTESIAN_POINT('',(44.235737819541,427.61018859971,
    1.428852811319));
#1885 = CARTESIAN_POINT('',(44.505643114228,427.41907699651,
    1.022750161052));
#1886 = CARTESIAN_POINT('',(44.775478764678,427.22801470624,
    0.616555831803));
#1887 = PCURVE('',#1593,#1888);
#1888 = DEFINITIONAL_REPRESENTATION('',(#1889),#1895);
#1889 = B_SPLINE_CURVE_WITH_KNOTS('',4,(#1890,#1891,#1892,#1893,#1894),
  .UNSPECIFIED.,.F.,.F.,(5,5),(0.,1.),.PIECEWISE_BEZIER_KNOTS.);
#1890 = CARTESIAN_POINT('',(8.433400769894,-2.240786559408));
#1891 = CARTESIAN_POINT('',(8.764285729854,-1.834864527));
#1892 = CARTESIAN_POINT('',(9.095086047589,-1.428852811319));
#1893 = CARTESIAN_POINT('',(9.425801201426,-1.022750161052));
#1894 = CARTESIAN_POINT('',(9.756431020129,-0.616555831803));
#1895 = ( GEOMETRIC_REPRESENTATION_CONTEXT(2) 
PARAMETRIC_REPRESENTATION_CONTEXT() REPRESENTATION_CONTEXT('2D SPACE',''
  ) );
#1896 = PCURVE('',#1897,#1942);
#1897 = ( BOUNDED_SURFACE() B_SPLINE_SURFACE(1,3,(
    (#1898,#1899,#1900,#1901,#1902,#1903,#1904,#1905,#1906,#1907,#1908
      ,#1909,#1910,#1911,#1912,#1913,#1914,#1915,#1916,#1917,#1918,#1919
      )
    ,(#1920,#1921,#1922,#1923,#1924,#1925,#1926,#1927,#1928,#1929,#1930
      ,#1931,#1932,#1933,#1934,#1935,#1936,#1937,#1938,#1939,#1940,#1941
)),.UNSPECIFIED.,.F.,.F.,.F.) B_SPLINE_SURFACE_WITH_KNOTS((2,2),(4,1,1,1
    ,1,1,1,1,1,1,1,1,1,1,1,1,1,1,1,4),(3.,4.),(0.,5.218380768594E-02,
    0.104924849979,0.158249728388,0.212037422186,0.266073258756,
    0.320098130577,0.373854821642,0.427134464983,0.479826107743,
    0.531971081028,0.583831321693,0.635742389654,0.687819682816,
    0.740024789052,0.792245645251,0.844362126807,0.89631140842,
0.94815736877,1.),.UNSPECIFIED.) GEOMETRIC_REPRESENTATION_ITEM() 
RATIONAL_B_SPLINE_SURFACE((
    (1.,1.000000000002,0.999999999999,1.,1.,1.,1.,1.,1.,1.,1.,1.,1.,1.
      ,1.,1.,1.,1.000000000001,0.999999999997,1.000000000012
      ,0.999999999975,1.)
    ,(1.,1.000000000002,0.999999999999,1.,1.,1.,1.,1.,1.,1.,1.,1.,1.,1.
      ,1.,1.,1.,1.000000000001,0.999999999997,1.000000000012
,0.999999999975,1.))) REPRESENTATION_ITEM('') SURFACE() );
#1898 = CARTESIAN_POINT('',(3.176138344494,407.58867010958,
    7.60576107626E-03));
#1899 = CARTESIAN_POINT('',(4.592443680595,407.66290417856,
    1.423644321727E-02));
#1900 = CARTESIAN_POINT('',(7.424817932516,407.91163686112,
    3.58404997389E-02));
#1901 = CARTESIAN_POINT('',(11.612332679141,408.57665134259,
    8.76602790618E-02));
#1902 = CARTESIAN_POINT('',(15.737675762316,409.5306367925,
    0.154011827386));
#1903 = CARTESIAN_POINT('',(19.783216831348,410.76855586543,
    0.229954083507));
#1904 = CARTESIAN_POINT('',(23.731302158222,412.28444570157,
    0.310580091835));
#1905 = CARTESIAN_POINT('',(27.5644020027,414.07141091196,0.39101617056)
  );
#1906 = CARTESIAN_POINT('',(31.265357075248,416.12165084385,
    0.466318545608));
#1907 = CARTESIAN_POINT('',(34.817672091197,418.42668850176,
    0.531784202236));
#1908 = CARTESIAN_POINT('',(38.205294699826,420.97724959524,
    0.58172341761));
#1909 = CARTESIAN_POINT('',(41.413841449313,423.76458430781,
    0.613857743468));
#1910 = CARTESIAN_POINT('',(44.422146883374,426.77254834369,
    0.61292454834));
#1911 = CARTESIAN_POINT('',(47.205822801055,429.97558073279,
    0.627431188718));
#1912 = CARTESIAN_POINT('',(49.755719560975,433.36021925607,
    0.654419172488));
#1913 = CARTESIAN_POINT('',(52.06187811344,436.91182717494,
    0.687527644944));
#1914 = CARTESIAN_POINT('',(54.114861158488,440.61521939464,
    0.721366773763));
#1915 = CARTESIAN_POINT('',(55.905741775145,444.45465266634,
    0.750309280691));
#1916 = CARTESIAN_POINT('',(57.426385086235,448.4147686825,
    0.768728215454));
#1917 = CARTESIAN_POINT('',(58.667601233156,452.47381823893,
    0.771047638493));
#1918 = CARTESIAN_POINT('',(59.30251601727,455.22607938175,
    0.764965114862));
#1919 = CARTESIAN_POINT('',(59.57249969548,456.61327909308,0.769140625)
  );
#1920 = CARTESIAN_POINT('',(3.107447401925,408.89937137394,
    2.765731300458E-02));
#1921 = CARTESIAN_POINT('',(4.49312203543,408.97199997479,
    5.176888444234E-02));
#1922 = CARTESIAN_POINT('',(7.264239995846,409.21535325984,
    0.130329089952));
#1923 = CARTESIAN_POINT('',(11.361190571744,409.86598535141,
    0.318764651136));
#1924 = CARTESIAN_POINT('',(15.397314082601,410.79933877721,
    0.560043008675));
#1925 = CARTESIAN_POINT('',(19.355361472481,412.01048514131,
    0.836196667299));
#1926 = CARTESIAN_POINT('',(23.218060813915,413.4935905422,
    1.129382152128));
#1927 = CARTESIAN_POINT('',(26.968261485649,415.24190871923,
    1.421876983856));
#1928 = CARTESIAN_POINT('',(30.589175305341,417.2478077257,
    1.695703802211));
#1929 = CARTESIAN_POINT('',(34.06466373495,419.50299389977,
    1.933760735404));
#1930 = CARTESIAN_POINT('',(37.379021590973,421.99839352779,
    2.115357882218));
#1931 = CARTESIAN_POINT('',(40.518176495208,424.72544602721,
    2.232209976247));
#1932 = CARTESIAN_POINT('',(43.461420740685,427.66835625799,
    2.228816539417));
#1933 = CARTESIAN_POINT('',(46.184893574668,430.80211606194,
    2.281567958973));
#1934 = CARTESIAN_POINT('',(48.679643236792,434.11355437001,
    2.379706081773));
#1935 = CARTESIAN_POINT('',(50.935926063618,437.58835099498,
    2.500100527067));
#1936 = CARTESIAN_POINT('',(52.94450885741,441.21164925348,
    2.623151904594));
#1937 = CARTESIAN_POINT('',(54.696657761541,444.96804637713,
    2.728397384328));
#1938 = CARTESIAN_POINT('',(56.18441383282,448.84251622188,
    2.795375328938));
#1939 = CARTESIAN_POINT('',(57.398785965448,452.81377993364,
    2.803809594474));
#1940 = CARTESIAN_POINT('',(58.019969324773,455.5065174431,
    2.781691326875));
#1941 = CARTESIAN_POINT('',(58.284114017205,456.86371589951,2.796875));
#1942 = DEFINITIONAL_REPRESENTATION('',(#1943),#1949);
#1943 = B_SPLINE_CURVE_WITH_KNOTS('',4,(#1944,#1945,#1946,#1947,#1948),
  .UNSPECIFIED.,.F.,.F.,(5,5),(0.,1.),.PIECEWISE_BEZIER_KNOTS.);
#1944 = CARTESIAN_POINT('',(4.,0.588830619412));
#1945 = CARTESIAN_POINT('',(3.749948298153,0.589357525591));
#1946 = CARTESIAN_POINT('',(3.499930162964,0.589876546124));
#1947 = CARTESIAN_POINT('',(3.249947034756,0.590387944212));
#1948 = CARTESIAN_POINT('',(3.,0.590891961438));
#1949 = ( GEOMETRIC_REPRESENTATION_CONTEXT(2) 
PARAMETRIC_REPRESENTATION_CONTEXT() REPRESENTATION_CONTEXT('2D SPACE',''
  ) );
#1950 = ORIENTED_EDGE('',*,*,#1951,.F.);
#1951 = EDGE_CURVE('',#1952,#1878,#1954,.T.);
#1952 = VERTEX_POINT('',#1953);
#1953 = CARTESIAN_POINT('',(42.615565539031,428.75738255285,
    4.535166894219));
#1954 = SURFACE_CURVE('',#1955,(#1961,#1970),.PCURVE_S1.);
#1955 = B_SPLINE_CURVE_WITH_KNOTS('',4,(#1956,#1957,#1958,#1959,#1960),
  .UNSPECIFIED.,.F.,.F.,(5,5),(0.,1.),.PIECEWISE_BEZIER_KNOTS.);
#1956 = CARTESIAN_POINT('',(42.615565539031,428.75738255285,
    4.535166894219));
#1957 = CARTESIAN_POINT('',(42.885735766542,428.5660833589,
    3.961697424271));
#1958 = CARTESIAN_POINT('',(43.155818767388,428.37484592746,
    3.388145233826));
#1959 = CARTESIAN_POINT('',(43.425813433317,428.18367104324,
    2.814508642696));
#1960 = CARTESIAN_POINT('',(43.695719142457,427.99255914658,
    2.240786559408));
#1961 = PCURVE('',#1593,#1962);
#1962 = DEFINITIONAL_REPRESENTATION('',(#1963),#1969);
#1963 = B_SPLINE_CURVE_WITH_KNOTS('',4,(#1964,#1965,#1966,#1967,#1968),
  .UNSPECIFIED.,.F.,.F.,(5,5),(0.,1.),.PIECEWISE_BEZIER_KNOTS.);
#1964 = CARTESIAN_POINT('',(7.109887774202,-4.535166894219));
#1965 = CARTESIAN_POINT('',(7.440927550421,-3.961697424271));
#1966 = CARTESIAN_POINT('',(7.771860447743,-3.388145233826));
#1967 = CARTESIAN_POINT('',(8.102685108228,-2.814508642696));
#1968 = CARTESIAN_POINT('',(8.433400769894,-2.240786559408));
#1969 = ( GEOMETRIC_REPRESENTATION_CONTEXT(2) 
PARAMETRIC_REPRESENTATION_CONTEXT() REPRESENTATION_CONTEXT('2D SPACE',''
  ) );
#1970 = PCURVE('',#1971,#2016);
#1971 = ( BOUNDED_SURFACE() B_SPLINE_SURFACE(1,3,(
    (#1972,#1973,#1974,#1975,#1976,#1977,#1978,#1979,#1980,#1981,#1982
      ,#1983,#1984,#1985,#1986,#1987,#1988,#1989,#1990,#1991,#1992,#1993
      )
    ,(#1994,#1995,#1996,#1997,#1998,#1999,#2000,#2001,#2002,#2003,#2004
      ,#2005,#2006,#2007,#2008,#2009,#2010,#2011,#2012,#2013,#2014,#2015
)),.UNSPECIFIED.,.F.,.F.,.F.) B_SPLINE_SURFACE_WITH_KNOTS((2,2),(4,1,1,1
    ,1,1,1,1,1,1,1,1,1,1,1,1,1,1,1,4),(4.,5.),(0.,5.218380768594E-02,
    0.104924849979,0.158249728388,0.212037422186,0.266073258756,
    0.320098130577,0.373854821642,0.427134464983,0.479826107743,
    0.531971081028,0.583831321693,0.635742389654,0.687819682816,
    0.740024789052,0.792245645251,0.844362126807,0.89631140842,
0.94815736877,1.),.UNSPECIFIED.) GEOMETRIC_REPRESENTATION_ITEM() 
RATIONAL_B_SPLINE_SURFACE((
    (1.,1.000000000002,0.999999999999,1.,1.,1.,1.,1.,1.,1.,1.,1.,1.,1.
      ,1.,1.,1.,1.000000000001,0.999999999997,1.000000000012
      ,0.999999999975,1.)
    ,(1.,1.000000000002,0.999999999999,1.,1.,1.,1.,1.,1.,1.,1.,1.,1.,1.
      ,1.,1.,1.,1.000000000001,0.999999999997,1.000000000012
,0.999999999975,1.))) REPRESENTATION_ITEM('') SURFACE() );
#1972 = CARTESIAN_POINT('',(3.107447401925,408.89937137394,
    2.765731300458E-02));
#1973 = CARTESIAN_POINT('',(4.49312203543,408.97199997479,
    5.176888444234E-02));
#1974 = CARTESIAN_POINT('',(7.264239995846,409.21535325984,
    0.130329089952));
#1975 = CARTESIAN_POINT('',(11.361190571744,409.86598535141,
    0.318764651136));
#1976 = CARTESIAN_POINT('',(15.397314082601,410.79933877721,
    0.560043008675));
#1977 = CARTESIAN_POINT('',(19.355361472481,412.01048514131,
    0.836196667299));
#1978 = CARTESIAN_POINT('',(23.218060813915,413.4935905422,
    1.129382152128));
#1979 = CARTESIAN_POINT('',(26.968261485649,415.24190871923,
    1.421876983856));
#1980 = CARTESIAN_POINT('',(30.589175305341,417.2478077257,
    1.695703802211));
#1981 = CARTESIAN_POINT('',(34.06466373495,419.50299389977,
    1.933760735404));
#1982 = CARTESIAN_POINT('',(37.379021590973,421.99839352779,
    2.115357882218));
#1983 = CARTESIAN_POINT('',(40.518176495208,424.72544602721,
    2.232209976247));
#1984 = CARTESIAN_POINT('',(43.461420740685,427.66835625799,
    2.228816539417));
#1985 = CARTESIAN_POINT('',(46.184893574668,430.80211606194,
    2.281567958973));
#1986 = CARTESIAN_POINT('',(48.679643236792,434.11355437001,
    2.379706081773));
#1987 = CARTESIAN_POINT('',(50.935926063618,437.58835099498,
    2.500100527067));
#1988 = CARTESIAN_POINT('',(52.94450885741,441.21164925348,
    2.623151904594));
#1989 = CARTESIAN_POINT('',(54.696657761541,444.96804637713,
    2.728397384328));
#1990 = CARTESIAN_POINT('',(56.18441383282,448.84251622188,
    2.795375328938));
#1991 = CARTESIAN_POINT('',(57.398785965448,452.81377993364,
    2.803809594474));
#1992 = CARTESIAN_POINT('',(58.019969324773,455.5065174431,
    2.781691326875));
#1993 = CARTESIAN_POINT('',(58.284114017205,456.86371589951,2.796875));
#1994 = CARTESIAN_POINT('',(3.038756459356,410.21007263831,
    5.600605883428E-02));
#1995 = CARTESIAN_POINT('',(4.393800391163,410.28109575798,
    0.104831990987));
#1996 = CARTESIAN_POINT('',(7.103662058755,410.51906966467,
    0.263916407157));
#1997 = CARTESIAN_POINT('',(11.110048464461,411.15531935855,
    0.645498418549));
#1998 = CARTESIAN_POINT('',(15.056952402855,412.06804076237,
    1.134087092567));
#1999 = CARTESIAN_POINT('',(18.927506113623,413.25241441707,
    1.693298251281));
#2000 = CARTESIAN_POINT('',(22.704819469606,414.70273538286,
    2.286998858058));
#2001 = CARTESIAN_POINT('',(26.372120968598,416.41240652648,
    2.879300892308));
#2002 = CARTESIAN_POINT('',(29.912993535433,418.37396460756,
    3.433800199477));
#2003 = CARTESIAN_POINT('',(33.311655378704,420.57929929777,
    3.915865489194));
#2004 = CARTESIAN_POINT('',(36.55274848212,423.01953746033,
    4.283599711492));
#2005 = CARTESIAN_POINT('',(39.622511541104,425.6863077466,
    4.520225201901));
#2006 = CARTESIAN_POINT('',(42.500694597997,428.56416417228,
    4.51335349232));
#2007 = CARTESIAN_POINT('',(45.16396434828,431.6286513911,4.62017511692)
  );
#2008 = CARTESIAN_POINT('',(47.603566912611,434.86688948393,
    4.818904815591));
#2009 = CARTESIAN_POINT('',(49.809974013788,438.26487481513,
    5.062703567312));
#2010 = CARTESIAN_POINT('',(51.774156556358,441.80807911196,
    5.311882606801));
#2011 = CARTESIAN_POINT('',(53.48757374784,445.48144008927,
    5.525004703274));
#2012 = CARTESIAN_POINT('',(54.942442579768,449.27026375627,
    5.660635041065));
#2013 = CARTESIAN_POINT('',(56.129970696385,453.1537416469,
    5.677714428938));
#2014 = CARTESIAN_POINT('',(56.737422635196,455.78695546449,
    5.632924936645));
#2015 = CARTESIAN_POINT('',(56.99572833893,457.11415270594,5.663671875)
  );
#2016 = DEFINITIONAL_REPRESENTATION('',(#2017),#2023);
#2017 = B_SPLINE_CURVE_WITH_KNOTS('',4,(#2018,#2019,#2020,#2021,#2022),
  .UNSPECIFIED.,.F.,.F.,(5,5),(0.,1.),.PIECEWISE_BEZIER_KNOTS.);
#2018 = CARTESIAN_POINT('',(5.,0.586675489804));
#2019 = CARTESIAN_POINT('',(4.749925667601,0.587226694934));
#2020 = CARTESIAN_POINT('',(4.499899528115,0.587769429656));
#2021 = CARTESIAN_POINT('',(4.249923762134,0.588303982826));
#2022 = CARTESIAN_POINT('',(4.,0.588830619412));
#2023 = ( GEOMETRIC_REPRESENTATION_CONTEXT(2) 
PARAMETRIC_REPRESENTATION_CONTEXT() REPRESENTATION_CONTEXT('2D SPACE',''
  ) );
#2024 = ORIENTED_EDGE('',*,*,#2025,.F.);
#2025 = EDGE_CURVE('',#2026,#1952,#2028,.T.);
#2026 = VERTEX_POINT('',#2027);
#2027 = CARTESIAN_POINT('',(41.53499002566,429.52250470051,
    7.162999456921));
#2028 = SURFACE_CURVE('',#2029,(#2035,#2044),.PCURVE_S1.);
#2029 = B_SPLINE_CURVE_WITH_KNOTS('',4,(#2030,#2031,#2032,#2033,#2034),
  .UNSPECIFIED.,.F.,.F.,(5,5),(0.,1.),.PIECEWISE_BEZIER_KNOTS.);
#2030 = CARTESIAN_POINT('',(41.53499002566,429.52250470051,
    7.162999456921));
#2031 = CARTESIAN_POINT('',(41.805272187367,429.33112624942,
    6.506155965014));
#2032 = CARTESIAN_POINT('',(42.075463281781,429.13981228026,
    5.849237410666));
#2033 = CARTESIAN_POINT('',(42.345561462297,428.94856410056,
    5.192241567308));
#2034 = CARTESIAN_POINT('',(42.615565539031,428.75738255285,
    4.535166894219));
#2035 = PCURVE('',#1593,#2036);
#2036 = DEFINITIONAL_REPRESENTATION('',(#2037),#2043);
#2037 = B_SPLINE_CURVE_WITH_KNOTS('',4,(#2038,#2039,#2040,#2041,#2042),
  .UNSPECIFIED.,.F.,.F.,(5,5),(0.,1.),.PIECEWISE_BEZIER_KNOTS.);
#2038 = CARTESIAN_POINT('',(5.785857811948,-7.162999456921));
#2039 = CARTESIAN_POINT('',(6.117034741219,-6.506155965014));
#2040 = CARTESIAN_POINT('',(6.448100085669,-5.849237410666));
#2041 = CARTESIAN_POINT('',(6.779051582651,-5.192241567308));
#2042 = CARTESIAN_POINT('',(7.109887774202,-4.535166894219));
#2043 = ( GEOMETRIC_REPRESENTATION_CONTEXT(2) 
PARAMETRIC_REPRESENTATION_CONTEXT() REPRESENTATION_CONTEXT('2D SPACE',''
  ) );
#2044 = PCURVE('',#2045,#2090);
#2045 = ( BOUNDED_SURFACE() B_SPLINE_SURFACE(1,3,(
    (#2046,#2047,#2048,#2049,#2050,#2051,#2052,#2053,#2054,#2055,#2056
      ,#2057,#2058,#2059,#2060,#2061,#2062,#2063,#2064,#2065,#2066,#2067
      )
    ,(#2068,#2069,#2070,#2071,#2072,#2073,#2074,#2075,#2076,#2077,#2078
      ,#2079,#2080,#2081,#2082,#2083,#2084,#2085,#2086,#2087,#2088,#2089
)),.UNSPECIFIED.,.F.,.F.,.F.) B_SPLINE_SURFACE_WITH_KNOTS((2,2),(4,1,1,1
    ,1,1,1,1,1,1,1,1,1,1,1,1,1,1,1,4),(5.,6.),(0.,5.218380768594E-02,
    0.104924849979,0.158249728388,0.212037422186,0.266073258756,
    0.320098130577,0.373854821642,0.427134464983,0.479826107743,
    0.531971081028,0.583831321693,0.635742389654,0.687819682816,
    0.740024789052,0.792245645251,0.844362126807,0.89631140842,
0.94815736877,1.),.UNSPECIFIED.) GEOMETRIC_REPRESENTATION_ITEM() 
RATIONAL_B_SPLINE_SURFACE((
    (1.,1.000000000002,0.999999999999,1.,1.,1.,1.,1.,1.,1.,1.,1.,1.,1.
      ,1.,1.,1.,1.000000000001,0.999999999997,1.000000000012
      ,0.999999999975,1.)
    ,(1.,1.000000000002,0.999999999999,1.,1.,1.,1.,1.,1.,1.,1.,1.,1.,1.
      ,1.,1.,1.,1.000000000001,0.999999999997,1.000000000012
,0.999999999975,1.))) REPRESENTATION_ITEM('') SURFACE() );
#2046 = CARTESIAN_POINT('',(3.038756459356,410.21007263831,
    5.600605883428E-02));
#2047 = CARTESIAN_POINT('',(4.393800391163,410.28109575798,
    0.104831990987));
#2048 = CARTESIAN_POINT('',(7.103662058755,410.51906966467,
    0.263916407157));
#2049 = CARTESIAN_POINT('',(11.110048464461,411.15531935855,
    0.645498418549));
#2050 = CARTESIAN_POINT('',(15.056952402855,412.06804076237,
    1.134087092567));
#2051 = CARTESIAN_POINT('',(18.927506113623,413.25241441707,
    1.693298251281));
#2052 = CARTESIAN_POINT('',(22.704819469606,414.70273538286,
    2.286998858058));
#2053 = CARTESIAN_POINT('',(26.372120968598,416.41240652648,
    2.879300892308));
#2054 = CARTESIAN_POINT('',(29.912993535433,418.37396460756,
    3.433800199477));
#2055 = CARTESIAN_POINT('',(33.311655378704,420.57929929777,
    3.915865489194));
#2056 = CARTESIAN_POINT('',(36.55274848212,423.01953746033,
    4.283599711492));
#2057 = CARTESIAN_POINT('',(39.622511541104,425.6863077466,
    4.520225201901));
#2058 = CARTESIAN_POINT('',(42.500694597997,428.56416417228,
    4.51335349232));
#2059 = CARTESIAN_POINT('',(45.16396434828,431.6286513911,4.62017511692)
  );
#2060 = CARTESIAN_POINT('',(47.603566912611,434.86688948393,
    4.818904815591));
#2061 = CARTESIAN_POINT('',(49.809974013788,438.26487481513,
    5.062703567312));
#2062 = CARTESIAN_POINT('',(51.774156556358,441.80807911196,
    5.311882606801));
#2063 = CARTESIAN_POINT('',(53.48757374784,445.48144008927,
    5.525004703274));
#2064 = CARTESIAN_POINT('',(54.942442579768,449.27026375627,
    5.660635041065));
#2065 = CARTESIAN_POINT('',(56.129970696385,453.1537416469,
    5.677714428938));
#2066 = CARTESIAN_POINT('',(56.737422635196,455.78695546449,
    5.632924936645));
#2067 = CARTESIAN_POINT('',(56.99572833893,457.11415270594,5.663671875)
  );
#2068 = CARTESIAN_POINT('',(2.970065516787,411.52077390267,
    8.850340161467E-02));
#2069 = CARTESIAN_POINT('',(4.294478745538,411.59019154871,
    0.165660430271));
#2070 = CARTESIAN_POINT('',(6.943084122301,411.82278606597,
    0.417053087821));
#2071 = CARTESIAN_POINT('',(10.858906357005,412.44465336666,
    1.020046883642));
#2072 = CARTESIAN_POINT('',(14.716590723157,413.33674274727,
    1.792137627757));
#2073 = CARTESIAN_POINT('',(18.499650754751,414.4943436929,
    2.675829335358));
#2074 = CARTESIAN_POINT('',(22.1915781253,415.91188022351,3.614022886808
    ));
#2075 = CARTESIAN_POINT('',(25.775980451547,417.58290433374,
    4.550006348339));
#2076 = CARTESIAN_POINT('',(29.236811765526,419.50012148941,
    5.426252167074));
#2077 = CARTESIAN_POINT('',(32.558647022458,421.65560469578,
    6.188034353294));
#2078 = CARTESIAN_POINT('',(35.726475373267,424.04068139287,
    6.769145223098));
#2079 = CARTESIAN_POINT('',(38.726846586999,426.647169466,7.143071923991
    ));
#2080 = CARTESIAN_POINT('',(41.539968455308,429.45997208658,
    7.132212926135));
#2081 = CARTESIAN_POINT('',(44.143035121893,432.45518672026,
    7.301017468713));
#2082 = CARTESIAN_POINT('',(46.52749058843,435.62022459785,
    7.615059461674));
#2083 = CARTESIAN_POINT('',(48.684021963959,438.94139863524,
    8.000321686616));
#2084 = CARTESIAN_POINT('',(50.603804255308,442.40450897055,
    8.394086094699));
#2085 = CARTESIAN_POINT('',(52.278489734132,445.99483380099,
    8.730871629859));
#2086 = CARTESIAN_POINT('',(53.700471326736,449.69801129219,
    8.945201052568));
#2087 = CARTESIAN_POINT('',(54.861155427248,453.4937033545,
    8.972190702441));
#2088 = CARTESIAN_POINT('',(55.454875945781,456.06739349809,
    8.901412245731));
#2089 = CARTESIAN_POINT('',(55.707342660655,457.36458951238,8.95));
#2090 = DEFINITIONAL_REPRESENTATION('',(#2091),#2097);
#2091 = B_SPLINE_CURVE_WITH_KNOTS('',4,(#2092,#2093,#2094,#2095,#2096),
  .UNSPECIFIED.,.F.,.F.,(5,5),(0.,1.),.PIECEWISE_BEZIER_KNOTS.);
#2092 = CARTESIAN_POINT('',(6.,0.584419996577));
#2093 = CARTESIAN_POINT('',(5.74992315761,0.584997179271));
#2094 = CARTESIAN_POINT('',(5.499895678751,0.585565283178));
#2095 = CARTESIAN_POINT('',(5.249920540305,0.586124623657));
#2096 = CARTESIAN_POINT('',(5.,0.586675489804));
#2097 = ( GEOMETRIC_REPRESENTATION_CONTEXT(2) 
PARAMETRIC_REPRESENTATION_CONTEXT() REPRESENTATION_CONTEXT('2D SPACE',''
  ) );
#2098 = ORIENTED_EDGE('',*,*,#2099,.F.);
#2099 = EDGE_CURVE('',#2100,#2026,#2102,.T.);
#2100 = VERTEX_POINT('',#2101);
#2101 = CARTESIAN_POINT('',(40.453961984878,430.28794726886,
    9.788377134881));
#2102 = SURFACE_CURVE('',#2103,(#2109,#2118),.PCURVE_S1.);
#2103 = B_SPLINE_CURVE_WITH_KNOTS('',4,(#2104,#2105,#2106,#2107,#2108),
  .UNSPECIFIED.,.F.,.F.,(5,5),(0.,1.),.PIECEWISE_BEZIER_KNOTS.);
#2104 = CARTESIAN_POINT('',(40.453961984879,430.28794726886,
    9.788377134881));
#2105 = CARTESIAN_POINT('',(40.724352456584,430.0964921268,
    9.132141386742));
#2106 = CARTESIAN_POINT('',(40.994654647528,429.90509949362,
    8.47583417471));
#2107 = CARTESIAN_POINT('',(41.264867795241,429.7137699092,7.81945428157
    ));
#2108 = CARTESIAN_POINT('',(41.53499002566,429.52250470051,
    7.162999456921));
#2109 = PCURVE('',#1593,#2110);
#2110 = DEFINITIONAL_REPRESENTATION('',(#2111),#2117);
#2111 = B_SPLINE_CURVE_WITH_KNOTS('',4,(#2112,#2113,#2114,#2115,#2116),
  .UNSPECIFIED.,.F.,.F.,(5,5),(0.,1.),.PIECEWISE_BEZIER_KNOTS.);
#2112 = CARTESIAN_POINT('',(4.46127336753,-9.788377134881));
#2113 = CARTESIAN_POINT('',(4.79258300912,-9.132141386742));
#2114 = CARTESIAN_POINT('',(5.123784480229,-8.47583417471));
#2115 = CARTESIAN_POINT('',(5.454876846603,-7.81945428157));
#2116 = CARTESIAN_POINT('',(5.785857811948,-7.162999456921));
#2117 = ( GEOMETRIC_REPRESENTATION_CONTEXT(2) 
PARAMETRIC_REPRESENTATION_CONTEXT() REPRESENTATION_CONTEXT('2D SPACE',''
  ) );
#2118 = PCURVE('',#2119,#2164);
#2119 = ( BOUNDED_SURFACE() B_SPLINE_SURFACE(1,3,(
    (#2120,#2121,#2122,#2123,#2124,#2125,#2126,#2127,#2128,#2129,#2130
      ,#2131,#2132,#2133,#2134,#2135,#2136,#2137,#2138,#2139,#2140,#2141
      )
    ,(#2142,#2143,#2144,#2145,#2146,#2147,#2148,#2149,#2150,#2151,#2152
      ,#2153,#2154,#2155,#2156,#2157,#2158,#2159,#2160,#2161,#2162,#2163
)),.UNSPECIFIED.,.F.,.F.,.F.) B_SPLINE_SURFACE_WITH_KNOTS((2,2),(4,1,1,1
    ,1,1,1,1,1,1,1,1,1,1,1,1,1,1,1,4),(6.,7.),(0.,5.218380768594E-02,
    0.104924849979,0.158249728388,0.212037422186,0.266073258756,
    0.320098130577,0.373854821642,0.427134464983,0.479826107743,
    0.531971081028,0.583831321693,0.635742389654,0.687819682816,
    0.740024789052,0.792245645251,0.844362126807,0.89631140842,
0.94815736877,1.),.UNSPECIFIED.) GEOMETRIC_REPRESENTATION_ITEM() 
RATIONAL_B_SPLINE_SURFACE((
    (1.,1.000000000002,0.999999999999,1.,1.,1.,1.,1.,1.,1.,1.,1.,1.,1.
      ,1.,1.,1.,1.000000000001,0.999999999997,1.000000000012
      ,0.999999999975,1.)
    ,(1.,1.000000000002,0.999999999999,1.,1.,1.,1.,1.,1.,1.,1.,1.,1.,1.
      ,1.,1.,1.,1.000000000001,0.999999999997,1.000000000012
,0.999999999975,1.))) REPRESENTATION_ITEM('') SURFACE() );
#2120 = CARTESIAN_POINT('',(2.970065516787,411.52077390267,
    8.850340161467E-02));
#2121 = CARTESIAN_POINT('',(4.294478745538,411.59019154871,
    0.165660430271));
#2122 = CARTESIAN_POINT('',(6.943084122301,411.82278606597,
    0.417053087821));
#2123 = CARTESIAN_POINT('',(10.858906357005,412.44465336666,
    1.020046883642));
#2124 = CARTESIAN_POINT('',(14.716590723157,413.33674274727,
    1.792137627757));
#2125 = CARTESIAN_POINT('',(18.499650754751,414.4943436929,
    2.675829335358));
#2126 = CARTESIAN_POINT('',(22.1915781253,415.91188022351,3.614022886808
    ));
#2127 = CARTESIAN_POINT('',(25.775980451547,417.58290433374,
    4.550006348339));
#2128 = CARTESIAN_POINT('',(29.236811765526,419.50012148941,
    5.426252167074));
#2129 = CARTESIAN_POINT('',(32.558647022458,421.65560469578,
    6.188034353294));
#2130 = CARTESIAN_POINT('',(35.726475373267,424.04068139287,
    6.769145223098));
#2131 = CARTESIAN_POINT('',(38.726846586999,426.647169466,7.143071923991
    ));
#2132 = CARTESIAN_POINT('',(41.539968455308,429.45997208658,
    7.132212926135));
#2133 = CARTESIAN_POINT('',(44.143035121893,432.45518672026,
    7.301017468713));
#2134 = CARTESIAN_POINT('',(46.52749058843,435.62022459785,
    7.615059461674));
#2135 = CARTESIAN_POINT('',(48.684021963959,438.94139863524,
    8.000321686616));
#2136 = CARTESIAN_POINT('',(50.603804255308,442.40450897055,
    8.394086094699));
#2137 = CARTESIAN_POINT('',(52.278489734132,445.99483380099,
    8.730871629859));
#2138 = CARTESIAN_POINT('',(53.700471326736,449.69801129219,
    8.945201052568));
#2139 = CARTESIAN_POINT('',(54.861155427248,453.4937033545,
    8.972190702441));
#2140 = CARTESIAN_POINT('',(55.454875945781,456.06739349809,
    8.901412245731));
#2141 = CARTESIAN_POINT('',(55.707342660655,457.36458951238,8.95));
#2142 = CARTESIAN_POINT('',(2.901374574218,412.83147516704,
    0.121000744395));
#2143 = CARTESIAN_POINT('',(4.195157100673,412.89928734404,
    0.226488869442));
#2144 = CARTESIAN_POINT('',(6.78250618549,413.12650246511,0.570189768538
    ));
#2145 = CARTESIAN_POINT('',(10.607764249647,413.73398737536,
    1.39459534872));
#2146 = CARTESIAN_POINT('',(14.376229043431,414.60544473201,
    2.450188162951));
#2147 = CARTESIAN_POINT('',(18.071795395887,415.73627296877,
    3.658360419433));
#2148 = CARTESIAN_POINT('',(21.678336780992,417.12102506414,
    4.941046915558));
#2149 = CARTESIAN_POINT('',(25.179839934496,418.753402141,6.220711804369
    ));
#2150 = CARTESIAN_POINT('',(28.560629995618,420.62627837126,
    7.418704134672));
#2151 = CARTESIAN_POINT('',(31.805638666211,422.73191009378,
    8.460203217394));
#2152 = CARTESIAN_POINT('',(34.900202264414,425.06182532542,
    9.254690734705));
#2153 = CARTESIAN_POINT('',(37.831181632894,427.6080311854,
    9.765918646082));
#2154 = CARTESIAN_POINT('',(40.579242312619,430.35578000088,
    9.75107235995));
#2155 = CARTESIAN_POINT('',(43.122105895506,433.28172204941,
    9.981859820506));
#2156 = CARTESIAN_POINT('',(45.451414264248,436.37355971179,
    10.411214107758));
#2157 = CARTESIAN_POINT('',(47.558069914133,439.6179224553,
    10.937939805921));
#2158 = CARTESIAN_POINT('',(49.433451954244,443.00093882935,
    11.476289582596));
#2159 = CARTESIAN_POINT('',(51.069405720477,446.50822751196,
    11.936738556449));
#2160 = CARTESIAN_POINT('',(52.458500073514,450.12575883092,
    12.229767064054));
#2161 = CARTESIAN_POINT('',(53.592340158821,453.83366505159,
    12.266666976006));
#2162 = CARTESIAN_POINT('',(54.172329254834,456.34783155433,
    12.169899554684));
#2163 = CARTESIAN_POINT('',(54.41895698238,457.61502631881,12.236328125)
  );
#2164 = DEFINITIONAL_REPRESENTATION('',(#2165),#2171);
#2165 = B_SPLINE_CURVE_WITH_KNOTS('',4,(#2166,#2167,#2168,#2169,#2170),
  .UNSPECIFIED.,.F.,.F.,(5,5),(0.,1.),.PIECEWISE_BEZIER_KNOTS.);
#2166 = CARTESIAN_POINT('',(7.,0.5820569294));
#2167 = CARTESIAN_POINT('',(6.749931397619,0.582661954311));
#2168 = CARTESIAN_POINT('',(6.499906997514,0.583257246298));
#2169 = CARTESIAN_POINT('',(6.249928866987,0.583843155413));
#2170 = CARTESIAN_POINT('',(6.,0.584419996577));
#2171 = ( GEOMETRIC_REPRESENTATION_CONTEXT(2) 
PARAMETRIC_REPRESENTATION_CONTEXT() REPRESENTATION_CONTEXT('2D SPACE',''
  ) );
#2172 = ORIENTED_EDGE('',*,*,#2173,.F.);
#2173 = EDGE_CURVE('',#2174,#2100,#2176,.T.);
#2174 = VERTEX_POINT('',#2175);
#2175 = CARTESIAN_POINT('',(39.372448069928,431.0537338697,
    12.076058649123));
#2176 = SURFACE_CURVE('',#2177,(#2183,#2192),.PCURVE_S1.);
#2177 = B_SPLINE_CURVE_WITH_KNOTS('',4,(#2178,#2179,#2180,#2181,#2182),
  .UNSPECIFIED.,.F.,.F.,(5,5),(0.,1.),.PIECEWISE_BEZIER_KNOTS.);
#2178 = CARTESIAN_POINT('',(39.372448069929,431.05373386971,
    12.076058649123));
#2179 = CARTESIAN_POINT('',(39.642947341619,430.86220168974,
    11.504247112169));
#2180 = CARTESIAN_POINT('',(39.913366268225,430.67072639964,
    10.932363617555));
#2181 = CARTESIAN_POINT('',(40.183704760423,430.47930806266,
    10.360407451477));
#2182 = CARTESIAN_POINT('',(40.453961984879,430.28794726886,
    9.788377134881));
#2183 = PCURVE('',#1593,#2184);
#2184 = DEFINITIONAL_REPRESENTATION('',(#2185),#2191);
#2185 = B_SPLINE_CURVE_WITH_KNOTS('',4,(#2186,#2187,#2188,#2189,#2190),
  .UNSPECIFIED.,.F.,.F.,(5,5),(0.,1.),.PIECEWISE_BEZIER_KNOTS.);
#2186 = CARTESIAN_POINT('',(3.136093581139,-12.07605864912));
#2187 = CARTESIAN_POINT('',(3.46753653543,-11.50424711216));
#2188 = CARTESIAN_POINT('',(3.798881042829,-10.93236361755));
#2189 = CARTESIAN_POINT('',(4.130126993892,-10.36040745147));
#2190 = CARTESIAN_POINT('',(4.46127336753,-9.788377134881));
#2191 = ( GEOMETRIC_REPRESENTATION_CONTEXT(2) 
PARAMETRIC_REPRESENTATION_CONTEXT() REPRESENTATION_CONTEXT('2D SPACE',''
  ) );
#2192 = PCURVE('',#2193,#2238);
#2193 = ( BOUNDED_SURFACE() B_SPLINE_SURFACE(1,3,(
    (#2194,#2195,#2196,#2197,#2198,#2199,#2200,#2201,#2202,#2203,#2204
      ,#2205,#2206,#2207,#2208,#2209,#2210,#2211,#2212,#2213,#2214,#2215
      )
    ,(#2216,#2217,#2218,#2219,#2220,#2221,#2222,#2223,#2224,#2225,#2226
      ,#2227,#2228,#2229,#2230,#2231,#2232,#2233,#2234,#2235,#2236,#2237
)),.UNSPECIFIED.,.F.,.F.,.F.) B_SPLINE_SURFACE_WITH_KNOTS((2,2),(4,1,1,1
    ,1,1,1,1,1,1,1,1,1,1,1,1,1,1,1,4),(7.,8.),(0.,5.218380768594E-02,
    0.104924849979,0.158249728388,0.212037422186,0.266073258756,
    0.320098130577,0.373854821642,0.427134464983,0.479826107743,
    0.531971081028,0.583831321693,0.635742389654,0.687819682816,
    0.740024789052,0.792245645251,0.844362126807,0.89631140842,
0.94815736877,1.),.UNSPECIFIED.) GEOMETRIC_REPRESENTATION_ITEM() 
RATIONAL_B_SPLINE_SURFACE((
    (1.,1.000000000002,0.999999999999,1.,1.,1.,1.,1.,1.,1.,1.,1.,1.,1.
      ,1.,1.,1.,1.000000000001,0.999999999997,1.000000000012
      ,0.999999999975,1.)
    ,(1.,1.000000000002,0.999999999999,1.,1.,1.,1.,1.,1.,1.,1.,1.,1.,1.
      ,1.,1.,1.,1.000000000001,0.999999999997,1.000000000012
,0.999999999975,1.))) REPRESENTATION_ITEM('') SURFACE() );
#2194 = CARTESIAN_POINT('',(2.901374574218,412.83147516704,
    0.121000744395));
#2195 = CARTESIAN_POINT('',(4.195157100673,412.89928734404,
    0.226488869442));
#2196 = CARTESIAN_POINT('',(6.78250618549,413.12650246511,0.570189768538
    ));
#2197 = CARTESIAN_POINT('',(10.607764249647,413.73398737536,
    1.39459534872));
#2198 = CARTESIAN_POINT('',(14.376229043431,414.60544473201,
    2.450188162951));
#2199 = CARTESIAN_POINT('',(18.071795395887,415.73627296877,
    3.658360419433));
#2200 = CARTESIAN_POINT('',(21.678336780992,417.12102506414,
    4.941046915558));
#2201 = CARTESIAN_POINT('',(25.179839934496,418.753402141,6.220711804369
    ));
#2202 = CARTESIAN_POINT('',(28.560629995618,420.62627837126,
    7.418704134672));
#2203 = CARTESIAN_POINT('',(31.805638666211,422.73191009378,
    8.460203217394));
#2204 = CARTESIAN_POINT('',(34.900202264414,425.06182532542,
    9.254690734705));
#2205 = CARTESIAN_POINT('',(37.831181632894,427.6080311854,
    9.765918646082));
#2206 = CARTESIAN_POINT('',(40.579242312619,430.35578000088,
    9.75107235995));
#2207 = CARTESIAN_POINT('',(43.122105895506,433.28172204941,
    9.981859820506));
#2208 = CARTESIAN_POINT('',(45.451414264248,436.37355971179,
    10.411214107758));
#2209 = CARTESIAN_POINT('',(47.558069914133,439.6179224553,
    10.937939805921));
#2210 = CARTESIAN_POINT('',(49.433451954244,443.00093882935,
    11.476289582596));
#2211 = CARTESIAN_POINT('',(51.069405720477,446.50822751196,
    11.936738556449));
#2212 = CARTESIAN_POINT('',(52.458500073514,450.12575883092,
    12.229767064054));
#2213 = CARTESIAN_POINT('',(53.592340158821,453.83366505159,
    12.266666976006));
#2214 = CARTESIAN_POINT('',(54.172329254834,456.34783155433,
    12.169899554684));
#2215 = CARTESIAN_POINT('',(54.41895698238,457.61502631881,12.236328125)
  );
#2216 = CARTESIAN_POINT('',(2.832683631649,414.1421764314,0.149349490225
    ));
#2217 = CARTESIAN_POINT('',(4.095835455637,414.20838313446,
    0.279551975856));
#2218 = CARTESIAN_POINT('',(6.62192824876,414.43021886655,0.703777085804
    ));
#2219 = CARTESIAN_POINT('',(10.356622142266,415.02332138343,
    1.721329116117));
#2220 = CARTESIAN_POINT('',(14.035867363712,415.87414671692,
    3.024232246848));
#2221 = CARTESIAN_POINT('',(17.643940037021,416.9782022446,
    4.515462003414));
#2222 = CARTESIAN_POINT('',(21.165095436684,418.33016990478,
    6.098663621489));
#2223 = CARTESIAN_POINT('',(24.583699417444,419.92389994826,
    7.678135712821));
#2224 = CARTESIAN_POINT('',(27.88444822571,421.75243525311,
    9.156800531938));
#2225 = CARTESIAN_POINT('',(31.052630309965,423.80821549179,
    10.442307971183));
#2226 = CARTESIAN_POINT('',(34.073929155561,426.08296925796,
    11.422932563979));
#2227 = CARTESIAN_POINT('',(36.93551667879,428.5688929048,
    12.053933871735));
#2228 = CARTESIAN_POINT('',(39.61851616993,431.25158791518,
    12.035609312853));
#2229 = CARTESIAN_POINT('',(42.101176669118,434.10825737857,
    12.320466978454));
#2230 = CARTESIAN_POINT('',(44.375337940066,437.1268948257,
    12.850412841575));
#2231 = CARTESIAN_POINT('',(46.432117864307,440.29444627546,
    13.500542846165));
#2232 = CARTESIAN_POINT('',(48.263099653179,443.59736868779,
    14.165020284804));
#2233 = CARTESIAN_POINT('',(49.860321706824,447.02162122424,
    14.73334587539));
#2234 = CARTESIAN_POINT('',(51.21652882028,450.55350636476,
    15.095026776194));
#2235 = CARTESIAN_POINT('',(52.323524890435,454.17362676692,
    15.140571810419));
#2236 = CARTESIAN_POINT('',(52.889782563798,456.62826957127,
    15.021133164565));
#2237 = CARTESIAN_POINT('',(53.130571304105,457.86546312524,15.103125));
#2238 = DEFINITIONAL_REPRESENTATION('',(#2239),#2245);
#2239 = B_SPLINE_CURVE_WITH_KNOTS('',4,(#2240,#2241,#2242,#2243,#2244),
  .UNSPECIFIED.,.F.,.F.,(5,5),(0.,1.),.PIECEWISE_BEZIER_KNOTS.);
#2240 = CARTESIAN_POINT('',(8.,0.579578346671));
#2241 = CARTESIAN_POINT('',(7.749947228583,0.580213277682));
#2242 = CARTESIAN_POINT('',(7.49992849039,0.580837768));
#2243 = CARTESIAN_POINT('',(7.24994536966,0.581452202643));
#2244 = CARTESIAN_POINT('',(7.,0.5820569294));
#2245 = ( GEOMETRIC_REPRESENTATION_CONTEXT(2) 
PARAMETRIC_REPRESENTATION_CONTEXT() REPRESENTATION_CONTEXT('2D SPACE',''
  ) );
#2246 = ORIENTED_EDGE('',*,*,#2247,.F.);
#2247 = EDGE_CURVE('',#2248,#2174,#2250,.T.);
#2248 = VERTEX_POINT('',#2249);
#2249 = CARTESIAN_POINT('',(38.290411704419,431.81989040165,
    13.691341786244));
#2250 = SURFACE_CURVE('',#2251,(#2257,#2266),.PCURVE_S1.);
#2251 = B_SPLINE_CURVE_WITH_KNOTS('',4,(#2252,#2253,#2254,#2255,#2256),
  .UNSPECIFIED.,.F.,.F.,(5,5),(0.,1.),.PIECEWISE_BEZIER_KNOTS.);
#2252 = CARTESIAN_POINT('',(38.290411704419,431.81989040165,
    13.691341786244));
#2253 = CARTESIAN_POINT('',(38.561014397622,431.6282849921,
    13.287629495336));
#2254 = CARTESIAN_POINT('',(38.831554040197,431.43672422676,
    12.883844484393));
#2255 = CARTESIAN_POINT('',(39.102031845934,431.24520724617,
    12.479987694453));
#2256 = CARTESIAN_POINT('',(39.372448069928,431.05373386971,
    12.076058649123));
#2257 = PCURVE('',#1593,#2258);
#2258 = DEFINITIONAL_REPRESENTATION('',(#2259),#2265);
#2259 = B_SPLINE_CURVE_WITH_KNOTS('',4,(#2260,#2261,#2262,#2263,#2264),
  .UNSPECIFIED.,.F.,.F.,(5,5),(0.,1.),.PIECEWISE_BEZIER_KNOTS.);
#2260 = CARTESIAN_POINT('',(1.810273635697,-13.69134178624));
#2261 = CARTESIAN_POINT('',(2.141843312442,-13.28762949533));
#2262 = CARTESIAN_POINT('',(2.473335733208,-12.88384448439));
#2263 = CARTESIAN_POINT('',(2.80475238525,-12.47998769445));
#2264 = CARTESIAN_POINT('',(3.136093581139,-12.07605864912));
#2265 = ( GEOMETRIC_REPRESENTATION_CONTEXT(2) 
PARAMETRIC_REPRESENTATION_CONTEXT() REPRESENTATION_CONTEXT('2D SPACE',''
  ) );
#2266 = PCURVE('',#2267,#2312);
#2267 = ( BOUNDED_SURFACE() B_SPLINE_SURFACE(1,3,(
    (#2268,#2269,#2270,#2271,#2272,#2273,#2274,#2275,#2276,#2277,#2278
      ,#2279,#2280,#2281,#2282,#2283,#2284,#2285,#2286,#2287,#2288,#2289
      )
    ,(#2290,#2291,#2292,#2293,#2294,#2295,#2296,#2297,#2298,#2299,#2300
      ,#2301,#2302,#2303,#2304,#2305,#2306,#2307,#2308,#2309,#2310,#2311
)),.UNSPECIFIED.,.F.,.F.,.F.) B_SPLINE_SURFACE_WITH_KNOTS((2,2),(4,1,1,1
    ,1,1,1,1,1,1,1,1,1,1,1,1,1,1,1,4),(8.,9.),(0.,5.218380768594E-02,
    0.104924849979,0.158249728388,0.212037422186,0.266073258756,
    0.320098130577,0.373854821642,0.427134464983,0.479826107743,
    0.531971081028,0.583831321693,0.635742389654,0.687819682816,
    0.740024789052,0.792245645251,0.844362126807,0.89631140842,
0.94815736877,1.),.UNSPECIFIED.) GEOMETRIC_REPRESENTATION_ITEM() 
RATIONAL_B_SPLINE_SURFACE((
    (1.,1.000000000002,0.999999999999,1.,1.,1.,1.,1.,1.,1.,1.,1.,1.,1.
      ,1.,1.,1.,1.000000000001,0.999999999997,1.000000000012
      ,0.999999999975,1.)
    ,(1.,1.000000000002,0.999999999999,1.,1.,1.,1.,1.,1.,1.,1.,1.,1.,1.
      ,1.,1.,1.,1.000000000001,0.999999999997,1.000000000012
,0.999999999975,1.))) REPRESENTATION_ITEM('') SURFACE() );
#2268 = CARTESIAN_POINT('',(2.832683631649,414.1421764314,0.149349490225
    ));
#2269 = CARTESIAN_POINT('',(4.095835455637,414.20838313446,
    0.279551975856));
#2270 = CARTESIAN_POINT('',(6.62192824876,414.43021886655,0.703777085804
    ));
#2271 = CARTESIAN_POINT('',(10.356622142266,415.02332138343,
    1.721329116117));
#2272 = CARTESIAN_POINT('',(14.035867363712,415.87414671692,
    3.024232246848));
#2273 = CARTESIAN_POINT('',(17.643940037021,416.9782022446,
    4.515462003414));
#2274 = CARTESIAN_POINT('',(21.165095436684,418.33016990478,
    6.098663621489));
#2275 = CARTESIAN_POINT('',(24.583699417444,419.92389994826,
    7.678135712821));
#2276 = CARTESIAN_POINT('',(27.88444822571,421.75243525311,
    9.156800531938));
#2277 = CARTESIAN_POINT('',(31.052630309965,423.80821549179,
    10.442307971183));
#2278 = CARTESIAN_POINT('',(34.073929155561,426.08296925796,
    11.422932563979));
#2279 = CARTESIAN_POINT('',(36.93551667879,428.5688929048,
    12.053933871735));
#2280 = CARTESIAN_POINT('',(39.61851616993,431.25158791518,
    12.035609312853));
#2281 = CARTESIAN_POINT('',(42.101176669118,434.10825737857,
    12.320466978454));
#2282 = CARTESIAN_POINT('',(44.375337940066,437.1268948257,
    12.850412841575));
#2283 = CARTESIAN_POINT('',(46.432117864307,440.29444627546,
    13.500542846165));
#2284 = CARTESIAN_POINT('',(48.263099653179,443.59736868779,
    14.165020284804));
#2285 = CARTESIAN_POINT('',(49.860321706824,447.02162122424,
    14.73334587539));
#2286 = CARTESIAN_POINT('',(51.21652882028,450.55350636476,
    15.095026776194));
#2287 = CARTESIAN_POINT('',(52.323524890435,454.17362676692,
    15.140571810419));
#2288 = CARTESIAN_POINT('',(52.889782563798,456.62826957127,
    15.021133164565));
#2289 = CARTESIAN_POINT('',(53.130571304105,457.86546312524,15.103125));
#2290 = CARTESIAN_POINT('',(2.76399268908,415.45287769577,0.169401042153
    ));
#2291 = CARTESIAN_POINT('',(3.996513810359,415.51747891499,
    0.317084416987));
#2292 = CARTESIAN_POINT('',(6.461350312143,415.73393527263,
    0.798265676061));
#2293 = CARTESIAN_POINT('',(10.105480034854,416.31265539024,
    1.952433488179));
#2294 = CARTESIAN_POINT('',(13.695505684002,417.14284870218,
    3.43026342814));
#2295 = CARTESIAN_POINT('',(17.216084678153,418.22013152034,
    5.121704587205));
#2296 = CARTESIAN_POINT('',(20.651854092378,419.53931474545,
    6.917465681782));
#2297 = CARTESIAN_POINT('',(23.987558900393,421.09439775551,
    8.708996526117));
#2298 = CARTESIAN_POINT('',(27.208266455803,422.87859213497,
    10.386185788541));
#2299 = CARTESIAN_POINT('',(30.299621953719,424.88452088979,
    11.844284504351));
#2300 = CARTESIAN_POINT('',(33.247656046708,427.1041131905,
    12.956567028587));
#2301 = CARTESIAN_POINT('',(36.039851724685,429.5297546242,
    13.672286104514));
#2302 = CARTESIAN_POINT('',(38.657790027241,432.14739582947,
    13.651501303931));
#2303 = CARTESIAN_POINT('',(41.080247442731,434.93479270773,
    13.974603748709));
#2304 = CARTESIAN_POINT('',(43.299261615884,437.88022993964,
    14.575699750861));
#2305 = CARTESIAN_POINT('',(45.306165814479,440.97097009555,
    15.313115728289));
#2306 = CARTESIAN_POINT('',(47.092747352126,444.19379854648,
    16.066805415635));
#2307 = CARTESIAN_POINT('',(48.651237693128,447.5350149356,
    16.711433979028));
#2308 = CARTESIAN_POINT('',(49.974557567207,450.98125390206,
    17.121673889677));
#2309 = CARTESIAN_POINT('',(51.05470962145,454.51358846935,
    17.173333766404));
#2310 = CARTESIAN_POINT('',(51.607235874054,456.90870761601,
    17.037859376566));
#2311 = CARTESIAN_POINT('',(51.84218562583,458.11589993167,17.130859375)
  );
#2312 = DEFINITIONAL_REPRESENTATION('',(#2313),#2319);
#2313 = B_SPLINE_CURVE_WITH_KNOTS('',4,(#2314,#2315,#2316,#2317,#2318),
  .UNSPECIFIED.,.F.,.F.,(5,5),(0.,1.),.PIECEWISE_BEZIER_KNOTS.);
#2314 = CARTESIAN_POINT('',(9.,0.576975487854));
#2315 = CARTESIAN_POINT('',(8.749976888296,0.577642584647));
#2316 = CARTESIAN_POINT('',(8.499968714455,0.578298483991));
#2317 = CARTESIAN_POINT('',(8.249976001131,0.578943610595));
#2318 = CARTESIAN_POINT('',(8.,0.579578346671));
#2319 = ( GEOMETRIC_REPRESENTATION_CONTEXT(2) 
PARAMETRIC_REPRESENTATION_CONTEXT() REPRESENTATION_CONTEXT('2D SPACE',''
  ) );
#2320 = ORIENTED_EDGE('',*,*,#2321,.F.);
#2321 = EDGE_CURVE('',#1654,#2248,#2322,.T.);
#2322 = SURFACE_CURVE('',#2323,(#2329,#2338),.PCURVE_S1.);
#2323 = B_SPLINE_CURVE_WITH_KNOTS('',4,(#2324,#2325,#2326,#2327,#2328),
  .UNSPECIFIED.,.F.,.F.,(5,5),(0.,1.),.PIECEWISE_BEZIER_KNOTS.);
#2324 = CARTESIAN_POINT('',(37.207812476933,432.58644547878,
    14.2999885397));
#2325 = CARTESIAN_POINT('',(37.4785037416,432.39477735451,
    14.147888299289));
#2326 = CARTESIAN_POINT('',(37.749166242974,432.20312959665,
    13.995744273652));
#2327 = CARTESIAN_POINT('',(38.019801817906,432.01150090456,
    13.843561250846));
#2328 = CARTESIAN_POINT('',(38.290411704419,431.81989040165,
    13.691341786244));
#2329 = PCURVE('',#1593,#2330);
#2330 = DEFINITIONAL_REPRESENTATION('',(#2331),#2337);
#2331 = B_SPLINE_CURVE_WITH_KNOTS('',4,(#2332,#2333,#2334,#2335,#2336),
  .UNSPECIFIED.,.F.,.F.,(5,5),(0.,1.),.PIECEWISE_BEZIER_KNOTS.);
#2332 = CARTESIAN_POINT('',(0.483764015067,-14.2999885397));
#2333 = CARTESIAN_POINT('',(0.815442218491,-14.14788829928));
#2334 = CARTESIAN_POINT('',(1.147085178232,-13.99574427365));
#2335 = CARTESIAN_POINT('',(1.478695144983,-13.84356125084));
#2336 = CARTESIAN_POINT('',(1.810273635697,-13.69134178624));
#2337 = ( GEOMETRIC_REPRESENTATION_CONTEXT(2) 
PARAMETRIC_REPRESENTATION_CONTEXT() REPRESENTATION_CONTEXT('2D SPACE',''
  ) );
#2338 = PCURVE('',#2339,#2384);
#2339 = ( BOUNDED_SURFACE() B_SPLINE_SURFACE(1,3,(
    (#2340,#2341,#2342,#2343,#2344,#2345,#2346,#2347,#2348,#2349,#2350
      ,#2351,#2352,#2353,#2354,#2355,#2356,#2357,#2358,#2359,#2360,#2361
      )
    ,(#2362,#2363,#2364,#2365,#2366,#2367,#2368,#2369,#2370,#2371,#2372
      ,#2373,#2374,#2375,#2376,#2377,#2378,#2379,#2380,#2381,#2382,#2383
)),.UNSPECIFIED.,.F.,.F.,.F.) B_SPLINE_SURFACE_WITH_KNOTS((2,2),(4,1,1,1
    ,1,1,1,1,1,1,1,1,1,1,1,1,1,1,1,4),(9.,10.),(0.,5.218380768594E-02,
    0.104924849979,0.158249728388,0.212037422186,0.266073258756,
    0.320098130577,0.373854821642,0.427134464983,0.479826107743,
    0.531971081028,0.583831321693,0.635742389654,0.687819682816,
    0.740024789052,0.792245645251,0.844362126807,0.89631140842,
0.94815736877,1.),.UNSPECIFIED.) GEOMETRIC_REPRESENTATION_ITEM() 
RATIONAL_B_SPLINE_SURFACE((
    (1.,1.000000000002,0.999999999999,1.,1.,1.,1.,1.,1.,1.,1.,1.,1.,1.
      ,1.,1.,1.,1.000000000001,0.999999999997,1.000000000012
      ,0.999999999975,1.)
    ,(1.,1.000000000002,0.999999999999,1.,1.,1.,1.,1.,1.,1.,1.,1.,1.,1.
      ,1.,1.,1.,1.000000000001,0.999999999997,1.000000000012
,0.999999999975,1.))) REPRESENTATION_ITEM('') SURFACE() );
#2340 = CARTESIAN_POINT('',(2.76399268908,415.45287769577,0.169401042153
    ));
#2341 = CARTESIAN_POINT('',(3.996513810359,415.51747891499,
    0.317084416987));
#2342 = CARTESIAN_POINT('',(6.461350312143,415.73393527263,
    0.798265676061));
#2343 = CARTESIAN_POINT('',(10.105480034854,416.31265539024,
    1.952433488179));
#2344 = CARTESIAN_POINT('',(13.695505684002,417.14284870218,
    3.43026342814));
#2345 = CARTESIAN_POINT('',(17.216084678153,418.22013152034,
    5.121704587205));
#2346 = CARTESIAN_POINT('',(20.651854092378,419.53931474545,
    6.917465681782));
#2347 = CARTESIAN_POINT('',(23.987558900393,421.09439775551,
    8.708996526117));
#2348 = CARTESIAN_POINT('',(27.208266455803,422.87859213497,
    10.386185788541));
#2349 = CARTESIAN_POINT('',(30.299621953719,424.88452088979,
    11.844284504351));
#2350 = CARTESIAN_POINT('',(33.247656046708,427.1041131905,
    12.956567028587));
#2351 = CARTESIAN_POINT('',(36.039851724685,429.5297546242,
    13.672286104514));
#2352 = CARTESIAN_POINT('',(38.657790027241,432.14739582947,
    13.651501303931));
#2353 = CARTESIAN_POINT('',(41.080247442731,434.93479270773,
    13.974603748709));
#2354 = CARTESIAN_POINT('',(43.299261615884,437.88022993964,
    14.575699750861));
#2355 = CARTESIAN_POINT('',(45.306165814479,440.97097009555,
    15.313115728289));
#2356 = CARTESIAN_POINT('',(47.092747352126,444.19379854648,
    16.066805415635));
#2357 = CARTESIAN_POINT('',(48.651237693128,447.5350149356,
    16.711433979028));
#2358 = CARTESIAN_POINT('',(49.974557567207,450.98125390206,
    17.121673889677));
#2359 = CARTESIAN_POINT('',(51.05470962145,454.51358846935,
    17.173333766404));
#2360 = CARTESIAN_POINT('',(51.607235874054,456.90870761601,
    17.037859376566));
#2361 = CARTESIAN_POINT('',(51.84218562583,458.11589993167,17.130859375)
  );
#2362 = CARTESIAN_POINT('',(2.695301746512,416.76357896014,
    0.177006803229));
#2363 = CARTESIAN_POINT('',(3.897192165726,416.82657471491,
    0.331320860542));
#2364 = CARTESIAN_POINT('',(6.300772375224,417.03765166962,
    0.834106175642));
#2365 = CARTESIAN_POINT('',(9.854337927525,417.60198939953,
    2.040093767284));
#2366 = CARTESIAN_POINT('',(13.355144004268,418.41155068676,
    3.584275255514));
#2367 = CARTESIAN_POINT('',(16.788229319291,419.46206079625,
    5.351658670715));
#2368 = CARTESIAN_POINT('',(20.138612748069,420.74845958608,
    7.228045773616));
#2369 = CARTESIAN_POINT('',(23.391418383342,422.26489556278,
    9.100012696677));
#2370 = CARTESIAN_POINT('',(26.532084685895,424.00474901682,
    10.852504334148));
#2371 = CARTESIAN_POINT('',(29.546613597473,425.9608262878,
    12.376068706587));
#2372 = CARTESIAN_POINT('',(32.421382937855,428.12525712305,
    13.538290446197));
#2373 = CARTESIAN_POINT('',(35.144186770581,430.4906163436,
    14.286143847982));
#2374 = CARTESIAN_POINT('',(37.697063884553,433.04320374377,
    14.26442585227));
#2375 = CARTESIAN_POINT('',(40.059318216343,435.76132803689,
    14.602034937427));
#2376 = CARTESIAN_POINT('',(42.223185291702,438.63356505356,
    15.230118923348));
#2377 = CARTESIAN_POINT('',(44.180213764651,441.64749391568,
    16.000643373233));
#2378 = CARTESIAN_POINT('',(45.922395051067,444.79022840501,
    16.788172189398));
#2379 = CARTESIAN_POINT('',(47.442153679453,448.04840864753,
    17.461743259718));
#2380 = CARTESIAN_POINT('',(48.732586314058,451.4090014372,
    17.890402105135));
#2381 = CARTESIAN_POINT('',(49.78589435275,454.85355017986,
    17.944381404882));
#2382 = CARTESIAN_POINT('',(50.324689183696,457.18914564334,
    17.802824491462));
#2383 = CARTESIAN_POINT('',(50.553799947555,458.3663367381,17.9));
#2384 = DEFINITIONAL_REPRESENTATION('',(#2385),#2391);
#2385 = B_SPLINE_CURVE_WITH_KNOTS('',4,(#2386,#2387,#2388,#2389,#2390),
  .UNSPECIFIED.,.F.,.F.,(5,5),(0.,1.),.PIECEWISE_BEZIER_KNOTS.);
#2386 = CARTESIAN_POINT('',(10.,0.574238674945));
#2387 = CARTESIAN_POINT('',(9.750030042566,0.574940407993));
#2388 = CARTESIAN_POINT('',(9.500039929928,0.575630152677));
#2389 = CARTESIAN_POINT('',(9.250029757957,0.576308373327));
#2390 = CARTESIAN_POINT('',(9.,0.576975487854));
#2391 = ( GEOMETRIC_REPRESENTATION_CONTEXT(2) 
PARAMETRIC_REPRESENTATION_CONTEXT() REPRESENTATION_CONTEXT('2D SPACE',''
  ) );
#2392 = ADVANCED_FACE('',(#2393),#1743,.T.);
#2393 = FACE_BOUND('',#2394,.T.);
#2394 = EDGE_LOOP('',(#2395,#2649,#2677,#2700));
#2395 = ORIENTED_EDGE('',*,*,#2396,.F.);
#2396 = EDGE_CURVE('',#2397,#1652,#2399,.T.);
#2397 = VERTEX_POINT('',#2398);
#2398 = CARTESIAN_POINT('',(49.177,453.457,17.908448979529));
#2399 = SURFACE_CURVE('',#2400,(#2481,#2565),.PCURVE_S1.);
#2400 = B_SPLINE_CURVE_WITH_KNOTS('',7,(#2401,#2402,#2403,#2404,#2405,
    #2406,#2407,#2408,#2409,#2410,#2411,#2412,#2413,#2414,#2415,#2416,
    #2417,#2418,#2419,#2420,#2421,#2422,#2423,#2424,#2425,#2426,#2427,
    #2428,#2429,#2430,#2431,#2432,#2433,#2434,#2435,#2436,#2437,#2438,
    #2439,#2440,#2441,#2442,#2443,#2444,#2445,#2446,#2447,#2448,#2449,
    #2450,#2451,#2452,#2453,#2454,#2455,#2456,#2457,#2458,#2459,#2460,
    #2461,#2462,#2463,#2464,#2465,#2466,#2467,#2468,#2469,#2470,#2471,
    #2472,#2473,#2474,#2475,#2476,#2477,#2478,#2479,#2480),
  .UNSPECIFIED.,.F.,.F.,(8,6,6,6,6,6,6,6,6,6,6,6,6,8),(0.,
    8.35212049607E-02,0.189097438298,0.295712296594,0.40328278866,
    0.510849672063,0.62811770751,0.686135135491,0.743765560073,
    0.800974525037,0.829571364615,0.858045235301,0.970168128443,1.),
  .UNSPECIFIED.);
#2401 = CARTESIAN_POINT('',(49.177,453.457,17.908448979529));
#2402 = CARTESIAN_POINT('',(49.088015081501,453.17408932808,
    17.904963210935));
#2403 = CARTESIAN_POINT('',(48.99713257001,452.89183691528,
    17.898992491379));
#2404 = CARTESIAN_POINT('',(48.904374404249,452.61030773393,
    17.890439072831));
#2405 = CARTESIAN_POINT('',(48.809767008463,452.32957311479,
    17.879207275985));
#2406 = CARTESIAN_POINT('',(48.713341720157,452.04971050375,
    17.86520464341));
#2407 = CARTESIAN_POINT('',(48.615135217842,451.77080321855,
    17.848343092705));
#2408 = CARTESIAN_POINT('',(48.388852630563,451.14170329125,
    17.803507761001));
#2409 = CARTESIAN_POINT('',(48.259738051104,450.79213792339,
    17.773771522929));
#2410 = CARTESIAN_POINT('',(48.127910841389,450.44436470014,
    17.739602966438));
#2411 = CARTESIAN_POINT('',(47.99343195449,450.09847725758,
    17.701275498423));
#2412 = CARTESIAN_POINT('',(47.856356871606,449.75454365294,
    17.65906091318));
#2413 = CARTESIAN_POINT('',(47.716733808108,449.41260774802,
    17.613225983905));
#2414 = CARTESIAN_POINT('',(47.431071783336,448.72942944164,
    17.514348140941));
#2415 = CARTESIAN_POINT('',(47.284984890057,448.38823093593,
    17.461239512985));
#2416 = CARTESIAN_POINT('',(47.136381568166,448.04911626753,
    17.404969618994));
#2417 = CARTESIAN_POINT('',(46.985296441648,447.71209168754,
    17.345798164398));
#2418 = CARTESIAN_POINT('',(46.831757322268,447.37714917014,
    17.283977749739));
#2419 = CARTESIAN_POINT('',(46.675784101794,447.04426707668,
    17.219753509022));
#2420 = CARTESIAN_POINT('',(46.357571412639,446.37958895915,
    17.086376898826));
#2421 = CARTESIAN_POINT('',(46.195290169487,446.04783328587,
    17.017186125498));
#2422 = CARTESIAN_POINT('',(46.030555270735,445.71810839855,
    16.946034771264));
#2423 = CARTESIAN_POINT('',(45.863372862636,445.3903738915,
    16.873158532273));
#2424 = CARTESIAN_POINT('',(45.693742500447,445.06458306331,
    16.798789133985));
#2425 = CARTESIAN_POINT('',(45.521656887724,444.74068366599,
    16.723153038585));
#2426 = CARTESIAN_POINT('',(45.172554440379,444.0965685275,
    16.56977790104));
#2427 = CARTESIAN_POINT('',(44.995539284757,443.77635543299,
    16.49204014474));
#2428 = CARTESIAN_POINT('',(44.816043730572,443.45792576255,
    16.413467919465));
#2429 = CARTESIAN_POINT('',(44.634050089651,443.14122431565,
    16.334274793808));
#2430 = CARTESIAN_POINT('',(44.449536164255,442.82619605253,
    16.254671892523));
#2431 = CARTESIAN_POINT('',(44.262474886953,442.51278580693,
    16.174868888976));
#2432 = CARTESIAN_POINT('',(43.866089856894,441.86096552167,
    16.008084721546));
#2433 = CARTESIAN_POINT('',(43.65628217357,441.52285388337,
    15.921105151158));
#2434 = CARTESIAN_POINT('',(43.443366633365,441.18652699449,
    15.834416864786));
#2435 = CARTESIAN_POINT('',(43.227305497554,440.85193108639,
    15.748260411841));
#2436 = CARTESIAN_POINT('',(43.00804991531,440.51900435303,
    15.66291601421));
#2437 = CARTESIAN_POINT('',(42.785553401458,440.187699243,
    15.578644434362));
#2438 = CARTESIAN_POINT('',(42.448056333853,439.69483740733,
    15.45469754707));
#2439 = CARTESIAN_POINT('',(42.335543186699,439.53209202502,
    15.414002725632));
#2440 = CARTESIAN_POINT('',(42.222218025464,439.3697269115,
    15.373673074179));
#2441 = CARTESIAN_POINT('',(42.108076071682,439.20773904726,
    15.333736918333));
#2442 = CARTESIAN_POINT('',(41.993109132226,439.04612126051,
    15.294238479979));
#2443 = CARTESIAN_POINT('',(41.877314275099,438.88487405407,
    15.255199733773));
#2444 = CARTESIAN_POINT('',(41.644830196408,438.56418125474,
    15.178391462791));
#2445 = CARTESIAN_POINT('',(41.528152281221,438.4047310478,
    15.140614870607));
#2446 = CARTESIAN_POINT('',(41.410642362124,438.24563564584,
    15.103378126055));
#2447 = CARTESIAN_POINT('',(41.292293673903,438.08689119236,
    15.066722793406));
#2448 = CARTESIAN_POINT('',(41.173099822421,437.92849477971,
    15.030691181469));
#2449 = CARTESIAN_POINT('',(41.053054784617,437.77044444907,
    14.995326343591));
#2450 = CARTESIAN_POINT('',(40.812135205267,437.45618725324,
    14.926271243375));
#2451 = CARTESIAN_POINT('',(40.691273345483,437.29997552992,
    14.892570665486));
#2452 = CARTESIAN_POINT('',(40.569561763557,437.14410302216,
    14.859613234656));
#2453 = CARTESIAN_POINT('',(40.446995686716,436.98856996797,
    14.827442642837));
#2454 = CARTESIAN_POINT('',(40.323571135014,436.83337784174,
    14.796103383264));
#2455 = CARTESIAN_POINT('',(40.199284921325,436.6785293542,
    14.76564075046));
#2456 = CARTESIAN_POINT('',(40.011576235968,436.44679864234,
    14.721334831538));
#2457 = CARTESIAN_POINT('',(39.948801964938,436.36965572198,
    14.706799212864));
#2458 = CARTESIAN_POINT('',(39.885811457427,436.29260007294,
    14.692500526023));
#2459 = CARTESIAN_POINT('',(39.822604725324,436.21563255484,
    14.678443237468));
#2460 = CARTESIAN_POINT('',(39.759181551783,436.13875375804,
    14.664633724656));
#2461 = CARTESIAN_POINT('',(39.69554162878,436.06196416485,
    14.651079464475));
#2462 = CARTESIAN_POINT('',(39.568103865626,435.90889608589,
    14.624544557124));
#2463 = CARTESIAN_POINT('',(39.504307931569,435.83261688071,
    14.611561541571));
#2464 = CARTESIAN_POINT('',(39.440298128641,435.75642901104,
    14.598837541929));
#2465 = CARTESIAN_POINT('',(39.376074992066,435.68033393178,
    14.58637573306));
#2466 = CARTESIAN_POINT('',(39.311639115135,435.60433314549,
    14.57417929984));
#2467 = CARTESIAN_POINT('',(39.246991149204,435.52842820234,
    14.562251437158));
#2468 = CARTESIAN_POINT('',(38.926732123534,435.15410995116,
    14.504696629681));
#2469 = CARTESIAN_POINT('',(38.668054941874,434.85711024065,
    14.463012081699));
#2470 = CARTESIAN_POINT('',(38.406143358357,434.56171862844,
    14.425736917262));
#2471 = CARTESIAN_POINT('',(38.141056118364,434.26804485452,
    14.393068663935));
#2472 = CARTESIAN_POINT('',(37.872869321241,433.9762104833,
    14.365203866504));
#2473 = CARTESIAN_POINT('',(37.601678128524,433.68634804772,
    14.342334787928));
#2474 = CARTESIAN_POINT('',(37.254675727536,433.32204083272,
    14.319939789006));
#2475 = CARTESIAN_POINT('',(37.181548521429,433.24563117597,
    14.31560340302));
#2476 = CARTESIAN_POINT('',(37.108221868394,433.16937688162,
    14.311590225309));
#2477 = CARTESIAN_POINT('',(37.034700207727,433.09328285848,
    14.307852814318));
#2478 = CARTESIAN_POINT('',(36.960987358519,433.01735325338,
    14.304343341362));
#2479 = CARTESIAN_POINT('',(36.887086474684,432.94159143871,
    14.30101391801));
#2480 = CARTESIAN_POINT('',(36.813,432.866,14.297816923482));
#2481 = PCURVE('',#1743,#2482);
#2482 = DEFINITIONAL_REPRESENTATION('',(#2483),#2564);
#2483 = B_SPLINE_CURVE_WITH_KNOTS('',7,(#2484,#2485,#2486,#2487,#2488,
    #2489,#2490,#2491,#2492,#2493,#2494,#2495,#2496,#2497,#2498,#2499,
    #2500,#2501,#2502,#2503,#2504,#2505,#2506,#2507,#2508,#2509,#2510,
    #2511,#2512,#2513,#2514,#2515,#2516,#2517,#2518,#2519,#2520,#2521,
    #2522,#2523,#2524,#2525,#2526,#2527,#2528,#2529,#2530,#2531,#2532,
    #2533,#2534,#2535,#2536,#2537,#2538,#2539,#2540,#2541,#2542,#2543,
    #2544,#2545,#2546,#2547,#2548,#2549,#2550,#2551,#2552,#2553,#2554,
    #2555,#2556,#2557,#2558,#2559,#2560,#2561,#2562,#2563),
  .UNSPECIFIED.,.F.,.F.,(8,6,6,6,6,6,6,6,6,6,6,6,6,8),(0.,
    8.35212049607E-02,0.189097438298,0.295712296594,0.40328278866,
    0.510849672063,0.62811770751,0.686135135491,0.743765560073,
    0.800974525037,0.829571364615,0.858045235301,0.970168128443,1.),
  .UNSPECIFIED.);
#2484 = CARTESIAN_POINT('',(0.,-17.90844897952));
#2485 = CARTESIAN_POINT('',(1.203311947245E-02,-17.90496321093));
#2486 = CARTESIAN_POINT('',(2.407311749181E-02,-17.89899249137));
#2487 = CARTESIAN_POINT('',(3.611766020782E-02,-17.89043907283));
#2488 = CARTESIAN_POINT('',(4.816410504812E-02,-17.87920727598));
#2489 = CARTESIAN_POINT('',(6.020949962189E-02,-17.86520464341));
#2490 = CARTESIAN_POINT('',(7.225058062351E-02,-17.8483430927));
#2491 = CARTESIAN_POINT('',(9.949450992427E-02,-17.803507761));
#2492 = CARTESIAN_POINT('',(0.114692514005,-17.77377152292));
#2493 = CARTESIAN_POINT('',(0.129873119439,-17.73960296643));
#2494 = CARTESIAN_POINT('',(0.145032711936,-17.70127549842));
#2495 = CARTESIAN_POINT('',(0.160168706702,-17.65906091318));
#2496 = CARTESIAN_POINT('',(0.175279526673,-17.6132259839));
#2497 = CARTESIAN_POINT('',(0.205598036755,-17.51434814094));
#2498 = CARTESIAN_POINT('',(0.220805040755,-17.46123951298));
#2499 = CARTESIAN_POINT('',(0.235985003906,-17.40496961899));
#2500 = CARTESIAN_POINT('',(0.251137973351,-17.34579816439));
#2501 = CARTESIAN_POINT('',(0.266264631286,-17.28397774973));
#2502 = CARTESIAN_POINT('',(0.281366294004,-17.21975350902));
#2503 = CARTESIAN_POINT('',(0.311658683874,-17.08637689882));
#2504 = CARTESIAN_POINT('',(0.326848819673,-17.01718612549));
#2505 = CARTESIAN_POINT('',(0.342017313094,-16.94603477126));
#2506 = CARTESIAN_POINT('',(0.357166430955,-16.87315853227));
#2507 = CARTESIAN_POINT('',(0.372298789888,-16.79878913398));
#2508 = CARTESIAN_POINT('',(0.387417339433,-16.72315303858));
#2509 = CARTESIAN_POINT('',(0.417632654718,-16.56977790104));
#2510 = CARTESIAN_POINT('',(0.432729290935,-16.49204014474));
#2511 = CARTESIAN_POINT('',(0.447818358132,-16.41346791946));
#2512 = CARTESIAN_POINT('',(0.462903123631,-16.3342747938));
#2513 = CARTESIAN_POINT('',(0.477986946483,-16.25467189252));
#2514 = CARTESIAN_POINT('',(0.493073300872,-16.17486888897));
#2515 = CARTESIAN_POINT('',(0.524619447802,-16.00808472154));
#2516 = CARTESIAN_POINT('',(0.541080211338,-15.92110515115));
#2517 = CARTESIAN_POINT('',(0.557552967357,-15.83441686478));
#2518 = CARTESIAN_POINT('',(0.574041680729,-15.74826041184));
#2519 = CARTESIAN_POINT('',(0.59055086294,-15.66291601421));
#2520 = CARTESIAN_POINT('',(0.607084502727,-15.57864443436));
#2521 = CARTESIAN_POINT('',(0.631840750878,-15.45469754707));
#2522 = CARTESIAN_POINT('',(0.64004174161,-15.41400272563));
#2523 = CARTESIAN_POINT('',(0.648250203271,-15.37367307417));
#2524 = CARTESIAN_POINT('',(0.656466510141,-15.33373691833));
#2525 = CARTESIAN_POINT('',(0.664691260648,-15.29423847997));
#2526 = CARTESIAN_POINT('',(0.672924669075,-15.25519973377));
#2527 = CARTESIAN_POINT('',(0.689354971865,-15.17839146279));
#2528 = CARTESIAN_POINT('',(0.697551731256,-15.1406148706));
#2529 = CARTESIAN_POINT('',(0.70575808325,-15.10337812605));
#2530 = CARTESIAN_POINT('',(0.713974482601,-15.0667227934));
#2531 = CARTESIAN_POINT('',(0.722201345349,-15.03069118146));
#2532 = CARTESIAN_POINT('',(0.730439048826,-14.99532634359));
#2533 = CARTESIAN_POINT('',(0.746876489196,-14.92627124337));
#2534 = CARTESIAN_POINT('',(0.755076052734,-14.89257066548));
#2535 = CARTESIAN_POINT('',(0.763286954917,-14.85961323465));
#2536 = CARTESIAN_POINT('',(0.77150946984,-14.82744264283));
#2537 = CARTESIAN_POINT('',(0.779743813037,-14.79610338326));
#2538 = CARTESIAN_POINT('',(0.78799014148,-14.76564075046));
#2539 = CARTESIAN_POINT('',(0.80037665634,-14.72133483153));
#2540 = CARTESIAN_POINT('',(0.804507776001,-14.70679921286));
#2541 = CARTESIAN_POINT('',(0.808641930605,-14.69250052602));
#2542 = CARTESIAN_POINT('',(0.812779112624,-14.67844323746));
#2543 = CARTESIAN_POINT('',(0.816919329339,-14.66463372465));
#2544 = CARTESIAN_POINT('',(0.821062594038,-14.65107946447));
#2545 = CARTESIAN_POINT('',(0.829337312681,-14.62454455712));
#2546 = CARTESIAN_POINT('',(0.833468737591,-14.61156154157));
#2547 = CARTESIAN_POINT('',(0.837603105517,-14.59883754192));
#2548 = CARTESIAN_POINT('',(0.841740376261,-14.58637573306));
#2549 = CARTESIAN_POINT('',(0.845880506678,-14.57417929984));
#2550 = CARTESIAN_POINT('',(0.850023450669,-14.56225143715));
#2551 = CARTESIAN_POINT('',(0.870493909626,-14.50469662968));
#2552 = CARTESIAN_POINT('',(0.88686151932,-14.46301208169));
#2553 = CARTESIAN_POINT('',(0.903269013091,-14.42573691726));
#2554 = CARTESIAN_POINT('',(0.919712623165,-14.39306866393));
#2555 = CARTESIAN_POINT('',(0.936187758653,-14.3652038665));
#2556 = CARTESIAN_POINT('',(0.952688975032,-14.34233478792));
#2557 = CARTESIAN_POINT('',(0.973605579515,-14.319939789));
#2558 = CARTESIAN_POINT('',(0.97800261288,-14.31560340302));
#2559 = CARTESIAN_POINT('',(0.982400753867,-14.3115902253));
#2560 = CARTESIAN_POINT('',(0.986799751722,-14.30785281431));
#2561 = CARTESIAN_POINT('',(0.991199396437,-14.30434334136));
#2562 = CARTESIAN_POINT('',(0.995599520392,-14.30101391801));
#2563 = CARTESIAN_POINT('',(1.,-14.29781692348));
#2564 = ( GEOMETRIC_REPRESENTATION_CONTEXT(2) 
PARAMETRIC_REPRESENTATION_CONTEXT() REPRESENTATION_CONTEXT('2D SPACE',''
  ) );
#2565 = PCURVE('',#1673,#2566);
#2566 = DEFINITIONAL_REPRESENTATION('',(#2567),#2648);
#2567 = B_SPLINE_CURVE_WITH_KNOTS('',7,(#2568,#2569,#2570,#2571,#2572,
    #2573,#2574,#2575,#2576,#2577,#2578,#2579,#2580,#2581,#2582,#2583,
    #2584,#2585,#2586,#2587,#2588,#2589,#2590,#2591,#2592,#2593,#2594,
    #2595,#2596,#2597,#2598,#2599,#2600,#2601,#2602,#2603,#2604,#2605,
    #2606,#2607,#2608,#2609,#2610,#2611,#2612,#2613,#2614,#2615,#2616,
    #2617,#2618,#2619,#2620,#2621,#2622,#2623,#2624,#2625,#2626,#2627,
    #2628,#2629,#2630,#2631,#2632,#2633,#2634,#2635,#2636,#2637,#2638,
    #2639,#2640,#2641,#2642,#2643,#2644,#2645,#2646,#2647),
  .UNSPECIFIED.,.F.,.F.,(8,6,6,6,6,6,6,6,6,6,6,6,6,8),(0.,
    8.35212049607E-02,0.189097438298,0.295712296594,0.40328278866,
    0.510849672063,0.62811770751,0.686135135491,0.743765560073,
    0.800974525037,0.829571364615,0.858045235301,0.970168128443,1.),
  .UNSPECIFIED.);
#2568 = CARTESIAN_POINT('',(10.010491994665,0.926372728419));
#2569 = CARTESIAN_POINT('',(10.010752022037,0.922083700524));
#2570 = CARTESIAN_POINT('',(10.011012559861,0.917794999269));
#2571 = CARTESIAN_POINT('',(10.011273612892,0.913507210969));
#2572 = CARTESIAN_POINT('',(10.011535132348,0.909221029069));
#2573 = CARTESIAN_POINT('',(10.011797016792,0.904937255599));
#2574 = CARTESIAN_POINT('',(10.012059113017,0.900656802618));
#2575 = CARTESIAN_POINT('',(10.012652533321,0.890975413939));
#2576 = CARTESIAN_POINT('',(10.012983856046,0.885577118958));
#2577 = CARTESIAN_POINT('',(10.01331518659,0.880187186263));
#2578 = CARTESIAN_POINT('',(10.013646483496,0.874806619357));
#2579 = CARTESIAN_POINT('',(10.013977665,0.869436058132));
#2580 = CARTESIAN_POINT('',(10.014308611665,0.864075789298));
#2581 = CARTESIAN_POINT('',(10.014972978302,0.853323092421));
#2582 = CARTESIAN_POINT('',(10.01530642192,0.84793099281));
#2583 = CARTESIAN_POINT('',(10.015639226892,0.842549174938));
#2584 = CARTESIAN_POINT('',(10.015971234213,0.837177469482));
#2585 = CARTESIAN_POINT('',(10.016302363826,0.831815675238));
#2586 = CARTESIAN_POINT('',(10.016632579578,0.826463413522));
#2587 = CARTESIAN_POINT('',(10.017294080212,0.81572865621));
#2588 = CARTESIAN_POINT('',(10.017625335168,0.810346386566));
#2589 = CARTESIAN_POINT('',(10.017955600312,0.804972467837));
#2590 = CARTESIAN_POINT('',(10.018284807129,0.799606156632));
#2591 = CARTESIAN_POINT('',(10.018612978012,0.79424651671));
#2592 = CARTESIAN_POINT('',(10.01894016253,0.788892479634));
#2593 = CARTESIAN_POINT('',(10.019592165074,0.778193942547));
#2594 = CARTESIAN_POINT('',(10.019916999098,0.772849473911));
#2595 = CARTESIAN_POINT('',(10.020240585575,0.767508699011));
#2596 = CARTESIAN_POINT('',(10.02056286497,0.762170579997));
#2597 = CARTESIAN_POINT('',(10.020883804108,0.756834049726));
#2598 = CARTESIAN_POINT('',(10.021203396306,0.751498003879));
#2599 = CARTESIAN_POINT('',(10.021868630121,0.740343279464));
#2600 = CARTESIAN_POINT('',(10.022213999553,0.734524540613));
#2601 = CARTESIAN_POINT('',(10.02255796916,0.728703528934));
#2602 = CARTESIAN_POINT('',(10.022900024731,0.722878976268));
#2603 = CARTESIAN_POINT('',(10.023240338311,0.717049475092));
#2604 = CARTESIAN_POINT('',(10.023578687113,0.711213781741));
#2605 = CARTESIAN_POINT('',(10.024081488998,0.702479772925));
#2606 = CARTESIAN_POINT('',(10.024247426888,0.69958710452));
#2607 = CARTESIAN_POINT('',(10.024412873019,0.696692459242));
#2608 = CARTESIAN_POINT('',(10.024577829021,0.693795745782));
#2609 = CARTESIAN_POINT('',(10.024742280396,0.690896742363));
#2610 = CARTESIAN_POINT('',(10.024906240193,0.687995439768));
#2611 = CARTESIAN_POINT('',(10.025232061885,0.682207172204));
#2612 = CARTESIAN_POINT('',(10.025393930703,0.679320246268));
#2613 = CARTESIAN_POINT('',(10.025555295089,0.676430671475));
#2614 = CARTESIAN_POINT('',(10.025716146185,0.673538290137));
#2615 = CARTESIAN_POINT('',(10.025876473841,0.670642958656));
#2616 = CARTESIAN_POINT('',(10.026036266612,0.667744547534));
#2617 = CARTESIAN_POINT('',(10.026353592337,0.661962555057));
#2618 = CARTESIAN_POINT('',(10.026511133133,0.659079023901));
#2619 = CARTESIAN_POINT('',(10.026668121689,0.656192234524));
#2620 = CARTESIAN_POINT('',(10.026824544073,0.653302094512));
#2621 = CARTESIAN_POINT('',(10.026980384884,0.650408532409));
#2622 = CARTESIAN_POINT('',(10.02713562725,0.647511497716));
#2623 = CARTESIAN_POINT('',(10.02736754497,0.643161079983));
#2624 = CARTESIAN_POINT('',(10.027444683115,0.64171032455));
#2625 = CARTESIAN_POINT('',(10.027521664355,0.640258690271));
#2626 = CARTESIAN_POINT('',(10.027598487304,0.638806178048));
#2627 = CARTESIAN_POINT('',(10.027675149061,0.637352786918));
#2628 = CARTESIAN_POINT('',(10.027751645827,0.6358985157));
#2629 = CARTESIAN_POINT('',(10.027903980288,0.632994488313));
#2630 = CARTESIAN_POINT('',(10.027979819481,0.631544740468));
#2631 = CARTESIAN_POINT('',(10.02805549404,0.630094138801));
#2632 = CARTESIAN_POINT('',(10.028131002927,0.628642693275));
#2633 = CARTESIAN_POINT('',(10.028206344778,0.627190414865));
#2634 = CARTESIAN_POINT('',(10.028281517899,0.625737315562));
#2635 = CARTESIAN_POINT('',(10.028651860627,0.618558289967));
#2636 = CARTESIAN_POINT('',(10.028944553061,0.612820646938));
#2637 = CARTESIAN_POINT('',(10.029234475289,0.607071266633));
#2638 = CARTESIAN_POINT('',(10.029521423152,0.601311208821));
#2639 = CARTESIAN_POINT('',(10.029805111863,0.595541817965));
#2640 = CARTESIAN_POINT('',(10.030085177252,0.58976473551));
#2641 = CARTESIAN_POINT('',(10.030434610632,0.58244331074));
#2642 = CARTESIAN_POINT('',(10.030507755367,0.5809043041));
#2643 = CARTESIAN_POINT('',(10.030580616947,0.57936497464));
#2644 = CARTESIAN_POINT('',(10.030653200786,0.577825390865));
#2645 = CARTESIAN_POINT('',(10.030725511886,0.5762856069));
#2646 = CARTESIAN_POINT('',(10.030797554738,0.574745662));
#2647 = CARTESIAN_POINT('',(10.030869333221,0.573205580053));
#2648 = ( GEOMETRIC_REPRESENTATION_CONTEXT(2) 
PARAMETRIC_REPRESENTATION_CONTEXT() REPRESENTATION_CONTEXT('2D SPACE',''
  ) );
#2649 = ORIENTED_EDGE('',*,*,#2650,.T.);
#2650 = EDGE_CURVE('',#2397,#2651,#2653,.T.);
#2651 = VERTEX_POINT('',#2652);
#2652 = CARTESIAN_POINT('',(49.177,453.457,18.3));
#2653 = SURFACE_CURVE('',#2654,(#2658,#2665),.PCURVE_S1.);
#2654 = LINE('',#2655,#2656);
#2655 = CARTESIAN_POINT('',(49.177,453.457,0.));
#2656 = VECTOR('',#2657,1.);
#2657 = DIRECTION('',(-0.,-0.,1.));
#2658 = PCURVE('',#1743,#2659);
#2659 = DEFINITIONAL_REPRESENTATION('',(#2660),#2664);
#2660 = LINE('',#2661,#2662);
#2661 = CARTESIAN_POINT('',(0.,0.));
#2662 = VECTOR('',#2663,1.);
#2663 = DIRECTION('',(0.,-1.));
#2664 = ( GEOMETRIC_REPRESENTATION_CONTEXT(2) 
PARAMETRIC_REPRESENTATION_CONTEXT() REPRESENTATION_CONTEXT('2D SPACE',''
  ) );
#2665 = PCURVE('',#2666,#2671);
#2666 = PLANE('',#2667);
#2667 = AXIS2_PLACEMENT_3D('',#2668,#2669,#2670);
#2668 = CARTESIAN_POINT('',(36.483,453.457,0.));
#2669 = DIRECTION('',(-0.,1.,0.));
#2670 = DIRECTION('',(1.,0.,0.));
#2671 = DEFINITIONAL_REPRESENTATION('',(#2672),#2676);
#2672 = LINE('',#2673,#2674);
#2673 = CARTESIAN_POINT('',(12.694,0.));
#2674 = VECTOR('',#2675,1.);
#2675 = DIRECTION('',(0.,-1.));
#2676 = ( GEOMETRIC_REPRESENTATION_CONTEXT(2) 
PARAMETRIC_REPRESENTATION_CONTEXT() REPRESENTATION_CONTEXT('2D SPACE',''
  ) );
#2677 = ORIENTED_EDGE('',*,*,#2678,.T.);
#2678 = EDGE_CURVE('',#2651,#1728,#2679,.T.);
#2679 = SURFACE_CURVE('',#2680,(#2685,#2692),.PCURVE_S1.);
#2680 = B_SPLINE_CURVE_WITH_KNOTS('',3,(#2681,#2682,#2683,#2684),
  .UNSPECIFIED.,.F.,.F.,(4,4),(0.,1.),.PIECEWISE_BEZIER_KNOTS.);
#2681 = CARTESIAN_POINT('',(49.177,453.457,18.3));
#2682 = CARTESIAN_POINT('',(46.712,445.62,18.3));
#2683 = CARTESIAN_POINT('',(42.425,438.592,18.3));
#2684 = CARTESIAN_POINT('',(36.813,432.866,18.3));
#2685 = PCURVE('',#1743,#2686);
#2686 = DEFINITIONAL_REPRESENTATION('',(#2687),#2691);
#2687 = LINE('',#2688,#2689);
#2688 = CARTESIAN_POINT('',(0.,-18.3));
#2689 = VECTOR('',#2690,1.);
#2690 = DIRECTION('',(1.,0.));
#2691 = ( GEOMETRIC_REPRESENTATION_CONTEXT(2) 
PARAMETRIC_REPRESENTATION_CONTEXT() REPRESENTATION_CONTEXT('2D SPACE',''
  ) );
#2692 = PCURVE('',#375,#2693);
#2693 = DEFINITIONAL_REPRESENTATION('',(#2694),#2699);
#2694 = B_SPLINE_CURVE_WITH_KNOTS('',3,(#2695,#2696,#2697,#2698),
  .UNSPECIFIED.,.F.,.F.,(4,4),(0.,1.),.PIECEWISE_BEZIER_KNOTS.);
#2695 = CARTESIAN_POINT('',(-49.17619301259,221.83820413799));
#2696 = CARTESIAN_POINT('',(-46.71119301259,214.00120413799));
#2697 = CARTESIAN_POINT('',(-42.42419301259,206.97320413799));
#2698 = CARTESIAN_POINT('',(-36.81219301259,201.24720413799));
#2699 = ( GEOMETRIC_REPRESENTATION_CONTEXT(2) 
PARAMETRIC_REPRESENTATION_CONTEXT() REPRESENTATION_CONTEXT('2D SPACE',''
  ) );
#2700 = ORIENTED_EDGE('',*,*,#1727,.F.);
#2701 = ADVANCED_FACE('',(#2702),#2666,.T.);
#2702 = FACE_BOUND('',#2703,.T.);
#2703 = EDGE_LOOP('',(#2704,#2784,#2815,#2836));
#2704 = ORIENTED_EDGE('',*,*,#2705,.F.);
#2705 = EDGE_CURVE('',#2706,#2397,#2708,.T.);
#2706 = VERTEX_POINT('',#2707);
#2707 = CARTESIAN_POINT('',(36.483,453.457,17.55208739188));
#2708 = SURFACE_CURVE('',#2709,(#2732,#2758),.PCURVE_S1.);
#2709 = B_SPLINE_CURVE_WITH_KNOTS('',6,(#2710,#2711,#2712,#2713,#2714,
    #2715,#2716,#2717,#2718,#2719,#2720,#2721,#2722,#2723,#2724,#2725,
    #2726,#2727,#2728,#2729,#2730,#2731),.UNSPECIFIED.,.F.,.F.,(7,5,5,5,
    7),(0.,0.428328967389,0.53296767935,0.848766745374,1.),
  .UNSPECIFIED.);
#2710 = CARTESIAN_POINT('',(36.483,453.457,17.55208739188));
#2711 = CARTESIAN_POINT('',(37.387791161895,453.457,17.611911442677));
#2712 = CARTESIAN_POINT('',(38.293101741086,453.457,17.663630703663));
#2713 = CARTESIAN_POINT('',(39.198796954578,453.457,17.708036043673));
#2714 = CARTESIAN_POINT('',(40.104769513523,453.457,17.745872113466));
#2715 = CARTESIAN_POINT('',(41.010941353245,453.457,17.777804175804));
#2716 = CARTESIAN_POINT('',(42.138673339355,453.457,17.810930664149));
#2717 = CARTESIAN_POINT('',(42.360092223362,453.457,17.817117194408));
#2718 = CARTESIAN_POINT('',(42.581519062613,453.457,17.822997181916));
#2719 = CARTESIAN_POINT('',(42.802953137955,453.457,17.828574963036));
#2720 = CARTESIAN_POINT('',(43.024393806633,453.457,17.833860677268));
#2721 = CARTESIAN_POINT('',(43.914164353061,453.457,17.853987328154));
#2722 = CARTESIAN_POINT('',(44.58254045522,453.457,17.866579967907));
#2723 = CARTESIAN_POINT('',(45.250950929299,453.457,17.876989526698));
#2724 = CARTESIAN_POINT('',(45.91938289713,453.457,17.885495986884));
#2725 = CARTESIAN_POINT('',(46.587828001923,453.457,17.892331595313));
#2726 = CARTESIAN_POINT('',(47.576398733555,453.457,17.900263406874));
#2727 = CARTESIAN_POINT('',(47.896517184944,453.457,17.902494238659));
#2728 = CARTESIAN_POINT('',(48.216636970791,453.457,17.904409046739));
#2729 = CARTESIAN_POINT('',(48.536757608795,453.457,17.906027809223));
#2730 = CARTESIAN_POINT('',(48.85687871424,453.457,17.907368878158));
#2731 = CARTESIAN_POINT('',(49.177,453.457,17.908448979529));
#2732 = PCURVE('',#2666,#2733);
#2733 = DEFINITIONAL_REPRESENTATION('',(#2734),#2757);
#2734 = B_SPLINE_CURVE_WITH_KNOTS('',6,(#2735,#2736,#2737,#2738,#2739,
    #2740,#2741,#2742,#2743,#2744,#2745,#2746,#2747,#2748,#2749,#2750,
    #2751,#2752,#2753,#2754,#2755,#2756),.UNSPECIFIED.,.F.,.F.,(7,5,5,5,
    7),(0.,0.428328967389,0.53296767935,0.848766745374,1.),
  .UNSPECIFIED.);
#2735 = CARTESIAN_POINT('',(0.,-17.55208739188));
#2736 = CARTESIAN_POINT('',(0.904791161895,-17.61191144267));
#2737 = CARTESIAN_POINT('',(1.810101741086,-17.66363070366));
#2738 = CARTESIAN_POINT('',(2.715796954578,-17.70803604367));
#2739 = CARTESIAN_POINT('',(3.621769513523,-17.74587211346));
#2740 = CARTESIAN_POINT('',(4.527941353245,-17.7778041758));
#2741 = CARTESIAN_POINT('',(5.655673339355,-17.81093066414));
#2742 = CARTESIAN_POINT('',(5.877092223362,-17.8171171944));
#2743 = CARTESIAN_POINT('',(6.098519062613,-17.82299718191));
#2744 = CARTESIAN_POINT('',(6.319953137955,-17.82857496303));
#2745 = CARTESIAN_POINT('',(6.541393806633,-17.83386067726));
#2746 = CARTESIAN_POINT('',(7.431164353061,-17.85398732815));
#2747 = CARTESIAN_POINT('',(8.09954045522,-17.8665799679));
#2748 = CARTESIAN_POINT('',(8.767950929299,-17.87698952669));
#2749 = CARTESIAN_POINT('',(9.43638289713,-17.88549598688));
#2750 = CARTESIAN_POINT('',(10.104828001923,-17.89233159531));
#2751 = CARTESIAN_POINT('',(11.093398733555,-17.90026340687));
#2752 = CARTESIAN_POINT('',(11.413517184944,-17.90249423865));
#2753 = CARTESIAN_POINT('',(11.733636970791,-17.90440904673));
#2754 = CARTESIAN_POINT('',(12.053757608795,-17.90602780922));
#2755 = CARTESIAN_POINT('',(12.37387871424,-17.90736887815));
#2756 = CARTESIAN_POINT('',(12.694,-17.90844897952));
#2757 = ( GEOMETRIC_REPRESENTATION_CONTEXT(2) 
PARAMETRIC_REPRESENTATION_CONTEXT() REPRESENTATION_CONTEXT('2D SPACE',''
  ) );
#2758 = PCURVE('',#1673,#2759);
#2759 = DEFINITIONAL_REPRESENTATION('',(#2760),#2783);
#2760 = B_SPLINE_CURVE_WITH_KNOTS('',6,(#2761,#2762,#2763,#2764,#2765,
    #2766,#2767,#2768,#2769,#2770,#2771,#2772,#2773,#2774,#2775,#2776,
    #2777,#2778,#2779,#2780,#2781,#2782),.UNSPECIFIED.,.F.,.F.,(7,5,5,5,
    7),(0.,0.428328967389,0.53296767935,0.848766745374,1.),
  .UNSPECIFIED.);
#2761 = CARTESIAN_POINT('',(10.784086516836,0.8574364475));
#2762 = CARTESIAN_POINT('',(10.72996111925,0.863849635815));
#2763 = CARTESIAN_POINT('',(10.675578823478,0.869935162936));
#2764 = CARTESIAN_POINT('',(10.620968918131,0.875721921007));
#2765 = CARTESIAN_POINT('',(10.566155836763,0.881234900651));
#2766 = CARTESIAN_POINT('',(10.511159689122,0.886495795527));
#2767 = CARTESIAN_POINT('',(10.442520932471,0.892752193652));
#2768 = CARTESIAN_POINT('',(10.429035000999,0.893966629275));
#2769 = CARTESIAN_POINT('',(10.415539383897,0.89516744883));
#2770 = CARTESIAN_POINT('',(10.402034311005,0.896354921012));
#2771 = CARTESIAN_POINT('',(10.388520005238,0.897529308809));
#2772 = CARTESIAN_POINT('',(10.33418343447,0.902196449277));
#2773 = CARTESIAN_POINT('',(10.293288217132,0.905585183093));
#2774 = CARTESIAN_POINT('',(10.25231705121,0.908864098251));
#2775 = CARTESIAN_POINT('',(10.211275119813,0.912039526058));
#2776 = CARTESIAN_POINT('',(10.170166882452,0.915117204528));
#2777 = CARTESIAN_POINT('',(10.109279899859,0.919531956075));
#2778 = CARTESIAN_POINT('',(10.089549310696,0.920940315736));
#2779 = CARTESIAN_POINT('',(10.069804833062,0.922328035377));
#2780 = CARTESIAN_POINT('',(10.050046871347,0.923695664707));
#2781 = CARTESIAN_POINT('',(10.030275806227,0.925043728865));
#2782 = CARTESIAN_POINT('',(10.010491994665,0.926372728419));
#2783 = ( GEOMETRIC_REPRESENTATION_CONTEXT(2) 
PARAMETRIC_REPRESENTATION_CONTEXT() REPRESENTATION_CONTEXT('2D SPACE',''
  ) );
#2784 = ORIENTED_EDGE('',*,*,#2785,.T.);
#2785 = EDGE_CURVE('',#2706,#2786,#2788,.T.);
#2786 = VERTEX_POINT('',#2787);
#2787 = CARTESIAN_POINT('',(36.483,453.457,18.3));
#2788 = SURFACE_CURVE('',#2789,(#2793,#2800),.PCURVE_S1.);
#2789 = LINE('',#2790,#2791);
#2790 = CARTESIAN_POINT('',(36.483,453.457,0.));
#2791 = VECTOR('',#2792,1.);
#2792 = DIRECTION('',(-0.,-0.,1.));
#2793 = PCURVE('',#2666,#2794);
#2794 = DEFINITIONAL_REPRESENTATION('',(#2795),#2799);
#2795 = LINE('',#2796,#2797);
#2796 = CARTESIAN_POINT('',(0.,0.));
#2797 = VECTOR('',#2798,1.);
#2798 = DIRECTION('',(0.,-1.));
#2799 = ( GEOMETRIC_REPRESENTATION_CONTEXT(2) 
PARAMETRIC_REPRESENTATION_CONTEXT() REPRESENTATION_CONTEXT('2D SPACE',''
  ) );
#2800 = PCURVE('',#2801,#2809);
#2801 = SURFACE_OF_LINEAR_EXTRUSION('',#2802,#2807);
#2802 = B_SPLINE_CURVE_WITH_KNOTS('',3,(#2803,#2804,#2805,#2806),
  .UNSPECIFIED.,.F.,.F.,(4,4),(0.,1.),.PIECEWISE_BEZIER_KNOTS.);
#2803 = CARTESIAN_POINT('',(34.681,449.51,0.));
#2804 = CARTESIAN_POINT('',(35.293,450.628,0.));
#2805 = CARTESIAN_POINT('',(35.977,452.266,0.));
#2806 = CARTESIAN_POINT('',(36.483,453.457,0.));
#2807 = VECTOR('',#2808,1.);
#2808 = DIRECTION('',(0.,0.,-1.));
#2809 = DEFINITIONAL_REPRESENTATION('',(#2810),#2814);
#2810 = LINE('',#2811,#2812);
#2811 = CARTESIAN_POINT('',(1.,0.));
#2812 = VECTOR('',#2813,1.);
#2813 = DIRECTION('',(0.,-1.));
#2814 = ( GEOMETRIC_REPRESENTATION_CONTEXT(2) 
PARAMETRIC_REPRESENTATION_CONTEXT() REPRESENTATION_CONTEXT('2D SPACE',''
  ) );
#2815 = ORIENTED_EDGE('',*,*,#2816,.T.);
#2816 = EDGE_CURVE('',#2786,#2651,#2817,.T.);
#2817 = SURFACE_CURVE('',#2818,(#2822,#2829),.PCURVE_S1.);
#2818 = LINE('',#2819,#2820);
#2819 = CARTESIAN_POINT('',(36.483,453.457,18.3));
#2820 = VECTOR('',#2821,1.);
#2821 = DIRECTION('',(1.,0.,0.));
#2822 = PCURVE('',#2666,#2823);
#2823 = DEFINITIONAL_REPRESENTATION('',(#2824),#2828);
#2824 = LINE('',#2825,#2826);
#2825 = CARTESIAN_POINT('',(0.,-18.3));
#2826 = VECTOR('',#2827,1.);
#2827 = DIRECTION('',(1.,0.));
#2828 = ( GEOMETRIC_REPRESENTATION_CONTEXT(2) 
PARAMETRIC_REPRESENTATION_CONTEXT() REPRESENTATION_CONTEXT('2D SPACE',''
  ) );
#2829 = PCURVE('',#375,#2830);
#2830 = DEFINITIONAL_REPRESENTATION('',(#2831),#2835);
#2831 = LINE('',#2832,#2833);
#2832 = CARTESIAN_POINT('',(-36.48219301259,221.83820413799));
#2833 = VECTOR('',#2834,1.);
#2834 = DIRECTION('',(-1.,0.));
#2835 = ( GEOMETRIC_REPRESENTATION_CONTEXT(2) 
PARAMETRIC_REPRESENTATION_CONTEXT() REPRESENTATION_CONTEXT('2D SPACE',''
  ) );
#2836 = ORIENTED_EDGE('',*,*,#2650,.F.);
#2837 = ADVANCED_FACE('',(#2838),#2801,.T.);
#2838 = FACE_BOUND('',#2839,.T.);
#2839 = EDGE_LOOP('',(#2840,#2920,#2951,#2974));
#2840 = ORIENTED_EDGE('',*,*,#2841,.F.);
#2841 = EDGE_CURVE('',#2842,#2706,#2844,.T.);
#2842 = VERTEX_POINT('',#2843);
#2843 = CARTESIAN_POINT('',(34.681,449.51,16.524699932736));
#2844 = SURFACE_CURVE('',#2845,(#2868,#2894),.PCURVE_S1.);
#2845 = B_SPLINE_CURVE_WITH_KNOTS('',6,(#2846,#2847,#2848,#2849,#2850,
    #2851,#2852,#2853,#2854,#2855,#2856,#2857,#2858,#2859,#2860,#2861,
    #2862,#2863,#2864,#2865,#2866,#2867),.UNSPECIFIED.,.F.,.F.,(7,5,5,5,
    7),(0.,0.13644943546,0.444591876802,0.754443241434,1.),
  .UNSPECIFIED.);
#2846 = CARTESIAN_POINT('',(34.681,449.51,16.524699932736));
#2847 = CARTESIAN_POINT('',(34.727320093763,449.59461742618,
    16.551414176755));
#2848 = CARTESIAN_POINT('',(34.772973481423,449.67979679113,
    16.578071266478));
#2849 = CARTESIAN_POINT('',(34.818045175187,449.76546323104,
    16.604655193797));
#2850 = CARTESIAN_POINT('',(34.862599664557,449.85156193981,
    16.63115156372));
#2851 = CARTESIAN_POINT('',(34.906688290629,449.93805242796,
    16.657547288898));
#2852 = CARTESIAN_POINT('',(35.048972387521,450.22103609557,
    16.743184918331));
#2853 = CARTESIAN_POINT('',(35.145439750246,450.41899575203,
    16.801961625708));
#2854 = CARTESIAN_POINT('',(35.240273115322,450.61842172833,
    16.860023246543));
#2855 = CARTESIAN_POINT('',(35.333769357797,450.81912650388,
    16.917231573985));
#2856 = CARTESIAN_POINT('',(35.426176273138,451.02097144102,
    16.973451555915));
#2857 = CARTESIAN_POINT('',(35.609719799408,451.42788589812,
    17.083946557476));
#2858 = CARTESIAN_POINT('',(35.700842915258,451.63295779225,
    17.138206639853));
#2859 = CARTESIAN_POINT('',(35.791265960385,451.83898062994,
    17.19118560141));
#2860 = CARTESIAN_POINT('',(35.881144979621,452.04587017931,
    17.242735631509));
#2861 = CARTESIAN_POINT('',(35.970618582879,452.25353922056,
    17.292702010431));
#2862 = CARTESIAN_POINT('',(36.130528171455,452.626967988,
    17.379138282095));
#2863 = CARTESIAN_POINT('',(36.20106000871,452.79247712566,
    17.416256155827));
#2864 = CARTESIAN_POINT('',(36.271496658584,452.95834014535,
    17.452197283521));
#2865 = CARTESIAN_POINT('',(36.341910154945,453.12447265149,
    17.486876750805));
#2866 = CARTESIAN_POINT('',(36.412373363721,453.29076220591,
    17.520205135606));
#2867 = CARTESIAN_POINT('',(36.483,453.457,17.55208739188));
#2868 = PCURVE('',#2801,#2869);
#2869 = DEFINITIONAL_REPRESENTATION('',(#2870),#2893);
#2870 = B_SPLINE_CURVE_WITH_KNOTS('',6,(#2871,#2872,#2873,#2874,#2875,
    #2876,#2877,#2878,#2879,#2880,#2881,#2882,#2883,#2884,#2885,#2886,
    #2887,#2888,#2889,#2890,#2891,#2892),.UNSPECIFIED.,.F.,.F.,(7,5,5,5,
    7),(0.,0.13644943546,0.444591876802,0.754443241434,1.),
  .UNSPECIFIED.);
#2871 = CARTESIAN_POINT('',(0.,-16.52469993273));
#2872 = CARTESIAN_POINT('',(2.522880923915E-02,-16.55141417675));
#2873 = CARTESIAN_POINT('',(4.991483253505E-02,-16.57807126647));
#2874 = CARTESIAN_POINT('',(7.414218326296E-02,-16.60465519379));
#2875 = CARTESIAN_POINT('',(9.797517326867E-02,-16.63115156372));
#2876 = CARTESIAN_POINT('',(0.121465376675,-16.65754728889));
#2877 = CARTESIAN_POINT('',(0.197035937344,-16.74318491833));
#2878 = CARTESIAN_POINT('',(0.247896348351,-16.8019616257));
#2879 = CARTESIAN_POINT('',(0.297758665217,-16.86002324654));
#2880 = CARTESIAN_POINT('',(0.346946292505,-16.91723157398));
#2881 = CARTESIAN_POINT('',(0.395747856709,-16.97345155591));
#2882 = CARTESIAN_POINT('',(0.493384926945,-17.08394655747));
#2883 = CARTESIAN_POINT('',(0.542217505894,-17.13820663985));
#2884 = CARTESIAN_POINT('',(0.591201008234,-17.19118560141));
#2885 = CARTESIAN_POINT('',(0.640595849865,-17.2427356315));
#2886 = CARTESIAN_POINT('',(0.690681443232,-17.29270201043));
#2887 = CARTESIAN_POINT('',(0.78238699997,-17.37913828209));
#2888 = CARTESIAN_POINT('',(0.823606399769,-17.41625615582));
#2889 = CARTESIAN_POINT('',(0.865690396585,-17.45219728352));
#2890 = CARTESIAN_POINT('',(0.908882523109,-17.4868767508));
#2891 = CARTESIAN_POINT('',(0.953473889145,-17.5202051356));
#2892 = CARTESIAN_POINT('',(1.,-17.55208739188));
#2893 = ( GEOMETRIC_REPRESENTATION_CONTEXT(2) 
PARAMETRIC_REPRESENTATION_CONTEXT() REPRESENTATION_CONTEXT('2D SPACE',''
  ) );
#2894 = PCURVE('',#1673,#2895);
#2895 = DEFINITIONAL_REPRESENTATION('',(#2896),#2919);
#2896 = B_SPLINE_CURVE_WITH_KNOTS('',6,(#2897,#2898,#2899,#2900,#2901,
    #2902,#2903,#2904,#2905,#2906,#2907,#2908,#2909,#2910,#2911,#2912,
    #2913,#2914,#2915,#2916,#2917,#2918),.UNSPECIFIED.,.F.,.F.,(7,5,5,5,
    7),(0.,0.13644943546,0.444591876802,0.754443241434,1.),
  .UNSPECIFIED.);
#2897 = CARTESIAN_POINT('',(10.781082316181,0.775126074603));
#2898 = CARTESIAN_POINT('',(10.781040508838,0.776957583806));
#2899 = CARTESIAN_POINT('',(10.781035473555,0.778792306598));
#2900 = CARTESIAN_POINT('',(10.781059966721,0.780629884103));
#2901 = CARTESIAN_POINT('',(10.781108550117,0.782470070314));
#2902 = CARTESIAN_POINT('',(10.781176983574,0.784312713878));
#2903 = CARTESIAN_POINT('',(10.781452745932,0.790324344308));
#2904 = CARTESIAN_POINT('',(10.781726506843,0.794502911142));
#2905 = CARTESIAN_POINT('',(10.782041755679,0.798692551443));
#2906 = CARTESIAN_POINT('',(10.782374952163,0.802893018637));
#2907 = CARTESIAN_POINT('',(10.782706868611,0.807104200377));
#2908 = CARTESIAN_POINT('',(10.78333953705,0.815571665333));
#2909 = CARTESIAN_POINT('',(10.783640057645,0.819827880664));
#2910 = CARTESIAN_POINT('',(10.783908304126,0.824094834568));
#2911 = CARTESIAN_POINT('',(10.784131853135,0.828372195401));
#2912 = CARTESIAN_POINT('',(10.784299237843,0.832659306658));
#2913 = CARTESIAN_POINT('',(10.78447643751,0.840358981992));
#2914 = CARTESIAN_POINT('',(10.784511730218,0.843768327917));
#2915 = CARTESIAN_POINT('',(10.784497845057,0.847182219281));
#2916 = CARTESIAN_POINT('',(10.7844280118,0.850599507968));
#2917 = CARTESIAN_POINT('',(10.784294851892,0.854018646591));
#2918 = CARTESIAN_POINT('',(10.78408651942,0.857436451289));
#2919 = ( GEOMETRIC_REPRESENTATION_CONTEXT(2) 
PARAMETRIC_REPRESENTATION_CONTEXT() REPRESENTATION_CONTEXT('2D SPACE',''
  ) );
#2920 = ORIENTED_EDGE('',*,*,#2921,.T.);
#2921 = EDGE_CURVE('',#2842,#2922,#2924,.T.);
#2922 = VERTEX_POINT('',#2923);
#2923 = CARTESIAN_POINT('',(34.681,449.51,18.3));
#2924 = SURFACE_CURVE('',#2925,(#2929,#2936),.PCURVE_S1.);
#2925 = LINE('',#2926,#2927);
#2926 = CARTESIAN_POINT('',(34.681,449.51,0.));
#2927 = VECTOR('',#2928,1.);
#2928 = DIRECTION('',(-0.,-0.,1.));
#2929 = PCURVE('',#2801,#2930);
#2930 = DEFINITIONAL_REPRESENTATION('',(#2931),#2935);
#2931 = LINE('',#2932,#2933);
#2932 = CARTESIAN_POINT('',(0.,0.));
#2933 = VECTOR('',#2934,1.);
#2934 = DIRECTION('',(0.,-1.));
#2935 = ( GEOMETRIC_REPRESENTATION_CONTEXT(2) 
PARAMETRIC_REPRESENTATION_CONTEXT() REPRESENTATION_CONTEXT('2D SPACE',''
  ) );
#2936 = PCURVE('',#2937,#2945);
#2937 = SURFACE_OF_LINEAR_EXTRUSION('',#2938,#2943);
#2938 = B_SPLINE_CURVE_WITH_KNOTS('',3,(#2939,#2940,#2941,#2942),
  .UNSPECIFIED.,.F.,.F.,(4,4),(0.,1.),.PIECEWISE_BEZIER_KNOTS.);
#2939 = CARTESIAN_POINT('',(1.E-03,428.947,0.));
#2940 = CARTESIAN_POINT('',(14.946,428.943,0.));
#2941 = CARTESIAN_POINT('',(27.97,437.256,0.));
#2942 = CARTESIAN_POINT('',(34.681,449.51,0.));
#2943 = VECTOR('',#2944,1.);
#2944 = DIRECTION('',(0.,0.,-1.));
#2945 = DEFINITIONAL_REPRESENTATION('',(#2946),#2950);
#2946 = LINE('',#2947,#2948);
#2947 = CARTESIAN_POINT('',(1.,0.));
#2948 = VECTOR('',#2949,1.);
#2949 = DIRECTION('',(0.,-1.));
#2950 = ( GEOMETRIC_REPRESENTATION_CONTEXT(2) 
PARAMETRIC_REPRESENTATION_CONTEXT() REPRESENTATION_CONTEXT('2D SPACE',''
  ) );
#2951 = ORIENTED_EDGE('',*,*,#2952,.T.);
#2952 = EDGE_CURVE('',#2922,#2786,#2953,.T.);
#2953 = SURFACE_CURVE('',#2954,(#2959,#2966),.PCURVE_S1.);
#2954 = B_SPLINE_CURVE_WITH_KNOTS('',3,(#2955,#2956,#2957,#2958),
  .UNSPECIFIED.,.F.,.F.,(4,4),(0.,1.),.PIECEWISE_BEZIER_KNOTS.);
#2955 = CARTESIAN_POINT('',(34.681,449.51,18.3));
#2956 = CARTESIAN_POINT('',(35.293,450.628,18.3));
#2957 = CARTESIAN_POINT('',(35.977,452.266,18.3));
#2958 = CARTESIAN_POINT('',(36.483,453.457,18.3));
#2959 = PCURVE('',#2801,#2960);
#2960 = DEFINITIONAL_REPRESENTATION('',(#2961),#2965);
#2961 = LINE('',#2962,#2963);
#2962 = CARTESIAN_POINT('',(0.,-18.3));
#2963 = VECTOR('',#2964,1.);
#2964 = DIRECTION('',(1.,0.));
#2965 = ( GEOMETRIC_REPRESENTATION_CONTEXT(2) 
PARAMETRIC_REPRESENTATION_CONTEXT() REPRESENTATION_CONTEXT('2D SPACE',''
  ) );
#2966 = PCURVE('',#375,#2967);
#2967 = DEFINITIONAL_REPRESENTATION('',(#2968),#2973);
#2968 = B_SPLINE_CURVE_WITH_KNOTS('',3,(#2969,#2970,#2971,#2972),
  .UNSPECIFIED.,.F.,.F.,(4,4),(0.,1.),.PIECEWISE_BEZIER_KNOTS.);
#2969 = CARTESIAN_POINT('',(-34.68019301259,217.89120413799));
#2970 = CARTESIAN_POINT('',(-35.29219301259,219.00920413799));
#2971 = CARTESIAN_POINT('',(-35.97619301259,220.64720413799));
#2972 = CARTESIAN_POINT('',(-36.48219301259,221.83820413799));
#2973 = ( GEOMETRIC_REPRESENTATION_CONTEXT(2) 
PARAMETRIC_REPRESENTATION_CONTEXT() REPRESENTATION_CONTEXT('2D SPACE',''
  ) );
#2974 = ORIENTED_EDGE('',*,*,#2785,.F.);
#2975 = ADVANCED_FACE('',(#2976),#2937,.T.);
#2976 = FACE_BOUND('',#2977,.T.);
#2977 = EDGE_LOOP('',(#2978,#3010,#3041,#3064,#3065,#3694));
#2978 = ORIENTED_EDGE('',*,*,#2979,.F.);
#2979 = EDGE_CURVE('',#2980,#2982,#2984,.T.);
#2980 = VERTEX_POINT('',#2981);
#2981 = CARTESIAN_POINT('',(9.999999999988E-04,428.947,0.));
#2982 = VERTEX_POINT('',#2983);
#2983 = CARTESIAN_POINT('',(2.054071246637,428.99898577659,0.));
#2984 = SURFACE_CURVE('',#2985,(#2990,#2997),.PCURVE_S1.);
#2985 = B_SPLINE_CURVE_WITH_KNOTS('',3,(#2986,#2987,#2988,#2989),
  .UNSPECIFIED.,.F.,.F.,(4,4),(0.,1.),.PIECEWISE_BEZIER_KNOTS.);
#2986 = CARTESIAN_POINT('',(1.E-03,428.947,0.));
#2987 = CARTESIAN_POINT('',(14.946,428.943,0.));
#2988 = CARTESIAN_POINT('',(27.97,437.256,0.));
#2989 = CARTESIAN_POINT('',(34.681,449.51,0.));
#2990 = PCURVE('',#2937,#2991);
#2991 = DEFINITIONAL_REPRESENTATION('',(#2992),#2996);
#2992 = LINE('',#2993,#2994);
#2993 = CARTESIAN_POINT('',(0.,0.));
#2994 = VECTOR('',#2995,1.);
#2995 = DIRECTION('',(1.,0.));
#2996 = ( GEOMETRIC_REPRESENTATION_CONTEXT(2) 
PARAMETRIC_REPRESENTATION_CONTEXT() REPRESENTATION_CONTEXT('2D SPACE',''
  ) );
#2997 = PCURVE('',#2998,#3003);
#2998 = PLANE('',#2999);
#2999 = AXIS2_PLACEMENT_3D('',#3000,#3001,#3002);
#3000 = CARTESIAN_POINT('',(8.069874045631E-04,231.618795862,0.));
#3001 = DIRECTION('',(0.,-0.,-1.));
#3002 = DIRECTION('',(-1.,0.,0.));
#3003 = DEFINITIONAL_REPRESENTATION('',(#3004),#3009);
#3004 = B_SPLINE_CURVE_WITH_KNOTS('',3,(#3005,#3006,#3007,#3008),
  .UNSPECIFIED.,.F.,.F.,(4,4),(0.,1.),.PIECEWISE_BEZIER_KNOTS.);
#3005 = CARTESIAN_POINT('',(-1.930125954369E-04,197.32820413799));
#3006 = CARTESIAN_POINT('',(-14.94519301259,197.32420413799));
#3007 = CARTESIAN_POINT('',(-27.96919301259,205.63720413799));
#3008 = CARTESIAN_POINT('',(-34.68019301259,217.89120413799));
#3009 = ( GEOMETRIC_REPRESENTATION_CONTEXT(2) 
PARAMETRIC_REPRESENTATION_CONTEXT() REPRESENTATION_CONTEXT('2D SPACE',''
  ) );
#3010 = ORIENTED_EDGE('',*,*,#3011,.T.);
#3011 = EDGE_CURVE('',#2980,#3012,#3014,.T.);
#3012 = VERTEX_POINT('',#3013);
#3013 = CARTESIAN_POINT('',(9.999999999988E-04,428.947,18.3));
#3014 = SURFACE_CURVE('',#3015,(#3019,#3026),.PCURVE_S1.);
#3015 = LINE('',#3016,#3017);
#3016 = CARTESIAN_POINT('',(9.999999999988E-04,428.947,0.));
#3017 = VECTOR('',#3018,1.);
#3018 = DIRECTION('',(-0.,-0.,1.));
#3019 = PCURVE('',#2937,#3020);
#3020 = DEFINITIONAL_REPRESENTATION('',(#3021),#3025);
#3021 = LINE('',#3022,#3023);
#3022 = CARTESIAN_POINT('',(0.,0.));
#3023 = VECTOR('',#3024,1.);
#3024 = DIRECTION('',(0.,-1.));
#3025 = ( GEOMETRIC_REPRESENTATION_CONTEXT(2) 
PARAMETRIC_REPRESENTATION_CONTEXT() REPRESENTATION_CONTEXT('2D SPACE',''
  ) );
#3026 = PCURVE('',#3027,#3035);
#3027 = SURFACE_OF_LINEAR_EXTRUSION('',#3028,#3033);
#3028 = B_SPLINE_CURVE_WITH_KNOTS('',3,(#3029,#3030,#3031,#3032),
  .UNSPECIFIED.,.F.,.F.,(4,4),(0.,1.),.PIECEWISE_BEZIER_KNOTS.);
#3029 = CARTESIAN_POINT('',(-34.388,449.004,0.));
#3030 = CARTESIAN_POINT('',(-27.556,437.191,0.));
#3031 = CARTESIAN_POINT('',(-14.742,428.951,0.));
#3032 = CARTESIAN_POINT('',(1.E-03,428.947,0.));
#3033 = VECTOR('',#3034,1.);
#3034 = DIRECTION('',(0.,0.,-1.));
#3035 = DEFINITIONAL_REPRESENTATION('',(#3036),#3040);
#3036 = LINE('',#3037,#3038);
#3037 = CARTESIAN_POINT('',(1.,0.));
#3038 = VECTOR('',#3039,1.);
#3039 = DIRECTION('',(0.,-1.));
#3040 = ( GEOMETRIC_REPRESENTATION_CONTEXT(2) 
PARAMETRIC_REPRESENTATION_CONTEXT() REPRESENTATION_CONTEXT('2D SPACE',''
  ) );
#3041 = ORIENTED_EDGE('',*,*,#3042,.T.);
#3042 = EDGE_CURVE('',#3012,#2922,#3043,.T.);
#3043 = SURFACE_CURVE('',#3044,(#3049,#3056),.PCURVE_S1.);
#3044 = B_SPLINE_CURVE_WITH_KNOTS('',3,(#3045,#3046,#3047,#3048),
  .UNSPECIFIED.,.F.,.F.,(4,4),(0.,1.),.PIECEWISE_BEZIER_KNOTS.);
#3045 = CARTESIAN_POINT('',(1.E-03,428.947,18.3));
#3046 = CARTESIAN_POINT('',(14.946,428.943,18.3));
#3047 = CARTESIAN_POINT('',(27.97,437.256,18.3));
#3048 = CARTESIAN_POINT('',(34.681,449.51,18.3));
#3049 = PCURVE('',#2937,#3050);
#3050 = DEFINITIONAL_REPRESENTATION('',(#3051),#3055);
#3051 = LINE('',#3052,#3053);
#3052 = CARTESIAN_POINT('',(0.,-18.3));
#3053 = VECTOR('',#3054,1.);
#3054 = DIRECTION('',(1.,0.));
#3055 = ( GEOMETRIC_REPRESENTATION_CONTEXT(2) 
PARAMETRIC_REPRESENTATION_CONTEXT() REPRESENTATION_CONTEXT('2D SPACE',''
  ) );
#3056 = PCURVE('',#375,#3057);
#3057 = DEFINITIONAL_REPRESENTATION('',(#3058),#3063);
#3058 = B_SPLINE_CURVE_WITH_KNOTS('',3,(#3059,#3060,#3061,#3062),
  .UNSPECIFIED.,.F.,.F.,(4,4),(0.,1.),.PIECEWISE_BEZIER_KNOTS.);
#3059 = CARTESIAN_POINT('',(-1.930125954369E-04,197.32820413799));
#3060 = CARTESIAN_POINT('',(-14.94519301259,197.32420413799));
#3061 = CARTESIAN_POINT('',(-27.96919301259,205.63720413799));
#3062 = CARTESIAN_POINT('',(-34.68019301259,217.89120413799));
#3063 = ( GEOMETRIC_REPRESENTATION_CONTEXT(2) 
PARAMETRIC_REPRESENTATION_CONTEXT() REPRESENTATION_CONTEXT('2D SPACE',''
  ) );
#3064 = ORIENTED_EDGE('',*,*,#2921,.F.);
#3065 = ORIENTED_EDGE('',*,*,#3066,.F.);
#3066 = EDGE_CURVE('',#3067,#2842,#3069,.T.);
#3067 = VERTEX_POINT('',#3068);
#3068 = CARTESIAN_POINT('',(2.054071246637,428.99898577659,
    0.177006803229));
#3069 = SURFACE_CURVE('',#3070,(#3276,#3485),.PCURVE_S1.);
#3070 = B_SPLINE_CURVE_WITH_KNOTS('',8,(#3071,#3072,#3073,#3074,#3075,
    #3076,#3077,#3078,#3079,#3080,#3081,#3082,#3083,#3084,#3085,#3086,
    #3087,#3088,#3089,#3090,#3091,#3092,#3093,#3094,#3095,#3096,#3097,
    #3098,#3099,#3100,#3101,#3102,#3103,#3104,#3105,#3106,#3107,#3108,
    #3109,#3110,#3111,#3112,#3113,#3114,#3115,#3116,#3117,#3118,#3119,
    #3120,#3121,#3122,#3123,#3124,#3125,#3126,#3127,#3128,#3129,#3130,
    #3131,#3132,#3133,#3134,#3135,#3136,#3137,#3138,#3139,#3140,#3141,
    #3142,#3143,#3144,#3145,#3146,#3147,#3148,#3149,#3150,#3151,#3152,
    #3153,#3154,#3155,#3156,#3157,#3158,#3159,#3160,#3161,#3162,#3163,
    #3164,#3165,#3166,#3167,#3168,#3169,#3170,#3171,#3172,#3173,#3174,
    #3175,#3176,#3177,#3178,#3179,#3180,#3181,#3182,#3183,#3184,#3185,
    #3186,#3187,#3188,#3189,#3190,#3191,#3192,#3193,#3194,#3195,#3196,
    #3197,#3198,#3199,#3200,#3201,#3202,#3203,#3204,#3205,#3206,#3207,
    #3208,#3209,#3210,#3211,#3212,#3213,#3214,#3215,#3216,#3217,#3218,
    #3219,#3220,#3221,#3222,#3223,#3224,#3225,#3226,#3227,#3228,#3229,
    #3230,#3231,#3232,#3233,#3234,#3235,#3236,#3237,#3238,#3239,#3240,
    #3241,#3242,#3243,#3244,#3245,#3246,#3247,#3248,#3249,#3250,#3251,
    #3252,#3253,#3254,#3255,#3256,#3257,#3258,#3259,#3260,#3261,#3262,
    #3263,#3264,#3265,#3266,#3267,#3268,#3269,#3270,#3271,#3272,#3273,
    #3274,#3275),.UNSPECIFIED.,.F.,.F.,(9,7,7,7,7,7,7,7,7,7,7,7,7,7,7,7,
    7,7,7,7,7,7,7,7,7,7,7,7,7,9),(0.,3.703426281902E-02,
    7.629340483486E-02,0.121785294369,0.183155102126,0.211799657002,
    0.239919696346,0.299194617277,0.357443065113,0.465685198766,
    0.493584409416,0.514909415132,0.548020596884,0.583191585141,
    0.597976117619,0.65328185083,0.66667902836,0.7056694291,
    0.719148060317,0.748066756389,0.758372423471,0.777192244443,
    0.815906995226,0.830426973581,0.843233582005,0.88938454868,
    0.912836110966,0.936875313679,0.965635546245,1.),.UNSPECIFIED.);
#3071 = CARTESIAN_POINT('',(2.054071246637,428.99898577659,
    0.177006803229));
#3072 = CARTESIAN_POINT('',(2.267949170427,429.00989958409,
    0.213037031425));
#3073 = CARTESIAN_POINT('',(2.48048506002,429.02206079622,0.252851904908
    ));
#3074 = CARTESIAN_POINT('',(2.691574016184,429.03543809507,
    0.296264829097));
#3075 = CARTESIAN_POINT('',(2.901133136196,429.04999812923,
    0.343089165456));
#3076 = CARTESIAN_POINT('',(3.109100210768,429.0657064768,0.393141057825
    ));
#3077 = CARTESIAN_POINT('',(3.315432420972,429.08252860854,
    0.446242258755));
#3078 = CARTESIAN_POINT('',(3.52010503516,429.10043085086,0.502222955836
    ));
#3079 = CARTESIAN_POINT('',(3.938310957619,429.13947032167,0.62315281406
    ));
#3080 = CARTESIAN_POINT('',(4.15163096427,429.16073659309,0.688436771251
    ));
#3081 = CARTESIAN_POINT('',(4.363063315589,429.1831422291,0.756585684104
    ));
#3082 = CARTESIAN_POINT('',(4.572608877713,429.20665002195,
    0.827423477666));
#3083 = CARTESIAN_POINT('',(4.780282967434,429.23122502581,
    0.900778477259));
#3084 = CARTESIAN_POINT('',(4.986108804877,429.25683421598,
    0.976492650187));
#3085 = CARTESIAN_POINT('',(5.190112723189,429.28344627856,
    1.054428761949));
#3086 = CARTESIAN_POINT('',(5.62666453145,429.34300052594,1.227183564495
    ));
#3087 = CARTESIAN_POINT('',(5.858593024738,429.37627567832,
    1.322715144834));
#3088 = CARTESIAN_POINT('',(6.088182370209,429.41081527347,1.42084420167
    ));
#3089 = CARTESIAN_POINT('',(6.315496087052,429.44657890699,1.52138222863
    ));
#3090 = CARTESIAN_POINT('',(6.540600909232,429.48352967839,1.6241561094)
  );
#3091 = CARTESIAN_POINT('',(6.763567157553,429.52163437832,
    1.729007665335));
#3092 = CARTESIAN_POINT('',(6.984469111737,429.56086367564,
    1.835793203073));
#3093 = CARTESIAN_POINT('',(7.498709441088,429.65559673224,2.09087376288
    ));
#3094 = CARTESIAN_POINT('',(7.790405656405,429.71199919381,
    2.240643050454));
#3095 = CARTESIAN_POINT('',(8.078678213068,429.77033951216,
    2.393358933053));
#3096 = CARTESIAN_POINT('',(8.363665012687,429.83055597658,
    2.548778427195));
#3097 = CARTESIAN_POINT('',(8.645558667367,429.8926055571,2.706625857042
    ));
#3098 = CARTESIAN_POINT('',(8.924501405342,429.95644520544,
    2.866698082298));
#3099 = CARTESIAN_POINT('',(9.200661335164,430.02204467092,3.02878824533
    ));
#3100 = CARTESIAN_POINT('',(9.60186965687,430.120809576,3.269239262759)
  );
#3101 = CARTESIAN_POINT('',(9.728969836774,430.15261668877,
    3.346156815016));
#3102 = CARTESIAN_POINT('',(9.855512192028,430.18479912079,
    3.423456971036));
#3103 = CARTESIAN_POINT('',(9.981512111205,430.21735466107,
    3.501121991867));
#3104 = CARTESIAN_POINT('',(10.106984737254,430.25028140933,
    3.579134800415));
#3105 = CARTESIAN_POINT('',(10.231944662775,430.28357767473,
    3.65747924911));
#3106 = CARTESIAN_POINT('',(10.356405625299,430.31724187445,
    3.736140387568));
#3107 = CARTESIAN_POINT('',(10.602084659316,430.3846798507,
    3.892623142832));
#3108 = CARTESIAN_POINT('',(10.723320509871,430.41844035651,
    3.970433506793));
#3109 = CARTESIAN_POINT('',(10.844100220676,430.45255262202,
    4.048522515701));
#3110 = CARTESIAN_POINT('',(10.964436042286,430.4870155372,
    4.126877293288));
#3111 = CARTESIAN_POINT('',(11.084340009363,430.52182820975,
    4.205485393444));
#3112 = CARTESIAN_POINT('',(11.203823940672,430.55698996509,
    4.284334800226));
#3113 = CARTESIAN_POINT('',(11.322899439084,430.59250034639,
    4.363413927852));
#3114 = CARTESIAN_POINT('',(11.69174311365,430.70394669183,
    4.609865173224));
#3115 = CARTESIAN_POINT('',(11.940143285704,430.78108199701,
    4.777988895447));
#3116 = CARTESIAN_POINT('',(12.186885074959,430.85976248639,
    4.946979809852));
#3117 = CARTESIAN_POINT('',(12.432077196712,430.93999212924,
    5.116734719849));
#3118 = CARTESIAN_POINT('',(12.675802643349,431.02177058364,
    5.287173682936));
#3119 = CARTESIAN_POINT('',(12.91818119736,431.10511568023,
    5.458188544645));
#3120 = CARTESIAN_POINT('',(13.159281580916,431.19003177642,
    5.62971440608));
#3121 = CARTESIAN_POINT('',(13.634956192404,431.36154162838,
    5.970647042455));
#3122 = CARTESIAN_POINT('',(13.869569141339,431.44808014833,
    6.140038781963));
#3123 = CARTESIAN_POINT('',(14.103116607316,431.53616516216,
    6.309771536852));
#3124 = CARTESIAN_POINT('',(14.33567717657,431.62581344163,
    6.479774063507));
#3125 = CARTESIAN_POINT('',(14.56732701173,431.71704477735,
    6.649976756395));
#3126 = CARTESIAN_POINT('',(14.798140396241,431.80988212473,
    6.820311236203));
#3127 = CARTESIAN_POINT('',(15.028190278799,431.90435174993,
    6.990709937985));
#3128 = CARTESIAN_POINT('',(15.683762022622,432.17912319689,
    7.477749343108));
#3129 = CARTESIAN_POINT('',(16.107573677204,432.36349637218,
    7.794374029464));
#3130 = CARTESIAN_POINT('',(16.529467231923,432.55380186259,
    8.110550896987));
#3131 = CARTESIAN_POINT('',(16.949895549444,432.75027381335,
    8.425841233289));
#3132 = CARTESIAN_POINT('',(17.369294473844,432.95318595117,
    8.739785076395));
#3133 = CARTESIAN_POINT('',(17.788092611866,433.16285693887,
    9.051893419137));
#3134 = CARTESIAN_POINT('',(18.206720518605,433.37965920897,
    9.361639649074));
#3135 = CARTESIAN_POINT('',(18.733593689211,433.661865935,9.747524591503
    ));
#3136 = CARTESIAN_POINT('',(18.841582355102,433.72020073874,
    9.826407373905));
#3137 = CARTESIAN_POINT('',(18.949595820313,433.77904559126,
    9.905084111394));
#3138 = CARTESIAN_POINT('',(19.057641423262,433.83840815162,
    9.983544352218));
#3139 = CARTESIAN_POINT('',(19.165726498109,433.89829635578,
    10.061777285133));
#3140 = CARTESIAN_POINT('',(19.273858374757,433.95871841656,
    10.139771739407));
#3141 = CARTESIAN_POINT('',(19.382044378849,434.01968282366,
    10.217516184816));
#3142 = CARTESIAN_POINT('',(19.573031719335,434.12821826951,
    10.354223194112));
#3143 = CARTESIAN_POINT('',(19.655807497815,434.17556018152,
    10.413294610304));
#3144 = CARTESIAN_POINT('',(19.738622438524,434.22322799808,
    10.472207662413));
#3145 = CARTESIAN_POINT('',(19.821479807259,434.27122574062,
    10.530956868952));
#3146 = CARTESIAN_POINT('',(19.904382864308,434.31955753365,
    10.589536584762));
#3147 = CARTESIAN_POINT('',(19.987334864445,434.36822760474,
    10.647941001005));
#3148 = CARTESIAN_POINT('',(20.070339056935,434.41724028454,
    10.706164145172));
#3149 = CARTESIAN_POINT('',(20.282364768608,434.54324048954,
    10.854311547409));
#3150 = CARTESIAN_POINT('',(20.411463989686,434.62071734895,
    10.943971654837));
#3151 = CARTESIAN_POINT('',(20.540709066269,434.6990475003,
    11.033156872942));
#3152 = CARTESIAN_POINT('',(20.670120608811,434.77825334615,
    11.121834815248));
#3153 = CARTESIAN_POINT('',(20.799714597312,434.85835537687,
    11.209975699886));
#3154 = CARTESIAN_POINT('',(20.929505882435,434.93937428028,
    11.297549113622));
#3155 = CARTESIAN_POINT('',(21.059513452514,435.02133410831,
    11.384519071193));
#3156 = CARTESIAN_POINT('',(21.328095020619,435.19234058718,
    11.562552630134));
#3157 = CARTESIAN_POINT('',(21.466698396057,435.28151064739,
    11.653533723135));
#3158 = CARTESIAN_POINT('',(21.605583897123,435.37179692456,
    11.743750937046));
#3159 = CARTESIAN_POINT('',(21.744771434472,435.46322890798,
    11.833158368347));
#3160 = CARTESIAN_POINT('',(21.884280398864,435.55583701766,
    11.92170693809));
#3161 = CARTESIAN_POINT('',(22.024129793558,435.64965274113,
    12.009344216093));
#3162 = CARTESIAN_POINT('',(22.164338366715,435.74470876997,
    12.096014245139));
#3163 = CARTESIAN_POINT('',(22.364021856518,435.88153272251,
    12.217658443107));
#3164 = CARTESIAN_POINT('',(22.423185827587,435.92225156082,
    12.253477847922));
#3165 = CARTESIAN_POINT('',(22.482417261001,435.96319763185,
    12.289111961631));
#3166 = CARTESIAN_POINT('',(22.541718473004,436.00437416332,
    12.324554918582));
#3167 = CARTESIAN_POINT('',(22.601090990163,436.04578387992,
    12.359801702994));
#3168 = CARTESIAN_POINT('',(22.660534709107,436.08742840832,
    12.394849180192));
#3169 = CARTESIAN_POINT('',(22.720048717915,436.12930883767,
    12.429695061522));
#3170 = CARTESIAN_POINT('',(23.002528585373,436.32898398619,
    12.593914571694));
#3171 = CARTESIAN_POINT('',(23.226411627957,436.48986915185,
    12.720610139464));
#3172 = CARTESIAN_POINT('',(23.451293015531,436.65418107189,
    12.844235402572));
#3173 = CARTESIAN_POINT('',(23.677170361929,436.82201476283,
    12.964583677357));
#3174 = CARTESIAN_POINT('',(23.904028759588,436.99346120817,
    13.081428409824));
#3175 = CARTESIAN_POINT('',(24.131840752925,437.16860644826,
    13.194523885255));
#3176 = CARTESIAN_POINT('',(24.360566311704,437.34753067006,
    13.303605937818));
#3177 = CARTESIAN_POINT('',(24.645767490683,437.57458283184,
    13.433776038017));
#3178 = CARTESIAN_POINT('',(24.701431672306,437.61908360145,
    13.458908404477));
#3179 = CARTESIAN_POINT('',(24.757149417869,437.66381451389,
    13.483776889404));
#3180 = CARTESIAN_POINT('',(24.812905081172,437.70876467567,
    13.508405382919));
#3181 = CARTESIAN_POINT('',(24.868718935492,437.75395190661,
    13.532748313718));
#3182 = CARTESIAN_POINT('',(24.924583453546,437.79937204556,
    13.556814696265));
#3183 = CARTESIAN_POINT('',(24.980504417393,437.84503149474,
    13.580585312628));
#3184 = CARTESIAN_POINT('',(25.199401629473,438.02452399412,
    13.672339883978));
#3185 = CARTESIAN_POINT('',(25.362797455602,438.16015712178,
    13.738030135938));
#3186 = CARTESIAN_POINT('',(25.526738749075,438.29793388859,
    13.80083087778));
#3187 = CARTESIAN_POINT('',(25.691263055291,438.4379363066,
    13.860414999995));
#3188 = CARTESIAN_POINT('',(25.856378756978,438.58022628518,
    13.916417759544));
#3189 = CARTESIAN_POINT('',(26.022065379109,438.72484348839,
    13.968439115453));
#3190 = CARTESIAN_POINT('',(26.188273064311,438.87180212042,
    14.016048690164));
#3191 = CARTESIAN_POINT('',(26.412529988476,439.07269295586,
    14.073569803791));
#3192 = CARTESIAN_POINT('',(26.470189447719,439.12457547623,
    14.087764363936));
#3193 = CARTESIAN_POINT('',(26.5278954171,439.17673276613,
    14.101358242881));
#3194 = CARTESIAN_POINT('',(26.585642889688,439.22916260011,
    14.114332198173));
#3195 = CARTESIAN_POINT('',(26.643426020786,439.28186191863,
    14.126666683641));
#3196 = CARTESIAN_POINT('',(26.70123811771,439.33482678532,
    14.138341993934));
#3197 = CARTESIAN_POINT('',(26.759071629555,439.38805234425,
    14.14933840906));
#3198 = CARTESIAN_POINT('',(26.94102907522,439.55627620794,
    14.181730771144));
#3199 = CARTESIAN_POINT('',(27.065187312933,439.67218130689,
    14.200617149217));
#3200 = CARTESIAN_POINT('',(27.189223186109,439.78911024226,
    14.216617671098));
#3201 = CARTESIAN_POINT('',(27.312995821184,439.9069439288,
    14.230096804679));
#3202 = CARTESIAN_POINT('',(27.436393934183,440.02558468711,
    14.241445051001));
#3203 = CARTESIAN_POINT('',(27.559336099036,440.14495859486,
    14.251067022165));
#3204 = CARTESIAN_POINT('',(27.681770485042,440.26501753007,
    14.259373833962));
#3205 = CARTESIAN_POINT('',(27.84711646811,440.4287627259,
    14.269419059305));
#3206 = CARTESIAN_POINT('',(27.890490243623,440.47186772426,
    14.271943821904));
#3207 = CARTESIAN_POINT('',(27.933793800895,440.51505440592,
    14.27437285548));
#3208 = CARTESIAN_POINT('',(27.977025667184,440.55832136941,
    14.276724932439));
#3209 = CARTESIAN_POINT('',(28.020184486144,440.60166730724,
    14.279018843095));
#3210 = CARTESIAN_POINT('',(28.063269017828,440.64509100596,
    14.281273395675));
#3211 = CARTESIAN_POINT('',(28.106278138687,440.68859134609,
    14.283507416312));
#3212 = CARTESIAN_POINT('',(28.227612926133,440.81174407154,
    14.289816351003));
#3213 = CARTESIAN_POINT('',(28.305758379108,440.89157120578,
    14.293887305383));
#3214 = CARTESIAN_POINT('',(28.383642639094,440.97164405715,
    14.298067072136));
#3215 = CARTESIAN_POINT('',(28.461259158573,441.05195581889,
    14.302470358581));
#3216 = CARTESIAN_POINT('',(28.53859949521,441.13249750567,
    14.307211701568));
#3217 = CARTESIAN_POINT('',(28.615653403151,441.21325793395,
    14.312405049624));
#3218 = CARTESIAN_POINT('',(28.692408924332,441.29422370243,
    14.318163345102));
#3219 = CARTESIAN_POINT('',(28.926106536654,441.54232623317,
    14.337835223621));
#3220 = CARTESIAN_POINT('',(29.082035696734,441.71007105697,
    14.353911137759));
#3221 = CARTESIAN_POINT('',(29.236587302809,441.87854686155,
    14.372746383091));
#3222 = CARTESIAN_POINT('',(29.389716488803,442.04769115308,
    14.394258011369));
#3223 = CARTESIAN_POINT('',(29.541385698623,442.21744588938,
    14.41836064953));
#3224 = CARTESIAN_POINT('',(29.691564205008,442.38775764325,
    14.444967557457));
#3225 = CARTESIAN_POINT('',(29.84022762839,442.5585777657,
    14.473991685752));
#3226 = CARTESIAN_POINT('',(30.042538539589,442.79410295627,
    14.517106453129));
#3227 = CARTESIAN_POINT('',(30.097503902675,442.8584087258,
    14.529194046543));
#3228 = CARTESIAN_POINT('',(30.15225257457,442.92277754905,
    14.541604944196));
#3229 = CARTESIAN_POINT('',(30.206783686471,442.98720720599,
    14.554334596042));
#3230 = CARTESIAN_POINT('',(30.261096471208,443.05169556536,
    14.567378471531));
#3231 = CARTESIAN_POINT('',(30.315190263246,443.11624058466,
    14.580732059614));
#3232 = CARTESIAN_POINT('',(30.369064498686,443.18084031011,
    14.594390868738));
#3233 = CARTESIAN_POINT('',(30.470041688142,443.30251638487,
    14.620662745105));
#3234 = CARTESIAN_POINT('',(30.517193430208,443.35958091262,
    14.633209438021));
#3235 = CARTESIAN_POINT('',(30.564174111768,443.41668578446,
    14.645985092527));
#3236 = CARTESIAN_POINT('',(30.610982292424,443.47382833932,
    14.658991711016));
#3237 = CARTESIAN_POINT('',(30.657618477176,443.53100826722,
    14.672223345944));
#3238 = CARTESIAN_POINT('',(30.704083730139,443.58822594552,
    14.685671723697));
#3239 = CARTESIAN_POINT('',(30.750377828833,443.64548020505,
    14.699334106941));
#3240 = CARTESIAN_POINT('',(30.962716357353,443.9092287079,
    14.763189675891));
#3241 = CARTESIAN_POINT('',(31.126714427262,444.11615687455,
    14.81587866938));
#3242 = CARTESIAN_POINT('',(31.288522157288,444.32354564054,
    14.871036111372));
#3243 = CARTESIAN_POINT('',(31.448171790033,444.53139413066,
    14.928436454108));
#3244 = CARTESIAN_POINT('',(31.605700814901,444.7397108368,
    14.987864060332));
#3245 = CARTESIAN_POINT('',(31.761151477849,444.94851404412,
    15.049113147834));
#3246 = CARTESIAN_POINT('',(31.914570291135,445.15783225713,
    15.111987733987));
#3247 = CARTESIAN_POINT('',(32.142960213863,445.47435103614,
    15.208982589613));
#3248 = CARTESIAN_POINT('',(32.219400440579,445.58113946713,
    15.242035200933));
#3249 = CARTESIAN_POINT('',(32.295334821821,445.68807500569,
    15.275434221609));
#3250 = CARTESIAN_POINT('',(32.370770069998,445.79516334273,
    15.309153286834));
#3251 = CARTESIAN_POINT('',(32.445710485501,445.90240702662,
    15.343175450231));
#3252 = CARTESIAN_POINT('',(32.520160448953,446.00980898513,
    15.377484114035));
#3253 = CARTESIAN_POINT('',(32.594126446652,446.11737544831,
    15.412055305532));
#3254 = CARTESIAN_POINT('',(32.742941244088,446.33554494403,
    15.482561738563));
#3255 = CARTESIAN_POINT('',(32.817765708261,446.44615650519,
    15.518508902409));
#3256 = CARTESIAN_POINT('',(32.892092154337,446.55695019529,
    15.554693327978));
#3257 = CARTESIAN_POINT('',(32.965926111665,446.66793136192,
    15.591094806784));
#3258 = CARTESIAN_POINT('',(33.039273021473,446.7791055936,
    15.627693391807));
#3259 = CARTESIAN_POINT('',(33.112138236868,446.89047871981,
    15.664469397494));
#3260 = CARTESIAN_POINT('',(33.184527022841,447.00205681097,
    15.701403399759));
#3261 = CARTESIAN_POINT('',(33.342485886806,447.2475897241,
    15.782829761524));
#3262 = CARTESIAN_POINT('',(33.427852522194,447.38163541681,
    15.827382088424));
#3263 = CARTESIAN_POINT('',(33.512553511797,447.51599439824,
    15.872099813303));
#3264 = CARTESIAN_POINT('',(33.596597336729,447.65067769805,
    15.916950592118));
#3265 = CARTESIAN_POINT('',(33.679992074007,447.78569651697,
    15.961902567931));
#3266 = CARTESIAN_POINT('',(33.762745560707,447.92106250987,
    16.006923798668));
#3267 = CARTESIAN_POINT('',(33.844865558129,448.05678806891,
    16.05198168488));
#3268 = CARTESIAN_POINT('',(34.023734270777,448.35550531599,
    16.150883644166));
#3269 = CARTESIAN_POINT('',(34.120215066,448.51865596463,16.204728914585
    ));
#3270 = CARTESIAN_POINT('',(34.215815440781,448.68236105349,
    16.258521640421));
#3271 = CARTESIAN_POINT('',(34.310547476565,448.84664315376,
    16.312205144156));
#3272 = CARTESIAN_POINT('',(34.404422253534,449.0115249863,
    16.365722467061));
#3273 = CARTESIAN_POINT('',(34.497449907065,449.17702950111,
    16.41901619717));
#3274 = CARTESIAN_POINT('',(34.589639684179,449.34317995678,
    16.472028297243));
#3275 = CARTESIAN_POINT('',(34.681,449.51,16.524699932736));
#3276 = PCURVE('',#2937,#3277);
#3277 = DEFINITIONAL_REPRESENTATION('',(#3278),#3484);
#3278 = B_SPLINE_CURVE_WITH_KNOTS('',8,(#3279,#3280,#3281,#3282,#3283,
    #3284,#3285,#3286,#3287,#3288,#3289,#3290,#3291,#3292,#3293,#3294,
    #3295,#3296,#3297,#3298,#3299,#3300,#3301,#3302,#3303,#3304,#3305,
    #3306,#3307,#3308,#3309,#3310,#3311,#3312,#3313,#3314,#3315,#3316,
    #3317,#3318,#3319,#3320,#3321,#3322,#3323,#3324,#3325,#3326,#3327,
    #3328,#3329,#3330,#3331,#3332,#3333,#3334,#3335,#3336,#3337,#3338,
    #3339,#3340,#3341,#3342,#3343,#3344,#3345,#3346,#3347,#3348,#3349,
    #3350,#3351,#3352,#3353,#3354,#3355,#3356,#3357,#3358,#3359,#3360,
    #3361,#3362,#3363,#3364,#3365,#3366,#3367,#3368,#3369,#3370,#3371,
    #3372,#3373,#3374,#3375,#3376,#3377,#3378,#3379,#3380,#3381,#3382,
    #3383,#3384,#3385,#3386,#3387,#3388,#3389,#3390,#3391,#3392,#3393,
    #3394,#3395,#3396,#3397,#3398,#3399,#3400,#3401,#3402,#3403,#3404,
    #3405,#3406,#3407,#3408,#3409,#3410,#3411,#3412,#3413,#3414,#3415,
    #3416,#3417,#3418,#3419,#3420,#3421,#3422,#3423,#3424,#3425,#3426,
    #3427,#3428,#3429,#3430,#3431,#3432,#3433,#3434,#3435,#3436,#3437,
    #3438,#3439,#3440,#3441,#3442,#3443,#3444,#3445,#3446,#3447,#3448,
    #3449,#3450,#3451,#3452,#3453,#3454,#3455,#3456,#3457,#3458,#3459,
    #3460,#3461,#3462,#3463,#3464,#3465,#3466,#3467,#3468,#3469,#3470,
    #3471,#3472,#3473,#3474,#3475,#3476,#3477,#3478,#3479,#3480,#3481,
    #3482,#3483),.UNSPECIFIED.,.F.,.F.,(9,7,7,7,7,7,7,7,7,7,7,7,7,7,7,7,
    7,7,7,7,7,7,7,7,7,7,7,7,7,9),(0.,3.703426281902E-02,
    7.629340483486E-02,0.121785294369,0.183155102126,0.211799657002,
    0.239919696346,0.299194617277,0.357443065113,0.465685198766,
    0.493584409416,0.514909415132,0.548020596884,0.583191585141,
    0.597976117619,0.65328185083,0.66667902836,0.7056694291,
    0.719148060317,0.748066756389,0.758372423471,0.777192244443,
    0.815906995226,0.830426973581,0.843233582005,0.88938454868,
    0.912836110966,0.936875313679,0.965635546245,1.),.UNSPECIFIED.);
#3279 = CARTESIAN_POINT('',(4.607415351173E-02,-0.177006803229));
#3280 = CARTESIAN_POINT('',(5.09047169224E-02,-0.213037031425));
#3281 = CARTESIAN_POINT('',(5.571264322864E-02,-0.252851904908));
#3282 = CARTESIAN_POINT('',(6.049553942417E-02,-0.296264829097));
#3283 = CARTESIAN_POINT('',(6.525148508885E-02,-0.343089165456));
#3284 = CARTESIAN_POINT('',(6.997900872379E-02,-0.393141057825));
#3285 = CARTESIAN_POINT('',(7.467706408639E-02,-0.446242258755));
#3286 = CARTESIAN_POINT('',(7.934500652553E-02,-0.502222955836));
#3287 = CARTESIAN_POINT('',(8.889873943484E-02,-0.62315281406));
#3288 = CARTESIAN_POINT('',(9.378061177885E-02,-0.688436771251));
#3289 = CARTESIAN_POINT('',(9.862792837678E-02,-0.756585684105));
#3290 = CARTESIAN_POINT('',(0.10344059864,-0.827423477666));
#3291 = CARTESIAN_POINT('',(0.108218860075,-0.900778477258));
#3292 = CARTESIAN_POINT('',(0.11296313083,-0.976492650187));
#3293 = CARTESIAN_POINT('',(0.117673902421,-1.054428761949));
#3294 = CARTESIAN_POINT('',(0.127772833636,-1.227183564495));
#3295 = CARTESIAN_POINT('',(0.133149589412,-1.322715144834));
#3296 = CARTESIAN_POINT('',(0.138483514205,-1.42084420167));
#3297 = CARTESIAN_POINT('',(0.14377590738,-1.52138222863));
#3298 = CARTESIAN_POINT('',(0.149028152751,-1.6241561094));
#3299 = CARTESIAN_POINT('',(0.154241729556,-1.729007665335));
#3300 = CARTESIAN_POINT('',(0.159418223427,-1.835793203073));
#3301 = CARTESIAN_POINT('',(0.171494841183,-2.09087376288));
#3302 = CARTESIAN_POINT('',(0.178365625666,-2.240643050449));
#3303 = CARTESIAN_POINT('',(0.185176133033,-2.393358933069));
#3304 = CARTESIAN_POINT('',(0.191929299806,-2.548778427172));
#3305 = CARTESIAN_POINT('',(0.198629388202,-2.706625857059));
#3306 = CARTESIAN_POINT('',(0.205279527958,-2.866698082292));
#3307 = CARTESIAN_POINT('',(0.211883502358,-3.02878824533));
#3308 = CARTESIAN_POINT('',(0.22150746622,-3.269239262759));
#3309 = CARTESIAN_POINT('',(0.224560719001,-3.346156815016));
#3310 = CARTESIAN_POINT('',(0.227605015083,-3.423456971036));
#3311 = CARTESIAN_POINT('',(0.230640706423,-3.501121991867));
#3312 = CARTESIAN_POINT('',(0.233668141465,-3.579134800415));
#3313 = CARTESIAN_POINT('',(0.236687657689,-3.65747924911));
#3314 = CARTESIAN_POINT('',(0.239699574162,-3.736140387568));
#3315 = CARTESIAN_POINT('',(0.245653776059,-3.892623142832));
#3316 = CARTESIAN_POINT('',(0.248596329713,-3.970433506793));
#3317 = CARTESIAN_POINT('',(0.251532136103,-4.048522515701));
#3318 = CARTESIAN_POINT('',(0.254461483042,-4.126877293288));
#3319 = CARTESIAN_POINT('',(0.257384655098,-4.205485393444));
#3320 = CARTESIAN_POINT('',(0.260301933591,-4.284334800226));
#3321 = CARTESIAN_POINT('',(0.263213596598,-4.363413927852));
#3322 = CARTESIAN_POINT('',(0.272246227146,-4.609865173224));
#3323 = CARTESIAN_POINT('',(0.278348784553,-4.77798889545));
#3324 = CARTESIAN_POINT('',(0.284430163984,-4.946979809845));
#3325 = CARTESIAN_POINT('',(0.290493034485,-5.116734719859));
#3326 = CARTESIAN_POINT('',(0.29653946039,-5.287173682929));
#3327 = CARTESIAN_POINT('',(0.302572469638,-5.458188544647));
#3328 = CARTESIAN_POINT('',(0.308593855241,-5.62971440608));
#3329 = CARTESIAN_POINT('',(0.320514111496,-5.970647042455));
#3330 = CARTESIAN_POINT('',(0.326413248134,-6.140038781963));
#3331 = CARTESIAN_POINT('',(0.332305597243,-6.309771536852));
#3332 = CARTESIAN_POINT('',(0.338193268285,-6.479774063507));
#3333 = CARTESIAN_POINT('',(0.344078348267,-6.649976756395));
#3334 = CARTESIAN_POINT('',(0.349962916803,-6.820311236203));
#3335 = CARTESIAN_POINT('',(0.355849061173,-6.990709937985));
#3336 = CARTESIAN_POINT('',(0.372683866114,-7.477749343108));
#3337 = CARTESIAN_POINT('',(0.383641204973,-7.794374029464));
#3338 = CARTESIAN_POINT('',(0.394624968397,-8.110550896986));
#3339 = CARTESIAN_POINT('',(0.405648974285,-8.425841233289));
#3340 = CARTESIAN_POINT('',(0.416727178717,-8.739785076396));
#3341 = CARTESIAN_POINT('',(0.427873984478,-9.051893419136));
#3342 = CARTESIAN_POINT('',(0.439104585463,-9.361639649074));
#3343 = CARTESIAN_POINT('',(0.453355965823,-9.747524591503));
#3344 = CARTESIAN_POINT('',(0.456283117745,-9.826407373905));
#3345 = CARTESIAN_POINT('',(0.459217185227,-9.905084111394));
#3346 = CARTESIAN_POINT('',(0.462158446833,-9.983544352218));
#3347 = CARTESIAN_POINT('',(0.46510718528,-10.06177728513));
#3348 = CARTESIAN_POINT('',(0.468063687438,-10.1397717394));
#3349 = CARTESIAN_POINT('',(0.471028244328,-10.21751618481));
#3350 = CARTESIAN_POINT('',(0.476273518441,-10.35422319411));
#3351 = CARTESIAN_POINT('',(0.478550764026,-10.4132946103));
#3352 = CARTESIAN_POINT('',(0.4808330198,-10.47220766241));
#3353 = CARTESIAN_POINT('',(0.483120419226,-10.53095686895));
#3354 = CARTESIAN_POINT('',(0.485413097316,-10.58953658476));
#3355 = CARTESIAN_POINT('',(0.487711190624,-10.647941001));
#3356 = CARTESIAN_POINT('',(0.490014837248,-10.70616414517));
#3357 = CARTESIAN_POINT('',(0.495909871661,-10.8543115474));
#3358 = CARTESIAN_POINT('',(0.499509277403,-10.94397165483));
#3359 = CARTESIAN_POINT('',(0.503122932645,-11.03315687294));
#3360 = CARTESIAN_POINT('',(0.506751607918,-11.12183481524));
#3361 = CARTESIAN_POINT('',(0.510395958341,-11.20997569988));
#3362 = CARTESIAN_POINT('',(0.51405662163,-11.29754911362));
#3363 = CARTESIAN_POINT('',(0.517734365349,-11.38451907119));
#3364 = CARTESIAN_POINT('',(0.525355303069,-11.56255263013));
#3365 = CARTESIAN_POINT('',(0.529300765984,-11.65353372313));
#3366 = CARTESIAN_POINT('',(0.53326715427,-11.74375093704));
#3367 = CARTESIAN_POINT('',(0.537255347693,-11.83315836834));
#3368 = CARTESIAN_POINT('',(0.5412662325,-11.92170693809));
#3369 = CARTESIAN_POINT('',(0.545300706406,-12.00934421609));
#3370 = CARTESIAN_POINT('',(0.549359683595,-12.09601424513));
#3371 = CARTESIAN_POINT('',(0.555161031352,-12.2176584431));
#3372 = CARTESIAN_POINT('',(0.556882461088,-12.25347784792));
#3373 = CARTESIAN_POINT('',(0.558608435579,-12.28911196163));
#3374 = CARTESIAN_POINT('',(0.56033905244,-12.32455491858));
#3375 = CARTESIAN_POINT('',(0.562074387043,-12.35980170299));
#3376 = CARTESIAN_POINT('',(0.563814467839,-12.39484918019));
#3377 = CARTESIAN_POINT('',(0.565559300188,-12.42969506152));
#3378 = CARTESIAN_POINT('',(0.573853957422,-12.59391457169));
#3379 = CARTESIAN_POINT('',(0.580466055292,-12.72061013946));
#3380 = CARTESIAN_POINT('',(0.587147223281,-12.84423540257));
#3381 = CARTESIAN_POINT('',(0.593899201334,-12.96458367735));
#3382 = CARTESIAN_POINT('',(0.600723467787,-13.08142840982));
#3383 = CARTESIAN_POINT('',(0.607621228784,-13.19452388525));
#3384 = CARTESIAN_POINT('',(0.614593407682,-13.30360593781));
#3385 = CARTESIAN_POINT('',(0.623347744063,-13.43377603801));
#3386 = CARTESIAN_POINT('',(0.625059225891,-13.45890840447));
#3387 = CARTESIAN_POINT('',(0.626775237199,-13.4837768894));
#3388 = CARTESIAN_POINT('',(0.628495328608,-13.50840538291));
#3389 = CARTESIAN_POINT('',(0.630220155234,-13.53274831372));
#3390 = CARTESIAN_POINT('',(0.631949521346,-13.55681469626));
#3391 = CARTESIAN_POINT('',(0.633683639413,-13.58058531262));
#3392 = CARTESIAN_POINT('',(0.64048355783,-13.67233988397));
#3393 = CARTESIAN_POINT('',(0.645585064204,-13.73803013593));
#3394 = CARTESIAN_POINT('',(0.650730105642,-13.80083087778));
#3395 = CARTESIAN_POINT('',(0.655920833822,-13.86041499999));
#3396 = CARTESIAN_POINT('',(0.661158568441,-13.91641775954));
#3397 = CARTESIAN_POINT('',(0.666443770659,-13.96843911545));
#3398 = CARTESIAN_POINT('',(0.671775982927,-14.01604869016));
#3399 = CARTESIAN_POINT('',(0.679012775843,-14.07356980379));
#3400 = CARTESIAN_POINT('',(0.680877195764,-14.08776436393));
#3401 = CARTESIAN_POINT('',(0.682746906301,-14.10135824288));
#3402 = CARTESIAN_POINT('',(0.684621791496,-14.11433219817));
#3403 = CARTESIAN_POINT('',(0.686501707206,-14.12666668364));
#3404 = CARTESIAN_POINT('',(0.688386480212,-14.13834199393));
#3405 = CARTESIAN_POINT('',(0.690275907322,-14.14933840906));
#3406 = CARTESIAN_POINT('',(0.696233044708,-14.18173077114));
#3407 = CARTESIAN_POINT('',(0.700316271501,-14.20061714921));
#3408 = CARTESIAN_POINT('',(0.704414284503,-14.21661767109));
#3409 = CARTESIAN_POINT('',(0.708522750315,-14.23009680468));
#3410 = CARTESIAN_POINT('',(0.712638207725,-14.241445051));
#3411 = CARTESIAN_POINT('',(0.716758109666,-14.25106702216));
#3412 = CARTESIAN_POINT('',(0.720880851892,-14.25937383396));
#3413 = CARTESIAN_POINT('',(0.72647577935,-14.2694190593));
#3414 = CARTESIAN_POINT('',(0.727946007819,-14.2719438219));
#3415 = CARTESIAN_POINT('',(0.729416425671,-14.27437285548));
#3416 = CARTESIAN_POINT('',(0.730886988372,-14.27672493243));
#3417 = CARTESIAN_POINT('',(0.732357654967,-14.27901884309));
#3418 = CARTESIAN_POINT('',(0.733828388082,-14.28127339567));
#3419 = CARTESIAN_POINT('',(0.735299153919,-14.28350741631));
#3420 = CARTESIAN_POINT('',(0.739455784002,-14.289816351));
#3421 = CARTESIAN_POINT('',(0.74214159303,-14.29388730538));
#3422 = CARTESIAN_POINT('',(0.744827219155,-14.29806707213));
#3423 = CARTESIAN_POINT('',(0.747512461741,-14.30247035858));
#3424 = CARTESIAN_POINT('',(0.750197050829,-14.30721170156));
#3425 = CARTESIAN_POINT('',(0.752880648271,-14.31240504962));
#3426 = CARTESIAN_POINT('',(0.755562848853,-14.3181633451));
#3427 = CARTESIAN_POINT('',(0.763756964348,-14.33783522362));
#3428 = CARTESIAN_POINT('',(0.769262676504,-14.35391113775));
#3429 = CARTESIAN_POINT('',(0.774758510818,-14.37274638309));
#3430 = CARTESIAN_POINT('',(0.780242860664,-14.39425801136));
#3431 = CARTESIAN_POINT('',(0.785714313846,-14.41836064953));
#3432 = CARTESIAN_POINT('',(0.79117164659,-14.44496755745));
#3433 = CARTESIAN_POINT('',(0.796613817524,-14.47399168575));
#3434 = CARTESIAN_POINT('',(0.804075038576,-14.51710645312));
#3435 = CARTESIAN_POINT('',(0.806107861147,-14.52919404654));
#3436 = CARTESIAN_POINT('',(0.808138383814,-14.54160494419));
#3437 = CARTESIAN_POINT('',(0.810166564116,-14.55433459604));
#3438 = CARTESIAN_POINT('',(0.812192362693,-14.56737847153));
#3439 = CARTESIAN_POINT('',(0.814215743285,-14.58073205961));
#3440 = CARTESIAN_POINT('',(0.816236672734,-14.59439086873));
#3441 = CARTESIAN_POINT('',(0.820035390601,-14.6206627451));
#3442 = CARTESIAN_POINT('',(0.821813727309,-14.63320943802));
#3443 = CARTESIAN_POINT('',(0.823590129119,-14.64598509252));
#3444 = CARTESIAN_POINT('',(0.825364532569,-14.65899171101));
#3445 = CARTESIAN_POINT('',(0.827136947434,-14.67222334594));
#3446 = CARTESIAN_POINT('',(0.8289074047,-14.68567172369));
#3447 = CARTESIAN_POINT('',(0.830675886952,-14.69933410694));
#3448 = CARTESIAN_POINT('',(0.838808402007,-14.76318967589));
#3449 = CARTESIAN_POINT('',(0.845148846822,-14.81587866938));
#3450 = CARTESIAN_POINT('',(0.851464323416,-14.87103611137));
#3451 = CARTESIAN_POINT('',(0.857755650948,-14.9284364541));
#3452 = CARTESIAN_POINT('',(0.864023891225,-14.98786406033));
#3453 = CARTESIAN_POINT('',(0.870270350801,-15.04911314783));
#3454 = CARTESIAN_POINT('',(0.876496583083,-15.11198773398));
#3455 = CARTESIAN_POINT('',(0.885858880817,-15.20898258961));
#3456 = CARTESIAN_POINT('',(0.889008581938,-15.24203520093));
#3457 = CARTESIAN_POINT('',(0.892153729392,-15.2754342216));
#3458 = CARTESIAN_POINT('',(0.895294571401,-15.30915328683));
#3459 = CARTESIAN_POINT('',(0.898431260648,-15.34317545023));
#3460 = CARTESIAN_POINT('',(0.90156395779,-15.37748411403));
#3461 = CARTESIAN_POINT('',(0.904692916744,-15.41205530553));
#3462 = CARTESIAN_POINT('',(0.911022042228,-15.48256173856));
#3463 = CARTESIAN_POINT('',(0.91422202788,-15.5185089024));
#3464 = CARTESIAN_POINT('',(0.917418501331,-15.55469332797));
#3465 = CARTESIAN_POINT('',(0.92061168819,-15.59109480678));
#3466 = CARTESIAN_POINT('',(0.923801817171,-15.6276933918));
#3467 = CARTESIAN_POINT('',(0.926989120096,-15.66446939749));
#3468 = CARTESIAN_POINT('',(0.93017383189,-15.70140339975));
#3469 = CARTESIAN_POINT('',(0.937163528846,-15.78282976152));
#3470 = CARTESIAN_POINT('',(0.94096749162,-15.82738208842));
#3471 = CARTESIAN_POINT('',(0.944768495843,-15.8720998133));
#3472 = CARTESIAN_POINT('',(0.948566947867,-15.91695059211));
#3473 = CARTESIAN_POINT('',(0.952363251446,-15.96190256793));
#3474 = CARTESIAN_POINT('',(0.956157815717,-16.00692379866));
#3475 = CARTESIAN_POINT('',(0.959951063187,-16.05198168488));
#3476 = CARTESIAN_POINT('',(0.968274794637,-16.15088364416));
#3477 = CARTESIAN_POINT('',(0.972804889628,-16.20472891458));
#3478 = CARTESIAN_POINT('',(0.977334468962,-16.25852164042));
#3479 = CARTESIAN_POINT('',(0.981864266002,-16.31220514415));
#3480 = CARTESIAN_POINT('',(0.986395003937,-16.36572246706));
#3481 = CARTESIAN_POINT('',(0.990927398526,-16.41901619717));
#3482 = CARTESIAN_POINT('',(0.99546216084,-16.47202829724));
#3483 = CARTESIAN_POINT('',(1.,-16.52469993273));
#3484 = ( GEOMETRIC_REPRESENTATION_CONTEXT(2) 
PARAMETRIC_REPRESENTATION_CONTEXT() REPRESENTATION_CONTEXT('2D SPACE',''
  ) );
#3485 = PCURVE('',#1673,#3486);
#3486 = DEFINITIONAL_REPRESENTATION('',(#3487),#3693);
#3487 = B_SPLINE_CURVE_WITH_KNOTS('',8,(#3488,#3489,#3490,#3491,#3492,
    #3493,#3494,#3495,#3496,#3497,#3498,#3499,#3500,#3501,#3502,#3503,
    #3504,#3505,#3506,#3507,#3508,#3509,#3510,#3511,#3512,#3513,#3514,
    #3515,#3516,#3517,#3518,#3519,#3520,#3521,#3522,#3523,#3524,#3525,
    #3526,#3527,#3528,#3529,#3530,#3531,#3532,#3533,#3534,#3535,#3536,
    #3537,#3538,#3539,#3540,#3541,#3542,#3543,#3544,#3545,#3546,#3547,
    #3548,#3549,#3550,#3551,#3552,#3553,#3554,#3555,#3556,#3557,#3558,
    #3559,#3560,#3561,#3562,#3563,#3564,#3565,#3566,#3567,#3568,#3569,
    #3570,#3571,#3572,#3573,#3574,#3575,#3576,#3577,#3578,#3579,#3580,
    #3581,#3582,#3583,#3584,#3585,#3586,#3587,#3588,#3589,#3590,#3591,
    #3592,#3593,#3594,#3595,#3596,#3597,#3598,#3599,#3600,#3601,#3602,
    #3603,#3604,#3605,#3606,#3607,#3608,#3609,#3610,#3611,#3612,#3613,
    #3614,#3615,#3616,#3617,#3618,#3619,#3620,#3621,#3622,#3623,#3624,
    #3625,#3626,#3627,#3628,#3629,#3630,#3631,#3632,#3633,#3634,#3635,
    #3636,#3637,#3638,#3639,#3640,#3641,#3642,#3643,#3644,#3645,#3646,
    #3647,#3648,#3649,#3650,#3651,#3652,#3653,#3654,#3655,#3656,#3657,
    #3658,#3659,#3660,#3661,#3662,#3663,#3664,#3665,#3666,#3667,#3668,
    #3669,#3670,#3671,#3672,#3673,#3674,#3675,#3676,#3677,#3678,#3679,
    #3680,#3681,#3682,#3683,#3684,#3685,#3686,#3687,#3688,#3689,#3690,
    #3691,#3692),.UNSPECIFIED.,.F.,.F.,(9,7,7,7,7,7,7,7,7,7,7,7,7,7,7,7,
    7,7,7,7,7,7,7,7,7,7,7,7,7,9),(0.,3.703426281902E-02,
    7.629340483486E-02,0.121785294369,0.183155102126,0.211799657002,
    0.239919696346,0.299194617277,0.357443065113,0.465685198766,
    0.493584409416,0.514909415132,0.548020596884,0.583191585141,
    0.597976117619,0.65328185083,0.66667902836,0.7056694291,
    0.719148060317,0.748066756389,0.758372423471,0.777192244443,
    0.815906995226,0.830426973581,0.843233582005,0.88938454868,
    0.912836110966,0.936875313679,0.965635546245,1.),.UNSPECIFIED.);
#3488 = CARTESIAN_POINT('',(10.790464388905,0.));
#3489 = CARTESIAN_POINT('',(10.790445294783,4.061402509855E-03));
#3490 = CARTESIAN_POINT('',(10.790424785693,8.101123797768E-03));
#3491 = CARTESIAN_POINT('',(10.790403104467,1.211742292849E-02));
#3492 = CARTESIAN_POINT('',(10.790380456996,1.610895382903E-02));
#3493 = CARTESIAN_POINT('',(10.790357013951,2.007474275177E-02));
#3494 = CARTESIAN_POINT('',(10.79033291251,2.401416573756E-02));
#3495 = CARTESIAN_POINT('',(10.790308258081,2.792692607879E-02));
#3496 = CARTESIAN_POINT('',(10.790256484129,3.593260009841E-02));
#3497 = CARTESIAN_POINT('',(10.790229318937,4.002206606839E-02));
#3498 = CARTESIAN_POINT('',(10.79020164748,4.408158978356E-02));
#3499 = CARTESIAN_POINT('',(10.790173699246,4.811111938008E-02));
#3500 = CARTESIAN_POINT('',(10.790145328504,5.211134206488E-02));
#3501 = CARTESIAN_POINT('',(10.790116443032,5.6082957441E-02));
#3502 = CARTESIAN_POINT('',(10.790087372997,6.002609011083E-02));
#3503 = CARTESIAN_POINT('',(10.790024187673,6.847885922504E-02));
#3504 = CARTESIAN_POINT('',(10.789990023867,7.297884145512E-02));
#3505 = CARTESIAN_POINT('',(10.789955732836,7.744273756881E-02));
#3506 = CARTESIAN_POINT('',(10.7899214135,8.187173593767E-02));
#3507 = CARTESIAN_POINT('',(10.789887145187,8.62670905842E-02));
#3508 = CARTESIAN_POINT('',(10.789852989664,9.063013080433E-02));
#3509 = CARTESIAN_POINT('',(10.789818993165,9.496227079002E-02));
#3510 = CARTESIAN_POINT('',(10.789739584888,0.105069545039));
#3511 = CARTESIAN_POINT('',(10.789694327685,0.110820271111));
#3512 = CARTESIAN_POINT('',(10.789649544435,0.116521428743));
#3513 = CARTESIAN_POINT('',(10.789605086263,0.122174633051));
#3514 = CARTESIAN_POINT('',(10.789561126666,0.127784023056));
#3515 = CARTESIAN_POINT('',(10.789517599078,0.133351700461));
#3516 = CARTESIAN_POINT('',(10.789474592049,0.13888094689));
#3517 = CARTESIAN_POINT('',(10.789412328532,0.146938844894));
#3518 = CARTESIAN_POINT('',(10.78939263846,0.149495278017));
#3519 = CARTESIAN_POINT('',(10.789373071909,0.152044222796));
#3520 = CARTESIAN_POINT('',(10.789353637779,0.154585969119));
#3521 = CARTESIAN_POINT('',(10.78933434708,0.157120805618));
#3522 = CARTESIAN_POINT('',(10.789315206105,0.15964900786));
#3523 = CARTESIAN_POINT('',(10.789296209604,0.162170826541));
#3524 = CARTESIAN_POINT('',(10.789258803949,0.167156060327));
#3525 = CARTESIAN_POINT('',(10.789240394305,0.169619704783));
#3526 = CARTESIAN_POINT('',(10.789222096066,0.172077632967));
#3527 = CARTESIAN_POINT('',(10.789203901717,0.174530066308));
#3528 = CARTESIAN_POINT('',(10.789185805191,0.176977223748));
#3529 = CARTESIAN_POINT('',(10.789167801864,0.17941932174));
#3530 = CARTESIAN_POINT('',(10.789149888559,0.181856574251));
#3531 = CARTESIAN_POINT('',(10.789094489767,0.189416969));
#3532 = CARTESIAN_POINT('',(10.78905731659,0.194524139662));
#3533 = CARTESIAN_POINT('',(10.789020453362,0.199612665811));
#3534 = CARTESIAN_POINT('',(10.788984208355,0.2046846834));
#3535 = CARTESIAN_POINT('',(10.788947874129,0.209741573571));
#3536 = CARTESIAN_POINT('',(10.788912695886,0.214785985332));
#3537 = CARTESIAN_POINT('',(10.788877634856,0.219818991695));
#3538 = CARTESIAN_POINT('',(10.788808720072,0.229778947003));
#3539 = CARTESIAN_POINT('',(10.788774820339,0.234706173422));
#3540 = CARTESIAN_POINT('',(10.788741087637,0.239625733373));
#3541 = CARTESIAN_POINT('',(10.788707461588,0.244539181928));
#3542 = CARTESIAN_POINT('',(10.788673910655,0.249448052156));
#3543 = CARTESIAN_POINT('',(10.788640431696,0.254353866664));
#3544 = CARTESIAN_POINT('',(10.788607049518,0.259258149144));
#3545 = CARTESIAN_POINT('',(10.788512059912,0.273275991465));
#3546 = CARTESIAN_POINT('',(10.788450892959,0.282389275474));
#3547 = CARTESIAN_POINT('',(10.78838980489,0.291512507392));
#3548 = CARTESIAN_POINT('',(10.788327406782,0.300655839499));
#3549 = CARTESIAN_POINT('',(10.788263486268,0.309829203573));
#3550 = CARTESIAN_POINT('',(10.788198740712,0.319042628845));
#3551 = CARTESIAN_POINT('',(10.788133346282,0.328306821473));
#3552 = CARTESIAN_POINT('',(10.788048038411,0.340037806203));
#3553 = CARTESIAN_POINT('',(10.788030410227,0.342445967108));
#3554 = CARTESIAN_POINT('',(10.78801262376,0.344858473524));
#3555 = CARTESIAN_POINT('',(10.787994668205,0.347275522647));
#3556 = CARTESIAN_POINT('',(10.787976534045,0.349697313813));
#3557 = CARTESIAN_POINT('',(10.787958213053,0.352124048502));
#3558 = CARTESIAN_POINT('',(10.787939698289,0.354555930334));
#3559 = CARTESIAN_POINT('',(10.787906679752,0.358856086759));
#3560 = CARTESIAN_POINT('',(10.787892258945,0.360722135703));
#3561 = CARTESIAN_POINT('',(10.787877719169,0.362591403853));
#3562 = CARTESIAN_POINT('',(10.78786305843,0.364463983921));
#3563 = CARTESIAN_POINT('',(10.787848275259,0.366339969371));
#3564 = CARTESIAN_POINT('',(10.787833368706,0.368219454427));
#3565 = CARTESIAN_POINT('',(10.787818338345,0.370102534069));
#3566 = CARTESIAN_POINT('',(10.787779654644,0.374918878071));
#3567 = CARTESIAN_POINT('',(10.787755829091,0.377857335429));
#3568 = CARTESIAN_POINT('',(10.787731705958,0.380805049813));
#3569 = CARTESIAN_POINT('',(10.787707236487,0.383762622839));
#3570 = CARTESIAN_POINT('',(10.787682399168,0.386730535091));
#3571 = CARTESIAN_POINT('',(10.787657179782,0.3897092435));
#3572 = CARTESIAN_POINT('',(10.787631540911,0.392699328139));
#3573 = CARTESIAN_POINT('',(10.787577766232,0.398890003428));
#3574 = CARTESIAN_POINT('',(10.78754957318,0.402092109519));
#3575 = CARTESIAN_POINT('',(10.787520856889,0.405308252635));
#3576 = CARTESIAN_POINT('',(10.787491589855,0.40853907173));
#3577 = CARTESIAN_POINT('',(10.787461745882,0.411785205631));
#3578 = CARTESIAN_POINT('',(10.787431300263,0.415047296785));
#3579 = CARTESIAN_POINT('',(10.787400229975,0.418325995003));
#3580 = CARTESIAN_POINT('',(10.787355181634,0.423007458795));
#3581 = CARTESIAN_POINT('',(10.787341735337,0.424396009515));
#3582 = CARTESIAN_POINT('',(10.787328173241,0.425787646642));
#3583 = CARTESIAN_POINT('',(10.787314494098,0.427182437942));
#3584 = CARTESIAN_POINT('',(10.787300696584,0.428580435962));
#3585 = CARTESIAN_POINT('',(10.787286779055,0.429981661241));
#3586 = CARTESIAN_POINT('',(10.787272739629,0.431386118452));
#3587 = CARTESIAN_POINT('',(10.787205595764,0.438059847262));
#3588 = CARTESIAN_POINT('',(10.787150885869,0.443371471384));
#3589 = CARTESIAN_POINT('',(10.787094351047,0.448730140077));
#3590 = CARTESIAN_POINT('',(10.787035879528,0.454137058744));
#3591 = CARTESIAN_POINT('',(10.786975343019,0.459593209708));
#3592 = CARTESIAN_POINT('',(10.786912596079,0.465099345973));
#3593 = CARTESIAN_POINT('',(10.7868474755,0.470655984988));
#3594 = CARTESIAN_POINT('',(10.786763405992,0.477621734755));
#3595 = CARTESIAN_POINT('',(10.78674686181,0.478983020217));
#3596 = CARTESIAN_POINT('',(10.786730169527,0.480347391371));
#3597 = CARTESIAN_POINT('',(10.786713310668,0.481714453898));
#3598 = CARTESIAN_POINT('',(10.786696306638,0.483084775557));
#3599 = CARTESIAN_POINT('',(10.786679145859,0.48445818076));
#3600 = CARTESIAN_POINT('',(10.78666183337,0.485834852311));
#3601 = CARTESIAN_POINT('',(10.786593537899,0.491231163442));
#3602 = CARTESIAN_POINT('',(10.786541418729,0.495275390533));
#3603 = CARTESIAN_POINT('',(10.78648800613,0.499350035916));
#3604 = CARTESIAN_POINT('',(10.78643327818,0.503456923653));
#3605 = CARTESIAN_POINT('',(10.786377193207,0.507597222845));
#3606 = CARTESIAN_POINT('',(10.786319687615,0.511771433753));
#3607 = CARTESIAN_POINT('',(10.786260673737,0.515979345906));
#3608 = CARTESIAN_POINT('',(10.786179076413,0.521685913204));
#3609 = CARTESIAN_POINT('',(10.786157921951,0.523155717592));
#3610 = CARTESIAN_POINT('',(10.786136570004,0.524629318425));
#3611 = CARTESIAN_POINT('',(10.786115015994,0.526106631538));
#3612 = CARTESIAN_POINT('',(10.786093255137,0.527587550862));
#3613 = CARTESIAN_POINT('',(10.786071282475,0.52907194775));
#3614 = CARTESIAN_POINT('',(10.78604909291,0.530559670316));
#3615 = CARTESIAN_POINT('',(10.785978596489,0.535249241975));
#3616 = CARTESIAN_POINT('',(10.78592949679,0.538462119061));
#3617 = CARTESIAN_POINT('',(10.785879513501,0.541685258264));
#3618 = CARTESIAN_POINT('',(10.785828761184,0.544915403889));
#3619 = CARTESIAN_POINT('',(10.785777332841,0.548149996676));
#3620 = CARTESIAN_POINT('',(10.785725296505,0.551387201469));
#3621 = CARTESIAN_POINT('',(10.785672693152,0.55462592617));
#3622 = CARTESIAN_POINT('',(10.785600592487,0.559020427274));
#3623 = CARTESIAN_POINT('',(10.785581579208,0.560175140233));
#3624 = CARTESIAN_POINT('',(10.785562496963,0.56132994071));
#3625 = CARTESIAN_POINT('',(10.785543346294,0.562484801382));
#3626 = CARTESIAN_POINT('',(10.78552412745,0.563639697744));
#3627 = CARTESIAN_POINT('',(10.785504840375,0.564794608104));
#3628 = CARTESIAN_POINT('',(10.785485484718,0.56594951359));
#3629 = CARTESIAN_POINT('',(10.785430586821,0.56921340481));
#3630 = CARTESIAN_POINT('',(10.785394883707,0.571322293736));
#3631 = CARTESIAN_POINT('',(10.785358945875,0.573431009263));
#3632 = CARTESIAN_POINT('',(10.785322766701,0.575539440508));
#3633 = CARTESIAN_POINT('',(10.785286337665,0.577647422097));
#3634 = CARTESIAN_POINT('',(10.785249648464,0.579754734898));
#3635 = CARTESIAN_POINT('',(10.785212687134,0.581861106758));
#3636 = CARTESIAN_POINT('',(10.785098818432,0.588296683361));
#3637 = CARTESIAN_POINT('',(10.785020996212,0.592621661857));
#3638 = CARTESIAN_POINT('',(10.784942097024,0.596939831527));
#3639 = CARTESIAN_POINT('',(10.784862228459,0.601250031165));
#3640 = CARTESIAN_POINT('',(10.784781482028,0.60555125052));
#3641 = CARTESIAN_POINT('',(10.784699933017,0.609842625277));
#3642 = CARTESIAN_POINT('',(10.78461764034,0.614123432028));
#3643 = CARTESIAN_POINT('',(10.784503519487,0.619994417162));
#3644 = CARTESIAN_POINT('',(10.784472293952,0.621594181936));
#3645 = CARTESIAN_POINT('',(10.78444097203,0.623192346641));
#3646 = CARTESIAN_POINT('',(10.784409555656,0.624788882729));
#3647 = CARTESIAN_POINT('',(10.784378046455,0.626383764041));
#3648 = CARTESIAN_POINT('',(10.784346445743,0.627976966803));
#3649 = CARTESIAN_POINT('',(10.784314754526,0.629568469628));
#3650 = CARTESIAN_POINT('',(10.784254942665,0.632560441539));
#3651 = CARTESIAN_POINT('',(10.784226841691,0.633961290951));
#3652 = CARTESIAN_POINT('',(10.784198672594,0.635360799127));
#3653 = CARTESIAN_POINT('',(10.784170432483,0.636758928474));
#3654 = CARTESIAN_POINT('',(10.784142123202,0.638155684482));
#3655 = CARTESIAN_POINT('',(10.7841137481,0.639551085034));
#3656 = CARTESIAN_POINT('',(10.784085307251,0.640945119948));
#3657 = CARTESIAN_POINT('',(10.783954080248,0.647356576927));
#3658 = CARTESIAN_POINT('',(10.783850528507,0.652357672262));
#3659 = CARTESIAN_POINT('',(10.78374620888,0.657341503028));
#3660 = CARTESIAN_POINT('',(10.783641176939,0.662308679676));
#3661 = CARTESIAN_POINT('',(10.783535481723,0.667260008087));
#3662 = CARTESIAN_POINT('',(10.783429165266,0.672196491897));
#3663 = CARTESIAN_POINT('',(10.783322262121,0.677119334837));
#3664 = CARTESIAN_POINT('',(10.783160191565,0.684525263151));
#3665 = CARTESIAN_POINT('',(10.783105439803,0.687017398031));
#3666 = CARTESIAN_POINT('',(10.783050548222,0.689506533592));
#3667 = CARTESIAN_POINT('',(10.782995521331,0.691992871882));
#3668 = CARTESIAN_POINT('',(10.782940356666,0.694476507787));
#3669 = CARTESIAN_POINT('',(10.782885052796,0.696957542917));
#3670 = CARTESIAN_POINT('',(10.782829615412,0.699436180416));
#3671 = CARTESIAN_POINT('',(10.782717081619,0.704450960174));
#3672 = CARTESIAN_POINT('',(10.782659978943,0.706986988237));
#3673 = CARTESIAN_POINT('',(10.782602739254,0.709520789947));
#3674 = CARTESIAN_POINT('',(10.782545365777,0.71205252953));
#3675 = CARTESIAN_POINT('',(10.78248786243,0.714582374082));
#3676 = CARTESIAN_POINT('',(10.782430233823,0.717110493561));
#3677 = CARTESIAN_POINT('',(10.782372485261,0.719637060794));
#3678 = CARTESIAN_POINT('',(10.78224539667,0.725183361286));
#3679 = CARTESIAN_POINT('',(10.782176010188,0.728202495132));
#3680 = CARTESIAN_POINT('',(10.782106466025,0.731219960565));
#3681 = CARTESIAN_POINT('',(10.782036778966,0.73423605846));
#3682 = CARTESIAN_POINT('',(10.781966968473,0.737251088663));
#3683 = CARTESIAN_POINT('',(10.781897051291,0.740265355643));
#3684 = CARTESIAN_POINT('',(10.78182703407,0.74327917414));
#3685 = CARTESIAN_POINT('',(10.781673112708,0.749893825459));
#3686 = CARTESIAN_POINT('',(10.781589163645,0.753494595609));
#3687 = CARTESIAN_POINT('',(10.781505056379,0.757095741984));
#3688 = CARTESIAN_POINT('',(10.781420792125,0.760697812073));
#3689 = CARTESIAN_POINT('',(10.781336375715,0.764301346252));
#3690 = CARTESIAN_POINT('',(10.781251815602,0.767906879888));
#3691 = CARTESIAN_POINT('',(10.781167123859,0.771514945444));
#3692 = CARTESIAN_POINT('',(10.781082316182,0.775126074588));
#3693 = ( GEOMETRIC_REPRESENTATION_CONTEXT(2) 
PARAMETRIC_REPRESENTATION_CONTEXT() REPRESENTATION_CONTEXT('2D SPACE',''
  ) );
#3694 = ORIENTED_EDGE('',*,*,#3695,.T.);
#3695 = EDGE_CURVE('',#3067,#2982,#3696,.T.);
#3696 = SURFACE_CURVE('',#3697,(#3700,#3706),.PCURVE_S1.);
#3697 = B_SPLINE_CURVE_WITH_KNOTS('',1,(#3698,#3699),.UNSPECIFIED.,.F.,
  .F.,(2,2),(0.,1.),.PIECEWISE_BEZIER_KNOTS.);
#3698 = CARTESIAN_POINT('',(2.054071246637,428.99898577659,0.23946453346
    ));
#3699 = CARTESIAN_POINT('',(2.054071246637,428.99898577659,
    -6.000000009609E-07));
#3700 = PCURVE('',#2937,#3701);
#3701 = DEFINITIONAL_REPRESENTATION('',(#3702),#3705);
#3702 = B_SPLINE_CURVE_WITH_KNOTS('',1,(#3703,#3704),.UNSPECIFIED.,.F.,
  .F.,(2,2),(0.,1.),.PIECEWISE_BEZIER_KNOTS.);
#3703 = CARTESIAN_POINT('',(4.607415351173E-02,-0.23946453346));
#3704 = CARTESIAN_POINT('',(4.607415351173E-02,5.999999999895E-07));
#3705 = ( GEOMETRIC_REPRESENTATION_CONTEXT(2) 
PARAMETRIC_REPRESENTATION_CONTEXT() REPRESENTATION_CONTEXT('2D SPACE',''
  ) );
#3706 = PCURVE('',#3707,#3712);
#3707 = PLANE('',#3708);
#3708 = AXIS2_PLACEMENT_3D('',#3709,#3710,#3711);
#3709 = CARTESIAN_POINT('',(1.884094424746,432.24233674883,-0.5));
#3710 = DIRECTION('',(-0.998629534755,-5.233595624294E-02,0.));
#3711 = DIRECTION('',(5.232628141963E-02,-0.998444928129,
    1.922721423134E-02));
#3712 = DEFINITIONAL_REPRESENTATION('',(#3713),#3716);
#3713 = B_SPLINE_CURVE_WITH_KNOTS('',1,(#3714,#3715),.UNSPECIFIED.,.F.,
  .F.,(2,2),(0.,1.),.PIECEWISE_BEZIER_KNOTS.);
#3714 = CARTESIAN_POINT('',(3.261419426395,0.676881651772));
#3715 = CARTESIAN_POINT('',(3.256815178973,0.43746078583));
#3716 = ( GEOMETRIC_REPRESENTATION_CONTEXT(2) 
PARAMETRIC_REPRESENTATION_CONTEXT() REPRESENTATION_CONTEXT('2D SPACE',''
  ) );
#3717 = ADVANCED_FACE('',(#3718),#3027,.T.);
#3718 = FACE_BOUND('',#3719,.T.);
#3719 = EDGE_LOOP('',(#3720,#4351,#4382,#4405,#4406,#4431));
#3720 = ORIENTED_EDGE('',*,*,#3721,.T.);
#3721 = EDGE_CURVE('',#3722,#3724,#3726,.T.);
#3722 = VERTEX_POINT('',#3723);
#3723 = CARTESIAN_POINT('',(-2.053960337342,429.00110205199,
    0.177006803229));
#3724 = VERTEX_POINT('',#3725);
#3725 = CARTESIAN_POINT('',(-34.388,449.004,16.361382702128));
#3726 = SURFACE_CURVE('',#3727,(#3933,#4142),.PCURVE_S1.);
#3727 = B_SPLINE_CURVE_WITH_KNOTS('',8,(#3728,#3729,#3730,#3731,#3732,
    #3733,#3734,#3735,#3736,#3737,#3738,#3739,#3740,#3741,#3742,#3743,
    #3744,#3745,#3746,#3747,#3748,#3749,#3750,#3751,#3752,#3753,#3754,
    #3755,#3756,#3757,#3758,#3759,#3760,#3761,#3762,#3763,#3764,#3765,
    #3766,#3767,#3768,#3769,#3770,#3771,#3772,#3773,#3774,#3775,#3776,
    #3777,#3778,#3779,#3780,#3781,#3782,#3783,#3784,#3785,#3786,#3787,
    #3788,#3789,#3790,#3791,#3792,#3793,#3794,#3795,#3796,#3797,#3798,
    #3799,#3800,#3801,#3802,#3803,#3804,#3805,#3806,#3807,#3808,#3809,
    #3810,#3811,#3812,#3813,#3814,#3815,#3816,#3817,#3818,#3819,#3820,
    #3821,#3822,#3823,#3824,#3825,#3826,#3827,#3828,#3829,#3830,#3831,
    #3832,#3833,#3834,#3835,#3836,#3837,#3838,#3839,#3840,#3841,#3842,
    #3843,#3844,#3845,#3846,#3847,#3848,#3849,#3850,#3851,#3852,#3853,
    #3854,#3855,#3856,#3857,#3858,#3859,#3860,#3861,#3862,#3863,#3864,
    #3865,#3866,#3867,#3868,#3869,#3870,#3871,#3872,#3873,#3874,#3875,
    #3876,#3877,#3878,#3879,#3880,#3881,#3882,#3883,#3884,#3885,#3886,
    #3887,#3888,#3889,#3890,#3891,#3892,#3893,#3894,#3895,#3896,#3897,
    #3898,#3899,#3900,#3901,#3902,#3903,#3904,#3905,#3906,#3907,#3908,
    #3909,#3910,#3911,#3912,#3913,#3914,#3915,#3916,#3917,#3918,#3919,
    #3920,#3921,#3922,#3923,#3924,#3925,#3926,#3927,#3928,#3929,#3930,
    #3931,#3932),.UNSPECIFIED.,.F.,.F.,(9,7,7,7,7,7,7,7,7,7,7,7,7,7,7,7,
    7,7,7,7,7,7,7,7,7,7,7,7,7,9),(0.,3.747581196455E-02,
    7.759254492599E-02,0.123932124635,0.186064950319,0.215150202694,
    0.243650132844,0.304049345026,0.363721570475,0.472811873374,
    0.500763711469,0.522039869839,0.55558630533,0.591214462644,
    0.606582727667,0.662571056561,0.675978504548,0.714999024679,
    0.728844774356,0.757765474951,0.768768214578,0.787601719703,
    0.825886769598,0.840373783591,0.853145090927,0.899125548383,
    0.922492488393,0.946377503006,0.978030179155,1.),.UNSPECIFIED.);
#3728 = CARTESIAN_POINT('',(-2.053960337342,429.00110205199,
    0.177006803229));
#3729 = CARTESIAN_POINT('',(-2.26733386056,429.01230297628,
    0.212956755124));
#3730 = CARTESIAN_POINT('',(-2.479368276115,429.02476494627,
    0.252674804445));
#3731 = CARTESIAN_POINT('',(-2.689959055189,429.03845595397,
    0.295975721707));
#3732 = CARTESIAN_POINT('',(-2.899023508499,429.05334195271,
    0.342674219857));
#3733 = CARTESIAN_POINT('',(-3.106499493856,429.06938782758,
    0.392587751525));
#3734 = CARTESIAN_POINT('',(-3.312344123713,429.08655836582,
    0.445539306286));
#3735 = CARTESIAN_POINT('',(-3.51653247272,429.10481922727,
    0.501360207914));
#3736 = CARTESIAN_POINT('',(-3.935851953758,429.14481799034,
    0.622550415819));
#3737 = CARTESIAN_POINT('',(-4.150733135961,429.1667095135,
    0.688313386594));
#3738 = CARTESIAN_POINT('',(-4.363692493292,429.18977264108,
    0.756986689822));
#3739 = CARTESIAN_POINT('',(-4.574730778147,429.21396831605,
    0.828390200214));
#3740 = CARTESIAN_POINT('',(-4.783863506264,429.23925985236,
    0.902348419542));
#3741 = CARTESIAN_POINT('',(-4.99111432014,429.26561258861,
    0.978699934533));
#3742 = CARTESIAN_POINT('',(-5.196510205553,429.29299368346,
    1.057304662526));
#3743 = CARTESIAN_POINT('',(-5.635256807384,429.35415690031,
    1.231270503965));
#3744 = CARTESIAN_POINT('',(-5.867992234494,429.38827179143,
    1.327336377304));
#3745 = CARTESIAN_POINT('',(-6.098361584788,429.4236733884,1.42601786977
    ));
#3746 = CARTESIAN_POINT('',(-6.326429297418,429.46031972754,
    1.527124475427));
#3747 = CARTESIAN_POINT('',(-6.552263052074,429.4981724827,
    1.630481302133));
#3748 = CARTESIAN_POINT('',(-6.775934150546,429.53719715522,
    1.73592860808));
#3749 = CARTESIAN_POINT('',(-6.997517898288,429.57736326389,
    1.843321338329));
#3750 = CARTESIAN_POINT('',(-7.511505002791,429.67399510191,
    2.09895553027));
#3751 = CARTESIAN_POINT('',(-7.802292816568,429.73134788121,
    2.248639404377));
#3752 = CARTESIAN_POINT('',(-8.089659397992,429.79064119162,
    2.401252130258));
#3753 = CARTESIAN_POINT('',(-8.37374222133,429.85181195181,
    2.556553193139));
#3754 = CARTESIAN_POINT('',(-8.654733700957,429.91481617815,
    2.714267749272));
#3755 = CARTESIAN_POINT('',(-8.932774450154,429.97960942909,
    2.874195845436));
#3756 = CARTESIAN_POINT('',(-9.208032347204,430.04616051956,
    3.036131219293));
#3757 = CARTESIAN_POINT('',(-9.608287183022,430.14640968982,
    3.276564776506));
#3758 = CARTESIAN_POINT('',(-9.735333343896,430.17875402138,
    3.353629088781));
#3759 = CARTESIAN_POINT('',(-9.861818230481,430.21147508996,
    3.431076319756));
#3760 = CARTESIAN_POINT('',(-9.987757301567,430.24457056437,
    3.508888704921));
#3761 = CARTESIAN_POINT('',(-10.11316574676,430.27803842369,
    3.587049159388));
#3762 = CARTESIAN_POINT('',(-10.2380581933,430.31187685683,
    3.665541538624));
#3763 = CARTESIAN_POINT('',(-10.36244841291,430.34608416205,
    3.744350899194));
#3764 = CARTESIAN_POINT('',(-10.60775622305,430.41453734139,
    3.900984523754));
#3765 = CARTESIAN_POINT('',(-10.72869346542,430.44876861359,
    3.978796427789));
#3766 = CARTESIAN_POINT('',(-10.8491732168,430.48335104221,
    4.056886217822));
#3767 = CARTESIAN_POINT('',(-10.96920772436,430.51828342624,
    4.135241067415));
#3768 = CARTESIAN_POINT('',(-11.08880902126,430.55356478449,
    4.213848577469));
#3769 = CARTESIAN_POINT('',(-11.20798892668,430.58919435564,
    4.292696776222));
#3770 = CARTESIAN_POINT('',(-11.32675904582,430.62517159821,
    4.371774119253));
#3771 = CARTESIAN_POINT('',(-11.69599309974,430.73847801991,
    4.619118248408));
#3772 = CARTESIAN_POINT('',(-11.94506516236,430.81701959594,
    4.788145286907));
#3773 = CARTESIAN_POINT('',(-12.19245597323,430.89711773926,
    4.958045932685));
#3774 = CARTESIAN_POINT('',(-12.43827442138,430.97877522541,
    5.128716874488));
#3775 = CARTESIAN_POINT('',(-12.68260759896,431.06199184273,
    5.300075261905));
#3776 = CARTESIAN_POINT('',(-12.92557501307,431.14678443958,
    5.47201314989));
#3777 = CARTESIAN_POINT('',(-13.16724715141,431.23315685945,
    5.644464618768));
#3778 = CARTESIAN_POINT('',(-13.64529483207,431.40803570393,
    5.988148168337));
#3779 = CARTESIAN_POINT('',(-13.88169702148,431.49650316236,
    6.159369664607));
#3780 = CARTESIAN_POINT('',(-14.11700916373,431.58654186287,
    6.330935883023));
#3781 = CARTESIAN_POINT('',(-14.35131260614,431.67816860743,
    6.502773486332));
#3782 = CARTESIAN_POINT('',(-14.58468621142,431.7714033597,6.67481080265
    ));
#3783 = CARTESIAN_POINT('',(-14.8172069314,431.86626939845,
    6.846977392377));
#3784 = CARTESIAN_POINT('',(-15.04895038081,431.96279347081,
    7.019203615111));
#3785 = CARTESIAN_POINT('',(-15.70237109882,432.24055394395,
    7.506259452068));
#3786 = CARTESIAN_POINT('',(-16.12238957353,432.42573912329,
    7.821057633534));
#3787 = CARTESIAN_POINT('',(-16.54052495404,432.61675561736,
    8.135392670125));
#3788 = CARTESIAN_POINT('',(-16.95722421806,432.81383113708,
    8.448833789339));
#3789 = CARTESIAN_POINT('',(-17.37291994178,433.01723288401,
    8.760927612213));
#3790 = CARTESIAN_POINT('',(-17.78803843668,433.22727210248,
    9.07119169748));
#3791 = CARTESIAN_POINT('',(-18.20300719933,433.44431194842,
    9.379107410867));
#3792 = CARTESIAN_POINT('',(-18.72467086302,433.72629889865,
    9.762252235683));
#3793 = CARTESIAN_POINT('',(-18.83109068702,433.78430195715,
    9.840208219829));
#3794 = CARTESIAN_POINT('',(-18.93753625839,433.8427996102,
    9.917962163903));
#3795 = CARTESIAN_POINT('',(-19.04401477422,433.90179920406,
    9.995503937115));
#3796 = CARTESIAN_POINT('',(-19.15053343227,433.96130834901,
    10.072823062199));
#3797 = CARTESIAN_POINT('',(-19.25709943092,434.02133491943,
    10.14990871542));
#3798 = CARTESIAN_POINT('',(-19.36371996918,434.08188705377,
    10.226749726568));
#3799 = CARTESIAN_POINT('',(-19.55160581642,434.18947018809,
    10.361628829331));
#3800 = CARTESIAN_POINT('',(-19.63284514747,434.23627659411,
    10.419774634209));
#3801 = CARTESIAN_POINT('',(-19.71412341668,434.2833960814,
    10.477766906714));
#3802 = CARTESIAN_POINT('',(-19.79544379757,434.3308324553,
    10.535600405382));
#3803 = CARTESIAN_POINT('',(-19.87680946043,434.37858961768,
    10.593269734167));
#3804 = CARTESIAN_POINT('',(-19.95822357226,434.42667156691,
    10.650769342436));
#3805 = CARTESIAN_POINT('',(-20.03968929683,434.47508239793,
    10.708093524976));
#3806 = CARTESIAN_POINT('',(-20.24974437657,434.60068154126,
    10.855334477994));
#3807 = CARTESIAN_POINT('',(-20.37841460108,434.67836450666,
    10.944982122503));
#3808 = CARTESIAN_POINT('',(-20.50723354787,434.75689201786,
    11.034155917713));
#3809 = CARTESIAN_POINT('',(-20.63622198921,434.83628627901,
    11.122823570287));
#3810 = CARTESIAN_POINT('',(-20.7653961896,434.91656762482,
    11.210955286284));
#3811 = CARTESIAN_POINT('',(-20.89477133242,434.997756598,
    11.298520605085));
#3812 = CARTESIAN_POINT('',(-21.02436666121,435.07987705981,
    11.385483578236));
#3813 = CARTESIAN_POINT('',(-21.29208688629,435.2511822218,
    11.563491668206));
#3814 = CARTESIAN_POINT('',(-21.43024162401,435.34048878462,
    11.654454626544));
#3815 = CARTESIAN_POINT('',(-21.56868357929,435.43090020009,
    11.744655131062));
#3816 = CARTESIAN_POINT('',(-21.7074330684,435.52244573178,
    11.834047271707));
#3817 = CARTESIAN_POINT('',(-21.84650991504,435.61515556723,
    11.922581954112));
#3818 = CARTESIAN_POINT('',(-21.98593358455,435.70906095524,
    12.010206722257));
#3819 = CARTESIAN_POINT('',(-22.12572331813,435.80419434316,
    12.096865581125));
#3820 = CARTESIAN_POINT('',(-22.32636296488,435.94216973177,
    12.219436859366));
#3821 = CARTESIAN_POINT('',(-22.38689941992,435.98398478322,
    12.256183877948));
#3822 = CARTESIAN_POINT('',(-22.4475084119,436.02603684456,
    12.292735834751));
#3823 = CARTESIAN_POINT('',(-22.50819245009,436.06832936253,
    12.329086442622));
#3824 = CARTESIAN_POINT('',(-22.56895314073,436.11086520284,
    12.36523038702));
#3825 = CARTESIAN_POINT('',(-22.62979033847,436.15364604542,
    12.401164353028));
#3826 = CARTESIAN_POINT('',(-22.69070308191,436.1966730267,
    12.436885859973));
#3827 = CARTESIAN_POINT('',(-22.97388298578,436.3976065453,
    12.60173515315));
#3828 = CARTESIAN_POINT('',(-23.19708238373,436.55855973394,
    12.728194989178));
#3829 = CARTESIAN_POINT('',(-23.42130268152,436.72290504771,
    12.851582762098));
#3830 = CARTESIAN_POINT('',(-23.6465436634,436.89073612329,
    12.971691126279));
#3831 = CARTESIAN_POINT('',(-23.87279268166,437.0621424738,
    13.088292764536));
#3832 = CARTESIAN_POINT('',(-24.1000246148,437.23720858139,
    13.201141112565));
#3833 = CARTESIAN_POINT('',(-24.32820182572,437.41601298991,
    13.309971083388));
#3834 = CARTESIAN_POINT('',(-24.61212974666,437.64235781818,
    13.43953113759));
#3835 = CARTESIAN_POINT('',(-24.6670358106,437.68630600607,
    13.464316577722));
#3836 = CARTESIAN_POINT('',(-24.72199592061,437.73047640574,
    13.488844772465));
#3837 = CARTESIAN_POINT('',(-24.77699461935,437.77485812718,
    13.513138334696));
#3838 = CARTESIAN_POINT('',(-24.83205534364,437.81947149689,
    13.537147710845));
#3839 = CARTESIAN_POINT('',(-24.88716603313,437.86430856024,
    13.560889053691));
#3840 = CARTESIAN_POINT('',(-24.94233540883,437.90937799328,
    13.584338925945));
#3841 = CARTESIAN_POINT('',(-25.15829879676,438.08653281751,
    13.674864187212));
#3842 = CARTESIAN_POINT('',(-25.31952282757,438.22036050521,
    13.739690998549));
#3843 = CARTESIAN_POINT('',(-25.48130196385,438.35626174016,
    13.801688583787));
#3844 = CARTESIAN_POINT('',(-25.64367332256,438.4943149953,
    13.860540306228));
#3845 = CARTESIAN_POINT('',(-25.80664621164,438.63457948072,
    13.915893530926));
#3846 = CARTESIAN_POINT('',(-25.97020238308,438.77709314102,
    13.967361847771));
#3847 = CARTESIAN_POINT('',(-26.13429549965,438.92186965285,
    14.014529755879));
#3848 = CARTESIAN_POINT('',(-26.35723903838,439.12106359283,
    14.0720153723));
#3849 = CARTESIAN_POINT('',(-26.41568438251,439.17351409254,
    14.086473893082));
#3850 = CARTESIAN_POINT('',(-26.47418159845,439.22624446655,
    14.10031573793));
#3851 = CARTESIAN_POINT('',(-26.53272555814,439.27925242431,
    14.113520810525));
#3852 = CARTESIAN_POINT('',(-26.59131024369,439.33253479498,
    14.126068695374));
#3853 = CARTESIAN_POINT('',(-26.64992873636,439.38608748256,
    14.137938801232));
#3854 = CARTESIAN_POINT('',(-26.70857320567,439.43990542104,
    14.149110504513));
#3855 = CARTESIAN_POINT('',(-26.8897661656,439.60693761677,
    14.181396849233));
#3856 = CARTESIAN_POINT('',(-27.01236096845,439.72101275215,
    14.200099800977));
#3857 = CARTESIAN_POINT('',(-27.13485534377,439.83607455942,
    14.215982265386));
#3858 = CARTESIAN_POINT('',(-27.25711286418,439.95200771484,
    14.229394850488));
#3859 = CARTESIAN_POINT('',(-27.3790254353,440.0687174586,
    14.240713276324));
#3860 = CARTESIAN_POINT('',(-27.50051359358,440.18613181372,
    14.250327030656));
#3861 = CARTESIAN_POINT('',(-27.6215263045,440.30420351238,
    14.258632058973));
#3862 = CARTESIAN_POINT('',(-27.7878892091,440.46807355461,
    14.268841044025));
#3863 = CARTESIAN_POINT('',(-27.83366465032,440.51332629947,
    14.271522855419));
#3864 = CARTESIAN_POINT('',(-27.87936469633,440.55866809013,
    14.274094909546));
#3865 = CARTESIAN_POINT('',(-27.92498760461,440.60409727096,
    14.276579214955));
#3866 = CARTESIAN_POINT('',(-27.9705317788,440.64961230498,
    14.278997802168));
#3867 = CARTESIAN_POINT('',(-28.01599576869,440.69521177379,
    14.281372723677));
#3868 = CARTESIAN_POINT('',(-28.06137827029,440.74089437759,
    14.283726053945));
#3869 = CARTESIAN_POINT('',(-28.18421836472,440.86499460978,
    14.290108974325));
#3870 = CARTESIAN_POINT('',(-28.26151471302,440.9435686576,
    14.294139497007));
#3871 = CARTESIAN_POINT('',(-28.33856275624,441.02237656784,
    14.29828201242));
#3872 = CARTESIAN_POINT('',(-28.41535616464,441.10141176265,
    14.302647245742));
#3873 = CARTESIAN_POINT('',(-28.49188677508,441.18066557569,
    14.30734572307));
#3874 = CARTESIAN_POINT('',(-28.56814467295,441.26012723075,
    14.312487402118));
#3875 = CARTESIAN_POINT('',(-28.64411827402,441.33978382026,
    14.318181302924));
#3876 = CARTESIAN_POINT('',(-28.87363005644,441.58191312186,
    14.337451317066));
#3877 = CARTESIAN_POINT('',(-29.02623191741,441.74494447377,
    14.35307506841));
#3878 = CARTESIAN_POINT('',(-29.17755100073,441.90865266261,
    14.371332110922));
#3879 = CARTESIAN_POINT('',(-29.32754537557,442.07297997677,
    14.392144970701));
#3880 = CARTESIAN_POINT('',(-29.47617974671,442.23787281053,
    14.415433935115));
#3881 = CARTESIAN_POINT('',(-29.62342503246,442.40328180464,
    14.441118006304));
#3882 = CARTESIAN_POINT('',(-29.7692579426,442.56916198685,
    14.469115854686));
#3883 = CARTESIAN_POINT('',(-29.96830232086,442.79840475435,
    14.510786113148));
#3884 = CARTESIAN_POINT('',(-30.0227392864,442.86139827395,
    14.522545197748));
#3885 = CARTESIAN_POINT('',(-30.07697048773,442.92445127742,
    14.534619637852));
#3886 = CARTESIAN_POINT('',(-30.13099505638,442.98756165539,
    14.547005062526));
#3887 = CARTESIAN_POINT('',(-30.18481222058,443.05072738299,
    14.559697118312));
#3888 = CARTESIAN_POINT('',(-30.23842130523,443.11394651984,
    14.572691469229));
#3889 = CARTESIAN_POINT('',(-30.29182173188,443.17721721007,
    14.585983796771));
#3890 = CARTESIAN_POINT('',(-30.39190482639,443.29635906903,
    14.611546803703));
#3891 = CARTESIAN_POINT('',(-30.43863406828,443.35221910991,
    14.623752362695));
#3892 = CARTESIAN_POINT('',(-30.48520066742,443.40811690861,
    14.636182124325));
#3893 = CARTESIAN_POINT('',(-30.53160388736,443.4640507475,
    14.648835108093));
#3894 = CARTESIAN_POINT('',(-30.57784339228,443.52001937906,
    14.661708935368));
#3895 = CARTESIAN_POINT('',(-30.62391959129,443.57602245199,
    14.674798220085));
#3896 = CARTESIAN_POINT('',(-30.66983326703,443.63206007199,
    14.68809612035));
#3897 = CARTESIAN_POINT('',(-30.88030232324,443.89000509709,
    14.750213567018));
#3898 = CARTESIAN_POINT('',(-31.04291305908,444.09231520355,
    14.801481654198));
#3899 = CARTESIAN_POINT('',(-31.2034404534,444.29505176037,
    14.855177326014));
#3900 = CARTESIAN_POINT('',(-31.36191397192,444.49821331219,
    14.911083972493));
#3901 = CARTESIAN_POINT('',(-31.51836831841,444.7018073853,
    14.968994367774));
#3902 = CARTESIAN_POINT('',(-31.67284296441,444.90585086818,
    15.028710677732));
#3903 = CARTESIAN_POINT('',(-31.825381679,445.11037039212,
    15.090044467596));
#3904 = CARTESIAN_POINT('',(-32.05259150512,445.41959867211,
    15.184717114519));
#3905 = CARTESIAN_POINT('',(-32.12866277185,445.52392639616,
    15.216988178471));
#3906 = CARTESIAN_POINT('',(-32.20425086254,445.62838894891,
    15.24960959245));
#3907 = CARTESIAN_POINT('',(-32.27936406099,445.73299429717,
    15.28255025689));
#3908 = CARTESIAN_POINT('',(-32.35400660068,445.83774511248,
    15.315792948385));
#3909 = CARTESIAN_POINT('',(-32.42818187501,445.94264315548,
    15.349323901252));
#3910 = CARTESIAN_POINT('',(-32.50189637344,446.04769471613,
    15.383119718451));
#3911 = CARTESIAN_POINT('',(-32.65003691107,446.26044506645,
    15.45196313962));
#3912 = CARTESIAN_POINT('',(-32.72444246544,446.36815087111,
    15.487021488289));
#3913 = CARTESIAN_POINT('',(-32.79837650332,446.47602580511,
    15.522319589479));
#3914 = CARTESIAN_POINT('',(-32.87184426158,446.58407490411,
    15.557838220706));
#3915 = CARTESIAN_POINT('',(-32.94485090307,446.69230343275,
    15.59355841989));
#3916 = CARTESIAN_POINT('',(-33.0174015166,446.80071688471,
    15.629461485356));
#3917 = CARTESIAN_POINT('',(-33.08950111693,446.90932098264,
    15.665528975834));
#3918 = CARTESIAN_POINT('',(-33.25611066427,447.16230552052,
    15.749733537872));
#3919 = CARTESIAN_POINT('',(-33.35028315784,447.30683442808,
    15.797980988193));
#3920 = CARTESIAN_POINT('',(-33.44368359062,447.45172220553,
    15.846443054413));
#3921 = CARTESIAN_POINT('',(-33.53632319922,447.59698346711,
    15.895077295851));
#3922 = CARTESIAN_POINT('',(-33.62821257822,447.74263292923,
    15.943842285472));
#3923 = CARTESIAN_POINT('',(-33.71936167491,447.88868539979,
    15.992697633621));
#3924 = CARTESIAN_POINT('',(-33.80978019218,448.0351564642,
    16.041602588146));
#3925 = CARTESIAN_POINT('',(-33.96173707066,448.28403089695,
    16.124461608061));
#3926 = CARTESIAN_POINT('',(-34.02364861329,448.38620795751,
    16.158412821438));
#3927 = CARTESIAN_POINT('',(-34.08521627525,448.4886006833,
    16.19235267532));
#3928 = CARTESIAN_POINT('',(-34.14644316073,448.59121475839,
    16.226266955404));
#3929 = CARTESIAN_POINT('',(-34.20733223045,448.69405591733,
    16.260141408827));
#3930 = CARTESIAN_POINT('',(-34.26788630164,448.79712994515,
    16.293961744169));
#3931 = CARTESIAN_POINT('',(-34.32810804806,448.90044267737,
    16.327713631449));
#3932 = CARTESIAN_POINT('',(-34.388,449.004,16.361382702128));
#3933 = PCURVE('',#3027,#3934);
#3934 = DEFINITIONAL_REPRESENTATION('',(#3935),#4141);
#3935 = B_SPLINE_CURVE_WITH_KNOTS('',8,(#3936,#3937,#3938,#3939,#3940,
    #3941,#3942,#3943,#3944,#3945,#3946,#3947,#3948,#3949,#3950,#3951,
    #3952,#3953,#3954,#3955,#3956,#3957,#3958,#3959,#3960,#3961,#3962,
    #3963,#3964,#3965,#3966,#3967,#3968,#3969,#3970,#3971,#3972,#3973,
    #3974,#3975,#3976,#3977,#3978,#3979,#3980,#3981,#3982,#3983,#3984,
    #3985,#3986,#3987,#3988,#3989,#3990,#3991,#3992,#3993,#3994,#3995,
    #3996,#3997,#3998,#3999,#4000,#4001,#4002,#4003,#4004,#4005,#4006,
    #4007,#4008,#4009,#4010,#4011,#4012,#4013,#4014,#4015,#4016,#4017,
    #4018,#4019,#4020,#4021,#4022,#4023,#4024,#4025,#4026,#4027,#4028,
    #4029,#4030,#4031,#4032,#4033,#4034,#4035,#4036,#4037,#4038,#4039,
    #4040,#4041,#4042,#4043,#4044,#4045,#4046,#4047,#4048,#4049,#4050,
    #4051,#4052,#4053,#4054,#4055,#4056,#4057,#4058,#4059,#4060,#4061,
    #4062,#4063,#4064,#4065,#4066,#4067,#4068,#4069,#4070,#4071,#4072,
    #4073,#4074,#4075,#4076,#4077,#4078,#4079,#4080,#4081,#4082,#4083,
    #4084,#4085,#4086,#4087,#4088,#4089,#4090,#4091,#4092,#4093,#4094,
    #4095,#4096,#4097,#4098,#4099,#4100,#4101,#4102,#4103,#4104,#4105,
    #4106,#4107,#4108,#4109,#4110,#4111,#4112,#4113,#4114,#4115,#4116,
    #4117,#4118,#4119,#4120,#4121,#4122,#4123,#4124,#4125,#4126,#4127,
    #4128,#4129,#4130,#4131,#4132,#4133,#4134,#4135,#4136,#4137,#4138,
    #4139,#4140),.UNSPECIFIED.,.F.,.F.,(9,7,7,7,7,7,7,7,7,7,7,7,7,7,7,7,
    7,7,7,7,7,7,7,7,7,7,7,7,7,9),(0.,3.747581196455E-02,
    7.759254492599E-02,0.123932124635,0.186064950319,0.215150202694,
    0.243650132844,0.304049345026,0.363721570475,0.472811873374,
    0.500763711469,0.522039869839,0.55558630533,0.591214462644,
    0.606582727667,0.662571056561,0.675978504548,0.714999024679,
    0.728844774356,0.757765474951,0.768768214578,0.787601719703,
    0.825886769598,0.840373783591,0.853145090927,0.899125548383,
    0.922492488393,0.946377503006,0.978030179155,1.),.UNSPECIFIED.);
#3936 = CARTESIAN_POINT('',(0.953242749803,-0.177006803229));
#3937 = CARTESIAN_POINT('',(0.948355726924,-0.212956755124));
#3938 = CARTESIAN_POINT('',(0.943491428064,-0.252674804445));
#3939 = CARTESIAN_POINT('',(0.93865227776,-0.295975721707));
#3940 = CARTESIAN_POINT('',(0.933840225136,-0.342674219857));
#3941 = CARTESIAN_POINT('',(0.929056767559,-0.392587751525));
#3942 = CARTESIAN_POINT('',(0.924302974286,-0.445539306286));
#3943 = CARTESIAN_POINT('',(0.919579510116,-0.501360207914));
#3944 = CARTESIAN_POINT('',(0.909863102693,-0.622550415819));
#3945 = CARTESIAN_POINT('',(0.904874790356,-0.688313386594));
#3946 = CARTESIAN_POINT('',(0.899922006817,-0.756986689822));
#3947 = CARTESIAN_POINT('',(0.895004857646,-0.828390200214));
#3948 = CARTESIAN_POINT('',(0.890123108222,-0.902348419542));
#3949 = CARTESIAN_POINT('',(0.885276335241,-0.978699934532));
#3950 = CARTESIAN_POINT('',(0.88046403524,-1.057304662526));
#3951 = CARTESIAN_POINT('',(0.870165369276,-1.231270503965));
#3952 = CARTESIAN_POINT('',(0.864690456607,-1.327336377304));
#3953 = CARTESIAN_POINT('',(0.859259345479,-1.42601786977));
#3954 = CARTESIAN_POINT('',(0.853870709033,-1.527124475427));
#3955 = CARTESIAN_POINT('',(0.84852313333,-1.630481302133));
#3956 = CARTESIAN_POINT('',(0.843215105958,-1.73592860808));
#3957 = CARTESIAN_POINT('',(0.837945004658,-1.843321338329));
#3958 = CARTESIAN_POINT('',(0.825693366689,-2.09895553027));
#3959 = CARTESIAN_POINT('',(0.818741026358,-2.248639404376));
#3960 = CARTESIAN_POINT('',(0.811849628343,-2.401252130262));
#3961 = CARTESIAN_POINT('',(0.805016220853,-2.556553193132));
#3962 = CARTESIAN_POINT('',(0.798236499378,-2.714267749277));
#3963 = CARTESIAN_POINT('',(0.791507342175,-2.874195845435));
#3964 = CARTESIAN_POINT('',(0.784824930103,-3.036131219293));
#3965 = CARTESIAN_POINT('',(0.7750777082,-3.276564776506));
#3966 = CARTESIAN_POINT('',(0.771979249879,-3.353629088781));
#3967 = CARTESIAN_POINT('',(0.768889920138,-3.431076319756));
#3968 = CARTESIAN_POINT('',(0.765809361629,-3.508888704921));
#3969 = CARTESIAN_POINT('',(0.762737221089,-3.587049159388));
#3970 = CARTESIAN_POINT('',(0.75967315663,-3.665541538624));
#3971 = CARTESIAN_POINT('',(0.756616845028,-3.744350899194));
#3972 = CARTESIAN_POINT('',(0.750580489288,-3.900984523754));
#3973 = CARTESIAN_POINT('',(0.74760014459,-3.978796427789));
#3974 = CARTESIAN_POINT('',(0.744626660907,-4.056886217822));
#3975 = CARTESIAN_POINT('',(0.741659747453,-4.135241067415));
#3976 = CARTESIAN_POINT('',(0.738699116664,-4.213848577469));
#3977 = CARTESIAN_POINT('',(0.735744484204,-4.292696776222));
#3978 = CARTESIAN_POINT('',(0.732795568958,-4.371774119253));
#3979 = CARTESIAN_POINT('',(0.723614055761,-4.619118248408));
#3980 = CARTESIAN_POINT('',(0.717400471683,-4.788145286902));
#3981 = CARTESIAN_POINT('',(0.71120868266,-4.958045932699));
#3982 = CARTESIAN_POINT('',(0.705035986185,-5.128716874467));
#3983 = CARTESIAN_POINT('',(0.698880194025,-5.30007526192));
#3984 = CARTESIAN_POINT('',(0.692738247784,-5.472013149885));
#3985 = CARTESIAN_POINT('',(0.686608291576,-5.644464618768));
#3986 = CARTESIAN_POINT('',(0.674441032704,-5.988148168337));
#3987 = CARTESIAN_POINT('',(0.66840355618,-6.159369664607));
#3988 = CARTESIAN_POINT('',(0.662373152026,-6.330935883023));
#3989 = CARTESIAN_POINT('',(0.656347612387,-6.502773486332));
#3990 = CARTESIAN_POINT('',(0.650324751937,-6.67481080265));
#3991 = CARTESIAN_POINT('',(0.644302391777,-6.846977392377));
#3992 = CARTESIAN_POINT('',(0.638278343338,-7.019203615111));
#3993 = CARTESIAN_POINT('',(0.621230340608,-7.506259452068));
#3994 = CARTESIAN_POINT('',(0.610197600396,-7.821057633532));
#3995 = CARTESIAN_POINT('',(0.599138102777,-8.135392670129));
#3996 = CARTESIAN_POINT('',(0.588038051622,-8.448833789338));
#3997 = CARTESIAN_POINT('',(0.576883453798,-8.76092761221));
#3998 = CARTESIAN_POINT('',(0.565659851029,-9.071191697482));
#3999 = CARTESIAN_POINT('',(0.554352018959,-9.379107410867));
#4000 = CARTESIAN_POINT('',(0.540020207016,-9.762252235683));
#4001 = CARTESIAN_POINT('',(0.537090417884,-9.840208219829));
#4002 = CARTESIAN_POINT('',(0.534153760714,-9.917962163903));
#4003 = CARTESIAN_POINT('',(0.531209960476,-9.995503937115));
#4004 = CARTESIAN_POINT('',(0.528258737996,-10.07282306219));
#4005 = CARTESIAN_POINT('',(0.525299809952,-10.14990871542));
#4006 = CARTESIAN_POINT('',(0.522332888879,-10.22674972656));
#4007 = CARTESIAN_POINT('',(0.517093039685,-10.36162882933));
#4008 = CARTESIAN_POINT('',(0.51482359633,-10.4197746342));
#4009 = CARTESIAN_POINT('',(0.512549224399,-10.47776690671));
#4010 = CARTESIAN_POINT('',(0.510269793671,-10.53560040538));
#4011 = CARTESIAN_POINT('',(0.507985172403,-10.59326973416));
#4012 = CARTESIAN_POINT('',(0.505695227335,-10.65076934243));
#4013 = CARTESIAN_POINT('',(0.503399823687,-10.70809352497));
#4014 = CARTESIAN_POINT('',(0.497470806537,-10.85533447799));
#4015 = CARTESIAN_POINT('',(0.493828893507,-10.9449821225));
#4016 = CARTESIAN_POINT('',(0.490172532432,-11.03415591771));
#4017 = CARTESIAN_POINT('',(0.486500939935,-11.12282357028));
#4018 = CARTESIAN_POINT('',(0.482813446443,-11.21095528628));
#4019 = CARTESIAN_POINT('',(0.479109398773,-11.29852060508));
#4020 = CARTESIAN_POINT('',(0.475388014195,-11.38548357823));
#4021 = CARTESIAN_POINT('',(0.467677092108,-11.5634916682));
#4022 = CARTESIAN_POINT('',(0.463685256834,-11.65445462654));
#4023 = CARTESIAN_POINT('',(0.459672174866,-11.74465513106));
#4024 = CARTESIAN_POINT('',(0.455636946423,-11.8340472717));
#4025 = CARTESIAN_POINT('',(0.451578664496,-11.92258195411));
#4026 = CARTESIAN_POINT('',(0.447496409719,-12.01020672225));
#4027 = CARTESIAN_POINT('',(0.443389245245,-12.09686558112));
#4028 = CARTESIAN_POINT('',(0.437473420673,-12.21943685936));
#4029 = CARTESIAN_POINT('',(0.435685813908,-12.25618387794));
#4030 = CARTESIAN_POINT('',(0.433893336855,-12.29273583475));
#4031 = CARTESIAN_POINT('',(0.432095882698,-12.32908644262));
#4032 = CARTESIAN_POINT('',(0.430293370478,-12.36523038702));
#4033 = CARTESIAN_POINT('',(0.428485770423,-12.40116435302));
#4034 = CARTESIAN_POINT('',(0.426673076372,-12.43688585997));
#4035 = CARTESIAN_POINT('',(0.418232588105,-12.60173515315));
#4036 = CARTESIAN_POINT('',(0.41154169626,-12.72819498917));
#4037 = CARTESIAN_POINT('',(0.404780490285,-12.85158276209));
#4038 = CARTESIAN_POINT('',(0.397947162865,-12.97169112627));
#4039 = CARTESIAN_POINT('',(0.391040169793,-13.08829276453));
#4040 = CARTESIAN_POINT('',(0.384058240912,-13.20114111256));
#4041 = CARTESIAN_POINT('',(0.37700039106,-13.30997108338));
#4042 = CARTESIAN_POINT('',(0.368157451693,-13.43953113759));
#4043 = CARTESIAN_POINT('',(0.366444607034,-13.46431657772));
#4044 = CARTESIAN_POINT('',(0.364727253183,-13.48884477247));
#4045 = CARTESIAN_POINT('',(0.363005842085,-13.51313833468));
#4046 = CARTESIAN_POINT('',(0.361279610874,-13.53714771085));
#4047 = CARTESIAN_POINT('',(0.359548901805,-13.56088905368));
#4048 = CARTESIAN_POINT('',(0.357813408727,-13.58433892594));
#4049 = CARTESIAN_POINT('',(0.351008102689,-13.67486418721));
#4050 = CARTESIAN_POINT('',(0.345902549903,-13.73969099854));
#4051 = CARTESIAN_POINT('',(0.34075348732,-13.80168858378));
#4052 = CARTESIAN_POINT('',(0.335558789513,-13.86054030622));
#4053 = CARTESIAN_POINT('',(0.330317136025,-13.91589353092));
#4054 = CARTESIAN_POINT('',(0.32502803745,-13.96736184777));
#4055 = CARTESIAN_POINT('',(0.319691893649,-14.01452975587));
#4056 = CARTESIAN_POINT('',(0.312400443034,-14.0720153723));
#4057 = CARTESIAN_POINT('',(0.310485116049,-14.08647389308));
#4058 = CARTESIAN_POINT('',(0.308564193584,-14.10031573793));
#4059 = CARTESIAN_POINT('',(0.306637795406,-14.11352081052));
#4060 = CARTESIAN_POINT('',(0.30470607157,-14.12606869537));
#4061 = CARTESIAN_POINT('',(0.30276920339,-14.13793880123));
#4062 = CARTESIAN_POINT('',(0.300827404392,-14.14911050451));
#4063 = CARTESIAN_POINT('',(0.294815149721,-14.18139684923));
#4064 = CARTESIAN_POINT('',(0.290729326754,-14.20009980097));
#4065 = CARTESIAN_POINT('',(0.286628500258,-14.21598226538));
#4066 = CARTESIAN_POINT('',(0.28251692446,-14.22939485048));
#4067 = CARTESIAN_POINT('',(0.27839800594,-14.24071327632));
#4068 = CARTESIAN_POINT('',(0.274274262305,-14.25032703065));
#4069 = CARTESIAN_POINT('',(0.270147293511,-14.25863205897));
#4070 = CARTESIAN_POINT('',(0.264446707179,-14.26884104402));
#4071 = CARTESIAN_POINT('',(0.262875323225,-14.27152285541));
#4072 = CARTESIAN_POINT('',(0.261303671866,-14.27409490954));
#4073 = CARTESIAN_POINT('',(0.259731806405,-14.27657921495));
#4074 = CARTESIAN_POINT('',(0.258159775575,-14.27899780216));
#4075 = CARTESIAN_POINT('',(0.256587623542,-14.28137272367));
#4076 = CARTESIAN_POINT('',(0.255015389902,-14.28372605394));
#4077 = CARTESIAN_POINT('',(0.250751821092,-14.29010897432));
#4078 = CARTESIAN_POINT('',(0.248060456261,-14.294139497));
#4079 = CARTESIAN_POINT('',(0.245369142476,-14.29828201242));
#4080 = CARTESIAN_POINT('',(0.242678075775,-14.30264724574));
#4081 = CARTESIAN_POINT('',(0.239987520024,-14.30734572307));
#4082 = CARTESIAN_POINT('',(0.237297805984,-14.31248740211));
#4083 = CARTESIAN_POINT('',(0.234609330387,-14.31818130292));
#4084 = CARTESIAN_POINT('',(0.226460835112,-14.33745131706));
#4085 = CARTESIAN_POINT('',(0.221006302471,-14.35307506841));
#4086 = CARTESIAN_POINT('',(0.215560650761,-14.37133211092));
#4087 = CARTESIAN_POINT('',(0.210125388555,-14.3921449707));
#4088 = CARTESIAN_POINT('',(0.204701844628,-14.41543393511));
#4089 = CARTESIAN_POINT('',(0.199291173263,-14.4411180063));
#4090 = CARTESIAN_POINT('',(0.193894359555,-14.46911585468));
#4091 = CARTESIAN_POINT('',(0.186475631768,-14.51078611314));
#4092 = CARTESIAN_POINT('',(0.184441140603,-14.52254519774));
#4093 = CARTESIAN_POINT('',(0.182408795649,-14.53461963785));
#4094 = CARTESIAN_POINT('',(0.180378638334,-14.54700506252));
#4095 = CARTESIAN_POINT('',(0.178350707095,-14.55969711831));
#4096 = CARTESIAN_POINT('',(0.17632503737,-14.57269146922));
#4097 = CARTESIAN_POINT('',(0.174301661605,-14.58598379677));
#4098 = CARTESIAN_POINT('',(0.170498911465,-14.6115468037));
#4099 = CARTESIAN_POINT('',(0.168719020469,-14.62375236269));
#4100 = CARTESIAN_POINT('',(0.16694094653,-14.63618212432));
#4101 = CARTESIAN_POINT('',(0.165164725717,-14.64883510809));
#4102 = CARTESIAN_POINT('',(0.163390379078,-14.66170893536));
#4103 = CARTESIAN_POINT('',(0.161617899243,-14.67479822008));
#4104 = CARTESIAN_POINT('',(0.159847264486,-14.68809612035));
#4105 = CARTESIAN_POINT('',(0.151710337377,-14.75021356701));
#4106 = CARTESIAN_POINT('',(0.14536623367,-14.80148165419));
#4107 = CARTESIAN_POINT('',(0.139045638967,-14.85517732601));
#4108 = CARTESIAN_POINT('',(0.132747784032,-14.91108397249));
#4109 = CARTESIAN_POINT('',(0.126471658734,-14.96899436777));
#4110 = CARTESIAN_POINT('',(0.12021601025,-15.02871067773));
#4111 = CARTESIAN_POINT('',(0.113979341261,-15.09004446759));
#4112 = CARTESIAN_POINT('',(0.104599236686,-15.18471711451));
#4113 = CARTESIAN_POINT('',(0.101443036945,-15.21698817847));
#4114 = CARTESIAN_POINT('',(9.829113267754E-02,-15.24960959245));
#4115 = CARTESIAN_POINT('',(9.514320410414E-02,-15.28255025689));
#4116 = CARTESIAN_POINT('',(9.199909482598E-02,-15.31579294838));
#4117 = CARTESIAN_POINT('',(8.885867894457E-02,-15.34932390125));
#4118 = CARTESIAN_POINT('',(8.572169686953E-02,-15.38311971845));
#4119 = CARTESIAN_POINT('',(7.938476097214E-02,-15.45196313962));
#4120 = CARTESIAN_POINT('',(7.618495405691E-02,-15.48702148828));
#4121 = CARTESIAN_POINT('',(7.29883318141E-02,-15.52231958947));
#4122 = CARTESIAN_POINT('',(6.979467524351E-02,-15.5578382207));
#4123 = CARTESIAN_POINT('',(6.660376206825E-02,-15.59355841989));
#4124 = CARTESIAN_POINT('',(6.341536673473E-02,-15.62946148535));
#4125 = CARTESIAN_POINT('',(6.022926041268E-02,-15.66552897583));
#4126 = CARTESIAN_POINT('',(5.282567474257E-02,-15.74973353787));
#4127 = CARTESIAN_POINT('',(4.860975657427E-02,-15.79798098819));
#4128 = CARTESIAN_POINT('',(4.439691740668E-02,-15.84644305441));
#4129 = CARTESIAN_POINT('',(4.018660552519E-02,-15.89507729585));
#4130 = CARTESIAN_POINT('',(3.59782763192E-02,-15.94384228547));
#4131 = CARTESIAN_POINT('',(3.177139229438E-02,-15.99269763362));
#4132 = CARTESIAN_POINT('',(2.75654033618E-02,-16.04160258814));
#4133 = CARTESIAN_POINT('',(2.044057392324E-02,-16.12446160806));
#4134 = CARTESIAN_POINT('',(1.75215867023E-02,-16.15841282143));
#4135 = CARTESIAN_POINT('',(1.460255313046E-02,-16.19235267532));
#4136 = CARTESIAN_POINT('',(1.168328133064E-02,-16.2262669554));
#4137 = CARTESIAN_POINT('',(8.763580159751E-03,-16.26014140882));
#4138 = CARTESIAN_POINT('',(5.843259208722E-03,-16.29396174416));
#4139 = CARTESIAN_POINT('',(2.922128802491E-03,-16.32771363144));
#4140 = CARTESIAN_POINT('',(0.,-16.36138270212));
#4141 = ( GEOMETRIC_REPRESENTATION_CONTEXT(2) 
PARAMETRIC_REPRESENTATION_CONTEXT() REPRESENTATION_CONTEXT('2D SPACE',''
  ) );
#4142 = PCURVE('',#201,#4143);
#4143 = DEFINITIONAL_REPRESENTATION('',(#4144),#4350);
#4144 = B_SPLINE_CURVE_WITH_KNOTS('',8,(#4145,#4146,#4147,#4148,#4149,
    #4150,#4151,#4152,#4153,#4154,#4155,#4156,#4157,#4158,#4159,#4160,
    #4161,#4162,#4163,#4164,#4165,#4166,#4167,#4168,#4169,#4170,#4171,
    #4172,#4173,#4174,#4175,#4176,#4177,#4178,#4179,#4180,#4181,#4182,
    #4183,#4184,#4185,#4186,#4187,#4188,#4189,#4190,#4191,#4192,#4193,
    #4194,#4195,#4196,#4197,#4198,#4199,#4200,#4201,#4202,#4203,#4204,
    #4205,#4206,#4207,#4208,#4209,#4210,#4211,#4212,#4213,#4214,#4215,
    #4216,#4217,#4218,#4219,#4220,#4221,#4222,#4223,#4224,#4225,#4226,
    #4227,#4228,#4229,#4230,#4231,#4232,#4233,#4234,#4235,#4236,#4237,
    #4238,#4239,#4240,#4241,#4242,#4243,#4244,#4245,#4246,#4247,#4248,
    #4249,#4250,#4251,#4252,#4253,#4254,#4255,#4256,#4257,#4258,#4259,
    #4260,#4261,#4262,#4263,#4264,#4265,#4266,#4267,#4268,#4269,#4270,
    #4271,#4272,#4273,#4274,#4275,#4276,#4277,#4278,#4279,#4280,#4281,
    #4282,#4283,#4284,#4285,#4286,#4287,#4288,#4289,#4290,#4291,#4292,
    #4293,#4294,#4295,#4296,#4297,#4298,#4299,#4300,#4301,#4302,#4303,
    #4304,#4305,#4306,#4307,#4308,#4309,#4310,#4311,#4312,#4313,#4314,
    #4315,#4316,#4317,#4318,#4319,#4320,#4321,#4322,#4323,#4324,#4325,
    #4326,#4327,#4328,#4329,#4330,#4331,#4332,#4333,#4334,#4335,#4336,
    #4337,#4338,#4339,#4340,#4341,#4342,#4343,#4344,#4345,#4346,#4347,
    #4348,#4349),.UNSPECIFIED.,.F.,.F.,(9,7,7,7,7,7,7,7,7,7,7,7,7,7,7,7,
    7,7,7,7,7,7,7,7,7,7,7,7,7,9),(0.,3.747581196455E-02,
    7.759254492599E-02,0.123932124635,0.186064950319,0.215150202694,
    0.243650132844,0.304049345026,0.363721570475,0.472811873374,
    0.500763711469,0.522039869839,0.55558630533,0.591214462644,
    0.606582727667,0.662571056561,0.675978504548,0.714999024679,
    0.728844774356,0.757765474951,0.768768214578,0.787601719703,
    0.825886769598,0.840373783591,0.853145090927,0.899125548383,
    0.922492488393,0.946377503006,0.978030179155,1.),.UNSPECIFIED.);
#4145 = CARTESIAN_POINT('',(10.790601110174,0.));
#4146 = CARTESIAN_POINT('',(10.790602217637,4.052353597763E-03));
#4147 = CARTESIAN_POINT('',(10.790603167962,8.083156257428E-03));
#4148 = CARTESIAN_POINT('',(10.790604145643,1.209067875819E-02));
#4149 = CARTESIAN_POINT('',(10.790605297392,1.60735831237E-02));
#4150 = CARTESIAN_POINT('',(10.790606734942,2.003090033476E-02));
#4151 = CARTESIAN_POINT('',(10.790608537832,2.396200804204E-02));
#4152 = CARTESIAN_POINT('',(10.790610756202,2.786660827876E-02));
#4153 = CARTESIAN_POINT('',(10.79061625824,3.589609161083E-02));
#4154 = CARTESIAN_POINT('',(10.79061961834,4.00169558712E-02));
#4155 = CARTESIAN_POINT('',(10.79062344985,4.410745598023E-02));
#4156 = CARTESIAN_POINT('',(10.790627924212,4.816754259423E-02));
#4157 = CARTESIAN_POINT('',(10.790632833874,5.219791820706E-02));
#4158 = CARTESIAN_POINT('',(10.79063803194,5.619929410867E-02));
#4159 = CARTESIAN_POINT('',(10.790643806999,6.017179622692E-02));
#4160 = CARTESIAN_POINT('',(10.790657356762,6.867282219233E-02));
#4161 = CARTESIAN_POINT('',(10.790665321981,7.319179674043E-02));
#4162 = CARTESIAN_POINT('',(10.790674038599,7.767444529201E-02));
#4163 = CARTESIAN_POINT('',(10.79068353819,8.212197423859E-02));
#4164 = CARTESIAN_POINT('',(10.790693837289,8.653565568531E-02));
#4165 = CARTESIAN_POINT('',(10.790704939474,9.091683743675E-02));
#4166 = CARTESIAN_POINT('',(10.790716837451,9.526695298277E-02));
#4167 = CARTESIAN_POINT('',(10.790746513551,0.10538063001));
#4168 = CARTESIAN_POINT('',(10.790764909083,0.111120326912));
#4169 = CARTESIAN_POINT('',(10.790784706673,0.116810786189));
#4170 = CARTESIAN_POINT('',(10.790805645132,0.122453610784));
#4171 = CARTESIAN_POINT('',(10.790827804111,0.12805296434));
#4172 = CARTESIAN_POINT('',(10.790851018802,0.133610881513));
#4173 = CARTESIAN_POINT('',(10.790875298271,0.13913065768));
#4174 = CARTESIAN_POINT('',(10.790912447325,0.147182512801));
#4175 = CARTESIAN_POINT('',(10.790924518527,0.149742123736));
#4176 = CARTESIAN_POINT('',(10.790936808472,0.152294260555));
#4177 = CARTESIAN_POINT('',(10.790949318517,0.154839214122));
#4178 = CARTESIAN_POINT('',(10.790962051971,0.157377273249));
#4179 = CARTESIAN_POINT('',(10.79097500737,0.159908713228));
#4180 = CARTESIAN_POINT('',(10.79098817174,0.16243378437));
#4181 = CARTESIAN_POINT('',(10.791014587501,0.167420925125));
#4182 = CARTESIAN_POINT('',(10.791027836069,0.169883246033));
#4183 = CARTESIAN_POINT('',(10.791041244194,0.172339886667));
#4184 = CARTESIAN_POINT('',(10.791054798088,0.174791067968));
#4185 = CARTESIAN_POINT('',(10.791068485557,0.177237008413));
#4186 = CARTESIAN_POINT('',(10.791082296001,0.179677924014));
#4187 = CARTESIAN_POINT('',(10.791096220416,0.18211402832));
#4188 = CARTESIAN_POINT('',(10.79113998689,0.189698560198));
#4189 = CARTESIAN_POINT('',(10.791170205351,0.194830908772));
#4190 = CARTESIAN_POINT('',(10.791200785399,0.199944584947));
#4191 = CARTESIAN_POINT('',(10.791231916054,0.205041705331));
#4192 = CARTESIAN_POINT('',(10.791262944449,0.210123751719));
#4193 = CARTESIAN_POINT('',(10.791294992098,0.215193344745));
#4194 = CARTESIAN_POINT('',(10.79132696829,0.220251584808));
#4195 = CARTESIAN_POINT('',(10.791390689998,0.230288400728));
#4196 = CARTESIAN_POINT('',(10.79142239458,0.235267149864));
#4197 = CARTESIAN_POINT('',(10.791453997862,0.240238263914));
#4198 = CARTESIAN_POINT('',(10.791485392708,0.245203347533));
#4199 = CARTESIAN_POINT('',(10.79151650205,0.250163983007));
#4200 = CARTESIAN_POINT('',(10.791547278155,0.255121742413));
#4201 = CARTESIAN_POINT('',(10.7915777019,0.260078199792));
#4202 = CARTESIAN_POINT('',(10.791662773315,0.274096657504));
#4203 = CARTESIAN_POINT('',(10.791716625639,0.283159056668));
#4204 = CARTESIAN_POINT('',(10.791768522658,0.292232197895));
#4205 = CARTESIAN_POINT('',(10.791816766423,0.301326095639));
#4206 = CARTESIAN_POINT('',(10.791860941668,0.310450521419));
#4207 = CARTESIAN_POINT('',(10.791901418573,0.319615365215));
#4208 = CARTESIAN_POINT('',(10.791937809461,0.328831236194));
#4209 = CARTESIAN_POINT('',(10.791975729242,0.340487441535));
#4210 = CARTESIAN_POINT('',(10.79198307056,0.342869010805));
#4211 = CARTESIAN_POINT('',(10.791989999986,0.345254877445));
#4212 = CARTESIAN_POINT('',(10.79199649961,0.347645232778));
#4213 = CARTESIAN_POINT('',(10.792002552507,0.350040270207));
#4214 = CARTESIAN_POINT('',(10.792008142733,0.352440185219));
#4215 = CARTESIAN_POINT('',(10.792013255327,0.354845175385));
#4216 = CARTESIAN_POINT('',(10.792021393676,0.359090066727));
#4217 = CARTESIAN_POINT('',(10.792024626246,0.36092774909));
#4218 = CARTESIAN_POINT('',(10.792027567861,0.362768575554));
#4219 = CARTESIAN_POINT('',(10.792030212746,0.364612634954));
#4220 = CARTESIAN_POINT('',(10.792032555511,0.366460016843));
#4221 = CARTESIAN_POINT('',(10.792034591149,0.3683108115));
#4222 = CARTESIAN_POINT('',(10.79203631504,0.370165109926));
#4223 = CARTESIAN_POINT('',(10.792039942817,0.374952372833));
#4224 = CARTESIAN_POINT('',(10.792041379438,0.377890666346));
#4225 = CARTESIAN_POINT('',(10.79204201363,0.38083826254));
#4226 = CARTESIAN_POINT('',(10.792041781116,0.383795762213));
#4227 = CARTESIAN_POINT('',(10.792040642448,0.386763647861));
#4228 = CARTESIAN_POINT('',(10.79203856412,0.389742379234));
#4229 = CARTESIAN_POINT('',(10.792035489786,0.392732537013));
#4230 = CARTESIAN_POINT('',(10.792027016194,0.398923009851));
#4231 = CARTESIAN_POINT('',(10.792021483336,0.402124843075));
#4232 = CARTESIAN_POINT('',(10.792014728531,0.405340770795));
#4233 = CARTESIAN_POINT('',(10.792006698011,0.408571434179));
#4234 = CARTESIAN_POINT('',(10.791997337729,0.411817474402));
#4235 = CARTESIAN_POINT('',(10.791986593474,0.415079536405));
#4236 = CARTESIAN_POINT('',(10.791974410973,0.41835827265));
#4237 = CARTESIAN_POINT('',(10.791954837286,0.423076113991));
#4238 = CARTESIAN_POINT('',(10.791948660933,0.424501108585));
#4239 = CARTESIAN_POINT('',(10.791942202344,0.425929368418));
#4240 = CARTESIAN_POINT('',(10.791935457568,0.427360966333));
#4241 = CARTESIAN_POINT('',(10.79192842238,0.428795957655));
#4242 = CARTESIAN_POINT('',(10.791921091939,0.430234363134));
#4243 = CARTESIAN_POINT('',(10.791913461006,0.431676187431));
#4244 = CARTESIAN_POINT('',(10.791876612049,0.438386812611));
#4245 = CARTESIAN_POINT('',(10.791843646673,0.443697950729));
#4246 = CARTESIAN_POINT('',(10.791806383649,0.449056312321));
#4247 = CARTESIAN_POINT('',(10.791764551826,0.454463103148));
#4248 = CARTESIAN_POINT('',(10.791717854272,0.459919303178));
#4249 = CARTESIAN_POINT('',(10.79166596866,0.465425659836));
#4250 = CARTESIAN_POINT('',(10.791608547671,0.470982681264));
#4251 = CARTESIAN_POINT('',(10.791530054244,0.477933557228));
#4252 = CARTESIAN_POINT('',(10.791514549962,0.479279382277));
#4253 = CARTESIAN_POINT('',(10.791498705573,0.480628222983));
#4254 = CARTESIAN_POINT('',(10.791482500986,0.481979688261));
#4255 = CARTESIAN_POINT('',(10.79146595722,0.48333442864));
#4256 = CARTESIAN_POINT('',(10.791449056153,0.484692145944));
#4257 = CARTESIAN_POINT('',(10.791431802529,0.486053099213));
#4258 = CARTESIAN_POINT('',(10.7913629367,0.491387722551));
#4259 = CARTESIAN_POINT('',(10.791308660492,0.495385569539));
#4260 = CARTESIAN_POINT('',(10.791251287222,0.499413264565));
#4261 = CARTESIAN_POINT('',(10.79119071826,0.503472563666));
#4262 = CARTESIAN_POINT('',(10.791126831716,0.50756459497));
#4263 = CARTESIAN_POINT('',(10.791059482906,0.511689845222));
#4264 = CARTESIAN_POINT('',(10.790988505484,0.515848120042));
#4265 = CARTESIAN_POINT('',(10.790887174525,0.521525353204));
#4266 = CARTESIAN_POINT('',(10.790860156381,0.523016218346));
#4267 = CARTESIAN_POINT('',(10.790832650971,0.524511008922));
#4268 = CARTESIAN_POINT('',(10.790804650348,0.52600963794));
#4269 = CARTESIAN_POINT('',(10.790776146536,0.527511995152));
#4270 = CARTESIAN_POINT('',(10.790747131605,0.529017946351));
#4271 = CARTESIAN_POINT('',(10.790717597746,0.530527332666));
#4272 = CARTESIAN_POINT('',(10.790624747848,0.535199533502));
#4273 = CARTESIAN_POINT('',(10.790559669268,0.538372982081));
#4274 = CARTESIAN_POINT('',(10.790492419522,0.541556514285));
#4275 = CARTESIAN_POINT('',(10.790423106151,0.544746962826));
#4276 = CARTESIAN_POINT('',(10.79035181979,0.54794182953));
#4277 = CARTESIAN_POINT('',(10.790278628654,0.551139312095));
#4278 = CARTESIAN_POINT('',(10.790203574029,0.554338322501));
#4279 = CARTESIAN_POINT('',(10.790097407789,0.558755987898));
#4280 = CARTESIAN_POINT('',(10.790067881485,0.559973612274));
#4281 = CARTESIAN_POINT('',(10.790038088892,0.561191333792));
#4282 = CARTESIAN_POINT('',(10.790008030683,0.562409119593));
#4283 = CARTESIAN_POINT('',(10.789977707172,0.563626940369));
#4284 = CARTESIAN_POINT('',(10.789947118317,0.564844770363));
#4285 = CARTESIAN_POINT('',(10.789916263718,0.56606258737));
#4286 = CARTESIAN_POINT('',(10.789831872314,0.569364868756));
#4287 = CARTESIAN_POINT('',(10.789777822335,0.57144922542));
#4288 = CARTESIAN_POINT('',(10.789722987988,0.573533386523));
#4289 = CARTESIAN_POINT('',(10.789667363399,0.575617242692));
#4290 = CARTESIAN_POINT('',(10.789610941738,0.577700632005));
#4291 = CARTESIAN_POINT('',(10.789553715437,0.579783340608));
#4292 = CARTESIAN_POINT('',(10.789495676416,0.581865103333));
#4293 = CARTESIAN_POINT('',(10.789317164521,0.588174879934));
#4294 = CARTESIAN_POINT('',(10.789194128094,0.592398811247));
#4295 = CARTESIAN_POINT('',(10.789067843027,0.5966161623));
#4296 = CARTESIAN_POINT('',(10.788938435137,0.600825840232));
#4297 = CARTESIAN_POINT('',(10.788806019254,0.605026890838));
#4298 = CARTESIAN_POINT('',(10.788670698436,0.609218494125));
#4299 = CARTESIAN_POINT('',(10.788532563172,0.613399959867));
#4300 = CARTESIAN_POINT('',(10.788338384589,0.619148934675));
#4301 = CARTESIAN_POINT('',(10.788284686647,0.620725613764));
#4302 = CARTESIAN_POINT('',(10.788230600962,0.622300729888));
#4303 = CARTESIAN_POINT('',(10.788176131466,0.62387425479));
#4304 = CARTESIAN_POINT('',(10.788121281827,0.625446162498));
#4305 = CARTESIAN_POINT('',(10.78806605545,0.62701642933));
#4306 = CARTESIAN_POINT('',(10.788010455477,0.628585033893));
#4307 = CARTESIAN_POINT('',(10.787905142745,0.631533308517));
#4308 = CARTESIAN_POINT('',(10.787855512375,0.63291335294));
#4309 = CARTESIAN_POINT('',(10.787805596488,0.63429208239));
#4310 = CARTESIAN_POINT('',(10.787755395854,0.63566947499));
#4311 = CARTESIAN_POINT('',(10.787704911793,0.637045517894));
#4312 = CARTESIAN_POINT('',(10.787654147102,0.638420214732));
#4313 = CARTESIAN_POINT('',(10.787603105345,0.639793577543));
#4314 = CARTESIAN_POINT('',(10.787367032682,0.646105298522));
#4315 = CARTESIAN_POINT('',(10.787178714886,0.651027614114));
#4316 = CARTESIAN_POINT('',(10.786986948356,0.655932901101));
#4317 = CARTESIAN_POINT('',(10.786791838792,0.660821699747));
#4318 = CARTESIAN_POINT('',(10.78659348288,0.665694741003));
#4319 = CARTESIAN_POINT('',(10.786391966836,0.67055294805));
#4320 = CARTESIAN_POINT('',(10.786187364955,0.675397437853));
#4321 = CARTESIAN_POINT('',(10.785874223709,0.68268515371));
#4322 = CARTESIAN_POINT('',(10.785767929272,0.6851375671));
#4323 = CARTESIAN_POINT('',(10.785660861254,0.687586882286));
#4324 = CARTESIAN_POINT('',(10.78555303269,0.6900333706));
#4325 = CARTESIAN_POINT('',(10.785444446986,0.692477128834));
#4326 = CARTESIAN_POINT('',(10.78533510608,0.694918219367));
#4327 = CARTESIAN_POINT('',(10.785225019778,0.697356844209));
#4328 = CARTESIAN_POINT('',(10.785000909057,0.702283411697));
#4329 = CARTESIAN_POINT('',(10.784886851873,0.704771249327));
#4330 = CARTESIAN_POINT('',(10.784772028462,0.707256783223));
#4331 = CARTESIAN_POINT('',(10.784656446363,0.709740166251));
#4332 = CARTESIAN_POINT('',(10.784540113642,0.712221554097));
#4333 = CARTESIAN_POINT('',(10.784423038894,0.714701105272));
#4334 = CARTESIAN_POINT('',(10.78430523124,0.717178981106));
#4335 = CARTESIAN_POINT('',(10.784029621906,0.722937050603));
#4336 = CARTESIAN_POINT('',(10.78387127232,0.726216096889));
#4337 = CARTESIAN_POINT('',(10.783711679491,0.729492866229));
#4338 = CARTESIAN_POINT('',(10.783550859215,0.732767749519));
#4339 = CARTESIAN_POINT('',(10.783388838017,0.73604113357));
#4340 = CARTESIAN_POINT('',(10.783225654932,0.739313401199));
#4341 = CARTESIAN_POINT('',(10.783061342207,0.742584944779));
#4342 = CARTESIAN_POINT('',(10.782781042608,0.748126735648));
#4343 = CARTESIAN_POINT('',(10.782665651156,0.750397132057));
#4344 = CARTESIAN_POINT('',(10.782549713045,0.752667519753));
#4345 = CARTESIAN_POINT('',(10.78243323136,0.754938035474));
#4346 = CARTESIAN_POINT('',(10.782316209795,0.75720881542));
#4347 = CARTESIAN_POINT('',(10.782198652653,0.759479995257));
#4348 = CARTESIAN_POINT('',(10.782080564851,0.761751710116));
#4349 = CARTESIAN_POINT('',(10.781961951912,0.764024094591));
#4350 = ( GEOMETRIC_REPRESENTATION_CONTEXT(2) 
PARAMETRIC_REPRESENTATION_CONTEXT() REPRESENTATION_CONTEXT('2D SPACE',''
  ) );
#4351 = ORIENTED_EDGE('',*,*,#4352,.T.);
#4352 = EDGE_CURVE('',#3724,#4353,#4355,.T.);
#4353 = VERTEX_POINT('',#4354);
#4354 = CARTESIAN_POINT('',(-34.388,449.004,18.3));
#4355 = SURFACE_CURVE('',#4356,(#4360,#4367),.PCURVE_S1.);
#4356 = LINE('',#4357,#4358);
#4357 = CARTESIAN_POINT('',(-34.388,449.004,0.));
#4358 = VECTOR('',#4359,1.);
#4359 = DIRECTION('',(-0.,-0.,1.));
#4360 = PCURVE('',#3027,#4361);
#4361 = DEFINITIONAL_REPRESENTATION('',(#4362),#4366);
#4362 = LINE('',#4363,#4364);
#4363 = CARTESIAN_POINT('',(0.,0.));
#4364 = VECTOR('',#4365,1.);
#4365 = DIRECTION('',(0.,-1.));
#4366 = ( GEOMETRIC_REPRESENTATION_CONTEXT(2) 
PARAMETRIC_REPRESENTATION_CONTEXT() REPRESENTATION_CONTEXT('2D SPACE',''
  ) );
#4367 = PCURVE('',#4368,#4376);
#4368 = SURFACE_OF_LINEAR_EXTRUSION('',#4369,#4374);
#4369 = B_SPLINE_CURVE_WITH_KNOTS('',3,(#4370,#4371,#4372,#4373),
  .UNSPECIFIED.,.F.,.F.,(4,4),(0.,1.),.PIECEWISE_BEZIER_KNOTS.);
#4370 = CARTESIAN_POINT('',(-36.468,453.457,0.));
#4371 = CARTESIAN_POINT('',(-35.847,451.997,0.));
#4372 = CARTESIAN_POINT('',(-35.182,450.378,0.));
#4373 = CARTESIAN_POINT('',(-34.388,449.004,0.));
#4374 = VECTOR('',#4375,1.);
#4375 = DIRECTION('',(0.,0.,-1.));
#4376 = DEFINITIONAL_REPRESENTATION('',(#4377),#4381);
#4377 = LINE('',#4378,#4379);
#4378 = CARTESIAN_POINT('',(1.,0.));
#4379 = VECTOR('',#4380,1.);
#4380 = DIRECTION('',(0.,-1.));
#4381 = ( GEOMETRIC_REPRESENTATION_CONTEXT(2) 
PARAMETRIC_REPRESENTATION_CONTEXT() REPRESENTATION_CONTEXT('2D SPACE',''
  ) );
#4382 = ORIENTED_EDGE('',*,*,#4383,.T.);
#4383 = EDGE_CURVE('',#4353,#3012,#4384,.T.);
#4384 = SURFACE_CURVE('',#4385,(#4390,#4397),.PCURVE_S1.);
#4385 = B_SPLINE_CURVE_WITH_KNOTS('',3,(#4386,#4387,#4388,#4389),
  .UNSPECIFIED.,.F.,.F.,(4,4),(0.,1.),.PIECEWISE_BEZIER_KNOTS.);
#4386 = CARTESIAN_POINT('',(-34.388,449.004,18.3));
#4387 = CARTESIAN_POINT('',(-27.556,437.191,18.3));
#4388 = CARTESIAN_POINT('',(-14.742,428.951,18.3));
#4389 = CARTESIAN_POINT('',(1.E-03,428.947,18.3));
#4390 = PCURVE('',#3027,#4391);
#4391 = DEFINITIONAL_REPRESENTATION('',(#4392),#4396);
#4392 = LINE('',#4393,#4394);
#4393 = CARTESIAN_POINT('',(0.,-18.3));
#4394 = VECTOR('',#4395,1.);
#4395 = DIRECTION('',(1.,0.));
#4396 = ( GEOMETRIC_REPRESENTATION_CONTEXT(2) 
PARAMETRIC_REPRESENTATION_CONTEXT() REPRESENTATION_CONTEXT('2D SPACE',''
  ) );
#4397 = PCURVE('',#375,#4398);
#4398 = DEFINITIONAL_REPRESENTATION('',(#4399),#4404);
#4399 = B_SPLINE_CURVE_WITH_KNOTS('',3,(#4400,#4401,#4402,#4403),
  .UNSPECIFIED.,.F.,.F.,(4,4),(0.,1.),.PIECEWISE_BEZIER_KNOTS.);
#4400 = CARTESIAN_POINT('',(34.388806987405,217.38520413799));
#4401 = CARTESIAN_POINT('',(27.556806987405,205.57220413799));
#4402 = CARTESIAN_POINT('',(14.742806987405,197.33220413799));
#4403 = CARTESIAN_POINT('',(-1.930125954369E-04,197.32820413799));
#4404 = ( GEOMETRIC_REPRESENTATION_CONTEXT(2) 
PARAMETRIC_REPRESENTATION_CONTEXT() REPRESENTATION_CONTEXT('2D SPACE',''
  ) );
#4405 = ORIENTED_EDGE('',*,*,#3011,.F.);
#4406 = ORIENTED_EDGE('',*,*,#4407,.F.);
#4407 = EDGE_CURVE('',#4408,#2980,#4410,.T.);
#4408 = VERTEX_POINT('',#4409);
#4409 = CARTESIAN_POINT('',(-2.053960337342,429.00110205199,0.));
#4410 = SURFACE_CURVE('',#4411,(#4416,#4423),.PCURVE_S1.);
#4411 = B_SPLINE_CURVE_WITH_KNOTS('',3,(#4412,#4413,#4414,#4415),
  .UNSPECIFIED.,.F.,.F.,(4,4),(0.,1.),.PIECEWISE_BEZIER_KNOTS.);
#4412 = CARTESIAN_POINT('',(-34.388,449.004,0.));
#4413 = CARTESIAN_POINT('',(-27.556,437.191,0.));
#4414 = CARTESIAN_POINT('',(-14.742,428.951,0.));
#4415 = CARTESIAN_POINT('',(1.E-03,428.947,0.));
#4416 = PCURVE('',#3027,#4417);
#4417 = DEFINITIONAL_REPRESENTATION('',(#4418),#4422);
#4418 = LINE('',#4419,#4420);
#4419 = CARTESIAN_POINT('',(0.,0.));
#4420 = VECTOR('',#4421,1.);
#4421 = DIRECTION('',(1.,0.));
#4422 = ( GEOMETRIC_REPRESENTATION_CONTEXT(2) 
PARAMETRIC_REPRESENTATION_CONTEXT() REPRESENTATION_CONTEXT('2D SPACE',''
  ) );
#4423 = PCURVE('',#2998,#4424);
#4424 = DEFINITIONAL_REPRESENTATION('',(#4425),#4430);
#4425 = B_SPLINE_CURVE_WITH_KNOTS('',3,(#4426,#4427,#4428,#4429),
  .UNSPECIFIED.,.F.,.F.,(4,4),(0.,1.),.PIECEWISE_BEZIER_KNOTS.);
#4426 = CARTESIAN_POINT('',(34.388806987405,217.38520413799));
#4427 = CARTESIAN_POINT('',(27.556806987405,205.57220413799));
#4428 = CARTESIAN_POINT('',(14.742806987405,197.33220413799));
#4429 = CARTESIAN_POINT('',(-1.930125954369E-04,197.32820413799));
#4430 = ( GEOMETRIC_REPRESENTATION_CONTEXT(2) 
PARAMETRIC_REPRESENTATION_CONTEXT() REPRESENTATION_CONTEXT('2D SPACE',''
  ) );
#4431 = ORIENTED_EDGE('',*,*,#4432,.F.);
#4432 = EDGE_CURVE('',#3722,#4408,#4433,.T.);
#4433 = SURFACE_CURVE('',#4434,(#4437,#4443),.PCURVE_S1.);
#4434 = B_SPLINE_CURVE_WITH_KNOTS('',1,(#4435,#4436),.UNSPECIFIED.,.F.,
  .F.,(2,2),(0.,1.),.PIECEWISE_BEZIER_KNOTS.);
#4435 = CARTESIAN_POINT('',(-2.053960337342,429.00110205199,
    0.239423780004));
#4436 = CARTESIAN_POINT('',(-2.053960337342,429.00110205199,
    -5.999999992401E-07));
#4437 = PCURVE('',#3027,#4438);
#4438 = DEFINITIONAL_REPRESENTATION('',(#4439),#4442);
#4439 = B_SPLINE_CURVE_WITH_KNOTS('',1,(#4440,#4441),.UNSPECIFIED.,.F.,
  .F.,(2,2),(0.,1.),.PIECEWISE_BEZIER_KNOTS.);
#4440 = CARTESIAN_POINT('',(0.953242749803,-0.239423780004));
#4441 = CARTESIAN_POINT('',(0.953242749803,5.999999999895E-07));
#4442 = ( GEOMETRIC_REPRESENTATION_CONTEXT(2) 
PARAMETRIC_REPRESENTATION_CONTEXT() REPRESENTATION_CONTEXT('2D SPACE',''
  ) );
#4443 = PCURVE('',#4444,#4449);
#4444 = PLANE('',#4445);
#4445 = AXIS2_PLACEMENT_3D('',#4446,#4447,#4448);
#4446 = CARTESIAN_POINT('',(-1.884094424746,432.24233674883,-0.5));
#4447 = DIRECTION('',(-0.998629534755,5.233595624294E-02,0.));
#4448 = DIRECTION('',(-5.232628141963E-02,-0.998444928129,
    1.922721423134E-02));
#4449 = DEFINITIONAL_REPRESENTATION('',(#4450),#4453);
#4450 = B_SPLINE_CURVE_WITH_KNOTS('',1,(#4451,#4452),.UNSPECIFIED.,.F.,
  .F.,(2,2),(0.,1.),.PIECEWISE_BEZIER_KNOTS.);
#4451 = CARTESIAN_POINT('',(3.259299854904,0.676881651772));
#4452 = CARTESIAN_POINT('',(3.254696391058,0.437501531751));
#4453 = ( GEOMETRIC_REPRESENTATION_CONTEXT(2) 
PARAMETRIC_REPRESENTATION_CONTEXT() REPRESENTATION_CONTEXT('2D SPACE',''
  ) );
#4454 = ADVANCED_FACE('',(#4455),#4368,.T.);
#4455 = FACE_BOUND('',#4456,.T.);
#4456 = EDGE_LOOP('',(#4457,#4537,#4560,#4583));
#4457 = ORIENTED_EDGE('',*,*,#4458,.T.);
#4458 = EDGE_CURVE('',#3724,#4459,#4461,.T.);
#4459 = VERTEX_POINT('',#4460);
#4460 = CARTESIAN_POINT('',(-36.468,453.457,17.5510946718));
#4461 = SURFACE_CURVE('',#4462,(#4485,#4511),.PCURVE_S1.);
#4462 = B_SPLINE_CURVE_WITH_KNOTS('',6,(#4463,#4464,#4465,#4466,#4467,
    #4468,#4469,#4470,#4471,#4472,#4473,#4474,#4475,#4476,#4477,#4478,
    #4479,#4480,#4481,#4482,#4483,#4484),.UNSPECIFIED.,.F.,.F.,(7,5,5,5,
    7),(0.,0.161014062765,0.502722582672,0.823444776568,1.),
  .UNSPECIFIED.);
#4463 = CARTESIAN_POINT('',(-34.388,449.004,16.361382702128));
#4464 = CARTESIAN_POINT('',(-34.45285895169,449.11623702723,
    16.397866509581));
#4465 = CARTESIAN_POINT('',(-34.51667640647,449.22917122279,
    16.434258450798));
#4466 = CARTESIAN_POINT('',(-34.57952386434,449.34275528282,
    16.470535337743));
#4467 = CARTESIAN_POINT('',(-34.6414670881,449.45694862745,
    16.506674047329));
#4468 = CARTESIAN_POINT('',(-34.70256739573,449.57171660839,
    16.542651526931));
#4469 = CARTESIAN_POINT('',(-34.89088630471,449.93175039989,
    16.654406278796));
#4470 = CARTESIAN_POINT('',(-35.01535207178,450.1789201478,
    16.729536236693));
#4471 = CARTESIAN_POINT('',(-35.1368394739,450.42826422829,
    16.803616547497));
#4472 = CARTESIAN_POINT('',(-35.25582223545,450.67957524289,
    16.876423560014));
#4473 = CARTESIAN_POINT('',(-35.37273910065,450.93269696811,
    16.947710941725));
#4474 = CARTESIAN_POINT('',(-35.5962090326,451.42665622569,
    17.082477443914));
#4475 = CARTESIAN_POINT('',(-35.70295429673,451.66728629436,
    17.146164817638));
#4476 = CARTESIAN_POINT('',(-35.80859986332,451.90928211948,
    17.208081913995));
#4477 = CARTESIAN_POINT('',(-35.91347664227,452.15253870621,
    17.268004463805));
#4478 = CARTESIAN_POINT('',(-36.01792067845,452.39694217169,
    17.325694329998));
#4479 = CARTESIAN_POINT('',(-36.1797562232,452.77745554128,
    17.411291487662));
#4480 = CARTESIAN_POINT('',(-36.23719412265,452.91285970227,
    17.440929389898));
#4481 = CARTESIAN_POINT('',(-36.29467214603,453.04854569735,
    17.469772569008));
#4482 = CARTESIAN_POINT('',(-36.35225330165,453.18448653804,
    17.497777682458));
#4483 = CARTESIAN_POINT('',(-36.41000477238,453.32065051156,
    17.524900200917));
#4484 = CARTESIAN_POINT('',(-36.468,453.457,17.5510946718));
#4485 = PCURVE('',#4368,#4486);
#4486 = DEFINITIONAL_REPRESENTATION('',(#4487),#4510);
#4487 = B_SPLINE_CURVE_WITH_KNOTS('',6,(#4488,#4489,#4490,#4491,#4492,
    #4493,#4494,#4495,#4496,#4497,#4498,#4499,#4500,#4501,#4502,#4503,
    #4504,#4505,#4506,#4507,#4508,#4509),.UNSPECIFIED.,.F.,.F.,(7,5,5,5,
    7),(0.,0.161014062765,0.502722582672,0.823444776568,1.),
  .UNSPECIFIED.);
#4488 = CARTESIAN_POINT('',(1.,-16.36138270212));
#4489 = CARTESIAN_POINT('',(0.972771220952,-16.39786650958));
#4490 = CARTESIAN_POINT('',(0.945690588053,-16.43425845079));
#4491 = CARTESIAN_POINT('',(0.918741751722,-16.47053533774));
#4492 = CARTESIAN_POINT('',(0.891909170938,-16.50667404732));
#4493 = CARTESIAN_POINT('',(0.865177805033,-16.54265152693));
#4494 = CARTESIAN_POINT('',(0.781986046782,-16.65440627879));
#4495 = CARTESIAN_POINT('',(0.725829675973,-16.72953623669));
#4496 = CARTESIAN_POINT('',(0.669920256054,-16.80361654749));
#4497 = CARTESIAN_POINT('',(0.614127224429,-16.87642356001));
#4498 = CARTESIAN_POINT('',(0.558319765759,-16.94771094172));
#4499 = CARTESIAN_POINT('',(0.449837979209,-17.08247744391));
#4500 = CARTESIAN_POINT('',(0.397183372697,-17.14616481763));
#4501 = CARTESIAN_POINT('',(0.344283210712,-17.20808191399));
#4502 = CARTESIAN_POINT('',(0.291023443672,-17.2680044638));
#4503 = CARTESIAN_POINT('',(0.237280521235,-17.32569432999));
#4504 = CARTESIAN_POINT('',(0.152983290942,-17.41129148766));
#4505 = CARTESIAN_POINT('',(0.122864875285,-17.44092938989));
#4506 = CARTESIAN_POINT('',(9.253359399436E-02,-17.469772569));
#4507 = CARTESIAN_POINT('',(6.196440829066E-02,-17.49777768245));
#4508 = CARTESIAN_POINT('',(3.113002019126E-02,-17.52490020091));
#4509 = CARTESIAN_POINT('',(0.,-17.5510946718));
#4510 = ( GEOMETRIC_REPRESENTATION_CONTEXT(2) 
PARAMETRIC_REPRESENTATION_CONTEXT() REPRESENTATION_CONTEXT('2D SPACE',''
  ) );
#4511 = PCURVE('',#201,#4512);
#4512 = DEFINITIONAL_REPRESENTATION('',(#4513),#4536);
#4513 = B_SPLINE_CURVE_WITH_KNOTS('',6,(#4514,#4515,#4516,#4517,#4518,
    #4519,#4520,#4521,#4522,#4523,#4524,#4525,#4526,#4527,#4528,#4529,
    #4530,#4531,#4532,#4533,#4534,#4535),.UNSPECIFIED.,.F.,.F.,(7,5,5,5,
    7),(0.,0.161014062765,0.502722582672,0.823444776568,1.),
  .UNSPECIFIED.);
#4514 = CARTESIAN_POINT('',(10.781961951911,0.76402409461));
#4515 = CARTESIAN_POINT('',(10.781836376078,0.766486450595));
#4516 = CARTESIAN_POINT('',(10.781758358855,0.768950324786));
#4517 = CARTESIAN_POINT('',(10.781722294768,0.771415824438));
#4518 = CARTESIAN_POINT('',(10.781723112643,0.773883073081));
#4519 = CARTESIAN_POINT('',(10.781756171208,0.776352215234));
#4520 = CARTESIAN_POINT('',(10.78194657552,0.784067882989));
#4521 = CARTESIAN_POINT('',(10.782201763583,0.789321508635));
#4522 = CARTESIAN_POINT('',(10.782541493323,0.794586090218));
#4523 = CARTESIAN_POINT('',(10.782931373442,0.799862992939));
#4524 = CARTESIAN_POINT('',(10.783339868988,0.80515403792));
#4525 = CARTESIAN_POINT('',(10.784109761525,0.815441345069));
#4526 = CARTESIAN_POINT('',(10.784472492506,0.820435617638));
#4527 = CARTESIAN_POINT('',(10.784800317429,0.825444636469));
#4528 = CARTESIAN_POINT('',(10.785069347451,0.830469128898));
#4529 = CARTESIAN_POINT('',(10.785255011801,0.835509316422));
#4530 = CARTESIAN_POINT('',(10.785371867354,0.843347890171));
#4531 = CARTESIAN_POINT('',(10.785379928537,0.846135554738));
#4532 = CARTESIAN_POINT('',(10.785350052215,0.848927762248));
#4533 = CARTESIAN_POINT('',(10.785277532931,0.851724405008));
#4534 = CARTESIAN_POINT('',(10.785157309795,0.854525292812));
#4535 = CARTESIAN_POINT('',(10.784983806651,0.857330092858));
#4536 = ( GEOMETRIC_REPRESENTATION_CONTEXT(2) 
PARAMETRIC_REPRESENTATION_CONTEXT() REPRESENTATION_CONTEXT('2D SPACE',''
  ) );
#4537 = ORIENTED_EDGE('',*,*,#4538,.T.);
#4538 = EDGE_CURVE('',#4459,#4539,#4541,.T.);
#4539 = VERTEX_POINT('',#4540);
#4540 = CARTESIAN_POINT('',(-36.468,453.457,18.3));
#4541 = SURFACE_CURVE('',#4542,(#4546,#4553),.PCURVE_S1.);
#4542 = LINE('',#4543,#4544);
#4543 = CARTESIAN_POINT('',(-36.468,453.457,0.));
#4544 = VECTOR('',#4545,1.);
#4545 = DIRECTION('',(-0.,-0.,1.));
#4546 = PCURVE('',#4368,#4547);
#4547 = DEFINITIONAL_REPRESENTATION('',(#4548),#4552);
#4548 = LINE('',#4549,#4550);
#4549 = CARTESIAN_POINT('',(0.,0.));
#4550 = VECTOR('',#4551,1.);
#4551 = DIRECTION('',(0.,-1.));
#4552 = ( GEOMETRIC_REPRESENTATION_CONTEXT(2) 
PARAMETRIC_REPRESENTATION_CONTEXT() REPRESENTATION_CONTEXT('2D SPACE',''
  ) );
#4553 = PCURVE('',#402,#4554);
#4554 = DEFINITIONAL_REPRESENTATION('',(#4555),#4559);
#4555 = LINE('',#4556,#4557);
#4556 = CARTESIAN_POINT('',(12.693,0.));
#4557 = VECTOR('',#4558,1.);
#4558 = DIRECTION('',(0.,-1.));
#4559 = ( GEOMETRIC_REPRESENTATION_CONTEXT(2) 
PARAMETRIC_REPRESENTATION_CONTEXT() REPRESENTATION_CONTEXT('2D SPACE',''
  ) );
#4560 = ORIENTED_EDGE('',*,*,#4561,.T.);
#4561 = EDGE_CURVE('',#4539,#4353,#4562,.T.);
#4562 = SURFACE_CURVE('',#4563,(#4568,#4575),.PCURVE_S1.);
#4563 = B_SPLINE_CURVE_WITH_KNOTS('',3,(#4564,#4565,#4566,#4567),
  .UNSPECIFIED.,.F.,.F.,(4,4),(0.,1.),.PIECEWISE_BEZIER_KNOTS.);
#4564 = CARTESIAN_POINT('',(-36.468,453.457,18.3));
#4565 = CARTESIAN_POINT('',(-35.847,451.997,18.3));
#4566 = CARTESIAN_POINT('',(-35.182,450.378,18.3));
#4567 = CARTESIAN_POINT('',(-34.388,449.004,18.3));
#4568 = PCURVE('',#4368,#4569);
#4569 = DEFINITIONAL_REPRESENTATION('',(#4570),#4574);
#4570 = LINE('',#4571,#4572);
#4571 = CARTESIAN_POINT('',(0.,-18.3));
#4572 = VECTOR('',#4573,1.);
#4573 = DIRECTION('',(1.,0.));
#4574 = ( GEOMETRIC_REPRESENTATION_CONTEXT(2) 
PARAMETRIC_REPRESENTATION_CONTEXT() REPRESENTATION_CONTEXT('2D SPACE',''
  ) );
#4575 = PCURVE('',#375,#4576);
#4576 = DEFINITIONAL_REPRESENTATION('',(#4577),#4582);
#4577 = B_SPLINE_CURVE_WITH_KNOTS('',3,(#4578,#4579,#4580,#4581),
  .UNSPECIFIED.,.F.,.F.,(4,4),(0.,1.),.PIECEWISE_BEZIER_KNOTS.);
#4578 = CARTESIAN_POINT('',(36.468806987405,221.83820413799));
#4579 = CARTESIAN_POINT('',(35.847806987405,220.37820413799));
#4580 = CARTESIAN_POINT('',(35.182806987405,218.75920413799));
#4581 = CARTESIAN_POINT('',(34.388806987405,217.38520413799));
#4582 = ( GEOMETRIC_REPRESENTATION_CONTEXT(2) 
PARAMETRIC_REPRESENTATION_CONTEXT() REPRESENTATION_CONTEXT('2D SPACE',''
  ) );
#4583 = ORIENTED_EDGE('',*,*,#4352,.F.);
#4584 = ADVANCED_FACE('',(#4585),#4444,.T.);
#4585 = FACE_BOUND('',#4586,.T.);
#4586 = EDGE_LOOP('',(#4587,#4608,#4609,#4630,#4656,#4677,#4698,#4719,
    #4740,#4761,#4782,#4803));
#4587 = ORIENTED_EDGE('',*,*,#4588,.T.);
#4588 = EDGE_CURVE('',#4589,#3722,#4591,.T.);
#4589 = VERTEX_POINT('',#4590);
#4590 = CARTESIAN_POINT('',(-2.695301746512,416.76357896014,
    0.177006803229));
#4591 = SURFACE_CURVE('',#4592,(#4595,#4601),.PCURVE_S1.);
#4592 = B_SPLINE_CURVE_WITH_KNOTS('',1,(#4593,#4594),.UNSPECIFIED.,.F.,
  .F.,(2,2),(10.,11.),.PIECEWISE_BEZIER_KNOTS.);
#4593 = CARTESIAN_POINT('',(-2.695301746512,416.76357896014,
    0.177006803229));
#4594 = CARTESIAN_POINT('',(-1.884094424746,432.24233674883,
    0.177006803229));
#4595 = PCURVE('',#4444,#4596);
#4596 = DEFINITIONAL_REPRESENTATION('',(#4597),#4600);
#4597 = B_SPLINE_CURVE_WITH_KNOTS('',1,(#4598,#4599),.UNSPECIFIED.,.F.,
  .F.,(2,2),(10.,11.),.PIECEWISE_BEZIER_KNOTS.);
#4598 = CARTESIAN_POINT('',(15.510151625304,0.378859831186));
#4599 = CARTESIAN_POINT('',(1.301695484176E-02,0.676881651772));
#4600 = ( GEOMETRIC_REPRESENTATION_CONTEXT(2) 
PARAMETRIC_REPRESENTATION_CONTEXT() REPRESENTATION_CONTEXT('2D SPACE',''
  ) );
#4601 = PCURVE('',#201,#4602);
#4602 = DEFINITIONAL_REPRESENTATION('',(#4603),#4607);
#4603 = LINE('',#4604,#4605);
#4604 = CARTESIAN_POINT('',(0.,0.));
#4605 = VECTOR('',#4606,1.);
#4606 = DIRECTION('',(1.,0.));
#4607 = ( GEOMETRIC_REPRESENTATION_CONTEXT(2) 
PARAMETRIC_REPRESENTATION_CONTEXT() REPRESENTATION_CONTEXT('2D SPACE',''
  ) );
#4608 = ORIENTED_EDGE('',*,*,#4432,.T.);
#4609 = ORIENTED_EDGE('',*,*,#4610,.F.);
#4610 = EDGE_CURVE('',#4611,#4408,#4613,.T.);
#4611 = VERTEX_POINT('',#4612);
#4612 = CARTESIAN_POINT('',(-3.209337151434,406.95519913647,0.));
#4613 = SURFACE_CURVE('',#4614,(#4618,#4624),.PCURVE_S1.);
#4614 = LINE('',#4615,#4616);
#4615 = CARTESIAN_POINT('',(-7.124230609011,332.25458195456,
    -2.775557561563E-17));
#4616 = VECTOR('',#4617,1.);
#4617 = DIRECTION('',(5.233595624294E-02,0.998629534755,0.));
#4618 = PCURVE('',#4444,#4619);
#4619 = DEFINITIONAL_REPRESENTATION('',(#4620),#4623);
#4620 = B_SPLINE_CURVE_WITH_KNOTS('',1,(#4621,#4622),.UNSPECIFIED.,.F.,
  .F.,(2,2),(74.1249725894,100.13458797401),.PIECEWISE_BEZIER_KNOTS.);
#4621 = CARTESIAN_POINT('',(26.004807247892,0.));
#4622 = CARTESIAN_POINT('',(-1.42108547152E-14,0.500092447075));
#4623 = ( GEOMETRIC_REPRESENTATION_CONTEXT(2) 
PARAMETRIC_REPRESENTATION_CONTEXT() REPRESENTATION_CONTEXT('2D SPACE',''
  ) );
#4624 = PCURVE('',#2998,#4625);
#4625 = DEFINITIONAL_REPRESENTATION('',(#4626),#4629);
#4626 = B_SPLINE_CURVE_WITH_KNOTS('',1,(#4627,#4628),.UNSPECIFIED.,.F.,
  .F.,(2,2),(74.1249725894,100.13458797401),.PIECEWISE_BEZIER_KNOTS.);
#4627 = CARTESIAN_POINT('',(3.245636274467,174.65917298321));
#4628 = CARTESIAN_POINT('',(1.884398181802,200.63314309389));
#4629 = ( GEOMETRIC_REPRESENTATION_CONTEXT(2) 
PARAMETRIC_REPRESENTATION_CONTEXT() REPRESENTATION_CONTEXT('2D SPACE',''
  ) );
#4630 = ORIENTED_EDGE('',*,*,#4631,.F.);
#4631 = EDGE_CURVE('',#4632,#4611,#4634,.T.);
#4632 = VERTEX_POINT('',#4633);
#4633 = CARTESIAN_POINT('',(-3.209337151434,406.95519913647,
    3.929844220782E-03));
#4634 = SURFACE_CURVE('',#4635,(#4639,#4645),.PCURVE_S1.);
#4635 = LINE('',#4636,#4637);
#4636 = CARTESIAN_POINT('',(-3.209337151434,406.95519913647,0.));
#4637 = VECTOR('',#4638,1.);
#4638 = DIRECTION('',(-0.,-0.,-1.));
#4639 = PCURVE('',#4444,#4640);
#4640 = DEFINITIONAL_REPRESENTATION('',(#4641),#4644);
#4641 = B_SPLINE_CURVE_WITH_KNOTS('',1,(#4642,#4643),.UNSPECIFIED.,.F.,
  .F.,(2,2),(-0.781665951138,6.E-07),.PIECEWISE_BEZIER_KNOTS.);
#4642 = CARTESIAN_POINT('',(25.34180218563,0.794560573951));
#4643 = CARTESIAN_POINT('',(25.326772915394,1.303852166787E-02));
#4644 = ( GEOMETRIC_REPRESENTATION_CONTEXT(2) 
PARAMETRIC_REPRESENTATION_CONTEXT() REPRESENTATION_CONTEXT('2D SPACE',''
  ) );
#4645 = PCURVE('',#4646,#4651);
#4646 = CYLINDRICAL_SURFACE('',#4647,41.);
#4647 = AXIS2_PLACEMENT_3D('',#4648,#4649,#4650);
#4648 = CARTESIAN_POINT('',(0.,366.081,0.));
#4649 = DIRECTION('',(-0.,-0.,-1.));
#4650 = DIRECTION('',(1.,0.,0.));
#4651 = DEFINITIONAL_REPRESENTATION('',(#4652),#4655);
#4652 = B_SPLINE_CURVE_WITH_KNOTS('',1,(#4653,#4654),.UNSPECIFIED.,.F.,
  .F.,(2,2),(-0.781665951138,6.E-07),.PIECEWISE_BEZIER_KNOTS.);
#4653 = CARTESIAN_POINT('',(-1.649153000041,-0.781665951138));
#4654 = CARTESIAN_POINT('',(-1.649153000041,6.E-07));
#4655 = ( GEOMETRIC_REPRESENTATION_CONTEXT(2) 
PARAMETRIC_REPRESENTATION_CONTEXT() REPRESENTATION_CONTEXT('2D SPACE',''
  ) );
#4656 = ORIENTED_EDGE('',*,*,#4657,.T.);
#4657 = EDGE_CURVE('',#4632,#4658,#4660,.T.);
#4658 = VERTEX_POINT('',#4659);
#4659 = CARTESIAN_POINT('',(-3.176138344494,407.58867010958,
    7.60576107626E-03));
#4660 = SURFACE_CURVE('',#4661,(#4664,#4670),.PCURVE_S1.);
#4661 = B_SPLINE_CURVE_WITH_KNOTS('',1,(#4662,#4663),.UNSPECIFIED.,.F.,
  .F.,(2,2),(2.,3.),.PIECEWISE_BEZIER_KNOTS.);
#4662 = CARTESIAN_POINT('',(-3.244829287063,406.27796884521,0.));
#4663 = CARTESIAN_POINT('',(-3.176138344494,407.58867010958,
    7.60576107626E-03));
#4664 = PCURVE('',#4444,#4665);
#4665 = DEFINITIONAL_REPRESENTATION('',(#4666),#4669);
#4666 = B_SPLINE_CURVE_WITH_KNOTS('',1,(#4667,#4668),.UNSPECIFIED.,.F.,
  .F.,(2,2),(2.,3.),.PIECEWISE_BEZIER_KNOTS.);
#4667 = CARTESIAN_POINT('',(26.004807247892,0.));
#4668 = CARTESIAN_POINT('',(24.6926961142,3.284007375413E-02));
#4669 = ( GEOMETRIC_REPRESENTATION_CONTEXT(2) 
PARAMETRIC_REPRESENTATION_CONTEXT() REPRESENTATION_CONTEXT('2D SPACE',''
  ) );
#4670 = PCURVE('',#1062,#4671);
#4671 = DEFINITIONAL_REPRESENTATION('',(#4672),#4676);
#4672 = LINE('',#4673,#4674);
#4673 = CARTESIAN_POINT('',(0.,0.));
#4674 = VECTOR('',#4675,1.);
#4675 = DIRECTION('',(1.,0.));
#4676 = ( GEOMETRIC_REPRESENTATION_CONTEXT(2) 
PARAMETRIC_REPRESENTATION_CONTEXT() REPRESENTATION_CONTEXT('2D SPACE',''
  ) );
#4677 = ORIENTED_EDGE('',*,*,#4678,.T.);
#4678 = EDGE_CURVE('',#4658,#4679,#4681,.T.);
#4679 = VERTEX_POINT('',#4680);
#4680 = CARTESIAN_POINT('',(-3.107447401925,408.89937137394,
    2.765731300458E-02));
#4681 = SURFACE_CURVE('',#4682,(#4685,#4691),.PCURVE_S1.);
#4682 = B_SPLINE_CURVE_WITH_KNOTS('',1,(#4683,#4684),.UNSPECIFIED.,.F.,
  .F.,(2,2),(3.,4.),.PIECEWISE_BEZIER_KNOTS.);
#4683 = CARTESIAN_POINT('',(-3.176138344494,407.58867010958,
    7.60576107626E-03));
#4684 = CARTESIAN_POINT('',(-3.107447401925,408.89937137394,
    2.765731300458E-02));
#4685 = PCURVE('',#4444,#4686);
#4686 = DEFINITIONAL_REPRESENTATION('',(#4687),#4690);
#4687 = B_SPLINE_CURVE_WITH_KNOTS('',1,(#4688,#4689),.UNSPECIFIED.,.F.,
  .F.,(2,2),(3.,4.),.PIECEWISE_BEZIER_KNOTS.);
#4688 = CARTESIAN_POINT('',(24.6926961142,3.284007375413E-02));
#4689 = CARTESIAN_POINT('',(23.380824278396,7.81236376318E-02));
#4690 = ( GEOMETRIC_REPRESENTATION_CONTEXT(2) 
PARAMETRIC_REPRESENTATION_CONTEXT() REPRESENTATION_CONTEXT('2D SPACE',''
  ) );
#4691 = PCURVE('',#990,#4692);
#4692 = DEFINITIONAL_REPRESENTATION('',(#4693),#4697);
#4693 = LINE('',#4694,#4695);
#4694 = CARTESIAN_POINT('',(0.,0.));
#4695 = VECTOR('',#4696,1.);
#4696 = DIRECTION('',(1.,0.));
#4697 = ( GEOMETRIC_REPRESENTATION_CONTEXT(2) 
PARAMETRIC_REPRESENTATION_CONTEXT() REPRESENTATION_CONTEXT('2D SPACE',''
  ) );
#4698 = ORIENTED_EDGE('',*,*,#4699,.T.);
#4699 = EDGE_CURVE('',#4679,#4700,#4702,.T.);
#4700 = VERTEX_POINT('',#4701);
#4701 = CARTESIAN_POINT('',(-3.038756459356,410.21007263831,
    5.600605883428E-02));
#4702 = SURFACE_CURVE('',#4703,(#4706,#4712),.PCURVE_S1.);
#4703 = B_SPLINE_CURVE_WITH_KNOTS('',1,(#4704,#4705),.UNSPECIFIED.,.F.,
  .F.,(2,2),(4.,5.),.PIECEWISE_BEZIER_KNOTS.);
#4704 = CARTESIAN_POINT('',(-3.107447401925,408.89937137394,
    2.765731300458E-02));
#4705 = CARTESIAN_POINT('',(-3.038756459356,410.21007263831,
    5.600605883428E-02));
#4706 = PCURVE('',#4444,#4707);
#4707 = DEFINITIONAL_REPRESENTATION('',(#4708),#4711);
#4708 = B_SPLINE_CURVE_WITH_KNOTS('',1,(#4709,#4710),.UNSPECIFIED.,.F.,
  .F.,(2,2),(4.,5.),.PIECEWISE_BEZIER_KNOTS.);
#4709 = CARTESIAN_POINT('',(23.380824278396,7.81236376318E-02));
#4710 = CARTESIAN_POINT('',(22.069111974516,0.131702861592));
#4711 = ( GEOMETRIC_REPRESENTATION_CONTEXT(2) 
PARAMETRIC_REPRESENTATION_CONTEXT() REPRESENTATION_CONTEXT('2D SPACE',''
  ) );
#4712 = PCURVE('',#916,#4713);
#4713 = DEFINITIONAL_REPRESENTATION('',(#4714),#4718);
#4714 = LINE('',#4715,#4716);
#4715 = CARTESIAN_POINT('',(0.,0.));
#4716 = VECTOR('',#4717,1.);
#4717 = DIRECTION('',(1.,0.));
#4718 = ( GEOMETRIC_REPRESENTATION_CONTEXT(2) 
PARAMETRIC_REPRESENTATION_CONTEXT() REPRESENTATION_CONTEXT('2D SPACE',''
  ) );
#4719 = ORIENTED_EDGE('',*,*,#4720,.T.);
#4720 = EDGE_CURVE('',#4700,#4721,#4723,.T.);
#4721 = VERTEX_POINT('',#4722);
#4722 = CARTESIAN_POINT('',(-2.970065516787,411.52077390267,
    8.850340161467E-02));
#4723 = SURFACE_CURVE('',#4724,(#4727,#4733),.PCURVE_S1.);
#4724 = B_SPLINE_CURVE_WITH_KNOTS('',1,(#4725,#4726),.UNSPECIFIED.,.F.,
  .F.,(2,2),(5.,6.),.PIECEWISE_BEZIER_KNOTS.);
#4725 = CARTESIAN_POINT('',(-3.038756459356,410.21007263831,
    5.600605883428E-02));
#4726 = CARTESIAN_POINT('',(-2.970065516787,411.52077390267,
    8.850340161467E-02));
#4727 = PCURVE('',#4444,#4728);
#4728 = DEFINITIONAL_REPRESENTATION('',(#4729),#4732);
#4729 = B_SPLINE_CURVE_WITH_KNOTS('',1,(#4730,#4731),.UNSPECIFIED.,.F.,
  .F.,(2,2),(5.,6.),.PIECEWISE_BEZIER_KNOTS.);
#4730 = CARTESIAN_POINT('',(22.069111974516,0.131702861592));
#4731 = CARTESIAN_POINT('',(20.757479436598,0.189429915593));
#4732 = ( GEOMETRIC_REPRESENTATION_CONTEXT(2) 
PARAMETRIC_REPRESENTATION_CONTEXT() REPRESENTATION_CONTEXT('2D SPACE',''
  ) );
#4733 = PCURVE('',#842,#4734);
#4734 = DEFINITIONAL_REPRESENTATION('',(#4735),#4739);
#4735 = LINE('',#4736,#4737);
#4736 = CARTESIAN_POINT('',(0.,0.));
#4737 = VECTOR('',#4738,1.);
#4738 = DIRECTION('',(1.,0.));
#4739 = ( GEOMETRIC_REPRESENTATION_CONTEXT(2) 
PARAMETRIC_REPRESENTATION_CONTEXT() REPRESENTATION_CONTEXT('2D SPACE',''
  ) );
#4740 = ORIENTED_EDGE('',*,*,#4741,.T.);
#4741 = EDGE_CURVE('',#4721,#4742,#4744,.T.);
#4742 = VERTEX_POINT('',#4743);
#4743 = CARTESIAN_POINT('',(-2.901374574218,412.83147516704,
    0.121000744395));
#4744 = SURFACE_CURVE('',#4745,(#4748,#4754),.PCURVE_S1.);
#4745 = B_SPLINE_CURVE_WITH_KNOTS('',1,(#4746,#4747),.UNSPECIFIED.,.F.,
  .F.,(2,2),(6.,7.),.PIECEWISE_BEZIER_KNOTS.);
#4746 = CARTESIAN_POINT('',(-2.970065516787,411.52077390267,
    8.850340161467E-02));
#4747 = CARTESIAN_POINT('',(-2.901374574218,412.83147516704,
    0.121000744395));
#4748 = PCURVE('',#4444,#4749);
#4749 = DEFINITIONAL_REPRESENTATION('',(#4750),#4753);
#4750 = B_SPLINE_CURVE_WITH_KNOTS('',1,(#4751,#4752),.UNSPECIFIED.,.F.,
  .F.,(2,2),(6.,7.),.PIECEWISE_BEZIER_KNOTS.);
#4751 = CARTESIAN_POINT('',(20.757479436598,0.189429915593));
#4752 = CARTESIAN_POINT('',(19.44584689868,0.247156969594));
#4753 = ( GEOMETRIC_REPRESENTATION_CONTEXT(2) 
PARAMETRIC_REPRESENTATION_CONTEXT() REPRESENTATION_CONTEXT('2D SPACE',''
  ) );
#4754 = PCURVE('',#768,#4755);
#4755 = DEFINITIONAL_REPRESENTATION('',(#4756),#4760);
#4756 = LINE('',#4757,#4758);
#4757 = CARTESIAN_POINT('',(0.,0.));
#4758 = VECTOR('',#4759,1.);
#4759 = DIRECTION('',(1.,0.));
#4760 = ( GEOMETRIC_REPRESENTATION_CONTEXT(2) 
PARAMETRIC_REPRESENTATION_CONTEXT() REPRESENTATION_CONTEXT('2D SPACE',''
  ) );
#4761 = ORIENTED_EDGE('',*,*,#4762,.T.);
#4762 = EDGE_CURVE('',#4742,#4763,#4765,.T.);
#4763 = VERTEX_POINT('',#4764);
#4764 = CARTESIAN_POINT('',(-2.832683631649,414.1421764314,
    0.149349490225));
#4765 = SURFACE_CURVE('',#4766,(#4769,#4775),.PCURVE_S1.);
#4766 = B_SPLINE_CURVE_WITH_KNOTS('',1,(#4767,#4768),.UNSPECIFIED.,.F.,
  .F.,(2,2),(7.,8.),.PIECEWISE_BEZIER_KNOTS.);
#4767 = CARTESIAN_POINT('',(-2.901374574218,412.83147516704,
    0.121000744395));
#4768 = CARTESIAN_POINT('',(-2.832683631649,414.1421764314,
    0.149349490225));
#4769 = PCURVE('',#4444,#4770);
#4770 = DEFINITIONAL_REPRESENTATION('',(#4771),#4774);
#4771 = B_SPLINE_CURVE_WITH_KNOTS('',1,(#4772,#4773),.UNSPECIFIED.,.F.,
  .F.,(2,2),(7.,8.),.PIECEWISE_BEZIER_KNOTS.);
#4772 = CARTESIAN_POINT('',(19.44584689868,0.247156969594));
#4773 = CARTESIAN_POINT('',(18.134134594801,0.300736193554));
#4774 = ( GEOMETRIC_REPRESENTATION_CONTEXT(2) 
PARAMETRIC_REPRESENTATION_CONTEXT() REPRESENTATION_CONTEXT('2D SPACE',''
  ) );
#4775 = PCURVE('',#694,#4776);
#4776 = DEFINITIONAL_REPRESENTATION('',(#4777),#4781);
#4777 = LINE('',#4778,#4779);
#4778 = CARTESIAN_POINT('',(0.,0.));
#4779 = VECTOR('',#4780,1.);
#4780 = DIRECTION('',(1.,0.));
#4781 = ( GEOMETRIC_REPRESENTATION_CONTEXT(2) 
PARAMETRIC_REPRESENTATION_CONTEXT() REPRESENTATION_CONTEXT('2D SPACE',''
  ) );
#4782 = ORIENTED_EDGE('',*,*,#4783,.T.);
#4783 = EDGE_CURVE('',#4763,#4784,#4786,.T.);
#4784 = VERTEX_POINT('',#4785);
#4785 = CARTESIAN_POINT('',(-2.76399268908,415.45287769577,
    0.169401042153));
#4786 = SURFACE_CURVE('',#4787,(#4790,#4796),.PCURVE_S1.);
#4787 = B_SPLINE_CURVE_WITH_KNOTS('',1,(#4788,#4789),.UNSPECIFIED.,.F.,
  .F.,(2,2),(8.,9.),.PIECEWISE_BEZIER_KNOTS.);
#4788 = CARTESIAN_POINT('',(-2.832683631649,414.1421764314,
    0.149349490225));
#4789 = CARTESIAN_POINT('',(-2.76399268908,415.45287769577,
    0.169401042153));
#4790 = PCURVE('',#4444,#4791);
#4791 = DEFINITIONAL_REPRESENTATION('',(#4792),#4795);
#4792 = B_SPLINE_CURVE_WITH_KNOTS('',1,(#4793,#4794),.UNSPECIFIED.,.F.,
  .F.,(2,2),(8.,9.),.PIECEWISE_BEZIER_KNOTS.);
#4793 = CARTESIAN_POINT('',(18.134134594801,0.300736193554));
#4794 = CARTESIAN_POINT('',(16.822262758996,0.346019757432));
#4795 = ( GEOMETRIC_REPRESENTATION_CONTEXT(2) 
PARAMETRIC_REPRESENTATION_CONTEXT() REPRESENTATION_CONTEXT('2D SPACE',''
  ) );
#4796 = PCURVE('',#620,#4797);
#4797 = DEFINITIONAL_REPRESENTATION('',(#4798),#4802);
#4798 = LINE('',#4799,#4800);
#4799 = CARTESIAN_POINT('',(0.,0.));
#4800 = VECTOR('',#4801,1.);
#4801 = DIRECTION('',(1.,0.));
#4802 = ( GEOMETRIC_REPRESENTATION_CONTEXT(2) 
PARAMETRIC_REPRESENTATION_CONTEXT() REPRESENTATION_CONTEXT('2D SPACE',''
  ) );
#4803 = ORIENTED_EDGE('',*,*,#4804,.T.);
#4804 = EDGE_CURVE('',#4784,#4589,#4805,.T.);
#4805 = SURFACE_CURVE('',#4806,(#4809,#4815),.PCURVE_S1.);
#4806 = B_SPLINE_CURVE_WITH_KNOTS('',1,(#4807,#4808),.UNSPECIFIED.,.F.,
  .F.,(2,2),(9.,10.),.PIECEWISE_BEZIER_KNOTS.);
#4807 = CARTESIAN_POINT('',(-2.76399268908,415.45287769577,
    0.169401042153));
#4808 = CARTESIAN_POINT('',(-2.695301746512,416.76357896014,
    0.177006803229));
#4809 = PCURVE('',#4444,#4810);
#4810 = DEFINITIONAL_REPRESENTATION('',(#4811),#4814);
#4811 = B_SPLINE_CURVE_WITH_KNOTS('',1,(#4812,#4813),.UNSPECIFIED.,.F.,
  .F.,(2,2),(9.,10.),.PIECEWISE_BEZIER_KNOTS.);
#4812 = CARTESIAN_POINT('',(16.822262758996,0.346019757432));
#4813 = CARTESIAN_POINT('',(15.510151625304,0.378859831186));
#4814 = ( GEOMETRIC_REPRESENTATION_CONTEXT(2) 
PARAMETRIC_REPRESENTATION_CONTEXT() REPRESENTATION_CONTEXT('2D SPACE',''
  ) );
#4815 = PCURVE('',#546,#4816);
#4816 = DEFINITIONAL_REPRESENTATION('',(#4817),#4821);
#4817 = LINE('',#4818,#4819);
#4818 = CARTESIAN_POINT('',(0.,0.));
#4819 = VECTOR('',#4820,1.);
#4820 = DIRECTION('',(1.,0.));
#4821 = ( GEOMETRIC_REPRESENTATION_CONTEXT(2) 
PARAMETRIC_REPRESENTATION_CONTEXT() REPRESENTATION_CONTEXT('2D SPACE',''
  ) );
#4822 = ADVANCED_FACE('',(#4823),#4646,.F.);
#4823 = FACE_BOUND('',#4824,.T.);
#4824 = EDGE_LOOP('',(#4825,#4850,#4878,#4920,#4921,#4949,#4970,#5014,
    #5040,#5041));
#4825 = ORIENTED_EDGE('',*,*,#4826,.F.);
#4826 = EDGE_CURVE('',#4827,#4829,#4831,.T.);
#4827 = VERTEX_POINT('',#4828);
#4828 = CARTESIAN_POINT('',(41.,366.081,0.));
#4829 = VERTEX_POINT('',#4830);
#4830 = CARTESIAN_POINT('',(41.,366.081,18.3));
#4831 = SEAM_CURVE('',#4832,(#4836,#4843),.PCURVE_S1.);
#4832 = LINE('',#4833,#4834);
#4833 = CARTESIAN_POINT('',(41.,366.081,0.));
#4834 = VECTOR('',#4835,1.);
#4835 = DIRECTION('',(-0.,-0.,1.));
#4836 = PCURVE('',#4646,#4837);
#4837 = DEFINITIONAL_REPRESENTATION('',(#4838),#4842);
#4838 = LINE('',#4839,#4840);
#4839 = CARTESIAN_POINT('',(-6.28318530718,0.));
#4840 = VECTOR('',#4841,1.);
#4841 = DIRECTION('',(-0.,-1.));
#4842 = ( GEOMETRIC_REPRESENTATION_CONTEXT(2) 
PARAMETRIC_REPRESENTATION_CONTEXT() REPRESENTATION_CONTEXT('2D SPACE',''
  ) );
#4843 = PCURVE('',#4646,#4844);
#4844 = DEFINITIONAL_REPRESENTATION('',(#4845),#4849);
#4845 = LINE('',#4846,#4847);
#4846 = CARTESIAN_POINT('',(-0.,0.));
#4847 = VECTOR('',#4848,1.);
#4848 = DIRECTION('',(-0.,-1.));
#4849 = ( GEOMETRIC_REPRESENTATION_CONTEXT(2) 
PARAMETRIC_REPRESENTATION_CONTEXT() REPRESENTATION_CONTEXT('2D SPACE',''
  ) );
#4850 = ORIENTED_EDGE('',*,*,#4851,.F.);
#4851 = EDGE_CURVE('',#4852,#4827,#4854,.T.);
#4852 = VERTEX_POINT('',#4853);
#4853 = CARTESIAN_POINT('',(-6.603647819408,406.54569863321,0.));
#4854 = SURFACE_CURVE('',#4855,(#4860,#4867),.PCURVE_S1.);
#4855 = CIRCLE('',#4856,41.);
#4856 = AXIS2_PLACEMENT_3D('',#4857,#4858,#4859);
#4857 = CARTESIAN_POINT('',(0.,366.081,0.));
#4858 = DIRECTION('',(0.,0.,1.));
#4859 = DIRECTION('',(1.,0.,0.));
#4860 = PCURVE('',#4646,#4861);
#4861 = DEFINITIONAL_REPRESENTATION('',(#4862),#4866);
#4862 = LINE('',#4863,#4864);
#4863 = CARTESIAN_POINT('',(-0.,0.));
#4864 = VECTOR('',#4865,1.);
#4865 = DIRECTION('',(-1.,0.));
#4866 = ( GEOMETRIC_REPRESENTATION_CONTEXT(2) 
PARAMETRIC_REPRESENTATION_CONTEXT() REPRESENTATION_CONTEXT('2D SPACE',''
  ) );
#4867 = PCURVE('',#435,#4868);
#4868 = DEFINITIONAL_REPRESENTATION('',(#4869),#4877);
#4869 = ( BOUNDED_CURVE() B_SPLINE_CURVE(2,(#4870,#4871,#4872,#4873,
#4874,#4875,#4876),.UNSPECIFIED.,.T.,.F.) B_SPLINE_CURVE_WITH_KNOTS((1,2
    ,2,2,2,1),(-2.094395102393,0.,2.094395102393,4.188790204786,
6.28318530718,8.377580409573),.UNSPECIFIED.) CURVE() 
GEOMETRIC_REPRESENTATION_ITEM() RATIONAL_B_SPLINE_CURVE((1.,0.5,1.,0.5,
1.,0.5,1.)) REPRESENTATION_ITEM('') );
#4870 = CARTESIAN_POINT('',(-40.99919301259,134.46220413799));
#4871 = CARTESIAN_POINT('',(-40.99919301259,205.47628724831));
#4872 = CARTESIAN_POINT('',(20.500806987405,169.96924569315));
#4873 = CARTESIAN_POINT('',(82.000806987405,134.46220413799));
#4874 = CARTESIAN_POINT('',(20.500806987405,98.955162582832));
#4875 = CARTESIAN_POINT('',(-40.99919301259,63.44812102767));
#4876 = CARTESIAN_POINT('',(-40.99919301259,134.46220413799));
#4877 = ( GEOMETRIC_REPRESENTATION_CONTEXT(2) 
PARAMETRIC_REPRESENTATION_CONTEXT() REPRESENTATION_CONTEXT('2D SPACE',''
  ) );
#4878 = ORIENTED_EDGE('',*,*,#4879,.F.);
#4879 = EDGE_CURVE('',#4632,#4852,#4880,.T.);
#4880 = SURFACE_CURVE('',#4881,(#4892,#4906),.PCURVE_S1.);
#4881 = B_SPLINE_CURVE_WITH_KNOTS('',5,(#4882,#4883,#4884,#4885,#4886,
    #4887,#4888,#4889,#4890,#4891),.UNSPECIFIED.,.F.,.F.,(6,4,6),(0.,
    0.581975173915,1.),.UNSPECIFIED.);
#4882 = CARTESIAN_POINT('',(-3.209337151434,406.95519913647,
    3.929844220782E-03));
#4883 = CARTESIAN_POINT('',(-3.608882484464,406.92382786295,
    4.577065722024E-03));
#4884 = CARTESIAN_POINT('',(-4.007442115772,406.8876219404,
    5.126963168057E-03));
#4885 = CARTESIAN_POINT('',(-4.404822708781,406.84662618284,
    5.465114176767E-03));
#4886 = CARTESIAN_POINT('',(-4.800843877109,406.80089762655,
    5.453279454136E-03));
#4887 = CARTESIAN_POINT('',(-5.478696468056,406.71430515395,
    4.579077227888E-03));
#4888 = CARTESIAN_POINT('',(-5.761267551203,406.67569989836,
    3.957390587962E-03));
#4889 = CARTESIAN_POINT('',(-6.042988324828,406.63471198157,
    3.02445423598E-03));
#4890 = CARTESIAN_POINT('',(-6.323800127865,406.59136845556,
    1.724301431628E-03));
#4891 = CARTESIAN_POINT('',(-6.603647819409,406.54569863321,0.));
#4892 = PCURVE('',#4646,#4893);
#4893 = DEFINITIONAL_REPRESENTATION('',(#4894),#4905);
#4894 = B_SPLINE_CURVE_WITH_KNOTS('',5,(#4895,#4896,#4897,#4898,#4899,
    #4900,#4901,#4902,#4903,#4904),.UNSPECIFIED.,.F.,.F.,(6,4,6),(0.,
    0.581975173915,1.),.UNSPECIFIED.);
#4895 = CARTESIAN_POINT('',(-1.649153000041,-3.929844220782E-03));
#4896 = CARTESIAN_POINT('',(-1.658928000933,-4.577065722024E-03));
#4897 = CARTESIAN_POINT('',(-1.66868826428,-5.126963168057E-03));
#4898 = CARTESIAN_POINT('',(-1.678430949558,-5.465114176767E-03));
#4899 = CARTESIAN_POINT('',(-1.688153471515,-5.453279454136E-03));
#4900 = CARTESIAN_POINT('',(-1.704820815389,-4.579077227888E-03));
#4901 = CARTESIAN_POINT('',(-1.711776551502,-3.957390587962E-03));
#4902 = CARTESIAN_POINT('',(-1.718719784831,-3.02445423598E-03));
#4903 = CARTESIAN_POINT('',(-1.725649701509,-1.724301431628E-03));
#4904 = CARTESIAN_POINT('',(-1.732565549174,0.));
#4905 = ( GEOMETRIC_REPRESENTATION_CONTEXT(2) 
PARAMETRIC_REPRESENTATION_CONTEXT() REPRESENTATION_CONTEXT('2D SPACE',''
  ) );
#4906 = PCURVE('',#1062,#4907);
#4907 = DEFINITIONAL_REPRESENTATION('',(#4908),#4919);
#4908 = B_SPLINE_CURVE_WITH_KNOTS('',5,(#4909,#4910,#4911,#4912,#4913,
    #4914,#4915,#4916,#4917,#4918),.UNSPECIFIED.,.F.,.F.,(6,4,6),(0.,
    0.581975173915,1.),.UNSPECIFIED.);
#4909 = CARTESIAN_POINT('',(2.516693093746,0.));
#4910 = CARTESIAN_POINT('',(2.476890207352,4.823093113411E-03));
#4911 = CARTESIAN_POINT('',(2.430991617207,9.624854963935E-03));
#4912 = CARTESIAN_POINT('',(2.379084324572,1.440062175113E-02));
#4913 = CARTESIAN_POINT('',(2.32127614663,1.914602842093E-02));
#4914 = CARTESIAN_POINT('',(2.212018344509,2.724092473327E-02));
#4915 = CARTESIAN_POINT('',(2.163365167708,3.060705717794E-02));
#4916 = CARTESIAN_POINT('',(2.111777305712,3.395396632803E-02));
#4917 = CARTESIAN_POINT('',(2.057304456868,3.728026323259E-02));
#4918 = CARTESIAN_POINT('',(2.,4.058465810592E-02));
#4919 = ( GEOMETRIC_REPRESENTATION_CONTEXT(2) 
PARAMETRIC_REPRESENTATION_CONTEXT() REPRESENTATION_CONTEXT('2D SPACE',''
  ) );
#4920 = ORIENTED_EDGE('',*,*,#4631,.T.);
#4921 = ORIENTED_EDGE('',*,*,#4922,.F.);
#4922 = EDGE_CURVE('',#4923,#4611,#4925,.T.);
#4923 = VERTEX_POINT('',#4924);
#4924 = CARTESIAN_POINT('',(3.209337151434,406.95519913647,0.));
#4925 = SURFACE_CURVE('',#4926,(#4931,#4938),.PCURVE_S1.);
#4926 = CIRCLE('',#4927,41.);
#4927 = AXIS2_PLACEMENT_3D('',#4928,#4929,#4930);
#4928 = CARTESIAN_POINT('',(0.,366.081,0.));
#4929 = DIRECTION('',(0.,0.,1.));
#4930 = DIRECTION('',(1.,0.,0.));
#4931 = PCURVE('',#4646,#4932);
#4932 = DEFINITIONAL_REPRESENTATION('',(#4933),#4937);
#4933 = LINE('',#4934,#4935);
#4934 = CARTESIAN_POINT('',(-0.,0.));
#4935 = VECTOR('',#4936,1.);
#4936 = DIRECTION('',(-1.,0.));
#4937 = ( GEOMETRIC_REPRESENTATION_CONTEXT(2) 
PARAMETRIC_REPRESENTATION_CONTEXT() REPRESENTATION_CONTEXT('2D SPACE',''
  ) );
#4938 = PCURVE('',#2998,#4939);
#4939 = DEFINITIONAL_REPRESENTATION('',(#4940),#4948);
#4940 = ( BOUNDED_CURVE() B_SPLINE_CURVE(2,(#4941,#4942,#4943,#4944,
#4945,#4946,#4947),.UNSPECIFIED.,.T.,.F.) B_SPLINE_CURVE_WITH_KNOTS((1,2
    ,2,2,2,1),(-2.094395102393,0.,2.094395102393,4.188790204786,
6.28318530718,8.377580409573),.UNSPECIFIED.) CURVE() 
GEOMETRIC_REPRESENTATION_ITEM() RATIONAL_B_SPLINE_CURVE((1.,0.5,1.,0.5,
1.,0.5,1.)) REPRESENTATION_ITEM('') );
#4941 = CARTESIAN_POINT('',(-40.99919301259,134.46220413799));
#4942 = CARTESIAN_POINT('',(-40.99919301259,205.47628724831));
#4943 = CARTESIAN_POINT('',(20.500806987405,169.96924569315));
#4944 = CARTESIAN_POINT('',(82.000806987405,134.46220413799));
#4945 = CARTESIAN_POINT('',(20.500806987405,98.955162582832));
#4946 = CARTESIAN_POINT('',(-40.99919301259,63.44812102767));
#4947 = CARTESIAN_POINT('',(-40.99919301259,134.46220413799));
#4948 = ( GEOMETRIC_REPRESENTATION_CONTEXT(2) 
PARAMETRIC_REPRESENTATION_CONTEXT() REPRESENTATION_CONTEXT('2D SPACE',''
  ) );
#4949 = ORIENTED_EDGE('',*,*,#4950,.F.);
#4950 = EDGE_CURVE('',#4951,#4923,#4953,.T.);
#4951 = VERTEX_POINT('',#4952);
#4952 = CARTESIAN_POINT('',(3.209337151434,406.95519913647,
    3.929844220782E-03));
#4953 = SURFACE_CURVE('',#4954,(#4958,#4964),.PCURVE_S1.);
#4954 = LINE('',#4955,#4956);
#4955 = CARTESIAN_POINT('',(3.209337151434,406.95519913647,0.));
#4956 = VECTOR('',#4957,1.);
#4957 = DIRECTION('',(-0.,-0.,-1.));
#4958 = PCURVE('',#4646,#4959);
#4959 = DEFINITIONAL_REPRESENTATION('',(#4960),#4963);
#4960 = B_SPLINE_CURVE_WITH_KNOTS('',1,(#4961,#4962),.UNSPECIFIED.,.F.,
  .F.,(2,2),(-0.781665951138,6.E-07),.PIECEWISE_BEZIER_KNOTS.);
#4961 = CARTESIAN_POINT('',(-1.492439653549,-0.781665951138));
#4962 = CARTESIAN_POINT('',(-1.492439653549,6.E-07));
#4963 = ( GEOMETRIC_REPRESENTATION_CONTEXT(2) 
PARAMETRIC_REPRESENTATION_CONTEXT() REPRESENTATION_CONTEXT('2D SPACE',''
  ) );
#4964 = PCURVE('',#3707,#4965);
#4965 = DEFINITIONAL_REPRESENTATION('',(#4966),#4969);
#4966 = B_SPLINE_CURVE_WITH_KNOTS('',1,(#4967,#4968),.UNSPECIFIED.,.F.,
  .F.,(2,2),(-0.781665951138,6.E-07),.PIECEWISE_BEZIER_KNOTS.);
#4967 = CARTESIAN_POINT('',(25.34180218563,0.794560573951));
#4968 = CARTESIAN_POINT('',(25.326772915394,1.303852166787E-02));
#4969 = ( GEOMETRIC_REPRESENTATION_CONTEXT(2) 
PARAMETRIC_REPRESENTATION_CONTEXT() REPRESENTATION_CONTEXT('2D SPACE',''
  ) );
#4970 = ORIENTED_EDGE('',*,*,#4971,.T.);
#4971 = EDGE_CURVE('',#4951,#4972,#4974,.T.);
#4972 = VERTEX_POINT('',#4973);
#4973 = CARTESIAN_POINT('',(6.603647819408,406.54569863321,0.));
#4974 = SURFACE_CURVE('',#4975,(#4986,#5000),.PCURVE_S1.);
#4975 = B_SPLINE_CURVE_WITH_KNOTS('',5,(#4976,#4977,#4978,#4979,#4980,
    #4981,#4982,#4983,#4984,#4985),.UNSPECIFIED.,.F.,.F.,(6,4,6),(0.,
    0.581975173915,1.),.UNSPECIFIED.);
#4976 = CARTESIAN_POINT('',(3.209337151434,406.95519913647,
    3.929844220782E-03));
#4977 = CARTESIAN_POINT('',(3.608882484464,406.92382786295,
    4.577065722023E-03));
#4978 = CARTESIAN_POINT('',(4.007442115772,406.8876219404,
    5.126963168057E-03));
#4979 = CARTESIAN_POINT('',(4.404822708781,406.84662618284,
    5.465114176767E-03));
#4980 = CARTESIAN_POINT('',(4.800843877109,406.80089762655,
    5.453279454136E-03));
#4981 = CARTESIAN_POINT('',(5.478696468056,406.71430515395,
    4.579077227888E-03));
#4982 = CARTESIAN_POINT('',(5.761267551203,406.67569989836,
    3.957390587962E-03));
#4983 = CARTESIAN_POINT('',(6.042988324828,406.63471198157,
    3.02445423598E-03));
#4984 = CARTESIAN_POINT('',(6.323800127865,406.59136845556,
    1.724301431628E-03));
#4985 = CARTESIAN_POINT('',(6.603647819409,406.54569863321,0.));
#4986 = PCURVE('',#4646,#4987);
#4987 = DEFINITIONAL_REPRESENTATION('',(#4988),#4999);
#4988 = B_SPLINE_CURVE_WITH_KNOTS('',5,(#4989,#4990,#4991,#4992,#4993,
    #4994,#4995,#4996,#4997,#4998),.UNSPECIFIED.,.F.,.F.,(6,4,6),(0.,
    0.581975173915,1.),.UNSPECIFIED.);
#4989 = CARTESIAN_POINT('',(-1.492439653549,-3.929844220782E-03));
#4990 = CARTESIAN_POINT('',(-1.482664652656,-4.577065722023E-03));
#4991 = CARTESIAN_POINT('',(-1.47290438931,-5.126963168057E-03));
#4992 = CARTESIAN_POINT('',(-1.463161704032,-5.465114176767E-03));
#4993 = CARTESIAN_POINT('',(-1.453439182074,-5.453279454136E-03));
#4994 = CARTESIAN_POINT('',(-1.436771838201,-4.579077227888E-03));
#4995 = CARTESIAN_POINT('',(-1.429816102088,-3.957390587962E-03));
#4996 = CARTESIAN_POINT('',(-1.422872868758,-3.02445423598E-03));
#4997 = CARTESIAN_POINT('',(-1.415942952081,-1.724301431628E-03));
#4998 = CARTESIAN_POINT('',(-1.409027104416,0.));
#4999 = ( GEOMETRIC_REPRESENTATION_CONTEXT(2) 
PARAMETRIC_REPRESENTATION_CONTEXT() REPRESENTATION_CONTEXT('2D SPACE',''
  ) );
#5000 = PCURVE('',#1823,#5001);
#5001 = DEFINITIONAL_REPRESENTATION('',(#5002),#5013);
#5002 = B_SPLINE_CURVE_WITH_KNOTS('',5,(#5003,#5004,#5005,#5006,#5007,
    #5008,#5009,#5010,#5011,#5012),.UNSPECIFIED.,.F.,.F.,(6,4,6),(0.,
    0.581975173915,1.),.UNSPECIFIED.);
#5003 = CARTESIAN_POINT('',(2.516693093746,0.));
#5004 = CARTESIAN_POINT('',(2.476890207352,4.82309311341E-03));
#5005 = CARTESIAN_POINT('',(2.430991617207,9.624854963937E-03));
#5006 = CARTESIAN_POINT('',(2.379084324572,1.440062175113E-02));
#5007 = CARTESIAN_POINT('',(2.32127614663,1.914602842093E-02));
#5008 = CARTESIAN_POINT('',(2.212018344509,2.724092473327E-02));
#5009 = CARTESIAN_POINT('',(2.163365167708,3.060705717794E-02));
#5010 = CARTESIAN_POINT('',(2.111777305712,3.395396632803E-02));
#5011 = CARTESIAN_POINT('',(2.057304456868,3.728026323259E-02));
#5012 = CARTESIAN_POINT('',(2.,4.058465810592E-02));
#5013 = ( GEOMETRIC_REPRESENTATION_CONTEXT(2) 
PARAMETRIC_REPRESENTATION_CONTEXT() REPRESENTATION_CONTEXT('2D SPACE',''
  ) );
#5014 = ORIENTED_EDGE('',*,*,#5015,.F.);
#5015 = EDGE_CURVE('',#4827,#4972,#5016,.T.);
#5016 = SURFACE_CURVE('',#5017,(#5022,#5029),.PCURVE_S1.);
#5017 = CIRCLE('',#5018,41.);
#5018 = AXIS2_PLACEMENT_3D('',#5019,#5020,#5021);
#5019 = CARTESIAN_POINT('',(0.,366.081,0.));
#5020 = DIRECTION('',(0.,0.,1.));
#5021 = DIRECTION('',(1.,0.,0.));
#5022 = PCURVE('',#4646,#5023);
#5023 = DEFINITIONAL_REPRESENTATION('',(#5024),#5028);
#5024 = LINE('',#5025,#5026);
#5025 = CARTESIAN_POINT('',(-0.,0.));
#5026 = VECTOR('',#5027,1.);
#5027 = DIRECTION('',(-1.,0.));
#5028 = ( GEOMETRIC_REPRESENTATION_CONTEXT(2) 
PARAMETRIC_REPRESENTATION_CONTEXT() REPRESENTATION_CONTEXT('2D SPACE',''
  ) );
#5029 = PCURVE('',#435,#5030);
#5030 = DEFINITIONAL_REPRESENTATION('',(#5031),#5039);
#5031 = ( BOUNDED_CURVE() B_SPLINE_CURVE(2,(#5032,#5033,#5034,#5035,
#5036,#5037,#5038),.UNSPECIFIED.,.T.,.F.) B_SPLINE_CURVE_WITH_KNOTS((1,2
    ,2,2,2,1),(-2.094395102393,0.,2.094395102393,4.188790204786,
6.28318530718,8.377580409573),.UNSPECIFIED.) CURVE() 
GEOMETRIC_REPRESENTATION_ITEM() RATIONAL_B_SPLINE_CURVE((1.,0.5,1.,0.5,
1.,0.5,1.)) REPRESENTATION_ITEM('') );
#5032 = CARTESIAN_POINT('',(-40.99919301259,134.46220413799));
#5033 = CARTESIAN_POINT('',(-40.99919301259,205.47628724831));
#5034 = CARTESIAN_POINT('',(20.500806987405,169.96924569315));
#5035 = CARTESIAN_POINT('',(82.000806987405,134.46220413799));
#5036 = CARTESIAN_POINT('',(20.500806987405,98.955162582832));
#5037 = CARTESIAN_POINT('',(-40.99919301259,63.44812102767));
#5038 = CARTESIAN_POINT('',(-40.99919301259,134.46220413799));
#5039 = ( GEOMETRIC_REPRESENTATION_CONTEXT(2) 
PARAMETRIC_REPRESENTATION_CONTEXT() REPRESENTATION_CONTEXT('2D SPACE',''
  ) );
#5040 = ORIENTED_EDGE('',*,*,#4826,.T.);
#5041 = ORIENTED_EDGE('',*,*,#5042,.T.);
#5042 = EDGE_CURVE('',#4829,#4829,#5043,.T.);
#5043 = SURFACE_CURVE('',#5044,(#5049,#5056),.PCURVE_S1.);
#5044 = CIRCLE('',#5045,41.);
#5045 = AXIS2_PLACEMENT_3D('',#5046,#5047,#5048);
#5046 = CARTESIAN_POINT('',(0.,366.081,18.3));
#5047 = DIRECTION('',(0.,0.,1.));
#5048 = DIRECTION('',(1.,0.,0.));
#5049 = PCURVE('',#4646,#5050);
#5050 = DEFINITIONAL_REPRESENTATION('',(#5051),#5055);
#5051 = LINE('',#5052,#5053);
#5052 = CARTESIAN_POINT('',(-0.,-18.3));
#5053 = VECTOR('',#5054,1.);
#5054 = DIRECTION('',(-1.,0.));
#5055 = ( GEOMETRIC_REPRESENTATION_CONTEXT(2) 
PARAMETRIC_REPRESENTATION_CONTEXT() REPRESENTATION_CONTEXT('2D SPACE',''
  ) );
#5056 = PCURVE('',#375,#5057);
#5057 = DEFINITIONAL_REPRESENTATION('',(#5058),#5066);
#5058 = ( BOUNDED_CURVE() B_SPLINE_CURVE(2,(#5059,#5060,#5061,#5062,
#5063,#5064,#5065),.UNSPECIFIED.,.T.,.F.) B_SPLINE_CURVE_WITH_KNOTS((1,2
    ,2,2,2,1),(-2.094395102393,0.,2.094395102393,4.188790204786,
6.28318530718,8.377580409573),.UNSPECIFIED.) CURVE() 
GEOMETRIC_REPRESENTATION_ITEM() RATIONAL_B_SPLINE_CURVE((1.,0.5,1.,0.5,
1.,0.5,1.)) REPRESENTATION_ITEM('') );
#5059 = CARTESIAN_POINT('',(-40.99919301259,134.46220413799));
#5060 = CARTESIAN_POINT('',(-40.99919301259,205.47628724831));
#5061 = CARTESIAN_POINT('',(20.500806987405,169.96924569315));
#5062 = CARTESIAN_POINT('',(82.000806987405,134.46220413799));
#5063 = CARTESIAN_POINT('',(20.500806987405,98.955162582832));
#5064 = CARTESIAN_POINT('',(-40.99919301259,63.44812102767));
#5065 = CARTESIAN_POINT('',(-40.99919301259,134.46220413799));
#5066 = ( GEOMETRIC_REPRESENTATION_CONTEXT(2) 
PARAMETRIC_REPRESENTATION_CONTEXT() REPRESENTATION_CONTEXT('2D SPACE',''
  ) );
#5067 = ADVANCED_FACE('',(#5068),#3707,.F.);
#5068 = FACE_BOUND('',#5069,.F.);
#5069 = EDGE_LOOP('',(#5070,#5091,#5092,#5111,#5112,#5133,#5154,#5175,
    #5196,#5217,#5238,#5259));
#5070 = ORIENTED_EDGE('',*,*,#5071,.T.);
#5071 = EDGE_CURVE('',#5072,#3067,#5074,.T.);
#5072 = VERTEX_POINT('',#5073);
#5073 = CARTESIAN_POINT('',(2.695301746512,416.76357896014,
    0.177006803229));
#5074 = SURFACE_CURVE('',#5075,(#5078,#5084),.PCURVE_S1.);
#5075 = B_SPLINE_CURVE_WITH_KNOTS('',1,(#5076,#5077),.UNSPECIFIED.,.F.,
  .F.,(2,2),(10.,11.),.PIECEWISE_BEZIER_KNOTS.);
#5076 = CARTESIAN_POINT('',(2.695301746512,416.76357896014,
    0.177006803229));
#5077 = CARTESIAN_POINT('',(1.884094424746,432.24233674883,
    0.177006803229));
#5078 = PCURVE('',#3707,#5079);
#5079 = DEFINITIONAL_REPRESENTATION('',(#5080),#5083);
#5080 = B_SPLINE_CURVE_WITH_KNOTS('',1,(#5081,#5082),.UNSPECIFIED.,.F.,
  .F.,(2,2),(10.,11.),.PIECEWISE_BEZIER_KNOTS.);
#5081 = CARTESIAN_POINT('',(15.510151625304,0.378859831186));
#5082 = CARTESIAN_POINT('',(1.301695484176E-02,0.676881651772));
#5083 = ( GEOMETRIC_REPRESENTATION_CONTEXT(2) 
PARAMETRIC_REPRESENTATION_CONTEXT() REPRESENTATION_CONTEXT('2D SPACE',''
  ) );
#5084 = PCURVE('',#1673,#5085);
#5085 = DEFINITIONAL_REPRESENTATION('',(#5086),#5090);
#5086 = LINE('',#5087,#5088);
#5087 = CARTESIAN_POINT('',(0.,0.));
#5088 = VECTOR('',#5089,1.);
#5089 = DIRECTION('',(1.,0.));
#5090 = ( GEOMETRIC_REPRESENTATION_CONTEXT(2) 
PARAMETRIC_REPRESENTATION_CONTEXT() REPRESENTATION_CONTEXT('2D SPACE',''
  ) );
#5091 = ORIENTED_EDGE('',*,*,#3695,.T.);
#5092 = ORIENTED_EDGE('',*,*,#5093,.F.);
#5093 = EDGE_CURVE('',#4923,#2982,#5094,.T.);
#5094 = SURFACE_CURVE('',#5095,(#5099,#5105),.PCURVE_S1.);
#5095 = LINE('',#5096,#5097);
#5096 = CARTESIAN_POINT('',(7.124232819392,332.25453977799,
    -2.775557561563E-17));
#5097 = VECTOR('',#5098,1.);
#5098 = DIRECTION('',(-5.233595624294E-02,0.998629534755,-0.));
#5099 = PCURVE('',#3707,#5100);
#5100 = DEFINITIONAL_REPRESENTATION('',(#5101),#5104);
#5101 = B_SPLINE_CURVE_WITH_KNOTS('',1,(#5102,#5103),.UNSPECIFIED.,.F.,
  .F.,(2,2),(74.125014823858,100.13463020847),.PIECEWISE_BEZIER_KNOTS.);
#5102 = CARTESIAN_POINT('',(26.004807247892,2.22044604925E-16));
#5103 = CARTESIAN_POINT('',(-2.84217094304E-14,0.500092447075));
#5104 = ( GEOMETRIC_REPRESENTATION_CONTEXT(2) 
PARAMETRIC_REPRESENTATION_CONTEXT() REPRESENTATION_CONTEXT('2D SPACE',''
  ) );
#5105 = PCURVE('',#2998,#5106);
#5106 = DEFINITIONAL_REPRESENTATION('',(#5107),#5110);
#5107 = B_SPLINE_CURVE_WITH_KNOTS('',1,(#5108,#5109),.UNSPECIFIED.,.F.,
  .F.,(2,2),(74.125014823858,100.13463020847),.PIECEWISE_BEZIER_KNOTS.);
#5108 = CARTESIAN_POINT('',(-3.244022299658,174.65917298321));
#5109 = CARTESIAN_POINT('',(-1.882784206993,200.63314309389));
#5110 = ( GEOMETRIC_REPRESENTATION_CONTEXT(2) 
PARAMETRIC_REPRESENTATION_CONTEXT() REPRESENTATION_CONTEXT('2D SPACE',''
  ) );
#5111 = ORIENTED_EDGE('',*,*,#4950,.F.);
#5112 = ORIENTED_EDGE('',*,*,#5113,.T.);
#5113 = EDGE_CURVE('',#4951,#5114,#5116,.T.);
#5114 = VERTEX_POINT('',#5115);
#5115 = CARTESIAN_POINT('',(3.176138344494,407.58867010958,
    7.60576107626E-03));
#5116 = SURFACE_CURVE('',#5117,(#5120,#5126),.PCURVE_S1.);
#5117 = B_SPLINE_CURVE_WITH_KNOTS('',1,(#5118,#5119),.UNSPECIFIED.,.F.,
  .F.,(2,2),(2.,3.),.PIECEWISE_BEZIER_KNOTS.);
#5118 = CARTESIAN_POINT('',(3.244829287063,406.27796884521,0.));
#5119 = CARTESIAN_POINT('',(3.176138344494,407.58867010958,
    7.60576107626E-03));
#5120 = PCURVE('',#3707,#5121);
#5121 = DEFINITIONAL_REPRESENTATION('',(#5122),#5125);
#5122 = B_SPLINE_CURVE_WITH_KNOTS('',1,(#5123,#5124),.UNSPECIFIED.,.F.,
  .F.,(2,2),(2.,3.),.PIECEWISE_BEZIER_KNOTS.);
#5123 = CARTESIAN_POINT('',(26.004807247892,0.));
#5124 = CARTESIAN_POINT('',(24.6926961142,3.284007375413E-02));
#5125 = ( GEOMETRIC_REPRESENTATION_CONTEXT(2) 
PARAMETRIC_REPRESENTATION_CONTEXT() REPRESENTATION_CONTEXT('2D SPACE',''
  ) );
#5126 = PCURVE('',#1823,#5127);
#5127 = DEFINITIONAL_REPRESENTATION('',(#5128),#5132);
#5128 = LINE('',#5129,#5130);
#5129 = CARTESIAN_POINT('',(0.,0.));
#5130 = VECTOR('',#5131,1.);
#5131 = DIRECTION('',(1.,0.));
#5132 = ( GEOMETRIC_REPRESENTATION_CONTEXT(2) 
PARAMETRIC_REPRESENTATION_CONTEXT() REPRESENTATION_CONTEXT('2D SPACE',''
  ) );
#5133 = ORIENTED_EDGE('',*,*,#5134,.T.);
#5134 = EDGE_CURVE('',#5114,#5135,#5137,.T.);
#5135 = VERTEX_POINT('',#5136);
#5136 = CARTESIAN_POINT('',(3.107447401925,408.89937137394,
    2.765731300458E-02));
#5137 = SURFACE_CURVE('',#5138,(#5141,#5147),.PCURVE_S1.);
#5138 = B_SPLINE_CURVE_WITH_KNOTS('',1,(#5139,#5140),.UNSPECIFIED.,.F.,
  .F.,(2,2),(3.,4.),.PIECEWISE_BEZIER_KNOTS.);
#5139 = CARTESIAN_POINT('',(3.176138344494,407.58867010958,
    7.60576107626E-03));
#5140 = CARTESIAN_POINT('',(3.107447401925,408.89937137394,
    2.765731300458E-02));
#5141 = PCURVE('',#3707,#5142);
#5142 = DEFINITIONAL_REPRESENTATION('',(#5143),#5146);
#5143 = B_SPLINE_CURVE_WITH_KNOTS('',1,(#5144,#5145),.UNSPECIFIED.,.F.,
  .F.,(2,2),(3.,4.),.PIECEWISE_BEZIER_KNOTS.);
#5144 = CARTESIAN_POINT('',(24.6926961142,3.284007375413E-02));
#5145 = CARTESIAN_POINT('',(23.380824278396,7.81236376318E-02));
#5146 = ( GEOMETRIC_REPRESENTATION_CONTEXT(2) 
PARAMETRIC_REPRESENTATION_CONTEXT() REPRESENTATION_CONTEXT('2D SPACE',''
  ) );
#5147 = PCURVE('',#1897,#5148);
#5148 = DEFINITIONAL_REPRESENTATION('',(#5149),#5153);
#5149 = LINE('',#5150,#5151);
#5150 = CARTESIAN_POINT('',(0.,0.));
#5151 = VECTOR('',#5152,1.);
#5152 = DIRECTION('',(1.,0.));
#5153 = ( GEOMETRIC_REPRESENTATION_CONTEXT(2) 
PARAMETRIC_REPRESENTATION_CONTEXT() REPRESENTATION_CONTEXT('2D SPACE',''
  ) );
#5154 = ORIENTED_EDGE('',*,*,#5155,.T.);
#5155 = EDGE_CURVE('',#5135,#5156,#5158,.T.);
#5156 = VERTEX_POINT('',#5157);
#5157 = CARTESIAN_POINT('',(3.038756459356,410.21007263831,
    5.600605883428E-02));
#5158 = SURFACE_CURVE('',#5159,(#5162,#5168),.PCURVE_S1.);
#5159 = B_SPLINE_CURVE_WITH_KNOTS('',1,(#5160,#5161),.UNSPECIFIED.,.F.,
  .F.,(2,2),(4.,5.),.PIECEWISE_BEZIER_KNOTS.);
#5160 = CARTESIAN_POINT('',(3.107447401925,408.89937137394,
    2.765731300458E-02));
#5161 = CARTESIAN_POINT('',(3.038756459356,410.21007263831,
    5.600605883428E-02));
#5162 = PCURVE('',#3707,#5163);
#5163 = DEFINITIONAL_REPRESENTATION('',(#5164),#5167);
#5164 = B_SPLINE_CURVE_WITH_KNOTS('',1,(#5165,#5166),.UNSPECIFIED.,.F.,
  .F.,(2,2),(4.,5.),.PIECEWISE_BEZIER_KNOTS.);
#5165 = CARTESIAN_POINT('',(23.380824278396,7.81236376318E-02));
#5166 = CARTESIAN_POINT('',(22.069111974516,0.131702861592));
#5167 = ( GEOMETRIC_REPRESENTATION_CONTEXT(2) 
PARAMETRIC_REPRESENTATION_CONTEXT() REPRESENTATION_CONTEXT('2D SPACE',''
  ) );
#5168 = PCURVE('',#1971,#5169);
#5169 = DEFINITIONAL_REPRESENTATION('',(#5170),#5174);
#5170 = LINE('',#5171,#5172);
#5171 = CARTESIAN_POINT('',(0.,0.));
#5172 = VECTOR('',#5173,1.);
#5173 = DIRECTION('',(1.,0.));
#5174 = ( GEOMETRIC_REPRESENTATION_CONTEXT(2) 
PARAMETRIC_REPRESENTATION_CONTEXT() REPRESENTATION_CONTEXT('2D SPACE',''
  ) );
#5175 = ORIENTED_EDGE('',*,*,#5176,.T.);
#5176 = EDGE_CURVE('',#5156,#5177,#5179,.T.);
#5177 = VERTEX_POINT('',#5178);
#5178 = CARTESIAN_POINT('',(2.970065516787,411.52077390267,
    8.850340161467E-02));
#5179 = SURFACE_CURVE('',#5180,(#5183,#5189),.PCURVE_S1.);
#5180 = B_SPLINE_CURVE_WITH_KNOTS('',1,(#5181,#5182),.UNSPECIFIED.,.F.,
  .F.,(2,2),(5.,6.),.PIECEWISE_BEZIER_KNOTS.);
#5181 = CARTESIAN_POINT('',(3.038756459356,410.21007263831,
    5.600605883428E-02));
#5182 = CARTESIAN_POINT('',(2.970065516787,411.52077390267,
    8.850340161467E-02));
#5183 = PCURVE('',#3707,#5184);
#5184 = DEFINITIONAL_REPRESENTATION('',(#5185),#5188);
#5185 = B_SPLINE_CURVE_WITH_KNOTS('',1,(#5186,#5187),.UNSPECIFIED.,.F.,
  .F.,(2,2),(5.,6.),.PIECEWISE_BEZIER_KNOTS.);
#5186 = CARTESIAN_POINT('',(22.069111974516,0.131702861592));
#5187 = CARTESIAN_POINT('',(20.757479436598,0.189429915593));
#5188 = ( GEOMETRIC_REPRESENTATION_CONTEXT(2) 
PARAMETRIC_REPRESENTATION_CONTEXT() REPRESENTATION_CONTEXT('2D SPACE',''
  ) );
#5189 = PCURVE('',#2045,#5190);
#5190 = DEFINITIONAL_REPRESENTATION('',(#5191),#5195);
#5191 = LINE('',#5192,#5193);
#5192 = CARTESIAN_POINT('',(0.,0.));
#5193 = VECTOR('',#5194,1.);
#5194 = DIRECTION('',(1.,0.));
#5195 = ( GEOMETRIC_REPRESENTATION_CONTEXT(2) 
PARAMETRIC_REPRESENTATION_CONTEXT() REPRESENTATION_CONTEXT('2D SPACE',''
  ) );
#5196 = ORIENTED_EDGE('',*,*,#5197,.T.);
#5197 = EDGE_CURVE('',#5177,#5198,#5200,.T.);
#5198 = VERTEX_POINT('',#5199);
#5199 = CARTESIAN_POINT('',(2.901374574218,412.83147516704,
    0.121000744395));
#5200 = SURFACE_CURVE('',#5201,(#5204,#5210),.PCURVE_S1.);
#5201 = B_SPLINE_CURVE_WITH_KNOTS('',1,(#5202,#5203),.UNSPECIFIED.,.F.,
  .F.,(2,2),(6.,7.),.PIECEWISE_BEZIER_KNOTS.);
#5202 = CARTESIAN_POINT('',(2.970065516787,411.52077390267,
    8.850340161467E-02));
#5203 = CARTESIAN_POINT('',(2.901374574218,412.83147516704,
    0.121000744395));
#5204 = PCURVE('',#3707,#5205);
#5205 = DEFINITIONAL_REPRESENTATION('',(#5206),#5209);
#5206 = B_SPLINE_CURVE_WITH_KNOTS('',1,(#5207,#5208),.UNSPECIFIED.,.F.,
  .F.,(2,2),(6.,7.),.PIECEWISE_BEZIER_KNOTS.);
#5207 = CARTESIAN_POINT('',(20.757479436598,0.189429915593));
#5208 = CARTESIAN_POINT('',(19.44584689868,0.247156969594));
#5209 = ( GEOMETRIC_REPRESENTATION_CONTEXT(2) 
PARAMETRIC_REPRESENTATION_CONTEXT() REPRESENTATION_CONTEXT('2D SPACE',''
  ) );
#5210 = PCURVE('',#2119,#5211);
#5211 = DEFINITIONAL_REPRESENTATION('',(#5212),#5216);
#5212 = LINE('',#5213,#5214);
#5213 = CARTESIAN_POINT('',(0.,0.));
#5214 = VECTOR('',#5215,1.);
#5215 = DIRECTION('',(1.,0.));
#5216 = ( GEOMETRIC_REPRESENTATION_CONTEXT(2) 
PARAMETRIC_REPRESENTATION_CONTEXT() REPRESENTATION_CONTEXT('2D SPACE',''
  ) );
#5217 = ORIENTED_EDGE('',*,*,#5218,.T.);
#5218 = EDGE_CURVE('',#5198,#5219,#5221,.T.);
#5219 = VERTEX_POINT('',#5220);
#5220 = CARTESIAN_POINT('',(2.832683631649,414.1421764314,0.149349490225
    ));
#5221 = SURFACE_CURVE('',#5222,(#5225,#5231),.PCURVE_S1.);
#5222 = B_SPLINE_CURVE_WITH_KNOTS('',1,(#5223,#5224),.UNSPECIFIED.,.F.,
  .F.,(2,2),(7.,8.),.PIECEWISE_BEZIER_KNOTS.);
#5223 = CARTESIAN_POINT('',(2.901374574218,412.83147516704,
    0.121000744395));
#5224 = CARTESIAN_POINT('',(2.832683631649,414.1421764314,0.149349490225
    ));
#5225 = PCURVE('',#3707,#5226);
#5226 = DEFINITIONAL_REPRESENTATION('',(#5227),#5230);
#5227 = B_SPLINE_CURVE_WITH_KNOTS('',1,(#5228,#5229),.UNSPECIFIED.,.F.,
  .F.,(2,2),(7.,8.),.PIECEWISE_BEZIER_KNOTS.);
#5228 = CARTESIAN_POINT('',(19.44584689868,0.247156969594));
#5229 = CARTESIAN_POINT('',(18.134134594801,0.300736193554));
#5230 = ( GEOMETRIC_REPRESENTATION_CONTEXT(2) 
PARAMETRIC_REPRESENTATION_CONTEXT() REPRESENTATION_CONTEXT('2D SPACE',''
  ) );
#5231 = PCURVE('',#2193,#5232);
#5232 = DEFINITIONAL_REPRESENTATION('',(#5233),#5237);
#5233 = LINE('',#5234,#5235);
#5234 = CARTESIAN_POINT('',(0.,0.));
#5235 = VECTOR('',#5236,1.);
#5236 = DIRECTION('',(1.,0.));
#5237 = ( GEOMETRIC_REPRESENTATION_CONTEXT(2) 
PARAMETRIC_REPRESENTATION_CONTEXT() REPRESENTATION_CONTEXT('2D SPACE',''
  ) );
#5238 = ORIENTED_EDGE('',*,*,#5239,.T.);
#5239 = EDGE_CURVE('',#5219,#5240,#5242,.T.);
#5240 = VERTEX_POINT('',#5241);
#5241 = CARTESIAN_POINT('',(2.76399268908,415.45287769577,0.169401042153
    ));
#5242 = SURFACE_CURVE('',#5243,(#5246,#5252),.PCURVE_S1.);
#5243 = B_SPLINE_CURVE_WITH_KNOTS('',1,(#5244,#5245),.UNSPECIFIED.,.F.,
  .F.,(2,2),(8.,9.),.PIECEWISE_BEZIER_KNOTS.);
#5244 = CARTESIAN_POINT('',(2.832683631649,414.1421764314,0.149349490225
    ));
#5245 = CARTESIAN_POINT('',(2.76399268908,415.45287769577,0.169401042153
    ));
#5246 = PCURVE('',#3707,#5247);
#5247 = DEFINITIONAL_REPRESENTATION('',(#5248),#5251);
#5248 = B_SPLINE_CURVE_WITH_KNOTS('',1,(#5249,#5250),.UNSPECIFIED.,.F.,
  .F.,(2,2),(8.,9.),.PIECEWISE_BEZIER_KNOTS.);
#5249 = CARTESIAN_POINT('',(18.134134594801,0.300736193554));
#5250 = CARTESIAN_POINT('',(16.822262758996,0.346019757432));
#5251 = ( GEOMETRIC_REPRESENTATION_CONTEXT(2) 
PARAMETRIC_REPRESENTATION_CONTEXT() REPRESENTATION_CONTEXT('2D SPACE',''
  ) );
#5252 = PCURVE('',#2267,#5253);
#5253 = DEFINITIONAL_REPRESENTATION('',(#5254),#5258);
#5254 = LINE('',#5255,#5256);
#5255 = CARTESIAN_POINT('',(0.,0.));
#5256 = VECTOR('',#5257,1.);
#5257 = DIRECTION('',(1.,0.));
#5258 = ( GEOMETRIC_REPRESENTATION_CONTEXT(2) 
PARAMETRIC_REPRESENTATION_CONTEXT() REPRESENTATION_CONTEXT('2D SPACE',''
  ) );
#5259 = ORIENTED_EDGE('',*,*,#5260,.T.);
#5260 = EDGE_CURVE('',#5240,#5072,#5261,.T.);
#5261 = SURFACE_CURVE('',#5262,(#5265,#5271),.PCURVE_S1.);
#5262 = B_SPLINE_CURVE_WITH_KNOTS('',1,(#5263,#5264),.UNSPECIFIED.,.F.,
  .F.,(2,2),(9.,10.),.PIECEWISE_BEZIER_KNOTS.);
#5263 = CARTESIAN_POINT('',(2.76399268908,415.45287769577,0.169401042153
    ));
#5264 = CARTESIAN_POINT('',(2.695301746512,416.76357896014,
    0.177006803229));
#5265 = PCURVE('',#3707,#5266);
#5266 = DEFINITIONAL_REPRESENTATION('',(#5267),#5270);
#5267 = B_SPLINE_CURVE_WITH_KNOTS('',1,(#5268,#5269),.UNSPECIFIED.,.F.,
  .F.,(2,2),(9.,10.),.PIECEWISE_BEZIER_KNOTS.);
#5268 = CARTESIAN_POINT('',(16.822262758996,0.346019757432));
#5269 = CARTESIAN_POINT('',(15.510151625304,0.378859831186));
#5270 = ( GEOMETRIC_REPRESENTATION_CONTEXT(2) 
PARAMETRIC_REPRESENTATION_CONTEXT() REPRESENTATION_CONTEXT('2D SPACE',''
  ) );
#5271 = PCURVE('',#2339,#5272);
#5272 = DEFINITIONAL_REPRESENTATION('',(#5273),#5277);
#5273 = LINE('',#5274,#5275);
#5274 = CARTESIAN_POINT('',(0.,0.));
#5275 = VECTOR('',#5276,1.);
#5276 = DIRECTION('',(1.,0.));
#5277 = ( GEOMETRIC_REPRESENTATION_CONTEXT(2) 
PARAMETRIC_REPRESENTATION_CONTEXT() REPRESENTATION_CONTEXT('2D SPACE',''
  ) );
#5278 = ADVANCED_FACE('',(#5279),#2998,.T.);
#5279 = FACE_BOUND('',#5280,.T.);
#5280 = EDGE_LOOP('',(#5281,#5282,#5283,#5284,#5285));
#5281 = ORIENTED_EDGE('',*,*,#4922,.T.);
#5282 = ORIENTED_EDGE('',*,*,#4610,.T.);
#5283 = ORIENTED_EDGE('',*,*,#4407,.T.);
#5284 = ORIENTED_EDGE('',*,*,#2979,.T.);
#5285 = ORIENTED_EDGE('',*,*,#5093,.F.);
#5286 = ADVANCED_FACE('',(#5287),#1823,.T.);
#5287 = FACE_BOUND('',#5288,.T.);
#5288 = EDGE_LOOP('',(#5289,#5290,#5291,#5331,#5332));
#5289 = ORIENTED_EDGE('',*,*,#4971,.F.);
#5290 = ORIENTED_EDGE('',*,*,#5113,.T.);
#5291 = ORIENTED_EDGE('',*,*,#5292,.T.);
#5292 = EDGE_CURVE('',#5114,#1804,#5293,.T.);
#5293 = SURFACE_CURVE('',#5294,(#5317,#5324),.PCURVE_S1.);
#5294 = ( BOUNDED_CURVE() B_SPLINE_CURVE(3,(#5295,#5296,#5297,#5298,
    #5299,#5300,#5301,#5302,#5303,#5304,#5305,#5306,#5307,#5308,#5309,
    #5310,#5311,#5312,#5313,#5314,#5315,#5316),.UNSPECIFIED.,.F.,.F.) 
B_SPLINE_CURVE_WITH_KNOTS((4,1,1,1,1,1,1,1,1,1,1,1,1,1,1,1,1,1,1,4),(0.,
    5.218380768594E-02,0.104924849979,0.158249728388,0.212037422186,
    0.266073258756,0.320098130577,0.373854821642,0.427134464983,
    0.479826107743,0.531971081028,0.583831321693,0.635742389654,
    0.687819682816,0.740024789052,0.792245645251,0.844362126807,
0.89631140842,0.94815736877,1.),.UNSPECIFIED.) CURVE() 
GEOMETRIC_REPRESENTATION_ITEM() RATIONAL_B_SPLINE_CURVE((1.,
    1.000000000002,0.999999999999,1.,1.,1.,1.,1.,1.,1.,1.,1.,1.,1.,1.,1.
    ,1.,1.000000000001,0.999999999997,1.000000000012,0.999999999975,1.))
 REPRESENTATION_ITEM('') );
#5295 = CARTESIAN_POINT('',(3.176138344494,407.58867010958,
    7.60576107626E-03));
#5296 = CARTESIAN_POINT('',(4.592443680595,407.66290417856,
    1.423644321727E-02));
#5297 = CARTESIAN_POINT('',(7.424817932516,407.91163686112,
    3.58404997389E-02));
#5298 = CARTESIAN_POINT('',(11.612332679141,408.57665134259,
    8.76602790618E-02));
#5299 = CARTESIAN_POINT('',(15.737675762316,409.5306367925,
    0.154011827386));
#5300 = CARTESIAN_POINT('',(19.783216831348,410.76855586543,
    0.229954083507));
#5301 = CARTESIAN_POINT('',(23.731302158222,412.28444570157,
    0.310580091835));
#5302 = CARTESIAN_POINT('',(27.5644020027,414.07141091196,0.39101617056)
  );
#5303 = CARTESIAN_POINT('',(31.265357075248,416.12165084385,
    0.466318545608));
#5304 = CARTESIAN_POINT('',(34.817672091197,418.42668850176,
    0.531784202236));
#5305 = CARTESIAN_POINT('',(38.205294699826,420.97724959524,
    0.58172341761));
#5306 = CARTESIAN_POINT('',(41.413841449313,423.76458430781,
    0.613857743468));
#5307 = CARTESIAN_POINT('',(44.422146883374,426.77254834369,
    0.61292454834));
#5308 = CARTESIAN_POINT('',(47.205822801055,429.97558073279,
    0.627431188718));
#5309 = CARTESIAN_POINT('',(49.755719560975,433.36021925607,
    0.654419172488));
#5310 = CARTESIAN_POINT('',(52.06187811344,436.91182717494,
    0.687527644944));
#5311 = CARTESIAN_POINT('',(54.114861158488,440.61521939464,
    0.721366773763));
#5312 = CARTESIAN_POINT('',(55.905741775145,444.45465266634,
    0.750309280691));
#5313 = CARTESIAN_POINT('',(57.426385086235,448.4147686825,
    0.768728215454));
#5314 = CARTESIAN_POINT('',(58.667601233156,452.47381823893,
    0.771047638493));
#5315 = CARTESIAN_POINT('',(59.30251601727,455.22607938175,
    0.764965114862));
#5316 = CARTESIAN_POINT('',(59.57249969548,456.61327909308,0.769140625)
  );
#5317 = PCURVE('',#1823,#5318);
#5318 = DEFINITIONAL_REPRESENTATION('',(#5319),#5323);
#5319 = LINE('',#5320,#5321);
#5320 = CARTESIAN_POINT('',(3.,0.));
#5321 = VECTOR('',#5322,1.);
#5322 = DIRECTION('',(0.,1.));
#5323 = ( GEOMETRIC_REPRESENTATION_CONTEXT(2) 
PARAMETRIC_REPRESENTATION_CONTEXT() REPRESENTATION_CONTEXT('2D SPACE',''
  ) );
#5324 = PCURVE('',#1897,#5325);
#5325 = DEFINITIONAL_REPRESENTATION('',(#5326),#5330);
#5326 = LINE('',#5327,#5328);
#5327 = CARTESIAN_POINT('',(3.,0.));
#5328 = VECTOR('',#5329,1.);
#5329 = DIRECTION('',(0.,1.));
#5330 = ( GEOMETRIC_REPRESENTATION_CONTEXT(2) 
PARAMETRIC_REPRESENTATION_CONTEXT() REPRESENTATION_CONTEXT('2D SPACE',''
  ) );
#5331 = ORIENTED_EDGE('',*,*,#1803,.T.);
#5332 = ORIENTED_EDGE('',*,*,#5333,.F.);
#5333 = EDGE_CURVE('',#4972,#1781,#5334,.T.);
#5334 = SURFACE_CURVE('',#5335,(#5358,#5365),.PCURVE_S1.);
#5335 = ( BOUNDED_CURVE() B_SPLINE_CURVE(3,(#5336,#5337,#5338,#5339,
    #5340,#5341,#5342,#5343,#5344,#5345,#5346,#5347,#5348,#5349,#5350,
    #5351,#5352,#5353,#5354,#5355,#5356,#5357),.UNSPECIFIED.,.F.,.F.) 
B_SPLINE_CURVE_WITH_KNOTS((4,1,1,1,1,1,1,1,1,1,1,1,1,1,1,1,1,1,1,4),(0.,
    5.218380768594E-02,0.104924849979,0.158249728388,0.212037422186,
    0.266073258756,0.320098130577,0.373854821642,0.427134464983,
    0.479826107743,0.531971081028,0.583831321693,0.635742389654,
    0.687819682816,0.740024789052,0.792245645251,0.844362126807,
0.89631140842,0.94815736877,1.),.UNSPECIFIED.) CURVE() 
GEOMETRIC_REPRESENTATION_ITEM() RATIONAL_B_SPLINE_CURVE((1.,
    1.000000000002,0.999999999999,1.,1.,1.,1.,1.,1.,1.,1.,1.,1.,1.,1.,1.
    ,1.,1.000000000001,0.999999999997,1.000000000012,0.999999999975,1.))
 REPRESENTATION_ITEM('') );
#5336 = CARTESIAN_POINT('',(3.244829287063,406.27796884521,0.));
#5337 = CARTESIAN_POINT('',(4.69176532598,406.35380839169,0.));
#5338 = CARTESIAN_POINT('',(7.585395869083,406.60792045801,0.));
#5339 = CARTESIAN_POINT('',(11.863474786567,407.28731733497,0.));
#5340 = CARTESIAN_POINT('',(16.078037442023,408.26193480747,0.));
#5341 = CARTESIAN_POINT('',(20.211072190217,409.52662658964,0.));
#5342 = CARTESIAN_POINT('',(24.244543502529,411.07530086091,0.));
#5343 = CARTESIAN_POINT('',(28.160542519752,412.90091310471,0.));
#5344 = CARTESIAN_POINT('',(31.941538845156,414.995493962,0.));
#5345 = CARTESIAN_POINT('',(35.570680447443,417.35038310376,0.));
#5346 = CARTESIAN_POINT('',(39.031567808679,419.9561056627,0.));
#5347 = CARTESIAN_POINT('',(42.309506403417,422.80372258841,0.));
#5348 = CARTESIAN_POINT('',(45.382873026063,425.87674042939,0.));
#5349 = CARTESIAN_POINT('',(48.226752027442,429.14904540363,0.));
#5350 = CARTESIAN_POINT('',(50.831795885157,432.60688414214,0.));
#5351 = CARTESIAN_POINT('',(53.187830163267,436.23530335481,0.));
#5352 = CARTESIAN_POINT('',(55.285213459547,440.01878953607,0.));
#5353 = CARTESIAN_POINT('',(57.11482578882,443.94125895454,0.));
#5354 = CARTESIAN_POINT('',(58.668356339385,447.98702114686,0.));
#5355 = CARTESIAN_POINT('',(59.936416501855,452.13385653031,0.));
#5356 = CARTESIAN_POINT('',(60.58506270763,454.94564135035,0.));
#5357 = CARTESIAN_POINT('',(60.860885373755,456.36284228665,0.));
#5358 = PCURVE('',#1823,#5359);
#5359 = DEFINITIONAL_REPRESENTATION('',(#5360),#5364);
#5360 = LINE('',#5361,#5362);
#5361 = CARTESIAN_POINT('',(2.,0.));
#5362 = VECTOR('',#5363,1.);
#5363 = DIRECTION('',(0.,1.));
#5364 = ( GEOMETRIC_REPRESENTATION_CONTEXT(2) 
PARAMETRIC_REPRESENTATION_CONTEXT() REPRESENTATION_CONTEXT('2D SPACE',''
  ) );
#5365 = PCURVE('',#435,#5366);
#5366 = DEFINITIONAL_REPRESENTATION('',(#5367),#5390);
#5367 = ( BOUNDED_CURVE() B_SPLINE_CURVE(3,(#5368,#5369,#5370,#5371,
    #5372,#5373,#5374,#5375,#5376,#5377,#5378,#5379,#5380,#5381,#5382,
    #5383,#5384,#5385,#5386,#5387,#5388,#5389),.UNSPECIFIED.,.F.,.F.) 
B_SPLINE_CURVE_WITH_KNOTS((4,1,1,1,1,1,1,1,1,1,1,1,1,1,1,1,1,1,1,4),(0.,
    5.218380768594E-02,0.104924849979,0.158249728388,0.212037422186,
    0.266073258756,0.320098130577,0.373854821642,0.427134464983,
    0.479826107743,0.531971081028,0.583831321693,0.635742389654,
    0.687819682816,0.740024789052,0.792245645251,0.844362126807,
0.89631140842,0.94815736877,1.),.UNSPECIFIED.) CURVE() 
GEOMETRIC_REPRESENTATION_ITEM() RATIONAL_B_SPLINE_CURVE((1.,
    1.000000000002,0.999999999999,1.,1.,1.,1.,1.,1.,1.,1.,1.,1.,1.,1.,1.
    ,1.,1.000000000001,0.999999999997,1.000000000012,0.999999999975,1.))
 REPRESENTATION_ITEM('') );
#5368 = CARTESIAN_POINT('',(-3.244022299658,174.65917298321));
#5369 = CARTESIAN_POINT('',(-4.690958338576,174.73501252969));
#5370 = CARTESIAN_POINT('',(-7.584588881678,174.98912459601));
#5371 = CARTESIAN_POINT('',(-11.86266779916,175.66852147297));
#5372 = CARTESIAN_POINT('',(-16.07723045461,176.64313894546));
#5373 = CARTESIAN_POINT('',(-20.21026520281,177.90783072763));
#5374 = CARTESIAN_POINT('',(-24.24373651512,179.45650499891));
#5375 = CARTESIAN_POINT('',(-28.15973553234,181.2821172427));
#5376 = CARTESIAN_POINT('',(-31.94073185775,183.37669809999));
#5377 = CARTESIAN_POINT('',(-35.56987346003,185.73158724175));
#5378 = CARTESIAN_POINT('',(-39.03076082127,188.33730980069));
#5379 = CARTESIAN_POINT('',(-42.30869941601,191.1849267264));
#5380 = CARTESIAN_POINT('',(-45.38206603865,194.25794456739));
#5381 = CARTESIAN_POINT('',(-48.22594504003,197.53024954163));
#5382 = CARTESIAN_POINT('',(-50.83098889775,200.98808828014));
#5383 = CARTESIAN_POINT('',(-53.18702317586,204.61650749281));
#5384 = CARTESIAN_POINT('',(-55.28440647214,208.39999367407));
#5385 = CARTESIAN_POINT('',(-57.11401880141,212.32246309253));
#5386 = CARTESIAN_POINT('',(-58.66754935198,216.36822528486));
#5387 = CARTESIAN_POINT('',(-59.93560951445,220.5150606683));
#5388 = CARTESIAN_POINT('',(-60.58425572022,223.32684548835));
#5389 = CARTESIAN_POINT('',(-60.86007838635,224.74404642464));
#5390 = ( GEOMETRIC_REPRESENTATION_CONTEXT(2) 
PARAMETRIC_REPRESENTATION_CONTEXT() REPRESENTATION_CONTEXT('2D SPACE',''
  ) );
#5391 = ADVANCED_FACE('',(#5392),#1897,.T.);
#5392 = FACE_BOUND('',#5393,.T.);
#5393 = EDGE_LOOP('',(#5394,#5395,#5396,#5436));
#5394 = ORIENTED_EDGE('',*,*,#5292,.F.);
#5395 = ORIENTED_EDGE('',*,*,#5134,.T.);
#5396 = ORIENTED_EDGE('',*,*,#5397,.T.);
#5397 = EDGE_CURVE('',#5135,#1878,#5398,.T.);
#5398 = SURFACE_CURVE('',#5399,(#5422,#5429),.PCURVE_S1.);
#5399 = ( BOUNDED_CURVE() B_SPLINE_CURVE(3,(#5400,#5401,#5402,#5403,
    #5404,#5405,#5406,#5407,#5408,#5409,#5410,#5411,#5412,#5413,#5414,
    #5415,#5416,#5417,#5418,#5419,#5420,#5421),.UNSPECIFIED.,.F.,.F.) 
B_SPLINE_CURVE_WITH_KNOTS((4,1,1,1,1,1,1,1,1,1,1,1,1,1,1,1,1,1,1,4),(0.,
    5.218380768594E-02,0.104924849979,0.158249728388,0.212037422186,
    0.266073258756,0.320098130577,0.373854821642,0.427134464983,
    0.479826107743,0.531971081028,0.583831321693,0.635742389654,
    0.687819682816,0.740024789052,0.792245645251,0.844362126807,
0.89631140842,0.94815736877,1.),.UNSPECIFIED.) CURVE() 
GEOMETRIC_REPRESENTATION_ITEM() RATIONAL_B_SPLINE_CURVE((1.,
    1.000000000002,0.999999999999,1.,1.,1.,1.,1.,1.,1.,1.,1.,1.,1.,1.,1.
    ,1.,1.000000000001,0.999999999997,1.000000000012,0.999999999975,1.))
 REPRESENTATION_ITEM('') );
#5400 = CARTESIAN_POINT('',(3.107447401925,408.89937137394,
    2.765731300458E-02));
#5401 = CARTESIAN_POINT('',(4.49312203543,408.97199997479,
    5.176888444234E-02));
#5402 = CARTESIAN_POINT('',(7.264239995846,409.21535325984,
    0.130329089952));
#5403 = CARTESIAN_POINT('',(11.361190571744,409.86598535141,
    0.318764651136));
#5404 = CARTESIAN_POINT('',(15.397314082601,410.79933877721,
    0.560043008675));
#5405 = CARTESIAN_POINT('',(19.355361472481,412.01048514131,
    0.836196667299));
#5406 = CARTESIAN_POINT('',(23.218060813915,413.4935905422,
    1.129382152128));
#5407 = CARTESIAN_POINT('',(26.968261485649,415.24190871923,
    1.421876983856));
#5408 = CARTESIAN_POINT('',(30.589175305341,417.2478077257,
    1.695703802211));
#5409 = CARTESIAN_POINT('',(34.06466373495,419.50299389977,
    1.933760735404));
#5410 = CARTESIAN_POINT('',(37.379021590973,421.99839352779,
    2.115357882218));
#5411 = CARTESIAN_POINT('',(40.518176495208,424.72544602721,
    2.232209976247));
#5412 = CARTESIAN_POINT('',(43.461420740685,427.66835625799,
    2.228816539417));
#5413 = CARTESIAN_POINT('',(46.184893574668,430.80211606194,
    2.281567958973));
#5414 = CARTESIAN_POINT('',(48.679643236792,434.11355437001,
    2.379706081773));
#5415 = CARTESIAN_POINT('',(50.935926063618,437.58835099498,
    2.500100527067));
#5416 = CARTESIAN_POINT('',(52.94450885741,441.21164925348,
    2.623151904594));
#5417 = CARTESIAN_POINT('',(54.696657761541,444.96804637713,
    2.728397384328));
#5418 = CARTESIAN_POINT('',(56.18441383282,448.84251622188,
    2.795375328938));
#5419 = CARTESIAN_POINT('',(57.398785965448,452.81377993364,
    2.803809594474));
#5420 = CARTESIAN_POINT('',(58.019969324773,455.5065174431,
    2.781691326875));
#5421 = CARTESIAN_POINT('',(58.284114017205,456.86371589951,2.796875));
#5422 = PCURVE('',#1897,#5423);
#5423 = DEFINITIONAL_REPRESENTATION('',(#5424),#5428);
#5424 = LINE('',#5425,#5426);
#5425 = CARTESIAN_POINT('',(4.,0.));
#5426 = VECTOR('',#5427,1.);
#5427 = DIRECTION('',(0.,1.));
#5428 = ( GEOMETRIC_REPRESENTATION_CONTEXT(2) 
PARAMETRIC_REPRESENTATION_CONTEXT() REPRESENTATION_CONTEXT('2D SPACE',''
  ) );
#5429 = PCURVE('',#1971,#5430);
#5430 = DEFINITIONAL_REPRESENTATION('',(#5431),#5435);
#5431 = LINE('',#5432,#5433);
#5432 = CARTESIAN_POINT('',(4.,0.));
#5433 = VECTOR('',#5434,1.);
#5434 = DIRECTION('',(0.,1.));
#5435 = ( GEOMETRIC_REPRESENTATION_CONTEXT(2) 
PARAMETRIC_REPRESENTATION_CONTEXT() REPRESENTATION_CONTEXT('2D SPACE',''
  ) );
#5436 = ORIENTED_EDGE('',*,*,#1877,.T.);
#5437 = ADVANCED_FACE('',(#5438),#1971,.T.);
#5438 = FACE_BOUND('',#5439,.T.);
#5439 = EDGE_LOOP('',(#5440,#5441,#5442,#5482));
#5440 = ORIENTED_EDGE('',*,*,#5397,.F.);
#5441 = ORIENTED_EDGE('',*,*,#5155,.T.);
#5442 = ORIENTED_EDGE('',*,*,#5443,.T.);
#5443 = EDGE_CURVE('',#5156,#1952,#5444,.T.);
#5444 = SURFACE_CURVE('',#5445,(#5468,#5475),.PCURVE_S1.);
#5445 = ( BOUNDED_CURVE() B_SPLINE_CURVE(3,(#5446,#5447,#5448,#5449,
    #5450,#5451,#5452,#5453,#5454,#5455,#5456,#5457,#5458,#5459,#5460,
    #5461,#5462,#5463,#5464,#5465,#5466,#5467),.UNSPECIFIED.,.F.,.F.) 
B_SPLINE_CURVE_WITH_KNOTS((4,1,1,1,1,1,1,1,1,1,1,1,1,1,1,1,1,1,1,4),(0.,
    5.218380768594E-02,0.104924849979,0.158249728388,0.212037422186,
    0.266073258756,0.320098130577,0.373854821642,0.427134464983,
    0.479826107743,0.531971081028,0.583831321693,0.635742389654,
    0.687819682816,0.740024789052,0.792245645251,0.844362126807,
0.89631140842,0.94815736877,1.),.UNSPECIFIED.) CURVE() 
GEOMETRIC_REPRESENTATION_ITEM() RATIONAL_B_SPLINE_CURVE((1.,
    1.000000000002,0.999999999999,1.,1.,1.,1.,1.,1.,1.,1.,1.,1.,1.,1.,1.
    ,1.,1.000000000001,0.999999999997,1.000000000012,0.999999999975,1.))
 REPRESENTATION_ITEM('') );
#5446 = CARTESIAN_POINT('',(3.038756459356,410.21007263831,
    5.600605883428E-02));
#5447 = CARTESIAN_POINT('',(4.393800391163,410.28109575798,
    0.104831990987));
#5448 = CARTESIAN_POINT('',(7.103662058755,410.51906966467,
    0.263916407157));
#5449 = CARTESIAN_POINT('',(11.110048464461,411.15531935855,
    0.645498418549));
#5450 = CARTESIAN_POINT('',(15.056952402855,412.06804076237,
    1.134087092567));
#5451 = CARTESIAN_POINT('',(18.927506113623,413.25241441707,
    1.693298251281));
#5452 = CARTESIAN_POINT('',(22.704819469606,414.70273538286,
    2.286998858058));
#5453 = CARTESIAN_POINT('',(26.372120968598,416.41240652648,
    2.879300892308));
#5454 = CARTESIAN_POINT('',(29.912993535433,418.37396460756,
    3.433800199477));
#5455 = CARTESIAN_POINT('',(33.311655378704,420.57929929777,
    3.915865489194));
#5456 = CARTESIAN_POINT('',(36.55274848212,423.01953746033,
    4.283599711492));
#5457 = CARTESIAN_POINT('',(39.622511541104,425.6863077466,
    4.520225201901));
#5458 = CARTESIAN_POINT('',(42.500694597997,428.56416417228,
    4.51335349232));
#5459 = CARTESIAN_POINT('',(45.16396434828,431.6286513911,4.62017511692)
  );
#5460 = CARTESIAN_POINT('',(47.603566912611,434.86688948393,
    4.818904815591));
#5461 = CARTESIAN_POINT('',(49.809974013788,438.26487481513,
    5.062703567312));
#5462 = CARTESIAN_POINT('',(51.774156556358,441.80807911196,
    5.311882606801));
#5463 = CARTESIAN_POINT('',(53.48757374784,445.48144008927,
    5.525004703274));
#5464 = CARTESIAN_POINT('',(54.942442579768,449.27026375627,
    5.660635041065));
#5465 = CARTESIAN_POINT('',(56.129970696385,453.1537416469,
    5.677714428938));
#5466 = CARTESIAN_POINT('',(56.737422635196,455.78695546449,
    5.632924936645));
#5467 = CARTESIAN_POINT('',(56.99572833893,457.11415270594,5.663671875)
  );
#5468 = PCURVE('',#1971,#5469);
#5469 = DEFINITIONAL_REPRESENTATION('',(#5470),#5474);
#5470 = LINE('',#5471,#5472);
#5471 = CARTESIAN_POINT('',(5.,0.));
#5472 = VECTOR('',#5473,1.);
#5473 = DIRECTION('',(0.,1.));
#5474 = ( GEOMETRIC_REPRESENTATION_CONTEXT(2) 
PARAMETRIC_REPRESENTATION_CONTEXT() REPRESENTATION_CONTEXT('2D SPACE',''
  ) );
#5475 = PCURVE('',#2045,#5476);
#5476 = DEFINITIONAL_REPRESENTATION('',(#5477),#5481);
#5477 = LINE('',#5478,#5479);
#5478 = CARTESIAN_POINT('',(5.,0.));
#5479 = VECTOR('',#5480,1.);
#5480 = DIRECTION('',(0.,1.));
#5481 = ( GEOMETRIC_REPRESENTATION_CONTEXT(2) 
PARAMETRIC_REPRESENTATION_CONTEXT() REPRESENTATION_CONTEXT('2D SPACE',''
  ) );
#5482 = ORIENTED_EDGE('',*,*,#1951,.T.);
#5483 = ADVANCED_FACE('',(#5484),#2045,.T.);
#5484 = FACE_BOUND('',#5485,.T.);
#5485 = EDGE_LOOP('',(#5486,#5487,#5488,#5528));
#5486 = ORIENTED_EDGE('',*,*,#5443,.F.);
#5487 = ORIENTED_EDGE('',*,*,#5176,.T.);
#5488 = ORIENTED_EDGE('',*,*,#5489,.T.);
#5489 = EDGE_CURVE('',#5177,#2026,#5490,.T.);
#5490 = SURFACE_CURVE('',#5491,(#5514,#5521),.PCURVE_S1.);
#5491 = ( BOUNDED_CURVE() B_SPLINE_CURVE(3,(#5492,#5493,#5494,#5495,
    #5496,#5497,#5498,#5499,#5500,#5501,#5502,#5503,#5504,#5505,#5506,
    #5507,#5508,#5509,#5510,#5511,#5512,#5513),.UNSPECIFIED.,.F.,.F.) 
B_SPLINE_CURVE_WITH_KNOTS((4,1,1,1,1,1,1,1,1,1,1,1,1,1,1,1,1,1,1,4),(0.,
    5.218380768594E-02,0.104924849979,0.158249728388,0.212037422186,
    0.266073258756,0.320098130577,0.373854821642,0.427134464983,
    0.479826107743,0.531971081028,0.583831321693,0.635742389654,
    0.687819682816,0.740024789052,0.792245645251,0.844362126807,
0.89631140842,0.94815736877,1.),.UNSPECIFIED.) CURVE() 
GEOMETRIC_REPRESENTATION_ITEM() RATIONAL_B_SPLINE_CURVE((1.,
    1.000000000002,0.999999999999,1.,1.,1.,1.,1.,1.,1.,1.,1.,1.,1.,1.,1.
    ,1.,1.000000000001,0.999999999997,1.000000000012,0.999999999975,1.))
 REPRESENTATION_ITEM('') );
#5492 = CARTESIAN_POINT('',(2.970065516787,411.52077390267,
    8.850340161467E-02));
#5493 = CARTESIAN_POINT('',(4.294478745538,411.59019154871,
    0.165660430271));
#5494 = CARTESIAN_POINT('',(6.943084122301,411.82278606597,
    0.417053087821));
#5495 = CARTESIAN_POINT('',(10.858906357005,412.44465336666,
    1.020046883642));
#5496 = CARTESIAN_POINT('',(14.716590723157,413.33674274727,
    1.792137627757));
#5497 = CARTESIAN_POINT('',(18.499650754751,414.4943436929,
    2.675829335358));
#5498 = CARTESIAN_POINT('',(22.1915781253,415.91188022351,3.614022886808
    ));
#5499 = CARTESIAN_POINT('',(25.775980451547,417.58290433374,
    4.550006348339));
#5500 = CARTESIAN_POINT('',(29.236811765526,419.50012148941,
    5.426252167074));
#5501 = CARTESIAN_POINT('',(32.558647022458,421.65560469578,
    6.188034353294));
#5502 = CARTESIAN_POINT('',(35.726475373267,424.04068139287,
    6.769145223098));
#5503 = CARTESIAN_POINT('',(38.726846586999,426.647169466,7.143071923991
    ));
#5504 = CARTESIAN_POINT('',(41.539968455308,429.45997208658,
    7.132212926135));
#5505 = CARTESIAN_POINT('',(44.143035121893,432.45518672026,
    7.301017468713));
#5506 = CARTESIAN_POINT('',(46.52749058843,435.62022459785,
    7.615059461674));
#5507 = CARTESIAN_POINT('',(48.684021963959,438.94139863524,
    8.000321686616));
#5508 = CARTESIAN_POINT('',(50.603804255308,442.40450897055,
    8.394086094699));
#5509 = CARTESIAN_POINT('',(52.278489734132,445.99483380099,
    8.730871629859));
#5510 = CARTESIAN_POINT('',(53.700471326736,449.69801129219,
    8.945201052568));
#5511 = CARTESIAN_POINT('',(54.861155427248,453.4937033545,
    8.972190702441));
#5512 = CARTESIAN_POINT('',(55.454875945781,456.06739349809,
    8.901412245731));
#5513 = CARTESIAN_POINT('',(55.707342660655,457.36458951238,8.95));
#5514 = PCURVE('',#2045,#5515);
#5515 = DEFINITIONAL_REPRESENTATION('',(#5516),#5520);
#5516 = LINE('',#5517,#5518);
#5517 = CARTESIAN_POINT('',(6.,0.));
#5518 = VECTOR('',#5519,1.);
#5519 = DIRECTION('',(0.,1.));
#5520 = ( GEOMETRIC_REPRESENTATION_CONTEXT(2) 
PARAMETRIC_REPRESENTATION_CONTEXT() REPRESENTATION_CONTEXT('2D SPACE',''
  ) );
#5521 = PCURVE('',#2119,#5522);
#5522 = DEFINITIONAL_REPRESENTATION('',(#5523),#5527);
#5523 = LINE('',#5524,#5525);
#5524 = CARTESIAN_POINT('',(6.,0.));
#5525 = VECTOR('',#5526,1.);
#5526 = DIRECTION('',(0.,1.));
#5527 = ( GEOMETRIC_REPRESENTATION_CONTEXT(2) 
PARAMETRIC_REPRESENTATION_CONTEXT() REPRESENTATION_CONTEXT('2D SPACE',''
  ) );
#5528 = ORIENTED_EDGE('',*,*,#2025,.T.);
#5529 = ADVANCED_FACE('',(#5530),#2119,.T.);
#5530 = FACE_BOUND('',#5531,.T.);
#5531 = EDGE_LOOP('',(#5532,#5533,#5534,#5574));
#5532 = ORIENTED_EDGE('',*,*,#5489,.F.);
#5533 = ORIENTED_EDGE('',*,*,#5197,.T.);
#5534 = ORIENTED_EDGE('',*,*,#5535,.T.);
#5535 = EDGE_CURVE('',#5198,#2100,#5536,.T.);
#5536 = SURFACE_CURVE('',#5537,(#5560,#5567),.PCURVE_S1.);
#5537 = ( BOUNDED_CURVE() B_SPLINE_CURVE(3,(#5538,#5539,#5540,#5541,
    #5542,#5543,#5544,#5545,#5546,#5547,#5548,#5549,#5550,#5551,#5552,
    #5553,#5554,#5555,#5556,#5557,#5558,#5559),.UNSPECIFIED.,.F.,.F.) 
B_SPLINE_CURVE_WITH_KNOTS((4,1,1,1,1,1,1,1,1,1,1,1,1,1,1,1,1,1,1,4),(0.,
    5.218380768594E-02,0.104924849979,0.158249728388,0.212037422186,
    0.266073258756,0.320098130577,0.373854821642,0.427134464983,
    0.479826107743,0.531971081028,0.583831321693,0.635742389654,
    0.687819682816,0.740024789052,0.792245645251,0.844362126807,
0.89631140842,0.94815736877,1.),.UNSPECIFIED.) CURVE() 
GEOMETRIC_REPRESENTATION_ITEM() RATIONAL_B_SPLINE_CURVE((1.,
    1.000000000002,0.999999999999,1.,1.,1.,1.,1.,1.,1.,1.,1.,1.,1.,1.,1.
    ,1.,1.000000000001,0.999999999997,1.000000000012,0.999999999975,1.))
 REPRESENTATION_ITEM('') );
#5538 = CARTESIAN_POINT('',(2.901374574218,412.83147516704,
    0.121000744395));
#5539 = CARTESIAN_POINT('',(4.195157100673,412.89928734404,
    0.226488869442));
#5540 = CARTESIAN_POINT('',(6.78250618549,413.12650246511,0.570189768538
    ));
#5541 = CARTESIAN_POINT('',(10.607764249647,413.73398737536,
    1.39459534872));
#5542 = CARTESIAN_POINT('',(14.376229043431,414.60544473201,
    2.450188162951));
#5543 = CARTESIAN_POINT('',(18.071795395887,415.73627296877,
    3.658360419433));
#5544 = CARTESIAN_POINT('',(21.678336780992,417.12102506414,
    4.941046915558));
#5545 = CARTESIAN_POINT('',(25.179839934496,418.753402141,6.220711804369
    ));
#5546 = CARTESIAN_POINT('',(28.560629995618,420.62627837126,
    7.418704134672));
#5547 = CARTESIAN_POINT('',(31.805638666211,422.73191009378,
    8.460203217394));
#5548 = CARTESIAN_POINT('',(34.900202264414,425.06182532542,
    9.254690734705));
#5549 = CARTESIAN_POINT('',(37.831181632894,427.6080311854,
    9.765918646082));
#5550 = CARTESIAN_POINT('',(40.579242312619,430.35578000088,
    9.75107235995));
#5551 = CARTESIAN_POINT('',(43.122105895506,433.28172204941,
    9.981859820506));
#5552 = CARTESIAN_POINT('',(45.451414264248,436.37355971179,
    10.411214107758));
#5553 = CARTESIAN_POINT('',(47.558069914133,439.6179224553,
    10.937939805921));
#5554 = CARTESIAN_POINT('',(49.433451954244,443.00093882935,
    11.476289582596));
#5555 = CARTESIAN_POINT('',(51.069405720477,446.50822751196,
    11.936738556449));
#5556 = CARTESIAN_POINT('',(52.458500073514,450.12575883092,
    12.229767064054));
#5557 = CARTESIAN_POINT('',(53.592340158821,453.83366505159,
    12.266666976006));
#5558 = CARTESIAN_POINT('',(54.172329254834,456.34783155433,
    12.169899554684));
#5559 = CARTESIAN_POINT('',(54.41895698238,457.61502631881,12.236328125)
  );
#5560 = PCURVE('',#2119,#5561);
#5561 = DEFINITIONAL_REPRESENTATION('',(#5562),#5566);
#5562 = LINE('',#5563,#5564);
#5563 = CARTESIAN_POINT('',(7.,0.));
#5564 = VECTOR('',#5565,1.);
#5565 = DIRECTION('',(0.,1.));
#5566 = ( GEOMETRIC_REPRESENTATION_CONTEXT(2) 
PARAMETRIC_REPRESENTATION_CONTEXT() REPRESENTATION_CONTEXT('2D SPACE',''
  ) );
#5567 = PCURVE('',#2193,#5568);
#5568 = DEFINITIONAL_REPRESENTATION('',(#5569),#5573);
#5569 = LINE('',#5570,#5571);
#5570 = CARTESIAN_POINT('',(7.,0.));
#5571 = VECTOR('',#5572,1.);
#5572 = DIRECTION('',(0.,1.));
#5573 = ( GEOMETRIC_REPRESENTATION_CONTEXT(2) 
PARAMETRIC_REPRESENTATION_CONTEXT() REPRESENTATION_CONTEXT('2D SPACE',''
  ) );
#5574 = ORIENTED_EDGE('',*,*,#2099,.T.);
#5575 = ADVANCED_FACE('',(#5576),#2193,.T.);
#5576 = FACE_BOUND('',#5577,.T.);
#5577 = EDGE_LOOP('',(#5578,#5579,#5580,#5620));
#5578 = ORIENTED_EDGE('',*,*,#5535,.F.);
#5579 = ORIENTED_EDGE('',*,*,#5218,.T.);
#5580 = ORIENTED_EDGE('',*,*,#5581,.T.);
#5581 = EDGE_CURVE('',#5219,#2174,#5582,.T.);
#5582 = SURFACE_CURVE('',#5583,(#5606,#5613),.PCURVE_S1.);
#5583 = ( BOUNDED_CURVE() B_SPLINE_CURVE(3,(#5584,#5585,#5586,#5587,
    #5588,#5589,#5590,#5591,#5592,#5593,#5594,#5595,#5596,#5597,#5598,
    #5599,#5600,#5601,#5602,#5603,#5604,#5605),.UNSPECIFIED.,.F.,.F.) 
B_SPLINE_CURVE_WITH_KNOTS((4,1,1,1,1,1,1,1,1,1,1,1,1,1,1,1,1,1,1,4),(0.,
    5.218380768594E-02,0.104924849979,0.158249728388,0.212037422186,
    0.266073258756,0.320098130577,0.373854821642,0.427134464983,
    0.479826107743,0.531971081028,0.583831321693,0.635742389654,
    0.687819682816,0.740024789052,0.792245645251,0.844362126807,
0.89631140842,0.94815736877,1.),.UNSPECIFIED.) CURVE() 
GEOMETRIC_REPRESENTATION_ITEM() RATIONAL_B_SPLINE_CURVE((1.,
    1.000000000002,0.999999999999,1.,1.,1.,1.,1.,1.,1.,1.,1.,1.,1.,1.,1.
    ,1.,1.000000000001,0.999999999997,1.000000000012,0.999999999975,1.))
 REPRESENTATION_ITEM('') );
#5584 = CARTESIAN_POINT('',(2.832683631649,414.1421764314,0.149349490225
    ));
#5585 = CARTESIAN_POINT('',(4.095835455637,414.20838313446,
    0.279551975856));
#5586 = CARTESIAN_POINT('',(6.62192824876,414.43021886655,0.703777085804
    ));
#5587 = CARTESIAN_POINT('',(10.356622142266,415.02332138343,
    1.721329116117));
#5588 = CARTESIAN_POINT('',(14.035867363712,415.87414671692,
    3.024232246848));
#5589 = CARTESIAN_POINT('',(17.643940037021,416.9782022446,
    4.515462003414));
#5590 = CARTESIAN_POINT('',(21.165095436684,418.33016990478,
    6.098663621489));
#5591 = CARTESIAN_POINT('',(24.583699417444,419.92389994826,
    7.678135712821));
#5592 = CARTESIAN_POINT('',(27.88444822571,421.75243525311,
    9.156800531938));
#5593 = CARTESIAN_POINT('',(31.052630309965,423.80821549179,
    10.442307971183));
#5594 = CARTESIAN_POINT('',(34.073929155561,426.08296925796,
    11.422932563979));
#5595 = CARTESIAN_POINT('',(36.93551667879,428.5688929048,
    12.053933871735));
#5596 = CARTESIAN_POINT('',(39.61851616993,431.25158791518,
    12.035609312853));
#5597 = CARTESIAN_POINT('',(42.101176669118,434.10825737857,
    12.320466978454));
#5598 = CARTESIAN_POINT('',(44.375337940066,437.1268948257,
    12.850412841575));
#5599 = CARTESIAN_POINT('',(46.432117864307,440.29444627546,
    13.500542846165));
#5600 = CARTESIAN_POINT('',(48.263099653179,443.59736868779,
    14.165020284804));
#5601 = CARTESIAN_POINT('',(49.860321706824,447.02162122424,
    14.73334587539));
#5602 = CARTESIAN_POINT('',(51.21652882028,450.55350636476,
    15.095026776194));
#5603 = CARTESIAN_POINT('',(52.323524890435,454.17362676692,
    15.140571810419));
#5604 = CARTESIAN_POINT('',(52.889782563798,456.62826957127,
    15.021133164565));
#5605 = CARTESIAN_POINT('',(53.130571304105,457.86546312524,15.103125));
#5606 = PCURVE('',#2193,#5607);
#5607 = DEFINITIONAL_REPRESENTATION('',(#5608),#5612);
#5608 = LINE('',#5609,#5610);
#5609 = CARTESIAN_POINT('',(8.,0.));
#5610 = VECTOR('',#5611,1.);
#5611 = DIRECTION('',(0.,1.));
#5612 = ( GEOMETRIC_REPRESENTATION_CONTEXT(2) 
PARAMETRIC_REPRESENTATION_CONTEXT() REPRESENTATION_CONTEXT('2D SPACE',''
  ) );
#5613 = PCURVE('',#2267,#5614);
#5614 = DEFINITIONAL_REPRESENTATION('',(#5615),#5619);
#5615 = LINE('',#5616,#5617);
#5616 = CARTESIAN_POINT('',(8.,0.));
#5617 = VECTOR('',#5618,1.);
#5618 = DIRECTION('',(0.,1.));
#5619 = ( GEOMETRIC_REPRESENTATION_CONTEXT(2) 
PARAMETRIC_REPRESENTATION_CONTEXT() REPRESENTATION_CONTEXT('2D SPACE',''
  ) );
#5620 = ORIENTED_EDGE('',*,*,#2173,.T.);
#5621 = ADVANCED_FACE('',(#5622),#2267,.T.);
#5622 = FACE_BOUND('',#5623,.T.);
#5623 = EDGE_LOOP('',(#5624,#5625,#5626,#5666));
#5624 = ORIENTED_EDGE('',*,*,#5581,.F.);
#5625 = ORIENTED_EDGE('',*,*,#5239,.T.);
#5626 = ORIENTED_EDGE('',*,*,#5627,.T.);
#5627 = EDGE_CURVE('',#5240,#2248,#5628,.T.);
#5628 = SURFACE_CURVE('',#5629,(#5652,#5659),.PCURVE_S1.);
#5629 = ( BOUNDED_CURVE() B_SPLINE_CURVE(3,(#5630,#5631,#5632,#5633,
    #5634,#5635,#5636,#5637,#5638,#5639,#5640,#5641,#5642,#5643,#5644,
    #5645,#5646,#5647,#5648,#5649,#5650,#5651),.UNSPECIFIED.,.F.,.F.) 
B_SPLINE_CURVE_WITH_KNOTS((4,1,1,1,1,1,1,1,1,1,1,1,1,1,1,1,1,1,1,4),(0.,
    5.218380768594E-02,0.104924849979,0.158249728388,0.212037422186,
    0.266073258756,0.320098130577,0.373854821642,0.427134464983,
    0.479826107743,0.531971081028,0.583831321693,0.635742389654,
    0.687819682816,0.740024789052,0.792245645251,0.844362126807,
0.89631140842,0.94815736877,1.),.UNSPECIFIED.) CURVE() 
GEOMETRIC_REPRESENTATION_ITEM() RATIONAL_B_SPLINE_CURVE((1.,
    1.000000000002,0.999999999999,1.,1.,1.,1.,1.,1.,1.,1.,1.,1.,1.,1.,1.
    ,1.,1.000000000001,0.999999999997,1.000000000012,0.999999999975,1.))
 REPRESENTATION_ITEM('') );
#5630 = CARTESIAN_POINT('',(2.76399268908,415.45287769577,0.169401042153
    ));
#5631 = CARTESIAN_POINT('',(3.996513810359,415.51747891499,
    0.317084416987));
#5632 = CARTESIAN_POINT('',(6.461350312143,415.73393527263,
    0.798265676061));
#5633 = CARTESIAN_POINT('',(10.105480034854,416.31265539024,
    1.952433488179));
#5634 = CARTESIAN_POINT('',(13.695505684002,417.14284870218,
    3.43026342814));
#5635 = CARTESIAN_POINT('',(17.216084678153,418.22013152034,
    5.121704587205));
#5636 = CARTESIAN_POINT('',(20.651854092378,419.53931474545,
    6.917465681782));
#5637 = CARTESIAN_POINT('',(23.987558900393,421.09439775551,
    8.708996526117));
#5638 = CARTESIAN_POINT('',(27.208266455803,422.87859213497,
    10.386185788541));
#5639 = CARTESIAN_POINT('',(30.299621953719,424.88452088979,
    11.844284504351));
#5640 = CARTESIAN_POINT('',(33.247656046708,427.1041131905,
    12.956567028587));
#5641 = CARTESIAN_POINT('',(36.039851724685,429.5297546242,
    13.672286104514));
#5642 = CARTESIAN_POINT('',(38.657790027241,432.14739582947,
    13.651501303931));
#5643 = CARTESIAN_POINT('',(41.080247442731,434.93479270773,
    13.974603748709));
#5644 = CARTESIAN_POINT('',(43.299261615884,437.88022993964,
    14.575699750861));
#5645 = CARTESIAN_POINT('',(45.306165814479,440.97097009555,
    15.313115728289));
#5646 = CARTESIAN_POINT('',(47.092747352126,444.19379854648,
    16.066805415635));
#5647 = CARTESIAN_POINT('',(48.651237693128,447.5350149356,
    16.711433979028));
#5648 = CARTESIAN_POINT('',(49.974557567207,450.98125390206,
    17.121673889677));
#5649 = CARTESIAN_POINT('',(51.05470962145,454.51358846935,
    17.173333766404));
#5650 = CARTESIAN_POINT('',(51.607235874054,456.90870761601,
    17.037859376566));
#5651 = CARTESIAN_POINT('',(51.84218562583,458.11589993167,17.130859375)
  );
#5652 = PCURVE('',#2267,#5653);
#5653 = DEFINITIONAL_REPRESENTATION('',(#5654),#5658);
#5654 = LINE('',#5655,#5656);
#5655 = CARTESIAN_POINT('',(9.,0.));
#5656 = VECTOR('',#5657,1.);
#5657 = DIRECTION('',(0.,1.));
#5658 = ( GEOMETRIC_REPRESENTATION_CONTEXT(2) 
PARAMETRIC_REPRESENTATION_CONTEXT() REPRESENTATION_CONTEXT('2D SPACE',''
  ) );
#5659 = PCURVE('',#2339,#5660);
#5660 = DEFINITIONAL_REPRESENTATION('',(#5661),#5665);
#5661 = LINE('',#5662,#5663);
#5662 = CARTESIAN_POINT('',(9.,0.));
#5663 = VECTOR('',#5664,1.);
#5664 = DIRECTION('',(0.,1.));
#5665 = ( GEOMETRIC_REPRESENTATION_CONTEXT(2) 
PARAMETRIC_REPRESENTATION_CONTEXT() REPRESENTATION_CONTEXT('2D SPACE',''
  ) );
#5666 = ORIENTED_EDGE('',*,*,#2247,.T.);
#5667 = ADVANCED_FACE('',(#5668),#2339,.T.);
#5668 = FACE_BOUND('',#5669,.T.);
#5669 = EDGE_LOOP('',(#5670,#5671,#5672,#5712));
#5670 = ORIENTED_EDGE('',*,*,#5627,.F.);
#5671 = ORIENTED_EDGE('',*,*,#5260,.T.);
#5672 = ORIENTED_EDGE('',*,*,#5673,.T.);
#5673 = EDGE_CURVE('',#5072,#1654,#5674,.T.);
#5674 = SURFACE_CURVE('',#5675,(#5698,#5705),.PCURVE_S1.);
#5675 = ( BOUNDED_CURVE() B_SPLINE_CURVE(3,(#5676,#5677,#5678,#5679,
    #5680,#5681,#5682,#5683,#5684,#5685,#5686,#5687,#5688,#5689,#5690,
    #5691,#5692,#5693,#5694,#5695,#5696,#5697),.UNSPECIFIED.,.F.,.F.) 
B_SPLINE_CURVE_WITH_KNOTS((4,1,1,1,1,1,1,1,1,1,1,1,1,1,1,1,1,1,1,4),(0.,
    5.218380768594E-02,0.104924849979,0.158249728388,0.212037422186,
    0.266073258756,0.320098130577,0.373854821642,0.427134464983,
    0.479826107743,0.531971081028,0.583831321693,0.635742389654,
    0.687819682816,0.740024789052,0.792245645251,0.844362126807,
0.89631140842,0.94815736877,1.),.UNSPECIFIED.) CURVE() 
GEOMETRIC_REPRESENTATION_ITEM() RATIONAL_B_SPLINE_CURVE((1.,
    1.000000000002,0.999999999999,1.,1.,1.,1.,1.,1.,1.,1.,1.,1.,1.,1.,1.
    ,1.,1.000000000001,0.999999999997,1.000000000012,0.999999999975,1.))
 REPRESENTATION_ITEM('') );
#5676 = CARTESIAN_POINT('',(2.695301746512,416.76357896014,
    0.177006803229));
#5677 = CARTESIAN_POINT('',(3.897192165726,416.82657471491,
    0.331320860542));
#5678 = CARTESIAN_POINT('',(6.300772375224,417.03765166962,
    0.834106175642));
#5679 = CARTESIAN_POINT('',(9.854337927525,417.60198939953,
    2.040093767284));
#5680 = CARTESIAN_POINT('',(13.355144004268,418.41155068676,
    3.584275255514));
#5681 = CARTESIAN_POINT('',(16.788229319291,419.46206079625,
    5.351658670715));
#5682 = CARTESIAN_POINT('',(20.138612748069,420.74845958608,
    7.228045773616));
#5683 = CARTESIAN_POINT('',(23.391418383342,422.26489556278,
    9.100012696677));
#5684 = CARTESIAN_POINT('',(26.532084685895,424.00474901682,
    10.852504334148));
#5685 = CARTESIAN_POINT('',(29.546613597473,425.9608262878,
    12.376068706587));
#5686 = CARTESIAN_POINT('',(32.421382937855,428.12525712305,
    13.538290446197));
#5687 = CARTESIAN_POINT('',(35.144186770581,430.4906163436,
    14.286143847982));
#5688 = CARTESIAN_POINT('',(37.697063884553,433.04320374377,
    14.26442585227));
#5689 = CARTESIAN_POINT('',(40.059318216343,435.76132803689,
    14.602034937427));
#5690 = CARTESIAN_POINT('',(42.223185291702,438.63356505356,
    15.230118923348));
#5691 = CARTESIAN_POINT('',(44.180213764651,441.64749391568,
    16.000643373233));
#5692 = CARTESIAN_POINT('',(45.922395051067,444.79022840501,
    16.788172189398));
#5693 = CARTESIAN_POINT('',(47.442153679453,448.04840864753,
    17.461743259718));
#5694 = CARTESIAN_POINT('',(48.732586314058,451.4090014372,
    17.890402105135));
#5695 = CARTESIAN_POINT('',(49.78589435275,454.85355017986,
    17.944381404882));
#5696 = CARTESIAN_POINT('',(50.324689183696,457.18914564334,
    17.802824491462));
#5697 = CARTESIAN_POINT('',(50.553799947555,458.3663367381,17.9));
#5698 = PCURVE('',#2339,#5699);
#5699 = DEFINITIONAL_REPRESENTATION('',(#5700),#5704);
#5700 = LINE('',#5701,#5702);
#5701 = CARTESIAN_POINT('',(10.,0.));
#5702 = VECTOR('',#5703,1.);
#5703 = DIRECTION('',(0.,1.));
#5704 = ( GEOMETRIC_REPRESENTATION_CONTEXT(2) 
PARAMETRIC_REPRESENTATION_CONTEXT() REPRESENTATION_CONTEXT('2D SPACE',''
  ) );
#5705 = PCURVE('',#1673,#5706);
#5706 = DEFINITIONAL_REPRESENTATION('',(#5707),#5711);
#5707 = LINE('',#5708,#5709);
#5708 = CARTESIAN_POINT('',(10.,0.));
#5709 = VECTOR('',#5710,1.);
#5710 = DIRECTION('',(0.,1.));
#5711 = ( GEOMETRIC_REPRESENTATION_CONTEXT(2) 
PARAMETRIC_REPRESENTATION_CONTEXT() REPRESENTATION_CONTEXT('2D SPACE',''
  ) );
#5712 = ORIENTED_EDGE('',*,*,#2321,.T.);
#5713 = ADVANCED_FACE('',(#5714,#5723),#1673,.T.);
#5714 = FACE_BOUND('',#5715,.T.);
#5715 = EDGE_LOOP('',(#5716,#5717,#5718,#5719,#5720,#5721,#5722));
#5716 = ORIENTED_EDGE('',*,*,#5673,.F.);
#5717 = ORIENTED_EDGE('',*,*,#5071,.T.);
#5718 = ORIENTED_EDGE('',*,*,#3066,.T.);
#5719 = ORIENTED_EDGE('',*,*,#2841,.T.);
#5720 = ORIENTED_EDGE('',*,*,#2705,.T.);
#5721 = ORIENTED_EDGE('',*,*,#2396,.T.);
#5722 = ORIENTED_EDGE('',*,*,#1651,.T.);
#5723 = FACE_BOUND('',#5724,.T.);
#5724 = EDGE_LOOP('',(#5725));
#5725 = ORIENTED_EDGE('',*,*,#5726,.F.);
#5726 = EDGE_CURVE('',#5727,#5727,#5729,.T.);
#5727 = VERTEX_POINT('',#5728);
#5728 = CARTESIAN_POINT('',(34.76,436.383,14.348560028828));
#5729 = SURFACE_CURVE('',#5730,(#5880,#6085),.PCURVE_S1.);
#5730 = B_SPLINE_CURVE_WITH_KNOTS('',8,(#5731,#5732,#5733,#5734,#5735,
    #5736,#5737,#5738,#5739,#5740,#5741,#5742,#5743,#5744,#5745,#5746,
    #5747,#5748,#5749,#5750,#5751,#5752,#5753,#5754,#5755,#5756,#5757,
    #5758,#5759,#5760,#5761,#5762,#5763,#5764,#5765,#5766,#5767,#5768,
    #5769,#5770,#5771,#5772,#5773,#5774,#5775,#5776,#5777,#5778,#5779,
    #5780,#5781,#5782,#5783,#5784,#5785,#5786,#5787,#5788,#5789,#5790,
    #5791,#5792,#5793,#5794,#5795,#5796,#5797,#5798,#5799,#5800,#5801,
    #5802,#5803,#5804,#5805,#5806,#5807,#5808,#5809,#5810,#5811,#5812,
    #5813,#5814,#5815,#5816,#5817,#5818,#5819,#5820,#5821,#5822,#5823,
    #5824,#5825,#5826,#5827,#5828,#5829,#5830,#5831,#5832,#5833,#5834,
    #5835,#5836,#5837,#5838,#5839,#5840,#5841,#5842,#5843,#5844,#5845,
    #5846,#5847,#5848,#5849,#5850,#5851,#5852,#5853,#5854,#5855,#5856,
    #5857,#5858,#5859,#5860,#5861,#5862,#5863,#5864,#5865,#5866,#5867,
    #5868,#5869,#5870,#5871,#5872,#5873,#5874,#5875,#5876,#5877,#5878,
    #5879),.UNSPECIFIED.,.T.,.F.,(9,7,7,7,7,7,7,7,7,7,7,7,7,7,7,7,7,7,7,
    7,7,9),(0.,0.153612850666,0.364678127746,0.58488225222,1.,
    1.413230665976,1.710455772433,1.980552299677,2.1029745078,
    2.440692488062,2.775872232211,3.125405059588,3.396025937077,
    3.928756841267,4.263972973843,4.484918620266,4.716551147739,
    5.074040398011,5.203541734344,5.464204693205,5.869885415723,
    6.354336306591),.UNSPECIFIED.);
#5731 = CARTESIAN_POINT('',(34.76,436.383,14.348560028828));
#5732 = CARTESIAN_POINT('',(34.76,436.34124720611,14.346639452993));
#5733 = CARTESIAN_POINT('',(34.759094391657,436.29949296703,
    14.34471832621));
#5734 = CARTESIAN_POINT('',(34.757283067181,436.25776001552,
    14.342800043386));
#5735 = CARTESIAN_POINT('',(34.754566586993,436.21607104688,
    14.340887960198));
#5736 = CARTESIAN_POINT('',(34.750946179716,436.17444871895,
    14.338985393093));
#5737 = CARTESIAN_POINT('',(34.746423742184,436.13291565208,
    14.337095619291));
#5738 = CARTESIAN_POINT('',(34.741001839435,436.09149442915,
    14.33522187678));
#5739 = CARTESIAN_POINT('',(34.726002537421,435.99347915825,
    14.330819249469));
#5740 = CARTESIAN_POINT('',(34.715629359417,435.93700424392,
    14.328307085626));
#5741 = CARTESIAN_POINT('',(34.703572474309,435.88084121605,
    14.325842454525));
#5742 = CARTESIAN_POINT('',(34.689843101303,435.82504954911,
    14.323418209423));
#5743 = CARTESIAN_POINT('',(34.674453546964,435.76968403103,
    14.32108068944));
#5744 = CARTESIAN_POINT('',(34.657420332289,435.71480561598,
    14.318785104228));
#5745 = CARTESIAN_POINT('',(34.63876119932,435.66046964761,
    14.316555341185));
#5746 = CARTESIAN_POINT('',(34.597355429284,435.5506702033,
    14.312115206181));
#5747 = CARTESIAN_POINT('',(34.574466677384,435.49525946908,
    14.309910954041));
#5748 = CARTESIAN_POINT('',(34.549854212205,435.44056505295,
    14.30776773876));
#5749 = CARTESIAN_POINT('',(34.523544246965,435.38664985129,
    14.305682480193));
#5750 = CARTESIAN_POINT('',(34.495565785147,435.33357562488,
    14.303650982516));
#5751 = CARTESIAN_POINT('',(34.465950645074,435.28140294031,
    14.301668075664));
#5752 = CARTESIAN_POINT('',(34.434733484484,435.23019111138,
    14.299727756781));
#5753 = CARTESIAN_POINT('',(34.340153488475,435.08537687449,
    14.294233205165));
#5754 = CARTESIAN_POINT('',(34.272792694535,434.99437243554,
    14.290770491166));
#5755 = CARTESIAN_POINT('',(34.20012089414,434.90737484695,
    14.287390630164));
#5756 = CARTESIAN_POINT('',(34.122420202299,434.82474717366,
    14.284040138121));
#5757 = CARTESIAN_POINT('',(34.040000760875,434.7468266905,
    14.280661528987));
#5758 = CARTESIAN_POINT('',(33.953199483172,434.67392464857,
    14.277198201392));
#5759 = CARTESIAN_POINT('',(33.862380180401,434.60632463944,
    14.273599289482));
#5760 = CARTESIAN_POINT('',(33.673919297256,434.4825165255,
    14.266066826272));
#5761 = CARTESIAN_POINT('',(33.576301577431,434.42625209918,
    14.26213447851));
#5762 = CARTESIAN_POINT('',(33.475467606938,434.37573749835,
    14.25798756477));
#5763 = CARTESIAN_POINT('',(33.37181833123,434.33118550319,
    14.253595647461));
#5764 = CARTESIAN_POINT('',(33.265767565399,434.29277343441,
    14.248942021989));
#5765 = CARTESIAN_POINT('',(33.157740459082,434.26064438438,
    14.244026455336));
#5766 = CARTESIAN_POINT('',(33.048172805688,434.23490669923,
    14.238866362509));
#5767 = CARTESIAN_POINT('',(32.857915436403,434.20176775953,
    14.229633973998));
#5768 = CARTESIAN_POINT('',(32.777750489179,434.19124679498,
    14.225662854132));
#5769 = CARTESIAN_POINT('',(32.697180803251,434.18409533514,
    14.221595683737));
#5770 = CARTESIAN_POINT('',(32.616370646232,434.18033020185,
    14.217449824165));
#5771 = CARTESIAN_POINT('',(32.535484006996,434.17995870414,
    14.213246875182));
#5772 = CARTESIAN_POINT('',(32.454684498297,434.18297882064,
    14.209012174519));
#5773 = CARTESIAN_POINT('',(32.374135259375,434.18937938204,
    14.204774297427));
#5774 = CARTESIAN_POINT('',(32.221176734561,434.20801022234,
    14.196739050052));
#5775 = CARTESIAN_POINT('',(32.148694639885,434.21965518108,
    14.192936706273));
#5776 = CARTESIAN_POINT('',(32.076674294012,434.23405991896,
    14.189180836495));
#5777 = CARTESIAN_POINT('',(32.005236136499,434.25120325304,
    14.185496477603));
#5778 = CARTESIAN_POINT('',(31.934499285042,434.27105797892,
    14.181909767002));
#5779 = CARTESIAN_POINT('',(31.864581493527,434.29359082159,
    14.178447317853));
#5780 = CARTESIAN_POINT('',(31.795599110085,434.31876238622,
    14.175135594323));
#5781 = CARTESIAN_POINT('',(31.696876581441,434.35911156805,
    14.170579197578));
#5782 = CARTESIAN_POINT('',(31.666301838926,434.37222877653,
    14.169194332307));
#5783 = CARTESIAN_POINT('',(31.635953486031,434.38587449959,
    14.167848104607));
#5784 = CARTESIAN_POINT('',(31.605842107903,434.4000442424,
    14.166542865043));
#5785 = CARTESIAN_POINT('',(31.575978196405,434.41473325018,
    14.165280901142));
#5786 = CARTESIAN_POINT('',(31.546372150113,434.42993650822,
    14.164064437388));
#5787 = CARTESIAN_POINT('',(31.517034274314,434.44564874189,
    14.162895635229));
#5788 = CARTESIAN_POINT('',(31.407810295043,434.50659751682,
    14.158689566109));
#5789 = CARTESIAN_POINT('',(31.329761849759,434.55516317483,
    14.155980793831));
#5790 = CARTESIAN_POINT('',(31.254046957536,434.60744377517,
    14.153694640453));
#5791 = CARTESIAN_POINT('',(31.180873631327,434.66330729242,
    14.151869831207));
#5792 = CARTESIAN_POINT('',(31.110440666498,434.72260778152,
    14.150537001929));
#5793 = CARTESIAN_POINT('',(31.042937410735,434.78518541443,
    14.149717216603));
#5794 = CARTESIAN_POINT('',(30.978543022027,434.85086606321,
    14.149421452897));
#5795 = CARTESIAN_POINT('',(30.856766759387,434.98753925092,
    14.149878932778));
#5796 = CARTESIAN_POINT('',(30.799332636109,435.05849172553,
    14.150624383626));
#5797 = CARTESIAN_POINT('',(30.745287453279,435.1321332531,
    14.15188781245));
#5798 = CARTESIAN_POINT('',(30.694779793325,435.20826997987,
    14.153661139845));
#5799 = CARTESIAN_POINT('',(30.647943208193,435.28669998336,
    14.155925128152));
#5800 = CARTESIAN_POINT('',(30.604896746501,435.36721396889,
    14.15864911877));
#5801 = CARTESIAN_POINT('',(30.565745012351,435.44959547762,
    14.161793181419));
#5802 = CARTESIAN_POINT('',(30.493904565275,435.62124386276,
    14.168982881183));
#5803 = CARTESIAN_POINT('',(30.461563099456,435.71065808447,
    14.173061335242));
#5804 = CARTESIAN_POINT('',(30.433654134996,435.80161194287,
    14.177496943217));
#5805 = CARTESIAN_POINT('',(30.410260314281,435.89385114497,
    14.182230623993));
#5806 = CARTESIAN_POINT('',(30.391446585946,435.98711859456,
    14.187198409409));
#5807 = CARTESIAN_POINT('',(30.377260645398,436.08115455345,
    14.192334544032));
#5808 = CARTESIAN_POINT('',(30.367733375337,436.17569680283,
    14.197574584929));
#5809 = CARTESIAN_POINT('',(30.359121076071,436.34386598532,
    14.206949499524));
#5810 = CARTESIAN_POINT('',(30.35816403919,436.41739718409,
    14.211066912604));
#5811 = CARTESIAN_POINT('',(30.360014684113,436.49095176817,
    14.215182799485));
#5812 = CARTESIAN_POINT('',(30.364673492146,436.56440702977,
    14.219271061074));
#5813 = CARTESIAN_POINT('',(30.372134771652,436.63764021993,
    14.223308067363));
#5814 = CARTESIAN_POINT('',(30.382386512294,436.71052858235,
    14.227273284407));
#5815 = CARTESIAN_POINT('',(30.395410239267,436.78294938732,
    14.231149901296));
#5816 = CARTESIAN_POINT('',(30.442226148046,436.99618209711,
    14.242357830032));
#5817 = CARTESIAN_POINT('',(30.483920508894,437.13531711871,
    14.24939958608));
#5818 = CARTESIAN_POINT('',(30.536071581265,437.27122503977,
    14.255952613468));
#5819 = CARTESIAN_POINT('',(30.598383573533,437.40298582223,
    14.261983820864));
#5820 = CARTESIAN_POINT('',(30.670467072604,437.52971680596,
    14.267531468498));
#5821 = CARTESIAN_POINT('',(30.751841792815,437.65057512378,
    14.272697212207));
#5822 = CARTESIAN_POINT('',(30.841932272366,437.76476510611,
    14.277623860448));
#5823 = CARTESIAN_POINT('',(31.001800316336,437.93874453471,
    14.285501214392));
#5824 = CARTESIAN_POINT('',(31.066732585445,438.00301472046,
    14.288507647913));
#5825 = CARTESIAN_POINT('',(31.134688070636,438.06418081426,
    14.291515563508));
#5826 = CARTESIAN_POINT('',(31.205490669655,438.12207522519,
    14.294563362003));
#5827 = CARTESIAN_POINT('',(31.278953826992,438.17654342126,
    14.297687814879));
#5828 = CARTESIAN_POINT('',(31.354880928909,438.22744416107,
    14.300921452758));
#5829 = CARTESIAN_POINT('',(31.43306569846,438.27464972545,
    14.304289953894));
#5830 = CARTESIAN_POINT('',(31.56617125834,438.34664933943,
    14.310129336308));
#5831 = CARTESIAN_POINT('',(31.619937896237,438.37359822225,
    14.312515377904));
#5832 = CARTESIAN_POINT('',(31.674531613829,438.39886054542,
    14.314969042863));
#5833 = CARTESIAN_POINT('',(31.729888822799,438.4224064048,
    14.317503467728));
#5834 = CARTESIAN_POINT('',(31.785947882966,438.44421001211,
    14.320103680944));
#5835 = CARTESIAN_POINT('',(31.842642796698,438.46424702431,
    14.32278355083));
#5836 = CARTESIAN_POINT('',(31.899908865142,438.48249702175,
    14.325539300146));
#5837 = CARTESIAN_POINT('',(32.018247241155,438.51618294445,
    14.331300266941));
#5838 = CARTESIAN_POINT('',(32.079370043015,438.53144015286,
    14.334312463781));
#5839 = CARTESIAN_POINT('',(32.140974000726,438.54469344437,
    14.337374184313));
#5840 = CARTESIAN_POINT('',(32.202983346356,438.55592577686,
    14.340470901984));
#5841 = CARTESIAN_POINT('',(32.265321845195,438.56512349402,
    14.343587893283));
#5842 = CARTESIAN_POINT('',(32.327912820897,438.57227630779,
    14.346710395407));
#5843 = CARTESIAN_POINT('',(32.39067918063,438.5773772808,
    14.349823763925));
#5844 = CARTESIAN_POINT('',(32.550564775128,438.58512311391,
    14.357682365137));
#5845 = CARTESIAN_POINT('',(32.647821492003,438.58492747923,
    14.362395270745));
#5846 = CARTESIAN_POINT('',(32.74502720563,438.5798229013,
    14.366999274569));
#5847 = CARTESIAN_POINT('',(32.841896461797,438.56981533995,
    14.37144322922));
#5848 = CARTESIAN_POINT('',(32.938145081568,438.55493002971,
    14.375678871965));
#5849 = CARTESIAN_POINT('',(33.033490505574,438.53521179108,
    14.379661784052));
#5850 = CARTESIAN_POINT('',(33.127652138296,438.51072534189,
    14.383352350042));
#5851 = CARTESIAN_POINT('',(33.253932327626,438.47098880292,
    14.387935467173));
#5852 = CARTESIAN_POINT('',(33.287321318964,438.45980738199,
    14.389111416192));
#5853 = CARTESIAN_POINT('',(33.320505526293,438.44801536409,
    14.390242944783));
#5854 = CARTESIAN_POINT('',(33.353471917334,438.43561710534,
    14.391328536398));
#5855 = CARTESIAN_POINT('',(33.386207567594,438.42261729969,
    14.392366777359));
#5856 = CARTESIAN_POINT('',(33.418699660374,438.40902097897,
    14.393356356857));
#5857 = CARTESIAN_POINT('',(33.450935486763,438.39483351288,
    14.394296066951));
#5858 = CARTESIAN_POINT('',(33.547246199331,438.35032540343,
    14.396973667944));
#5859 = CARTESIAN_POINT('',(33.610501235111,438.31821804026,
    14.39855604621));
#5860 = CARTESIAN_POINT('',(33.672564258267,438.28378538789,
    14.399922927109));
#5861 = CARTESIAN_POINT('',(33.733334826369,438.24707947827,
    14.401067145545));
#5862 = CARTESIAN_POINT('',(33.792715441614,438.208157503,
    14.401983385615));
#5863 = CARTESIAN_POINT('',(33.850611643187,438.16708180947,
    14.402668184645));
#5864 = CARTESIAN_POINT('',(33.906932099608,438.12391989692,
    14.403119937214));
#5865 = CARTESIAN_POINT('',(34.046653068002,438.00843590703,
    14.40367967892));
#5866 = CARTESIAN_POINT('',(34.127692061336,437.93324622847,
    14.403456601386));
#5867 = CARTESIAN_POINT('',(34.204369689299,437.85345131889,
    14.402670431997));
#5868 = CARTESIAN_POINT('',(34.276379479919,437.76935143538,
    14.401332871132));
#5869 = CARTESIAN_POINT('',(34.343442429783,437.68126851077,
    14.399465691947));
#5870 = CARTESIAN_POINT('',(34.40530637384,437.58954471617,
    14.397099754774));
#5871 = CARTESIAN_POINT('',(34.461746776267,437.49454222531,
    14.394273898155));
#5872 = CARTESIAN_POINT('',(34.573259141101,437.27973747982,
    14.38716437363));
#5873 = CARTESIAN_POINT('',(34.625944481477,437.15868816689,
    14.382703736893));
#5874 = CARTESIAN_POINT('',(34.670290485524,437.03414683787,
    14.377729215951));
#5875 = CARTESIAN_POINT('',(34.706035125217,436.90678305126,
    14.372331202068));
#5876 = CARTESIAN_POINT('',(34.732981176751,436.7772818701,
    14.366609293264));
#5877 = CARTESIAN_POINT('',(34.750993322404,436.64634167036,
    14.360668701316));
#5878 = CARTESIAN_POINT('',(34.76,436.5146732159,14.354616830612));
#5879 = CARTESIAN_POINT('',(34.76,436.383,14.348560028828));
#5880 = PCURVE('',#1673,#5881);
#5881 = DEFINITIONAL_REPRESENTATION('',(#5882),#6084);
#5882 = B_SPLINE_CURVE_WITH_KNOTS('',3,(#5883,#5884,#5885,#5886,#5887,
    #5888,#5889,#5890,#5891,#5892,#5893,#5894,#5895,#5896,#5897,#5898,
    #5899,#5900,#5901,#5902,#5903,#5904,#5905,#5906,#5907,#5908,#5909,
    #5910,#5911,#5912,#5913,#5914,#5915,#5916,#5917,#5918,#5919,#5920,
    #5921,#5922,#5923,#5924,#5925,#5926,#5927,#5928,#5929,#5930,#5931,
    #5932,#5933,#5934,#5935,#5936,#5937,#5938,#5939,#5940,#5941,#5942,
    #5943,#5944,#5945,#5946,#5947,#5948,#5949,#5950,#5951,#5952,#5953,
    #5954,#5955,#5956,#5957,#5958,#5959,#5960,#5961,#5962,#5963,#5964,
    #5965,#5966,#5967,#5968,#5969,#5970,#5971,#5972,#5973,#5974,#5975,
    #5976,#5977,#5978,#5979,#5980,#5981,#5982,#5983,#5984,#5985,#5986,
    #5987,#5988,#5989,#5990,#5991,#5992,#5993,#5994,#5995,#5996,#5997,
    #5998,#5999,#6000,#6001,#6002,#6003,#6004,#6005,#6006,#6007,#6008,
    #6009,#6010,#6011,#6012,#6013,#6014,#6015,#6016,#6017,#6018,#6019,
    #6020,#6021,#6022,#6023,#6024,#6025,#6026,#6027,#6028,#6029,#6030,
    #6031,#6032,#6033,#6034,#6035,#6036,#6037,#6038,#6039,#6040,#6041,
    #6042,#6043,#6044,#6045,#6046,#6047,#6048,#6049,#6050,#6051,#6052,
    #6053,#6054,#6055,#6056,#6057,#6058,#6059,#6060,#6061,#6062,#6063,
    #6064,#6065,#6066,#6067,#6068,#6069,#6070,#6071,#6072,#6073,#6074,
    #6075,#6076,#6077,#6078,#6079,#6080,#6081,#6082,#6083),
  .UNSPECIFIED.,.T.,.F.,(4,1,1,1,1,1,1,1,1,1,1,1,1,1,1,1,1,1,1,1,1,1,1,1
    ,1,1,1,1,1,1,1,1,1,1,1,1,1,1,1,1,1,1,1,1,1,1,1,1,1,1,1,1,1,1,1,1,1,1
    ,1,1,1,1,1,1,1,1,1,1,1,1,1,1,1,1,1,1,1,1,1,1,1,1,1,1,1,1,1,1,1,1,1,1
    ,1,1,1,1,1,1,1,1,1,1,1,1,1,1,1,1,1,1,1,1,1,1,1,1,1,1,1,1,1,1,1,1,1,1
    ,1,1,1,1,1,1,1,1,1,1,1,1,1,1,1,1,1,1,1,1,1,1,1,1,1,1,1,1,1,1,1,1,1,1
    ,1,1,1,1,1,1,1,1,1,1,1,1,1,1,1,1,1,1,1,1,1,1,1,1,1,1,1,1,1,1,1,1,1,1
    ,1,1,1,1,4),(0.,3.209260760905E-02,6.418521521809E-02,
    9.627782282714E-02,0.128370430436,0.160463038045,0.192555645654,
    0.224648253263,0.256740860872,0.288833468481,0.32092607609,
    0.3530186837,0.385111291309,0.417203898918,0.449296506527,
    0.481389114136,0.513481721745,0.545574329354,0.577666936963,
    0.609759544572,0.641852152181,0.67394475979,0.706037367399,
    0.738129975008,0.770222582617,0.802315190226,0.834407797835,
    0.866500405444,0.898593013053,0.930685620662,0.962778228271,
    0.99487083588,1.026963443489,1.059056051099,1.091148658708,
    1.123241266317,1.155333873926,1.187426481535,1.219519089144,
    1.251611696753,1.283704304362,1.315796911971,1.34788951958,
    1.379982127189,1.412074734798,1.444167342407,1.476259950016,
    1.508352557625,1.540445165234,1.572537772843,1.604630380452,
    1.636722988061,1.66881559567,1.700908203279,1.733000810889,
    1.765093418498,1.797186026107,1.829278633716,1.861371241325,
    1.893463848934,1.925556456543,1.957649064152,1.989741671761,
    2.02183427937,2.053926886979,2.086019494588,2.118112102197,
    2.150204709806,2.182297317415,2.214389925024,2.246482532633,
    2.278575140242,2.310667747851,2.34276035546,2.374852963069,
    2.406945570679,2.439038178288,2.471130785897,2.503223393506,
    2.535316001115,2.567408608724,2.599501216333,2.631593823942,
    2.663686431551,2.69577903916,2.727871646769,2.759964254378,
    2.792056861987,2.824149469596,2.856242077205,2.888334684814,
    2.920427292423,2.952519900032,2.984612507641,3.01670511525,
    3.048797722859,3.080890330468,3.112982938078,3.145075545687,
    3.177168153296,3.209260760905,3.241353368514,3.273445976123,
    3.305538583732,3.337631191341,3.36972379895,3.401816406559,
    3.433909014168,3.466001621777,3.498094229386,3.530186836995,
    3.562279444604,3.594372052213,3.626464659822,3.658557267431,
    3.69064987504,3.722742482649,3.754835090258,3.786927697868,
    3.819020305477,3.851112913086,3.883205520695,3.915298128304,
    3.947390735913,3.979483343522,4.011575951131,4.04366855874,
    4.075761166349,4.107853773958,4.139946381567,4.172038989176,
    4.204131596785,4.236224204394,4.268316812003,4.300409419612,
    4.332502027221,4.36459463483,4.396687242439,4.428779850048,
    4.460872457657,4.492965065267,4.525057672876,4.557150280485,
    4.589242888094,4.621335495703,4.653428103312,4.685520710921,
    4.71761331853,4.749705926139,4.781798533748,4.813891141357,
    4.845983748966,4.878076356575,4.910168964184,4.942261571793,
    4.974354179402,5.006446787011,5.03853939462,5.070632002229,
    5.102724609838,5.134817217447,5.166909825057,5.199002432666,
    5.231095040275,5.263187647884,5.295280255493,5.327372863102,
    5.359465470711,5.39155807832,5.423650685929,5.455743293538,
    5.487835901147,5.519928508756,5.552021116365,5.584113723974,
    5.616206331583,5.648298939192,5.680391546801,5.71248415441,
    5.744576762019,5.776669369628,5.808761977237,5.840854584847,
    5.872947192456,5.905039800065,5.937132407674,5.969225015283,
    6.001317622892,6.033410230501,6.06550283811,6.097595445719,
    6.129688053328,6.161780660937,6.193873268546,6.225965876155,
    6.258058483764,6.290151091373,6.322243698982,6.354336306591),
  .QUASI_UNIFORM_KNOTS.);
#5883 = CARTESIAN_POINT('',(10.282691015349,0.59079711856));
#5884 = CARTESIAN_POINT('',(10.281677850509,0.590526583932));
#5885 = CARTESIAN_POINT('',(10.279685407106,0.589978195036));
#5886 = CARTESIAN_POINT('',(10.276800983718,0.589134462098));
#5887 = CARTESIAN_POINT('',(10.274023423954,0.588270384687));
#5888 = CARTESIAN_POINT('',(10.271355213132,0.587386782627));
#5889 = CARTESIAN_POINT('',(10.268798751947,0.586484486771));
#5890 = CARTESIAN_POINT('',(10.26635633094,0.585564335714));
#5891 = CARTESIAN_POINT('',(10.26403015443,0.584627183021));
#5892 = CARTESIAN_POINT('',(10.261822318724,0.583673890923));
#5893 = CARTESIAN_POINT('',(10.259734818069,0.582705330449));
#5894 = CARTESIAN_POINT('',(10.257769554751,0.581722386554));
#5895 = CARTESIAN_POINT('',(10.255928324334,0.580725953966));
#5896 = CARTESIAN_POINT('',(10.254212812324,0.579716938579));
#5897 = CARTESIAN_POINT('',(10.252624581644,0.578696248469));
#5898 = CARTESIAN_POINT('',(10.251165082744,0.577664800952));
#5899 = CARTESIAN_POINT('',(10.24983564893,0.576623518898));
#5900 = CARTESIAN_POINT('',(10.248637496002,0.575573331937));
#5901 = CARTESIAN_POINT('',(10.247571720807,0.574515176124));
#5902 = CARTESIAN_POINT('',(10.24663930229,0.573449996524));
#5903 = CARTESIAN_POINT('',(10.245841093361,0.572378739751));
#5904 = CARTESIAN_POINT('',(10.245177814449,0.571302340596));
#5905 = CARTESIAN_POINT('',(10.244650080591,0.570221762327));
#5906 = CARTESIAN_POINT('',(10.244258372074,0.569137959542));
#5907 = CARTESIAN_POINT('',(10.244003044437,0.568051887642));
#5908 = CARTESIAN_POINT('',(10.243884327982,0.566964500796));
#5909 = CARTESIAN_POINT('',(10.243902329336,0.565876752995));
#5910 = CARTESIAN_POINT('',(10.244057031713,0.56478959826));
#5911 = CARTESIAN_POINT('',(10.244348294714,0.563703991117));
#5912 = CARTESIAN_POINT('',(10.244775853627,0.562620886833));
#5913 = CARTESIAN_POINT('',(10.245339317609,0.561541242338));
#5914 = CARTESIAN_POINT('',(10.246038169206,0.560466014627));
#5915 = CARTESIAN_POINT('',(10.246871756038,0.559396168537));
#5916 = CARTESIAN_POINT('',(10.247839308836,0.558332649568));
#5917 = CARTESIAN_POINT('',(10.248939973958,0.557276368038));
#5918 = CARTESIAN_POINT('',(10.25017272291,0.556228287343));
#5919 = CARTESIAN_POINT('',(10.25153642044,0.555189344954));
#5920 = CARTESIAN_POINT('',(10.25302981064,0.554160473242));
#5921 = CARTESIAN_POINT('',(10.254651523345,0.553142594608));
#5922 = CARTESIAN_POINT('',(10.256400074377,0.552136623408));
#5923 = CARTESIAN_POINT('',(10.258273866762,0.551143465964));
#5924 = CARTESIAN_POINT('',(10.260271190859,0.55016402104));
#5925 = CARTESIAN_POINT('',(10.262390224491,0.549199179961));
#5926 = CARTESIAN_POINT('',(10.264629030835,0.548249827273));
#5927 = CARTESIAN_POINT('',(10.266985561882,0.547316839193));
#5928 = CARTESIAN_POINT('',(10.269457638512,0.546401089969));
#5929 = CARTESIAN_POINT('',(10.272043015175,0.545503428369));
#5930 = CARTESIAN_POINT('',(10.274739383866,0.544624679986));
#5931 = CARTESIAN_POINT('',(10.277544279102,0.54376568007));
#5932 = CARTESIAN_POINT('',(10.280455164375,0.542927243669));
#5933 = CARTESIAN_POINT('',(10.28346940888,0.542110173906));
#5934 = CARTESIAN_POINT('',(10.286584293593,0.54131526004));
#5935 = CARTESIAN_POINT('',(10.289797009388,0.54054327823));
#5936 = CARTESIAN_POINT('',(10.293104657649,0.539794991501));
#5937 = CARTESIAN_POINT('',(10.296504248878,0.539071150083));
#5938 = CARTESIAN_POINT('',(10.29999270687,0.538372490889));
#5939 = CARTESIAN_POINT('',(10.303566906358,0.537699728128));
#5940 = CARTESIAN_POINT('',(10.307223602373,0.537053568746));
#5941 = CARTESIAN_POINT('',(10.310959481935,0.536434701667));
#5942 = CARTESIAN_POINT('',(10.31477115077,0.535843799754));
#5943 = CARTESIAN_POINT('',(10.318655135129,0.535281518797));
#5944 = CARTESIAN_POINT('',(10.322607879131,0.534748497338));
#5945 = CARTESIAN_POINT('',(10.32662574507,0.534245355945));
#5946 = CARTESIAN_POINT('',(10.330705006493,0.53377269765));
#5947 = CARTESIAN_POINT('',(10.334841870872,0.533331103524));
#5948 = CARTESIAN_POINT('',(10.339032460652,0.532921134545));
#5949 = CARTESIAN_POINT('',(10.343272821196,0.532543329019));
#5950 = CARTESIAN_POINT('',(10.347558912357,0.532198202676));
#5951 = CARTESIAN_POINT('',(10.351886697706,0.531886241057));
#5952 = CARTESIAN_POINT('',(10.356251939013,0.531607913814));
#5953 = CARTESIAN_POINT('',(10.360650365197,0.531363658454));
#5954 = CARTESIAN_POINT('',(10.36507764848,0.531153882583));
#5955 = CARTESIAN_POINT('',(10.369529410495,0.530978962393));
#5956 = CARTESIAN_POINT('',(10.374001220301,0.530839241881));
#5957 = CARTESIAN_POINT('',(10.378488595481,0.530735031649));
#5958 = CARTESIAN_POINT('',(10.382986999638,0.530666607592));
#5959 = CARTESIAN_POINT('',(10.387491851829,0.530634209439));
#5960 = CARTESIAN_POINT('',(10.391998492567,0.530638038965));
#5961 = CARTESIAN_POINT('',(10.396502312269,0.530678258669));
#5962 = CARTESIAN_POINT('',(10.40099871333,0.53075499322));
#5963 = CARTESIAN_POINT('',(10.4054829711,0.530868325471));
#5964 = CARTESIAN_POINT('',(10.409950417044,0.531018297399));
#5965 = CARTESIAN_POINT('',(10.414396390938,0.531204909828));
#5966 = CARTESIAN_POINT('',(10.418816254755,0.531428122362));
#5967 = CARTESIAN_POINT('',(10.423205389941,0.531687853122));
#5968 = CARTESIAN_POINT('',(10.42755919985,0.531983978487));
#5969 = CARTESIAN_POINT('',(10.431873108607,0.532316332448));
#5970 = CARTESIAN_POINT('',(10.436142569674,0.532684706063));
#5971 = CARTESIAN_POINT('',(10.440363039979,0.533088844236));
#5972 = CARTESIAN_POINT('',(10.444530169344,0.53352846508));
#5973 = CARTESIAN_POINT('',(10.448639554864,0.534003235075));
#5974 = CARTESIAN_POINT('',(10.452686868208,0.534512782911));
#5975 = CARTESIAN_POINT('',(10.456667842117,0.535056697586));
#5976 = CARTESIAN_POINT('',(10.460578274963,0.535634528592));
#5977 = CARTESIAN_POINT('',(10.464414030581,0.536245785581));
#5978 = CARTESIAN_POINT('',(10.468171039432,0.536889938206));
#5979 = CARTESIAN_POINT('',(10.471845299565,0.537566415967));
#5980 = CARTESIAN_POINT('',(10.475432877491,0.5382746081));
#5981 = CARTESIAN_POINT('',(10.478929909994,0.539013863538));
#5982 = CARTESIAN_POINT('',(10.482332602626,0.539783490803));
#5983 = CARTESIAN_POINT('',(10.485637294112,0.54058276846));
#5984 = CARTESIAN_POINT('',(10.488840355034,0.541410924654));
#5985 = CARTESIAN_POINT('',(10.491938257231,0.542267151288));
#5986 = CARTESIAN_POINT('',(10.494927564162,0.543150600765));
#5987 = CARTESIAN_POINT('',(10.49780493834,0.544060386875));
#5988 = CARTESIAN_POINT('',(10.500567140001,0.544995582917));
#5989 = CARTESIAN_POINT('',(10.503211043954,0.545955227108));
#5990 = CARTESIAN_POINT('',(10.505733592629,0.546938302035));
#5991 = CARTESIAN_POINT('',(10.508132000481,0.547943816716));
#5992 = CARTESIAN_POINT('',(10.510403448611,0.548970686558));
#5993 = CARTESIAN_POINT('',(10.512545231476,0.550017778957));
#5994 = CARTESIAN_POINT('',(10.514554811095,0.551083937641));
#5995 = CARTESIAN_POINT('',(10.516429802479,0.552167977319));
#5996 = CARTESIAN_POINT('',(10.518167978097,0.553268686324));
#5997 = CARTESIAN_POINT('',(10.519767267825,0.554384827158));
#5998 = CARTESIAN_POINT('',(10.521225760707,0.555515137619));
#5999 = CARTESIAN_POINT('',(10.522541706801,0.556658331822));
#6000 = CARTESIAN_POINT('',(10.523713519586,0.557813101265));
#6001 = CARTESIAN_POINT('',(10.524739778788,0.558978115912));
#6002 = CARTESIAN_POINT('',(10.525619233652,0.560152025319));
#6003 = CARTESIAN_POINT('',(10.526350806678,0.561333459689));
#6004 = CARTESIAN_POINT('',(10.526933597692,0.562521031248));
#6005 = CARTESIAN_POINT('',(10.527366888741,0.563713334544));
#6006 = CARTESIAN_POINT('',(10.527650147949,0.564908950774));
#6007 = CARTESIAN_POINT('',(10.527783039274,0.566106437161));
#6008 = CARTESIAN_POINT('',(10.527765415224,0.567304476176));
#6009 = CARTESIAN_POINT('',(10.527597289271,0.568501636862));
#6010 = CARTESIAN_POINT('',(10.527278862973,0.569696511638));
#6011 = CARTESIAN_POINT('',(10.526810519536,0.570887694736));
#6012 = CARTESIAN_POINT('',(10.526192824564,0.572073789846));
#6013 = CARTESIAN_POINT('',(10.525426524773,0.573253409864));
#6014 = CARTESIAN_POINT('',(10.524512546935,0.5744251789));
#6015 = CARTESIAN_POINT('',(10.523451997266,0.575587733024));
#6016 = CARTESIAN_POINT('',(10.52224615814,0.576739723615));
#6017 = CARTESIAN_POINT('',(10.520896494392,0.577879811346));
#6018 = CARTESIAN_POINT('',(10.51940462226,0.579006695874));
#6019 = CARTESIAN_POINT('',(10.517772325002,0.580119097408));
#6020 = CARTESIAN_POINT('',(10.516001556649,0.581215753752));
#6021 = CARTESIAN_POINT('',(10.514094420773,0.58229543468));
#6022 = CARTESIAN_POINT('',(10.512053174866,0.583356938452));
#6023 = CARTESIAN_POINT('',(10.509880221916,0.584399093776));
#6024 = CARTESIAN_POINT('',(10.507578104475,0.585420763149));
#6025 = CARTESIAN_POINT('',(10.505149471203,0.586420852089));
#6026 = CARTESIAN_POINT('',(10.502597108283,0.587398296365));
#6027 = CARTESIAN_POINT('',(10.499923923629,0.588352066374));
#6028 = CARTESIAN_POINT('',(10.49713294067,0.58928116928));
#6029 = CARTESIAN_POINT('',(10.494227297709,0.59018464852));
#6030 = CARTESIAN_POINT('',(10.491210241422,0.591061584953));
#6031 = CARTESIAN_POINT('',(10.488085138301,0.591911093705));
#6032 = CARTESIAN_POINT('',(10.484855420064,0.592732336275));
#6033 = CARTESIAN_POINT('',(10.481524640828,0.593524507967));
#6034 = CARTESIAN_POINT('',(10.478096473104,0.594286837575));
#6035 = CARTESIAN_POINT('',(10.474574664517,0.595018597055));
#6036 = CARTESIAN_POINT('',(10.470963046976,0.59571909899));
#6037 = CARTESIAN_POINT('',(10.467265531836,0.596387697265));
#6038 = CARTESIAN_POINT('',(10.463486108922,0.597023786811));
#6039 = CARTESIAN_POINT('',(10.45962884444,0.597626803563));
#6040 = CARTESIAN_POINT('',(10.455697879825,0.598196224215));
#6041 = CARTESIAN_POINT('',(10.451697428352,0.598731566293));
#6042 = CARTESIAN_POINT('',(10.447631780159,0.599232386919));
#6043 = CARTESIAN_POINT('',(10.443505276281,0.599698286281));
#6044 = CARTESIAN_POINT('',(10.439322273948,0.600128912297));
#6045 = CARTESIAN_POINT('',(10.435087214514,0.600523949703));
#6046 = CARTESIAN_POINT('',(10.430804575905,0.6008831269));
#6047 = CARTESIAN_POINT('',(10.426478864969,0.601206214407));
#6048 = CARTESIAN_POINT('',(10.422114624236,0.601493024838));
#6049 = CARTESIAN_POINT('',(10.417716450067,0.601743410898));
#6050 = CARTESIAN_POINT('',(10.413288939912,0.601957268232));
#6051 = CARTESIAN_POINT('',(10.408836703773,0.602134533838));
#6052 = CARTESIAN_POINT('',(10.404364360055,0.602275185609));
#6053 = CARTESIAN_POINT('',(10.399876532487,0.602379241627));
#6054 = CARTESIAN_POINT('',(10.39537785903,0.602446759311));
#6055 = CARTESIAN_POINT('',(10.390872952467,0.602477835388));
#6056 = CARTESIAN_POINT('',(10.386366329776,0.602472604454));
#6057 = CARTESIAN_POINT('',(10.381862653237,0.602431237727));
#6058 = CARTESIAN_POINT('',(10.377366495073,0.602353944562));
#6059 = CARTESIAN_POINT('',(10.372882392195,0.602240970012));
#6060 = CARTESIAN_POINT('',(10.368414831296,0.602092593579));
#6061 = CARTESIAN_POINT('',(10.363968252661,0.601909127869));
#6062 = CARTESIAN_POINT('',(10.359547048841,0.601690917493));
#6063 = CARTESIAN_POINT('',(10.355155565185,0.60143833816));
#6064 = CARTESIAN_POINT('',(10.350798098153,0.601151795785));
#6065 = CARTESIAN_POINT('',(10.346478900621,0.600831726429));
#6066 = CARTESIAN_POINT('',(10.342202161461,0.600478593932));
#6067 = CARTESIAN_POINT('',(10.337972081036,0.600092897015));
#6068 = CARTESIAN_POINT('',(10.333792582594,0.599675141236));
#6069 = CARTESIAN_POINT('',(10.329667603201,0.599225861286));
#6070 = CARTESIAN_POINT('',(10.325601103903,0.598745626173));
#6071 = CARTESIAN_POINT('',(10.321596919428,0.598235022928));
#6072 = CARTESIAN_POINT('',(10.317658801506,0.597694659497));
#6073 = CARTESIAN_POINT('',(10.313790409976,0.597125162692));
#6074 = CARTESIAN_POINT('',(10.309995317545,0.596527177656));
#6075 = CARTESIAN_POINT('',(10.306277010548,0.595901367117));
#6076 = CARTESIAN_POINT('',(10.302638890429,0.59524841089));
#6077 = CARTESIAN_POINT('',(10.299084274739,0.594569005484));
#6078 = CARTESIAN_POINT('',(10.295616397685,0.593863863924));
#6079 = CARTESIAN_POINT('',(10.292238411344,0.593133715507));
#6080 = CARTESIAN_POINT('',(10.288953383022,0.592379306465));
#6081 = CARTESIAN_POINT('',(10.285764305745,0.591601397963));
#6082 = CARTESIAN_POINT('',(10.283704140872,0.591067649116));
#6083 = CARTESIAN_POINT('',(10.282691015349,0.59079711856));
#6084 = ( GEOMETRIC_REPRESENTATION_CONTEXT(2) 
PARAMETRIC_REPRESENTATION_CONTEXT() REPRESENTATION_CONTEXT('2D SPACE',''
  ) );
#6085 = PCURVE('',#6086,#6091);
#6086 = CYLINDRICAL_SURFACE('',#6087,2.2);
#6087 = AXIS2_PLACEMENT_3D('',#6088,#6089,#6090);
#6088 = CARTESIAN_POINT('',(32.56,436.383,0.));
#6089 = DIRECTION('',(-0.,-0.,-1.));
#6090 = DIRECTION('',(1.,0.,0.));
#6091 = DEFINITIONAL_REPRESENTATION('',(#6092),#6294);
#6092 = B_SPLINE_CURVE_WITH_KNOTS('',3,(#6093,#6094,#6095,#6096,#6097,
    #6098,#6099,#6100,#6101,#6102,#6103,#6104,#6105,#6106,#6107,#6108,
    #6109,#6110,#6111,#6112,#6113,#6114,#6115,#6116,#6117,#6118,#6119,
    #6120,#6121,#6122,#6123,#6124,#6125,#6126,#6127,#6128,#6129,#6130,
    #6131,#6132,#6133,#6134,#6135,#6136,#6137,#6138,#6139,#6140,#6141,
    #6142,#6143,#6144,#6145,#6146,#6147,#6148,#6149,#6150,#6151,#6152,
    #6153,#6154,#6155,#6156,#6157,#6158,#6159,#6160,#6161,#6162,#6163,
    #6164,#6165,#6166,#6167,#6168,#6169,#6170,#6171,#6172,#6173,#6174,
    #6175,#6176,#6177,#6178,#6179,#6180,#6181,#6182,#6183,#6184,#6185,
    #6186,#6187,#6188,#6189,#6190,#6191,#6192,#6193,#6194,#6195,#6196,
    #6197,#6198,#6199,#6200,#6201,#6202,#6203,#6204,#6205,#6206,#6207,
    #6208,#6209,#6210,#6211,#6212,#6213,#6214,#6215,#6216,#6217,#6218,
    #6219,#6220,#6221,#6222,#6223,#6224,#6225,#6226,#6227,#6228,#6229,
    #6230,#6231,#6232,#6233,#6234,#6235,#6236,#6237,#6238,#6239,#6240,
    #6241,#6242,#6243,#6244,#6245,#6246,#6247,#6248,#6249,#6250,#6251,
    #6252,#6253,#6254,#6255,#6256,#6257,#6258,#6259,#6260,#6261,#6262,
    #6263,#6264,#6265,#6266,#6267,#6268,#6269,#6270,#6271,#6272,#6273,
    #6274,#6275,#6276,#6277,#6278,#6279,#6280,#6281,#6282,#6283,#6284,
    #6285,#6286,#6287,#6288,#6289,#6290,#6291,#6292,#6293),
  .UNSPECIFIED.,.F.,.F.,(4,1,1,1,1,1,1,1,1,1,1,1,1,1,1,1,1,1,1,1,1,1,1,1
    ,1,1,1,1,1,1,1,1,1,1,1,1,1,1,1,1,1,1,1,1,1,1,1,1,1,1,1,1,1,1,1,1,1,1
    ,1,1,1,1,1,1,1,1,1,1,1,1,1,1,1,1,1,1,1,1,1,1,1,1,1,1,1,1,1,1,1,1,1,1
    ,1,1,1,1,1,1,1,1,1,1,1,1,1,1,1,1,1,1,1,1,1,1,1,1,1,1,1,1,1,1,1,1,1,1
    ,1,1,1,1,1,1,1,1,1,1,1,1,1,1,1,1,1,1,1,1,1,1,1,1,1,1,1,1,1,1,1,1,1,1
    ,1,1,1,1,1,1,1,1,1,1,1,1,1,1,1,1,1,1,1,1,1,1,1,1,1,1,1,1,1,1,1,1,1,1
    ,1,1,1,1,4),(0.,3.209260760905E-02,6.418521521809E-02,
    9.627782282714E-02,0.128370430436,0.160463038045,0.192555645654,
    0.224648253263,0.256740860872,0.288833468481,0.32092607609,
    0.3530186837,0.385111291309,0.417203898918,0.449296506527,
    0.481389114136,0.513481721745,0.545574329354,0.577666936963,
    0.609759544572,0.641852152181,0.67394475979,0.706037367399,
    0.738129975008,0.770222582617,0.802315190226,0.834407797835,
    0.866500405444,0.898593013053,0.930685620662,0.962778228271,
    0.99487083588,1.026963443489,1.059056051099,1.091148658708,
    1.123241266317,1.155333873926,1.187426481535,1.219519089144,
    1.251611696753,1.283704304362,1.315796911971,1.34788951958,
    1.379982127189,1.412074734798,1.444167342407,1.476259950016,
    1.508352557625,1.540445165234,1.572537772843,1.604630380452,
    1.636722988061,1.66881559567,1.700908203279,1.733000810889,
    1.765093418498,1.797186026107,1.829278633716,1.861371241325,
    1.893463848934,1.925556456543,1.957649064152,1.989741671761,
    2.02183427937,2.053926886979,2.086019494588,2.118112102197,
    2.150204709806,2.182297317415,2.214389925024,2.246482532633,
    2.278575140242,2.310667747851,2.34276035546,2.374852963069,
    2.406945570679,2.439038178288,2.471130785897,2.503223393506,
    2.535316001115,2.567408608724,2.599501216333,2.631593823942,
    2.663686431551,2.69577903916,2.727871646769,2.759964254378,
    2.792056861987,2.824149469596,2.856242077205,2.888334684814,
    2.920427292423,2.952519900032,2.984612507641,3.01670511525,
    3.048797722859,3.080890330468,3.112982938078,3.145075545687,
    3.177168153296,3.209260760905,3.241353368514,3.273445976123,
    3.305538583732,3.337631191341,3.36972379895,3.401816406559,
    3.433909014168,3.466001621777,3.498094229386,3.530186836995,
    3.562279444604,3.594372052213,3.626464659822,3.658557267431,
    3.69064987504,3.722742482649,3.754835090258,3.786927697868,
    3.819020305477,3.851112913086,3.883205520695,3.915298128304,
    3.947390735913,3.979483343522,4.011575951131,4.04366855874,
    4.075761166349,4.107853773958,4.139946381567,4.172038989176,
    4.204131596785,4.236224204394,4.268316812003,4.300409419612,
    4.332502027221,4.36459463483,4.396687242439,4.428779850048,
    4.460872457657,4.492965065267,4.525057672876,4.557150280485,
    4.589242888094,4.621335495703,4.653428103312,4.685520710921,
    4.71761331853,4.749705926139,4.781798533748,4.813891141357,
    4.845983748966,4.878076356575,4.910168964184,4.942261571793,
    4.974354179402,5.006446787011,5.03853939462,5.070632002229,
    5.102724609838,5.134817217447,5.166909825057,5.199002432666,
    5.231095040275,5.263187647884,5.295280255493,5.327372863102,
    5.359465470711,5.39155807832,5.423650685929,5.455743293538,
    5.487835901147,5.519928508756,5.552021116365,5.584113723974,
    5.616206331583,5.648298939192,5.680391546801,5.71248415441,
    5.744576762019,5.776669369628,5.808761977237,5.840854584847,
    5.872947192456,5.905039800065,5.937132407674,5.969225015283,
    6.001317622892,6.033410230501,6.06550283811,6.097595445719,
    6.129688053328,6.161780660937,6.193873268546,6.225965876155,
    6.258058483764,6.290151091373,6.322243698982,6.354336306591),
  .QUASI_UNIFORM_KNOTS.);
#6093 = CARTESIAN_POINT('',(-6.28318530718,-14.34856002882));
#6094 = CARTESIAN_POINT('',(-6.272612041356,-14.34749003346));
#6095 = CARTESIAN_POINT('',(-6.251464984637,-14.34534963348));
#6096 = CARTESIAN_POINT('',(-6.219742507147,-14.34214800758));
#6097 = CARTESIAN_POINT('',(-6.188017827479,-14.33896560334));
#6098 = CARTESIAN_POINT('',(-6.156290609867,-14.33581250811));
#6099 = CARTESIAN_POINT('',(-6.124560578618,-14.33269865109));
#6100 = CARTESIAN_POINT('',(-6.092827365672,-14.32963396833));
#6101 = CARTESIAN_POINT('',(-6.061090804738,-14.32662769076));
#6102 = CARTESIAN_POINT('',(-6.029350687156,-14.3236899397));
#6103 = CARTESIAN_POINT('',(-5.997606850794,-14.32082816098));
#6104 = CARTESIAN_POINT('',(-5.965859351063,-14.31804340486));
#6105 = CARTESIAN_POINT('',(-5.934108332298,-14.31533492452));
#6106 = CARTESIAN_POINT('',(-5.902354025751,-14.31270220834));
#6107 = CARTESIAN_POINT('',(-5.870596535318,-14.31014280769));
#6108 = CARTESIAN_POINT('',(-5.838836043476,-14.30765394816));
#6109 = CARTESIAN_POINT('',(-5.807072730226,-14.305231793));
#6110 = CARTESIAN_POINT('',(-5.775306816882,-14.3028717745));
#6111 = CARTESIAN_POINT('',(-5.743538572114,-14.30056858295));
#6112 = CARTESIAN_POINT('',(-5.711768403581,-14.29831625442));
#6113 = CARTESIAN_POINT('',(-5.679996649785,-14.29610820562));
#6114 = CARTESIAN_POINT('',(-5.648223203125,-14.29393731362));
#6115 = CARTESIAN_POINT('',(-5.616448717576,-14.29179606106));
#6116 = CARTESIAN_POINT('',(-5.584673521163,-14.2896765402));
#6117 = CARTESIAN_POINT('',(-5.552897915574,-14.28757056513));
#6118 = CARTESIAN_POINT('',(-5.521122131327,-14.28546975692));
#6119 = CARTESIAN_POINT('',(-5.489346373638,-14.28336563584));
#6120 = CARTESIAN_POINT('',(-5.457570842577,-14.28124971149));
#6121 = CARTESIAN_POINT('',(-5.425795761076,-14.27911357337));
#6122 = CARTESIAN_POINT('',(-5.394021396163,-14.27694898077));
#6123 = CARTESIAN_POINT('',(-5.362248101491,-14.27474795402));
#6124 = CARTESIAN_POINT('',(-5.330476286724,-14.27250286));
#6125 = CARTESIAN_POINT('',(-5.298706666515,-14.27020651845));
#6126 = CARTESIAN_POINT('',(-5.266939475496,-14.26785222988));
#6127 = CARTESIAN_POINT('',(-5.235173986098,-14.26543379798));
#6128 = CARTESIAN_POINT('',(-5.203411172702,-14.26294581684));
#6129 = CARTESIAN_POINT('',(-5.171651375743,-14.2603835587));
#6130 = CARTESIAN_POINT('',(-5.13989493331,-14.25774308616));
#6131 = CARTESIAN_POINT('',(-5.108142048848,-14.25502129828));
#6132 = CARTESIAN_POINT('',(-5.076392861436,-14.25221598556));
#6133 = CARTESIAN_POINT('',(-5.044647459886,-14.24932587378));
#6134 = CARTESIAN_POINT('',(-5.012905912332,-14.2463506622));
#6135 = CARTESIAN_POINT('',(-4.981168286437,-14.24329105405));
#6136 = CARTESIAN_POINT('',(-4.949434691344,-14.2401487818));
#6137 = CARTESIAN_POINT('',(-4.917705244819,-14.23692661989));
#6138 = CARTESIAN_POINT('',(-4.885980323772,-14.23362841108));
#6139 = CARTESIAN_POINT('',(-4.854259764963,-14.23025900957));
#6140 = CARTESIAN_POINT('',(-4.822542927497,-14.22682420407));
#6141 = CARTESIAN_POINT('',(-4.790829872123,-14.2233308797));
#6142 = CARTESIAN_POINT('',(-4.759120321292,-14.21978689024));
#6143 = CARTESIAN_POINT('',(-4.727413969291,-14.21620102969));
#6144 = CARTESIAN_POINT('',(-4.695710431347,-14.21258297733));
#6145 = CARTESIAN_POINT('',(-4.664009289735,-14.20894324971));
#6146 = CARTESIAN_POINT('',(-4.632310109894,-14.20529315161));
#6147 = CARTESIAN_POINT('',(-4.600612474296,-14.20164472402));
#6148 = CARTESIAN_POINT('',(-4.568915968034,-14.19801070514));
#6149 = CARTESIAN_POINT('',(-4.537219825335,-14.19440431867));
#6150 = CARTESIAN_POINT('',(-4.505523616138,-14.19083933674));
#6151 = CARTESIAN_POINT('',(-4.473826788353,-14.18732993234));
#6152 = CARTESIAN_POINT('',(-4.442128798148,-14.18389058957));
#6153 = CARTESIAN_POINT('',(-4.410429105364,-14.18053600136));
#6154 = CARTESIAN_POINT('',(-4.378727209747,-14.17728097162));
#6155 = CARTESIAN_POINT('',(-4.347022662249,-14.1741403124));
#6156 = CARTESIAN_POINT('',(-4.31531513639,-14.17112875658));
#6157 = CARTESIAN_POINT('',(-4.283604254182,-14.1682607982));
#6158 = CARTESIAN_POINT('',(-4.251889754301,-14.16555066816));
#6159 = CARTESIAN_POINT('',(-4.220171441244,-14.16301207319));
#6160 = CARTESIAN_POINT('',(-4.188449267433,-14.16065825271));
#6161 = CARTESIAN_POINT('',(-4.156722696849,-14.15850170224));
#6162 = CARTESIAN_POINT('',(-4.124992233622,-14.15655444325));
#6163 = CARTESIAN_POINT('',(-4.09325818805,-14.15482750957));
#6164 = CARTESIAN_POINT('',(-4.0615208852,-14.15333090245));
#6165 = CARTESIAN_POINT('',(-4.029780648458,-14.15207349117));
#6166 = CARTESIAN_POINT('',(-3.998037843582,-14.15106294634));
#6167 = CARTESIAN_POINT('',(-3.966292900564,-14.15030568287));
#6168 = CARTESIAN_POINT('',(-3.934546362085,-14.14980681775));
#6169 = CARTESIAN_POINT('',(-3.90279884972,-14.14957014527));
#6170 = CARTESIAN_POINT('',(-3.871051338228,-14.14959811385));
#6171 = CARTESIAN_POINT('',(-3.839304289048,-14.14989186512));
#6172 = CARTESIAN_POINT('',(-3.807557953377,-14.15045100162));
#6173 = CARTESIAN_POINT('',(-3.77581339138,-14.15127377085));
#6174 = CARTESIAN_POINT('',(-3.744071221505,-14.15235702156));
#6175 = CARTESIAN_POINT('',(-3.712331995088,-14.15369613845));
#6176 = CARTESIAN_POINT('',(-3.680596135607,-14.15528503));
#6177 = CARTESIAN_POINT('',(-3.648863994755,-14.15711614977));
#6178 = CARTESIAN_POINT('',(-3.617135872236,-14.15918055559));
#6179 = CARTESIAN_POINT('',(-3.585412063263,-14.16146800838));
#6180 = CARTESIAN_POINT('',(-3.553692834611,-14.16396709947));
#6181 = CARTESIAN_POINT('',(-3.521978665398,-14.16666544901));
#6182 = CARTESIAN_POINT('',(-3.490268841973,-14.16954978674));
#6183 = CARTESIAN_POINT('',(-3.458563350872,-14.1726059229));
#6184 = CARTESIAN_POINT('',(-3.4268619348,-14.17581892734));
#6185 = CARTESIAN_POINT('',(-3.395164228286,-14.17917325439));
#6186 = CARTESIAN_POINT('',(-3.363469755795,-14.18265288176));
#6187 = CARTESIAN_POINT('',(-3.331777966703,-14.18624144563));
#6188 = CARTESIAN_POINT('',(-3.300088260008,-14.18992237684));
#6189 = CARTESIAN_POINT('',(-3.268400010423,-14.19367903665));
#6190 = CARTESIAN_POINT('',(-3.236712593873,-14.19749485293));
#6191 = CARTESIAN_POINT('',(-3.20502540632,-14.20135345523));
#6192 = CARTESIAN_POINT('',(-3.173337899872,-14.20523881387));
#6193 = CARTESIAN_POINT('',(-3.141649085585,-14.20913545771));
#6194 = CARTESIAN_POINT('',(-3.109958466872,-14.21302844715));
#6195 = CARTESIAN_POINT('',(-3.078265451384,-14.21690364022));
#6196 = CARTESIAN_POINT('',(-3.046569493447,-14.22074775799));
#6197 = CARTESIAN_POINT('',(-3.014870075418,-14.22454849347));
#6198 = CARTESIAN_POINT('',(-2.983166788815,-14.22829460346));
#6199 = CARTESIAN_POINT('',(-2.951459184622,-14.23197602507));
#6200 = CARTESIAN_POINT('',(-2.919747451947,-14.23558391074));
#6201 = CARTESIAN_POINT('',(-2.888029835239,-14.2391109834));
#6202 = CARTESIAN_POINT('',(-2.856306533974,-14.24255106118));
#6203 = CARTESIAN_POINT('',(-2.824578163814,-14.24589938022));
#6204 = CARTESIAN_POINT('',(-2.792845057141,-14.24915266977));
#6205 = CARTESIAN_POINT('',(-2.761107491258,-14.25230913181));
#6206 = CARTESIAN_POINT('',(-2.729365664963,-14.25536842873));
#6207 = CARTESIAN_POINT('',(-2.697619739973,-14.25833165142));
#6208 = CARTESIAN_POINT('',(-2.665869862981,-14.26120127518));
#6209 = CARTESIAN_POINT('',(-2.634116191517,-14.2639811014));
#6210 = CARTESIAN_POINT('',(-2.602358918005,-14.26667618561));
#6211 = CARTESIAN_POINT('',(-2.570598294351,-14.26929275173));
#6212 = CARTESIAN_POINT('',(-2.538834656473,-14.27183809261));
#6213 = CARTESIAN_POINT('',(-2.50706845199,-14.27432045653));
#6214 = CARTESIAN_POINT('',(-2.47530026192,-14.27674892107));
#6215 = CARTESIAN_POINT('',(-2.443530852907,-14.27913324883));
#6216 = CARTESIAN_POINT('',(-2.411761126023,-14.28148374579));
#6217 = CARTESIAN_POINT('',(-2.379992464237,-14.28381104488));
#6218 = CARTESIAN_POINT('',(-2.348222848394,-14.2861263295));
#6219 = CARTESIAN_POINT('',(-2.316453248936,-14.28844069123));
#6220 = CARTESIAN_POINT('',(-2.28468405503,-14.29076515495));
#6221 = CARTESIAN_POINT('',(-2.252915711562,-14.29311051516));
#6222 = CARTESIAN_POINT('',(-2.221148580135,-14.29548720089));
#6223 = CARTESIAN_POINT('',(-2.189383009756,-14.29790513278));
#6224 = CARTESIAN_POINT('',(-2.157619346955,-14.30037358308));
#6225 = CARTESIAN_POINT('',(-2.125857978935,-14.30290103158));
#6226 = CARTESIAN_POINT('',(-2.094099303771,-14.30549503519));
#6227 = CARTESIAN_POINT('',(-2.062343956257,-14.30816204675));
#6228 = CARTESIAN_POINT('',(-2.030592050147,-14.3109074551));
#6229 = CARTESIAN_POINT('',(-1.998843736287,-14.31373533754));
#6230 = CARTESIAN_POINT('',(-1.967099351715,-14.3166488119));
#6231 = CARTESIAN_POINT('',(-1.935359043147,-14.3196490067));
#6232 = CARTESIAN_POINT('',(-1.903622951157,-14.32273636978));
#6233 = CARTESIAN_POINT('',(-1.871891156144,-14.32590993722));
#6234 = CARTESIAN_POINT('',(-1.840163628209,-14.32916246327));
#6235 = CARTESIAN_POINT('',(-1.808439906281,-14.33247991538));
#6236 = CARTESIAN_POINT('',(-1.776719637477,-14.33584995961));
#6237 = CARTESIAN_POINT('',(-1.74500242945,-14.33925949856));
#6238 = CARTESIAN_POINT('',(-1.713287829101,-14.34269550122));
#6239 = CARTESIAN_POINT('',(-1.681575368062,-14.34614484786));
#6240 = CARTESIAN_POINT('',(-1.649864549033,-14.349594445));
#6241 = CARTESIAN_POINT('',(-1.618155001078,-14.35303124535));
#6242 = CARTESIAN_POINT('',(-1.586446013715,-14.35644237771));
#6243 = CARTESIAN_POINT('',(-1.554737093812,-14.35981509125));
#6244 = CARTESIAN_POINT('',(-1.523027990616,-14.36313683993));
#6245 = CARTESIAN_POINT('',(-1.491318326661,-14.36639537604));
#6246 = CARTESIAN_POINT('',(-1.459607722859,-14.36957877276));
#6247 = CARTESIAN_POINT('',(-1.42789579297,-14.37267546584));
#6248 = CARTESIAN_POINT('',(-1.396182174891,-14.37567429));
#6249 = CARTESIAN_POINT('',(-1.364466551929,-14.37856451696));
#6250 = CARTESIAN_POINT('',(-1.332748681939,-14.38133589263));
#6251 = CARTESIAN_POINT('',(-1.301028407634,-14.38397867578));
#6252 = CARTESIAN_POINT('',(-1.269305734837,-14.38648367168));
#6253 = CARTESIAN_POINT('',(-1.237580656171,-14.38884228446));
#6254 = CARTESIAN_POINT('',(-1.205852909288,-14.3910465064));
#6255 = CARTESIAN_POINT('',(-1.174122568391,-14.39308896098));
#6256 = CARTESIAN_POINT('',(-1.14238969364,-14.39496292665));
#6257 = CARTESIAN_POINT('',(-1.110654327392,-14.39666234104));
#6258 = CARTESIAN_POINT('',(-1.078916571438,-14.39818183215));
#6259 = CARTESIAN_POINT('',(-1.047176759644,-14.39951671264));
#6260 = CARTESIAN_POINT('',(-1.015435111046,-14.40066301598));
#6261 = CARTESIAN_POINT('',(-0.983691851539,-14.40161748822));
#6262 = CARTESIAN_POINT('',(-0.951947221442,-14.40237759106));
#6263 = CARTESIAN_POINT('',(-0.920201491361,-14.4029415024));
#6264 = CARTESIAN_POINT('',(-0.88845506157,-14.40330811568));
#6265 = CARTESIAN_POINT('',(-0.856708219399,-14.40347704654));
#6266 = CARTESIAN_POINT('',(-0.824960677037,-14.40344860281));
#6267 = CARTESIAN_POINT('',(-0.793213304454,-14.40322378577));
#6268 = CARTESIAN_POINT('',(-0.761466506053,-14.40280428714));
#6269 = CARTESIAN_POINT('',(-0.729720641133,-14.40219246587));
#6270 = CARTESIAN_POINT('',(-0.697975950533,-14.40139132929));
#6271 = CARTESIAN_POINT('',(-0.666232613508,-14.40040451227));
#6272 = CARTESIAN_POINT('',(-0.634490767127,-14.39923625613));
#6273 = CARTESIAN_POINT('',(-0.602750538211,-14.39789138703));
#6274 = CARTESIAN_POINT('',(-0.571012058724,-14.39637529292));
#6275 = CARTESIAN_POINT('',(-0.539275534394,-14.39469390326));
#6276 = CARTESIAN_POINT('',(-0.507541119904,-14.39285365535));
#6277 = CARTESIAN_POINT('',(-0.475809520828,-14.39086150779));
#6278 = CARTESIAN_POINT('',(-0.444079845256,-14.38872477205));
#6279 = CARTESIAN_POINT('',(-0.412351771096,-14.38645120812));
#6280 = CARTESIAN_POINT('',(-0.380625693963,-14.38404902117));
#6281 = CARTESIAN_POINT('',(-0.348901602939,-14.38152675282));
#6282 = CARTESIAN_POINT('',(-0.317179420979,-14.37889327023));
#6283 = CARTESIAN_POINT('',(-0.28545894976,-14.37615772932));
#6284 = CARTESIAN_POINT('',(-0.253739917957,-14.37332954537));
#6285 = CARTESIAN_POINT('',(-0.222021999815,-14.37041836195));
#6286 = CARTESIAN_POINT('',(-0.190304840339,-14.36743402069));
#6287 = CARTESIAN_POINT('',(-0.15858807787,-14.3643865312));
#6288 = CARTESIAN_POINT('',(-0.126871367693,-14.36128604131));
#6289 = CARTESIAN_POINT('',(-9.515440439188E-02,-14.35814280761));
#6290 = CARTESIAN_POINT('',(-6.343695147015E-02,-14.35496716628));
#6291 = CARTESIAN_POINT('',(-3.17188494389E-02,-14.35176950418));
#6292 = CARTESIAN_POINT('',(-1.057302440948E-02,-14.34962998828));
#6293 = CARTESIAN_POINT('',(7.727152251391E-14,-14.34856002882));
#6294 = ( GEOMETRIC_REPRESENTATION_CONTEXT(2) 
PARAMETRIC_REPRESENTATION_CONTEXT() REPRESENTATION_CONTEXT('2D SPACE',''
  ) );
#6295 = ADVANCED_FACE('',(#6296),#6086,.F.);
#6296 = FACE_BOUND('',#6297,.T.);
#6297 = EDGE_LOOP('',(#6298,#6299,#6322,#6348));
#6298 = ORIENTED_EDGE('',*,*,#5726,.T.);
#6299 = ORIENTED_EDGE('',*,*,#6300,.T.);
#6300 = EDGE_CURVE('',#5727,#6301,#6303,.T.);
#6301 = VERTEX_POINT('',#6302);
#6302 = CARTESIAN_POINT('',(34.76,436.383,18.3));
#6303 = SEAM_CURVE('',#6304,(#6308,#6315),.PCURVE_S1.);
#6304 = LINE('',#6305,#6306);
#6305 = CARTESIAN_POINT('',(34.76,436.383,0.));
#6306 = VECTOR('',#6307,1.);
#6307 = DIRECTION('',(-0.,-0.,1.));
#6308 = PCURVE('',#6086,#6309);
#6309 = DEFINITIONAL_REPRESENTATION('',(#6310),#6314);
#6310 = LINE('',#6311,#6312);
#6311 = CARTESIAN_POINT('',(-0.,0.));
#6312 = VECTOR('',#6313,1.);
#6313 = DIRECTION('',(-0.,-1.));
#6314 = ( GEOMETRIC_REPRESENTATION_CONTEXT(2) 
PARAMETRIC_REPRESENTATION_CONTEXT() REPRESENTATION_CONTEXT('2D SPACE',''
  ) );
#6315 = PCURVE('',#6086,#6316);
#6316 = DEFINITIONAL_REPRESENTATION('',(#6317),#6321);
#6317 = LINE('',#6318,#6319);
#6318 = CARTESIAN_POINT('',(-6.28318530718,0.));
#6319 = VECTOR('',#6320,1.);
#6320 = DIRECTION('',(-0.,-1.));
#6321 = ( GEOMETRIC_REPRESENTATION_CONTEXT(2) 
PARAMETRIC_REPRESENTATION_CONTEXT() REPRESENTATION_CONTEXT('2D SPACE',''
  ) );
#6322 = ORIENTED_EDGE('',*,*,#6323,.T.);
#6323 = EDGE_CURVE('',#6301,#6301,#6324,.T.);
#6324 = SURFACE_CURVE('',#6325,(#6330,#6337),.PCURVE_S1.);
#6325 = CIRCLE('',#6326,2.2);
#6326 = AXIS2_PLACEMENT_3D('',#6327,#6328,#6329);
#6327 = CARTESIAN_POINT('',(32.56,436.383,18.3));
#6328 = DIRECTION('',(0.,0.,1.));
#6329 = DIRECTION('',(1.,0.,0.));
#6330 = PCURVE('',#6086,#6331);
#6331 = DEFINITIONAL_REPRESENTATION('',(#6332),#6336);
#6332 = LINE('',#6333,#6334);
#6333 = CARTESIAN_POINT('',(-0.,-18.3));
#6334 = VECTOR('',#6335,1.);
#6335 = DIRECTION('',(-1.,0.));
#6336 = ( GEOMETRIC_REPRESENTATION_CONTEXT(2) 
PARAMETRIC_REPRESENTATION_CONTEXT() REPRESENTATION_CONTEXT('2D SPACE',''
  ) );
#6337 = PCURVE('',#375,#6338);
#6338 = DEFINITIONAL_REPRESENTATION('',(#6339),#6347);
#6339 = ( BOUNDED_CURVE() B_SPLINE_CURVE(2,(#6340,#6341,#6342,#6343,
#6344,#6345,#6346),.UNSPECIFIED.,.T.,.F.) B_SPLINE_CURVE_WITH_KNOTS((1,2
    ,2,2,2,1),(-2.094395102393,0.,2.094395102393,4.188790204786,
6.28318530718,8.377580409573),.UNSPECIFIED.) CURVE() 
GEOMETRIC_REPRESENTATION_ITEM() RATIONAL_B_SPLINE_CURVE((1.,0.5,1.,0.5,
1.,0.5,1.)) REPRESENTATION_ITEM('') );
#6340 = CARTESIAN_POINT('',(-34.75919301259,204.76420413799));
#6341 = CARTESIAN_POINT('',(-34.75919301259,208.57471591464));
#6342 = CARTESIAN_POINT('',(-31.45919301259,206.66946002632));
#6343 = CARTESIAN_POINT('',(-28.15919301259,204.76420413799));
#6344 = CARTESIAN_POINT('',(-31.45919301259,202.85894824966));
#6345 = CARTESIAN_POINT('',(-34.75919301259,200.95369236134));
#6346 = CARTESIAN_POINT('',(-34.75919301259,204.76420413799));
#6347 = ( GEOMETRIC_REPRESENTATION_CONTEXT(2) 
PARAMETRIC_REPRESENTATION_CONTEXT() REPRESENTATION_CONTEXT('2D SPACE',''
  ) );
#6348 = ORIENTED_EDGE('',*,*,#6300,.F.);
#6349 = ADVANCED_FACE('',(#6350),#546,.F.);
#6350 = FACE_BOUND('',#6351,.F.);
#6351 = EDGE_LOOP('',(#6352,#6392,#6393,#6433));
#6352 = ORIENTED_EDGE('',*,*,#6353,.F.);
#6353 = EDGE_CURVE('',#4784,#527,#6354,.T.);
#6354 = SURFACE_CURVE('',#6355,(#6378,#6385),.PCURVE_S1.);
#6355 = ( BOUNDED_CURVE() B_SPLINE_CURVE(3,(#6356,#6357,#6358,#6359,
    #6360,#6361,#6362,#6363,#6364,#6365,#6366,#6367,#6368,#6369,#6370,
    #6371,#6372,#6373,#6374,#6375,#6376,#6377),.UNSPECIFIED.,.F.,.F.) 
B_SPLINE_CURVE_WITH_KNOTS((4,1,1,1,1,1,1,1,1,1,1,1,1,1,1,1,1,1,1,4),(0.,
    5.218380768594E-02,0.104924849979,0.158249728388,0.212037422186,
    0.266073258756,0.320098130577,0.373854821642,0.427134464983,
    0.479826107743,0.531971081028,0.583831321693,0.635742389654,
    0.687819682816,0.740024789052,0.792245645251,0.844362126807,
0.89631140842,0.94815736877,1.),.UNSPECIFIED.) CURVE() 
GEOMETRIC_REPRESENTATION_ITEM() RATIONAL_B_SPLINE_CURVE((1.,
    1.000000000002,0.999999999999,1.,1.,1.,1.,1.,1.,1.,1.,1.,1.,1.,1.,1.
    ,1.,1.000000000001,0.999999999997,1.000000000012,0.999999999975,1.))
 REPRESENTATION_ITEM('') );
#6356 = CARTESIAN_POINT('',(-2.76399268908,415.45287769577,
    0.169401042153));
#6357 = CARTESIAN_POINT('',(-3.996513810359,415.51747891499,
    0.317084416987));
#6358 = CARTESIAN_POINT('',(-6.461350312143,415.73393527263,
    0.798265676061));
#6359 = CARTESIAN_POINT('',(-10.10548003485,416.31265539024,
    1.952433488179));
#6360 = CARTESIAN_POINT('',(-13.695505684,417.14284870218,3.43026342814)
  );
#6361 = CARTESIAN_POINT('',(-17.21608467815,418.22013152034,
    5.121704587205));
#6362 = CARTESIAN_POINT('',(-20.65185409237,419.53931474545,
    6.917465681782));
#6363 = CARTESIAN_POINT('',(-23.98755890039,421.09439775551,
    8.708996526117));
#6364 = CARTESIAN_POINT('',(-27.2082664558,422.87859213497,
    10.386185788541));
#6365 = CARTESIAN_POINT('',(-30.29962195371,424.88452088979,
    11.844284504351));
#6366 = CARTESIAN_POINT('',(-33.2476560467,427.1041131905,
    12.956567028587));
#6367 = CARTESIAN_POINT('',(-36.03985172468,429.5297546242,
    13.672286104514));
#6368 = CARTESIAN_POINT('',(-38.65779002724,432.14739582947,
    13.651501303931));
#6369 = CARTESIAN_POINT('',(-41.08024744273,434.93479270773,
    13.974603748709));
#6370 = CARTESIAN_POINT('',(-43.29926161588,437.88022993964,
    14.575699750861));
#6371 = CARTESIAN_POINT('',(-45.30616581447,440.97097009555,
    15.313115728289));
#6372 = CARTESIAN_POINT('',(-47.09274735212,444.19379854648,
    16.066805415635));
#6373 = CARTESIAN_POINT('',(-48.65123769312,447.5350149356,
    16.711433979028));
#6374 = CARTESIAN_POINT('',(-49.9745575672,450.98125390206,
    17.121673889677));
#6375 = CARTESIAN_POINT('',(-51.05470962145,454.51358846935,
    17.173333766404));
#6376 = CARTESIAN_POINT('',(-51.60723587405,456.90870761601,
    17.037859376566));
#6377 = CARTESIAN_POINT('',(-51.84218562583,458.11589993167,17.130859375
    ));
#6378 = PCURVE('',#546,#6379);
#6379 = DEFINITIONAL_REPRESENTATION('',(#6380),#6384);
#6380 = LINE('',#6381,#6382);
#6381 = CARTESIAN_POINT('',(9.,0.));
#6382 = VECTOR('',#6383,1.);
#6383 = DIRECTION('',(0.,1.));
#6384 = ( GEOMETRIC_REPRESENTATION_CONTEXT(2) 
PARAMETRIC_REPRESENTATION_CONTEXT() REPRESENTATION_CONTEXT('2D SPACE',''
  ) );
#6385 = PCURVE('',#620,#6386);
#6386 = DEFINITIONAL_REPRESENTATION('',(#6387),#6391);
#6387 = LINE('',#6388,#6389);
#6388 = CARTESIAN_POINT('',(9.,0.));
#6389 = VECTOR('',#6390,1.);
#6390 = DIRECTION('',(0.,1.));
#6391 = ( GEOMETRIC_REPRESENTATION_CONTEXT(2) 
PARAMETRIC_REPRESENTATION_CONTEXT() REPRESENTATION_CONTEXT('2D SPACE',''
  ) );
#6392 = ORIENTED_EDGE('',*,*,#4804,.T.);
#6393 = ORIENTED_EDGE('',*,*,#6394,.T.);
#6394 = EDGE_CURVE('',#4589,#498,#6395,.T.);
#6395 = SURFACE_CURVE('',#6396,(#6419,#6426),.PCURVE_S1.);
#6396 = ( BOUNDED_CURVE() B_SPLINE_CURVE(3,(#6397,#6398,#6399,#6400,
    #6401,#6402,#6403,#6404,#6405,#6406,#6407,#6408,#6409,#6410,#6411,
    #6412,#6413,#6414,#6415,#6416,#6417,#6418),.UNSPECIFIED.,.F.,.F.) 
B_SPLINE_CURVE_WITH_KNOTS((4,1,1,1,1,1,1,1,1,1,1,1,1,1,1,1,1,1,1,4),(0.,
    5.218380768594E-02,0.104924849979,0.158249728388,0.212037422186,
    0.266073258756,0.320098130577,0.373854821642,0.427134464983,
    0.479826107743,0.531971081028,0.583831321693,0.635742389654,
    0.687819682816,0.740024789052,0.792245645251,0.844362126807,
0.89631140842,0.94815736877,1.),.UNSPECIFIED.) CURVE() 
GEOMETRIC_REPRESENTATION_ITEM() RATIONAL_B_SPLINE_CURVE((1.,
    1.000000000002,0.999999999999,1.,1.,1.,1.,1.,1.,1.,1.,1.,1.,1.,1.,1.
    ,1.,1.000000000001,0.999999999997,1.000000000012,0.999999999975,1.))
 REPRESENTATION_ITEM('') );
#6397 = CARTESIAN_POINT('',(-2.695301746512,416.76357896014,
    0.177006803229));
#6398 = CARTESIAN_POINT('',(-3.897192165726,416.82657471491,
    0.331320860542));
#6399 = CARTESIAN_POINT('',(-6.300772375224,417.03765166962,
    0.834106175642));
#6400 = CARTESIAN_POINT('',(-9.854337927525,417.60198939953,
    2.040093767284));
#6401 = CARTESIAN_POINT('',(-13.35514400426,418.41155068676,
    3.584275255514));
#6402 = CARTESIAN_POINT('',(-16.78822931929,419.46206079625,
    5.351658670715));
#6403 = CARTESIAN_POINT('',(-20.13861274806,420.74845958608,
    7.228045773616));
#6404 = CARTESIAN_POINT('',(-23.39141838334,422.26489556278,
    9.100012696677));
#6405 = CARTESIAN_POINT('',(-26.53208468589,424.00474901682,
    10.852504334148));
#6406 = CARTESIAN_POINT('',(-29.54661359747,425.9608262878,
    12.376068706587));
#6407 = CARTESIAN_POINT('',(-32.42138293785,428.12525712305,
    13.538290446197));
#6408 = CARTESIAN_POINT('',(-35.14418677058,430.4906163436,
    14.286143847982));
#6409 = CARTESIAN_POINT('',(-37.69706388455,433.04320374377,
    14.26442585227));
#6410 = CARTESIAN_POINT('',(-40.05931821634,435.76132803689,
    14.602034937427));
#6411 = CARTESIAN_POINT('',(-42.2231852917,438.63356505356,
    15.230118923348));
#6412 = CARTESIAN_POINT('',(-44.18021376465,441.64749391568,
    16.000643373233));
#6413 = CARTESIAN_POINT('',(-45.92239505106,444.79022840501,
    16.788172189398));
#6414 = CARTESIAN_POINT('',(-47.44215367945,448.04840864753,
    17.461743259718));
#6415 = CARTESIAN_POINT('',(-48.73258631405,451.4090014372,
    17.890402105135));
#6416 = CARTESIAN_POINT('',(-49.78589435275,454.85355017986,
    17.944381404882));
#6417 = CARTESIAN_POINT('',(-50.32468918369,457.18914564334,
    17.802824491462));
#6418 = CARTESIAN_POINT('',(-50.55379994755,458.3663367381,17.9));
#6419 = PCURVE('',#546,#6420);
#6420 = DEFINITIONAL_REPRESENTATION('',(#6421),#6425);
#6421 = LINE('',#6422,#6423);
#6422 = CARTESIAN_POINT('',(10.,0.));
#6423 = VECTOR('',#6424,1.);
#6424 = DIRECTION('',(0.,1.));
#6425 = ( GEOMETRIC_REPRESENTATION_CONTEXT(2) 
PARAMETRIC_REPRESENTATION_CONTEXT() REPRESENTATION_CONTEXT('2D SPACE',''
  ) );
#6426 = PCURVE('',#201,#6427);
#6427 = DEFINITIONAL_REPRESENTATION('',(#6428),#6432);
#6428 = LINE('',#6429,#6430);
#6429 = CARTESIAN_POINT('',(10.,0.));
#6430 = VECTOR('',#6431,1.);
#6431 = DIRECTION('',(0.,1.));
#6432 = ( GEOMETRIC_REPRESENTATION_CONTEXT(2) 
PARAMETRIC_REPRESENTATION_CONTEXT() REPRESENTATION_CONTEXT('2D SPACE',''
  ) );
#6433 = ORIENTED_EDGE('',*,*,#526,.T.);
#6434 = ADVANCED_FACE('',(#6435),#620,.F.);
#6435 = FACE_BOUND('',#6436,.F.);
#6436 = EDGE_LOOP('',(#6437,#6477,#6478,#6479));
#6437 = ORIENTED_EDGE('',*,*,#6438,.F.);
#6438 = EDGE_CURVE('',#4763,#601,#6439,.T.);
#6439 = SURFACE_CURVE('',#6440,(#6463,#6470),.PCURVE_S1.);
#6440 = ( BOUNDED_CURVE() B_SPLINE_CURVE(3,(#6441,#6442,#6443,#6444,
    #6445,#6446,#6447,#6448,#6449,#6450,#6451,#6452,#6453,#6454,#6455,
    #6456,#6457,#6458,#6459,#6460,#6461,#6462),.UNSPECIFIED.,.F.,.F.) 
B_SPLINE_CURVE_WITH_KNOTS((4,1,1,1,1,1,1,1,1,1,1,1,1,1,1,1,1,1,1,4),(0.,
    5.218380768594E-02,0.104924849979,0.158249728388,0.212037422186,
    0.266073258756,0.320098130577,0.373854821642,0.427134464983,
    0.479826107743,0.531971081028,0.583831321693,0.635742389654,
    0.687819682816,0.740024789052,0.792245645251,0.844362126807,
0.89631140842,0.94815736877,1.),.UNSPECIFIED.) CURVE() 
GEOMETRIC_REPRESENTATION_ITEM() RATIONAL_B_SPLINE_CURVE((1.,
    1.000000000002,0.999999999999,1.,1.,1.,1.,1.,1.,1.,1.,1.,1.,1.,1.,1.
    ,1.,1.000000000001,0.999999999997,1.000000000012,0.999999999975,1.))
 REPRESENTATION_ITEM('') );
#6441 = CARTESIAN_POINT('',(-2.832683631649,414.1421764314,
    0.149349490225));
#6442 = CARTESIAN_POINT('',(-4.095835455637,414.20838313446,
    0.279551975856));
#6443 = CARTESIAN_POINT('',(-6.62192824876,414.43021886655,
    0.703777085804));
#6444 = CARTESIAN_POINT('',(-10.35662214226,415.02332138343,
    1.721329116117));
#6445 = CARTESIAN_POINT('',(-14.03586736371,415.87414671692,
    3.024232246848));
#6446 = CARTESIAN_POINT('',(-17.64394003702,416.9782022446,
    4.515462003414));
#6447 = CARTESIAN_POINT('',(-21.16509543668,418.33016990478,
    6.098663621489));
#6448 = CARTESIAN_POINT('',(-24.58369941744,419.92389994826,
    7.678135712821));
#6449 = CARTESIAN_POINT('',(-27.88444822571,421.75243525311,
    9.156800531938));
#6450 = CARTESIAN_POINT('',(-31.05263030996,423.80821549179,
    10.442307971183));
#6451 = CARTESIAN_POINT('',(-34.07392915556,426.08296925796,
    11.422932563979));
#6452 = CARTESIAN_POINT('',(-36.93551667879,428.5688929048,
    12.053933871735));
#6453 = CARTESIAN_POINT('',(-39.61851616993,431.25158791518,
    12.035609312853));
#6454 = CARTESIAN_POINT('',(-42.10117666911,434.10825737857,
    12.320466978454));
#6455 = CARTESIAN_POINT('',(-44.37533794006,437.1268948257,
    12.850412841575));
#6456 = CARTESIAN_POINT('',(-46.4321178643,440.29444627546,
    13.500542846165));
#6457 = CARTESIAN_POINT('',(-48.26309965317,443.59736868779,
    14.165020284804));
#6458 = CARTESIAN_POINT('',(-49.86032170682,447.02162122424,
    14.73334587539));
#6459 = CARTESIAN_POINT('',(-51.21652882028,450.55350636476,
    15.095026776194));
#6460 = CARTESIAN_POINT('',(-52.32352489043,454.17362676692,
    15.140571810419));
#6461 = CARTESIAN_POINT('',(-52.88978256379,456.62826957127,
    15.021133164565));
#6462 = CARTESIAN_POINT('',(-53.1305713041,457.86546312524,15.103125));
#6463 = PCURVE('',#620,#6464);
#6464 = DEFINITIONAL_REPRESENTATION('',(#6465),#6469);
#6465 = LINE('',#6466,#6467);
#6466 = CARTESIAN_POINT('',(8.,0.));
#6467 = VECTOR('',#6468,1.);
#6468 = DIRECTION('',(0.,1.));
#6469 = ( GEOMETRIC_REPRESENTATION_CONTEXT(2) 
PARAMETRIC_REPRESENTATION_CONTEXT() REPRESENTATION_CONTEXT('2D SPACE',''
  ) );
#6470 = PCURVE('',#694,#6471);
#6471 = DEFINITIONAL_REPRESENTATION('',(#6472),#6476);
#6472 = LINE('',#6473,#6474);
#6473 = CARTESIAN_POINT('',(8.,0.));
#6474 = VECTOR('',#6475,1.);
#6475 = DIRECTION('',(0.,1.));
#6476 = ( GEOMETRIC_REPRESENTATION_CONTEXT(2) 
PARAMETRIC_REPRESENTATION_CONTEXT() REPRESENTATION_CONTEXT('2D SPACE',''
  ) );
#6477 = ORIENTED_EDGE('',*,*,#4783,.T.);
#6478 = ORIENTED_EDGE('',*,*,#6353,.T.);
#6479 = ORIENTED_EDGE('',*,*,#600,.T.);
#6480 = ADVANCED_FACE('',(#6481),#694,.F.);
#6481 = FACE_BOUND('',#6482,.F.);
#6482 = EDGE_LOOP('',(#6483,#6523,#6524,#6525));
#6483 = ORIENTED_EDGE('',*,*,#6484,.F.);
#6484 = EDGE_CURVE('',#4742,#675,#6485,.T.);
#6485 = SURFACE_CURVE('',#6486,(#6509,#6516),.PCURVE_S1.);
#6486 = ( BOUNDED_CURVE() B_SPLINE_CURVE(3,(#6487,#6488,#6489,#6490,
    #6491,#6492,#6493,#6494,#6495,#6496,#6497,#6498,#6499,#6500,#6501,
    #6502,#6503,#6504,#6505,#6506,#6507,#6508),.UNSPECIFIED.,.F.,.F.) 
B_SPLINE_CURVE_WITH_KNOTS((4,1,1,1,1,1,1,1,1,1,1,1,1,1,1,1,1,1,1,4),(0.,
    5.218380768594E-02,0.104924849979,0.158249728388,0.212037422186,
    0.266073258756,0.320098130577,0.373854821642,0.427134464983,
    0.479826107743,0.531971081028,0.583831321693,0.635742389654,
    0.687819682816,0.740024789052,0.792245645251,0.844362126807,
0.89631140842,0.94815736877,1.),.UNSPECIFIED.) CURVE() 
GEOMETRIC_REPRESENTATION_ITEM() RATIONAL_B_SPLINE_CURVE((1.,
    1.000000000002,0.999999999999,1.,1.,1.,1.,1.,1.,1.,1.,1.,1.,1.,1.,1.
    ,1.,1.000000000001,0.999999999997,1.000000000012,0.999999999975,1.))
 REPRESENTATION_ITEM('') );
#6487 = CARTESIAN_POINT('',(-2.901374574218,412.83147516704,
    0.121000744395));
#6488 = CARTESIAN_POINT('',(-4.195157100673,412.89928734404,
    0.226488869442));
#6489 = CARTESIAN_POINT('',(-6.78250618549,413.12650246511,
    0.570189768538));
#6490 = CARTESIAN_POINT('',(-10.60776424964,413.73398737536,
    1.39459534872));
#6491 = CARTESIAN_POINT('',(-14.37622904343,414.60544473201,
    2.450188162951));
#6492 = CARTESIAN_POINT('',(-18.07179539588,415.73627296877,
    3.658360419433));
#6493 = CARTESIAN_POINT('',(-21.67833678099,417.12102506414,
    4.941046915558));
#6494 = CARTESIAN_POINT('',(-25.17983993449,418.753402141,6.220711804369
    ));
#6495 = CARTESIAN_POINT('',(-28.56062999561,420.62627837126,
    7.418704134672));
#6496 = CARTESIAN_POINT('',(-31.80563866621,422.73191009378,
    8.460203217394));
#6497 = CARTESIAN_POINT('',(-34.90020226441,425.06182532542,
    9.254690734705));
#6498 = CARTESIAN_POINT('',(-37.83118163289,427.6080311854,
    9.765918646082));
#6499 = CARTESIAN_POINT('',(-40.57924231261,430.35578000088,
    9.75107235995));
#6500 = CARTESIAN_POINT('',(-43.1221058955,433.28172204941,
    9.981859820506));
#6501 = CARTESIAN_POINT('',(-45.45141426424,436.37355971179,
    10.411214107758));
#6502 = CARTESIAN_POINT('',(-47.55806991413,439.6179224553,
    10.937939805921));
#6503 = CARTESIAN_POINT('',(-49.43345195424,443.00093882935,
    11.476289582596));
#6504 = CARTESIAN_POINT('',(-51.06940572047,446.50822751196,
    11.936738556449));
#6505 = CARTESIAN_POINT('',(-52.45850007351,450.12575883092,
    12.229767064054));
#6506 = CARTESIAN_POINT('',(-53.59234015882,453.83366505159,
    12.266666976006));
#6507 = CARTESIAN_POINT('',(-54.17232925483,456.34783155433,
    12.169899554684));
#6508 = CARTESIAN_POINT('',(-54.41895698238,457.61502631881,12.236328125
    ));
#6509 = PCURVE('',#694,#6510);
#6510 = DEFINITIONAL_REPRESENTATION('',(#6511),#6515);
#6511 = LINE('',#6512,#6513);
#6512 = CARTESIAN_POINT('',(7.,0.));
#6513 = VECTOR('',#6514,1.);
#6514 = DIRECTION('',(0.,1.));
#6515 = ( GEOMETRIC_REPRESENTATION_CONTEXT(2) 
PARAMETRIC_REPRESENTATION_CONTEXT() REPRESENTATION_CONTEXT('2D SPACE',''
  ) );
#6516 = PCURVE('',#768,#6517);
#6517 = DEFINITIONAL_REPRESENTATION('',(#6518),#6522);
#6518 = LINE('',#6519,#6520);
#6519 = CARTESIAN_POINT('',(7.,0.));
#6520 = VECTOR('',#6521,1.);
#6521 = DIRECTION('',(0.,1.));
#6522 = ( GEOMETRIC_REPRESENTATION_CONTEXT(2) 
PARAMETRIC_REPRESENTATION_CONTEXT() REPRESENTATION_CONTEXT('2D SPACE',''
  ) );
#6523 = ORIENTED_EDGE('',*,*,#4762,.T.);
#6524 = ORIENTED_EDGE('',*,*,#6438,.T.);
#6525 = ORIENTED_EDGE('',*,*,#674,.T.);
#6526 = ADVANCED_FACE('',(#6527),#768,.F.);
#6527 = FACE_BOUND('',#6528,.F.);
#6528 = EDGE_LOOP('',(#6529,#6569,#6570,#6571));
#6529 = ORIENTED_EDGE('',*,*,#6530,.F.);
#6530 = EDGE_CURVE('',#4721,#749,#6531,.T.);
#6531 = SURFACE_CURVE('',#6532,(#6555,#6562),.PCURVE_S1.);
#6532 = ( BOUNDED_CURVE() B_SPLINE_CURVE(3,(#6533,#6534,#6535,#6536,
    #6537,#6538,#6539,#6540,#6541,#6542,#6543,#6544,#6545,#6546,#6547,
    #6548,#6549,#6550,#6551,#6552,#6553,#6554),.UNSPECIFIED.,.F.,.F.) 
B_SPLINE_CURVE_WITH_KNOTS((4,1,1,1,1,1,1,1,1,1,1,1,1,1,1,1,1,1,1,4),(0.,
    5.218380768594E-02,0.104924849979,0.158249728388,0.212037422186,
    0.266073258756,0.320098130577,0.373854821642,0.427134464983,
    0.479826107743,0.531971081028,0.583831321693,0.635742389654,
    0.687819682816,0.740024789052,0.792245645251,0.844362126807,
0.89631140842,0.94815736877,1.),.UNSPECIFIED.) CURVE() 
GEOMETRIC_REPRESENTATION_ITEM() RATIONAL_B_SPLINE_CURVE((1.,
    1.000000000002,0.999999999999,1.,1.,1.,1.,1.,1.,1.,1.,1.,1.,1.,1.,1.
    ,1.,1.000000000001,0.999999999997,1.000000000012,0.999999999975,1.))
 REPRESENTATION_ITEM('') );
#6533 = CARTESIAN_POINT('',(-2.970065516787,411.52077390267,
    8.850340161467E-02));
#6534 = CARTESIAN_POINT('',(-4.294478745538,411.59019154871,
    0.165660430271));
#6535 = CARTESIAN_POINT('',(-6.943084122301,411.82278606597,
    0.417053087821));
#6536 = CARTESIAN_POINT('',(-10.858906357,412.44465336666,1.020046883642
    ));
#6537 = CARTESIAN_POINT('',(-14.71659072315,413.33674274727,
    1.792137627757));
#6538 = CARTESIAN_POINT('',(-18.49965075475,414.4943436929,
    2.675829335358));
#6539 = CARTESIAN_POINT('',(-22.1915781253,415.91188022351,
    3.614022886808));
#6540 = CARTESIAN_POINT('',(-25.77598045154,417.58290433374,
    4.550006348339));
#6541 = CARTESIAN_POINT('',(-29.23681176552,419.50012148941,
    5.426252167074));
#6542 = CARTESIAN_POINT('',(-32.55864702245,421.65560469578,
    6.188034353294));
#6543 = CARTESIAN_POINT('',(-35.72647537326,424.04068139287,
    6.769145223098));
#6544 = CARTESIAN_POINT('',(-38.72684658699,426.647169466,7.143071923991
    ));
#6545 = CARTESIAN_POINT('',(-41.5399684553,429.45997208658,
    7.132212926135));
#6546 = CARTESIAN_POINT('',(-44.14303512189,432.45518672026,
    7.301017468713));
#6547 = CARTESIAN_POINT('',(-46.52749058843,435.62022459785,
    7.615059461674));
#6548 = CARTESIAN_POINT('',(-48.68402196395,438.94139863524,
    8.000321686616));
#6549 = CARTESIAN_POINT('',(-50.6038042553,442.40450897055,
    8.394086094699));
#6550 = CARTESIAN_POINT('',(-52.27848973413,445.99483380099,
    8.730871629859));
#6551 = CARTESIAN_POINT('',(-53.70047132673,449.69801129219,
    8.945201052568));
#6552 = CARTESIAN_POINT('',(-54.86115542724,453.4937033545,
    8.972190702441));
#6553 = CARTESIAN_POINT('',(-55.45487594578,456.06739349809,
    8.901412245731));
#6554 = CARTESIAN_POINT('',(-55.70734266065,457.36458951238,8.95));
#6555 = PCURVE('',#768,#6556);
#6556 = DEFINITIONAL_REPRESENTATION('',(#6557),#6561);
#6557 = LINE('',#6558,#6559);
#6558 = CARTESIAN_POINT('',(6.,0.));
#6559 = VECTOR('',#6560,1.);
#6560 = DIRECTION('',(0.,1.));
#6561 = ( GEOMETRIC_REPRESENTATION_CONTEXT(2) 
PARAMETRIC_REPRESENTATION_CONTEXT() REPRESENTATION_CONTEXT('2D SPACE',''
  ) );
#6562 = PCURVE('',#842,#6563);
#6563 = DEFINITIONAL_REPRESENTATION('',(#6564),#6568);
#6564 = LINE('',#6565,#6566);
#6565 = CARTESIAN_POINT('',(6.,0.));
#6566 = VECTOR('',#6567,1.);
#6567 = DIRECTION('',(0.,1.));
#6568 = ( GEOMETRIC_REPRESENTATION_CONTEXT(2) 
PARAMETRIC_REPRESENTATION_CONTEXT() REPRESENTATION_CONTEXT('2D SPACE',''
  ) );
#6569 = ORIENTED_EDGE('',*,*,#4741,.T.);
#6570 = ORIENTED_EDGE('',*,*,#6484,.T.);
#6571 = ORIENTED_EDGE('',*,*,#748,.T.);
#6572 = ADVANCED_FACE('',(#6573),#842,.F.);
#6573 = FACE_BOUND('',#6574,.F.);
#6574 = EDGE_LOOP('',(#6575,#6615,#6616,#6617));
#6575 = ORIENTED_EDGE('',*,*,#6576,.F.);
#6576 = EDGE_CURVE('',#4700,#823,#6577,.T.);
#6577 = SURFACE_CURVE('',#6578,(#6601,#6608),.PCURVE_S1.);
#6578 = ( BOUNDED_CURVE() B_SPLINE_CURVE(3,(#6579,#6580,#6581,#6582,
    #6583,#6584,#6585,#6586,#6587,#6588,#6589,#6590,#6591,#6592,#6593,
    #6594,#6595,#6596,#6597,#6598,#6599,#6600),.UNSPECIFIED.,.F.,.F.) 
B_SPLINE_CURVE_WITH_KNOTS((4,1,1,1,1,1,1,1,1,1,1,1,1,1,1,1,1,1,1,4),(0.,
    5.218380768594E-02,0.104924849979,0.158249728388,0.212037422186,
    0.266073258756,0.320098130577,0.373854821642,0.427134464983,
    0.479826107743,0.531971081028,0.583831321693,0.635742389654,
    0.687819682816,0.740024789052,0.792245645251,0.844362126807,
0.89631140842,0.94815736877,1.),.UNSPECIFIED.) CURVE() 
GEOMETRIC_REPRESENTATION_ITEM() RATIONAL_B_SPLINE_CURVE((1.,
    1.000000000002,0.999999999999,1.,1.,1.,1.,1.,1.,1.,1.,1.,1.,1.,1.,1.
    ,1.,1.000000000001,0.999999999997,1.000000000012,0.999999999975,1.))
 REPRESENTATION_ITEM('') );
#6579 = CARTESIAN_POINT('',(-3.038756459356,410.21007263831,
    5.600605883428E-02));
#6580 = CARTESIAN_POINT('',(-4.393800391163,410.28109575798,
    0.104831990987));
#6581 = CARTESIAN_POINT('',(-7.103662058755,410.51906966467,
    0.263916407157));
#6582 = CARTESIAN_POINT('',(-11.11004846446,411.15531935855,
    0.645498418549));
#6583 = CARTESIAN_POINT('',(-15.05695240285,412.06804076237,
    1.134087092567));
#6584 = CARTESIAN_POINT('',(-18.92750611362,413.25241441707,
    1.693298251281));
#6585 = CARTESIAN_POINT('',(-22.7048194696,414.70273538286,
    2.286998858058));
#6586 = CARTESIAN_POINT('',(-26.37212096859,416.41240652648,
    2.879300892308));
#6587 = CARTESIAN_POINT('',(-29.91299353543,418.37396460756,
    3.433800199477));
#6588 = CARTESIAN_POINT('',(-33.3116553787,420.57929929777,
    3.915865489194));
#6589 = CARTESIAN_POINT('',(-36.55274848212,423.01953746033,
    4.283599711492));
#6590 = CARTESIAN_POINT('',(-39.6225115411,425.6863077466,4.520225201901
    ));
#6591 = CARTESIAN_POINT('',(-42.50069459799,428.56416417228,
    4.51335349232));
#6592 = CARTESIAN_POINT('',(-45.16396434828,431.6286513911,4.62017511692
    ));
#6593 = CARTESIAN_POINT('',(-47.60356691261,434.86688948393,
    4.818904815591));
#6594 = CARTESIAN_POINT('',(-49.80997401378,438.26487481513,
    5.062703567312));
#6595 = CARTESIAN_POINT('',(-51.77415655635,441.80807911196,
    5.311882606801));
#6596 = CARTESIAN_POINT('',(-53.48757374784,445.48144008927,
    5.525004703274));
#6597 = CARTESIAN_POINT('',(-54.94244257976,449.27026375627,
    5.660635041065));
#6598 = CARTESIAN_POINT('',(-56.12997069638,453.1537416469,
    5.677714428938));
#6599 = CARTESIAN_POINT('',(-56.73742263519,455.78695546449,
    5.632924936645));
#6600 = CARTESIAN_POINT('',(-56.99572833893,457.11415270594,5.663671875)
  );
#6601 = PCURVE('',#842,#6602);
#6602 = DEFINITIONAL_REPRESENTATION('',(#6603),#6607);
#6603 = LINE('',#6604,#6605);
#6604 = CARTESIAN_POINT('',(5.,0.));
#6605 = VECTOR('',#6606,1.);
#6606 = DIRECTION('',(0.,1.));
#6607 = ( GEOMETRIC_REPRESENTATION_CONTEXT(2) 
PARAMETRIC_REPRESENTATION_CONTEXT() REPRESENTATION_CONTEXT('2D SPACE',''
  ) );
#6608 = PCURVE('',#916,#6609);
#6609 = DEFINITIONAL_REPRESENTATION('',(#6610),#6614);
#6610 = LINE('',#6611,#6612);
#6611 = CARTESIAN_POINT('',(5.,0.));
#6612 = VECTOR('',#6613,1.);
#6613 = DIRECTION('',(0.,1.));
#6614 = ( GEOMETRIC_REPRESENTATION_CONTEXT(2) 
PARAMETRIC_REPRESENTATION_CONTEXT() REPRESENTATION_CONTEXT('2D SPACE',''
  ) );
#6615 = ORIENTED_EDGE('',*,*,#4720,.T.);
#6616 = ORIENTED_EDGE('',*,*,#6530,.T.);
#6617 = ORIENTED_EDGE('',*,*,#822,.T.);
#6618 = ADVANCED_FACE('',(#6619),#916,.F.);
#6619 = FACE_BOUND('',#6620,.F.);
#6620 = EDGE_LOOP('',(#6621,#6661,#6662,#6663));
#6621 = ORIENTED_EDGE('',*,*,#6622,.F.);
#6622 = EDGE_CURVE('',#4679,#897,#6623,.T.);
#6623 = SURFACE_CURVE('',#6624,(#6647,#6654),.PCURVE_S1.);
#6624 = ( BOUNDED_CURVE() B_SPLINE_CURVE(3,(#6625,#6626,#6627,#6628,
    #6629,#6630,#6631,#6632,#6633,#6634,#6635,#6636,#6637,#6638,#6639,
    #6640,#6641,#6642,#6643,#6644,#6645,#6646),.UNSPECIFIED.,.F.,.F.) 
B_SPLINE_CURVE_WITH_KNOTS((4,1,1,1,1,1,1,1,1,1,1,1,1,1,1,1,1,1,1,4),(0.,
    5.218380768594E-02,0.104924849979,0.158249728388,0.212037422186,
    0.266073258756,0.320098130577,0.373854821642,0.427134464983,
    0.479826107743,0.531971081028,0.583831321693,0.635742389654,
    0.687819682816,0.740024789052,0.792245645251,0.844362126807,
0.89631140842,0.94815736877,1.),.UNSPECIFIED.) CURVE() 
GEOMETRIC_REPRESENTATION_ITEM() RATIONAL_B_SPLINE_CURVE((1.,
    1.000000000002,0.999999999999,1.,1.,1.,1.,1.,1.,1.,1.,1.,1.,1.,1.,1.
    ,1.,1.000000000001,0.999999999997,1.000000000012,0.999999999975,1.))
 REPRESENTATION_ITEM('') );
#6625 = CARTESIAN_POINT('',(-3.107447401925,408.89937137394,
    2.765731300458E-02));
#6626 = CARTESIAN_POINT('',(-4.49312203543,408.97199997479,
    5.176888444234E-02));
#6627 = CARTESIAN_POINT('',(-7.264239995846,409.21535325984,
    0.130329089952));
#6628 = CARTESIAN_POINT('',(-11.36119057174,409.86598535141,
    0.318764651136));
#6629 = CARTESIAN_POINT('',(-15.3973140826,410.79933877721,
    0.560043008675));
#6630 = CARTESIAN_POINT('',(-19.35536147248,412.01048514131,
    0.836196667299));
#6631 = CARTESIAN_POINT('',(-23.21806081391,413.4935905422,
    1.129382152128));
#6632 = CARTESIAN_POINT('',(-26.96826148564,415.24190871923,
    1.421876983856));
#6633 = CARTESIAN_POINT('',(-30.58917530534,417.2478077257,
    1.695703802211));
#6634 = CARTESIAN_POINT('',(-34.06466373495,419.50299389977,
    1.933760735404));
#6635 = CARTESIAN_POINT('',(-37.37902159097,421.99839352779,
    2.115357882218));
#6636 = CARTESIAN_POINT('',(-40.5181764952,424.72544602721,
    2.232209976247));
#6637 = CARTESIAN_POINT('',(-43.46142074068,427.66835625799,
    2.228816539417));
#6638 = CARTESIAN_POINT('',(-46.18489357466,430.80211606194,
    2.281567958973));
#6639 = CARTESIAN_POINT('',(-48.67964323679,434.11355437001,
    2.379706081773));
#6640 = CARTESIAN_POINT('',(-50.93592606361,437.58835099498,
    2.500100527067));
#6641 = CARTESIAN_POINT('',(-52.94450885741,441.21164925348,
    2.623151904594));
#6642 = CARTESIAN_POINT('',(-54.69665776154,444.96804637713,
    2.728397384328));
#6643 = CARTESIAN_POINT('',(-56.18441383282,448.84251622188,
    2.795375328938));
#6644 = CARTESIAN_POINT('',(-57.39878596544,452.81377993364,
    2.803809594474));
#6645 = CARTESIAN_POINT('',(-58.01996932477,455.5065174431,
    2.781691326875));
#6646 = CARTESIAN_POINT('',(-58.2841140172,456.86371589951,2.796875));
#6647 = PCURVE('',#916,#6648);
#6648 = DEFINITIONAL_REPRESENTATION('',(#6649),#6653);
#6649 = LINE('',#6650,#6651);
#6650 = CARTESIAN_POINT('',(4.,0.));
#6651 = VECTOR('',#6652,1.);
#6652 = DIRECTION('',(0.,1.));
#6653 = ( GEOMETRIC_REPRESENTATION_CONTEXT(2) 
PARAMETRIC_REPRESENTATION_CONTEXT() REPRESENTATION_CONTEXT('2D SPACE',''
  ) );
#6654 = PCURVE('',#990,#6655);
#6655 = DEFINITIONAL_REPRESENTATION('',(#6656),#6660);
#6656 = LINE('',#6657,#6658);
#6657 = CARTESIAN_POINT('',(4.,0.));
#6658 = VECTOR('',#6659,1.);
#6659 = DIRECTION('',(0.,1.));
#6660 = ( GEOMETRIC_REPRESENTATION_CONTEXT(2) 
PARAMETRIC_REPRESENTATION_CONTEXT() REPRESENTATION_CONTEXT('2D SPACE',''
  ) );
#6661 = ORIENTED_EDGE('',*,*,#4699,.T.);
#6662 = ORIENTED_EDGE('',*,*,#6576,.T.);
#6663 = ORIENTED_EDGE('',*,*,#896,.T.);
#6664 = ADVANCED_FACE('',(#6665),#990,.F.);
#6665 = FACE_BOUND('',#6666,.F.);
#6666 = EDGE_LOOP('',(#6667,#6707,#6708,#6709));
#6667 = ORIENTED_EDGE('',*,*,#6668,.F.);
#6668 = EDGE_CURVE('',#4658,#971,#6669,.T.);
#6669 = SURFACE_CURVE('',#6670,(#6693,#6700),.PCURVE_S1.);
#6670 = ( BOUNDED_CURVE() B_SPLINE_CURVE(3,(#6671,#6672,#6673,#6674,
    #6675,#6676,#6677,#6678,#6679,#6680,#6681,#6682,#6683,#6684,#6685,
    #6686,#6687,#6688,#6689,#6690,#6691,#6692),.UNSPECIFIED.,.F.,.F.) 
B_SPLINE_CURVE_WITH_KNOTS((4,1,1,1,1,1,1,1,1,1,1,1,1,1,1,1,1,1,1,4),(0.,
    5.218380768594E-02,0.104924849979,0.158249728388,0.212037422186,
    0.266073258756,0.320098130577,0.373854821642,0.427134464983,
    0.479826107743,0.531971081028,0.583831321693,0.635742389654,
    0.687819682816,0.740024789052,0.792245645251,0.844362126807,
0.89631140842,0.94815736877,1.),.UNSPECIFIED.) CURVE() 
GEOMETRIC_REPRESENTATION_ITEM() RATIONAL_B_SPLINE_CURVE((1.,
    1.000000000002,0.999999999999,1.,1.,1.,1.,1.,1.,1.,1.,1.,1.,1.,1.,1.
    ,1.,1.000000000001,0.999999999997,1.000000000012,0.999999999975,1.))
 REPRESENTATION_ITEM('') );
#6671 = CARTESIAN_POINT('',(-3.176138344494,407.58867010958,
    7.60576107626E-03));
#6672 = CARTESIAN_POINT('',(-4.592443680595,407.66290417856,
    1.423644321727E-02));
#6673 = CARTESIAN_POINT('',(-7.424817932516,407.91163686112,
    3.58404997389E-02));
#6674 = CARTESIAN_POINT('',(-11.61233267914,408.57665134259,
    8.76602790618E-02));
#6675 = CARTESIAN_POINT('',(-15.73767576231,409.5306367925,
    0.154011827386));
#6676 = CARTESIAN_POINT('',(-19.78321683134,410.76855586543,
    0.229954083507));
#6677 = CARTESIAN_POINT('',(-23.73130215822,412.28444570157,
    0.310580091835));
#6678 = CARTESIAN_POINT('',(-27.5644020027,414.07141091196,0.39101617056
    ));
#6679 = CARTESIAN_POINT('',(-31.26535707524,416.12165084385,
    0.466318545608));
#6680 = CARTESIAN_POINT('',(-34.81767209119,418.42668850176,
    0.531784202236));
#6681 = CARTESIAN_POINT('',(-38.20529469982,420.97724959524,
    0.58172341761));
#6682 = CARTESIAN_POINT('',(-41.41384144931,423.76458430781,
    0.613857743468));
#6683 = CARTESIAN_POINT('',(-44.42214688337,426.77254834369,
    0.61292454834));
#6684 = CARTESIAN_POINT('',(-47.20582280105,429.97558073279,
    0.627431188718));
#6685 = CARTESIAN_POINT('',(-49.75571956097,433.36021925607,
    0.654419172488));
#6686 = CARTESIAN_POINT('',(-52.06187811344,436.91182717494,
    0.687527644944));
#6687 = CARTESIAN_POINT('',(-54.11486115848,440.61521939464,
    0.721366773763));
#6688 = CARTESIAN_POINT('',(-55.90574177514,444.45465266634,
    0.750309280691));
#6689 = CARTESIAN_POINT('',(-57.42638508623,448.4147686825,
    0.768728215454));
#6690 = CARTESIAN_POINT('',(-58.66760123315,452.47381823893,
    0.771047638493));
#6691 = CARTESIAN_POINT('',(-59.30251601727,455.22607938175,
    0.764965114862));
#6692 = CARTESIAN_POINT('',(-59.57249969548,456.61327909308,0.769140625)
  );
#6693 = PCURVE('',#990,#6694);
#6694 = DEFINITIONAL_REPRESENTATION('',(#6695),#6699);
#6695 = LINE('',#6696,#6697);
#6696 = CARTESIAN_POINT('',(3.,0.));
#6697 = VECTOR('',#6698,1.);
#6698 = DIRECTION('',(0.,1.));
#6699 = ( GEOMETRIC_REPRESENTATION_CONTEXT(2) 
PARAMETRIC_REPRESENTATION_CONTEXT() REPRESENTATION_CONTEXT('2D SPACE',''
  ) );
#6700 = PCURVE('',#1062,#6701);
#6701 = DEFINITIONAL_REPRESENTATION('',(#6702),#6706);
#6702 = LINE('',#6703,#6704);
#6703 = CARTESIAN_POINT('',(3.,0.));
#6704 = VECTOR('',#6705,1.);
#6705 = DIRECTION('',(0.,1.));
#6706 = ( GEOMETRIC_REPRESENTATION_CONTEXT(2) 
PARAMETRIC_REPRESENTATION_CONTEXT() REPRESENTATION_CONTEXT('2D SPACE',''
  ) );
#6707 = ORIENTED_EDGE('',*,*,#4678,.T.);
#6708 = ORIENTED_EDGE('',*,*,#6622,.T.);
#6709 = ORIENTED_EDGE('',*,*,#970,.T.);
#6710 = ADVANCED_FACE('',(#6711),#1062,.F.);
#6711 = FACE_BOUND('',#6712,.F.);
#6712 = EDGE_LOOP('',(#6713,#6714,#6715,#6716,#6717));
#6713 = ORIENTED_EDGE('',*,*,#4879,.F.);
#6714 = ORIENTED_EDGE('',*,*,#4657,.T.);
#6715 = ORIENTED_EDGE('',*,*,#6668,.T.);
#6716 = ORIENTED_EDGE('',*,*,#1044,.T.);
#6717 = ORIENTED_EDGE('',*,*,#6718,.F.);
#6718 = EDGE_CURVE('',#4852,#420,#6719,.T.);
#6719 = SURFACE_CURVE('',#6720,(#6743,#6750),.PCURVE_S1.);
#6720 = ( BOUNDED_CURVE() B_SPLINE_CURVE(3,(#6721,#6722,#6723,#6724,
    #6725,#6726,#6727,#6728,#6729,#6730,#6731,#6732,#6733,#6734,#6735,
    #6736,#6737,#6738,#6739,#6740,#6741,#6742),.UNSPECIFIED.,.F.,.F.) 
B_SPLINE_CURVE_WITH_KNOTS((4,1,1,1,1,1,1,1,1,1,1,1,1,1,1,1,1,1,1,4),(0.,
    5.218380768594E-02,0.104924849979,0.158249728388,0.212037422186,
    0.266073258756,0.320098130577,0.373854821642,0.427134464983,
    0.479826107743,0.531971081028,0.583831321693,0.635742389654,
    0.687819682816,0.740024789052,0.792245645251,0.844362126807,
0.89631140842,0.94815736877,1.),.UNSPECIFIED.) CURVE() 
GEOMETRIC_REPRESENTATION_ITEM() RATIONAL_B_SPLINE_CURVE((1.,
    1.000000000002,0.999999999999,1.,1.,1.,1.,1.,1.,1.,1.,1.,1.,1.,1.,1.
    ,1.,1.000000000001,0.999999999997,1.000000000012,0.999999999975,1.))
 REPRESENTATION_ITEM('') );
#6721 = CARTESIAN_POINT('',(-3.244829287063,406.27796884521,0.));
#6722 = CARTESIAN_POINT('',(-4.69176532598,406.35380839169,0.));
#6723 = CARTESIAN_POINT('',(-7.585395869083,406.60792045801,0.));
#6724 = CARTESIAN_POINT('',(-11.86347478656,407.28731733497,0.));
#6725 = CARTESIAN_POINT('',(-16.07803744202,408.26193480747,0.));
#6726 = CARTESIAN_POINT('',(-20.21107219021,409.52662658964,0.));
#6727 = CARTESIAN_POINT('',(-24.24454350252,411.07530086091,0.));
#6728 = CARTESIAN_POINT('',(-28.16054251975,412.90091310471,0.));
#6729 = CARTESIAN_POINT('',(-31.94153884515,414.995493962,0.));
#6730 = CARTESIAN_POINT('',(-35.57068044744,417.35038310376,0.));
#6731 = CARTESIAN_POINT('',(-39.03156780867,419.9561056627,0.));
#6732 = CARTESIAN_POINT('',(-42.30950640341,422.80372258841,0.));
#6733 = CARTESIAN_POINT('',(-45.38287302606,425.87674042939,0.));
#6734 = CARTESIAN_POINT('',(-48.22675202744,429.14904540363,0.));
#6735 = CARTESIAN_POINT('',(-50.83179588515,432.60688414214,0.));
#6736 = CARTESIAN_POINT('',(-53.18783016326,436.23530335481,0.));
#6737 = CARTESIAN_POINT('',(-55.28521345954,440.01878953607,0.));
#6738 = CARTESIAN_POINT('',(-57.11482578882,443.94125895454,0.));
#6739 = CARTESIAN_POINT('',(-58.66835633938,447.98702114686,0.));
#6740 = CARTESIAN_POINT('',(-59.93641650185,452.13385653031,0.));
#6741 = CARTESIAN_POINT('',(-60.58506270763,454.94564135035,0.));
#6742 = CARTESIAN_POINT('',(-60.86088537375,456.36284228665,0.));
#6743 = PCURVE('',#1062,#6744);
#6744 = DEFINITIONAL_REPRESENTATION('',(#6745),#6749);
#6745 = LINE('',#6746,#6747);
#6746 = CARTESIAN_POINT('',(2.,0.));
#6747 = VECTOR('',#6748,1.);
#6748 = DIRECTION('',(0.,1.));
#6749 = ( GEOMETRIC_REPRESENTATION_CONTEXT(2) 
PARAMETRIC_REPRESENTATION_CONTEXT() REPRESENTATION_CONTEXT('2D SPACE',''
  ) );
#6750 = PCURVE('',#435,#6751);
#6751 = DEFINITIONAL_REPRESENTATION('',(#6752),#6775);
#6752 = ( BOUNDED_CURVE() B_SPLINE_CURVE(3,(#6753,#6754,#6755,#6756,
    #6757,#6758,#6759,#6760,#6761,#6762,#6763,#6764,#6765,#6766,#6767,
    #6768,#6769,#6770,#6771,#6772,#6773,#6774),.UNSPECIFIED.,.F.,.F.) 
B_SPLINE_CURVE_WITH_KNOTS((4,1,1,1,1,1,1,1,1,1,1,1,1,1,1,1,1,1,1,4),(0.,
    5.218380768594E-02,0.104924849979,0.158249728388,0.212037422186,
    0.266073258756,0.320098130577,0.373854821642,0.427134464983,
    0.479826107743,0.531971081028,0.583831321693,0.635742389654,
    0.687819682816,0.740024789052,0.792245645251,0.844362126807,
0.89631140842,0.94815736877,1.),.UNSPECIFIED.) CURVE() 
GEOMETRIC_REPRESENTATION_ITEM() RATIONAL_B_SPLINE_CURVE((1.,
    1.000000000002,0.999999999999,1.,1.,1.,1.,1.,1.,1.,1.,1.,1.,1.,1.,1.
    ,1.,1.000000000001,0.999999999997,1.000000000012,0.999999999975,1.))
 REPRESENTATION_ITEM('') );
#6753 = CARTESIAN_POINT('',(3.245636274467,174.65917298321));
#6754 = CARTESIAN_POINT('',(4.692572313385,174.73501252969));
#6755 = CARTESIAN_POINT('',(7.586202856488,174.98912459601));
#6756 = CARTESIAN_POINT('',(11.864281773971,175.66852147297));
#6757 = CARTESIAN_POINT('',(16.078844429428,176.64313894546));
#6758 = CARTESIAN_POINT('',(20.211879177622,177.90783072763));
#6759 = CARTESIAN_POINT('',(24.245350489934,179.45650499891));
#6760 = CARTESIAN_POINT('',(28.161349507156,181.2821172427));
#6761 = CARTESIAN_POINT('',(31.94234583256,183.37669809999));
#6762 = CARTESIAN_POINT('',(35.571487434847,185.73158724175));
#6763 = CARTESIAN_POINT('',(39.032374796084,188.33730980069));
#6764 = CARTESIAN_POINT('',(42.310313390822,191.1849267264));
#6765 = CARTESIAN_POINT('',(45.383680013468,194.25794456739));
#6766 = CARTESIAN_POINT('',(48.227559014847,197.53024954163));
#6767 = CARTESIAN_POINT('',(50.832602872562,200.98808828014));
#6768 = CARTESIAN_POINT('',(53.188637150672,204.61650749281));
#6769 = CARTESIAN_POINT('',(55.286020446951,208.39999367407));
#6770 = CARTESIAN_POINT('',(57.115632776225,212.32246309253));
#6771 = CARTESIAN_POINT('',(58.669163326789,216.36822528486));
#6772 = CARTESIAN_POINT('',(59.93722348926,220.5150606683));
#6773 = CARTESIAN_POINT('',(60.585869695035,223.32684548835));
#6774 = CARTESIAN_POINT('',(60.86169236116,224.74404642464));
#6775 = ( GEOMETRIC_REPRESENTATION_CONTEXT(2) 
PARAMETRIC_REPRESENTATION_CONTEXT() REPRESENTATION_CONTEXT('2D SPACE',''
  ) );
#6776 = ADVANCED_FACE('',(#6777,#6792),#435,.T.);
#6777 = FACE_BOUND('',#6778,.T.);
#6778 = EDGE_LOOP('',(#6779,#6780,#6781,#6782,#6783,#6784,#6785,#6786,
    #6787,#6788,#6789,#6790,#6791));
#6779 = ORIENTED_EDGE('',*,*,#1171,.T.);
#6780 = ORIENTED_EDGE('',*,*,#417,.T.);
#6781 = ORIENTED_EDGE('',*,*,#6718,.F.);
#6782 = ORIENTED_EDGE('',*,*,#4851,.T.);
#6783 = ORIENTED_EDGE('',*,*,#5015,.T.);
#6784 = ORIENTED_EDGE('',*,*,#5333,.T.);
#6785 = ORIENTED_EDGE('',*,*,#1780,.T.);
#6786 = ORIENTED_EDGE('',*,*,#1627,.T.);
#6787 = ORIENTED_EDGE('',*,*,#1551,.T.);
#6788 = ORIENTED_EDGE('',*,*,#1475,.T.);
#6789 = ORIENTED_EDGE('',*,*,#1399,.T.);
#6790 = ORIENTED_EDGE('',*,*,#1323,.T.);
#6791 = ORIENTED_EDGE('',*,*,#1247,.T.);
#6792 = FACE_BOUND('',#6793,.T.);
#6793 = EDGE_LOOP('',(#6794));
#6794 = ORIENTED_EDGE('',*,*,#6795,.T.);
#6795 = EDGE_CURVE('',#6796,#6796,#6798,.T.);
#6796 = VERTEX_POINT('',#6797);
#6797 = CARTESIAN_POINT('',(95.,200.981,0.));
#6798 = SURFACE_CURVE('',#6799,(#6804,#6815),.PCURVE_S1.);
#6799 = CIRCLE('',#6800,95.);
#6800 = AXIS2_PLACEMENT_3D('',#6801,#6802,#6803);
#6801 = CARTESIAN_POINT('',(0.,200.981,0.));
#6802 = DIRECTION('',(0.,0.,1.));
#6803 = DIRECTION('',(1.,0.,0.));
#6804 = PCURVE('',#435,#6805);
#6805 = DEFINITIONAL_REPRESENTATION('',(#6806),#6814);
#6806 = ( BOUNDED_CURVE() B_SPLINE_CURVE(2,(#6807,#6808,#6809,#6810,
#6811,#6812,#6813),.UNSPECIFIED.,.T.,.F.) B_SPLINE_CURVE_WITH_KNOTS((1,2
    ,2,2,2,1),(-2.094395102393,0.,2.094395102393,4.188790204786,
6.28318530718,8.377580409573),.UNSPECIFIED.) CURVE() 
GEOMETRIC_REPRESENTATION_ITEM() RATIONAL_B_SPLINE_CURVE((1.,0.5,1.,0.5,
1.,0.5,1.)) REPRESENTATION_ITEM('') );
#6807 = CARTESIAN_POINT('',(-94.99919301259,-30.637795862));
#6808 = CARTESIAN_POINT('',(-94.99919301259,133.90703085703));
#6809 = CARTESIAN_POINT('',(47.500806987405,51.634617497515));
#6810 = CARTESIAN_POINT('',(190.0008069874,-30.637795862));
#6811 = CARTESIAN_POINT('',(47.500806987405,-112.9102092215));
#6812 = CARTESIAN_POINT('',(-94.99919301259,-195.182622581));
#6813 = CARTESIAN_POINT('',(-94.99919301259,-30.637795862));
#6814 = ( GEOMETRIC_REPRESENTATION_CONTEXT(2) 
PARAMETRIC_REPRESENTATION_CONTEXT() REPRESENTATION_CONTEXT('2D SPACE',''
  ) );
#6815 = PCURVE('',#6816,#6821);
#6816 = CYLINDRICAL_SURFACE('',#6817,95.);
#6817 = AXIS2_PLACEMENT_3D('',#6818,#6819,#6820);
#6818 = CARTESIAN_POINT('',(0.,200.981,0.));
#6819 = DIRECTION('',(-0.,-0.,-1.));
#6820 = DIRECTION('',(1.,0.,0.));
#6821 = DEFINITIONAL_REPRESENTATION('',(#6822),#6826);
#6822 = LINE('',#6823,#6824);
#6823 = CARTESIAN_POINT('',(-0.,0.));
#6824 = VECTOR('',#6825,1.);
#6825 = DIRECTION('',(-1.,0.));
#6826 = ( GEOMETRIC_REPRESENTATION_CONTEXT(2) 
PARAMETRIC_REPRESENTATION_CONTEXT() REPRESENTATION_CONTEXT('2D SPACE',''
  ) );
#6827 = ADVANCED_FACE('',(#6828),#6816,.F.);
#6828 = FACE_BOUND('',#6829,.T.);
#6829 = EDGE_LOOP('',(#6830,#6853,#6879,#6880));
#6830 = ORIENTED_EDGE('',*,*,#6831,.T.);
#6831 = EDGE_CURVE('',#6796,#6832,#6834,.T.);
#6832 = VERTEX_POINT('',#6833);
#6833 = CARTESIAN_POINT('',(95.,200.981,18.3));
#6834 = SEAM_CURVE('',#6835,(#6839,#6846),.PCURVE_S1.);
#6835 = LINE('',#6836,#6837);
#6836 = CARTESIAN_POINT('',(95.,200.981,0.));
#6837 = VECTOR('',#6838,1.);
#6838 = DIRECTION('',(-0.,-0.,1.));
#6839 = PCURVE('',#6816,#6840);
#6840 = DEFINITIONAL_REPRESENTATION('',(#6841),#6845);
#6841 = LINE('',#6842,#6843);
#6842 = CARTESIAN_POINT('',(-0.,0.));
#6843 = VECTOR('',#6844,1.);
#6844 = DIRECTION('',(-0.,-1.));
#6845 = ( GEOMETRIC_REPRESENTATION_CONTEXT(2) 
PARAMETRIC_REPRESENTATION_CONTEXT() REPRESENTATION_CONTEXT('2D SPACE',''
  ) );
#6846 = PCURVE('',#6816,#6847);
#6847 = DEFINITIONAL_REPRESENTATION('',(#6848),#6852);
#6848 = LINE('',#6849,#6850);
#6849 = CARTESIAN_POINT('',(-6.28318530718,0.));
#6850 = VECTOR('',#6851,1.);
#6851 = DIRECTION('',(-0.,-1.));
#6852 = ( GEOMETRIC_REPRESENTATION_CONTEXT(2) 
PARAMETRIC_REPRESENTATION_CONTEXT() REPRESENTATION_CONTEXT('2D SPACE',''
  ) );
#6853 = ORIENTED_EDGE('',*,*,#6854,.T.);
#6854 = EDGE_CURVE('',#6832,#6832,#6855,.T.);
#6855 = SURFACE_CURVE('',#6856,(#6861,#6868),.PCURVE_S1.);
#6856 = CIRCLE('',#6857,95.);
#6857 = AXIS2_PLACEMENT_3D('',#6858,#6859,#6860);
#6858 = CARTESIAN_POINT('',(0.,200.981,18.3));
#6859 = DIRECTION('',(0.,0.,1.));
#6860 = DIRECTION('',(1.,0.,0.));
#6861 = PCURVE('',#6816,#6862);
#6862 = DEFINITIONAL_REPRESENTATION('',(#6863),#6867);
#6863 = LINE('',#6864,#6865);
#6864 = CARTESIAN_POINT('',(-0.,-18.3));
#6865 = VECTOR('',#6866,1.);
#6866 = DIRECTION('',(-1.,0.));
#6867 = ( GEOMETRIC_REPRESENTATION_CONTEXT(2) 
PARAMETRIC_REPRESENTATION_CONTEXT() REPRESENTATION_CONTEXT('2D SPACE',''
  ) );
#6868 = PCURVE('',#375,#6869);
#6869 = DEFINITIONAL_REPRESENTATION('',(#6870),#6878);
#6870 = ( BOUNDED_CURVE() B_SPLINE_CURVE(2,(#6871,#6872,#6873,#6874,
#6875,#6876,#6877),.UNSPECIFIED.,.T.,.F.) B_SPLINE_CURVE_WITH_KNOTS((1,2
    ,2,2,2,1),(-2.094395102393,0.,2.094395102393,4.188790204786,
6.28318530718,8.377580409573),.UNSPECIFIED.) CURVE() 
GEOMETRIC_REPRESENTATION_ITEM() RATIONAL_B_SPLINE_CURVE((1.,0.5,1.,0.5,
1.,0.5,1.)) REPRESENTATION_ITEM('') );
#6871 = CARTESIAN_POINT('',(-94.99919301259,-30.637795862));
#6872 = CARTESIAN_POINT('',(-94.99919301259,133.90703085703));
#6873 = CARTESIAN_POINT('',(47.500806987405,51.634617497515));
#6874 = CARTESIAN_POINT('',(190.0008069874,-30.637795862));
#6875 = CARTESIAN_POINT('',(47.500806987405,-112.9102092215));
#6876 = CARTESIAN_POINT('',(-94.99919301259,-195.182622581));
#6877 = CARTESIAN_POINT('',(-94.99919301259,-30.637795862));
#6878 = ( GEOMETRIC_REPRESENTATION_CONTEXT(2) 
PARAMETRIC_REPRESENTATION_CONTEXT() REPRESENTATION_CONTEXT('2D SPACE',''
  ) );
#6879 = ORIENTED_EDGE('',*,*,#6831,.F.);
#6880 = ORIENTED_EDGE('',*,*,#6795,.F.);
#6881 = ADVANCED_FACE('',(#6882,#6921,#6956,#6991,#7026,#7061,#7064,
    #7099,#7134,#7169,#7172,#7207,#7242,#7245,#7280),#375,.F.);
#6882 = FACE_BOUND('',#6883,.F.);
#6883 = EDGE_LOOP('',(#6884,#6885,#6906,#6907,#6908,#6909,#6910,#6911,
    #6912,#6913,#6914,#6915,#6916,#6917,#6918,#6919,#6920));
#6884 = ORIENTED_EDGE('',*,*,#358,.T.);
#6885 = ORIENTED_EDGE('',*,*,#6886,.T.);
#6886 = EDGE_CURVE('',#359,#4539,#6887,.T.);
#6887 = SURFACE_CURVE('',#6888,(#6892,#6899),.PCURVE_S1.);
#6888 = LINE('',#6889,#6890);
#6889 = CARTESIAN_POINT('',(-49.161,453.457,18.3));
#6890 = VECTOR('',#6891,1.);
#6891 = DIRECTION('',(1.,0.,0.));
#6892 = PCURVE('',#375,#6893);
#6893 = DEFINITIONAL_REPRESENTATION('',(#6894),#6898);
#6894 = LINE('',#6895,#6896);
#6895 = CARTESIAN_POINT('',(49.161806987405,221.83820413799));
#6896 = VECTOR('',#6897,1.);
#6897 = DIRECTION('',(-1.,0.));
#6898 = ( GEOMETRIC_REPRESENTATION_CONTEXT(2) 
PARAMETRIC_REPRESENTATION_CONTEXT() REPRESENTATION_CONTEXT('2D SPACE',''
  ) );
#6899 = PCURVE('',#402,#6900);
#6900 = DEFINITIONAL_REPRESENTATION('',(#6901),#6905);
#6901 = LINE('',#6902,#6903);
#6902 = CARTESIAN_POINT('',(0.,-18.3));
#6903 = VECTOR('',#6904,1.);
#6904 = DIRECTION('',(1.,0.));
#6905 = ( GEOMETRIC_REPRESENTATION_CONTEXT(2) 
PARAMETRIC_REPRESENTATION_CONTEXT() REPRESENTATION_CONTEXT('2D SPACE',''
  ) );
#6906 = ORIENTED_EDGE('',*,*,#4561,.T.);
#6907 = ORIENTED_EDGE('',*,*,#4383,.T.);
#6908 = ORIENTED_EDGE('',*,*,#3042,.T.);
#6909 = ORIENTED_EDGE('',*,*,#2952,.T.);
#6910 = ORIENTED_EDGE('',*,*,#2816,.T.);
#6911 = ORIENTED_EDGE('',*,*,#2678,.T.);
#6912 = ORIENTED_EDGE('',*,*,#1758,.T.);
#6913 = ORIENTED_EDGE('',*,*,#1605,.T.);
#6914 = ORIENTED_EDGE('',*,*,#1529,.T.);
#6915 = ORIENTED_EDGE('',*,*,#1453,.T.);
#6916 = ORIENTED_EDGE('',*,*,#1377,.T.);
#6917 = ORIENTED_EDGE('',*,*,#1301,.T.);
#6918 = ORIENTED_EDGE('',*,*,#1225,.T.);
#6919 = ORIENTED_EDGE('',*,*,#1149,.T.);
#6920 = ORIENTED_EDGE('',*,*,#475,.T.);
#6921 = FACE_BOUND('',#6922,.F.);
#6922 = EDGE_LOOP('',(#6923));
#6923 = ORIENTED_EDGE('',*,*,#6924,.T.);
#6924 = EDGE_CURVE('',#6925,#6925,#6927,.T.);
#6925 = VERTEX_POINT('',#6926);
#6926 = CARTESIAN_POINT('',(94.61616104642,148.606,18.3));
#6927 = SURFACE_CURVE('',#6928,(#6933,#6944),.PCURVE_S1.);
#6928 = CIRCLE('',#6929,3.9);
#6929 = AXIS2_PLACEMENT_3D('',#6930,#6931,#6932);
#6930 = CARTESIAN_POINT('',(90.71616104642,148.606,18.3));
#6931 = DIRECTION('',(0.,0.,1.));
#6932 = DIRECTION('',(1.,0.,-0.));
#6933 = PCURVE('',#375,#6934);
#6934 = DEFINITIONAL_REPRESENTATION('',(#6935),#6943);
#6935 = ( BOUNDED_CURVE() B_SPLINE_CURVE(2,(#6936,#6937,#6938,#6939,
#6940,#6941,#6942),.UNSPECIFIED.,.T.,.F.) B_SPLINE_CURVE_WITH_KNOTS((1,2
    ,2,2,2,1),(-2.094395102393,0.,2.094395102393,4.188790204786,
6.28318530718,8.377580409573),.UNSPECIFIED.) CURVE() 
GEOMETRIC_REPRESENTATION_ITEM() RATIONAL_B_SPLINE_CURVE((1.,0.5,1.,0.5,
1.,0.5,1.)) REPRESENTATION_ITEM('') );
#6936 = CARTESIAN_POINT('',(-94.61535405901,-83.012795862));
#6937 = CARTESIAN_POINT('',(-94.61535405901,-76.25779771248));
#6938 = CARTESIAN_POINT('',(-88.76535405901,-79.63529678724));
#6939 = CARTESIAN_POINT('',(-82.91535405901,-83.012795862));
#6940 = CARTESIAN_POINT('',(-88.76535405901,-86.39029493676));
#6941 = CARTESIAN_POINT('',(-94.61535405901,-89.76779401152));
#6942 = CARTESIAN_POINT('',(-94.61535405901,-83.012795862));
#6943 = ( GEOMETRIC_REPRESENTATION_CONTEXT(2) 
PARAMETRIC_REPRESENTATION_CONTEXT() REPRESENTATION_CONTEXT('2D SPACE',''
  ) );
#6944 = PCURVE('',#6945,#6950);
#6945 = CYLINDRICAL_SURFACE('',#6946,3.9);
#6946 = AXIS2_PLACEMENT_3D('',#6947,#6948,#6949);
#6947 = CARTESIAN_POINT('',(90.71616104642,148.606,7.3));
#6948 = DIRECTION('',(0.,0.,1.));
#6949 = DIRECTION('',(1.,0.,-0.));
#6950 = DEFINITIONAL_REPRESENTATION('',(#6951),#6955);
#6951 = LINE('',#6952,#6953);
#6952 = CARTESIAN_POINT('',(0.,11.));
#6953 = VECTOR('',#6954,1.);
#6954 = DIRECTION('',(1.,0.));
#6955 = ( GEOMETRIC_REPRESENTATION_CONTEXT(2) 
PARAMETRIC_REPRESENTATION_CONTEXT() REPRESENTATION_CONTEXT('2D SPACE',''
  ) );
#6956 = FACE_BOUND('',#6957,.F.);
#6957 = EDGE_LOOP('',(#6958));
#6958 = ORIENTED_EDGE('',*,*,#6959,.T.);
#6959 = EDGE_CURVE('',#6960,#6960,#6962,.T.);
#6960 = VERTEX_POINT('',#6961);
#6961 = CARTESIAN_POINT('',(94.61616104642,253.356,18.3));
#6962 = SURFACE_CURVE('',#6963,(#6968,#6979),.PCURVE_S1.);
#6963 = CIRCLE('',#6964,3.9);
#6964 = AXIS2_PLACEMENT_3D('',#6965,#6966,#6967);
#6965 = CARTESIAN_POINT('',(90.71616104642,253.356,18.3));
#6966 = DIRECTION('',(0.,0.,1.));
#6967 = DIRECTION('',(1.,0.,-0.));
#6968 = PCURVE('',#375,#6969);
#6969 = DEFINITIONAL_REPRESENTATION('',(#6970),#6978);
#6970 = ( BOUNDED_CURVE() B_SPLINE_CURVE(2,(#6971,#6972,#6973,#6974,
#6975,#6976,#6977),.UNSPECIFIED.,.T.,.F.) B_SPLINE_CURVE_WITH_KNOTS((1,2
    ,2,2,2,1),(-2.094395102393,0.,2.094395102393,4.188790204786,
6.28318530718,8.377580409573),.UNSPECIFIED.) CURVE() 
GEOMETRIC_REPRESENTATION_ITEM() RATIONAL_B_SPLINE_CURVE((1.,0.5,1.,0.5,
1.,0.5,1.)) REPRESENTATION_ITEM('') );
#6971 = CARTESIAN_POINT('',(-94.61535405901,21.737204137994));
#6972 = CARTESIAN_POINT('',(-94.61535405901,28.492202287512));
#6973 = CARTESIAN_POINT('',(-88.76535405901,25.114703212753));
#6974 = CARTESIAN_POINT('',(-82.91535405901,21.737204137994));
#6975 = CARTESIAN_POINT('',(-88.76535405901,18.359705063234));
#6976 = CARTESIAN_POINT('',(-94.61535405901,14.982205988475));
#6977 = CARTESIAN_POINT('',(-94.61535405901,21.737204137994));
#6978 = ( GEOMETRIC_REPRESENTATION_CONTEXT(2) 
PARAMETRIC_REPRESENTATION_CONTEXT() REPRESENTATION_CONTEXT('2D SPACE',''
  ) );
#6979 = PCURVE('',#6980,#6985);
#6980 = CYLINDRICAL_SURFACE('',#6981,3.9);
#6981 = AXIS2_PLACEMENT_3D('',#6982,#6983,#6984);
#6982 = CARTESIAN_POINT('',(90.71616104642,253.356,7.3));
#6983 = DIRECTION('',(0.,0.,1.));
#6984 = DIRECTION('',(1.,0.,-0.));
#6985 = DEFINITIONAL_REPRESENTATION('',(#6986),#6990);
#6986 = LINE('',#6987,#6988);
#6987 = CARTESIAN_POINT('',(0.,11.));
#6988 = VECTOR('',#6989,1.);
#6989 = DIRECTION('',(1.,0.));
#6990 = ( GEOMETRIC_REPRESENTATION_CONTEXT(2) 
PARAMETRIC_REPRESENTATION_CONTEXT() REPRESENTATION_CONTEXT('2D SPACE',''
  ) );
#6991 = FACE_BOUND('',#6992,.F.);
#6992 = EDGE_LOOP('',(#6993));
#6993 = ORIENTED_EDGE('',*,*,#6994,.T.);
#6994 = EDGE_CURVE('',#6995,#6995,#6997,.T.);
#6995 = VERTEX_POINT('',#6996);
#6996 = CARTESIAN_POINT('',(3.9,96.231,18.3));
#6997 = SURFACE_CURVE('',#6998,(#7003,#7014),.PCURVE_S1.);
#6998 = CIRCLE('',#6999,3.9);
#6999 = AXIS2_PLACEMENT_3D('',#7000,#7001,#7002);
#7000 = CARTESIAN_POINT('',(-1.92422628316E-14,96.231,18.3));
#7001 = DIRECTION('',(0.,0.,1.));
#7002 = DIRECTION('',(1.,0.,-0.));
#7003 = PCURVE('',#375,#7004);
#7004 = DEFINITIONAL_REPRESENTATION('',(#7005),#7013);
#7005 = ( BOUNDED_CURVE() B_SPLINE_CURVE(2,(#7006,#7007,#7008,#7009,
#7010,#7011,#7012),.UNSPECIFIED.,.T.,.F.) B_SPLINE_CURVE_WITH_KNOTS((1,2
    ,2,2,2,1),(-2.094395102393,0.,2.094395102393,4.188790204786,
6.28318530718,8.377580409573),.UNSPECIFIED.) CURVE() 
GEOMETRIC_REPRESENTATION_ITEM() RATIONAL_B_SPLINE_CURVE((1.,0.5,1.,0.5,
1.,0.5,1.)) REPRESENTATION_ITEM('') );
#7006 = CARTESIAN_POINT('',(-3.899193012595,-135.387795862));
#7007 = CARTESIAN_POINT('',(-3.899193012595,-128.6327977124));
#7008 = CARTESIAN_POINT('',(1.950806987405,-132.0102967872));
#7009 = CARTESIAN_POINT('',(7.800806987405,-135.387795862));
#7010 = CARTESIAN_POINT('',(1.950806987405,-138.7652949367));
#7011 = CARTESIAN_POINT('',(-3.899193012595,-142.1427940115));
#7012 = CARTESIAN_POINT('',(-3.899193012595,-135.387795862));
#7013 = ( GEOMETRIC_REPRESENTATION_CONTEXT(2) 
PARAMETRIC_REPRESENTATION_CONTEXT() REPRESENTATION_CONTEXT('2D SPACE',''
  ) );
#7014 = PCURVE('',#7015,#7020);
#7015 = CYLINDRICAL_SURFACE('',#7016,3.9);
#7016 = AXIS2_PLACEMENT_3D('',#7017,#7018,#7019);
#7017 = CARTESIAN_POINT('',(-1.92422628316E-14,96.231,7.3));
#7018 = DIRECTION('',(0.,0.,1.));
#7019 = DIRECTION('',(1.,0.,-0.));
#7020 = DEFINITIONAL_REPRESENTATION('',(#7021),#7025);
#7021 = LINE('',#7022,#7023);
#7022 = CARTESIAN_POINT('',(0.,11.));
#7023 = VECTOR('',#7024,1.);
#7024 = DIRECTION('',(1.,0.));
#7025 = ( GEOMETRIC_REPRESENTATION_CONTEXT(2) 
PARAMETRIC_REPRESENTATION_CONTEXT() REPRESENTATION_CONTEXT('2D SPACE',''
  ) );
#7026 = FACE_BOUND('',#7027,.F.);
#7027 = EDGE_LOOP('',(#7028));
#7028 = ORIENTED_EDGE('',*,*,#7029,.T.);
#7029 = EDGE_CURVE('',#7030,#7030,#7032,.T.);
#7030 = VERTEX_POINT('',#7031);
#7031 = CARTESIAN_POINT('',(-86.81616104642,148.606,18.3));
#7032 = SURFACE_CURVE('',#7033,(#7038,#7049),.PCURVE_S1.);
#7033 = CIRCLE('',#7034,3.9);
#7034 = AXIS2_PLACEMENT_3D('',#7035,#7036,#7037);
#7035 = CARTESIAN_POINT('',(-90.71616104642,148.606,18.3));
#7036 = DIRECTION('',(0.,0.,1.));
#7037 = DIRECTION('',(1.,0.,-0.));
#7038 = PCURVE('',#375,#7039);
#7039 = DEFINITIONAL_REPRESENTATION('',(#7040),#7048);
#7040 = ( BOUNDED_CURVE() B_SPLINE_CURVE(2,(#7041,#7042,#7043,#7044,
#7045,#7046,#7047),.UNSPECIFIED.,.T.,.F.) B_SPLINE_CURVE_WITH_KNOTS((1,2
    ,2,2,2,1),(-2.094395102393,0.,2.094395102393,4.188790204786,
6.28318530718,8.377580409573),.UNSPECIFIED.) CURVE() 
GEOMETRIC_REPRESENTATION_ITEM() RATIONAL_B_SPLINE_CURVE((1.,0.5,1.,0.5,
1.,0.5,1.)) REPRESENTATION_ITEM('') );
#7041 = CARTESIAN_POINT('',(86.816968033824,-83.012795862));
#7042 = CARTESIAN_POINT('',(86.816968033824,-76.25779771248));
#7043 = CARTESIAN_POINT('',(92.666968033825,-79.63529678724));
#7044 = CARTESIAN_POINT('',(98.516968033825,-83.012795862));
#7045 = CARTESIAN_POINT('',(92.666968033825,-86.39029493676));
#7046 = CARTESIAN_POINT('',(86.816968033824,-89.76779401152));
#7047 = CARTESIAN_POINT('',(86.816968033824,-83.012795862));
#7048 = ( GEOMETRIC_REPRESENTATION_CONTEXT(2) 
PARAMETRIC_REPRESENTATION_CONTEXT() REPRESENTATION_CONTEXT('2D SPACE',''
  ) );
#7049 = PCURVE('',#7050,#7055);
#7050 = CYLINDRICAL_SURFACE('',#7051,3.9);
#7051 = AXIS2_PLACEMENT_3D('',#7052,#7053,#7054);
#7052 = CARTESIAN_POINT('',(-90.71616104642,148.606,7.3));
#7053 = DIRECTION('',(0.,0.,1.));
#7054 = DIRECTION('',(1.,0.,-0.));
#7055 = DEFINITIONAL_REPRESENTATION('',(#7056),#7060);
#7056 = LINE('',#7057,#7058);
#7057 = CARTESIAN_POINT('',(0.,11.));
#7058 = VECTOR('',#7059,1.);
#7059 = DIRECTION('',(1.,0.));
#7060 = ( GEOMETRIC_REPRESENTATION_CONTEXT(2) 
PARAMETRIC_REPRESENTATION_CONTEXT() REPRESENTATION_CONTEXT('2D SPACE',''
  ) );
#7061 = FACE_BOUND('',#7062,.F.);
#7062 = EDGE_LOOP('',(#7063));
#7063 = ORIENTED_EDGE('',*,*,#6854,.T.);
#7064 = FACE_BOUND('',#7065,.F.);
#7065 = EDGE_LOOP('',(#7066));
#7066 = ORIENTED_EDGE('',*,*,#7067,.T.);
#7067 = EDGE_CURVE('',#7068,#7068,#7070,.T.);
#7068 = VERTEX_POINT('',#7069);
#7069 = CARTESIAN_POINT('',(-86.81616104642,253.356,18.3));
#7070 = SURFACE_CURVE('',#7071,(#7076,#7087),.PCURVE_S1.);
#7071 = CIRCLE('',#7072,3.9);
#7072 = AXIS2_PLACEMENT_3D('',#7073,#7074,#7075);
#7073 = CARTESIAN_POINT('',(-90.71616104642,253.356,18.3));
#7074 = DIRECTION('',(0.,0.,1.));
#7075 = DIRECTION('',(1.,0.,-0.));
#7076 = PCURVE('',#375,#7077);
#7077 = DEFINITIONAL_REPRESENTATION('',(#7078),#7086);
#7078 = ( BOUNDED_CURVE() B_SPLINE_CURVE(2,(#7079,#7080,#7081,#7082,
#7083,#7084,#7085),.UNSPECIFIED.,.T.,.F.) B_SPLINE_CURVE_WITH_KNOTS((1,2
    ,2,2,2,1),(-2.094395102393,0.,2.094395102393,4.188790204786,
6.28318530718,8.377580409573),.UNSPECIFIED.) CURVE() 
GEOMETRIC_REPRESENTATION_ITEM() RATIONAL_B_SPLINE_CURVE((1.,0.5,1.,0.5,
1.,0.5,1.)) REPRESENTATION_ITEM('') );
#7079 = CARTESIAN_POINT('',(86.816968033825,21.737204137994));
#7080 = CARTESIAN_POINT('',(86.816968033825,28.492202287512));
#7081 = CARTESIAN_POINT('',(92.666968033825,25.114703212753));
#7082 = CARTESIAN_POINT('',(98.516968033825,21.737204137994));
#7083 = CARTESIAN_POINT('',(92.666968033825,18.359705063234));
#7084 = CARTESIAN_POINT('',(86.816968033825,14.982205988475));
#7085 = CARTESIAN_POINT('',(86.816968033825,21.737204137994));
#7086 = ( GEOMETRIC_REPRESENTATION_CONTEXT(2) 
PARAMETRIC_REPRESENTATION_CONTEXT() REPRESENTATION_CONTEXT('2D SPACE',''
  ) );
#7087 = PCURVE('',#7088,#7093);
#7088 = CYLINDRICAL_SURFACE('',#7089,3.9);
#7089 = AXIS2_PLACEMENT_3D('',#7090,#7091,#7092);
#7090 = CARTESIAN_POINT('',(-90.71616104642,253.356,7.3));
#7091 = DIRECTION('',(0.,0.,1.));
#7092 = DIRECTION('',(1.,0.,-0.));
#7093 = DEFINITIONAL_REPRESENTATION('',(#7094),#7098);
#7094 = LINE('',#7095,#7096);
#7095 = CARTESIAN_POINT('',(0.,11.));
#7096 = VECTOR('',#7097,1.);
#7097 = DIRECTION('',(1.,0.));
#7098 = ( GEOMETRIC_REPRESENTATION_CONTEXT(2) 
PARAMETRIC_REPRESENTATION_CONTEXT() REPRESENTATION_CONTEXT('2D SPACE',''
  ) );
#7099 = FACE_BOUND('',#7100,.F.);
#7100 = EDGE_LOOP('',(#7101));
#7101 = ORIENTED_EDGE('',*,*,#7102,.T.);
#7102 = EDGE_CURVE('',#7103,#7103,#7105,.T.);
#7103 = VERTEX_POINT('',#7104);
#7104 = CARTESIAN_POINT('',(34.543028458098,334.4379715419,18.3));
#7105 = SURFACE_CURVE('',#7106,(#7111,#7122),.PCURVE_S1.);
#7106 = CIRCLE('',#7107,2.9);
#7107 = AXIS2_PLACEMENT_3D('',#7108,#7109,#7110);
#7108 = CARTESIAN_POINT('',(31.643028458098,334.4379715419,18.3));
#7109 = DIRECTION('',(0.,0.,1.));
#7110 = DIRECTION('',(1.,0.,-0.));
#7111 = PCURVE('',#375,#7112);
#7112 = DEFINITIONAL_REPRESENTATION('',(#7113),#7121);
#7113 = ( BOUNDED_CURVE() B_SPLINE_CURVE(2,(#7114,#7115,#7116,#7117,
#7118,#7119,#7120),.UNSPECIFIED.,.T.,.F.) B_SPLINE_CURVE_WITH_KNOTS((1,2
    ,2,2,2,1),(-2.094395102393,0.,2.094395102393,4.188790204786,
6.28318530718,8.377580409573),.UNSPECIFIED.) CURVE() 
GEOMETRIC_REPRESENTATION_ITEM() RATIONAL_B_SPLINE_CURVE((1.,0.5,1.,0.5,
1.,0.5,1.)) REPRESENTATION_ITEM('') );
#7114 = CARTESIAN_POINT('',(-34.54222147069,102.81917567989));
#7115 = CARTESIAN_POINT('',(-34.54222147069,107.84212302184));
#7116 = CARTESIAN_POINT('',(-30.19222147069,105.33064935087));
#7117 = CARTESIAN_POINT('',(-25.84222147069,102.81917567989));
#7118 = CARTESIAN_POINT('',(-30.19222147069,100.30770200892));
#7119 = CARTESIAN_POINT('',(-34.54222147069,97.796228337946));
#7120 = CARTESIAN_POINT('',(-34.54222147069,102.81917567989));
#7121 = ( GEOMETRIC_REPRESENTATION_CONTEXT(2) 
PARAMETRIC_REPRESENTATION_CONTEXT() REPRESENTATION_CONTEXT('2D SPACE',''
  ) );
#7122 = PCURVE('',#7123,#7128);
#7123 = CYLINDRICAL_SURFACE('',#7124,2.9);
#7124 = AXIS2_PLACEMENT_3D('',#7125,#7126,#7127);
#7125 = CARTESIAN_POINT('',(31.643028458098,334.4379715419,7.3));
#7126 = DIRECTION('',(0.,0.,1.));
#7127 = DIRECTION('',(1.,0.,-0.));
#7128 = DEFINITIONAL_REPRESENTATION('',(#7129),#7133);
#7129 = LINE('',#7130,#7131);
#7130 = CARTESIAN_POINT('',(0.,11.));
#7131 = VECTOR('',#7132,1.);
#7132 = DIRECTION('',(1.,0.));
#7133 = ( GEOMETRIC_REPRESENTATION_CONTEXT(2) 
PARAMETRIC_REPRESENTATION_CONTEXT() REPRESENTATION_CONTEXT('2D SPACE',''
  ) );
#7134 = FACE_BOUND('',#7135,.F.);
#7135 = EDGE_LOOP('',(#7136));
#7136 = ORIENTED_EDGE('',*,*,#7137,.T.);
#7137 = EDGE_CURVE('',#7138,#7138,#7140,.T.);
#7138 = VERTEX_POINT('',#7139);
#7139 = CARTESIAN_POINT('',(34.543028458098,397.72402845809,18.3));
#7140 = SURFACE_CURVE('',#7141,(#7146,#7157),.PCURVE_S1.);
#7141 = CIRCLE('',#7142,2.9);
#7142 = AXIS2_PLACEMENT_3D('',#7143,#7144,#7145);
#7143 = CARTESIAN_POINT('',(31.643028458098,397.72402845809,18.3));
#7144 = DIRECTION('',(0.,0.,1.));
#7145 = DIRECTION('',(1.,0.,-0.));
#7146 = PCURVE('',#375,#7147);
#7147 = DEFINITIONAL_REPRESENTATION('',(#7148),#7156);
#7148 = ( BOUNDED_CURVE() B_SPLINE_CURVE(2,(#7149,#7150,#7151,#7152,
#7153,#7154,#7155),.UNSPECIFIED.,.T.,.F.) B_SPLINE_CURVE_WITH_KNOTS((1,2
    ,2,2,2,1),(-2.094395102393,0.,2.094395102393,4.188790204786,
6.28318530718,8.377580409573),.UNSPECIFIED.) CURVE() 
GEOMETRIC_REPRESENTATION_ITEM() RATIONAL_B_SPLINE_CURVE((1.,0.5,1.,0.5,
1.,0.5,1.)) REPRESENTATION_ITEM('') );
#7149 = CARTESIAN_POINT('',(-34.54222147069,166.10523259609));
#7150 = CARTESIAN_POINT('',(-34.54222147069,171.12817993804));
#7151 = CARTESIAN_POINT('',(-30.19222147069,168.61670626706));
#7152 = CARTESIAN_POINT('',(-25.84222147069,166.10523259609));
#7153 = CARTESIAN_POINT('',(-30.19222147069,163.59375892511));
#7154 = CARTESIAN_POINT('',(-34.54222147069,161.08228525414));
#7155 = CARTESIAN_POINT('',(-34.54222147069,166.10523259609));
#7156 = ( GEOMETRIC_REPRESENTATION_CONTEXT(2) 
PARAMETRIC_REPRESENTATION_CONTEXT() REPRESENTATION_CONTEXT('2D SPACE',''
  ) );
#7157 = PCURVE('',#7158,#7163);
#7158 = CYLINDRICAL_SURFACE('',#7159,2.9);
#7159 = AXIS2_PLACEMENT_3D('',#7160,#7161,#7162);
#7160 = CARTESIAN_POINT('',(31.643028458098,397.72402845809,7.3));
#7161 = DIRECTION('',(0.,0.,1.));
#7162 = DIRECTION('',(1.,0.,-0.));
#7163 = DEFINITIONAL_REPRESENTATION('',(#7164),#7168);
#7164 = LINE('',#7165,#7166);
#7165 = CARTESIAN_POINT('',(0.,11.));
#7166 = VECTOR('',#7167,1.);
#7167 = DIRECTION('',(1.,0.));
#7168 = ( GEOMETRIC_REPRESENTATION_CONTEXT(2) 
PARAMETRIC_REPRESENTATION_CONTEXT() REPRESENTATION_CONTEXT('2D SPACE',''
  ) );
#7169 = FACE_BOUND('',#7170,.F.);
#7170 = EDGE_LOOP('',(#7171));
#7171 = ORIENTED_EDGE('',*,*,#6323,.T.);
#7172 = FACE_BOUND('',#7173,.F.);
#7173 = EDGE_LOOP('',(#7174));
#7174 = ORIENTED_EDGE('',*,*,#7175,.T.);
#7175 = EDGE_CURVE('',#7176,#7176,#7178,.T.);
#7176 = VERTEX_POINT('',#7177);
#7177 = CARTESIAN_POINT('',(3.9,305.731,18.3));
#7178 = SURFACE_CURVE('',#7179,(#7184,#7195),.PCURVE_S1.);
#7179 = CIRCLE('',#7180,3.9);
#7180 = AXIS2_PLACEMENT_3D('',#7181,#7182,#7183);
#7181 = CARTESIAN_POINT('',(6.414087610534E-15,305.731,18.3));
#7182 = DIRECTION('',(0.,0.,1.));
#7183 = DIRECTION('',(1.,0.,-0.));
#7184 = PCURVE('',#375,#7185);
#7185 = DEFINITIONAL_REPRESENTATION('',(#7186),#7194);
#7186 = ( BOUNDED_CURVE() B_SPLINE_CURVE(2,(#7187,#7188,#7189,#7190,
#7191,#7192,#7193),.UNSPECIFIED.,.T.,.F.) B_SPLINE_CURVE_WITH_KNOTS((1,2
    ,2,2,2,1),(-2.094395102393,0.,2.094395102393,4.188790204786,
6.28318530718,8.377580409573),.UNSPECIFIED.) CURVE() 
GEOMETRIC_REPRESENTATION_ITEM() RATIONAL_B_SPLINE_CURVE((1.,0.5,1.,0.5,
1.,0.5,1.)) REPRESENTATION_ITEM('') );
#7187 = CARTESIAN_POINT('',(-3.899193012595,74.112204137994));
#7188 = CARTESIAN_POINT('',(-3.899193012595,80.867202287512));
#7189 = CARTESIAN_POINT('',(1.950806987405,77.489703212753));
#7190 = CARTESIAN_POINT('',(7.800806987405,74.112204137994));
#7191 = CARTESIAN_POINT('',(1.950806987405,70.734705063234));
#7192 = CARTESIAN_POINT('',(-3.899193012595,67.357205988475));
#7193 = CARTESIAN_POINT('',(-3.899193012595,74.112204137994));
#7194 = ( GEOMETRIC_REPRESENTATION_CONTEXT(2) 
PARAMETRIC_REPRESENTATION_CONTEXT() REPRESENTATION_CONTEXT('2D SPACE',''
  ) );
#7195 = PCURVE('',#7196,#7201);
#7196 = CYLINDRICAL_SURFACE('',#7197,3.9);
#7197 = AXIS2_PLACEMENT_3D('',#7198,#7199,#7200);
#7198 = CARTESIAN_POINT('',(6.414087610534E-15,305.731,7.3));
#7199 = DIRECTION('',(0.,0.,1.));
#7200 = DIRECTION('',(1.,0.,-0.));
#7201 = DEFINITIONAL_REPRESENTATION('',(#7202),#7206);
#7202 = LINE('',#7203,#7204);
#7203 = CARTESIAN_POINT('',(0.,11.));
#7204 = VECTOR('',#7205,1.);
#7205 = DIRECTION('',(1.,0.));
#7206 = ( GEOMETRIC_REPRESENTATION_CONTEXT(2) 
PARAMETRIC_REPRESENTATION_CONTEXT() REPRESENTATION_CONTEXT('2D SPACE',''
  ) );
#7207 = FACE_BOUND('',#7208,.F.);
#7208 = EDGE_LOOP('',(#7209));
#7209 = ORIENTED_EDGE('',*,*,#7210,.T.);
#7210 = EDGE_CURVE('',#7211,#7211,#7213,.T.);
#7211 = VERTEX_POINT('',#7212);
#7212 = CARTESIAN_POINT('',(-28.74302845809,334.4379715419,18.3));
#7213 = SURFACE_CURVE('',#7214,(#7219,#7230),.PCURVE_S1.);
#7214 = CIRCLE('',#7215,2.9);
#7215 = AXIS2_PLACEMENT_3D('',#7216,#7217,#7218);
#7216 = CARTESIAN_POINT('',(-31.64302845809,334.4379715419,18.3));
#7217 = DIRECTION('',(0.,0.,1.));
#7218 = DIRECTION('',(1.,0.,-0.));
#7219 = PCURVE('',#375,#7220);
#7220 = DEFINITIONAL_REPRESENTATION('',(#7221),#7229);
#7221 = ( BOUNDED_CURVE() B_SPLINE_CURVE(2,(#7222,#7223,#7224,#7225,
#7226,#7227,#7228),.UNSPECIFIED.,.T.,.F.) B_SPLINE_CURVE_WITH_KNOTS((1,2
    ,2,2,2,1),(-2.094395102393,0.,2.094395102393,4.188790204786,
6.28318530718,8.377580409573),.UNSPECIFIED.) CURVE() 
GEOMETRIC_REPRESENTATION_ITEM() RATIONAL_B_SPLINE_CURVE((1.,0.5,1.,0.5,
1.,0.5,1.)) REPRESENTATION_ITEM('') );
#7222 = CARTESIAN_POINT('',(28.743835445503,102.81917567989));
#7223 = CARTESIAN_POINT('',(28.743835445503,107.84212302184));
#7224 = CARTESIAN_POINT('',(33.093835445503,105.33064935087));
#7225 = CARTESIAN_POINT('',(37.443835445503,102.81917567989));
#7226 = CARTESIAN_POINT('',(33.093835445503,100.30770200892));
#7227 = CARTESIAN_POINT('',(28.743835445503,97.796228337946));
#7228 = CARTESIAN_POINT('',(28.743835445503,102.81917567989));
#7229 = ( GEOMETRIC_REPRESENTATION_CONTEXT(2) 
PARAMETRIC_REPRESENTATION_CONTEXT() REPRESENTATION_CONTEXT('2D SPACE',''
  ) );
#7230 = PCURVE('',#7231,#7236);
#7231 = CYLINDRICAL_SURFACE('',#7232,2.9);
#7232 = AXIS2_PLACEMENT_3D('',#7233,#7234,#7235);
#7233 = CARTESIAN_POINT('',(-31.64302845809,334.4379715419,7.3));
#7234 = DIRECTION('',(0.,0.,1.));
#7235 = DIRECTION('',(1.,0.,-0.));
#7236 = DEFINITIONAL_REPRESENTATION('',(#7237),#7241);
#7237 = LINE('',#7238,#7239);
#7238 = CARTESIAN_POINT('',(0.,11.));
#7239 = VECTOR('',#7240,1.);
#7240 = DIRECTION('',(1.,0.));
#7241 = ( GEOMETRIC_REPRESENTATION_CONTEXT(2) 
PARAMETRIC_REPRESENTATION_CONTEXT() REPRESENTATION_CONTEXT('2D SPACE',''
  ) );
#7242 = FACE_BOUND('',#7243,.F.);
#7243 = EDGE_LOOP('',(#7244));
#7244 = ORIENTED_EDGE('',*,*,#5042,.T.);
#7245 = FACE_BOUND('',#7246,.F.);
#7246 = EDGE_LOOP('',(#7247));
#7247 = ORIENTED_EDGE('',*,*,#7248,.T.);
#7248 = EDGE_CURVE('',#7249,#7249,#7251,.T.);
#7249 = VERTEX_POINT('',#7250);
#7250 = CARTESIAN_POINT('',(-28.74302845809,397.72402845809,18.3));
#7251 = SURFACE_CURVE('',#7252,(#7257,#7268),.PCURVE_S1.);
#7252 = CIRCLE('',#7253,2.9);
#7253 = AXIS2_PLACEMENT_3D('',#7254,#7255,#7256);
#7254 = CARTESIAN_POINT('',(-31.64302845809,397.72402845809,18.3));
#7255 = DIRECTION('',(0.,0.,1.));
#7256 = DIRECTION('',(1.,0.,-0.));
#7257 = PCURVE('',#375,#7258);
#7258 = DEFINITIONAL_REPRESENTATION('',(#7259),#7267);
#7259 = ( BOUNDED_CURVE() B_SPLINE_CURVE(2,(#7260,#7261,#7262,#7263,
#7264,#7265,#7266),.UNSPECIFIED.,.T.,.F.) B_SPLINE_CURVE_WITH_KNOTS((1,2
    ,2,2,2,1),(-2.094395102393,0.,2.094395102393,4.188790204786,
6.28318530718,8.377580409573),.UNSPECIFIED.) CURVE() 
GEOMETRIC_REPRESENTATION_ITEM() RATIONAL_B_SPLINE_CURVE((1.,0.5,1.,0.5,
1.,0.5,1.)) REPRESENTATION_ITEM('') );
#7260 = CARTESIAN_POINT('',(28.743835445503,166.10523259609));
#7261 = CARTESIAN_POINT('',(28.743835445503,171.12817993804));
#7262 = CARTESIAN_POINT('',(33.093835445503,168.61670626706));
#7263 = CARTESIAN_POINT('',(37.443835445503,166.10523259609));
#7264 = CARTESIAN_POINT('',(33.093835445503,163.59375892511));
#7265 = CARTESIAN_POINT('',(28.743835445503,161.08228525414));
#7266 = CARTESIAN_POINT('',(28.743835445503,166.10523259609));
#7267 = ( GEOMETRIC_REPRESENTATION_CONTEXT(2) 
PARAMETRIC_REPRESENTATION_CONTEXT() REPRESENTATION_CONTEXT('2D SPACE',''
  ) );
#7268 = PCURVE('',#7269,#7274);
#7269 = CYLINDRICAL_SURFACE('',#7270,2.9);
#7270 = AXIS2_PLACEMENT_3D('',#7271,#7272,#7273);
#7271 = CARTESIAN_POINT('',(-31.64302845809,397.72402845809,7.3));
#7272 = DIRECTION('',(0.,0.,1.));
#7273 = DIRECTION('',(1.,0.,-0.));
#7274 = DEFINITIONAL_REPRESENTATION('',(#7275),#7279);
#7275 = LINE('',#7276,#7277);
#7276 = CARTESIAN_POINT('',(0.,11.));
#7277 = VECTOR('',#7278,1.);
#7278 = DIRECTION('',(1.,0.));
#7279 = ( GEOMETRIC_REPRESENTATION_CONTEXT(2) 
PARAMETRIC_REPRESENTATION_CONTEXT() REPRESENTATION_CONTEXT('2D SPACE',''
  ) );
#7280 = FACE_BOUND('',#7281,.F.);
#7281 = EDGE_LOOP('',(#7282));
#7282 = ORIENTED_EDGE('',*,*,#7283,.T.);
#7283 = EDGE_CURVE('',#7284,#7284,#7286,.T.);
#7284 = VERTEX_POINT('',#7285);
#7285 = CARTESIAN_POINT('',(-30.36,436.383,18.3));
#7286 = SURFACE_CURVE('',#7287,(#7292,#7303),.PCURVE_S1.);
#7287 = CIRCLE('',#7288,2.2);
#7288 = AXIS2_PLACEMENT_3D('',#7289,#7290,#7291);
#7289 = CARTESIAN_POINT('',(-32.56,436.383,18.3));
#7290 = DIRECTION('',(0.,0.,1.));
#7291 = DIRECTION('',(1.,0.,0.));
#7292 = PCURVE('',#375,#7293);
#7293 = DEFINITIONAL_REPRESENTATION('',(#7294),#7302);
#7294 = ( BOUNDED_CURVE() B_SPLINE_CURVE(2,(#7295,#7296,#7297,#7298,
#7299,#7300,#7301),.UNSPECIFIED.,.T.,.F.) B_SPLINE_CURVE_WITH_KNOTS((1,2
    ,2,2,2,1),(-2.094395102393,0.,2.094395102393,4.188790204786,
6.28318530718,8.377580409573),.UNSPECIFIED.) CURVE() 
GEOMETRIC_REPRESENTATION_ITEM() RATIONAL_B_SPLINE_CURVE((1.,0.5,1.,0.5,
1.,0.5,1.)) REPRESENTATION_ITEM('') );
#7295 = CARTESIAN_POINT('',(30.360806987405,204.76420413799));
#7296 = CARTESIAN_POINT('',(30.360806987405,208.57471591464));
#7297 = CARTESIAN_POINT('',(33.660806987405,206.66946002632));
#7298 = CARTESIAN_POINT('',(36.960806987405,204.76420413799));
#7299 = CARTESIAN_POINT('',(33.660806987405,202.85894824966));
#7300 = CARTESIAN_POINT('',(30.360806987405,200.95369236134));
#7301 = CARTESIAN_POINT('',(30.360806987405,204.76420413799));
#7302 = ( GEOMETRIC_REPRESENTATION_CONTEXT(2) 
PARAMETRIC_REPRESENTATION_CONTEXT() REPRESENTATION_CONTEXT('2D SPACE',''
  ) );
#7303 = PCURVE('',#7304,#7309);
#7304 = CYLINDRICAL_SURFACE('',#7305,2.2);
#7305 = AXIS2_PLACEMENT_3D('',#7306,#7307,#7308);
#7306 = CARTESIAN_POINT('',(-32.56,436.383,0.));
#7307 = DIRECTION('',(-0.,-0.,-1.));
#7308 = DIRECTION('',(1.,0.,0.));
#7309 = DEFINITIONAL_REPRESENTATION('',(#7310),#7314);
#7310 = LINE('',#7311,#7312);
#7311 = CARTESIAN_POINT('',(-0.,-18.3));
#7312 = VECTOR('',#7313,1.);
#7313 = DIRECTION('',(-1.,0.));
#7314 = ( GEOMETRIC_REPRESENTATION_CONTEXT(2) 
PARAMETRIC_REPRESENTATION_CONTEXT() REPRESENTATION_CONTEXT('2D SPACE',''
  ) );
#7315 = ADVANCED_FACE('',(#7316),#7304,.F.);
#7316 = FACE_BOUND('',#7317,.T.);
#7317 = EDGE_LOOP('',(#7318,#7825,#7846,#7847));
#7318 = ORIENTED_EDGE('',*,*,#7319,.F.);
#7319 = EDGE_CURVE('',#7320,#7320,#7322,.T.);
#7320 = VERTEX_POINT('',#7321);
#7321 = CARTESIAN_POINT('',(-30.36,436.383,14.209141739309));
#7322 = SURFACE_CURVE('',#7323,(#7459,#7642),.PCURVE_S1.);
#7323 = B_SPLINE_CURVE_WITH_KNOTS('',8,(#7324,#7325,#7326,#7327,#7328,
    #7329,#7330,#7331,#7332,#7333,#7334,#7335,#7336,#7337,#7338,#7339,
    #7340,#7341,#7342,#7343,#7344,#7345,#7346,#7347,#7348,#7349,#7350,
    #7351,#7352,#7353,#7354,#7355,#7356,#7357,#7358,#7359,#7360,#7361,
    #7362,#7363,#7364,#7365,#7366,#7367,#7368,#7369,#7370,#7371,#7372,
    #7373,#7374,#7375,#7376,#7377,#7378,#7379,#7380,#7381,#7382,#7383,
    #7384,#7385,#7386,#7387,#7388,#7389,#7390,#7391,#7392,#7393,#7394,
    #7395,#7396,#7397,#7398,#7399,#7400,#7401,#7402,#7403,#7404,#7405,
    #7406,#7407,#7408,#7409,#7410,#7411,#7412,#7413,#7414,#7415,#7416,
    #7417,#7418,#7419,#7420,#7421,#7422,#7423,#7424,#7425,#7426,#7427,
    #7428,#7429,#7430,#7431,#7432,#7433,#7434,#7435,#7436,#7437,#7438,
    #7439,#7440,#7441,#7442,#7443,#7444,#7445,#7446,#7447,#7448,#7449,
    #7450,#7451,#7452,#7453,#7454,#7455,#7456,#7457,#7458),
  .UNSPECIFIED.,.T.,.F.,(9,7,7,7,7,7,7,7,7,7,7,7,7,7,7,7,7,7,7,9),(0.,
    0.179895414575,0.26014770301,0.313043109949,0.368497005507,
    0.454081581059,0.485084798345,0.54748871309,0.644610549397,
    0.744274107049,0.810041895573,0.900617055122,1.,1.098931160419,
    1.170089540251,1.234753092755,1.264062077077,1.344914817285,
    1.4251598808,1.521247156965),.UNSPECIFIED.);
#7324 = CARTESIAN_POINT('',(-30.36,436.383,14.209141739309));
#7325 = CARTESIAN_POINT('',(-30.36,436.58704298635,14.220540744203));
#7326 = CARTESIAN_POINT('',(-30.38162810263,436.7912284265,
    14.231909925294));
#7327 = CARTESIAN_POINT('',(-30.42493529853,436.99278627099,
    14.242687899139));
#7328 = CARTESIAN_POINT('',(-30.48952624071,437.18905152858,
    14.252443568666));
#7329 = CARTESIAN_POINT('',(-30.57464460388,437.37745525244,
    14.261034586978));
#7330 = CARTESIAN_POINT('',(-30.67918555829,437.55552622568,
    14.268634601626));
#7331 = CARTESIAN_POINT('',(-30.80165016721,437.72092734177,
    14.275638995981));
#7332 = CARTESIAN_POINT('',(-31.00180031633,437.93874453471,
    14.285501214392));
#7333 = CARTESIAN_POINT('',(-31.06673258544,438.00301472046,
    14.288507647913));
#7334 = CARTESIAN_POINT('',(-31.13468807063,438.06418081426,
    14.291515563508));
#7335 = CARTESIAN_POINT('',(-31.20549066965,438.12207522519,
    14.294563362003));
#7336 = CARTESIAN_POINT('',(-31.27895382699,438.17654342126,
    14.297687814879));
#7337 = CARTESIAN_POINT('',(-31.3548809289,438.22744416107,
    14.300921452758));
#7338 = CARTESIAN_POINT('',(-31.43306569846,438.27464972545,
    14.304289953894));
#7339 = CARTESIAN_POINT('',(-31.56617125833,438.34664933943,
    14.310129336308));
#7340 = CARTESIAN_POINT('',(-31.61993789623,438.37359822225,
    14.312515377904));
#7341 = CARTESIAN_POINT('',(-31.67453161382,438.39886054542,
    14.314969042863));
#7342 = CARTESIAN_POINT('',(-31.7298888228,438.4224064048,
    14.317503467728));
#7343 = CARTESIAN_POINT('',(-31.78594788296,438.4442100121,
    14.320103680944));
#7344 = CARTESIAN_POINT('',(-31.84264279669,438.46424702431,
    14.32278355083));
#7345 = CARTESIAN_POINT('',(-31.89990886514,438.48249702175,
    14.325539300145));
#7346 = CARTESIAN_POINT('',(-32.01824724115,438.51618294445,
    14.331300266941));
#7347 = CARTESIAN_POINT('',(-32.07937004301,438.53144015286,
    14.334312463781));
#7348 = CARTESIAN_POINT('',(-32.14097400072,438.54469344437,
    14.337374184313));
#7349 = CARTESIAN_POINT('',(-32.20298334635,438.55592577686,
    14.340470901984));
#7350 = CARTESIAN_POINT('',(-32.26532184519,438.56512349402,
    14.343587893283));
#7351 = CARTESIAN_POINT('',(-32.32791282089,438.57227630779,
    14.346710395407));
#7352 = CARTESIAN_POINT('',(-32.39067918063,438.5773772808,
    14.349823763925));
#7353 = CARTESIAN_POINT('',(-32.55056477512,438.58512311391,
    14.357682365137));
#7354 = CARTESIAN_POINT('',(-32.647821492,438.58492747923,
    14.362395270745));
#7355 = CARTESIAN_POINT('',(-32.74502720563,438.5798229013,
    14.366999274569));
#7356 = CARTESIAN_POINT('',(-32.84189646179,438.56981533995,
    14.37144322922));
#7357 = CARTESIAN_POINT('',(-32.93814508156,438.55493002971,
    14.375678871965));
#7358 = CARTESIAN_POINT('',(-33.03349050557,438.53521179108,
    14.379661784052));
#7359 = CARTESIAN_POINT('',(-33.12765213829,438.51072534189,
    14.383352350042));
#7360 = CARTESIAN_POINT('',(-33.25393232762,438.47098880292,
    14.387935467173));
#7361 = CARTESIAN_POINT('',(-33.28732131896,438.45980738199,
    14.389111416192));
#7362 = CARTESIAN_POINT('',(-33.32050552629,438.44801536409,
    14.390242944783));
#7363 = CARTESIAN_POINT('',(-33.35347191733,438.43561710533,
    14.391328536398));
#7364 = CARTESIAN_POINT('',(-33.38620756759,438.42261729969,
    14.392366777359));
#7365 = CARTESIAN_POINT('',(-33.41869966037,438.40902097897,
    14.393356356857));
#7366 = CARTESIAN_POINT('',(-33.45093548676,438.39483351288,
    14.394296066951));
#7367 = CARTESIAN_POINT('',(-33.54724619933,438.35032540343,
    14.396973667944));
#7368 = CARTESIAN_POINT('',(-33.61050123511,438.31821804026,
    14.39855604621));
#7369 = CARTESIAN_POINT('',(-33.67256425826,438.28378538789,
    14.399922927109));
#7370 = CARTESIAN_POINT('',(-33.73333482636,438.24707947827,
    14.401067145545));
#7371 = CARTESIAN_POINT('',(-33.79271544161,438.208157503,
    14.401983385615));
#7372 = CARTESIAN_POINT('',(-33.85061164318,438.16708180947,
    14.402668184645));
#7373 = CARTESIAN_POINT('',(-33.9069320996,438.12391989692,
    14.403119937214));
#7374 = CARTESIAN_POINT('',(-34.046653068,438.00843590703,14.40367967892
    ));
#7375 = CARTESIAN_POINT('',(-34.12769206133,437.93324622847,
    14.403456601386));
#7376 = CARTESIAN_POINT('',(-34.20436968929,437.85345131889,
    14.402670431997));
#7377 = CARTESIAN_POINT('',(-34.27637947991,437.76935143538,
    14.401332871132));
#7378 = CARTESIAN_POINT('',(-34.34344242978,437.68126851077,
    14.399465691947));
#7379 = CARTESIAN_POINT('',(-34.40530637384,437.58954471617,
    14.397099754774));
#7380 = CARTESIAN_POINT('',(-34.46174677626,437.49454222531,
    14.394273898155));
#7381 = CARTESIAN_POINT('',(-34.56472114706,437.29618410113,
    14.387708717552));
#7382 = CARTESIAN_POINT('',(-34.61096145138,437.19266673207,
    14.383947152542));
#7383 = CARTESIAN_POINT('',(-34.65107881774,437.08650336596,
    14.379798099885));
#7384 = CARTESIAN_POINT('',(-34.68490079071,436.97811626546,
    14.375317718764));
#7385 = CARTESIAN_POINT('',(-34.71229029355,436.86793704736,
    14.370567494574));
#7386 = CARTESIAN_POINT('',(-34.73314434523,436.75640565254,
    14.365612560963));
#7387 = CARTESIAN_POINT('',(-34.74739469827,436.64396990194,
    14.360520088445));
#7388 = CARTESIAN_POINT('',(-34.76003598208,436.45659353223,
    14.351951115577));
#7389 = CARTESIAN_POINT('',(-34.76217252498,436.38190381108,
    14.348513955186));
#7390 = CARTESIAN_POINT('',(-34.76141100879,436.30714637711,
    14.345065653003));
#7391 = CARTESIAN_POINT('',(-34.75774917379,436.23245102655,
    14.341625609971));
#7392 = CARTESIAN_POINT('',(-34.75119155983,436.15794737133,
    14.338213043007));
#7393 = CARTESIAN_POINT('',(-34.74174954852,436.08376476029,
    14.334846794634));
#7394 = CARTESIAN_POINT('',(-34.72944140542,436.01003220052,
    14.331545142607));
#7395 = CARTESIAN_POINT('',(-34.69342905989,435.83613096291,
    14.323891680295));
#7396 = CARTESIAN_POINT('',(-34.66717685232,435.73647768637,
    14.319609418841));
#7397 = CARTESIAN_POINT('',(-34.6356010805,435.63825481753,
    14.31556196028));
#7398 = CARTESIAN_POINT('',(-34.59879458035,435.54180084042,
    14.311667981028));
#7399 = CARTESIAN_POINT('',(-34.55687311652,435.44743543899,
    14.3079951043));
#7400 = CARTESIAN_POINT('',(-34.50997765777,435.35547803018,
    14.304472348396));
#7401 = CARTESIAN_POINT('',(-34.45827330165,435.26623362358,
    14.301095284229));
#7402 = CARTESIAN_POINT('',(-34.34015348847,435.08537687449,
    14.294233205165));
#7403 = CARTESIAN_POINT('',(-34.27279269453,434.99437243554,
    14.290770491166));
#7404 = CARTESIAN_POINT('',(-34.20012089414,434.90737484695,
    14.287390630164));
#7405 = CARTESIAN_POINT('',(-34.12242020229,434.82474717366,
    14.284040138121));
#7406 = CARTESIAN_POINT('',(-34.04000076087,434.7468266905,
    14.280661528987));
#7407 = CARTESIAN_POINT('',(-33.95319948317,434.67392464857,
    14.277198201392));
#7408 = CARTESIAN_POINT('',(-33.8623801804,434.60632463944,
    14.273599289482));
#7409 = CARTESIAN_POINT('',(-33.67391929725,434.4825165255,
    14.266066826272));
#7410 = CARTESIAN_POINT('',(-33.57630157743,434.42625209918,
    14.26213447851));
#7411 = CARTESIAN_POINT('',(-33.47546760693,434.37573749835,
    14.25798756477));
#7412 = CARTESIAN_POINT('',(-33.37181833123,434.3311855032,
    14.253595647461));
#7413 = CARTESIAN_POINT('',(-33.26576756539,434.29277343441,
    14.248942021989));
#7414 = CARTESIAN_POINT('',(-33.15774045908,434.26064438438,
    14.244026455336));
#7415 = CARTESIAN_POINT('',(-33.04817280568,434.23490669923,
    14.238866362509));
#7416 = CARTESIAN_POINT('',(-32.8579154364,434.20176775953,
    14.229633973998));
#7417 = CARTESIAN_POINT('',(-32.77775048917,434.19124679498,
    14.225662854132));
#7418 = CARTESIAN_POINT('',(-32.69718080325,434.18409533514,
    14.221595683737));
#7419 = CARTESIAN_POINT('',(-32.61637064623,434.18033020185,
    14.217449824165));
#7420 = CARTESIAN_POINT('',(-32.53548400699,434.17995870414,
    14.213246875182));
#7421 = CARTESIAN_POINT('',(-32.45468449829,434.18297882064,
    14.209012174519));
#7422 = CARTESIAN_POINT('',(-32.37413525937,434.18937938204,
    14.204774297427));
#7423 = CARTESIAN_POINT('',(-32.22117673456,434.20801022234,
    14.196739050052));
#7424 = CARTESIAN_POINT('',(-32.14869463988,434.21965518108,
    14.192936706273));
#7425 = CARTESIAN_POINT('',(-32.07667429401,434.23405991896,
    14.189180836495));
#7426 = CARTESIAN_POINT('',(-32.00523613649,434.25120325304,
    14.185496477603));
#7427 = CARTESIAN_POINT('',(-31.93449928504,434.27105797892,
    14.181909767002));
#7428 = CARTESIAN_POINT('',(-31.86458149352,434.29359082159,
    14.178447317853));
#7429 = CARTESIAN_POINT('',(-31.79559911008,434.31876238622,
    14.175135594323));
#7430 = CARTESIAN_POINT('',(-31.69687658144,434.35911156805,
    14.170579197578));
#7431 = CARTESIAN_POINT('',(-31.66630183892,434.37222877653,
    14.169194332307));
#7432 = CARTESIAN_POINT('',(-31.63595348603,434.38587449959,
    14.167848104607));
#7433 = CARTESIAN_POINT('',(-31.6058421079,434.4000442424,
    14.166542865043));
#7434 = CARTESIAN_POINT('',(-31.5759781964,434.41473325018,
    14.165280901142));
#7435 = CARTESIAN_POINT('',(-31.54637215011,434.42993650822,
    14.164064437388));
#7436 = CARTESIAN_POINT('',(-31.51703427431,434.44564874189,
    14.162895635229));
#7437 = CARTESIAN_POINT('',(-31.40781029504,434.50659751682,
    14.158689566109));
#7438 = CARTESIAN_POINT('',(-31.32976184975,434.55516317483,
    14.155980793831));
#7439 = CARTESIAN_POINT('',(-31.25404695753,434.60744377517,
    14.153694640453));
#7440 = CARTESIAN_POINT('',(-31.18087363132,434.66330729242,
    14.151869831207));
#7441 = CARTESIAN_POINT('',(-31.11044066649,434.72260778152,
    14.150537001929));
#7442 = CARTESIAN_POINT('',(-31.04293741073,434.78518541443,
    14.149717216603));
#7443 = CARTESIAN_POINT('',(-30.97854302202,434.85086606321,
    14.149421452897));
#7444 = CARTESIAN_POINT('',(-30.85676675938,434.98753925092,
    14.149878932778));
#7445 = CARTESIAN_POINT('',(-30.7993326361,435.05849172553,
    14.150624383626));
#7446 = CARTESIAN_POINT('',(-30.74528745327,435.1321332531,
    14.15188781245));
#7447 = CARTESIAN_POINT('',(-30.69477979332,435.20826997987,
    14.153661139845));
#7448 = CARTESIAN_POINT('',(-30.64794320819,435.28669998336,
    14.155925128152));
#7449 = CARTESIAN_POINT('',(-30.6048967465,435.36721396889,
    14.15864911877));
#7450 = CARTESIAN_POINT('',(-30.56574501235,435.44959547762,
    14.161793181419));
#7451 = CARTESIAN_POINT('',(-30.48846767768,435.63423421866,
    14.169526997917));
#7452 = CARTESIAN_POINT('',(-30.45206847545,435.73720964742,
    14.174279640555));
#7453 = CARTESIAN_POINT('',(-30.42153391801,435.84216592923,
    14.179493121992));
#7454 = CARTESIAN_POINT('',(-30.39698417639,435.94871696659,
    14.185076286238));
#7455 = CARTESIAN_POINT('',(-30.37850919906,436.05647233288,
    14.190930240731));
#7456 = CARTESIAN_POINT('',(-30.36617030577,436.165037645,
    14.196954479011));
#7457 = CARTESIAN_POINT('',(-30.36,436.2740145035,14.20305318792));
#7458 = CARTESIAN_POINT('',(-30.36,436.383,14.209141739309));
#7459 = PCURVE('',#7304,#7460);
#7460 = DEFINITIONAL_REPRESENTATION('',(#7461),#7641);
#7461 = B_SPLINE_CURVE_WITH_KNOTS('',3,(#7462,#7463,#7464,#7465,#7466,
    #7467,#7468,#7469,#7470,#7471,#7472,#7473,#7474,#7475,#7476,#7477,
    #7478,#7479,#7480,#7481,#7482,#7483,#7484,#7485,#7486,#7487,#7488,
    #7489,#7490,#7491,#7492,#7493,#7494,#7495,#7496,#7497,#7498,#7499,
    #7500,#7501,#7502,#7503,#7504,#7505,#7506,#7507,#7508,#7509,#7510,
    #7511,#7512,#7513,#7514,#7515,#7516,#7517,#7518,#7519,#7520,#7521,
    #7522,#7523,#7524,#7525,#7526,#7527,#7528,#7529,#7530,#7531,#7532,
    #7533,#7534,#7535,#7536,#7537,#7538,#7539,#7540,#7541,#7542,#7543,
    #7544,#7545,#7546,#7547,#7548,#7549,#7550,#7551,#7552,#7553,#7554,
    #7555,#7556,#7557,#7558,#7559,#7560,#7561,#7562,#7563,#7564,#7565,
    #7566,#7567,#7568,#7569,#7570,#7571,#7572,#7573,#7574,#7575,#7576,
    #7577,#7578,#7579,#7580,#7581,#7582,#7583,#7584,#7585,#7586,#7587,
    #7588,#7589,#7590,#7591,#7592,#7593,#7594,#7595,#7596,#7597,#7598,
    #7599,#7600,#7601,#7602,#7603,#7604,#7605,#7606,#7607,#7608,#7609,
    #7610,#7611,#7612,#7613,#7614,#7615,#7616,#7617,#7618,#7619,#7620,
    #7621,#7622,#7623,#7624,#7625,#7626,#7627,#7628,#7629,#7630,#7631,
    #7632,#7633,#7634,#7635,#7636,#7637,#7638,#7639,#7640),
  .UNSPECIFIED.,.F.,.F.,(4,1,1,1,1,1,1,1,1,1,1,1,1,1,1,1,1,1,1,1,1,1,1,1
    ,1,1,1,1,1,1,1,1,1,1,1,1,1,1,1,1,1,1,1,1,1,1,1,1,1,1,1,1,1,1,1,1,1,1
    ,1,1,1,1,1,1,1,1,1,1,1,1,1,1,1,1,1,1,1,1,1,1,1,1,1,1,1,1,1,1,1,1,1,1
    ,1,1,1,1,1,1,1,1,1,1,1,1,1,1,1,1,1,1,1,1,1,1,1,1,1,1,1,1,1,1,1,1,1,1
    ,1,1,1,1,1,1,1,1,1,1,1,1,1,1,1,1,1,1,1,1,1,1,1,1,1,1,1,1,1,1,1,1,1,1
    ,1,1,1,1,1,1,1,1,1,1,1,1,1,1,1,1,4),(0.,8.643449755485E-03,
    1.728689951097E-02,2.593034926646E-02,3.457379902194E-02,
    4.321724877743E-02,5.186069853291E-02,6.05041482884E-02,
    6.914759804388E-02,7.779104779937E-02,8.643449755485E-02,
    9.507794731034E-02,0.103721397066,0.112364846821,0.121008296577,
    0.129651746332,0.138295196088,0.146938645843,0.155582095599,
    0.164225545354,0.17286899511,0.181512444865,0.190155894621,
    0.198799344376,0.207442794132,0.216086243887,0.224729693643,
    0.233373143398,0.242016593154,0.250660042909,0.259303492665,
    0.26794694242,0.276590392176,0.285233841931,0.293877291686,
    0.302520741442,0.311164191197,0.319807640953,0.328451090708,
    0.337094540464,0.345737990219,0.354381439975,0.36302488973,
    0.371668339486,0.380311789241,0.388955238997,0.397598688752,
    0.406242138508,0.414885588263,0.423529038019,0.432172487774,
    0.44081593753,0.449459387285,0.458102837041,0.466746286796,
    0.475389736552,0.484033186307,0.492676636063,0.501320085818,
    0.509963535574,0.518606985329,0.527250435085,0.53589388484,
    0.544537334596,0.553180784351,0.561824234107,0.570467683862,
    0.579111133618,0.587754583373,0.596398033128,0.605041482884,
    0.613684932639,0.622328382395,0.63097183215,0.639615281906,
    0.648258731661,0.656902181417,0.665545631172,0.674189080928,
    0.682832530683,0.691475980439,0.700119430194,0.70876287995,
    0.717406329705,0.726049779461,0.734693229216,0.743336678972,
    0.751980128727,0.760623578483,0.769267028238,0.777910477994,
    0.786553927749,0.795197377505,0.80384082726,0.812484277016,
    0.821127726771,0.829771176527,0.838414626282,0.847058076038,
    0.855701525793,0.864344975549,0.872988425304,0.881631875059,
    0.890275324815,0.89891877457,0.907562224326,0.916205674081,
    0.924849123837,0.933492573592,0.942136023348,0.950779473103,
    0.959422922859,0.968066372614,0.97670982237,0.985353272125,
    0.993996721881,1.002640171636,1.011283621392,1.019927071147,
    1.028570520903,1.037213970658,1.045857420414,1.054500870169,
    1.063144319925,1.07178776968,1.080431219436,1.089074669191,
    1.097718118947,1.106361568702,1.115005018458,1.123648468213,
    1.132291917969,1.140935367724,1.14957881748,1.158222267235,
    1.166865716991,1.175509166746,1.184152616501,1.192796066257,
    1.201439516012,1.210082965768,1.218726415523,1.227369865279,
    1.236013315034,1.24465676479,1.253300214545,1.261943664301,
    1.270587114056,1.279230563812,1.287874013567,1.296517463323,
    1.305160913078,1.313804362834,1.322447812589,1.331091262345,
    1.3397347121,1.348378161856,1.357021611611,1.365665061367,
    1.374308511122,1.382951960878,1.391595410633,1.400238860389,
    1.408882310144,1.4175257599,1.426169209655,1.434812659411,
    1.443456109166,1.452099558922,1.460743008677,1.469386458432,
    1.478029908188,1.486673357943,1.495316807699,1.503960257454,
    1.51260370721,1.521247156965),.QUASI_UNIFORM_KNOTS.);
#7462 = CARTESIAN_POINT('',(5.151434834261E-14,-14.2091417393));
#7463 = CARTESIAN_POINT('',(-1.188326954525E-02,-14.21060236532));
#7464 = CARTESIAN_POINT('',(-3.565247149454E-02,-14.21352187461));
#7465 = CARTESIAN_POINT('',(-7.131331715776E-02,-14.21787721157));
#7466 = CARTESIAN_POINT('',(-0.106980120494,-14.22218929528));
#7467 = CARTESIAN_POINT('',(-0.142652283741,-14.22644099589));
#7468 = CARTESIAN_POINT('',(-0.178329445514,-14.23061687543));
#7469 = CARTESIAN_POINT('',(-0.214011472048,-14.23470353461));
#7470 = CARTESIAN_POINT('',(-0.249698389831,-14.23868969143));
#7471 = CARTESIAN_POINT('',(-0.285390339373,-14.24256629168));
#7472 = CARTESIAN_POINT('',(-0.321087527806,-14.24632657146));
#7473 = CARTESIAN_POINT('',(-0.356790185294,-14.24996609317));
#7474 = CARTESIAN_POINT('',(-0.392498522851,-14.25348274971));
#7475 = CARTESIAN_POINT('',(-0.428212691156,-14.25687673847));
#7476 = CARTESIAN_POINT('',(-0.463932739241,-14.26015050502));
#7477 = CARTESIAN_POINT('',(-0.499658572635,-14.26330865689));
#7478 = CARTESIAN_POINT('',(-0.535389908468,-14.26635784737));
#7479 = CARTESIAN_POINT('',(-0.57112623267,-14.26930663031));
#7480 = CARTESIAN_POINT('',(-0.606866736023,-14.27216528404));
#7481 = CARTESIAN_POINT('',(-0.642610311958,-14.27494561161));
#7482 = CARTESIAN_POINT('',(-0.678355303016,-14.2776606926));
#7483 = CARTESIAN_POINT('',(-0.714100160968,-14.28032467883));
#7484 = CARTESIAN_POINT('',(-0.749840669695,-14.28295229174));
#7485 = CARTESIAN_POINT('',(-0.785580708774,-14.28555935496));
#7486 = CARTESIAN_POINT('',(-0.821321426948,-14.288161848));
#7487 = CARTESIAN_POINT('',(-0.857061556144,-14.29077545675));
#7488 = CARTESIAN_POINT('',(-0.892800643649,-14.29341559021));
#7489 = CARTESIAN_POINT('',(-0.92853812811,-14.29609705326));
#7490 = CARTESIAN_POINT('',(-0.964273530569,-14.29883381275));
#7491 = CARTESIAN_POINT('',(-1.000006337068,-14.30163873437));
#7492 = CARTESIAN_POINT('',(-1.035735999566,-14.30452334309));
#7493 = CARTESIAN_POINT('',(-1.071461775704,-14.30749751839));
#7494 = CARTESIAN_POINT('',(-1.107183102602,-14.3105694271));
#7495 = CARTESIAN_POINT('',(-1.142899983699,-14.31374518681));
#7496 = CARTESIAN_POINT('',(-1.178611874481,-14.31702931476));
#7497 = CARTESIAN_POINT('',(-1.21431858533,-14.32042333775));
#7498 = CARTESIAN_POINT('',(-1.250019924164,-14.32392767844));
#7499 = CARTESIAN_POINT('',(-1.285715795908,-14.3275394256));
#7500 = CARTESIAN_POINT('',(-1.321406502514,-14.33124218438));
#7501 = CARTESIAN_POINT('',(-1.35709271161,-14.3350172566));
#7502 = CARTESIAN_POINT('',(-1.392774903436,-14.338846433));
#7503 = CARTESIAN_POINT('',(-1.428453726197,-14.34271107657));
#7504 = CARTESIAN_POINT('',(-1.464129843984,-14.34659253597));
#7505 = CARTESIAN_POINT('',(-1.499803959214,-14.35047216249));
#7506 = CARTESIAN_POINT('',(-1.535476611662,-14.35433141359));
#7507 = CARTESIAN_POINT('',(-1.57114892163,-14.3581520373));
#7508 = CARTESIAN_POINT('',(-1.606821268099,-14.36191596941));
#7509 = CARTESIAN_POINT('',(-1.642494146306,-14.36560558691));
#7510 = CARTESIAN_POINT('',(-1.678168094258,-14.36920376035));
#7511 = CARTESIAN_POINT('',(-1.713843663132,-14.37269392568));
#7512 = CARTESIAN_POINT('',(-1.749521371773,-14.37606015093));
#7513 = CARTESIAN_POINT('',(-1.78520166654,-14.37928720411));
#7514 = CARTESIAN_POINT('',(-1.820884865763,-14.38236062126));
#7515 = CARTESIAN_POINT('',(-1.856571155192,-14.38526677278));
#7516 = CARTESIAN_POINT('',(-1.892260394376,-14.38799293641));
#7517 = CARTESIAN_POINT('',(-1.927952952015,-14.39052735247));
#7518 = CARTESIAN_POINT('',(-1.96364881693,-14.39285922889));
#7519 = CARTESIAN_POINT('',(-1.999347897207,-14.39497882696));
#7520 = CARTESIAN_POINT('',(-2.03505014013,-14.39687746016));
#7521 = CARTESIAN_POINT('',(-2.070755354396,-14.39854754213));
#7522 = CARTESIAN_POINT('',(-2.106463091077,-14.39998259542));
#7523 = CARTESIAN_POINT('',(-2.14217304601,-14.40117729456));
#7524 = CARTESIAN_POINT('',(-2.177884890988,-14.40212745654));
#7525 = CARTESIAN_POINT('',(-2.213598264506,-14.40283004569));
#7526 = CARTESIAN_POINT('',(-2.249312672874,-14.40328317208));
#7527 = CARTESIAN_POINT('',(-2.285027587303,-14.40348610126));
#7528 = CARTESIAN_POINT('',(-2.320743368978,-14.40343921632));
#7529 = CARTESIAN_POINT('',(-2.356458846577,-14.40314400901));
#7530 = CARTESIAN_POINT('',(-2.392173469654,-14.40260307325));
#7531 = CARTESIAN_POINT('',(-2.427886778865,-14.40182006363));
#7532 = CARTESIAN_POINT('',(-2.46359847812,-14.40079966093));
#7533 = CARTESIAN_POINT('',(-2.49930835055,-14.3995475341));
#7534 = CARTESIAN_POINT('',(-2.535016215866,-14.39807030186));
#7535 = CARTESIAN_POINT('',(-2.570721889444,-14.39637549198));
#7536 = CARTESIAN_POINT('',(-2.606425096572,-14.39447150277));
#7537 = CARTESIAN_POINT('',(-2.642125560012,-14.3923675508));
#7538 = CARTESIAN_POINT('',(-2.677822427313,-14.3900736639));
#7539 = CARTESIAN_POINT('',(-2.713517111802,-14.38760043535));
#7540 = CARTESIAN_POINT('',(-2.749209259154,-14.38495922376));
#7541 = CARTESIAN_POINT('',(-2.78489884797,-14.38216197601));
#7542 = CARTESIAN_POINT('',(-2.820586025507,-14.37922117402));
#7543 = CARTESIAN_POINT('',(-2.856271087908,-14.37614977807));
#7544 = CARTESIAN_POINT('',(-2.891954426411,-14.37296117171));
#7545 = CARTESIAN_POINT('',(-2.927636484744,-14.3696691071));
#7546 = CARTESIAN_POINT('',(-2.96331771881,-14.36628765053));
#7547 = CARTESIAN_POINT('',(-2.998998542101,-14.36283113009));
#7548 = CARTESIAN_POINT('',(-3.034679324963,-14.35931407822));
#7549 = CARTESIAN_POINT('',(-3.07036018483,-14.35575119586));
#7550 = CARTESIAN_POINT('',(-3.106041544119,-14.3521572386));
#7551 = CARTESIAN_POINT('',(-3.141724547864,-14.34854691536));
#7552 = CARTESIAN_POINT('',(-3.177409421098,-14.34493499818));
#7553 = CARTESIAN_POINT('',(-3.213096708109,-14.34133613893));
#7554 = CARTESIAN_POINT('',(-3.248786901836,-14.33776486049));
#7555 = CARTESIAN_POINT('',(-3.284480469227,-14.33423547076));
#7556 = CARTESIAN_POINT('',(-3.320177859831,-14.33076211446));
#7557 = CARTESIAN_POINT('',(-3.355879182693,-14.327358351));
#7558 = CARTESIAN_POINT('',(-3.391585421584,-14.32403820305));
#7559 = CARTESIAN_POINT('',(-3.42729647128,-14.32081359627));
#7560 = CARTESIAN_POINT('',(-3.463012039876,-14.31768643062));
#7561 = CARTESIAN_POINT('',(-3.49873191832,-14.31465615018));
#7562 = CARTESIAN_POINT('',(-3.534455940252,-14.31172075189));
#7563 = CARTESIAN_POINT('',(-3.570183949161,-14.30887707547));
#7564 = CARTESIAN_POINT('',(-3.605915740993,-14.30612045665));
#7565 = CARTESIAN_POINT('',(-3.64165100592,-14.30344471881));
#7566 = CARTESIAN_POINT('',(-3.677389321101,-14.30084251665));
#7567 = CARTESIAN_POINT('',(-3.713129981425,-14.29830584523));
#7568 = CARTESIAN_POINT('',(-3.748872396826,-14.29582513952));
#7569 = CARTESIAN_POINT('',(-3.784616924093,-14.29339027868));
#7570 = CARTESIAN_POINT('',(-3.820362614809,-14.290990439));
#7571 = CARTESIAN_POINT('',(-3.856109058265,-14.28861422149));
#7572 = CARTESIAN_POINT('',(-3.891855861495,-14.28624983329));
#7573 = CARTESIAN_POINT('',(-3.927602725807,-14.28388524652));
#7574 = CARTESIAN_POINT('',(-3.963349367484,-14.28150836278));
#7575 = CARTESIAN_POINT('',(-3.999095477077,-14.27910717598));
#7576 = CARTESIAN_POINT('',(-4.034840684811,-14.27666993398));
#7577 = CARTESIAN_POINT('',(-4.070584460314,-14.27418530518));
#7578 = CARTESIAN_POINT('',(-4.106326259087,-14.27164252429));
#7579 = CARTESIAN_POINT('',(-4.142064730846,-14.26903161477));
#7580 = CARTESIAN_POINT('',(-4.177800999259,-14.26634327559));
#7581 = CARTESIAN_POINT('',(-4.213534269409,-14.26356934223));
#7582 = CARTESIAN_POINT('',(-4.249263802497,-14.26070277264));
#7583 = CARTESIAN_POINT('',(-4.284989137542,-14.25773774496));
#7584 = CARTESIAN_POINT('',(-4.320709964319,-14.25466977175));
#7585 = CARTESIAN_POINT('',(-4.356426094652,-14.25149579213));
#7586 = CARTESIAN_POINT('',(-4.392137409548,-14.24821425207));
#7587 = CARTESIAN_POINT('',(-4.427843818143,-14.24482516989));
#7588 = CARTESIAN_POINT('',(-4.463545199896,-14.24133018881));
#7589 = CARTESIAN_POINT('',(-4.499241401086,-14.23773261219));
#7590 = CARTESIAN_POINT('',(-4.534932022741,-14.23403743657));
#7591 = CARTESIAN_POINT('',(-4.57061697354,-14.23025132716));
#7592 = CARTESIAN_POINT('',(-4.606297236827,-14.22638244139));
#7593 = CARTESIAN_POINT('',(-4.641972733569,-14.22244067425));
#7594 = CARTESIAN_POINT('',(-4.677643887363,-14.21843746803));
#7595 = CARTESIAN_POINT('',(-4.713311165617,-14.21438574943));
#7596 = CARTESIAN_POINT('',(-4.748975144724,-14.21029983316));
#7597 = CARTESIAN_POINT('',(-4.784636434624,-14.20619533683));
#7598 = CARTESIAN_POINT('',(-4.820295649616,-14.20208908417));
#7599 = CARTESIAN_POINT('',(-4.855953347426,-14.19799904367));
#7600 = CARTESIAN_POINT('',(-4.891610575827,-14.19394401257));
#7601 = CARTESIAN_POINT('',(-4.927267974314,-14.18994363668));
#7602 = CARTESIAN_POINT('',(-4.962926329669,-14.18601819222));
#7603 = CARTESIAN_POINT('',(-4.998586418153,-14.18218841071));
#7604 = CARTESIAN_POINT('',(-5.034248987835,-14.17847529995));
#7605 = CARTESIAN_POINT('',(-5.06991471791,-14.17489996038));
#7606 = CARTESIAN_POINT('',(-5.105584124669,-14.17148342379));
#7607 = CARTESIAN_POINT('',(-5.141257713169,-14.16824640177));
#7608 = CARTESIAN_POINT('',(-5.176935902466,-14.16520917469));
#7609 = CARTESIAN_POINT('',(-5.212618887789,-14.16239123569));
#7610 = CARTESIAN_POINT('',(-5.248306969957,-14.15981122181));
#7611 = CARTESIAN_POINT('',(-5.28400047785,-14.15748673064));
#7612 = CARTESIAN_POINT('',(-5.319698672117,-14.1554343246));
#7613 = CARTESIAN_POINT('',(-5.35540115174,-14.15366888538));
#7614 = CARTESIAN_POINT('',(-5.39110744658,-14.15220355716));
#7615 = CARTESIAN_POINT('',(-5.426817054552,-14.1510495829));
#7616 = CARTESIAN_POINT('',(-5.462529370528,-14.15021620539));
#7617 = CARTESIAN_POINT('',(-5.498243608921,-14.1497105908));
#7618 = CARTESIAN_POINT('',(-5.533958856683,-14.14953777232));
#7619 = CARTESIAN_POINT('',(-5.569673599565,-14.14970066573));
#7620 = CARTESIAN_POINT('',(-5.605387889161,-14.15019995184));
#7621 = CARTESIAN_POINT('',(-5.641100347116,-14.1510339388));
#7622 = CARTESIAN_POINT('',(-5.676809954885,-14.15219878294));
#7623 = CARTESIAN_POINT('',(-5.712515913155,-14.15368829998));
#7624 = CARTESIAN_POINT('',(-5.748217605016,-14.15549394407));
#7625 = CARTESIAN_POINT('',(-5.783914543055,-14.15760483834));
#7626 = CARTESIAN_POINT('',(-5.819606286815,-14.16000788741));
#7627 = CARTESIAN_POINT('',(-5.855292496055,-14.16268796616));
#7628 = CARTESIAN_POINT('',(-5.890972463242,-14.16562817716));
#7629 = CARTESIAN_POINT('',(-5.926646625862,-14.16881021272));
#7630 = CARTESIAN_POINT('',(-5.962315400934,-14.17221424155));
#7631 = CARTESIAN_POINT('',(-5.997978928176,-14.17581917776));
#7632 = CARTESIAN_POINT('',(-6.033637737786,-14.17960293687));
#7633 = CARTESIAN_POINT('',(-6.06929250128,-14.18354267144));
#7634 = CARTESIAN_POINT('',(-6.104944033501,-14.18761501385));
#7635 = CARTESIAN_POINT('',(-6.140593230792,-14.19179632238));
#7636 = CARTESIAN_POINT('',(-6.176241030092,-14.19606291901));
#7637 = CARTESIAN_POINT('',(-6.211888357386,-14.20039136863));
#7638 = CARTESIAN_POINT('',(-6.247536099441,-14.20475861283));
#7639 = CARTESIAN_POINT('',(-6.271302024502,-14.20768130829));
#7640 = CARTESIAN_POINT('',(-6.28318530718,-14.2091417393));
#7641 = ( GEOMETRIC_REPRESENTATION_CONTEXT(2) 
PARAMETRIC_REPRESENTATION_CONTEXT() REPRESENTATION_CONTEXT('2D SPACE',''
  ) );
#7642 = PCURVE('',#201,#7643);
#7643 = DEFINITIONAL_REPRESENTATION('',(#7644),#7824);
#7644 = B_SPLINE_CURVE_WITH_KNOTS('',3,(#7645,#7646,#7647,#7648,#7649,
    #7650,#7651,#7652,#7653,#7654,#7655,#7656,#7657,#7658,#7659,#7660,
    #7661,#7662,#7663,#7664,#7665,#7666,#7667,#7668,#7669,#7670,#7671,
    #7672,#7673,#7674,#7675,#7676,#7677,#7678,#7679,#7680,#7681,#7682,
    #7683,#7684,#7685,#7686,#7687,#7688,#7689,#7690,#7691,#7692,#7693,
    #7694,#7695,#7696,#7697,#7698,#7699,#7700,#7701,#7702,#7703,#7704,
    #7705,#7706,#7707,#7708,#7709,#7710,#7711,#7712,#7713,#7714,#7715,
    #7716,#7717,#7718,#7719,#7720,#7721,#7722,#7723,#7724,#7725,#7726,
    #7727,#7728,#7729,#7730,#7731,#7732,#7733,#7734,#7735,#7736,#7737,
    #7738,#7739,#7740,#7741,#7742,#7743,#7744,#7745,#7746,#7747,#7748,
    #7749,#7750,#7751,#7752,#7753,#7754,#7755,#7756,#7757,#7758,#7759,
    #7760,#7761,#7762,#7763,#7764,#7765,#7766,#7767,#7768,#7769,#7770,
    #7771,#7772,#7773,#7774,#7775,#7776,#7777,#7778,#7779,#7780,#7781,
    #7782,#7783,#7784,#7785,#7786,#7787,#7788,#7789,#7790,#7791,#7792,
    #7793,#7794,#7795,#7796,#7797,#7798,#7799,#7800,#7801,#7802,#7803,
    #7804,#7805,#7806,#7807,#7808,#7809,#7810,#7811,#7812,#7813,#7814,
    #7815,#7816,#7817,#7818,#7819,#7820,#7821,#7822,#7823),
  .UNSPECIFIED.,.F.,.F.,(4,1,1,1,1,1,1,1,1,1,1,1,1,1,1,1,1,1,1,1,1,1,1,1
    ,1,1,1,1,1,1,1,1,1,1,1,1,1,1,1,1,1,1,1,1,1,1,1,1,1,1,1,1,1,1,1,1,1,1
    ,1,1,1,1,1,1,1,1,1,1,1,1,1,1,1,1,1,1,1,1,1,1,1,1,1,1,1,1,1,1,1,1,1,1
    ,1,1,1,1,1,1,1,1,1,1,1,1,1,1,1,1,1,1,1,1,1,1,1,1,1,1,1,1,1,1,1,1,1,1
    ,1,1,1,1,1,1,1,1,1,1,1,1,1,1,1,1,1,1,1,1,1,1,1,1,1,1,1,1,1,1,1,1,1,1
    ,1,1,1,1,1,1,1,1,1,1,1,1,1,1,1,1,4),(0.,8.643449755485E-03,
    1.728689951097E-02,2.593034926646E-02,3.457379902194E-02,
    4.321724877743E-02,5.186069853291E-02,6.05041482884E-02,
    6.914759804388E-02,7.779104779937E-02,8.643449755485E-02,
    9.507794731034E-02,0.103721397066,0.112364846821,0.121008296577,
    0.129651746332,0.138295196088,0.146938645843,0.155582095599,
    0.164225545354,0.17286899511,0.181512444865,0.190155894621,
    0.198799344376,0.207442794132,0.216086243887,0.224729693643,
    0.233373143398,0.242016593154,0.250660042909,0.259303492665,
    0.26794694242,0.276590392176,0.285233841931,0.293877291686,
    0.302520741442,0.311164191197,0.319807640953,0.328451090708,
    0.337094540464,0.345737990219,0.354381439975,0.36302488973,
    0.371668339486,0.380311789241,0.388955238997,0.397598688752,
    0.406242138508,0.414885588263,0.423529038019,0.432172487774,
    0.44081593753,0.449459387285,0.458102837041,0.466746286796,
    0.475389736552,0.484033186307,0.492676636063,0.501320085818,
    0.509963535574,0.518606985329,0.527250435085,0.53589388484,
    0.544537334596,0.553180784351,0.561824234107,0.570467683862,
    0.579111133618,0.587754583373,0.596398033128,0.605041482884,
    0.613684932639,0.622328382395,0.63097183215,0.639615281906,
    0.648258731661,0.656902181417,0.665545631172,0.674189080928,
    0.682832530683,0.691475980439,0.700119430194,0.70876287995,
    0.717406329705,0.726049779461,0.734693229216,0.743336678972,
    0.751980128727,0.760623578483,0.769267028238,0.777910477994,
    0.786553927749,0.795197377505,0.80384082726,0.812484277016,
    0.821127726771,0.829771176527,0.838414626282,0.847058076038,
    0.855701525793,0.864344975549,0.872988425304,0.881631875059,
    0.890275324815,0.89891877457,0.907562224326,0.916205674081,
    0.924849123837,0.933492573592,0.942136023348,0.950779473103,
    0.959422922859,0.968066372614,0.97670982237,0.985353272125,
    0.993996721881,1.002640171636,1.011283621392,1.019927071147,
    1.028570520903,1.037213970658,1.045857420414,1.054500870169,
    1.063144319925,1.07178776968,1.080431219436,1.089074669191,
    1.097718118947,1.106361568702,1.115005018458,1.123648468213,
    1.132291917969,1.140935367724,1.14957881748,1.158222267235,
    1.166865716991,1.175509166746,1.184152616501,1.192796066257,
    1.201439516012,1.210082965768,1.218726415523,1.227369865279,
    1.236013315034,1.24465676479,1.253300214545,1.261943664301,
    1.270587114056,1.279230563812,1.287874013567,1.296517463323,
    1.305160913078,1.313804362834,1.322447812589,1.331091262345,
    1.3397347121,1.348378161856,1.357021611611,1.365665061367,
    1.374308511122,1.382951960878,1.391595410633,1.400238860389,
    1.408882310144,1.4175257599,1.426169209655,1.434812659411,
    1.443456109166,1.452099558922,1.460743008677,1.469386458432,
    1.478029908188,1.486673357943,1.495316807699,1.503960257454,
    1.51260370721,1.521247156965),.QUASI_UNIFORM_KNOTS.);
#7645 = CARTESIAN_POINT('',(10.485626119376,0.54058902281));
#7646 = CARTESIAN_POINT('',(10.486846231902,0.540894170506));
#7647 = CARTESIAN_POINT('',(10.489243722673,0.541516716994));
#7648 = CARTESIAN_POINT('',(10.492706706583,0.542486027771));
#7649 = CARTESIAN_POINT('',(10.496031302894,0.543489589848));
#7650 = CARTESIAN_POINT('',(10.499212677088,0.544526084732));
#7651 = CARTESIAN_POINT('',(10.502246189537,0.545594144101));
#7652 = CARTESIAN_POINT('',(10.505127422773,0.546692343771));
#7653 = CARTESIAN_POINT('',(10.507852174269,0.547819206982));
#7654 = CARTESIAN_POINT('',(10.510416459646,0.548973205155));
#7655 = CARTESIAN_POINT('',(10.51281651429,0.550152759306));
#7656 = CARTESIAN_POINT('',(10.515048796586,0.551356241299));
#7657 = CARTESIAN_POINT('',(10.517109991917,0.552581975143));
#7658 = CARTESIAN_POINT('',(10.518997017656,0.553828238322));
#7659 = CARTESIAN_POINT('',(10.520707029085,0.555093263146));
#7660 = CARTESIAN_POINT('',(10.522237426258,0.556375238173));
#7661 = CARTESIAN_POINT('',(10.523585861806,0.557672309627));
#7662 = CARTESIAN_POINT('',(10.52475024969,0.558982583073));
#7663 = CARTESIAN_POINT('',(10.525728774849,0.560304124487));
#7664 = CARTESIAN_POINT('',(10.526519903942,0.561634963908));
#7665 = CARTESIAN_POINT('',(10.52712239641,0.562973089882));
#7666 = CARTESIAN_POINT('',(10.52753531878,0.564316478684));
#7667 = CARTESIAN_POINT('',(10.527758051239,0.565662994226));
#7668 = CARTESIAN_POINT('',(10.527790330007,0.567010799077));
#7669 = CARTESIAN_POINT('',(10.527632102059,0.56835795129));
#7670 = CARTESIAN_POINT('',(10.527283604473,0.569702419136));
#7671 = CARTESIAN_POINT('',(10.526745368478,0.571042207449));
#7672 = CARTESIAN_POINT('',(10.526018216658,0.572375327101));
#7673 = CARTESIAN_POINT('',(10.525103261608,0.573699806554));
#7674 = CARTESIAN_POINT('',(10.524001904237,0.575013691743));
#7675 = CARTESIAN_POINT('',(10.522715830616,0.576315050292));
#7676 = CARTESIAN_POINT('',(10.521247013676,0.577601969682));
#7677 = CARTESIAN_POINT('',(10.519597695638,0.578872574831));
#7678 = CARTESIAN_POINT('',(10.517770364541,0.580125045506));
#7679 = CARTESIAN_POINT('',(10.515767791672,0.58135758013));
#7680 = CARTESIAN_POINT('',(10.513592986485,0.582568430422));
#7681 = CARTESIAN_POINT('',(10.511249203953,0.583755893371));
#7682 = CARTESIAN_POINT('',(10.508739931244,0.584918315406));
#7683 = CARTESIAN_POINT('',(10.506068858739,0.586054103394));
#7684 = CARTESIAN_POINT('',(10.503239862142,0.587161726149));
#7685 = CARTESIAN_POINT('',(10.500257033825,0.588239700552));
#7686 = CARTESIAN_POINT('',(10.497124647571,0.589286603864));
#7687 = CARTESIAN_POINT('',(10.493847162551,0.590301071051));
#7688 = CARTESIAN_POINT('',(10.49042921256,0.591281796853));
#7689 = CARTESIAN_POINT('',(10.486875617658,0.592227531946));
#7690 = CARTESIAN_POINT('',(10.483191297902,0.593137102704));
#7691 = CARTESIAN_POINT('',(10.479381407479,0.594009380221));
#7692 = CARTESIAN_POINT('',(10.475451232812,0.594843302072));
#7693 = CARTESIAN_POINT('',(10.471406193672,0.595637871593));
#7694 = CARTESIAN_POINT('',(10.467251838544,0.596392158106));
#7695 = CARTESIAN_POINT('',(10.462993841777,0.597105296739));
#7696 = CARTESIAN_POINT('',(10.458637999989,0.597776488301));
#7697 = CARTESIAN_POINT('',(10.454190230389,0.598404998786));
#7698 = CARTESIAN_POINT('',(10.449656562934,0.598990159756));
#7699 = CARTESIAN_POINT('',(10.445043156079,0.599531365092));
#7700 = CARTESIAN_POINT('',(10.440356185925,0.600028086904));
#7701 = CARTESIAN_POINT('',(10.435601946435,0.600479859135));
#7702 = CARTESIAN_POINT('',(10.430786804808,0.600886283757));
#7703 = CARTESIAN_POINT('',(10.425917174605,0.601247030695));
#7704 = CARTESIAN_POINT('',(10.420999532214,0.601561836747));
#7705 = CARTESIAN_POINT('',(10.416040423576,0.601830503951));
#7706 = CARTESIAN_POINT('',(10.411046399607,0.602052902564));
#7707 = CARTESIAN_POINT('',(10.406024029967,0.60222896873));
#7708 = CARTESIAN_POINT('',(10.400979894916,0.602358703565));
#7709 = CARTESIAN_POINT('',(10.395920589844,0.602442171682));
#7710 = CARTESIAN_POINT('',(10.390852702399,0.602479500569));
#7711 = CARTESIAN_POINT('',(10.385782672195,0.602470878833));
#7712 = CARTESIAN_POINT('',(10.380717125841,0.602416553958));
#7713 = CARTESIAN_POINT('',(10.375662562363,0.602316834019));
#7714 = CARTESIAN_POINT('',(10.370625419668,0.602172083688));
#7715 = CARTESIAN_POINT('',(10.365612056353,0.601982721991));
#7716 = CARTESIAN_POINT('',(10.360628756116,0.601749220041));
#7717 = CARTESIAN_POINT('',(10.355681726544,0.601472099276));
#7718 = CARTESIAN_POINT('',(10.350777097891,0.601151929854));
#7719 = CARTESIAN_POINT('',(10.345920927565,0.600789330067));
#7720 = CARTESIAN_POINT('',(10.341119181798,0.600384963632));
#7721 = CARTESIAN_POINT('',(10.336377802854,0.599939546623));
#7722 = CARTESIAN_POINT('',(10.33170232961,0.59945380746));
#7723 = CARTESIAN_POINT('',(10.327098430636,0.598928534012));
#7724 = CARTESIAN_POINT('',(10.322571615184,0.598364548733));
#7725 = CARTESIAN_POINT('',(10.318127253163,0.597762707098));
#7726 = CARTESIAN_POINT('',(10.31377057421,0.597123895807));
#7727 = CARTESIAN_POINT('',(10.309506671693,0.596449031434));
#7728 = CARTESIAN_POINT('',(10.305340504847,0.595739059391));
#7729 = CARTESIAN_POINT('',(10.301276900362,0.594994953104));
#7730 = CARTESIAN_POINT('',(10.297320554886,0.594217713854));
#7731 = CARTESIAN_POINT('',(10.293476031324,0.593408369601));
#7732 = CARTESIAN_POINT('',(10.289747775908,0.592567979057));
#7733 = CARTESIAN_POINT('',(10.286140055268,0.591697617588));
#7734 = CARTESIAN_POINT('',(10.282656918475,0.590798364038));
#7735 = CARTESIAN_POINT('',(10.279302360143,0.589871339782));
#7736 = CARTESIAN_POINT('',(10.276080190904,0.58891767786));
#7737 = CARTESIAN_POINT('',(10.272994072094,0.587938531032));
#7738 = CARTESIAN_POINT('',(10.270047509157,0.586935070403));
#7739 = CARTESIAN_POINT('',(10.267243849439,0.585908484085));
#7740 = CARTESIAN_POINT('',(10.264586303606,0.584859985492));
#7741 = CARTESIAN_POINT('',(10.262077853437,0.5837907776));
#7742 = CARTESIAN_POINT('',(10.2597213939,0.582702108156));
#7743 = CARTESIAN_POINT('',(10.257519655807,0.581595243024));
#7744 = CARTESIAN_POINT('',(10.255475183257,0.580471457584));
#7745 = CARTESIAN_POINT('',(10.25359033496,0.579332037777));
#7746 = CARTESIAN_POINT('',(10.251867284644,0.578178280149));
#7747 = CARTESIAN_POINT('',(10.250308022278,0.577011492457));
#7748 = CARTESIAN_POINT('',(10.248914353615,0.575832994696));
#7749 = CARTESIAN_POINT('',(10.247687896369,0.574644118736));
#7750 = CARTESIAN_POINT('',(10.246630080049,0.57344621341));
#7751 = CARTESIAN_POINT('',(10.245742128671,0.572240629844));
#7752 = CARTESIAN_POINT('',(10.245025050046,0.571028692435));
#7753 = CARTESIAN_POINT('',(10.244479685947,0.569811773883));
#7754 = CARTESIAN_POINT('',(10.244106662537,0.568591232233));
#7755 = CARTESIAN_POINT('',(10.24390640747,0.567368427303));
#7756 = CARTESIAN_POINT('',(10.243879148686,0.566144717206));
#7757 = CARTESIAN_POINT('',(10.244024916599,0.564921460151));
#7758 = CARTESIAN_POINT('',(10.244343543688,0.563700014975));
#7759 = CARTESIAN_POINT('',(10.244834663777,0.562481741455));
#7760 = CARTESIAN_POINT('',(10.245497707804,0.561268002745));
#7761 = CARTESIAN_POINT('',(10.246331906637,0.560060159497));
#7762 = CARTESIAN_POINT('',(10.247336261872,0.558859595135));
#7763 = CARTESIAN_POINT('',(10.24850964824,0.557667605059));
#7764 = CARTESIAN_POINT('',(10.249850699296,0.556485543753));
#7765 = CARTESIAN_POINT('',(10.251357844929,0.555314756517));
#7766 = CARTESIAN_POINT('',(10.253029329149,0.554156571483));
#7767 = CARTESIAN_POINT('',(10.254863210398,0.553012303059));
#7768 = CARTESIAN_POINT('',(10.256857365134,0.551883252139));
#7769 = CARTESIAN_POINT('',(10.259009489023,0.550770707022));
#7770 = CARTESIAN_POINT('',(10.261317097628,0.549675943863));
#7771 = CARTESIAN_POINT('',(10.263777524701,0.548600227467));
#7772 = CARTESIAN_POINT('',(10.266387923738,0.547544810347));
#7773 = CARTESIAN_POINT('',(10.269145252094,0.546510937553));
#7774 = CARTESIAN_POINT('',(10.272046314763,0.545499829346));
#7775 = CARTESIAN_POINT('',(10.275087839632,0.544512659913));
#7776 = CARTESIAN_POINT('',(10.278266307969,0.543550617263));
#7777 = CARTESIAN_POINT('',(10.281578084323,0.542614858026));
#7778 = CARTESIAN_POINT('',(10.285019382942,0.541706519583));
#7779 = CARTESIAN_POINT('',(10.288586276479,0.540826717278));
#7780 = CARTESIAN_POINT('',(10.292274693241,0.539976545619));
#7781 = CARTESIAN_POINT('',(10.296080417972,0.539157078125));
#7782 = CARTESIAN_POINT('',(10.299999090017,0.538369368304));
#7783 = CARTESIAN_POINT('',(10.304026262688,0.537614435283));
#7784 = CARTESIAN_POINT('',(10.308157311287,0.536893283538));
#7785 = CARTESIAN_POINT('',(10.312387497243,0.536206889611));
#7786 = CARTESIAN_POINT('',(10.31671195255,0.535556203882));
#7787 = CARTESIAN_POINT('',(10.321125680247,0.534942149297));
#7788 = CARTESIAN_POINT('',(10.325623552563,0.534365620517));
#7789 = CARTESIAN_POINT('',(10.330200302641,0.533827484049));
#7790 = CARTESIAN_POINT('',(10.334850545745,0.533328573442));
#7791 = CARTESIAN_POINT('',(10.339568773228,0.532869688601));
#7792 = CARTESIAN_POINT('',(10.344349337405,0.532451594705));
#7793 = CARTESIAN_POINT('',(10.349186500483,0.532075016784));
#7794 = CARTESIAN_POINT('',(10.354074429534,0.531740639328));
#7795 = CARTESIAN_POINT('',(10.359007049806,0.531449112507));
#7796 = CARTESIAN_POINT('',(10.36397824121,0.531201034736));
#7797 = CARTESIAN_POINT('',(10.368981790633,0.530996955799));
#7798 = CARTESIAN_POINT('',(10.374011404022,0.53083737401));
#7799 = CARTESIAN_POINT('',(10.379060704057,0.53072273453));
#7800 = CARTESIAN_POINT('',(10.384123226984,0.530653426865));
#7801 = CARTESIAN_POINT('',(10.389192438499,0.53062978243));
#7802 = CARTESIAN_POINT('',(10.394261675648,0.530652070576));
#7803 = CARTESIAN_POINT('',(10.399324464071,0.530720499492));
#7804 = CARTESIAN_POINT('',(10.404374102238,0.530835213238));
#7805 = CARTESIAN_POINT('',(10.409403925867,0.530996289539));
#7806 = CARTESIAN_POINT('',(10.414407297728,0.531203740473));
#7807 = CARTESIAN_POINT('',(10.419377611952,0.531457512049));
#7808 = CARTESIAN_POINT('',(10.424308295878,0.53175748393));
#7809 = CARTESIAN_POINT('',(10.42919280812,0.532103468553));
#7810 = CARTESIAN_POINT('',(10.434024655071,0.532495211277));
#7811 = CARTESIAN_POINT('',(10.438797338803,0.53293238329));
#7812 = CARTESIAN_POINT('',(10.443504568303,0.533414601031));
#7813 = CARTESIAN_POINT('',(10.448140107245,0.533941414942));
#7814 = CARTESIAN_POINT('',(10.452697751212,0.534512304215));
#7815 = CARTESIAN_POINT('',(10.457171422876,0.535126686697));
#7816 = CARTESIAN_POINT('',(10.461555145723,0.535783916559));
#7817 = CARTESIAN_POINT('',(10.465843051193,0.536483285018));
#7818 = CARTESIAN_POINT('',(10.470029378194,0.537224019777));
#7819 = CARTESIAN_POINT('',(10.474108474303,0.538005285279));
#7820 = CARTESIAN_POINT('',(10.478074802404,0.538826179808));
#7821 = CARTESIAN_POINT('',(10.48192292844,0.539685743189));
#7822 = CARTESIAN_POINT('',(10.484406032014,0.540283863797));
#7823 = CARTESIAN_POINT('',(10.485626119376,0.54058902281));
#7824 = ( GEOMETRIC_REPRESENTATION_CONTEXT(2) 
PARAMETRIC_REPRESENTATION_CONTEXT() REPRESENTATION_CONTEXT('2D SPACE',''
  ) );
#7825 = ORIENTED_EDGE('',*,*,#7826,.T.);
#7826 = EDGE_CURVE('',#7320,#7284,#7827,.T.);
#7827 = SEAM_CURVE('',#7828,(#7832,#7839),.PCURVE_S1.);
#7828 = LINE('',#7829,#7830);
#7829 = CARTESIAN_POINT('',(-30.36,436.383,0.));
#7830 = VECTOR('',#7831,1.);
#7831 = DIRECTION('',(-0.,-0.,1.));
#7832 = PCURVE('',#7304,#7833);
#7833 = DEFINITIONAL_REPRESENTATION('',(#7834),#7838);
#7834 = LINE('',#7835,#7836);
#7835 = CARTESIAN_POINT('',(-0.,0.));
#7836 = VECTOR('',#7837,1.);
#7837 = DIRECTION('',(-0.,-1.));
#7838 = ( GEOMETRIC_REPRESENTATION_CONTEXT(2) 
PARAMETRIC_REPRESENTATION_CONTEXT() REPRESENTATION_CONTEXT('2D SPACE',''
  ) );
#7839 = PCURVE('',#7304,#7840);
#7840 = DEFINITIONAL_REPRESENTATION('',(#7841),#7845);
#7841 = LINE('',#7842,#7843);
#7842 = CARTESIAN_POINT('',(-6.28318530718,0.));
#7843 = VECTOR('',#7844,1.);
#7844 = DIRECTION('',(-0.,-1.));
#7845 = ( GEOMETRIC_REPRESENTATION_CONTEXT(2) 
PARAMETRIC_REPRESENTATION_CONTEXT() REPRESENTATION_CONTEXT('2D SPACE',''
  ) );
#7846 = ORIENTED_EDGE('',*,*,#7283,.T.);
#7847 = ORIENTED_EDGE('',*,*,#7826,.F.);
#7848 = ADVANCED_FACE('',(#7849),#7269,.F.);
#7849 = FACE_BOUND('',#7850,.F.);
#7850 = EDGE_LOOP('',(#7851,#7852,#7875,#7902));
#7851 = ORIENTED_EDGE('',*,*,#7248,.F.);
#7852 = ORIENTED_EDGE('',*,*,#7853,.F.);
#7853 = EDGE_CURVE('',#7854,#7249,#7856,.T.);
#7854 = VERTEX_POINT('',#7855);
#7855 = CARTESIAN_POINT('',(-28.74302845809,397.72402845809,7.3));
#7856 = SEAM_CURVE('',#7857,(#7861,#7868),.PCURVE_S1.);
#7857 = LINE('',#7858,#7859);
#7858 = CARTESIAN_POINT('',(-28.74302845809,397.72402845809,7.3));
#7859 = VECTOR('',#7860,1.);
#7860 = DIRECTION('',(0.,0.,1.));
#7861 = PCURVE('',#7269,#7862);
#7862 = DEFINITIONAL_REPRESENTATION('',(#7863),#7867);
#7863 = LINE('',#7864,#7865);
#7864 = CARTESIAN_POINT('',(6.28318530718,-0.));
#7865 = VECTOR('',#7866,1.);
#7866 = DIRECTION('',(0.,1.));
#7867 = ( GEOMETRIC_REPRESENTATION_CONTEXT(2) 
PARAMETRIC_REPRESENTATION_CONTEXT() REPRESENTATION_CONTEXT('2D SPACE',''
  ) );
#7868 = PCURVE('',#7269,#7869);
#7869 = DEFINITIONAL_REPRESENTATION('',(#7870),#7874);
#7870 = LINE('',#7871,#7872);
#7871 = CARTESIAN_POINT('',(0.,-0.));
#7872 = VECTOR('',#7873,1.);
#7873 = DIRECTION('',(0.,1.));
#7874 = ( GEOMETRIC_REPRESENTATION_CONTEXT(2) 
PARAMETRIC_REPRESENTATION_CONTEXT() REPRESENTATION_CONTEXT('2D SPACE',''
  ) );
#7875 = ORIENTED_EDGE('',*,*,#7876,.T.);
#7876 = EDGE_CURVE('',#7854,#7854,#7877,.T.);
#7877 = SURFACE_CURVE('',#7878,(#7883,#7890),.PCURVE_S1.);
#7878 = CIRCLE('',#7879,2.9);
#7879 = AXIS2_PLACEMENT_3D('',#7880,#7881,#7882);
#7880 = CARTESIAN_POINT('',(-31.64302845809,397.72402845809,7.3));
#7881 = DIRECTION('',(0.,0.,1.));
#7882 = DIRECTION('',(1.,0.,-0.));
#7883 = PCURVE('',#7269,#7884);
#7884 = DEFINITIONAL_REPRESENTATION('',(#7885),#7889);
#7885 = LINE('',#7886,#7887);
#7886 = CARTESIAN_POINT('',(0.,0.));
#7887 = VECTOR('',#7888,1.);
#7888 = DIRECTION('',(1.,0.));
#7889 = ( GEOMETRIC_REPRESENTATION_CONTEXT(2) 
PARAMETRIC_REPRESENTATION_CONTEXT() REPRESENTATION_CONTEXT('2D SPACE',''
  ) );
#7890 = PCURVE('',#7891,#7896);
#7891 = PLANE('',#7892);
#7892 = AXIS2_PLACEMENT_3D('',#7893,#7894,#7895);
#7893 = CARTESIAN_POINT('',(-31.64302845809,397.72402845809,7.3));
#7894 = DIRECTION('',(0.,0.,1.));
#7895 = DIRECTION('',(1.,0.,-0.));
#7896 = DEFINITIONAL_REPRESENTATION('',(#7897),#7901);
#7897 = CIRCLE('',#7898,2.9);
#7898 = AXIS2_PLACEMENT_2D('',#7899,#7900);
#7899 = CARTESIAN_POINT('',(0.,0.));
#7900 = DIRECTION('',(1.,0.));
#7901 = ( GEOMETRIC_REPRESENTATION_CONTEXT(2) 
PARAMETRIC_REPRESENTATION_CONTEXT() REPRESENTATION_CONTEXT('2D SPACE',''
  ) );
#7902 = ORIENTED_EDGE('',*,*,#7853,.T.);
#7903 = ADVANCED_FACE('',(#7904),#7891,.T.);
#7904 = FACE_BOUND('',#7905,.F.);
#7905 = EDGE_LOOP('',(#7906));
#7906 = ORIENTED_EDGE('',*,*,#7876,.F.);
#7907 = ADVANCED_FACE('',(#7908),#7231,.F.);
#7908 = FACE_BOUND('',#7909,.F.);
#7909 = EDGE_LOOP('',(#7910,#7911,#7934,#7961));
#7910 = ORIENTED_EDGE('',*,*,#7210,.F.);
#7911 = ORIENTED_EDGE('',*,*,#7912,.F.);
#7912 = EDGE_CURVE('',#7913,#7211,#7915,.T.);
#7913 = VERTEX_POINT('',#7914);
#7914 = CARTESIAN_POINT('',(-28.74302845809,334.4379715419,7.3));
#7915 = SEAM_CURVE('',#7916,(#7920,#7927),.PCURVE_S1.);
#7916 = LINE('',#7917,#7918);
#7917 = CARTESIAN_POINT('',(-28.74302845809,334.4379715419,7.3));
#7918 = VECTOR('',#7919,1.);
#7919 = DIRECTION('',(0.,0.,1.));
#7920 = PCURVE('',#7231,#7921);
#7921 = DEFINITIONAL_REPRESENTATION('',(#7922),#7926);
#7922 = LINE('',#7923,#7924);
#7923 = CARTESIAN_POINT('',(6.28318530718,-0.));
#7924 = VECTOR('',#7925,1.);
#7925 = DIRECTION('',(0.,1.));
#7926 = ( GEOMETRIC_REPRESENTATION_CONTEXT(2) 
PARAMETRIC_REPRESENTATION_CONTEXT() REPRESENTATION_CONTEXT('2D SPACE',''
  ) );
#7927 = PCURVE('',#7231,#7928);
#7928 = DEFINITIONAL_REPRESENTATION('',(#7929),#7933);
#7929 = LINE('',#7930,#7931);
#7930 = CARTESIAN_POINT('',(0.,-0.));
#7931 = VECTOR('',#7932,1.);
#7932 = DIRECTION('',(0.,1.));
#7933 = ( GEOMETRIC_REPRESENTATION_CONTEXT(2) 
PARAMETRIC_REPRESENTATION_CONTEXT() REPRESENTATION_CONTEXT('2D SPACE',''
  ) );
#7934 = ORIENTED_EDGE('',*,*,#7935,.T.);
#7935 = EDGE_CURVE('',#7913,#7913,#7936,.T.);
#7936 = SURFACE_CURVE('',#7937,(#7942,#7949),.PCURVE_S1.);
#7937 = CIRCLE('',#7938,2.9);
#7938 = AXIS2_PLACEMENT_3D('',#7939,#7940,#7941);
#7939 = CARTESIAN_POINT('',(-31.64302845809,334.4379715419,7.3));
#7940 = DIRECTION('',(0.,0.,1.));
#7941 = DIRECTION('',(1.,0.,-0.));
#7942 = PCURVE('',#7231,#7943);
#7943 = DEFINITIONAL_REPRESENTATION('',(#7944),#7948);
#7944 = LINE('',#7945,#7946);
#7945 = CARTESIAN_POINT('',(0.,0.));
#7946 = VECTOR('',#7947,1.);
#7947 = DIRECTION('',(1.,0.));
#7948 = ( GEOMETRIC_REPRESENTATION_CONTEXT(2) 
PARAMETRIC_REPRESENTATION_CONTEXT() REPRESENTATION_CONTEXT('2D SPACE',''
  ) );
#7949 = PCURVE('',#7950,#7955);
#7950 = PLANE('',#7951);
#7951 = AXIS2_PLACEMENT_3D('',#7952,#7953,#7954);
#7952 = CARTESIAN_POINT('',(-31.64302845809,334.4379715419,7.3));
#7953 = DIRECTION('',(0.,0.,1.));
#7954 = DIRECTION('',(1.,0.,-0.));
#7955 = DEFINITIONAL_REPRESENTATION('',(#7956),#7960);
#7956 = CIRCLE('',#7957,2.9);
#7957 = AXIS2_PLACEMENT_2D('',#7958,#7959);
#7958 = CARTESIAN_POINT('',(0.,0.));
#7959 = DIRECTION('',(1.,0.));
#7960 = ( GEOMETRIC_REPRESENTATION_CONTEXT(2) 
PARAMETRIC_REPRESENTATION_CONTEXT() REPRESENTATION_CONTEXT('2D SPACE',''
  ) );
#7961 = ORIENTED_EDGE('',*,*,#7912,.T.);
#7962 = ADVANCED_FACE('',(#7963),#7950,.T.);
#7963 = FACE_BOUND('',#7964,.F.);
#7964 = EDGE_LOOP('',(#7965));
#7965 = ORIENTED_EDGE('',*,*,#7935,.F.);
#7966 = ADVANCED_FACE('',(#7967),#7196,.F.);
#7967 = FACE_BOUND('',#7968,.F.);
#7968 = EDGE_LOOP('',(#7969,#7970,#7993,#8020));
#7969 = ORIENTED_EDGE('',*,*,#7175,.F.);
#7970 = ORIENTED_EDGE('',*,*,#7971,.F.);
#7971 = EDGE_CURVE('',#7972,#7176,#7974,.T.);
#7972 = VERTEX_POINT('',#7973);
#7973 = CARTESIAN_POINT('',(3.9,305.731,7.3));
#7974 = SEAM_CURVE('',#7975,(#7979,#7986),.PCURVE_S1.);
#7975 = LINE('',#7976,#7977);
#7976 = CARTESIAN_POINT('',(3.9,305.731,7.3));
#7977 = VECTOR('',#7978,1.);
#7978 = DIRECTION('',(0.,0.,1.));
#7979 = PCURVE('',#7196,#7980);
#7980 = DEFINITIONAL_REPRESENTATION('',(#7981),#7985);
#7981 = LINE('',#7982,#7983);
#7982 = CARTESIAN_POINT('',(6.28318530718,-0.));
#7983 = VECTOR('',#7984,1.);
#7984 = DIRECTION('',(0.,1.));
#7985 = ( GEOMETRIC_REPRESENTATION_CONTEXT(2) 
PARAMETRIC_REPRESENTATION_CONTEXT() REPRESENTATION_CONTEXT('2D SPACE',''
  ) );
#7986 = PCURVE('',#7196,#7987);
#7987 = DEFINITIONAL_REPRESENTATION('',(#7988),#7992);
#7988 = LINE('',#7989,#7990);
#7989 = CARTESIAN_POINT('',(0.,-0.));
#7990 = VECTOR('',#7991,1.);
#7991 = DIRECTION('',(0.,1.));
#7992 = ( GEOMETRIC_REPRESENTATION_CONTEXT(2) 
PARAMETRIC_REPRESENTATION_CONTEXT() REPRESENTATION_CONTEXT('2D SPACE',''
  ) );
#7993 = ORIENTED_EDGE('',*,*,#7994,.T.);
#7994 = EDGE_CURVE('',#7972,#7972,#7995,.T.);
#7995 = SURFACE_CURVE('',#7996,(#8001,#8008),.PCURVE_S1.);
#7996 = CIRCLE('',#7997,3.9);
#7997 = AXIS2_PLACEMENT_3D('',#7998,#7999,#8000);
#7998 = CARTESIAN_POINT('',(6.414087610534E-15,305.731,7.3));
#7999 = DIRECTION('',(0.,0.,1.));
#8000 = DIRECTION('',(1.,0.,-0.));
#8001 = PCURVE('',#7196,#8002);
#8002 = DEFINITIONAL_REPRESENTATION('',(#8003),#8007);
#8003 = LINE('',#8004,#8005);
#8004 = CARTESIAN_POINT('',(0.,0.));
#8005 = VECTOR('',#8006,1.);
#8006 = DIRECTION('',(1.,0.));
#8007 = ( GEOMETRIC_REPRESENTATION_CONTEXT(2) 
PARAMETRIC_REPRESENTATION_CONTEXT() REPRESENTATION_CONTEXT('2D SPACE',''
  ) );
#8008 = PCURVE('',#8009,#8014);
#8009 = PLANE('',#8010);
#8010 = AXIS2_PLACEMENT_3D('',#8011,#8012,#8013);
#8011 = CARTESIAN_POINT('',(6.414087610534E-15,305.731,7.3));
#8012 = DIRECTION('',(0.,0.,1.));
#8013 = DIRECTION('',(1.,0.,-0.));
#8014 = DEFINITIONAL_REPRESENTATION('',(#8015),#8019);
#8015 = CIRCLE('',#8016,3.9);
#8016 = AXIS2_PLACEMENT_2D('',#8017,#8018);
#8017 = CARTESIAN_POINT('',(0.,0.));
#8018 = DIRECTION('',(1.,0.));
#8019 = ( GEOMETRIC_REPRESENTATION_CONTEXT(2) 
PARAMETRIC_REPRESENTATION_CONTEXT() REPRESENTATION_CONTEXT('2D SPACE',''
  ) );
#8020 = ORIENTED_EDGE('',*,*,#7971,.T.);
#8021 = ADVANCED_FACE('',(#8022),#8009,.T.);
#8022 = FACE_BOUND('',#8023,.F.);
#8023 = EDGE_LOOP('',(#8024));
#8024 = ORIENTED_EDGE('',*,*,#7994,.F.);
#8025 = ADVANCED_FACE('',(#8026),#7158,.F.);
#8026 = FACE_BOUND('',#8027,.F.);
#8027 = EDGE_LOOP('',(#8028,#8029,#8052,#8079));
#8028 = ORIENTED_EDGE('',*,*,#7137,.F.);
#8029 = ORIENTED_EDGE('',*,*,#8030,.F.);
#8030 = EDGE_CURVE('',#8031,#7138,#8033,.T.);
#8031 = VERTEX_POINT('',#8032);
#8032 = CARTESIAN_POINT('',(34.543028458098,397.72402845809,7.3));
#8033 = SEAM_CURVE('',#8034,(#8038,#8045),.PCURVE_S1.);
#8034 = LINE('',#8035,#8036);
#8035 = CARTESIAN_POINT('',(34.543028458098,397.72402845809,7.3));
#8036 = VECTOR('',#8037,1.);
#8037 = DIRECTION('',(0.,0.,1.));
#8038 = PCURVE('',#7158,#8039);
#8039 = DEFINITIONAL_REPRESENTATION('',(#8040),#8044);
#8040 = LINE('',#8041,#8042);
#8041 = CARTESIAN_POINT('',(6.28318530718,-0.));
#8042 = VECTOR('',#8043,1.);
#8043 = DIRECTION('',(0.,1.));
#8044 = ( GEOMETRIC_REPRESENTATION_CONTEXT(2) 
PARAMETRIC_REPRESENTATION_CONTEXT() REPRESENTATION_CONTEXT('2D SPACE',''
  ) );
#8045 = PCURVE('',#7158,#8046);
#8046 = DEFINITIONAL_REPRESENTATION('',(#8047),#8051);
#8047 = LINE('',#8048,#8049);
#8048 = CARTESIAN_POINT('',(0.,-0.));
#8049 = VECTOR('',#8050,1.);
#8050 = DIRECTION('',(0.,1.));
#8051 = ( GEOMETRIC_REPRESENTATION_CONTEXT(2) 
PARAMETRIC_REPRESENTATION_CONTEXT() REPRESENTATION_CONTEXT('2D SPACE',''
  ) );
#8052 = ORIENTED_EDGE('',*,*,#8053,.T.);
#8053 = EDGE_CURVE('',#8031,#8031,#8054,.T.);
#8054 = SURFACE_CURVE('',#8055,(#8060,#8067),.PCURVE_S1.);
#8055 = CIRCLE('',#8056,2.9);
#8056 = AXIS2_PLACEMENT_3D('',#8057,#8058,#8059);
#8057 = CARTESIAN_POINT('',(31.643028458098,397.72402845809,7.3));
#8058 = DIRECTION('',(0.,0.,1.));
#8059 = DIRECTION('',(1.,0.,-0.));
#8060 = PCURVE('',#7158,#8061);
#8061 = DEFINITIONAL_REPRESENTATION('',(#8062),#8066);
#8062 = LINE('',#8063,#8064);
#8063 = CARTESIAN_POINT('',(0.,0.));
#8064 = VECTOR('',#8065,1.);
#8065 = DIRECTION('',(1.,0.));
#8066 = ( GEOMETRIC_REPRESENTATION_CONTEXT(2) 
PARAMETRIC_REPRESENTATION_CONTEXT() REPRESENTATION_CONTEXT('2D SPACE',''
  ) );
#8067 = PCURVE('',#8068,#8073);
#8068 = PLANE('',#8069);
#8069 = AXIS2_PLACEMENT_3D('',#8070,#8071,#8072);
#8070 = CARTESIAN_POINT('',(31.643028458098,397.72402845809,7.3));
#8071 = DIRECTION('',(0.,0.,1.));
#8072 = DIRECTION('',(1.,0.,-0.));
#8073 = DEFINITIONAL_REPRESENTATION('',(#8074),#8078);
#8074 = CIRCLE('',#8075,2.9);
#8075 = AXIS2_PLACEMENT_2D('',#8076,#8077);
#8076 = CARTESIAN_POINT('',(0.,0.));
#8077 = DIRECTION('',(1.,0.));
#8078 = ( GEOMETRIC_REPRESENTATION_CONTEXT(2) 
PARAMETRIC_REPRESENTATION_CONTEXT() REPRESENTATION_CONTEXT('2D SPACE',''
  ) );
#8079 = ORIENTED_EDGE('',*,*,#8030,.T.);
#8080 = ADVANCED_FACE('',(#8081),#8068,.T.);
#8081 = FACE_BOUND('',#8082,.F.);
#8082 = EDGE_LOOP('',(#8083));
#8083 = ORIENTED_EDGE('',*,*,#8053,.F.);
#8084 = ADVANCED_FACE('',(#8085),#7123,.F.);
#8085 = FACE_BOUND('',#8086,.F.);
#8086 = EDGE_LOOP('',(#8087,#8088,#8111,#8138));
#8087 = ORIENTED_EDGE('',*,*,#7102,.F.);
#8088 = ORIENTED_EDGE('',*,*,#8089,.F.);
#8089 = EDGE_CURVE('',#8090,#7103,#8092,.T.);
#8090 = VERTEX_POINT('',#8091);
#8091 = CARTESIAN_POINT('',(34.543028458098,334.4379715419,7.3));
#8092 = SEAM_CURVE('',#8093,(#8097,#8104),.PCURVE_S1.);
#8093 = LINE('',#8094,#8095);
#8094 = CARTESIAN_POINT('',(34.543028458098,334.4379715419,7.3));
#8095 = VECTOR('',#8096,1.);
#8096 = DIRECTION('',(0.,0.,1.));
#8097 = PCURVE('',#7123,#8098);
#8098 = DEFINITIONAL_REPRESENTATION('',(#8099),#8103);
#8099 = LINE('',#8100,#8101);
#8100 = CARTESIAN_POINT('',(6.28318530718,-0.));
#8101 = VECTOR('',#8102,1.);
#8102 = DIRECTION('',(0.,1.));
#8103 = ( GEOMETRIC_REPRESENTATION_CONTEXT(2) 
PARAMETRIC_REPRESENTATION_CONTEXT() REPRESENTATION_CONTEXT('2D SPACE',''
  ) );
#8104 = PCURVE('',#7123,#8105);
#8105 = DEFINITIONAL_REPRESENTATION('',(#8106),#8110);
#8106 = LINE('',#8107,#8108);
#8107 = CARTESIAN_POINT('',(0.,-0.));
#8108 = VECTOR('',#8109,1.);
#8109 = DIRECTION('',(0.,1.));
#8110 = ( GEOMETRIC_REPRESENTATION_CONTEXT(2) 
PARAMETRIC_REPRESENTATION_CONTEXT() REPRESENTATION_CONTEXT('2D SPACE',''
  ) );
#8111 = ORIENTED_EDGE('',*,*,#8112,.T.);
#8112 = EDGE_CURVE('',#8090,#8090,#8113,.T.);
#8113 = SURFACE_CURVE('',#8114,(#8119,#8126),.PCURVE_S1.);
#8114 = CIRCLE('',#8115,2.9);
#8115 = AXIS2_PLACEMENT_3D('',#8116,#8117,#8118);
#8116 = CARTESIAN_POINT('',(31.643028458098,334.4379715419,7.3));
#8117 = DIRECTION('',(0.,0.,1.));
#8118 = DIRECTION('',(1.,0.,-0.));
#8119 = PCURVE('',#7123,#8120);
#8120 = DEFINITIONAL_REPRESENTATION('',(#8121),#8125);
#8121 = LINE('',#8122,#8123);
#8122 = CARTESIAN_POINT('',(0.,0.));
#8123 = VECTOR('',#8124,1.);
#8124 = DIRECTION('',(1.,0.));
#8125 = ( GEOMETRIC_REPRESENTATION_CONTEXT(2) 
PARAMETRIC_REPRESENTATION_CONTEXT() REPRESENTATION_CONTEXT('2D SPACE',''
  ) );
#8126 = PCURVE('',#8127,#8132);
#8127 = PLANE('',#8128);
#8128 = AXIS2_PLACEMENT_3D('',#8129,#8130,#8131);
#8129 = CARTESIAN_POINT('',(31.643028458098,334.4379715419,7.3));
#8130 = DIRECTION('',(0.,0.,1.));
#8131 = DIRECTION('',(1.,0.,-0.));
#8132 = DEFINITIONAL_REPRESENTATION('',(#8133),#8137);
#8133 = CIRCLE('',#8134,2.9);
#8134 = AXIS2_PLACEMENT_2D('',#8135,#8136);
#8135 = CARTESIAN_POINT('',(0.,0.));
#8136 = DIRECTION('',(1.,0.));
#8137 = ( GEOMETRIC_REPRESENTATION_CONTEXT(2) 
PARAMETRIC_REPRESENTATION_CONTEXT() REPRESENTATION_CONTEXT('2D SPACE',''
  ) );
#8138 = ORIENTED_EDGE('',*,*,#8089,.T.);
#8139 = ADVANCED_FACE('',(#8140),#8127,.T.);
#8140 = FACE_BOUND('',#8141,.F.);
#8141 = EDGE_LOOP('',(#8142));
#8142 = ORIENTED_EDGE('',*,*,#8112,.F.);
#8143 = ADVANCED_FACE('',(#8144),#7088,.F.);
#8144 = FACE_BOUND('',#8145,.F.);
#8145 = EDGE_LOOP('',(#8146,#8147,#8170,#8197));
#8146 = ORIENTED_EDGE('',*,*,#7067,.F.);
#8147 = ORIENTED_EDGE('',*,*,#8148,.F.);
#8148 = EDGE_CURVE('',#8149,#7068,#8151,.T.);
#8149 = VERTEX_POINT('',#8150);
#8150 = CARTESIAN_POINT('',(-86.81616104642,253.356,7.3));
#8151 = SEAM_CURVE('',#8152,(#8156,#8163),.PCURVE_S1.);
#8152 = LINE('',#8153,#8154);
#8153 = CARTESIAN_POINT('',(-86.81616104642,253.356,7.3));
#8154 = VECTOR('',#8155,1.);
#8155 = DIRECTION('',(0.,0.,1.));
#8156 = PCURVE('',#7088,#8157);
#8157 = DEFINITIONAL_REPRESENTATION('',(#8158),#8162);
#8158 = LINE('',#8159,#8160);
#8159 = CARTESIAN_POINT('',(6.28318530718,-0.));
#8160 = VECTOR('',#8161,1.);
#8161 = DIRECTION('',(0.,1.));
#8162 = ( GEOMETRIC_REPRESENTATION_CONTEXT(2) 
PARAMETRIC_REPRESENTATION_CONTEXT() REPRESENTATION_CONTEXT('2D SPACE',''
  ) );
#8163 = PCURVE('',#7088,#8164);
#8164 = DEFINITIONAL_REPRESENTATION('',(#8165),#8169);
#8165 = LINE('',#8166,#8167);
#8166 = CARTESIAN_POINT('',(0.,-0.));
#8167 = VECTOR('',#8168,1.);
#8168 = DIRECTION('',(0.,1.));
#8169 = ( GEOMETRIC_REPRESENTATION_CONTEXT(2) 
PARAMETRIC_REPRESENTATION_CONTEXT() REPRESENTATION_CONTEXT('2D SPACE',''
  ) );
#8170 = ORIENTED_EDGE('',*,*,#8171,.T.);
#8171 = EDGE_CURVE('',#8149,#8149,#8172,.T.);
#8172 = SURFACE_CURVE('',#8173,(#8178,#8185),.PCURVE_S1.);
#8173 = CIRCLE('',#8174,3.9);
#8174 = AXIS2_PLACEMENT_3D('',#8175,#8176,#8177);
#8175 = CARTESIAN_POINT('',(-90.71616104642,253.356,7.3));
#8176 = DIRECTION('',(0.,0.,1.));
#8177 = DIRECTION('',(1.,0.,-0.));
#8178 = PCURVE('',#7088,#8179);
#8179 = DEFINITIONAL_REPRESENTATION('',(#8180),#8184);
#8180 = LINE('',#8181,#8182);
#8181 = CARTESIAN_POINT('',(0.,0.));
#8182 = VECTOR('',#8183,1.);
#8183 = DIRECTION('',(1.,0.));
#8184 = ( GEOMETRIC_REPRESENTATION_CONTEXT(2) 
PARAMETRIC_REPRESENTATION_CONTEXT() REPRESENTATION_CONTEXT('2D SPACE',''
  ) );
#8185 = PCURVE('',#8186,#8191);
#8186 = PLANE('',#8187);
#8187 = AXIS2_PLACEMENT_3D('',#8188,#8189,#8190);
#8188 = CARTESIAN_POINT('',(-90.71616104642,253.356,7.3));
#8189 = DIRECTION('',(0.,0.,1.));
#8190 = DIRECTION('',(1.,0.,-0.));
#8191 = DEFINITIONAL_REPRESENTATION('',(#8192),#8196);
#8192 = CIRCLE('',#8193,3.9);
#8193 = AXIS2_PLACEMENT_2D('',#8194,#8195);
#8194 = CARTESIAN_POINT('',(0.,0.));
#8195 = DIRECTION('',(1.,0.));
#8196 = ( GEOMETRIC_REPRESENTATION_CONTEXT(2) 
PARAMETRIC_REPRESENTATION_CONTEXT() REPRESENTATION_CONTEXT('2D SPACE',''
  ) );
#8197 = ORIENTED_EDGE('',*,*,#8148,.T.);
#8198 = ADVANCED_FACE('',(#8199),#8186,.T.);
#8199 = FACE_BOUND('',#8200,.F.);
#8200 = EDGE_LOOP('',(#8201));
#8201 = ORIENTED_EDGE('',*,*,#8171,.F.);
#8202 = ADVANCED_FACE('',(#8203),#7050,.F.);
#8203 = FACE_BOUND('',#8204,.F.);
#8204 = EDGE_LOOP('',(#8205,#8206,#8229,#8256));
#8205 = ORIENTED_EDGE('',*,*,#7029,.F.);
#8206 = ORIENTED_EDGE('',*,*,#8207,.F.);
#8207 = EDGE_CURVE('',#8208,#7030,#8210,.T.);
#8208 = VERTEX_POINT('',#8209);
#8209 = CARTESIAN_POINT('',(-86.81616104642,148.606,7.3));
#8210 = SEAM_CURVE('',#8211,(#8215,#8222),.PCURVE_S1.);
#8211 = LINE('',#8212,#8213);
#8212 = CARTESIAN_POINT('',(-86.81616104642,148.606,7.3));
#8213 = VECTOR('',#8214,1.);
#8214 = DIRECTION('',(0.,0.,1.));
#8215 = PCURVE('',#7050,#8216);
#8216 = DEFINITIONAL_REPRESENTATION('',(#8217),#8221);
#8217 = LINE('',#8218,#8219);
#8218 = CARTESIAN_POINT('',(6.28318530718,-0.));
#8219 = VECTOR('',#8220,1.);
#8220 = DIRECTION('',(0.,1.));
#8221 = ( GEOMETRIC_REPRESENTATION_CONTEXT(2) 
PARAMETRIC_REPRESENTATION_CONTEXT() REPRESENTATION_CONTEXT('2D SPACE',''
  ) );
#8222 = PCURVE('',#7050,#8223);
#8223 = DEFINITIONAL_REPRESENTATION('',(#8224),#8228);
#8224 = LINE('',#8225,#8226);
#8225 = CARTESIAN_POINT('',(0.,-0.));
#8226 = VECTOR('',#8227,1.);
#8227 = DIRECTION('',(0.,1.));
#8228 = ( GEOMETRIC_REPRESENTATION_CONTEXT(2) 
PARAMETRIC_REPRESENTATION_CONTEXT() REPRESENTATION_CONTEXT('2D SPACE',''
  ) );
#8229 = ORIENTED_EDGE('',*,*,#8230,.T.);
#8230 = EDGE_CURVE('',#8208,#8208,#8231,.T.);
#8231 = SURFACE_CURVE('',#8232,(#8237,#8244),.PCURVE_S1.);
#8232 = CIRCLE('',#8233,3.9);
#8233 = AXIS2_PLACEMENT_3D('',#8234,#8235,#8236);
#8234 = CARTESIAN_POINT('',(-90.71616104642,148.606,7.3));
#8235 = DIRECTION('',(0.,0.,1.));
#8236 = DIRECTION('',(1.,0.,-0.));
#8237 = PCURVE('',#7050,#8238);
#8238 = DEFINITIONAL_REPRESENTATION('',(#8239),#8243);
#8239 = LINE('',#8240,#8241);
#8240 = CARTESIAN_POINT('',(0.,0.));
#8241 = VECTOR('',#8242,1.);
#8242 = DIRECTION('',(1.,0.));
#8243 = ( GEOMETRIC_REPRESENTATION_CONTEXT(2) 
PARAMETRIC_REPRESENTATION_CONTEXT() REPRESENTATION_CONTEXT('2D SPACE',''
  ) );
#8244 = PCURVE('',#8245,#8250);
#8245 = PLANE('',#8246);
#8246 = AXIS2_PLACEMENT_3D('',#8247,#8248,#8249);
#8247 = CARTESIAN_POINT('',(-90.71616104642,148.606,7.3));
#8248 = DIRECTION('',(0.,0.,1.));
#8249 = DIRECTION('',(1.,0.,-0.));
#8250 = DEFINITIONAL_REPRESENTATION('',(#8251),#8255);
#8251 = CIRCLE('',#8252,3.9);
#8252 = AXIS2_PLACEMENT_2D('',#8253,#8254);
#8253 = CARTESIAN_POINT('',(0.,0.));
#8254 = DIRECTION('',(1.,0.));
#8255 = ( GEOMETRIC_REPRESENTATION_CONTEXT(2) 
PARAMETRIC_REPRESENTATION_CONTEXT() REPRESENTATION_CONTEXT('2D SPACE',''
  ) );
#8256 = ORIENTED_EDGE('',*,*,#8207,.T.);
#8257 = ADVANCED_FACE('',(#8258),#8245,.T.);
#8258 = FACE_BOUND('',#8259,.F.);
#8259 = EDGE_LOOP('',(#8260));
#8260 = ORIENTED_EDGE('',*,*,#8230,.F.);
#8261 = ADVANCED_FACE('',(#8262),#7015,.F.);
#8262 = FACE_BOUND('',#8263,.F.);
#8263 = EDGE_LOOP('',(#8264,#8265,#8288,#8315));
#8264 = ORIENTED_EDGE('',*,*,#6994,.F.);
#8265 = ORIENTED_EDGE('',*,*,#8266,.F.);
#8266 = EDGE_CURVE('',#8267,#6995,#8269,.T.);
#8267 = VERTEX_POINT('',#8268);
#8268 = CARTESIAN_POINT('',(3.9,96.231,7.3));
#8269 = SEAM_CURVE('',#8270,(#8274,#8281),.PCURVE_S1.);
#8270 = LINE('',#8271,#8272);
#8271 = CARTESIAN_POINT('',(3.9,96.231,7.3));
#8272 = VECTOR('',#8273,1.);
#8273 = DIRECTION('',(0.,0.,1.));
#8274 = PCURVE('',#7015,#8275);
#8275 = DEFINITIONAL_REPRESENTATION('',(#8276),#8280);
#8276 = LINE('',#8277,#8278);
#8277 = CARTESIAN_POINT('',(6.28318530718,-0.));
#8278 = VECTOR('',#8279,1.);
#8279 = DIRECTION('',(0.,1.));
#8280 = ( GEOMETRIC_REPRESENTATION_CONTEXT(2) 
PARAMETRIC_REPRESENTATION_CONTEXT() REPRESENTATION_CONTEXT('2D SPACE',''
  ) );
#8281 = PCURVE('',#7015,#8282);
#8282 = DEFINITIONAL_REPRESENTATION('',(#8283),#8287);
#8283 = LINE('',#8284,#8285);
#8284 = CARTESIAN_POINT('',(0.,-0.));
#8285 = VECTOR('',#8286,1.);
#8286 = DIRECTION('',(0.,1.));
#8287 = ( GEOMETRIC_REPRESENTATION_CONTEXT(2) 
PARAMETRIC_REPRESENTATION_CONTEXT() REPRESENTATION_CONTEXT('2D SPACE',''
  ) );
#8288 = ORIENTED_EDGE('',*,*,#8289,.T.);
#8289 = EDGE_CURVE('',#8267,#8267,#8290,.T.);
#8290 = SURFACE_CURVE('',#8291,(#8296,#8303),.PCURVE_S1.);
#8291 = CIRCLE('',#8292,3.9);
#8292 = AXIS2_PLACEMENT_3D('',#8293,#8294,#8295);
#8293 = CARTESIAN_POINT('',(-1.92422628316E-14,96.231,7.3));
#8294 = DIRECTION('',(0.,0.,1.));
#8295 = DIRECTION('',(1.,0.,-0.));
#8296 = PCURVE('',#7015,#8297);
#8297 = DEFINITIONAL_REPRESENTATION('',(#8298),#8302);
#8298 = LINE('',#8299,#8300);
#8299 = CARTESIAN_POINT('',(0.,0.));
#8300 = VECTOR('',#8301,1.);
#8301 = DIRECTION('',(1.,0.));
#8302 = ( GEOMETRIC_REPRESENTATION_CONTEXT(2) 
PARAMETRIC_REPRESENTATION_CONTEXT() REPRESENTATION_CONTEXT('2D SPACE',''
  ) );
#8303 = PCURVE('',#8304,#8309);
#8304 = PLANE('',#8305);
#8305 = AXIS2_PLACEMENT_3D('',#8306,#8307,#8308);
#8306 = CARTESIAN_POINT('',(-1.92422628316E-14,96.231,7.3));
#8307 = DIRECTION('',(0.,0.,1.));
#8308 = DIRECTION('',(1.,0.,-0.));
#8309 = DEFINITIONAL_REPRESENTATION('',(#8310),#8314);
#8310 = CIRCLE('',#8311,3.9);
#8311 = AXIS2_PLACEMENT_2D('',#8312,#8313);
#8312 = CARTESIAN_POINT('',(0.,0.));
#8313 = DIRECTION('',(1.,0.));
#8314 = ( GEOMETRIC_REPRESENTATION_CONTEXT(2) 
PARAMETRIC_REPRESENTATION_CONTEXT() REPRESENTATION_CONTEXT('2D SPACE',''
  ) );
#8315 = ORIENTED_EDGE('',*,*,#8266,.T.);
#8316 = ADVANCED_FACE('',(#8317),#8304,.T.);
#8317 = FACE_BOUND('',#8318,.F.);
#8318 = EDGE_LOOP('',(#8319));
#8319 = ORIENTED_EDGE('',*,*,#8289,.F.);
#8320 = ADVANCED_FACE('',(#8321),#6980,.F.);
#8321 = FACE_BOUND('',#8322,.F.);
#8322 = EDGE_LOOP('',(#8323,#8324,#8347,#8374));
#8323 = ORIENTED_EDGE('',*,*,#6959,.F.);
#8324 = ORIENTED_EDGE('',*,*,#8325,.F.);
#8325 = EDGE_CURVE('',#8326,#6960,#8328,.T.);
#8326 = VERTEX_POINT('',#8327);
#8327 = CARTESIAN_POINT('',(94.61616104642,253.356,7.3));
#8328 = SEAM_CURVE('',#8329,(#8333,#8340),.PCURVE_S1.);
#8329 = LINE('',#8330,#8331);
#8330 = CARTESIAN_POINT('',(94.61616104642,253.356,7.3));
#8331 = VECTOR('',#8332,1.);
#8332 = DIRECTION('',(0.,0.,1.));
#8333 = PCURVE('',#6980,#8334);
#8334 = DEFINITIONAL_REPRESENTATION('',(#8335),#8339);
#8335 = LINE('',#8336,#8337);
#8336 = CARTESIAN_POINT('',(6.28318530718,-0.));
#8337 = VECTOR('',#8338,1.);
#8338 = DIRECTION('',(0.,1.));
#8339 = ( GEOMETRIC_REPRESENTATION_CONTEXT(2) 
PARAMETRIC_REPRESENTATION_CONTEXT() REPRESENTATION_CONTEXT('2D SPACE',''
  ) );
#8340 = PCURVE('',#6980,#8341);
#8341 = DEFINITIONAL_REPRESENTATION('',(#8342),#8346);
#8342 = LINE('',#8343,#8344);
#8343 = CARTESIAN_POINT('',(0.,-0.));
#8344 = VECTOR('',#8345,1.);
#8345 = DIRECTION('',(0.,1.));
#8346 = ( GEOMETRIC_REPRESENTATION_CONTEXT(2) 
PARAMETRIC_REPRESENTATION_CONTEXT() REPRESENTATION_CONTEXT('2D SPACE',''
  ) );
#8347 = ORIENTED_EDGE('',*,*,#8348,.T.);
#8348 = EDGE_CURVE('',#8326,#8326,#8349,.T.);
#8349 = SURFACE_CURVE('',#8350,(#8355,#8362),.PCURVE_S1.);
#8350 = CIRCLE('',#8351,3.9);
#8351 = AXIS2_PLACEMENT_3D('',#8352,#8353,#8354);
#8352 = CARTESIAN_POINT('',(90.71616104642,253.356,7.3));
#8353 = DIRECTION('',(0.,0.,1.));
#8354 = DIRECTION('',(1.,0.,-0.));
#8355 = PCURVE('',#6980,#8356);
#8356 = DEFINITIONAL_REPRESENTATION('',(#8357),#8361);
#8357 = LINE('',#8358,#8359);
#8358 = CARTESIAN_POINT('',(0.,0.));
#8359 = VECTOR('',#8360,1.);
#8360 = DIRECTION('',(1.,0.));
#8361 = ( GEOMETRIC_REPRESENTATION_CONTEXT(2) 
PARAMETRIC_REPRESENTATION_CONTEXT() REPRESENTATION_CONTEXT('2D SPACE',''
  ) );
#8362 = PCURVE('',#8363,#8368);
#8363 = PLANE('',#8364);
#8364 = AXIS2_PLACEMENT_3D('',#8365,#8366,#8367);
#8365 = CARTESIAN_POINT('',(90.71616104642,253.356,7.3));
#8366 = DIRECTION('',(0.,0.,1.));
#8367 = DIRECTION('',(1.,0.,-0.));
#8368 = DEFINITIONAL_REPRESENTATION('',(#8369),#8373);
#8369 = CIRCLE('',#8370,3.9);
#8370 = AXIS2_PLACEMENT_2D('',#8371,#8372);
#8371 = CARTESIAN_POINT('',(0.,0.));
#8372 = DIRECTION('',(1.,0.));
#8373 = ( GEOMETRIC_REPRESENTATION_CONTEXT(2) 
PARAMETRIC_REPRESENTATION_CONTEXT() REPRESENTATION_CONTEXT('2D SPACE',''
  ) );
#8374 = ORIENTED_EDGE('',*,*,#8325,.T.);
#8375 = ADVANCED_FACE('',(#8376),#8363,.T.);
#8376 = FACE_BOUND('',#8377,.F.);
#8377 = EDGE_LOOP('',(#8378));
#8378 = ORIENTED_EDGE('',*,*,#8348,.F.);
#8379 = ADVANCED_FACE('',(#8380),#6945,.F.);
#8380 = FACE_BOUND('',#8381,.F.);
#8381 = EDGE_LOOP('',(#8382,#8383,#8406,#8433));
#8382 = ORIENTED_EDGE('',*,*,#6924,.F.);
#8383 = ORIENTED_EDGE('',*,*,#8384,.F.);
#8384 = EDGE_CURVE('',#8385,#6925,#8387,.T.);
#8385 = VERTEX_POINT('',#8386);
#8386 = CARTESIAN_POINT('',(94.61616104642,148.606,7.3));
#8387 = SEAM_CURVE('',#8388,(#8392,#8399),.PCURVE_S1.);
#8388 = LINE('',#8389,#8390);
#8389 = CARTESIAN_POINT('',(94.61616104642,148.606,7.3));
#8390 = VECTOR('',#8391,1.);
#8391 = DIRECTION('',(0.,0.,1.));
#8392 = PCURVE('',#6945,#8393);
#8393 = DEFINITIONAL_REPRESENTATION('',(#8394),#8398);
#8394 = LINE('',#8395,#8396);
#8395 = CARTESIAN_POINT('',(6.28318530718,-0.));
#8396 = VECTOR('',#8397,1.);
#8397 = DIRECTION('',(0.,1.));
#8398 = ( GEOMETRIC_REPRESENTATION_CONTEXT(2) 
PARAMETRIC_REPRESENTATION_CONTEXT() REPRESENTATION_CONTEXT('2D SPACE',''
  ) );
#8399 = PCURVE('',#6945,#8400);
#8400 = DEFINITIONAL_REPRESENTATION('',(#8401),#8405);
#8401 = LINE('',#8402,#8403);
#8402 = CARTESIAN_POINT('',(0.,-0.));
#8403 = VECTOR('',#8404,1.);
#8404 = DIRECTION('',(0.,1.));
#8405 = ( GEOMETRIC_REPRESENTATION_CONTEXT(2) 
PARAMETRIC_REPRESENTATION_CONTEXT() REPRESENTATION_CONTEXT('2D SPACE',''
  ) );
#8406 = ORIENTED_EDGE('',*,*,#8407,.T.);
#8407 = EDGE_CURVE('',#8385,#8385,#8408,.T.);
#8408 = SURFACE_CURVE('',#8409,(#8414,#8421),.PCURVE_S1.);
#8409 = CIRCLE('',#8410,3.9);
#8410 = AXIS2_PLACEMENT_3D('',#8411,#8412,#8413);
#8411 = CARTESIAN_POINT('',(90.71616104642,148.606,7.3));
#8412 = DIRECTION('',(0.,0.,1.));
#8413 = DIRECTION('',(1.,0.,-0.));
#8414 = PCURVE('',#6945,#8415);
#8415 = DEFINITIONAL_REPRESENTATION('',(#8416),#8420);
#8416 = LINE('',#8417,#8418);
#8417 = CARTESIAN_POINT('',(0.,0.));
#8418 = VECTOR('',#8419,1.);
#8419 = DIRECTION('',(1.,0.));
#8420 = ( GEOMETRIC_REPRESENTATION_CONTEXT(2) 
PARAMETRIC_REPRESENTATION_CONTEXT() REPRESENTATION_CONTEXT('2D SPACE',''
  ) );
#8421 = PCURVE('',#8422,#8427);
#8422 = PLANE('',#8423);
#8423 = AXIS2_PLACEMENT_3D('',#8424,#8425,#8426);
#8424 = CARTESIAN_POINT('',(90.71616104642,148.606,7.3));
#8425 = DIRECTION('',(0.,0.,1.));
#8426 = DIRECTION('',(1.,0.,-0.));
#8427 = DEFINITIONAL_REPRESENTATION('',(#8428),#8432);
#8428 = CIRCLE('',#8429,3.9);
#8429 = AXIS2_PLACEMENT_2D('',#8430,#8431);
#8430 = CARTESIAN_POINT('',(0.,0.));
#8431 = DIRECTION('',(1.,0.));
#8432 = ( GEOMETRIC_REPRESENTATION_CONTEXT(2) 
PARAMETRIC_REPRESENTATION_CONTEXT() REPRESENTATION_CONTEXT('2D SPACE',''
  ) );
#8433 = ORIENTED_EDGE('',*,*,#8384,.T.);
#8434 = ADVANCED_FACE('',(#8435),#8422,.T.);
#8435 = FACE_BOUND('',#8436,.F.);
#8436 = EDGE_LOOP('',(#8437));
#8437 = ORIENTED_EDGE('',*,*,#8407,.F.);
#8438 = ADVANCED_FACE('',(#8439),#402,.T.);
#8439 = FACE_BOUND('',#8440,.T.);
#8440 = EDGE_LOOP('',(#8441,#8519,#8520,#8521));
#8441 = ORIENTED_EDGE('',*,*,#8442,.T.);
#8442 = EDGE_CURVE('',#4459,#22,#8443,.T.);
#8443 = SURFACE_CURVE('',#8444,(#8467,#8493),.PCURVE_S1.);
#8444 = B_SPLINE_CURVE_WITH_KNOTS('',6,(#8445,#8446,#8447,#8448,#8449,
    #8450,#8451,#8452,#8453,#8454,#8455,#8456,#8457,#8458,#8459,#8460,
    #8461,#8462,#8463,#8464,#8465,#8466),.UNSPECIFIED.,.F.,.F.,(7,5,5,5,
    7),(0.,0.430839461413,0.536771262788,0.852572050884,1.),
  .UNSPECIFIED.);
#8445 = CARTESIAN_POINT('',(-36.468,453.457,17.5510946718));
#8446 = CARTESIAN_POINT('',(-37.37801757262,453.457,17.611377442023));
#8447 = CARTESIAN_POINT('',(-38.28856211607,453.457,17.663452560624));
#8448 = CARTESIAN_POINT('',(-39.19949626156,453.457,17.708125050356));
#8449 = CARTESIAN_POINT('',(-40.11071074988,453.457,17.746152903821));
#8450 = CARTESIAN_POINT('',(-41.02212624322,453.457,17.778212681489));
#8451 = CARTESIAN_POINT('',(-42.15782255556,453.457,17.811472596459));
#8452 = CARTESIAN_POINT('',(-42.38196117905,453.457,17.81771167425));
#8453 = CARTESIAN_POINT('',(-42.60610789358,453.457,17.823637689401));
#8454 = CARTESIAN_POINT('',(-42.83026199372,453.457,17.829253518185));
#8455 = CARTESIAN_POINT('',(-43.0544227666,453.457,17.834571933831));
#8456 = CARTESIAN_POINT('',(-43.94686828934,453.457,17.85462164763));
#8457 = CARTESIAN_POINT('',(-44.61519856223,453.457,17.867121860791));
#8458 = CARTESIAN_POINT('',(-45.28356275603,453.457,17.877448880759));
#8459 = CARTESIAN_POINT('',(-45.95194812496,453.457,17.885881379162));
#8460 = CARTESIAN_POINT('',(-46.62034640051,453.457,17.892650533911));
#8461 = CARTESIAN_POINT('',(-47.60079175265,453.457,17.900429914973));
#8462 = CARTESIAN_POINT('',(-47.91283170399,453.457,17.902586382473));
#8463 = CARTESIAN_POINT('',(-48.22487290463,453.457,17.904443367525));
#8464 = CARTESIAN_POINT('',(-48.5369149104,453.457,17.906019332747));
#8465 = CARTESIAN_POINT('',(-48.84895736501,453.457,17.907331274549));
#8466 = CARTESIAN_POINT('',(-49.161,453.457,17.908394723136));
#8467 = PCURVE('',#402,#8468);
#8468 = DEFINITIONAL_REPRESENTATION('',(#8469),#8492);
#8469 = B_SPLINE_CURVE_WITH_KNOTS('',6,(#8470,#8471,#8472,#8473,#8474,
    #8475,#8476,#8477,#8478,#8479,#8480,#8481,#8482,#8483,#8484,#8485,
    #8486,#8487,#8488,#8489,#8490,#8491),.UNSPECIFIED.,.F.,.F.,(7,5,5,5,
    7),(0.,0.430839461413,0.536771262788,0.852572050884,1.),
  .UNSPECIFIED.);
#8470 = CARTESIAN_POINT('',(12.693,-17.5510946718));
#8471 = CARTESIAN_POINT('',(11.782982427375,-17.61137744202));
#8472 = CARTESIAN_POINT('',(10.872437883922,-17.66345256062));
#8473 = CARTESIAN_POINT('',(9.961503738439,-17.70812505035));
#8474 = CARTESIAN_POINT('',(9.050289250114,-17.74615290382));
#8475 = CARTESIAN_POINT('',(8.138873756777,-17.77821268148));
#8476 = CARTESIAN_POINT('',(7.003177444434,-17.81147259645));
#8477 = CARTESIAN_POINT('',(6.779038820944,-17.81771167425));
#8478 = CARTESIAN_POINT('',(6.554892106417,-17.8236376894));
#8479 = CARTESIAN_POINT('',(6.330738006275,-17.82925351818));
#8480 = CARTESIAN_POINT('',(6.1065772334,-17.83457193383));
#8481 = CARTESIAN_POINT('',(5.214131710655,-17.85462164763));
#8482 = CARTESIAN_POINT('',(4.54580143777,-17.86712186079));
#8483 = CARTESIAN_POINT('',(3.877437243963,-17.87744888075));
#8484 = CARTESIAN_POINT('',(3.209051875033,-17.88588137916));
#8485 = CARTESIAN_POINT('',(2.540653599486,-17.89265053391));
#8486 = CARTESIAN_POINT('',(1.560208247349,-17.90042991497));
#8487 = CARTESIAN_POINT('',(1.248168296001,-17.90258638247));
#8488 = CARTESIAN_POINT('',(0.936127095369,-17.90444336752));
#8489 = CARTESIAN_POINT('',(0.624085089598,-17.90601933274));
#8490 = CARTESIAN_POINT('',(0.31204263499,-17.90733127454));
#8491 = CARTESIAN_POINT('',(0.,-17.90839472313));
#8492 = ( GEOMETRIC_REPRESENTATION_CONTEXT(2) 
PARAMETRIC_REPRESENTATION_CONTEXT() REPRESENTATION_CONTEXT('2D SPACE',''
  ) );
#8493 = PCURVE('',#201,#8494);
#8494 = DEFINITIONAL_REPRESENTATION('',(#8495),#8518);
#8495 = B_SPLINE_CURVE_WITH_KNOTS('',6,(#8496,#8497,#8498,#8499,#8500,
    #8501,#8502,#8503,#8504,#8505,#8506,#8507,#8508,#8509,#8510,#8511,
    #8512,#8513,#8514,#8515,#8516,#8517),.UNSPECIFIED.,.F.,.F.,(7,5,5,5,
    7),(0.,0.430839461413,0.536771262788,0.852572050884,1.),
  .UNSPECIFIED.);
#8496 = CARTESIAN_POINT('',(10.78498380619,0.857330092182));
#8497 = CARTESIAN_POINT('',(10.730548899793,0.863784932068));
#8498 = CARTESIAN_POINT('',(10.67585377499,0.869907969928));
#8499 = CARTESIAN_POINT('',(10.620928311562,0.875728693011));
#8500 = CARTESIAN_POINT('',(10.565797321995,0.881272448464));
#8501 = CARTESIAN_POINT('',(10.510481297228,0.886561363274));
#8502 = CARTESIAN_POINT('',(10.441354816905,0.892857524635));
#8503 = CARTESIAN_POINT('',(10.427702539638,0.894085845996));
#8504 = CARTESIAN_POINT('',(10.414040353588,0.895300232345));
#8505 = CARTESIAN_POINT('',(10.400368493197,0.89650096134));
#8506 = CARTESIAN_POINT('',(10.38668719372,0.897688306083));
#8507 = CARTESIAN_POINT('',(10.332182976004,0.902363097625));
#8508 = CARTESIAN_POINT('',(10.291287515983,0.905747062524));
#8509 = CARTESIAN_POINT('',(10.250316292691,0.909021436014));
#8510 = CARTESIAN_POINT('',(10.209274468714,0.912192532926));
#8511 = CARTESIAN_POINT('',(10.168166487245,0.915266076463));
#8512 = CARTESIAN_POINT('',(10.107776281635,0.919639052177));
#8513 = CARTESIAN_POINT('',(10.088542818697,0.921010682539));
#8514 = CARTESIAN_POINT('',(10.069296175527,0.92236272343));
#8515 = CARTESIAN_POINT('',(10.050036726074,0.923695683384));
#8516 = CARTESIAN_POINT('',(10.030764822904,0.925010048764));
#8517 = CARTESIAN_POINT('',(10.011480797205,0.926306283768));
#8518 = ( GEOMETRIC_REPRESENTATION_CONTEXT(2) 
PARAMETRIC_REPRESENTATION_CONTEXT() REPRESENTATION_CONTEXT('2D SPACE',''
  ) );
#8519 = ORIENTED_EDGE('',*,*,#388,.T.);
#8520 = ORIENTED_EDGE('',*,*,#6886,.T.);
#8521 = ORIENTED_EDGE('',*,*,#4538,.F.);
#8522 = ADVANCED_FACE('',(#8523,#8532),#201,.F.);
#8523 = FACE_BOUND('',#8524,.F.);
#8524 = EDGE_LOOP('',(#8525,#8526,#8527,#8528,#8529,#8530,#8531));
#8525 = ORIENTED_EDGE('',*,*,#6394,.F.);
#8526 = ORIENTED_EDGE('',*,*,#4588,.T.);
#8527 = ORIENTED_EDGE('',*,*,#3721,.T.);
#8528 = ORIENTED_EDGE('',*,*,#4458,.T.);
#8529 = ORIENTED_EDGE('',*,*,#8442,.T.);
#8530 = ORIENTED_EDGE('',*,*,#21,.T.);
#8531 = ORIENTED_EDGE('',*,*,#497,.T.);
#8532 = FACE_BOUND('',#8533,.F.);
#8533 = EDGE_LOOP('',(#8534));
#8534 = ORIENTED_EDGE('',*,*,#7319,.F.);
#8535 = ( GEOMETRIC_REPRESENTATION_CONTEXT(3) 
GLOBAL_UNCERTAINTY_ASSIGNED_CONTEXT((#8539)) 
GLOBAL_UNIT_ASSIGNED_CONTEXT((#8536,#8537,#8538)) REPRESENTATION_CONTEXT
('Context #1','3D Context with UNIT and UNCERTAINTY') );
#8536 = ( LENGTH_UNIT() NAMED_UNIT(*) SI_UNIT(.MILLI.,.METRE.) );
#8537 = ( NAMED_UNIT(*) PLANE_ANGLE_UNIT() SI_UNIT($,.RADIAN.) );
#8538 = ( NAMED_UNIT(*) SI_UNIT($,.STERADIAN.) SOLID_ANGLE_UNIT() );
#8539 = UNCERTAINTY_MEASURE_WITH_UNIT(LENGTH_MEASURE(2.E-06),#8536,
  'distance_accuracy_value','confusion accuracy');
#8540 = PRODUCT_RELATED_PRODUCT_CATEGORY('part',$,(#7));
ENDSEC;
END-ISO-10303-21;
