ISO-10303-21;
HEADER;
FILE_DESCRIPTION(('Open CASCADE Model'),'2;1');
FILE_NAME('lx521_4_top_baffle_nd25fw4_v1_attachments',
  '2020-01-01T00:00:00',('Author'),('Open CASCADE'),
  'Open CASCADE STEP processor 7.9','build123d','Unknown');
FILE_SCHEMA(('AUTOMOTIVE_DESIGN { 1 0 10303 214 1 1 1 1 }'));
ENDSEC;
DATA;
#1 = APPLICATION_PROTOCOL_DEFINITION('international standard',
  'automotive_design',2000,#2);
#2 = APPLICATION_CONTEXT(
  'core data for automotive mechanical design processes');
#3 = SHAPE_DEFINITION_REPRESENTATION(#4,#10);
#4 = PRODUCT_DEFINITION_SHAPE('','',#5);
#5 = PRODUCT_DEFINITION('design','',#6,#9);
#6 = PRODUCT_DEFINITION_FORMATION('','',#7);
#7 = PRODUCT('lx521_4_top_baffle_nd25fw4_v1_attachments',
  'lx521_4_top_baffle_nd25fw4_v1_attachments','',(#8));
#8 = PRODUCT_CONTEXT('',#2,'mechanical');
#9 = PRODUCT_DEFINITION_CONTEXT('part definition',#2,'design');
#10 = SHAPE_REPRESENTATION('',(#11,#15,#19,#23,#27,#31,#35),#39);
#11 = AXIS2_PLACEMENT_3D('',#12,#13,#14);
#12 = CARTESIAN_POINT('',(0.,0.,0.));
#13 = DIRECTION('',(0.,0.,1.));
#14 = DIRECTION('',(1.,0.,-0.));
#15 = AXIS2_PLACEMENT_3D('',#16,#17,#18);
#16 = CARTESIAN_POINT('',(0.,0.,0.));
#17 = DIRECTION('',(0.,0.,1.));
#18 = DIRECTION('',(1.,0.,-0.));
#19 = AXIS2_PLACEMENT_3D('',#20,#21,#22);
#20 = CARTESIAN_POINT('',(0.,0.,0.));
#21 = DIRECTION('',(0.,0.,1.));
#22 = DIRECTION('',(1.,0.,-0.));
#23 = AXIS2_PLACEMENT_3D('',#24,#25,#26);
#24 = CARTESIAN_POINT('',(0.,0.,0.));
#25 = DIRECTION('',(0.,0.,1.));
#26 = DIRECTION('',(1.,0.,-0.));
#27 = AXIS2_PLACEMENT_3D('',#28,#29,#30);
#28 = CARTESIAN_POINT('',(0.,0.,0.));
#29 = DIRECTION('',(0.,0.,1.));
#30 = DIRECTION('',(1.,0.,-0.));
#31 = AXIS2_PLACEMENT_3D('',#32,#33,#34);
#32 = CARTESIAN_POINT('',(0.,0.,0.));
#33 = DIRECTION('',(0.,0.,1.));
#34 = DIRECTION('',(1.,0.,-0.));
#35 = AXIS2_PLACEMENT_3D('',#36,#37,#38);
#36 = CARTESIAN_POINT('',(0.,0.,0.));
#37 = DIRECTION('',(0.,0.,1.));
#38 = DIRECTION('',(1.,0.,-0.));
#39 = ( GEOMETRIC_REPRESENTATION_CONTEXT(3) 
GLOBAL_UNCERTAINTY_ASSIGNED_CONTEXT((#43)) GLOBAL_UNIT_ASSIGNED_CONTEXT(
(#40,#41,#42)) REPRESENTATION_CONTEXT('Context #1',
  '3D Context with UNIT and UNCERTAINTY') );
#40 = ( LENGTH_UNIT() NAMED_UNIT(*) SI_UNIT(.MILLI.,.METRE.) );
#41 = ( NAMED_UNIT(*) PLANE_ANGLE_UNIT() SI_UNIT($,.RADIAN.) );
#42 = ( NAMED_UNIT(*) SI_UNIT($,.STERADIAN.) SOLID_ANGLE_UNIT() );
#43 = UNCERTAINTY_MEASURE_WITH_UNIT(LENGTH_MEASURE(2.E-06),#40,
  'distance_accuracy_value','confusion accuracy');
#44 = PRODUCT_RELATED_PRODUCT_CATEGORY('part',$,(#7));
#45 = SHAPE_DEFINITION_REPRESENTATION(#46,#52);
#46 = PRODUCT_DEFINITION_SHAPE('','',#47);
#47 = PRODUCT_DEFINITION('design','',#48,#51);
#48 = PRODUCT_DEFINITION_FORMATION('','',#49);
#49 = PRODUCT('attach_v1a_shoulder_bottom_right',
  'attach_v1a_shoulder_bottom_right','',(#50));
#50 = PRODUCT_CONTEXT('',#2,'mechanical');
#51 = PRODUCT_DEFINITION_CONTEXT('part definition',#2,'design');
#52 = ADVANCED_BREP_SHAPE_REPRESENTATION('',(#11,#53),#397);
#53 = MANIFOLD_SOLID_BREP('',#54);
#54 = CLOSED_SHELL('',(#55,#146,#220,#305,#332,#338,#393));
#55 = ADVANCED_FACE('',(#56),#70,.F.);
#56 = FACE_BOUND('',#57,.F.);
#57 = EDGE_LOOP('',(#58,#92,#120));
#58 = ORIENTED_EDGE('',*,*,#59,.T.);
#59 = EDGE_CURVE('',#60,#62,#64,.T.);
#60 = VERTEX_POINT('',#61);
#61 = CARTESIAN_POINT('',(38.113,315.947,6.8));
#62 = VERTEX_POINT('',#63);
#63 = CARTESIAN_POINT('',(60.654,304.1473324321,6.8));
#64 = SURFACE_CURVE('',#65,(#69,#81),.PCURVE_S1.);
#65 = LINE('',#66,#67);
#66 = CARTESIAN_POINT('',(-52.05979503103,363.15027425732,6.8));
#67 = VECTOR('',#68,1.);
#68 = DIRECTION('',(0.88595303922,-0.463774958678,0.));
#69 = PCURVE('',#70,#75);
#70 = PLANE('',#71);
#71 = AXIS2_PLACEMENT_3D('',#72,#73,#74);
#72 = CARTESIAN_POINT('',(-200.,300.,6.8));
#73 = DIRECTION('',(0.,0.,1.));
#74 = DIRECTION('',(1.,0.,-0.));
#75 = DEFINITIONAL_REPRESENTATION('',(#76),#80);
#76 = LINE('',#77,#78);
#77 = CARTESIAN_POINT('',(147.94020496896,63.150274257329));
#78 = VECTOR('',#79,1.);
#79 = DIRECTION('',(0.88595303922,-0.463774958678));
#80 = ( GEOMETRIC_REPRESENTATION_CONTEXT(2) 
PARAMETRIC_REPRESENTATION_CONTEXT() REPRESENTATION_CONTEXT('2D SPACE',''
  ) );
#81 = PCURVE('',#82,#87);
#82 = PLANE('',#83);
#83 = AXIS2_PLACEMENT_3D('',#84,#85,#86);
#84 = CARTESIAN_POINT('',(38.113,315.947,0.));
#85 = DIRECTION('',(0.463774958678,0.88595303922,0.));
#86 = DIRECTION('',(0.88595303922,-0.463774958678,0.));
#87 = DEFINITIONAL_REPRESENTATION('',(#88),#91);
#88 = B_SPLINE_CURVE_WITH_KNOTS('',1,(#89,#90),.UNSPECIFIED.,.F.,.F.,(2,
    2),(101.78055838086,136.16576978911),.PIECEWISE_BEZIER_KNOTS.);
#89 = CARTESIAN_POINT('',(0.,-6.8));
#90 = CARTESIAN_POINT('',(34.385211408247,-6.8));
#91 = ( GEOMETRIC_REPRESENTATION_CONTEXT(2) 
PARAMETRIC_REPRESENTATION_CONTEXT() REPRESENTATION_CONTEXT('2D SPACE',''
  ) );
#92 = ORIENTED_EDGE('',*,*,#93,.F.);
#93 = EDGE_CURVE('',#94,#62,#96,.T.);
#94 = VERTEX_POINT('',#95);
#95 = CARTESIAN_POINT('',(60.654,391.709,6.8));
#96 = SURFACE_CURVE('',#97,(#101,#108),.PCURVE_S1.);
#97 = LINE('',#98,#99);
#98 = CARTESIAN_POINT('',(60.654,453.457,6.8));
#99 = VECTOR('',#100,1.);
#100 = DIRECTION('',(0.,-1.,-5.948552807582E-18));
#101 = PCURVE('',#70,#102);
#102 = DEFINITIONAL_REPRESENTATION('',(#103),#107);
#103 = LINE('',#104,#105);
#104 = CARTESIAN_POINT('',(260.654,153.457));
#105 = VECTOR('',#106,1.);
#106 = DIRECTION('',(0.,-1.));
#107 = ( GEOMETRIC_REPRESENTATION_CONTEXT(2) 
PARAMETRIC_REPRESENTATION_CONTEXT() REPRESENTATION_CONTEXT('2D SPACE',''
  ) );
#108 = PCURVE('',#109,#114);
#109 = PLANE('',#110);
#110 = AXIS2_PLACEMENT_3D('',#111,#112,#113);
#111 = CARTESIAN_POINT('',(60.654,453.457,0.));
#112 = DIRECTION('',(1.,0.,0.));
#113 = DIRECTION('',(0.,-1.,0.));
#114 = DEFINITIONAL_REPRESENTATION('',(#115),#119);
#115 = LINE('',#116,#117);
#116 = CARTESIAN_POINT('',(0.,-6.8));
#117 = VECTOR('',#118,1.);
#118 = DIRECTION('',(1.,5.948552807582E-18));
#119 = ( GEOMETRIC_REPRESENTATION_CONTEXT(2) 
PARAMETRIC_REPRESENTATION_CONTEXT() REPRESENTATION_CONTEXT('2D SPACE',''
  ) );
#120 = ORIENTED_EDGE('',*,*,#121,.T.);
#121 = EDGE_CURVE('',#94,#60,#122,.T.);
#122 = SURFACE_CURVE('',#123,(#127,#134),.PCURVE_S1.);
#123 = LINE('',#124,#125);
#124 = CARTESIAN_POINT('',(60.654,391.709,6.8));
#125 = VECTOR('',#126,1.);
#126 = DIRECTION('',(-0.285169751144,-0.958477027911,-1.123648546724E-17
    ));
#127 = PCURVE('',#70,#128);
#128 = DEFINITIONAL_REPRESENTATION('',(#129),#133);
#129 = LINE('',#130,#131);
#130 = CARTESIAN_POINT('',(260.654,91.709));
#131 = VECTOR('',#132,1.);
#132 = DIRECTION('',(-0.285169751144,-0.958477027911));
#133 = ( GEOMETRIC_REPRESENTATION_CONTEXT(2) 
PARAMETRIC_REPRESENTATION_CONTEXT() REPRESENTATION_CONTEXT('2D SPACE',''
  ) );
#134 = PCURVE('',#135,#140);
#135 = PLANE('',#136);
#136 = AXIS2_PLACEMENT_3D('',#137,#138,#139);
#137 = CARTESIAN_POINT('',(60.654,391.709,0.));
#138 = DIRECTION('',(0.958477027911,-0.285169751144,0.));
#139 = DIRECTION('',(-0.285169751144,-0.958477027911,0.));
#140 = DEFINITIONAL_REPRESENTATION('',(#141),#145);
#141 = LINE('',#142,#143);
#142 = CARTESIAN_POINT('',(0.,-6.8));
#143 = VECTOR('',#144,1.);
#144 = DIRECTION('',(1.,1.123648546724E-17));
#145 = ( GEOMETRIC_REPRESENTATION_CONTEXT(2) 
PARAMETRIC_REPRESENTATION_CONTEXT() REPRESENTATION_CONTEXT('2D SPACE',''
  ) );
#146 = ADVANCED_FACE('',(#147),#82,.F.);
#147 = FACE_BOUND('',#148,.F.);
#148 = EDGE_LOOP('',(#149,#150,#173,#201));
#149 = ORIENTED_EDGE('',*,*,#59,.F.);
#150 = ORIENTED_EDGE('',*,*,#151,.T.);
#151 = EDGE_CURVE('',#60,#152,#154,.T.);
#152 = VERTEX_POINT('',#153);
#153 = CARTESIAN_POINT('',(38.113,315.947,18.3));
#154 = SURFACE_CURVE('',#155,(#159,#166),.PCURVE_S1.);
#155 = LINE('',#156,#157);
#156 = CARTESIAN_POINT('',(38.113,315.947,0.));
#157 = VECTOR('',#158,1.);
#158 = DIRECTION('',(-0.,-0.,1.));
#159 = PCURVE('',#82,#160);
#160 = DEFINITIONAL_REPRESENTATION('',(#161),#165);
#161 = LINE('',#162,#163);
#162 = CARTESIAN_POINT('',(0.,0.));
#163 = VECTOR('',#164,1.);
#164 = DIRECTION('',(0.,-1.));
#165 = ( GEOMETRIC_REPRESENTATION_CONTEXT(2) 
PARAMETRIC_REPRESENTATION_CONTEXT() REPRESENTATION_CONTEXT('2D SPACE',''
  ) );
#166 = PCURVE('',#135,#167);
#167 = DEFINITIONAL_REPRESENTATION('',(#168),#172);
#168 = LINE('',#169,#170);
#169 = CARTESIAN_POINT('',(79.044147949105,0.));
#170 = VECTOR('',#171,1.);
#171 = DIRECTION('',(0.,-1.));
#172 = ( GEOMETRIC_REPRESENTATION_CONTEXT(2) 
PARAMETRIC_REPRESENTATION_CONTEXT() REPRESENTATION_CONTEXT('2D SPACE',''
  ) );
#173 = ORIENTED_EDGE('',*,*,#174,.T.);
#174 = EDGE_CURVE('',#152,#175,#177,.T.);
#175 = VERTEX_POINT('',#176);
#176 = CARTESIAN_POINT('',(60.654,304.1473324321,18.3));
#177 = SURFACE_CURVE('',#178,(#182,#189),.PCURVE_S1.);
#178 = LINE('',#179,#180);
#179 = CARTESIAN_POINT('',(38.113,315.947,18.3));
#180 = VECTOR('',#181,1.);
#181 = DIRECTION('',(0.88595303922,-0.463774958678,0.));
#182 = PCURVE('',#82,#183);
#183 = DEFINITIONAL_REPRESENTATION('',(#184),#188);
#184 = LINE('',#185,#186);
#185 = CARTESIAN_POINT('',(0.,-18.3));
#186 = VECTOR('',#187,1.);
#187 = DIRECTION('',(1.,0.));
#188 = ( GEOMETRIC_REPRESENTATION_CONTEXT(2) 
PARAMETRIC_REPRESENTATION_CONTEXT() REPRESENTATION_CONTEXT('2D SPACE',''
  ) );
#189 = PCURVE('',#190,#195);
#190 = PLANE('',#191);
#191 = AXIS2_PLACEMENT_3D('',#192,#193,#194);
#192 = CARTESIAN_POINT('',(-3.384356242037E-04,226.53998443108,18.3));
#193 = DIRECTION('',(0.,-0.,-1.));
#194 = DIRECTION('',(-1.,0.,0.));
#195 = DEFINITIONAL_REPRESENTATION('',(#196),#200);
#196 = LINE('',#197,#198);
#197 = CARTESIAN_POINT('',(-38.11333843562,89.407015568919));
#198 = VECTOR('',#199,1.);
#199 = DIRECTION('',(-0.88595303922,-0.463774958678));
#200 = ( GEOMETRIC_REPRESENTATION_CONTEXT(2) 
PARAMETRIC_REPRESENTATION_CONTEXT() REPRESENTATION_CONTEXT('2D SPACE',''
  ) );
#201 = ORIENTED_EDGE('',*,*,#202,.F.);
#202 = EDGE_CURVE('',#62,#175,#203,.T.);
#203 = SURFACE_CURVE('',#204,(#208,#214),.PCURVE_S1.);
#204 = LINE('',#205,#206);
#205 = CARTESIAN_POINT('',(60.654,304.1473324321,0.));
#206 = VECTOR('',#207,1.);
#207 = DIRECTION('',(0.,0.,1.));
#208 = PCURVE('',#82,#209);
#209 = DEFINITIONAL_REPRESENTATION('',(#210),#213);
#210 = B_SPLINE_CURVE_WITH_KNOTS('',1,(#211,#212),.UNSPECIFIED.,.F.,.F.,
  (2,2),(6.8,18.3),.PIECEWISE_BEZIER_KNOTS.);
#211 = CARTESIAN_POINT('',(25.442657795775,-6.8));
#212 = CARTESIAN_POINT('',(25.442657795775,-18.3));
#213 = ( GEOMETRIC_REPRESENTATION_CONTEXT(2) 
PARAMETRIC_REPRESENTATION_CONTEXT() REPRESENTATION_CONTEXT('2D SPACE',''
  ) );
#214 = PCURVE('',#109,#215);
#215 = DEFINITIONAL_REPRESENTATION('',(#216),#219);
#216 = B_SPLINE_CURVE_WITH_KNOTS('',1,(#217,#218),.UNSPECIFIED.,.F.,.F.,
  (2,2),(6.8,18.3),.PIECEWISE_BEZIER_KNOTS.);
#217 = CARTESIAN_POINT('',(149.30966756789,-6.8));
#218 = CARTESIAN_POINT('',(149.30966756789,-18.3));
#219 = ( GEOMETRIC_REPRESENTATION_CONTEXT(2) 
PARAMETRIC_REPRESENTATION_CONTEXT() REPRESENTATION_CONTEXT('2D SPACE',''
  ) );
#220 = ADVANCED_FACE('',(#221,#269),#135,.F.);
#221 = FACE_BOUND('',#222,.F.);
#222 = EDGE_LOOP('',(#223,#224,#247,#268));
#223 = ORIENTED_EDGE('',*,*,#121,.F.);
#224 = ORIENTED_EDGE('',*,*,#225,.T.);
#225 = EDGE_CURVE('',#94,#226,#228,.T.);
#226 = VERTEX_POINT('',#227);
#227 = CARTESIAN_POINT('',(60.654,391.709,18.3));
#228 = SURFACE_CURVE('',#229,(#233,#240),.PCURVE_S1.);
#229 = LINE('',#230,#231);
#230 = CARTESIAN_POINT('',(60.654,391.709,0.));
#231 = VECTOR('',#232,1.);
#232 = DIRECTION('',(-0.,-0.,1.));
#233 = PCURVE('',#135,#234);
#234 = DEFINITIONAL_REPRESENTATION('',(#235),#239);
#235 = LINE('',#236,#237);
#236 = CARTESIAN_POINT('',(0.,0.));
#237 = VECTOR('',#238,1.);
#238 = DIRECTION('',(0.,-1.));
#239 = ( GEOMETRIC_REPRESENTATION_CONTEXT(2) 
PARAMETRIC_REPRESENTATION_CONTEXT() REPRESENTATION_CONTEXT('2D SPACE',''
  ) );
#240 = PCURVE('',#109,#241);
#241 = DEFINITIONAL_REPRESENTATION('',(#242),#246);
#242 = LINE('',#243,#244);
#243 = CARTESIAN_POINT('',(61.748,0.));
#244 = VECTOR('',#245,1.);
#245 = DIRECTION('',(0.,-1.));
#246 = ( GEOMETRIC_REPRESENTATION_CONTEXT(2) 
PARAMETRIC_REPRESENTATION_CONTEXT() REPRESENTATION_CONTEXT('2D SPACE',''
  ) );
#247 = ORIENTED_EDGE('',*,*,#248,.T.);
#248 = EDGE_CURVE('',#226,#152,#249,.T.);
#249 = SURFACE_CURVE('',#250,(#254,#261),.PCURVE_S1.);
#250 = LINE('',#251,#252);
#251 = CARTESIAN_POINT('',(60.654,391.709,18.3));
#252 = VECTOR('',#253,1.);
#253 = DIRECTION('',(-0.285169751144,-0.958477027911,0.));
#254 = PCURVE('',#135,#255);
#255 = DEFINITIONAL_REPRESENTATION('',(#256),#260);
#256 = LINE('',#257,#258);
#257 = CARTESIAN_POINT('',(0.,-18.3));
#258 = VECTOR('',#259,1.);
#259 = DIRECTION('',(1.,0.));
#260 = ( GEOMETRIC_REPRESENTATION_CONTEXT(2) 
PARAMETRIC_REPRESENTATION_CONTEXT() REPRESENTATION_CONTEXT('2D SPACE',''
  ) );
#261 = PCURVE('',#190,#262);
#262 = DEFINITIONAL_REPRESENTATION('',(#263),#267);
#263 = LINE('',#264,#265);
#264 = CARTESIAN_POINT('',(-60.65433843562,165.16901556891));
#265 = VECTOR('',#266,1.);
#266 = DIRECTION('',(0.285169751144,-0.958477027911));
#267 = ( GEOMETRIC_REPRESENTATION_CONTEXT(2) 
PARAMETRIC_REPRESENTATION_CONTEXT() REPRESENTATION_CONTEXT('2D SPACE',''
  ) );
#268 = ORIENTED_EDGE('',*,*,#151,.F.);
#269 = FACE_BOUND('',#270,.F.);
#270 = EDGE_LOOP('',(#271));
#271 = ORIENTED_EDGE('',*,*,#272,.F.);
#272 = EDGE_CURVE('',#273,#273,#275,.T.);
#273 = VERTEX_POINT('',#274);
#274 = CARTESIAN_POINT('',(40.030244073651,322.39100184144,9.6));
#275 = SURFACE_CURVE('',#276,(#281,#288),.PCURVE_S1.);
#276 = ELLIPSE('',#277,2.90000000004,2.9);
#277 = AXIS2_PLACEMENT_3D('',#278,#279,#280);
#278 = CARTESIAN_POINT('',(40.030244073651,322.39100184144,12.5));
#279 = DIRECTION('',(0.958477027911,-0.285169751144,-1.615587133893E-27)
  );
#280 = DIRECTION('',(0.285169751144,0.958477027911,4.203431526455E-11));
#281 = PCURVE('',#135,#282);
#282 = DEFINITIONAL_REPRESENTATION('',(#283),#287);
#283 = ELLIPSE('',#284,2.90000000004,2.9);
#284 = AXIS2_PLACEMENT_2D('',#285,#286);
#285 = CARTESIAN_POINT('',(72.320980200905,-12.5));
#286 = DIRECTION('',(-1.,-4.203431526455E-11));
#287 = ( GEOMETRIC_REPRESENTATION_CONTEXT(2) 
PARAMETRIC_REPRESENTATION_CONTEXT() REPRESENTATION_CONTEXT('2D SPACE',''
  ) );
#288 = PCURVE('',#289,#294);
#289 = CYLINDRICAL_SURFACE('',#290,2.9);
#290 = AXIS2_PLACEMENT_3D('',#291,#292,#293);
#291 = CARTESIAN_POINT('',(39.041521465705,322.68516468802,12.5));
#292 = DIRECTION('',(0.958478534295,-0.285164688023,2.22044604925E-16));
#293 = DIRECTION('',(2.128249874767E-16,-6.331928049056E-17,-1.));
#294 = DEFINITIONAL_REPRESENTATION('',(#295),#304);
#295 = B_SPLINE_CURVE_WITH_KNOTS('',7,(#296,#297,#298,#299,#300,#301,
    #302,#303),.UNSPECIFIED.,.F.,.F.,(8,8),(4.712388980343,
    10.995574287522),.PIECEWISE_BEZIER_KNOTS.);
#296 = CARTESIAN_POINT('',(0.,1.031554252462));
#297 = CARTESIAN_POINT('',(0.897597901026,1.031568002886));
#298 = CARTESIAN_POINT('',(1.795195802051,1.031581512166));
#299 = CARTESIAN_POINT('',(2.692793703078,1.031579264));
#300 = CARTESIAN_POINT('',(3.590391604102,1.031529240925));
#301 = CARTESIAN_POINT('',(4.487989505129,1.031526992758));
#302 = CARTESIAN_POINT('',(5.385587406154,1.031540502039));
#303 = CARTESIAN_POINT('',(6.28318530718,1.031554252462));
#304 = ( GEOMETRIC_REPRESENTATION_CONTEXT(2) 
PARAMETRIC_REPRESENTATION_CONTEXT() REPRESENTATION_CONTEXT('2D SPACE',''
  ) );
#305 = ADVANCED_FACE('',(#306),#109,.T.);
#306 = FACE_BOUND('',#307,.T.);
#307 = EDGE_LOOP('',(#308,#309,#310,#331));
#308 = ORIENTED_EDGE('',*,*,#93,.F.);
#309 = ORIENTED_EDGE('',*,*,#225,.T.);
#310 = ORIENTED_EDGE('',*,*,#311,.T.);
#311 = EDGE_CURVE('',#226,#175,#312,.T.);
#312 = SURFACE_CURVE('',#313,(#317,#324),.PCURVE_S1.);
#313 = LINE('',#314,#315);
#314 = CARTESIAN_POINT('',(60.654,453.457,18.3));
#315 = VECTOR('',#316,1.);
#316 = DIRECTION('',(0.,-1.,0.));
#317 = PCURVE('',#109,#318);
#318 = DEFINITIONAL_REPRESENTATION('',(#319),#323);
#319 = LINE('',#320,#321);
#320 = CARTESIAN_POINT('',(0.,-18.3));
#321 = VECTOR('',#322,1.);
#322 = DIRECTION('',(1.,0.));
#323 = ( GEOMETRIC_REPRESENTATION_CONTEXT(2) 
PARAMETRIC_REPRESENTATION_CONTEXT() REPRESENTATION_CONTEXT('2D SPACE',''
  ) );
#324 = PCURVE('',#190,#325);
#325 = DEFINITIONAL_REPRESENTATION('',(#326),#330);
#326 = LINE('',#327,#328);
#327 = CARTESIAN_POINT('',(-60.65433843562,226.91701556891));
#328 = VECTOR('',#329,1.);
#329 = DIRECTION('',(0.,-1.));
#330 = ( GEOMETRIC_REPRESENTATION_CONTEXT(2) 
PARAMETRIC_REPRESENTATION_CONTEXT() REPRESENTATION_CONTEXT('2D SPACE',''
  ) );
#331 = ORIENTED_EDGE('',*,*,#202,.F.);
#332 = ADVANCED_FACE('',(#333),#190,.F.);
#333 = FACE_BOUND('',#334,.F.);
#334 = EDGE_LOOP('',(#335,#336,#337));
#335 = ORIENTED_EDGE('',*,*,#248,.F.);
#336 = ORIENTED_EDGE('',*,*,#311,.T.);
#337 = ORIENTED_EDGE('',*,*,#174,.F.);
#338 = ADVANCED_FACE('',(#339),#289,.F.);
#339 = FACE_BOUND('',#340,.F.);
#340 = EDGE_LOOP('',(#341,#364,#391,#392));
#341 = ORIENTED_EDGE('',*,*,#342,.T.);
#342 = EDGE_CURVE('',#273,#343,#345,.T.);
#343 = VERTEX_POINT('',#344);
#344 = CARTESIAN_POINT('',(43.067131309745,321.48747299832,9.6));
#345 = SEAM_CURVE('',#346,(#350,#357),.PCURVE_S1.);
#346 = LINE('',#347,#348);
#347 = CARTESIAN_POINT('',(39.041521465705,322.68516468802,9.6));
#348 = VECTOR('',#349,1.);
#349 = DIRECTION('',(0.958478534295,-0.285164688023,2.22044604925E-16));
#350 = PCURVE('',#289,#351);
#351 = DEFINITIONAL_REPRESENTATION('',(#352),#356);
#352 = LINE('',#353,#354);
#353 = CARTESIAN_POINT('',(6.28318530718,-0.));
#354 = VECTOR('',#355,1.);
#355 = DIRECTION('',(0.,1.));
#356 = ( GEOMETRIC_REPRESENTATION_CONTEXT(2) 
PARAMETRIC_REPRESENTATION_CONTEXT() REPRESENTATION_CONTEXT('2D SPACE',''
  ) );
#357 = PCURVE('',#289,#358);
#358 = DEFINITIONAL_REPRESENTATION('',(#359),#363);
#359 = LINE('',#360,#361);
#360 = CARTESIAN_POINT('',(0.,-0.));
#361 = VECTOR('',#362,1.);
#362 = DIRECTION('',(0.,1.));
#363 = ( GEOMETRIC_REPRESENTATION_CONTEXT(2) 
PARAMETRIC_REPRESENTATION_CONTEXT() REPRESENTATION_CONTEXT('2D SPACE',''
  ) );
#364 = ORIENTED_EDGE('',*,*,#365,.F.);
#365 = EDGE_CURVE('',#343,#343,#366,.T.);
#366 = SURFACE_CURVE('',#367,(#372,#379),.PCURVE_S1.);
#367 = CIRCLE('',#368,2.9);
#368 = AXIS2_PLACEMENT_3D('',#369,#370,#371);
#369 = CARTESIAN_POINT('',(43.067131309745,321.48747299832,12.5));
#370 = DIRECTION('',(0.958478534295,-0.285164688023,2.22044604925E-16));
#371 = DIRECTION('',(2.128249874767E-16,-6.331928049056E-17,-1.));
#372 = PCURVE('',#289,#373);
#373 = DEFINITIONAL_REPRESENTATION('',(#374),#378);
#374 = LINE('',#375,#376);
#375 = CARTESIAN_POINT('',(0.,4.2));
#376 = VECTOR('',#377,1.);
#377 = DIRECTION('',(1.,0.));
#378 = ( GEOMETRIC_REPRESENTATION_CONTEXT(2) 
PARAMETRIC_REPRESENTATION_CONTEXT() REPRESENTATION_CONTEXT('2D SPACE',''
  ) );
#379 = PCURVE('',#380,#385);
#380 = PLANE('',#381);
#381 = AXIS2_PLACEMENT_3D('',#382,#383,#384);
#382 = CARTESIAN_POINT('',(43.067131309745,321.48747299832,12.5));
#383 = DIRECTION('',(0.958478534295,-0.285164688023,2.22044604925E-16));
#384 = DIRECTION('',(2.128249874767E-16,-6.331928049056E-17,-1.));
#385 = DEFINITIONAL_REPRESENTATION('',(#386),#390);
#386 = CIRCLE('',#387,2.9);
#387 = AXIS2_PLACEMENT_2D('',#388,#389);
#388 = CARTESIAN_POINT('',(0.,0.));
#389 = DIRECTION('',(1.,0.));
#390 = ( GEOMETRIC_REPRESENTATION_CONTEXT(2) 
PARAMETRIC_REPRESENTATION_CONTEXT() REPRESENTATION_CONTEXT('2D SPACE',''
  ) );
#391 = ORIENTED_EDGE('',*,*,#342,.F.);
#392 = ORIENTED_EDGE('',*,*,#272,.T.);
#393 = ADVANCED_FACE('',(#394),#380,.F.);
#394 = FACE_BOUND('',#395,.F.);
#395 = EDGE_LOOP('',(#396));
#396 = ORIENTED_EDGE('',*,*,#365,.T.);
#397 = ( GEOMETRIC_REPRESENTATION_CONTEXT(3) 
GLOBAL_UNCERTAINTY_ASSIGNED_CONTEXT((#401)) GLOBAL_UNIT_ASSIGNED_CONTEXT
((#398,#399,#400)) REPRESENTATION_CONTEXT('Context #1',
  '3D Context with UNIT and UNCERTAINTY') );
#398 = ( LENGTH_UNIT() NAMED_UNIT(*) SI_UNIT(.MILLI.,.METRE.) );
#399 = ( NAMED_UNIT(*) PLANE_ANGLE_UNIT() SI_UNIT($,.RADIAN.) );
#400 = ( NAMED_UNIT(*) SI_UNIT($,.STERADIAN.) SOLID_ANGLE_UNIT() );
#401 = UNCERTAINTY_MEASURE_WITH_UNIT(LENGTH_MEASURE(1.E-07),#398,
  'distance_accuracy_value','confusion accuracy');
#402 = CONTEXT_DEPENDENT_SHAPE_REPRESENTATION(#403,#405);
#403 = ( REPRESENTATION_RELATIONSHIP('','',#52,#10) 
REPRESENTATION_RELATIONSHIP_WITH_TRANSFORMATION(#404) 
SHAPE_REPRESENTATION_RELATIONSHIP() );
#404 = ITEM_DEFINED_TRANSFORMATION('','',#11,#15);
#405 = PRODUCT_DEFINITION_SHAPE('Placement','Placement of an item',#406
  );
#406 = NEXT_ASSEMBLY_USAGE_OCCURRENCE('1',
  'attach_v1a_shoulder_bottom_right','',#5,#47,$);
#407 = PRODUCT_RELATED_PRODUCT_CATEGORY('part',$,(#49));
#408 = SHAPE_DEFINITION_REPRESENTATION(#409,#415);
#409 = PRODUCT_DEFINITION_SHAPE('','',#410);
#410 = PRODUCT_DEFINITION('design','',#411,#414);
#411 = PRODUCT_DEFINITION_FORMATION('','',#412);
#412 = PRODUCT('attach_v1a_shoulder_bottom_left',
  'attach_v1a_shoulder_bottom_left','',(#413));
#413 = PRODUCT_CONTEXT('',#2,'mechanical');
#414 = PRODUCT_DEFINITION_CONTEXT('part definition',#2,'design');
#415 = ADVANCED_BREP_SHAPE_REPRESENTATION('',(#11,#416),#761);
#416 = MANIFOLD_SOLID_BREP('',#417);
#417 = CLOSED_SHELL('',(#418,#510,#584,#669,#696,#702,#757));
#418 = ADVANCED_FACE('',(#419),#433,.F.);
#419 = FACE_BOUND('',#420,.F.);
#420 = EDGE_LOOP('',(#421,#456,#484));
#421 = ORIENTED_EDGE('',*,*,#422,.F.);
#422 = EDGE_CURVE('',#423,#425,#427,.T.);
#423 = VERTEX_POINT('',#424);
#424 = CARTESIAN_POINT('',(-60.654,304.18210063966,6.8));
#425 = VERTEX_POINT('',#426);
#426 = CARTESIAN_POINT('',(-60.654,391.709,6.8));
#427 = SURFACE_CURVE('',#428,(#432,#444),.PCURVE_S1.);
#428 = LINE('',#429,#430);
#429 = CARTESIAN_POINT('',(-60.654,304.182,6.8));
#430 = VECTOR('',#431,1.);
#431 = DIRECTION('',(0.,1.,5.949947544466E-18));
#432 = PCURVE('',#433,#438);
#433 = PLANE('',#434);
#434 = AXIS2_PLACEMENT_3D('',#435,#436,#437);
#435 = CARTESIAN_POINT('',(-200.,300.,6.8));
#436 = DIRECTION('',(0.,0.,1.));
#437 = DIRECTION('',(1.,0.,-0.));
#438 = DEFINITIONAL_REPRESENTATION('',(#439),#443);
#439 = LINE('',#440,#441);
#440 = CARTESIAN_POINT('',(139.346,4.182));
#441 = VECTOR('',#442,1.);
#442 = DIRECTION('',(0.,1.));
#443 = ( GEOMETRIC_REPRESENTATION_CONTEXT(2) 
PARAMETRIC_REPRESENTATION_CONTEXT() REPRESENTATION_CONTEXT('2D SPACE',''
  ) );
#444 = PCURVE('',#445,#450);
#445 = PLANE('',#446);
#446 = AXIS2_PLACEMENT_3D('',#447,#448,#449);
#447 = CARTESIAN_POINT('',(-60.654,304.182,0.));
#448 = DIRECTION('',(-1.,0.,0.));
#449 = DIRECTION('',(0.,1.,0.));
#450 = DEFINITIONAL_REPRESENTATION('',(#451),#455);
#451 = LINE('',#452,#453);
#452 = CARTESIAN_POINT('',(0.,-6.8));
#453 = VECTOR('',#454,1.);
#454 = DIRECTION('',(1.,-5.949947544466E-18));
#455 = ( GEOMETRIC_REPRESENTATION_CONTEXT(2) 
PARAMETRIC_REPRESENTATION_CONTEXT() REPRESENTATION_CONTEXT('2D SPACE',''
  ) );
#456 = ORIENTED_EDGE('',*,*,#457,.F.);
#457 = EDGE_CURVE('',#458,#423,#460,.T.);
#458 = VERTEX_POINT('',#459);
#459 = CARTESIAN_POINT('',(-38.122,315.977,6.8));
#460 = SURFACE_CURVE('',#461,(#465,#472),.PCURVE_S1.);
#461 = LINE('',#462,#463);
#462 = CARTESIAN_POINT('',(-38.122,315.977,6.8));
#463 = VECTOR('',#464,1.);
#464 = DIRECTION('',(-0.885953958898,-0.463773201806,-2.57816454578E-17)
  );
#465 = PCURVE('',#433,#466);
#466 = DEFINITIONAL_REPRESENTATION('',(#467),#471);
#467 = LINE('',#468,#469);
#468 = CARTESIAN_POINT('',(161.878,15.977));
#469 = VECTOR('',#470,1.);
#470 = DIRECTION('',(-0.885953958898,-0.463773201806));
#471 = ( GEOMETRIC_REPRESENTATION_CONTEXT(2) 
PARAMETRIC_REPRESENTATION_CONTEXT() REPRESENTATION_CONTEXT('2D SPACE',''
  ) );
#472 = PCURVE('',#473,#478);
#473 = PLANE('',#474);
#474 = AXIS2_PLACEMENT_3D('',#475,#476,#477);
#475 = CARTESIAN_POINT('',(-152.401,256.155,0.));
#476 = DIRECTION('',(-0.463773201806,0.885953958898,0.));
#477 = DIRECTION('',(0.885953958898,0.463773201806,0.));
#478 = DEFINITIONAL_REPRESENTATION('',(#479),#483);
#479 = LINE('',#480,#481);
#480 = CARTESIAN_POINT('',(128.98977294731,-6.8));
#481 = VECTOR('',#482,1.);
#482 = DIRECTION('',(-1.,2.57816454578E-17));
#483 = ( GEOMETRIC_REPRESENTATION_CONTEXT(2) 
PARAMETRIC_REPRESENTATION_CONTEXT() REPRESENTATION_CONTEXT('2D SPACE',''
  ) );
#484 = ORIENTED_EDGE('',*,*,#485,.T.);
#485 = EDGE_CURVE('',#458,#425,#486,.T.);
#486 = SURFACE_CURVE('',#487,(#491,#498),.PCURVE_S1.);
#487 = LINE('',#488,#489);
#488 = CARTESIAN_POINT('',(-38.122,315.977,6.8));
#489 = VECTOR('',#490,1.);
#490 = DIRECTION('',(-0.285168887432,0.958477284885,0.));
#491 = PCURVE('',#433,#492);
#492 = DEFINITIONAL_REPRESENTATION('',(#493),#497);
#493 = LINE('',#494,#495);
#494 = CARTESIAN_POINT('',(161.878,15.977));
#495 = VECTOR('',#496,1.);
#496 = DIRECTION('',(-0.285168887432,0.958477284885));
#497 = ( GEOMETRIC_REPRESENTATION_CONTEXT(2) 
PARAMETRIC_REPRESENTATION_CONTEXT() REPRESENTATION_CONTEXT('2D SPACE',''
  ) );
#498 = PCURVE('',#499,#504);
#499 = PLANE('',#500);
#500 = AXIS2_PLACEMENT_3D('',#501,#502,#503);
#501 = CARTESIAN_POINT('',(-38.122,315.977,0.));
#502 = DIRECTION('',(-0.958477284885,-0.285168887432,-0.));
#503 = DIRECTION('',(-0.285168887432,0.958477284885,0.));
#504 = DEFINITIONAL_REPRESENTATION('',(#505),#509);
#505 = LINE('',#506,#507);
#506 = CARTESIAN_POINT('',(0.,-6.8));
#507 = VECTOR('',#508,1.);
#508 = DIRECTION('',(1.,0.));
#509 = ( GEOMETRIC_REPRESENTATION_CONTEXT(2) 
PARAMETRIC_REPRESENTATION_CONTEXT() REPRESENTATION_CONTEXT('2D SPACE',''
  ) );
#510 = ADVANCED_FACE('',(#511),#445,.T.);
#511 = FACE_BOUND('',#512,.T.);
#512 = EDGE_LOOP('',(#513,#536,#537,#558));
#513 = ORIENTED_EDGE('',*,*,#514,.F.);
#514 = EDGE_CURVE('',#425,#515,#517,.T.);
#515 = VERTEX_POINT('',#516);
#516 = CARTESIAN_POINT('',(-60.654,391.709,18.3));
#517 = SURFACE_CURVE('',#518,(#522,#529),.PCURVE_S1.);
#518 = LINE('',#519,#520);
#519 = CARTESIAN_POINT('',(-60.654,391.709,0.));
#520 = VECTOR('',#521,1.);
#521 = DIRECTION('',(-0.,-0.,1.));
#522 = PCURVE('',#445,#523);
#523 = DEFINITIONAL_REPRESENTATION('',(#524),#528);
#524 = LINE('',#525,#526);
#525 = CARTESIAN_POINT('',(87.527,0.));
#526 = VECTOR('',#527,1.);
#527 = DIRECTION('',(0.,-1.));
#528 = ( GEOMETRIC_REPRESENTATION_CONTEXT(2) 
PARAMETRIC_REPRESENTATION_CONTEXT() REPRESENTATION_CONTEXT('2D SPACE',''
  ) );
#529 = PCURVE('',#499,#530);
#530 = DEFINITIONAL_REPRESENTATION('',(#531),#535);
#531 = LINE('',#532,#533);
#532 = CARTESIAN_POINT('',(79.012827110539,0.));
#533 = VECTOR('',#534,1.);
#534 = DIRECTION('',(0.,-1.));
#535 = ( GEOMETRIC_REPRESENTATION_CONTEXT(2) 
PARAMETRIC_REPRESENTATION_CONTEXT() REPRESENTATION_CONTEXT('2D SPACE',''
  ) );
#536 = ORIENTED_EDGE('',*,*,#422,.F.);
#537 = ORIENTED_EDGE('',*,*,#538,.F.);
#538 = EDGE_CURVE('',#539,#423,#541,.T.);
#539 = VERTEX_POINT('',#540);
#540 = CARTESIAN_POINT('',(-60.654,304.18210063966,18.3));
#541 = SURFACE_CURVE('',#542,(#546,#552),.PCURVE_S1.);
#542 = LINE('',#543,#544);
#543 = CARTESIAN_POINT('',(-60.654,304.18210063966,0.));
#544 = VECTOR('',#545,1.);
#545 = DIRECTION('',(0.,0.,-1.));
#546 = PCURVE('',#445,#547);
#547 = DEFINITIONAL_REPRESENTATION('',(#548),#551);
#548 = B_SPLINE_CURVE_WITH_KNOTS('',1,(#549,#550),.UNSPECIFIED.,.F.,.F.,
  (2,2),(-18.3,-6.8),.PIECEWISE_BEZIER_KNOTS.);
#549 = CARTESIAN_POINT('',(1.006396624916E-04,-18.3));
#550 = CARTESIAN_POINT('',(1.006396624916E-04,-6.8));
#551 = ( GEOMETRIC_REPRESENTATION_CONTEXT(2) 
PARAMETRIC_REPRESENTATION_CONTEXT() REPRESENTATION_CONTEXT('2D SPACE',''
  ) );
#552 = PCURVE('',#473,#553);
#553 = DEFINITIONAL_REPRESENTATION('',(#554),#557);
#554 = B_SPLINE_CURVE_WITH_KNOTS('',1,(#555,#556),.UNSPECIFIED.,.F.,.F.,
  (2,2),(-18.3,-6.8),.PIECEWISE_BEZIER_KNOTS.);
#555 = CARTESIAN_POINT('',(103.5573001041,-18.3));
#556 = CARTESIAN_POINT('',(103.5573001041,-6.8));
#557 = ( GEOMETRIC_REPRESENTATION_CONTEXT(2) 
PARAMETRIC_REPRESENTATION_CONTEXT() REPRESENTATION_CONTEXT('2D SPACE',''
  ) );
#558 = ORIENTED_EDGE('',*,*,#559,.T.);
#559 = EDGE_CURVE('',#539,#515,#560,.T.);
#560 = SURFACE_CURVE('',#561,(#565,#572),.PCURVE_S1.);
#561 = LINE('',#562,#563);
#562 = CARTESIAN_POINT('',(-60.654,304.182,18.3));
#563 = VECTOR('',#564,1.);
#564 = DIRECTION('',(0.,1.,0.));
#565 = PCURVE('',#445,#566);
#566 = DEFINITIONAL_REPRESENTATION('',(#567),#571);
#567 = LINE('',#568,#569);
#568 = CARTESIAN_POINT('',(0.,-18.3));
#569 = VECTOR('',#570,1.);
#570 = DIRECTION('',(1.,0.));
#571 = ( GEOMETRIC_REPRESENTATION_CONTEXT(2) 
PARAMETRIC_REPRESENTATION_CONTEXT() REPRESENTATION_CONTEXT('2D SPACE',''
  ) );
#572 = PCURVE('',#573,#578);
#573 = PLANE('',#574);
#574 = AXIS2_PLACEMENT_3D('',#575,#576,#577);
#575 = CARTESIAN_POINT('',(-3.384356242037E-04,226.53998443108,18.3));
#576 = DIRECTION('',(0.,-0.,-1.));
#577 = DIRECTION('',(-1.,0.,0.));
#578 = DEFINITIONAL_REPRESENTATION('',(#579),#583);
#579 = LINE('',#580,#581);
#580 = CARTESIAN_POINT('',(60.653661564376,77.642015568919));
#581 = VECTOR('',#582,1.);
#582 = DIRECTION('',(0.,1.));
#583 = ( GEOMETRIC_REPRESENTATION_CONTEXT(2) 
PARAMETRIC_REPRESENTATION_CONTEXT() REPRESENTATION_CONTEXT('2D SPACE',''
  ) );
#584 = ADVANCED_FACE('',(#585,#633),#499,.F.);
#585 = FACE_BOUND('',#586,.F.);
#586 = EDGE_LOOP('',(#587,#588,#611,#632));
#587 = ORIENTED_EDGE('',*,*,#485,.F.);
#588 = ORIENTED_EDGE('',*,*,#589,.T.);
#589 = EDGE_CURVE('',#458,#590,#592,.T.);
#590 = VERTEX_POINT('',#591);
#591 = CARTESIAN_POINT('',(-38.122,315.977,18.3));
#592 = SURFACE_CURVE('',#593,(#597,#604),.PCURVE_S1.);
#593 = LINE('',#594,#595);
#594 = CARTESIAN_POINT('',(-38.122,315.977,0.));
#595 = VECTOR('',#596,1.);
#596 = DIRECTION('',(-0.,-0.,1.));
#597 = PCURVE('',#499,#598);
#598 = DEFINITIONAL_REPRESENTATION('',(#599),#603);
#599 = LINE('',#600,#601);
#600 = CARTESIAN_POINT('',(0.,0.));
#601 = VECTOR('',#602,1.);
#602 = DIRECTION('',(0.,-1.));
#603 = ( GEOMETRIC_REPRESENTATION_CONTEXT(2) 
PARAMETRIC_REPRESENTATION_CONTEXT() REPRESENTATION_CONTEXT('2D SPACE',''
  ) );
#604 = PCURVE('',#473,#605);
#605 = DEFINITIONAL_REPRESENTATION('',(#606),#610);
#606 = LINE('',#607,#608);
#607 = CARTESIAN_POINT('',(128.98977294731,0.));
#608 = VECTOR('',#609,1.);
#609 = DIRECTION('',(0.,-1.));
#610 = ( GEOMETRIC_REPRESENTATION_CONTEXT(2) 
PARAMETRIC_REPRESENTATION_CONTEXT() REPRESENTATION_CONTEXT('2D SPACE',''
  ) );
#611 = ORIENTED_EDGE('',*,*,#612,.T.);
#612 = EDGE_CURVE('',#590,#515,#613,.T.);
#613 = SURFACE_CURVE('',#614,(#618,#625),.PCURVE_S1.);
#614 = LINE('',#615,#616);
#615 = CARTESIAN_POINT('',(-38.122,315.977,18.3));
#616 = VECTOR('',#617,1.);
#617 = DIRECTION('',(-0.285168887432,0.958477284885,0.));
#618 = PCURVE('',#499,#619);
#619 = DEFINITIONAL_REPRESENTATION('',(#620),#624);
#620 = LINE('',#621,#622);
#621 = CARTESIAN_POINT('',(0.,-18.3));
#622 = VECTOR('',#623,1.);
#623 = DIRECTION('',(1.,0.));
#624 = ( GEOMETRIC_REPRESENTATION_CONTEXT(2) 
PARAMETRIC_REPRESENTATION_CONTEXT() REPRESENTATION_CONTEXT('2D SPACE',''
  ) );
#625 = PCURVE('',#573,#626);
#626 = DEFINITIONAL_REPRESENTATION('',(#627),#631);
#627 = LINE('',#628,#629);
#628 = CARTESIAN_POINT('',(38.121661564376,89.437015568919));
#629 = VECTOR('',#630,1.);
#630 = DIRECTION('',(0.285168887432,0.958477284885));
#631 = ( GEOMETRIC_REPRESENTATION_CONTEXT(2) 
PARAMETRIC_REPRESENTATION_CONTEXT() REPRESENTATION_CONTEXT('2D SPACE',''
  ) );
#632 = ORIENTED_EDGE('',*,*,#514,.F.);
#633 = FACE_BOUND('',#634,.F.);
#634 = EDGE_LOOP('',(#635));
#635 = ORIENTED_EDGE('',*,*,#636,.F.);
#636 = EDGE_CURVE('',#637,#637,#639,.T.);
#637 = VERTEX_POINT('',#638);
#638 = CARTESIAN_POINT('',(-40.03030653817,322.39098325711,9.6));
#639 = SURFACE_CURVE('',#640,(#645,#652),.PCURVE_S1.);
#640 = ELLIPSE('',#641,2.900000000028,2.9);
#641 = AXIS2_PLACEMENT_3D('',#642,#643,#644);
#642 = CARTESIAN_POINT('',(-40.03030653817,322.39098325711,12.5));
#643 = DIRECTION('',(-0.958477284885,-0.285168887432,0.));
#644 = DIRECTION('',(-0.285168887432,0.958477284885,5.067970545341E-11)
  );
#645 = PCURVE('',#499,#646);
#646 = DEFINITIONAL_REPRESENTATION('',(#647),#651);
#647 = ELLIPSE('',#648,2.900000000028,2.9);
#648 = AXIS2_PLACEMENT_2D('',#649,#650);
#649 = CARTESIAN_POINT('',(6.69184690995,-12.5));
#650 = DIRECTION('',(1.,-5.067970545341E-11));
#651 = ( GEOMETRIC_REPRESENTATION_CONTEXT(2) 
PARAMETRIC_REPRESENTATION_CONTEXT() REPRESENTATION_CONTEXT('2D SPACE',''
  ) );
#652 = PCURVE('',#653,#658);
#653 = CYLINDRICAL_SURFACE('',#654,2.9);
#654 = AXIS2_PLACEMENT_3D('',#655,#656,#657);
#655 = CARTESIAN_POINT('',(-39.0415214657,322.68516468802,12.5));
#656 = DIRECTION('',(-0.958478534295,-0.285164688023,2.22044604925E-16)
  );
#657 = DIRECTION('',(-2.128249874767E-16,-6.331928049056E-17,-1.));
#658 = DEFINITIONAL_REPRESENTATION('',(#659),#668);
#659 = B_SPLINE_CURVE_WITH_KNOTS('',7,(#660,#661,#662,#663,#664,#665,
    #666,#667),.UNSPECIFIED.,.F.,.F.,(8,8),(1.570796326846,
    7.853981634025),.PIECEWISE_BEZIER_KNOTS.);
#660 = CARTESIAN_POINT('',(0.,1.031619422964));
#661 = CARTESIAN_POINT('',(0.897597901026,1.031608018209));
#662 = CARTESIAN_POINT('',(1.795195802051,1.031596813461));
#663 = CARTESIAN_POINT('',(2.692793703078,1.031598678115));
#664 = CARTESIAN_POINT('',(3.590391604103,1.031640167814));
#665 = CARTESIAN_POINT('',(4.487989505129,1.031642032468));
#666 = CARTESIAN_POINT('',(5.385587406154,1.03163082772));
#667 = CARTESIAN_POINT('',(6.28318530718,1.031619422964));
#668 = ( GEOMETRIC_REPRESENTATION_CONTEXT(2) 
PARAMETRIC_REPRESENTATION_CONTEXT() REPRESENTATION_CONTEXT('2D SPACE',''
  ) );
#669 = ADVANCED_FACE('',(#670),#473,.F.);
#670 = FACE_BOUND('',#671,.F.);
#671 = EDGE_LOOP('',(#672,#673,#694,#695));
#672 = ORIENTED_EDGE('',*,*,#538,.F.);
#673 = ORIENTED_EDGE('',*,*,#674,.T.);
#674 = EDGE_CURVE('',#539,#590,#675,.T.);
#675 = SURFACE_CURVE('',#676,(#680,#687),.PCURVE_S1.);
#676 = LINE('',#677,#678);
#677 = CARTESIAN_POINT('',(-152.401,256.155,18.3));
#678 = VECTOR('',#679,1.);
#679 = DIRECTION('',(0.885953958898,0.463773201806,0.));
#680 = PCURVE('',#473,#681);
#681 = DEFINITIONAL_REPRESENTATION('',(#682),#686);
#682 = LINE('',#683,#684);
#683 = CARTESIAN_POINT('',(0.,-18.3));
#684 = VECTOR('',#685,1.);
#685 = DIRECTION('',(1.,0.));
#686 = ( GEOMETRIC_REPRESENTATION_CONTEXT(2) 
PARAMETRIC_REPRESENTATION_CONTEXT() REPRESENTATION_CONTEXT('2D SPACE',''
  ) );
#687 = PCURVE('',#573,#688);
#688 = DEFINITIONAL_REPRESENTATION('',(#689),#693);
#689 = LINE('',#690,#691);
#690 = CARTESIAN_POINT('',(152.40066156437,29.615015568919));
#691 = VECTOR('',#692,1.);
#692 = DIRECTION('',(-0.885953958898,0.463773201806));
#693 = ( GEOMETRIC_REPRESENTATION_CONTEXT(2) 
PARAMETRIC_REPRESENTATION_CONTEXT() REPRESENTATION_CONTEXT('2D SPACE',''
  ) );
#694 = ORIENTED_EDGE('',*,*,#589,.F.);
#695 = ORIENTED_EDGE('',*,*,#457,.T.);
#696 = ADVANCED_FACE('',(#697),#573,.F.);
#697 = FACE_BOUND('',#698,.F.);
#698 = EDGE_LOOP('',(#699,#700,#701));
#699 = ORIENTED_EDGE('',*,*,#559,.T.);
#700 = ORIENTED_EDGE('',*,*,#612,.F.);
#701 = ORIENTED_EDGE('',*,*,#674,.F.);
#702 = ADVANCED_FACE('',(#703),#653,.F.);
#703 = FACE_BOUND('',#704,.F.);
#704 = EDGE_LOOP('',(#705,#728,#755,#756));
#705 = ORIENTED_EDGE('',*,*,#706,.T.);
#706 = EDGE_CURVE('',#637,#707,#709,.T.);
#707 = VERTEX_POINT('',#708);
#708 = CARTESIAN_POINT('',(-43.06713130974,321.48747299832,9.6));
#709 = SEAM_CURVE('',#710,(#714,#721),.PCURVE_S1.);
#710 = LINE('',#711,#712);
#711 = CARTESIAN_POINT('',(-39.0415214657,322.68516468802,9.6));
#712 = VECTOR('',#713,1.);
#713 = DIRECTION('',(-0.958478534295,-0.285164688023,2.22044604925E-16)
  );
#714 = PCURVE('',#653,#715);
#715 = DEFINITIONAL_REPRESENTATION('',(#716),#720);
#716 = LINE('',#717,#718);
#717 = CARTESIAN_POINT('',(6.28318530718,-0.));
#718 = VECTOR('',#719,1.);
#719 = DIRECTION('',(0.,1.));
#720 = ( GEOMETRIC_REPRESENTATION_CONTEXT(2) 
PARAMETRIC_REPRESENTATION_CONTEXT() REPRESENTATION_CONTEXT('2D SPACE',''
  ) );
#721 = PCURVE('',#653,#722);
#722 = DEFINITIONAL_REPRESENTATION('',(#723),#727);
#723 = LINE('',#724,#725);
#724 = CARTESIAN_POINT('',(0.,-0.));
#725 = VECTOR('',#726,1.);
#726 = DIRECTION('',(0.,1.));
#727 = ( GEOMETRIC_REPRESENTATION_CONTEXT(2) 
PARAMETRIC_REPRESENTATION_CONTEXT() REPRESENTATION_CONTEXT('2D SPACE',''
  ) );
#728 = ORIENTED_EDGE('',*,*,#729,.F.);
#729 = EDGE_CURVE('',#707,#707,#730,.T.);
#730 = SURFACE_CURVE('',#731,(#736,#743),.PCURVE_S1.);
#731 = CIRCLE('',#732,2.9);
#732 = AXIS2_PLACEMENT_3D('',#733,#734,#735);
#733 = CARTESIAN_POINT('',(-43.06713130974,321.48747299832,12.5));
#734 = DIRECTION('',(-0.958478534295,-0.285164688023,2.22044604925E-16)
  );
#735 = DIRECTION('',(-2.128249874767E-16,-6.331928049056E-17,-1.));
#736 = PCURVE('',#653,#737);
#737 = DEFINITIONAL_REPRESENTATION('',(#738),#742);
#738 = LINE('',#739,#740);
#739 = CARTESIAN_POINT('',(0.,4.2));
#740 = VECTOR('',#741,1.);
#741 = DIRECTION('',(1.,0.));
#742 = ( GEOMETRIC_REPRESENTATION_CONTEXT(2) 
PARAMETRIC_REPRESENTATION_CONTEXT() REPRESENTATION_CONTEXT('2D SPACE',''
  ) );
#743 = PCURVE('',#744,#749);
#744 = PLANE('',#745);
#745 = AXIS2_PLACEMENT_3D('',#746,#747,#748);
#746 = CARTESIAN_POINT('',(-43.06713130974,321.48747299832,12.5));
#747 = DIRECTION('',(-0.958478534295,-0.285164688023,2.22044604925E-16)
  );
#748 = DIRECTION('',(-2.128249874767E-16,-6.331928049056E-17,-1.));
#749 = DEFINITIONAL_REPRESENTATION('',(#750),#754);
#750 = CIRCLE('',#751,2.9);
#751 = AXIS2_PLACEMENT_2D('',#752,#753);
#752 = CARTESIAN_POINT('',(0.,0.));
#753 = DIRECTION('',(1.,0.));
#754 = ( GEOMETRIC_REPRESENTATION_CONTEXT(2) 
PARAMETRIC_REPRESENTATION_CONTEXT() REPRESENTATION_CONTEXT('2D SPACE',''
  ) );
#755 = ORIENTED_EDGE('',*,*,#706,.F.);
#756 = ORIENTED_EDGE('',*,*,#636,.T.);
#757 = ADVANCED_FACE('',(#758),#744,.F.);
#758 = FACE_BOUND('',#759,.F.);
#759 = EDGE_LOOP('',(#760));
#760 = ORIENTED_EDGE('',*,*,#729,.T.);
#761 = ( GEOMETRIC_REPRESENTATION_CONTEXT(3) 
GLOBAL_UNCERTAINTY_ASSIGNED_CONTEXT((#765)) GLOBAL_UNIT_ASSIGNED_CONTEXT
((#762,#763,#764)) REPRESENTATION_CONTEXT('Context #1',
  '3D Context with UNIT and UNCERTAINTY') );
#762 = ( LENGTH_UNIT() NAMED_UNIT(*) SI_UNIT(.MILLI.,.METRE.) );
#763 = ( NAMED_UNIT(*) PLANE_ANGLE_UNIT() SI_UNIT($,.RADIAN.) );
#764 = ( NAMED_UNIT(*) SI_UNIT($,.STERADIAN.) SOLID_ANGLE_UNIT() );
#765 = UNCERTAINTY_MEASURE_WITH_UNIT(LENGTH_MEASURE(1.E-07),#762,
  'distance_accuracy_value','confusion accuracy');
#766 = CONTEXT_DEPENDENT_SHAPE_REPRESENTATION(#767,#769);
#767 = ( REPRESENTATION_RELATIONSHIP('','',#415,#10) 
REPRESENTATION_RELATIONSHIP_WITH_TRANSFORMATION(#768) 
SHAPE_REPRESENTATION_RELATIONSHIP() );
#768 = ITEM_DEFINED_TRANSFORMATION('','',#11,#19);
#769 = PRODUCT_DEFINITION_SHAPE('Placement','Placement of an item',#770
  );
#770 = NEXT_ASSEMBLY_USAGE_OCCURRENCE('2',
  'attach_v1a_shoulder_bottom_left','',#5,#410,$);
#771 = PRODUCT_RELATED_PRODUCT_CATEGORY('part',$,(#412));
#772 = SHAPE_DEFINITION_REPRESENTATION(#773,#779);
#773 = PRODUCT_DEFINITION_SHAPE('','',#774);
#774 = PRODUCT_DEFINITION('design','',#775,#778);
#775 = PRODUCT_DEFINITION_FORMATION('','',#776);
#776 = PRODUCT('attach_v1a_shoulder_top_right',
  'attach_v1a_shoulder_top_right','',(#777));
#777 = PRODUCT_CONTEXT('',#2,'mechanical');
#778 = PRODUCT_DEFINITION_CONTEXT('part definition',#2,'design');
#779 = ADVANCED_BREP_SHAPE_REPRESENTATION('',(#11,#780),#3305);
#780 = MANIFOLD_SOLID_BREP('',#781);
#781 = CLOSED_SHELL('',(#782,#978,#1682,#1756,#2128,#2155,#2208,#2694,
    #2956,#3002,#3048,#3094,#3140,#3186,#3232,#3239,#3246,#3301));
#782 = ADVANCED_FACE('',(#783),#797,.F.);
#783 = FACE_BOUND('',#784,.F.);
#784 = EDGE_LOOP('',(#785,#819,#847,#874));
#785 = ORIENTED_EDGE('',*,*,#786,.T.);
#786 = EDGE_CURVE('',#787,#789,#791,.T.);
#787 = VERTEX_POINT('',#788);
#788 = CARTESIAN_POINT('',(23.856662511925,410.96661041063,6.8));
#789 = VERTEX_POINT('',#790);
#790 = CARTESIAN_POINT('',(60.654,391.709,6.8));
#791 = SURFACE_CURVE('',#792,(#796,#808),.PCURVE_S1.);
#792 = LINE('',#793,#794);
#793 = CARTESIAN_POINT('',(-51.37725531823,450.33971667703,6.8));
#794 = VECTOR('',#795,1.);
#795 = DIRECTION('',(0.886001555993,-0.463682264894,0.));
#796 = PCURVE('',#797,#802);
#797 = PLANE('',#798);
#798 = AXIS2_PLACEMENT_3D('',#799,#800,#801);
#799 = CARTESIAN_POINT('',(-200.,300.,6.8));
#800 = DIRECTION('',(0.,0.,1.));
#801 = DIRECTION('',(1.,0.,-0.));
#802 = DEFINITIONAL_REPRESENTATION('',(#803),#807);
#803 = LINE('',#804,#805);
#804 = CARTESIAN_POINT('',(148.62274468176,150.33971667703));
#805 = VECTOR('',#806,1.);
#806 = DIRECTION('',(0.886001555993,-0.463682264894));
#807 = ( GEOMETRIC_REPRESENTATION_CONTEXT(2) 
PARAMETRIC_REPRESENTATION_CONTEXT() REPRESENTATION_CONTEXT('2D SPACE',''
  ) );
#808 = PCURVE('',#809,#814);
#809 = PLANE('',#810);
#810 = AXIS2_PLACEMENT_3D('',#811,#812,#813);
#811 = CARTESIAN_POINT('',(10.081,418.176,0.));
#812 = DIRECTION('',(0.463682264894,0.886001555993,0.));
#813 = DIRECTION('',(0.886001555993,-0.463682264894,0.));
#814 = DEFINITIONAL_REPRESENTATION('',(#815),#818);
#815 = B_SPLINE_CURVE_WITH_KNOTS('',1,(#816,#817),.UNSPECIFIED.,.F.,.F.,
  (2,2),(69.365854836811,126.44589003301),.PIECEWISE_BEZIER_KNOTS.);
#816 = CARTESIAN_POINT('',(0.,-6.8));
#817 = CARTESIAN_POINT('',(57.080035196205,-6.8));
#818 = ( GEOMETRIC_REPRESENTATION_CONTEXT(2) 
PARAMETRIC_REPRESENTATION_CONTEXT() REPRESENTATION_CONTEXT('2D SPACE',''
  ) );
#819 = ORIENTED_EDGE('',*,*,#820,.F.);
#820 = EDGE_CURVE('',#821,#789,#823,.T.);
#821 = VERTEX_POINT('',#822);
#822 = CARTESIAN_POINT('',(60.654,453.457,6.8));
#823 = SURFACE_CURVE('',#824,(#828,#835),.PCURVE_S1.);
#824 = LINE('',#825,#826);
#825 = CARTESIAN_POINT('',(60.654,453.457,6.8));
#826 = VECTOR('',#827,1.);
#827 = DIRECTION('',(0.,-1.,-5.948552807582E-18));
#828 = PCURVE('',#797,#829);
#829 = DEFINITIONAL_REPRESENTATION('',(#830),#834);
#830 = LINE('',#831,#832);
#831 = CARTESIAN_POINT('',(260.654,153.457));
#832 = VECTOR('',#833,1.);
#833 = DIRECTION('',(0.,-1.));
#834 = ( GEOMETRIC_REPRESENTATION_CONTEXT(2) 
PARAMETRIC_REPRESENTATION_CONTEXT() REPRESENTATION_CONTEXT('2D SPACE',''
  ) );
#835 = PCURVE('',#836,#841);
#836 = PLANE('',#837);
#837 = AXIS2_PLACEMENT_3D('',#838,#839,#840);
#838 = CARTESIAN_POINT('',(60.654,453.457,0.));
#839 = DIRECTION('',(1.,0.,0.));
#840 = DIRECTION('',(0.,-1.,0.));
#841 = DEFINITIONAL_REPRESENTATION('',(#842),#846);
#842 = LINE('',#843,#844);
#843 = CARTESIAN_POINT('',(0.,-6.8));
#844 = VECTOR('',#845,1.);
#845 = DIRECTION('',(1.,5.948552807582E-18));
#846 = ( GEOMETRIC_REPRESENTATION_CONTEXT(2) 
PARAMETRIC_REPRESENTATION_CONTEXT() REPRESENTATION_CONTEXT('2D SPACE',''
  ) );
#847 = ORIENTED_EDGE('',*,*,#848,.F.);
#848 = EDGE_CURVE('',#849,#821,#851,.T.);
#849 = VERTEX_POINT('',#850);
#850 = CARTESIAN_POINT('',(60.223246234329,453.457,6.800000000044));
#851 = SURFACE_CURVE('',#852,(#856,#863),.PCURVE_S1.);
#852 = LINE('',#853,#854);
#853 = CARTESIAN_POINT('',(-81.7585,453.457,6.8));
#854 = VECTOR('',#855,1.);
#855 = DIRECTION('',(1.,0.,-0.));
#856 = PCURVE('',#797,#857);
#857 = DEFINITIONAL_REPRESENTATION('',(#858),#862);
#858 = LINE('',#859,#860);
#859 = CARTESIAN_POINT('',(118.2415,153.457));
#860 = VECTOR('',#861,1.);
#861 = DIRECTION('',(1.,0.));
#862 = ( GEOMETRIC_REPRESENTATION_CONTEXT(2) 
PARAMETRIC_REPRESENTATION_CONTEXT() REPRESENTATION_CONTEXT('2D SPACE',''
  ) );
#863 = PCURVE('',#864,#869);
#864 = PLANE('',#865);
#865 = AXIS2_PLACEMENT_3D('',#866,#867,#868);
#866 = CARTESIAN_POINT('',(36.483,453.457,0.));
#867 = DIRECTION('',(-0.,1.,0.));
#868 = DIRECTION('',(1.,0.,0.));
#869 = DEFINITIONAL_REPRESENTATION('',(#870),#873);
#870 = B_SPLINE_CURVE_WITH_KNOTS('',1,(#871,#872),.UNSPECIFIED.,.F.,.F.,
  (2,2),(118.2415,142.4125),.PIECEWISE_BEZIER_KNOTS.);
#871 = CARTESIAN_POINT('',(0.,-6.8));
#872 = CARTESIAN_POINT('',(24.171,-6.8));
#873 = ( GEOMETRIC_REPRESENTATION_CONTEXT(2) 
PARAMETRIC_REPRESENTATION_CONTEXT() REPRESENTATION_CONTEXT('2D SPACE',''
  ) );
#874 = ORIENTED_EDGE('',*,*,#875,.F.);
#875 = EDGE_CURVE('',#787,#849,#876,.T.);
#876 = SURFACE_CURVE('',#877,(#900,#926),.PCURVE_S1.);
#877 = ( BOUNDED_CURVE() B_SPLINE_CURVE(3,(#878,#879,#880,#881,#882,#883
    ,#884,#885,#886,#887,#888,#889,#890,#891,#892,#893,#894,#895,#896,
#897,#898,#899),.UNSPECIFIED.,.F.,.F.) B_SPLINE_CURVE_WITH_KNOTS((4,1,1,
    1,1,1,1,1,1,1,1,1,1,1,1,1,1,1,1,4),(0.,5.245000615645E-02,
    0.105056142816,0.157827138689,0.210729740208,0.263703235816,
    0.316673593925,0.369567354274,0.422325530646,0.474917777959,
    0.52735694777,0.57971823004,0.632142347135,0.684734332274,
    0.737455393694,0.790192360737,0.842823921577,0.89528663,
0.947644996011,1.),.UNSPECIFIED.) CURVE() GEOMETRIC_REPRESENTATION_ITEM(
) RATIONAL_B_SPLINE_CURVE((1.,1.000000000036,0.999999999983,
    1.000000000004,0.999999999999,1.,1.,1.,1.,1.,1.,1.,1.,1.,1.,1.,1.,
    1.000000000002,0.999999999994,1.000000000024,0.999999999949,1.)) 
REPRESENTATION_ITEM('') );
#878 = CARTESIAN_POINT('',(3.244829287063,406.27796884521,6.8));
#879 = CARTESIAN_POINT('',(4.68736386409,406.35358804444,6.799999999728)
  );
#880 = CARTESIAN_POINT('',(7.568560108651,406.60589956764,6.800000000127
    ));
#881 = CARTESIAN_POINT('',(11.84651590984,407.28398137208,6.799999999966
    ));
#882 = CARTESIAN_POINT('',(16.065081013589,408.25837412644,
    6.800000000009));
#883 = CARTESIAN_POINT('',(20.20438345332,409.52420573644,6.799999999998
    ));
#884 = CARTESIAN_POINT('',(24.244878170519,411.07531485465,
    6.800000000001));
#885 = CARTESIAN_POINT('',(28.167444831457,412.9043059403,6.8));
#886 = CARTESIAN_POINT('',(31.95347530897,415.00257122279,6.8));
#887 = CARTESIAN_POINT('',(35.584965284526,417.36033957163,6.8));
#888 = CARTESIAN_POINT('',(39.044569821496,419.96671487345,6.8));
#889 = CARTESIAN_POINT('',(42.315801986092,422.80982702199,6.8));
#890 = CARTESIAN_POINT('',(45.382673052959,425.87661867395,6.8));
#891 = CARTESIAN_POINT('',(48.226861750243,429.14914250977,6.8));
#892 = CARTESIAN_POINT('',(50.831766363812,432.60685801449,6.8));
#893 = CARTESIAN_POINT('',(53.187838089397,436.23531037302,6.8));
#894 = CARTESIAN_POINT('',(55.285211323311,440.01878763246,
    6.800000000001));
#895 = CARTESIAN_POINT('',(57.114826420656,443.94125956212,
    6.799999999995));
#896 = CARTESIAN_POINT('',(58.668355940629,447.9870206141,6.800000000017
    ));
#897 = CARTESIAN_POINT('',(59.936417465329,452.13385805276,
    6.799999999936));
#898 = CARTESIAN_POINT('',(60.585060724895,454.94563815249,
    6.800000000137));
#899 = CARTESIAN_POINT('',(60.860885373755,456.36284228665,6.8));
#900 = PCURVE('',#797,#901);
#901 = DEFINITIONAL_REPRESENTATION('',(#902),#925);
#902 = ( BOUNDED_CURVE() B_SPLINE_CURVE(3,(#903,#904,#905,#906,#907,#908
    ,#909,#910,#911,#912,#913,#914,#915,#916,#917,#918,#919,#920,#921,
#922,#923,#924),.UNSPECIFIED.,.F.,.F.) B_SPLINE_CURVE_WITH_KNOTS((4,1,1,
    1,1,1,1,1,1,1,1,1,1,1,1,1,1,1,1,4),(0.,5.245000615645E-02,
    0.105056142816,0.157827138689,0.210729740208,0.263703235816,
    0.316673593925,0.369567354274,0.422325530646,0.474917777959,
    0.52735694777,0.57971823004,0.632142347135,0.684734332274,
    0.737455393694,0.790192360737,0.842823921577,0.89528663,
0.947644996011,1.),.UNSPECIFIED.) CURVE() GEOMETRIC_REPRESENTATION_ITEM(
) RATIONAL_B_SPLINE_CURVE((1.,1.000000000036,0.999999999983,
    1.000000000004,0.999999999999,1.,1.,1.,1.,1.,1.,1.,1.,1.,1.,1.,1.,
    1.000000000002,0.999999999994,1.000000000024,0.999999999949,1.)) 
REPRESENTATION_ITEM('') );
#903 = CARTESIAN_POINT('',(203.24482928706,106.27796884521));
#904 = CARTESIAN_POINT('',(204.68736386409,106.35358804444));
#905 = CARTESIAN_POINT('',(207.56856010865,106.60589956764));
#906 = CARTESIAN_POINT('',(211.84651590984,107.28398137208));
#907 = CARTESIAN_POINT('',(216.06508101358,108.25837412644));
#908 = CARTESIAN_POINT('',(220.20438345332,109.52420573644));
#909 = CARTESIAN_POINT('',(224.24487817051,111.07531485465));
#910 = CARTESIAN_POINT('',(228.16744483145,112.9043059403));
#911 = CARTESIAN_POINT('',(231.95347530897,115.00257122279));
#912 = CARTESIAN_POINT('',(235.58496528452,117.36033957163));
#913 = CARTESIAN_POINT('',(239.04456982149,119.96671487345));
#914 = CARTESIAN_POINT('',(242.31580198609,122.80982702199));
#915 = CARTESIAN_POINT('',(245.38267305295,125.87661867395));
#916 = CARTESIAN_POINT('',(248.22686175024,129.14914250977));
#917 = CARTESIAN_POINT('',(250.83176636381,132.60685801449));
#918 = CARTESIAN_POINT('',(253.18783808939,136.23531037302));
#919 = CARTESIAN_POINT('',(255.28521132331,140.01878763246));
#920 = CARTESIAN_POINT('',(257.11482642065,143.94125956212));
#921 = CARTESIAN_POINT('',(258.66835594062,147.9870206141));
#922 = CARTESIAN_POINT('',(259.93641746532,152.13385805276));
#923 = CARTESIAN_POINT('',(260.58506072489,154.94563815249));
#924 = CARTESIAN_POINT('',(260.86088537375,156.36284228665));
#925 = ( GEOMETRIC_REPRESENTATION_CONTEXT(2) 
PARAMETRIC_REPRESENTATION_CONTEXT() REPRESENTATION_CONTEXT('2D SPACE',''
  ) );
#926 = PCURVE('',#927,#972);
#927 = ( BOUNDED_SURFACE() B_SPLINE_SURFACE(1,3,(
    (#928,#929,#930,#931,#932,#933,#934,#935,#936,#937,#938,#939,#940
      ,#941,#942,#943,#944,#945,#946,#947,#948,#949)
    ,(#950,#951,#952,#953,#954,#955,#956,#957,#958,#959,#960,#961,#962
      ,#963,#964,#965,#966,#967,#968,#969,#970,#971
)),.UNSPECIFIED.,.F.,.F.,.F.) B_SPLINE_SURFACE_WITH_KNOTS((2,2),(4,1,1,1
    ,1,1,1,1,1,1,1,1,1,1,1,1,1,1,1,4),(2.,3.),(0.,5.245000615645E-02,
    0.105056142816,0.157827138689,0.210729740208,0.263703235816,
    0.316673593925,0.369567354274,0.422325530646,0.474917777959,
    0.52735694777,0.57971823004,0.632142347135,0.684734332274,
    0.737455393694,0.790192360737,0.842823921577,0.89528663,
0.947644996011,1.),.UNSPECIFIED.) GEOMETRIC_REPRESENTATION_ITEM() 
RATIONAL_B_SPLINE_SURFACE((
    (1.,1.000000000036,0.999999999983,1.000000000004,0.999999999999,1.
      ,1.,1.,1.,1.,1.,1.,1.,1.,1.,1.,1.,1.000000000002,0.999999999994
      ,1.000000000024,0.999999999949,1.)
    ,(1.,1.000000000036,0.999999999983,1.000000000004,0.999999999999,1.
      ,1.,1.,1.,1.,1.,1.,1.,1.,1.,1.,1.,1.000000000002,0.999999999994
,1.000000000024,0.999999999949,1.
  ))) REPRESENTATION_ITEM('') SURFACE() );
#928 = CARTESIAN_POINT('',(3.244829287063,406.27796884521,6.8));
#929 = CARTESIAN_POINT('',(4.68736386409,406.35358804444,6.799999999728)
  );
#930 = CARTESIAN_POINT('',(7.568560108651,406.60589956764,6.800000000127
    ));
#931 = CARTESIAN_POINT('',(11.84651590984,407.28398137208,6.799999999966
    ));
#932 = CARTESIAN_POINT('',(16.065081013589,408.25837412644,
    6.800000000009));
#933 = CARTESIAN_POINT('',(20.20438345332,409.52420573644,6.799999999998
    ));
#934 = CARTESIAN_POINT('',(24.244878170519,411.07531485465,
    6.800000000001));
#935 = CARTESIAN_POINT('',(28.167444831457,412.9043059403,6.8));
#936 = CARTESIAN_POINT('',(31.95347530897,415.00257122279,6.8));
#937 = CARTESIAN_POINT('',(35.584965284526,417.36033957163,6.8));
#938 = CARTESIAN_POINT('',(39.044569821496,419.96671487345,6.8));
#939 = CARTESIAN_POINT('',(42.315801986092,422.80982702199,6.8));
#940 = CARTESIAN_POINT('',(45.382673052959,425.87661867395,6.8));
#941 = CARTESIAN_POINT('',(48.226861750243,429.14914250977,6.8));
#942 = CARTESIAN_POINT('',(50.831766363812,432.60685801449,6.8));
#943 = CARTESIAN_POINT('',(53.187838089397,436.23531037302,6.8));
#944 = CARTESIAN_POINT('',(55.285211323311,440.01878763246,
    6.800000000001));
#945 = CARTESIAN_POINT('',(57.114826420656,443.94125956212,
    6.799999999995));
#946 = CARTESIAN_POINT('',(58.668355940629,447.9870206141,6.800000000017
    ));
#947 = CARTESIAN_POINT('',(59.936417465329,452.13385805276,
    6.799999999936));
#948 = CARTESIAN_POINT('',(60.585060724895,454.94563815249,
    6.800000000137));
#949 = CARTESIAN_POINT('',(60.860885373755,456.36284228665,6.8));
#950 = CARTESIAN_POINT('',(3.176138344494,407.58867010958,6.80398903553)
  );
#951 = CARTESIAN_POINT('',(4.588135395115,407.66268850209,6.807457275208
    ));
#952 = CARTESIAN_POINT('',(7.408338574129,407.9096587488,6.818710985636)
  );
#953 = CARTESIAN_POINT('',(11.595732810933,408.57338600066,
    6.845849431277));
#954 = CARTESIAN_POINT('',(15.724993613102,409.52715148858,
    6.880656721695));
#955 = CARTESIAN_POINT('',(19.776669690699,410.76618626019,
    6.920536177504));
#956 = CARTESIAN_POINT('',(23.731629741507,412.28445939905,
    6.962894508148));
#957 = CARTESIAN_POINT('',(27.57115819692,414.07473192342,7.005153906967
    ));
#958 = CARTESIAN_POINT('',(31.277040851824,416.12857828359,
    7.044689747119));
#959 = CARTESIAN_POINT('',(34.831654527494,418.43643419764,
    7.079047944541));
#960 = CARTESIAN_POINT('',(38.21802146842,420.98763421584,7.105121411608
    ));
#961 = CARTESIAN_POINT('',(41.420003758564,423.77055951447,
    7.122194364589));
#962 = CARTESIAN_POINT('',(44.421951143572,426.77242916573,7.12059704802
    ));
#963 = CARTESIAN_POINT('',(47.205930201094,429.97567578326,
    7.135281636926));
#964 = CARTESIAN_POINT('',(49.755690664579,433.36019368152,
    7.162221461971));
#965 = CARTESIAN_POINT('',(52.061885871776,436.91183404459,
    7.195342887856));
#966 = CARTESIAN_POINT('',(54.114859067484,440.61521753123,
    7.229178528868));
#967 = CARTESIAN_POINT('',(55.905742393571,444.45465326142,
    7.258122021785));
#968 = CARTESIAN_POINT('',(57.426384696048,448.41476815968,
    7.276540493673));
#969 = CARTESIAN_POINT('',(58.667602175761,452.47381973413,
    7.278860784061));
#970 = CARTESIAN_POINT('',(59.302514077526,455.22607624085,
    7.272776256094));
#971 = CARTESIAN_POINT('',(59.57249969548,456.61327909308,7.276953125));
#972 = DEFINITIONAL_REPRESENTATION('',(#973),#977);
#973 = LINE('',#974,#975);
#974 = CARTESIAN_POINT('',(2.,0.));
#975 = VECTOR('',#976,1.);
#976 = DIRECTION('',(0.,1.));
#977 = ( GEOMETRIC_REPRESENTATION_CONTEXT(2) 
PARAMETRIC_REPRESENTATION_CONTEXT() REPRESENTATION_CONTEXT('2D SPACE',''
  ) );
#978 = ADVANCED_FACE('',(#979),#809,.F.);
#979 = FACE_BOUND('',#980,.F.);
#980 = EDGE_LOOP('',(#981,#1004,#1005,#1033,#1107,#1181,#1257,#1333,
    #1408,#1482,#1555,#1628,#1656));
#981 = ORIENTED_EDGE('',*,*,#982,.F.);
#982 = EDGE_CURVE('',#789,#983,#985,.T.);
#983 = VERTEX_POINT('',#984);
#984 = CARTESIAN_POINT('',(60.654,391.709,18.3));
#985 = SURFACE_CURVE('',#986,(#990,#997),.PCURVE_S1.);
#986 = LINE('',#987,#988);
#987 = CARTESIAN_POINT('',(60.654,391.709,0.));
#988 = VECTOR('',#989,1.);
#989 = DIRECTION('',(-0.,-0.,1.));
#990 = PCURVE('',#809,#991);
#991 = DEFINITIONAL_REPRESENTATION('',(#992),#996);
#992 = LINE('',#993,#994);
#993 = CARTESIAN_POINT('',(57.080035196205,0.));
#994 = VECTOR('',#995,1.);
#995 = DIRECTION('',(0.,-1.));
#996 = ( GEOMETRIC_REPRESENTATION_CONTEXT(2) 
PARAMETRIC_REPRESENTATION_CONTEXT() REPRESENTATION_CONTEXT('2D SPACE',''
  ) );
#997 = PCURVE('',#836,#998);
#998 = DEFINITIONAL_REPRESENTATION('',(#999),#1003);
#999 = LINE('',#1000,#1001);
#1000 = CARTESIAN_POINT('',(61.748,0.));
#1001 = VECTOR('',#1002,1.);
#1002 = DIRECTION('',(0.,-1.));
#1003 = ( GEOMETRIC_REPRESENTATION_CONTEXT(2) 
PARAMETRIC_REPRESENTATION_CONTEXT() REPRESENTATION_CONTEXT('2D SPACE',''
  ) );
#1004 = ORIENTED_EDGE('',*,*,#786,.F.);
#1005 = ORIENTED_EDGE('',*,*,#1006,.F.);
#1006 = EDGE_CURVE('',#1007,#787,#1009,.T.);
#1007 = VERTEX_POINT('',#1008);
#1008 = CARTESIAN_POINT('',(22.332794539966,411.76411527713,
    6.947989948908));
#1009 = SURFACE_CURVE('',#1010,(#1016,#1025),.PCURVE_S1.);
#1010 = B_SPLINE_CURVE_WITH_KNOTS('',4,(#1011,#1012,#1013,#1014,#1015),
  .UNSPECIFIED.,.F.,.F.,(5,5),(0.,1.),.PIECEWISE_BEZIER_KNOTS.);
#1011 = CARTESIAN_POINT('',(22.332794539966,411.76411527713,
    6.947989948908));
#1012 = CARTESIAN_POINT('',(22.714674358824,411.56426133994,
    6.913996529969));
#1013 = CARTESIAN_POINT('',(23.09593883191,411.36472943934,
    6.877966036477));
#1014 = CARTESIAN_POINT('',(23.476597978379,411.16551433188,
    6.839948570789));
#1015 = CARTESIAN_POINT('',(23.856662511925,410.96661041063,6.8));
#1016 = PCURVE('',#809,#1017);
#1017 = DEFINITIONAL_REPRESENTATION('',(#1018),#1024);
#1018 = B_SPLINE_CURVE_WITH_KNOTS('',4,(#1019,#1020,#1021,#1022,#1023),
  .UNSPECIFIED.,.F.,.F.,(5,5),(0.,1.),.PIECEWISE_BEZIER_KNOTS.);
#1019 = CARTESIAN_POINT('',(13.828186256658,-6.947989948908));
#1020 = CARTESIAN_POINT('',(14.259201096614,-6.913996529969));
#1021 = CARTESIAN_POINT('',(14.689521416603,-6.877966036477));
#1022 = CARTESIAN_POINT('',(15.119158524906,-6.839948570789));
#1023 = CARTESIAN_POINT('',(15.548124513708,-6.8));
#1024 = ( GEOMETRIC_REPRESENTATION_CONTEXT(2) 
PARAMETRIC_REPRESENTATION_CONTEXT() REPRESENTATION_CONTEXT('2D SPACE',''
  ) );
#1025 = PCURVE('',#927,#1026);
#1026 = DEFINITIONAL_REPRESENTATION('',(#1027),#1032);
#1027 = B_SPLINE_CURVE_WITH_KNOTS('',3,(#1028,#1029,#1030,#1031),
  .UNSPECIFIED.,.F.,.F.,(4,4),(0.,1.),.PIECEWISE_BEZIER_KNOTS.);
#1028 = CARTESIAN_POINT('',(3.,0.245054548058));
#1029 = CARTESIAN_POINT('',(2.668459115551,0.249748697297));
#1030 = CARTESIAN_POINT('',(2.33506787841,0.254330829918));
#1031 = CARTESIAN_POINT('',(2.,0.258807268886));
#1032 = ( GEOMETRIC_REPRESENTATION_CONTEXT(2) 
PARAMETRIC_REPRESENTATION_CONTEXT() REPRESENTATION_CONTEXT('2D SPACE',''
  ) );
#1033 = ORIENTED_EDGE('',*,*,#1034,.F.);
#1034 = EDGE_CURVE('',#1035,#1007,#1037,.T.);
#1035 = VERTEX_POINT('',#1036);
#1036 = CARTESIAN_POINT('',(20.784169478216,412.57457658078,
    7.296008180906));
#1037 = SURFACE_CURVE('',#1038,(#1044,#1053),.PCURVE_S1.);
#1038 = B_SPLINE_CURVE_WITH_KNOTS('',4,(#1039,#1040,#1041,#1042,#1043),
  .UNSPECIFIED.,.F.,.F.,(5,5),(0.,1.),.PIECEWISE_BEZIER_KNOTS.);
#1039 = CARTESIAN_POINT('',(20.784169478216,412.57457658078,
    7.296008180906));
#1040 = CARTESIAN_POINT('',(21.173199541009,412.37098061709,
    7.217216874358));
#1041 = CARTESIAN_POINT('',(21.560998729838,412.16802882204,
    7.132837262839));
#1042 = CARTESIAN_POINT('',(21.947535980955,411.96573745263,
    7.043032627276));
#1043 = CARTESIAN_POINT('',(22.332794539966,411.76411527713,
    6.947989948908));
#1044 = PCURVE('',#809,#1045);
#1045 = DEFINITIONAL_REPRESENTATION('',(#1046),#1052);
#1046 = B_SPLINE_CURVE_WITH_KNOTS('',4,(#1047,#1048,#1049,#1050,#1051),
  .UNSPECIFIED.,.F.,.F.,(5,5),(0.,1.),.PIECEWISE_BEZIER_KNOTS.);
#1047 = CARTESIAN_POINT('',(12.080305509413,-7.296008180906));
#1048 = CARTESIAN_POINT('',(12.519390587945,-7.217216874358));
#1049 = CARTESIAN_POINT('',(12.95708642065,-7.132837262839));
#1050 = CARTESIAN_POINT('',(13.393357946927,-7.043032627276));
#1051 = CARTESIAN_POINT('',(13.828186256658,-6.947989948908));
#1052 = ( GEOMETRIC_REPRESENTATION_CONTEXT(2) 
PARAMETRIC_REPRESENTATION_CONTEXT() REPRESENTATION_CONTEXT('2D SPACE',''
  ) );
#1053 = PCURVE('',#1054,#1099);
#1054 = ( BOUNDED_SURFACE() B_SPLINE_SURFACE(1,3,(
    (#1055,#1056,#1057,#1058,#1059,#1060,#1061,#1062,#1063,#1064,#1065
      ,#1066,#1067,#1068,#1069,#1070,#1071,#1072,#1073,#1074,#1075,#1076
      )
    ,(#1077,#1078,#1079,#1080,#1081,#1082,#1083,#1084,#1085,#1086,#1087
      ,#1088,#1089,#1090,#1091,#1092,#1093,#1094,#1095,#1096,#1097,#1098
)),.UNSPECIFIED.,.F.,.F.,.F.) B_SPLINE_SURFACE_WITH_KNOTS((2,2),(4,1,1,1
    ,1,1,1,1,1,1,1,1,1,1,1,1,1,1,1,4),(3.,4.),(0.,5.245000615645E-02,
    0.105056142816,0.157827138689,0.210729740208,0.263703235816,
    0.316673593925,0.369567354274,0.422325530646,0.474917777959,
    0.52735694777,0.57971823004,0.632142347135,0.684734332274,
    0.737455393694,0.790192360737,0.842823921577,0.89528663,
0.947644996011,1.),.UNSPECIFIED.) GEOMETRIC_REPRESENTATION_ITEM() 
RATIONAL_B_SPLINE_SURFACE((
    (1.,1.000000000036,0.999999999983,1.000000000004,0.999999999999,1.
      ,1.,1.,1.,1.,1.,1.,1.,1.,1.,1.,1.,1.000000000002,0.999999999994
      ,1.000000000024,0.999999999949,1.)
    ,(1.,1.000000000036,0.999999999983,1.000000000004,0.999999999999,1.
      ,1.,1.,1.,1.,1.,1.,1.,1.,1.,1.,1.,1.000000000002,0.999999999994
,1.000000000024,0.999999999949,1.
  ))) REPRESENTATION_ITEM('') SURFACE() );
#1055 = CARTESIAN_POINT('',(3.176138344494,407.58867010958,6.80398903553
    ));
#1056 = CARTESIAN_POINT('',(4.588135395115,407.66268850209,
    6.807457275208));
#1057 = CARTESIAN_POINT('',(7.408338574129,407.9096587488,6.818710985636
    ));
#1058 = CARTESIAN_POINT('',(11.595732810933,408.57338600066,
    6.845849431277));
#1059 = CARTESIAN_POINT('',(15.724993613102,409.52715148858,
    6.880656721695));
#1060 = CARTESIAN_POINT('',(19.776669690699,410.76618626019,
    6.920536177504));
#1061 = CARTESIAN_POINT('',(23.731629741507,412.28445939905,
    6.962894508148));
#1062 = CARTESIAN_POINT('',(27.57115819692,414.07473192342,
    7.005153906967));
#1063 = CARTESIAN_POINT('',(31.277040851824,416.12857828359,
    7.044689747119));
#1064 = CARTESIAN_POINT('',(34.831654527494,418.43643419764,
    7.079047944541));
#1065 = CARTESIAN_POINT('',(38.21802146842,420.98763421584,
    7.105121411608));
#1066 = CARTESIAN_POINT('',(41.420003758564,423.77055951447,
    7.122194364589));
#1067 = CARTESIAN_POINT('',(44.421951143572,426.77242916573,
    7.12059704802));
#1068 = CARTESIAN_POINT('',(47.205930201094,429.97567578326,
    7.135281636926));
#1069 = CARTESIAN_POINT('',(49.755690664579,433.36019368152,
    7.162221461971));
#1070 = CARTESIAN_POINT('',(52.061885871776,436.91183404459,
    7.195342887856));
#1071 = CARTESIAN_POINT('',(54.114859067484,440.61521753123,
    7.229178528868));
#1072 = CARTESIAN_POINT('',(55.905742393571,444.45465326142,
    7.258122021785));
#1073 = CARTESIAN_POINT('',(57.426384696048,448.41476815968,
    7.276540493673));
#1074 = CARTESIAN_POINT('',(58.667602175761,452.47381973413,
    7.278860784061));
#1075 = CARTESIAN_POINT('',(59.302514077526,455.22607624085,
    7.272776256094));
#1076 = CARTESIAN_POINT('',(59.57249969548,456.61327909308,7.276953125)
  );
#1077 = CARTESIAN_POINT('',(3.107447401925,408.89937137394,
    6.814505583744));
#1078 = CARTESIAN_POINT('',(4.488906926344,408.97178894881,
    6.827117365546));
#1079 = CARTESIAN_POINT('',(7.248117039512,409.21341793506,
    6.868039947231));
#1080 = CARTESIAN_POINT('',(11.344949712051,409.86279062787,
    6.966725204789));
#1081 = CARTESIAN_POINT('',(15.384906212609,410.79592885109,
    7.093297169762));
#1082 = CARTESIAN_POINT('',(19.348955928079,412.00816678384,
    7.238313372751));
#1083 = CARTESIAN_POINT('',(23.218381312493,413.49360394348,
    7.392343665989));
#1084 = CARTESIAN_POINT('',(26.974871562383,415.24515790653,
    7.546014207153));
#1085 = CARTESIAN_POINT('',(30.600606394679,417.2545853444,
    7.689780898614));
#1086 = CARTESIAN_POINT('',(34.078343770463,419.51252882364,
    7.814719798332));
#1087 = CARTESIAN_POINT('',(37.391473115344,422.00855355824,
    7.909532405846));
#1088 = CARTESIAN_POINT('',(40.524205531035,424.73129200694,
    7.971615871233));
#1089 = CARTESIAN_POINT('',(43.461229234185,427.66823965751,
    7.965807447346));
#1090 = CARTESIAN_POINT('',(46.184998651946,430.80220905673,
    8.01920595246));
#1091 = CARTESIAN_POINT('',(48.679614965346,434.11352934856,
    8.117168952623));
#1092 = CARTESIAN_POINT('',(50.935933654154,437.58835771608,
    8.237610501295));
#1093 = CARTESIAN_POINT('',(52.944506811662,441.21164743035,
    8.360649195883));
#1094 = CARTESIAN_POINT('',(54.696658366469,444.96804695944,
    8.465898261032));
#1095 = CARTESIAN_POINT('',(56.184413451532,448.84251571002,
    8.532874522461));
#1096 = CARTESIAN_POINT('',(57.39878688595,452.81378139779,
    8.541311941985));
#1097 = CARTESIAN_POINT('',(58.019967430681,455.50651436737,
    8.519186385913));
#1098 = CARTESIAN_POINT('',(58.284114017205,456.86371589951,8.534375));
#1099 = DEFINITIONAL_REPRESENTATION('',(#1100),#1106);
#1100 = B_SPLINE_CURVE_WITH_KNOTS('',4,(#1101,#1102,#1103,#1104,#1105),
  .UNSPECIFIED.,.F.,.F.,(5,5),(0.,1.),.PIECEWISE_BEZIER_KNOTS.);
#1101 = CARTESIAN_POINT('',(4.,0.230462173536));
#1102 = CARTESIAN_POINT('',(3.750937683499,0.23420835853));
#1103 = CARTESIAN_POINT('',(3.501193027255,0.237887987735));
#1104 = CARTESIAN_POINT('',(3.250855436119,0.241502783411));
#1105 = CARTESIAN_POINT('',(3.,0.245054548058));
#1106 = ( GEOMETRIC_REPRESENTATION_CONTEXT(2) 
PARAMETRIC_REPRESENTATION_CONTEXT() REPRESENTATION_CONTEXT('2D SPACE',''
  ) );
#1107 = ORIENTED_EDGE('',*,*,#1108,.F.);
#1108 = EDGE_CURVE('',#1109,#1035,#1111,.T.);
#1109 = VERTEX_POINT('',#1110);
#1110 = CARTESIAN_POINT('',(19.207727191193,413.39959582051,
    7.714573346496));
#1111 = SURFACE_CURVE('',#1112,(#1118,#1127),.PCURVE_S1.);
#1112 = B_SPLINE_CURVE_WITH_KNOTS('',4,(#1113,#1114,#1115,#1116,#1117),
  .UNSPECIFIED.,.F.,.F.,(5,5),(0.,1.),.PIECEWISE_BEZIER_KNOTS.);
#1113 = CARTESIAN_POINT('',(19.207727191193,413.39959582051,
    7.714573346496));
#1114 = CARTESIAN_POINT('',(19.604585704506,413.19190289598,
    7.622098694471));
#1115 = CARTESIAN_POINT('',(19.999670911505,412.98513801801,
    7.521332949303));
#1116 = CARTESIAN_POINT('',(20.392885782929,412.77935196613,
    7.412531697388));
#1117 = CARTESIAN_POINT('',(20.784169478216,412.57457658078,
    7.296008180906));
#1118 = PCURVE('',#809,#1119);
#1119 = DEFINITIONAL_REPRESENTATION('',(#1120),#1126);
#1120 = B_SPLINE_CURVE_WITH_KNOTS('',4,(#1121,#1122,#1123,#1124,#1125),
  .UNSPECIFIED.,.F.,.F.,(5,5),(0.,1.),.PIECEWISE_BEZIER_KNOTS.);
#1121 = CARTESIAN_POINT('',(10.301028400519,-7.714573346496));
#1122 = CARTESIAN_POINT('',(10.748949186469,-7.622098694471));
#1123 = CARTESIAN_POINT('',(11.194868501538,-7.521332949303));
#1124 = CARTESIAN_POINT('',(11.638676832081,-7.412531697388));
#1125 = CARTESIAN_POINT('',(12.080305509413,-7.296008180906));
#1126 = ( GEOMETRIC_REPRESENTATION_CONTEXT(2) 
PARAMETRIC_REPRESENTATION_CONTEXT() REPRESENTATION_CONTEXT('2D SPACE',''
  ) );
#1127 = PCURVE('',#1128,#1173);
#1128 = ( BOUNDED_SURFACE() B_SPLINE_SURFACE(1,3,(
    (#1129,#1130,#1131,#1132,#1133,#1134,#1135,#1136,#1137,#1138,#1139
      ,#1140,#1141,#1142,#1143,#1144,#1145,#1146,#1147,#1148,#1149,#1150
      )
    ,(#1151,#1152,#1153,#1154,#1155,#1156,#1157,#1158,#1159,#1160,#1161
      ,#1162,#1163,#1164,#1165,#1166,#1167,#1168,#1169,#1170,#1171,#1172
)),.UNSPECIFIED.,.F.,.F.,.F.) B_SPLINE_SURFACE_WITH_KNOTS((2,2),(4,1,1,1
    ,1,1,1,1,1,1,1,1,1,1,1,1,1,1,1,4),(4.,5.),(0.,5.245000615645E-02,
    0.105056142816,0.157827138689,0.210729740208,0.263703235816,
    0.316673593925,0.369567354274,0.422325530646,0.474917777959,
    0.52735694777,0.57971823004,0.632142347135,0.684734332274,
    0.737455393694,0.790192360737,0.842823921577,0.89528663,
0.947644996011,1.),.UNSPECIFIED.) GEOMETRIC_REPRESENTATION_ITEM() 
RATIONAL_B_SPLINE_SURFACE((
    (1.,1.000000000036,0.999999999983,1.000000000004,0.999999999999,1.
      ,1.,1.,1.,1.,1.,1.,1.,1.,1.,1.,1.,1.000000000002,0.999999999994
      ,1.000000000024,0.999999999949,1.)
    ,(1.,1.000000000036,0.999999999983,1.000000000004,0.999999999999,1.
      ,1.,1.,1.,1.,1.,1.,1.,1.,1.,1.,1.,1.000000000002,0.999999999994
,1.000000000024,0.999999999949,1.
  ))) REPRESENTATION_ITEM('') SURFACE() );
#1129 = CARTESIAN_POINT('',(3.107447401925,408.89937137394,
    6.814505583744));
#1130 = CARTESIAN_POINT('',(4.488906926344,408.97178894881,
    6.827117365546));
#1131 = CARTESIAN_POINT('',(7.248117039512,409.21341793506,
    6.868039947231));
#1132 = CARTESIAN_POINT('',(11.344949712051,409.86279062787,
    6.966725204789));
#1133 = CARTESIAN_POINT('',(15.384906212609,410.79592885109,
    7.093297169762));
#1134 = CARTESIAN_POINT('',(19.348955928079,412.00816678384,
    7.238313372751));
#1135 = CARTESIAN_POINT('',(23.218381312493,413.49360394348,
    7.392343665989));
#1136 = CARTESIAN_POINT('',(26.974871562383,415.24515790653,
    7.546014207153));
#1137 = CARTESIAN_POINT('',(30.600606394679,417.2545853444,
    7.689780898614));
#1138 = CARTESIAN_POINT('',(34.078343770463,419.51252882364,
    7.814719798332));
#1139 = CARTESIAN_POINT('',(37.391473115344,422.00855355824,
    7.909532405846));
#1140 = CARTESIAN_POINT('',(40.524205531035,424.73129200694,
    7.971615871233));
#1141 = CARTESIAN_POINT('',(43.461229234185,427.66823965751,
    7.965807447346));
#1142 = CARTESIAN_POINT('',(46.184998651946,430.80220905673,
    8.01920595246));
#1143 = CARTESIAN_POINT('',(48.679614965346,434.11352934856,
    8.117168952623));
#1144 = CARTESIAN_POINT('',(50.935933654154,437.58835771608,
    8.237610501295));
#1145 = CARTESIAN_POINT('',(52.944506811662,441.21164743035,
    8.360649195883));
#1146 = CARTESIAN_POINT('',(54.696658366469,444.96804695944,
    8.465898261032));
#1147 = CARTESIAN_POINT('',(56.184413451532,448.84251571002,
    8.532874522461));
#1148 = CARTESIAN_POINT('',(57.39878688595,452.81378139779,
    8.541311941985));
#1149 = CARTESIAN_POINT('',(58.019967430681,455.50651436737,
    8.519186385913));
#1150 = CARTESIAN_POINT('',(58.284114017205,456.86371589951,8.534375));
#1151 = CARTESIAN_POINT('',(3.038756459356,410.21007263831,
    6.829373807081));
#1152 = CARTESIAN_POINT('',(4.389678458191,410.28088940648,
    6.854912665233));
#1153 = CARTESIAN_POINT('',(7.087895504607,410.51717711622,
    6.937780893141));
#1154 = CARTESIAN_POINT('',(11.094166613246,411.15219525645,
    7.137618539698));
#1155 = CARTESIAN_POINT('',(15.044818812094,412.06470621324,
    7.393926768768));
#1156 = CARTESIAN_POINT('',(18.921242165465,413.25014730759,
    7.687584579822));
#1157 = CARTESIAN_POINT('',(22.705132883478,414.70274848788,
    7.999495923627));
#1158 = CARTESIAN_POINT('',(26.378584927847,416.41558388965,
    8.310678769484));
#1159 = CARTESIAN_POINT('',(29.924171937533,418.38059240521,
    8.601806319693));
#1160 = CARTESIAN_POINT('',(33.325033013432,420.58862344964,
    8.854807591622));
#1161 = CARTESIAN_POINT('',(36.564924762268,423.02947290064,
    9.046803121838));
#1162 = CARTESIAN_POINT('',(39.628407303507,425.69202449942,
    9.172522139247));
#1163 = CARTESIAN_POINT('',(42.500507324798,428.5640501493,
    9.160760080875));
#1164 = CARTESIAN_POINT('',(45.164067102798,431.62874233022,
    9.268892053731));
#1165 = CARTESIAN_POINT('',(47.60353926611,434.86686501559,
    9.467267129063));
#1166 = CARTESIAN_POINT('',(49.809981436543,438.26488138763,
    9.711161265123));
#1167 = CARTESIAN_POINT('',(51.7741545558,441.80807732919,9.960314621666
    ));
#1168 = CARTESIAN_POINT('',(53.487574339515,445.48144065847,
    10.173443978583));
#1169 = CARTESIAN_POINT('',(54.942442206462,449.27026325659,
    10.309070908008));
#1170 = CARTESIAN_POINT('',(56.129971598203,453.15374307548,
    10.326156682431));
#1171 = CARTESIAN_POINT('',(56.737420779388,455.78695246368,
    10.281352431666));
#1172 = CARTESIAN_POINT('',(56.99572833893,457.11415270594,10.312109375)
  );
#1173 = DEFINITIONAL_REPRESENTATION('',(#1174),#1180);
#1174 = B_SPLINE_CURVE_WITH_KNOTS('',4,(#1175,#1176,#1177,#1178,#1179),
  .UNSPECIFIED.,.F.,.F.,(5,5),(0.,1.),.PIECEWISE_BEZIER_KNOTS.);
#1175 = CARTESIAN_POINT('',(5.,0.214939745118));
#1176 = CARTESIAN_POINT('',(4.750640548636,0.218934804742));
#1177 = CARTESIAN_POINT('',(4.500759167512,0.222852468692));
#1178 = CARTESIAN_POINT('',(4.250505139494,0.226694286874));
#1179 = CARTESIAN_POINT('',(4.,0.230462173536));
#1180 = ( GEOMETRIC_REPRESENTATION_CONTEXT(2) 
PARAMETRIC_REPRESENTATION_CONTEXT() REPRESENTATION_CONTEXT('2D SPACE',''
  ) );
#1181 = ORIENTED_EDGE('',*,*,#1182,.F.);
#1182 = EDGE_CURVE('',#1183,#1109,#1185,.T.);
#1183 = VERTEX_POINT('',#1184);
#1184 = CARTESIAN_POINT('',(17.599813186364,414.24108554755,
    8.096277805206));
#1185 = SURFACE_CURVE('',#1186,(#1193,#1203),.PCURVE_S1.);
#1186 = B_SPLINE_CURVE_WITH_KNOTS('',5,(#1187,#1188,#1189,#1190,#1191,
    #1192),.UNSPECIFIED.,.F.,.F.,(6,6),(0.,1.),
  .PIECEWISE_BEZIER_KNOTS.);
#1187 = CARTESIAN_POINT('',(17.599813186364,414.24108554755,
    8.096277805206));
#1188 = CARTESIAN_POINT('',(17.923788556099,414.07153546923,
    8.031762344135));
#1189 = CARTESIAN_POINT('',(18.246631658975,413.90257795428,
    7.96122900013));
#1190 = CARTESIAN_POINT('',(18.568273174579,413.734249281,7.884769474702
    ));
#1191 = CARTESIAN_POINT('',(18.888654761957,413.56657998171,
    7.802504556637));
#1192 = CARTESIAN_POINT('',(19.207727191193,413.39959582051,
    7.714573346496));
#1193 = PCURVE('',#809,#1194);
#1194 = DEFINITIONAL_REPRESENTATION('',(#1195),#1202);
#1195 = B_SPLINE_CURVE_WITH_KNOTS('',5,(#1196,#1197,#1198,#1199,#1200,
    #1201),.UNSPECIFIED.,.F.,.F.,(6,6),(0.,1.),
  .PIECEWISE_BEZIER_KNOTS.);
#1196 = CARTESIAN_POINT('',(8.486230227816,-8.096277805206));
#1197 = CARTESIAN_POINT('',(8.851890273832,-8.031762344135));
#1198 = CARTESIAN_POINT('',(9.216272368528,-7.96122900013));
#1199 = CARTESIAN_POINT('',(9.579298272295,-7.884769474702));
#1200 = CARTESIAN_POINT('',(9.940902137673,-7.802504556637));
#1201 = CARTESIAN_POINT('',(10.301028400519,-7.714573346496));
#1202 = ( GEOMETRIC_REPRESENTATION_CONTEXT(2) 
PARAMETRIC_REPRESENTATION_CONTEXT() REPRESENTATION_CONTEXT('2D SPACE',''
  ) );
#1203 = PCURVE('',#1204,#1249);
#1204 = ( BOUNDED_SURFACE() B_SPLINE_SURFACE(1,3,(
    (#1205,#1206,#1207,#1208,#1209,#1210,#1211,#1212,#1213,#1214,#1215
      ,#1216,#1217,#1218,#1219,#1220,#1221,#1222,#1223,#1224,#1225,#1226
      )
    ,(#1227,#1228,#1229,#1230,#1231,#1232,#1233,#1234,#1235,#1236,#1237
      ,#1238,#1239,#1240,#1241,#1242,#1243,#1244,#1245,#1246,#1247,#1248
)),.UNSPECIFIED.,.F.,.F.,.F.) B_SPLINE_SURFACE_WITH_KNOTS((2,2),(4,1,1,1
    ,1,1,1,1,1,1,1,1,1,1,1,1,1,1,1,4),(5.,6.),(0.,5.245000615645E-02,
    0.105056142816,0.157827138689,0.210729740208,0.263703235816,
    0.316673593925,0.369567354274,0.422325530646,0.474917777959,
    0.52735694777,0.57971823004,0.632142347135,0.684734332274,
    0.737455393694,0.790192360737,0.842823921577,0.89528663,
0.947644996011,1.),.UNSPECIFIED.) GEOMETRIC_REPRESENTATION_ITEM() 
RATIONAL_B_SPLINE_SURFACE((
    (1.,1.000000000036,0.999999999983,1.000000000004,0.999999999999,1.
      ,1.,1.,1.,1.,1.,1.,1.,1.,1.,1.,1.,1.000000000002,0.999999999994
      ,1.000000000024,0.999999999949,1.)
    ,(1.,1.000000000036,0.999999999983,1.000000000004,0.999999999999,1.
      ,1.,1.,1.,1.,1.,1.,1.,1.,1.,1.,1.,1.000000000002,0.999999999994
,1.000000000024,0.999999999949,1.
  ))) REPRESENTATION_ITEM('') SURFACE() );
#1205 = CARTESIAN_POINT('',(3.038756459356,410.21007263831,
    6.829373807081));
#1206 = CARTESIAN_POINT('',(4.389678458191,410.28088940648,
    6.854912665233));
#1207 = CARTESIAN_POINT('',(7.087895504607,410.51717711622,
    6.937780893141));
#1208 = CARTESIAN_POINT('',(11.094166613246,411.15219525645,
    7.137618539698));
#1209 = CARTESIAN_POINT('',(15.044818812094,412.06470621324,
    7.393926768768));
#1210 = CARTESIAN_POINT('',(18.921242165465,413.25014730759,
    7.687584579822));
#1211 = CARTESIAN_POINT('',(22.705132883478,414.70274848788,
    7.999495923627));
#1212 = CARTESIAN_POINT('',(26.378584927847,416.41558388965,
    8.310678769484));
#1213 = CARTESIAN_POINT('',(29.924171937533,418.38059240521,
    8.601806319693));
#1214 = CARTESIAN_POINT('',(33.325033013432,420.58862344964,
    8.854807591622));
#1215 = CARTESIAN_POINT('',(36.564924762268,423.02947290064,
    9.046803121838));
#1216 = CARTESIAN_POINT('',(39.628407303507,425.69202449942,
    9.172522139247));
#1217 = CARTESIAN_POINT('',(42.500507324798,428.5640501493,
    9.160760080875));
#1218 = CARTESIAN_POINT('',(45.164067102798,431.62874233022,
    9.268892053731));
#1219 = CARTESIAN_POINT('',(47.60353926611,434.86686501559,
    9.467267129063));
#1220 = CARTESIAN_POINT('',(49.809981436543,438.26488138763,
    9.711161265123));
#1221 = CARTESIAN_POINT('',(51.7741545558,441.80807732919,9.960314621666
    ));
#1222 = CARTESIAN_POINT('',(53.487574339515,445.48144065847,
    10.173443978583));
#1223 = CARTESIAN_POINT('',(54.942442206462,449.27026325659,
    10.309070908008));
#1224 = CARTESIAN_POINT('',(56.129971598203,453.15374307548,
    10.326156682431));
#1225 = CARTESIAN_POINT('',(56.737420779388,455.78695246368,
    10.281352431666));
#1226 = CARTESIAN_POINT('',(56.99572833893,457.11415270594,10.312109375)
  );
#1227 = CARTESIAN_POINT('',(2.970065516787,411.52077390267,6.84641786798
    ));
#1228 = CARTESIAN_POINT('',(4.290449988536,411.58998987199,
    6.886775569872));
#1229 = CARTESIAN_POINT('',(6.927673970402,411.82093629373,7.01772783108
    ));
#1230 = CARTESIAN_POINT('',(10.843383514253,412.44159988602,
    7.333520655341));
#1231 = CARTESIAN_POINT('',(14.704731411631,413.33348357511,
    7.738550943235));
#1232 = CARTESIAN_POINT('',(18.493528402838,414.49212783142,
    8.202602792806));
#1233 = CARTESIAN_POINT('',(22.191884454467,415.91189303226,
    8.695499731164));
#1234 = CARTESIAN_POINT('',(25.782298293309,417.58600987278,
    9.187245462889));
#1235 = CARTESIAN_POINT('',(29.247737480388,419.50659946602,
    9.647298875565));
#1236 = CARTESIAN_POINT('',(32.5717222564,421.66471807565,
    10.047103354662));
#1237 = CARTESIAN_POINT('',(35.738376409192,424.05039224303,
    10.350503698707));
#1238 = CARTESIAN_POINT('',(38.732609075979,426.6527569919,
    10.549170787945));
#1239 = CARTESIAN_POINT('',(41.53978541541,429.45986064108,
    10.530583831506));
#1240 = CARTESIAN_POINT('',(44.14313555365,432.4552756037,
    10.701459047871));
#1241 = CARTESIAN_POINT('',(46.527463566877,435.62020068261,
    11.014940648395));
#1242 = CARTESIAN_POINT('',(48.684029218924,438.94140505921,
    11.400353604145));
#1243 = CARTESIAN_POINT('',(50.603802299967,442.40450722796,
    11.794077426828));
#1244 = CARTESIAN_POINT('',(52.278490312452,445.99483435779,
    12.130874435299));
#1245 = CARTESIAN_POINT('',(53.700470961798,449.69801080209,
    12.345198471884));
#1246 = CARTESIAN_POINT('',(54.861156308945,453.49370475715,
    12.372198214322));
#1247 = CARTESIAN_POINT('',(55.454874131353,456.06739055137,
    12.30139643499));
#1248 = CARTESIAN_POINT('',(55.707342660655,457.36458951238,12.35));
#1249 = DEFINITIONAL_REPRESENTATION('',(#1250),#1256);
#1250 = B_SPLINE_CURVE_WITH_KNOTS('',4,(#1251,#1252,#1253,#1254,#1255),
  .UNSPECIFIED.,.F.,.F.,(5,5),(0.,1.),.PIECEWISE_BEZIER_KNOTS.);
#1251 = CARTESIAN_POINT('',(6.,0.198381314221));
#1252 = CARTESIAN_POINT('',(5.75079569537,0.202646811257));
#1253 = CARTESIAN_POINT('',(5.50092799654,0.206827624817));
#1254 = CARTESIAN_POINT('',(5.25060480094,0.210924731809));
#1255 = CARTESIAN_POINT('',(5.,0.214939745118));
#1256 = ( GEOMETRIC_REPRESENTATION_CONTEXT(2) 
PARAMETRIC_REPRESENTATION_CONTEXT() REPRESENTATION_CONTEXT('2D SPACE',''
  ) );
#1257 = ORIENTED_EDGE('',*,*,#1258,.F.);
#1258 = EDGE_CURVE('',#1259,#1183,#1261,.T.);
#1259 = VERTEX_POINT('',#1260);
#1260 = CARTESIAN_POINT('',(15.956006733796,415.10135931775,
    8.359545558491));
#1261 = SURFACE_CURVE('',#1262,(#1269,#1279),.PCURVE_S1.);
#1262 = B_SPLINE_CURVE_WITH_KNOTS('',5,(#1263,#1264,#1265,#1266,#1267,
    #1268),.UNSPECIFIED.,.F.,.F.,(6,6),(0.,1.),
  .PIECEWISE_BEZIER_KNOTS.);
#1263 = CARTESIAN_POINT('',(15.956006733796,415.10135931775,
    8.359545558491));
#1264 = CARTESIAN_POINT('',(16.28676452382,414.92825971067,
    8.319396533731));
#1265 = CARTESIAN_POINT('',(16.616606025125,414.75563963642,
    8.272955219658));
#1266 = CARTESIAN_POINT('',(16.945445526962,414.58354395107,
    8.22024134134));
#1267 = CARTESIAN_POINT('',(17.273205099014,414.41201343887,
    8.161317537579));
#1268 = CARTESIAN_POINT('',(17.599813186364,414.24108554755,
    8.096277805206));
#1269 = PCURVE('',#809,#1270);
#1270 = DEFINITIONAL_REPRESENTATION('',(#1271),#1278);
#1271 = B_SPLINE_CURVE_WITH_KNOTS('',5,(#1272,#1273,#1274,#1275,#1276,
    #1277),.UNSPECIFIED.,.F.,.F.,(6,6),(0.,1.),
  .PIECEWISE_BEZIER_KNOTS.);
#1272 = CARTESIAN_POINT('',(6.630921462896,-8.359545558491));
#1273 = CARTESIAN_POINT('',(7.004236597375,-8.319396533731));
#1274 = CARTESIAN_POINT('',(7.376517547756,-8.272955219658));
#1275 = CARTESIAN_POINT('',(7.747667575216,-8.22024134134));
#1276 = CARTESIAN_POINT('',(8.117598722442,-8.161317537579));
#1277 = CARTESIAN_POINT('',(8.486230227816,-8.096277805206));
#1278 = ( GEOMETRIC_REPRESENTATION_CONTEXT(2) 
PARAMETRIC_REPRESENTATION_CONTEXT() REPRESENTATION_CONTEXT('2D SPACE',''
  ) );
#1279 = PCURVE('',#1280,#1325);
#1280 = ( BOUNDED_SURFACE() B_SPLINE_SURFACE(1,3,(
    (#1281,#1282,#1283,#1284,#1285,#1286,#1287,#1288,#1289,#1290,#1291
      ,#1292,#1293,#1294,#1295,#1296,#1297,#1298,#1299,#1300,#1301,#1302
      )
    ,(#1303,#1304,#1305,#1306,#1307,#1308,#1309,#1310,#1311,#1312,#1313
      ,#1314,#1315,#1316,#1317,#1318,#1319,#1320,#1321,#1322,#1323,#1324
)),.UNSPECIFIED.,.F.,.F.,.F.) B_SPLINE_SURFACE_WITH_KNOTS((2,2),(4,1,1,1
    ,1,1,1,1,1,1,1,1,1,1,1,1,1,1,1,4),(6.,7.),(0.,5.245000615645E-02,
    0.105056142816,0.157827138689,0.210729740208,0.263703235816,
    0.316673593925,0.369567354274,0.422325530646,0.474917777959,
    0.52735694777,0.57971823004,0.632142347135,0.684734332274,
    0.737455393694,0.790192360737,0.842823921577,0.89528663,
0.947644996011,1.),.UNSPECIFIED.) GEOMETRIC_REPRESENTATION_ITEM() 
RATIONAL_B_SPLINE_SURFACE((
    (1.,1.000000000036,0.999999999983,1.000000000004,0.999999999999,1.
      ,1.,1.,1.,1.,1.,1.,1.,1.,1.,1.,1.,1.000000000002,0.999999999994
      ,1.000000000024,0.999999999949,1.)
    ,(1.,1.000000000036,0.999999999983,1.000000000004,0.999999999999,1.
      ,1.,1.,1.,1.,1.,1.,1.,1.,1.,1.,1.,1.000000000002,0.999999999994
,1.000000000024,0.999999999949,1.
  ))) REPRESENTATION_ITEM('') SURFACE() );
#1281 = CARTESIAN_POINT('',(2.970065516787,411.52077390267,6.84641786798
    ));
#1282 = CARTESIAN_POINT('',(4.290449988536,411.58998987199,
    6.886775569872));
#1283 = CARTESIAN_POINT('',(6.927673970402,411.82093629373,7.01772783108
    ));
#1284 = CARTESIAN_POINT('',(10.843383514253,412.44159988602,
    7.333520655341));
#1285 = CARTESIAN_POINT('',(14.704731411631,413.33348357511,
    7.738550943235));
#1286 = CARTESIAN_POINT('',(18.493528402838,414.49212783142,
    8.202602792806));
#1287 = CARTESIAN_POINT('',(22.191884454467,415.91189303226,
    8.695499731164));
#1288 = CARTESIAN_POINT('',(25.782298293309,417.58600987278,
    9.187245462889));
#1289 = CARTESIAN_POINT('',(29.247737480388,419.50659946602,
    9.647298875565));
#1290 = CARTESIAN_POINT('',(32.5717222564,421.66471807565,
    10.047103354662));
#1291 = CARTESIAN_POINT('',(35.738376409192,424.05039224303,
    10.350503698707));
#1292 = CARTESIAN_POINT('',(38.732609075979,426.6527569919,
    10.549170787945));
#1293 = CARTESIAN_POINT('',(41.53978541541,429.45986064108,
    10.530583831506));
#1294 = CARTESIAN_POINT('',(44.14313555365,432.4552756037,
    10.701459047871));
#1295 = CARTESIAN_POINT('',(46.527463566877,435.62020068261,
    11.014940648395));
#1296 = CARTESIAN_POINT('',(48.684029218924,438.94140505921,
    11.400353604145));
#1297 = CARTESIAN_POINT('',(50.603802299967,442.40450722796,
    11.794077426828));
#1298 = CARTESIAN_POINT('',(52.278490312452,445.99483435779,
    12.130874435299));
#1299 = CARTESIAN_POINT('',(53.700470961798,449.69801080209,
    12.345198471884));
#1300 = CARTESIAN_POINT('',(54.861156308945,453.49370475715,
    12.372198214322));
#1301 = CARTESIAN_POINT('',(55.454874131353,456.06739055137,
    12.30139643499));
#1302 = CARTESIAN_POINT('',(55.707342660655,457.36458951238,12.35));
#1303 = CARTESIAN_POINT('',(2.901374574218,412.83147516704,
    6.863461928879));
#1304 = CARTESIAN_POINT('',(4.19122151976,412.89909031765,6.918638474455
    ));
#1305 = CARTESIAN_POINT('',(6.767452435788,413.12469548048,
    7.097674769045));
#1306 = CARTESIAN_POINT('',(10.592600415371,413.7310045131,
    7.529422770977));
#1307 = CARTESIAN_POINT('',(14.364644011137,414.60226093766,
    8.083175117703));
#1308 = CARTESIAN_POINT('',(18.065814640218,415.73410835506,
    8.717621005789));
#1309 = CARTESIAN_POINT('',(21.678636025454,417.12103757669,9.3915035387
    ));
#1310 = CARTESIAN_POINT('',(25.186011658772,418.75643585589,
    10.063812156293));
#1311 = CARTESIAN_POINT('',(28.571303023242,420.63260652682,
    10.692791431436));
#1312 = CARTESIAN_POINT('',(31.818411499369,422.74081270165,
    11.239399117702));
#1313 = CARTESIAN_POINT('',(34.911828056116,425.07131158543,
    11.654204275576));
#1314 = CARTESIAN_POINT('',(37.836810848451,427.61348948438,
    11.925819436644));
#1315 = CARTESIAN_POINT('',(40.579063506023,430.35567113286,
    11.900407582137));
#1316 = CARTESIAN_POINT('',(43.122204004501,433.28180887718,
    12.134026042011));
#1317 = CARTESIAN_POINT('',(45.451387867643,436.37353634965,
    12.562614167727));
#1318 = CARTESIAN_POINT('',(47.558077001306,439.61792873074,
    13.089545943168));
#1319 = CARTESIAN_POINT('',(49.43345004413,443.00093712691,
    13.627840231988));
#1320 = CARTESIAN_POINT('',(51.069406285406,446.5082280564,
    14.088304892023));
#1321 = CARTESIAN_POINT('',(52.458499717073,450.12575835021,
    14.381326035733));
#1322 = CARTESIAN_POINT('',(53.592341019912,453.83366642908,
    14.418239746313));
#1323 = CARTESIAN_POINT('',(54.172327482831,456.3478286601,
    14.321440438096));
#1324 = CARTESIAN_POINT('',(54.41895698238,457.61502631881,14.387890625)
  );
#1325 = DEFINITIONAL_REPRESENTATION('',(#1326),#1332);
#1326 = B_SPLINE_CURVE_WITH_KNOTS('',4,(#1327,#1328,#1329,#1330,#1331),
  .UNSPECIFIED.,.F.,.F.,(5,5),(0.,1.),.PIECEWISE_BEZIER_KNOTS.);
#1327 = CARTESIAN_POINT('',(7.,0.180661068979));
#1328 = CARTESIAN_POINT('',(6.751453771276,0.185221668693));
#1329 = CARTESIAN_POINT('',(6.501785310117,0.189694931949));
#1330 = CARTESIAN_POINT('',(6.251229407419,0.194081155005));
#1331 = CARTESIAN_POINT('',(6.,0.198381314221));
#1332 = ( GEOMETRIC_REPRESENTATION_CONTEXT(2) 
PARAMETRIC_REPRESENTATION_CONTEXT() REPRESENTATION_CONTEXT('2D SPACE',''
  ) );
#1333 = ORIENTED_EDGE('',*,*,#1334,.F.);
#1334 = EDGE_CURVE('',#1335,#1259,#1337,.T.);
#1335 = VERTEX_POINT('',#1336);
#1336 = CARTESIAN_POINT('',(14.270885458436,415.98325489038,
    8.452522164345));
#1337 = SURFACE_CURVE('',#1338,(#1345,#1355),.PCURVE_S1.);
#1338 = B_SPLINE_CURVE_WITH_KNOTS('',5,(#1339,#1340,#1341,#1342,#1343,
    #1344),.UNSPECIFIED.,.F.,.F.,(6,6),(0.,1.),
  .PIECEWISE_BEZIER_KNOTS.);
#1339 = CARTESIAN_POINT('',(14.270885458436,415.98325489038,
    8.452522164345));
#1340 = CARTESIAN_POINT('',(14.609187976052,415.80620680675,
    8.445196305508));
#1341 = CARTESIAN_POINT('',(14.946918332105,415.62945815957,8.4323000856
    ));
#1342 = CARTESIAN_POINT('',(15.284009993397,415.4530437685,8.4137467274)
  );
#1343 = CARTESIAN_POINT('',(15.620395622905,415.27699887387,
    8.389495858942));
#1344 = CARTESIAN_POINT('',(15.956006733796,415.10135931775,
    8.359545558491));
#1345 = PCURVE('',#809,#1346);
#1346 = DEFINITIONAL_REPRESENTATION('',(#1347),#1354);
#1347 = B_SPLINE_CURVE_WITH_KNOTS('',5,(#1348,#1349,#1350,#1351,#1352,
    #1353),.UNSPECIFIED.,.F.,.F.,(6,6),(0.,1.),
  .PIECEWISE_BEZIER_KNOTS.);
#1348 = CARTESIAN_POINT('',(4.728982054369,-8.452522164345));
#1349 = CARTESIAN_POINT('',(5.110812667789,-8.445196305508));
#1350 = CARTESIAN_POINT('',(5.491997501798,-8.4323000856));
#1351 = CARTESIAN_POINT('',(5.872461462624,-8.4137467274));
#1352 = CARTESIAN_POINT('',(6.252128549249,-8.389495858942));
#1353 = CARTESIAN_POINT('',(6.630921462896,-8.359545558491));
#1354 = ( GEOMETRIC_REPRESENTATION_CONTEXT(2) 
PARAMETRIC_REPRESENTATION_CONTEXT() REPRESENTATION_CONTEXT('2D SPACE',''
  ) );
#1355 = PCURVE('',#1356,#1401);
#1356 = ( BOUNDED_SURFACE() B_SPLINE_SURFACE(1,3,(
    (#1357,#1358,#1359,#1360,#1361,#1362,#1363,#1364,#1365,#1366,#1367
      ,#1368,#1369,#1370,#1371,#1372,#1373,#1374,#1375,#1376,#1377,#1378
      )
    ,(#1379,#1380,#1381,#1382,#1383,#1384,#1385,#1386,#1387,#1388,#1389
      ,#1390,#1391,#1392,#1393,#1394,#1395,#1396,#1397,#1398,#1399,#1400
)),.UNSPECIFIED.,.F.,.F.,.F.) B_SPLINE_SURFACE_WITH_KNOTS((2,2),(4,1,1,1
    ,1,1,1,1,1,1,1,1,1,1,1,1,1,1,1,4),(7.,8.),(0.,5.245000615645E-02,
    0.105056142816,0.157827138689,0.210729740208,0.263703235816,
    0.316673593925,0.369567354274,0.422325530646,0.474917777959,
    0.52735694777,0.57971823004,0.632142347135,0.684734332274,
    0.737455393694,0.790192360737,0.842823921577,0.89528663,
0.947644996011,1.),.UNSPECIFIED.) GEOMETRIC_REPRESENTATION_ITEM() 
RATIONAL_B_SPLINE_SURFACE((
    (1.,1.000000000036,0.999999999983,1.000000000004,0.999999999999,1.
      ,1.,1.,1.,1.,1.,1.,1.,1.,1.,1.,1.,1.000000000002,0.999999999994
      ,1.000000000024,0.999999999949,1.)
    ,(1.,1.000000000036,0.999999999983,1.000000000004,0.999999999999,1.
      ,1.,1.,1.,1.,1.,1.,1.,1.,1.,1.,1.,1.000000000002,0.999999999994
,1.000000000024,0.999999999949,1.
  ))) REPRESENTATION_ITEM('') SURFACE() );
#1357 = CARTESIAN_POINT('',(2.901374574218,412.83147516704,
    6.863461928879));
#1358 = CARTESIAN_POINT('',(4.19122151976,412.89909031765,6.918638474455
    ));
#1359 = CARTESIAN_POINT('',(6.767452435788,413.12469548048,
    7.097674769045));
#1360 = CARTESIAN_POINT('',(10.592600415371,413.7310045131,
    7.529422770977));
#1361 = CARTESIAN_POINT('',(14.364644011137,414.60226093766,
    8.083175117703));
#1362 = CARTESIAN_POINT('',(18.065814640218,415.73410835506,
    8.717621005789));
#1363 = CARTESIAN_POINT('',(21.678636025454,417.12103757669,9.3915035387
    ));
#1364 = CARTESIAN_POINT('',(25.186011658772,418.75643585589,
    10.063812156293));
#1365 = CARTESIAN_POINT('',(28.571303023242,420.63260652682,
    10.692791431436));
#1366 = CARTESIAN_POINT('',(31.818411499369,422.74081270165,
    11.239399117702));
#1367 = CARTESIAN_POINT('',(34.911828056116,425.07131158543,
    11.654204275576));
#1368 = CARTESIAN_POINT('',(37.836810848451,427.61348948438,
    11.925819436644));
#1369 = CARTESIAN_POINT('',(40.579063506023,430.35567113286,
    11.900407582137));
#1370 = CARTESIAN_POINT('',(43.122204004501,433.28180887718,
    12.134026042011));
#1371 = CARTESIAN_POINT('',(45.451387867643,436.37353634965,
    12.562614167727));
#1372 = CARTESIAN_POINT('',(47.558077001306,439.61792873074,
    13.089545943168));
#1373 = CARTESIAN_POINT('',(49.43345004413,443.00093712691,
    13.627840231988));
#1374 = CARTESIAN_POINT('',(51.069406285406,446.5082280564,
    14.088304892023));
#1375 = CARTESIAN_POINT('',(52.458499717073,450.12575835021,
    14.381326035733));
#1376 = CARTESIAN_POINT('',(53.592341019912,453.83366642908,
    14.418239746313));
#1377 = CARTESIAN_POINT('',(54.172327482831,456.3478286601,
    14.321440438096));
#1378 = CARTESIAN_POINT('',(54.41895698238,457.61502631881,14.387890625)
  );
#1379 = CARTESIAN_POINT('',(2.832683631649,414.1421764314,6.878330152216
    ));
#1380 = CARTESIAN_POINT('',(4.09199305038,414.20819077876,6.946433774169
    ));
#1381 = CARTESIAN_POINT('',(6.607230901454,414.42845466004,
    7.167415714943));
#1382 = CARTESIAN_POINT('',(10.341817316412,415.02040914211,
    7.700316105889));
#1383 = CARTESIAN_POINT('',(14.024556610664,415.87103829969,
    8.383804716709));
#1384 = CARTESIAN_POINT('',(17.638100877593,416.97608887884,
    9.166892212859));
#1385 = CARTESIAN_POINT('',(21.165387596442,418.33018212108,
    9.998655796339));
#1386 = CARTESIAN_POINT('',(24.589725024235,419.92686183901,
    10.828476718625));
#1387 = CARTESIAN_POINT('',(27.894868566097,421.75861358763,
    11.604816852515));
#1388 = CARTESIAN_POINT('',(31.065100742338,423.81690732765,
    12.279486910992));
#1389 = CARTESIAN_POINT('',(34.08527970304,426.09223092783,
    12.791474991568));
#1390 = CARTESIAN_POINT('',(36.941012620923,428.57422197686,
    13.126725704658));
#1391 = CARTESIAN_POINT('',(39.618341596636,431.25148162464,
    13.095360215667));
#1392 = CARTESIAN_POINT('',(42.101272455353,434.10834215067,
    13.383712143282));
#1393 = CARTESIAN_POINT('',(44.375312168409,437.12687201668,
    13.912712344166));
#1394 = CARTESIAN_POINT('',(46.432124783686,440.29445240227,
    14.563096706996));
#1395 = CARTESIAN_POINT('',(48.2630977883,443.59736702583,
    15.227505657766));
#1396 = CARTESIAN_POINT('',(49.860322258331,447.02162175516,
    15.795850609587));
#1397 = CARTESIAN_POINT('',(51.216528472452,450.55350589781,
    16.157522421233));
#1398 = CARTESIAN_POINT('',(52.32352573049,454.17362810294,
    16.203084486934));
#1399 = CARTESIAN_POINT('',(52.889780835147,456.62826676463,
    16.083606483474));
#1400 = CARTESIAN_POINT('',(53.130571304105,457.86546312524,16.165625));
#1401 = DEFINITIONAL_REPRESENTATION('',(#1402),#1407);
#1402 = B_SPLINE_CURVE_WITH_KNOTS('',3,(#1403,#1404,#1405,#1406),
  .UNSPECIFIED.,.F.,.F.,(4,4),(0.,1.),.PIECEWISE_BEZIER_KNOTS.);
#1403 = CARTESIAN_POINT('',(8.,0.161627849402));
#1404 = CARTESIAN_POINT('',(7.669865032745,0.168147329928));
#1405 = CARTESIAN_POINT('',(7.336257908242,0.174491064667));
#1406 = CARTESIAN_POINT('',(7.,0.180661068979));
#1407 = ( GEOMETRIC_REPRESENTATION_CONTEXT(2) 
PARAMETRIC_REPRESENTATION_CONTEXT() REPRESENTATION_CONTEXT('2D SPACE',''
  ) );
#1408 = ORIENTED_EDGE('',*,*,#1409,.F.);
#1409 = EDGE_CURVE('',#1410,#1335,#1412,.T.);
#1410 = VERTEX_POINT('',#1411);
#1411 = CARTESIAN_POINT('',(12.537693660718,416.89030781013,
    8.356756567764));
#1412 = SURFACE_CURVE('',#1413,(#1419,#1428),.PCURVE_S1.);
#1413 = B_SPLINE_CURVE_WITH_KNOTS('',4,(#1414,#1415,#1416,#1417,#1418),
  .UNSPECIFIED.,.F.,.F.,(5,5),(0.,1.),.PIECEWISE_BEZIER_KNOTS.);
#1414 = CARTESIAN_POINT('',(12.537693660718,416.89030781013,
    8.356756567764));
#1415 = CARTESIAN_POINT('',(12.971970991111,416.66303202851,
    8.390433425185));
#1416 = CARTESIAN_POINT('',(13.405626017345,416.43608192511,
    8.417871593089));
#1417 = CARTESIAN_POINT('',(13.838621161993,416.20947716579,
    8.438646705963));
#1418 = CARTESIAN_POINT('',(14.270885458436,415.98325489038,
    8.452522164345));
#1419 = PCURVE('',#809,#1420);
#1420 = DEFINITIONAL_REPRESENTATION('',(#1421),#1427);
#1421 = B_SPLINE_CURVE_WITH_KNOTS('',4,(#1422,#1423,#1424,#1425,#1426),
  .UNSPECIFIED.,.F.,.F.,(5,5),(0.,1.),.PIECEWISE_BEZIER_KNOTS.);
#1422 = CARTESIAN_POINT('',(2.77278707255,-8.356756567764));
#1423 = CARTESIAN_POINT('',(3.262941212184,-8.390433425185));
#1424 = CARTESIAN_POINT('',(3.752392978156,-8.417871593089));
#1425 = CARTESIAN_POINT('',(4.241099958092,-8.438646705963));
#1426 = CARTESIAN_POINT('',(4.728982054369,-8.452522164345));
#1427 = ( GEOMETRIC_REPRESENTATION_CONTEXT(2) 
PARAMETRIC_REPRESENTATION_CONTEXT() REPRESENTATION_CONTEXT('2D SPACE',''
  ) );
#1428 = PCURVE('',#1429,#1474);
#1429 = ( BOUNDED_SURFACE() B_SPLINE_SURFACE(1,3,(
    (#1430,#1431,#1432,#1433,#1434,#1435,#1436,#1437,#1438,#1439,#1440
      ,#1441,#1442,#1443,#1444,#1445,#1446,#1447,#1448,#1449,#1450,#1451
      )
    ,(#1452,#1453,#1454,#1455,#1456,#1457,#1458,#1459,#1460,#1461,#1462
      ,#1463,#1464,#1465,#1466,#1467,#1468,#1469,#1470,#1471,#1472,#1473
)),.UNSPECIFIED.,.F.,.F.,.F.) B_SPLINE_SURFACE_WITH_KNOTS((2,2),(4,1,1,1
    ,1,1,1,1,1,1,1,1,1,1,1,1,1,1,1,4),(8.,9.),(0.,5.245000615645E-02,
    0.105056142816,0.157827138689,0.210729740208,0.263703235816,
    0.316673593925,0.369567354274,0.422325530646,0.474917777959,
    0.52735694777,0.57971823004,0.632142347135,0.684734332274,
    0.737455393694,0.790192360737,0.842823921577,0.89528663,
0.947644996011,1.),.UNSPECIFIED.) GEOMETRIC_REPRESENTATION_ITEM() 
RATIONAL_B_SPLINE_SURFACE((
    (1.,1.000000000036,0.999999999983,1.000000000004,0.999999999999,1.
      ,1.,1.,1.,1.,1.,1.,1.,1.,1.,1.,1.,1.000000000002,0.999999999994
      ,1.000000000024,0.999999999949,1.)
    ,(1.,1.000000000036,0.999999999983,1.000000000004,0.999999999999,1.
      ,1.,1.,1.,1.,1.,1.,1.,1.,1.,1.,1.,1.000000000002,0.999999999994
,1.000000000024,0.999999999949,1.
  ))) REPRESENTATION_ITEM('') SURFACE() );
#1430 = CARTESIAN_POINT('',(2.832683631649,414.1421764314,6.878330152216
    ));
#1431 = CARTESIAN_POINT('',(4.09199305038,414.20819077876,6.946433774169
    ));
#1432 = CARTESIAN_POINT('',(6.607230901454,414.42845466004,
    7.167415714943));
#1433 = CARTESIAN_POINT('',(10.341817316412,415.02040914211,
    7.700316105889));
#1434 = CARTESIAN_POINT('',(14.024556610664,415.87103829969,
    8.383804716709));
#1435 = CARTESIAN_POINT('',(17.638100877593,416.97608887884,
    9.166892212859));
#1436 = CARTESIAN_POINT('',(21.165387596442,418.33018212108,
    9.998655796339));
#1437 = CARTESIAN_POINT('',(24.589725024235,419.92686183901,
    10.828476718625));
#1438 = CARTESIAN_POINT('',(27.894868566097,421.75861358763,
    11.604816852515));
#1439 = CARTESIAN_POINT('',(31.065100742338,423.81690732765,
    12.279486910992));
#1440 = CARTESIAN_POINT('',(34.08527970304,426.09223092783,
    12.791474991568));
#1441 = CARTESIAN_POINT('',(36.941012620923,428.57422197686,
    13.126725704658));
#1442 = CARTESIAN_POINT('',(39.618341596636,431.25148162464,
    13.095360215667));
#1443 = CARTESIAN_POINT('',(42.101272455353,434.10834215067,
    13.383712143282));
#1444 = CARTESIAN_POINT('',(44.375312168409,437.12687201668,
    13.912712344166));
#1445 = CARTESIAN_POINT('',(46.432124783686,440.29445240227,
    14.563096706996));
#1446 = CARTESIAN_POINT('',(48.2630977883,443.59736702583,
    15.227505657766));
#1447 = CARTESIAN_POINT('',(49.860322258331,447.02162175516,
    15.795850609587));
#1448 = CARTESIAN_POINT('',(51.216528472452,450.55350589781,
    16.157522421233));
#1449 = CARTESIAN_POINT('',(52.32352573049,454.17362810294,
    16.203084486934));
#1450 = CARTESIAN_POINT('',(52.889780835147,456.62826676463,
    16.083606483474));
#1451 = CARTESIAN_POINT('',(53.130571304105,457.86546312524,16.165625));
#1452 = CARTESIAN_POINT('',(2.76399268908,415.45287769577,6.88884670043)
  );
#1453 = CARTESIAN_POINT('',(3.992764581941,415.51729121876,6.96609386434
    ));
#1454 = CARTESIAN_POINT('',(6.447009366683,415.73221384942,
    7.216744676615));
#1455 = CARTESIAN_POINT('',(10.091034217572,416.30981376848,
    7.82119187938));
#1456 = CARTESIAN_POINT('',(13.68446921016,417.13981566243,
    8.596445164781));
#1457 = CARTESIAN_POINT('',(17.210387114977,418.21806940243,
    9.484669408106));
#1458 = CARTESIAN_POINT('',(20.652139167428,419.53932666552,
    10.42810495418));
#1459 = CARTESIAN_POINT('',(23.993438389699,421.09728782212,
    11.369337018811));
#1460 = CARTESIAN_POINT('',(27.218434108951,422.88462064844,
    12.24990800401));
#1461 = CARTESIAN_POINT('',(30.311789985307,424.89300195366,
    13.015158764783));
#1462 = CARTESIAN_POINT('',(33.258731349964,427.11315027022,
    13.595885985806));
#1463 = CARTESIAN_POINT('',(36.045214393395,429.53495446933,
    13.976147211302));
#1464 = CARTESIAN_POINT('',(38.657619687249,432.14729211642,
    13.940570614992));
#1465 = CARTESIAN_POINT('',(41.080340906205,434.93487542415,
    14.267636458815));
#1466 = CARTESIAN_POINT('',(43.299236469175,437.88020768371,
    14.867659834819));
#1467 = CARTESIAN_POINT('',(45.306172566068,440.97097607381,
    15.605364320434));
#1468 = CARTESIAN_POINT('',(47.092745532462,444.19379692475,
    16.358976324786));
#1469 = CARTESIAN_POINT('',(48.651238231289,447.53501545391,
    17.003626848819));
#1470 = CARTESIAN_POINT('',(49.974557227712,450.98125344542,
    17.413856450078));
#1471 = CARTESIAN_POINT('',(51.054710441516,454.51358977674,
    17.465535644649));
#1472 = CARTESIAN_POINT('',(51.6072341865,456.90870486931,
    17.330016613744));
#1473 = CARTESIAN_POINT('',(51.84218562583,458.11589993167,17.423046875)
  );
#1474 = DEFINITIONAL_REPRESENTATION('',(#1475),#1481);
#1475 = B_SPLINE_CURVE_WITH_KNOTS('',4,(#1476,#1477,#1478,#1479,#1480),
  .UNSPECIFIED.,.F.,.F.,(5,5),(0.,1.),.PIECEWISE_BEZIER_KNOTS.);
#1476 = CARTESIAN_POINT('',(9.,0.141097403921));
#1477 = CARTESIAN_POINT('',(8.753237603094,0.146366045283));
#1478 = CARTESIAN_POINT('',(8.504225536303,0.15154292974));
#1479 = CARTESIAN_POINT('',(8.253097186592,0.15662972361));
#1480 = CARTESIAN_POINT('',(8.,0.161627849402));
#1481 = ( GEOMETRIC_REPRESENTATION_CONTEXT(2) 
PARAMETRIC_REPRESENTATION_CONTEXT() REPRESENTATION_CONTEXT('2D SPACE',''
  ) );
#1482 = ORIENTED_EDGE('',*,*,#1483,.F.);
#1483 = EDGE_CURVE('',#1484,#1410,#1486,.T.);
#1484 = VERTEX_POINT('',#1485);
#1485 = CARTESIAN_POINT('',(10.747858055589,417.82700484137,
    8.090070855487));
#1486 = SURFACE_CURVE('',#1487,(#1493,#1502),.PCURVE_S1.);
#1487 = B_SPLINE_CURVE_WITH_KNOTS('',4,(#1488,#1489,#1490,#1491,#1492),
  .UNSPECIFIED.,.F.,.F.,(5,5),(0.,1.),.PIECEWISE_BEZIER_KNOTS.);
#1488 = CARTESIAN_POINT('',(10.747858055589,417.82700484137,
    8.090070855487));
#1489 = CARTESIAN_POINT('',(11.196595953213,417.59216123042,
    8.159402768781));
#1490 = CARTESIAN_POINT('',(11.644435110035,417.35778796873,
    8.227254520892));
#1491 = CARTESIAN_POINT('',(12.091450868751,417.12384562625,
    8.293151016591));
#1492 = CARTESIAN_POINT('',(12.537693660718,416.89030781013,
    8.356756567764));
#1493 = PCURVE('',#809,#1494);
#1494 = DEFINITIONAL_REPRESENTATION('',(#1495),#1501);
#1495 = B_SPLINE_CURVE_WITH_KNOTS('',4,(#1496,#1497,#1498,#1499,#1500),
  .UNSPECIFIED.,.F.,.F.,(5,5),(0.,1.),.PIECEWISE_BEZIER_KNOTS.);
#1496 = CARTESIAN_POINT('',(0.752660140468,-8.090070855487));
#1497 = CARTESIAN_POINT('',(1.259135433416,-8.159402768781));
#1498 = CARTESIAN_POINT('',(1.764596348007,-8.227254520892));
#1499 = CARTESIAN_POINT('',(2.269127920996,-8.293151016591));
#1500 = CARTESIAN_POINT('',(2.77278707255,-8.356756567764));
#1501 = ( GEOMETRIC_REPRESENTATION_CONTEXT(2) 
PARAMETRIC_REPRESENTATION_CONTEXT() REPRESENTATION_CONTEXT('2D SPACE',''
  ) );
#1502 = PCURVE('',#1503,#1548);
#1503 = ( BOUNDED_SURFACE() B_SPLINE_SURFACE(1,3,(
    (#1504,#1505,#1506,#1507,#1508,#1509,#1510,#1511,#1512,#1513,#1514
      ,#1515,#1516,#1517,#1518,#1519,#1520,#1521,#1522,#1523,#1524,#1525
      )
    ,(#1526,#1527,#1528,#1529,#1530,#1531,#1532,#1533,#1534,#1535,#1536
      ,#1537,#1538,#1539,#1540,#1541,#1542,#1543,#1544,#1545,#1546,#1547
)),.UNSPECIFIED.,.F.,.F.,.F.) B_SPLINE_SURFACE_WITH_KNOTS((2,2),(4,1,1,1
    ,1,1,1,1,1,1,1,1,1,1,1,1,1,1,1,4),(9.,10.),(0.,5.245000615645E-02,
    0.105056142816,0.157827138689,0.210729740208,0.263703235816,
    0.316673593925,0.369567354274,0.422325530646,0.474917777959,
    0.52735694777,0.57971823004,0.632142347135,0.684734332274,
    0.737455393694,0.790192360737,0.842823921577,0.89528663,
0.947644996011,1.),.UNSPECIFIED.) GEOMETRIC_REPRESENTATION_ITEM() 
RATIONAL_B_SPLINE_SURFACE((
    (1.,1.000000000036,0.999999999983,1.000000000004,0.999999999999,1.
      ,1.,1.,1.,1.,1.,1.,1.,1.,1.,1.,1.,1.000000000002,0.999999999994
      ,1.000000000024,0.999999999949,1.)
    ,(1.,1.000000000036,0.999999999983,1.000000000004,0.999999999999,1.
      ,1.,1.,1.,1.,1.,1.,1.,1.,1.,1.,1.,1.000000000002,0.999999999994
,1.000000000024,0.999999999949,1.
  ))) REPRESENTATION_ITEM('') SURFACE() );
#1504 = CARTESIAN_POINT('',(2.76399268908,415.45287769577,6.88884670043)
  );
#1505 = CARTESIAN_POINT('',(3.992764581941,415.51729121876,6.96609386434
    ));
#1506 = CARTESIAN_POINT('',(6.447009366683,415.73221384942,
    7.216744676615));
#1507 = CARTESIAN_POINT('',(10.091034217572,416.30981376848,
    7.82119187938));
#1508 = CARTESIAN_POINT('',(13.68446921016,417.13981566243,
    8.596445164781));
#1509 = CARTESIAN_POINT('',(17.210387114977,418.21806940243,
    9.484669408106));
#1510 = CARTESIAN_POINT('',(20.652139167428,419.53932666552,
    10.42810495418));
#1511 = CARTESIAN_POINT('',(23.993438389699,421.09728782212,
    11.369337018811));
#1512 = CARTESIAN_POINT('',(27.218434108951,422.88462064844,
    12.24990800401));
#1513 = CARTESIAN_POINT('',(30.311789985307,424.89300195366,
    13.015158764783));
#1514 = CARTESIAN_POINT('',(33.258731349964,427.11315027022,
    13.595885985806));
#1515 = CARTESIAN_POINT('',(36.045214393395,429.53495446933,
    13.976147211302));
#1516 = CARTESIAN_POINT('',(38.657619687249,432.14729211642,
    13.940570614992));
#1517 = CARTESIAN_POINT('',(41.080340906205,434.93487542415,
    14.267636458815));
#1518 = CARTESIAN_POINT('',(43.299236469175,437.88020768371,
    14.867659834819));
#1519 = CARTESIAN_POINT('',(45.306172566068,440.97097607381,
    15.605364320434));
#1520 = CARTESIAN_POINT('',(47.092745532462,444.19379692475,
    16.358976324786));
#1521 = CARTESIAN_POINT('',(48.651238231289,447.53501545391,
    17.003626848819));
#1522 = CARTESIAN_POINT('',(49.974557227712,450.98125344542,
    17.413856450078));
#1523 = CARTESIAN_POINT('',(51.054710441516,454.51358977674,
    17.465535644649));
#1524 = CARTESIAN_POINT('',(51.6072341865,456.90870486931,
    17.330016613744));
#1525 = CARTESIAN_POINT('',(51.84218562583,458.11589993167,17.423046875)
  );
#1526 = CARTESIAN_POINT('',(2.695301746512,416.76357896014,
    6.892835735959));
#1527 = CARTESIAN_POINT('',(3.89353611268,416.82639168764,6.973551139748
    ));
#1528 = CARTESIAN_POINT('',(6.286787832294,417.03597302536,
    7.235455662158));
#1529 = CARTESIAN_POINT('',(9.840251118628,417.59921839847,
    7.867041310683));
#1530 = CARTESIAN_POINT('',(13.344381809683,418.40859302419,
    8.67710188647));
#1531 = CARTESIAN_POINT('',(16.782673352353,419.46004992628,
    9.605205585611));
#1532 = CARTESIAN_POINT('',(20.138890738416,420.7484712099,
    10.590999462327));
#1533 = CARTESIAN_POINT('',(23.397151755162,422.26771380525,
    11.574490925778));
#1534 = CARTESIAN_POINT('',(26.541999651806,424.01062770925,
    12.494597751129));
#1535 = CARTESIAN_POINT('',(29.558479228275,425.96909657966,
    13.294206709324));
#1536 = CARTESIAN_POINT('',(32.432182996888,428.13406961262,
    13.901007397413));
#1537 = CARTESIAN_POINT('',(35.149416165866,430.49568696181,
    14.298341575891));
#1538 = CARTESIAN_POINT('',(37.696897777862,433.0431026082,
    14.261167663012));
#1539 = CARTESIAN_POINT('',(40.059409357056,435.76140869763,
    14.602918095742));
#1540 = CARTESIAN_POINT('',(42.223160769942,438.63354335075,
    15.22988129679));
#1541 = CARTESIAN_POINT('',(44.180220348447,441.64749974533,
    16.000707208291));
#1542 = CARTESIAN_POINT('',(45.922393276635,444.79022682375,
    16.78815485365));
#1543 = CARTESIAN_POINT('',(47.442154204203,448.04840915236,
    17.46174887062));
#1544 = CARTESIAN_POINT('',(48.732585983134,451.40900099416,
    17.890396943689));
#1545 = CARTESIAN_POINT('',(49.785895151936,454.85355144636,
    17.944396428939));
#1546 = CARTESIAN_POINT('',(50.324687539158,457.18914298298,
    17.802792869345));
#1547 = CARTESIAN_POINT('',(50.553799947555,458.3663367381,17.9));
#1548 = DEFINITIONAL_REPRESENTATION('',(#1549),#1554);
#1549 = B_SPLINE_CURVE_WITH_KNOTS('',3,(#1550,#1551,#1552,#1553),
  .UNSPECIFIED.,.F.,.F.,(4,4),(0.,1.),.PIECEWISE_BEZIER_KNOTS.);
#1550 = CARTESIAN_POINT('',(10.,0.118840107637));
#1551 = CARTESIAN_POINT('',(9.671544748056,0.1264641058));
#1552 = CARTESIAN_POINT('',(9.338081611739,0.133878974428));
#1553 = CARTESIAN_POINT('',(9.,0.141097403921));
#1554 = ( GEOMETRIC_REPRESENTATION_CONTEXT(2) 
PARAMETRIC_REPRESENTATION_CONTEXT() REPRESENTATION_CONTEXT('2D SPACE',''
  ) );
#1555 = ORIENTED_EDGE('',*,*,#1556,.F.);
#1556 = EDGE_CURVE('',#1557,#1484,#1559,.T.);
#1557 = VERTEX_POINT('',#1558);
#1558 = CARTESIAN_POINT('',(10.081,418.176,7.967790204114));
#1559 = SURFACE_CURVE('',#1560,(#1566,#1575),.PCURVE_S1.);
#1560 = B_SPLINE_CURVE_WITH_KNOTS('',4,(#1561,#1562,#1563,#1564,#1565),
  .UNSPECIFIED.,.F.,.F.,(5,5),(0.,1.),.PIECEWISE_BEZIER_KNOTS.);
#1561 = CARTESIAN_POINT('',(10.081,418.176,7.967790204114));
#1562 = CARTESIAN_POINT('',(10.247755423562,418.08872980057,
    7.998086870924));
#1563 = CARTESIAN_POINT('',(10.414481842309,418.0014747806,
    8.028579093484));
#1564 = CARTESIAN_POINT('',(10.581181876575,417.91423356875,
    8.059246618089));
#1565 = CARTESIAN_POINT('',(10.747858055589,417.82700484137,
    8.090070855487));
#1566 = PCURVE('',#809,#1567);
#1567 = DEFINITIONAL_REPRESENTATION('',(#1568),#1574);
#1568 = B_SPLINE_CURVE_WITH_KNOTS('',4,(#1569,#1570,#1571,#1572,#1573),
  .UNSPECIFIED.,.F.,.F.,(5,5),(0.,1.),.PIECEWISE_BEZIER_KNOTS.);
#1569 = CARTESIAN_POINT('',(0.,-7.967790204114));
#1570 = CARTESIAN_POINT('',(0.188211208473,-7.998086870924));
#1571 = CARTESIAN_POINT('',(0.37638968019,-8.028579093484));
#1572 = CARTESIAN_POINT('',(0.564538372638,-8.059246618089));
#1573 = CARTESIAN_POINT('',(0.752660140468,-8.090070855487));
#1574 = ( GEOMETRIC_REPRESENTATION_CONTEXT(2) 
PARAMETRIC_REPRESENTATION_CONTEXT() REPRESENTATION_CONTEXT('2D SPACE',''
  ) );
#1575 = PCURVE('',#1576,#1621);
#1576 = ( BOUNDED_SURFACE() B_SPLINE_SURFACE(1,3,(
    (#1577,#1578,#1579,#1580,#1581,#1582,#1583,#1584,#1585,#1586,#1587
      ,#1588,#1589,#1590,#1591,#1592,#1593,#1594,#1595,#1596,#1597,#1598
      )
    ,(#1599,#1600,#1601,#1602,#1603,#1604,#1605,#1606,#1607,#1608,#1609
      ,#1610,#1611,#1612,#1613,#1614,#1615,#1616,#1617,#1618,#1619,#1620
)),.UNSPECIFIED.,.F.,.F.,.F.) B_SPLINE_SURFACE_WITH_KNOTS((2,2),(4,1,1,1
    ,1,1,1,1,1,1,1,1,1,1,1,1,1,1,1,4),(10.,11.),(0.,5.245000615645E-02,
    0.105056142816,0.157827138689,0.210729740208,0.263703235816,
    0.316673593925,0.369567354274,0.422325530646,0.474917777959,
    0.52735694777,0.57971823004,0.632142347135,0.684734332274,
    0.737455393694,0.790192360737,0.842823921577,0.89528663,
0.947644996011,1.),.UNSPECIFIED.) GEOMETRIC_REPRESENTATION_ITEM() 
RATIONAL_B_SPLINE_SURFACE((
    (1.,1.000000000036,0.999999999983,1.000000000004,0.999999999999,1.
      ,1.,1.,1.,1.,1.,1.,1.,1.,1.,1.,1.,1.000000000002,0.999999999994
      ,1.000000000024,0.999999999949,1.)
    ,(1.,1.000000000036,0.999999999983,1.000000000004,0.999999999999,1.
      ,1.,1.,1.,1.,1.,1.,1.,1.,1.,1.,1.,1.000000000002,0.999999999994
,1.000000000024,0.999999999949,1.
  ))) REPRESENTATION_ITEM('') SURFACE() );
#1577 = CARTESIAN_POINT('',(2.695301746512,416.76357896014,
    6.892835735959));
#1578 = CARTESIAN_POINT('',(3.89353611268,416.82639168764,6.973551139748
    ));
#1579 = CARTESIAN_POINT('',(6.286787832294,417.03597302536,
    7.235455662158));
#1580 = CARTESIAN_POINT('',(9.840251118628,417.59921839847,
    7.867041310683));
#1581 = CARTESIAN_POINT('',(13.344381809683,418.40859302419,
    8.67710188647));
#1582 = CARTESIAN_POINT('',(16.782673352353,419.46004992628,
    9.605205585611));
#1583 = CARTESIAN_POINT('',(20.138890738416,420.7484712099,
    10.590999462327));
#1584 = CARTESIAN_POINT('',(23.397151755162,422.26771380525,
    11.574490925778));
#1585 = CARTESIAN_POINT('',(26.541999651806,424.01062770925,
    12.494597751129));
#1586 = CARTESIAN_POINT('',(29.558479228275,425.96909657966,
    13.294206709324));
#1587 = CARTESIAN_POINT('',(32.432182996888,428.13406961262,
    13.901007397413));
#1588 = CARTESIAN_POINT('',(35.149416165866,430.49568696181,
    14.298341575891));
#1589 = CARTESIAN_POINT('',(37.696897777862,433.0431026082,
    14.261167663012));
#1590 = CARTESIAN_POINT('',(40.059409357056,435.76140869763,
    14.602918095742));
#1591 = CARTESIAN_POINT('',(42.223160769942,438.63354335075,
    15.22988129679));
#1592 = CARTESIAN_POINT('',(44.180220348447,441.64749974533,
    16.000707208291));
#1593 = CARTESIAN_POINT('',(45.922393276635,444.79022682375,
    16.78815485365));
#1594 = CARTESIAN_POINT('',(47.442154204203,448.04840915236,
    17.46174887062));
#1595 = CARTESIAN_POINT('',(48.732585983134,451.40900099416,
    17.890396943689));
#1596 = CARTESIAN_POINT('',(49.785895151936,454.85355144636,
    17.944396428939));
#1597 = CARTESIAN_POINT('',(50.324687539158,457.18914298298,
    17.802792869345));
#1598 = CARTESIAN_POINT('',(50.553799947555,458.3663367381,17.9));
#1599 = CARTESIAN_POINT('',(1.884094424746,432.24233674883,
    6.892835735959));
#1600 = CARTESIAN_POINT('',(2.721695147289,432.2862446635,6.973551139748
    ));
#1601 = CARTESIAN_POINT('',(4.394647804838,432.43274813952,
    7.235455662158));
#1602 = CARTESIAN_POINT('',(6.878622141247,432.82647305382,
    7.867041310683));
#1603 = CARTESIAN_POINT('',(9.328111556264,433.39224949302,8.67710188647
    ));
#1604 = CARTESIAN_POINT('',(11.731577489028,434.12724849206,
    9.605205585611));
#1605 = CARTESIAN_POINT('',(14.077671195785,435.02789249627,
    10.590999462327));
#1606 = CARTESIAN_POINT('',(16.355290547298,436.08988732017,
    11.574490925778));
#1607 = CARTESIAN_POINT('',(18.553630824563,437.30823490355,
    12.494597751129));
#1608 = CARTESIAN_POINT('',(20.662237907144,438.67726168675,
    13.294206709324));
#1609 = CARTESIAN_POINT('',(22.671040541514,440.19064089426,
    13.901007397413));
#1610 = CARTESIAN_POINT('',(24.570465669344,441.84148020631,
    14.298341575891));
#1611 = CARTESIAN_POINT('',(26.351229514622,443.62219793971,
    14.261167663012));
#1612 = CARTESIAN_POINT('',(28.002693919496,445.52237307019,
    14.602918095742));
#1613 = CARTESIAN_POINT('',(29.515219178988,447.53007884713,
    15.22988129679));
#1614 = CARTESIAN_POINT('',(30.883260826101,449.63692215206,
    16.000707208291));
#1615 = CARTESIAN_POINT('',(32.101090445796,451.83377991565,
    16.78815485365));
#1616 = CARTESIAN_POINT('',(33.16344759908,454.11134426175,
    17.46174887062));
#1617 = CARTESIAN_POINT('',(34.065496997825,456.46049584092,
    17.890396943689));
#1618 = CARTESIAN_POINT('',(34.801790786167,458.86833693211,
    17.944396428939));
#1619 = CARTESIAN_POINT('',(35.17842235672,460.50098344715,
    17.802792869345));
#1620 = CARTESIAN_POINT('',(35.338578604116,461.32387616644,17.9));
#1621 = DEFINITIONAL_REPRESENTATION('',(#1622),#1627);
#1622 = B_SPLINE_CURVE_WITH_KNOTS('',3,(#1623,#1624,#1625,#1626),
  .UNSPECIFIED.,.F.,.F.,(4,4),(0.,1.),.PIECEWISE_BEZIER_KNOTS.);
#1623 = CARTESIAN_POINT('',(10.030786630836,0.110265228689));
#1624 = CARTESIAN_POINT('',(10.020593320956,0.11315015847));
#1625 = CARTESIAN_POINT('',(10.010330570774,0.116008292623));
#1626 = CARTESIAN_POINT('',(10.,0.118840107637));
#1627 = ( GEOMETRIC_REPRESENTATION_CONTEXT(2) 
PARAMETRIC_REPRESENTATION_CONTEXT() REPRESENTATION_CONTEXT('2D SPACE',''
  ) );
#1628 = ORIENTED_EDGE('',*,*,#1629,.T.);
#1629 = EDGE_CURVE('',#1557,#1630,#1632,.T.);
#1630 = VERTEX_POINT('',#1631);
#1631 = CARTESIAN_POINT('',(10.081,418.176,18.3));
#1632 = SURFACE_CURVE('',#1633,(#1637,#1644),.PCURVE_S1.);
#1633 = LINE('',#1634,#1635);
#1634 = CARTESIAN_POINT('',(10.081,418.176,0.));
#1635 = VECTOR('',#1636,1.);
#1636 = DIRECTION('',(-0.,-0.,1.));
#1637 = PCURVE('',#809,#1638);
#1638 = DEFINITIONAL_REPRESENTATION('',(#1639),#1643);
#1639 = LINE('',#1640,#1641);
#1640 = CARTESIAN_POINT('',(0.,0.));
#1641 = VECTOR('',#1642,1.);
#1642 = DIRECTION('',(0.,-1.));
#1643 = ( GEOMETRIC_REPRESENTATION_CONTEXT(2) 
PARAMETRIC_REPRESENTATION_CONTEXT() REPRESENTATION_CONTEXT('2D SPACE',''
  ) );
#1644 = PCURVE('',#1645,#1650);
#1645 = CYLINDRICAL_SURFACE('',#1646,51.051679222198);
#1646 = AXIS2_PLACEMENT_3D('',#1647,#1648,#1649);
#1647 = CARTESIAN_POINT('',(-1.680935954139E-02,468.21906343085,0.));
#1648 = DIRECTION('',(0.,-0.,-1.));
#1649 = DIRECTION('',(0.721422094643,-0.692495603856,0.));
#1650 = DEFINITIONAL_REPRESENTATION('',(#1651),#1655);
#1651 = LINE('',#1652,#1653);
#1652 = CARTESIAN_POINT('',(0.606744892209,0.));
#1653 = VECTOR('',#1654,1.);
#1654 = DIRECTION('',(0.,-1.));
#1655 = ( GEOMETRIC_REPRESENTATION_CONTEXT(2) 
PARAMETRIC_REPRESENTATION_CONTEXT() REPRESENTATION_CONTEXT('2D SPACE',''
  ) );
#1656 = ORIENTED_EDGE('',*,*,#1657,.T.);
#1657 = EDGE_CURVE('',#1630,#983,#1658,.T.);
#1658 = SURFACE_CURVE('',#1659,(#1663,#1670),.PCURVE_S1.);
#1659 = LINE('',#1660,#1661);
#1660 = CARTESIAN_POINT('',(10.081,418.176,18.3));
#1661 = VECTOR('',#1662,1.);
#1662 = DIRECTION('',(0.886001555993,-0.463682264894,0.));
#1663 = PCURVE('',#809,#1664);
#1664 = DEFINITIONAL_REPRESENTATION('',(#1665),#1669);
#1665 = LINE('',#1666,#1667);
#1666 = CARTESIAN_POINT('',(0.,-18.3));
#1667 = VECTOR('',#1668,1.);
#1668 = DIRECTION('',(1.,0.));
#1669 = ( GEOMETRIC_REPRESENTATION_CONTEXT(2) 
PARAMETRIC_REPRESENTATION_CONTEXT() REPRESENTATION_CONTEXT('2D SPACE',''
  ) );
#1670 = PCURVE('',#1671,#1676);
#1671 = PLANE('',#1672);
#1672 = AXIS2_PLACEMENT_3D('',#1673,#1674,#1675);
#1673 = CARTESIAN_POINT('',(-3.384356242037E-04,226.53998443108,18.3));
#1674 = DIRECTION('',(0.,-0.,-1.));
#1675 = DIRECTION('',(-1.,0.,0.));
#1676 = DEFINITIONAL_REPRESENTATION('',(#1677),#1681);
#1677 = LINE('',#1678,#1679);
#1678 = CARTESIAN_POINT('',(-10.08133843562,191.63601556891));
#1679 = VECTOR('',#1680,1.);
#1680 = DIRECTION('',(-0.886001555993,-0.463682264894));
#1681 = ( GEOMETRIC_REPRESENTATION_CONTEXT(2) 
PARAMETRIC_REPRESENTATION_CONTEXT() REPRESENTATION_CONTEXT('2D SPACE',''
  ) );
#1682 = ADVANCED_FACE('',(#1683),#927,.T.);
#1683 = FACE_BOUND('',#1684,.T.);
#1684 = EDGE_LOOP('',(#1685,#1686,#1687,#1729));
#1685 = ORIENTED_EDGE('',*,*,#875,.F.);
#1686 = ORIENTED_EDGE('',*,*,#1006,.F.);
#1687 = ORIENTED_EDGE('',*,*,#1688,.T.);
#1688 = EDGE_CURVE('',#1007,#1689,#1691,.T.);
#1689 = VERTEX_POINT('',#1690);
#1690 = CARTESIAN_POINT('',(58.871176835321,453.457,7.275947300027));
#1691 = SURFACE_CURVE('',#1692,(#1715,#1722),.PCURVE_S1.);
#1692 = ( BOUNDED_CURVE() B_SPLINE_CURVE(3,(#1693,#1694,#1695,#1696,
    #1697,#1698,#1699,#1700,#1701,#1702,#1703,#1704,#1705,#1706,#1707,
    #1708,#1709,#1710,#1711,#1712,#1713,#1714),.UNSPECIFIED.,.F.,.F.) 
B_SPLINE_CURVE_WITH_KNOTS((4,1,1,1,1,1,1,1,1,1,1,1,1,1,1,1,1,1,1,4),(0.,
    5.245000615645E-02,0.105056142816,0.157827138689,0.210729740208,
    0.263703235816,0.316673593925,0.369567354274,0.422325530646,
    0.474917777959,0.52735694777,0.57971823004,0.632142347135,
    0.684734332274,0.737455393694,0.790192360737,0.842823921577,
0.89528663,0.947644996011,1.),.UNSPECIFIED.) CURVE() 
GEOMETRIC_REPRESENTATION_ITEM() RATIONAL_B_SPLINE_CURVE((1.,
    1.000000000036,0.999999999983,1.000000000004,0.999999999999,1.,1.,1.
    ,1.,1.,1.,1.,1.,1.,1.,1.,1.,1.000000000002,0.999999999994,
1.000000000024,0.999999999949,1.)) REPRESENTATION_ITEM('') );
#1693 = CARTESIAN_POINT('',(3.176138344494,407.58867010958,6.80398903553
    ));
#1694 = CARTESIAN_POINT('',(4.588135395115,407.66268850209,
    6.807457275208));
#1695 = CARTESIAN_POINT('',(7.408338574129,407.9096587488,6.818710985636
    ));
#1696 = CARTESIAN_POINT('',(11.595732810933,408.57338600066,
    6.845849431277));
#1697 = CARTESIAN_POINT('',(15.724993613102,409.52715148858,
    6.880656721695));
#1698 = CARTESIAN_POINT('',(19.776669690699,410.76618626019,
    6.920536177504));
#1699 = CARTESIAN_POINT('',(23.731629741507,412.28445939905,
    6.962894508148));
#1700 = CARTESIAN_POINT('',(27.57115819692,414.07473192342,
    7.005153906967));
#1701 = CARTESIAN_POINT('',(31.277040851824,416.12857828359,
    7.044689747119));
#1702 = CARTESIAN_POINT('',(34.831654527494,418.43643419764,
    7.079047944541));
#1703 = CARTESIAN_POINT('',(38.21802146842,420.98763421584,
    7.105121411608));
#1704 = CARTESIAN_POINT('',(41.420003758564,423.77055951447,
    7.122194364589));
#1705 = CARTESIAN_POINT('',(44.421951143572,426.77242916573,
    7.12059704802));
#1706 = CARTESIAN_POINT('',(47.205930201094,429.97567578326,
    7.135281636926));
#1707 = CARTESIAN_POINT('',(49.755690664579,433.36019368152,
    7.162221461971));
#1708 = CARTESIAN_POINT('',(52.061885871776,436.91183404459,
    7.195342887856));
#1709 = CARTESIAN_POINT('',(54.114859067484,440.61521753123,
    7.229178528868));
#1710 = CARTESIAN_POINT('',(55.905742393571,444.45465326142,
    7.258122021785));
#1711 = CARTESIAN_POINT('',(57.426384696048,448.41476815968,
    7.276540493673));
#1712 = CARTESIAN_POINT('',(58.667602175761,452.47381973413,
    7.278860784061));
#1713 = CARTESIAN_POINT('',(59.302514077526,455.22607624085,
    7.272776256094));
#1714 = CARTESIAN_POINT('',(59.57249969548,456.61327909308,7.276953125)
  );
#1715 = PCURVE('',#927,#1716);
#1716 = DEFINITIONAL_REPRESENTATION('',(#1717),#1721);
#1717 = LINE('',#1718,#1719);
#1718 = CARTESIAN_POINT('',(3.,0.));
#1719 = VECTOR('',#1720,1.);
#1720 = DIRECTION('',(0.,1.));
#1721 = ( GEOMETRIC_REPRESENTATION_CONTEXT(2) 
PARAMETRIC_REPRESENTATION_CONTEXT() REPRESENTATION_CONTEXT('2D SPACE',''
  ) );
#1722 = PCURVE('',#1054,#1723);
#1723 = DEFINITIONAL_REPRESENTATION('',(#1724),#1728);
#1724 = LINE('',#1725,#1726);
#1725 = CARTESIAN_POINT('',(3.,0.));
#1726 = VECTOR('',#1727,1.);
#1727 = DIRECTION('',(0.,1.));
#1728 = ( GEOMETRIC_REPRESENTATION_CONTEXT(2) 
PARAMETRIC_REPRESENTATION_CONTEXT() REPRESENTATION_CONTEXT('2D SPACE',''
  ) );
#1729 = ORIENTED_EDGE('',*,*,#1730,.T.);
#1730 = EDGE_CURVE('',#1689,#849,#1731,.T.);
#1731 = SURFACE_CURVE('',#1732,(#1738,#1747),.PCURVE_S1.);
#1732 = B_SPLINE_CURVE_WITH_KNOTS('',4,(#1733,#1734,#1735,#1736,#1737),
  .UNSPECIFIED.,.F.,.F.,(5,5),(0.,1.),.PIECEWISE_BEZIER_KNOTS.);
#1733 = CARTESIAN_POINT('',(58.871176835321,453.457,7.275947300027));
#1734 = CARTESIAN_POINT('',(59.209265366514,453.457,7.156925511305));
#1735 = CARTESIAN_POINT('',(59.547305547236,453.457,7.037928216648));
#1736 = CARTESIAN_POINT('',(59.885298948482,453.457,6.918954475454));
#1737 = CARTESIAN_POINT('',(60.223246234329,453.457,6.800000000044));
#1738 = PCURVE('',#927,#1739);
#1739 = DEFINITIONAL_REPRESENTATION('',(#1740),#1746);
#1740 = B_SPLINE_CURVE_WITH_KNOTS('',4,(#1741,#1742,#1743,#1744,#1745),
  .UNSPECIFIED.,.F.,.F.,(5,5),(0.,1.),.PIECEWISE_BEZIER_KNOTS.);
#1741 = CARTESIAN_POINT('',(3.,0.960043102693));
#1742 = CARTESIAN_POINT('',(2.75011299561,0.961057787494));
#1743 = CARTESIAN_POINT('',(2.500148848141,0.9620577106));
#1744 = CARTESIAN_POINT('',(2.250110187858,0.963043345644));
#1745 = CARTESIAN_POINT('',(2.,0.964015126375));
#1746 = ( GEOMETRIC_REPRESENTATION_CONTEXT(2) 
PARAMETRIC_REPRESENTATION_CONTEXT() REPRESENTATION_CONTEXT('2D SPACE',''
  ) );
#1747 = PCURVE('',#864,#1748);
#1748 = DEFINITIONAL_REPRESENTATION('',(#1749),#1755);
#1749 = B_SPLINE_CURVE_WITH_KNOTS('',4,(#1750,#1751,#1752,#1753,#1754),
  .UNSPECIFIED.,.F.,.F.,(5,5),(0.,1.),.PIECEWISE_BEZIER_KNOTS.);
#1750 = CARTESIAN_POINT('',(22.388176835321,-7.275947300027));
#1751 = CARTESIAN_POINT('',(22.726265366514,-7.156925511305));
#1752 = CARTESIAN_POINT('',(23.064305547236,-7.037928216648));
#1753 = CARTESIAN_POINT('',(23.402298948482,-6.918954475454));
#1754 = CARTESIAN_POINT('',(23.740246234329,-6.800000000044));
#1755 = ( GEOMETRIC_REPRESENTATION_CONTEXT(2) 
PARAMETRIC_REPRESENTATION_CONTEXT() REPRESENTATION_CONTEXT('2D SPACE',''
  ) );
#1756 = ADVANCED_FACE('',(#1757),#864,.T.);
#1757 = FACE_BOUND('',#1758,.T.);
#1758 = EDGE_LOOP('',(#1759,#1782,#1783,#1784,#1813,#1842,#1880,#1909,
    #1938,#1967,#1996,#2076,#2107));
#1759 = ORIENTED_EDGE('',*,*,#1760,.F.);
#1760 = EDGE_CURVE('',#821,#1761,#1763,.T.);
#1761 = VERTEX_POINT('',#1762);
#1762 = CARTESIAN_POINT('',(60.654,453.457,18.3));
#1763 = SURFACE_CURVE('',#1764,(#1768,#1775),.PCURVE_S1.);
#1764 = LINE('',#1765,#1766);
#1765 = CARTESIAN_POINT('',(60.654,453.457,0.));
#1766 = VECTOR('',#1767,1.);
#1767 = DIRECTION('',(-0.,-0.,1.));
#1768 = PCURVE('',#864,#1769);
#1769 = DEFINITIONAL_REPRESENTATION('',(#1770),#1774);
#1770 = LINE('',#1771,#1772);
#1771 = CARTESIAN_POINT('',(24.171,0.));
#1772 = VECTOR('',#1773,1.);
#1773 = DIRECTION('',(0.,-1.));
#1774 = ( GEOMETRIC_REPRESENTATION_CONTEXT(2) 
PARAMETRIC_REPRESENTATION_CONTEXT() REPRESENTATION_CONTEXT('2D SPACE',''
  ) );
#1775 = PCURVE('',#836,#1776);
#1776 = DEFINITIONAL_REPRESENTATION('',(#1777),#1781);
#1777 = LINE('',#1778,#1779);
#1778 = CARTESIAN_POINT('',(0.,0.));
#1779 = VECTOR('',#1780,1.);
#1780 = DIRECTION('',(0.,-1.));
#1781 = ( GEOMETRIC_REPRESENTATION_CONTEXT(2) 
PARAMETRIC_REPRESENTATION_CONTEXT() REPRESENTATION_CONTEXT('2D SPACE',''
  ) );
#1782 = ORIENTED_EDGE('',*,*,#848,.F.);
#1783 = ORIENTED_EDGE('',*,*,#1730,.F.);
#1784 = ORIENTED_EDGE('',*,*,#1785,.F.);
#1785 = EDGE_CURVE('',#1786,#1689,#1788,.T.);
#1786 = VERTEX_POINT('',#1787);
#1787 = CARTESIAN_POINT('',(57.517272092321,453.457,8.532039160843));
#1788 = SURFACE_CURVE('',#1789,(#1795,#1804),.PCURVE_S1.);
#1789 = B_SPLINE_CURVE_WITH_KNOTS('',4,(#1790,#1791,#1792,#1793,#1794),
  .UNSPECIFIED.,.F.,.F.,(5,5),(0.,1.),.PIECEWISE_BEZIER_KNOTS.);
#1790 = CARTESIAN_POINT('',(57.517272092321,453.457,8.532039160843));
#1791 = CARTESIAN_POINT('',(57.855794978214,453.457,8.217952825705));
#1792 = CARTESIAN_POINT('',(58.194284111433,453.457,7.903906476));
#1793 = CARTESIAN_POINT('',(58.532744695855,453.457,7.589905558427));
#1794 = CARTESIAN_POINT('',(58.871176835321,453.457,7.275947300027));
#1795 = PCURVE('',#864,#1796);
#1796 = DEFINITIONAL_REPRESENTATION('',(#1797),#1803);
#1797 = B_SPLINE_CURVE_WITH_KNOTS('',4,(#1798,#1799,#1800,#1801,#1802),
  .UNSPECIFIED.,.F.,.F.,(5,5),(0.,1.),.PIECEWISE_BEZIER_KNOTS.);
#1798 = CARTESIAN_POINT('',(21.034272092321,-8.532039160843));
#1799 = CARTESIAN_POINT('',(21.372794978214,-8.217952825705));
#1800 = CARTESIAN_POINT('',(21.711284111433,-7.903906476));
#1801 = CARTESIAN_POINT('',(22.049744695855,-7.589905558427));
#1802 = CARTESIAN_POINT('',(22.388176835321,-7.275947300027));
#1803 = ( GEOMETRIC_REPRESENTATION_CONTEXT(2) 
PARAMETRIC_REPRESENTATION_CONTEXT() REPRESENTATION_CONTEXT('2D SPACE',''
  ) );
#1804 = PCURVE('',#1054,#1805);
#1805 = DEFINITIONAL_REPRESENTATION('',(#1806),#1812);
#1806 = B_SPLINE_CURVE_WITH_KNOTS('',4,(#1807,#1808,#1809,#1810,#1811),
  .UNSPECIFIED.,.F.,.F.,(5,5),(0.,1.),.PIECEWISE_BEZIER_KNOTS.);
#1807 = CARTESIAN_POINT('',(4.,0.955889924111));
#1808 = CARTESIAN_POINT('',(3.750142958292,0.956951292397));
#1809 = CARTESIAN_POINT('',(3.500189854703,0.957996938665));
#1810 = CARTESIAN_POINT('',(3.25014097073,0.959027386614));
#1811 = CARTESIAN_POINT('',(3.,0.960043102693));
#1812 = ( GEOMETRIC_REPRESENTATION_CONTEXT(2) 
PARAMETRIC_REPRESENTATION_CONTEXT() REPRESENTATION_CONTEXT('2D SPACE',''
  ) );
#1813 = ORIENTED_EDGE('',*,*,#1814,.F.);
#1814 = EDGE_CURVE('',#1815,#1786,#1817,.T.);
#1815 = VERTEX_POINT('',#1816);
#1816 = CARTESIAN_POINT('',(56.161397103202,453.457,10.310037318676));
#1817 = SURFACE_CURVE('',#1818,(#1824,#1833),.PCURVE_S1.);
#1818 = B_SPLINE_CURVE_WITH_KNOTS('',4,(#1819,#1820,#1821,#1822,#1823),
  .UNSPECIFIED.,.F.,.F.,(5,5),(0.,1.),.PIECEWISE_BEZIER_KNOTS.);
#1819 = CARTESIAN_POINT('',(56.161397103202,453.457,10.310037318676));
#1820 = CARTESIAN_POINT('',(56.500418861498,453.457,9.865493172718));
#1821 = CARTESIAN_POINT('',(56.83939634097,453.457,9.420969875763));
#1822 = CARTESIAN_POINT('',(57.178345436042,453.457,8.976483626351));
#1823 = CARTESIAN_POINT('',(57.517272092321,453.457,8.532039160843));
#1824 = PCURVE('',#864,#1825);
#1825 = DEFINITIONAL_REPRESENTATION('',(#1826),#1832);
#1826 = B_SPLINE_CURVE_WITH_KNOTS('',4,(#1827,#1828,#1829,#1830,#1831),
  .UNSPECIFIED.,.F.,.F.,(5,5),(0.,1.),.PIECEWISE_BEZIER_KNOTS.);
#1827 = CARTESIAN_POINT('',(19.678397103202,-10.31003731867));
#1828 = CARTESIAN_POINT('',(20.017418861498,-9.865493172718));
#1829 = CARTESIAN_POINT('',(20.35639634097,-9.420969875763));
#1830 = CARTESIAN_POINT('',(20.695345436042,-8.976483626351));
#1831 = CARTESIAN_POINT('',(21.034272092321,-8.532039160843));
#1832 = ( GEOMETRIC_REPRESENTATION_CONTEXT(2) 
PARAMETRIC_REPRESENTATION_CONTEXT() REPRESENTATION_CONTEXT('2D SPACE',''
  ) );
#1833 = PCURVE('',#1128,#1834);
#1834 = DEFINITIONAL_REPRESENTATION('',(#1835),#1841);
#1835 = B_SPLINE_CURVE_WITH_KNOTS('',4,(#1836,#1837,#1838,#1839,#1840),
  .UNSPECIFIED.,.F.,.F.,(5,5),(0.,1.),.PIECEWISE_BEZIER_KNOTS.);
#1836 = CARTESIAN_POINT('',(5.,0.95154285942));
#1837 = CARTESIAN_POINT('',(4.750151331292,0.952654323976));
#1838 = CARTESIAN_POINT('',(4.500205409422,0.953748931528));
#1839 = CARTESIAN_POINT('',(4.250155056731,0.954827289901));
#1840 = CARTESIAN_POINT('',(4.,0.955889924111));
#1841 = ( GEOMETRIC_REPRESENTATION_CONTEXT(2) 
PARAMETRIC_REPRESENTATION_CONTEXT() REPRESENTATION_CONTEXT('2D SPACE',''
  ) );
#1842 = ORIENTED_EDGE('',*,*,#1843,.F.);
#1843 = EDGE_CURVE('',#1844,#1815,#1846,.T.);
#1844 = VERTEX_POINT('',#1845);
#1845 = CARTESIAN_POINT('',(54.803403334594,453.457,12.350486611282));
#1846 = SURFACE_CURVE('',#1847,(#1856,#1868),.PCURVE_S1.);
#1847 = B_SPLINE_CURVE_WITH_KNOTS('',4,(#1848,#1849,#1850,#1851,#1852,
    #1853,#1854,#1855),.UNSPECIFIED.,.F.,.F.,(5,3,5),(0.,0.624126847002,
    1.),.UNSPECIFIED.);
#1848 = CARTESIAN_POINT('',(54.803403334594,453.457,12.350486611282));
#1849 = CARTESIAN_POINT('',(55.015359631913,453.457,12.032117198881));
#1850 = CARTESIAN_POINT('',(55.22728151098,453.457,11.713739108392));
#1851 = CARTESIAN_POINT('',(55.439175798214,453.457,11.395358760416));
#1852 = CARTESIAN_POINT('',(55.778646327012,453.457,10.885242852389));
#1853 = CARTESIAN_POINT('',(55.906236303559,453.457,10.693505137838));
#1854 = CARTESIAN_POINT('',(56.033819589423,453.457,10.5017696844));
#1855 = CARTESIAN_POINT('',(56.161397103202,453.457,10.310037318676));
#1856 = PCURVE('',#864,#1857);
#1857 = DEFINITIONAL_REPRESENTATION('',(#1858),#1867);
#1858 = B_SPLINE_CURVE_WITH_KNOTS('',4,(#1859,#1860,#1861,#1862,#1863,
    #1864,#1865,#1866),.UNSPECIFIED.,.F.,.F.,(5,3,5),(0.,0.624126847002,
    1.),.UNSPECIFIED.);
#1859 = CARTESIAN_POINT('',(18.320403334594,-12.35048661128));
#1860 = CARTESIAN_POINT('',(18.532359631913,-12.03211719888));
#1861 = CARTESIAN_POINT('',(18.74428151098,-11.71373910839));
#1862 = CARTESIAN_POINT('',(18.956175798214,-11.39535876041));
#1863 = CARTESIAN_POINT('',(19.295646327012,-10.88524285238));
#1864 = CARTESIAN_POINT('',(19.423236303559,-10.69350513783));
#1865 = CARTESIAN_POINT('',(19.550819589423,-10.5017696844));
#1866 = CARTESIAN_POINT('',(19.678397103202,-10.31003731867));
#1867 = ( GEOMETRIC_REPRESENTATION_CONTEXT(2) 
PARAMETRIC_REPRESENTATION_CONTEXT() REPRESENTATION_CONTEXT('2D SPACE',''
  ) );
#1868 = PCURVE('',#1204,#1869);
#1869 = DEFINITIONAL_REPRESENTATION('',(#1870),#1879);
#1870 = B_SPLINE_CURVE_WITH_KNOTS('',4,(#1871,#1872,#1873,#1874,#1875,
    #1876,#1877,#1878),.UNSPECIFIED.,.F.,.F.,(5,3,5),(0.,0.624126847002,
    1.),.UNSPECIFIED.);
#1871 = CARTESIAN_POINT('',(6.,0.946987950213));
#1872 = CARTESIAN_POINT('',(5.844047308891,0.947715285953));
#1873 = CARTESIAN_POINT('',(5.688065522875,0.94843552334));
#1874 = CARTESIAN_POINT('',(5.532050832514,0.949148837952));
#1875 = CARTESIAN_POINT('',(5.282020195991,0.950280902235));
#1876 = CARTESIAN_POINT('',(5.188027313368,0.950703961905));
#1877 = CARTESIAN_POINT('',(5.094020726408,0.95112460342));
#1878 = CARTESIAN_POINT('',(5.,0.95154285942));
#1879 = ( GEOMETRIC_REPRESENTATION_CONTEXT(2) 
PARAMETRIC_REPRESENTATION_CONTEXT() REPRESENTATION_CONTEXT('2D SPACE',''
  ) );
#1880 = ORIENTED_EDGE('',*,*,#1881,.F.);
#1881 = EDGE_CURVE('',#1882,#1844,#1884,.T.);
#1882 = VERTEX_POINT('',#1883);
#1883 = CARTESIAN_POINT('',(53.443128059371,453.457,14.392518044925));
#1884 = SURFACE_CURVE('',#1885,(#1891,#1900),.PCURVE_S1.);
#1885 = B_SPLINE_CURVE_WITH_KNOTS('',4,(#1886,#1887,#1888,#1889,#1890),
  .UNSPECIFIED.,.F.,.F.,(5,5),(0.,1.),.PIECEWISE_BEZIER_KNOTS.);
#1886 = CARTESIAN_POINT('',(53.443128059371,453.457,14.392518044925));
#1887 = CARTESIAN_POINT('',(53.783381617437,453.457,13.882092048998));
#1888 = CARTESIAN_POINT('',(54.123492939046,453.457,13.371593614081));
#1889 = CARTESIAN_POINT('',(54.463492116001,453.457,12.861050988495));
#1890 = CARTESIAN_POINT('',(54.803403334594,453.457,12.350486611282));
#1891 = PCURVE('',#864,#1892);
#1892 = DEFINITIONAL_REPRESENTATION('',(#1893),#1899);
#1893 = B_SPLINE_CURVE_WITH_KNOTS('',4,(#1894,#1895,#1896,#1897,#1898),
  .UNSPECIFIED.,.F.,.F.,(5,5),(0.,1.),.PIECEWISE_BEZIER_KNOTS.);
#1894 = CARTESIAN_POINT('',(16.960128059371,-14.39251804492));
#1895 = CARTESIAN_POINT('',(17.300381617437,-13.88209204899));
#1896 = CARTESIAN_POINT('',(17.640492939046,-13.37159361408));
#1897 = CARTESIAN_POINT('',(17.980492116001,-12.86105098849));
#1898 = CARTESIAN_POINT('',(18.320403334594,-12.35048661128));
#1899 = ( GEOMETRIC_REPRESENTATION_CONTEXT(2) 
PARAMETRIC_REPRESENTATION_CONTEXT() REPRESENTATION_CONTEXT('2D SPACE',''
  ) );
#1900 = PCURVE('',#1280,#1901);
#1901 = DEFINITIONAL_REPRESENTATION('',(#1902),#1908);
#1902 = B_SPLINE_CURVE_WITH_KNOTS('',4,(#1903,#1904,#1905,#1906,#1907),
  .UNSPECIFIED.,.F.,.F.,(5,5),(0.,1.),.PIECEWISE_BEZIER_KNOTS.);
#1903 = CARTESIAN_POINT('',(7.,0.94220979214));
#1904 = CARTESIAN_POINT('',(6.750084336496,0.943433218138));
#1905 = CARTESIAN_POINT('',(6.500122877632,0.944636859966));
#1906 = CARTESIAN_POINT('',(6.250099053205,0.94582153251));
#1907 = CARTESIAN_POINT('',(6.,0.946987950213));
#1908 = ( GEOMETRIC_REPRESENTATION_CONTEXT(2) 
PARAMETRIC_REPRESENTATION_CONTEXT() REPRESENTATION_CONTEXT('2D SPACE',''
  ) );
#1909 = ORIENTED_EDGE('',*,*,#1910,.F.);
#1910 = EDGE_CURVE('',#1911,#1882,#1913,.T.);
#1911 = VERTEX_POINT('',#1912);
#1912 = CARTESIAN_POINT('',(52.080394448677,453.457,16.174372322604));
#1913 = SURFACE_CURVE('',#1914,(#1920,#1929),.PCURVE_S1.);
#1914 = B_SPLINE_CURVE_WITH_KNOTS('',4,(#1915,#1916,#1917,#1918,#1919),
  .UNSPECIFIED.,.F.,.F.,(5,5),(0.,1.),.PIECEWISE_BEZIER_KNOTS.);
#1915 = CARTESIAN_POINT('',(52.080394448677,453.457,16.174372322604));
#1916 = CARTESIAN_POINT('',(52.421349424092,453.457,15.72909539492));
#1917 = CARTESIAN_POINT('',(52.762101584391,453.457,15.283670574748));
#1918 = CARTESIAN_POINT('',(53.102685259245,453.457,14.838134973993));
#1919 = CARTESIAN_POINT('',(53.443128059371,453.457,14.392518044925));
#1920 = PCURVE('',#864,#1921);
#1921 = DEFINITIONAL_REPRESENTATION('',(#1922),#1928);
#1922 = B_SPLINE_CURVE_WITH_KNOTS('',4,(#1923,#1924,#1925,#1926,#1927),
  .UNSPECIFIED.,.F.,.F.,(5,5),(0.,1.),.PIECEWISE_BEZIER_KNOTS.);
#1923 = CARTESIAN_POINT('',(15.597394448677,-16.1743723226));
#1924 = CARTESIAN_POINT('',(15.938349424092,-15.72909539492));
#1925 = CARTESIAN_POINT('',(16.279101584391,-15.28367057474));
#1926 = CARTESIAN_POINT('',(16.619685259245,-14.83813497399));
#1927 = CARTESIAN_POINT('',(16.960128059371,-14.39251804492));
#1928 = ( GEOMETRIC_REPRESENTATION_CONTEXT(2) 
PARAMETRIC_REPRESENTATION_CONTEXT() REPRESENTATION_CONTEXT('2D SPACE',''
  ) );
#1929 = PCURVE('',#1356,#1930);
#1930 = DEFINITIONAL_REPRESENTATION('',(#1931),#1937);
#1931 = B_SPLINE_CURVE_WITH_KNOTS('',4,(#1932,#1933,#1934,#1935,#1936),
  .UNSPECIFIED.,.F.,.F.,(5,5),(0.,1.),.PIECEWISE_BEZIER_KNOTS.);
#1932 = CARTESIAN_POINT('',(8.,0.937191214371));
#1933 = CARTESIAN_POINT('',(7.750037826398,0.938477262492));
#1934 = CARTESIAN_POINT('',(7.500062355664,0.939741777979));
#1935 = CARTESIAN_POINT('',(7.250054661452,0.940985685696));
#1936 = CARTESIAN_POINT('',(7.,0.94220979214));
#1937 = ( GEOMETRIC_REPRESENTATION_CONTEXT(2) 
PARAMETRIC_REPRESENTATION_CONTEXT() REPRESENTATION_CONTEXT('2D SPACE',''
  ) );
#1938 = ORIENTED_EDGE('',*,*,#1939,.F.);
#1939 = EDGE_CURVE('',#1940,#1911,#1942,.T.);
#1940 = VERTEX_POINT('',#1941);
#1941 = CARTESIAN_POINT('',(50.715006705788,453.457,17.433858852243));
#1942 = SURFACE_CURVE('',#1943,(#1949,#1958),.PCURVE_S1.);
#1943 = B_SPLINE_CURVE_WITH_KNOTS('',4,(#1944,#1945,#1946,#1947,#1948),
  .UNSPECIFIED.,.F.,.F.,(5,5),(0.,1.),.PIECEWISE_BEZIER_KNOTS.);
#1944 = CARTESIAN_POINT('',(50.715006705788,453.457,17.433858852243));
#1945 = CARTESIAN_POINT('',(51.05668624141,453.457,17.119338407296));
#1946 = CARTESIAN_POINT('',(51.398123521774,453.457,16.804552889339));
#1947 = CARTESIAN_POINT('',(51.739350865108,453.457,16.489551222762));
#1948 = CARTESIAN_POINT('',(52.080394448677,453.457,16.174372322604));
#1949 = PCURVE('',#864,#1950);
#1950 = DEFINITIONAL_REPRESENTATION('',(#1951),#1957);
#1951 = B_SPLINE_CURVE_WITH_KNOTS('',4,(#1952,#1953,#1954,#1955,#1956),
  .UNSPECIFIED.,.F.,.F.,(5,5),(0.,1.),.PIECEWISE_BEZIER_KNOTS.);
#1952 = CARTESIAN_POINT('',(14.232006705788,-17.43385885224));
#1953 = CARTESIAN_POINT('',(14.57368624141,-17.11933840729));
#1954 = CARTESIAN_POINT('',(14.915123521774,-16.80455288933));
#1955 = CARTESIAN_POINT('',(15.256350865108,-16.48955122276));
#1956 = CARTESIAN_POINT('',(15.597394448677,-16.1743723226));
#1957 = ( GEOMETRIC_REPRESENTATION_CONTEXT(2) 
PARAMETRIC_REPRESENTATION_CONTEXT() REPRESENTATION_CONTEXT('2D SPACE',''
  ) );
#1958 = PCURVE('',#1429,#1959);
#1959 = DEFINITIONAL_REPRESENTATION('',(#1960),#1966);
#1960 = B_SPLINE_CURVE_WITH_KNOTS('',4,(#1961,#1962,#1963,#1964,#1965),
  .UNSPECIFIED.,.F.,.F.,(5,5),(0.,1.),.PIECEWISE_BEZIER_KNOTS.);
#1961 = CARTESIAN_POINT('',(9.,0.931913165662));
#1962 = CARTESIAN_POINT('',(8.75001232025,0.933266761383));
#1963 = CARTESIAN_POINT('',(8.50002691227,0.934596977499));
#1964 = CARTESIAN_POINT('',(8.25002713436,0.93590483203));
#1965 = CARTESIAN_POINT('',(8.,0.937191214371));
#1966 = ( GEOMETRIC_REPRESENTATION_CONTEXT(2) 
PARAMETRIC_REPRESENTATION_CONTEXT() REPRESENTATION_CONTEXT('2D SPACE',''
  ) );
#1967 = ORIENTED_EDGE('',*,*,#1968,.F.);
#1968 = EDGE_CURVE('',#1969,#1940,#1971,.T.);
#1969 = VERTEX_POINT('',#1970);
#1970 = CARTESIAN_POINT('',(49.346746692637,453.457,17.908995398966));
#1971 = SURFACE_CURVE('',#1972,(#1978,#1987),.PCURVE_S1.);
#1972 = B_SPLINE_CURVE_WITH_KNOTS('',4,(#1973,#1974,#1975,#1976,#1977),
  .UNSPECIFIED.,.F.,.F.,(5,5),(0.,1.),.PIECEWISE_BEZIER_KNOTS.);
#1973 = CARTESIAN_POINT('',(49.346746692637,453.457,17.908995398966));
#1974 = CARTESIAN_POINT('',(49.689062478272,453.457,17.790738230948));
#1975 = CARTESIAN_POINT('',(50.031201867767,453.457,17.672098036289));
#1976 = CARTESIAN_POINT('',(50.373179235529,453.457,17.553124763153));
#1977 = CARTESIAN_POINT('',(50.715006705788,453.457,17.433858852243));
#1978 = PCURVE('',#864,#1979);
#1979 = DEFINITIONAL_REPRESENTATION('',(#1980),#1986);
#1980 = B_SPLINE_CURVE_WITH_KNOTS('',4,(#1981,#1982,#1983,#1984,#1985),
  .UNSPECIFIED.,.F.,.F.,(5,5),(0.,1.),.PIECEWISE_BEZIER_KNOTS.);
#1981 = CARTESIAN_POINT('',(12.863746692637,-17.90899539896));
#1982 = CARTESIAN_POINT('',(13.206062478272,-17.79073823094));
#1983 = CARTESIAN_POINT('',(13.548201867767,-17.67209803628));
#1984 = CARTESIAN_POINT('',(13.890179235529,-17.55312476315));
#1985 = CARTESIAN_POINT('',(14.232006705788,-17.43385885224));
#1986 = ( GEOMETRIC_REPRESENTATION_CONTEXT(2) 
PARAMETRIC_REPRESENTATION_CONTEXT() REPRESENTATION_CONTEXT('2D SPACE',''
  ) );
#1987 = PCURVE('',#1503,#1988);
#1988 = DEFINITIONAL_REPRESENTATION('',(#1989),#1995);
#1989 = B_SPLINE_CURVE_WITH_KNOTS('',4,(#1990,#1991,#1992,#1993,#1994),
  .UNSPECIFIED.,.F.,.F.,(5,5),(0.,1.),.PIECEWISE_BEZIER_KNOTS.);
#1990 = CARTESIAN_POINT('',(10.,0.926354475573));
#1991 = CARTESIAN_POINT('',(9.750093440045,0.927780606797));
#1992 = CARTESIAN_POINT('',(9.500126372803,0.929181768383));
#1993 = CARTESIAN_POINT('',(9.250095915227,0.930558983888));
#1994 = CARTESIAN_POINT('',(9.,0.931913165662));
#1995 = ( GEOMETRIC_REPRESENTATION_CONTEXT(2) 
PARAMETRIC_REPRESENTATION_CONTEXT() REPRESENTATION_CONTEXT('2D SPACE',''
  ) );
#1996 = ORIENTED_EDGE('',*,*,#1997,.F.);
#1997 = EDGE_CURVE('',#1998,#1969,#2000,.T.);
#1998 = VERTEX_POINT('',#1999);
#1999 = CARTESIAN_POINT('',(49.177,453.457,17.908452976685));
#2000 = SURFACE_CURVE('',#2001,(#2024,#2050),.PCURVE_S1.);
#2001 = B_SPLINE_CURVE_WITH_KNOTS('',6,(#2002,#2003,#2004,#2005,#2006,
    #2007,#2008,#2009,#2010,#2011,#2012,#2013,#2014,#2015,#2016,#2017,
    #2018,#2019,#2020,#2021,#2022,#2023),.UNSPECIFIED.,.F.,.F.,(7,5,5,5,
    7),(0.,0.422679786279,0.525938408301,0.837572354035,1.),
  .UNSPECIFIED.);
#2002 = CARTESIAN_POINT('',(36.483,453.457,17.552088004711));
#2003 = CARTESIAN_POINT('',(37.387791227582,453.457,17.611912013715));
#2004 = CARTESIAN_POINT('',(38.29310193596,453.457,17.663630926771));
#2005 = CARTESIAN_POINT('',(39.19879731618,453.457,17.708035881874));
#2006 = CARTESIAN_POINT('',(40.104770065398,453.457,17.745871681447));
#2007 = CARTESIAN_POINT('',(41.010942113785,453.457,17.777803684337));
#2008 = CARTESIAN_POINT('',(42.138674338603,453.457,17.810930431478));
#2009 = CARTESIAN_POINT('',(42.360093232519,453.457,17.817117027889));
#2010 = CARTESIAN_POINT('',(42.581520082789,453.457,17.822997097286));
#2011 = CARTESIAN_POINT('',(42.802954170248,453.457,17.82857497981));
#2012 = CARTESIAN_POINT('',(43.024394852089,453.457,17.833860814119));
#2013 = CARTESIAN_POINT('',(43.914165421274,453.457,17.853988000048));
#2014 = CARTESIAN_POINT('',(44.582541542911,453.457,17.866581167165));
#2015 = CARTESIAN_POINT('',(45.250952048497,453.457,17.876991296165));
#2016 = CARTESIAN_POINT('',(45.919384059857,453.457,17.885498309932));
#2017 = CARTESIAN_POINT('',(46.587829219346,453.457,17.892334412723));
#2018 = CARTESIAN_POINT('',(47.604690489598,453.457,17.900493826009));
#2019 = CARTESIAN_POINT('',(47.953099768965,453.457,17.902889533595));
#2020 = CARTESIAN_POINT('',(48.301510572284,453.457,17.904913108119));
#2021 = CARTESIAN_POINT('',(48.649922289341,453.457,17.906590113223));
#2022 = CARTESIAN_POINT('',(48.998334443686,453.457,17.907943858395));
#2023 = CARTESIAN_POINT('',(49.346746692637,453.457,17.908995398966));
#2024 = PCURVE('',#864,#2025);
#2025 = DEFINITIONAL_REPRESENTATION('',(#2026),#2049);
#2026 = B_SPLINE_CURVE_WITH_KNOTS('',6,(#2027,#2028,#2029,#2030,#2031,
    #2032,#2033,#2034,#2035,#2036,#2037,#2038,#2039,#2040,#2041,#2042,
    #2043,#2044,#2045,#2046,#2047,#2048),.UNSPECIFIED.,.F.,.F.,(7,5,5,5,
    7),(0.,0.422679786279,0.525938408301,0.837572354035,1.),
  .UNSPECIFIED.);
#2027 = CARTESIAN_POINT('',(0.,-17.55208800471));
#2028 = CARTESIAN_POINT('',(0.904791227582,-17.61191201371));
#2029 = CARTESIAN_POINT('',(1.81010193596,-17.66363092677));
#2030 = CARTESIAN_POINT('',(2.71579731618,-17.70803588187));
#2031 = CARTESIAN_POINT('',(3.621770065398,-17.74587168144));
#2032 = CARTESIAN_POINT('',(4.527942113785,-17.77780368433));
#2033 = CARTESIAN_POINT('',(5.655674338603,-17.81093043147));
#2034 = CARTESIAN_POINT('',(5.877093232519,-17.81711702788));
#2035 = CARTESIAN_POINT('',(6.098520082789,-17.82299709728));
#2036 = CARTESIAN_POINT('',(6.319954170248,-17.82857497981));
#2037 = CARTESIAN_POINT('',(6.541394852089,-17.83386081411));
#2038 = CARTESIAN_POINT('',(7.431165421274,-17.85398800004));
#2039 = CARTESIAN_POINT('',(8.099541542911,-17.86658116716));
#2040 = CARTESIAN_POINT('',(8.767952048497,-17.87699129616));
#2041 = CARTESIAN_POINT('',(9.436384059857,-17.88549830993));
#2042 = CARTESIAN_POINT('',(10.104829219346,-17.89233441272));
#2043 = CARTESIAN_POINT('',(11.121690489598,-17.900493826));
#2044 = CARTESIAN_POINT('',(11.470099768965,-17.90288953359));
#2045 = CARTESIAN_POINT('',(11.818510572284,-17.90491310811));
#2046 = CARTESIAN_POINT('',(12.166922289341,-17.90659011322));
#2047 = CARTESIAN_POINT('',(12.515334443686,-17.90794385839));
#2048 = CARTESIAN_POINT('',(12.863746692637,-17.90899539896));
#2049 = ( GEOMETRIC_REPRESENTATION_CONTEXT(2) 
PARAMETRIC_REPRESENTATION_CONTEXT() REPRESENTATION_CONTEXT('2D SPACE',''
  ) );
#2050 = PCURVE('',#1576,#2051);
#2051 = DEFINITIONAL_REPRESENTATION('',(#2052),#2075);
#2052 = B_SPLINE_CURVE_WITH_KNOTS('',6,(#2053,#2054,#2055,#2056,#2057,
    #2058,#2059,#2060,#2061,#2062,#2063,#2064,#2065,#2066,#2067,#2068,
    #2069,#2070,#2071,#2072,#2073,#2074),.UNSPECIFIED.,.F.,.F.,(7,5,5,5,
    7),(0.,0.422679786279,0.525938408301,0.837572354035,1.),
  .UNSPECIFIED.);
#2053 = CARTESIAN_POINT('',(10.784086520011,0.856027457467));
#2054 = CARTESIAN_POINT('',(10.729961119134,0.862504029257));
#2055 = CARTESIAN_POINT('',(10.675578815237,0.868649702499));
#2056 = CARTESIAN_POINT('',(10.620968898872,0.874493654113));
#2057 = CARTESIAN_POINT('',(10.566155804861,0.880061121391));
#2058 = CARTESIAN_POINT('',(10.511159643573,0.88537401217));
#2059 = CARTESIAN_POINT('',(10.442520871708,0.891692244546));
#2060 = CARTESIAN_POINT('',(10.429034939527,0.892918682647));
#2061 = CARTESIAN_POINT('',(10.415539321677,0.89413137009));
#2062 = CARTESIAN_POINT('',(10.402034248008,0.895330578222));
#2063 = CARTESIAN_POINT('',(10.38851994144,0.896516572629));
#2064 = CARTESIAN_POINT('',(10.334183369421,0.901229838737));
#2065 = CARTESIAN_POINT('',(10.293288151299,0.904652063428));
#2066 = CARTESIAN_POINT('',(10.252316984055,0.907963384091));
#2067 = CARTESIAN_POINT('',(10.211275050698,0.911170194685));
#2068 = CARTESIAN_POINT('',(10.170166810703,0.914278289986));
#2069 = CARTESIAN_POINT('',(10.107537388775,0.918864260775));
#2070 = CARTESIAN_POINT('',(10.086061721354,0.920410173376));
#2071 = CARTESIAN_POINT('',(10.064569646621,0.921931455589));
#2072 = CARTESIAN_POINT('',(10.043061683165,0.923428820271));
#2073 = CARTESIAN_POINT('',(10.021538316687,0.9249029457));
#2074 = CARTESIAN_POINT('',(10.,0.926354475573));
#2075 = ( GEOMETRIC_REPRESENTATION_CONTEXT(2) 
PARAMETRIC_REPRESENTATION_CONTEXT() REPRESENTATION_CONTEXT('2D SPACE',''
  ) );
#2076 = ORIENTED_EDGE('',*,*,#2077,.T.);
#2077 = EDGE_CURVE('',#1998,#2078,#2080,.T.);
#2078 = VERTEX_POINT('',#2079);
#2079 = CARTESIAN_POINT('',(49.177,453.457,18.3));
#2080 = SURFACE_CURVE('',#2081,(#2085,#2092),.PCURVE_S1.);
#2081 = LINE('',#2082,#2083);
#2082 = CARTESIAN_POINT('',(49.177,453.457,0.));
#2083 = VECTOR('',#2084,1.);
#2084 = DIRECTION('',(-0.,-0.,1.));
#2085 = PCURVE('',#864,#2086);
#2086 = DEFINITIONAL_REPRESENTATION('',(#2087),#2091);
#2087 = LINE('',#2088,#2089);
#2088 = CARTESIAN_POINT('',(12.694,0.));
#2089 = VECTOR('',#2090,1.);
#2090 = DIRECTION('',(0.,-1.));
#2091 = ( GEOMETRIC_REPRESENTATION_CONTEXT(2) 
PARAMETRIC_REPRESENTATION_CONTEXT() REPRESENTATION_CONTEXT('2D SPACE',''
  ) );
#2092 = PCURVE('',#2093,#2101);
#2093 = SURFACE_OF_LINEAR_EXTRUSION('',#2094,#2099);
#2094 = B_SPLINE_CURVE_WITH_KNOTS('',3,(#2095,#2096,#2097,#2098),
  .UNSPECIFIED.,.F.,.F.,(4,4),(0.,1.),.PIECEWISE_BEZIER_KNOTS.);
#2095 = CARTESIAN_POINT('',(49.177,453.457,0.));
#2096 = CARTESIAN_POINT('',(46.712,445.62,0.));
#2097 = CARTESIAN_POINT('',(42.425,438.592,0.));
#2098 = CARTESIAN_POINT('',(36.813,432.866,0.));
#2099 = VECTOR('',#2100,1.);
#2100 = DIRECTION('',(0.,0.,-1.));
#2101 = DEFINITIONAL_REPRESENTATION('',(#2102),#2106);
#2102 = LINE('',#2103,#2104);
#2103 = CARTESIAN_POINT('',(0.,0.));
#2104 = VECTOR('',#2105,1.);
#2105 = DIRECTION('',(0.,-1.));
#2106 = ( GEOMETRIC_REPRESENTATION_CONTEXT(2) 
PARAMETRIC_REPRESENTATION_CONTEXT() REPRESENTATION_CONTEXT('2D SPACE',''
  ) );
#2107 = ORIENTED_EDGE('',*,*,#2108,.T.);
#2108 = EDGE_CURVE('',#2078,#1761,#2109,.T.);
#2109 = SURFACE_CURVE('',#2110,(#2114,#2121),.PCURVE_S1.);
#2110 = LINE('',#2111,#2112);
#2111 = CARTESIAN_POINT('',(36.483,453.457,18.3));
#2112 = VECTOR('',#2113,1.);
#2113 = DIRECTION('',(1.,0.,0.));
#2114 = PCURVE('',#864,#2115);
#2115 = DEFINITIONAL_REPRESENTATION('',(#2116),#2120);
#2116 = LINE('',#2117,#2118);
#2117 = CARTESIAN_POINT('',(0.,-18.3));
#2118 = VECTOR('',#2119,1.);
#2119 = DIRECTION('',(1.,0.));
#2120 = ( GEOMETRIC_REPRESENTATION_CONTEXT(2) 
PARAMETRIC_REPRESENTATION_CONTEXT() REPRESENTATION_CONTEXT('2D SPACE',''
  ) );
#2121 = PCURVE('',#1671,#2122);
#2122 = DEFINITIONAL_REPRESENTATION('',(#2123),#2127);
#2123 = LINE('',#2124,#2125);
#2124 = CARTESIAN_POINT('',(-36.48333843562,226.91701556891));
#2125 = VECTOR('',#2126,1.);
#2126 = DIRECTION('',(-1.,0.));
#2127 = ( GEOMETRIC_REPRESENTATION_CONTEXT(2) 
PARAMETRIC_REPRESENTATION_CONTEXT() REPRESENTATION_CONTEXT('2D SPACE',''
  ) );
#2128 = ADVANCED_FACE('',(#2129),#836,.T.);
#2129 = FACE_BOUND('',#2130,.T.);
#2130 = EDGE_LOOP('',(#2131,#2132,#2133,#2154));
#2131 = ORIENTED_EDGE('',*,*,#820,.F.);
#2132 = ORIENTED_EDGE('',*,*,#1760,.T.);
#2133 = ORIENTED_EDGE('',*,*,#2134,.T.);
#2134 = EDGE_CURVE('',#1761,#983,#2135,.T.);
#2135 = SURFACE_CURVE('',#2136,(#2140,#2147),.PCURVE_S1.);
#2136 = LINE('',#2137,#2138);
#2137 = CARTESIAN_POINT('',(60.654,453.457,18.3));
#2138 = VECTOR('',#2139,1.);
#2139 = DIRECTION('',(0.,-1.,0.));
#2140 = PCURVE('',#836,#2141);
#2141 = DEFINITIONAL_REPRESENTATION('',(#2142),#2146);
#2142 = LINE('',#2143,#2144);
#2143 = CARTESIAN_POINT('',(0.,-18.3));
#2144 = VECTOR('',#2145,1.);
#2145 = DIRECTION('',(1.,0.));
#2146 = ( GEOMETRIC_REPRESENTATION_CONTEXT(2) 
PARAMETRIC_REPRESENTATION_CONTEXT() REPRESENTATION_CONTEXT('2D SPACE',''
  ) );
#2147 = PCURVE('',#1671,#2148);
#2148 = DEFINITIONAL_REPRESENTATION('',(#2149),#2153);
#2149 = LINE('',#2150,#2151);
#2150 = CARTESIAN_POINT('',(-60.65433843562,226.91701556891));
#2151 = VECTOR('',#2152,1.);
#2152 = DIRECTION('',(0.,-1.));
#2153 = ( GEOMETRIC_REPRESENTATION_CONTEXT(2) 
PARAMETRIC_REPRESENTATION_CONTEXT() REPRESENTATION_CONTEXT('2D SPACE',''
  ) );
#2154 = ORIENTED_EDGE('',*,*,#982,.F.);
#2155 = ADVANCED_FACE('',(#2156),#1671,.F.);
#2156 = FACE_BOUND('',#2157,.F.);
#2157 = EDGE_LOOP('',(#2158,#2183,#2184,#2185,#2186));
#2158 = ORIENTED_EDGE('',*,*,#2159,.F.);
#2159 = EDGE_CURVE('',#2078,#2160,#2162,.T.);
#2160 = VERTEX_POINT('',#2161);
#2161 = CARTESIAN_POINT('',(36.813,432.866,18.3));
#2162 = SURFACE_CURVE('',#2163,(#2168,#2176),.PCURVE_S1.);
#2163 = B_SPLINE_CURVE_WITH_KNOTS('',3,(#2164,#2165,#2166,#2167),
  .UNSPECIFIED.,.F.,.F.,(4,4),(0.,1.),.PIECEWISE_BEZIER_KNOTS.);
#2164 = CARTESIAN_POINT('',(49.177,453.457,18.3));
#2165 = CARTESIAN_POINT('',(46.712,445.62,18.3));
#2166 = CARTESIAN_POINT('',(42.425,438.592,18.3));
#2167 = CARTESIAN_POINT('',(36.813,432.866,18.3));
#2168 = PCURVE('',#1671,#2169);
#2169 = DEFINITIONAL_REPRESENTATION('',(#2170),#2175);
#2170 = B_SPLINE_CURVE_WITH_KNOTS('',3,(#2171,#2172,#2173,#2174),
  .UNSPECIFIED.,.F.,.F.,(4,4),(0.,1.),.PIECEWISE_BEZIER_KNOTS.);
#2171 = CARTESIAN_POINT('',(-49.17733843562,226.91701556891));
#2172 = CARTESIAN_POINT('',(-46.71233843562,219.08001556891));
#2173 = CARTESIAN_POINT('',(-42.42533843562,212.05201556891));
#2174 = CARTESIAN_POINT('',(-36.81333843562,206.32601556891));
#2175 = ( GEOMETRIC_REPRESENTATION_CONTEXT(2) 
PARAMETRIC_REPRESENTATION_CONTEXT() REPRESENTATION_CONTEXT('2D SPACE',''
  ) );
#2176 = PCURVE('',#2093,#2177);
#2177 = DEFINITIONAL_REPRESENTATION('',(#2178),#2182);
#2178 = LINE('',#2179,#2180);
#2179 = CARTESIAN_POINT('',(0.,-18.3));
#2180 = VECTOR('',#2181,1.);
#2181 = DIRECTION('',(1.,0.));
#2182 = ( GEOMETRIC_REPRESENTATION_CONTEXT(2) 
PARAMETRIC_REPRESENTATION_CONTEXT() REPRESENTATION_CONTEXT('2D SPACE',''
  ) );
#2183 = ORIENTED_EDGE('',*,*,#2108,.T.);
#2184 = ORIENTED_EDGE('',*,*,#2134,.T.);
#2185 = ORIENTED_EDGE('',*,*,#1657,.F.);
#2186 = ORIENTED_EDGE('',*,*,#2187,.F.);
#2187 = EDGE_CURVE('',#2160,#1630,#2188,.T.);
#2188 = SURFACE_CURVE('',#2189,(#2194,#2201),.PCURVE_S1.);
#2189 = CIRCLE('',#2190,51.051679222198);
#2190 = AXIS2_PLACEMENT_3D('',#2191,#2192,#2193);
#2191 = CARTESIAN_POINT('',(-1.680935954139E-02,468.21906343085,18.3));
#2192 = DIRECTION('',(0.,-0.,-1.));
#2193 = DIRECTION('',(0.721422094643,-0.692495603856,0.));
#2194 = PCURVE('',#1671,#2195);
#2195 = DEFINITIONAL_REPRESENTATION('',(#2196),#2200);
#2196 = CIRCLE('',#2197,51.051679222198);
#2197 = AXIS2_PLACEMENT_2D('',#2198,#2199);
#2198 = CARTESIAN_POINT('',(1.647092391718E-02,241.67907899977));
#2199 = DIRECTION('',(-0.721422094643,-0.692495603856));
#2200 = ( GEOMETRIC_REPRESENTATION_CONTEXT(2) 
PARAMETRIC_REPRESENTATION_CONTEXT() REPRESENTATION_CONTEXT('2D SPACE',''
  ) );
#2201 = PCURVE('',#1645,#2202);
#2202 = DEFINITIONAL_REPRESENTATION('',(#2203),#2207);
#2203 = LINE('',#2204,#2205);
#2204 = CARTESIAN_POINT('',(0.,-18.3));
#2205 = VECTOR('',#2206,1.);
#2206 = DIRECTION('',(1.,0.));
#2207 = ( GEOMETRIC_REPRESENTATION_CONTEXT(2) 
PARAMETRIC_REPRESENTATION_CONTEXT() REPRESENTATION_CONTEXT('2D SPACE',''
  ) );
#2208 = ADVANCED_FACE('',(#2209,#2478),#1645,.F.);
#2209 = FACE_BOUND('',#2210,.F.);
#2210 = EDGE_LOOP('',(#2211,#2455,#2476,#2477));
#2211 = ORIENTED_EDGE('',*,*,#2212,.T.);
#2212 = EDGE_CURVE('',#1557,#2213,#2215,.T.);
#2213 = VERTEX_POINT('',#2214);
#2214 = CARTESIAN_POINT('',(36.813,432.866,14.299832208182));
#2215 = SURFACE_CURVE('',#2216,(#2303,#2393),.PCURVE_S1.);
#2216 = B_SPLINE_CURVE_WITH_KNOTS('',7,(#2217,#2218,#2219,#2220,#2221,
    #2222,#2223,#2224,#2225,#2226,#2227,#2228,#2229,#2230,#2231,#2232,
    #2233,#2234,#2235,#2236,#2237,#2238,#2239,#2240,#2241,#2242,#2243,
    #2244,#2245,#2246,#2247,#2248,#2249,#2250,#2251,#2252,#2253,#2254,
    #2255,#2256,#2257,#2258,#2259,#2260,#2261,#2262,#2263,#2264,#2265,
    #2266,#2267,#2268,#2269,#2270,#2271,#2272,#2273,#2274,#2275,#2276,
    #2277,#2278,#2279,#2280,#2281,#2282,#2283,#2284,#2285,#2286,#2287,
    #2288,#2289,#2290,#2291,#2292,#2293,#2294,#2295,#2296,#2297,#2298,
    #2299,#2300,#2301,#2302),.UNSPECIFIED.,.F.,.F.,(8,6,6,6,6,6,6,6,6,6,
    6,6,6,6,8),(0.,8.239654818544E-02,0.20822052722,0.334976151362,
    0.408419609126,0.472807839291,0.528103252806,0.576545127932,
    0.659899023545,0.690272466418,0.799854882154,0.827548314416,
    0.910009287173,0.931025384161,1.),.UNSPECIFIED.);
#2217 = CARTESIAN_POINT('',(10.081,418.176,7.967790204114));
#2218 = CARTESIAN_POINT('',(10.439987948335,418.24843744919,
    8.043668533149));
#2219 = CARTESIAN_POINT('',(10.797571875864,418.32371850205,
    8.121510448719));
#2220 = CARTESIAN_POINT('',(11.153748838011,418.40181719621,
    8.201197326038));
#2221 = CARTESIAN_POINT('',(11.508519567675,418.48270960868,
    8.282613753261));
#2222 = CARTESIAN_POINT('',(11.861888475233,418.56637385582,
    8.365647531476));
#2223 = CARTESIAN_POINT('',(12.213863648541,418.65279009334,
    8.450189674709));
#2224 = CARTESIAN_POINT('',(13.099831610372,418.87807802698,
    8.667376662172));
#2225 = CARTESIAN_POINT('',(13.631978968695,419.0205904886,
    8.801889416293));
#2226 = CARTESIAN_POINT('',(14.160946743135,419.16941712855,
    8.93928963395));
#2227 = CARTESIAN_POINT('',(14.686777265282,419.32450439336,
    9.079234728502));
#2228 = CARTESIAN_POINT('',(15.209531145982,419.48581246345,
    9.221373395854));
#2229 = CARTESIAN_POINT('',(15.729270781852,419.65331257107,
    9.365377961293));
#2230 = CARTESIAN_POINT('',(16.766694864562,420.00195442935,
    9.657550738388));
#2231 = CARTESIAN_POINT('',(17.284330060754,420.18318614686,
    9.805740340955));
#2232 = CARTESIAN_POINT('',(17.79904929761,420.37067070888,
    9.955163650901));
#2233 = CARTESIAN_POINT('',(18.310916667971,420.56440100885,
    10.105512327267));
#2234 = CARTESIAN_POINT('',(18.820003137788,420.76438333361,
    10.256466643125));
#2235 = CARTESIAN_POINT('',(19.326373288548,420.9706333223,
    10.40772185087));
#2236 = CARTESIAN_POINT('',(20.12195587144,421.30633130396,
    10.646602845837));
#2237 = CARTESIAN_POINT('',(20.412926753833,421.43159619884,
    10.73423404817));
#2238 = CARTESIAN_POINT('',(20.703020334969,421.55897999961,
    10.821801526277));
#2239 = CARTESIAN_POINT('',(20.992248900417,421.68848929213,
    10.909244051337));
#2240 = CARTESIAN_POINT('',(21.28062404722,421.82013172057,
    10.99650009267));
#2241 = CARTESIAN_POINT('',(21.568156683903,421.95391598747,
    11.083507817733));
#2242 = CARTESIAN_POINT('',(22.10620859349,422.2090274768,
    11.246213006615));
#2243 = CARTESIAN_POINT('',(22.356920397978,422.32985682256,
    11.321981951417));
#2244 = CARTESIAN_POINT('',(22.606998920951,422.45234623837,
    11.3974708486));
#2245 = CARTESIAN_POINT('',(22.85645065761,422.57650292966,
    11.472636697767));
#2246 = CARTESIAN_POINT('',(23.105281497833,422.70233460747,
    11.547435937281));
#2247 = CARTESIAN_POINT('',(23.353496102668,422.82984913608,
    11.621825805514));
#2248 = CARTESIAN_POINT('',(23.813732563674,423.07001306774,
    11.759263908911));
#2249 = CARTESIAN_POINT('',(24.025915380436,423.18221867557,
    11.822430133636));
#2250 = CARTESIAN_POINT('',(24.237647768137,423.29567599493,
    11.885238054246));
#2251 = CARTESIAN_POINT('',(24.448931316175,423.41039015676,
    11.947660978339));
#2252 = CARTESIAN_POINT('',(24.65976716633,423.52636643205,
    12.009671843126));
#2253 = CARTESIAN_POINT('',(24.870156012758,423.64361023187,
    12.071243215426));
#2254 = CARTESIAN_POINT('',(25.264019115039,423.86595451935,
    12.185877880252));
#2255 = CARTESIAN_POINT('',(25.44759724511,423.97075897515,
    12.239049671429));
#2256 = CARTESIAN_POINT('',(25.630832440811,424.07654406079,
    12.291844570654));
#2257 = CARTESIAN_POINT('',(25.813724923454,424.1833137601,
    12.344242597338));
#2258 = CARTESIAN_POINT('',(25.996274052553,424.2910717538,
    12.396224836153));
#2259 = CARTESIAN_POINT('',(26.178478533456,424.39982153188,
    12.447772938613));
#2260 = CARTESIAN_POINT('',(26.673263348597,424.69840680796,
    12.586779544902));
#2261 = CARTESIAN_POINT('',(26.985167372457,424.89019544675,
    12.673341842117));
#2262 = CARTESIAN_POINT('',(27.296055661654,425.08495943607,
    12.758425294514));
#2263 = CARTESIAN_POINT('',(27.605928662523,425.28272432029,
    12.841899193087));
#2264 = CARTESIAN_POINT('',(27.914781867621,425.48351473084,
    12.923628785234));
#2265 = CARTESIAN_POINT('',(28.222606038529,425.68735412914,
    13.003475168104));
#2266 = CARTESIAN_POINT('',(28.641175929478,425.96966092782,
    13.109652125888));
#2267 = CARTESIAN_POINT('',(28.752825903823,426.04546503683,
    13.137739890361));
#2268 = CARTESIAN_POINT('',(28.864336559671,426.12167785358,
    13.165551823073));
#2269 = CARTESIAN_POINT('',(28.975707119308,426.19830039561,
    13.193080749234));
#2270 = CARTESIAN_POINT('',(29.086936718405,426.27533364605,
    13.220319328993));
#2271 = CARTESIAN_POINT('',(29.198024305095,426.35277847857,
    13.247260414891));
#2272 = CARTESIAN_POINT('',(29.709237195396,426.71153128292,
    13.369999329867));
#2273 = CARTESIAN_POINT('',(30.107636106602,426.99779064523,
    13.462153890538));
#2274 = CARTESIAN_POINT('',(30.504042542103,427.28940370836,
    13.550235996017));
#2275 = CARTESIAN_POINT('',(30.898327044215,427.58635204311,
    13.634118429841));
#2276 = CARTESIAN_POINT('',(31.290353862047,427.88860765865,
    13.713672795346));
#2277 = CARTESIAN_POINT('',(31.67998138544,428.19613190914,
    13.788770456661));
#2278 = CARTESIAN_POINT('',(32.164884905027,428.58791000954,
    13.877103379109));
#2279 = CARTESIAN_POINT('',(32.262544337317,428.66727867183,
    13.894631868304));
#2280 = CARTESIAN_POINT('',(32.36003971966,428.74698054047,
    13.911860888067));
#2281 = CARTESIAN_POINT('',(32.457374420168,428.82701948468,
    13.928762168121));
#2282 = CARTESIAN_POINT('',(32.55454611065,428.9073948189,
    13.945329417312));
#2283 = CARTESIAN_POINT('',(32.651556344179,428.98810903448,
    13.961539475179));
#2284 = CARTESIAN_POINT('',(33.036781923869,429.31051083208,
    14.02453650637));
#2285 = CARTESIAN_POINT('',(33.32371556082,429.55486450307,
    14.068391105379));
#2286 = CARTESIAN_POINT('',(33.609204603447,429.80225627631,
    14.108490368602));
#2287 = CARTESIAN_POINT('',(33.893210538756,430.0526903443,
    14.144364177624));
#2288 = CARTESIAN_POINT('',(34.175658842815,430.30613860668,
    14.175529604617));
#2289 = CARTESIAN_POINT('',(34.456440970303,430.56253680227,
    14.201497512466));
#2290 = CARTESIAN_POINT('',(34.806516324039,430.8878518198,
    14.226948157277));
#2291 = CARTESIAN_POINT('',(34.877498421054,430.95410734054,
    14.231745448774));
#2292 = CARTESIAN_POINT('',(34.948360410564,431.0205455814,
    14.236161986441));
#2293 = CARTESIAN_POINT('',(35.019096097922,431.08716112416,
    14.240242971961));
#2294 = CARTESIAN_POINT('',(35.089700856312,431.1539499108,
    14.244021090148));
#2295 = CARTESIAN_POINT('',(35.160172413612,431.22090999277,
    14.247506938758));
#2296 = CARTESIAN_POINT('',(35.461343916071,431.50835089189,
    14.261336527581));
#2297 = CARTESIAN_POINT('',(35.690684807149,431.73045263179,
    14.269154817705));
#2298 = CARTESIAN_POINT('',(35.918464372735,431.95428642015,
    14.275140178198));
#2299 = CARTESIAN_POINT('',(36.144627271925,432.17980068341,
    14.280245813693));
#2300 = CARTESIAN_POINT('',(36.36912752214,432.4069495627,
    14.285426979781));
#2301 = CARTESIAN_POINT('',(36.591928009632,432.63569352926,
    14.291638487557));
#2302 = CARTESIAN_POINT('',(36.813,432.866,14.299832208182));
#2303 = PCURVE('',#1645,#2304);
#2304 = DEFINITIONAL_REPRESENTATION('',(#2305),#2392);
#2305 = B_SPLINE_CURVE_WITH_KNOTS('',7,(#2306,#2307,#2308,#2309,#2310,
    #2311,#2312,#2313,#2314,#2315,#2316,#2317,#2318,#2319,#2320,#2321,
    #2322,#2323,#2324,#2325,#2326,#2327,#2328,#2329,#2330,#2331,#2332,
    #2333,#2334,#2335,#2336,#2337,#2338,#2339,#2340,#2341,#2342,#2343,
    #2344,#2345,#2346,#2347,#2348,#2349,#2350,#2351,#2352,#2353,#2354,
    #2355,#2356,#2357,#2358,#2359,#2360,#2361,#2362,#2363,#2364,#2365,
    #2366,#2367,#2368,#2369,#2370,#2371,#2372,#2373,#2374,#2375,#2376,
    #2377,#2378,#2379,#2380,#2381,#2382,#2383,#2384,#2385,#2386,#2387,
    #2388,#2389,#2390,#2391),.UNSPECIFIED.,.F.,.F.,(8,6,6,6,6,6,6,6,6,6,
    6,6,6,6,8),(0.,8.239654818544E-02,0.20822052722,0.334976151362,
    0.408419609126,0.472807839291,0.528103252806,0.576545127932,
    0.659899023545,0.690272466418,0.799854882154,0.827548314416,
    0.910009287173,0.931025384161,1.),.UNSPECIFIED.);
#2306 = CARTESIAN_POINT('',(0.606744892209,-7.967790204114));
#2307 = CARTESIAN_POINT('',(0.599571311622,-8.043668533149));
#2308 = CARTESIAN_POINT('',(0.592413671674,-8.121510448719));
#2309 = CARTESIAN_POINT('',(0.585271528029,-8.201197326038));
#2310 = CARTESIAN_POINT('',(0.578144368149,-8.282613753261));
#2311 = CARTESIAN_POINT('',(0.571031611288,-8.365647531476));
#2312 = CARTESIAN_POINT('',(0.563932608499,-8.450189674709));
#2313 = CARTESIAN_POINT('',(0.546025990053,-8.667376662172));
#2314 = CARTESIAN_POINT('',(0.535235832148,-8.801889416293));
#2315 = CARTESIAN_POINT('',(0.524473485223,-8.939289633949));
#2316 = CARTESIAN_POINT('',(0.51373638722,-9.079234728502));
#2317 = CARTESIAN_POINT('',(0.503021603196,-9.221373395854));
#2318 = CARTESIAN_POINT('',(0.492326138016,-9.365377961293));
#2319 = CARTESIAN_POINT('',(0.470888244985,-9.657550738388));
#2320 = CARTESIAN_POINT('',(0.460146170224,-9.805740340955));
#2321 = CARTESIAN_POINT('',(0.44941718664,-9.955163650901));
#2322 = CARTESIAN_POINT('',(0.438698142516,-10.10551232726));
#2323 = CARTESIAN_POINT('',(0.427985688225,-10.25646664312));
#2324 = CARTESIAN_POINT('',(0.417276533419,-10.40772185087));
#2325 = CARTESIAN_POINT('',(0.400362158238,-10.64660284583));
#2326 = CARTESIAN_POINT('',(0.39415705682,-10.73423404817));
#2327 = CARTESIAN_POINT('',(0.387951263098,-10.82180152627));
#2328 = CARTESIAN_POINT('',(0.381744114663,-10.90924405133));
#2329 = CARTESIAN_POINT('',(0.375534951992,-10.99650009267));
#2330 = CARTESIAN_POINT('',(0.369323118444,-11.08350781773));
#2331 = CARTESIAN_POINT('',(0.357659101411,-11.24621300661));
#2332 = CARTESIAN_POINT('',(0.352207687902,-11.32198195141));
#2333 = CARTESIAN_POINT('',(0.346753287614,-11.3974708486));
#2334 = CARTESIAN_POINT('',(0.341295459757,-11.47263669776));
#2335 = CARTESIAN_POINT('',(0.335833768397,-11.54743593728));
#2336 = CARTESIAN_POINT('',(0.330367795976,-11.62182580551));
#2337 = CARTESIAN_POINT('',(0.320199073772,-11.75926390891));
#2338 = CARTESIAN_POINT('',(0.315497550328,-11.82243013363));
#2339 = CARTESIAN_POINT('',(0.310792336775,-11.88523805424));
#2340 = CARTESIAN_POINT('',(0.306083188467,-11.94766097833));
#2341 = CARTESIAN_POINT('',(0.301369865829,-12.00967184312));
#2342 = CARTESIAN_POINT('',(0.296652134368,-12.07124321542));
#2343 = CARTESIAN_POINT('',(0.287792704663,-12.18587788025));
#2344 = CARTESIAN_POINT('',(0.283652085077,-12.23904967142));
#2345 = CARTESIAN_POINT('',(0.279507756603,-12.29184457065));
#2346 = CARTESIAN_POINT('',(0.275359560553,-12.34424259733));
#2347 = CARTESIAN_POINT('',(0.271207354865,-12.39622483615));
#2348 = CARTESIAN_POINT('',(0.267051009381,-12.44777293861));
#2349 = CARTESIAN_POINT('',(0.255731162228,-12.5867795449));
#2350 = CARTESIAN_POINT('',(0.248559235816,-12.67334184211));
#2351 = CARTESIAN_POINT('',(0.24137363249,-12.75842529451));
#2352 = CARTESIAN_POINT('',(0.234173477158,-12.84189919308));
#2353 = CARTESIAN_POINT('',(0.226957975668,-12.92362878523));
#2354 = CARTESIAN_POINT('',(0.219726412155,-13.0034751681));
#2355 = CARTESIAN_POINT('',(0.209836940687,-13.10965212588));
#2356 = CARTESIAN_POINT('',(0.207193518755,-13.13773989036));
#2357 = CARTESIAN_POINT('',(0.204547852679,-13.16555182307));
#2358 = CARTESIAN_POINT('',(0.20189991362,-13.19308074923));
#2359 = CARTESIAN_POINT('',(0.19924967429,-13.22031932899));
#2360 = CARTESIAN_POINT('',(0.196597111402,-13.24726041489));
#2361 = CARTESIAN_POINT('',(0.184363751197,-13.36999932986));
#2362 = CARTESIAN_POINT('',(0.174754921288,-13.46215389053));
#2363 = CARTESIAN_POINT('',(0.165116363624,-13.55023599601));
#2364 = CARTESIAN_POINT('',(0.155448884144,-13.63411842984));
#2365 = CARTESIAN_POINT('',(0.145753459368,-13.71367279534));
#2366 = CARTESIAN_POINT('',(0.136031246236,-13.78877045666));
#2367 = CARTESIAN_POINT('',(0.123820185765,-13.8771033791));
#2368 = CARTESIAN_POINT('',(0.121355161507,-13.8946318683));
#2369 = CARTESIAN_POINT('',(0.118888510508,-13.91186088806));
#2370 = CARTESIAN_POINT('',(0.11642010926,-13.92876216812));
#2371 = CARTESIAN_POINT('',(0.113949976959,-13.94532941731));
#2372 = CARTESIAN_POINT('',(0.111478034389,-13.96153947517));
#2373 = CARTESIAN_POINT('',(0.101638275617,-14.02453650637));
#2374 = CARTESIAN_POINT('',(9.425619480779E-02,-14.06839110537));
#2375 = CARTESIAN_POINT('',(8.685696843123E-02,-14.1084903686));
#2376 = CARTESIAN_POINT('',(7.9440454422E-02,-14.14436417762));
#2377 = CARTESIAN_POINT('',(7.200744462675E-02,-14.17552960461));
#2378 = CARTESIAN_POINT('',(6.455968752692E-02,-14.20149751246));
#2379 = CARTESIAN_POINT('',(5.519870385053E-02,-14.22694815727));
#2380 = CARTESIAN_POINT('',(5.329673020593E-02,-14.23174544877));
#2381 = CARTESIAN_POINT('',(5.139403235141E-02,-14.23616198644));
#2382 = CARTESIAN_POINT('',(4.949076015336E-02,-14.24024297196));
#2383 = CARTESIAN_POINT('',(4.758702281971E-02,-14.24402109014));
#2384 = CARTESIAN_POINT('',(4.568286763017E-02,-14.24750693875));
#2385 = CARTESIAN_POINT('',(3.752789500454E-02,-14.26133652758));
#2386 = CARTESIAN_POINT('',(3.127441410418E-02,-14.2691548177));
#2387 = CARTESIAN_POINT('',(2.501923391869E-02,-14.27514017819));
#2388 = CARTESIAN_POINT('',(1.87634358945E-02,-14.28024581369));
#2389 = CARTESIAN_POINT('',(1.25078916349E-02,-14.28542697978));
#2390 = CARTESIAN_POINT('',(6.253262632221E-03,-14.29163848755));
#2391 = CARTESIAN_POINT('',(0.,-14.29983220818));
#2392 = ( GEOMETRIC_REPRESENTATION_CONTEXT(2) 
PARAMETRIC_REPRESENTATION_CONTEXT() REPRESENTATION_CONTEXT('2D SPACE',''
  ) );
#2393 = PCURVE('',#1576,#2394);
#2394 = DEFINITIONAL_REPRESENTATION('',(#2395),#2454);
#2395 = B_SPLINE_CURVE_WITH_KNOTS('',8,(#2396,#2397,#2398,#2399,#2400,
    #2401,#2402,#2403,#2404,#2405,#2406,#2407,#2408,#2409,#2410,#2411,
    #2412,#2413,#2414,#2415,#2416,#2417,#2418,#2419,#2420,#2421,#2422,
    #2423,#2424,#2425,#2426,#2427,#2428,#2429,#2430,#2431,#2432,#2433,
    #2434,#2435,#2436,#2437,#2438,#2439,#2440,#2441,#2442,#2443,#2444,
    #2445,#2446,#2447,#2448,#2449,#2450,#2451,#2452,#2453),
  .UNSPECIFIED.,.F.,.F.,(9,7,7,7,7,7,7,7,9),(0.,0.25,0.4375,0.578125,
    0.68359375,0.7626953125,0.822021484375,0.911010742188,1.),
  .UNSPECIFIED.);
#2396 = CARTESIAN_POINT('',(10.030786630836,0.110265228689));
#2397 = CARTESIAN_POINT('',(10.030800541362,0.124651770525));
#2398 = CARTESIAN_POINT('',(10.030813191358,0.138970115491));
#2399 = CARTESIAN_POINT('',(10.030825905934,0.15322253751));
#2400 = CARTESIAN_POINT('',(10.030837512444,0.167419549494));
#2401 = CARTESIAN_POINT('',(10.03084785434,0.181568376602));
#2402 = CARTESIAN_POINT('',(10.030857547789,0.195676282465));
#2403 = CARTESIAN_POINT('',(10.030866650261,0.209755182839));
#2404 = CARTESIAN_POINT('',(10.030881122909,0.234358117911));
#2405 = CARTESIAN_POINT('',(10.030886822656,0.244890908184));
#2406 = CARTESIAN_POINT('',(10.030892077209,0.255416543902));
#2407 = CARTESIAN_POINT('',(10.030896926614,0.265939242487));
#2408 = CARTESIAN_POINT('',(10.030901383304,0.276463246867));
#2409 = CARTESIAN_POINT('',(10.030905432099,0.286992825476));
#2410 = CARTESIAN_POINT('',(10.030909030206,0.297532272255));
#2411 = CARTESIAN_POINT('',(10.030914428937,0.316001101621));
#2412 = CARTESIAN_POINT('',(10.030916520088,0.323924183803));
#2413 = CARTESIAN_POINT('',(10.03091838251,0.331856900978));
#2414 = CARTESIAN_POINT('',(10.030920012876,0.339800902396));
#2415 = CARTESIAN_POINT('',(10.03092140269,0.347757738777));
#2416 = CARTESIAN_POINT('',(10.030922538287,0.355728862304));
#2417 = CARTESIAN_POINT('',(10.030923400831,0.363715626629));
#2418 = CARTESIAN_POINT('',(10.030924393242,0.377722037938));
#2419 = CARTESIAN_POINT('',(10.030924665761,0.383734329309));
#2420 = CARTESIAN_POINT('',(10.030924812765,0.38975700208));
#2421 = CARTESIAN_POINT('',(10.030924847737,0.395790807877));
#2422 = CARTESIAN_POINT('',(10.030924768747,0.401836408856));
#2423 = CARTESIAN_POINT('',(10.03092455846,0.407894377706));
#2424 = CARTESIAN_POINT('',(10.030924184127,0.413965197644));
#2425 = CARTESIAN_POINT('',(10.030923161364,0.424612288815));
#2426 = CARTESIAN_POINT('',(10.030922583907,0.429182836116));
#2427 = CARTESIAN_POINT('',(10.030921906985,0.433760803339));
#2428 = CARTESIAN_POINT('',(10.030921160387,0.438346070651));
#2429 = CARTESIAN_POINT('',(10.030920361922,0.442938499368));
#2430 = CARTESIAN_POINT('',(10.030919517421,0.447537931955));
#2431 = CARTESIAN_POINT('',(10.030918620737,0.452144192027));
#2432 = CARTESIAN_POINT('',(10.03091692949,0.460216763112));
#2433 = CARTESIAN_POINT('',(10.030916157697,0.46368012425));
#2434 = CARTESIAN_POINT('',(10.030915349,0.467147216235));
#2435 = CARTESIAN_POINT('',(10.030914481269,0.470617879817));
#2436 = CARTESIAN_POINT('',(10.030913522264,0.474091908677));
#2437 = CARTESIAN_POINT('',(10.030912452282,0.477569210105));
#2438 = CARTESIAN_POINT('',(10.030911286804,0.481049965658));
#2439 = CARTESIAN_POINT('',(10.030908310849,0.489762008717));
#2440 = CARTESIAN_POINT('',(10.030906417356,0.494997837608));
#2441 = CARTESIAN_POINT('',(10.03090448446,0.500243147986));
#2442 = CARTESIAN_POINT('',(10.03090253743,0.505498333404));
#2443 = CARTESIAN_POINT('',(10.030900561012,0.510763311496));
#2444 = CARTESIAN_POINT('',(10.030898499423,0.516037523967));
#2445 = CARTESIAN_POINT('',(10.030896256355,0.521319936599));
#2446 = CARTESIAN_POINT('',(10.030891135186,0.531898111267));
#2447 = CARTESIAN_POINT('',(10.030888221459,0.537193756643));
#2448 = CARTESIAN_POINT('',(10.030885159969,0.542493505844));
#2449 = CARTESIAN_POINT('',(10.030882109073,0.547789154301));
#2450 = CARTESIAN_POINT('',(10.030879130645,0.55309090895));
#2451 = CARTESIAN_POINT('',(10.03087623592,0.558388680529));
#2452 = CARTESIAN_POINT('',(10.030873352742,0.56368730189));
#2453 = CARTESIAN_POINT('',(10.03087034487,0.568984681942));
#2454 = ( GEOMETRIC_REPRESENTATION_CONTEXT(2) 
PARAMETRIC_REPRESENTATION_CONTEXT() REPRESENTATION_CONTEXT('2D SPACE',''
  ) );
#2455 = ORIENTED_EDGE('',*,*,#2456,.T.);
#2456 = EDGE_CURVE('',#2213,#2160,#2457,.T.);
#2457 = SURFACE_CURVE('',#2458,(#2462,#2469),.PCURVE_S1.);
#2458 = LINE('',#2459,#2460);
#2459 = CARTESIAN_POINT('',(36.813,432.866,0.));
#2460 = VECTOR('',#2461,1.);
#2461 = DIRECTION('',(-0.,-0.,1.));
#2462 = PCURVE('',#1645,#2463);
#2463 = DEFINITIONAL_REPRESENTATION('',(#2464),#2468);
#2464 = LINE('',#2465,#2466);
#2465 = CARTESIAN_POINT('',(0.,0.));
#2466 = VECTOR('',#2467,1.);
#2467 = DIRECTION('',(0.,-1.));
#2468 = ( GEOMETRIC_REPRESENTATION_CONTEXT(2) 
PARAMETRIC_REPRESENTATION_CONTEXT() REPRESENTATION_CONTEXT('2D SPACE',''
  ) );
#2469 = PCURVE('',#2093,#2470);
#2470 = DEFINITIONAL_REPRESENTATION('',(#2471),#2475);
#2471 = LINE('',#2472,#2473);
#2472 = CARTESIAN_POINT('',(1.,0.));
#2473 = VECTOR('',#2474,1.);
#2474 = DIRECTION('',(0.,-1.));
#2475 = ( GEOMETRIC_REPRESENTATION_CONTEXT(2) 
PARAMETRIC_REPRESENTATION_CONTEXT() REPRESENTATION_CONTEXT('2D SPACE',''
  ) );
#2476 = ORIENTED_EDGE('',*,*,#2187,.T.);
#2477 = ORIENTED_EDGE('',*,*,#1629,.F.);
#2478 = FACE_BOUND('',#2479,.F.);
#2479 = EDGE_LOOP('',(#2480));
#2480 = ORIENTED_EDGE('',*,*,#2481,.F.);
#2481 = EDGE_CURVE('',#2482,#2482,#2484,.T.);
#2482 = VERTEX_POINT('',#2483);
#2483 = CARTESIAN_POINT('',(17.868139676274,420.40272156541,11.5));
#2484 = SURFACE_CURVE('',#2485,(#2551,#2620),.PCURVE_S1.);
#2485 = B_SPLINE_CURVE_WITH_KNOTS('',8,(#2486,#2487,#2488,#2489,#2490,
    #2491,#2492,#2493,#2494,#2495,#2496,#2497,#2498,#2499,#2500,#2501,
    #2502,#2503,#2504,#2505,#2506,#2507,#2508,#2509,#2510,#2511,#2512,
    #2513,#2514,#2515,#2516,#2517,#2518,#2519,#2520,#2521,#2522,#2523,
    #2524,#2525,#2526,#2527,#2528,#2529,#2530,#2531,#2532,#2533,#2534,
    #2535,#2536,#2537,#2538,#2539,#2540,#2541,#2542,#2543,#2544,#2545,
    #2546,#2547,#2548,#2549,#2550),.UNSPECIFIED.,.T.,.F.,(9,7,7,7,7,7,7,
    7,7,9),(0.,8.238226167847E-02,0.180529127619,0.373523769018,
    0.476909890574,0.58105313436,0.748718780391,0.873818288598,
    0.94841606439,1.),.UNSPECIFIED.);
#2486 = CARTESIAN_POINT('',(17.868139676274,420.40272156541,11.5));
#2487 = CARTESIAN_POINT('',(18.081236386435,420.48242703121,11.5));
#2488 = CARTESIAN_POINT('',(18.292138050923,420.56254836951,
    11.520399224379));
#2489 = CARTESIAN_POINT('',(18.498299555172,420.64209860909,
    11.560598491099));
#2490 = CARTESIAN_POINT('',(18.697312401483,420.72005578624,
    11.619437564735));
#2491 = CARTESIAN_POINT('',(18.886997859916,420.79541303638,
    11.695220988855));
#2492 = CARTESIAN_POINT('',(19.065487722323,420.86723127703,
    11.785740523424));
#2493 = CARTESIAN_POINT('',(19.231292659511,420.93469448215,
    11.888294187233));
#2494 = CARTESIAN_POINT('',(19.564522841277,421.07159540988,
    12.132428516043));
#2495 = CARTESIAN_POINT('',(19.728094712077,421.13972420783,
    12.27911983474));
#2496 = CARTESIAN_POINT('',(19.87442148278,421.20138618103,
    12.436951886655));
#2497 = CARTESIAN_POINT('',(20.00401730496,421.25653275542,
    12.60363734192));
#2498 = CARTESIAN_POINT('',(20.117469355984,421.30519615978,
    12.777319126901));
#2499 = CARTESIAN_POINT('',(20.215364466369,421.34745587568,
    12.956485747828));
#2500 = CARTESIAN_POINT('',(20.298235811435,421.38340992107,
    13.139908326703));
#2501 = CARTESIAN_POINT('',(20.500821761983,421.47163335044,
    13.693705997849));
#2502 = CARTESIAN_POINT('',(20.578603009686,421.50602981008,
    14.073058853353));
#2503 = CARTESIAN_POINT('',(20.603706627055,421.51724132217,
    14.457769544087));
#2504 = CARTESIAN_POINT('',(20.577473877846,421.50560976425,
    14.843318687178));
#2505 = CARTESIAN_POINT('',(20.499243832883,421.4709220964,
    15.225172175464));
#2506 = CARTESIAN_POINT('',(20.366596032795,421.41253551402,
    15.597671534353));
#2507 = CARTESIAN_POINT('',(20.17561558864,421.32966078977,
    15.95284143898));
#2508 = CARTESIAN_POINT('',(19.785482618376,421.16414830404,
    16.451295218832));
#2509 = CARTESIAN_POINT('',(19.629812528069,421.09863729738,
    16.618286944399));
#2510 = CARTESIAN_POINT('',(19.454293015537,421.02550158796,
    16.774548240777));
#2511 = CARTESIAN_POINT('',(19.259194392183,420.94517770725,
    16.916246663259));
#2512 = CARTESIAN_POINT('',(19.04529748971,420.85835864496,
    17.039582576933));
#2513 = CARTESIAN_POINT('',(18.813905636812,420.76596501065,
    17.140789603159));
#2514 = CARTESIAN_POINT('',(18.566897319394,420.66911663443,
    17.216117419827));
#2515 = CARTESIAN_POINT('',(18.044837115004,420.46836016629,
    17.307810933199));
#2516 = CARTESIAN_POINT('',(17.776096585586,420.36690669364,
    17.322598522213));
#2517 = CARTESIAN_POINT('',(17.506238756426,420.26706679498,
    17.304585905835));
#2518 = CARTESIAN_POINT('',(17.241212770032,420.17106170089,
    17.2541592576));
#2519 = CARTESIAN_POINT('',(16.986836708447,420.08079035514,
    17.173580375519));
#2520 = CARTESIAN_POINT('',(16.748350634083,419.9977284851,
    17.066915500292));
#2521 = CARTESIAN_POINT('',(16.530007525849,419.92290118922,
    16.939979556346));
#2522 = CARTESIAN_POINT('',(16.020388403912,419.75059576494,
    16.575417615985));
#2523 = CARTESIAN_POINT('',(15.755411158351,419.66360760174,
    16.310025276933));
#2524 = CARTESIAN_POINT('',(15.539439191508,419.59433656517,
    16.017617973151));
#2525 = CARTESIAN_POINT('',(15.370458711371,419.54101384042,
    15.707558293675));
#2526 = CARTESIAN_POINT('',(15.246060816976,419.50217414904,
    15.386625842148));
#2527 = CARTESIAN_POINT('',(15.164066909997,419.47671225581,
    15.059615702048));
#2528 = CARTESIAN_POINT('',(15.123054527086,419.46397679468,
    14.729841048695));
#2529 = CARTESIAN_POINT('',(15.123054527086,419.46397679468,
    14.153897390699));
#2530 = CARTESIAN_POINT('',(15.145885547801,419.47106649687,
    13.907998835338));
#2531 = CARTESIAN_POINT('',(15.191484377062,419.48522621093,
    13.663538376849));
#2532 = CARTESIAN_POINT('',(15.260166058398,419.50661956581,
    13.421853924183));
#2533 = CARTESIAN_POINT('',(15.352557901132,419.53557155187,
    13.184539079947));
#2534 = CARTESIAN_POINT('',(15.469522013763,419.57255834282,
    12.953618707305));
#2535 = CARTESIAN_POINT('',(15.612058157018,419.61819839461,
    12.731766119347));
#2536 = CARTESIAN_POINT('',(15.88202656987,419.706052652,12.397840386244
    ));
#2537 = CARTESIAN_POINT('',(15.992572849005,419.74229184949,
    12.277301991815));
#2538 = CARTESIAN_POINT('',(16.112915206019,419.78207362525,
    12.162009825772));
#2539 = CARTESIAN_POINT('',(16.243074060228,419.82550832377,
    12.053074829569));
#2540 = CARTESIAN_POINT('',(16.382979468292,419.8726902714,
    11.951682834217));
#2541 = CARTESIAN_POINT('',(16.532456840243,419.92369037331,
    11.859104749101));
#2542 = CARTESIAN_POINT('',(16.691211497825,419.97854595537,
    11.776707756606));
#2543 = CARTESIAN_POINT('',(16.97470691646,420.07783987582,
    11.657051038056));
#2544 = CARTESIAN_POINT('',(17.094847719174,420.12027647203,
    11.613701727682));
#2545 = CARTESIAN_POINT('',(17.218640520657,420.16439744299,
    11.57660222497));
#2546 = CARTESIAN_POINT('',(17.34543068446,420.21001252646,
    11.546312198585));
#2547 = CARTESIAN_POINT('',(17.47451702578,420.25690434311,
    11.52326591179));
#2548 = CARTESIAN_POINT('',(17.605165936925,420.30483134519,
    11.507769791944));
#2549 = CARTESIAN_POINT('',(17.73662551278,420.35353076537,11.5));
#2550 = CARTESIAN_POINT('',(17.868139676274,420.40272156541,11.5));
#2551 = PCURVE('',#1645,#2552);
#2552 = DEFINITIONAL_REPRESENTATION('',(#2553),#2619);
#2553 = B_SPLINE_CURVE_WITH_KNOTS('',8,(#2554,#2555,#2556,#2557,#2558,
    #2559,#2560,#2561,#2562,#2563,#2564,#2565,#2566,#2567,#2568,#2569,
    #2570,#2571,#2572,#2573,#2574,#2575,#2576,#2577,#2578,#2579,#2580,
    #2581,#2582,#2583,#2584,#2585,#2586,#2587,#2588,#2589,#2590,#2591,
    #2592,#2593,#2594,#2595,#2596,#2597,#2598,#2599,#2600,#2601,#2602,
    #2603,#2604,#2605,#2606,#2607,#2608,#2609,#2610,#2611,#2612,#2613,
    #2614,#2615,#2616,#2617,#2618),.UNSPECIFIED.,.T.,.F.,(9,7,7,7,7,7,7,
    7,7,9),(0.,8.238226167847E-02,0.180529127619,0.373523769018,
    0.476909890574,0.58105313436,0.748718780391,0.873818288598,
    0.94841606439,1.),.UNSPECIFIED.);
#2554 = CARTESIAN_POINT('',(0.447930000817,-11.5));
#2555 = CARTESIAN_POINT('',(0.443473434257,-11.5));
#2556 = CARTESIAN_POINT('',(0.439054285426,-11.52039922437));
#2557 = CARTESIAN_POINT('',(0.434725887322,-11.56059849109));
#2558 = CARTESIAN_POINT('',(0.430539313596,-11.61943756473));
#2559 = CARTESIAN_POINT('',(0.426541366064,-11.69522098885));
#2560 = CARTESIAN_POINT('',(0.422772749379,-11.78574052342));
#2561 = CARTESIAN_POINT('',(0.419266432876,-11.88829418723));
#2562 = CARTESIAN_POINT('',(0.412209744966,-12.13242851604));
#2563 = CARTESIAN_POINT('',(0.40873893408,-12.27911983474));
#2564 = CARTESIAN_POINT('',(0.405628630048,-12.43695188665));
#2565 = CARTESIAN_POINT('',(0.402869861736,-12.60363734192));
#2566 = CARTESIAN_POINT('',(0.400451770272,-12.7773191269));
#2567 = CARTESIAN_POINT('',(0.398363165458,-12.95648574782));
#2568 = CARTESIAN_POINT('',(0.39659369206,-13.1399083267));
#2569 = CARTESIAN_POINT('',(0.392265479236,-13.69370599784));
#2570 = CARTESIAN_POINT('',(0.390599600193,-14.07305885335));
#2571 = CARTESIAN_POINT('',(0.390061046542,-14.45776954408));
#2572 = CARTESIAN_POINT('',(0.390623144981,-14.84331868717));
#2573 = CARTESIAN_POINT('',(0.392299404583,-15.22517217546));
#2574 = CARTESIAN_POINT('',(0.395138259928,-15.59767153435));
#2575 = CARTESIAN_POINT('',(0.399216085261,-15.95284143898));
#2576 = CARTESIAN_POINT('',(0.407517284895,-16.45129521883));
#2577 = CARTESIAN_POINT('',(0.410825546331,-16.61828694439));
#2578 = CARTESIAN_POINT('',(0.414550110219,-16.77454824077));
#2579 = CARTESIAN_POINT('',(0.418682835327,-16.91624666325));
#2580 = CARTESIAN_POINT('',(0.423204497953,-17.03958257693));
#2581 = CARTESIAN_POINT('',(0.428084818686,-17.14078960315));
#2582 = CARTESIAN_POINT('',(0.433281719332,-17.21611741982));
#2583 = CARTESIAN_POINT('',(0.444237871599,-17.30781093319));
#2584 = CARTESIAN_POINT('',(0.449864476028,-17.32259852221));
#2585 = CARTESIAN_POINT('',(0.455500413572,-17.30458590583));
#2586 = CARTESIAN_POINT('',(0.461021613511,-17.2541592576));
#2587 = CARTESIAN_POINT('',(0.466308583734,-17.17358037551));
#2588 = CARTESIAN_POINT('',(0.471255172549,-17.06691550029));
#2589 = CARTESIAN_POINT('',(0.475776220735,-16.93997955634));
#2590 = CARTESIAN_POINT('',(0.486313775347,-16.57541761598));
#2591 = CARTESIAN_POINT('',(0.491776466198,-16.31002527693));
#2592 = CARTESIAN_POINT('',(0.496219076141,-16.01761797315));
#2593 = CARTESIAN_POINT('',(0.499689921158,-15.70755829367));
#2594 = CARTESIAN_POINT('',(0.502242626623,-15.38662584214));
#2595 = CARTESIAN_POINT('',(0.503924380917,-15.05961570204));
#2596 = CARTESIAN_POINT('',(0.504765572207,-14.72984104869));
#2597 = CARTESIAN_POINT('',(0.504765572207,-14.15389739069));
#2598 = CARTESIAN_POINT('',(0.504297292414,-13.90799883533));
#2599 = CARTESIAN_POINT('',(0.503362029483,-13.66353837684));
#2600 = CARTESIAN_POINT('',(0.501952940078,-13.42185392418));
#2601 = CARTESIAN_POINT('',(0.500056400228,-13.18453907994));
#2602 = CARTESIAN_POINT('',(0.49765350459,-12.9536187073));
#2603 = CARTESIAN_POINT('',(0.494721903205,-12.73176611934));
#2604 = CARTESIAN_POINT('',(0.489160799032,-12.39784038624));
#2605 = CARTESIAN_POINT('',(0.486882041282,-12.27730199181));
#2606 = CARTESIAN_POINT('',(0.484399329264,-12.16200982577));
#2607 = CARTESIAN_POINT('',(0.481711589591,-12.05307482956));
#2608 = CARTESIAN_POINT('',(0.47881951211,-11.95168283421));
#2609 = CARTESIAN_POINT('',(0.475725855227,-11.8591047491));
#2610 = CARTESIAN_POINT('',(0.47243579071,-11.7767077566));
#2611 = CARTESIAN_POINT('',(0.466551923213,-11.65705103805));
#2612 = CARTESIAN_POINT('',(0.464056120106,-11.61370172768));
#2613 = CARTESIAN_POINT('',(0.461481876101,-11.57660222497));
#2614 = CARTESIAN_POINT('',(0.45884249664,-11.54631219858));
#2615 = CARTESIAN_POINT('',(0.45615231816,-11.52326591179));
#2616 = CARTESIAN_POINT('',(0.453426431089,-11.50776979194));
#2617 = CARTESIAN_POINT('',(0.450680402842,-11.5));
#2618 = CARTESIAN_POINT('',(0.447930000817,-11.5));
#2619 = ( GEOMETRIC_REPRESENTATION_CONTEXT(2) 
PARAMETRIC_REPRESENTATION_CONTEXT() REPRESENTATION_CONTEXT('2D SPACE',''
  ) );
#2620 = PCURVE('',#2621,#2626);
#2621 = CYLINDRICAL_SURFACE('',#2622,2.9);
#2622 = AXIS2_PLACEMENT_3D('',#2623,#2624,#2625);
#2623 = CARTESIAN_POINT('',(17.529789603036,421.30767106171,14.4));
#2624 = DIRECTION('',(0.350210396964,-0.936671061717,2.22044604925E-16)
  );
#2625 = DIRECTION('',(7.776232923445E-17,-2.079827558437E-16,-1.));
#2626 = DEFINITIONAL_REPRESENTATION('',(#2627),#2693);
#2627 = B_SPLINE_CURVE_WITH_KNOTS('',8,(#2628,#2629,#2630,#2631,#2632,
    #2633,#2634,#2635,#2636,#2637,#2638,#2639,#2640,#2641,#2642,#2643,
    #2644,#2645,#2646,#2647,#2648,#2649,#2650,#2651,#2652,#2653,#2654,
    #2655,#2656,#2657,#2658,#2659,#2660,#2661,#2662,#2663,#2664,#2665,
    #2666,#2667,#2668,#2669,#2670,#2671,#2672,#2673,#2674,#2675,#2676,
    #2677,#2678,#2679,#2680,#2681,#2682,#2683,#2684,#2685,#2686,#2687,
    #2688,#2689,#2690,#2691,#2692),.UNSPECIFIED.,.F.,.F.,(9,7,7,7,7,7,7,
    7,7,9),(0.,8.238226167847E-02,0.180529127619,0.373523769018,
    0.476909890574,0.58105313436,0.748718780391,0.873818288598,
    0.94841606439,1.),.UNSPECIFIED.);
#2628 = CARTESIAN_POINT('',(0.,0.966133718962));
#2629 = CARTESIAN_POINT('',(7.845351881762E-02,0.96610459915));
#2630 = CARTESIAN_POINT('',(0.156248196756,0.964917215773));
#2631 = CARTESIAN_POINT('',(0.233179044393,0.962604710651));
#2632 = CARTESIAN_POINT('',(0.309027755679,0.95928084667));
#2633 = CARTESIAN_POINT('',(0.383548817558,0.955125710864));
#2634 = CARTESIAN_POINT('',(0.456449481126,0.95036464871));
#2635 = CARTESIAN_POINT('',(0.527363594355,0.945240429622));
#2636 = CARTESIAN_POINT('',(0.677374627235,0.933709966523));
#2637 = CARTESIAN_POINT('',(0.756300086468,0.927180262827));
#2638 = CARTESIAN_POINT('',(0.83294924813,0.920668433375));
#2639 = CARTESIAN_POINT('',(0.907619850203,0.914400037322));
#2640 = CARTESIAN_POINT('',(0.980576667726,0.908550522519));
#2641 = CARTESIAN_POINT('',(1.052068690841,0.903250955025));
#2642 = CARTESIAN_POINT('',(1.122340607776,0.898596247806));
#2643 = CARTESIAN_POINT('',(1.327905193104,0.886907620715));
#2644 = CARTESIAN_POINT('',(1.460262915328,0.881929253974));
#2645 = CARTESIAN_POINT('',(1.59085332188,0.880219302853));
#2646 = CARTESIAN_POINT('',(1.721355050605,0.881927265042));
#2647 = CARTESIAN_POINT('',(1.853318785576,0.887021224609));
#2648 = CARTESIAN_POINT('',(1.988338422914,0.895255607998));
#2649 = CARTESIAN_POINT('',(2.128096113282,0.905998626789));
#2650 = CARTESIAN_POINT('',(2.353613262274,0.924400760139));
#2651 = CARTESIAN_POINT('',(2.435173800853,0.931245740178));
#2652 = CARTESIAN_POINT('',(2.519400793209,0.938281084613));
#2653 = CARTESIAN_POINT('',(2.606171174216,0.94519257291));
#2654 = CARTESIAN_POINT('',(2.695445020591,0.951604557039));
#2655 = CARTESIAN_POINT('',(2.787258911468,0.957111167928));
#2656 = CARTESIAN_POINT('',(2.881733669406,0.961321358409));
#2657 = CARTESIAN_POINT('',(3.077172306341,0.966533221145));
#2658 = CARTESIAN_POINT('',(3.175744404926,0.967446025601));
#2659 = CARTESIAN_POINT('',(3.27408921988,0.966456152008));
#2660 = CARTESIAN_POINT('',(3.371562636096,0.963566489515));
#2661 = CARTESIAN_POINT('',(3.467507696641,0.959035905278));
#2662 = CARTESIAN_POINT('',(3.561169091165,0.953317252501));
#2663 = CARTESIAN_POINT('',(3.651583134142,0.946939788577));
#2664 = CARTESIAN_POINT('',(3.875592242114,0.92985937828));
#2665 = CARTESIAN_POINT('',(4.006481952274,0.918540887105));
#2666 = CARTESIAN_POINT('',(4.131745361111,0.907789434235));
#2667 = CARTESIAN_POINT('',(4.252538041175,0.898556566415));
#2668 = CARTESIAN_POINT('',(4.369932856165,0.8913711454));
#2669 = CARTESIAN_POINT('',(4.484934908756,0.886505445253));
#2670 = CARTESIAN_POINT('',(4.598650687731,0.88407142025));
#2671 = CARTESIAN_POINT('',(4.797251949109,0.88407142025));
#2672 = CARTESIAN_POINT('',(4.882044427257,0.885426362197));
#2673 = CARTESIAN_POINT('',(4.967272874716,0.888132551896));
#2674 = CARTESIAN_POINT('',(5.053399253628,0.892147054345));
#2675 = CARTESIAN_POINT('',(5.140888364142,0.897385150746));
#2676 = CARTESIAN_POINT('',(5.230217661641,0.903702742313));
#2677 = CARTESIAN_POINT('',(5.321896164053,0.910870665862));
#2678 = CARTESIAN_POINT('',(5.47297532595,0.923125870347));
#2679 = CARTESIAN_POINT('',(5.530602983941,0.927896119052));
#2680 = CARTESIAN_POINT('',(5.589450758818,0.932778825539));
#2681 = CARTESIAN_POINT('',(5.649562650606,0.93767778436));
#2682 = CARTESIAN_POINT('',(5.710995377531,0.94248014788));
#2683 = CARTESIAN_POINT('',(5.773819560468,0.947058358039));
#2684 = CARTESIAN_POINT('',(5.838124646718,0.951274253401));
#2685 = CARTESIAN_POINT('',(5.949599070081,0.957551554609));
#2686 = CARTESIAN_POINT('',(5.99594096052,0.959876981191));
#2687 = CARTESIAN_POINT('',(6.04291409156,0.961903670629));
#2688 = CARTESIAN_POINT('',(6.090393990633,0.963580575555));
#2689 = CARTESIAN_POINT('',(6.138266931205,0.964865746709));
#2690 = CARTESIAN_POINT('',(6.186425998495,0.965728517817));
#2691 = CARTESIAN_POINT('',(6.234767155193,0.966151690463));
#2692 = CARTESIAN_POINT('',(6.28318530718,0.966133718962));
#2693 = ( GEOMETRIC_REPRESENTATION_CONTEXT(2) 
PARAMETRIC_REPRESENTATION_CONTEXT() REPRESENTATION_CONTEXT('2D SPACE',''
  ) );
#2694 = ADVANCED_FACE('',(#2695),#1576,.T.);
#2695 = FACE_BOUND('',#2696,.T.);
#2696 = EDGE_LOOP('',(#2697,#2737,#2738,#2739,#2955));
#2697 = ORIENTED_EDGE('',*,*,#2698,.F.);
#2698 = EDGE_CURVE('',#1484,#1969,#2699,.T.);
#2699 = SURFACE_CURVE('',#2700,(#2723,#2730),.PCURVE_S1.);
#2700 = ( BOUNDED_CURVE() B_SPLINE_CURVE(3,(#2701,#2702,#2703,#2704,
    #2705,#2706,#2707,#2708,#2709,#2710,#2711,#2712,#2713,#2714,#2715,
    #2716,#2717,#2718,#2719,#2720,#2721,#2722),.UNSPECIFIED.,.F.,.F.) 
B_SPLINE_CURVE_WITH_KNOTS((4,1,1,1,1,1,1,1,1,1,1,1,1,1,1,1,1,1,1,4),(0.,
    5.245000615645E-02,0.105056142816,0.157827138689,0.210729740208,
    0.263703235816,0.316673593925,0.369567354274,0.422325530646,
    0.474917777959,0.52735694777,0.57971823004,0.632142347135,
    0.684734332274,0.737455393694,0.790192360737,0.842823921577,
0.89528663,0.947644996011,1.),.UNSPECIFIED.) CURVE() 
GEOMETRIC_REPRESENTATION_ITEM() RATIONAL_B_SPLINE_CURVE((1.,
    1.000000000036,0.999999999983,1.000000000004,0.999999999999,1.,1.,1.
    ,1.,1.,1.,1.,1.,1.,1.,1.,1.,1.000000000002,0.999999999994,
1.000000000024,0.999999999949,1.)) REPRESENTATION_ITEM('') );
#2701 = CARTESIAN_POINT('',(2.695301746512,416.76357896014,
    6.892835735959));
#2702 = CARTESIAN_POINT('',(3.89353611268,416.82639168764,6.973551139748
    ));
#2703 = CARTESIAN_POINT('',(6.286787832294,417.03597302536,
    7.235455662158));
#2704 = CARTESIAN_POINT('',(9.840251118628,417.59921839847,
    7.867041310683));
#2705 = CARTESIAN_POINT('',(13.344381809683,418.40859302419,
    8.67710188647));
#2706 = CARTESIAN_POINT('',(16.782673352353,419.46004992628,
    9.605205585611));
#2707 = CARTESIAN_POINT('',(20.138890738416,420.7484712099,
    10.590999462327));
#2708 = CARTESIAN_POINT('',(23.397151755162,422.26771380525,
    11.574490925778));
#2709 = CARTESIAN_POINT('',(26.541999651806,424.01062770925,
    12.494597751129));
#2710 = CARTESIAN_POINT('',(29.558479228275,425.96909657966,
    13.294206709324));
#2711 = CARTESIAN_POINT('',(32.432182996888,428.13406961262,
    13.901007397413));
#2712 = CARTESIAN_POINT('',(35.149416165866,430.49568696181,
    14.298341575891));
#2713 = CARTESIAN_POINT('',(37.696897777862,433.0431026082,
    14.261167663012));
#2714 = CARTESIAN_POINT('',(40.059409357056,435.76140869763,
    14.602918095742));
#2715 = CARTESIAN_POINT('',(42.223160769942,438.63354335075,
    15.22988129679));
#2716 = CARTESIAN_POINT('',(44.180220348447,441.64749974533,
    16.000707208291));
#2717 = CARTESIAN_POINT('',(45.922393276635,444.79022682375,
    16.78815485365));
#2718 = CARTESIAN_POINT('',(47.442154204203,448.04840915236,
    17.46174887062));
#2719 = CARTESIAN_POINT('',(48.732585983134,451.40900099416,
    17.890396943689));
#2720 = CARTESIAN_POINT('',(49.785895151936,454.85355144636,
    17.944396428939));
#2721 = CARTESIAN_POINT('',(50.324687539158,457.18914298298,
    17.802792869345));
#2722 = CARTESIAN_POINT('',(50.553799947555,458.3663367381,17.9));
#2723 = PCURVE('',#1576,#2724);
#2724 = DEFINITIONAL_REPRESENTATION('',(#2725),#2729);
#2725 = LINE('',#2726,#2727);
#2726 = CARTESIAN_POINT('',(10.,0.));
#2727 = VECTOR('',#2728,1.);
#2728 = DIRECTION('',(0.,1.));
#2729 = ( GEOMETRIC_REPRESENTATION_CONTEXT(2) 
PARAMETRIC_REPRESENTATION_CONTEXT() REPRESENTATION_CONTEXT('2D SPACE',''
  ) );
#2730 = PCURVE('',#1503,#2731);
#2731 = DEFINITIONAL_REPRESENTATION('',(#2732),#2736);
#2732 = LINE('',#2733,#2734);
#2733 = CARTESIAN_POINT('',(10.,0.));
#2734 = VECTOR('',#2735,1.);
#2735 = DIRECTION('',(0.,1.));
#2736 = ( GEOMETRIC_REPRESENTATION_CONTEXT(2) 
PARAMETRIC_REPRESENTATION_CONTEXT() REPRESENTATION_CONTEXT('2D SPACE',''
  ) );
#2737 = ORIENTED_EDGE('',*,*,#1556,.F.);
#2738 = ORIENTED_EDGE('',*,*,#2212,.T.);
#2739 = ORIENTED_EDGE('',*,*,#2740,.F.);
#2740 = EDGE_CURVE('',#1998,#2213,#2741,.T.);
#2741 = SURFACE_CURVE('',#2742,(#2823,#2871),.PCURVE_S1.);
#2742 = B_SPLINE_CURVE_WITH_KNOTS('',7,(#2743,#2744,#2745,#2746,#2747,
    #2748,#2749,#2750,#2751,#2752,#2753,#2754,#2755,#2756,#2757,#2758,
    #2759,#2760,#2761,#2762,#2763,#2764,#2765,#2766,#2767,#2768,#2769,
    #2770,#2771,#2772,#2773,#2774,#2775,#2776,#2777,#2778,#2779,#2780,
    #2781,#2782,#2783,#2784,#2785,#2786,#2787,#2788,#2789,#2790,#2791,
    #2792,#2793,#2794,#2795,#2796,#2797,#2798,#2799,#2800,#2801,#2802,
    #2803,#2804,#2805,#2806,#2807,#2808,#2809,#2810,#2811,#2812,#2813,
    #2814,#2815,#2816,#2817,#2818,#2819,#2820,#2821,#2822),
  .UNSPECIFIED.,.F.,.F.,(8,6,6,6,6,6,6,6,6,6,6,6,6,8),(0.,
    8.351046337072E-02,0.189086770374,0.295701742233,0.403272174403,
    0.511287152536,0.628513330122,0.686527117695,0.744191847048,
    0.801358092645,0.829561658742,0.858039339704,0.970162811095,1.),
  .UNSPECIFIED.);
#2743 = CARTESIAN_POINT('',(49.177,453.457,17.908452976685));
#2744 = CARTESIAN_POINT('',(49.088026674124,453.17412618463,
    17.9049674701));
#2745 = CARTESIAN_POINT('',(48.997156252622,452.89191046634,
    17.898997347087));
#2746 = CARTESIAN_POINT('',(48.904410669179,452.61041780249,
    17.890445010884));
#2747 = CARTESIAN_POINT('',(48.809816338323,452.32971949667,
    17.879214932875));
#2748 = CARTESIAN_POINT('',(48.713404582368,452.0498929559,
    17.865214803485));
#2749 = CARTESIAN_POINT('',(48.615212058351,451.77102144786,
    17.84835668307));
#2750 = CARTESIAN_POINT('',(48.388945727818,451.14195630374,
    17.803528286813));
#2751 = CARTESIAN_POINT('',(48.259832966771,450.7923901865,
    17.773794756865));
#2752 = CARTESIAN_POINT('',(48.128007531896,450.44461611352,
    17.739629039319));
#2753 = CARTESIAN_POINT('',(47.993530379627,450.09872773979,
    17.701304419609));
#2754 = CARTESIAN_POINT('',(47.856456999379,449.75479315071,
    17.659092579787));
#2755 = CARTESIAN_POINT('',(47.716835620167,449.41285624461,
    17.613260186056));
#2756 = CARTESIAN_POINT('',(47.431176930413,448.72967585497,
    17.514386786593));
#2757 = CARTESIAN_POINT('',(47.285091670006,448.38847623337,
    17.46128013408));
#2758 = CARTESIAN_POINT('',(47.136490028862,448.04936058813,
    17.405011600791));
#2759 = CARTESIAN_POINT('',(46.985406634934,447.71233516929,
    17.345840932915));
#2760 = CARTESIAN_POINT('',(46.831869269884,447.37739187204,
    17.284020999637));
#2761 = CARTESIAN_POINT('',(46.675897787702,447.04450896932,
    17.219797251983));
#2762 = CARTESIAN_POINT('',(46.357688779425,446.37982964964,
    17.086422137888));
#2763 = CARTESIAN_POINT('',(46.195409490219,446.04807357939,
    17.017232346528));
#2764 = CARTESIAN_POINT('',(46.030676437508,445.71834807572,
    16.946082560904));
#2765 = CARTESIAN_POINT('',(45.863495798738,445.39061278437,
    16.873208255742));
#2766 = CARTESIAN_POINT('',(45.693867008359,445.06482079965,
    16.798841704657));
#2767 = CARTESIAN_POINT('',(45.52178261687,444.74091962851,
    16.723210097799));
#2768 = CARTESIAN_POINT('',(45.171955339957,444.09545915277,
    16.569524395319));
#2769 = CARTESIAN_POINT('',(44.994193504974,443.77391779241,
    16.491462965631));
#2770 = CARTESIAN_POINT('',(44.813930596186,443.45417473063,
    16.412560365394));
#2771 = CARTESIAN_POINT('',(44.631148855248,443.13617435856,
    16.333032072886));
#2772 = CARTESIAN_POINT('',(44.445825956873,442.8198612305,
    16.253091093225));
#2773 = CARTESIAN_POINT('',(44.257934643867,442.50517977402,
    16.17294896171));
#2774 = CARTESIAN_POINT('',(43.860705459265,441.85226748724,
    16.005851093188));
#2775 = CARTESIAN_POINT('',(43.65090732169,441.5143205666,
    15.918897488507));
#2776 = CARTESIAN_POINT('',(43.438004889144,441.17815916472,
    15.832230902729));
#2777 = CARTESIAN_POINT('',(43.22195757283,440.84372486037,
    15.746104232758));
#2778 = CARTESIAN_POINT('',(43.002717135281,440.51095718408,
    15.660794487783));
#2779 = CARTESIAN_POINT('',(42.780235464907,440.1798062569,
    15.57656920836));
#2780 = CARTESIAN_POINT('',(42.442726208129,439.68711868168,
    15.452700805427));
#2781 = CARTESIAN_POINT('',(42.330186205618,439.52439760611,
    15.412028161944));
#2782 = CARTESIAN_POINT('',(42.216833912557,439.36205631816,
    15.371722350388));
#2783 = CARTESIAN_POINT('',(42.102662730578,439.20008935531,
    15.331819878436));
#2784 = CARTESIAN_POINT('',(41.987666866696,439.0384928778,
    15.292354449096));
#2785 = CARTESIAN_POINT('',(41.871841010118,438.87726418589,
    15.253358473878));
#2786 = CARTESIAN_POINT('',(41.639217247883,438.55650112487,
    15.176619071993));
#2787 = CARTESIAN_POINT('',(41.522429457617,438.39696246977,
    15.138869676917));
#2788 = CARTESIAN_POINT('',(41.404808045895,438.23777853296,
    15.101664078214));
#2789 = CARTESIAN_POINT('',(41.286346636122,438.07894601987,
    15.065042252195));
#2790 = CARTESIAN_POINT('',(41.167039218031,437.92046254957,
    15.029044880973));
#2791 = CARTESIAN_POINT('',(41.046880147679,437.7623266548,
    14.993713352458));
#2792 = CARTESIAN_POINT('',(40.805894272142,437.4481129177,
    14.924765472508));
#2793 = CARTESIAN_POINT('',(40.685082400083,437.29202925815,
    14.891136966665));
#2794 = CARTESIAN_POINT('',(40.563423357278,437.13628625655,
    14.858245297697));
#2795 = CARTESIAN_POINT('',(40.440912727518,436.98088453743,
    14.826132261845));
#2796 = CARTESIAN_POINT('',(40.31754685238,436.82582589652,
    14.794840396732));
#2797 = CARTESIAN_POINT('',(40.19332283123,436.6711133008,
    14.764412981358));
#2798 = CARTESIAN_POINT('',(40.006526866587,436.44059457539,
    14.720330555249));
#2799 = CARTESIAN_POINT('',(39.944605825027,436.36452350168,
    14.705988317726));
#2800 = CARTESIAN_POINT('',(39.882475214226,436.28853824091,
    14.691872245605));
#2801 = CARTESIAN_POINT('',(39.820134830605,436.21263934865,
    14.67798787945));
#2802 = CARTESIAN_POINT('',(39.757584523046,436.13682744723,
    14.664340897677));
#2803 = CARTESIAN_POINT('',(39.694824266613,436.06110331049,
    14.650936635905));
#2804 = CARTESIAN_POINT('',(39.568272190378,435.90909747477,
    14.624494701486));
#2805 = CARTESIAN_POINT('',(39.504476342098,435.83281759066,
    14.611461555915));
#2806 = CARTESIAN_POINT('',(39.440466998983,435.75662948971,
    14.598684146764));
#2807 = CARTESIAN_POINT('',(39.376244534996,435.6805344279,
    14.58616647364));
#2808 = CARTESIAN_POINT('',(39.311809390519,435.60453372372,
    14.573912558588));
#2809 = CARTESIAN_POINT('',(39.247162072353,435.52862875819,
    14.561926446091));
#2810 = CARTESIAN_POINT('',(38.926938009418,435.15434751982,
    14.504090414077));
#2811 = CARTESIAN_POINT('',(38.668293312093,434.85738132137,
    14.462183304732));
#2812 = CARTESIAN_POINT('',(38.406402980045,434.56200889265,
    14.424738255612));
#2813 = CARTESIAN_POINT('',(38.141320115191,434.26833473827,
    14.39200853932));
#2814 = CARTESIAN_POINT('',(37.873119243761,433.97648022075,
    14.364248974068));
#2815 = CARTESIAN_POINT('',(37.601898556981,433.68658242686,
    14.341711577258));
#2816 = CARTESIAN_POINT('',(37.254837006,433.32220936814,14.320098624237
    ));
#2817 = CARTESIAN_POINT('',(37.181686818458,433.24577503971,
    14.31594581259));
#2818 = CARTESIAN_POINT('',(37.108336139052,433.16949519118,
    14.312148813083));
#2819 = CARTESIAN_POINT('',(37.034788960521,433.09337429512,
    14.308673445886));
#2820 = CARTESIAN_POINT('',(36.961048718433,433.01741615425,
    14.305485322393));
#2821 = CARTESIAN_POINT('',(36.887118291185,432.94162390152,
    14.302549845215));
#2822 = CARTESIAN_POINT('',(36.813,432.866,14.299832208182));
#2823 = PCURVE('',#1576,#2824);
#2824 = DEFINITIONAL_REPRESENTATION('',(#2825),#2870);
#2825 = B_SPLINE_CURVE_WITH_KNOTS('',8,(#2826,#2827,#2828,#2829,#2830,
    #2831,#2832,#2833,#2834,#2835,#2836,#2837,#2838,#2839,#2840,#2841,
    #2842,#2843,#2844,#2845,#2846,#2847,#2848,#2849,#2850,#2851,#2852,
    #2853,#2854,#2855,#2856,#2857,#2858,#2859,#2860,#2861,#2862,#2863,
    #2864,#2865,#2866,#2867,#2868,#2869),.UNSPECIFIED.,.F.,.F.,(9,7,7,7,
    7,7,9),(0.,0.125,0.34375,0.5078125,0.75390625,0.876953125,1.),
  .UNSPECIFIED.);
#2826 = CARTESIAN_POINT('',(10.010492000402,0.925645047528));
#2827 = CARTESIAN_POINT('',(10.010832532016,0.919972846061));
#2828 = CARTESIAN_POINT('',(10.011173854728,0.914301244979));
#2829 = CARTESIAN_POINT('',(10.011516123322,0.908631448319));
#2830 = CARTESIAN_POINT('',(10.011859180473,0.902964789392));
#2831 = CARTESIAN_POINT('',(10.012202631075,0.897303267697));
#2832 = CARTESIAN_POINT('',(10.012546023303,0.891649339091));
#2833 = CARTESIAN_POINT('',(10.012889136436,0.886004959205));
#2834 = CARTESIAN_POINT('',(10.013832967863,0.870508593564));
#2835 = CARTESIAN_POINT('',(10.014433550212,0.860677156461));
#2836 = CARTESIAN_POINT('',(10.015032749507,0.850878778248));
#2837 = CARTESIAN_POINT('',(10.015633163741,0.841119066201));
#2838 = CARTESIAN_POINT('',(10.016227063781,0.831385698242));
#2839 = CARTESIAN_POINT('',(10.016820423712,0.821688359216));
#2840 = CARTESIAN_POINT('',(10.017409810775,0.812016793237));
#2841 = CARTESIAN_POINT('',(10.018435924431,0.795132273878));
#2842 = CARTESIAN_POINT('',(10.018874038921,0.787908869829));
#2843 = CARTESIAN_POINT('',(10.019310315089,0.780696287947));
#2844 = CARTESIAN_POINT('',(10.019744558476,0.77349241692));
#2845 = CARTESIAN_POINT('',(10.020176615744,0.766295034812));
#2846 = CARTESIAN_POINT('',(10.02060637468,0.759101809065));
#2847 = CARTESIAN_POINT('',(10.021033764195,0.751910296497));
#2848 = CARTESIAN_POINT('',(10.02209626207,0.733929378448));
#2849 = CARTESIAN_POINT('',(10.022728628275,0.723139389644));
#2850 = CARTESIAN_POINT('',(10.023355782032,0.712337637928));
#2851 = CARTESIAN_POINT('',(10.023976731463,0.701521636387));
#2852 = CARTESIAN_POINT('',(10.024589941604,0.690672200453));
#2853 = CARTESIAN_POINT('',(10.025198163115,0.679797753612));
#2854 = CARTESIAN_POINT('',(10.025798867195,0.668879830869));
#2855 = CARTESIAN_POINT('',(10.02668819775,0.652436811058));
#2856 = CARTESIAN_POINT('',(10.026982725668,0.646944608993));
#2857 = CARTESIAN_POINT('',(10.02727516244,0.641440663145));
#2858 = CARTESIAN_POINT('',(10.027565363639,0.635924645913));
#2859 = CARTESIAN_POINT('',(10.027853232003,0.630396468067));
#2860 = CARTESIAN_POINT('',(10.028138717432,0.624856278749));
#2861 = CARTESIAN_POINT('',(10.028421816993,0.619304465478));
#2862 = CARTESIAN_POINT('',(10.028983326534,0.608178868581));
#2863 = CARTESIAN_POINT('',(10.029261588177,0.602604721489));
#2864 = CARTESIAN_POINT('',(10.029537657741,0.597021575031));
#2865 = CARTESIAN_POINT('',(10.029810305568,0.591425359176));
#2866 = CARTESIAN_POINT('',(10.030081085686,0.585826336086));
#2867 = CARTESIAN_POINT('',(10.030347701162,0.580214694946));
#2868 = CARTESIAN_POINT('',(10.030610749236,0.574600834494));
#2869 = CARTESIAN_POINT('',(10.03087034487,0.568984681942));
#2870 = ( GEOMETRIC_REPRESENTATION_CONTEXT(2) 
PARAMETRIC_REPRESENTATION_CONTEXT() REPRESENTATION_CONTEXT('2D SPACE',''
  ) );
#2871 = PCURVE('',#2093,#2872);
#2872 = DEFINITIONAL_REPRESENTATION('',(#2873),#2954);
#2873 = B_SPLINE_CURVE_WITH_KNOTS('',7,(#2874,#2875,#2876,#2877,#2878,
    #2879,#2880,#2881,#2882,#2883,#2884,#2885,#2886,#2887,#2888,#2889,
    #2890,#2891,#2892,#2893,#2894,#2895,#2896,#2897,#2898,#2899,#2900,
    #2901,#2902,#2903,#2904,#2905,#2906,#2907,#2908,#2909,#2910,#2911,
    #2912,#2913,#2914,#2915,#2916,#2917,#2918,#2919,#2920,#2921,#2922,
    #2923,#2924,#2925,#2926,#2927,#2928,#2929,#2930,#2931,#2932,#2933,
    #2934,#2935,#2936,#2937,#2938,#2939,#2940,#2941,#2942,#2943,#2944,
    #2945,#2946,#2947,#2948,#2949,#2950,#2951,#2952,#2953),
  .UNSPECIFIED.,.F.,.F.,(8,6,6,6,6,6,6,6,6,6,6,6,6,8),(0.,
    8.351046337072E-02,0.189086770374,0.295701742233,0.403272174403,
    0.511287152536,0.628513330122,0.686527117695,0.744191847048,
    0.801358092645,0.829561658742,0.858039339704,0.970162811095,1.),
  .UNSPECIFIED.);
#2874 = CARTESIAN_POINT('',(0.,-17.90845297668));
#2875 = CARTESIAN_POINT('',(1.203155184253E-02,-17.9049674701));
#2876 = CARTESIAN_POINT('',(2.406998003713E-02,-17.89899734708));
#2877 = CARTESIAN_POINT('',(3.611295119893E-02,-17.89044501088));
#2878 = CARTESIAN_POINT('',(4.815782375077E-02,-17.87921493287));
#2879 = CARTESIAN_POINT('',(6.020164682455E-02,-17.86521480348));
#2880 = CARTESIAN_POINT('',(7.224115916268E-02,-17.84835668307));
#2881 = CARTESIAN_POINT('',(9.948351600097E-02,-17.80352828681));
#2882 = CARTESIAN_POINT('',(0.114681515187,-17.77379475686));
#2883 = CARTESIAN_POINT('',(0.129862119722,-17.73962903931));
#2884 = CARTESIAN_POINT('',(0.145021714564,-17.7013044196));
#2885 = CARTESIAN_POINT('',(0.160157713735,-17.65909257978));
#2886 = CARTESIAN_POINT('',(0.175268538588,-17.61326018605));
#2887 = CARTESIAN_POINT('',(0.205587061058,-17.51438678659));
#2888 = CARTESIAN_POINT('',(0.220794074127,-17.46128013408));
#2889 = CARTESIAN_POINT('',(0.235974039888,-17.40501160079));
#2890 = CARTESIAN_POINT('',(0.251127005449,-17.34584093291));
#2891 = CARTESIAN_POINT('',(0.266253656454,-17.28402099963));
#2892 = CARTESIAN_POINT('',(0.281355313137,-17.21979725198));
#2893 = CARTESIAN_POINT('',(0.311647670887,-17.08642213788));
#2894 = CARTESIAN_POINT('',(0.326837780506,-17.01723234652));
#2895 = CARTESIAN_POINT('',(0.342006257311,-16.9460825609));
#2896 = CARTESIAN_POINT('',(0.357155365629,-16.87320825574));
#2897 = CARTESIAN_POINT('',(0.372287731884,-16.79884170465));
#2898 = CARTESIAN_POINT('',(0.387406317554,-16.72321009779));
#2899 = CARTESIAN_POINT('',(0.417684648032,-16.56952439531));
#2900 = CARTESIAN_POINT('',(0.432844176119,-16.49146296563));
#2901 = CARTESIAN_POINT('',(0.447996075304,-16.41256036539));
#2902 = CARTESIAN_POINT('',(0.463143640604,-16.33303207288));
#2903 = CARTESIAN_POINT('',(0.478290259921,-16.25309109322));
#2904 = CARTESIAN_POINT('',(0.493439437733,-16.17294896171));
#2905 = CARTESIAN_POINT('',(0.525042606144,-16.00585109318));
#2906 = CARTESIAN_POINT('',(0.5414975203,-15.9188974885));
#2907 = CARTESIAN_POINT('',(0.557964339849,-15.83223090272));
#2908 = CARTESIAN_POINT('',(0.574447254025,-15.74610423275));
#2909 = CARTESIAN_POINT('',(0.590950713061,-15.66079448778));
#2910 = CARTESIAN_POINT('',(0.607478822242,-15.57656920836));
#2911 = CARTESIAN_POINT('',(0.632229557391,-15.45270080542));
#2912 = CARTESIAN_POINT('',(0.640430404105,-15.41202816194));
#2913 = CARTESIAN_POINT('',(0.648638749845,-15.37172235038));
#2914 = CARTESIAN_POINT('',(0.656855095286,-15.33181987843));
#2915 = CARTESIAN_POINT('',(0.665079868538,-15.29235444909));
#2916 = CARTESIAN_POINT('',(0.673313449429,-15.25335847387));
#2917 = CARTESIAN_POINT('',(0.689749602303,-15.17661907199));
#2918 = CARTESIAN_POINT('',(0.697952058661,-15.13886967691));
#2919 = CARTESIAN_POINT('',(0.706164157096,-15.10166407821));
#2920 = CARTESIAN_POINT('',(0.714386324399,-15.06504225219));
#2921 = CARTESIAN_POINT('',(0.722618949926,-15.02904488097));
#2922 = CARTESIAN_POINT('',(0.730862385596,-14.99371335245));
#2923 = CARTESIAN_POINT('',(0.747300149492,-14.9247654725));
#2924 = CARTESIAN_POINT('',(0.75549427657,-14.89113696666));
#2925 = CARTESIAN_POINT('',(0.763699634708,-14.85824529769));
#2926 = CARTESIAN_POINT('',(0.771916475918,-14.82613226184));
#2927 = CARTESIAN_POINT('',(0.780144996639,-14.79484039673));
#2928 = CARTESIAN_POINT('',(0.788385337736,-14.76441298135));
#2929 = CARTESIAN_POINT('',(0.800708916889,-14.72033055524));
#2930 = CARTESIAN_POINT('',(0.804783146781,-14.70598831772));
#2931 = CARTESIAN_POINT('',(0.808860279997,-14.6918722456));
#2932 = CARTESIAN_POINT('',(0.812940323618,-14.67798787945));
#2933 = CARTESIAN_POINT('',(0.817023281322,-14.66434089767));
#2934 = CARTESIAN_POINT('',(0.821109148722,-14.6509366359));
#2935 = CARTESIAN_POINT('',(0.829326407965,-14.62449470148));
#2936 = CARTESIAN_POINT('',(0.833457851889,-14.61146155591));
#2937 = CARTESIAN_POINT('',(0.837592214554,-14.59868414676));
#2938 = CARTESIAN_POINT('',(0.841729466399,-14.58616647364));
#2939 = CARTESIAN_POINT('',(0.845869574218,-14.57391255858));
#2940 = CARTESIAN_POINT('',(0.85001250116,-14.56192644609));
#2941 = CARTESIAN_POINT('',(0.870480845501,-14.50409041407));
#2942 = CARTESIAN_POINT('',(0.886846517364,-14.46218330473));
#2943 = CARTESIAN_POINT('',(0.903252827296,-14.42473825561));
#2944 = CARTESIAN_POINT('',(0.919696325972,-14.39200853932));
#2945 = CARTESIAN_POINT('',(0.936172472864,-14.36424897406));
#2946 = CARTESIAN_POINT('',(0.952675599339,-14.34171157725));
#2947 = CARTESIAN_POINT('',(0.973595881544,-14.32009862423));
#2948 = CARTESIAN_POINT('',(0.977994316449,-14.31594581259));
#2949 = CARTESIAN_POINT('',(0.982393915522,-14.31214881308));
#2950 = CARTESIAN_POINT('',(0.986794453968,-14.30867344588));
#2951 = CARTESIAN_POINT('',(0.991195743153,-14.30548532239));
#2952 = CARTESIAN_POINT('',(0.995597630602,-14.30254984521));
#2953 = CARTESIAN_POINT('',(1.,-14.29983220818));
#2954 = ( GEOMETRIC_REPRESENTATION_CONTEXT(2) 
PARAMETRIC_REPRESENTATION_CONTEXT() REPRESENTATION_CONTEXT('2D SPACE',''
  ) );
#2955 = ORIENTED_EDGE('',*,*,#1997,.T.);
#2956 = ADVANCED_FACE('',(#2957),#1503,.T.);
#2957 = FACE_BOUND('',#2958,.T.);
#2958 = EDGE_LOOP('',(#2959,#2999,#3000,#3001));
#2959 = ORIENTED_EDGE('',*,*,#2960,.F.);
#2960 = EDGE_CURVE('',#1410,#1940,#2961,.T.);
#2961 = SURFACE_CURVE('',#2962,(#2985,#2992),.PCURVE_S1.);
#2962 = ( BOUNDED_CURVE() B_SPLINE_CURVE(3,(#2963,#2964,#2965,#2966,
    #2967,#2968,#2969,#2970,#2971,#2972,#2973,#2974,#2975,#2976,#2977,
    #2978,#2979,#2980,#2981,#2982,#2983,#2984),.UNSPECIFIED.,.F.,.F.) 
B_SPLINE_CURVE_WITH_KNOTS((4,1,1,1,1,1,1,1,1,1,1,1,1,1,1,1,1,1,1,4),(0.,
    5.245000615645E-02,0.105056142816,0.157827138689,0.210729740208,
    0.263703235816,0.316673593925,0.369567354274,0.422325530646,
    0.474917777959,0.52735694777,0.57971823004,0.632142347135,
    0.684734332274,0.737455393694,0.790192360737,0.842823921577,
0.89528663,0.947644996011,1.),.UNSPECIFIED.) CURVE() 
GEOMETRIC_REPRESENTATION_ITEM() RATIONAL_B_SPLINE_CURVE((1.,
    1.000000000036,0.999999999983,1.000000000004,0.999999999999,1.,1.,1.
    ,1.,1.,1.,1.,1.,1.,1.,1.,1.,1.000000000002,0.999999999994,
1.000000000024,0.999999999949,1.)) REPRESENTATION_ITEM('') );
#2963 = CARTESIAN_POINT('',(2.76399268908,415.45287769577,6.88884670043)
  );
#2964 = CARTESIAN_POINT('',(3.992764581941,415.51729121876,6.96609386434
    ));
#2965 = CARTESIAN_POINT('',(6.447009366683,415.73221384942,
    7.216744676615));
#2966 = CARTESIAN_POINT('',(10.091034217572,416.30981376848,
    7.82119187938));
#2967 = CARTESIAN_POINT('',(13.68446921016,417.13981566243,
    8.596445164781));
#2968 = CARTESIAN_POINT('',(17.210387114977,418.21806940243,
    9.484669408106));
#2969 = CARTESIAN_POINT('',(20.652139167428,419.53932666552,
    10.42810495418));
#2970 = CARTESIAN_POINT('',(23.993438389699,421.09728782212,
    11.369337018811));
#2971 = CARTESIAN_POINT('',(27.218434108951,422.88462064844,
    12.24990800401));
#2972 = CARTESIAN_POINT('',(30.311789985307,424.89300195366,
    13.015158764783));
#2973 = CARTESIAN_POINT('',(33.258731349964,427.11315027022,
    13.595885985806));
#2974 = CARTESIAN_POINT('',(36.045214393395,429.53495446933,
    13.976147211302));
#2975 = CARTESIAN_POINT('',(38.657619687249,432.14729211642,
    13.940570614992));
#2976 = CARTESIAN_POINT('',(41.080340906205,434.93487542415,
    14.267636458815));
#2977 = CARTESIAN_POINT('',(43.299236469175,437.88020768371,
    14.867659834819));
#2978 = CARTESIAN_POINT('',(45.306172566068,440.97097607381,
    15.605364320434));
#2979 = CARTESIAN_POINT('',(47.092745532462,444.19379692475,
    16.358976324786));
#2980 = CARTESIAN_POINT('',(48.651238231289,447.53501545391,
    17.003626848819));
#2981 = CARTESIAN_POINT('',(49.974557227712,450.98125344542,
    17.413856450078));
#2982 = CARTESIAN_POINT('',(51.054710441516,454.51358977674,
    17.465535644649));
#2983 = CARTESIAN_POINT('',(51.6072341865,456.90870486931,
    17.330016613744));
#2984 = CARTESIAN_POINT('',(51.84218562583,458.11589993167,17.423046875)
  );
#2985 = PCURVE('',#1503,#2986);
#2986 = DEFINITIONAL_REPRESENTATION('',(#2987),#2991);
#2987 = LINE('',#2988,#2989);
#2988 = CARTESIAN_POINT('',(9.,0.));
#2989 = VECTOR('',#2990,1.);
#2990 = DIRECTION('',(0.,1.));
#2991 = ( GEOMETRIC_REPRESENTATION_CONTEXT(2) 
PARAMETRIC_REPRESENTATION_CONTEXT() REPRESENTATION_CONTEXT('2D SPACE',''
  ) );
#2992 = PCURVE('',#1429,#2993);
#2993 = DEFINITIONAL_REPRESENTATION('',(#2994),#2998);
#2994 = LINE('',#2995,#2996);
#2995 = CARTESIAN_POINT('',(9.,0.));
#2996 = VECTOR('',#2997,1.);
#2997 = DIRECTION('',(0.,1.));
#2998 = ( GEOMETRIC_REPRESENTATION_CONTEXT(2) 
PARAMETRIC_REPRESENTATION_CONTEXT() REPRESENTATION_CONTEXT('2D SPACE',''
  ) );
#2999 = ORIENTED_EDGE('',*,*,#1483,.F.);
#3000 = ORIENTED_EDGE('',*,*,#2698,.T.);
#3001 = ORIENTED_EDGE('',*,*,#1968,.T.);
#3002 = ADVANCED_FACE('',(#3003),#1429,.T.);
#3003 = FACE_BOUND('',#3004,.T.);
#3004 = EDGE_LOOP('',(#3005,#3045,#3046,#3047));
#3005 = ORIENTED_EDGE('',*,*,#3006,.F.);
#3006 = EDGE_CURVE('',#1335,#1911,#3007,.T.);
#3007 = SURFACE_CURVE('',#3008,(#3031,#3038),.PCURVE_S1.);
#3008 = ( BOUNDED_CURVE() B_SPLINE_CURVE(3,(#3009,#3010,#3011,#3012,
    #3013,#3014,#3015,#3016,#3017,#3018,#3019,#3020,#3021,#3022,#3023,
    #3024,#3025,#3026,#3027,#3028,#3029,#3030),.UNSPECIFIED.,.F.,.F.) 
B_SPLINE_CURVE_WITH_KNOTS((4,1,1,1,1,1,1,1,1,1,1,1,1,1,1,1,1,1,1,4),(0.,
    5.245000615645E-02,0.105056142816,0.157827138689,0.210729740208,
    0.263703235816,0.316673593925,0.369567354274,0.422325530646,
    0.474917777959,0.52735694777,0.57971823004,0.632142347135,
    0.684734332274,0.737455393694,0.790192360737,0.842823921577,
0.89528663,0.947644996011,1.),.UNSPECIFIED.) CURVE() 
GEOMETRIC_REPRESENTATION_ITEM() RATIONAL_B_SPLINE_CURVE((1.,
    1.000000000036,0.999999999983,1.000000000004,0.999999999999,1.,1.,1.
    ,1.,1.,1.,1.,1.,1.,1.,1.,1.,1.000000000002,0.999999999994,
1.000000000024,0.999999999949,1.)) REPRESENTATION_ITEM('') );
#3009 = CARTESIAN_POINT('',(2.832683631649,414.1421764314,6.878330152216
    ));
#3010 = CARTESIAN_POINT('',(4.09199305038,414.20819077876,6.946433774169
    ));
#3011 = CARTESIAN_POINT('',(6.607230901454,414.42845466004,
    7.167415714943));
#3012 = CARTESIAN_POINT('',(10.341817316412,415.02040914211,
    7.700316105889));
#3013 = CARTESIAN_POINT('',(14.024556610664,415.87103829969,
    8.383804716709));
#3014 = CARTESIAN_POINT('',(17.638100877593,416.97608887884,
    9.166892212859));
#3015 = CARTESIAN_POINT('',(21.165387596442,418.33018212108,
    9.998655796339));
#3016 = CARTESIAN_POINT('',(24.589725024235,419.92686183901,
    10.828476718625));
#3017 = CARTESIAN_POINT('',(27.894868566097,421.75861358763,
    11.604816852515));
#3018 = CARTESIAN_POINT('',(31.065100742338,423.81690732765,
    12.279486910992));
#3019 = CARTESIAN_POINT('',(34.08527970304,426.09223092783,
    12.791474991568));
#3020 = CARTESIAN_POINT('',(36.941012620923,428.57422197686,
    13.126725704658));
#3021 = CARTESIAN_POINT('',(39.618341596636,431.25148162464,
    13.095360215667));
#3022 = CARTESIAN_POINT('',(42.101272455353,434.10834215067,
    13.383712143282));
#3023 = CARTESIAN_POINT('',(44.375312168409,437.12687201668,
    13.912712344166));
#3024 = CARTESIAN_POINT('',(46.432124783686,440.29445240227,
    14.563096706996));
#3025 = CARTESIAN_POINT('',(48.2630977883,443.59736702583,
    15.227505657766));
#3026 = CARTESIAN_POINT('',(49.860322258331,447.02162175516,
    15.795850609587));
#3027 = CARTESIAN_POINT('',(51.216528472452,450.55350589781,
    16.157522421233));
#3028 = CARTESIAN_POINT('',(52.32352573049,454.17362810294,
    16.203084486934));
#3029 = CARTESIAN_POINT('',(52.889780835147,456.62826676463,
    16.083606483474));
#3030 = CARTESIAN_POINT('',(53.130571304105,457.86546312524,16.165625));
#3031 = PCURVE('',#1429,#3032);
#3032 = DEFINITIONAL_REPRESENTATION('',(#3033),#3037);
#3033 = LINE('',#3034,#3035);
#3034 = CARTESIAN_POINT('',(8.,0.));
#3035 = VECTOR('',#3036,1.);
#3036 = DIRECTION('',(0.,1.));
#3037 = ( GEOMETRIC_REPRESENTATION_CONTEXT(2) 
PARAMETRIC_REPRESENTATION_CONTEXT() REPRESENTATION_CONTEXT('2D SPACE',''
  ) );
#3038 = PCURVE('',#1356,#3039);
#3039 = DEFINITIONAL_REPRESENTATION('',(#3040),#3044);
#3040 = LINE('',#3041,#3042);
#3041 = CARTESIAN_POINT('',(8.,0.));
#3042 = VECTOR('',#3043,1.);
#3043 = DIRECTION('',(0.,1.));
#3044 = ( GEOMETRIC_REPRESENTATION_CONTEXT(2) 
PARAMETRIC_REPRESENTATION_CONTEXT() REPRESENTATION_CONTEXT('2D SPACE',''
  ) );
#3045 = ORIENTED_EDGE('',*,*,#1409,.F.);
#3046 = ORIENTED_EDGE('',*,*,#2960,.T.);
#3047 = ORIENTED_EDGE('',*,*,#1939,.T.);
#3048 = ADVANCED_FACE('',(#3049),#1356,.T.);
#3049 = FACE_BOUND('',#3050,.T.);
#3050 = EDGE_LOOP('',(#3051,#3091,#3092,#3093));
#3051 = ORIENTED_EDGE('',*,*,#3052,.F.);
#3052 = EDGE_CURVE('',#1259,#1882,#3053,.T.);
#3053 = SURFACE_CURVE('',#3054,(#3077,#3084),.PCURVE_S1.);
#3054 = ( BOUNDED_CURVE() B_SPLINE_CURVE(3,(#3055,#3056,#3057,#3058,
    #3059,#3060,#3061,#3062,#3063,#3064,#3065,#3066,#3067,#3068,#3069,
    #3070,#3071,#3072,#3073,#3074,#3075,#3076),.UNSPECIFIED.,.F.,.F.) 
B_SPLINE_CURVE_WITH_KNOTS((4,1,1,1,1,1,1,1,1,1,1,1,1,1,1,1,1,1,1,4),(0.,
    5.245000615645E-02,0.105056142816,0.157827138689,0.210729740208,
    0.263703235816,0.316673593925,0.369567354274,0.422325530646,
    0.474917777959,0.52735694777,0.57971823004,0.632142347135,
    0.684734332274,0.737455393694,0.790192360737,0.842823921577,
0.89528663,0.947644996011,1.),.UNSPECIFIED.) CURVE() 
GEOMETRIC_REPRESENTATION_ITEM() RATIONAL_B_SPLINE_CURVE((1.,
    1.000000000036,0.999999999983,1.000000000004,0.999999999999,1.,1.,1.
    ,1.,1.,1.,1.,1.,1.,1.,1.,1.,1.000000000002,0.999999999994,
1.000000000024,0.999999999949,1.)) REPRESENTATION_ITEM('') );
#3055 = CARTESIAN_POINT('',(2.901374574218,412.83147516704,
    6.863461928879));
#3056 = CARTESIAN_POINT('',(4.19122151976,412.89909031765,6.918638474455
    ));
#3057 = CARTESIAN_POINT('',(6.767452435788,413.12469548048,
    7.097674769045));
#3058 = CARTESIAN_POINT('',(10.592600415371,413.7310045131,
    7.529422770977));
#3059 = CARTESIAN_POINT('',(14.364644011137,414.60226093766,
    8.083175117703));
#3060 = CARTESIAN_POINT('',(18.065814640218,415.73410835506,
    8.717621005789));
#3061 = CARTESIAN_POINT('',(21.678636025454,417.12103757669,9.3915035387
    ));
#3062 = CARTESIAN_POINT('',(25.186011658772,418.75643585589,
    10.063812156293));
#3063 = CARTESIAN_POINT('',(28.571303023242,420.63260652682,
    10.692791431436));
#3064 = CARTESIAN_POINT('',(31.818411499369,422.74081270165,
    11.239399117702));
#3065 = CARTESIAN_POINT('',(34.911828056116,425.07131158543,
    11.654204275576));
#3066 = CARTESIAN_POINT('',(37.836810848451,427.61348948438,
    11.925819436644));
#3067 = CARTESIAN_POINT('',(40.579063506023,430.35567113286,
    11.900407582137));
#3068 = CARTESIAN_POINT('',(43.122204004501,433.28180887718,
    12.134026042011));
#3069 = CARTESIAN_POINT('',(45.451387867643,436.37353634965,
    12.562614167727));
#3070 = CARTESIAN_POINT('',(47.558077001306,439.61792873074,
    13.089545943168));
#3071 = CARTESIAN_POINT('',(49.43345004413,443.00093712691,
    13.627840231988));
#3072 = CARTESIAN_POINT('',(51.069406285406,446.5082280564,
    14.088304892023));
#3073 = CARTESIAN_POINT('',(52.458499717073,450.12575835021,
    14.381326035733));
#3074 = CARTESIAN_POINT('',(53.592341019912,453.83366642908,
    14.418239746313));
#3075 = CARTESIAN_POINT('',(54.172327482831,456.3478286601,
    14.321440438096));
#3076 = CARTESIAN_POINT('',(54.41895698238,457.61502631881,14.387890625)
  );
#3077 = PCURVE('',#1356,#3078);
#3078 = DEFINITIONAL_REPRESENTATION('',(#3079),#3083);
#3079 = LINE('',#3080,#3081);
#3080 = CARTESIAN_POINT('',(7.,0.));
#3081 = VECTOR('',#3082,1.);
#3082 = DIRECTION('',(0.,1.));
#3083 = ( GEOMETRIC_REPRESENTATION_CONTEXT(2) 
PARAMETRIC_REPRESENTATION_CONTEXT() REPRESENTATION_CONTEXT('2D SPACE',''
  ) );
#3084 = PCURVE('',#1280,#3085);
#3085 = DEFINITIONAL_REPRESENTATION('',(#3086),#3090);
#3086 = LINE('',#3087,#3088);
#3087 = CARTESIAN_POINT('',(7.,0.));
#3088 = VECTOR('',#3089,1.);
#3089 = DIRECTION('',(0.,1.));
#3090 = ( GEOMETRIC_REPRESENTATION_CONTEXT(2) 
PARAMETRIC_REPRESENTATION_CONTEXT() REPRESENTATION_CONTEXT('2D SPACE',''
  ) );
#3091 = ORIENTED_EDGE('',*,*,#1334,.F.);
#3092 = ORIENTED_EDGE('',*,*,#3006,.T.);
#3093 = ORIENTED_EDGE('',*,*,#1910,.T.);
#3094 = ADVANCED_FACE('',(#3095),#1280,.T.);
#3095 = FACE_BOUND('',#3096,.T.);
#3096 = EDGE_LOOP('',(#3097,#3137,#3138,#3139));
#3097 = ORIENTED_EDGE('',*,*,#3098,.F.);
#3098 = EDGE_CURVE('',#1183,#1844,#3099,.T.);
#3099 = SURFACE_CURVE('',#3100,(#3123,#3130),.PCURVE_S1.);
#3100 = ( BOUNDED_CURVE() B_SPLINE_CURVE(3,(#3101,#3102,#3103,#3104,
    #3105,#3106,#3107,#3108,#3109,#3110,#3111,#3112,#3113,#3114,#3115,
    #3116,#3117,#3118,#3119,#3120,#3121,#3122),.UNSPECIFIED.,.F.,.F.) 
B_SPLINE_CURVE_WITH_KNOTS((4,1,1,1,1,1,1,1,1,1,1,1,1,1,1,1,1,1,1,4),(0.,
    5.245000615645E-02,0.105056142816,0.157827138689,0.210729740208,
    0.263703235816,0.316673593925,0.369567354274,0.422325530646,
    0.474917777959,0.52735694777,0.57971823004,0.632142347135,
    0.684734332274,0.737455393694,0.790192360737,0.842823921577,
0.89528663,0.947644996011,1.),.UNSPECIFIED.) CURVE() 
GEOMETRIC_REPRESENTATION_ITEM() RATIONAL_B_SPLINE_CURVE((1.,
    1.000000000036,0.999999999983,1.000000000004,0.999999999999,1.,1.,1.
    ,1.,1.,1.,1.,1.,1.,1.,1.,1.,1.000000000002,0.999999999994,
1.000000000024,0.999999999949,1.)) REPRESENTATION_ITEM('') );
#3101 = CARTESIAN_POINT('',(2.970065516787,411.52077390267,6.84641786798
    ));
#3102 = CARTESIAN_POINT('',(4.290449988536,411.58998987199,
    6.886775569872));
#3103 = CARTESIAN_POINT('',(6.927673970402,411.82093629373,7.01772783108
    ));
#3104 = CARTESIAN_POINT('',(10.843383514253,412.44159988602,
    7.333520655341));
#3105 = CARTESIAN_POINT('',(14.704731411631,413.33348357511,
    7.738550943235));
#3106 = CARTESIAN_POINT('',(18.493528402838,414.49212783142,
    8.202602792806));
#3107 = CARTESIAN_POINT('',(22.191884454467,415.91189303226,
    8.695499731164));
#3108 = CARTESIAN_POINT('',(25.782298293309,417.58600987278,
    9.187245462889));
#3109 = CARTESIAN_POINT('',(29.247737480388,419.50659946602,
    9.647298875565));
#3110 = CARTESIAN_POINT('',(32.5717222564,421.66471807565,
    10.047103354662));
#3111 = CARTESIAN_POINT('',(35.738376409192,424.05039224303,
    10.350503698707));
#3112 = CARTESIAN_POINT('',(38.732609075979,426.6527569919,
    10.549170787945));
#3113 = CARTESIAN_POINT('',(41.53978541541,429.45986064108,
    10.530583831506));
#3114 = CARTESIAN_POINT('',(44.14313555365,432.4552756037,
    10.701459047871));
#3115 = CARTESIAN_POINT('',(46.527463566877,435.62020068261,
    11.014940648395));
#3116 = CARTESIAN_POINT('',(48.684029218924,438.94140505921,
    11.400353604145));
#3117 = CARTESIAN_POINT('',(50.603802299967,442.40450722796,
    11.794077426828));
#3118 = CARTESIAN_POINT('',(52.278490312452,445.99483435779,
    12.130874435299));
#3119 = CARTESIAN_POINT('',(53.700470961798,449.69801080209,
    12.345198471884));
#3120 = CARTESIAN_POINT('',(54.861156308945,453.49370475715,
    12.372198214322));
#3121 = CARTESIAN_POINT('',(55.454874131353,456.06739055137,
    12.30139643499));
#3122 = CARTESIAN_POINT('',(55.707342660655,457.36458951238,12.35));
#3123 = PCURVE('',#1280,#3124);
#3124 = DEFINITIONAL_REPRESENTATION('',(#3125),#3129);
#3125 = LINE('',#3126,#3127);
#3126 = CARTESIAN_POINT('',(6.,0.));
#3127 = VECTOR('',#3128,1.);
#3128 = DIRECTION('',(0.,1.));
#3129 = ( GEOMETRIC_REPRESENTATION_CONTEXT(2) 
PARAMETRIC_REPRESENTATION_CONTEXT() REPRESENTATION_CONTEXT('2D SPACE',''
  ) );
#3130 = PCURVE('',#1204,#3131);
#3131 = DEFINITIONAL_REPRESENTATION('',(#3132),#3136);
#3132 = LINE('',#3133,#3134);
#3133 = CARTESIAN_POINT('',(6.,0.));
#3134 = VECTOR('',#3135,1.);
#3135 = DIRECTION('',(0.,1.));
#3136 = ( GEOMETRIC_REPRESENTATION_CONTEXT(2) 
PARAMETRIC_REPRESENTATION_CONTEXT() REPRESENTATION_CONTEXT('2D SPACE',''
  ) );
#3137 = ORIENTED_EDGE('',*,*,#1258,.F.);
#3138 = ORIENTED_EDGE('',*,*,#3052,.T.);
#3139 = ORIENTED_EDGE('',*,*,#1881,.T.);
#3140 = ADVANCED_FACE('',(#3141),#1204,.T.);
#3141 = FACE_BOUND('',#3142,.T.);
#3142 = EDGE_LOOP('',(#3143,#3183,#3184,#3185));
#3143 = ORIENTED_EDGE('',*,*,#3144,.F.);
#3144 = EDGE_CURVE('',#1109,#1815,#3145,.T.);
#3145 = SURFACE_CURVE('',#3146,(#3169,#3176),.PCURVE_S1.);
#3146 = ( BOUNDED_CURVE() B_SPLINE_CURVE(3,(#3147,#3148,#3149,#3150,
    #3151,#3152,#3153,#3154,#3155,#3156,#3157,#3158,#3159,#3160,#3161,
    #3162,#3163,#3164,#3165,#3166,#3167,#3168),.UNSPECIFIED.,.F.,.F.) 
B_SPLINE_CURVE_WITH_KNOTS((4,1,1,1,1,1,1,1,1,1,1,1,1,1,1,1,1,1,1,4),(0.,
    5.245000615645E-02,0.105056142816,0.157827138689,0.210729740208,
    0.263703235816,0.316673593925,0.369567354274,0.422325530646,
    0.474917777959,0.52735694777,0.57971823004,0.632142347135,
    0.684734332274,0.737455393694,0.790192360737,0.842823921577,
0.89528663,0.947644996011,1.),.UNSPECIFIED.) CURVE() 
GEOMETRIC_REPRESENTATION_ITEM() RATIONAL_B_SPLINE_CURVE((1.,
    1.000000000036,0.999999999983,1.000000000004,0.999999999999,1.,1.,1.
    ,1.,1.,1.,1.,1.,1.,1.,1.,1.,1.000000000002,0.999999999994,
1.000000000024,0.999999999949,1.)) REPRESENTATION_ITEM('') );
#3147 = CARTESIAN_POINT('',(3.038756459356,410.21007263831,
    6.829373807081));
#3148 = CARTESIAN_POINT('',(4.389678458191,410.28088940648,
    6.854912665233));
#3149 = CARTESIAN_POINT('',(7.087895504607,410.51717711622,
    6.937780893141));
#3150 = CARTESIAN_POINT('',(11.094166613246,411.15219525645,
    7.137618539698));
#3151 = CARTESIAN_POINT('',(15.044818812094,412.06470621324,
    7.393926768768));
#3152 = CARTESIAN_POINT('',(18.921242165465,413.25014730759,
    7.687584579822));
#3153 = CARTESIAN_POINT('',(22.705132883478,414.70274848788,
    7.999495923627));
#3154 = CARTESIAN_POINT('',(26.378584927847,416.41558388965,
    8.310678769484));
#3155 = CARTESIAN_POINT('',(29.924171937533,418.38059240521,
    8.601806319693));
#3156 = CARTESIAN_POINT('',(33.325033013432,420.58862344964,
    8.854807591622));
#3157 = CARTESIAN_POINT('',(36.564924762268,423.02947290064,
    9.046803121838));
#3158 = CARTESIAN_POINT('',(39.628407303507,425.69202449942,
    9.172522139247));
#3159 = CARTESIAN_POINT('',(42.500507324798,428.5640501493,
    9.160760080875));
#3160 = CARTESIAN_POINT('',(45.164067102798,431.62874233022,
    9.268892053731));
#3161 = CARTESIAN_POINT('',(47.60353926611,434.86686501559,
    9.467267129063));
#3162 = CARTESIAN_POINT('',(49.809981436543,438.26488138763,
    9.711161265123));
#3163 = CARTESIAN_POINT('',(51.7741545558,441.80807732919,9.960314621666
    ));
#3164 = CARTESIAN_POINT('',(53.487574339515,445.48144065847,
    10.173443978583));
#3165 = CARTESIAN_POINT('',(54.942442206462,449.27026325659,
    10.309070908008));
#3166 = CARTESIAN_POINT('',(56.129971598203,453.15374307548,
    10.326156682431));
#3167 = CARTESIAN_POINT('',(56.737420779388,455.78695246368,
    10.281352431666));
#3168 = CARTESIAN_POINT('',(56.99572833893,457.11415270594,10.312109375)
  );
#3169 = PCURVE('',#1204,#3170);
#3170 = DEFINITIONAL_REPRESENTATION('',(#3171),#3175);
#3171 = LINE('',#3172,#3173);
#3172 = CARTESIAN_POINT('',(5.,0.));
#3173 = VECTOR('',#3174,1.);
#3174 = DIRECTION('',(0.,1.));
#3175 = ( GEOMETRIC_REPRESENTATION_CONTEXT(2) 
PARAMETRIC_REPRESENTATION_CONTEXT() REPRESENTATION_CONTEXT('2D SPACE',''
  ) );
#3176 = PCURVE('',#1128,#3177);
#3177 = DEFINITIONAL_REPRESENTATION('',(#3178),#3182);
#3178 = LINE('',#3179,#3180);
#3179 = CARTESIAN_POINT('',(5.,0.));
#3180 = VECTOR('',#3181,1.);
#3181 = DIRECTION('',(0.,1.));
#3182 = ( GEOMETRIC_REPRESENTATION_CONTEXT(2) 
PARAMETRIC_REPRESENTATION_CONTEXT() REPRESENTATION_CONTEXT('2D SPACE',''
  ) );
#3183 = ORIENTED_EDGE('',*,*,#1182,.F.);
#3184 = ORIENTED_EDGE('',*,*,#3098,.T.);
#3185 = ORIENTED_EDGE('',*,*,#1843,.T.);
#3186 = ADVANCED_FACE('',(#3187),#1128,.T.);
#3187 = FACE_BOUND('',#3188,.T.);
#3188 = EDGE_LOOP('',(#3189,#3229,#3230,#3231));
#3189 = ORIENTED_EDGE('',*,*,#3190,.F.);
#3190 = EDGE_CURVE('',#1035,#1786,#3191,.T.);
#3191 = SURFACE_CURVE('',#3192,(#3215,#3222),.PCURVE_S1.);
#3192 = ( BOUNDED_CURVE() B_SPLINE_CURVE(3,(#3193,#3194,#3195,#3196,
    #3197,#3198,#3199,#3200,#3201,#3202,#3203,#3204,#3205,#3206,#3207,
    #3208,#3209,#3210,#3211,#3212,#3213,#3214),.UNSPECIFIED.,.F.,.F.) 
B_SPLINE_CURVE_WITH_KNOTS((4,1,1,1,1,1,1,1,1,1,1,1,1,1,1,1,1,1,1,4),(0.,
    5.245000615645E-02,0.105056142816,0.157827138689,0.210729740208,
    0.263703235816,0.316673593925,0.369567354274,0.422325530646,
    0.474917777959,0.52735694777,0.57971823004,0.632142347135,
    0.684734332274,0.737455393694,0.790192360737,0.842823921577,
0.89528663,0.947644996011,1.),.UNSPECIFIED.) CURVE() 
GEOMETRIC_REPRESENTATION_ITEM() RATIONAL_B_SPLINE_CURVE((1.,
    1.000000000036,0.999999999983,1.000000000004,0.999999999999,1.,1.,1.
    ,1.,1.,1.,1.,1.,1.,1.,1.,1.,1.000000000002,0.999999999994,
1.000000000024,0.999999999949,1.)) REPRESENTATION_ITEM('') );
#3193 = CARTESIAN_POINT('',(3.107447401925,408.89937137394,
    6.814505583744));
#3194 = CARTESIAN_POINT('',(4.488906926344,408.97178894881,
    6.827117365546));
#3195 = CARTESIAN_POINT('',(7.248117039512,409.21341793506,
    6.868039947231));
#3196 = CARTESIAN_POINT('',(11.344949712051,409.86279062787,
    6.966725204789));
#3197 = CARTESIAN_POINT('',(15.384906212609,410.79592885109,
    7.093297169762));
#3198 = CARTESIAN_POINT('',(19.348955928079,412.00816678384,
    7.238313372751));
#3199 = CARTESIAN_POINT('',(23.218381312493,413.49360394348,
    7.392343665989));
#3200 = CARTESIAN_POINT('',(26.974871562383,415.24515790653,
    7.546014207153));
#3201 = CARTESIAN_POINT('',(30.600606394679,417.2545853444,
    7.689780898614));
#3202 = CARTESIAN_POINT('',(34.078343770463,419.51252882364,
    7.814719798332));
#3203 = CARTESIAN_POINT('',(37.391473115344,422.00855355824,
    7.909532405846));
#3204 = CARTESIAN_POINT('',(40.524205531035,424.73129200694,
    7.971615871233));
#3205 = CARTESIAN_POINT('',(43.461229234185,427.66823965751,
    7.965807447346));
#3206 = CARTESIAN_POINT('',(46.184998651946,430.80220905673,
    8.01920595246));
#3207 = CARTESIAN_POINT('',(48.679614965346,434.11352934856,
    8.117168952623));
#3208 = CARTESIAN_POINT('',(50.935933654154,437.58835771608,
    8.237610501295));
#3209 = CARTESIAN_POINT('',(52.944506811662,441.21164743035,
    8.360649195883));
#3210 = CARTESIAN_POINT('',(54.696658366469,444.96804695944,
    8.465898261032));
#3211 = CARTESIAN_POINT('',(56.184413451532,448.84251571002,
    8.532874522461));
#3212 = CARTESIAN_POINT('',(57.39878688595,452.81378139779,
    8.541311941985));
#3213 = CARTESIAN_POINT('',(58.019967430681,455.50651436737,
    8.519186385913));
#3214 = CARTESIAN_POINT('',(58.284114017205,456.86371589951,8.534375));
#3215 = PCURVE('',#1128,#3216);
#3216 = DEFINITIONAL_REPRESENTATION('',(#3217),#3221);
#3217 = LINE('',#3218,#3219);
#3218 = CARTESIAN_POINT('',(4.,0.));
#3219 = VECTOR('',#3220,1.);
#3220 = DIRECTION('',(0.,1.));
#3221 = ( GEOMETRIC_REPRESENTATION_CONTEXT(2) 
PARAMETRIC_REPRESENTATION_CONTEXT() REPRESENTATION_CONTEXT('2D SPACE',''
  ) );
#3222 = PCURVE('',#1054,#3223);
#3223 = DEFINITIONAL_REPRESENTATION('',(#3224),#3228);
#3224 = LINE('',#3225,#3226);
#3225 = CARTESIAN_POINT('',(4.,0.));
#3226 = VECTOR('',#3227,1.);
#3227 = DIRECTION('',(0.,1.));
#3228 = ( GEOMETRIC_REPRESENTATION_CONTEXT(2) 
PARAMETRIC_REPRESENTATION_CONTEXT() REPRESENTATION_CONTEXT('2D SPACE',''
  ) );
#3229 = ORIENTED_EDGE('',*,*,#1108,.F.);
#3230 = ORIENTED_EDGE('',*,*,#3144,.T.);
#3231 = ORIENTED_EDGE('',*,*,#1814,.T.);
#3232 = ADVANCED_FACE('',(#3233),#1054,.T.);
#3233 = FACE_BOUND('',#3234,.T.);
#3234 = EDGE_LOOP('',(#3235,#3236,#3237,#3238));
#3235 = ORIENTED_EDGE('',*,*,#1688,.F.);
#3236 = ORIENTED_EDGE('',*,*,#1034,.F.);
#3237 = ORIENTED_EDGE('',*,*,#3190,.T.);
#3238 = ORIENTED_EDGE('',*,*,#1785,.T.);
#3239 = ADVANCED_FACE('',(#3240),#2093,.F.);
#3240 = FACE_BOUND('',#3241,.F.);
#3241 = EDGE_LOOP('',(#3242,#3243,#3244,#3245));
#3242 = ORIENTED_EDGE('',*,*,#2740,.F.);
#3243 = ORIENTED_EDGE('',*,*,#2077,.T.);
#3244 = ORIENTED_EDGE('',*,*,#2159,.T.);
#3245 = ORIENTED_EDGE('',*,*,#2456,.F.);
#3246 = ADVANCED_FACE('',(#3247),#2621,.F.);
#3247 = FACE_BOUND('',#3248,.F.);
#3248 = EDGE_LOOP('',(#3249,#3272,#3299,#3300));
#3249 = ORIENTED_EDGE('',*,*,#3250,.T.);
#3250 = EDGE_CURVE('',#2482,#3251,#3253,.T.);
#3251 = VERTEX_POINT('',#3252);
#3252 = CARTESIAN_POINT('',(19.000673270284,417.3736526025,11.5));
#3253 = SEAM_CURVE('',#3254,(#3258,#3265),.PCURVE_S1.);
#3254 = LINE('',#3255,#3256);
#3255 = CARTESIAN_POINT('',(17.529789603036,421.30767106171,11.5));
#3256 = VECTOR('',#3257,1.);
#3257 = DIRECTION('',(0.350210396964,-0.936671061717,2.22044604925E-16)
  );
#3258 = PCURVE('',#2621,#3259);
#3259 = DEFINITIONAL_REPRESENTATION('',(#3260),#3264);
#3260 = LINE('',#3261,#3262);
#3261 = CARTESIAN_POINT('',(6.28318530718,-0.));
#3262 = VECTOR('',#3263,1.);
#3263 = DIRECTION('',(0.,1.));
#3264 = ( GEOMETRIC_REPRESENTATION_CONTEXT(2) 
PARAMETRIC_REPRESENTATION_CONTEXT() REPRESENTATION_CONTEXT('2D SPACE',''
  ) );
#3265 = PCURVE('',#2621,#3266);
#3266 = DEFINITIONAL_REPRESENTATION('',(#3267),#3271);
#3267 = LINE('',#3268,#3269);
#3268 = CARTESIAN_POINT('',(0.,-0.));
#3269 = VECTOR('',#3270,1.);
#3270 = DIRECTION('',(0.,1.));
#3271 = ( GEOMETRIC_REPRESENTATION_CONTEXT(2) 
PARAMETRIC_REPRESENTATION_CONTEXT() REPRESENTATION_CONTEXT('2D SPACE',''
  ) );
#3272 = ORIENTED_EDGE('',*,*,#3273,.F.);
#3273 = EDGE_CURVE('',#3251,#3251,#3274,.T.);
#3274 = SURFACE_CURVE('',#3275,(#3280,#3287),.PCURVE_S1.);
#3275 = CIRCLE('',#3276,2.9);
#3276 = AXIS2_PLACEMENT_3D('',#3277,#3278,#3279);
#3277 = CARTESIAN_POINT('',(19.000673270284,417.3736526025,14.4));
#3278 = DIRECTION('',(0.350210396964,-0.936671061717,2.22044604925E-16)
  );
#3279 = DIRECTION('',(7.776232923445E-17,-2.079827558437E-16,-1.));
#3280 = PCURVE('',#2621,#3281);
#3281 = DEFINITIONAL_REPRESENTATION('',(#3282),#3286);
#3282 = LINE('',#3283,#3284);
#3283 = CARTESIAN_POINT('',(0.,4.2));
#3284 = VECTOR('',#3285,1.);
#3285 = DIRECTION('',(1.,0.));
#3286 = ( GEOMETRIC_REPRESENTATION_CONTEXT(2) 
PARAMETRIC_REPRESENTATION_CONTEXT() REPRESENTATION_CONTEXT('2D SPACE',''
  ) );
#3287 = PCURVE('',#3288,#3293);
#3288 = PLANE('',#3289);
#3289 = AXIS2_PLACEMENT_3D('',#3290,#3291,#3292);
#3290 = CARTESIAN_POINT('',(19.000673270284,417.3736526025,14.4));
#3291 = DIRECTION('',(0.350210396964,-0.936671061717,2.22044604925E-16)
  );
#3292 = DIRECTION('',(7.776232923445E-17,-2.079827558437E-16,-1.));
#3293 = DEFINITIONAL_REPRESENTATION('',(#3294),#3298);
#3294 = CIRCLE('',#3295,2.9);
#3295 = AXIS2_PLACEMENT_2D('',#3296,#3297);
#3296 = CARTESIAN_POINT('',(0.,0.));
#3297 = DIRECTION('',(1.,0.));
#3298 = ( GEOMETRIC_REPRESENTATION_CONTEXT(2) 
PARAMETRIC_REPRESENTATION_CONTEXT() REPRESENTATION_CONTEXT('2D SPACE',''
  ) );
#3299 = ORIENTED_EDGE('',*,*,#3250,.F.);
#3300 = ORIENTED_EDGE('',*,*,#2481,.T.);
#3301 = ADVANCED_FACE('',(#3302),#3288,.F.);
#3302 = FACE_BOUND('',#3303,.F.);
#3303 = EDGE_LOOP('',(#3304));
#3304 = ORIENTED_EDGE('',*,*,#3273,.T.);
#3305 = ( GEOMETRIC_REPRESENTATION_CONTEXT(3) 
GLOBAL_UNCERTAINTY_ASSIGNED_CONTEXT((#3309)) 
GLOBAL_UNIT_ASSIGNED_CONTEXT((#3306,#3307,#3308)) REPRESENTATION_CONTEXT
('Context #1','3D Context with UNIT and UNCERTAINTY') );
#3306 = ( LENGTH_UNIT() NAMED_UNIT(*) SI_UNIT(.MILLI.,.METRE.) );
#3307 = ( NAMED_UNIT(*) PLANE_ANGLE_UNIT() SI_UNIT($,.RADIAN.) );
#3308 = ( NAMED_UNIT(*) SI_UNIT($,.STERADIAN.) SOLID_ANGLE_UNIT() );
#3309 = UNCERTAINTY_MEASURE_WITH_UNIT(LENGTH_MEASURE(2.E-06),#3306,
  'distance_accuracy_value','confusion accuracy');
#3310 = CONTEXT_DEPENDENT_SHAPE_REPRESENTATION(#3311,#3313);
#3311 = ( REPRESENTATION_RELATIONSHIP('','',#779,#10) 
REPRESENTATION_RELATIONSHIP_WITH_TRANSFORMATION(#3312) 
SHAPE_REPRESENTATION_RELATIONSHIP() );
#3312 = ITEM_DEFINED_TRANSFORMATION('','',#11,#23);
#3313 = PRODUCT_DEFINITION_SHAPE('Placement','Placement of an item',
  #3314);
#3314 = NEXT_ASSEMBLY_USAGE_OCCURRENCE('3',
  'attach_v1a_shoulder_top_right','',#5,#774,$);
#3315 = PRODUCT_RELATED_PRODUCT_CATEGORY('part',$,(#776));
#3316 = SHAPE_DEFINITION_REPRESENTATION(#3317,#3323);
#3317 = PRODUCT_DEFINITION_SHAPE('','',#3318);
#3318 = PRODUCT_DEFINITION('design','',#3319,#3322);
#3319 = PRODUCT_DEFINITION_FORMATION('','',#3320);
#3320 = PRODUCT('attach_v1a_shoulder_top_left',
  'attach_v1a_shoulder_top_left','',(#3321));
#3321 = PRODUCT_CONTEXT('',#2,'mechanical');
#3322 = PRODUCT_DEFINITION_CONTEXT('part definition',#2,'design');
#3323 = ADVANCED_BREP_SHAPE_REPRESENTATION('',(#11,#3324),#5849);
#3324 = MANIFOLD_SOLID_BREP('',#3325);
#3325 = CLOSED_SHELL('',(#3326,#3522,#3598,#4336,#4409,#4699,#4752,#4798
    ,#4844,#4890,#4936,#4982,#5028,#5074,#5540,#5567,#5790,#5845));
#3326 = ADVANCED_FACE('',(#3327),#3341,.F.);
#3327 = FACE_BOUND('',#3328,.F.);
#3328 = EDGE_LOOP('',(#3329,#3364,#3391,#3497));
#3329 = ORIENTED_EDGE('',*,*,#3330,.F.);
#3330 = EDGE_CURVE('',#3331,#3333,#3335,.T.);
#3331 = VERTEX_POINT('',#3332);
#3332 = CARTESIAN_POINT('',(-60.654,391.709,6.8));
#3333 = VERTEX_POINT('',#3334);
#3334 = CARTESIAN_POINT('',(-60.654,453.457,6.8));
#3335 = SURFACE_CURVE('',#3336,(#3340,#3352),.PCURVE_S1.);
#3336 = LINE('',#3337,#3338);
#3337 = CARTESIAN_POINT('',(-60.654,304.182,6.8));
#3338 = VECTOR('',#3339,1.);
#3339 = DIRECTION('',(0.,1.,5.949947544466E-18));
#3340 = PCURVE('',#3341,#3346);
#3341 = PLANE('',#3342);
#3342 = AXIS2_PLACEMENT_3D('',#3343,#3344,#3345);
#3343 = CARTESIAN_POINT('',(-200.,300.,6.8));
#3344 = DIRECTION('',(0.,0.,1.));
#3345 = DIRECTION('',(1.,0.,-0.));
#3346 = DEFINITIONAL_REPRESENTATION('',(#3347),#3351);
#3347 = LINE('',#3348,#3349);
#3348 = CARTESIAN_POINT('',(139.346,4.182));
#3349 = VECTOR('',#3350,1.);
#3350 = DIRECTION('',(0.,1.));
#3351 = ( GEOMETRIC_REPRESENTATION_CONTEXT(2) 
PARAMETRIC_REPRESENTATION_CONTEXT() REPRESENTATION_CONTEXT('2D SPACE',''
  ) );
#3352 = PCURVE('',#3353,#3358);
#3353 = PLANE('',#3354);
#3354 = AXIS2_PLACEMENT_3D('',#3355,#3356,#3357);
#3355 = CARTESIAN_POINT('',(-60.654,304.182,0.));
#3356 = DIRECTION('',(-1.,0.,0.));
#3357 = DIRECTION('',(0.,1.,0.));
#3358 = DEFINITIONAL_REPRESENTATION('',(#3359),#3363);
#3359 = LINE('',#3360,#3361);
#3360 = CARTESIAN_POINT('',(0.,-6.8));
#3361 = VECTOR('',#3362,1.);
#3362 = DIRECTION('',(1.,-5.949947544466E-18));
#3363 = ( GEOMETRIC_REPRESENTATION_CONTEXT(2) 
PARAMETRIC_REPRESENTATION_CONTEXT() REPRESENTATION_CONTEXT('2D SPACE',''
  ) );
#3364 = ORIENTED_EDGE('',*,*,#3365,.T.);
#3365 = EDGE_CURVE('',#3331,#3366,#3368,.T.);
#3366 = VERTEX_POINT('',#3367);
#3367 = CARTESIAN_POINT('',(-23.85666251192,410.96661041063,6.8));
#3368 = SURFACE_CURVE('',#3369,(#3373,#3380),.PCURVE_S1.);
#3369 = LINE('',#3370,#3371);
#3370 = CARTESIAN_POINT('',(-130.9089961263,354.94157504051,6.8));
#3371 = VECTOR('',#3372,1.);
#3372 = DIRECTION('',(0.886001555993,0.463682264894,-0.));
#3373 = PCURVE('',#3341,#3374);
#3374 = DEFINITIONAL_REPRESENTATION('',(#3375),#3379);
#3375 = LINE('',#3376,#3377);
#3376 = CARTESIAN_POINT('',(69.09100387366,54.941575040519));
#3377 = VECTOR('',#3378,1.);
#3378 = DIRECTION('',(0.886001555993,0.463682264894));
#3379 = ( GEOMETRIC_REPRESENTATION_CONTEXT(2) 
PARAMETRIC_REPRESENTATION_CONTEXT() REPRESENTATION_CONTEXT('2D SPACE',''
  ) );
#3380 = PCURVE('',#3381,#3386);
#3381 = PLANE('',#3382);
#3382 = AXIS2_PLACEMENT_3D('',#3383,#3384,#3385);
#3383 = CARTESIAN_POINT('',(-60.654,391.709,0.));
#3384 = DIRECTION('',(-0.463682264894,0.886001555993,0.));
#3385 = DIRECTION('',(0.886001555993,0.463682264894,0.));
#3386 = DEFINITIONAL_REPRESENTATION('',(#3387),#3390);
#3387 = B_SPLINE_CURVE_WITH_KNOTS('',1,(#3388,#3389),.UNSPECIFIED.,.F.,
  .F.,(2,2),(79.294438763782,136.37447395998),.PIECEWISE_BEZIER_KNOTS.);
#3388 = CARTESIAN_POINT('',(0.,-6.8));
#3389 = CARTESIAN_POINT('',(57.080035196205,-6.8));
#3390 = ( GEOMETRIC_REPRESENTATION_CONTEXT(2) 
PARAMETRIC_REPRESENTATION_CONTEXT() REPRESENTATION_CONTEXT('2D SPACE',''
  ) );
#3391 = ORIENTED_EDGE('',*,*,#3392,.T.);
#3392 = EDGE_CURVE('',#3366,#3393,#3395,.T.);
#3393 = VERTEX_POINT('',#3394);
#3394 = CARTESIAN_POINT('',(-60.22324623432,453.457,6.800000000044));
#3395 = SURFACE_CURVE('',#3396,(#3419,#3445),.PCURVE_S1.);
#3396 = ( BOUNDED_CURVE() B_SPLINE_CURVE(3,(#3397,#3398,#3399,#3400,
    #3401,#3402,#3403,#3404,#3405,#3406,#3407,#3408,#3409,#3410,#3411,
    #3412,#3413,#3414,#3415,#3416,#3417,#3418),.UNSPECIFIED.,.F.,.F.) 
B_SPLINE_CURVE_WITH_KNOTS((4,1,1,1,1,1,1,1,1,1,1,1,1,1,1,1,1,1,1,4),(0.,
    5.245000615645E-02,0.105056142816,0.157827138689,0.210729740208,
    0.263703235816,0.316673593925,0.369567354274,0.422325530646,
    0.474917777959,0.52735694777,0.57971823004,0.632142347135,
    0.684734332274,0.737455393694,0.790192360737,0.842823921577,
0.89528663,0.947644996011,1.),.UNSPECIFIED.) CURVE() 
GEOMETRIC_REPRESENTATION_ITEM() RATIONAL_B_SPLINE_CURVE((1.,
    1.000000000036,0.999999999983,1.000000000004,0.999999999999,1.,1.,1.
    ,1.,1.,1.,1.,1.,1.,1.,1.,1.,1.000000000002,0.999999999994,
1.000000000024,0.999999999949,1.)) REPRESENTATION_ITEM('') );
#3397 = CARTESIAN_POINT('',(-3.244829287063,406.27796884521,6.8));
#3398 = CARTESIAN_POINT('',(-4.68736386409,406.35358804444,
    6.799999999728));
#3399 = CARTESIAN_POINT('',(-7.568560108651,406.60589956764,
    6.800000000127));
#3400 = CARTESIAN_POINT('',(-11.84651590984,407.28398137208,
    6.799999999966));
#3401 = CARTESIAN_POINT('',(-16.06508101358,408.25837412644,
    6.800000000009));
#3402 = CARTESIAN_POINT('',(-20.20438345332,409.52420573644,
    6.799999999998));
#3403 = CARTESIAN_POINT('',(-24.24487817051,411.07531485465,
    6.800000000001));
#3404 = CARTESIAN_POINT('',(-28.16744483145,412.9043059403,6.8));
#3405 = CARTESIAN_POINT('',(-31.95347530897,415.00257122279,6.8));
#3406 = CARTESIAN_POINT('',(-35.58496528452,417.36033957163,6.8));
#3407 = CARTESIAN_POINT('',(-39.04456982149,419.96671487345,6.8));
#3408 = CARTESIAN_POINT('',(-42.31580198609,422.80982702199,6.8));
#3409 = CARTESIAN_POINT('',(-45.38267305295,425.87661867395,6.8));
#3410 = CARTESIAN_POINT('',(-48.22686175024,429.14914250977,6.8));
#3411 = CARTESIAN_POINT('',(-50.83176636381,432.60685801449,6.8));
#3412 = CARTESIAN_POINT('',(-53.18783808939,436.23531037302,6.8));
#3413 = CARTESIAN_POINT('',(-55.28521132331,440.01878763246,
    6.800000000001));
#3414 = CARTESIAN_POINT('',(-57.11482642065,443.94125956212,
    6.799999999995));
#3415 = CARTESIAN_POINT('',(-58.66835594062,447.9870206141,
    6.800000000017));
#3416 = CARTESIAN_POINT('',(-59.93641746532,452.13385805276,
    6.799999999936));
#3417 = CARTESIAN_POINT('',(-60.58506072489,454.94563815249,
    6.800000000137));
#3418 = CARTESIAN_POINT('',(-60.86088537375,456.36284228665,6.8));
#3419 = PCURVE('',#3341,#3420);
#3420 = DEFINITIONAL_REPRESENTATION('',(#3421),#3444);
#3421 = ( BOUNDED_CURVE() B_SPLINE_CURVE(3,(#3422,#3423,#3424,#3425,
    #3426,#3427,#3428,#3429,#3430,#3431,#3432,#3433,#3434,#3435,#3436,
    #3437,#3438,#3439,#3440,#3441,#3442,#3443),.UNSPECIFIED.,.F.,.F.) 
B_SPLINE_CURVE_WITH_KNOTS((4,1,1,1,1,1,1,1,1,1,1,1,1,1,1,1,1,1,1,4),(0.,
    5.245000615645E-02,0.105056142816,0.157827138689,0.210729740208,
    0.263703235816,0.316673593925,0.369567354274,0.422325530646,
    0.474917777959,0.52735694777,0.57971823004,0.632142347135,
    0.684734332274,0.737455393694,0.790192360737,0.842823921577,
0.89528663,0.947644996011,1.),.UNSPECIFIED.) CURVE() 
GEOMETRIC_REPRESENTATION_ITEM() RATIONAL_B_SPLINE_CURVE((1.,
    1.000000000036,0.999999999983,1.000000000004,0.999999999999,1.,1.,1.
    ,1.,1.,1.,1.,1.,1.,1.,1.,1.,1.000000000002,0.999999999994,
1.000000000024,0.999999999949,1.)) REPRESENTATION_ITEM('') );
#3422 = CARTESIAN_POINT('',(196.75517071293,106.27796884521));
#3423 = CARTESIAN_POINT('',(195.31263613591,106.35358804444));
#3424 = CARTESIAN_POINT('',(192.43143989134,106.60589956764));
#3425 = CARTESIAN_POINT('',(188.15348409016,107.28398137208));
#3426 = CARTESIAN_POINT('',(183.93491898641,108.25837412644));
#3427 = CARTESIAN_POINT('',(179.79561654668,109.52420573644));
#3428 = CARTESIAN_POINT('',(175.75512182948,111.07531485465));
#3429 = CARTESIAN_POINT('',(171.83255516854,112.9043059403));
#3430 = CARTESIAN_POINT('',(168.04652469103,115.00257122279));
#3431 = CARTESIAN_POINT('',(164.41503471547,117.36033957163));
#3432 = CARTESIAN_POINT('',(160.9554301785,119.96671487345));
#3433 = CARTESIAN_POINT('',(157.6841980139,122.80982702199));
#3434 = CARTESIAN_POINT('',(154.61732694704,125.87661867395));
#3435 = CARTESIAN_POINT('',(151.77313824975,129.14914250977));
#3436 = CARTESIAN_POINT('',(149.16823363618,132.60685801449));
#3437 = CARTESIAN_POINT('',(146.8121619106,136.23531037302));
#3438 = CARTESIAN_POINT('',(144.71478867668,140.01878763246));
#3439 = CARTESIAN_POINT('',(142.88517357934,143.94125956212));
#3440 = CARTESIAN_POINT('',(141.33164405937,147.9870206141));
#3441 = CARTESIAN_POINT('',(140.06358253467,152.13385805276));
#3442 = CARTESIAN_POINT('',(139.4149392751,154.94563815249));
#3443 = CARTESIAN_POINT('',(139.13911462624,156.36284228665));
#3444 = ( GEOMETRIC_REPRESENTATION_CONTEXT(2) 
PARAMETRIC_REPRESENTATION_CONTEXT() REPRESENTATION_CONTEXT('2D SPACE',''
  ) );
#3445 = PCURVE('',#3446,#3491);
#3446 = ( BOUNDED_SURFACE() B_SPLINE_SURFACE(1,3,(
    (#3447,#3448,#3449,#3450,#3451,#3452,#3453,#3454,#3455,#3456,#3457
      ,#3458,#3459,#3460,#3461,#3462,#3463,#3464,#3465,#3466,#3467,#3468
      )
    ,(#3469,#3470,#3471,#3472,#3473,#3474,#3475,#3476,#3477,#3478,#3479
      ,#3480,#3481,#3482,#3483,#3484,#3485,#3486,#3487,#3488,#3489,#3490
)),.UNSPECIFIED.,.F.,.F.,.F.) B_SPLINE_SURFACE_WITH_KNOTS((2,2),(4,1,1,1
    ,1,1,1,1,1,1,1,1,1,1,1,1,1,1,1,4),(2.,3.),(0.,5.245000615645E-02,
    0.105056142816,0.157827138689,0.210729740208,0.263703235816,
    0.316673593925,0.369567354274,0.422325530646,0.474917777959,
    0.52735694777,0.57971823004,0.632142347135,0.684734332274,
    0.737455393694,0.790192360737,0.842823921577,0.89528663,
0.947644996011,1.),.UNSPECIFIED.) GEOMETRIC_REPRESENTATION_ITEM() 
RATIONAL_B_SPLINE_SURFACE((
    (1.,1.000000000036,0.999999999983,1.000000000004,0.999999999999,1.
      ,1.,1.,1.,1.,1.,1.,1.,1.,1.,1.,1.,1.000000000002,0.999999999994
      ,1.000000000024,0.999999999949,1.)
    ,(1.,1.000000000036,0.999999999983,1.000000000004,0.999999999999,1.
      ,1.,1.,1.,1.,1.,1.,1.,1.,1.,1.,1.,1.000000000002,0.999999999994
,1.000000000024,0.999999999949,1.
  ))) REPRESENTATION_ITEM('') SURFACE() );
#3447 = CARTESIAN_POINT('',(-3.244829287063,406.27796884521,6.8));
#3448 = CARTESIAN_POINT('',(-4.68736386409,406.35358804444,
    6.799999999728));
#3449 = CARTESIAN_POINT('',(-7.568560108651,406.60589956764,
    6.800000000127));
#3450 = CARTESIAN_POINT('',(-11.84651590984,407.28398137208,
    6.799999999966));
#3451 = CARTESIAN_POINT('',(-16.06508101358,408.25837412644,
    6.800000000009));
#3452 = CARTESIAN_POINT('',(-20.20438345332,409.52420573644,
    6.799999999998));
#3453 = CARTESIAN_POINT('',(-24.24487817051,411.07531485465,
    6.800000000001));
#3454 = CARTESIAN_POINT('',(-28.16744483145,412.9043059403,6.8));
#3455 = CARTESIAN_POINT('',(-31.95347530897,415.00257122279,6.8));
#3456 = CARTESIAN_POINT('',(-35.58496528452,417.36033957163,6.8));
#3457 = CARTESIAN_POINT('',(-39.04456982149,419.96671487345,6.8));
#3458 = CARTESIAN_POINT('',(-42.31580198609,422.80982702199,6.8));
#3459 = CARTESIAN_POINT('',(-45.38267305295,425.87661867395,6.8));
#3460 = CARTESIAN_POINT('',(-48.22686175024,429.14914250977,6.8));
#3461 = CARTESIAN_POINT('',(-50.83176636381,432.60685801449,6.8));
#3462 = CARTESIAN_POINT('',(-53.18783808939,436.23531037302,6.8));
#3463 = CARTESIAN_POINT('',(-55.28521132331,440.01878763246,
    6.800000000001));
#3464 = CARTESIAN_POINT('',(-57.11482642065,443.94125956212,
    6.799999999995));
#3465 = CARTESIAN_POINT('',(-58.66835594062,447.9870206141,
    6.800000000017));
#3466 = CARTESIAN_POINT('',(-59.93641746532,452.13385805276,
    6.799999999936));
#3467 = CARTESIAN_POINT('',(-60.58506072489,454.94563815249,
    6.800000000137));
#3468 = CARTESIAN_POINT('',(-60.86088537375,456.36284228665,6.8));
#3469 = CARTESIAN_POINT('',(-3.176138344494,407.58867010958,
    6.80398903553));
#3470 = CARTESIAN_POINT('',(-4.588135395115,407.66268850209,
    6.807457275208));
#3471 = CARTESIAN_POINT('',(-7.408338574129,407.9096587488,
    6.818710985636));
#3472 = CARTESIAN_POINT('',(-11.59573281093,408.57338600066,
    6.845849431277));
#3473 = CARTESIAN_POINT('',(-15.7249936131,409.52715148858,
    6.880656721695));
#3474 = CARTESIAN_POINT('',(-19.77666969069,410.76618626019,
    6.920536177504));
#3475 = CARTESIAN_POINT('',(-23.7316297415,412.28445939905,
    6.962894508148));
#3476 = CARTESIAN_POINT('',(-27.57115819692,414.07473192342,
    7.005153906967));
#3477 = CARTESIAN_POINT('',(-31.27704085182,416.12857828359,
    7.044689747119));
#3478 = CARTESIAN_POINT('',(-34.83165452749,418.43643419764,
    7.079047944541));
#3479 = CARTESIAN_POINT('',(-38.21802146842,420.98763421584,
    7.105121411608));
#3480 = CARTESIAN_POINT('',(-41.42000375856,423.77055951447,
    7.122194364589));
#3481 = CARTESIAN_POINT('',(-44.42195114357,426.77242916573,
    7.12059704802));
#3482 = CARTESIAN_POINT('',(-47.20593020109,429.97567578326,
    7.135281636926));
#3483 = CARTESIAN_POINT('',(-49.75569066457,433.36019368152,
    7.162221461971));
#3484 = CARTESIAN_POINT('',(-52.06188587177,436.91183404459,
    7.195342887856));
#3485 = CARTESIAN_POINT('',(-54.11485906748,440.61521753123,
    7.229178528868));
#3486 = CARTESIAN_POINT('',(-55.90574239357,444.45465326142,
    7.258122021785));
#3487 = CARTESIAN_POINT('',(-57.42638469604,448.41476815968,
    7.276540493673));
#3488 = CARTESIAN_POINT('',(-58.66760217576,452.47381973413,
    7.278860784061));
#3489 = CARTESIAN_POINT('',(-59.30251407752,455.22607624085,
    7.272776256094));
#3490 = CARTESIAN_POINT('',(-59.57249969548,456.61327909308,7.276953125)
  );
#3491 = DEFINITIONAL_REPRESENTATION('',(#3492),#3496);
#3492 = LINE('',#3493,#3494);
#3493 = CARTESIAN_POINT('',(2.,0.));
#3494 = VECTOR('',#3495,1.);
#3495 = DIRECTION('',(0.,1.));
#3496 = ( GEOMETRIC_REPRESENTATION_CONTEXT(2) 
PARAMETRIC_REPRESENTATION_CONTEXT() REPRESENTATION_CONTEXT('2D SPACE',''
  ) );
#3497 = ORIENTED_EDGE('',*,*,#3498,.F.);
#3498 = EDGE_CURVE('',#3333,#3393,#3499,.T.);
#3499 = SURFACE_CURVE('',#3500,(#3504,#3511),.PCURVE_S1.);
#3500 = LINE('',#3501,#3502);
#3501 = CARTESIAN_POINT('',(-130.327,453.457,6.8));
#3502 = VECTOR('',#3503,1.);
#3503 = DIRECTION('',(1.,0.,-0.));
#3504 = PCURVE('',#3341,#3505);
#3505 = DEFINITIONAL_REPRESENTATION('',(#3506),#3510);
#3506 = LINE('',#3507,#3508);
#3507 = CARTESIAN_POINT('',(69.673,153.457));
#3508 = VECTOR('',#3509,1.);
#3509 = DIRECTION('',(1.,0.));
#3510 = ( GEOMETRIC_REPRESENTATION_CONTEXT(2) 
PARAMETRIC_REPRESENTATION_CONTEXT() REPRESENTATION_CONTEXT('2D SPACE',''
  ) );
#3511 = PCURVE('',#3512,#3517);
#3512 = PLANE('',#3513);
#3513 = AXIS2_PLACEMENT_3D('',#3514,#3515,#3516);
#3514 = CARTESIAN_POINT('',(-60.654,453.457,0.));
#3515 = DIRECTION('',(-0.,1.,0.));
#3516 = DIRECTION('',(1.,0.,0.));
#3517 = DEFINITIONAL_REPRESENTATION('',(#3518),#3521);
#3518 = B_SPLINE_CURVE_WITH_KNOTS('',1,(#3519,#3520),.UNSPECIFIED.,.F.,
  .F.,(2,2),(69.673,93.859),.PIECEWISE_BEZIER_KNOTS.);
#3519 = CARTESIAN_POINT('',(0.,-6.8));
#3520 = CARTESIAN_POINT('',(24.186,-6.8));
#3521 = ( GEOMETRIC_REPRESENTATION_CONTEXT(2) 
PARAMETRIC_REPRESENTATION_CONTEXT() REPRESENTATION_CONTEXT('2D SPACE',''
  ) );
#3522 = ADVANCED_FACE('',(#3523),#3353,.T.);
#3523 = FACE_BOUND('',#3524,.T.);
#3524 = EDGE_LOOP('',(#3525,#3526,#3549,#3577));
#3525 = ORIENTED_EDGE('',*,*,#3330,.F.);
#3526 = ORIENTED_EDGE('',*,*,#3527,.T.);
#3527 = EDGE_CURVE('',#3331,#3528,#3530,.T.);
#3528 = VERTEX_POINT('',#3529);
#3529 = CARTESIAN_POINT('',(-60.654,391.709,18.3));
#3530 = SURFACE_CURVE('',#3531,(#3535,#3542),.PCURVE_S1.);
#3531 = LINE('',#3532,#3533);
#3532 = CARTESIAN_POINT('',(-60.654,391.709,0.));
#3533 = VECTOR('',#3534,1.);
#3534 = DIRECTION('',(-0.,-0.,1.));
#3535 = PCURVE('',#3353,#3536);
#3536 = DEFINITIONAL_REPRESENTATION('',(#3537),#3541);
#3537 = LINE('',#3538,#3539);
#3538 = CARTESIAN_POINT('',(87.527,0.));
#3539 = VECTOR('',#3540,1.);
#3540 = DIRECTION('',(0.,-1.));
#3541 = ( GEOMETRIC_REPRESENTATION_CONTEXT(2) 
PARAMETRIC_REPRESENTATION_CONTEXT() REPRESENTATION_CONTEXT('2D SPACE',''
  ) );
#3542 = PCURVE('',#3381,#3543);
#3543 = DEFINITIONAL_REPRESENTATION('',(#3544),#3548);
#3544 = LINE('',#3545,#3546);
#3545 = CARTESIAN_POINT('',(0.,0.));
#3546 = VECTOR('',#3547,1.);
#3547 = DIRECTION('',(0.,-1.));
#3548 = ( GEOMETRIC_REPRESENTATION_CONTEXT(2) 
PARAMETRIC_REPRESENTATION_CONTEXT() REPRESENTATION_CONTEXT('2D SPACE',''
  ) );
#3549 = ORIENTED_EDGE('',*,*,#3550,.T.);
#3550 = EDGE_CURVE('',#3528,#3551,#3553,.T.);
#3551 = VERTEX_POINT('',#3552);
#3552 = CARTESIAN_POINT('',(-60.654,453.457,18.3));
#3553 = SURFACE_CURVE('',#3554,(#3558,#3565),.PCURVE_S1.);
#3554 = LINE('',#3555,#3556);
#3555 = CARTESIAN_POINT('',(-60.654,304.182,18.3));
#3556 = VECTOR('',#3557,1.);
#3557 = DIRECTION('',(0.,1.,0.));
#3558 = PCURVE('',#3353,#3559);
#3559 = DEFINITIONAL_REPRESENTATION('',(#3560),#3564);
#3560 = LINE('',#3561,#3562);
#3561 = CARTESIAN_POINT('',(0.,-18.3));
#3562 = VECTOR('',#3563,1.);
#3563 = DIRECTION('',(1.,0.));
#3564 = ( GEOMETRIC_REPRESENTATION_CONTEXT(2) 
PARAMETRIC_REPRESENTATION_CONTEXT() REPRESENTATION_CONTEXT('2D SPACE',''
  ) );
#3565 = PCURVE('',#3566,#3571);
#3566 = PLANE('',#3567);
#3567 = AXIS2_PLACEMENT_3D('',#3568,#3569,#3570);
#3568 = CARTESIAN_POINT('',(-3.384356242037E-04,226.53998443108,18.3));
#3569 = DIRECTION('',(0.,-0.,-1.));
#3570 = DIRECTION('',(-1.,0.,0.));
#3571 = DEFINITIONAL_REPRESENTATION('',(#3572),#3576);
#3572 = LINE('',#3573,#3574);
#3573 = CARTESIAN_POINT('',(60.653661564376,77.642015568919));
#3574 = VECTOR('',#3575,1.);
#3575 = DIRECTION('',(0.,1.));
#3576 = ( GEOMETRIC_REPRESENTATION_CONTEXT(2) 
PARAMETRIC_REPRESENTATION_CONTEXT() REPRESENTATION_CONTEXT('2D SPACE',''
  ) );
#3577 = ORIENTED_EDGE('',*,*,#3578,.F.);
#3578 = EDGE_CURVE('',#3333,#3551,#3579,.T.);
#3579 = SURFACE_CURVE('',#3580,(#3584,#3591),.PCURVE_S1.);
#3580 = LINE('',#3581,#3582);
#3581 = CARTESIAN_POINT('',(-60.654,453.457,0.));
#3582 = VECTOR('',#3583,1.);
#3583 = DIRECTION('',(-0.,-0.,1.));
#3584 = PCURVE('',#3353,#3585);
#3585 = DEFINITIONAL_REPRESENTATION('',(#3586),#3590);
#3586 = LINE('',#3587,#3588);
#3587 = CARTESIAN_POINT('',(149.275,0.));
#3588 = VECTOR('',#3589,1.);
#3589 = DIRECTION('',(0.,-1.));
#3590 = ( GEOMETRIC_REPRESENTATION_CONTEXT(2) 
PARAMETRIC_REPRESENTATION_CONTEXT() REPRESENTATION_CONTEXT('2D SPACE',''
  ) );
#3591 = PCURVE('',#3512,#3592);
#3592 = DEFINITIONAL_REPRESENTATION('',(#3593),#3597);
#3593 = LINE('',#3594,#3595);
#3594 = CARTESIAN_POINT('',(0.,0.));
#3595 = VECTOR('',#3596,1.);
#3596 = DIRECTION('',(0.,-1.));
#3597 = ( GEOMETRIC_REPRESENTATION_CONTEXT(2) 
PARAMETRIC_REPRESENTATION_CONTEXT() REPRESENTATION_CONTEXT('2D SPACE',''
  ) );
#3598 = ADVANCED_FACE('',(#3599),#3512,.T.);
#3599 = FACE_BOUND('',#3600,.T.);
#3600 = EDGE_LOOP('',(#3601,#3602,#3603,#3626,#3657,#3782,#3856,#3930,
    #4004,#4078,#4161,#4235,#4309));
#3601 = ORIENTED_EDGE('',*,*,#3498,.F.);
#3602 = ORIENTED_EDGE('',*,*,#3578,.T.);
#3603 = ORIENTED_EDGE('',*,*,#3604,.T.);
#3604 = EDGE_CURVE('',#3551,#3605,#3607,.T.);
#3605 = VERTEX_POINT('',#3606);
#3606 = CARTESIAN_POINT('',(-49.161,453.457,18.3));
#3607 = SURFACE_CURVE('',#3608,(#3612,#3619),.PCURVE_S1.);
#3608 = LINE('',#3609,#3610);
#3609 = CARTESIAN_POINT('',(-60.654,453.457,18.3));
#3610 = VECTOR('',#3611,1.);
#3611 = DIRECTION('',(1.,0.,0.));
#3612 = PCURVE('',#3512,#3613);
#3613 = DEFINITIONAL_REPRESENTATION('',(#3614),#3618);
#3614 = LINE('',#3615,#3616);
#3615 = CARTESIAN_POINT('',(0.,-18.3));
#3616 = VECTOR('',#3617,1.);
#3617 = DIRECTION('',(1.,0.));
#3618 = ( GEOMETRIC_REPRESENTATION_CONTEXT(2) 
PARAMETRIC_REPRESENTATION_CONTEXT() REPRESENTATION_CONTEXT('2D SPACE',''
  ) );
#3619 = PCURVE('',#3566,#3620);
#3620 = DEFINITIONAL_REPRESENTATION('',(#3621),#3625);
#3621 = LINE('',#3622,#3623);
#3622 = CARTESIAN_POINT('',(60.653661564376,226.91701556891));
#3623 = VECTOR('',#3624,1.);
#3624 = DIRECTION('',(-1.,0.));
#3625 = ( GEOMETRIC_REPRESENTATION_CONTEXT(2) 
PARAMETRIC_REPRESENTATION_CONTEXT() REPRESENTATION_CONTEXT('2D SPACE',''
  ) );
#3626 = ORIENTED_EDGE('',*,*,#3627,.F.);
#3627 = EDGE_CURVE('',#3628,#3605,#3630,.T.);
#3628 = VERTEX_POINT('',#3629);
#3629 = CARTESIAN_POINT('',(-49.161,453.457,17.908398717283));
#3630 = SURFACE_CURVE('',#3631,(#3635,#3642),.PCURVE_S1.);
#3631 = LINE('',#3632,#3633);
#3632 = CARTESIAN_POINT('',(-49.161,453.457,0.));
#3633 = VECTOR('',#3634,1.);
#3634 = DIRECTION('',(-0.,-0.,1.));
#3635 = PCURVE('',#3512,#3636);
#3636 = DEFINITIONAL_REPRESENTATION('',(#3637),#3641);
#3637 = LINE('',#3638,#3639);
#3638 = CARTESIAN_POINT('',(11.493,0.));
#3639 = VECTOR('',#3640,1.);
#3640 = DIRECTION('',(0.,-1.));
#3641 = ( GEOMETRIC_REPRESENTATION_CONTEXT(2) 
PARAMETRIC_REPRESENTATION_CONTEXT() REPRESENTATION_CONTEXT('2D SPACE',''
  ) );
#3642 = PCURVE('',#3643,#3651);
#3643 = SURFACE_OF_LINEAR_EXTRUSION('',#3644,#3649);
#3644 = B_SPLINE_CURVE_WITH_KNOTS('',3,(#3645,#3646,#3647,#3648),
  .UNSPECIFIED.,.F.,.F.,(4,4),(0.,1.),.PIECEWISE_BEZIER_KNOTS.);
#3645 = CARTESIAN_POINT('',(-36.811,432.879,0.));
#3646 = CARTESIAN_POINT('',(-42.416,438.602,0.));
#3647 = CARTESIAN_POINT('',(-46.699,445.626,0.));
#3648 = CARTESIAN_POINT('',(-49.161,453.457,0.));
#3649 = VECTOR('',#3650,1.);
#3650 = DIRECTION('',(0.,0.,-1.));
#3651 = DEFINITIONAL_REPRESENTATION('',(#3652),#3656);
#3652 = LINE('',#3653,#3654);
#3653 = CARTESIAN_POINT('',(1.,0.));
#3654 = VECTOR('',#3655,1.);
#3655 = DIRECTION('',(0.,-1.));
#3656 = ( GEOMETRIC_REPRESENTATION_CONTEXT(2) 
PARAMETRIC_REPRESENTATION_CONTEXT() REPRESENTATION_CONTEXT('2D SPACE',''
  ) );
#3657 = ORIENTED_EDGE('',*,*,#3658,.T.);
#3658 = EDGE_CURVE('',#3628,#3659,#3661,.T.);
#3659 = VERTEX_POINT('',#3660);
#3660 = CARTESIAN_POINT('',(-49.34674669263,453.457,17.908995398966));
#3661 = SURFACE_CURVE('',#3662,(#3685,#3711),.PCURVE_S1.);
#3662 = B_SPLINE_CURVE_WITH_KNOTS('',6,(#3663,#3664,#3665,#3666,#3667,
    #3668,#3669,#3670,#3671,#3672,#3673,#3674,#3675,#3676,#3677,#3678,
    #3679,#3680,#3681,#3682,#3683,#3684),.UNSPECIFIED.,.F.,.F.,(7,5,5,5,
    7),(0.,0.424628809983,0.52903355741,0.840281920528,1.),
  .UNSPECIFIED.);
#3663 = CARTESIAN_POINT('',(-36.468,453.457,17.55109528536));
#3664 = CARTESIAN_POINT('',(-37.37801763705,453.457,17.611378017764));
#3665 = CARTESIAN_POINT('',(-38.28856230949,453.457,17.663452785864));
#3666 = CARTESIAN_POINT('',(-39.19949662197,453.457,17.708124887239));
#3667 = CARTESIAN_POINT('',(-40.11071130105,453.457,17.746152468782));
#3668 = CARTESIAN_POINT('',(-41.02212700369,453.457,17.778212188461));
#3669 = CARTESIAN_POINT('',(-42.15782355573,453.457,17.811472369137));
#3670 = CARTESIAN_POINT('',(-42.38196218924,453.457,17.817711515227));
#3671 = CARTESIAN_POINT('',(-42.60610891495,453.457,17.82363761445));
#3672 = CARTESIAN_POINT('',(-42.83026302736,453.457,17.829253548238));
#3673 = CARTESIAN_POINT('',(-43.0544238136,453.457,17.834572087184));
#3674 = CARTESIAN_POINT('',(-43.94686935931,453.457,17.854622344398));
#3675 = CARTESIAN_POINT('',(-44.61519965168,453.457,17.867123087239));
#3676 = CARTESIAN_POINT('',(-45.28356387701,453.457,17.877450677622));
#3677 = CARTESIAN_POINT('',(-45.95194928946,453.457,17.885883728165));
#3678 = CARTESIAN_POINT('',(-46.62034761965,453.457,17.892653374541));
#3679 = CARTESIAN_POINT('',(-47.63175015295,453.457,17.900678989813));
#3680 = CARTESIAN_POINT('',(-47.97474759243,453.457,17.903014762138));
#3681 = CARTESIAN_POINT('',(-48.31774648147,453.457,17.904991025359));
#3682 = CARTESIAN_POINT('',(-48.66074624224,453.457,17.906632099499));
#3683 = CARTESIAN_POINT('',(-49.00374642191,453.457,17.907960192249));
#3684 = CARTESIAN_POINT('',(-49.34674669263,453.457,17.908995398966));
#3685 = PCURVE('',#3512,#3686);
#3686 = DEFINITIONAL_REPRESENTATION('',(#3687),#3710);
#3687 = B_SPLINE_CURVE_WITH_KNOTS('',6,(#3688,#3689,#3690,#3691,#3692,
    #3693,#3694,#3695,#3696,#3697,#3698,#3699,#3700,#3701,#3702,#3703,
    #3704,#3705,#3706,#3707,#3708,#3709),.UNSPECIFIED.,.F.,.F.,(7,5,5,5,
    7),(0.,0.424628809983,0.52903355741,0.840281920528,1.),
  .UNSPECIFIED.);
#3688 = CARTESIAN_POINT('',(24.186,-17.55109528536));
#3689 = CARTESIAN_POINT('',(23.275982362943,-17.61137801776));
#3690 = CARTESIAN_POINT('',(22.36543769051,-17.66345278586));
#3691 = CARTESIAN_POINT('',(21.454503378021,-17.70812488723));
#3692 = CARTESIAN_POINT('',(20.543288698943,-17.74615246878));
#3693 = CARTESIAN_POINT('',(19.631872996307,-17.77821218846));
#3694 = CARTESIAN_POINT('',(18.496176444265,-17.81147236913));
#3695 = CARTESIAN_POINT('',(18.272037810752,-17.81771151522));
#3696 = CARTESIAN_POINT('',(18.04789108505,-17.82363761445));
#3697 = CARTESIAN_POINT('',(17.823736972634,-17.82925354823));
#3698 = CARTESIAN_POINT('',(17.599576186391,-17.83457208718));
#3699 = CARTESIAN_POINT('',(16.707130640687,-17.85462234439));
#3700 = CARTESIAN_POINT('',(16.038800348312,-17.86712308723));
#3701 = CARTESIAN_POINT('',(15.370436122985,-17.87745067762));
#3702 = CARTESIAN_POINT('',(14.702050710538,-17.88588372816));
#3703 = CARTESIAN_POINT('',(14.033652380349,-17.89265337454));
#3704 = CARTESIAN_POINT('',(13.022249847044,-17.90067898981));
#3705 = CARTESIAN_POINT('',(12.679252407561,-17.90301476213));
#3706 = CARTESIAN_POINT('',(12.336253518522,-17.90499102535));
#3707 = CARTESIAN_POINT('',(11.993253757755,-17.90663209949));
#3708 = CARTESIAN_POINT('',(11.650253578089,-17.90796019224));
#3709 = CARTESIAN_POINT('',(11.307253307363,-17.90899539896));
#3710 = ( GEOMETRIC_REPRESENTATION_CONTEXT(2) 
PARAMETRIC_REPRESENTATION_CONTEXT() REPRESENTATION_CONTEXT('2D SPACE',''
  ) );
#3711 = PCURVE('',#3712,#3757);
#3712 = ( BOUNDED_SURFACE() B_SPLINE_SURFACE(1,3,(
    (#3713,#3714,#3715,#3716,#3717,#3718,#3719,#3720,#3721,#3722,#3723
      ,#3724,#3725,#3726,#3727,#3728,#3729,#3730,#3731,#3732,#3733,#3734
      )
    ,(#3735,#3736,#3737,#3738,#3739,#3740,#3741,#3742,#3743,#3744,#3745
      ,#3746,#3747,#3748,#3749,#3750,#3751,#3752,#3753,#3754,#3755,#3756
)),.UNSPECIFIED.,.F.,.F.,.F.) B_SPLINE_SURFACE_WITH_KNOTS((2,2),(4,1,1,1
    ,1,1,1,1,1,1,1,1,1,1,1,1,1,1,1,4),(10.,11.),(0.,5.245000615645E-02,
    0.105056142816,0.157827138689,0.210729740208,0.263703235816,
    0.316673593925,0.369567354274,0.422325530646,0.474917777959,
    0.52735694777,0.57971823004,0.632142347135,0.684734332274,
    0.737455393694,0.790192360737,0.842823921577,0.89528663,
0.947644996011,1.),.UNSPECIFIED.) GEOMETRIC_REPRESENTATION_ITEM() 
RATIONAL_B_SPLINE_SURFACE((
    (1.,1.000000000036,0.999999999983,1.000000000004,0.999999999999,1.
      ,1.,1.,1.,1.,1.,1.,1.,1.,1.,1.,1.,1.000000000002,0.999999999994
      ,1.000000000024,0.999999999949,1.)
    ,(1.,1.000000000036,0.999999999983,1.000000000004,0.999999999999,1.
      ,1.,1.,1.,1.,1.,1.,1.,1.,1.,1.,1.,1.000000000002,0.999999999994
,1.000000000024,0.999999999949,1.
  ))) REPRESENTATION_ITEM('') SURFACE() );
#3713 = CARTESIAN_POINT('',(-2.695301746512,416.76357896014,
    6.892835735959));
#3714 = CARTESIAN_POINT('',(-3.89353611268,416.82639168764,
    6.973551139748));
#3715 = CARTESIAN_POINT('',(-6.286787832294,417.03597302536,
    7.235455662158));
#3716 = CARTESIAN_POINT('',(-9.840251118628,417.59921839847,
    7.867041310683));
#3717 = CARTESIAN_POINT('',(-13.34438180968,418.40859302419,
    8.67710188647));
#3718 = CARTESIAN_POINT('',(-16.78267335235,419.46004992628,
    9.605205585611));
#3719 = CARTESIAN_POINT('',(-20.13889073841,420.7484712099,
    10.590999462327));
#3720 = CARTESIAN_POINT('',(-23.39715175516,422.26771380525,
    11.574490925778));
#3721 = CARTESIAN_POINT('',(-26.5419996518,424.01062770925,
    12.494597751129));
#3722 = CARTESIAN_POINT('',(-29.55847922827,425.96909657966,
    13.294206709324));
#3723 = CARTESIAN_POINT('',(-32.43218299688,428.13406961262,
    13.901007397413));
#3724 = CARTESIAN_POINT('',(-35.14941616586,430.49568696181,
    14.298341575891));
#3725 = CARTESIAN_POINT('',(-37.69689777786,433.0431026082,
    14.261167663012));
#3726 = CARTESIAN_POINT('',(-40.05940935705,435.76140869763,
    14.602918095742));
#3727 = CARTESIAN_POINT('',(-42.22316076994,438.63354335075,
    15.22988129679));
#3728 = CARTESIAN_POINT('',(-44.18022034844,441.64749974533,
    16.000707208291));
#3729 = CARTESIAN_POINT('',(-45.92239327663,444.79022682375,
    16.78815485365));
#3730 = CARTESIAN_POINT('',(-47.4421542042,448.04840915236,
    17.46174887062));
#3731 = CARTESIAN_POINT('',(-48.73258598313,451.40900099416,
    17.890396943689));
#3732 = CARTESIAN_POINT('',(-49.78589515193,454.85355144636,
    17.944396428939));
#3733 = CARTESIAN_POINT('',(-50.32468753915,457.18914298298,
    17.802792869345));
#3734 = CARTESIAN_POINT('',(-50.55379994755,458.3663367381,17.9));
#3735 = CARTESIAN_POINT('',(-1.884094424746,432.24233674883,
    6.892835735959));
#3736 = CARTESIAN_POINT('',(-2.721695147289,432.2862446635,
    6.973551139748));
#3737 = CARTESIAN_POINT('',(-4.394647804838,432.43274813952,
    7.235455662158));
#3738 = CARTESIAN_POINT('',(-6.878622141247,432.82647305382,
    7.867041310683));
#3739 = CARTESIAN_POINT('',(-9.328111556264,433.39224949302,
    8.67710188647));
#3740 = CARTESIAN_POINT('',(-11.73157748902,434.12724849206,
    9.605205585611));
#3741 = CARTESIAN_POINT('',(-14.07767119578,435.02789249627,
    10.590999462327));
#3742 = CARTESIAN_POINT('',(-16.35529054729,436.08988732017,
    11.574490925778));
#3743 = CARTESIAN_POINT('',(-18.55363082456,437.30823490355,
    12.494597751129));
#3744 = CARTESIAN_POINT('',(-20.66223790714,438.67726168675,
    13.294206709324));
#3745 = CARTESIAN_POINT('',(-22.67104054151,440.19064089426,
    13.901007397413));
#3746 = CARTESIAN_POINT('',(-24.57046566934,441.84148020631,
    14.298341575891));
#3747 = CARTESIAN_POINT('',(-26.35122951462,443.62219793971,
    14.261167663012));
#3748 = CARTESIAN_POINT('',(-28.00269391949,445.52237307019,
    14.602918095742));
#3749 = CARTESIAN_POINT('',(-29.51521917898,447.53007884713,
    15.22988129679));
#3750 = CARTESIAN_POINT('',(-30.8832608261,449.63692215206,
    16.000707208291));
#3751 = CARTESIAN_POINT('',(-32.10109044579,451.83377991565,
    16.78815485365));
#3752 = CARTESIAN_POINT('',(-33.16344759908,454.11134426175,
    17.46174887062));
#3753 = CARTESIAN_POINT('',(-34.06549699782,456.46049584092,
    17.890396943689));
#3754 = CARTESIAN_POINT('',(-34.80179078616,458.86833693211,
    17.944396428939));
#3755 = CARTESIAN_POINT('',(-35.17842235672,460.50098344715,
    17.802792869345));
#3756 = CARTESIAN_POINT('',(-35.33857860411,461.32387616644,17.9));
#3757 = DEFINITIONAL_REPRESENTATION('',(#3758),#3781);
#3758 = B_SPLINE_CURVE_WITH_KNOTS('',6,(#3759,#3760,#3761,#3762,#3763,
    #3764,#3765,#3766,#3767,#3768,#3769,#3770,#3771,#3772,#3773,#3774,
    #3775,#3776,#3777,#3778,#3779,#3780),.UNSPECIFIED.,.F.,.F.,(7,5,5,5,
    7),(0.,0.424628809983,0.52903355741,0.840281920528,1.),
  .UNSPECIFIED.);
#3759 = CARTESIAN_POINT('',(10.784983809357,0.855920051019));
#3760 = CARTESIAN_POINT('',(10.730548899761,0.862438686015));
#3761 = CARTESIAN_POINT('',(10.675853766837,0.868622240712));
#3762 = CARTESIAN_POINT('',(10.620928292384,0.874500493054));
#3763 = CARTESIAN_POINT('',(10.565797290125,0.880099040294));
#3764 = CARTESIAN_POINT('',(10.510481251671,0.88544022794));
#3765 = CARTESIAN_POINT('',(10.441354756076,0.891798616534));
#3766 = CARTESIAN_POINT('',(10.427702478094,0.893039077606));
#3767 = CARTESIAN_POINT('',(10.414040291288,0.894265465925));
#3768 = CARTESIAN_POINT('',(10.400368430115,0.895478061885));
#3769 = CARTESIAN_POINT('',(10.386687129828,0.896677141291));
#3770 = CARTESIAN_POINT('',(10.332182910865,0.901398134078));
#3771 = CARTESIAN_POINT('',(10.291287450068,0.904815542716));
#3772 = CARTESIAN_POINT('',(10.250316225459,0.908122276823));
#3773 = CARTESIAN_POINT('',(10.209274399526,0.91132471372));
#3774 = CARTESIAN_POINT('',(10.168166415426,0.914428633225));
#3775 = CARTESIAN_POINT('',(10.105869413537,0.918984266639));
#3776 = CARTESIAN_POINT('',(10.084726330427,0.92050466064));
#3777 = CARTESIAN_POINT('',(10.06356736916,0.922001215661));
#3778 = CARTESIAN_POINT('',(10.042393023502,0.923474610793));
#3779 = CARTESIAN_POINT('',(10.021203756403,0.924925492691));
#3780 = CARTESIAN_POINT('',(10.,0.926354475573));
#3781 = ( GEOMETRIC_REPRESENTATION_CONTEXT(2) 
PARAMETRIC_REPRESENTATION_CONTEXT() REPRESENTATION_CONTEXT('2D SPACE',''
  ) );
#3782 = ORIENTED_EDGE('',*,*,#3783,.T.);
#3783 = EDGE_CURVE('',#3659,#3784,#3786,.T.);
#3784 = VERTEX_POINT('',#3785);
#3785 = CARTESIAN_POINT('',(-50.71500670578,453.457,17.433858852243));
#3786 = SURFACE_CURVE('',#3787,(#3793,#3802),.PCURVE_S1.);
#3787 = B_SPLINE_CURVE_WITH_KNOTS('',4,(#3788,#3789,#3790,#3791,#3792),
  .UNSPECIFIED.,.F.,.F.,(5,5),(0.,1.),.PIECEWISE_BEZIER_KNOTS.);
#3788 = CARTESIAN_POINT('',(-49.34674669263,453.457,17.908995398966));
#3789 = CARTESIAN_POINT('',(-49.68906247827,453.457,17.790738230948));
#3790 = CARTESIAN_POINT('',(-50.03120186776,453.457,17.672098036289));
#3791 = CARTESIAN_POINT('',(-50.37317923552,453.457,17.553124763153));
#3792 = CARTESIAN_POINT('',(-50.71500670578,453.457,17.433858852243));
#3793 = PCURVE('',#3512,#3794);
#3794 = DEFINITIONAL_REPRESENTATION('',(#3795),#3801);
#3795 = B_SPLINE_CURVE_WITH_KNOTS('',4,(#3796,#3797,#3798,#3799,#3800),
  .UNSPECIFIED.,.F.,.F.,(5,5),(0.,1.),.PIECEWISE_BEZIER_KNOTS.);
#3796 = CARTESIAN_POINT('',(11.307253307363,-17.90899539896));
#3797 = CARTESIAN_POINT('',(10.964937521728,-17.79073823094));
#3798 = CARTESIAN_POINT('',(10.622798132233,-17.67209803628));
#3799 = CARTESIAN_POINT('',(10.280820764471,-17.55312476315));
#3800 = CARTESIAN_POINT('',(9.938993294212,-17.43385885224));
#3801 = ( GEOMETRIC_REPRESENTATION_CONTEXT(2) 
PARAMETRIC_REPRESENTATION_CONTEXT() REPRESENTATION_CONTEXT('2D SPACE',''
  ) );
#3802 = PCURVE('',#3803,#3848);
#3803 = ( BOUNDED_SURFACE() B_SPLINE_SURFACE(1,3,(
    (#3804,#3805,#3806,#3807,#3808,#3809,#3810,#3811,#3812,#3813,#3814
      ,#3815,#3816,#3817,#3818,#3819,#3820,#3821,#3822,#3823,#3824,#3825
      )
    ,(#3826,#3827,#3828,#3829,#3830,#3831,#3832,#3833,#3834,#3835,#3836
      ,#3837,#3838,#3839,#3840,#3841,#3842,#3843,#3844,#3845,#3846,#3847
)),.UNSPECIFIED.,.F.,.F.,.F.) B_SPLINE_SURFACE_WITH_KNOTS((2,2),(4,1,1,1
    ,1,1,1,1,1,1,1,1,1,1,1,1,1,1,1,4),(9.,10.),(0.,5.245000615645E-02,
    0.105056142816,0.157827138689,0.210729740208,0.263703235816,
    0.316673593925,0.369567354274,0.422325530646,0.474917777959,
    0.52735694777,0.57971823004,0.632142347135,0.684734332274,
    0.737455393694,0.790192360737,0.842823921577,0.89528663,
0.947644996011,1.),.UNSPECIFIED.) GEOMETRIC_REPRESENTATION_ITEM() 
RATIONAL_B_SPLINE_SURFACE((
    (1.,1.000000000036,0.999999999983,1.000000000004,0.999999999999,1.
      ,1.,1.,1.,1.,1.,1.,1.,1.,1.,1.,1.,1.000000000002,0.999999999994
      ,1.000000000024,0.999999999949,1.)
    ,(1.,1.000000000036,0.999999999983,1.000000000004,0.999999999999,1.
      ,1.,1.,1.,1.,1.,1.,1.,1.,1.,1.,1.,1.000000000002,0.999999999994
,1.000000000024,0.999999999949,1.
  ))) REPRESENTATION_ITEM('') SURFACE() );
#3804 = CARTESIAN_POINT('',(-2.76399268908,415.45287769577,6.88884670043
    ));
#3805 = CARTESIAN_POINT('',(-3.992764581941,415.51729121876,
    6.96609386434));
#3806 = CARTESIAN_POINT('',(-6.447009366683,415.73221384942,
    7.216744676615));
#3807 = CARTESIAN_POINT('',(-10.09103421757,416.30981376848,
    7.82119187938));
#3808 = CARTESIAN_POINT('',(-13.68446921016,417.13981566243,
    8.596445164781));
#3809 = CARTESIAN_POINT('',(-17.21038711497,418.21806940243,
    9.484669408106));
#3810 = CARTESIAN_POINT('',(-20.65213916742,419.53932666552,
    10.42810495418));
#3811 = CARTESIAN_POINT('',(-23.99343838969,421.09728782212,
    11.369337018811));
#3812 = CARTESIAN_POINT('',(-27.21843410895,422.88462064844,
    12.24990800401));
#3813 = CARTESIAN_POINT('',(-30.3117899853,424.89300195366,
    13.015158764783));
#3814 = CARTESIAN_POINT('',(-33.25873134996,427.11315027022,
    13.595885985806));
#3815 = CARTESIAN_POINT('',(-36.04521439339,429.53495446933,
    13.976147211302));
#3816 = CARTESIAN_POINT('',(-38.65761968724,432.14729211642,
    13.940570614992));
#3817 = CARTESIAN_POINT('',(-41.0803409062,434.93487542415,
    14.267636458815));
#3818 = CARTESIAN_POINT('',(-43.29923646917,437.88020768371,
    14.867659834819));
#3819 = CARTESIAN_POINT('',(-45.30617256606,440.97097607381,
    15.605364320434));
#3820 = CARTESIAN_POINT('',(-47.09274553246,444.19379692475,
    16.358976324786));
#3821 = CARTESIAN_POINT('',(-48.65123823128,447.53501545391,
    17.003626848819));
#3822 = CARTESIAN_POINT('',(-49.97455722771,450.98125344542,
    17.413856450078));
#3823 = CARTESIAN_POINT('',(-51.05471044151,454.51358977674,
    17.465535644649));
#3824 = CARTESIAN_POINT('',(-51.6072341865,456.90870486931,
    17.330016613744));
#3825 = CARTESIAN_POINT('',(-51.84218562583,458.11589993167,17.423046875
    ));
#3826 = CARTESIAN_POINT('',(-2.695301746512,416.76357896014,
    6.892835735959));
#3827 = CARTESIAN_POINT('',(-3.89353611268,416.82639168764,
    6.973551139748));
#3828 = CARTESIAN_POINT('',(-6.286787832294,417.03597302536,
    7.235455662158));
#3829 = CARTESIAN_POINT('',(-9.840251118628,417.59921839847,
    7.867041310683));
#3830 = CARTESIAN_POINT('',(-13.34438180968,418.40859302419,
    8.67710188647));
#3831 = CARTESIAN_POINT('',(-16.78267335235,419.46004992628,
    9.605205585611));
#3832 = CARTESIAN_POINT('',(-20.13889073841,420.7484712099,
    10.590999462327));
#3833 = CARTESIAN_POINT('',(-23.39715175516,422.26771380525,
    11.574490925778));
#3834 = CARTESIAN_POINT('',(-26.5419996518,424.01062770925,
    12.494597751129));
#3835 = CARTESIAN_POINT('',(-29.55847922827,425.96909657966,
    13.294206709324));
#3836 = CARTESIAN_POINT('',(-32.43218299688,428.13406961262,
    13.901007397413));
#3837 = CARTESIAN_POINT('',(-35.14941616586,430.49568696181,
    14.298341575891));
#3838 = CARTESIAN_POINT('',(-37.69689777786,433.0431026082,
    14.261167663012));
#3839 = CARTESIAN_POINT('',(-40.05940935705,435.76140869763,
    14.602918095742));
#3840 = CARTESIAN_POINT('',(-42.22316076994,438.63354335075,
    15.22988129679));
#3841 = CARTESIAN_POINT('',(-44.18022034844,441.64749974533,
    16.000707208291));
#3842 = CARTESIAN_POINT('',(-45.92239327663,444.79022682375,
    16.78815485365));
#3843 = CARTESIAN_POINT('',(-47.4421542042,448.04840915236,
    17.46174887062));
#3844 = CARTESIAN_POINT('',(-48.73258598313,451.40900099416,
    17.890396943689));
#3845 = CARTESIAN_POINT('',(-49.78589515193,454.85355144636,
    17.944396428939));
#3846 = CARTESIAN_POINT('',(-50.32468753915,457.18914298298,
    17.802792869345));
#3847 = CARTESIAN_POINT('',(-50.55379994755,458.3663367381,17.9));
#3848 = DEFINITIONAL_REPRESENTATION('',(#3849),#3855);
#3849 = B_SPLINE_CURVE_WITH_KNOTS('',4,(#3850,#3851,#3852,#3853,#3854),
  .UNSPECIFIED.,.F.,.F.,(5,5),(0.,1.),.PIECEWISE_BEZIER_KNOTS.);
#3850 = CARTESIAN_POINT('',(10.,0.926354475573));
#3851 = CARTESIAN_POINT('',(9.750093440045,0.927780606797));
#3852 = CARTESIAN_POINT('',(9.500126372803,0.929181768383));
#3853 = CARTESIAN_POINT('',(9.250095915227,0.930558983888));
#3854 = CARTESIAN_POINT('',(9.,0.931913165662));
#3855 = ( GEOMETRIC_REPRESENTATION_CONTEXT(2) 
PARAMETRIC_REPRESENTATION_CONTEXT() REPRESENTATION_CONTEXT('2D SPACE',''
  ) );
#3856 = ORIENTED_EDGE('',*,*,#3857,.T.);
#3857 = EDGE_CURVE('',#3784,#3858,#3860,.T.);
#3858 = VERTEX_POINT('',#3859);
#3859 = CARTESIAN_POINT('',(-52.08039444867,453.457,16.174372322604));
#3860 = SURFACE_CURVE('',#3861,(#3867,#3876),.PCURVE_S1.);
#3861 = B_SPLINE_CURVE_WITH_KNOTS('',4,(#3862,#3863,#3864,#3865,#3866),
  .UNSPECIFIED.,.F.,.F.,(5,5),(0.,1.),.PIECEWISE_BEZIER_KNOTS.);
#3862 = CARTESIAN_POINT('',(-50.71500670578,453.457,17.433858852243));
#3863 = CARTESIAN_POINT('',(-51.05668624141,453.457,17.119338407296));
#3864 = CARTESIAN_POINT('',(-51.39812352177,453.457,16.804552889339));
#3865 = CARTESIAN_POINT('',(-51.7393508651,453.457,16.489551222762));
#3866 = CARTESIAN_POINT('',(-52.08039444867,453.457,16.174372322604));
#3867 = PCURVE('',#3512,#3868);
#3868 = DEFINITIONAL_REPRESENTATION('',(#3869),#3875);
#3869 = B_SPLINE_CURVE_WITH_KNOTS('',4,(#3870,#3871,#3872,#3873,#3874),
  .UNSPECIFIED.,.F.,.F.,(5,5),(0.,1.),.PIECEWISE_BEZIER_KNOTS.);
#3870 = CARTESIAN_POINT('',(9.938993294212,-17.43385885224));
#3871 = CARTESIAN_POINT('',(9.59731375859,-17.11933840729));
#3872 = CARTESIAN_POINT('',(9.255876478226,-16.80455288933));
#3873 = CARTESIAN_POINT('',(8.914649134892,-16.48955122276));
#3874 = CARTESIAN_POINT('',(8.573605551323,-16.1743723226));
#3875 = ( GEOMETRIC_REPRESENTATION_CONTEXT(2) 
PARAMETRIC_REPRESENTATION_CONTEXT() REPRESENTATION_CONTEXT('2D SPACE',''
  ) );
#3876 = PCURVE('',#3877,#3922);
#3877 = ( BOUNDED_SURFACE() B_SPLINE_SURFACE(1,3,(
    (#3878,#3879,#3880,#3881,#3882,#3883,#3884,#3885,#3886,#3887,#3888
      ,#3889,#3890,#3891,#3892,#3893,#3894,#3895,#3896,#3897,#3898,#3899
      )
    ,(#3900,#3901,#3902,#3903,#3904,#3905,#3906,#3907,#3908,#3909,#3910
      ,#3911,#3912,#3913,#3914,#3915,#3916,#3917,#3918,#3919,#3920,#3921
)),.UNSPECIFIED.,.F.,.F.,.F.) B_SPLINE_SURFACE_WITH_KNOTS((2,2),(4,1,1,1
    ,1,1,1,1,1,1,1,1,1,1,1,1,1,1,1,4),(8.,9.),(0.,5.245000615645E-02,
    0.105056142816,0.157827138689,0.210729740208,0.263703235816,
    0.316673593925,0.369567354274,0.422325530646,0.474917777959,
    0.52735694777,0.57971823004,0.632142347135,0.684734332274,
    0.737455393694,0.790192360737,0.842823921577,0.89528663,
0.947644996011,1.),.UNSPECIFIED.) GEOMETRIC_REPRESENTATION_ITEM() 
RATIONAL_B_SPLINE_SURFACE((
    (1.,1.000000000036,0.999999999983,1.000000000004,0.999999999999,1.
      ,1.,1.,1.,1.,1.,1.,1.,1.,1.,1.,1.,1.000000000002,0.999999999994
      ,1.000000000024,0.999999999949,1.)
    ,(1.,1.000000000036,0.999999999983,1.000000000004,0.999999999999,1.
      ,1.,1.,1.,1.,1.,1.,1.,1.,1.,1.,1.,1.000000000002,0.999999999994
,1.000000000024,0.999999999949,1.
  ))) REPRESENTATION_ITEM('') SURFACE() );
#3878 = CARTESIAN_POINT('',(-2.832683631649,414.1421764314,
    6.878330152216));
#3879 = CARTESIAN_POINT('',(-4.09199305038,414.20819077876,
    6.946433774169));
#3880 = CARTESIAN_POINT('',(-6.607230901454,414.42845466004,
    7.167415714943));
#3881 = CARTESIAN_POINT('',(-10.34181731641,415.02040914211,
    7.700316105889));
#3882 = CARTESIAN_POINT('',(-14.02455661066,415.87103829969,
    8.383804716709));
#3883 = CARTESIAN_POINT('',(-17.63810087759,416.97608887884,
    9.166892212859));
#3884 = CARTESIAN_POINT('',(-21.16538759644,418.33018212108,
    9.998655796339));
#3885 = CARTESIAN_POINT('',(-24.58972502423,419.92686183901,
    10.828476718625));
#3886 = CARTESIAN_POINT('',(-27.89486856609,421.75861358763,
    11.604816852515));
#3887 = CARTESIAN_POINT('',(-31.06510074233,423.81690732765,
    12.279486910992));
#3888 = CARTESIAN_POINT('',(-34.08527970304,426.09223092783,
    12.791474991568));
#3889 = CARTESIAN_POINT('',(-36.94101262092,428.57422197686,
    13.126725704658));
#3890 = CARTESIAN_POINT('',(-39.61834159663,431.25148162464,
    13.095360215667));
#3891 = CARTESIAN_POINT('',(-42.10127245535,434.10834215067,
    13.383712143282));
#3892 = CARTESIAN_POINT('',(-44.3753121684,437.12687201668,
    13.912712344166));
#3893 = CARTESIAN_POINT('',(-46.43212478368,440.29445240227,
    14.563096706996));
#3894 = CARTESIAN_POINT('',(-48.2630977883,443.59736702583,
    15.227505657766));
#3895 = CARTESIAN_POINT('',(-49.86032225833,447.02162175516,
    15.795850609587));
#3896 = CARTESIAN_POINT('',(-51.21652847245,450.55350589781,
    16.157522421233));
#3897 = CARTESIAN_POINT('',(-52.32352573049,454.17362810294,
    16.203084486934));
#3898 = CARTESIAN_POINT('',(-52.88978083514,456.62826676463,
    16.083606483474));
#3899 = CARTESIAN_POINT('',(-53.1305713041,457.86546312524,16.165625));
#3900 = CARTESIAN_POINT('',(-2.76399268908,415.45287769577,6.88884670043
    ));
#3901 = CARTESIAN_POINT('',(-3.992764581941,415.51729121876,
    6.96609386434));
#3902 = CARTESIAN_POINT('',(-6.447009366683,415.73221384942,
    7.216744676615));
#3903 = CARTESIAN_POINT('',(-10.09103421757,416.30981376848,
    7.82119187938));
#3904 = CARTESIAN_POINT('',(-13.68446921016,417.13981566243,
    8.596445164781));
#3905 = CARTESIAN_POINT('',(-17.21038711497,418.21806940243,
    9.484669408106));
#3906 = CARTESIAN_POINT('',(-20.65213916742,419.53932666552,
    10.42810495418));
#3907 = CARTESIAN_POINT('',(-23.99343838969,421.09728782212,
    11.369337018811));
#3908 = CARTESIAN_POINT('',(-27.21843410895,422.88462064844,
    12.24990800401));
#3909 = CARTESIAN_POINT('',(-30.3117899853,424.89300195366,
    13.015158764783));
#3910 = CARTESIAN_POINT('',(-33.25873134996,427.11315027022,
    13.595885985806));
#3911 = CARTESIAN_POINT('',(-36.04521439339,429.53495446933,
    13.976147211302));
#3912 = CARTESIAN_POINT('',(-38.65761968724,432.14729211642,
    13.940570614992));
#3913 = CARTESIAN_POINT('',(-41.0803409062,434.93487542415,
    14.267636458815));
#3914 = CARTESIAN_POINT('',(-43.29923646917,437.88020768371,
    14.867659834819));
#3915 = CARTESIAN_POINT('',(-45.30617256606,440.97097607381,
    15.605364320434));
#3916 = CARTESIAN_POINT('',(-47.09274553246,444.19379692475,
    16.358976324786));
#3917 = CARTESIAN_POINT('',(-48.65123823128,447.53501545391,
    17.003626848819));
#3918 = CARTESIAN_POINT('',(-49.97455722771,450.98125344542,
    17.413856450078));
#3919 = CARTESIAN_POINT('',(-51.05471044151,454.51358977674,
    17.465535644649));
#3920 = CARTESIAN_POINT('',(-51.6072341865,456.90870486931,
    17.330016613744));
#3921 = CARTESIAN_POINT('',(-51.84218562583,458.11589993167,17.423046875
    ));
#3922 = DEFINITIONAL_REPRESENTATION('',(#3923),#3929);
#3923 = B_SPLINE_CURVE_WITH_KNOTS('',4,(#3924,#3925,#3926,#3927,#3928),
  .UNSPECIFIED.,.F.,.F.,(5,5),(0.,1.),.PIECEWISE_BEZIER_KNOTS.);
#3924 = CARTESIAN_POINT('',(9.,0.931913165662));
#3925 = CARTESIAN_POINT('',(8.75001232025,0.933266761383));
#3926 = CARTESIAN_POINT('',(8.50002691227,0.934596977499));
#3927 = CARTESIAN_POINT('',(8.25002713436,0.93590483203));
#3928 = CARTESIAN_POINT('',(8.,0.937191214371));
#3929 = ( GEOMETRIC_REPRESENTATION_CONTEXT(2) 
PARAMETRIC_REPRESENTATION_CONTEXT() REPRESENTATION_CONTEXT('2D SPACE',''
  ) );
#3930 = ORIENTED_EDGE('',*,*,#3931,.T.);
#3931 = EDGE_CURVE('',#3858,#3932,#3934,.T.);
#3932 = VERTEX_POINT('',#3933);
#3933 = CARTESIAN_POINT('',(-53.44312805937,453.457,14.392518044925));
#3934 = SURFACE_CURVE('',#3935,(#3941,#3950),.PCURVE_S1.);
#3935 = B_SPLINE_CURVE_WITH_KNOTS('',4,(#3936,#3937,#3938,#3939,#3940),
  .UNSPECIFIED.,.F.,.F.,(5,5),(0.,1.),.PIECEWISE_BEZIER_KNOTS.);
#3936 = CARTESIAN_POINT('',(-52.08039444867,453.457,16.174372322604));
#3937 = CARTESIAN_POINT('',(-52.42134942409,453.457,15.72909539492));
#3938 = CARTESIAN_POINT('',(-52.76210158439,453.457,15.283670574748));
#3939 = CARTESIAN_POINT('',(-53.10268525924,453.457,14.838134973993));
#3940 = CARTESIAN_POINT('',(-53.44312805937,453.457,14.392518044925));
#3941 = PCURVE('',#3512,#3942);
#3942 = DEFINITIONAL_REPRESENTATION('',(#3943),#3949);
#3943 = B_SPLINE_CURVE_WITH_KNOTS('',4,(#3944,#3945,#3946,#3947,#3948),
  .UNSPECIFIED.,.F.,.F.,(5,5),(0.,1.),.PIECEWISE_BEZIER_KNOTS.);
#3944 = CARTESIAN_POINT('',(8.573605551323,-16.1743723226));
#3945 = CARTESIAN_POINT('',(8.232650575908,-15.72909539492));
#3946 = CARTESIAN_POINT('',(7.891898415609,-15.28367057474));
#3947 = CARTESIAN_POINT('',(7.551314740755,-14.83813497399));
#3948 = CARTESIAN_POINT('',(7.210871940629,-14.39251804492));
#3949 = ( GEOMETRIC_REPRESENTATION_CONTEXT(2) 
PARAMETRIC_REPRESENTATION_CONTEXT() REPRESENTATION_CONTEXT('2D SPACE',''
  ) );
#3950 = PCURVE('',#3951,#3996);
#3951 = ( BOUNDED_SURFACE() B_SPLINE_SURFACE(1,3,(
    (#3952,#3953,#3954,#3955,#3956,#3957,#3958,#3959,#3960,#3961,#3962
      ,#3963,#3964,#3965,#3966,#3967,#3968,#3969,#3970,#3971,#3972,#3973
      )
    ,(#3974,#3975,#3976,#3977,#3978,#3979,#3980,#3981,#3982,#3983,#3984
      ,#3985,#3986,#3987,#3988,#3989,#3990,#3991,#3992,#3993,#3994,#3995
)),.UNSPECIFIED.,.F.,.F.,.F.) B_SPLINE_SURFACE_WITH_KNOTS((2,2),(4,1,1,1
    ,1,1,1,1,1,1,1,1,1,1,1,1,1,1,1,4),(7.,8.),(0.,5.245000615645E-02,
    0.105056142816,0.157827138689,0.210729740208,0.263703235816,
    0.316673593925,0.369567354274,0.422325530646,0.474917777959,
    0.52735694777,0.57971823004,0.632142347135,0.684734332274,
    0.737455393694,0.790192360737,0.842823921577,0.89528663,
0.947644996011,1.),.UNSPECIFIED.) GEOMETRIC_REPRESENTATION_ITEM() 
RATIONAL_B_SPLINE_SURFACE((
    (1.,1.000000000036,0.999999999983,1.000000000004,0.999999999999,1.
      ,1.,1.,1.,1.,1.,1.,1.,1.,1.,1.,1.,1.000000000002,0.999999999994
      ,1.000000000024,0.999999999949,1.)
    ,(1.,1.000000000036,0.999999999983,1.000000000004,0.999999999999,1.
      ,1.,1.,1.,1.,1.,1.,1.,1.,1.,1.,1.,1.000000000002,0.999999999994
,1.000000000024,0.999999999949,1.
  ))) REPRESENTATION_ITEM('') SURFACE() );
#3952 = CARTESIAN_POINT('',(-2.901374574218,412.83147516704,
    6.863461928879));
#3953 = CARTESIAN_POINT('',(-4.19122151976,412.89909031765,
    6.918638474455));
#3954 = CARTESIAN_POINT('',(-6.767452435788,413.12469548048,
    7.097674769045));
#3955 = CARTESIAN_POINT('',(-10.59260041537,413.7310045131,
    7.529422770977));
#3956 = CARTESIAN_POINT('',(-14.36464401113,414.60226093766,
    8.083175117703));
#3957 = CARTESIAN_POINT('',(-18.06581464021,415.73410835506,
    8.717621005789));
#3958 = CARTESIAN_POINT('',(-21.67863602545,417.12103757669,9.3915035387
    ));
#3959 = CARTESIAN_POINT('',(-25.18601165877,418.75643585589,
    10.063812156293));
#3960 = CARTESIAN_POINT('',(-28.57130302324,420.63260652682,
    10.692791431436));
#3961 = CARTESIAN_POINT('',(-31.81841149936,422.74081270165,
    11.239399117702));
#3962 = CARTESIAN_POINT('',(-34.91182805611,425.07131158543,
    11.654204275576));
#3963 = CARTESIAN_POINT('',(-37.83681084845,427.61348948438,
    11.925819436644));
#3964 = CARTESIAN_POINT('',(-40.57906350602,430.35567113286,
    11.900407582137));
#3965 = CARTESIAN_POINT('',(-43.1222040045,433.28180887718,
    12.134026042011));
#3966 = CARTESIAN_POINT('',(-45.45138786764,436.37353634965,
    12.562614167727));
#3967 = CARTESIAN_POINT('',(-47.5580770013,439.61792873074,
    13.089545943168));
#3968 = CARTESIAN_POINT('',(-49.43345004413,443.00093712691,
    13.627840231988));
#3969 = CARTESIAN_POINT('',(-51.0694062854,446.5082280564,
    14.088304892023));
#3970 = CARTESIAN_POINT('',(-52.45849971707,450.12575835021,
    14.381326035733));
#3971 = CARTESIAN_POINT('',(-53.59234101991,453.83366642908,
    14.418239746313));
#3972 = CARTESIAN_POINT('',(-54.17232748283,456.3478286601,
    14.321440438096));
#3973 = CARTESIAN_POINT('',(-54.41895698238,457.61502631881,14.387890625
    ));
#3974 = CARTESIAN_POINT('',(-2.832683631649,414.1421764314,
    6.878330152216));
#3975 = CARTESIAN_POINT('',(-4.09199305038,414.20819077876,
    6.946433774169));
#3976 = CARTESIAN_POINT('',(-6.607230901454,414.42845466004,
    7.167415714943));
#3977 = CARTESIAN_POINT('',(-10.34181731641,415.02040914211,
    7.700316105889));
#3978 = CARTESIAN_POINT('',(-14.02455661066,415.87103829969,
    8.383804716709));
#3979 = CARTESIAN_POINT('',(-17.63810087759,416.97608887884,
    9.166892212859));
#3980 = CARTESIAN_POINT('',(-21.16538759644,418.33018212108,
    9.998655796339));
#3981 = CARTESIAN_POINT('',(-24.58972502423,419.92686183901,
    10.828476718625));
#3982 = CARTESIAN_POINT('',(-27.89486856609,421.75861358763,
    11.604816852515));
#3983 = CARTESIAN_POINT('',(-31.06510074233,423.81690732765,
    12.279486910992));
#3984 = CARTESIAN_POINT('',(-34.08527970304,426.09223092783,
    12.791474991568));
#3985 = CARTESIAN_POINT('',(-36.94101262092,428.57422197686,
    13.126725704658));
#3986 = CARTESIAN_POINT('',(-39.61834159663,431.25148162464,
    13.095360215667));
#3987 = CARTESIAN_POINT('',(-42.10127245535,434.10834215067,
    13.383712143282));
#3988 = CARTESIAN_POINT('',(-44.3753121684,437.12687201668,
    13.912712344166));
#3989 = CARTESIAN_POINT('',(-46.43212478368,440.29445240227,
    14.563096706996));
#3990 = CARTESIAN_POINT('',(-48.2630977883,443.59736702583,
    15.227505657766));
#3991 = CARTESIAN_POINT('',(-49.86032225833,447.02162175516,
    15.795850609587));
#3992 = CARTESIAN_POINT('',(-51.21652847245,450.55350589781,
    16.157522421233));
#3993 = CARTESIAN_POINT('',(-52.32352573049,454.17362810294,
    16.203084486934));
#3994 = CARTESIAN_POINT('',(-52.88978083514,456.62826676463,
    16.083606483474));
#3995 = CARTESIAN_POINT('',(-53.1305713041,457.86546312524,16.165625));
#3996 = DEFINITIONAL_REPRESENTATION('',(#3997),#4003);
#3997 = B_SPLINE_CURVE_WITH_KNOTS('',4,(#3998,#3999,#4000,#4001,#4002),
  .UNSPECIFIED.,.F.,.F.,(5,5),(0.,1.),.PIECEWISE_BEZIER_KNOTS.);
#3998 = CARTESIAN_POINT('',(8.,0.937191214371));
#3999 = CARTESIAN_POINT('',(7.750037826398,0.938477262492));
#4000 = CARTESIAN_POINT('',(7.500062355664,0.939741777979));
#4001 = CARTESIAN_POINT('',(7.250054661452,0.940985685696));
#4002 = CARTESIAN_POINT('',(7.,0.94220979214));
#4003 = ( GEOMETRIC_REPRESENTATION_CONTEXT(2) 
PARAMETRIC_REPRESENTATION_CONTEXT() REPRESENTATION_CONTEXT('2D SPACE',''
  ) );
#4004 = ORIENTED_EDGE('',*,*,#4005,.T.);
#4005 = EDGE_CURVE('',#3932,#4006,#4008,.T.);
#4006 = VERTEX_POINT('',#4007);
#4007 = CARTESIAN_POINT('',(-54.80340333459,453.457,12.350486611282));
#4008 = SURFACE_CURVE('',#4009,(#4015,#4024),.PCURVE_S1.);
#4009 = B_SPLINE_CURVE_WITH_KNOTS('',4,(#4010,#4011,#4012,#4013,#4014),
  .UNSPECIFIED.,.F.,.F.,(5,5),(0.,1.),.PIECEWISE_BEZIER_KNOTS.);
#4010 = CARTESIAN_POINT('',(-53.44312805937,453.457,14.392518044925));
#4011 = CARTESIAN_POINT('',(-53.78338161743,453.457,13.882092048998));
#4012 = CARTESIAN_POINT('',(-54.12349293904,453.457,13.371593614081));
#4013 = CARTESIAN_POINT('',(-54.463492116,453.457,12.861050988495));
#4014 = CARTESIAN_POINT('',(-54.80340333459,453.457,12.350486611282));
#4015 = PCURVE('',#3512,#4016);
#4016 = DEFINITIONAL_REPRESENTATION('',(#4017),#4023);
#4017 = B_SPLINE_CURVE_WITH_KNOTS('',4,(#4018,#4019,#4020,#4021,#4022),
  .UNSPECIFIED.,.F.,.F.,(5,5),(0.,1.),.PIECEWISE_BEZIER_KNOTS.);
#4018 = CARTESIAN_POINT('',(7.210871940629,-14.39251804492));
#4019 = CARTESIAN_POINT('',(6.870618382563,-13.88209204899));
#4020 = CARTESIAN_POINT('',(6.530507060954,-13.37159361408));
#4021 = CARTESIAN_POINT('',(6.190507883999,-12.86105098849));
#4022 = CARTESIAN_POINT('',(5.850596665406,-12.35048661128));
#4023 = ( GEOMETRIC_REPRESENTATION_CONTEXT(2) 
PARAMETRIC_REPRESENTATION_CONTEXT() REPRESENTATION_CONTEXT('2D SPACE',''
  ) );
#4024 = PCURVE('',#4025,#4070);
#4025 = ( BOUNDED_SURFACE() B_SPLINE_SURFACE(1,3,(
    (#4026,#4027,#4028,#4029,#4030,#4031,#4032,#4033,#4034,#4035,#4036
      ,#4037,#4038,#4039,#4040,#4041,#4042,#4043,#4044,#4045,#4046,#4047
      )
    ,(#4048,#4049,#4050,#4051,#4052,#4053,#4054,#4055,#4056,#4057,#4058
      ,#4059,#4060,#4061,#4062,#4063,#4064,#4065,#4066,#4067,#4068,#4069
)),.UNSPECIFIED.,.F.,.F.,.F.) B_SPLINE_SURFACE_WITH_KNOTS((2,2),(4,1,1,1
    ,1,1,1,1,1,1,1,1,1,1,1,1,1,1,1,4),(6.,7.),(0.,5.245000615645E-02,
    0.105056142816,0.157827138689,0.210729740208,0.263703235816,
    0.316673593925,0.369567354274,0.422325530646,0.474917777959,
    0.52735694777,0.57971823004,0.632142347135,0.684734332274,
    0.737455393694,0.790192360737,0.842823921577,0.89528663,
0.947644996011,1.),.UNSPECIFIED.) GEOMETRIC_REPRESENTATION_ITEM() 
RATIONAL_B_SPLINE_SURFACE((
    (1.,1.000000000036,0.999999999983,1.000000000004,0.999999999999,1.
      ,1.,1.,1.,1.,1.,1.,1.,1.,1.,1.,1.,1.000000000002,0.999999999994
      ,1.000000000024,0.999999999949,1.)
    ,(1.,1.000000000036,0.999999999983,1.000000000004,0.999999999999,1.
      ,1.,1.,1.,1.,1.,1.,1.,1.,1.,1.,1.,1.000000000002,0.999999999994
,1.000000000024,0.999999999949,1.
  ))) REPRESENTATION_ITEM('') SURFACE() );
#4026 = CARTESIAN_POINT('',(-2.970065516787,411.52077390267,
    6.84641786798));
#4027 = CARTESIAN_POINT('',(-4.290449988536,411.58998987199,
    6.886775569872));
#4028 = CARTESIAN_POINT('',(-6.927673970402,411.82093629373,
    7.01772783108));
#4029 = CARTESIAN_POINT('',(-10.84338351425,412.44159988602,
    7.333520655341));
#4030 = CARTESIAN_POINT('',(-14.70473141163,413.33348357511,
    7.738550943235));
#4031 = CARTESIAN_POINT('',(-18.49352840283,414.49212783142,
    8.202602792806));
#4032 = CARTESIAN_POINT('',(-22.19188445446,415.91189303226,
    8.695499731164));
#4033 = CARTESIAN_POINT('',(-25.7822982933,417.58600987278,
    9.187245462889));
#4034 = CARTESIAN_POINT('',(-29.24773748038,419.50659946602,
    9.647298875565));
#4035 = CARTESIAN_POINT('',(-32.5717222564,421.66471807565,
    10.047103354662));
#4036 = CARTESIAN_POINT('',(-35.73837640919,424.05039224303,
    10.350503698707));
#4037 = CARTESIAN_POINT('',(-38.73260907597,426.6527569919,
    10.549170787945));
#4038 = CARTESIAN_POINT('',(-41.53978541541,429.45986064108,
    10.530583831506));
#4039 = CARTESIAN_POINT('',(-44.14313555365,432.4552756037,
    10.701459047871));
#4040 = CARTESIAN_POINT('',(-46.52746356687,435.62020068261,
    11.014940648395));
#4041 = CARTESIAN_POINT('',(-48.68402921892,438.94140505921,
    11.400353604145));
#4042 = CARTESIAN_POINT('',(-50.60380229996,442.40450722796,
    11.794077426828));
#4043 = CARTESIAN_POINT('',(-52.27849031245,445.99483435779,
    12.130874435299));
#4044 = CARTESIAN_POINT('',(-53.70047096179,449.69801080209,
    12.345198471884));
#4045 = CARTESIAN_POINT('',(-54.86115630894,453.49370475715,
    12.372198214322));
#4046 = CARTESIAN_POINT('',(-55.45487413135,456.06739055137,
    12.30139643499));
#4047 = CARTESIAN_POINT('',(-55.70734266065,457.36458951238,12.35));
#4048 = CARTESIAN_POINT('',(-2.901374574218,412.83147516704,
    6.863461928879));
#4049 = CARTESIAN_POINT('',(-4.19122151976,412.89909031765,
    6.918638474455));
#4050 = CARTESIAN_POINT('',(-6.767452435788,413.12469548048,
    7.097674769045));
#4051 = CARTESIAN_POINT('',(-10.59260041537,413.7310045131,
    7.529422770977));
#4052 = CARTESIAN_POINT('',(-14.36464401113,414.60226093766,
    8.083175117703));
#4053 = CARTESIAN_POINT('',(-18.06581464021,415.73410835506,
    8.717621005789));
#4054 = CARTESIAN_POINT('',(-21.67863602545,417.12103757669,9.3915035387
    ));
#4055 = CARTESIAN_POINT('',(-25.18601165877,418.75643585589,
    10.063812156293));
#4056 = CARTESIAN_POINT('',(-28.57130302324,420.63260652682,
    10.692791431436));
#4057 = CARTESIAN_POINT('',(-31.81841149936,422.74081270165,
    11.239399117702));
#4058 = CARTESIAN_POINT('',(-34.91182805611,425.07131158543,
    11.654204275576));
#4059 = CARTESIAN_POINT('',(-37.83681084845,427.61348948438,
    11.925819436644));
#4060 = CARTESIAN_POINT('',(-40.57906350602,430.35567113286,
    11.900407582137));
#4061 = CARTESIAN_POINT('',(-43.1222040045,433.28180887718,
    12.134026042011));
#4062 = CARTESIAN_POINT('',(-45.45138786764,436.37353634965,
    12.562614167727));
#4063 = CARTESIAN_POINT('',(-47.5580770013,439.61792873074,
    13.089545943168));
#4064 = CARTESIAN_POINT('',(-49.43345004413,443.00093712691,
    13.627840231988));
#4065 = CARTESIAN_POINT('',(-51.0694062854,446.5082280564,
    14.088304892023));
#4066 = CARTESIAN_POINT('',(-52.45849971707,450.12575835021,
    14.381326035733));
#4067 = CARTESIAN_POINT('',(-53.59234101991,453.83366642908,
    14.418239746313));
#4068 = CARTESIAN_POINT('',(-54.17232748283,456.3478286601,
    14.321440438096));
#4069 = CARTESIAN_POINT('',(-54.41895698238,457.61502631881,14.387890625
    ));
#4070 = DEFINITIONAL_REPRESENTATION('',(#4071),#4077);
#4071 = B_SPLINE_CURVE_WITH_KNOTS('',4,(#4072,#4073,#4074,#4075,#4076),
  .UNSPECIFIED.,.F.,.F.,(5,5),(0.,1.),.PIECEWISE_BEZIER_KNOTS.);
#4072 = CARTESIAN_POINT('',(7.,0.94220979214));
#4073 = CARTESIAN_POINT('',(6.750084336496,0.943433218138));
#4074 = CARTESIAN_POINT('',(6.500122877632,0.944636859966));
#4075 = CARTESIAN_POINT('',(6.250099053205,0.94582153251));
#4076 = CARTESIAN_POINT('',(6.,0.946987950213));
#4077 = ( GEOMETRIC_REPRESENTATION_CONTEXT(2) 
PARAMETRIC_REPRESENTATION_CONTEXT() REPRESENTATION_CONTEXT('2D SPACE',''
  ) );
#4078 = ORIENTED_EDGE('',*,*,#4079,.T.);
#4079 = EDGE_CURVE('',#4006,#4080,#4082,.T.);
#4080 = VERTEX_POINT('',#4081);
#4081 = CARTESIAN_POINT('',(-56.1613971032,453.457,10.310037318676));
#4082 = SURFACE_CURVE('',#4083,(#4092,#4104),.PCURVE_S1.);
#4083 = B_SPLINE_CURVE_WITH_KNOTS('',4,(#4084,#4085,#4086,#4087,#4088,
    #4089,#4090,#4091),.UNSPECIFIED.,.F.,.F.,(5,3,5),(0.,0.624126847002,
    1.),.UNSPECIFIED.);
#4084 = CARTESIAN_POINT('',(-54.80340333459,453.457,12.350486611282));
#4085 = CARTESIAN_POINT('',(-55.01535963191,453.457,12.032117198881));
#4086 = CARTESIAN_POINT('',(-55.22728151098,453.457,11.713739108392));
#4087 = CARTESIAN_POINT('',(-55.43917579821,453.457,11.395358760416));
#4088 = CARTESIAN_POINT('',(-55.77864632701,453.457,10.885242852389));
#4089 = CARTESIAN_POINT('',(-55.90623630355,453.457,10.693505137838));
#4090 = CARTESIAN_POINT('',(-56.03381958942,453.457,10.5017696844));
#4091 = CARTESIAN_POINT('',(-56.1613971032,453.457,10.310037318676));
#4092 = PCURVE('',#3512,#4093);
#4093 = DEFINITIONAL_REPRESENTATION('',(#4094),#4103);
#4094 = B_SPLINE_CURVE_WITH_KNOTS('',4,(#4095,#4096,#4097,#4098,#4099,
    #4100,#4101,#4102),.UNSPECIFIED.,.F.,.F.,(5,3,5),(0.,0.624126847002,
    1.),.UNSPECIFIED.);
#4095 = CARTESIAN_POINT('',(5.850596665406,-12.35048661128));
#4096 = CARTESIAN_POINT('',(5.638640368087,-12.03211719888));
#4097 = CARTESIAN_POINT('',(5.42671848902,-11.71373910839));
#4098 = CARTESIAN_POINT('',(5.214824201786,-11.39535876041));
#4099 = CARTESIAN_POINT('',(4.875353672988,-10.88524285238));
#4100 = CARTESIAN_POINT('',(4.747763696441,-10.69350513783));
#4101 = CARTESIAN_POINT('',(4.620180410577,-10.5017696844));
#4102 = CARTESIAN_POINT('',(4.492602896798,-10.31003731867));
#4103 = ( GEOMETRIC_REPRESENTATION_CONTEXT(2) 
PARAMETRIC_REPRESENTATION_CONTEXT() REPRESENTATION_CONTEXT('2D SPACE',''
  ) );
#4104 = PCURVE('',#4105,#4150);
#4105 = ( BOUNDED_SURFACE() B_SPLINE_SURFACE(1,3,(
    (#4106,#4107,#4108,#4109,#4110,#4111,#4112,#4113,#4114,#4115,#4116
      ,#4117,#4118,#4119,#4120,#4121,#4122,#4123,#4124,#4125,#4126,#4127
      )
    ,(#4128,#4129,#4130,#4131,#4132,#4133,#4134,#4135,#4136,#4137,#4138
      ,#4139,#4140,#4141,#4142,#4143,#4144,#4145,#4146,#4147,#4148,#4149
)),.UNSPECIFIED.,.F.,.F.,.F.) B_SPLINE_SURFACE_WITH_KNOTS((2,2),(4,1,1,1
    ,1,1,1,1,1,1,1,1,1,1,1,1,1,1,1,4),(5.,6.),(0.,5.245000615645E-02,
    0.105056142816,0.157827138689,0.210729740208,0.263703235816,
    0.316673593925,0.369567354274,0.422325530646,0.474917777959,
    0.52735694777,0.57971823004,0.632142347135,0.684734332274,
    0.737455393694,0.790192360737,0.842823921577,0.89528663,
0.947644996011,1.),.UNSPECIFIED.) GEOMETRIC_REPRESENTATION_ITEM() 
RATIONAL_B_SPLINE_SURFACE((
    (1.,1.000000000036,0.999999999983,1.000000000004,0.999999999999,1.
      ,1.,1.,1.,1.,1.,1.,1.,1.,1.,1.,1.,1.000000000002,0.999999999994
      ,1.000000000024,0.999999999949,1.)
    ,(1.,1.000000000036,0.999999999983,1.000000000004,0.999999999999,1.
      ,1.,1.,1.,1.,1.,1.,1.,1.,1.,1.,1.,1.000000000002,0.999999999994
,1.000000000024,0.999999999949,1.
  ))) REPRESENTATION_ITEM('') SURFACE() );
#4106 = CARTESIAN_POINT('',(-3.038756459356,410.21007263831,
    6.829373807081));
#4107 = CARTESIAN_POINT('',(-4.389678458191,410.28088940648,
    6.854912665233));
#4108 = CARTESIAN_POINT('',(-7.087895504607,410.51717711622,
    6.937780893141));
#4109 = CARTESIAN_POINT('',(-11.09416661324,411.15219525645,
    7.137618539698));
#4110 = CARTESIAN_POINT('',(-15.04481881209,412.06470621324,
    7.393926768768));
#4111 = CARTESIAN_POINT('',(-18.92124216546,413.25014730759,
    7.687584579822));
#4112 = CARTESIAN_POINT('',(-22.70513288347,414.70274848788,
    7.999495923627));
#4113 = CARTESIAN_POINT('',(-26.37858492784,416.41558388965,
    8.310678769484));
#4114 = CARTESIAN_POINT('',(-29.92417193753,418.38059240521,
    8.601806319693));
#4115 = CARTESIAN_POINT('',(-33.32503301343,420.58862344964,
    8.854807591622));
#4116 = CARTESIAN_POINT('',(-36.56492476226,423.02947290064,
    9.046803121838));
#4117 = CARTESIAN_POINT('',(-39.6284073035,425.69202449942,
    9.172522139247));
#4118 = CARTESIAN_POINT('',(-42.50050732479,428.5640501493,
    9.160760080875));
#4119 = CARTESIAN_POINT('',(-45.16406710279,431.62874233022,
    9.268892053731));
#4120 = CARTESIAN_POINT('',(-47.60353926611,434.86686501559,
    9.467267129063));
#4121 = CARTESIAN_POINT('',(-49.80998143654,438.26488138763,
    9.711161265123));
#4122 = CARTESIAN_POINT('',(-51.7741545558,441.80807732919,
    9.960314621666));
#4123 = CARTESIAN_POINT('',(-53.48757433951,445.48144065847,
    10.173443978583));
#4124 = CARTESIAN_POINT('',(-54.94244220646,449.27026325659,
    10.309070908008));
#4125 = CARTESIAN_POINT('',(-56.1299715982,453.15374307548,
    10.326156682431));
#4126 = CARTESIAN_POINT('',(-56.73742077938,455.78695246368,
    10.281352431666));
#4127 = CARTESIAN_POINT('',(-56.99572833893,457.11415270594,10.312109375
    ));
#4128 = CARTESIAN_POINT('',(-2.970065516787,411.52077390267,
    6.84641786798));
#4129 = CARTESIAN_POINT('',(-4.290449988536,411.58998987199,
    6.886775569872));
#4130 = CARTESIAN_POINT('',(-6.927673970402,411.82093629373,
    7.01772783108));
#4131 = CARTESIAN_POINT('',(-10.84338351425,412.44159988602,
    7.333520655341));
#4132 = CARTESIAN_POINT('',(-14.70473141163,413.33348357511,
    7.738550943235));
#4133 = CARTESIAN_POINT('',(-18.49352840283,414.49212783142,
    8.202602792806));
#4134 = CARTESIAN_POINT('',(-22.19188445446,415.91189303226,
    8.695499731164));
#4135 = CARTESIAN_POINT('',(-25.7822982933,417.58600987278,
    9.187245462889));
#4136 = CARTESIAN_POINT('',(-29.24773748038,419.50659946602,
    9.647298875565));
#4137 = CARTESIAN_POINT('',(-32.5717222564,421.66471807565,
    10.047103354662));
#4138 = CARTESIAN_POINT('',(-35.73837640919,424.05039224303,
    10.350503698707));
#4139 = CARTESIAN_POINT('',(-38.73260907597,426.6527569919,
    10.549170787945));
#4140 = CARTESIAN_POINT('',(-41.53978541541,429.45986064108,
    10.530583831506));
#4141 = CARTESIAN_POINT('',(-44.14313555365,432.4552756037,
    10.701459047871));
#4142 = CARTESIAN_POINT('',(-46.52746356687,435.62020068261,
    11.014940648395));
#4143 = CARTESIAN_POINT('',(-48.68402921892,438.94140505921,
    11.400353604145));
#4144 = CARTESIAN_POINT('',(-50.60380229996,442.40450722796,
    11.794077426828));
#4145 = CARTESIAN_POINT('',(-52.27849031245,445.99483435779,
    12.130874435299));
#4146 = CARTESIAN_POINT('',(-53.70047096179,449.69801080209,
    12.345198471884));
#4147 = CARTESIAN_POINT('',(-54.86115630894,453.49370475715,
    12.372198214322));
#4148 = CARTESIAN_POINT('',(-55.45487413135,456.06739055137,
    12.30139643499));
#4149 = CARTESIAN_POINT('',(-55.70734266065,457.36458951238,12.35));
#4150 = DEFINITIONAL_REPRESENTATION('',(#4151),#4160);
#4151 = B_SPLINE_CURVE_WITH_KNOTS('',4,(#4152,#4153,#4154,#4155,#4156,
    #4157,#4158,#4159),.UNSPECIFIED.,.F.,.F.,(5,3,5),(0.,0.624126847002,
    1.),.UNSPECIFIED.);
#4152 = CARTESIAN_POINT('',(6.,0.946987950213));
#4153 = CARTESIAN_POINT('',(5.844047308891,0.947715285953));
#4154 = CARTESIAN_POINT('',(5.688065522875,0.94843552334));
#4155 = CARTESIAN_POINT('',(5.532050832514,0.949148837952));
#4156 = CARTESIAN_POINT('',(5.282020195991,0.950280902235));
#4157 = CARTESIAN_POINT('',(5.188027313368,0.950703961905));
#4158 = CARTESIAN_POINT('',(5.094020726408,0.95112460342));
#4159 = CARTESIAN_POINT('',(5.,0.95154285942));
#4160 = ( GEOMETRIC_REPRESENTATION_CONTEXT(2) 
PARAMETRIC_REPRESENTATION_CONTEXT() REPRESENTATION_CONTEXT('2D SPACE',''
  ) );
#4161 = ORIENTED_EDGE('',*,*,#4162,.T.);
#4162 = EDGE_CURVE('',#4080,#4163,#4165,.T.);
#4163 = VERTEX_POINT('',#4164);
#4164 = CARTESIAN_POINT('',(-57.51727209232,453.457,8.532039160843));
#4165 = SURFACE_CURVE('',#4166,(#4172,#4181),.PCURVE_S1.);
#4166 = B_SPLINE_CURVE_WITH_KNOTS('',4,(#4167,#4168,#4169,#4170,#4171),
  .UNSPECIFIED.,.F.,.F.,(5,5),(0.,1.),.PIECEWISE_BEZIER_KNOTS.);
#4167 = CARTESIAN_POINT('',(-56.1613971032,453.457,10.310037318676));
#4168 = CARTESIAN_POINT('',(-56.50041886149,453.457,9.865493172718));
#4169 = CARTESIAN_POINT('',(-56.83939634097,453.457,9.420969875763));
#4170 = CARTESIAN_POINT('',(-57.17834543604,453.457,8.976483626351));
#4171 = CARTESIAN_POINT('',(-57.51727209232,453.457,8.532039160843));
#4172 = PCURVE('',#3512,#4173);
#4173 = DEFINITIONAL_REPRESENTATION('',(#4174),#4180);
#4174 = B_SPLINE_CURVE_WITH_KNOTS('',4,(#4175,#4176,#4177,#4178,#4179),
  .UNSPECIFIED.,.F.,.F.,(5,5),(0.,1.),.PIECEWISE_BEZIER_KNOTS.);
#4175 = CARTESIAN_POINT('',(4.492602896798,-10.31003731867));
#4176 = CARTESIAN_POINT('',(4.153581138502,-9.865493172718));
#4177 = CARTESIAN_POINT('',(3.81460365903,-9.420969875763));
#4178 = CARTESIAN_POINT('',(3.475654563958,-8.976483626351));
#4179 = CARTESIAN_POINT('',(3.136727907679,-8.532039160843));
#4180 = ( GEOMETRIC_REPRESENTATION_CONTEXT(2) 
PARAMETRIC_REPRESENTATION_CONTEXT() REPRESENTATION_CONTEXT('2D SPACE',''
  ) );
#4181 = PCURVE('',#4182,#4227);
#4182 = ( BOUNDED_SURFACE() B_SPLINE_SURFACE(1,3,(
    (#4183,#4184,#4185,#4186,#4187,#4188,#4189,#4190,#4191,#4192,#4193
      ,#4194,#4195,#4196,#4197,#4198,#4199,#4200,#4201,#4202,#4203,#4204
      )
    ,(#4205,#4206,#4207,#4208,#4209,#4210,#4211,#4212,#4213,#4214,#4215
      ,#4216,#4217,#4218,#4219,#4220,#4221,#4222,#4223,#4224,#4225,#4226
)),.UNSPECIFIED.,.F.,.F.,.F.) B_SPLINE_SURFACE_WITH_KNOTS((2,2),(4,1,1,1
    ,1,1,1,1,1,1,1,1,1,1,1,1,1,1,1,4),(4.,5.),(0.,5.245000615645E-02,
    0.105056142816,0.157827138689,0.210729740208,0.263703235816,
    0.316673593925,0.369567354274,0.422325530646,0.474917777959,
    0.52735694777,0.57971823004,0.632142347135,0.684734332274,
    0.737455393694,0.790192360737,0.842823921577,0.89528663,
0.947644996011,1.),.UNSPECIFIED.) GEOMETRIC_REPRESENTATION_ITEM() 
RATIONAL_B_SPLINE_SURFACE((
    (1.,1.000000000036,0.999999999983,1.000000000004,0.999999999999,1.
      ,1.,1.,1.,1.,1.,1.,1.,1.,1.,1.,1.,1.000000000002,0.999999999994
      ,1.000000000024,0.999999999949,1.)
    ,(1.,1.000000000036,0.999999999983,1.000000000004,0.999999999999,1.
      ,1.,1.,1.,1.,1.,1.,1.,1.,1.,1.,1.,1.000000000002,0.999999999994
,1.000000000024,0.999999999949,1.
  ))) REPRESENTATION_ITEM('') SURFACE() );
#4183 = CARTESIAN_POINT('',(-3.107447401925,408.89937137394,
    6.814505583744));
#4184 = CARTESIAN_POINT('',(-4.488906926344,408.97178894881,
    6.827117365546));
#4185 = CARTESIAN_POINT('',(-7.248117039512,409.21341793506,
    6.868039947231));
#4186 = CARTESIAN_POINT('',(-11.34494971205,409.86279062787,
    6.966725204789));
#4187 = CARTESIAN_POINT('',(-15.3849062126,410.79592885109,
    7.093297169762));
#4188 = CARTESIAN_POINT('',(-19.34895592807,412.00816678384,
    7.238313372751));
#4189 = CARTESIAN_POINT('',(-23.21838131249,413.49360394348,
    7.392343665989));
#4190 = CARTESIAN_POINT('',(-26.97487156238,415.24515790653,
    7.546014207153));
#4191 = CARTESIAN_POINT('',(-30.60060639467,417.2545853444,
    7.689780898614));
#4192 = CARTESIAN_POINT('',(-34.07834377046,419.51252882364,
    7.814719798332));
#4193 = CARTESIAN_POINT('',(-37.39147311534,422.00855355824,
    7.909532405846));
#4194 = CARTESIAN_POINT('',(-40.52420553103,424.73129200694,
    7.971615871233));
#4195 = CARTESIAN_POINT('',(-43.46122923418,427.66823965751,
    7.965807447346));
#4196 = CARTESIAN_POINT('',(-46.18499865194,430.80220905673,
    8.01920595246));
#4197 = CARTESIAN_POINT('',(-48.67961496534,434.11352934856,
    8.117168952623));
#4198 = CARTESIAN_POINT('',(-50.93593365415,437.58835771608,
    8.237610501295));
#4199 = CARTESIAN_POINT('',(-52.94450681166,441.21164743035,
    8.360649195883));
#4200 = CARTESIAN_POINT('',(-54.69665836646,444.96804695944,
    8.465898261032));
#4201 = CARTESIAN_POINT('',(-56.18441345153,448.84251571002,
    8.532874522461));
#4202 = CARTESIAN_POINT('',(-57.39878688595,452.81378139779,
    8.541311941985));
#4203 = CARTESIAN_POINT('',(-58.01996743068,455.50651436737,
    8.519186385913));
#4204 = CARTESIAN_POINT('',(-58.2841140172,456.86371589951,8.534375));
#4205 = CARTESIAN_POINT('',(-3.038756459356,410.21007263831,
    6.829373807081));
#4206 = CARTESIAN_POINT('',(-4.389678458191,410.28088940648,
    6.854912665233));
#4207 = CARTESIAN_POINT('',(-7.087895504607,410.51717711622,
    6.937780893141));
#4208 = CARTESIAN_POINT('',(-11.09416661324,411.15219525645,
    7.137618539698));
#4209 = CARTESIAN_POINT('',(-15.04481881209,412.06470621324,
    7.393926768768));
#4210 = CARTESIAN_POINT('',(-18.92124216546,413.25014730759,
    7.687584579822));
#4211 = CARTESIAN_POINT('',(-22.70513288347,414.70274848788,
    7.999495923627));
#4212 = CARTESIAN_POINT('',(-26.37858492784,416.41558388965,
    8.310678769484));
#4213 = CARTESIAN_POINT('',(-29.92417193753,418.38059240521,
    8.601806319693));
#4214 = CARTESIAN_POINT('',(-33.32503301343,420.58862344964,
    8.854807591622));
#4215 = CARTESIAN_POINT('',(-36.56492476226,423.02947290064,
    9.046803121838));
#4216 = CARTESIAN_POINT('',(-39.6284073035,425.69202449942,
    9.172522139247));
#4217 = CARTESIAN_POINT('',(-42.50050732479,428.5640501493,
    9.160760080875));
#4218 = CARTESIAN_POINT('',(-45.16406710279,431.62874233022,
    9.268892053731));
#4219 = CARTESIAN_POINT('',(-47.60353926611,434.86686501559,
    9.467267129063));
#4220 = CARTESIAN_POINT('',(-49.80998143654,438.26488138763,
    9.711161265123));
#4221 = CARTESIAN_POINT('',(-51.7741545558,441.80807732919,
    9.960314621666));
#4222 = CARTESIAN_POINT('',(-53.48757433951,445.48144065847,
    10.173443978583));
#4223 = CARTESIAN_POINT('',(-54.94244220646,449.27026325659,
    10.309070908008));
#4224 = CARTESIAN_POINT('',(-56.1299715982,453.15374307548,
    10.326156682431));
#4225 = CARTESIAN_POINT('',(-56.73742077938,455.78695246368,
    10.281352431666));
#4226 = CARTESIAN_POINT('',(-56.99572833893,457.11415270594,10.312109375
    ));
#4227 = DEFINITIONAL_REPRESENTATION('',(#4228),#4234);
#4228 = B_SPLINE_CURVE_WITH_KNOTS('',4,(#4229,#4230,#4231,#4232,#4233),
  .UNSPECIFIED.,.F.,.F.,(5,5),(0.,1.),.PIECEWISE_BEZIER_KNOTS.);
#4229 = CARTESIAN_POINT('',(5.,0.95154285942));
#4230 = CARTESIAN_POINT('',(4.750151331292,0.952654323976));
#4231 = CARTESIAN_POINT('',(4.500205409422,0.953748931528));
#4232 = CARTESIAN_POINT('',(4.250155056731,0.954827289901));
#4233 = CARTESIAN_POINT('',(4.,0.955889924111));
#4234 = ( GEOMETRIC_REPRESENTATION_CONTEXT(2) 
PARAMETRIC_REPRESENTATION_CONTEXT() REPRESENTATION_CONTEXT('2D SPACE',''
  ) );
#4235 = ORIENTED_EDGE('',*,*,#4236,.T.);
#4236 = EDGE_CURVE('',#4163,#4237,#4239,.T.);
#4237 = VERTEX_POINT('',#4238);
#4238 = CARTESIAN_POINT('',(-58.87117683532,453.457,7.275947300027));
#4239 = SURFACE_CURVE('',#4240,(#4246,#4255),.PCURVE_S1.);
#4240 = B_SPLINE_CURVE_WITH_KNOTS('',4,(#4241,#4242,#4243,#4244,#4245),
  .UNSPECIFIED.,.F.,.F.,(5,5),(0.,1.),.PIECEWISE_BEZIER_KNOTS.);
#4241 = CARTESIAN_POINT('',(-57.51727209232,453.457,8.532039160843));
#4242 = CARTESIAN_POINT('',(-57.85579497821,453.457,8.217952825705));
#4243 = CARTESIAN_POINT('',(-58.19428411143,453.457,7.903906476));
#4244 = CARTESIAN_POINT('',(-58.53274469585,453.457,7.589905558427));
#4245 = CARTESIAN_POINT('',(-58.87117683532,453.457,7.275947300027));
#4246 = PCURVE('',#3512,#4247);
#4247 = DEFINITIONAL_REPRESENTATION('',(#4248),#4254);
#4248 = B_SPLINE_CURVE_WITH_KNOTS('',4,(#4249,#4250,#4251,#4252,#4253),
  .UNSPECIFIED.,.F.,.F.,(5,5),(0.,1.),.PIECEWISE_BEZIER_KNOTS.);
#4249 = CARTESIAN_POINT('',(3.136727907679,-8.532039160843));
#4250 = CARTESIAN_POINT('',(2.798205021786,-8.217952825705));
#4251 = CARTESIAN_POINT('',(2.459715888567,-7.903906476));
#4252 = CARTESIAN_POINT('',(2.121255304145,-7.589905558427));
#4253 = CARTESIAN_POINT('',(1.782823164679,-7.275947300027));
#4254 = ( GEOMETRIC_REPRESENTATION_CONTEXT(2) 
PARAMETRIC_REPRESENTATION_CONTEXT() REPRESENTATION_CONTEXT('2D SPACE',''
  ) );
#4255 = PCURVE('',#4256,#4301);
#4256 = ( BOUNDED_SURFACE() B_SPLINE_SURFACE(1,3,(
    (#4257,#4258,#4259,#4260,#4261,#4262,#4263,#4264,#4265,#4266,#4267
      ,#4268,#4269,#4270,#4271,#4272,#4273,#4274,#4275,#4276,#4277,#4278
      )
    ,(#4279,#4280,#4281,#4282,#4283,#4284,#4285,#4286,#4287,#4288,#4289
      ,#4290,#4291,#4292,#4293,#4294,#4295,#4296,#4297,#4298,#4299,#4300
)),.UNSPECIFIED.,.F.,.F.,.F.) B_SPLINE_SURFACE_WITH_KNOTS((2,2),(4,1,1,1
    ,1,1,1,1,1,1,1,1,1,1,1,1,1,1,1,4),(3.,4.),(0.,5.245000615645E-02,
    0.105056142816,0.157827138689,0.210729740208,0.263703235816,
    0.316673593925,0.369567354274,0.422325530646,0.474917777959,
    0.52735694777,0.57971823004,0.632142347135,0.684734332274,
    0.737455393694,0.790192360737,0.842823921577,0.89528663,
0.947644996011,1.),.UNSPECIFIED.) GEOMETRIC_REPRESENTATION_ITEM() 
RATIONAL_B_SPLINE_SURFACE((
    (1.,1.000000000036,0.999999999983,1.000000000004,0.999999999999,1.
      ,1.,1.,1.,1.,1.,1.,1.,1.,1.,1.,1.,1.000000000002,0.999999999994
      ,1.000000000024,0.999999999949,1.)
    ,(1.,1.000000000036,0.999999999983,1.000000000004,0.999999999999,1.
      ,1.,1.,1.,1.,1.,1.,1.,1.,1.,1.,1.,1.000000000002,0.999999999994
,1.000000000024,0.999999999949,1.
  ))) REPRESENTATION_ITEM('') SURFACE() );
#4257 = CARTESIAN_POINT('',(-3.176138344494,407.58867010958,
    6.80398903553));
#4258 = CARTESIAN_POINT('',(-4.588135395115,407.66268850209,
    6.807457275208));
#4259 = CARTESIAN_POINT('',(-7.408338574129,407.9096587488,
    6.818710985636));
#4260 = CARTESIAN_POINT('',(-11.59573281093,408.57338600066,
    6.845849431277));
#4261 = CARTESIAN_POINT('',(-15.7249936131,409.52715148858,
    6.880656721695));
#4262 = CARTESIAN_POINT('',(-19.77666969069,410.76618626019,
    6.920536177504));
#4263 = CARTESIAN_POINT('',(-23.7316297415,412.28445939905,
    6.962894508148));
#4264 = CARTESIAN_POINT('',(-27.57115819692,414.07473192342,
    7.005153906967));
#4265 = CARTESIAN_POINT('',(-31.27704085182,416.12857828359,
    7.044689747119));
#4266 = CARTESIAN_POINT('',(-34.83165452749,418.43643419764,
    7.079047944541));
#4267 = CARTESIAN_POINT('',(-38.21802146842,420.98763421584,
    7.105121411608));
#4268 = CARTESIAN_POINT('',(-41.42000375856,423.77055951447,
    7.122194364589));
#4269 = CARTESIAN_POINT('',(-44.42195114357,426.77242916573,
    7.12059704802));
#4270 = CARTESIAN_POINT('',(-47.20593020109,429.97567578326,
    7.135281636926));
#4271 = CARTESIAN_POINT('',(-49.75569066457,433.36019368152,
    7.162221461971));
#4272 = CARTESIAN_POINT('',(-52.06188587177,436.91183404459,
    7.195342887856));
#4273 = CARTESIAN_POINT('',(-54.11485906748,440.61521753123,
    7.229178528868));
#4274 = CARTESIAN_POINT('',(-55.90574239357,444.45465326142,
    7.258122021785));
#4275 = CARTESIAN_POINT('',(-57.42638469604,448.41476815968,
    7.276540493673));
#4276 = CARTESIAN_POINT('',(-58.66760217576,452.47381973413,
    7.278860784061));
#4277 = CARTESIAN_POINT('',(-59.30251407752,455.22607624085,
    7.272776256094));
#4278 = CARTESIAN_POINT('',(-59.57249969548,456.61327909308,7.276953125)
  );
#4279 = CARTESIAN_POINT('',(-3.107447401925,408.89937137394,
    6.814505583744));
#4280 = CARTESIAN_POINT('',(-4.488906926344,408.97178894881,
    6.827117365546));
#4281 = CARTESIAN_POINT('',(-7.248117039512,409.21341793506,
    6.868039947231));
#4282 = CARTESIAN_POINT('',(-11.34494971205,409.86279062787,
    6.966725204789));
#4283 = CARTESIAN_POINT('',(-15.3849062126,410.79592885109,
    7.093297169762));
#4284 = CARTESIAN_POINT('',(-19.34895592807,412.00816678384,
    7.238313372751));
#4285 = CARTESIAN_POINT('',(-23.21838131249,413.49360394348,
    7.392343665989));
#4286 = CARTESIAN_POINT('',(-26.97487156238,415.24515790653,
    7.546014207153));
#4287 = CARTESIAN_POINT('',(-30.60060639467,417.2545853444,
    7.689780898614));
#4288 = CARTESIAN_POINT('',(-34.07834377046,419.51252882364,
    7.814719798332));
#4289 = CARTESIAN_POINT('',(-37.39147311534,422.00855355824,
    7.909532405846));
#4290 = CARTESIAN_POINT('',(-40.52420553103,424.73129200694,
    7.971615871233));
#4291 = CARTESIAN_POINT('',(-43.46122923418,427.66823965751,
    7.965807447346));
#4292 = CARTESIAN_POINT('',(-46.18499865194,430.80220905673,
    8.01920595246));
#4293 = CARTESIAN_POINT('',(-48.67961496534,434.11352934856,
    8.117168952623));
#4294 = CARTESIAN_POINT('',(-50.93593365415,437.58835771608,
    8.237610501295));
#4295 = CARTESIAN_POINT('',(-52.94450681166,441.21164743035,
    8.360649195883));
#4296 = CARTESIAN_POINT('',(-54.69665836646,444.96804695944,
    8.465898261032));
#4297 = CARTESIAN_POINT('',(-56.18441345153,448.84251571002,
    8.532874522461));
#4298 = CARTESIAN_POINT('',(-57.39878688595,452.81378139779,
    8.541311941985));
#4299 = CARTESIAN_POINT('',(-58.01996743068,455.50651436737,
    8.519186385913));
#4300 = CARTESIAN_POINT('',(-58.2841140172,456.86371589951,8.534375));
#4301 = DEFINITIONAL_REPRESENTATION('',(#4302),#4308);
#4302 = B_SPLINE_CURVE_WITH_KNOTS('',4,(#4303,#4304,#4305,#4306,#4307),
  .UNSPECIFIED.,.F.,.F.,(5,5),(0.,1.),.PIECEWISE_BEZIER_KNOTS.);
#4303 = CARTESIAN_POINT('',(4.,0.955889924111));
#4304 = CARTESIAN_POINT('',(3.750142958292,0.956951292397));
#4305 = CARTESIAN_POINT('',(3.500189854703,0.957996938665));
#4306 = CARTESIAN_POINT('',(3.25014097073,0.959027386614));
#4307 = CARTESIAN_POINT('',(3.,0.960043102693));
#4308 = ( GEOMETRIC_REPRESENTATION_CONTEXT(2) 
PARAMETRIC_REPRESENTATION_CONTEXT() REPRESENTATION_CONTEXT('2D SPACE',''
  ) );
#4309 = ORIENTED_EDGE('',*,*,#4310,.T.);
#4310 = EDGE_CURVE('',#4237,#3393,#4311,.T.);
#4311 = SURFACE_CURVE('',#4312,(#4318,#4327),.PCURVE_S1.);
#4312 = B_SPLINE_CURVE_WITH_KNOTS('',4,(#4313,#4314,#4315,#4316,#4317),
  .UNSPECIFIED.,.F.,.F.,(5,5),(0.,1.),.PIECEWISE_BEZIER_KNOTS.);
#4313 = CARTESIAN_POINT('',(-58.87117683532,453.457,7.275947300027));
#4314 = CARTESIAN_POINT('',(-59.20926536651,453.457,7.156925511305));
#4315 = CARTESIAN_POINT('',(-59.54730554723,453.457,7.037928216648));
#4316 = CARTESIAN_POINT('',(-59.88529894848,453.457,6.918954475454));
#4317 = CARTESIAN_POINT('',(-60.22324623432,453.457,6.800000000044));
#4318 = PCURVE('',#3512,#4319);
#4319 = DEFINITIONAL_REPRESENTATION('',(#4320),#4326);
#4320 = B_SPLINE_CURVE_WITH_KNOTS('',4,(#4321,#4322,#4323,#4324,#4325),
  .UNSPECIFIED.,.F.,.F.,(5,5),(0.,1.),.PIECEWISE_BEZIER_KNOTS.);
#4321 = CARTESIAN_POINT('',(1.782823164679,-7.275947300027));
#4322 = CARTESIAN_POINT('',(1.444734633486,-7.156925511305));
#4323 = CARTESIAN_POINT('',(1.106694452764,-7.037928216648));
#4324 = CARTESIAN_POINT('',(0.768701051518,-6.918954475454));
#4325 = CARTESIAN_POINT('',(0.430753765671,-6.800000000044));
#4326 = ( GEOMETRIC_REPRESENTATION_CONTEXT(2) 
PARAMETRIC_REPRESENTATION_CONTEXT() REPRESENTATION_CONTEXT('2D SPACE',''
  ) );
#4327 = PCURVE('',#3446,#4328);
#4328 = DEFINITIONAL_REPRESENTATION('',(#4329),#4335);
#4329 = B_SPLINE_CURVE_WITH_KNOTS('',4,(#4330,#4331,#4332,#4333,#4334),
  .UNSPECIFIED.,.F.,.F.,(5,5),(0.,1.),.PIECEWISE_BEZIER_KNOTS.);
#4330 = CARTESIAN_POINT('',(3.,0.960043102693));
#4331 = CARTESIAN_POINT('',(2.75011299561,0.961057787494));
#4332 = CARTESIAN_POINT('',(2.500148848141,0.9620577106));
#4333 = CARTESIAN_POINT('',(2.250110187858,0.963043345644));
#4334 = CARTESIAN_POINT('',(2.,0.964015126375));
#4335 = ( GEOMETRIC_REPRESENTATION_CONTEXT(2) 
PARAMETRIC_REPRESENTATION_CONTEXT() REPRESENTATION_CONTEXT('2D SPACE',''
  ) );
#4336 = ADVANCED_FACE('',(#4337),#3446,.F.);
#4337 = FACE_BOUND('',#4338,.F.);
#4338 = EDGE_LOOP('',(#4339,#4340,#4368,#4408));
#4339 = ORIENTED_EDGE('',*,*,#3392,.F.);
#4340 = ORIENTED_EDGE('',*,*,#4341,.F.);
#4341 = EDGE_CURVE('',#4342,#3366,#4344,.T.);
#4342 = VERTEX_POINT('',#4343);
#4343 = CARTESIAN_POINT('',(-22.33279453996,411.76411527713,
    6.947989948908));
#4344 = SURFACE_CURVE('',#4345,(#4351,#4359),.PCURVE_S1.);
#4345 = B_SPLINE_CURVE_WITH_KNOTS('',4,(#4346,#4347,#4348,#4349,#4350),
  .UNSPECIFIED.,.F.,.F.,(5,5),(0.,1.),.PIECEWISE_BEZIER_KNOTS.);
#4346 = CARTESIAN_POINT('',(-22.33279453996,411.76411527713,
    6.947989948908));
#4347 = CARTESIAN_POINT('',(-22.71467435882,411.56426133994,
    6.913996529969));
#4348 = CARTESIAN_POINT('',(-23.09593883191,411.36472943934,
    6.877966036477));
#4349 = CARTESIAN_POINT('',(-23.47659797837,411.16551433188,
    6.839948570789));
#4350 = CARTESIAN_POINT('',(-23.85666251192,410.96661041063,6.8));
#4351 = PCURVE('',#3446,#4352);
#4352 = DEFINITIONAL_REPRESENTATION('',(#4353),#4358);
#4353 = B_SPLINE_CURVE_WITH_KNOTS('',3,(#4354,#4355,#4356,#4357),
  .UNSPECIFIED.,.F.,.F.,(4,4),(0.,1.),.PIECEWISE_BEZIER_KNOTS.);
#4354 = CARTESIAN_POINT('',(3.,0.245054548058));
#4355 = CARTESIAN_POINT('',(2.668459115551,0.249748697297));
#4356 = CARTESIAN_POINT('',(2.33506787841,0.254330829918));
#4357 = CARTESIAN_POINT('',(2.,0.258807268886));
#4358 = ( GEOMETRIC_REPRESENTATION_CONTEXT(2) 
PARAMETRIC_REPRESENTATION_CONTEXT() REPRESENTATION_CONTEXT('2D SPACE',''
  ) );
#4359 = PCURVE('',#3381,#4360);
#4360 = DEFINITIONAL_REPRESENTATION('',(#4361),#4367);
#4361 = B_SPLINE_CURVE_WITH_KNOTS('',4,(#4362,#4363,#4364,#4365,#4366),
  .UNSPECIFIED.,.F.,.F.,(5,5),(0.,1.),.PIECEWISE_BEZIER_KNOTS.);
#4362 = CARTESIAN_POINT('',(43.251848939547,-6.947989948908));
#4363 = CARTESIAN_POINT('',(42.820834099591,-6.913996529969));
#4364 = CARTESIAN_POINT('',(42.390513779602,-6.877966036477));
#4365 = CARTESIAN_POINT('',(41.960876671299,-6.839948570789));
#4366 = CARTESIAN_POINT('',(41.531910682497,-6.8));
#4367 = ( GEOMETRIC_REPRESENTATION_CONTEXT(2) 
PARAMETRIC_REPRESENTATION_CONTEXT() REPRESENTATION_CONTEXT('2D SPACE',''
  ) );
#4368 = ORIENTED_EDGE('',*,*,#4369,.T.);
#4369 = EDGE_CURVE('',#4342,#4237,#4370,.T.);
#4370 = SURFACE_CURVE('',#4371,(#4394,#4401),.PCURVE_S1.);
#4371 = ( BOUNDED_CURVE() B_SPLINE_CURVE(3,(#4372,#4373,#4374,#4375,
    #4376,#4377,#4378,#4379,#4380,#4381,#4382,#4383,#4384,#4385,#4386,
    #4387,#4388,#4389,#4390,#4391,#4392,#4393),.UNSPECIFIED.,.F.,.F.) 
B_SPLINE_CURVE_WITH_KNOTS((4,1,1,1,1,1,1,1,1,1,1,1,1,1,1,1,1,1,1,4),(0.,
    5.245000615645E-02,0.105056142816,0.157827138689,0.210729740208,
    0.263703235816,0.316673593925,0.369567354274,0.422325530646,
    0.474917777959,0.52735694777,0.57971823004,0.632142347135,
    0.684734332274,0.737455393694,0.790192360737,0.842823921577,
0.89528663,0.947644996011,1.),.UNSPECIFIED.) CURVE() 
GEOMETRIC_REPRESENTATION_ITEM() RATIONAL_B_SPLINE_CURVE((1.,
    1.000000000036,0.999999999983,1.000000000004,0.999999999999,1.,1.,1.
    ,1.,1.,1.,1.,1.,1.,1.,1.,1.,1.000000000002,0.999999999994,
1.000000000024,0.999999999949,1.)) REPRESENTATION_ITEM('') );
#4372 = CARTESIAN_POINT('',(-3.176138344494,407.58867010958,
    6.80398903553));
#4373 = CARTESIAN_POINT('',(-4.588135395115,407.66268850209,
    6.807457275208));
#4374 = CARTESIAN_POINT('',(-7.408338574129,407.9096587488,
    6.818710985636));
#4375 = CARTESIAN_POINT('',(-11.59573281093,408.57338600066,
    6.845849431277));
#4376 = CARTESIAN_POINT('',(-15.7249936131,409.52715148858,
    6.880656721695));
#4377 = CARTESIAN_POINT('',(-19.77666969069,410.76618626019,
    6.920536177504));
#4378 = CARTESIAN_POINT('',(-23.7316297415,412.28445939905,
    6.962894508148));
#4379 = CARTESIAN_POINT('',(-27.57115819692,414.07473192342,
    7.005153906967));
#4380 = CARTESIAN_POINT('',(-31.27704085182,416.12857828359,
    7.044689747119));
#4381 = CARTESIAN_POINT('',(-34.83165452749,418.43643419764,
    7.079047944541));
#4382 = CARTESIAN_POINT('',(-38.21802146842,420.98763421584,
    7.105121411608));
#4383 = CARTESIAN_POINT('',(-41.42000375856,423.77055951447,
    7.122194364589));
#4384 = CARTESIAN_POINT('',(-44.42195114357,426.77242916573,
    7.12059704802));
#4385 = CARTESIAN_POINT('',(-47.20593020109,429.97567578326,
    7.135281636926));
#4386 = CARTESIAN_POINT('',(-49.75569066457,433.36019368152,
    7.162221461971));
#4387 = CARTESIAN_POINT('',(-52.06188587177,436.91183404459,
    7.195342887856));
#4388 = CARTESIAN_POINT('',(-54.11485906748,440.61521753123,
    7.229178528868));
#4389 = CARTESIAN_POINT('',(-55.90574239357,444.45465326142,
    7.258122021785));
#4390 = CARTESIAN_POINT('',(-57.42638469604,448.41476815968,
    7.276540493673));
#4391 = CARTESIAN_POINT('',(-58.66760217576,452.47381973413,
    7.278860784061));
#4392 = CARTESIAN_POINT('',(-59.30251407752,455.22607624085,
    7.272776256094));
#4393 = CARTESIAN_POINT('',(-59.57249969548,456.61327909308,7.276953125)
  );
#4394 = PCURVE('',#3446,#4395);
#4395 = DEFINITIONAL_REPRESENTATION('',(#4396),#4400);
#4396 = LINE('',#4397,#4398);
#4397 = CARTESIAN_POINT('',(3.,0.));
#4398 = VECTOR('',#4399,1.);
#4399 = DIRECTION('',(0.,1.));
#4400 = ( GEOMETRIC_REPRESENTATION_CONTEXT(2) 
PARAMETRIC_REPRESENTATION_CONTEXT() REPRESENTATION_CONTEXT('2D SPACE',''
  ) );
#4401 = PCURVE('',#4256,#4402);
#4402 = DEFINITIONAL_REPRESENTATION('',(#4403),#4407);
#4403 = LINE('',#4404,#4405);
#4404 = CARTESIAN_POINT('',(3.,0.));
#4405 = VECTOR('',#4406,1.);
#4406 = DIRECTION('',(0.,1.));
#4407 = ( GEOMETRIC_REPRESENTATION_CONTEXT(2) 
PARAMETRIC_REPRESENTATION_CONTEXT() REPRESENTATION_CONTEXT('2D SPACE',''
  ) );
#4408 = ORIENTED_EDGE('',*,*,#4310,.T.);
#4409 = ADVANCED_FACE('',(#4410),#3381,.F.);
#4410 = FACE_BOUND('',#4411,.F.);
#4411 = EDGE_LOOP('',(#4412,#4413,#4414,#4437,#4465,#4493,#4521,#4550,
    #4580,#4611,#4642,#4671,#4698));
#4412 = ORIENTED_EDGE('',*,*,#3365,.F.);
#4413 = ORIENTED_EDGE('',*,*,#3527,.T.);
#4414 = ORIENTED_EDGE('',*,*,#4415,.T.);
#4415 = EDGE_CURVE('',#3528,#4416,#4418,.T.);
#4416 = VERTEX_POINT('',#4417);
#4417 = CARTESIAN_POINT('',(-10.081,418.176,18.3));
#4418 = SURFACE_CURVE('',#4419,(#4423,#4430),.PCURVE_S1.);
#4419 = LINE('',#4420,#4421);
#4420 = CARTESIAN_POINT('',(-60.654,391.709,18.3));
#4421 = VECTOR('',#4422,1.);
#4422 = DIRECTION('',(0.886001555993,0.463682264894,0.));
#4423 = PCURVE('',#3381,#4424);
#4424 = DEFINITIONAL_REPRESENTATION('',(#4425),#4429);
#4425 = LINE('',#4426,#4427);
#4426 = CARTESIAN_POINT('',(0.,-18.3));
#4427 = VECTOR('',#4428,1.);
#4428 = DIRECTION('',(1.,0.));
#4429 = ( GEOMETRIC_REPRESENTATION_CONTEXT(2) 
PARAMETRIC_REPRESENTATION_CONTEXT() REPRESENTATION_CONTEXT('2D SPACE',''
  ) );
#4430 = PCURVE('',#3566,#4431);
#4431 = DEFINITIONAL_REPRESENTATION('',(#4432),#4436);
#4432 = LINE('',#4433,#4434);
#4433 = CARTESIAN_POINT('',(60.653661564376,165.16901556891));
#4434 = VECTOR('',#4435,1.);
#4435 = DIRECTION('',(-0.886001555993,0.463682264894));
#4436 = ( GEOMETRIC_REPRESENTATION_CONTEXT(2) 
PARAMETRIC_REPRESENTATION_CONTEXT() REPRESENTATION_CONTEXT('2D SPACE',''
  ) );
#4437 = ORIENTED_EDGE('',*,*,#4438,.F.);
#4438 = EDGE_CURVE('',#4439,#4416,#4441,.T.);
#4439 = VERTEX_POINT('',#4440);
#4440 = CARTESIAN_POINT('',(-10.081,418.176,7.967790204114));
#4441 = SURFACE_CURVE('',#4442,(#4446,#4453),.PCURVE_S1.);
#4442 = LINE('',#4443,#4444);
#4443 = CARTESIAN_POINT('',(-10.081,418.176,0.));
#4444 = VECTOR('',#4445,1.);
#4445 = DIRECTION('',(-0.,-0.,1.));
#4446 = PCURVE('',#3381,#4447);
#4447 = DEFINITIONAL_REPRESENTATION('',(#4448),#4452);
#4448 = LINE('',#4449,#4450);
#4449 = CARTESIAN_POINT('',(57.080035196205,0.));
#4450 = VECTOR('',#4451,1.);
#4451 = DIRECTION('',(0.,-1.));
#4452 = ( GEOMETRIC_REPRESENTATION_CONTEXT(2) 
PARAMETRIC_REPRESENTATION_CONTEXT() REPRESENTATION_CONTEXT('2D SPACE',''
  ) );
#4453 = PCURVE('',#4454,#4459);
#4454 = CYLINDRICAL_SURFACE('',#4455,50.937650636176);
#4455 = AXIS2_PLACEMENT_3D('',#4456,#4457,#4458);
#4456 = CARTESIAN_POINT('',(-2.28324494233E-02,468.11073258021,0.));
#4457 = DIRECTION('',(-0.,0.,-1.));
#4458 = DIRECTION('',(-0.197460374104,-0.980310869397,0.));
#4459 = DEFINITIONAL_REPRESENTATION('',(#4460),#4464);
#4460 = LINE('',#4461,#4462);
#4461 = CARTESIAN_POINT('',(0.,0.));
#4462 = VECTOR('',#4463,1.);
#4463 = DIRECTION('',(0.,-1.));
#4464 = ( GEOMETRIC_REPRESENTATION_CONTEXT(2) 
PARAMETRIC_REPRESENTATION_CONTEXT() REPRESENTATION_CONTEXT('2D SPACE',''
  ) );
#4465 = ORIENTED_EDGE('',*,*,#4466,.T.);
#4466 = EDGE_CURVE('',#4439,#4467,#4469,.T.);
#4467 = VERTEX_POINT('',#4468);
#4468 = CARTESIAN_POINT('',(-10.74785805558,417.82700484137,
    8.090070855487));
#4469 = SURFACE_CURVE('',#4470,(#4476,#4485),.PCURVE_S1.);
#4470 = B_SPLINE_CURVE_WITH_KNOTS('',4,(#4471,#4472,#4473,#4474,#4475),
  .UNSPECIFIED.,.F.,.F.,(5,5),(0.,1.),.PIECEWISE_BEZIER_KNOTS.);
#4471 = CARTESIAN_POINT('',(-10.081,418.176,7.967790204114));
#4472 = CARTESIAN_POINT('',(-10.24775542356,418.08872980057,
    7.998086870924));
#4473 = CARTESIAN_POINT('',(-10.4144818423,418.0014747806,8.028579093484
    ));
#4474 = CARTESIAN_POINT('',(-10.58118187657,417.91423356875,
    8.059246618089));
#4475 = CARTESIAN_POINT('',(-10.74785805558,417.82700484137,
    8.090070855487));
#4476 = PCURVE('',#3381,#4477);
#4477 = DEFINITIONAL_REPRESENTATION('',(#4478),#4484);
#4478 = B_SPLINE_CURVE_WITH_KNOTS('',4,(#4479,#4480,#4481,#4482,#4483),
  .UNSPECIFIED.,.F.,.F.,(5,5),(0.,1.),.PIECEWISE_BEZIER_KNOTS.);
#4479 = CARTESIAN_POINT('',(57.080035196205,-7.967790204114));
#4480 = CARTESIAN_POINT('',(56.891823987732,-7.998086870924));
#4481 = CARTESIAN_POINT('',(56.703645516015,-8.028579093484));
#4482 = CARTESIAN_POINT('',(56.515496823567,-8.059246618089));
#4483 = CARTESIAN_POINT('',(56.327375055737,-8.090070855487));
#4484 = ( GEOMETRIC_REPRESENTATION_CONTEXT(2) 
PARAMETRIC_REPRESENTATION_CONTEXT() REPRESENTATION_CONTEXT('2D SPACE',''
  ) );
#4485 = PCURVE('',#3712,#4486);
#4486 = DEFINITIONAL_REPRESENTATION('',(#4487),#4492);
#4487 = B_SPLINE_CURVE_WITH_KNOTS('',3,(#4488,#4489,#4490,#4491),
  .UNSPECIFIED.,.F.,.F.,(4,4),(0.,1.),.PIECEWISE_BEZIER_KNOTS.);
#4488 = CARTESIAN_POINT('',(10.030786630836,0.110265228689));
#4489 = CARTESIAN_POINT('',(10.020593320956,0.11315015847));
#4490 = CARTESIAN_POINT('',(10.010330570774,0.116008292623));
#4491 = CARTESIAN_POINT('',(10.,0.118840107637));
#4492 = ( GEOMETRIC_REPRESENTATION_CONTEXT(2) 
PARAMETRIC_REPRESENTATION_CONTEXT() REPRESENTATION_CONTEXT('2D SPACE',''
  ) );
#4493 = ORIENTED_EDGE('',*,*,#4494,.T.);
#4494 = EDGE_CURVE('',#4467,#4495,#4497,.T.);
#4495 = VERTEX_POINT('',#4496);
#4496 = CARTESIAN_POINT('',(-12.53769366071,416.89030781013,
    8.356756567764));
#4497 = SURFACE_CURVE('',#4498,(#4504,#4513),.PCURVE_S1.);
#4498 = B_SPLINE_CURVE_WITH_KNOTS('',4,(#4499,#4500,#4501,#4502,#4503),
  .UNSPECIFIED.,.F.,.F.,(5,5),(0.,1.),.PIECEWISE_BEZIER_KNOTS.);
#4499 = CARTESIAN_POINT('',(-10.74785805558,417.82700484137,
    8.090070855487));
#4500 = CARTESIAN_POINT('',(-11.19659595321,417.59216123042,
    8.159402768781));
#4501 = CARTESIAN_POINT('',(-11.64443511003,417.35778796873,
    8.227254520892));
#4502 = CARTESIAN_POINT('',(-12.09145086875,417.12384562625,
    8.293151016591));
#4503 = CARTESIAN_POINT('',(-12.53769366071,416.89030781013,
    8.356756567764));
#4504 = PCURVE('',#3381,#4505);
#4505 = DEFINITIONAL_REPRESENTATION('',(#4506),#4512);
#4506 = B_SPLINE_CURVE_WITH_KNOTS('',4,(#4507,#4508,#4509,#4510,#4511),
  .UNSPECIFIED.,.F.,.F.,(5,5),(0.,1.),.PIECEWISE_BEZIER_KNOTS.);
#4507 = CARTESIAN_POINT('',(56.327375055737,-8.090070855487));
#4508 = CARTESIAN_POINT('',(55.820899762789,-8.159402768781));
#4509 = CARTESIAN_POINT('',(55.315438848198,-8.227254520892));
#4510 = CARTESIAN_POINT('',(54.810907275209,-8.293151016591));
#4511 = CARTESIAN_POINT('',(54.307248123655,-8.356756567764));
#4512 = ( GEOMETRIC_REPRESENTATION_CONTEXT(2) 
PARAMETRIC_REPRESENTATION_CONTEXT() REPRESENTATION_CONTEXT('2D SPACE',''
  ) );
#4513 = PCURVE('',#3803,#4514);
#4514 = DEFINITIONAL_REPRESENTATION('',(#4515),#4520);
#4515 = B_SPLINE_CURVE_WITH_KNOTS('',3,(#4516,#4517,#4518,#4519),
  .UNSPECIFIED.,.F.,.F.,(4,4),(0.,1.),.PIECEWISE_BEZIER_KNOTS.);
#4516 = CARTESIAN_POINT('',(10.,0.118840107637));
#4517 = CARTESIAN_POINT('',(9.671544748056,0.1264641058));
#4518 = CARTESIAN_POINT('',(9.338081611739,0.133878974428));
#4519 = CARTESIAN_POINT('',(9.,0.141097403921));
#4520 = ( GEOMETRIC_REPRESENTATION_CONTEXT(2) 
PARAMETRIC_REPRESENTATION_CONTEXT() REPRESENTATION_CONTEXT('2D SPACE',''
  ) );
#4521 = ORIENTED_EDGE('',*,*,#4522,.T.);
#4522 = EDGE_CURVE('',#4495,#4523,#4525,.T.);
#4523 = VERTEX_POINT('',#4524);
#4524 = CARTESIAN_POINT('',(-14.27088545843,415.98325489038,
    8.452522164345));
#4525 = SURFACE_CURVE('',#4526,(#4532,#4541),.PCURVE_S1.);
#4526 = B_SPLINE_CURVE_WITH_KNOTS('',4,(#4527,#4528,#4529,#4530,#4531),
  .UNSPECIFIED.,.F.,.F.,(5,5),(0.,1.),.PIECEWISE_BEZIER_KNOTS.);
#4527 = CARTESIAN_POINT('',(-12.53769366071,416.89030781013,
    8.356756567764));
#4528 = CARTESIAN_POINT('',(-12.97197099111,416.66303202851,
    8.390433425185));
#4529 = CARTESIAN_POINT('',(-13.40562601734,416.43608192511,
    8.417871593089));
#4530 = CARTESIAN_POINT('',(-13.83862116199,416.20947716579,
    8.438646705963));
#4531 = CARTESIAN_POINT('',(-14.27088545843,415.98325489038,
    8.452522164345));
#4532 = PCURVE('',#3381,#4533);
#4533 = DEFINITIONAL_REPRESENTATION('',(#4534),#4540);
#4534 = B_SPLINE_CURVE_WITH_KNOTS('',4,(#4535,#4536,#4537,#4538,#4539),
  .UNSPECIFIED.,.F.,.F.,(5,5),(0.,1.),.PIECEWISE_BEZIER_KNOTS.);
#4535 = CARTESIAN_POINT('',(54.307248123655,-8.356756567764));
#4536 = CARTESIAN_POINT('',(53.817093984021,-8.390433425185));
#4537 = CARTESIAN_POINT('',(53.327642218049,-8.417871593089));
#4538 = CARTESIAN_POINT('',(52.838935238113,-8.438646705963));
#4539 = CARTESIAN_POINT('',(52.351053141836,-8.452522164345));
#4540 = ( GEOMETRIC_REPRESENTATION_CONTEXT(2) 
PARAMETRIC_REPRESENTATION_CONTEXT() REPRESENTATION_CONTEXT('2D SPACE',''
  ) );
#4541 = PCURVE('',#3877,#4542);
#4542 = DEFINITIONAL_REPRESENTATION('',(#4543),#4549);
#4543 = B_SPLINE_CURVE_WITH_KNOTS('',4,(#4544,#4545,#4546,#4547,#4548),
  .UNSPECIFIED.,.F.,.F.,(5,5),(0.,1.),.PIECEWISE_BEZIER_KNOTS.);
#4544 = CARTESIAN_POINT('',(9.,0.141097403921));
#4545 = CARTESIAN_POINT('',(8.753237603094,0.146366045283));
#4546 = CARTESIAN_POINT('',(8.504225536303,0.15154292974));
#4547 = CARTESIAN_POINT('',(8.253097186592,0.15662972361));
#4548 = CARTESIAN_POINT('',(8.,0.161627849402));
#4549 = ( GEOMETRIC_REPRESENTATION_CONTEXT(2) 
PARAMETRIC_REPRESENTATION_CONTEXT() REPRESENTATION_CONTEXT('2D SPACE',''
  ) );
#4550 = ORIENTED_EDGE('',*,*,#4551,.T.);
#4551 = EDGE_CURVE('',#4523,#4552,#4554,.T.);
#4552 = VERTEX_POINT('',#4553);
#4553 = CARTESIAN_POINT('',(-15.95600673379,415.10135931775,
    8.359545558491));
#4554 = SURFACE_CURVE('',#4555,(#4562,#4572),.PCURVE_S1.);
#4555 = B_SPLINE_CURVE_WITH_KNOTS('',5,(#4556,#4557,#4558,#4559,#4560,
    #4561),.UNSPECIFIED.,.F.,.F.,(6,6),(0.,1.),
  .PIECEWISE_BEZIER_KNOTS.);
#4556 = CARTESIAN_POINT('',(-14.27088545843,415.98325489038,
    8.452522164345));
#4557 = CARTESIAN_POINT('',(-14.60918797605,415.80620680675,
    8.445196305508));
#4558 = CARTESIAN_POINT('',(-14.9469183321,415.62945815957,8.4323000856)
  );
#4559 = CARTESIAN_POINT('',(-15.28400999339,415.4530437685,8.4137467274)
  );
#4560 = CARTESIAN_POINT('',(-15.6203956229,415.27699887387,
    8.389495858942));
#4561 = CARTESIAN_POINT('',(-15.95600673379,415.10135931775,
    8.359545558491));
#4562 = PCURVE('',#3381,#4563);
#4563 = DEFINITIONAL_REPRESENTATION('',(#4564),#4571);
#4564 = B_SPLINE_CURVE_WITH_KNOTS('',5,(#4565,#4566,#4567,#4568,#4569,
    #4570),.UNSPECIFIED.,.F.,.F.,(6,6),(0.,1.),
  .PIECEWISE_BEZIER_KNOTS.);
#4565 = CARTESIAN_POINT('',(52.351053141836,-8.452522164345));
#4566 = CARTESIAN_POINT('',(51.969222528416,-8.445196305508));
#4567 = CARTESIAN_POINT('',(51.588037694407,-8.4323000856));
#4568 = CARTESIAN_POINT('',(51.207573733581,-8.4137467274));
#4569 = CARTESIAN_POINT('',(50.827906646956,-8.389495858942));
#4570 = CARTESIAN_POINT('',(50.449113733309,-8.359545558491));
#4571 = ( GEOMETRIC_REPRESENTATION_CONTEXT(2) 
PARAMETRIC_REPRESENTATION_CONTEXT() REPRESENTATION_CONTEXT('2D SPACE',''
  ) );
#4572 = PCURVE('',#3951,#4573);
#4573 = DEFINITIONAL_REPRESENTATION('',(#4574),#4579);
#4574 = B_SPLINE_CURVE_WITH_KNOTS('',3,(#4575,#4576,#4577,#4578),
  .UNSPECIFIED.,.F.,.F.,(4,4),(0.,1.),.PIECEWISE_BEZIER_KNOTS.);
#4575 = CARTESIAN_POINT('',(8.,0.161627849402));
#4576 = CARTESIAN_POINT('',(7.669865032745,0.168147329928));
#4577 = CARTESIAN_POINT('',(7.336257908242,0.174491064667));
#4578 = CARTESIAN_POINT('',(7.,0.180661068979));
#4579 = ( GEOMETRIC_REPRESENTATION_CONTEXT(2) 
PARAMETRIC_REPRESENTATION_CONTEXT() REPRESENTATION_CONTEXT('2D SPACE',''
  ) );
#4580 = ORIENTED_EDGE('',*,*,#4581,.T.);
#4581 = EDGE_CURVE('',#4552,#4582,#4584,.T.);
#4582 = VERTEX_POINT('',#4583);
#4583 = CARTESIAN_POINT('',(-17.59981318636,414.24108554755,
    8.096277805206));
#4584 = SURFACE_CURVE('',#4585,(#4592,#4602),.PCURVE_S1.);
#4585 = B_SPLINE_CURVE_WITH_KNOTS('',5,(#4586,#4587,#4588,#4589,#4590,
    #4591),.UNSPECIFIED.,.F.,.F.,(6,6),(0.,1.),
  .PIECEWISE_BEZIER_KNOTS.);
#4586 = CARTESIAN_POINT('',(-15.95600673379,415.10135931775,
    8.359545558491));
#4587 = CARTESIAN_POINT('',(-16.28676452382,414.92825971067,
    8.319396533731));
#4588 = CARTESIAN_POINT('',(-16.61660602512,414.75563963642,
    8.272955219658));
#4589 = CARTESIAN_POINT('',(-16.94544552696,414.58354395107,
    8.22024134134));
#4590 = CARTESIAN_POINT('',(-17.27320509901,414.41201343887,
    8.161317537579));
#4591 = CARTESIAN_POINT('',(-17.59981318636,414.24108554755,
    8.096277805206));
#4592 = PCURVE('',#3381,#4593);
#4593 = DEFINITIONAL_REPRESENTATION('',(#4594),#4601);
#4594 = B_SPLINE_CURVE_WITH_KNOTS('',5,(#4595,#4596,#4597,#4598,#4599,
    #4600),.UNSPECIFIED.,.F.,.F.,(6,6),(0.,1.),
  .PIECEWISE_BEZIER_KNOTS.);
#4595 = CARTESIAN_POINT('',(50.449113733309,-8.359545558491));
#4596 = CARTESIAN_POINT('',(50.07579859883,-8.319396533731));
#4597 = CARTESIAN_POINT('',(49.703517648449,-8.272955219658));
#4598 = CARTESIAN_POINT('',(49.332367620989,-8.22024134134));
#4599 = CARTESIAN_POINT('',(48.962436473763,-8.161317537579));
#4600 = CARTESIAN_POINT('',(48.593804968389,-8.096277805206));
#4601 = ( GEOMETRIC_REPRESENTATION_CONTEXT(2) 
PARAMETRIC_REPRESENTATION_CONTEXT() REPRESENTATION_CONTEXT('2D SPACE',''
  ) );
#4602 = PCURVE('',#4025,#4603);
#4603 = DEFINITIONAL_REPRESENTATION('',(#4604),#4610);
#4604 = B_SPLINE_CURVE_WITH_KNOTS('',4,(#4605,#4606,#4607,#4608,#4609),
  .UNSPECIFIED.,.F.,.F.,(5,5),(0.,1.),.PIECEWISE_BEZIER_KNOTS.);
#4605 = CARTESIAN_POINT('',(7.,0.180661068979));
#4606 = CARTESIAN_POINT('',(6.751453771276,0.185221668693));
#4607 = CARTESIAN_POINT('',(6.501785310117,0.189694931949));
#4608 = CARTESIAN_POINT('',(6.251229407419,0.194081155005));
#4609 = CARTESIAN_POINT('',(6.,0.198381314221));
#4610 = ( GEOMETRIC_REPRESENTATION_CONTEXT(2) 
PARAMETRIC_REPRESENTATION_CONTEXT() REPRESENTATION_CONTEXT('2D SPACE',''
  ) );
#4611 = ORIENTED_EDGE('',*,*,#4612,.T.);
#4612 = EDGE_CURVE('',#4582,#4613,#4615,.T.);
#4613 = VERTEX_POINT('',#4614);
#4614 = CARTESIAN_POINT('',(-19.20772719119,413.39959582051,
    7.714573346496));
#4615 = SURFACE_CURVE('',#4616,(#4623,#4633),.PCURVE_S1.);
#4616 = B_SPLINE_CURVE_WITH_KNOTS('',5,(#4617,#4618,#4619,#4620,#4621,
    #4622),.UNSPECIFIED.,.F.,.F.,(6,6),(0.,1.),
  .PIECEWISE_BEZIER_KNOTS.);
#4617 = CARTESIAN_POINT('',(-17.59981318636,414.24108554755,
    8.096277805206));
#4618 = CARTESIAN_POINT('',(-17.92378855609,414.07153546923,
    8.031762344135));
#4619 = CARTESIAN_POINT('',(-18.24663165897,413.90257795428,
    7.96122900013));
#4620 = CARTESIAN_POINT('',(-18.56827317457,413.734249281,7.884769474702
    ));
#4621 = CARTESIAN_POINT('',(-18.88865476195,413.56657998171,
    7.802504556637));
#4622 = CARTESIAN_POINT('',(-19.20772719119,413.39959582051,
    7.714573346496));
#4623 = PCURVE('',#3381,#4624);
#4624 = DEFINITIONAL_REPRESENTATION('',(#4625),#4632);
#4625 = B_SPLINE_CURVE_WITH_KNOTS('',5,(#4626,#4627,#4628,#4629,#4630,
    #4631),.UNSPECIFIED.,.F.,.F.,(6,6),(0.,1.),
  .PIECEWISE_BEZIER_KNOTS.);
#4626 = CARTESIAN_POINT('',(48.593804968389,-8.096277805206));
#4627 = CARTESIAN_POINT('',(48.228144922373,-8.031762344135));
#4628 = CARTESIAN_POINT('',(47.863762827677,-7.96122900013));
#4629 = CARTESIAN_POINT('',(47.50073692391,-7.884769474702));
#4630 = CARTESIAN_POINT('',(47.139133058532,-7.802504556637));
#4631 = CARTESIAN_POINT('',(46.779006795686,-7.714573346496));
#4632 = ( GEOMETRIC_REPRESENTATION_CONTEXT(2) 
PARAMETRIC_REPRESENTATION_CONTEXT() REPRESENTATION_CONTEXT('2D SPACE',''
  ) );
#4633 = PCURVE('',#4105,#4634);
#4634 = DEFINITIONAL_REPRESENTATION('',(#4635),#4641);
#4635 = B_SPLINE_CURVE_WITH_KNOTS('',4,(#4636,#4637,#4638,#4639,#4640),
  .UNSPECIFIED.,.F.,.F.,(5,5),(0.,1.),.PIECEWISE_BEZIER_KNOTS.);
#4636 = CARTESIAN_POINT('',(6.,0.198381314221));
#4637 = CARTESIAN_POINT('',(5.75079569537,0.202646811257));
#4638 = CARTESIAN_POINT('',(5.500927996539,0.206827624817));
#4639 = CARTESIAN_POINT('',(5.25060480094,0.210924731809));
#4640 = CARTESIAN_POINT('',(5.,0.214939745118));
#4641 = ( GEOMETRIC_REPRESENTATION_CONTEXT(2) 
PARAMETRIC_REPRESENTATION_CONTEXT() REPRESENTATION_CONTEXT('2D SPACE',''
  ) );
#4642 = ORIENTED_EDGE('',*,*,#4643,.T.);
#4643 = EDGE_CURVE('',#4613,#4644,#4646,.T.);
#4644 = VERTEX_POINT('',#4645);
#4645 = CARTESIAN_POINT('',(-20.78416947821,412.57457658078,
    7.296008180906));
#4646 = SURFACE_CURVE('',#4647,(#4653,#4662),.PCURVE_S1.);
#4647 = B_SPLINE_CURVE_WITH_KNOTS('',4,(#4648,#4649,#4650,#4651,#4652),
  .UNSPECIFIED.,.F.,.F.,(5,5),(0.,1.),.PIECEWISE_BEZIER_KNOTS.);
#4648 = CARTESIAN_POINT('',(-19.20772719119,413.39959582051,
    7.714573346496));
#4649 = CARTESIAN_POINT('',(-19.6045857045,413.19190289598,
    7.622098694471));
#4650 = CARTESIAN_POINT('',(-19.9996709115,412.98513801801,
    7.521332949303));
#4651 = CARTESIAN_POINT('',(-20.39288578292,412.77935196613,
    7.412531697388));
#4652 = CARTESIAN_POINT('',(-20.78416947821,412.57457658078,
    7.296008180906));
#4653 = PCURVE('',#3381,#4654);
#4654 = DEFINITIONAL_REPRESENTATION('',(#4655),#4661);
#4655 = B_SPLINE_CURVE_WITH_KNOTS('',4,(#4656,#4657,#4658,#4659,#4660),
  .UNSPECIFIED.,.F.,.F.,(5,5),(0.,1.),.PIECEWISE_BEZIER_KNOTS.);
#4656 = CARTESIAN_POINT('',(46.779006795686,-7.714573346496));
#4657 = CARTESIAN_POINT('',(46.331086009736,-7.622098694471));
#4658 = CARTESIAN_POINT('',(45.885166694667,-7.521332949303));
#4659 = CARTESIAN_POINT('',(45.441358364124,-7.412531697388));
#4660 = CARTESIAN_POINT('',(44.999729686792,-7.296008180906));
#4661 = ( GEOMETRIC_REPRESENTATION_CONTEXT(2) 
PARAMETRIC_REPRESENTATION_CONTEXT() REPRESENTATION_CONTEXT('2D SPACE',''
  ) );
#4662 = PCURVE('',#4182,#4663);
#4663 = DEFINITIONAL_REPRESENTATION('',(#4664),#4670);
#4664 = B_SPLINE_CURVE_WITH_KNOTS('',4,(#4665,#4666,#4667,#4668,#4669),
  .UNSPECIFIED.,.F.,.F.,(5,5),(0.,1.),.PIECEWISE_BEZIER_KNOTS.);
#4665 = CARTESIAN_POINT('',(5.,0.214939745118));
#4666 = CARTESIAN_POINT('',(4.750640548636,0.218934804742));
#4667 = CARTESIAN_POINT('',(4.500759167512,0.222852468692));
#4668 = CARTESIAN_POINT('',(4.250505139494,0.226694286874));
#4669 = CARTESIAN_POINT('',(4.,0.230462173536));
#4670 = ( GEOMETRIC_REPRESENTATION_CONTEXT(2) 
PARAMETRIC_REPRESENTATION_CONTEXT() REPRESENTATION_CONTEXT('2D SPACE',''
  ) );
#4671 = ORIENTED_EDGE('',*,*,#4672,.T.);
#4672 = EDGE_CURVE('',#4644,#4342,#4673,.T.);
#4673 = SURFACE_CURVE('',#4674,(#4680,#4689),.PCURVE_S1.);
#4674 = B_SPLINE_CURVE_WITH_KNOTS('',4,(#4675,#4676,#4677,#4678,#4679),
  .UNSPECIFIED.,.F.,.F.,(5,5),(0.,1.),.PIECEWISE_BEZIER_KNOTS.);
#4675 = CARTESIAN_POINT('',(-20.78416947821,412.57457658078,
    7.296008180906));
#4676 = CARTESIAN_POINT('',(-21.173199541,412.37098061709,7.217216874358
    ));
#4677 = CARTESIAN_POINT('',(-21.56099872983,412.16802882204,
    7.132837262839));
#4678 = CARTESIAN_POINT('',(-21.94753598095,411.96573745263,
    7.043032627276));
#4679 = CARTESIAN_POINT('',(-22.33279453996,411.76411527713,
    6.947989948908));
#4680 = PCURVE('',#3381,#4681);
#4681 = DEFINITIONAL_REPRESENTATION('',(#4682),#4688);
#4682 = B_SPLINE_CURVE_WITH_KNOTS('',4,(#4683,#4684,#4685,#4686,#4687),
  .UNSPECIFIED.,.F.,.F.,(5,5),(0.,1.),.PIECEWISE_BEZIER_KNOTS.);
#4683 = CARTESIAN_POINT('',(44.999729686792,-7.296008180906));
#4684 = CARTESIAN_POINT('',(44.56064460826,-7.217216874358));
#4685 = CARTESIAN_POINT('',(44.122948775555,-7.132837262839));
#4686 = CARTESIAN_POINT('',(43.686677249278,-7.043032627276));
#4687 = CARTESIAN_POINT('',(43.251848939547,-6.947989948908));
#4688 = ( GEOMETRIC_REPRESENTATION_CONTEXT(2) 
PARAMETRIC_REPRESENTATION_CONTEXT() REPRESENTATION_CONTEXT('2D SPACE',''
  ) );
#4689 = PCURVE('',#4256,#4690);
#4690 = DEFINITIONAL_REPRESENTATION('',(#4691),#4697);
#4691 = B_SPLINE_CURVE_WITH_KNOTS('',4,(#4692,#4693,#4694,#4695,#4696),
  .UNSPECIFIED.,.F.,.F.,(5,5),(0.,1.),.PIECEWISE_BEZIER_KNOTS.);
#4692 = CARTESIAN_POINT('',(4.,0.230462173536));
#4693 = CARTESIAN_POINT('',(3.750937683499,0.23420835853));
#4694 = CARTESIAN_POINT('',(3.501193027255,0.237887987735));
#4695 = CARTESIAN_POINT('',(3.250855436119,0.241502783411));
#4696 = CARTESIAN_POINT('',(3.,0.245054548058));
#4697 = ( GEOMETRIC_REPRESENTATION_CONTEXT(2) 
PARAMETRIC_REPRESENTATION_CONTEXT() REPRESENTATION_CONTEXT('2D SPACE',''
  ) );
#4698 = ORIENTED_EDGE('',*,*,#4341,.T.);
#4699 = ADVANCED_FACE('',(#4700),#3566,.F.);
#4700 = FACE_BOUND('',#4701,.F.);
#4701 = EDGE_LOOP('',(#4702,#4703,#4704,#4729,#4751));
#4702 = ORIENTED_EDGE('',*,*,#3550,.T.);
#4703 = ORIENTED_EDGE('',*,*,#3604,.T.);
#4704 = ORIENTED_EDGE('',*,*,#4705,.F.);
#4705 = EDGE_CURVE('',#4706,#3605,#4708,.T.);
#4706 = VERTEX_POINT('',#4707);
#4707 = CARTESIAN_POINT('',(-36.811,432.879,18.3));
#4708 = SURFACE_CURVE('',#4709,(#4714,#4722),.PCURVE_S1.);
#4709 = B_SPLINE_CURVE_WITH_KNOTS('',3,(#4710,#4711,#4712,#4713),
  .UNSPECIFIED.,.F.,.F.,(4,4),(0.,1.),.PIECEWISE_BEZIER_KNOTS.);
#4710 = CARTESIAN_POINT('',(-36.811,432.879,18.3));
#4711 = CARTESIAN_POINT('',(-42.416,438.602,18.3));
#4712 = CARTESIAN_POINT('',(-46.699,445.626,18.3));
#4713 = CARTESIAN_POINT('',(-49.161,453.457,18.3));
#4714 = PCURVE('',#3566,#4715);
#4715 = DEFINITIONAL_REPRESENTATION('',(#4716),#4721);
#4716 = B_SPLINE_CURVE_WITH_KNOTS('',3,(#4717,#4718,#4719,#4720),
  .UNSPECIFIED.,.F.,.F.,(4,4),(0.,1.),.PIECEWISE_BEZIER_KNOTS.);
#4717 = CARTESIAN_POINT('',(36.810661564376,206.33901556891));
#4718 = CARTESIAN_POINT('',(42.415661564376,212.06201556891));
#4719 = CARTESIAN_POINT('',(46.698661564376,219.08601556891));
#4720 = CARTESIAN_POINT('',(49.160661564376,226.91701556891));
#4721 = ( GEOMETRIC_REPRESENTATION_CONTEXT(2) 
PARAMETRIC_REPRESENTATION_CONTEXT() REPRESENTATION_CONTEXT('2D SPACE',''
  ) );
#4722 = PCURVE('',#3643,#4723);
#4723 = DEFINITIONAL_REPRESENTATION('',(#4724),#4728);
#4724 = LINE('',#4725,#4726);
#4725 = CARTESIAN_POINT('',(0.,-18.3));
#4726 = VECTOR('',#4727,1.);
#4727 = DIRECTION('',(1.,0.));
#4728 = ( GEOMETRIC_REPRESENTATION_CONTEXT(2) 
PARAMETRIC_REPRESENTATION_CONTEXT() REPRESENTATION_CONTEXT('2D SPACE',''
  ) );
#4729 = ORIENTED_EDGE('',*,*,#4730,.F.);
#4730 = EDGE_CURVE('',#4416,#4706,#4731,.T.);
#4731 = SURFACE_CURVE('',#4732,(#4737,#4744),.PCURVE_S1.);
#4732 = CIRCLE('',#4733,50.937650636176);
#4733 = AXIS2_PLACEMENT_3D('',#4734,#4735,#4736);
#4734 = CARTESIAN_POINT('',(-2.28324494233E-02,468.11073258021,18.3));
#4735 = DIRECTION('',(-0.,0.,-1.));
#4736 = DIRECTION('',(-0.197460374104,-0.980310869397,0.));
#4737 = PCURVE('',#3566,#4738);
#4738 = DEFINITIONAL_REPRESENTATION('',(#4739),#4743);
#4739 = CIRCLE('',#4740,50.937650636176);
#4740 = AXIS2_PLACEMENT_2D('',#4741,#4742);
#4741 = CARTESIAN_POINT('',(2.24940137991E-02,241.57074814913));
#4742 = DIRECTION('',(0.197460374104,-0.980310869397));
#4743 = ( GEOMETRIC_REPRESENTATION_CONTEXT(2) 
PARAMETRIC_REPRESENTATION_CONTEXT() REPRESENTATION_CONTEXT('2D SPACE',''
  ) );
#4744 = PCURVE('',#4454,#4745);
#4745 = DEFINITIONAL_REPRESENTATION('',(#4746),#4750);
#4746 = LINE('',#4747,#4748);
#4747 = CARTESIAN_POINT('',(0.,-18.3));
#4748 = VECTOR('',#4749,1.);
#4749 = DIRECTION('',(1.,0.));
#4750 = ( GEOMETRIC_REPRESENTATION_CONTEXT(2) 
PARAMETRIC_REPRESENTATION_CONTEXT() REPRESENTATION_CONTEXT('2D SPACE',''
  ) );
#4751 = ORIENTED_EDGE('',*,*,#4415,.F.);
#4752 = ADVANCED_FACE('',(#4753),#4256,.F.);
#4753 = FACE_BOUND('',#4754,.F.);
#4754 = EDGE_LOOP('',(#4755,#4756,#4757,#4797));
#4755 = ORIENTED_EDGE('',*,*,#4369,.F.);
#4756 = ORIENTED_EDGE('',*,*,#4672,.F.);
#4757 = ORIENTED_EDGE('',*,*,#4758,.T.);
#4758 = EDGE_CURVE('',#4644,#4163,#4759,.T.);
#4759 = SURFACE_CURVE('',#4760,(#4783,#4790),.PCURVE_S1.);
#4760 = ( BOUNDED_CURVE() B_SPLINE_CURVE(3,(#4761,#4762,#4763,#4764,
    #4765,#4766,#4767,#4768,#4769,#4770,#4771,#4772,#4773,#4774,#4775,
    #4776,#4777,#4778,#4779,#4780,#4781,#4782),.UNSPECIFIED.,.F.,.F.) 
B_SPLINE_CURVE_WITH_KNOTS((4,1,1,1,1,1,1,1,1,1,1,1,1,1,1,1,1,1,1,4),(0.,
    5.245000615645E-02,0.105056142816,0.157827138689,0.210729740208,
    0.263703235816,0.316673593925,0.369567354274,0.422325530646,
    0.474917777959,0.52735694777,0.57971823004,0.632142347135,
    0.684734332274,0.737455393694,0.790192360737,0.842823921577,
0.89528663,0.947644996011,1.),.UNSPECIFIED.) CURVE() 
GEOMETRIC_REPRESENTATION_ITEM() RATIONAL_B_SPLINE_CURVE((1.,
    1.000000000036,0.999999999983,1.000000000004,0.999999999999,1.,1.,1.
    ,1.,1.,1.,1.,1.,1.,1.,1.,1.,1.000000000002,0.999999999994,
1.000000000024,0.999999999949,1.)) REPRESENTATION_ITEM('') );
#4761 = CARTESIAN_POINT('',(-3.107447401925,408.89937137394,
    6.814505583744));
#4762 = CARTESIAN_POINT('',(-4.488906926344,408.97178894881,
    6.827117365546));
#4763 = CARTESIAN_POINT('',(-7.248117039512,409.21341793506,
    6.868039947231));
#4764 = CARTESIAN_POINT('',(-11.34494971205,409.86279062787,
    6.966725204789));
#4765 = CARTESIAN_POINT('',(-15.3849062126,410.79592885109,
    7.093297169762));
#4766 = CARTESIAN_POINT('',(-19.34895592807,412.00816678384,
    7.238313372751));
#4767 = CARTESIAN_POINT('',(-23.21838131249,413.49360394348,
    7.392343665989));
#4768 = CARTESIAN_POINT('',(-26.97487156238,415.24515790653,
    7.546014207153));
#4769 = CARTESIAN_POINT('',(-30.60060639467,417.2545853444,
    7.689780898614));
#4770 = CARTESIAN_POINT('',(-34.07834377046,419.51252882364,
    7.814719798332));
#4771 = CARTESIAN_POINT('',(-37.39147311534,422.00855355824,
    7.909532405846));
#4772 = CARTESIAN_POINT('',(-40.52420553103,424.73129200694,
    7.971615871233));
#4773 = CARTESIAN_POINT('',(-43.46122923418,427.66823965751,
    7.965807447346));
#4774 = CARTESIAN_POINT('',(-46.18499865194,430.80220905673,
    8.01920595246));
#4775 = CARTESIAN_POINT('',(-48.67961496534,434.11352934856,
    8.117168952623));
#4776 = CARTESIAN_POINT('',(-50.93593365415,437.58835771608,
    8.237610501295));
#4777 = CARTESIAN_POINT('',(-52.94450681166,441.21164743035,
    8.360649195883));
#4778 = CARTESIAN_POINT('',(-54.69665836646,444.96804695944,
    8.465898261032));
#4779 = CARTESIAN_POINT('',(-56.18441345153,448.84251571002,
    8.532874522461));
#4780 = CARTESIAN_POINT('',(-57.39878688595,452.81378139779,
    8.541311941985));
#4781 = CARTESIAN_POINT('',(-58.01996743068,455.50651436737,
    8.519186385913));
#4782 = CARTESIAN_POINT('',(-58.2841140172,456.86371589951,8.534375));
#4783 = PCURVE('',#4256,#4784);
#4784 = DEFINITIONAL_REPRESENTATION('',(#4785),#4789);
#4785 = LINE('',#4786,#4787);
#4786 = CARTESIAN_POINT('',(4.,0.));
#4787 = VECTOR('',#4788,1.);
#4788 = DIRECTION('',(0.,1.));
#4789 = ( GEOMETRIC_REPRESENTATION_CONTEXT(2) 
PARAMETRIC_REPRESENTATION_CONTEXT() REPRESENTATION_CONTEXT('2D SPACE',''
  ) );
#4790 = PCURVE('',#4182,#4791);
#4791 = DEFINITIONAL_REPRESENTATION('',(#4792),#4796);
#4792 = LINE('',#4793,#4794);
#4793 = CARTESIAN_POINT('',(4.,0.));
#4794 = VECTOR('',#4795,1.);
#4795 = DIRECTION('',(0.,1.));
#4796 = ( GEOMETRIC_REPRESENTATION_CONTEXT(2) 
PARAMETRIC_REPRESENTATION_CONTEXT() REPRESENTATION_CONTEXT('2D SPACE',''
  ) );
#4797 = ORIENTED_EDGE('',*,*,#4236,.T.);
#4798 = ADVANCED_FACE('',(#4799),#4182,.F.);
#4799 = FACE_BOUND('',#4800,.F.);
#4800 = EDGE_LOOP('',(#4801,#4802,#4803,#4843));
#4801 = ORIENTED_EDGE('',*,*,#4758,.F.);
#4802 = ORIENTED_EDGE('',*,*,#4643,.F.);
#4803 = ORIENTED_EDGE('',*,*,#4804,.T.);
#4804 = EDGE_CURVE('',#4613,#4080,#4805,.T.);
#4805 = SURFACE_CURVE('',#4806,(#4829,#4836),.PCURVE_S1.);
#4806 = ( BOUNDED_CURVE() B_SPLINE_CURVE(3,(#4807,#4808,#4809,#4810,
    #4811,#4812,#4813,#4814,#4815,#4816,#4817,#4818,#4819,#4820,#4821,
    #4822,#4823,#4824,#4825,#4826,#4827,#4828),.UNSPECIFIED.,.F.,.F.) 
B_SPLINE_CURVE_WITH_KNOTS((4,1,1,1,1,1,1,1,1,1,1,1,1,1,1,1,1,1,1,4),(0.,
    5.245000615645E-02,0.105056142816,0.157827138689,0.210729740208,
    0.263703235816,0.316673593925,0.369567354274,0.422325530646,
    0.474917777959,0.52735694777,0.57971823004,0.632142347135,
    0.684734332274,0.737455393694,0.790192360737,0.842823921577,
0.89528663,0.947644996011,1.),.UNSPECIFIED.) CURVE() 
GEOMETRIC_REPRESENTATION_ITEM() RATIONAL_B_SPLINE_CURVE((1.,
    1.000000000036,0.999999999983,1.000000000004,0.999999999999,1.,1.,1.
    ,1.,1.,1.,1.,1.,1.,1.,1.,1.,1.000000000002,0.999999999994,
1.000000000024,0.999999999949,1.)) REPRESENTATION_ITEM('') );
#4807 = CARTESIAN_POINT('',(-3.038756459356,410.21007263831,
    6.829373807081));
#4808 = CARTESIAN_POINT('',(-4.389678458191,410.28088940648,
    6.854912665233));
#4809 = CARTESIAN_POINT('',(-7.087895504607,410.51717711622,
    6.937780893141));
#4810 = CARTESIAN_POINT('',(-11.09416661324,411.15219525645,
    7.137618539698));
#4811 = CARTESIAN_POINT('',(-15.04481881209,412.06470621324,
    7.393926768768));
#4812 = CARTESIAN_POINT('',(-18.92124216546,413.25014730759,
    7.687584579822));
#4813 = CARTESIAN_POINT('',(-22.70513288347,414.70274848788,
    7.999495923627));
#4814 = CARTESIAN_POINT('',(-26.37858492784,416.41558388965,
    8.310678769484));
#4815 = CARTESIAN_POINT('',(-29.92417193753,418.38059240521,
    8.601806319693));
#4816 = CARTESIAN_POINT('',(-33.32503301343,420.58862344964,
    8.854807591622));
#4817 = CARTESIAN_POINT('',(-36.56492476226,423.02947290064,
    9.046803121838));
#4818 = CARTESIAN_POINT('',(-39.6284073035,425.69202449942,
    9.172522139247));
#4819 = CARTESIAN_POINT('',(-42.50050732479,428.5640501493,
    9.160760080875));
#4820 = CARTESIAN_POINT('',(-45.16406710279,431.62874233022,
    9.268892053731));
#4821 = CARTESIAN_POINT('',(-47.60353926611,434.86686501559,
    9.467267129063));
#4822 = CARTESIAN_POINT('',(-49.80998143654,438.26488138763,
    9.711161265123));
#4823 = CARTESIAN_POINT('',(-51.7741545558,441.80807732919,
    9.960314621666));
#4824 = CARTESIAN_POINT('',(-53.48757433951,445.48144065847,
    10.173443978583));
#4825 = CARTESIAN_POINT('',(-54.94244220646,449.27026325659,
    10.309070908008));
#4826 = CARTESIAN_POINT('',(-56.1299715982,453.15374307548,
    10.326156682431));
#4827 = CARTESIAN_POINT('',(-56.73742077938,455.78695246368,
    10.281352431666));
#4828 = CARTESIAN_POINT('',(-56.99572833893,457.11415270594,10.312109375
    ));
#4829 = PCURVE('',#4182,#4830);
#4830 = DEFINITIONAL_REPRESENTATION('',(#4831),#4835);
#4831 = LINE('',#4832,#4833);
#4832 = CARTESIAN_POINT('',(5.,0.));
#4833 = VECTOR('',#4834,1.);
#4834 = DIRECTION('',(0.,1.));
#4835 = ( GEOMETRIC_REPRESENTATION_CONTEXT(2) 
PARAMETRIC_REPRESENTATION_CONTEXT() REPRESENTATION_CONTEXT('2D SPACE',''
  ) );
#4836 = PCURVE('',#4105,#4837);
#4837 = DEFINITIONAL_REPRESENTATION('',(#4838),#4842);
#4838 = LINE('',#4839,#4840);
#4839 = CARTESIAN_POINT('',(5.,0.));
#4840 = VECTOR('',#4841,1.);
#4841 = DIRECTION('',(0.,1.));
#4842 = ( GEOMETRIC_REPRESENTATION_CONTEXT(2) 
PARAMETRIC_REPRESENTATION_CONTEXT() REPRESENTATION_CONTEXT('2D SPACE',''
  ) );
#4843 = ORIENTED_EDGE('',*,*,#4162,.T.);
#4844 = ADVANCED_FACE('',(#4845),#4105,.F.);
#4845 = FACE_BOUND('',#4846,.F.);
#4846 = EDGE_LOOP('',(#4847,#4848,#4849,#4889));
#4847 = ORIENTED_EDGE('',*,*,#4804,.F.);
#4848 = ORIENTED_EDGE('',*,*,#4612,.F.);
#4849 = ORIENTED_EDGE('',*,*,#4850,.T.);
#4850 = EDGE_CURVE('',#4582,#4006,#4851,.T.);
#4851 = SURFACE_CURVE('',#4852,(#4875,#4882),.PCURVE_S1.);
#4852 = ( BOUNDED_CURVE() B_SPLINE_CURVE(3,(#4853,#4854,#4855,#4856,
    #4857,#4858,#4859,#4860,#4861,#4862,#4863,#4864,#4865,#4866,#4867,
    #4868,#4869,#4870,#4871,#4872,#4873,#4874),.UNSPECIFIED.,.F.,.F.) 
B_SPLINE_CURVE_WITH_KNOTS((4,1,1,1,1,1,1,1,1,1,1,1,1,1,1,1,1,1,1,4),(0.,
    5.245000615645E-02,0.105056142816,0.157827138689,0.210729740208,
    0.263703235816,0.316673593925,0.369567354274,0.422325530646,
    0.474917777959,0.52735694777,0.57971823004,0.632142347135,
    0.684734332274,0.737455393694,0.790192360737,0.842823921577,
0.89528663,0.947644996011,1.),.UNSPECIFIED.) CURVE() 
GEOMETRIC_REPRESENTATION_ITEM() RATIONAL_B_SPLINE_CURVE((1.,
    1.000000000036,0.999999999983,1.000000000004,0.999999999999,1.,1.,1.
    ,1.,1.,1.,1.,1.,1.,1.,1.,1.,1.000000000002,0.999999999994,
1.000000000024,0.999999999949,1.)) REPRESENTATION_ITEM('') );
#4853 = CARTESIAN_POINT('',(-2.970065516787,411.52077390267,
    6.84641786798));
#4854 = CARTESIAN_POINT('',(-4.290449988536,411.58998987199,
    6.886775569872));
#4855 = CARTESIAN_POINT('',(-6.927673970402,411.82093629373,
    7.01772783108));
#4856 = CARTESIAN_POINT('',(-10.84338351425,412.44159988602,
    7.333520655341));
#4857 = CARTESIAN_POINT('',(-14.70473141163,413.33348357511,
    7.738550943235));
#4858 = CARTESIAN_POINT('',(-18.49352840283,414.49212783142,
    8.202602792806));
#4859 = CARTESIAN_POINT('',(-22.19188445446,415.91189303226,
    8.695499731164));
#4860 = CARTESIAN_POINT('',(-25.7822982933,417.58600987278,
    9.187245462889));
#4861 = CARTESIAN_POINT('',(-29.24773748038,419.50659946602,
    9.647298875565));
#4862 = CARTESIAN_POINT('',(-32.5717222564,421.66471807565,
    10.047103354662));
#4863 = CARTESIAN_POINT('',(-35.73837640919,424.05039224303,
    10.350503698707));
#4864 = CARTESIAN_POINT('',(-38.73260907597,426.6527569919,
    10.549170787945));
#4865 = CARTESIAN_POINT('',(-41.53978541541,429.45986064108,
    10.530583831506));
#4866 = CARTESIAN_POINT('',(-44.14313555365,432.4552756037,
    10.701459047871));
#4867 = CARTESIAN_POINT('',(-46.52746356687,435.62020068261,
    11.014940648395));
#4868 = CARTESIAN_POINT('',(-48.68402921892,438.94140505921,
    11.400353604145));
#4869 = CARTESIAN_POINT('',(-50.60380229996,442.40450722796,
    11.794077426828));
#4870 = CARTESIAN_POINT('',(-52.27849031245,445.99483435779,
    12.130874435299));
#4871 = CARTESIAN_POINT('',(-53.70047096179,449.69801080209,
    12.345198471884));
#4872 = CARTESIAN_POINT('',(-54.86115630894,453.49370475715,
    12.372198214322));
#4873 = CARTESIAN_POINT('',(-55.45487413135,456.06739055137,
    12.30139643499));
#4874 = CARTESIAN_POINT('',(-55.70734266065,457.36458951238,12.35));
#4875 = PCURVE('',#4105,#4876);
#4876 = DEFINITIONAL_REPRESENTATION('',(#4877),#4881);
#4877 = LINE('',#4878,#4879);
#4878 = CARTESIAN_POINT('',(6.,0.));
#4879 = VECTOR('',#4880,1.);
#4880 = DIRECTION('',(0.,1.));
#4881 = ( GEOMETRIC_REPRESENTATION_CONTEXT(2) 
PARAMETRIC_REPRESENTATION_CONTEXT() REPRESENTATION_CONTEXT('2D SPACE',''
  ) );
#4882 = PCURVE('',#4025,#4883);
#4883 = DEFINITIONAL_REPRESENTATION('',(#4884),#4888);
#4884 = LINE('',#4885,#4886);
#4885 = CARTESIAN_POINT('',(6.,0.));
#4886 = VECTOR('',#4887,1.);
#4887 = DIRECTION('',(0.,1.));
#4888 = ( GEOMETRIC_REPRESENTATION_CONTEXT(2) 
PARAMETRIC_REPRESENTATION_CONTEXT() REPRESENTATION_CONTEXT('2D SPACE',''
  ) );
#4889 = ORIENTED_EDGE('',*,*,#4079,.T.);
#4890 = ADVANCED_FACE('',(#4891),#4025,.F.);
#4891 = FACE_BOUND('',#4892,.F.);
#4892 = EDGE_LOOP('',(#4893,#4894,#4895,#4935));
#4893 = ORIENTED_EDGE('',*,*,#4850,.F.);
#4894 = ORIENTED_EDGE('',*,*,#4581,.F.);
#4895 = ORIENTED_EDGE('',*,*,#4896,.T.);
#4896 = EDGE_CURVE('',#4552,#3932,#4897,.T.);
#4897 = SURFACE_CURVE('',#4898,(#4921,#4928),.PCURVE_S1.);
#4898 = ( BOUNDED_CURVE() B_SPLINE_CURVE(3,(#4899,#4900,#4901,#4902,
    #4903,#4904,#4905,#4906,#4907,#4908,#4909,#4910,#4911,#4912,#4913,
    #4914,#4915,#4916,#4917,#4918,#4919,#4920),.UNSPECIFIED.,.F.,.F.) 
B_SPLINE_CURVE_WITH_KNOTS((4,1,1,1,1,1,1,1,1,1,1,1,1,1,1,1,1,1,1,4),(0.,
    5.245000615645E-02,0.105056142816,0.157827138689,0.210729740208,
    0.263703235816,0.316673593925,0.369567354274,0.422325530646,
    0.474917777959,0.52735694777,0.57971823004,0.632142347135,
    0.684734332274,0.737455393694,0.790192360737,0.842823921577,
0.89528663,0.947644996011,1.),.UNSPECIFIED.) CURVE() 
GEOMETRIC_REPRESENTATION_ITEM() RATIONAL_B_SPLINE_CURVE((1.,
    1.000000000036,0.999999999983,1.000000000004,0.999999999999,1.,1.,1.
    ,1.,1.,1.,1.,1.,1.,1.,1.,1.,1.000000000002,0.999999999994,
1.000000000024,0.999999999949,1.)) REPRESENTATION_ITEM('') );
#4899 = CARTESIAN_POINT('',(-2.901374574218,412.83147516704,
    6.863461928879));
#4900 = CARTESIAN_POINT('',(-4.19122151976,412.89909031765,
    6.918638474455));
#4901 = CARTESIAN_POINT('',(-6.767452435788,413.12469548048,
    7.097674769045));
#4902 = CARTESIAN_POINT('',(-10.59260041537,413.7310045131,
    7.529422770977));
#4903 = CARTESIAN_POINT('',(-14.36464401113,414.60226093766,
    8.083175117703));
#4904 = CARTESIAN_POINT('',(-18.06581464021,415.73410835506,
    8.717621005789));
#4905 = CARTESIAN_POINT('',(-21.67863602545,417.12103757669,9.3915035387
    ));
#4906 = CARTESIAN_POINT('',(-25.18601165877,418.75643585589,
    10.063812156293));
#4907 = CARTESIAN_POINT('',(-28.57130302324,420.63260652682,
    10.692791431436));
#4908 = CARTESIAN_POINT('',(-31.81841149936,422.74081270165,
    11.239399117702));
#4909 = CARTESIAN_POINT('',(-34.91182805611,425.07131158543,
    11.654204275576));
#4910 = CARTESIAN_POINT('',(-37.83681084845,427.61348948438,
    11.925819436644));
#4911 = CARTESIAN_POINT('',(-40.57906350602,430.35567113286,
    11.900407582137));
#4912 = CARTESIAN_POINT('',(-43.1222040045,433.28180887718,
    12.134026042011));
#4913 = CARTESIAN_POINT('',(-45.45138786764,436.37353634965,
    12.562614167727));
#4914 = CARTESIAN_POINT('',(-47.5580770013,439.61792873074,
    13.089545943168));
#4915 = CARTESIAN_POINT('',(-49.43345004413,443.00093712691,
    13.627840231988));
#4916 = CARTESIAN_POINT('',(-51.0694062854,446.5082280564,
    14.088304892023));
#4917 = CARTESIAN_POINT('',(-52.45849971707,450.12575835021,
    14.381326035733));
#4918 = CARTESIAN_POINT('',(-53.59234101991,453.83366642908,
    14.418239746313));
#4919 = CARTESIAN_POINT('',(-54.17232748283,456.3478286601,
    14.321440438096));
#4920 = CARTESIAN_POINT('',(-54.41895698238,457.61502631881,14.387890625
    ));
#4921 = PCURVE('',#4025,#4922);
#4922 = DEFINITIONAL_REPRESENTATION('',(#4923),#4927);
#4923 = LINE('',#4924,#4925);
#4924 = CARTESIAN_POINT('',(7.,0.));
#4925 = VECTOR('',#4926,1.);
#4926 = DIRECTION('',(0.,1.));
#4927 = ( GEOMETRIC_REPRESENTATION_CONTEXT(2) 
PARAMETRIC_REPRESENTATION_CONTEXT() REPRESENTATION_CONTEXT('2D SPACE',''
  ) );
#4928 = PCURVE('',#3951,#4929);
#4929 = DEFINITIONAL_REPRESENTATION('',(#4930),#4934);
#4930 = LINE('',#4931,#4932);
#4931 = CARTESIAN_POINT('',(7.,0.));
#4932 = VECTOR('',#4933,1.);
#4933 = DIRECTION('',(0.,1.));
#4934 = ( GEOMETRIC_REPRESENTATION_CONTEXT(2) 
PARAMETRIC_REPRESENTATION_CONTEXT() REPRESENTATION_CONTEXT('2D SPACE',''
  ) );
#4935 = ORIENTED_EDGE('',*,*,#4005,.T.);
#4936 = ADVANCED_FACE('',(#4937),#3951,.F.);
#4937 = FACE_BOUND('',#4938,.F.);
#4938 = EDGE_LOOP('',(#4939,#4940,#4941,#4981));
#4939 = ORIENTED_EDGE('',*,*,#4896,.F.);
#4940 = ORIENTED_EDGE('',*,*,#4551,.F.);
#4941 = ORIENTED_EDGE('',*,*,#4942,.T.);
#4942 = EDGE_CURVE('',#4523,#3858,#4943,.T.);
#4943 = SURFACE_CURVE('',#4944,(#4967,#4974),.PCURVE_S1.);
#4944 = ( BOUNDED_CURVE() B_SPLINE_CURVE(3,(#4945,#4946,#4947,#4948,
    #4949,#4950,#4951,#4952,#4953,#4954,#4955,#4956,#4957,#4958,#4959,
    #4960,#4961,#4962,#4963,#4964,#4965,#4966),.UNSPECIFIED.,.F.,.F.) 
B_SPLINE_CURVE_WITH_KNOTS((4,1,1,1,1,1,1,1,1,1,1,1,1,1,1,1,1,1,1,4),(0.,
    5.245000615645E-02,0.105056142816,0.157827138689,0.210729740208,
    0.263703235816,0.316673593925,0.369567354274,0.422325530646,
    0.474917777959,0.52735694777,0.57971823004,0.632142347135,
    0.684734332274,0.737455393694,0.790192360737,0.842823921577,
0.89528663,0.947644996011,1.),.UNSPECIFIED.) CURVE() 
GEOMETRIC_REPRESENTATION_ITEM() RATIONAL_B_SPLINE_CURVE((1.,
    1.000000000036,0.999999999983,1.000000000004,0.999999999999,1.,1.,1.
    ,1.,1.,1.,1.,1.,1.,1.,1.,1.,1.000000000002,0.999999999994,
1.000000000024,0.999999999949,1.)) REPRESENTATION_ITEM('') );
#4945 = CARTESIAN_POINT('',(-2.832683631649,414.1421764314,
    6.878330152216));
#4946 = CARTESIAN_POINT('',(-4.09199305038,414.20819077876,
    6.946433774169));
#4947 = CARTESIAN_POINT('',(-6.607230901454,414.42845466004,
    7.167415714943));
#4948 = CARTESIAN_POINT('',(-10.34181731641,415.02040914211,
    7.700316105889));
#4949 = CARTESIAN_POINT('',(-14.02455661066,415.87103829969,
    8.383804716709));
#4950 = CARTESIAN_POINT('',(-17.63810087759,416.97608887884,
    9.166892212859));
#4951 = CARTESIAN_POINT('',(-21.16538759644,418.33018212108,
    9.998655796339));
#4952 = CARTESIAN_POINT('',(-24.58972502423,419.92686183901,
    10.828476718625));
#4953 = CARTESIAN_POINT('',(-27.89486856609,421.75861358763,
    11.604816852515));
#4954 = CARTESIAN_POINT('',(-31.06510074233,423.81690732765,
    12.279486910992));
#4955 = CARTESIAN_POINT('',(-34.08527970304,426.09223092783,
    12.791474991568));
#4956 = CARTESIAN_POINT('',(-36.94101262092,428.57422197686,
    13.126725704658));
#4957 = CARTESIAN_POINT('',(-39.61834159663,431.25148162464,
    13.095360215667));
#4958 = CARTESIAN_POINT('',(-42.10127245535,434.10834215067,
    13.383712143282));
#4959 = CARTESIAN_POINT('',(-44.3753121684,437.12687201668,
    13.912712344166));
#4960 = CARTESIAN_POINT('',(-46.43212478368,440.29445240227,
    14.563096706996));
#4961 = CARTESIAN_POINT('',(-48.2630977883,443.59736702583,
    15.227505657766));
#4962 = CARTESIAN_POINT('',(-49.86032225833,447.02162175516,
    15.795850609587));
#4963 = CARTESIAN_POINT('',(-51.21652847245,450.55350589781,
    16.157522421233));
#4964 = CARTESIAN_POINT('',(-52.32352573049,454.17362810294,
    16.203084486934));
#4965 = CARTESIAN_POINT('',(-52.88978083514,456.62826676463,
    16.083606483474));
#4966 = CARTESIAN_POINT('',(-53.1305713041,457.86546312524,16.165625));
#4967 = PCURVE('',#3951,#4968);
#4968 = DEFINITIONAL_REPRESENTATION('',(#4969),#4973);
#4969 = LINE('',#4970,#4971);
#4970 = CARTESIAN_POINT('',(8.,0.));
#4971 = VECTOR('',#4972,1.);
#4972 = DIRECTION('',(0.,1.));
#4973 = ( GEOMETRIC_REPRESENTATION_CONTEXT(2) 
PARAMETRIC_REPRESENTATION_CONTEXT() REPRESENTATION_CONTEXT('2D SPACE',''
  ) );
#4974 = PCURVE('',#3877,#4975);
#4975 = DEFINITIONAL_REPRESENTATION('',(#4976),#4980);
#4976 = LINE('',#4977,#4978);
#4977 = CARTESIAN_POINT('',(8.,0.));
#4978 = VECTOR('',#4979,1.);
#4979 = DIRECTION('',(0.,1.));
#4980 = ( GEOMETRIC_REPRESENTATION_CONTEXT(2) 
PARAMETRIC_REPRESENTATION_CONTEXT() REPRESENTATION_CONTEXT('2D SPACE',''
  ) );
#4981 = ORIENTED_EDGE('',*,*,#3931,.T.);
#4982 = ADVANCED_FACE('',(#4983),#3877,.F.);
#4983 = FACE_BOUND('',#4984,.F.);
#4984 = EDGE_LOOP('',(#4985,#4986,#4987,#5027));
#4985 = ORIENTED_EDGE('',*,*,#4942,.F.);
#4986 = ORIENTED_EDGE('',*,*,#4522,.F.);
#4987 = ORIENTED_EDGE('',*,*,#4988,.T.);
#4988 = EDGE_CURVE('',#4495,#3784,#4989,.T.);
#4989 = SURFACE_CURVE('',#4990,(#5013,#5020),.PCURVE_S1.);
#4990 = ( BOUNDED_CURVE() B_SPLINE_CURVE(3,(#4991,#4992,#4993,#4994,
    #4995,#4996,#4997,#4998,#4999,#5000,#5001,#5002,#5003,#5004,#5005,
    #5006,#5007,#5008,#5009,#5010,#5011,#5012),.UNSPECIFIED.,.F.,.F.) 
B_SPLINE_CURVE_WITH_KNOTS((4,1,1,1,1,1,1,1,1,1,1,1,1,1,1,1,1,1,1,4),(0.,
    5.245000615645E-02,0.105056142816,0.157827138689,0.210729740208,
    0.263703235816,0.316673593925,0.369567354274,0.422325530646,
    0.474917777959,0.52735694777,0.57971823004,0.632142347135,
    0.684734332274,0.737455393694,0.790192360737,0.842823921577,
0.89528663,0.947644996011,1.),.UNSPECIFIED.) CURVE() 
GEOMETRIC_REPRESENTATION_ITEM() RATIONAL_B_SPLINE_CURVE((1.,
    1.000000000036,0.999999999983,1.000000000004,0.999999999999,1.,1.,1.
    ,1.,1.,1.,1.,1.,1.,1.,1.,1.,1.000000000002,0.999999999994,
1.000000000024,0.999999999949,1.)) REPRESENTATION_ITEM('') );
#4991 = CARTESIAN_POINT('',(-2.76399268908,415.45287769577,6.88884670043
    ));
#4992 = CARTESIAN_POINT('',(-3.992764581941,415.51729121876,
    6.96609386434));
#4993 = CARTESIAN_POINT('',(-6.447009366683,415.73221384942,
    7.216744676615));
#4994 = CARTESIAN_POINT('',(-10.09103421757,416.30981376848,
    7.82119187938));
#4995 = CARTESIAN_POINT('',(-13.68446921016,417.13981566243,
    8.596445164781));
#4996 = CARTESIAN_POINT('',(-17.21038711497,418.21806940243,
    9.484669408106));
#4997 = CARTESIAN_POINT('',(-20.65213916742,419.53932666552,
    10.42810495418));
#4998 = CARTESIAN_POINT('',(-23.99343838969,421.09728782212,
    11.369337018811));
#4999 = CARTESIAN_POINT('',(-27.21843410895,422.88462064844,
    12.24990800401));
#5000 = CARTESIAN_POINT('',(-30.3117899853,424.89300195366,
    13.015158764783));
#5001 = CARTESIAN_POINT('',(-33.25873134996,427.11315027022,
    13.595885985806));
#5002 = CARTESIAN_POINT('',(-36.04521439339,429.53495446933,
    13.976147211302));
#5003 = CARTESIAN_POINT('',(-38.65761968724,432.14729211642,
    13.940570614992));
#5004 = CARTESIAN_POINT('',(-41.0803409062,434.93487542415,
    14.267636458815));
#5005 = CARTESIAN_POINT('',(-43.29923646917,437.88020768371,
    14.867659834819));
#5006 = CARTESIAN_POINT('',(-45.30617256606,440.97097607381,
    15.605364320434));
#5007 = CARTESIAN_POINT('',(-47.09274553246,444.19379692475,
    16.358976324786));
#5008 = CARTESIAN_POINT('',(-48.65123823128,447.53501545391,
    17.003626848819));
#5009 = CARTESIAN_POINT('',(-49.97455722771,450.98125344542,
    17.413856450078));
#5010 = CARTESIAN_POINT('',(-51.05471044151,454.51358977674,
    17.465535644649));
#5011 = CARTESIAN_POINT('',(-51.6072341865,456.90870486931,
    17.330016613744));
#5012 = CARTESIAN_POINT('',(-51.84218562583,458.11589993167,17.423046875
    ));
#5013 = PCURVE('',#3877,#5014);
#5014 = DEFINITIONAL_REPRESENTATION('',(#5015),#5019);
#5015 = LINE('',#5016,#5017);
#5016 = CARTESIAN_POINT('',(9.,0.));
#5017 = VECTOR('',#5018,1.);
#5018 = DIRECTION('',(0.,1.));
#5019 = ( GEOMETRIC_REPRESENTATION_CONTEXT(2) 
PARAMETRIC_REPRESENTATION_CONTEXT() REPRESENTATION_CONTEXT('2D SPACE',''
  ) );
#5020 = PCURVE('',#3803,#5021);
#5021 = DEFINITIONAL_REPRESENTATION('',(#5022),#5026);
#5022 = LINE('',#5023,#5024);
#5023 = CARTESIAN_POINT('',(9.,0.));
#5024 = VECTOR('',#5025,1.);
#5025 = DIRECTION('',(0.,1.));
#5026 = ( GEOMETRIC_REPRESENTATION_CONTEXT(2) 
PARAMETRIC_REPRESENTATION_CONTEXT() REPRESENTATION_CONTEXT('2D SPACE',''
  ) );
#5027 = ORIENTED_EDGE('',*,*,#3857,.T.);
#5028 = ADVANCED_FACE('',(#5029),#3803,.F.);
#5029 = FACE_BOUND('',#5030,.F.);
#5030 = EDGE_LOOP('',(#5031,#5032,#5033,#5073));
#5031 = ORIENTED_EDGE('',*,*,#4988,.F.);
#5032 = ORIENTED_EDGE('',*,*,#4494,.F.);
#5033 = ORIENTED_EDGE('',*,*,#5034,.T.);
#5034 = EDGE_CURVE('',#4467,#3659,#5035,.T.);
#5035 = SURFACE_CURVE('',#5036,(#5059,#5066),.PCURVE_S1.);
#5036 = ( BOUNDED_CURVE() B_SPLINE_CURVE(3,(#5037,#5038,#5039,#5040,
    #5041,#5042,#5043,#5044,#5045,#5046,#5047,#5048,#5049,#5050,#5051,
    #5052,#5053,#5054,#5055,#5056,#5057,#5058),.UNSPECIFIED.,.F.,.F.) 
B_SPLINE_CURVE_WITH_KNOTS((4,1,1,1,1,1,1,1,1,1,1,1,1,1,1,1,1,1,1,4),(0.,
    5.245000615645E-02,0.105056142816,0.157827138689,0.210729740208,
    0.263703235816,0.316673593925,0.369567354274,0.422325530646,
    0.474917777959,0.52735694777,0.57971823004,0.632142347135,
    0.684734332274,0.737455393694,0.790192360737,0.842823921577,
0.89528663,0.947644996011,1.),.UNSPECIFIED.) CURVE() 
GEOMETRIC_REPRESENTATION_ITEM() RATIONAL_B_SPLINE_CURVE((1.,
    1.000000000036,0.999999999983,1.000000000004,0.999999999999,1.,1.,1.
    ,1.,1.,1.,1.,1.,1.,1.,1.,1.,1.000000000002,0.999999999994,
1.000000000024,0.999999999949,1.)) REPRESENTATION_ITEM('') );
#5037 = CARTESIAN_POINT('',(-2.695301746512,416.76357896014,
    6.892835735959));
#5038 = CARTESIAN_POINT('',(-3.89353611268,416.82639168764,
    6.973551139748));
#5039 = CARTESIAN_POINT('',(-6.286787832294,417.03597302536,
    7.235455662158));
#5040 = CARTESIAN_POINT('',(-9.840251118628,417.59921839847,
    7.867041310683));
#5041 = CARTESIAN_POINT('',(-13.34438180968,418.40859302419,
    8.67710188647));
#5042 = CARTESIAN_POINT('',(-16.78267335235,419.46004992628,
    9.605205585611));
#5043 = CARTESIAN_POINT('',(-20.13889073841,420.7484712099,
    10.590999462327));
#5044 = CARTESIAN_POINT('',(-23.39715175516,422.26771380525,
    11.574490925778));
#5045 = CARTESIAN_POINT('',(-26.5419996518,424.01062770925,
    12.494597751129));
#5046 = CARTESIAN_POINT('',(-29.55847922827,425.96909657966,
    13.294206709324));
#5047 = CARTESIAN_POINT('',(-32.43218299688,428.13406961262,
    13.901007397413));
#5048 = CARTESIAN_POINT('',(-35.14941616586,430.49568696181,
    14.298341575891));
#5049 = CARTESIAN_POINT('',(-37.69689777786,433.0431026082,
    14.261167663012));
#5050 = CARTESIAN_POINT('',(-40.05940935705,435.76140869763,
    14.602918095742));
#5051 = CARTESIAN_POINT('',(-42.22316076994,438.63354335075,
    15.22988129679));
#5052 = CARTESIAN_POINT('',(-44.18022034844,441.64749974533,
    16.000707208291));
#5053 = CARTESIAN_POINT('',(-45.92239327663,444.79022682375,
    16.78815485365));
#5054 = CARTESIAN_POINT('',(-47.4421542042,448.04840915236,
    17.46174887062));
#5055 = CARTESIAN_POINT('',(-48.73258598313,451.40900099416,
    17.890396943689));
#5056 = CARTESIAN_POINT('',(-49.78589515193,454.85355144636,
    17.944396428939));
#5057 = CARTESIAN_POINT('',(-50.32468753915,457.18914298298,
    17.802792869345));
#5058 = CARTESIAN_POINT('',(-50.55379994755,458.3663367381,17.9));
#5059 = PCURVE('',#3803,#5060);
#5060 = DEFINITIONAL_REPRESENTATION('',(#5061),#5065);
#5061 = LINE('',#5062,#5063);
#5062 = CARTESIAN_POINT('',(10.,0.));
#5063 = VECTOR('',#5064,1.);
#5064 = DIRECTION('',(0.,1.));
#5065 = ( GEOMETRIC_REPRESENTATION_CONTEXT(2) 
PARAMETRIC_REPRESENTATION_CONTEXT() REPRESENTATION_CONTEXT('2D SPACE',''
  ) );
#5066 = PCURVE('',#3712,#5067);
#5067 = DEFINITIONAL_REPRESENTATION('',(#5068),#5072);
#5068 = LINE('',#5069,#5070);
#5069 = CARTESIAN_POINT('',(10.,0.));
#5070 = VECTOR('',#5071,1.);
#5071 = DIRECTION('',(0.,1.));
#5072 = ( GEOMETRIC_REPRESENTATION_CONTEXT(2) 
PARAMETRIC_REPRESENTATION_CONTEXT() REPRESENTATION_CONTEXT('2D SPACE',''
  ) );
#5073 = ORIENTED_EDGE('',*,*,#3783,.T.);
#5074 = ADVANCED_FACE('',(#5075),#3712,.F.);
#5075 = FACE_BOUND('',#5076,.F.);
#5076 = EDGE_LOOP('',(#5077,#5078,#5079,#5323,#5539));
#5077 = ORIENTED_EDGE('',*,*,#5034,.F.);
#5078 = ORIENTED_EDGE('',*,*,#4466,.F.);
#5079 = ORIENTED_EDGE('',*,*,#5080,.T.);
#5080 = EDGE_CURVE('',#4439,#5081,#5083,.T.);
#5081 = VERTEX_POINT('',#5082);
#5082 = CARTESIAN_POINT('',(-36.811,432.879,14.30003798694));
#5083 = SURFACE_CURVE('',#5084,(#5171,#5233),.PCURVE_S1.);
#5084 = B_SPLINE_CURVE_WITH_KNOTS('',7,(#5085,#5086,#5087,#5088,#5089,
    #5090,#5091,#5092,#5093,#5094,#5095,#5096,#5097,#5098,#5099,#5100,
    #5101,#5102,#5103,#5104,#5105,#5106,#5107,#5108,#5109,#5110,#5111,
    #5112,#5113,#5114,#5115,#5116,#5117,#5118,#5119,#5120,#5121,#5122,
    #5123,#5124,#5125,#5126,#5127,#5128,#5129,#5130,#5131,#5132,#5133,
    #5134,#5135,#5136,#5137,#5138,#5139,#5140,#5141,#5142,#5143,#5144,
    #5145,#5146,#5147,#5148,#5149,#5150,#5151,#5152,#5153,#5154,#5155,
    #5156,#5157,#5158,#5159,#5160,#5161,#5162,#5163,#5164,#5165,#5166,
    #5167,#5168,#5169,#5170),.UNSPECIFIED.,.F.,.F.,(8,6,6,6,6,6,6,6,6,6,
    6,6,6,6,8),(0.,8.237948634962E-02,0.20458655321,0.333530097942,
    0.406960951242,0.471340572041,0.526630045502,0.575067502034,
    0.660300288212,0.69066363486,0.800207447868,0.827890408386,
    0.91031755201,0.931325122836,1.),.UNSPECIFIED.);
#5085 = CARTESIAN_POINT('',(-10.081,418.176,7.967790204114));
#5086 = CARTESIAN_POINT('',(-10.44001519006,418.24831509509,
    8.043669057385));
#5087 = CARTESIAN_POINT('',(-10.79762604075,418.32348105647,
    8.121511323989));
#5088 = CARTESIAN_POINT('',(-11.15382948063,418.40147184448,
    8.201198374841));
#5089 = CARTESIAN_POINT('',(-11.50862611626,418.48226345879,
    8.282614797373));
#5090 = CARTESIAN_POINT('',(-11.86202023224,418.56583393848,
    8.365648395535));
#5091 = CARTESIAN_POINT('',(-12.2140197912,418.652163362,8.450190189793)
  );
#5092 = CARTESIAN_POINT('',(-13.08476387542,418.87336677515,
    8.663629651707));
#5093 = CARTESIAN_POINT('',(-13.60184398107,419.01153117005,
    8.794210542375));
#5094 = CARTESIAN_POINT('',(-14.11591839135,419.15567064869,
    8.927528677551));
#5095 = CARTESIAN_POINT('',(-14.62702892058,419.30573643601,
    9.063262369673));
#5096 = CARTESIAN_POINT('',(-15.13522561151,419.46169008856,
    9.201098532067));
#5097 = CARTESIAN_POINT('',(-15.64056835294,419.62350490063,
    9.340728664545));
#5098 = CARTESIAN_POINT('',(-16.67337827353,419.96806914673,
    9.63076882216));
#5099 = CARTESIAN_POINT('',(-17.20052391489,420.15147898935,
    9.781346960506));
#5100 = CARTESIAN_POINT('',(-17.72463761445,420.34137850267,
    9.933241928682));
#5101 = CARTESIAN_POINT('',(-18.24578530587,420.53775849329,
    10.086130320538));
#5102 = CARTESIAN_POINT('',(-18.76404190107,420.74062457654,
    10.239673999555));
#5103 = CARTESIAN_POINT('',(-19.27947488291,420.94999225299,
    10.393552369099));
#5104 = CARTESIAN_POINT('',(-20.08411700319,421.28884162355,
    10.635075804781));
#5105 = CARTESIAN_POINT('',(-20.37518483773,421.4139096475,
    10.722714715383));
#5106 = CARTESIAN_POINT('',(-20.66537178733,421.5411007634,
    10.810295706351));
#5107 = CARTESIAN_POINT('',(-20.95469008095,421.67042143359,
    10.897757587407));
#5108 = CARTESIAN_POINT('',(-21.24315127396,421.80187918765,
    10.985038861451));
#5109 = CARTESIAN_POINT('',(-21.5307662482,421.93548262246,
    11.072077724568));
#5110 = CARTESIAN_POINT('',(-22.06897523231,422.19026628568,
    11.234855360661));
#5111 = CARTESIAN_POINT('',(-22.31976242342,422.31094780947,
    11.31066457463));
#5112 = CARTESIAN_POINT('',(-22.56991386893,422.43329258874,
    11.386197330634));
#5113 = CARTESIAN_POINT('',(-22.81943527061,422.55730734533,
    11.46141230843));
#5114 = CARTESIAN_POINT('',(-23.06833251389,422.68299973105,
    11.53626599289));
#5115 = CARTESIAN_POINT('',(-23.31661107143,422.81037799174,
    11.610713957221));
#5116 = CARTESIAN_POINT('',(-23.77696650045,423.05029657123,
    11.748270514023));
#5117 = CARTESIAN_POINT('',(-23.98920517419,423.16239249941,
    11.811495661046));
#5118 = CARTESIAN_POINT('',(-24.20099130221,423.27574221792,
    11.874365826961));
#5119 = CARTESIAN_POINT('',(-24.41232647567,423.39035083095,
    11.936854348042));
#5120 = CARTESIAN_POINT('',(-24.62321184055,423.50622358573,
    11.998934192263));
#5121 = CARTESIAN_POINT('',(-24.83364809765,423.62336587255,
    12.060577959297));
#5122 = CARTESIAN_POINT('',(-25.22759919702,423.84552513061,
    12.175355782422));
#5123 = CARTESIAN_POINT('',(-25.41121836574,423.95024561803,
    12.228597614097));
#5124 = CARTESIAN_POINT('',(-25.59449315277,424.05594839214,
    12.28146476449));
#5125 = CARTESIAN_POINT('',(-25.77742338925,424.16263718217,
    12.333938304016));
#5126 = CARTESIAN_POINT('',(-25.96000859357,424.27031574143,
    12.385998984553));
#5127 = CARTESIAN_POINT('',(-26.14224797128,424.37898784736,
    12.43762723945));
#5128 = CARTESIAN_POINT('',(-26.64420676222,424.68163673928,
    12.578854738883));
#5129 = CARTESIAN_POINT('',(-26.96319917033,424.87770447725,
    12.667503074423));
#5130 = CARTESIAN_POINT('',(-27.28112383413,425.0768885422,
    12.754612823897));
#5131 = CARTESIAN_POINT('',(-27.59798128091,425.27921626217,
    12.84004431928));
#5132 = CARTESIAN_POINT('',(-27.91376662099,425.48471397976,
    12.923653468878));
#5133 = CARTESIAN_POINT('',(-28.22846979803,425.69340676554,
    13.005291635435));
#5134 = CARTESIAN_POINT('',(-28.65379492514,425.98080948337,
    13.113131556073));
#5135 = CARTESIAN_POINT('',(-28.76537465183,426.05670921058,
    13.141188140225));
#5136 = CARTESIAN_POINT('',(-28.87681447926,426.13301847319,
    13.168967631133));
#5137 = CARTESIAN_POINT('',(-28.98811322918,426.20973801126,
    13.19646414281));
#5138 = CARTESIAN_POINT('',(-29.09927007405,426.28686883827,
    13.223670189036));
#5139 = CARTESIAN_POINT('',(-29.21028435908,426.36441211196,
    13.250577254893));
#5140 = CARTESIAN_POINT('',(-29.72114677327,426.72361534989,
    13.37315778172));
#5141 = CARTESIAN_POINT('',(-30.11925689292,427.01023331498,
    13.465186186052));
#5142 = CARTESIAN_POINT('',(-30.51536150266,427.302211834,
    13.553140353949));
#5143 = CARTESIAN_POINT('',(-30.90933076933,427.59953216504,
    13.636893008965));
#5144 = CARTESIAN_POINT('',(-31.30102857787,427.9021659726,
    13.716315688431));
#5145 = CARTESIAN_POINT('',(-31.69031296866,428.21007423186,13.791279685
    ));
#5146 = CARTESIAN_POINT('',(-32.17476600433,428.60233810607,
    13.879442128688));
#5147 = CARTESIAN_POINT('',(-32.2723314857,428.68180334589,
    13.896936196766));
#5148 = CARTESIAN_POINT('',(-32.36973328311,428.76160315943,
    13.914125104773));
#5149 = CARTESIAN_POINT('',(-32.46697231499,428.84173944551,
    13.930990667639));
#5150 = CARTESIAN_POINT('',(-32.56404891005,428.92221367347,
    13.947515632596));
#5151 = CARTESIAN_POINT('',(-32.66096267504,429.00302676342,
    13.963684285672));
#5152 = CARTESIAN_POINT('',(-33.04579292481,429.3258165454,
    14.026506953973));
#5153 = CARTESIAN_POINT('',(-33.33242173431,429.57046285324,
    14.070217109035));
#5154 = CARTESIAN_POINT('',(-33.61759856982,429.81815086756,
    14.11015808904));
#5155 = CARTESIAN_POINT('',(-33.9012840068,430.0688840472,
    14.145859433968));
#5156 = CARTESIAN_POINT('',(-34.18340253622,430.32263334349,
    14.17683791016));
#5157 = CARTESIAN_POINT('',(-34.46384457128,430.57933331001,
    14.20260418557));
#5158 = CARTESIAN_POINT('',(-34.81347917602,430.90502642126,
    14.227783398352));
#5159 = CARTESIAN_POINT('',(-34.88437143349,430.97135907679,
    14.232523090544));
#5160 = CARTESIAN_POINT('',(-34.95514223433,431.03787383267,
    14.236889433649));
#5161 = CARTESIAN_POINT('',(-35.02578575473,431.10456559373,
    14.240923243672));
#5162 = CARTESIAN_POINT('',(-35.09629757697,431.17143048016,
    14.24465541987));
#5163 = CARTESIAN_POINT('',(-35.1666752425,431.23846636245,
    14.248100242523));
#5164 = CARTESIAN_POINT('',(-35.46653305463,431.52536215983,
    14.261725382756));
#5165 = CARTESIAN_POINT('',(-35.69465842813,431.74682751567,
    14.26943477194));
#5166 = CARTESIAN_POINT('',(-35.92122817647,431.97001104404,
    14.275357594985));
#5167 = CARTESIAN_POINT('',(-36.14618837154,432.19486235537,
    14.280435821909));
#5168 = CARTESIAN_POINT('',(-36.369493774,432.4213362275,14.285613408985
    ));
#5169 = CARTESIAN_POINT('',(-36.59110738533,432.64939317189,
    14.29183389324));
#5170 = CARTESIAN_POINT('',(-36.811,432.879,14.30003798694));
#5171 = PCURVE('',#3712,#5172);
#5172 = DEFINITIONAL_REPRESENTATION('',(#5173),#5232);
#5173 = B_SPLINE_CURVE_WITH_KNOTS('',8,(#5174,#5175,#5176,#5177,#5178,
    #5179,#5180,#5181,#5182,#5183,#5184,#5185,#5186,#5187,#5188,#5189,
    #5190,#5191,#5192,#5193,#5194,#5195,#5196,#5197,#5198,#5199,#5200,
    #5201,#5202,#5203,#5204,#5205,#5206,#5207,#5208,#5209,#5210,#5211,
    #5212,#5213,#5214,#5215,#5216,#5217,#5218,#5219,#5220,#5221,#5222,
    #5223,#5224,#5225,#5226,#5227,#5228,#5229,#5230,#5231),
  .UNSPECIFIED.,.F.,.F.,(9,7,7,7,7,7,7,7,9),(0.,0.25,0.4375,0.578125,
    0.68359375,0.7626953125,0.822021484375,0.911010742188,1.),
  .UNSPECIFIED.);
#5174 = CARTESIAN_POINT('',(10.030786630836,0.110265228689));
#5175 = CARTESIAN_POINT('',(10.030779074204,0.124654851157));
#5176 = CARTESIAN_POINT('',(10.030773438027,0.138976139465));
#5177 = CARTESIAN_POINT('',(10.030770990233,0.153231420619));
#5178 = CARTESIAN_POINT('',(10.030770497811,0.167431195795));
#5179 = CARTESIAN_POINT('',(10.030771754165,0.181582733009));
#5180 = CARTESIAN_POINT('',(10.030775335851,0.195693331382));
#5181 = CARTESIAN_POINT('',(10.030781268848,0.209774881076));
#5182 = CARTESIAN_POINT('',(10.030795313669,0.234382476731));
#5183 = CARTESIAN_POINT('',(10.030802475571,0.244917265257));
#5184 = CARTESIAN_POINT('',(10.03081083012,0.255444909844));
#5185 = CARTESIAN_POINT('',(10.0308204135,0.265969636871));
#5186 = CARTESIAN_POINT('',(10.030831238167,0.276495697844));
#5187 = CARTESIAN_POINT('',(10.030843292854,0.287027369407));
#5188 = CARTESIAN_POINT('',(10.030856542569,0.297568953332));
#5189 = CARTESIAN_POINT('',(10.030881732027,0.316041613126));
#5190 = CARTESIAN_POINT('',(10.030893237036,0.323966366754));
#5191 = CARTESIAN_POINT('',(10.030905450377,0.331900788638));
#5192 = CARTESIAN_POINT('',(10.030918374472,0.339846531577));
#5193 = CARTESIAN_POINT('',(10.030932007411,0.347805149941));
#5194 = CARTESIAN_POINT('',(10.030946342946,0.355778099675));
#5195 = CARTESIAN_POINT('',(10.030961370498,0.363766738291));
#5196 = CARTESIAN_POINT('',(10.030988856576,0.377776520485));
#5197 = CARTESIAN_POINT('',(10.0310010317,0.383790288308));
#5198 = CARTESIAN_POINT('',(10.031013633732,0.389814470714));
#5199 = CARTESIAN_POINT('',(10.031026680533,0.395849820757));
#5200 = CARTESIAN_POINT('',(10.03104017462,0.401897002179));
#5201 = CARTESIAN_POINT('',(10.031054103163,0.407956589415));
#5202 = CARTESIAN_POINT('',(10.031068437986,0.414029067588));
#5203 = CARTESIAN_POINT('',(10.031094162187,0.424679134577));
#5204 = CARTESIAN_POINT('',(10.031105371675,0.429250978353));
#5205 = CARTESIAN_POINT('',(10.031116807013,0.433830263142));
#5206 = CARTESIAN_POINT('',(10.031128499023,0.438416869475));
#5207 = CARTESIAN_POINT('',(10.031140466373,0.443010659123));
#5208 = CARTESIAN_POINT('',(10.031152715574,0.447611475087));
#5209 = CARTESIAN_POINT('',(10.031165240987,0.452219141603));
#5210 = CARTESIAN_POINT('',(10.031187613585,0.460294214658));
#5211 = CARTESIAN_POINT('',(10.031197340022,0.46375866346));
#5212 = CARTESIAN_POINT('',(10.031207214641,0.467226855119));
#5213 = CARTESIAN_POINT('',(10.031217215089,0.470698629762));
#5214 = CARTESIAN_POINT('',(10.031227309109,0.474173782901));
#5215 = CARTESIAN_POINT('',(10.031237477503,0.477652225258));
#5216 = CARTESIAN_POINT('',(10.031247737093,0.481134142588));
#5217 = CARTESIAN_POINT('',(10.031273796701,0.489849151381));
#5218 = CARTESIAN_POINT('',(10.031289747162,0.495086804527));
#5219 = CARTESIAN_POINT('',(10.031306085183,0.500333984773));
#5220 = CARTESIAN_POINT('',(10.031322838339,0.505591084123));
#5221 = CARTESIAN_POINT('',(10.031339991665,0.510858016759));
#5222 = CARTESIAN_POINT('',(10.031357487661,0.516134219036));
#5223 = CARTESIAN_POINT('',(10.03137522629,0.521418649487));
#5224 = CARTESIAN_POINT('',(10.031410904496,0.532000908479));
#5225 = CARTESIAN_POINT('',(10.031428812479,0.537298561856));
#5226 = CARTESIAN_POINT('',(10.031446986075,0.542600391131));
#5227 = CARTESIAN_POINT('',(10.031465544133,0.547898104323));
#5228 = CARTESIAN_POINT('',(10.031484591716,0.55320191598));
#5229 = CARTESIAN_POINT('',(10.031504088634,0.558501861989));
#5230 = CARTESIAN_POINT('',(10.031523983846,0.563802651516));
#5231 = CARTESIAN_POINT('',(10.031544127286,0.569102224983));
#5232 = ( GEOMETRIC_REPRESENTATION_CONTEXT(2) 
PARAMETRIC_REPRESENTATION_CONTEXT() REPRESENTATION_CONTEXT('2D SPACE',''
  ) );
#5233 = PCURVE('',#4454,#5234);
#5234 = DEFINITIONAL_REPRESENTATION('',(#5235),#5322);
#5235 = B_SPLINE_CURVE_WITH_KNOTS('',7,(#5236,#5237,#5238,#5239,#5240,
    #5241,#5242,#5243,#5244,#5245,#5246,#5247,#5248,#5249,#5250,#5251,
    #5252,#5253,#5254,#5255,#5256,#5257,#5258,#5259,#5260,#5261,#5262,
    #5263,#5264,#5265,#5266,#5267,#5268,#5269,#5270,#5271,#5272,#5273,
    #5274,#5275,#5276,#5277,#5278,#5279,#5280,#5281,#5282,#5283,#5284,
    #5285,#5286,#5287,#5288,#5289,#5290,#5291,#5292,#5293,#5294,#5295,
    #5296,#5297,#5298,#5299,#5300,#5301,#5302,#5303,#5304,#5305,#5306,
    #5307,#5308,#5309,#5310,#5311,#5312,#5313,#5314,#5315,#5316,#5317,
    #5318,#5319,#5320,#5321),.UNSPECIFIED.,.F.,.F.,(8,6,6,6,6,6,6,6,6,6,
    6,6,6,6,8),(0.,8.237948634962E-02,0.20458655321,0.333530097942,
    0.406960951242,0.471340572041,0.526630045502,0.575067502034,
    0.660300288212,0.69066363486,0.800207447868,0.827890408386,
    0.91031755201,0.931325122836,1.),.UNSPECIFIED.);
#5236 = CARTESIAN_POINT('',(0.,-7.967790204114));
#5237 = CARTESIAN_POINT('',(7.189688850091E-03,-8.043669057385));
#5238 = CARTESIAN_POINT('',(1.43634028111E-02,-8.121511323989));
#5239 = CARTESIAN_POINT('',(2.152158735359E-02,-8.201198374841));
#5240 = CARTESIAN_POINT('',(2.866475626129E-02,-8.282614797373));
#5241 = CARTESIAN_POINT('',(3.579349163102E-02,-8.365648395535));
#5242 = CARTESIAN_POINT('',(4.290844387275E-02,-8.450190189793));
#5243 = CARTESIAN_POINT('',(6.054573221001E-02,-8.663629651707));
#5244 = CARTESIAN_POINT('',(7.105230411291E-02,-8.794210542375));
#5245 = CARTESIAN_POINT('',(8.153247712023E-02,-8.927528677551));
#5246 = CARTESIAN_POINT('',(9.198867417911E-02,-9.063262369673));
#5247 = CARTESIAN_POINT('',(0.102423487987,-9.201098532067));
#5248 = CARTESIAN_POINT('',(0.112839730564,-9.340728664545));
#5249 = CARTESIAN_POINT('',(0.134214299782,-9.63076882216));
#5250 = CARTESIAN_POINT('',(0.145170741566,-9.781346960506));
#5251 = CARTESIAN_POINT('',(0.156113198356,-9.933241928682));
#5252 = CARTESIAN_POINT('',(0.167044968541,-10.08613032053));
#5253 = CARTESIAN_POINT('',(0.177969594792,-10.23967399955));
#5254 = CARTESIAN_POINT('',(0.188890543466,-10.39355236909));
#5255 = CARTESIAN_POINT('',(0.206030704094,-10.63507580478));
#5256 = CARTESIAN_POINT('',(0.212249916885,-10.72271471538));
#5257 = CARTESIAN_POINT('',(0.218469760496,-10.81029570635));
#5258 = CARTESIAN_POINT('',(0.224690898606,-10.8977575874));
#5259 = CARTESIAN_POINT('',(0.230913992296,-10.98503886145));
#5260 = CARTESIAN_POINT('',(0.237139700048,-11.07207772456));
#5261 = CARTESIAN_POINT('',(0.248829859308,-11.23485536066));
#5262 = CARTESIAN_POINT('',(0.254293550063,-11.31066457463));
#5263 = CARTESIAN_POINT('',(0.259760197312,-11.38619733063));
#5264 = CARTESIAN_POINT('',(0.265230225807,-11.46141230843));
#5265 = CARTESIAN_POINT('',(0.270704073003,-11.53626599289));
#5266 = CARTESIAN_POINT('',(0.276182176131,-11.61071395722));
#5267 = CARTESIAN_POINT('',(0.286373505607,-11.74827051402));
#5268 = CARTESIAN_POINT('',(0.291085516948,-11.81149566104));
#5269 = CARTESIAN_POINT('',(0.295801195841,-11.87436582696));
#5270 = CARTESIAN_POINT('',(0.300520787987,-11.93685434804));
#5271 = CARTESIAN_POINT('',(0.305244534062,-11.99893419226));
#5272 = CARTESIAN_POINT('',(0.309972669714,-12.06057795929));
#5273 = CARTESIAN_POINT('',(0.31885165164,-12.17535578242));
#5274 = CARTESIAN_POINT('',(0.323001423003,-12.22859761409));
#5275 = CARTESIAN_POINT('',(0.327154894157,-12.28146476449));
#5276 = CARTESIAN_POINT('',(0.331312215525,-12.33393830401));
#5277 = CARTESIAN_POINT('',(0.335473533462,-12.38599898455));
#5278 = CARTESIAN_POINT('',(0.339638990248,-12.43762723945));
#5279 = CARTESIAN_POINT('',(0.351145980407,-12.57885473888));
#5280 = CARTESIAN_POINT('',(0.358496486698,-12.66750307442));
#5281 = CARTESIAN_POINT('',(0.365861276241,-12.75461282389));
#5282 = CARTESIAN_POINT('',(0.373241290762,-12.84004431928));
#5283 = CARTESIAN_POINT('',(0.380637383447,-12.92365346887));
#5284 = CARTESIAN_POINT('',(0.388050321944,-13.00529163543));
#5285 = CARTESIAN_POINT('',(0.398127823436,-13.11313155607));
#5286 = CARTESIAN_POINT('',(0.400777077335,-13.14118814022));
#5287 = CARTESIAN_POINT('',(0.403428587319,-13.16896763113));
#5288 = CARTESIAN_POINT('',(0.406082372877,-13.19646414281));
#5289 = CARTESIAN_POINT('',(0.408738462448,-13.22367018903));
#5290 = CARTESIAN_POINT('',(0.411396889114,-13.25057725489));
#5291 = CARTESIAN_POINT('',(0.423657087506,-13.37315778172));
#5292 = CARTESIAN_POINT('',(0.433286933042,-13.46518618605));
#5293 = CARTESIAN_POINT('',(0.442946546205,-13.55314035394));
#5294 = CARTESIAN_POINT('',(0.452635117136,-13.63689300896));
#5295 = CARTESIAN_POINT('',(0.462351664888,-13.71631568843));
#5296 = CARTESIAN_POINT('',(0.472095027525,-13.791279685));
#5297 = CARTESIAN_POINT('',(0.484332544722,-13.87944212868));
#5298 = CARTESIAN_POINT('',(0.486802852968,-13.89693619676));
#5299 = CARTESIAN_POINT('',(0.489274821716,-13.91412510477));
#5300 = CARTESIAN_POINT('',(0.491748513156,-13.93099066763));
#5301 = CARTESIAN_POINT('',(0.494223975331,-13.94751563259));
#5302 = CARTESIAN_POINT('',(0.496701238653,-13.96368428567));
#5303 = CARTESIAN_POINT('',(0.506561967389,-14.02650695397));
#5304 = CARTESIAN_POINT('',(0.513959745871,-14.07021710903));
#5305 = CARTESIAN_POINT('',(0.521374715633,-14.11015808904));
#5306 = CARTESIAN_POINT('',(0.528806999492,-14.14585943396));
#5307 = CARTESIAN_POINT('',(0.536255780442,-14.17683791016));
#5308 = CARTESIAN_POINT('',(0.543719278686,-14.20260418557));
#5309 = CARTESIAN_POINT('',(0.55309993899,-14.22778339835));
#5310 = CARTESIAN_POINT('',(0.555005915714,-14.23252309054));
#5311 = CARTESIAN_POINT('',(0.556912595753,-14.23688943364));
#5312 = CARTESIAN_POINT('',(0.558819838605,-14.24092324367));
#5313 = CARTESIAN_POINT('',(0.560727540257,-14.24465541987));
#5314 = CARTESIAN_POINT('',(0.562635648269,-14.24810024252));
#5315 = CARTESIAN_POINT('',(0.570782837564,-14.26172538275));
#5316 = CARTESIAN_POINT('',(0.577024490079,-14.26943477194));
#5317 = CARTESIAN_POINT('',(0.583267791598,-14.27535759498));
#5318 = CARTESIAN_POINT('',(0.589511691217,-14.2804358219));
#5319 = CARTESIAN_POINT('',(0.595755331351,-14.28561340898));
#5320 = CARTESIAN_POINT('',(0.601998047954,-14.29183389324));
#5321 = CARTESIAN_POINT('',(0.608239370727,-14.30003798694));
#5322 = ( GEOMETRIC_REPRESENTATION_CONTEXT(2) 
PARAMETRIC_REPRESENTATION_CONTEXT() REPRESENTATION_CONTEXT('2D SPACE',''
  ) );
#5323 = ORIENTED_EDGE('',*,*,#5324,.F.);
#5324 = EDGE_CURVE('',#3628,#5081,#5325,.T.);
#5325 = SURFACE_CURVE('',#5326,(#5407,#5455),.PCURVE_S1.);
#5326 = B_SPLINE_CURVE_WITH_KNOTS('',7,(#5327,#5328,#5329,#5330,#5331,
    #5332,#5333,#5334,#5335,#5336,#5337,#5338,#5339,#5340,#5341,#5342,
    #5343,#5344,#5345,#5346,#5347,#5348,#5349,#5350,#5351,#5352,#5353,
    #5354,#5355,#5356,#5357,#5358,#5359,#5360,#5361,#5362,#5363,#5364,
    #5365,#5366,#5367,#5368,#5369,#5370,#5371,#5372,#5373,#5374,#5375,
    #5376,#5377,#5378,#5379,#5380,#5381,#5382,#5383,#5384,#5385,#5386,
    #5387,#5388,#5389,#5390,#5391,#5392,#5393,#5394,#5395,#5396,#5397,
    #5398,#5399,#5400,#5401,#5402,#5403,#5404,#5405,#5406),
  .UNSPECIFIED.,.F.,.F.,(8,6,6,6,6,6,6,6,6,6,6,6,6,8),(0.,
    8.340211913991E-02,0.188974044044,0.295588539599,0.40315987517,
    0.511175853719,0.62844276988,0.686455856605,0.744478668676,
    0.801640117393,0.830274448856,0.858747426643,0.970853332672,1.),
  .UNSPECIFIED.);
#5327 = CARTESIAN_POINT('',(-49.161,453.457,17.908398717283));
#5328 = CARTESIAN_POINT('',(-49.07224541641,453.17469409259,
    17.904886349732));
#5329 = CARTESIAN_POINT('',(-48.9816000512,452.89304442944,
    17.898896962552));
#5330 = CARTESIAN_POINT('',(-48.88908581675,452.61211569788,
    17.890333503047));
#5331 = CARTESIAN_POINT('',(-48.79472907675,452.33197888383,
    17.879100981609));
#5332 = CARTESIAN_POINT('',(-48.69856106937,452.05271103178,
    17.865107613535));
#5333 = CARTESIAN_POINT('',(-48.60061833031,451.7743950047,
    17.848265960854));
#5334 = CARTESIAN_POINT('',(-48.37477241023,451.14613852441,
    17.803466459011));
#5335 = CARTESIAN_POINT('',(-48.24582678126,450.79682748146,
    17.773740441377));
#5336 = CARTESIAN_POINT('',(-48.11417086283,450.44930650091,
    17.739587168809));
#5337 = CARTESIAN_POINT('',(-47.97986561878,450.10366905855,
    17.701279557551));
#5338 = CARTESIAN_POINT('',(-47.84296655283,449.7599831012,
    17.65908890311));
#5339 = CARTESIAN_POINT('',(-47.70352191836,449.41829242765,
    17.613281490836));
#5340 = CARTESIAN_POINT('',(-47.41821810756,448.73558927333,
    17.51446338281));
#5341 = CARTESIAN_POINT('',(-47.2723108374,448.39462075207,
    17.461386848895));
#5342 = CARTESIAN_POINT('',(-47.12388955362,448.05573378176,
    17.405151340975));
#5343 = CARTESIAN_POINT('',(-46.97298893227,447.71893457283,
    17.346016261968));
#5344 = CARTESIAN_POINT('',(-46.81963681002,447.38421500113,
    17.284234142425));
#5345 = CARTESIAN_POINT('',(-46.66385310457,447.05155333871,
    17.220050101478));
#5346 = CARTESIAN_POINT('',(-46.3460245188,446.38730922911,
    17.086757049242));
#5347 = CARTESIAN_POINT('',(-46.18393785613,446.05576713333,
    17.017609579818));
#5348 = CARTESIAN_POINT('',(-46.01940009186,445.72625314702,
    16.946503343865));
#5349 = CARTESIAN_POINT('',(-45.85241748787,445.39872694597,
    16.873673478847));
#5350 = CARTESIAN_POINT('',(-45.68298956354,445.073141651,
    16.799351939858));
#5351 = CARTESIAN_POINT('',(-45.51110895389,444.74944478827,
    16.723765626949));
#5352 = CARTESIAN_POINT('',(-45.16169596262,444.10438878335,
    16.570170618052));
#5353 = CARTESIAN_POINT('',(-44.98414464922,443.78304756537,
    16.49215457824));
#5354 = CARTESIAN_POINT('',(-44.8040953856,443.46350230902,
    16.413297040454));
#5355 = CARTESIAN_POINT('',(-44.62153051008,443.1456974343,
    16.333813170975));
#5356 = CARTESIAN_POINT('',(-44.43642779495,442.82957751985,
    16.253915658776));
#5357 = CARTESIAN_POINT('',(-44.24876008222,442.51508701373,
    16.173815716575));
#5358 = CARTESIAN_POINT('',(-43.85193465694,441.8624533551,
    16.006773066488));
#5359 = CARTESIAN_POINT('',(-43.64231523521,441.52459497079,
    15.919832191639));
#5360 = CARTESIAN_POINT('',(-43.4295936642,441.18852063604,
    15.833176358624));
#5361 = CARTESIAN_POINT('',(-43.21372942268,440.85417186332,
    15.747058317713));
#5362 = CARTESIAN_POINT('',(-42.99467435473,440.52148814103,
    15.661754835026));
#5363 = CARTESIAN_POINT('',(-42.77238038241,440.19041948909,
    15.577533320376));
#5364 = CARTESIAN_POINT('',(-42.43519538951,439.69791090263,
    15.453681212668));
#5365 = CARTESIAN_POINT('',(-42.3227907413,439.53528758821,
    15.413022913664));
#5366 = CARTESIAN_POINT('',(-42.20957496727,439.37304334326,
    15.372730499777));
#5367 = CARTESIAN_POINT('',(-42.09554149157,439.21117271614,
    15.332840363484));
#5368 = CARTESIAN_POINT('',(-41.98068452104,439.04967184795,
    15.293386179498));
#5369 = CARTESIAN_POINT('',(-41.86499873575,438.8885380085,
    15.254400357779));
#5370 = CARTESIAN_POINT('',(-41.63193609801,438.56696838563,
    15.177440546025));
#5371 = CARTESIAN_POINT('',(-41.51455903254,438.40653278558,
    15.139466923379));
#5372 = CARTESIAN_POINT('',(-41.39633912272,438.24645557315,
    15.102042740328));
#5373 = CARTESIAN_POINT('',(-41.27726987779,438.08673338353,
    15.065208649934));
#5374 = CARTESIAN_POINT('',(-41.15734518086,437.92736378675,
    15.02900602708));
#5375 = CARTESIAN_POINT('',(-41.0365592889,437.76834528771,
    14.99347696847));
#5376 = CARTESIAN_POINT('',(-40.79506033813,437.45336483062,
    14.924368419785));
#5377 = CARTESIAN_POINT('',(-40.6743729998,437.29739269979,
    14.890767850416));
#5378 = CARTESIAN_POINT('',(-40.55283965404,437.14176039214,
    14.857903568241));
#5379 = CARTESIAN_POINT('',(-40.43045589332,436.98646853574,
    14.825817296519));
#5380 = CARTESIAN_POINT('',(-40.30721806625,436.83151892823,
    14.79455149805));
#5381 = CARTESIAN_POINT('',(-40.18312327762,436.67691453683,
    14.764149375172));
#5382 = CARTESIAN_POINT('',(-39.99557525962,436.44538731571,
    14.719879956544));
#5383 = CARTESIAN_POINT('',(-39.9327655573,436.36820279823,
    14.70533294054));
#5384 = CARTESIAN_POINT('',(-39.86974010046,436.29110655736,
    14.691018906115));
#5385 = CARTESIAN_POINT('',(-39.80649867139,436.21409916862,
    14.676943682957));
#5386 = CARTESIAN_POINT('',(-39.74304110627,436.13718127624,
    14.663113257397));
#5387 = CARTESIAN_POINT('',(-39.6793673858,436.06035369794,
    14.649533183731));
#5388 = CARTESIAN_POINT('',(-39.55194808248,435.90731376752,
    14.622957894424));
#5389 = CARTESIAN_POINT('',(-39.48820499249,435.83110046541,
    14.609959539921));
#5390 = CARTESIAN_POINT('',(-39.42424876624,435.75497881872,
    14.597216902547));
#5391 = CARTESIAN_POINT('',(-39.36007978042,435.67895008534,
    14.584733975078));
#5392 = CARTESIAN_POINT('',(-39.2956984781,435.60301558561,
    14.572514772543));
#5393 = CARTESIAN_POINT('',(-39.23110536875,435.52717670236,
    14.560563332228));
#5394 = CARTESIAN_POINT('',(-38.91114860407,435.15321860056,
    14.502897858957));
#5395 = CARTESIAN_POINT('',(-38.65272228943,434.85650772741,
    14.461126014041));
#5396 = CARTESIAN_POINT('',(-38.39105617576,434.56138889668,
    14.42381511902));
#5397 = CARTESIAN_POINT('',(-38.12620351779,434.26796670502,
    14.391217953954));
#5398 = CARTESIAN_POINT('',(-37.85823896894,433.97636257861,
    14.363588792753));
#5399 = CARTESIAN_POINT('',(-37.5872608167,433.68671364148,
    14.341179057055));
#5400 = CARTESIAN_POINT('',(-37.24218976333,433.32441287559,
    14.319827118752));
#5401 = CARTESIAN_POINT('',(-37.17079112892,433.24979673825,
    14.315790884231));
#5402 = CARTESIAN_POINT('',(-37.09920153428,433.17532794099,
    14.312092523922));
#5403 = CARTESIAN_POINT('',(-37.02742468628,433.10101063772,
    14.308700152758));
#5404 = CARTESIAN_POINT('',(-36.95546377905,433.02684836696,
    14.305581743237));
#5405 = CARTESIAN_POINT('',(-36.88332149405,432.95284405182,
    14.302705125423));
#5406 = CARTESIAN_POINT('',(-36.811,432.879,14.30003798694));
#5407 = PCURVE('',#3712,#5408);
#5408 = DEFINITIONAL_REPRESENTATION('',(#5409),#5454);
#5409 = B_SPLINE_CURVE_WITH_KNOTS('',8,(#5410,#5411,#5412,#5413,#5414,
    #5415,#5416,#5417,#5418,#5419,#5420,#5421,#5422,#5423,#5424,#5425,
    #5426,#5427,#5428,#5429,#5430,#5431,#5432,#5433,#5434,#5435,#5436,
    #5437,#5438,#5439,#5440,#5441,#5442,#5443,#5444,#5445,#5446,#5447,
    #5448,#5449,#5450,#5451,#5452,#5453),.UNSPECIFIED.,.F.,.F.,(9,7,7,7,
    7,7,9),(0.,0.125,0.34375,0.5078125,0.75390625,0.876953125,1.),
  .UNSPECIFIED.);
#5410 = CARTESIAN_POINT('',(10.01148080293,0.925577946193));
#5411 = CARTESIAN_POINT('',(10.011815600671,0.919908296876));
#5412 = CARTESIAN_POINT('',(10.012151299968,0.914239273815));
#5413 = CARTESIAN_POINT('',(10.01248805273,0.908572072295));
#5414 = CARTESIAN_POINT('',(10.01282569041,0.902908034203));
#5415 = CARTESIAN_POINT('',(10.013163809904,0.897249163819));
#5416 = CARTESIAN_POINT('',(10.013501957836,0.891597910312));
#5417 = CARTESIAN_POINT('',(10.013839913226,0.885956216941));
#5418 = CARTESIAN_POINT('',(10.014769764704,0.870467274451));
#5419 = CARTESIAN_POINT('',(10.015361683356,0.860640596515));
#5420 = CARTESIAN_POINT('',(10.015952411224,0.850847010035));
#5421 = CARTESIAN_POINT('',(10.016544521553,0.841092079296));
#5422 = CARTESIAN_POINT('',(10.017130235501,0.831363525373));
#5423 = CARTESIAN_POINT('',(10.017715526075,0.821671002042));
#5424 = CARTESIAN_POINT('',(10.018296903334,0.812004261956));
#5425 = CARTESIAN_POINT('',(10.019309079957,0.795128210192));
#5426 = CARTESIAN_POINT('',(10.019741245219,0.787908442096));
#5427 = CARTESIAN_POINT('',(10.020171584996,0.780699504591));
#5428 = CARTESIAN_POINT('',(10.020599894448,0.773499288078));
#5429 = CARTESIAN_POINT('',(10.021026010546,0.766305572587));
#5430 = CARTESIAN_POINT('',(10.021449812077,0.759116027778));
#5431 = CARTESIAN_POINT('',(10.021871219636,0.75192821294));
#5432 = CARTESIAN_POINT('',(10.022918682054,0.733956587791));
#5433 = CARTESIAN_POINT('',(10.023541953793,0.723172221773));
#5434 = CARTESIAN_POINT('',(10.024159916095,0.712376132735));
#5435 = CARTESIAN_POINT('',(10.024771563243,0.701565877913));
#5436 = CARTESIAN_POINT('',(10.025375331054,0.690722237923));
#5437 = CARTESIAN_POINT('',(10.025973962795,0.679853656371));
#5438 = CARTESIAN_POINT('',(10.026564929831,0.668941699285));
#5439 = CARTESIAN_POINT('',(10.027439430923,0.652507739537));
#5440 = CARTESIAN_POINT('',(10.027728979163,0.647018578045));
#5441 = CARTESIAN_POINT('',(10.028016399811,0.641517691845));
#5442 = CARTESIAN_POINT('',(10.028301548923,0.636004751696));
#5443 = CARTESIAN_POINT('',(10.028584330329,0.630479666494));
#5444 = CARTESIAN_POINT('',(10.028864695627,0.624942583274));
#5445 = CARTESIAN_POINT('',(10.029142644189,0.619393887205));
#5446 = CARTESIAN_POINT('',(10.029693796274,0.608274542278));
#5447 = CARTESIAN_POINT('',(10.029966855014,0.602703527969));
#5448 = CARTESIAN_POINT('',(10.030237693398,0.597123521926));
#5449 = CARTESIAN_POINT('',(10.030505110743,0.591530461512));
#5450 = CARTESIAN_POINT('',(10.030770617479,0.58593452744));
#5451 = CARTESIAN_POINT('',(10.031031993916,0.580326093101));
#5452 = CARTESIAN_POINT('',(10.031289781895,0.574715296252));
#5453 = CARTESIAN_POINT('',(10.031544127286,0.569102224983));
#5454 = ( GEOMETRIC_REPRESENTATION_CONTEXT(2) 
PARAMETRIC_REPRESENTATION_CONTEXT() REPRESENTATION_CONTEXT('2D SPACE',''
  ) );
#5455 = PCURVE('',#3643,#5456);
#5456 = DEFINITIONAL_REPRESENTATION('',(#5457),#5538);
#5457 = B_SPLINE_CURVE_WITH_KNOTS('',7,(#5458,#5459,#5460,#5461,#5462,
    #5463,#5464,#5465,#5466,#5467,#5468,#5469,#5470,#5471,#5472,#5473,
    #5474,#5475,#5476,#5477,#5478,#5479,#5480,#5481,#5482,#5483,#5484,
    #5485,#5486,#5487,#5488,#5489,#5490,#5491,#5492,#5493,#5494,#5495,
    #5496,#5497,#5498,#5499,#5500,#5501,#5502,#5503,#5504,#5505,#5506,
    #5507,#5508,#5509,#5510,#5511,#5512,#5513,#5514,#5515,#5516,#5517,
    #5518,#5519,#5520,#5521,#5522,#5523,#5524,#5525,#5526,#5527,#5528,
    #5529,#5530,#5531,#5532,#5533,#5534,#5535,#5536,#5537),
  .UNSPECIFIED.,.F.,.F.,(8,6,6,6,6,6,6,6,6,6,6,6,6,8),(0.,
    8.340211913991E-02,0.188974044044,0.295588539599,0.40315987517,
    0.511175853719,0.62844276988,0.686455856605,0.744478668676,
    0.801640117393,0.830274448856,0.858747426643,0.970853332672,1.),
  .UNSPECIFIED.);
#5458 = CARTESIAN_POINT('',(1.,-17.90839871728));
#5459 = CARTESIAN_POINT('',(0.987983403252,-17.90488634973));
#5460 = CARTESIAN_POINT('',(0.975960018758,-17.89889696255));
#5461 = CARTESIAN_POINT('',(0.963932171996,-17.89033350304));
#5462 = CARTESIAN_POINT('',(0.951902494582,-17.8791009816));
#5463 = CARTESIAN_POINT('',(0.939873925387,-17.86510761353));
#5464 = CARTESIAN_POINT('',(0.927849711647,-17.84826596085));
#5465 = CARTESIAN_POINT('',(0.900622956174,-17.80346645901));
#5466 = CARTESIAN_POINT('',(0.885425304154,-17.77374044137));
#5467 = CARTESIAN_POINT('',(0.870245112755,-17.7395871688));
#5468 = CARTESIAN_POINT('',(0.85508599061,-17.70127955755));
#5469 = CARTESIAN_POINT('',(0.839950518051,-17.65908890311));
#5470 = CARTESIAN_POINT('',(0.82484026892,-17.61328149083));
#5471 = CARTESIAN_POINT('',(0.794522430196,-17.51446338281));
#5472 = CARTESIAN_POINT('',(0.779315527844,-17.46138684889));
#5473 = CARTESIAN_POINT('',(0.764135716731,-17.40515134097));
#5474 = CARTESIAN_POINT('',(0.748982946235,-17.34601626196));
#5475 = CARTESIAN_POINT('',(0.733856527647,-17.28423414242));
#5476 = CARTESIAN_POINT('',(0.71875513811,-17.22005010147));
#5477 = CARTESIAN_POINT('',(0.68846318668,-17.08675704924));
#5478 = CARTESIAN_POINT('',(0.673273217364,-17.01760957981));
#5479 = CARTESIAN_POINT('',(0.658104911862,-16.94650334386));
#5480 = CARTESIAN_POINT('',(0.642956004119,-16.87367347884));
#5481 = CARTESIAN_POINT('',(0.627823865682,-16.79935193985));
#5482 = CARTESIAN_POINT('',(0.612705532613,-16.72376562694));
#5483 = CARTESIAN_POINT('',(0.58242774107,-16.57017061805));
#5484 = CARTESIAN_POINT('',(0.567268499429,-16.49215457824));
#5485 = CARTESIAN_POINT('',(0.552116907798,-16.41329704045));
#5486 = CARTESIAN_POINT('',(0.536969669155,-16.33381317097));
#5487 = CARTESIAN_POINT('',(0.521823393443,-16.25391565877));
#5488 = CARTESIAN_POINT('',(0.506674573876,-16.17381571657));
#5489 = CARTESIAN_POINT('',(0.475066614488,-16.00677306648));
#5490 = CARTESIAN_POINT('',(0.458606548642,-15.91983219163));
#5491 = CARTESIAN_POINT('',(0.442134577693,-15.83317635862));
#5492 = CARTESIAN_POINT('',(0.425646503899,-15.74705831771));
#5493 = CARTESIAN_POINT('',(0.409137869445,-15.66175483502));
#5494 = CARTESIAN_POINT('',(0.392604558507,-15.57753332037));
#5495 = CARTESIAN_POINT('',(0.367848939996,-15.45368121266));
#5496 = CARTESIAN_POINT('',(0.359648443875,-15.41302291366));
#5497 = CARTESIAN_POINT('',(0.35144044392,-15.37273049977));
#5498 = CARTESIAN_POINT('',(0.34322443955,-15.33284036348));
#5499 = CARTESIAN_POINT('',(0.335000001239,-15.29338617949));
#5500 = CARTESIAN_POINT('',(0.326766747171,-15.25440035777));
#5501 = CARTESIAN_POINT('',(0.310280258065,-15.17744054602));
#5502 = CARTESIAN_POINT('',(0.30202702355,-15.13946692337));
#5503 = CARTESIAN_POINT('',(0.293764015905,-15.10204274032));
#5504 = CARTESIAN_POINT('',(0.285490799366,-15.06520864993));
#5505 = CARTESIAN_POINT('',(0.277206976464,-15.02900602708));
#5506 = CARTESIAN_POINT('',(0.268912188028,-14.99347696847));
#5507 = CARTESIAN_POINT('',(0.252423344121,-14.92436841978));
#5508 = CARTESIAN_POINT('',(0.244229630976,-14.89076785041));
#5509 = CARTESIAN_POINT('',(0.236024665857,-14.85790356824));
#5510 = CARTESIAN_POINT('',(0.227808196381,-14.82581729651));
#5511 = CARTESIAN_POINT('',(0.219580025675,-14.79455149805));
#5512 = CARTESIAN_POINT('',(0.211340012376,-14.76414937517));
#5513 = CARTESIAN_POINT('',(0.198954360926,-14.71987995654));
#5514 = CARTESIAN_POINT('',(0.194817658081,-14.70533294054));
#5515 = CARTESIAN_POINT('',(0.190677956548,-14.69101890611));
#5516 = CARTESIAN_POINT('',(0.186535248522,-14.67694368295));
#5517 = CARTESIAN_POINT('',(0.182389529692,-14.66311325739));
#5518 = CARTESIAN_POINT('',(0.178240805006,-14.64953318373));
#5519 = CARTESIAN_POINT('',(0.169960778617,-14.62295789442));
#5520 = CARTESIAN_POINT('',(0.165829514703,-14.60995953992));
#5521 = CARTESIAN_POINT('',(0.161695328677,-14.59721690254));
#5522 = CARTESIAN_POINT('',(0.157558250185,-14.58473397507));
#5523 = CARTESIAN_POINT('',(0.153418312517,-14.57251477254));
#5524 = CARTESIAN_POINT('',(0.14927555261,-14.56056333222));
#5525 = CARTESIAN_POINT('',(0.128807879365,-14.50289785895));
#5526 = CARTESIAN_POINT('',(0.112442666464,-14.46112601404));
#5527 = CARTESIAN_POINT('',(9.603677329206E-02,-14.42381511902));
#5528 = CARTESIAN_POINT('',(7.959365442919E-02,-14.39121795395));
#5529 = CARTESIAN_POINT('',(6.311785504235E-02,-14.36358879275));
#5530 = CARTESIAN_POINT('',(4.661504784526E-02,-14.34117905705));
#5531 = CARTESIAN_POINT('',(2.579622379839E-02,-14.31982711875));
#5532 = CARTESIAN_POINT('',(2.149902265676E-02,-14.31579088423));
#5533 = CARTESIAN_POINT('',(1.720070865556E-02,-14.31209252392));
#5534 = CARTESIAN_POINT('',(1.290149054645E-02,-14.30870015275));
#5535 = CARTESIAN_POINT('',(8.60154380855E-03,-14.30558174323));
#5536 = CARTESIAN_POINT('',(4.301010648402E-03,-14.30270512542));
#5537 = CARTESIAN_POINT('',(0.,-14.30003798694));
#5538 = ( GEOMETRIC_REPRESENTATION_CONTEXT(2) 
PARAMETRIC_REPRESENTATION_CONTEXT() REPRESENTATION_CONTEXT('2D SPACE',''
  ) );
#5539 = ORIENTED_EDGE('',*,*,#3658,.T.);
#5540 = ADVANCED_FACE('',(#5541),#3643,.F.);
#5541 = FACE_BOUND('',#5542,.F.);
#5542 = EDGE_LOOP('',(#5543,#5544,#5565,#5566));
#5543 = ORIENTED_EDGE('',*,*,#5324,.T.);
#5544 = ORIENTED_EDGE('',*,*,#5545,.T.);
#5545 = EDGE_CURVE('',#5081,#4706,#5546,.T.);
#5546 = SURFACE_CURVE('',#5547,(#5551,#5558),.PCURVE_S1.);
#5547 = LINE('',#5548,#5549);
#5548 = CARTESIAN_POINT('',(-36.811,432.879,0.));
#5549 = VECTOR('',#5550,1.);
#5550 = DIRECTION('',(-0.,-0.,1.));
#5551 = PCURVE('',#3643,#5552);
#5552 = DEFINITIONAL_REPRESENTATION('',(#5553),#5557);
#5553 = LINE('',#5554,#5555);
#5554 = CARTESIAN_POINT('',(0.,0.));
#5555 = VECTOR('',#5556,1.);
#5556 = DIRECTION('',(0.,-1.));
#5557 = ( GEOMETRIC_REPRESENTATION_CONTEXT(2) 
PARAMETRIC_REPRESENTATION_CONTEXT() REPRESENTATION_CONTEXT('2D SPACE',''
  ) );
#5558 = PCURVE('',#4454,#5559);
#5559 = DEFINITIONAL_REPRESENTATION('',(#5560),#5564);
#5560 = LINE('',#5561,#5562);
#5561 = CARTESIAN_POINT('',(0.608239370727,0.));
#5562 = VECTOR('',#5563,1.);
#5563 = DIRECTION('',(0.,-1.));
#5564 = ( GEOMETRIC_REPRESENTATION_CONTEXT(2) 
PARAMETRIC_REPRESENTATION_CONTEXT() REPRESENTATION_CONTEXT('2D SPACE',''
  ) );
#5565 = ORIENTED_EDGE('',*,*,#4705,.T.);
#5566 = ORIENTED_EDGE('',*,*,#3627,.F.);
#5567 = ADVANCED_FACE('',(#5568,#5574),#4454,.F.);
#5568 = FACE_BOUND('',#5569,.F.);
#5569 = EDGE_LOOP('',(#5570,#5571,#5572,#5573));
#5570 = ORIENTED_EDGE('',*,*,#5080,.F.);
#5571 = ORIENTED_EDGE('',*,*,#4438,.T.);
#5572 = ORIENTED_EDGE('',*,*,#4730,.T.);
#5573 = ORIENTED_EDGE('',*,*,#5545,.F.);
#5574 = FACE_BOUND('',#5575,.F.);
#5575 = EDGE_LOOP('',(#5576));
#5576 = ORIENTED_EDGE('',*,*,#5577,.F.);
#5577 = EDGE_CURVE('',#5578,#5578,#5580,.T.);
#5578 = VERTEX_POINT('',#5579);
#5579 = CARTESIAN_POINT('',(-17.86860358234,420.40148080443,11.5));
#5580 = SURFACE_CURVE('',#5581,(#5647,#5716),.PCURVE_S1.);
#5581 = B_SPLINE_CURVE_WITH_KNOTS('',8,(#5582,#5583,#5584,#5585,#5586,
    #5587,#5588,#5589,#5590,#5591,#5592,#5593,#5594,#5595,#5596,#5597,
    #5598,#5599,#5600,#5601,#5602,#5603,#5604,#5605,#5606,#5607,#5608,
    #5609,#5610,#5611,#5612,#5613,#5614,#5615,#5616,#5617,#5618,#5619,
    #5620,#5621,#5622,#5623,#5624,#5625,#5626,#5627,#5628,#5629,#5630,
    #5631,#5632,#5633,#5634,#5635,#5636,#5637,#5638,#5639,#5640,#5641,
    #5642,#5643,#5644,#5645,#5646),.UNSPECIFIED.,.T.,.F.,(9,7,7,7,7,7,7,
    7,7,9),(0.,8.238156335627E-02,0.180527757607,0.373521563214,
    0.476906724366,0.58105022149,0.748720993186,0.873819035875,
    0.948416498112,1.),.UNSPECIFIED.);
#5582 = CARTESIAN_POINT('',(-17.86860358234,420.40148080443,11.5));
#5583 = CARTESIAN_POINT('',(-17.65550923685,420.32177230393,11.5));
#5584 = CARTESIAN_POINT('',(-17.44379701863,420.24382045039,
    11.520399018818));
#5585 = CARTESIAN_POINT('',(-17.23603513285,420.16855080322,
    11.560598060368));
#5586 = CARTESIAN_POINT('',(-17.03471171849,420.09677268601,
    11.619437013607));
#5587 = CARTESIAN_POINT('',(-16.842131694,420.02915588439,11.69522047762
    ));
#5588 = CARTESIAN_POINT('',(-16.66032123659,419.96621744482,
    11.785740193909));
#5589 = CARTESIAN_POINT('',(-16.4909398952,419.9083185743,11.88829408585
    ));
#5590 = CARTESIAN_POINT('',(-16.14965827758,419.79295013022,
    12.132428853556));
#5591 = CARTESIAN_POINT('',(-15.98152442133,419.73702206174,
    12.279120482192));
#5592 = CARTESIAN_POINT('',(-15.83064662681,419.68753205104,
    12.436952756813));
#5593 = CARTESIAN_POINT('',(-15.69666890076,419.64410551693,
    12.603638309815));
#5594 = CARTESIAN_POINT('',(-15.57912709352,419.60638103237,
    12.777320049316));
#5595 = CARTESIAN_POINT('',(-15.47752628505,419.57403314977,
    12.95648648087));
#5596 = CARTESIAN_POINT('',(-15.39139986149,419.54678570087,
    13.139908741995));
#5597 = CARTESIAN_POINT('',(-15.18063902027,419.48042714716,
    13.693706103796));
#5598 = CARTESIAN_POINT('',(-15.09937517902,419.45534561424,
    14.073058704927));
#5599 = CARTESIAN_POINT('',(-15.07307520183,419.44733399294,
    14.457768892054));
#5600 = CARTESIAN_POINT('',(-15.10050267393,419.45576965667,
    14.843317521541));
#5601 = CARTESIAN_POINT('',(-15.18229612686,419.48092569033,
    15.225170726061));
#5602 = CARTESIAN_POINT('',(-15.32070377273,419.52390613823,
    15.597670199924));
#5603 = CARTESIAN_POINT('',(-15.51919739821,419.58668618221,
    15.952840654267));
#5604 = CARTESIAN_POINT('',(-15.9221938318,419.71779494169,
    16.451294776974));
#5605 = CARTESIAN_POINT('',(-16.08264741316,419.77051170741,
    16.61828651786));
#5606 = CARTESIAN_POINT('',(-16.26308206557,419.83050164209,
    16.774548008163));
#5607 = CARTESIAN_POINT('',(-16.46300713699,419.89791739482,
    16.916246637773));
#5608 = CARTESIAN_POINT('',(-16.6813783914,419.97277019857,
    17.039582680108));
#5609 = CARTESIAN_POINT('',(-16.91660791483,420.05490018214,
    17.140789721314));
#5610 = CARTESIAN_POINT('',(-17.16654309412,420.14392030323,
    17.216117465414));
#5611 = CARTESIAN_POINT('',(-17.69220708601,420.33504589927,
    17.307811426662));
#5612 = CARTESIAN_POINT('',(-17.96156186111,420.43486136945,
    17.322598601677));
#5613 = CARTESIAN_POINT('',(-18.23069862953,420.5366313543,
    17.304585253491));
#5614 = CARTESIAN_POINT('',(-18.49367111559,420.6381276548,
    17.254157974791));
#5615 = CARTESIAN_POINT('',(-18.74484362302,420.73696438088,
    17.173578812165));
#5616 = CARTESIAN_POINT('',(-18.97929443104,420.83081523424,
    17.066914101093));
#5617 = CARTESIAN_POINT('',(-19.19314233057,420.91766151331,
    16.939978729116));
#5618 = CARTESIAN_POINT('',(-19.69073889038,421.12213998103,
    16.575412620115));
#5619 = CARTESIAN_POINT('',(-19.94775190558,421.23042629996,
    16.310017581447));
#5620 = CARTESIAN_POINT('',(-20.15615847226,421.31991709842,
    16.017612769232));
#5621 = CARTESIAN_POINT('',(-20.31864328862,421.39059886478,
    15.707560180536));
#5622 = CARTESIAN_POINT('',(-20.43798843647,421.44294694123,
    15.386636585753));
#5623 = CARTESIAN_POINT('',(-20.51656397878,421.47755692444,
    15.059632595103));
#5624 = CARTESIAN_POINT('',(-20.55586904809,421.49486982545,
    14.729855958517));
#5625 = CARTESIAN_POINT('',(-20.55586904809,421.49486982545,
    14.153896672852));
#5626 = CARTESIAN_POINT('',(-20.53399028298,421.48523282723,
    13.907997364188));
#5627 = CARTESIAN_POINT('',(-20.49029335756,421.46598546167,
    13.663536283478));
#5628 = CARTESIAN_POINT('',(-20.42443321572,421.4370445631,
    13.421851490677));
#5629 = CARTESIAN_POINT('',(-20.33572332833,421.39824390911,
    13.18453669303));
#5630 = CARTESIAN_POINT('',(-20.22320079395,421.34937740701,
    12.953616789247));
#5631 = CARTESIAN_POINT('',(-20.08570544392,421.29025617358,
    12.731765043798));
#5632 = CARTESIAN_POINT('',(-19.82435820258,421.17934566349,
    12.397840090608));
#5633 = CARTESIAN_POINT('',(-19.71716784284,421.1341303537,
    12.277301614165));
#5634 = CARTESIAN_POINT('',(-19.60026135532,421.08515894913,
    12.162009494487));
#5635 = CARTESIAN_POINT('',(-19.47355084644,421.03250151162,
    12.053074603032));
#5636 = CARTESIAN_POINT('',(-19.33702709433,420.97627534997,
    11.951682717577));
#5637 = CARTESIAN_POINT('',(-19.19077518912,420.91664880557,
    11.859104712741));
#5638 = CARTESIAN_POINT('',(-19.0349928573,420.85384371469,
    11.776707756478));
#5639 = CARTESIAN_POINT('',(-18.75592826325,420.74270060752,
    11.657051243831));
#5640 = CARTESIAN_POINT('',(-18.63743062417,420.69587045093,
    11.613702043795));
#5641 = CARTESIAN_POINT('',(-18.51507178578,420.64791512057,
    11.576602563798));
#5642 = CARTESIAN_POINT('',(-18.38947049413,420.5991207767,
    11.546312488272));
#5643 = CARTESIAN_POINT('',(-18.26129841736,420.54978364731,
    11.523266104768));
#5644 = CARTESIAN_POINT('',(-18.13126755493,420.50020297873,
    11.507769874018));
#5645 = CARTESIAN_POINT('',(-18.00011764675,420.45067398619,11.5));
#5646 = CARTESIAN_POINT('',(-17.86860358234,420.40148080443,11.5));
#5647 = PCURVE('',#4454,#5648);
#5648 = DEFINITIONAL_REPRESENTATION('',(#5649),#5715);
#5649 = B_SPLINE_CURVE_WITH_KNOTS('',8,(#5650,#5651,#5652,#5653,#5654,
    #5655,#5656,#5657,#5658,#5659,#5660,#5661,#5662,#5663,#5664,#5665,
    #5666,#5667,#5668,#5669,#5670,#5671,#5672,#5673,#5674,#5675,#5676,
    #5677,#5678,#5679,#5680,#5681,#5682,#5683,#5684,#5685,#5686,#5687,
    #5688,#5689,#5690,#5691,#5692,#5693,#5694,#5695,#5696,#5697,#5698,
    #5699,#5700,#5701,#5702,#5703,#5704,#5705,#5706,#5707,#5708,#5709,
    #5710,#5711,#5712,#5713,#5714),.UNSPECIFIED.,.T.,.F.,(9,7,7,7,7,7,7,
    7,7,9),(0.,8.238156335627E-02,0.180527757607,0.373521563214,
    0.476906724366,0.58105022149,0.748720993186,0.873819035875,
    0.948416498112,1.),.UNSPECIFIED.);
#5650 = CARTESIAN_POINT('',(0.159173232897,-11.5));
#5651 = CARTESIAN_POINT('',(0.154706712514,-11.5));
#5652 = CARTESIAN_POINT('',(0.150277688075,-11.52039901881));
#5653 = CARTESIAN_POINT('',(0.145939613572,-11.56059806036));
#5654 = CARTESIAN_POINT('',(0.141743678342,-11.6194370136));
#5655 = CARTESIAN_POINT('',(0.137736790568,-11.69522047762));
#5656 = CARTESIAN_POINT('',(0.133959747968,-11.7857401939));
#5657 = CARTESIAN_POINT('',(0.130445595681,-11.88829408585));
#5658 = CARTESIAN_POINT('',(0.123373143363,-12.13242885355));
#5659 = CARTESIAN_POINT('',(0.119894582186,-12.27912048219));
#5660 = CARTESIAN_POINT('',(0.116777337439,-12.43695275681));
#5661 = CARTESIAN_POINT('',(0.114012416271,-12.60363830981));
#5662 = CARTESIAN_POINT('',(0.111588934144,-12.77732004931));
#5663 = CARTESIAN_POINT('',(0.10949567467,-12.95648648087));
#5664 = CARTESIAN_POINT('',(0.107722258506,-13.13990874199));
#5665 = CARTESIAN_POINT('',(0.103384394387,-13.69370610379));
#5666 = CARTESIAN_POINT('',(0.10171480283,-14.07305870492));
#5667 = CARTESIAN_POINT('',(0.101175048782,-14.45776889205));
#5668 = CARTESIAN_POINT('',(0.101738397471,-14.84331752154));
#5669 = CARTESIAN_POINT('',(0.103418388999,-15.22517072606));
#5670 = CARTESIAN_POINT('',(0.106263569752,-15.59767019992));
#5671 = CARTESIAN_POINT('',(0.110350490209,-15.95284065426));
#5672 = CARTESIAN_POINT('',(0.118670215276,-16.45129477697));
#5673 = CARTESIAN_POINT('',(0.121985855764,-16.61828651786));
#5674 = CARTESIAN_POINT('',(0.125718732731,-16.77454800816));
#5675 = CARTESIAN_POINT('',(0.12986068659,-16.91624663777));
#5676 = CARTESIAN_POINT('',(0.134392450065,-17.0395826801));
#5677 = CARTESIAN_POINT('',(0.139283675073,-17.14078972131));
#5678 = CARTESIAN_POINT('',(0.144492188934,-17.21611746541));
#5679 = CARTESIAN_POINT('',(0.155472895792,-17.30781142666));
#5680 = CARTESIAN_POINT('',(0.161112124243,-17.32259860167));
#5681 = CARTESIAN_POINT('',(0.16676069367,-17.30458525349));
#5682 = CARTESIAN_POINT('',(0.172294261832,-17.25415797479));
#5683 = CARTESIAN_POINT('',(0.17759307492,-17.17357881216));
#5684 = CARTESIAN_POINT('',(0.182550747631,-17.06691410109));
#5685 = CARTESIAN_POINT('',(0.187081931867,-16.93997872911));
#5686 = CARTESIAN_POINT('',(0.19764331244,-16.57541262011));
#5687 = CARTESIAN_POINT('',(0.203118292125,-16.31001758144));
#5688 = CARTESIAN_POINT('',(0.207570826503,-16.01761276923));
#5689 = CARTESIAN_POINT('',(0.211049414154,-15.70756018053));
#5690 = CARTESIAN_POINT('',(0.213607851201,-15.38663658575));
#5691 = CARTESIAN_POINT('',(0.215293445488,-15.0596325951));
#5692 = CARTESIAN_POINT('',(0.216136615283,-14.72985595851));
#5693 = CARTESIAN_POINT('',(0.216136615283,-14.15389667285));
#5694 = CARTESIAN_POINT('',(0.215667273771,-13.90799736418));
#5695 = CARTESIAN_POINT('',(0.214729890105,-13.66353628347));
#5696 = CARTESIAN_POINT('',(0.213317607453,-13.42185149067));
#5697 = CARTESIAN_POINT('',(0.211416774934,-13.18453669303));
#5698 = CARTESIAN_POINT('',(0.209008449919,-12.95361678924));
#5699 = CARTESIAN_POINT('',(0.206070238471,-12.73176504379));
#5700 = CARTESIAN_POINT('',(0.200496608941,-12.3978400906));
#5701 = CARTESIAN_POINT('',(0.198212713035,-12.27730161416));
#5702 = CARTESIAN_POINT('',(0.195724408238,-12.16200949448));
#5703 = CARTESIAN_POINT('',(0.193030619124,-12.05307460303));
#5704 = CARTESIAN_POINT('',(0.190132037244,-11.95168271757));
#5705 = CARTESIAN_POINT('',(0.187031427162,-11.85910471274));
#5706 = CARTESIAN_POINT('',(0.18373397206,-11.77670775647));
#5707 = CARTESIAN_POINT('',(0.177836903483,-11.65705124383));
#5708 = CARTESIAN_POINT('',(0.17533550741,-11.61370204379));
#5709 = CARTESIAN_POINT('',(0.172755494734,-11.57660256379));
#5710 = CARTESIAN_POINT('',(0.170110200262,-11.54631248827));
#5711 = CARTESIAN_POINT('',(0.167413991997,-11.52326610476));
#5712 = CARTESIAN_POINT('',(0.164681993544,-11.50776987401));
#5713 = CARTESIAN_POINT('',(0.161929806507,-11.5));
#5714 = CARTESIAN_POINT('',(0.159173232897,-11.5));
#5715 = ( GEOMETRIC_REPRESENTATION_CONTEXT(2) 
PARAMETRIC_REPRESENTATION_CONTEXT() REPRESENTATION_CONTEXT('2D SPACE',''
  ) );
#5716 = PCURVE('',#5717,#5722);
#5717 = CYLINDRICAL_SURFACE('',#5718,2.9);
#5718 = AXIS2_PLACEMENT_3D('',#5719,#5720,#5721);
#5719 = CARTESIAN_POINT('',(-17.52978960303,421.30767106171,14.4));
#5720 = DIRECTION('',(-0.350210396964,-0.936671061717,2.22044604925E-16)
  );
#5721 = DIRECTION('',(-7.776232923445E-17,-2.079827558437E-16,-1.));
#5722 = DEFINITIONAL_REPRESENTATION('',(#5723),#5789);
#5723 = B_SPLINE_CURVE_WITH_KNOTS('',8,(#5724,#5725,#5726,#5727,#5728,
    #5729,#5730,#5731,#5732,#5733,#5734,#5735,#5736,#5737,#5738,#5739,
    #5740,#5741,#5742,#5743,#5744,#5745,#5746,#5747,#5748,#5749,#5750,
    #5751,#5752,#5753,#5754,#5755,#5756,#5757,#5758,#5759,#5760,#5761,
    #5762,#5763,#5764,#5765,#5766,#5767,#5768,#5769,#5770,#5771,#5772,
    #5773,#5774,#5775,#5776,#5777,#5778,#5779,#5780,#5781,#5782,#5783,
    #5784,#5785,#5786,#5787,#5788),.UNSPECIFIED.,.F.,.F.,(9,7,7,7,7,7,7,
    7,7,9),(0.,8.238156335627E-02,0.180527757607,0.373521563214,
    0.476906724366,0.58105022149,0.748720993186,0.873819035875,
    0.948416498112,1.),.UNSPECIFIED.);
#5724 = CARTESIAN_POINT('',(0.,0.967458368594));
#5725 = CARTESIAN_POINT('',(7.845312153301E-02,0.967491159066));
#5726 = CARTESIAN_POINT('',(0.156247608494,0.966362584493));
#5727 = CARTESIAN_POINT('',(0.233178418455,0.964105112333));
#5728 = CARTESIAN_POINT('',(0.309027206234,0.960832044729));
#5729 = CARTESIAN_POINT('',(0.383548420111,0.956723219266));
#5730 = CARTESIAN_POINT('',(0.456449264921,0.952003921824));
#5731 = CARTESIAN_POINT('',(0.527363532059,0.946917011532));
#5732 = CARTESIAN_POINT('',(0.677374834624,0.935458923762));
#5733 = CARTESIAN_POINT('',(0.756300427343,0.928962902502));
#5734 = CARTESIAN_POINT('',(0.832949656723,0.922479791057));
#5735 = CARTESIAN_POINT('',(0.90762026719,0.916235776242));
#5736 = CARTESIAN_POINT('',(0.98057704005,0.910406846272));
#5737 = CARTESIAN_POINT('',(1.052068972632,0.90512451235));
#5738 = CARTESIAN_POINT('',(1.122340761929,0.900484040252));
#5739 = CARTESIAN_POINT('',(1.327905232431,0.888829539346));
#5740 = CARTESIAN_POINT('',(1.46026285539,0.883863243305));
#5741 = CARTESIAN_POINT('',(1.590853098703,0.882156971688));
#5742 = CARTESIAN_POINT('',(1.721354662235,0.883860915474));
#5743 = CARTESIAN_POINT('',(1.853318286716,0.888942904335));
#5744 = CARTESIAN_POINT('',(1.988337920337,0.897156159172));
#5745 = CARTESIAN_POINT('',(2.128095758252,0.907866440105));
#5746 = CARTESIAN_POINT('',(2.353613062362,0.92619420014));
#5747 = CARTESIAN_POINT('',(2.435173578857,0.933008443643));
#5748 = CARTESIAN_POINT('',(2.519400634279,0.940007699085));
#5749 = CARTESIAN_POINT('',(2.606171117329,0.946877153025));
#5750 = CARTESIAN_POINT('',(2.695445067847,0.953240581556));
#5751 = CARTESIAN_POINT('',(2.787259022977,0.958691627422));
#5752 = CARTESIAN_POINT('',(2.881733766572,0.962838954439));
#5753 = CARTESIAN_POINT('',(3.077173358126,0.967910134746));
#5754 = CARTESIAN_POINT('',(3.175746012305,0.968746715027));
#5755 = CARTESIAN_POINT('',(3.274091016362,0.967676209776));
#5756 = CARTESIAN_POINT('',(3.371564347986,0.964703260957));
#5757 = CARTESIAN_POINT('',(3.467509124278,0.960088983336));
#5758 = CARTESIAN_POINT('',(3.561170098037,0.954288715422));
#5759 = CARTESIAN_POINT('',(3.651583642442,0.947834076787));
#5760 = CARTESIAN_POINT('',(3.875595311882,0.93056850207));
#5761 = CARTESIAN_POINT('',(4.006485251357,0.91914847082));
#5762 = CARTESIAN_POINT('',(4.131746981694,0.908311176065));
#5763 = CARTESIAN_POINT('',(4.252536907064,0.899009482959));
#5764 = CARTESIAN_POINT('',(4.369928849434,0.89177246621));
#5765 = CARTESIAN_POINT('',(4.484929083164,0.886872268365));
#5766 = CARTESIAN_POINT('',(4.598645546413,0.884420818916));
#5767 = CARTESIAN_POINT('',(4.797252196643,0.884420818916));
#5768 = CARTESIAN_POINT('',(4.882044934562,0.885785345253));
#5769 = CARTESIAN_POINT('',(4.967273604687,0.888510677993));
#5770 = CARTESIAN_POINT('',(5.053400126473,0.892553873768));
#5771 = CARTESIAN_POINT('',(5.140889263204,0.89783019866));
#5772 = CARTESIAN_POINT('',(5.230218440044,0.904195475626));
#5773 = CARTESIAN_POINT('',(5.321896650667,0.911420322998));
#5774 = CARTESIAN_POINT('',(5.472975459706,0.923780467109));
#5775 = CARTESIAN_POINT('',(5.530603169449,0.928593160904));
#5776 = CARTESIAN_POINT('',(5.589450939448,0.933521391012));
#5777 = CARTESIAN_POINT('',(5.649562791663,0.938468751296));
#5778 = CARTESIAN_POINT('',(5.710995463779,0.943322132404));
#5779 = CARTESIAN_POINT('',(5.773819594321,0.947953653267));
#5780 = CARTESIAN_POINT('',(5.838124646837,0.95222477216));
#5781 = CARTESIAN_POINT('',(5.949598878377,0.958597982092));
#5782 = CARTESIAN_POINT('',(5.995940615919,0.960963329368));
#5783 = CARTESIAN_POINT('',(6.04291364,0.963030362211));
#5784 = CARTESIAN_POINT('',(6.090393485628,0.96474773388));
#5785 = CARTESIAN_POINT('',(6.138266434585,0.966073201358));
#5786 = CARTESIAN_POINT('',(6.186425581442,0.966975818887));
#5787 = CARTESIAN_POINT('',(6.234766899575,0.967438131509));
#5788 = CARTESIAN_POINT('',(6.28318530718,0.967458368594));
#5789 = ( GEOMETRIC_REPRESENTATION_CONTEXT(2) 
PARAMETRIC_REPRESENTATION_CONTEXT() REPRESENTATION_CONTEXT('2D SPACE',''
  ) );
#5790 = ADVANCED_FACE('',(#5791),#5717,.F.);
#5791 = FACE_BOUND('',#5792,.F.);
#5792 = EDGE_LOOP('',(#5793,#5816,#5843,#5844));
#5793 = ORIENTED_EDGE('',*,*,#5794,.T.);
#5794 = EDGE_CURVE('',#5578,#5795,#5797,.T.);
#5795 = VERTEX_POINT('',#5796);
#5796 = CARTESIAN_POINT('',(-19.00067327028,417.3736526025,11.5));
#5797 = SEAM_CURVE('',#5798,(#5802,#5809),.PCURVE_S1.);
#5798 = LINE('',#5799,#5800);
#5799 = CARTESIAN_POINT('',(-17.52978960303,421.30767106171,11.5));
#5800 = VECTOR('',#5801,1.);
#5801 = DIRECTION('',(-0.350210396964,-0.936671061717,2.22044604925E-16)
  );
#5802 = PCURVE('',#5717,#5803);
#5803 = DEFINITIONAL_REPRESENTATION('',(#5804),#5808);
#5804 = LINE('',#5805,#5806);
#5805 = CARTESIAN_POINT('',(6.28318530718,-0.));
#5806 = VECTOR('',#5807,1.);
#5807 = DIRECTION('',(0.,1.));
#5808 = ( GEOMETRIC_REPRESENTATION_CONTEXT(2) 
PARAMETRIC_REPRESENTATION_CONTEXT() REPRESENTATION_CONTEXT('2D SPACE',''
  ) );
#5809 = PCURVE('',#5717,#5810);
#5810 = DEFINITIONAL_REPRESENTATION('',(#5811),#5815);
#5811 = LINE('',#5812,#5813);
#5812 = CARTESIAN_POINT('',(0.,-0.));
#5813 = VECTOR('',#5814,1.);
#5814 = DIRECTION('',(0.,1.));
#5815 = ( GEOMETRIC_REPRESENTATION_CONTEXT(2) 
PARAMETRIC_REPRESENTATION_CONTEXT() REPRESENTATION_CONTEXT('2D SPACE',''
  ) );
#5816 = ORIENTED_EDGE('',*,*,#5817,.F.);
#5817 = EDGE_CURVE('',#5795,#5795,#5818,.T.);
#5818 = SURFACE_CURVE('',#5819,(#5824,#5831),.PCURVE_S1.);
#5819 = CIRCLE('',#5820,2.9);
#5820 = AXIS2_PLACEMENT_3D('',#5821,#5822,#5823);
#5821 = CARTESIAN_POINT('',(-19.00067327028,417.3736526025,14.4));
#5822 = DIRECTION('',(-0.350210396964,-0.936671061717,2.22044604925E-16)
  );
#5823 = DIRECTION('',(-7.776232923445E-17,-2.079827558437E-16,-1.));
#5824 = PCURVE('',#5717,#5825);
#5825 = DEFINITIONAL_REPRESENTATION('',(#5826),#5830);
#5826 = LINE('',#5827,#5828);
#5827 = CARTESIAN_POINT('',(0.,4.2));
#5828 = VECTOR('',#5829,1.);
#5829 = DIRECTION('',(1.,0.));
#5830 = ( GEOMETRIC_REPRESENTATION_CONTEXT(2) 
PARAMETRIC_REPRESENTATION_CONTEXT() REPRESENTATION_CONTEXT('2D SPACE',''
  ) );
#5831 = PCURVE('',#5832,#5837);
#5832 = PLANE('',#5833);
#5833 = AXIS2_PLACEMENT_3D('',#5834,#5835,#5836);
#5834 = CARTESIAN_POINT('',(-19.00067327028,417.3736526025,14.4));
#5835 = DIRECTION('',(-0.350210396964,-0.936671061717,2.22044604925E-16)
  );
#5836 = DIRECTION('',(-7.776232923445E-17,-2.079827558437E-16,-1.));
#5837 = DEFINITIONAL_REPRESENTATION('',(#5838),#5842);
#5838 = CIRCLE('',#5839,2.9);
#5839 = AXIS2_PLACEMENT_2D('',#5840,#5841);
#5840 = CARTESIAN_POINT('',(0.,0.));
#5841 = DIRECTION('',(1.,0.));
#5842 = ( GEOMETRIC_REPRESENTATION_CONTEXT(2) 
PARAMETRIC_REPRESENTATION_CONTEXT() REPRESENTATION_CONTEXT('2D SPACE',''
  ) );
#5843 = ORIENTED_EDGE('',*,*,#5794,.F.);
#5844 = ORIENTED_EDGE('',*,*,#5577,.T.);
#5845 = ADVANCED_FACE('',(#5846),#5832,.F.);
#5846 = FACE_BOUND('',#5847,.F.);
#5847 = EDGE_LOOP('',(#5848));
#5848 = ORIENTED_EDGE('',*,*,#5817,.T.);
#5849 = ( GEOMETRIC_REPRESENTATION_CONTEXT(3) 
GLOBAL_UNCERTAINTY_ASSIGNED_CONTEXT((#5853)) 
GLOBAL_UNIT_ASSIGNED_CONTEXT((#5850,#5851,#5852)) REPRESENTATION_CONTEXT
('Context #1','3D Context with UNIT and UNCERTAINTY') );
#5850 = ( LENGTH_UNIT() NAMED_UNIT(*) SI_UNIT(.MILLI.,.METRE.) );
#5851 = ( NAMED_UNIT(*) PLANE_ANGLE_UNIT() SI_UNIT($,.RADIAN.) );
#5852 = ( NAMED_UNIT(*) SI_UNIT($,.STERADIAN.) SOLID_ANGLE_UNIT() );
#5853 = UNCERTAINTY_MEASURE_WITH_UNIT(LENGTH_MEASURE(2.E-06),#5850,
  'distance_accuracy_value','confusion accuracy');
#5854 = CONTEXT_DEPENDENT_SHAPE_REPRESENTATION(#5855,#5857);
#5855 = ( REPRESENTATION_RELATIONSHIP('','',#3323,#10) 
REPRESENTATION_RELATIONSHIP_WITH_TRANSFORMATION(#5856) 
SHAPE_REPRESENTATION_RELATIONSHIP() );
#5856 = ITEM_DEFINED_TRANSFORMATION('','',#11,#27);
#5857 = PRODUCT_DEFINITION_SHAPE('Placement','Placement of an item',
  #5858);
#5858 = NEXT_ASSEMBLY_USAGE_OCCURRENCE('4',
  'attach_v1a_shoulder_top_left','',#5,#3318,$);
#5859 = PRODUCT_RELATED_PRODUCT_CATEGORY('part',$,(#3320));
#5860 = SHAPE_DEFINITION_REPRESENTATION(#5861,#5867);
#5861 = PRODUCT_DEFINITION_SHAPE('','',#5862);
#5862 = PRODUCT_DEFINITION('design','',#5863,#5866);
#5863 = PRODUCT_DEFINITION_FORMATION('','',#5864);
#5864 = PRODUCT('attach_v1b1_wing_left','attach_v1b1_wing_left','',(
    #5865));
#5865 = PRODUCT_CONTEXT('',#2,'mechanical');
#5866 = PRODUCT_DEFINITION_CONTEXT('part definition',#2,'design');
#5867 = ADVANCED_BREP_SHAPE_REPRESENTATION('',(#11,#5868),#8297);
#5868 = MANIFOLD_SOLID_BREP('',#5869);
#5869 = CLOSED_SHELL('',(#5870,#6120,#6194,#6868,#6941,#7248,#7331,#7356
    ,#7386,#7432,#7478,#7524,#7570,#7616,#7662,#7708,#7956,#8179,#8234,
    #8289,#8293));
#5870 = ADVANCED_FACE('',(#5871),#5885,.F.);
#5871 = FACE_BOUND('',#5872,.F.);
#5872 = EDGE_LOOP('',(#5873,#5908,#5934,#5962,#5989,#6095));
#5873 = ORIENTED_EDGE('',*,*,#5874,.F.);
#5874 = EDGE_CURVE('',#5875,#5877,#5879,.T.);
#5875 = VERTEX_POINT('',#5876);
#5876 = CARTESIAN_POINT('',(-56.75561325054,308.67246375277,6.8));
#5877 = VERTEX_POINT('',#5878);
#5878 = CARTESIAN_POINT('',(-83.807,399.591,6.8));
#5879 = SURFACE_CURVE('',#5880,(#5884,#5896),.PCURVE_S1.);
#5880 = LINE('',#5881,#5882);
#5881 = CARTESIAN_POINT('',(-56.125,306.553,6.8));
#5882 = VECTOR('',#5883,1.);
#5883 = DIRECTION('',(-0.285179010952,0.958474272848,9.149983501168E-18)
  );
#5884 = PCURVE('',#5885,#5890);
#5885 = PLANE('',#5886);
#5886 = AXIS2_PLACEMENT_3D('',#5887,#5888,#5889);
#5887 = CARTESIAN_POINT('',(-200.,300.,6.8));
#5888 = DIRECTION('',(0.,0.,1.));
#5889 = DIRECTION('',(1.,0.,-0.));
#5890 = DEFINITIONAL_REPRESENTATION('',(#5891),#5895);
#5891 = LINE('',#5892,#5893);
#5892 = CARTESIAN_POINT('',(143.875,6.553));
#5893 = VECTOR('',#5894,1.);
#5894 = DIRECTION('',(-0.285179010952,0.958474272848));
#5895 = ( GEOMETRIC_REPRESENTATION_CONTEXT(2) 
PARAMETRIC_REPRESENTATION_CONTEXT() REPRESENTATION_CONTEXT('2D SPACE',''
  ) );
#5896 = PCURVE('',#5897,#5902);
#5897 = PLANE('',#5898);
#5898 = AXIS2_PLACEMENT_3D('',#5899,#5900,#5901);
#5899 = CARTESIAN_POINT('',(-56.125,306.553,0.));
#5900 = DIRECTION('',(-0.958474272848,-0.285179010952,-0.));
#5901 = DIRECTION('',(-0.285179010952,0.958474272848,0.));
#5902 = DEFINITIONAL_REPRESENTATION('',(#5903),#5907);
#5903 = LINE('',#5904,#5905);
#5904 = CARTESIAN_POINT('',(0.,-6.8));
#5905 = VECTOR('',#5906,1.);
#5906 = DIRECTION('',(1.,-9.149983501168E-18));
#5907 = ( GEOMETRIC_REPRESENTATION_CONTEXT(2) 
PARAMETRIC_REPRESENTATION_CONTEXT() REPRESENTATION_CONTEXT('2D SPACE',''
  ) );
#5908 = ORIENTED_EDGE('',*,*,#5909,.F.);
#5909 = EDGE_CURVE('',#5910,#5875,#5912,.T.);
#5910 = VERTEX_POINT('',#5911);
#5911 = CARTESIAN_POINT('',(-38.75264336036,318.09664685633,6.8));
#5912 = SURFACE_CURVE('',#5913,(#5917,#5923),.PCURVE_S1.);
#5913 = LINE('',#5914,#5915);
#5914 = CARTESIAN_POINT('',(-135.3964578143,267.50560500062,6.8));
#5915 = VECTOR('',#5916,1.);
#5916 = DIRECTION('',(-0.885951737257,-0.463777445819,0.));
#5917 = PCURVE('',#5885,#5918);
#5918 = DEFINITIONAL_REPRESENTATION('',(#5919),#5922);
#5919 = B_SPLINE_CURVE_WITH_KNOTS('',1,(#5920,#5921),.UNSPECIFIED.,.F.,
  .F.,(2,2),(-125.898274829,-76.53324955609),.PIECEWISE_BEZIER_KNOTS.);
#5920 = CARTESIAN_POINT('',(176.14333748807,25.894385333878));
#5921 = CARTESIAN_POINT('',(132.40830758777,3.));
#5922 = ( GEOMETRIC_REPRESENTATION_CONTEXT(2) 
PARAMETRIC_REPRESENTATION_CONTEXT() REPRESENTATION_CONTEXT('2D SPACE',''
  ) );
#5923 = PCURVE('',#5924,#5929);
#5924 = PLANE('',#5925);
#5925 = AXIS2_PLACEMENT_3D('',#5926,#5927,#5928);
#5926 = CARTESIAN_POINT('',(-98.03990155116,287.06099105585,-15.85));
#5927 = DIRECTION('',(-0.463777445819,0.885951737257,0.));
#5928 = DIRECTION('',(0.,0.,1.));
#5929 = DEFINITIONAL_REPRESENTATION('',(#5930),#5933);
#5930 = B_SPLINE_CURVE_WITH_KNOTS('',1,(#5931,#5932),.UNSPECIFIED.,.F.,
  .F.,(2,2),(-125.898274829,-76.53324955609),.PIECEWISE_BEZIER_KNOTS.);
#5931 = CARTESIAN_POINT('',(22.65,83.732821912943));
#5932 = CARTESIAN_POINT('',(22.65,34.367796640022));
#5933 = ( GEOMETRIC_REPRESENTATION_CONTEXT(2) 
PARAMETRIC_REPRESENTATION_CONTEXT() REPRESENTATION_CONTEXT('2D SPACE',''
  ) );
#5934 = ORIENTED_EDGE('',*,*,#5935,.T.);
#5935 = EDGE_CURVE('',#5910,#5936,#5938,.T.);
#5936 = VERTEX_POINT('',#5937);
#5937 = CARTESIAN_POINT('',(-60.654,391.709,6.8));
#5938 = SURFACE_CURVE('',#5939,(#5943,#5950),.PCURVE_S1.);
#5939 = LINE('',#5940,#5941);
#5940 = CARTESIAN_POINT('',(-38.122,315.977,6.8));
#5941 = VECTOR('',#5942,1.);
#5942 = DIRECTION('',(-0.285168887432,0.958477284885,0.));
#5943 = PCURVE('',#5885,#5944);
#5944 = DEFINITIONAL_REPRESENTATION('',(#5945),#5949);
#5945 = LINE('',#5946,#5947);
#5946 = CARTESIAN_POINT('',(161.878,15.977));
#5947 = VECTOR('',#5948,1.);
#5948 = DIRECTION('',(-0.285168887432,0.958477284885));
#5949 = ( GEOMETRIC_REPRESENTATION_CONTEXT(2) 
PARAMETRIC_REPRESENTATION_CONTEXT() REPRESENTATION_CONTEXT('2D SPACE',''
  ) );
#5950 = PCURVE('',#5951,#5956);
#5951 = PLANE('',#5952);
#5952 = AXIS2_PLACEMENT_3D('',#5953,#5954,#5955);
#5953 = CARTESIAN_POINT('',(-38.122,315.977,0.));
#5954 = DIRECTION('',(-0.958477284885,-0.285168887432,-0.));
#5955 = DIRECTION('',(-0.285168887432,0.958477284885,0.));
#5956 = DEFINITIONAL_REPRESENTATION('',(#5957),#5961);
#5957 = LINE('',#5958,#5959);
#5958 = CARTESIAN_POINT('',(0.,-6.8));
#5959 = VECTOR('',#5960,1.);
#5960 = DIRECTION('',(1.,0.));
#5961 = ( GEOMETRIC_REPRESENTATION_CONTEXT(2) 
PARAMETRIC_REPRESENTATION_CONTEXT() REPRESENTATION_CONTEXT('2D SPACE',''
  ) );
#5962 = ORIENTED_EDGE('',*,*,#5963,.T.);
#5963 = EDGE_CURVE('',#5936,#5964,#5966,.T.);
#5964 = VERTEX_POINT('',#5965);
#5965 = CARTESIAN_POINT('',(-23.85666251192,410.96661041063,6.8));
#5966 = SURFACE_CURVE('',#5967,(#5971,#5978),.PCURVE_S1.);
#5967 = LINE('',#5968,#5969);
#5968 = CARTESIAN_POINT('',(-130.9089961263,354.94157504051,6.8));
#5969 = VECTOR('',#5970,1.);
#5970 = DIRECTION('',(0.886001555993,0.463682264894,-0.));
#5971 = PCURVE('',#5885,#5972);
#5972 = DEFINITIONAL_REPRESENTATION('',(#5973),#5977);
#5973 = LINE('',#5974,#5975);
#5974 = CARTESIAN_POINT('',(69.09100387366,54.941575040519));
#5975 = VECTOR('',#5976,1.);
#5976 = DIRECTION('',(0.886001555993,0.463682264894));
#5977 = ( GEOMETRIC_REPRESENTATION_CONTEXT(2) 
PARAMETRIC_REPRESENTATION_CONTEXT() REPRESENTATION_CONTEXT('2D SPACE',''
  ) );
#5978 = PCURVE('',#5979,#5984);
#5979 = PLANE('',#5980);
#5980 = AXIS2_PLACEMENT_3D('',#5981,#5982,#5983);
#5981 = CARTESIAN_POINT('',(-60.654,391.709,0.));
#5982 = DIRECTION('',(-0.463682264894,0.886001555993,0.));
#5983 = DIRECTION('',(0.886001555993,0.463682264894,0.));
#5984 = DEFINITIONAL_REPRESENTATION('',(#5985),#5988);
#5985 = B_SPLINE_CURVE_WITH_KNOTS('',1,(#5986,#5987),.UNSPECIFIED.,.F.,
  .F.,(2,2),(79.294438763782,136.37447395998),.PIECEWISE_BEZIER_KNOTS.);
#5986 = CARTESIAN_POINT('',(0.,-6.8));
#5987 = CARTESIAN_POINT('',(57.080035196205,-6.8));
#5988 = ( GEOMETRIC_REPRESENTATION_CONTEXT(2) 
PARAMETRIC_REPRESENTATION_CONTEXT() REPRESENTATION_CONTEXT('2D SPACE',''
  ) );
#5989 = ORIENTED_EDGE('',*,*,#5990,.T.);
#5990 = EDGE_CURVE('',#5964,#5991,#5993,.T.);
#5991 = VERTEX_POINT('',#5992);
#5992 = CARTESIAN_POINT('',(-45.86003533984,426.46942709182,6.8));
#5993 = SURFACE_CURVE('',#5994,(#6017,#6043),.PCURVE_S1.);
#5994 = ( BOUNDED_CURVE() B_SPLINE_CURVE(3,(#5995,#5996,#5997,#5998,
    #5999,#6000,#6001,#6002,#6003,#6004,#6005,#6006,#6007,#6008,#6009,
    #6010,#6011,#6012,#6013,#6014,#6015,#6016),.UNSPECIFIED.,.F.,.F.) 
B_SPLINE_CURVE_WITH_KNOTS((4,1,1,1,1,1,1,1,1,1,1,1,1,1,1,1,1,1,1,4),(0.,
    5.245000615645E-02,0.105056142816,0.157827138689,0.210729740208,
    0.263703235816,0.316673593925,0.369567354274,0.422325530646,
    0.474917777959,0.52735694777,0.57971823004,0.632142347135,
    0.684734332274,0.737455393694,0.790192360737,0.842823921577,
0.89528663,0.947644996011,1.),.UNSPECIFIED.) CURVE() 
GEOMETRIC_REPRESENTATION_ITEM() RATIONAL_B_SPLINE_CURVE((1.,
    1.000000000036,0.999999999983,1.000000000004,0.999999999999,1.,1.,1.
    ,1.,1.,1.,1.,1.,1.,1.,1.,1.,1.000000000002,0.999999999994,
1.000000000024,0.999999999949,1.)) REPRESENTATION_ITEM('') );
#5995 = CARTESIAN_POINT('',(-3.244829287063,406.27796884521,6.8));
#5996 = CARTESIAN_POINT('',(-4.68736386409,406.35358804444,
    6.799999999728));
#5997 = CARTESIAN_POINT('',(-7.568560108651,406.60589956764,
    6.800000000127));
#5998 = CARTESIAN_POINT('',(-11.84651590984,407.28398137208,
    6.799999999966));
#5999 = CARTESIAN_POINT('',(-16.06508101358,408.25837412644,
    6.800000000009));
#6000 = CARTESIAN_POINT('',(-20.20438345332,409.52420573644,
    6.799999999998));
#6001 = CARTESIAN_POINT('',(-24.24487817051,411.07531485465,
    6.800000000001));
#6002 = CARTESIAN_POINT('',(-28.16744483145,412.9043059403,6.8));
#6003 = CARTESIAN_POINT('',(-31.95347530897,415.00257122279,6.8));
#6004 = CARTESIAN_POINT('',(-35.58496528452,417.36033957163,6.8));
#6005 = CARTESIAN_POINT('',(-39.04456982149,419.96671487345,6.8));
#6006 = CARTESIAN_POINT('',(-42.31580198609,422.80982702199,6.8));
#6007 = CARTESIAN_POINT('',(-45.38267305295,425.87661867395,6.8));
#6008 = CARTESIAN_POINT('',(-48.22686175024,429.14914250977,6.8));
#6009 = CARTESIAN_POINT('',(-50.83176636381,432.60685801449,6.8));
#6010 = CARTESIAN_POINT('',(-53.18783808939,436.23531037302,6.8));
#6011 = CARTESIAN_POINT('',(-55.28521132331,440.01878763246,
    6.800000000001));
#6012 = CARTESIAN_POINT('',(-57.11482642065,443.94125956212,
    6.799999999995));
#6013 = CARTESIAN_POINT('',(-58.66835594062,447.9870206141,
    6.800000000017));
#6014 = CARTESIAN_POINT('',(-59.93641746532,452.13385805276,
    6.799999999936));
#6015 = CARTESIAN_POINT('',(-60.58506072489,454.94563815249,
    6.800000000137));
#6016 = CARTESIAN_POINT('',(-60.86088537375,456.36284228665,6.8));
#6017 = PCURVE('',#5885,#6018);
#6018 = DEFINITIONAL_REPRESENTATION('',(#6019),#6042);
#6019 = ( BOUNDED_CURVE() B_SPLINE_CURVE(3,(#6020,#6021,#6022,#6023,
    #6024,#6025,#6026,#6027,#6028,#6029,#6030,#6031,#6032,#6033,#6034,
    #6035,#6036,#6037,#6038,#6039,#6040,#6041),.UNSPECIFIED.,.F.,.F.) 
B_SPLINE_CURVE_WITH_KNOTS((4,1,1,1,1,1,1,1,1,1,1,1,1,1,1,1,1,1,1,4),(0.,
    5.245000615645E-02,0.105056142816,0.157827138689,0.210729740208,
    0.263703235816,0.316673593925,0.369567354274,0.422325530646,
    0.474917777959,0.52735694777,0.57971823004,0.632142347135,
    0.684734332274,0.737455393694,0.790192360737,0.842823921577,
0.89528663,0.947644996011,1.),.UNSPECIFIED.) CURVE() 
GEOMETRIC_REPRESENTATION_ITEM() RATIONAL_B_SPLINE_CURVE((1.,
    1.000000000036,0.999999999983,1.000000000004,0.999999999999,1.,1.,1.
    ,1.,1.,1.,1.,1.,1.,1.,1.,1.,1.000000000002,0.999999999994,
1.000000000024,0.999999999949,1.)) REPRESENTATION_ITEM('') );
#6020 = CARTESIAN_POINT('',(196.75517071293,106.27796884521));
#6021 = CARTESIAN_POINT('',(195.31263613591,106.35358804444));
#6022 = CARTESIAN_POINT('',(192.43143989134,106.60589956764));
#6023 = CARTESIAN_POINT('',(188.15348409016,107.28398137208));
#6024 = CARTESIAN_POINT('',(183.93491898641,108.25837412644));
#6025 = CARTESIAN_POINT('',(179.79561654668,109.52420573644));
#6026 = CARTESIAN_POINT('',(175.75512182948,111.07531485465));
#6027 = CARTESIAN_POINT('',(171.83255516854,112.9043059403));
#6028 = CARTESIAN_POINT('',(168.04652469103,115.00257122279));
#6029 = CARTESIAN_POINT('',(164.41503471547,117.36033957163));
#6030 = CARTESIAN_POINT('',(160.9554301785,119.96671487345));
#6031 = CARTESIAN_POINT('',(157.6841980139,122.80982702199));
#6032 = CARTESIAN_POINT('',(154.61732694704,125.87661867395));
#6033 = CARTESIAN_POINT('',(151.77313824975,129.14914250977));
#6034 = CARTESIAN_POINT('',(149.16823363618,132.60685801449));
#6035 = CARTESIAN_POINT('',(146.8121619106,136.23531037302));
#6036 = CARTESIAN_POINT('',(144.71478867668,140.01878763246));
#6037 = CARTESIAN_POINT('',(142.88517357934,143.94125956212));
#6038 = CARTESIAN_POINT('',(141.33164405937,147.9870206141));
#6039 = CARTESIAN_POINT('',(140.06358253467,152.13385805276));
#6040 = CARTESIAN_POINT('',(139.4149392751,154.94563815249));
#6041 = CARTESIAN_POINT('',(139.13911462624,156.36284228665));
#6042 = ( GEOMETRIC_REPRESENTATION_CONTEXT(2) 
PARAMETRIC_REPRESENTATION_CONTEXT() REPRESENTATION_CONTEXT('2D SPACE',''
  ) );
#6043 = PCURVE('',#6044,#6089);
#6044 = ( BOUNDED_SURFACE() B_SPLINE_SURFACE(1,3,(
    (#6045,#6046,#6047,#6048,#6049,#6050,#6051,#6052,#6053,#6054,#6055
      ,#6056,#6057,#6058,#6059,#6060,#6061,#6062,#6063,#6064,#6065,#6066
      )
    ,(#6067,#6068,#6069,#6070,#6071,#6072,#6073,#6074,#6075,#6076,#6077
      ,#6078,#6079,#6080,#6081,#6082,#6083,#6084,#6085,#6086,#6087,#6088
)),.UNSPECIFIED.,.F.,.F.,.F.) B_SPLINE_SURFACE_WITH_KNOTS((2,2),(4,1,1,1
    ,1,1,1,1,1,1,1,1,1,1,1,1,1,1,1,4),(2.,3.),(0.,5.245000615645E-02,
    0.105056142816,0.157827138689,0.210729740208,0.263703235816,
    0.316673593925,0.369567354274,0.422325530646,0.474917777959,
    0.52735694777,0.57971823004,0.632142347135,0.684734332274,
    0.737455393694,0.790192360737,0.842823921577,0.89528663,
0.947644996011,1.),.UNSPECIFIED.) GEOMETRIC_REPRESENTATION_ITEM() 
RATIONAL_B_SPLINE_SURFACE((
    (1.,1.000000000036,0.999999999983,1.000000000004,0.999999999999,1.
      ,1.,1.,1.,1.,1.,1.,1.,1.,1.,1.,1.,1.000000000002,0.999999999994
      ,1.000000000024,0.999999999949,1.)
    ,(1.,1.000000000036,0.999999999983,1.000000000004,0.999999999999,1.
      ,1.,1.,1.,1.,1.,1.,1.,1.,1.,1.,1.,1.000000000002,0.999999999994
,1.000000000024,0.999999999949,1.
  ))) REPRESENTATION_ITEM('') SURFACE() );
#6045 = CARTESIAN_POINT('',(-3.244829287063,406.27796884521,6.8));
#6046 = CARTESIAN_POINT('',(-4.68736386409,406.35358804444,
    6.799999999728));
#6047 = CARTESIAN_POINT('',(-7.568560108651,406.60589956764,
    6.800000000127));
#6048 = CARTESIAN_POINT('',(-11.84651590984,407.28398137208,
    6.799999999966));
#6049 = CARTESIAN_POINT('',(-16.06508101358,408.25837412644,
    6.800000000009));
#6050 = CARTESIAN_POINT('',(-20.20438345332,409.52420573644,
    6.799999999998));
#6051 = CARTESIAN_POINT('',(-24.24487817051,411.07531485465,
    6.800000000001));
#6052 = CARTESIAN_POINT('',(-28.16744483145,412.9043059403,6.8));
#6053 = CARTESIAN_POINT('',(-31.95347530897,415.00257122279,6.8));
#6054 = CARTESIAN_POINT('',(-35.58496528452,417.36033957163,6.8));
#6055 = CARTESIAN_POINT('',(-39.04456982149,419.96671487345,6.8));
#6056 = CARTESIAN_POINT('',(-42.31580198609,422.80982702199,6.8));
#6057 = CARTESIAN_POINT('',(-45.38267305295,425.87661867395,6.8));
#6058 = CARTESIAN_POINT('',(-48.22686175024,429.14914250977,6.8));
#6059 = CARTESIAN_POINT('',(-50.83176636381,432.60685801449,6.8));
#6060 = CARTESIAN_POINT('',(-53.18783808939,436.23531037302,6.8));
#6061 = CARTESIAN_POINT('',(-55.28521132331,440.01878763246,
    6.800000000001));
#6062 = CARTESIAN_POINT('',(-57.11482642065,443.94125956212,
    6.799999999995));
#6063 = CARTESIAN_POINT('',(-58.66835594062,447.9870206141,
    6.800000000017));
#6064 = CARTESIAN_POINT('',(-59.93641746532,452.13385805276,
    6.799999999936));
#6065 = CARTESIAN_POINT('',(-60.58506072489,454.94563815249,
    6.800000000137));
#6066 = CARTESIAN_POINT('',(-60.86088537375,456.36284228665,6.8));
#6067 = CARTESIAN_POINT('',(-3.176138344494,407.58867010958,
    6.80398903553));
#6068 = CARTESIAN_POINT('',(-4.588135395115,407.66268850209,
    6.807457275208));
#6069 = CARTESIAN_POINT('',(-7.408338574129,407.9096587488,
    6.818710985636));
#6070 = CARTESIAN_POINT('',(-11.59573281093,408.57338600066,
    6.845849431277));
#6071 = CARTESIAN_POINT('',(-15.7249936131,409.52715148858,
    6.880656721695));
#6072 = CARTESIAN_POINT('',(-19.77666969069,410.76618626019,
    6.920536177504));
#6073 = CARTESIAN_POINT('',(-23.7316297415,412.28445939905,
    6.962894508148));
#6074 = CARTESIAN_POINT('',(-27.57115819692,414.07473192342,
    7.005153906967));
#6075 = CARTESIAN_POINT('',(-31.27704085182,416.12857828359,
    7.044689747119));
#6076 = CARTESIAN_POINT('',(-34.83165452749,418.43643419764,
    7.079047944541));
#6077 = CARTESIAN_POINT('',(-38.21802146842,420.98763421584,
    7.105121411608));
#6078 = CARTESIAN_POINT('',(-41.42000375856,423.77055951447,
    7.122194364589));
#6079 = CARTESIAN_POINT('',(-44.42195114357,426.77242916573,
    7.12059704802));
#6080 = CARTESIAN_POINT('',(-47.20593020109,429.97567578326,
    7.135281636926));
#6081 = CARTESIAN_POINT('',(-49.75569066457,433.36019368152,
    7.162221461971));
#6082 = CARTESIAN_POINT('',(-52.06188587177,436.91183404459,
    7.195342887856));
#6083 = CARTESIAN_POINT('',(-54.11485906748,440.61521753123,
    7.229178528868));
#6084 = CARTESIAN_POINT('',(-55.90574239357,444.45465326142,
    7.258122021785));
#6085 = CARTESIAN_POINT('',(-57.42638469604,448.41476815968,
    7.276540493673));
#6086 = CARTESIAN_POINT('',(-58.66760217576,452.47381973413,
    7.278860784061));
#6087 = CARTESIAN_POINT('',(-59.30251407752,455.22607624085,
    7.272776256094));
#6088 = CARTESIAN_POINT('',(-59.57249969548,456.61327909308,7.276953125)
  );
#6089 = DEFINITIONAL_REPRESENTATION('',(#6090),#6094);
#6090 = LINE('',#6091,#6092);
#6091 = CARTESIAN_POINT('',(2.,0.));
#6092 = VECTOR('',#6093,1.);
#6093 = DIRECTION('',(0.,1.));
#6094 = ( GEOMETRIC_REPRESENTATION_CONTEXT(2) 
PARAMETRIC_REPRESENTATION_CONTEXT() REPRESENTATION_CONTEXT('2D SPACE',''
  ) );
#6095 = ORIENTED_EDGE('',*,*,#6096,.F.);
#6096 = EDGE_CURVE('',#5877,#5991,#6097,.T.);
#6097 = SURFACE_CURVE('',#6098,(#6102,#6109),.PCURVE_S1.);
#6098 = LINE('',#6099,#6100);
#6099 = CARTESIAN_POINT('',(-142.219446287,358.21655298318,6.8));
#6100 = VECTOR('',#6101,1.);
#6101 = DIRECTION('',(0.81603130614,0.578007705311,-0.));
#6102 = PCURVE('',#5885,#6103);
#6103 = DEFINITIONAL_REPRESENTATION('',(#6104),#6108);
#6104 = LINE('',#6105,#6106);
#6105 = CARTESIAN_POINT('',(57.780553712988,58.216552983189));
#6106 = VECTOR('',#6107,1.);
#6107 = DIRECTION('',(0.81603130614,0.578007705311));
#6108 = ( GEOMETRIC_REPRESENTATION_CONTEXT(2) 
PARAMETRIC_REPRESENTATION_CONTEXT() REPRESENTATION_CONTEXT('2D SPACE',''
  ) );
#6109 = PCURVE('',#6110,#6115);
#6110 = PLANE('',#6111);
#6111 = AXIS2_PLACEMENT_3D('',#6112,#6113,#6114);
#6112 = CARTESIAN_POINT('',(-83.807,399.591,0.));
#6113 = DIRECTION('',(-0.578007705311,0.81603130614,0.));
#6114 = DIRECTION('',(0.81603130614,0.578007705311,0.));
#6115 = DEFINITIONAL_REPRESENTATION('',(#6116),#6119);
#6116 = B_SPLINE_CURVE_WITH_KNOTS('',1,(#6117,#6118),.UNSPECIFIED.,.F.,
  .F.,(2,2),(71.581134017141,129.1720617749),.PIECEWISE_BEZIER_KNOTS.);
#6117 = CARTESIAN_POINT('',(0.,-6.8));
#6118 = CARTESIAN_POINT('',(57.590927757764,-6.8));
#6119 = ( GEOMETRIC_REPRESENTATION_CONTEXT(2) 
PARAMETRIC_REPRESENTATION_CONTEXT() REPRESENTATION_CONTEXT('2D SPACE',''
  ) );
#6120 = ADVANCED_FACE('',(#6121),#5897,.T.);
#6121 = FACE_BOUND('',#6122,.T.);
#6122 = EDGE_LOOP('',(#6123,#6124,#6145,#6173));
#6123 = ORIENTED_EDGE('',*,*,#5874,.F.);
#6124 = ORIENTED_EDGE('',*,*,#6125,.F.);
#6125 = EDGE_CURVE('',#6126,#5875,#6128,.T.);
#6126 = VERTEX_POINT('',#6127);
#6127 = CARTESIAN_POINT('',(-56.75561325054,308.67246375277,18.3));
#6128 = SURFACE_CURVE('',#6129,(#6133,#6139),.PCURVE_S1.);
#6129 = LINE('',#6130,#6131);
#6130 = CARTESIAN_POINT('',(-56.75561325054,308.67246375277,-7.925));
#6131 = VECTOR('',#6132,1.);
#6132 = DIRECTION('',(0.,0.,-1.));
#6133 = PCURVE('',#5897,#6134);
#6134 = DEFINITIONAL_REPRESENTATION('',(#6135),#6138);
#6135 = B_SPLINE_CURVE_WITH_KNOTS('',1,(#6136,#6137),.UNSPECIFIED.,.F.,
  .F.,(2,2),(-26.225,-14.725),.PIECEWISE_BEZIER_KNOTS.);
#6136 = CARTESIAN_POINT('',(2.211289142351,-18.3));
#6137 = CARTESIAN_POINT('',(2.211289142351,-6.8));
#6138 = ( GEOMETRIC_REPRESENTATION_CONTEXT(2) 
PARAMETRIC_REPRESENTATION_CONTEXT() REPRESENTATION_CONTEXT('2D SPACE',''
  ) );
#6139 = PCURVE('',#5924,#6140);
#6140 = DEFINITIONAL_REPRESENTATION('',(#6141),#6144);
#6141 = B_SPLINE_CURVE_WITH_KNOTS('',1,(#6142,#6143),.UNSPECIFIED.,.F.,
  .F.,(2,2),(-26.225,-14.725),.PIECEWISE_BEZIER_KNOTS.);
#6142 = CARTESIAN_POINT('',(34.15,46.598800549133));
#6143 = CARTESIAN_POINT('',(22.65,46.598800549133));
#6144 = ( GEOMETRIC_REPRESENTATION_CONTEXT(2) 
PARAMETRIC_REPRESENTATION_CONTEXT() REPRESENTATION_CONTEXT('2D SPACE',''
  ) );
#6145 = ORIENTED_EDGE('',*,*,#6146,.T.);
#6146 = EDGE_CURVE('',#6126,#6147,#6149,.T.);
#6147 = VERTEX_POINT('',#6148);
#6148 = CARTESIAN_POINT('',(-83.807,399.591,18.3));
#6149 = SURFACE_CURVE('',#6150,(#6154,#6161),.PCURVE_S1.);
#6150 = LINE('',#6151,#6152);
#6151 = CARTESIAN_POINT('',(-56.125,306.553,18.3));
#6152 = VECTOR('',#6153,1.);
#6153 = DIRECTION('',(-0.285179010952,0.958474272848,0.));
#6154 = PCURVE('',#5897,#6155);
#6155 = DEFINITIONAL_REPRESENTATION('',(#6156),#6160);
#6156 = LINE('',#6157,#6158);
#6157 = CARTESIAN_POINT('',(0.,-18.3));
#6158 = VECTOR('',#6159,1.);
#6159 = DIRECTION('',(1.,0.));
#6160 = ( GEOMETRIC_REPRESENTATION_CONTEXT(2) 
PARAMETRIC_REPRESENTATION_CONTEXT() REPRESENTATION_CONTEXT('2D SPACE',''
  ) );
#6161 = PCURVE('',#6162,#6167);
#6162 = PLANE('',#6163);
#6163 = AXIS2_PLACEMENT_3D('',#6164,#6165,#6166);
#6164 = CARTESIAN_POINT('',(8.069874045631E-04,231.618795862,18.3));
#6165 = DIRECTION('',(0.,-0.,-1.));
#6166 = DIRECTION('',(-1.,0.,0.));
#6167 = DEFINITIONAL_REPRESENTATION('',(#6168),#6172);
#6168 = LINE('',#6169,#6170);
#6169 = CARTESIAN_POINT('',(56.125806987405,74.934204137994));
#6170 = VECTOR('',#6171,1.);
#6171 = DIRECTION('',(0.285179010952,0.958474272848));
#6172 = ( GEOMETRIC_REPRESENTATION_CONTEXT(2) 
PARAMETRIC_REPRESENTATION_CONTEXT() REPRESENTATION_CONTEXT('2D SPACE',''
  ) );
#6173 = ORIENTED_EDGE('',*,*,#6174,.F.);
#6174 = EDGE_CURVE('',#5877,#6147,#6175,.T.);
#6175 = SURFACE_CURVE('',#6176,(#6180,#6187),.PCURVE_S1.);
#6176 = LINE('',#6177,#6178);
#6177 = CARTESIAN_POINT('',(-83.807,399.591,0.));
#6178 = VECTOR('',#6179,1.);
#6179 = DIRECTION('',(-0.,-0.,1.));
#6180 = PCURVE('',#5897,#6181);
#6181 = DEFINITIONAL_REPRESENTATION('',(#6182),#6186);
#6182 = LINE('',#6183,#6184);
#6183 = CARTESIAN_POINT('',(97.068854778451,0.));
#6184 = VECTOR('',#6185,1.);
#6185 = DIRECTION('',(0.,-1.));
#6186 = ( GEOMETRIC_REPRESENTATION_CONTEXT(2) 
PARAMETRIC_REPRESENTATION_CONTEXT() REPRESENTATION_CONTEXT('2D SPACE',''
  ) );
#6187 = PCURVE('',#6110,#6188);
#6188 = DEFINITIONAL_REPRESENTATION('',(#6189),#6193);
#6189 = LINE('',#6190,#6191);
#6190 = CARTESIAN_POINT('',(0.,0.));
#6191 = VECTOR('',#6192,1.);
#6192 = DIRECTION('',(0.,-1.));
#6193 = ( GEOMETRIC_REPRESENTATION_CONTEXT(2) 
PARAMETRIC_REPRESENTATION_CONTEXT() REPRESENTATION_CONTEXT('2D SPACE',''
  ) );
#6194 = ADVANCED_FACE('',(#6195),#6110,.T.);
#6195 = FACE_BOUND('',#6196,.T.);
#6196 = EDGE_LOOP('',(#6197,#6198,#6199,#6222,#6249,#6323,#6397,#6471,
    #6545,#6619,#6693,#6767,#6841));
#6197 = ORIENTED_EDGE('',*,*,#6096,.F.);
#6198 = ORIENTED_EDGE('',*,*,#6174,.T.);
#6199 = ORIENTED_EDGE('',*,*,#6200,.T.);
#6200 = EDGE_CURVE('',#6147,#6201,#6203,.T.);
#6201 = VERTEX_POINT('',#6202);
#6202 = CARTESIAN_POINT('',(-36.811,432.879,18.3));
#6203 = SURFACE_CURVE('',#6204,(#6208,#6215),.PCURVE_S1.);
#6204 = LINE('',#6205,#6206);
#6205 = CARTESIAN_POINT('',(-83.807,399.591,18.3));
#6206 = VECTOR('',#6207,1.);
#6207 = DIRECTION('',(0.81603130614,0.578007705311,0.));
#6208 = PCURVE('',#6110,#6209);
#6209 = DEFINITIONAL_REPRESENTATION('',(#6210),#6214);
#6210 = LINE('',#6211,#6212);
#6211 = CARTESIAN_POINT('',(0.,-18.3));
#6212 = VECTOR('',#6213,1.);
#6213 = DIRECTION('',(1.,0.));
#6214 = ( GEOMETRIC_REPRESENTATION_CONTEXT(2) 
PARAMETRIC_REPRESENTATION_CONTEXT() REPRESENTATION_CONTEXT('2D SPACE',''
  ) );
#6215 = PCURVE('',#6162,#6216);
#6216 = DEFINITIONAL_REPRESENTATION('',(#6217),#6221);
#6217 = LINE('',#6218,#6219);
#6218 = CARTESIAN_POINT('',(83.807806987405,167.97220413799));
#6219 = VECTOR('',#6220,1.);
#6220 = DIRECTION('',(-0.81603130614,0.578007705311));
#6221 = ( GEOMETRIC_REPRESENTATION_CONTEXT(2) 
PARAMETRIC_REPRESENTATION_CONTEXT() REPRESENTATION_CONTEXT('2D SPACE',''
  ) );
#6222 = ORIENTED_EDGE('',*,*,#6223,.F.);
#6223 = EDGE_CURVE('',#6224,#6201,#6226,.T.);
#6224 = VERTEX_POINT('',#6225);
#6225 = CARTESIAN_POINT('',(-36.811,432.879,14.30003798694));
#6226 = SURFACE_CURVE('',#6227,(#6231,#6238),.PCURVE_S1.);
#6227 = LINE('',#6228,#6229);
#6228 = CARTESIAN_POINT('',(-36.811,432.879,0.));
#6229 = VECTOR('',#6230,1.);
#6230 = DIRECTION('',(-0.,-0.,1.));
#6231 = PCURVE('',#6110,#6232);
#6232 = DEFINITIONAL_REPRESENTATION('',(#6233),#6237);
#6233 = LINE('',#6234,#6235);
#6234 = CARTESIAN_POINT('',(57.590927757764,0.));
#6235 = VECTOR('',#6236,1.);
#6236 = DIRECTION('',(0.,-1.));
#6237 = ( GEOMETRIC_REPRESENTATION_CONTEXT(2) 
PARAMETRIC_REPRESENTATION_CONTEXT() REPRESENTATION_CONTEXT('2D SPACE',''
  ) );
#6238 = PCURVE('',#6239,#6244);
#6239 = CYLINDRICAL_SURFACE('',#6240,50.937650636176);
#6240 = AXIS2_PLACEMENT_3D('',#6241,#6242,#6243);
#6241 = CARTESIAN_POINT('',(-2.28324494233E-02,468.11073258021,0.));
#6242 = DIRECTION('',(-0.,0.,-1.));
#6243 = DIRECTION('',(-0.197460374104,-0.980310869397,0.));
#6244 = DEFINITIONAL_REPRESENTATION('',(#6245),#6248);
#6245 = B_SPLINE_CURVE_WITH_KNOTS('',1,(#6246,#6247),.UNSPECIFIED.,.F.,
  .F.,(2,2),(14.30003798694,18.3),.PIECEWISE_BEZIER_KNOTS.);
#6246 = CARTESIAN_POINT('',(0.608239370727,-14.30003798694));
#6247 = CARTESIAN_POINT('',(0.608239370727,-18.3));
#6248 = ( GEOMETRIC_REPRESENTATION_CONTEXT(2) 
PARAMETRIC_REPRESENTATION_CONTEXT() REPRESENTATION_CONTEXT('2D SPACE',''
  ) );
#6249 = ORIENTED_EDGE('',*,*,#6250,.T.);
#6250 = EDGE_CURVE('',#6224,#6251,#6253,.T.);
#6251 = VERTEX_POINT('',#6252);
#6252 = CARTESIAN_POINT('',(-37.21437490588,432.59328326098,
    14.301950884369));
#6253 = SURFACE_CURVE('',#6254,(#6260,#6269),.PCURVE_S1.);
#6254 = B_SPLINE_CURVE_WITH_KNOTS('',4,(#6255,#6256,#6257,#6258,#6259),
  .UNSPECIFIED.,.F.,.F.,(5,5),(0.,1.),.PIECEWISE_BEZIER_KNOTS.);
#6255 = CARTESIAN_POINT('',(-36.811,432.879,14.30003798694));
#6256 = CARTESIAN_POINT('',(-36.91184378674,432.80757077255,
    14.300509377683));
#6257 = CARTESIAN_POINT('',(-37.01268753353,432.7361415734,
    14.300985248178));
#6258 = CARTESIAN_POINT('',(-37.11353123991,432.66471240287,
    14.301465717725));
#6259 = CARTESIAN_POINT('',(-37.21437490588,432.59328326098,
    14.301950884369));
#6260 = PCURVE('',#6110,#6261);
#6261 = DEFINITIONAL_REPRESENTATION('',(#6262),#6268);
#6262 = B_SPLINE_CURVE_WITH_KNOTS('',4,(#6263,#6264,#6265,#6266,#6267),
  .UNSPECIFIED.,.F.,.F.,(5,5),(0.,1.),.PIECEWISE_BEZIER_KNOTS.);
#6263 = CARTESIAN_POINT('',(57.590927757764,-14.30003798694));
#6264 = CARTESIAN_POINT('',(57.467349426904,-14.30050937768));
#6265 = CARTESIAN_POINT('',(57.343771145006,-14.30098524817));
#6266 = CARTESIAN_POINT('',(57.22019291262,-14.30146571772));
#6267 = CARTESIAN_POINT('',(57.096614729766,-14.30195088436));
#6268 = ( GEOMETRIC_REPRESENTATION_CONTEXT(2) 
PARAMETRIC_REPRESENTATION_CONTEXT() REPRESENTATION_CONTEXT('2D SPACE',''
  ) );
#6269 = PCURVE('',#6270,#6315);
#6270 = ( BOUNDED_SURFACE() B_SPLINE_SURFACE(1,3,(
    (#6271,#6272,#6273,#6274,#6275,#6276,#6277,#6278,#6279,#6280,#6281
      ,#6282,#6283,#6284,#6285,#6286,#6287,#6288,#6289,#6290,#6291,#6292
      )
    ,(#6293,#6294,#6295,#6296,#6297,#6298,#6299,#6300,#6301,#6302,#6303
      ,#6304,#6305,#6306,#6307,#6308,#6309,#6310,#6311,#6312,#6313,#6314
)),.UNSPECIFIED.,.F.,.F.,.F.) B_SPLINE_SURFACE_WITH_KNOTS((2,2),(4,1,1,1
    ,1,1,1,1,1,1,1,1,1,1,1,1,1,1,1,4),(10.,11.),(0.,5.245000615645E-02,
    0.105056142816,0.157827138689,0.210729740208,0.263703235816,
    0.316673593925,0.369567354274,0.422325530646,0.474917777959,
    0.52735694777,0.57971823004,0.632142347135,0.684734332274,
    0.737455393694,0.790192360737,0.842823921577,0.89528663,
0.947644996011,1.),.UNSPECIFIED.) GEOMETRIC_REPRESENTATION_ITEM() 
RATIONAL_B_SPLINE_SURFACE((
    (1.,1.000000000036,0.999999999983,1.000000000004,0.999999999999,1.
      ,1.,1.,1.,1.,1.,1.,1.,1.,1.,1.,1.,1.000000000002,0.999999999994
      ,1.000000000024,0.999999999949,1.)
    ,(1.,1.000000000036,0.999999999983,1.000000000004,0.999999999999,1.
      ,1.,1.,1.,1.,1.,1.,1.,1.,1.,1.,1.,1.000000000002,0.999999999994
,1.000000000024,0.999999999949,1.
  ))) REPRESENTATION_ITEM('') SURFACE() );
#6271 = CARTESIAN_POINT('',(-2.695301746512,416.76357896014,
    6.892835735959));
#6272 = CARTESIAN_POINT('',(-3.89353611268,416.82639168764,
    6.973551139748));
#6273 = CARTESIAN_POINT('',(-6.286787832294,417.03597302536,
    7.235455662158));
#6274 = CARTESIAN_POINT('',(-9.840251118628,417.59921839847,
    7.867041310683));
#6275 = CARTESIAN_POINT('',(-13.34438180968,418.40859302419,
    8.67710188647));
#6276 = CARTESIAN_POINT('',(-16.78267335235,419.46004992628,
    9.605205585611));
#6277 = CARTESIAN_POINT('',(-20.13889073841,420.7484712099,
    10.590999462327));
#6278 = CARTESIAN_POINT('',(-23.39715175516,422.26771380525,
    11.574490925778));
#6279 = CARTESIAN_POINT('',(-26.5419996518,424.01062770925,
    12.494597751129));
#6280 = CARTESIAN_POINT('',(-29.55847922827,425.96909657966,
    13.294206709324));
#6281 = CARTESIAN_POINT('',(-32.43218299688,428.13406961262,
    13.901007397413));
#6282 = CARTESIAN_POINT('',(-35.14941616586,430.49568696181,
    14.298341575891));
#6283 = CARTESIAN_POINT('',(-37.69689777786,433.0431026082,
    14.261167663012));
#6284 = CARTESIAN_POINT('',(-40.05940935705,435.76140869763,
    14.602918095742));
#6285 = CARTESIAN_POINT('',(-42.22316076994,438.63354335075,
    15.22988129679));
#6286 = CARTESIAN_POINT('',(-44.18022034844,441.64749974533,
    16.000707208291));
#6287 = CARTESIAN_POINT('',(-45.92239327663,444.79022682375,
    16.78815485365));
#6288 = CARTESIAN_POINT('',(-47.4421542042,448.04840915236,
    17.46174887062));
#6289 = CARTESIAN_POINT('',(-48.73258598313,451.40900099416,
    17.890396943689));
#6290 = CARTESIAN_POINT('',(-49.78589515193,454.85355144636,
    17.944396428939));
#6291 = CARTESIAN_POINT('',(-50.32468753915,457.18914298298,
    17.802792869345));
#6292 = CARTESIAN_POINT('',(-50.55379994755,458.3663367381,17.9));
#6293 = CARTESIAN_POINT('',(-1.884094424746,432.24233674883,
    6.892835735959));
#6294 = CARTESIAN_POINT('',(-2.721695147289,432.2862446635,
    6.973551139748));
#6295 = CARTESIAN_POINT('',(-4.394647804838,432.43274813952,
    7.235455662158));
#6296 = CARTESIAN_POINT('',(-6.878622141247,432.82647305382,
    7.867041310683));
#6297 = CARTESIAN_POINT('',(-9.328111556264,433.39224949302,
    8.67710188647));
#6298 = CARTESIAN_POINT('',(-11.73157748902,434.12724849206,
    9.605205585611));
#6299 = CARTESIAN_POINT('',(-14.07767119578,435.02789249627,
    10.590999462327));
#6300 = CARTESIAN_POINT('',(-16.35529054729,436.08988732017,
    11.574490925778));
#6301 = CARTESIAN_POINT('',(-18.55363082456,437.30823490355,
    12.494597751129));
#6302 = CARTESIAN_POINT('',(-20.66223790714,438.67726168675,
    13.294206709324));
#6303 = CARTESIAN_POINT('',(-22.67104054151,440.19064089426,
    13.901007397413));
#6304 = CARTESIAN_POINT('',(-24.57046566934,441.84148020631,
    14.298341575891));
#6305 = CARTESIAN_POINT('',(-26.35122951462,443.62219793971,
    14.261167663012));
#6306 = CARTESIAN_POINT('',(-28.00269391949,445.52237307019,
    14.602918095742));
#6307 = CARTESIAN_POINT('',(-29.51521917898,447.53007884713,
    15.22988129679));
#6308 = CARTESIAN_POINT('',(-30.8832608261,449.63692215206,
    16.000707208291));
#6309 = CARTESIAN_POINT('',(-32.10109044579,451.83377991565,
    16.78815485365));
#6310 = CARTESIAN_POINT('',(-33.16344759908,454.11134426175,
    17.46174887062));
#6311 = CARTESIAN_POINT('',(-34.06549699782,456.46049584092,
    17.890396943689));
#6312 = CARTESIAN_POINT('',(-34.80179078616,458.86833693211,
    17.944396428939));
#6313 = CARTESIAN_POINT('',(-35.17842235672,460.50098344715,
    17.802792869345));
#6314 = CARTESIAN_POINT('',(-35.33857860411,461.32387616644,17.9));
#6315 = DEFINITIONAL_REPRESENTATION('',(#6316),#6322);
#6316 = B_SPLINE_CURVE_WITH_KNOTS('',4,(#6317,#6318,#6319,#6320,#6321),
  .UNSPECIFIED.,.F.,.F.,(5,5),(0.,1.),.PIECEWISE_BEZIER_KNOTS.);
#6317 = CARTESIAN_POINT('',(10.031544126444,0.569102222419));
#6318 = CARTESIAN_POINT('',(10.023658926051,0.569370785766));
#6319 = CARTESIAN_POINT('',(10.015773167918,0.569637640081));
#6320 = CARTESIAN_POINT('',(10.00788685532,0.569902795159));
#6321 = CARTESIAN_POINT('',(10.,0.570166286754));
#6322 = ( GEOMETRIC_REPRESENTATION_CONTEXT(2) 
PARAMETRIC_REPRESENTATION_CONTEXT() REPRESENTATION_CONTEXT('2D SPACE',''
  ) );
#6323 = ORIENTED_EDGE('',*,*,#6324,.T.);
#6324 = EDGE_CURVE('',#6251,#6325,#6327,.T.);
#6325 = VERTEX_POINT('',#6326);
#6326 = CARTESIAN_POINT('',(-38.29679078869,431.82659120405,
    13.98478577624));
#6327 = SURFACE_CURVE('',#6328,(#6334,#6343),.PCURVE_S1.);
#6328 = B_SPLINE_CURVE_WITH_KNOTS('',4,(#6329,#6330,#6331,#6332,#6333),
  .UNSPECIFIED.,.F.,.F.,(5,5),(0.,1.),.PIECEWISE_BEZIER_KNOTS.);
#6329 = CARTESIAN_POINT('',(-37.21437490588,432.59328326098,
    14.301950884369));
#6330 = CARTESIAN_POINT('',(-37.48500793902,432.40158966136,
    14.222678836875));
#6331 = CARTESIAN_POINT('',(-37.75562116638,432.2099100905,
    14.143394142432));
#6332 = CARTESIAN_POINT('',(-38.02621528617,432.01824405383,
    14.064096825429));
#6333 = CARTESIAN_POINT('',(-38.29679078869,431.82659120405,
    13.98478577624));
#6334 = PCURVE('',#6110,#6335);
#6335 = DEFINITIONAL_REPRESENTATION('',(#6336),#6342);
#6336 = B_SPLINE_CURVE_WITH_KNOTS('',4,(#6337,#6338,#6339,#6340,#6341),
  .UNSPECIFIED.,.F.,.F.,(5,5),(0.,1.),.PIECEWISE_BEZIER_KNOTS.);
#6337 = CARTESIAN_POINT('',(57.096614729766,-14.30195088436));
#6338 = CARTESIAN_POINT('',(56.764969324605,-14.22267883687));
#6339 = CARTESIAN_POINT('',(56.433348190321,-14.14339414243));
#6340 = CARTESIAN_POINT('',(56.101750471271,-14.06409682542));
#6341 = CARTESIAN_POINT('',(55.770175566625,-13.98478577624));
#6342 = ( GEOMETRIC_REPRESENTATION_CONTEXT(2) 
PARAMETRIC_REPRESENTATION_CONTEXT() REPRESENTATION_CONTEXT('2D SPACE',''
  ) );
#6343 = PCURVE('',#6344,#6389);
#6344 = ( BOUNDED_SURFACE() B_SPLINE_SURFACE(1,3,(
    (#6345,#6346,#6347,#6348,#6349,#6350,#6351,#6352,#6353,#6354,#6355
      ,#6356,#6357,#6358,#6359,#6360,#6361,#6362,#6363,#6364,#6365,#6366
      )
    ,(#6367,#6368,#6369,#6370,#6371,#6372,#6373,#6374,#6375,#6376,#6377
      ,#6378,#6379,#6380,#6381,#6382,#6383,#6384,#6385,#6386,#6387,#6388
)),.UNSPECIFIED.,.F.,.F.,.F.) B_SPLINE_SURFACE_WITH_KNOTS((2,2),(4,1,1,1
    ,1,1,1,1,1,1,1,1,1,1,1,1,1,1,1,4),(9.,10.),(0.,5.245000615645E-02,
    0.105056142816,0.157827138689,0.210729740208,0.263703235816,
    0.316673593925,0.369567354274,0.422325530646,0.474917777959,
    0.52735694777,0.57971823004,0.632142347135,0.684734332274,
    0.737455393694,0.790192360737,0.842823921577,0.89528663,
0.947644996011,1.),.UNSPECIFIED.) GEOMETRIC_REPRESENTATION_ITEM() 
RATIONAL_B_SPLINE_SURFACE((
    (1.,1.000000000036,0.999999999983,1.000000000004,0.999999999999,1.
      ,1.,1.,1.,1.,1.,1.,1.,1.,1.,1.,1.,1.000000000002,0.999999999994
      ,1.000000000024,0.999999999949,1.)
    ,(1.,1.000000000036,0.999999999983,1.000000000004,0.999999999999,1.
      ,1.,1.,1.,1.,1.,1.,1.,1.,1.,1.,1.,1.000000000002,0.999999999994
,1.000000000024,0.999999999949,1.
  ))) REPRESENTATION_ITEM('') SURFACE() );
#6345 = CARTESIAN_POINT('',(-2.76399268908,415.45287769577,6.88884670043
    ));
#6346 = CARTESIAN_POINT('',(-3.992764581941,415.51729121876,
    6.96609386434));
#6347 = CARTESIAN_POINT('',(-6.447009366683,415.73221384942,
    7.216744676615));
#6348 = CARTESIAN_POINT('',(-10.09103421757,416.30981376848,
    7.82119187938));
#6349 = CARTESIAN_POINT('',(-13.68446921016,417.13981566243,
    8.596445164781));
#6350 = CARTESIAN_POINT('',(-17.21038711497,418.21806940243,
    9.484669408106));
#6351 = CARTESIAN_POINT('',(-20.65213916742,419.53932666552,
    10.42810495418));
#6352 = CARTESIAN_POINT('',(-23.99343838969,421.09728782212,
    11.369337018811));
#6353 = CARTESIAN_POINT('',(-27.21843410895,422.88462064844,
    12.24990800401));
#6354 = CARTESIAN_POINT('',(-30.3117899853,424.89300195366,
    13.015158764783));
#6355 = CARTESIAN_POINT('',(-33.25873134996,427.11315027022,
    13.595885985806));
#6356 = CARTESIAN_POINT('',(-36.04521439339,429.53495446933,
    13.976147211302));
#6357 = CARTESIAN_POINT('',(-38.65761968724,432.14729211642,
    13.940570614992));
#6358 = CARTESIAN_POINT('',(-41.0803409062,434.93487542415,
    14.267636458815));
#6359 = CARTESIAN_POINT('',(-43.29923646917,437.88020768371,
    14.867659834819));
#6360 = CARTESIAN_POINT('',(-45.30617256606,440.97097607381,
    15.605364320434));
#6361 = CARTESIAN_POINT('',(-47.09274553246,444.19379692475,
    16.358976324786));
#6362 = CARTESIAN_POINT('',(-48.65123823128,447.53501545391,
    17.003626848819));
#6363 = CARTESIAN_POINT('',(-49.97455722771,450.98125344542,
    17.413856450078));
#6364 = CARTESIAN_POINT('',(-51.05471044151,454.51358977674,
    17.465535644649));
#6365 = CARTESIAN_POINT('',(-51.6072341865,456.90870486931,
    17.330016613744));
#6366 = CARTESIAN_POINT('',(-51.84218562583,458.11589993167,17.423046875
    ));
#6367 = CARTESIAN_POINT('',(-2.695301746512,416.76357896014,
    6.892835735959));
#6368 = CARTESIAN_POINT('',(-3.89353611268,416.82639168764,
    6.973551139748));
#6369 = CARTESIAN_POINT('',(-6.286787832294,417.03597302536,
    7.235455662158));
#6370 = CARTESIAN_POINT('',(-9.840251118628,417.59921839847,
    7.867041310683));
#6371 = CARTESIAN_POINT('',(-13.34438180968,418.40859302419,
    8.67710188647));
#6372 = CARTESIAN_POINT('',(-16.78267335235,419.46004992628,
    9.605205585611));
#6373 = CARTESIAN_POINT('',(-20.13889073841,420.7484712099,
    10.590999462327));
#6374 = CARTESIAN_POINT('',(-23.39715175516,422.26771380525,
    11.574490925778));
#6375 = CARTESIAN_POINT('',(-26.5419996518,424.01062770925,
    12.494597751129));
#6376 = CARTESIAN_POINT('',(-29.55847922827,425.96909657966,
    13.294206709324));
#6377 = CARTESIAN_POINT('',(-32.43218299688,428.13406961262,
    13.901007397413));
#6378 = CARTESIAN_POINT('',(-35.14941616586,430.49568696181,
    14.298341575891));
#6379 = CARTESIAN_POINT('',(-37.69689777786,433.0431026082,
    14.261167663012));
#6380 = CARTESIAN_POINT('',(-40.05940935705,435.76140869763,
    14.602918095742));
#6381 = CARTESIAN_POINT('',(-42.22316076994,438.63354335075,
    15.22988129679));
#6382 = CARTESIAN_POINT('',(-44.18022034844,441.64749974533,
    16.000707208291));
#6383 = CARTESIAN_POINT('',(-45.92239327663,444.79022682375,
    16.78815485365));
#6384 = CARTESIAN_POINT('',(-47.4421542042,448.04840915236,
    17.46174887062));
#6385 = CARTESIAN_POINT('',(-48.73258598313,451.40900099416,
    17.890396943689));
#6386 = CARTESIAN_POINT('',(-49.78589515193,454.85355144636,
    17.944396428939));
#6387 = CARTESIAN_POINT('',(-50.32468753915,457.18914298298,
    17.802792869345));
#6388 = CARTESIAN_POINT('',(-50.55379994755,458.3663367381,17.9));
#6389 = DEFINITIONAL_REPRESENTATION('',(#6390),#6396);
#6390 = B_SPLINE_CURVE_WITH_KNOTS('',4,(#6391,#6392,#6393,#6394,#6395),
  .UNSPECIFIED.,.F.,.F.,(5,5),(0.,1.),.PIECEWISE_BEZIER_KNOTS.);
#6391 = CARTESIAN_POINT('',(10.,0.570166286754));
#6392 = CARTESIAN_POINT('',(9.750041194898,0.570873416239));
#6393 = CARTESIAN_POINT('',(9.500054163972,0.571568491077));
#6394 = CARTESIAN_POINT('',(9.250040046093,0.572251972596));
#6395 = CARTESIAN_POINT('',(9.,0.572924277523));
#6396 = ( GEOMETRIC_REPRESENTATION_CONTEXT(2) 
PARAMETRIC_REPRESENTATION_CONTEXT() REPRESENTATION_CONTEXT('2D SPACE',''
  ) );
#6397 = ORIENTED_EDGE('',*,*,#6398,.T.);
#6398 = EDGE_CURVE('',#6325,#6399,#6401,.T.);
#6399 = VERTEX_POINT('',#6400);
#6400 = CARTESIAN_POINT('',(-39.37864639528,431.06029599952,
    13.139279546746));
#6401 = SURFACE_CURVE('',#6402,(#6408,#6417),.PCURVE_S1.);
#6402 = B_SPLINE_CURVE_WITH_KNOTS('',4,(#6403,#6404,#6405,#6406,#6407),
  .UNSPECIFIED.,.F.,.F.,(5,5),(0.,1.),.PIECEWISE_BEZIER_KNOTS.);
#6403 = CARTESIAN_POINT('',(-38.29679078869,431.82659120405,
    13.98478577624));
#6404 = CARTESIAN_POINT('',(-38.56731808266,431.63497250115,
    13.773525782202));
#6405 = CARTESIAN_POINT('',(-38.83780353455,431.44338343564,
    13.562190555968));
#6406 = CARTESIAN_POINT('',(-39.10824659378,431.25182439752,
    13.350776571029));
#6407 = CARTESIAN_POINT('',(-39.37864639528,431.06029599952,
    13.139279546746));
#6408 = PCURVE('',#6110,#6409);
#6409 = DEFINITIONAL_REPRESENTATION('',(#6410),#6416);
#6410 = B_SPLINE_CURVE_WITH_KNOTS('',4,(#6411,#6412,#6413,#6414,#6415),
  .UNSPECIFIED.,.F.,.F.,(5,5),(0.,1.),.PIECEWISE_BEZIER_KNOTS.);
#6411 = CARTESIAN_POINT('',(55.770175566625,-13.98478577624));
#6412 = CARTESIAN_POINT('',(55.438659738815,-13.7735257822));
#6413 = CARTESIAN_POINT('',(55.107195186104,-13.56219055596));
#6414 = CARTESIAN_POINT('',(54.775782583185,-13.35077657102));
#6415 = CARTESIAN_POINT('',(54.444422990158,-13.13927954674));
#6416 = ( GEOMETRIC_REPRESENTATION_CONTEXT(2) 
PARAMETRIC_REPRESENTATION_CONTEXT() REPRESENTATION_CONTEXT('2D SPACE',''
  ) );
#6417 = PCURVE('',#6418,#6463);
#6418 = ( BOUNDED_SURFACE() B_SPLINE_SURFACE(1,3,(
    (#6419,#6420,#6421,#6422,#6423,#6424,#6425,#6426,#6427,#6428,#6429
      ,#6430,#6431,#6432,#6433,#6434,#6435,#6436,#6437,#6438,#6439,#6440
      )
    ,(#6441,#6442,#6443,#6444,#6445,#6446,#6447,#6448,#6449,#6450,#6451
      ,#6452,#6453,#6454,#6455,#6456,#6457,#6458,#6459,#6460,#6461,#6462
)),.UNSPECIFIED.,.F.,.F.,.F.) B_SPLINE_SURFACE_WITH_KNOTS((2,2),(4,1,1,1
    ,1,1,1,1,1,1,1,1,1,1,1,1,1,1,1,4),(8.,9.),(0.,5.245000615645E-02,
    0.105056142816,0.157827138689,0.210729740208,0.263703235816,
    0.316673593925,0.369567354274,0.422325530646,0.474917777959,
    0.52735694777,0.57971823004,0.632142347135,0.684734332274,
    0.737455393694,0.790192360737,0.842823921577,0.89528663,
0.947644996011,1.),.UNSPECIFIED.) GEOMETRIC_REPRESENTATION_ITEM() 
RATIONAL_B_SPLINE_SURFACE((
    (1.,1.000000000036,0.999999999983,1.000000000004,0.999999999999,1.
      ,1.,1.,1.,1.,1.,1.,1.,1.,1.,1.,1.,1.000000000002,0.999999999994
      ,1.000000000024,0.999999999949,1.)
    ,(1.,1.000000000036,0.999999999983,1.000000000004,0.999999999999,1.
      ,1.,1.,1.,1.,1.,1.,1.,1.,1.,1.,1.,1.000000000002,0.999999999994
,1.000000000024,0.999999999949,1.
  ))) REPRESENTATION_ITEM('') SURFACE() );
#6419 = CARTESIAN_POINT('',(-2.832683631649,414.1421764314,
    6.878330152216));
#6420 = CARTESIAN_POINT('',(-4.09199305038,414.20819077876,
    6.946433774169));
#6421 = CARTESIAN_POINT('',(-6.607230901454,414.42845466004,
    7.167415714943));
#6422 = CARTESIAN_POINT('',(-10.34181731641,415.02040914211,
    7.700316105889));
#6423 = CARTESIAN_POINT('',(-14.02455661066,415.87103829969,
    8.383804716709));
#6424 = CARTESIAN_POINT('',(-17.63810087759,416.97608887884,
    9.166892212859));
#6425 = CARTESIAN_POINT('',(-21.16538759644,418.33018212108,
    9.998655796339));
#6426 = CARTESIAN_POINT('',(-24.58972502423,419.92686183901,
    10.828476718625));
#6427 = CARTESIAN_POINT('',(-27.89486856609,421.75861358763,
    11.604816852515));
#6428 = CARTESIAN_POINT('',(-31.06510074233,423.81690732765,
    12.279486910992));
#6429 = CARTESIAN_POINT('',(-34.08527970304,426.09223092783,
    12.791474991568));
#6430 = CARTESIAN_POINT('',(-36.94101262092,428.57422197686,
    13.126725704658));
#6431 = CARTESIAN_POINT('',(-39.61834159663,431.25148162464,
    13.095360215667));
#6432 = CARTESIAN_POINT('',(-42.10127245535,434.10834215067,
    13.383712143282));
#6433 = CARTESIAN_POINT('',(-44.3753121684,437.12687201668,
    13.912712344166));
#6434 = CARTESIAN_POINT('',(-46.43212478368,440.29445240227,
    14.563096706996));
#6435 = CARTESIAN_POINT('',(-48.2630977883,443.59736702583,
    15.227505657766));
#6436 = CARTESIAN_POINT('',(-49.86032225833,447.02162175516,
    15.795850609587));
#6437 = CARTESIAN_POINT('',(-51.21652847245,450.55350589781,
    16.157522421233));
#6438 = CARTESIAN_POINT('',(-52.32352573049,454.17362810294,
    16.203084486934));
#6439 = CARTESIAN_POINT('',(-52.88978083514,456.62826676463,
    16.083606483474));
#6440 = CARTESIAN_POINT('',(-53.1305713041,457.86546312524,16.165625));
#6441 = CARTESIAN_POINT('',(-2.76399268908,415.45287769577,6.88884670043
    ));
#6442 = CARTESIAN_POINT('',(-3.992764581941,415.51729121876,
    6.96609386434));
#6443 = CARTESIAN_POINT('',(-6.447009366683,415.73221384942,
    7.216744676615));
#6444 = CARTESIAN_POINT('',(-10.09103421757,416.30981376848,
    7.82119187938));
#6445 = CARTESIAN_POINT('',(-13.68446921016,417.13981566243,
    8.596445164781));
#6446 = CARTESIAN_POINT('',(-17.21038711497,418.21806940243,
    9.484669408106));
#6447 = CARTESIAN_POINT('',(-20.65213916742,419.53932666552,
    10.42810495418));
#6448 = CARTESIAN_POINT('',(-23.99343838969,421.09728782212,
    11.369337018811));
#6449 = CARTESIAN_POINT('',(-27.21843410895,422.88462064844,
    12.24990800401));
#6450 = CARTESIAN_POINT('',(-30.3117899853,424.89300195366,
    13.015158764783));
#6451 = CARTESIAN_POINT('',(-33.25873134996,427.11315027022,
    13.595885985806));
#6452 = CARTESIAN_POINT('',(-36.04521439339,429.53495446933,
    13.976147211302));
#6453 = CARTESIAN_POINT('',(-38.65761968724,432.14729211642,
    13.940570614992));
#6454 = CARTESIAN_POINT('',(-41.0803409062,434.93487542415,
    14.267636458815));
#6455 = CARTESIAN_POINT('',(-43.29923646917,437.88020768371,
    14.867659834819));
#6456 = CARTESIAN_POINT('',(-45.30617256606,440.97097607381,
    15.605364320434));
#6457 = CARTESIAN_POINT('',(-47.09274553246,444.19379692475,
    16.358976324786));
#6458 = CARTESIAN_POINT('',(-48.65123823128,447.53501545391,
    17.003626848819));
#6459 = CARTESIAN_POINT('',(-49.97455722771,450.98125344542,
    17.413856450078));
#6460 = CARTESIAN_POINT('',(-51.05471044151,454.51358977674,
    17.465535644649));
#6461 = CARTESIAN_POINT('',(-51.6072341865,456.90870486931,
    17.330016613744));
#6462 = CARTESIAN_POINT('',(-51.84218562583,458.11589993167,17.423046875
    ));
#6463 = DEFINITIONAL_REPRESENTATION('',(#6464),#6470);
#6464 = B_SPLINE_CURVE_WITH_KNOTS('',4,(#6465,#6466,#6467,#6468,#6469),
  .UNSPECIFIED.,.F.,.F.,(5,5),(0.,1.),.PIECEWISE_BEZIER_KNOTS.);
#6465 = CARTESIAN_POINT('',(9.,0.572924277523));
#6466 = CARTESIAN_POINT('',(8.750004503644,0.573596462666));
#6467 = CARTESIAN_POINT('',(8.500004557301,0.574257417654));
#6468 = CARTESIAN_POINT('',(8.250002297606,0.574907560761));
#6469 = CARTESIAN_POINT('',(8.,0.575547270576));
#6470 = ( GEOMETRIC_REPRESENTATION_CONTEXT(2) 
PARAMETRIC_REPRESENTATION_CONTEXT() REPRESENTATION_CONTEXT('2D SPACE',''
  ) );
#6471 = ORIENTED_EDGE('',*,*,#6472,.T.);
#6472 = EDGE_CURVE('',#6399,#6473,#6475,.T.);
#6473 = VERTEX_POINT('',#6474);
#6474 = CARTESIAN_POINT('',(-40.4599821127,430.2943690406,
    11.940298512111));
#6475 = SURFACE_CURVE('',#6476,(#6482,#6491),.PCURVE_S1.);
#6476 = B_SPLINE_CURVE_WITH_KNOTS('',4,(#6477,#6478,#6479,#6480,#6481),
  .UNSPECIFIED.,.F.,.F.,(5,5),(0.,1.),.PIECEWISE_BEZIER_KNOTS.);
#6477 = CARTESIAN_POINT('',(-39.37864639528,431.06029599952,
    13.139279546746));
#6478 = CARTESIAN_POINT('',(-39.64908042392,430.86874335791,
    12.839698247903));
#6479 = CARTESIAN_POINT('',(-39.9194489615,430.67723710463,
    12.540011029967));
#6480 = CARTESIAN_POINT('',(-40.18975019548,430.48577852355,
    12.240212884069));
#6481 = CARTESIAN_POINT('',(-40.4599821127,430.2943690406,
    11.940298512111));
#6482 = PCURVE('',#6110,#6483);
#6483 = DEFINITIONAL_REPRESENTATION('',(#6484),#6490);
#6484 = B_SPLINE_CURVE_WITH_KNOTS('',4,(#6485,#6486,#6487,#6488,#6489),
  .UNSPECIFIED.,.F.,.F.,(5,5),(0.,1.),.PIECEWISE_BEZIER_KNOTS.);
#6485 = CARTESIAN_POINT('',(54.444422990158,-13.13927954674));
#6486 = CARTESIAN_POINT('',(54.113021453719,-12.8396982479));
#6487 = CARTESIAN_POINT('',(53.781700172848,-12.54001102996));
#6488 = CARTESIAN_POINT('',(53.450461368719,-12.24021288406));
#6489 = CARTESIAN_POINT('',(53.119307508339,-11.94029851211));
#6490 = ( GEOMETRIC_REPRESENTATION_CONTEXT(2) 
PARAMETRIC_REPRESENTATION_CONTEXT() REPRESENTATION_CONTEXT('2D SPACE',''
  ) );
#6491 = PCURVE('',#6492,#6537);
#6492 = ( BOUNDED_SURFACE() B_SPLINE_SURFACE(1,3,(
    (#6493,#6494,#6495,#6496,#6497,#6498,#6499,#6500,#6501,#6502,#6503
      ,#6504,#6505,#6506,#6507,#6508,#6509,#6510,#6511,#6512,#6513,#6514
      )
    ,(#6515,#6516,#6517,#6518,#6519,#6520,#6521,#6522,#6523,#6524,#6525
      ,#6526,#6527,#6528,#6529,#6530,#6531,#6532,#6533,#6534,#6535,#6536
)),.UNSPECIFIED.,.F.,.F.,.F.) B_SPLINE_SURFACE_WITH_KNOTS((2,2),(4,1,1,1
    ,1,1,1,1,1,1,1,1,1,1,1,1,1,1,1,4),(7.,8.),(0.,5.245000615645E-02,
    0.105056142816,0.157827138689,0.210729740208,0.263703235816,
    0.316673593925,0.369567354274,0.422325530646,0.474917777959,
    0.52735694777,0.57971823004,0.632142347135,0.684734332274,
    0.737455393694,0.790192360737,0.842823921577,0.89528663,
0.947644996011,1.),.UNSPECIFIED.) GEOMETRIC_REPRESENTATION_ITEM() 
RATIONAL_B_SPLINE_SURFACE((
    (1.,1.000000000036,0.999999999983,1.000000000004,0.999999999999,1.
      ,1.,1.,1.,1.,1.,1.,1.,1.,1.,1.,1.,1.000000000002,0.999999999994
      ,1.000000000024,0.999999999949,1.)
    ,(1.,1.000000000036,0.999999999983,1.000000000004,0.999999999999,1.
      ,1.,1.,1.,1.,1.,1.,1.,1.,1.,1.,1.,1.000000000002,0.999999999994
,1.000000000024,0.999999999949,1.
  ))) REPRESENTATION_ITEM('') SURFACE() );
#6493 = CARTESIAN_POINT('',(-2.901374574218,412.83147516704,
    6.863461928879));
#6494 = CARTESIAN_POINT('',(-4.19122151976,412.89909031765,
    6.918638474455));
#6495 = CARTESIAN_POINT('',(-6.767452435788,413.12469548048,
    7.097674769045));
#6496 = CARTESIAN_POINT('',(-10.59260041537,413.7310045131,
    7.529422770977));
#6497 = CARTESIAN_POINT('',(-14.36464401113,414.60226093766,
    8.083175117703));
#6498 = CARTESIAN_POINT('',(-18.06581464021,415.73410835506,
    8.717621005789));
#6499 = CARTESIAN_POINT('',(-21.67863602545,417.12103757669,9.3915035387
    ));
#6500 = CARTESIAN_POINT('',(-25.18601165877,418.75643585589,
    10.063812156293));
#6501 = CARTESIAN_POINT('',(-28.57130302324,420.63260652682,
    10.692791431436));
#6502 = CARTESIAN_POINT('',(-31.81841149936,422.74081270165,
    11.239399117702));
#6503 = CARTESIAN_POINT('',(-34.91182805611,425.07131158543,
    11.654204275576));
#6504 = CARTESIAN_POINT('',(-37.83681084845,427.61348948438,
    11.925819436644));
#6505 = CARTESIAN_POINT('',(-40.57906350602,430.35567113286,
    11.900407582137));
#6506 = CARTESIAN_POINT('',(-43.1222040045,433.28180887718,
    12.134026042011));
#6507 = CARTESIAN_POINT('',(-45.45138786764,436.37353634965,
    12.562614167727));
#6508 = CARTESIAN_POINT('',(-47.5580770013,439.61792873074,
    13.089545943168));
#6509 = CARTESIAN_POINT('',(-49.43345004413,443.00093712691,
    13.627840231988));
#6510 = CARTESIAN_POINT('',(-51.0694062854,446.5082280564,
    14.088304892023));
#6511 = CARTESIAN_POINT('',(-52.45849971707,450.12575835021,
    14.381326035733));
#6512 = CARTESIAN_POINT('',(-53.59234101991,453.83366642908,
    14.418239746313));
#6513 = CARTESIAN_POINT('',(-54.17232748283,456.3478286601,
    14.321440438096));
#6514 = CARTESIAN_POINT('',(-54.41895698238,457.61502631881,14.387890625
    ));
#6515 = CARTESIAN_POINT('',(-2.832683631649,414.1421764314,
    6.878330152216));
#6516 = CARTESIAN_POINT('',(-4.09199305038,414.20819077876,
    6.946433774169));
#6517 = CARTESIAN_POINT('',(-6.607230901454,414.42845466004,
    7.167415714943));
#6518 = CARTESIAN_POINT('',(-10.34181731641,415.02040914211,
    7.700316105889));
#6519 = CARTESIAN_POINT('',(-14.02455661066,415.87103829969,
    8.383804716709));
#6520 = CARTESIAN_POINT('',(-17.63810087759,416.97608887884,
    9.166892212859));
#6521 = CARTESIAN_POINT('',(-21.16538759644,418.33018212108,
    9.998655796339));
#6522 = CARTESIAN_POINT('',(-24.58972502423,419.92686183901,
    10.828476718625));
#6523 = CARTESIAN_POINT('',(-27.89486856609,421.75861358763,
    11.604816852515));
#6524 = CARTESIAN_POINT('',(-31.06510074233,423.81690732765,
    12.279486910992));
#6525 = CARTESIAN_POINT('',(-34.08527970304,426.09223092783,
    12.791474991568));
#6526 = CARTESIAN_POINT('',(-36.94101262092,428.57422197686,
    13.126725704658));
#6527 = CARTESIAN_POINT('',(-39.61834159663,431.25148162464,
    13.095360215667));
#6528 = CARTESIAN_POINT('',(-42.10127245535,434.10834215067,
    13.383712143282));
#6529 = CARTESIAN_POINT('',(-44.3753121684,437.12687201668,
    13.912712344166));
#6530 = CARTESIAN_POINT('',(-46.43212478368,440.29445240227,
    14.563096706996));
#6531 = CARTESIAN_POINT('',(-48.2630977883,443.59736702583,
    15.227505657766));
#6532 = CARTESIAN_POINT('',(-49.86032225833,447.02162175516,
    15.795850609587));
#6533 = CARTESIAN_POINT('',(-51.21652847245,450.55350589781,
    16.157522421233));
#6534 = CARTESIAN_POINT('',(-52.32352573049,454.17362810294,
    16.203084486934));
#6535 = CARTESIAN_POINT('',(-52.88978083514,456.62826676463,
    16.083606483474));
#6536 = CARTESIAN_POINT('',(-53.1305713041,457.86546312524,16.165625));
#6537 = DEFINITIONAL_REPRESENTATION('',(#6538),#6544);
#6538 = B_SPLINE_CURVE_WITH_KNOTS('',4,(#6539,#6540,#6541,#6542,#6543),
  .UNSPECIFIED.,.F.,.F.,(5,5),(0.,1.),.PIECEWISE_BEZIER_KNOTS.);
#6539 = CARTESIAN_POINT('',(8.,0.575547270576));
#6540 = CARTESIAN_POINT('',(7.749966057168,0.576187061365));
#6541 = CARTESIAN_POINT('',(7.499952623053,0.576816363797));
#6542 = CARTESIAN_POINT('',(7.249962864688,0.57743555824));
#6543 = CARTESIAN_POINT('',(7.,0.578044990049));
#6544 = ( GEOMETRIC_REPRESENTATION_CONTEXT(2) 
PARAMETRIC_REPRESENTATION_CONTEXT() REPRESENTATION_CONTEXT('2D SPACE',''
  ) );
#6545 = ORIENTED_EDGE('',*,*,#6546,.T.);
#6546 = EDGE_CURVE('',#6473,#6547,#6549,.T.);
#6547 = VERTEX_POINT('',#6548);
#6548 = CARTESIAN_POINT('',(-41.54083450295,429.52878442986,
    10.563137543913));
#6549 = SURFACE_CURVE('',#6550,(#6556,#6565),.PCURVE_S1.);
#6550 = B_SPLINE_CURVE_WITH_KNOTS('',4,(#6551,#6552,#6553,#6554,#6555),
  .UNSPECIFIED.,.F.,.F.,(5,5),(0.,1.),.PIECEWISE_BEZIER_KNOTS.);
#6551 = CARTESIAN_POINT('',(-40.4599821127,430.2943690406,
    11.940298512111));
#6552 = CARTESIAN_POINT('',(-40.73031886477,430.1028853015,
    11.596197543164));
#6553 = CARTESIAN_POINT('',(-41.00057479228,429.91145881169,
    11.25197394199));
#6554 = CARTESIAN_POINT('',(-41.27074765111,429.72009116073,
    10.907622677935));
#6555 = CARTESIAN_POINT('',(-41.54083450295,429.52878442986,
    10.563137543913));
#6556 = PCURVE('',#6110,#6557);
#6557 = DEFINITIONAL_REPRESENTATION('',(#6558),#6564);
#6558 = B_SPLINE_CURVE_WITH_KNOTS('',4,(#6559,#6560,#6561,#6562,#6563),
  .UNSPECIFIED.,.F.,.F.,(5,5),(0.,1.),.PIECEWISE_BEZIER_KNOTS.);
#6559 = CARTESIAN_POINT('',(53.119307508339,-11.94029851211));
#6560 = CARTESIAN_POINT('',(52.788025178806,-11.59619754316));
#6561 = CARTESIAN_POINT('',(52.456841895176,-11.25197394199));
#6562 = CARTESIAN_POINT('',(52.125760407497,-10.90762267793));
#6563 = CARTESIAN_POINT('',(51.794784316501,-10.56313754391));
#6564 = ( GEOMETRIC_REPRESENTATION_CONTEXT(2) 
PARAMETRIC_REPRESENTATION_CONTEXT() REPRESENTATION_CONTEXT('2D SPACE',''
  ) );
#6565 = PCURVE('',#6566,#6611);
#6566 = ( BOUNDED_SURFACE() B_SPLINE_SURFACE(1,3,(
    (#6567,#6568,#6569,#6570,#6571,#6572,#6573,#6574,#6575,#6576,#6577
      ,#6578,#6579,#6580,#6581,#6582,#6583,#6584,#6585,#6586,#6587,#6588
      )
    ,(#6589,#6590,#6591,#6592,#6593,#6594,#6595,#6596,#6597,#6598,#6599
      ,#6600,#6601,#6602,#6603,#6604,#6605,#6606,#6607,#6608,#6609,#6610
)),.UNSPECIFIED.,.F.,.F.,.F.) B_SPLINE_SURFACE_WITH_KNOTS((2,2),(4,1,1,1
    ,1,1,1,1,1,1,1,1,1,1,1,1,1,1,1,4),(6.,7.),(0.,5.245000615645E-02,
    0.105056142816,0.157827138689,0.210729740208,0.263703235816,
    0.316673593925,0.369567354274,0.422325530646,0.474917777959,
    0.52735694777,0.57971823004,0.632142347135,0.684734332274,
    0.737455393694,0.790192360737,0.842823921577,0.89528663,
0.947644996011,1.),.UNSPECIFIED.) GEOMETRIC_REPRESENTATION_ITEM() 
RATIONAL_B_SPLINE_SURFACE((
    (1.,1.000000000036,0.999999999983,1.000000000004,0.999999999999,1.
      ,1.,1.,1.,1.,1.,1.,1.,1.,1.,1.,1.,1.000000000002,0.999999999994
      ,1.000000000024,0.999999999949,1.)
    ,(1.,1.000000000036,0.999999999983,1.000000000004,0.999999999999,1.
      ,1.,1.,1.,1.,1.,1.,1.,1.,1.,1.,1.,1.000000000002,0.999999999994
,1.000000000024,0.999999999949,1.
  ))) REPRESENTATION_ITEM('') SURFACE() );
#6567 = CARTESIAN_POINT('',(-2.970065516787,411.52077390267,
    6.84641786798));
#6568 = CARTESIAN_POINT('',(-4.290449988536,411.58998987199,
    6.886775569872));
#6569 = CARTESIAN_POINT('',(-6.927673970402,411.82093629373,
    7.01772783108));
#6570 = CARTESIAN_POINT('',(-10.84338351425,412.44159988602,
    7.333520655341));
#6571 = CARTESIAN_POINT('',(-14.70473141163,413.33348357511,
    7.738550943235));
#6572 = CARTESIAN_POINT('',(-18.49352840283,414.49212783142,
    8.202602792806));
#6573 = CARTESIAN_POINT('',(-22.19188445446,415.91189303226,
    8.695499731164));
#6574 = CARTESIAN_POINT('',(-25.7822982933,417.58600987278,
    9.187245462889));
#6575 = CARTESIAN_POINT('',(-29.24773748038,419.50659946602,
    9.647298875565));
#6576 = CARTESIAN_POINT('',(-32.5717222564,421.66471807565,
    10.047103354662));
#6577 = CARTESIAN_POINT('',(-35.73837640919,424.05039224303,
    10.350503698707));
#6578 = CARTESIAN_POINT('',(-38.73260907597,426.6527569919,
    10.549170787945));
#6579 = CARTESIAN_POINT('',(-41.53978541541,429.45986064108,
    10.530583831506));
#6580 = CARTESIAN_POINT('',(-44.14313555365,432.4552756037,
    10.701459047871));
#6581 = CARTESIAN_POINT('',(-46.52746356687,435.62020068261,
    11.014940648395));
#6582 = CARTESIAN_POINT('',(-48.68402921892,438.94140505921,
    11.400353604145));
#6583 = CARTESIAN_POINT('',(-50.60380229996,442.40450722796,
    11.794077426828));
#6584 = CARTESIAN_POINT('',(-52.27849031245,445.99483435779,
    12.130874435299));
#6585 = CARTESIAN_POINT('',(-53.70047096179,449.69801080209,
    12.345198471884));
#6586 = CARTESIAN_POINT('',(-54.86115630894,453.49370475715,
    12.372198214322));
#6587 = CARTESIAN_POINT('',(-55.45487413135,456.06739055137,
    12.30139643499));
#6588 = CARTESIAN_POINT('',(-55.70734266065,457.36458951238,12.35));
#6589 = CARTESIAN_POINT('',(-2.901374574218,412.83147516704,
    6.863461928879));
#6590 = CARTESIAN_POINT('',(-4.19122151976,412.89909031765,
    6.918638474455));
#6591 = CARTESIAN_POINT('',(-6.767452435788,413.12469548048,
    7.097674769045));
#6592 = CARTESIAN_POINT('',(-10.59260041537,413.7310045131,
    7.529422770977));
#6593 = CARTESIAN_POINT('',(-14.36464401113,414.60226093766,
    8.083175117703));
#6594 = CARTESIAN_POINT('',(-18.06581464021,415.73410835506,
    8.717621005789));
#6595 = CARTESIAN_POINT('',(-21.67863602545,417.12103757669,9.3915035387
    ));
#6596 = CARTESIAN_POINT('',(-25.18601165877,418.75643585589,
    10.063812156293));
#6597 = CARTESIAN_POINT('',(-28.57130302324,420.63260652682,
    10.692791431436));
#6598 = CARTESIAN_POINT('',(-31.81841149936,422.74081270165,
    11.239399117702));
#6599 = CARTESIAN_POINT('',(-34.91182805611,425.07131158543,
    11.654204275576));
#6600 = CARTESIAN_POINT('',(-37.83681084845,427.61348948438,
    11.925819436644));
#6601 = CARTESIAN_POINT('',(-40.57906350602,430.35567113286,
    11.900407582137));
#6602 = CARTESIAN_POINT('',(-43.1222040045,433.28180887718,
    12.134026042011));
#6603 = CARTESIAN_POINT('',(-45.45138786764,436.37353634965,
    12.562614167727));
#6604 = CARTESIAN_POINT('',(-47.5580770013,439.61792873074,
    13.089545943168));
#6605 = CARTESIAN_POINT('',(-49.43345004413,443.00093712691,
    13.627840231988));
#6606 = CARTESIAN_POINT('',(-51.0694062854,446.5082280564,
    14.088304892023));
#6607 = CARTESIAN_POINT('',(-52.45849971707,450.12575835021,
    14.381326035733));
#6608 = CARTESIAN_POINT('',(-53.59234101991,453.83366642908,
    14.418239746313));
#6609 = CARTESIAN_POINT('',(-54.17232748283,456.3478286601,
    14.321440438096));
#6610 = CARTESIAN_POINT('',(-54.41895698238,457.61502631881,14.387890625
    ));
#6611 = DEFINITIONAL_REPRESENTATION('',(#6612),#6618);
#6612 = B_SPLINE_CURVE_WITH_KNOTS('',4,(#6613,#6614,#6615,#6616,#6617),
  .UNSPECIFIED.,.F.,.F.,(5,5),(0.,1.),.PIECEWISE_BEZIER_KNOTS.);
#6613 = CARTESIAN_POINT('',(7.,0.578044990049));
#6614 = CARTESIAN_POINT('',(6.749940163718,0.578654658284));
#6615 = CARTESIAN_POINT('',(6.499917838671,0.579254530602));
#6616 = CARTESIAN_POINT('',(6.249936459157,0.579844954145));
#6617 = CARTESIAN_POINT('',(6.,0.580426243619));
#6618 = ( GEOMETRIC_REPRESENTATION_CONTEXT(2) 
PARAMETRIC_REPRESENTATION_CONTEXT() REPRESENTATION_CONTEXT('2D SPACE',''
  ) );
#6619 = ORIENTED_EDGE('',*,*,#6620,.T.);
#6620 = EDGE_CURVE('',#6547,#6621,#6623,.T.);
#6621 = VERTEX_POINT('',#6622);
#6622 = CARTESIAN_POINT('',(-42.62123686573,428.76351858058,
    9.183628240085));
#6623 = SURFACE_CURVE('',#6624,(#6630,#6639),.PCURVE_S1.);
#6624 = B_SPLINE_CURVE_WITH_KNOTS('',4,(#6625,#6626,#6627,#6628,#6629),
  .UNSPECIFIED.,.F.,.F.,(5,5),(0.,1.),.PIECEWISE_BEZIER_KNOTS.);
#6625 = CARTESIAN_POINT('',(-41.54083450295,429.52878442986,
    10.563137543913));
#6626 = CARTESIAN_POINT('',(-41.81106685846,429.33737463646,
    10.218466825684));
#6627 = CARTESIAN_POINT('',(-42.08121309973,429.14602583913,
    9.873662064761));
#6628 = CARTESIAN_POINT('',(-42.35127042837,428.95474002,9.528717311246)
  );
#6629 = CARTESIAN_POINT('',(-42.62123686573,428.76351858058,
    9.183628240085));
#6630 = PCURVE('',#6110,#6631);
#6631 = DEFINITIONAL_REPRESENTATION('',(#6632),#6638);
#6632 = B_SPLINE_CURVE_WITH_KNOTS('',4,(#6633,#6634,#6635,#6636,#6637),
  .UNSPECIFIED.,.F.,.F.,(5,5),(0.,1.),.PIECEWISE_BEZIER_KNOTS.);
#6633 = CARTESIAN_POINT('',(51.794784316501,-10.56313754391));
#6634 = CARTESIAN_POINT('',(51.463629919015,-10.21846682568));
#6635 = CARTESIAN_POINT('',(51.132581049638,-9.873662064761));
#6636 = CARTESIAN_POINT('',(50.801641137642,-9.528717311246));
#6637 = CARTESIAN_POINT('',(50.470812607749,-9.183628240085));
#6638 = ( GEOMETRIC_REPRESENTATION_CONTEXT(2) 
PARAMETRIC_REPRESENTATION_CONTEXT() REPRESENTATION_CONTEXT('2D SPACE',''
  ) );
#6639 = PCURVE('',#6640,#6685);
#6640 = ( BOUNDED_SURFACE() B_SPLINE_SURFACE(1,3,(
    (#6641,#6642,#6643,#6644,#6645,#6646,#6647,#6648,#6649,#6650,#6651
      ,#6652,#6653,#6654,#6655,#6656,#6657,#6658,#6659,#6660,#6661,#6662
      )
    ,(#6663,#6664,#6665,#6666,#6667,#6668,#6669,#6670,#6671,#6672,#6673
      ,#6674,#6675,#6676,#6677,#6678,#6679,#6680,#6681,#6682,#6683,#6684
)),.UNSPECIFIED.,.F.,.F.,.F.) B_SPLINE_SURFACE_WITH_KNOTS((2,2),(4,1,1,1
    ,1,1,1,1,1,1,1,1,1,1,1,1,1,1,1,4),(5.,6.),(0.,5.245000615645E-02,
    0.105056142816,0.157827138689,0.210729740208,0.263703235816,
    0.316673593925,0.369567354274,0.422325530646,0.474917777959,
    0.52735694777,0.57971823004,0.632142347135,0.684734332274,
    0.737455393694,0.790192360737,0.842823921577,0.89528663,
0.947644996011,1.),.UNSPECIFIED.) GEOMETRIC_REPRESENTATION_ITEM() 
RATIONAL_B_SPLINE_SURFACE((
    (1.,1.000000000036,0.999999999983,1.000000000004,0.999999999999,1.
      ,1.,1.,1.,1.,1.,1.,1.,1.,1.,1.,1.,1.000000000002,0.999999999994
      ,1.000000000024,0.999999999949,1.)
    ,(1.,1.000000000036,0.999999999983,1.000000000004,0.999999999999,1.
      ,1.,1.,1.,1.,1.,1.,1.,1.,1.,1.,1.,1.000000000002,0.999999999994
,1.000000000024,0.999999999949,1.
  ))) REPRESENTATION_ITEM('') SURFACE() );
#6641 = CARTESIAN_POINT('',(-3.038756459356,410.21007263831,
    6.829373807081));
#6642 = CARTESIAN_POINT('',(-4.389678458191,410.28088940648,
    6.854912665233));
#6643 = CARTESIAN_POINT('',(-7.087895504607,410.51717711622,
    6.937780893141));
#6644 = CARTESIAN_POINT('',(-11.09416661324,411.15219525645,
    7.137618539698));
#6645 = CARTESIAN_POINT('',(-15.04481881209,412.06470621324,
    7.393926768768));
#6646 = CARTESIAN_POINT('',(-18.92124216546,413.25014730759,
    7.687584579822));
#6647 = CARTESIAN_POINT('',(-22.70513288347,414.70274848788,
    7.999495923627));
#6648 = CARTESIAN_POINT('',(-26.37858492784,416.41558388965,
    8.310678769484));
#6649 = CARTESIAN_POINT('',(-29.92417193753,418.38059240521,
    8.601806319693));
#6650 = CARTESIAN_POINT('',(-33.32503301343,420.58862344964,
    8.854807591622));
#6651 = CARTESIAN_POINT('',(-36.56492476226,423.02947290064,
    9.046803121838));
#6652 = CARTESIAN_POINT('',(-39.6284073035,425.69202449942,
    9.172522139247));
#6653 = CARTESIAN_POINT('',(-42.50050732479,428.5640501493,
    9.160760080875));
#6654 = CARTESIAN_POINT('',(-45.16406710279,431.62874233022,
    9.268892053731));
#6655 = CARTESIAN_POINT('',(-47.60353926611,434.86686501559,
    9.467267129063));
#6656 = CARTESIAN_POINT('',(-49.80998143654,438.26488138763,
    9.711161265123));
#6657 = CARTESIAN_POINT('',(-51.7741545558,441.80807732919,
    9.960314621666));
#6658 = CARTESIAN_POINT('',(-53.48757433951,445.48144065847,
    10.173443978583));
#6659 = CARTESIAN_POINT('',(-54.94244220646,449.27026325659,
    10.309070908008));
#6660 = CARTESIAN_POINT('',(-56.1299715982,453.15374307548,
    10.326156682431));
#6661 = CARTESIAN_POINT('',(-56.73742077938,455.78695246368,
    10.281352431666));
#6662 = CARTESIAN_POINT('',(-56.99572833893,457.11415270594,10.312109375
    ));
#6663 = CARTESIAN_POINT('',(-2.970065516787,411.52077390267,
    6.84641786798));
#6664 = CARTESIAN_POINT('',(-4.290449988536,411.58998987199,
    6.886775569872));
#6665 = CARTESIAN_POINT('',(-6.927673970402,411.82093629373,
    7.01772783108));
#6666 = CARTESIAN_POINT('',(-10.84338351425,412.44159988602,
    7.333520655341));
#6667 = CARTESIAN_POINT('',(-14.70473141163,413.33348357511,
    7.738550943235));
#6668 = CARTESIAN_POINT('',(-18.49352840283,414.49212783142,
    8.202602792806));
#6669 = CARTESIAN_POINT('',(-22.19188445446,415.91189303226,
    8.695499731164));
#6670 = CARTESIAN_POINT('',(-25.7822982933,417.58600987278,
    9.187245462889));
#6671 = CARTESIAN_POINT('',(-29.24773748038,419.50659946602,
    9.647298875565));
#6672 = CARTESIAN_POINT('',(-32.5717222564,421.66471807565,
    10.047103354662));
#6673 = CARTESIAN_POINT('',(-35.73837640919,424.05039224303,
    10.350503698707));
#6674 = CARTESIAN_POINT('',(-38.73260907597,426.6527569919,
    10.549170787945));
#6675 = CARTESIAN_POINT('',(-41.53978541541,429.45986064108,
    10.530583831506));
#6676 = CARTESIAN_POINT('',(-44.14313555365,432.4552756037,
    10.701459047871));
#6677 = CARTESIAN_POINT('',(-46.52746356687,435.62020068261,
    11.014940648395));
#6678 = CARTESIAN_POINT('',(-48.68402921892,438.94140505921,
    11.400353604145));
#6679 = CARTESIAN_POINT('',(-50.60380229996,442.40450722796,
    11.794077426828));
#6680 = CARTESIAN_POINT('',(-52.27849031245,445.99483435779,
    12.130874435299));
#6681 = CARTESIAN_POINT('',(-53.70047096179,449.69801080209,
    12.345198471884));
#6682 = CARTESIAN_POINT('',(-54.86115630894,453.49370475715,
    12.372198214322));
#6683 = CARTESIAN_POINT('',(-55.45487413135,456.06739055137,
    12.30139643499));
#6684 = CARTESIAN_POINT('',(-55.70734266065,457.36458951238,12.35));
#6685 = DEFINITIONAL_REPRESENTATION('',(#6686),#6692);
#6686 = B_SPLINE_CURVE_WITH_KNOTS('',4,(#6687,#6688,#6689,#6690,#6691),
  .UNSPECIFIED.,.F.,.F.,(5,5),(0.,1.),.PIECEWISE_BEZIER_KNOTS.);
#6687 = CARTESIAN_POINT('',(6.,0.580426243619));
#6688 = CARTESIAN_POINT('',(5.74992889277,0.58100784625));
#6689 = CARTESIAN_POINT('',(5.49990276914,0.58158030504));
#6690 = CARTESIAN_POINT('',(5.249925477981,0.582143935617));
#6691 = CARTESIAN_POINT('',(5.,0.582699027797));
#6692 = ( GEOMETRIC_REPRESENTATION_CONTEXT(2) 
PARAMETRIC_REPRESENTATION_CONTEXT() REPRESENTATION_CONTEXT('2D SPACE',''
  ) );
#6693 = ORIENTED_EDGE('',*,*,#6694,.T.);
#6694 = EDGE_CURVE('',#6621,#6695,#6697,.T.);
#6695 = VERTEX_POINT('',#6696);
#6696 = CARTESIAN_POINT('',(-43.70121967535,427.99854990737,
    7.978272873221));
#6697 = SURFACE_CURVE('',#6698,(#6704,#6713),.PCURVE_S1.);
#6698 = B_SPLINE_CURVE_WITH_KNOTS('',4,(#6699,#6700,#6701,#6702,#6703),
  .UNSPECIFIED.,.F.,.F.,(5,5),(0.,1.),.PIECEWISE_BEZIER_KNOTS.);
#6699 = CARTESIAN_POINT('',(-42.62123686573,428.76351858058,
    9.183628240085));
#6700 = CARTESIAN_POINT('',(-42.89135166876,428.57219205145,
    8.882501875282));
#6701 = CARTESIAN_POINT('',(-43.16138808761,428.38092104305,
    8.581236524037));
#6702 = CARTESIAN_POINT('',(-43.43134445859,428.18970673381,
    8.279827868288));
#6703 = CARTESIAN_POINT('',(-43.70121967535,427.99854990737,
    7.978272873221));
#6704 = PCURVE('',#6110,#6705);
#6705 = DEFINITIONAL_REPRESENTATION('',(#6706),#6712);
#6706 = B_SPLINE_CURVE_WITH_KNOTS('',4,(#6707,#6708,#6709,#6710,#6711),
  .UNSPECIFIED.,.F.,.F.,(5,5),(0.,1.),.PIECEWISE_BEZIER_KNOTS.);
#6707 = CARTESIAN_POINT('',(50.470812607749,-9.183628240085));
#6708 = CARTESIAN_POINT('',(50.139802264151,-8.882501875282));
#6709 = CARTESIAN_POINT('',(49.808887975924,-8.581236524037));
#6710 = CARTESIAN_POINT('',(49.4780717818,-8.279827868288));
#6711 = CARTESIAN_POINT('',(49.147355037566,-7.978272873221));
#6712 = ( GEOMETRIC_REPRESENTATION_CONTEXT(2) 
PARAMETRIC_REPRESENTATION_CONTEXT() REPRESENTATION_CONTEXT('2D SPACE',''
  ) );
#6713 = PCURVE('',#6714,#6759);
#6714 = ( BOUNDED_SURFACE() B_SPLINE_SURFACE(1,3,(
    (#6715,#6716,#6717,#6718,#6719,#6720,#6721,#6722,#6723,#6724,#6725
      ,#6726,#6727,#6728,#6729,#6730,#6731,#6732,#6733,#6734,#6735,#6736
      )
    ,(#6737,#6738,#6739,#6740,#6741,#6742,#6743,#6744,#6745,#6746,#6747
      ,#6748,#6749,#6750,#6751,#6752,#6753,#6754,#6755,#6756,#6757,#6758
)),.UNSPECIFIED.,.F.,.F.,.F.) B_SPLINE_SURFACE_WITH_KNOTS((2,2),(4,1,1,1
    ,1,1,1,1,1,1,1,1,1,1,1,1,1,1,1,4),(4.,5.),(0.,5.245000615645E-02,
    0.105056142816,0.157827138689,0.210729740208,0.263703235816,
    0.316673593925,0.369567354274,0.422325530646,0.474917777959,
    0.52735694777,0.57971823004,0.632142347135,0.684734332274,
    0.737455393694,0.790192360737,0.842823921577,0.89528663,
0.947644996011,1.),.UNSPECIFIED.) GEOMETRIC_REPRESENTATION_ITEM() 
RATIONAL_B_SPLINE_SURFACE((
    (1.,1.000000000036,0.999999999983,1.000000000004,0.999999999999,1.
      ,1.,1.,1.,1.,1.,1.,1.,1.,1.,1.,1.,1.000000000002,0.999999999994
      ,1.000000000024,0.999999999949,1.)
    ,(1.,1.000000000036,0.999999999983,1.000000000004,0.999999999999,1.
      ,1.,1.,1.,1.,1.,1.,1.,1.,1.,1.,1.,1.000000000002,0.999999999994
,1.000000000024,0.999999999949,1.
  ))) REPRESENTATION_ITEM('') SURFACE() );
#6715 = CARTESIAN_POINT('',(-3.107447401925,408.89937137394,
    6.814505583744));
#6716 = CARTESIAN_POINT('',(-4.488906926344,408.97178894881,
    6.827117365546));
#6717 = CARTESIAN_POINT('',(-7.248117039512,409.21341793506,
    6.868039947231));
#6718 = CARTESIAN_POINT('',(-11.34494971205,409.86279062787,
    6.966725204789));
#6719 = CARTESIAN_POINT('',(-15.3849062126,410.79592885109,
    7.093297169762));
#6720 = CARTESIAN_POINT('',(-19.34895592807,412.00816678384,
    7.238313372751));
#6721 = CARTESIAN_POINT('',(-23.21838131249,413.49360394348,
    7.392343665989));
#6722 = CARTESIAN_POINT('',(-26.97487156238,415.24515790653,
    7.546014207153));
#6723 = CARTESIAN_POINT('',(-30.60060639467,417.2545853444,
    7.689780898614));
#6724 = CARTESIAN_POINT('',(-34.07834377046,419.51252882364,
    7.814719798332));
#6725 = CARTESIAN_POINT('',(-37.39147311534,422.00855355824,
    7.909532405846));
#6726 = CARTESIAN_POINT('',(-40.52420553103,424.73129200694,
    7.971615871233));
#6727 = CARTESIAN_POINT('',(-43.46122923418,427.66823965751,
    7.965807447346));
#6728 = CARTESIAN_POINT('',(-46.18499865194,430.80220905673,
    8.01920595246));
#6729 = CARTESIAN_POINT('',(-48.67961496534,434.11352934856,
    8.117168952623));
#6730 = CARTESIAN_POINT('',(-50.93593365415,437.58835771608,
    8.237610501295));
#6731 = CARTESIAN_POINT('',(-52.94450681166,441.21164743035,
    8.360649195883));
#6732 = CARTESIAN_POINT('',(-54.69665836646,444.96804695944,
    8.465898261032));
#6733 = CARTESIAN_POINT('',(-56.18441345153,448.84251571002,
    8.532874522461));
#6734 = CARTESIAN_POINT('',(-57.39878688595,452.81378139779,
    8.541311941985));
#6735 = CARTESIAN_POINT('',(-58.01996743068,455.50651436737,
    8.519186385913));
#6736 = CARTESIAN_POINT('',(-58.2841140172,456.86371589951,8.534375));
#6737 = CARTESIAN_POINT('',(-3.038756459356,410.21007263831,
    6.829373807081));
#6738 = CARTESIAN_POINT('',(-4.389678458191,410.28088940648,
    6.854912665233));
#6739 = CARTESIAN_POINT('',(-7.087895504607,410.51717711622,
    6.937780893141));
#6740 = CARTESIAN_POINT('',(-11.09416661324,411.15219525645,
    7.137618539698));
#6741 = CARTESIAN_POINT('',(-15.04481881209,412.06470621324,
    7.393926768768));
#6742 = CARTESIAN_POINT('',(-18.92124216546,413.25014730759,
    7.687584579822));
#6743 = CARTESIAN_POINT('',(-22.70513288347,414.70274848788,
    7.999495923627));
#6744 = CARTESIAN_POINT('',(-26.37858492784,416.41558388965,
    8.310678769484));
#6745 = CARTESIAN_POINT('',(-29.92417193753,418.38059240521,
    8.601806319693));
#6746 = CARTESIAN_POINT('',(-33.32503301343,420.58862344964,
    8.854807591622));
#6747 = CARTESIAN_POINT('',(-36.56492476226,423.02947290064,
    9.046803121838));
#6748 = CARTESIAN_POINT('',(-39.6284073035,425.69202449942,
    9.172522139247));
#6749 = CARTESIAN_POINT('',(-42.50050732479,428.5640501493,
    9.160760080875));
#6750 = CARTESIAN_POINT('',(-45.16406710279,431.62874233022,
    9.268892053731));
#6751 = CARTESIAN_POINT('',(-47.60353926611,434.86686501559,
    9.467267129063));
#6752 = CARTESIAN_POINT('',(-49.80998143654,438.26488138763,
    9.711161265123));
#6753 = CARTESIAN_POINT('',(-51.7741545558,441.80807732919,
    9.960314621666));
#6754 = CARTESIAN_POINT('',(-53.48757433951,445.48144065847,
    10.173443978583));
#6755 = CARTESIAN_POINT('',(-54.94244220646,449.27026325659,
    10.309070908008));
#6756 = CARTESIAN_POINT('',(-56.1299715982,453.15374307548,
    10.326156682431));
#6757 = CARTESIAN_POINT('',(-56.73742077938,455.78695246368,
    10.281352431666));
#6758 = CARTESIAN_POINT('',(-56.99572833893,457.11415270594,10.312109375
    ));
#6759 = DEFINITIONAL_REPRESENTATION('',(#6760),#6766);
#6760 = B_SPLINE_CURVE_WITH_KNOTS('',4,(#6761,#6762,#6763,#6764,#6765),
  .UNSPECIFIED.,.F.,.F.,(5,5),(0.,1.),.PIECEWISE_BEZIER_KNOTS.);
#6761 = CARTESIAN_POINT('',(5.,0.582699027797));
#6762 = CARTESIAN_POINT('',(4.749937170272,0.58325442504));
#6763 = CARTESIAN_POINT('',(4.499914539902,0.583801300507));
#6764 = CARTESIAN_POINT('',(4.249934793161,0.584339943403));
#6765 = CARTESIAN_POINT('',(4.,0.584870619259));
#6766 = ( GEOMETRIC_REPRESENTATION_CONTEXT(2) 
PARAMETRIC_REPRESENTATION_CONTEXT() REPRESENTATION_CONTEXT('2D SPACE',''
  ) );
#6767 = ORIENTED_EDGE('',*,*,#6768,.T.);
#6768 = EDGE_CURVE('',#6695,#6769,#6771,.T.);
#6769 = VERTEX_POINT('',#6770);
#6770 = CARTESIAN_POINT('',(-44.78081071228,427.23385873286,
    7.124358935318));
#6771 = SURFACE_CURVE('',#6772,(#6778,#6787),.PCURVE_S1.);
#6772 = B_SPLINE_CURVE_WITH_KNOTS('',4,(#6773,#6774,#6775,#6776,#6777),
  .UNSPECIFIED.,.F.,.F.,(5,5),(0.,1.),.PIECEWISE_BEZIER_KNOTS.);
#6773 = CARTESIAN_POINT('',(-43.70121967535,427.99854990737,
    7.978272873221));
#6774 = CARTESIAN_POINT('',(-43.97119824461,427.80731987474,
    7.764983643379));
#6775 = CARTESIAN_POINT('',(-44.24112327875,427.61612776186,
    7.551569945714));
#6776 = CARTESIAN_POINT('',(-44.51099420511,427.42497397438,
    7.338029003063));
#6777 = CARTESIAN_POINT('',(-44.78081071228,427.23385873286,
    7.124358935318));
#6778 = PCURVE('',#6110,#6779);
#6779 = DEFINITIONAL_REPRESENTATION('',(#6780),#6786);
#6780 = B_SPLINE_CURVE_WITH_KNOTS('',4,(#6781,#6782,#6783,#6784,#6785),
  .UNSPECIFIED.,.F.,.F.,(5,5),(0.,1.),.PIECEWISE_BEZIER_KNOTS.);
#6781 = CARTESIAN_POINT('',(49.147355037566,-7.978272873221));
#6782 = CARTESIAN_POINT('',(48.816511640718,-7.764983643379));
#6783 = CARTESIAN_POINT('',(48.485733848105,-7.551569945714));
#6784 = CARTESIAN_POINT('',(48.155022361517,-7.338029003063));
#6785 = CARTESIAN_POINT('',(47.824377562553,-7.124358935318));
#6786 = ( GEOMETRIC_REPRESENTATION_CONTEXT(2) 
PARAMETRIC_REPRESENTATION_CONTEXT() REPRESENTATION_CONTEXT('2D SPACE',''
  ) );
#6787 = PCURVE('',#6788,#6833);
#6788 = ( BOUNDED_SURFACE() B_SPLINE_SURFACE(1,3,(
    (#6789,#6790,#6791,#6792,#6793,#6794,#6795,#6796,#6797,#6798,#6799
      ,#6800,#6801,#6802,#6803,#6804,#6805,#6806,#6807,#6808,#6809,#6810
      )
    ,(#6811,#6812,#6813,#6814,#6815,#6816,#6817,#6818,#6819,#6820,#6821
      ,#6822,#6823,#6824,#6825,#6826,#6827,#6828,#6829,#6830,#6831,#6832
)),.UNSPECIFIED.,.F.,.F.,.F.) B_SPLINE_SURFACE_WITH_KNOTS((2,2),(4,1,1,1
    ,1,1,1,1,1,1,1,1,1,1,1,1,1,1,1,4),(3.,4.),(0.,5.245000615645E-02,
    0.105056142816,0.157827138689,0.210729740208,0.263703235816,
    0.316673593925,0.369567354274,0.422325530646,0.474917777959,
    0.52735694777,0.57971823004,0.632142347135,0.684734332274,
    0.737455393694,0.790192360737,0.842823921577,0.89528663,
0.947644996011,1.),.UNSPECIFIED.) GEOMETRIC_REPRESENTATION_ITEM() 
RATIONAL_B_SPLINE_SURFACE((
    (1.,1.000000000036,0.999999999983,1.000000000004,0.999999999999,1.
      ,1.,1.,1.,1.,1.,1.,1.,1.,1.,1.,1.,1.000000000002,0.999999999994
      ,1.000000000024,0.999999999949,1.)
    ,(1.,1.000000000036,0.999999999983,1.000000000004,0.999999999999,1.
      ,1.,1.,1.,1.,1.,1.,1.,1.,1.,1.,1.,1.000000000002,0.999999999994
,1.000000000024,0.999999999949,1.
  ))) REPRESENTATION_ITEM('') SURFACE() );
#6789 = CARTESIAN_POINT('',(-3.176138344494,407.58867010958,
    6.80398903553));
#6790 = CARTESIAN_POINT('',(-4.588135395115,407.66268850209,
    6.807457275208));
#6791 = CARTESIAN_POINT('',(-7.408338574129,407.9096587488,
    6.818710985636));
#6792 = CARTESIAN_POINT('',(-11.59573281093,408.57338600066,
    6.845849431277));
#6793 = CARTESIAN_POINT('',(-15.7249936131,409.52715148858,
    6.880656721695));
#6794 = CARTESIAN_POINT('',(-19.77666969069,410.76618626019,
    6.920536177504));
#6795 = CARTESIAN_POINT('',(-23.7316297415,412.28445939905,
    6.962894508148));
#6796 = CARTESIAN_POINT('',(-27.57115819692,414.07473192342,
    7.005153906967));
#6797 = CARTESIAN_POINT('',(-31.27704085182,416.12857828359,
    7.044689747119));
#6798 = CARTESIAN_POINT('',(-34.83165452749,418.43643419764,
    7.079047944541));
#6799 = CARTESIAN_POINT('',(-38.21802146842,420.98763421584,
    7.105121411608));
#6800 = CARTESIAN_POINT('',(-41.42000375856,423.77055951447,
    7.122194364589));
#6801 = CARTESIAN_POINT('',(-44.42195114357,426.77242916573,
    7.12059704802));
#6802 = CARTESIAN_POINT('',(-47.20593020109,429.97567578326,
    7.135281636926));
#6803 = CARTESIAN_POINT('',(-49.75569066457,433.36019368152,
    7.162221461971));
#6804 = CARTESIAN_POINT('',(-52.06188587177,436.91183404459,
    7.195342887856));
#6805 = CARTESIAN_POINT('',(-54.11485906748,440.61521753123,
    7.229178528868));
#6806 = CARTESIAN_POINT('',(-55.90574239357,444.45465326142,
    7.258122021785));
#6807 = CARTESIAN_POINT('',(-57.42638469604,448.41476815968,
    7.276540493673));
#6808 = CARTESIAN_POINT('',(-58.66760217576,452.47381973413,
    7.278860784061));
#6809 = CARTESIAN_POINT('',(-59.30251407752,455.22607624085,
    7.272776256094));
#6810 = CARTESIAN_POINT('',(-59.57249969548,456.61327909308,7.276953125)
  );
#6811 = CARTESIAN_POINT('',(-3.107447401925,408.89937137394,
    6.814505583744));
#6812 = CARTESIAN_POINT('',(-4.488906926344,408.97178894881,
    6.827117365546));
#6813 = CARTESIAN_POINT('',(-7.248117039512,409.21341793506,
    6.868039947231));
#6814 = CARTESIAN_POINT('',(-11.34494971205,409.86279062787,
    6.966725204789));
#6815 = CARTESIAN_POINT('',(-15.3849062126,410.79592885109,
    7.093297169762));
#6816 = CARTESIAN_POINT('',(-19.34895592807,412.00816678384,
    7.238313372751));
#6817 = CARTESIAN_POINT('',(-23.21838131249,413.49360394348,
    7.392343665989));
#6818 = CARTESIAN_POINT('',(-26.97487156238,415.24515790653,
    7.546014207153));
#6819 = CARTESIAN_POINT('',(-30.60060639467,417.2545853444,
    7.689780898614));
#6820 = CARTESIAN_POINT('',(-34.07834377046,419.51252882364,
    7.814719798332));
#6821 = CARTESIAN_POINT('',(-37.39147311534,422.00855355824,
    7.909532405846));
#6822 = CARTESIAN_POINT('',(-40.52420553103,424.73129200694,
    7.971615871233));
#6823 = CARTESIAN_POINT('',(-43.46122923418,427.66823965751,
    7.965807447346));
#6824 = CARTESIAN_POINT('',(-46.18499865194,430.80220905673,
    8.01920595246));
#6825 = CARTESIAN_POINT('',(-48.67961496534,434.11352934856,
    8.117168952623));
#6826 = CARTESIAN_POINT('',(-50.93593365415,437.58835771608,
    8.237610501295));
#6827 = CARTESIAN_POINT('',(-52.94450681166,441.21164743035,
    8.360649195883));
#6828 = CARTESIAN_POINT('',(-54.69665836646,444.96804695944,
    8.465898261032));
#6829 = CARTESIAN_POINT('',(-56.18441345153,448.84251571002,
    8.532874522461));
#6830 = CARTESIAN_POINT('',(-57.39878688595,452.81378139779,
    8.541311941985));
#6831 = CARTESIAN_POINT('',(-58.01996743068,455.50651436737,
    8.519186385913));
#6832 = CARTESIAN_POINT('',(-58.2841140172,456.86371589951,8.534375));
#6833 = DEFINITIONAL_REPRESENTATION('',(#6834),#6840);
#6834 = B_SPLINE_CURVE_WITH_KNOTS('',4,(#6835,#6836,#6837,#6838,#6839),
  .UNSPECIFIED.,.F.,.F.,(5,5),(0.,1.),.PIECEWISE_BEZIER_KNOTS.);
#6835 = CARTESIAN_POINT('',(4.,0.584870619259));
#6836 = CARTESIAN_POINT('',(3.749969490806,0.585401498344));
#6837 = CARTESIAN_POINT('',(3.499958333972,0.585924458797));
#6838 = CARTESIAN_POINT('',(3.249968092512,0.586439763914));
#6839 = CARTESIAN_POINT('',(3.,0.586947655392));
#6840 = ( GEOMETRIC_REPRESENTATION_CONTEXT(2) 
PARAMETRIC_REPRESENTATION_CONTEXT() REPRESENTATION_CONTEXT('2D SPACE',''
  ) );
#6841 = ORIENTED_EDGE('',*,*,#6842,.T.);
#6842 = EDGE_CURVE('',#6769,#5991,#6843,.T.);
#6843 = SURFACE_CURVE('',#6844,(#6850,#6859),.PCURVE_S1.);
#6844 = B_SPLINE_CURVE_WITH_KNOTS('',4,(#6845,#6846,#6847,#6848,#6849),
  .UNSPECIFIED.,.F.,.F.,(5,5),(0.,1.),.PIECEWISE_BEZIER_KNOTS.);
#6845 = CARTESIAN_POINT('',(-44.78081071228,427.23385873286,
    7.124358935318));
#6846 = CARTESIAN_POINT('',(-45.0506445839,427.04273119182,
    7.043359011245));
#6847 = CARTESIAN_POINT('',(-45.32045982354,426.85161684811,
    6.962299808458));
#6848 = CARTESIAN_POINT('',(-45.59025666124,426.66051553878,
    6.881180349796));
#6849 = CARTESIAN_POINT('',(-45.86003533984,426.46942709182,6.8));
#6850 = PCURVE('',#6110,#6851);
#6851 = DEFINITIONAL_REPRESENTATION('',(#6852),#6858);
#6852 = B_SPLINE_CURVE_WITH_KNOTS('',4,(#6853,#6854,#6855,#6856,#6857),
  .UNSPECIFIED.,.F.,.F.,(5,5),(0.,1.),.PIECEWISE_BEZIER_KNOTS.);
#6853 = CARTESIAN_POINT('',(47.824377562553,-7.124358935318));
#6854 = CARTESIAN_POINT('',(47.493711484438,-7.043359011245));
#6855 = CARTESIAN_POINT('',(47.163068238757,-6.962299808458));
#6856 = CARTESIAN_POINT('',(46.832447543611,-6.881180349796));
#6857 = CARTESIAN_POINT('',(46.501849101399,-6.8));
#6858 = ( GEOMETRIC_REPRESENTATION_CONTEXT(2) 
PARAMETRIC_REPRESENTATION_CONTEXT() REPRESENTATION_CONTEXT('2D SPACE',''
  ) );
#6859 = PCURVE('',#6044,#6860);
#6860 = DEFINITIONAL_REPRESENTATION('',(#6861),#6867);
#6861 = B_SPLINE_CURVE_WITH_KNOTS('',4,(#6862,#6863,#6864,#6865,#6866),
  .UNSPECIFIED.,.F.,.F.,(5,5),(0.,1.),.PIECEWISE_BEZIER_KNOTS.);
#6862 = CARTESIAN_POINT('',(3.,0.586947655392));
#6863 = CARTESIAN_POINT('',(2.750015820408,0.587455579556));
#6864 = CARTESIAN_POINT('',(2.500020631812,0.587956156578));
#6865 = CARTESIAN_POINT('',(2.250015149549,0.588449624873));
#6866 = CARTESIAN_POINT('',(2.,0.58893620336));
#6867 = ( GEOMETRIC_REPRESENTATION_CONTEXT(2) 
PARAMETRIC_REPRESENTATION_CONTEXT() REPRESENTATION_CONTEXT('2D SPACE',''
  ) );
#6868 = ADVANCED_FACE('',(#6869),#6044,.F.);
#6869 = FACE_BOUND('',#6870,.F.);
#6870 = EDGE_LOOP('',(#6871,#6872,#6900,#6940));
#6871 = ORIENTED_EDGE('',*,*,#5990,.F.);
#6872 = ORIENTED_EDGE('',*,*,#6873,.F.);
#6873 = EDGE_CURVE('',#6874,#5964,#6876,.T.);
#6874 = VERTEX_POINT('',#6875);
#6875 = CARTESIAN_POINT('',(-22.33279453996,411.76411527713,
    6.947989948908));
#6876 = SURFACE_CURVE('',#6877,(#6883,#6891),.PCURVE_S1.);
#6877 = B_SPLINE_CURVE_WITH_KNOTS('',4,(#6878,#6879,#6880,#6881,#6882),
  .UNSPECIFIED.,.F.,.F.,(5,5),(0.,1.),.PIECEWISE_BEZIER_KNOTS.);
#6878 = CARTESIAN_POINT('',(-22.33279453996,411.76411527713,
    6.947989948908));
#6879 = CARTESIAN_POINT('',(-22.71467435882,411.56426133994,
    6.913996529969));
#6880 = CARTESIAN_POINT('',(-23.09593883191,411.36472943934,
    6.877966036477));
#6881 = CARTESIAN_POINT('',(-23.47659797837,411.16551433188,
    6.839948570789));
#6882 = CARTESIAN_POINT('',(-23.85666251192,410.96661041063,6.8));
#6883 = PCURVE('',#6044,#6884);
#6884 = DEFINITIONAL_REPRESENTATION('',(#6885),#6890);
#6885 = B_SPLINE_CURVE_WITH_KNOTS('',3,(#6886,#6887,#6888,#6889),
  .UNSPECIFIED.,.F.,.F.,(4,4),(0.,1.),.PIECEWISE_BEZIER_KNOTS.);
#6886 = CARTESIAN_POINT('',(3.,0.245054548058));
#6887 = CARTESIAN_POINT('',(2.668459115551,0.249748697297));
#6888 = CARTESIAN_POINT('',(2.33506787841,0.254330829918));
#6889 = CARTESIAN_POINT('',(2.,0.258807268886));
#6890 = ( GEOMETRIC_REPRESENTATION_CONTEXT(2) 
PARAMETRIC_REPRESENTATION_CONTEXT() REPRESENTATION_CONTEXT('2D SPACE',''
  ) );
#6891 = PCURVE('',#5979,#6892);
#6892 = DEFINITIONAL_REPRESENTATION('',(#6893),#6899);
#6893 = B_SPLINE_CURVE_WITH_KNOTS('',4,(#6894,#6895,#6896,#6897,#6898),
  .UNSPECIFIED.,.F.,.F.,(5,5),(0.,1.),.PIECEWISE_BEZIER_KNOTS.);
#6894 = CARTESIAN_POINT('',(43.251848939547,-6.947989948908));
#6895 = CARTESIAN_POINT('',(42.820834099591,-6.913996529969));
#6896 = CARTESIAN_POINT('',(42.390513779602,-6.877966036477));
#6897 = CARTESIAN_POINT('',(41.960876671299,-6.839948570789));
#6898 = CARTESIAN_POINT('',(41.531910682497,-6.8));
#6899 = ( GEOMETRIC_REPRESENTATION_CONTEXT(2) 
PARAMETRIC_REPRESENTATION_CONTEXT() REPRESENTATION_CONTEXT('2D SPACE',''
  ) );
#6900 = ORIENTED_EDGE('',*,*,#6901,.T.);
#6901 = EDGE_CURVE('',#6874,#6769,#6902,.T.);
#6902 = SURFACE_CURVE('',#6903,(#6926,#6933),.PCURVE_S1.);
#6903 = ( BOUNDED_CURVE() B_SPLINE_CURVE(3,(#6904,#6905,#6906,#6907,
    #6908,#6909,#6910,#6911,#6912,#6913,#6914,#6915,#6916,#6917,#6918,
    #6919,#6920,#6921,#6922,#6923,#6924,#6925),.UNSPECIFIED.,.F.,.F.) 
B_SPLINE_CURVE_WITH_KNOTS((4,1,1,1,1,1,1,1,1,1,1,1,1,1,1,1,1,1,1,4),(0.,
    5.245000615645E-02,0.105056142816,0.157827138689,0.210729740208,
    0.263703235816,0.316673593925,0.369567354274,0.422325530646,
    0.474917777959,0.52735694777,0.57971823004,0.632142347135,
    0.684734332274,0.737455393694,0.790192360737,0.842823921577,
0.89528663,0.947644996011,1.),.UNSPECIFIED.) CURVE() 
GEOMETRIC_REPRESENTATION_ITEM() RATIONAL_B_SPLINE_CURVE((1.,
    1.000000000036,0.999999999983,1.000000000004,0.999999999999,1.,1.,1.
    ,1.,1.,1.,1.,1.,1.,1.,1.,1.,1.000000000002,0.999999999994,
1.000000000024,0.999999999949,1.)) REPRESENTATION_ITEM('') );
#6904 = CARTESIAN_POINT('',(-3.176138344494,407.58867010958,
    6.80398903553));
#6905 = CARTESIAN_POINT('',(-4.588135395115,407.66268850209,
    6.807457275208));
#6906 = CARTESIAN_POINT('',(-7.408338574129,407.9096587488,
    6.818710985636));
#6907 = CARTESIAN_POINT('',(-11.59573281093,408.57338600066,
    6.845849431277));
#6908 = CARTESIAN_POINT('',(-15.7249936131,409.52715148858,
    6.880656721695));
#6909 = CARTESIAN_POINT('',(-19.77666969069,410.76618626019,
    6.920536177504));
#6910 = CARTESIAN_POINT('',(-23.7316297415,412.28445939905,
    6.962894508148));
#6911 = CARTESIAN_POINT('',(-27.57115819692,414.07473192342,
    7.005153906967));
#6912 = CARTESIAN_POINT('',(-31.27704085182,416.12857828359,
    7.044689747119));
#6913 = CARTESIAN_POINT('',(-34.83165452749,418.43643419764,
    7.079047944541));
#6914 = CARTESIAN_POINT('',(-38.21802146842,420.98763421584,
    7.105121411608));
#6915 = CARTESIAN_POINT('',(-41.42000375856,423.77055951447,
    7.122194364589));
#6916 = CARTESIAN_POINT('',(-44.42195114357,426.77242916573,
    7.12059704802));
#6917 = CARTESIAN_POINT('',(-47.20593020109,429.97567578326,
    7.135281636926));
#6918 = CARTESIAN_POINT('',(-49.75569066457,433.36019368152,
    7.162221461971));
#6919 = CARTESIAN_POINT('',(-52.06188587177,436.91183404459,
    7.195342887856));
#6920 = CARTESIAN_POINT('',(-54.11485906748,440.61521753123,
    7.229178528868));
#6921 = CARTESIAN_POINT('',(-55.90574239357,444.45465326142,
    7.258122021785));
#6922 = CARTESIAN_POINT('',(-57.42638469604,448.41476815968,
    7.276540493673));
#6923 = CARTESIAN_POINT('',(-58.66760217576,452.47381973413,
    7.278860784061));
#6924 = CARTESIAN_POINT('',(-59.30251407752,455.22607624085,
    7.272776256094));
#6925 = CARTESIAN_POINT('',(-59.57249969548,456.61327909308,7.276953125)
  );
#6926 = PCURVE('',#6044,#6927);
#6927 = DEFINITIONAL_REPRESENTATION('',(#6928),#6932);
#6928 = LINE('',#6929,#6930);
#6929 = CARTESIAN_POINT('',(3.,0.));
#6930 = VECTOR('',#6931,1.);
#6931 = DIRECTION('',(0.,1.));
#6932 = ( GEOMETRIC_REPRESENTATION_CONTEXT(2) 
PARAMETRIC_REPRESENTATION_CONTEXT() REPRESENTATION_CONTEXT('2D SPACE',''
  ) );
#6933 = PCURVE('',#6788,#6934);
#6934 = DEFINITIONAL_REPRESENTATION('',(#6935),#6939);
#6935 = LINE('',#6936,#6937);
#6936 = CARTESIAN_POINT('',(3.,0.));
#6937 = VECTOR('',#6938,1.);
#6938 = DIRECTION('',(0.,1.));
#6939 = ( GEOMETRIC_REPRESENTATION_CONTEXT(2) 
PARAMETRIC_REPRESENTATION_CONTEXT() REPRESENTATION_CONTEXT('2D SPACE',''
  ) );
#6940 = ORIENTED_EDGE('',*,*,#6842,.T.);
#6941 = ADVANCED_FACE('',(#6942),#5979,.F.);
#6942 = FACE_BOUND('',#6943,.F.);
#6943 = EDGE_LOOP('',(#6944,#6945,#6968,#6991,#7014,#7042,#7070,#7099,
    #7129,#7160,#7191,#7220,#7247));
#6944 = ORIENTED_EDGE('',*,*,#5963,.F.);
#6945 = ORIENTED_EDGE('',*,*,#6946,.T.);
#6946 = EDGE_CURVE('',#5936,#6947,#6949,.T.);
#6947 = VERTEX_POINT('',#6948);
#6948 = CARTESIAN_POINT('',(-60.654,391.709,18.3));
#6949 = SURFACE_CURVE('',#6950,(#6954,#6961),.PCURVE_S1.);
#6950 = LINE('',#6951,#6952);
#6951 = CARTESIAN_POINT('',(-60.654,391.709,0.));
#6952 = VECTOR('',#6953,1.);
#6953 = DIRECTION('',(-0.,-0.,1.));
#6954 = PCURVE('',#5979,#6955);
#6955 = DEFINITIONAL_REPRESENTATION('',(#6956),#6960);
#6956 = LINE('',#6957,#6958);
#6957 = CARTESIAN_POINT('',(0.,0.));
#6958 = VECTOR('',#6959,1.);
#6959 = DIRECTION('',(0.,-1.));
#6960 = ( GEOMETRIC_REPRESENTATION_CONTEXT(2) 
PARAMETRIC_REPRESENTATION_CONTEXT() REPRESENTATION_CONTEXT('2D SPACE',''
  ) );
#6961 = PCURVE('',#5951,#6962);
#6962 = DEFINITIONAL_REPRESENTATION('',(#6963),#6967);
#6963 = LINE('',#6964,#6965);
#6964 = CARTESIAN_POINT('',(79.012827110539,0.));
#6965 = VECTOR('',#6966,1.);
#6966 = DIRECTION('',(0.,-1.));
#6967 = ( GEOMETRIC_REPRESENTATION_CONTEXT(2) 
PARAMETRIC_REPRESENTATION_CONTEXT() REPRESENTATION_CONTEXT('2D SPACE',''
  ) );
#6968 = ORIENTED_EDGE('',*,*,#6969,.T.);
#6969 = EDGE_CURVE('',#6947,#6970,#6972,.T.);
#6970 = VERTEX_POINT('',#6971);
#6971 = CARTESIAN_POINT('',(-10.081,418.176,18.3));
#6972 = SURFACE_CURVE('',#6973,(#6977,#6984),.PCURVE_S1.);
#6973 = LINE('',#6974,#6975);
#6974 = CARTESIAN_POINT('',(-60.654,391.709,18.3));
#6975 = VECTOR('',#6976,1.);
#6976 = DIRECTION('',(0.886001555993,0.463682264894,0.));
#6977 = PCURVE('',#5979,#6978);
#6978 = DEFINITIONAL_REPRESENTATION('',(#6979),#6983);
#6979 = LINE('',#6980,#6981);
#6980 = CARTESIAN_POINT('',(0.,-18.3));
#6981 = VECTOR('',#6982,1.);
#6982 = DIRECTION('',(1.,0.));
#6983 = ( GEOMETRIC_REPRESENTATION_CONTEXT(2) 
PARAMETRIC_REPRESENTATION_CONTEXT() REPRESENTATION_CONTEXT('2D SPACE',''
  ) );
#6984 = PCURVE('',#6162,#6985);
#6985 = DEFINITIONAL_REPRESENTATION('',(#6986),#6990);
#6986 = LINE('',#6987,#6988);
#6987 = CARTESIAN_POINT('',(60.654806987405,160.09020413799));
#6988 = VECTOR('',#6989,1.);
#6989 = DIRECTION('',(-0.886001555993,0.463682264894));
#6990 = ( GEOMETRIC_REPRESENTATION_CONTEXT(2) 
PARAMETRIC_REPRESENTATION_CONTEXT() REPRESENTATION_CONTEXT('2D SPACE',''
  ) );
#6991 = ORIENTED_EDGE('',*,*,#6992,.F.);
#6992 = EDGE_CURVE('',#6993,#6970,#6995,.T.);
#6993 = VERTEX_POINT('',#6994);
#6994 = CARTESIAN_POINT('',(-10.081,418.176,7.967790204114));
#6995 = SURFACE_CURVE('',#6996,(#7000,#7007),.PCURVE_S1.);
#6996 = LINE('',#6997,#6998);
#6997 = CARTESIAN_POINT('',(-10.081,418.176,0.));
#6998 = VECTOR('',#6999,1.);
#6999 = DIRECTION('',(-0.,-0.,1.));
#7000 = PCURVE('',#5979,#7001);
#7001 = DEFINITIONAL_REPRESENTATION('',(#7002),#7006);
#7002 = LINE('',#7003,#7004);
#7003 = CARTESIAN_POINT('',(57.080035196205,0.));
#7004 = VECTOR('',#7005,1.);
#7005 = DIRECTION('',(0.,-1.));
#7006 = ( GEOMETRIC_REPRESENTATION_CONTEXT(2) 
PARAMETRIC_REPRESENTATION_CONTEXT() REPRESENTATION_CONTEXT('2D SPACE',''
  ) );
#7007 = PCURVE('',#6239,#7008);
#7008 = DEFINITIONAL_REPRESENTATION('',(#7009),#7013);
#7009 = LINE('',#7010,#7011);
#7010 = CARTESIAN_POINT('',(0.,0.));
#7011 = VECTOR('',#7012,1.);
#7012 = DIRECTION('',(0.,-1.));
#7013 = ( GEOMETRIC_REPRESENTATION_CONTEXT(2) 
PARAMETRIC_REPRESENTATION_CONTEXT() REPRESENTATION_CONTEXT('2D SPACE',''
  ) );
#7014 = ORIENTED_EDGE('',*,*,#7015,.T.);
#7015 = EDGE_CURVE('',#6993,#7016,#7018,.T.);
#7016 = VERTEX_POINT('',#7017);
#7017 = CARTESIAN_POINT('',(-10.74785805558,417.82700484137,
    8.090070855487));
#7018 = SURFACE_CURVE('',#7019,(#7025,#7034),.PCURVE_S1.);
#7019 = B_SPLINE_CURVE_WITH_KNOTS('',4,(#7020,#7021,#7022,#7023,#7024),
  .UNSPECIFIED.,.F.,.F.,(5,5),(0.,1.),.PIECEWISE_BEZIER_KNOTS.);
#7020 = CARTESIAN_POINT('',(-10.081,418.176,7.967790204114));
#7021 = CARTESIAN_POINT('',(-10.24775542356,418.08872980057,
    7.998086870924));
#7022 = CARTESIAN_POINT('',(-10.4144818423,418.0014747806,8.028579093484
    ));
#7023 = CARTESIAN_POINT('',(-10.58118187657,417.91423356875,
    8.059246618089));
#7024 = CARTESIAN_POINT('',(-10.74785805558,417.82700484137,
    8.090070855487));
#7025 = PCURVE('',#5979,#7026);
#7026 = DEFINITIONAL_REPRESENTATION('',(#7027),#7033);
#7027 = B_SPLINE_CURVE_WITH_KNOTS('',4,(#7028,#7029,#7030,#7031,#7032),
  .UNSPECIFIED.,.F.,.F.,(5,5),(0.,1.),.PIECEWISE_BEZIER_KNOTS.);
#7028 = CARTESIAN_POINT('',(57.080035196205,-7.967790204114));
#7029 = CARTESIAN_POINT('',(56.891823987732,-7.998086870924));
#7030 = CARTESIAN_POINT('',(56.703645516015,-8.028579093484));
#7031 = CARTESIAN_POINT('',(56.515496823567,-8.059246618089));
#7032 = CARTESIAN_POINT('',(56.327375055737,-8.090070855487));
#7033 = ( GEOMETRIC_REPRESENTATION_CONTEXT(2) 
PARAMETRIC_REPRESENTATION_CONTEXT() REPRESENTATION_CONTEXT('2D SPACE',''
  ) );
#7034 = PCURVE('',#6270,#7035);
#7035 = DEFINITIONAL_REPRESENTATION('',(#7036),#7041);
#7036 = B_SPLINE_CURVE_WITH_KNOTS('',3,(#7037,#7038,#7039,#7040),
  .UNSPECIFIED.,.F.,.F.,(4,4),(0.,1.),.PIECEWISE_BEZIER_KNOTS.);
#7037 = CARTESIAN_POINT('',(10.030786630836,0.110265228689));
#7038 = CARTESIAN_POINT('',(10.020593320956,0.11315015847));
#7039 = CARTESIAN_POINT('',(10.010330570774,0.116008292623));
#7040 = CARTESIAN_POINT('',(10.,0.118840107637));
#7041 = ( GEOMETRIC_REPRESENTATION_CONTEXT(2) 
PARAMETRIC_REPRESENTATION_CONTEXT() REPRESENTATION_CONTEXT('2D SPACE',''
  ) );
#7042 = ORIENTED_EDGE('',*,*,#7043,.T.);
#7043 = EDGE_CURVE('',#7016,#7044,#7046,.T.);
#7044 = VERTEX_POINT('',#7045);
#7045 = CARTESIAN_POINT('',(-12.53769366071,416.89030781013,
    8.356756567764));
#7046 = SURFACE_CURVE('',#7047,(#7053,#7062),.PCURVE_S1.);
#7047 = B_SPLINE_CURVE_WITH_KNOTS('',4,(#7048,#7049,#7050,#7051,#7052),
  .UNSPECIFIED.,.F.,.F.,(5,5),(0.,1.),.PIECEWISE_BEZIER_KNOTS.);
#7048 = CARTESIAN_POINT('',(-10.74785805558,417.82700484137,
    8.090070855487));
#7049 = CARTESIAN_POINT('',(-11.19659595321,417.59216123042,
    8.159402768781));
#7050 = CARTESIAN_POINT('',(-11.64443511003,417.35778796873,
    8.227254520892));
#7051 = CARTESIAN_POINT('',(-12.09145086875,417.12384562625,
    8.293151016591));
#7052 = CARTESIAN_POINT('',(-12.53769366071,416.89030781013,
    8.356756567764));
#7053 = PCURVE('',#5979,#7054);
#7054 = DEFINITIONAL_REPRESENTATION('',(#7055),#7061);
#7055 = B_SPLINE_CURVE_WITH_KNOTS('',4,(#7056,#7057,#7058,#7059,#7060),
  .UNSPECIFIED.,.F.,.F.,(5,5),(0.,1.),.PIECEWISE_BEZIER_KNOTS.);
#7056 = CARTESIAN_POINT('',(56.327375055737,-8.090070855487));
#7057 = CARTESIAN_POINT('',(55.820899762789,-8.159402768781));
#7058 = CARTESIAN_POINT('',(55.315438848198,-8.227254520892));
#7059 = CARTESIAN_POINT('',(54.810907275209,-8.293151016591));
#7060 = CARTESIAN_POINT('',(54.307248123655,-8.356756567764));
#7061 = ( GEOMETRIC_REPRESENTATION_CONTEXT(2) 
PARAMETRIC_REPRESENTATION_CONTEXT() REPRESENTATION_CONTEXT('2D SPACE',''
  ) );
#7062 = PCURVE('',#6344,#7063);
#7063 = DEFINITIONAL_REPRESENTATION('',(#7064),#7069);
#7064 = B_SPLINE_CURVE_WITH_KNOTS('',3,(#7065,#7066,#7067,#7068),
  .UNSPECIFIED.,.F.,.F.,(4,4),(0.,1.),.PIECEWISE_BEZIER_KNOTS.);
#7065 = CARTESIAN_POINT('',(10.,0.118840107637));
#7066 = CARTESIAN_POINT('',(9.671544748056,0.1264641058));
#7067 = CARTESIAN_POINT('',(9.338081611739,0.133878974428));
#7068 = CARTESIAN_POINT('',(9.,0.141097403921));
#7069 = ( GEOMETRIC_REPRESENTATION_CONTEXT(2) 
PARAMETRIC_REPRESENTATION_CONTEXT() REPRESENTATION_CONTEXT('2D SPACE',''
  ) );
#7070 = ORIENTED_EDGE('',*,*,#7071,.T.);
#7071 = EDGE_CURVE('',#7044,#7072,#7074,.T.);
#7072 = VERTEX_POINT('',#7073);
#7073 = CARTESIAN_POINT('',(-14.27088545843,415.98325489038,
    8.452522164345));
#7074 = SURFACE_CURVE('',#7075,(#7081,#7090),.PCURVE_S1.);
#7075 = B_SPLINE_CURVE_WITH_KNOTS('',4,(#7076,#7077,#7078,#7079,#7080),
  .UNSPECIFIED.,.F.,.F.,(5,5),(0.,1.),.PIECEWISE_BEZIER_KNOTS.);
#7076 = CARTESIAN_POINT('',(-12.53769366071,416.89030781013,
    8.356756567764));
#7077 = CARTESIAN_POINT('',(-12.97197099111,416.66303202851,
    8.390433425185));
#7078 = CARTESIAN_POINT('',(-13.40562601734,416.43608192511,
    8.417871593089));
#7079 = CARTESIAN_POINT('',(-13.83862116199,416.20947716579,
    8.438646705963));
#7080 = CARTESIAN_POINT('',(-14.27088545843,415.98325489038,
    8.452522164345));
#7081 = PCURVE('',#5979,#7082);
#7082 = DEFINITIONAL_REPRESENTATION('',(#7083),#7089);
#7083 = B_SPLINE_CURVE_WITH_KNOTS('',4,(#7084,#7085,#7086,#7087,#7088),
  .UNSPECIFIED.,.F.,.F.,(5,5),(0.,1.),.PIECEWISE_BEZIER_KNOTS.);
#7084 = CARTESIAN_POINT('',(54.307248123655,-8.356756567764));
#7085 = CARTESIAN_POINT('',(53.817093984021,-8.390433425185));
#7086 = CARTESIAN_POINT('',(53.327642218049,-8.417871593089));
#7087 = CARTESIAN_POINT('',(52.838935238113,-8.438646705963));
#7088 = CARTESIAN_POINT('',(52.351053141836,-8.452522164345));
#7089 = ( GEOMETRIC_REPRESENTATION_CONTEXT(2) 
PARAMETRIC_REPRESENTATION_CONTEXT() REPRESENTATION_CONTEXT('2D SPACE',''
  ) );
#7090 = PCURVE('',#6418,#7091);
#7091 = DEFINITIONAL_REPRESENTATION('',(#7092),#7098);
#7092 = B_SPLINE_CURVE_WITH_KNOTS('',4,(#7093,#7094,#7095,#7096,#7097),
  .UNSPECIFIED.,.F.,.F.,(5,5),(0.,1.),.PIECEWISE_BEZIER_KNOTS.);
#7093 = CARTESIAN_POINT('',(9.,0.141097403921));
#7094 = CARTESIAN_POINT('',(8.753237603094,0.146366045283));
#7095 = CARTESIAN_POINT('',(8.504225536303,0.15154292974));
#7096 = CARTESIAN_POINT('',(8.253097186592,0.15662972361));
#7097 = CARTESIAN_POINT('',(8.,0.161627849402));
#7098 = ( GEOMETRIC_REPRESENTATION_CONTEXT(2) 
PARAMETRIC_REPRESENTATION_CONTEXT() REPRESENTATION_CONTEXT('2D SPACE',''
  ) );
#7099 = ORIENTED_EDGE('',*,*,#7100,.T.);
#7100 = EDGE_CURVE('',#7072,#7101,#7103,.T.);
#7101 = VERTEX_POINT('',#7102);
#7102 = CARTESIAN_POINT('',(-15.95600673379,415.10135931775,
    8.359545558491));
#7103 = SURFACE_CURVE('',#7104,(#7111,#7121),.PCURVE_S1.);
#7104 = B_SPLINE_CURVE_WITH_KNOTS('',5,(#7105,#7106,#7107,#7108,#7109,
    #7110),.UNSPECIFIED.,.F.,.F.,(6,6),(0.,1.),
  .PIECEWISE_BEZIER_KNOTS.);
#7105 = CARTESIAN_POINT('',(-14.27088545843,415.98325489038,
    8.452522164345));
#7106 = CARTESIAN_POINT('',(-14.60918797605,415.80620680675,
    8.445196305508));
#7107 = CARTESIAN_POINT('',(-14.9469183321,415.62945815957,8.4323000856)
  );
#7108 = CARTESIAN_POINT('',(-15.28400999339,415.4530437685,8.4137467274)
  );
#7109 = CARTESIAN_POINT('',(-15.6203956229,415.27699887387,
    8.389495858942));
#7110 = CARTESIAN_POINT('',(-15.95600673379,415.10135931775,
    8.359545558491));
#7111 = PCURVE('',#5979,#7112);
#7112 = DEFINITIONAL_REPRESENTATION('',(#7113),#7120);
#7113 = B_SPLINE_CURVE_WITH_KNOTS('',5,(#7114,#7115,#7116,#7117,#7118,
    #7119),.UNSPECIFIED.,.F.,.F.,(6,6),(0.,1.),
  .PIECEWISE_BEZIER_KNOTS.);
#7114 = CARTESIAN_POINT('',(52.351053141836,-8.452522164345));
#7115 = CARTESIAN_POINT('',(51.969222528416,-8.445196305508));
#7116 = CARTESIAN_POINT('',(51.588037694407,-8.4323000856));
#7117 = CARTESIAN_POINT('',(51.207573733581,-8.4137467274));
#7118 = CARTESIAN_POINT('',(50.827906646956,-8.389495858942));
#7119 = CARTESIAN_POINT('',(50.449113733309,-8.359545558491));
#7120 = ( GEOMETRIC_REPRESENTATION_CONTEXT(2) 
PARAMETRIC_REPRESENTATION_CONTEXT() REPRESENTATION_CONTEXT('2D SPACE',''
  ) );
#7121 = PCURVE('',#6492,#7122);
#7122 = DEFINITIONAL_REPRESENTATION('',(#7123),#7128);
#7123 = B_SPLINE_CURVE_WITH_KNOTS('',3,(#7124,#7125,#7126,#7127),
  .UNSPECIFIED.,.F.,.F.,(4,4),(0.,1.),.PIECEWISE_BEZIER_KNOTS.);
#7124 = CARTESIAN_POINT('',(8.,0.161627849402));
#7125 = CARTESIAN_POINT('',(7.669865032745,0.168147329928));
#7126 = CARTESIAN_POINT('',(7.336257908242,0.174491064667));
#7127 = CARTESIAN_POINT('',(7.,0.180661068979));
#7128 = ( GEOMETRIC_REPRESENTATION_CONTEXT(2) 
PARAMETRIC_REPRESENTATION_CONTEXT() REPRESENTATION_CONTEXT('2D SPACE',''
  ) );
#7129 = ORIENTED_EDGE('',*,*,#7130,.T.);
#7130 = EDGE_CURVE('',#7101,#7131,#7133,.T.);
#7131 = VERTEX_POINT('',#7132);
#7132 = CARTESIAN_POINT('',(-17.59981318636,414.24108554755,
    8.096277805206));
#7133 = SURFACE_CURVE('',#7134,(#7141,#7151),.PCURVE_S1.);
#7134 = B_SPLINE_CURVE_WITH_KNOTS('',5,(#7135,#7136,#7137,#7138,#7139,
    #7140),.UNSPECIFIED.,.F.,.F.,(6,6),(0.,1.),
  .PIECEWISE_BEZIER_KNOTS.);
#7135 = CARTESIAN_POINT('',(-15.95600673379,415.10135931775,
    8.359545558491));
#7136 = CARTESIAN_POINT('',(-16.28676452382,414.92825971067,
    8.319396533731));
#7137 = CARTESIAN_POINT('',(-16.61660602512,414.75563963642,
    8.272955219658));
#7138 = CARTESIAN_POINT('',(-16.94544552696,414.58354395107,
    8.22024134134));
#7139 = CARTESIAN_POINT('',(-17.27320509901,414.41201343887,
    8.161317537579));
#7140 = CARTESIAN_POINT('',(-17.59981318636,414.24108554755,
    8.096277805206));
#7141 = PCURVE('',#5979,#7142);
#7142 = DEFINITIONAL_REPRESENTATION('',(#7143),#7150);
#7143 = B_SPLINE_CURVE_WITH_KNOTS('',5,(#7144,#7145,#7146,#7147,#7148,
    #7149),.UNSPECIFIED.,.F.,.F.,(6,6),(0.,1.),
  .PIECEWISE_BEZIER_KNOTS.);
#7144 = CARTESIAN_POINT('',(50.449113733309,-8.359545558491));
#7145 = CARTESIAN_POINT('',(50.07579859883,-8.319396533731));
#7146 = CARTESIAN_POINT('',(49.703517648449,-8.272955219658));
#7147 = CARTESIAN_POINT('',(49.332367620989,-8.22024134134));
#7148 = CARTESIAN_POINT('',(48.962436473763,-8.161317537579));
#7149 = CARTESIAN_POINT('',(48.593804968389,-8.096277805206));
#7150 = ( GEOMETRIC_REPRESENTATION_CONTEXT(2) 
PARAMETRIC_REPRESENTATION_CONTEXT() REPRESENTATION_CONTEXT('2D SPACE',''
  ) );
#7151 = PCURVE('',#6566,#7152);
#7152 = DEFINITIONAL_REPRESENTATION('',(#7153),#7159);
#7153 = B_SPLINE_CURVE_WITH_KNOTS('',4,(#7154,#7155,#7156,#7157,#7158),
  .UNSPECIFIED.,.F.,.F.,(5,5),(0.,1.),.PIECEWISE_BEZIER_KNOTS.);
#7154 = CARTESIAN_POINT('',(7.,0.180661068979));
#7155 = CARTESIAN_POINT('',(6.751453771276,0.185221668693));
#7156 = CARTESIAN_POINT('',(6.501785310117,0.189694931949));
#7157 = CARTESIAN_POINT('',(6.251229407419,0.194081155005));
#7158 = CARTESIAN_POINT('',(6.,0.198381314221));
#7159 = ( GEOMETRIC_REPRESENTATION_CONTEXT(2) 
PARAMETRIC_REPRESENTATION_CONTEXT() REPRESENTATION_CONTEXT('2D SPACE',''
  ) );
#7160 = ORIENTED_EDGE('',*,*,#7161,.T.);
#7161 = EDGE_CURVE('',#7131,#7162,#7164,.T.);
#7162 = VERTEX_POINT('',#7163);
#7163 = CARTESIAN_POINT('',(-19.20772719119,413.39959582051,
    7.714573346496));
#7164 = SURFACE_CURVE('',#7165,(#7172,#7182),.PCURVE_S1.);
#7165 = B_SPLINE_CURVE_WITH_KNOTS('',5,(#7166,#7167,#7168,#7169,#7170,
    #7171),.UNSPECIFIED.,.F.,.F.,(6,6),(0.,1.),
  .PIECEWISE_BEZIER_KNOTS.);
#7166 = CARTESIAN_POINT('',(-17.59981318636,414.24108554755,
    8.096277805206));
#7167 = CARTESIAN_POINT('',(-17.92378855609,414.07153546923,
    8.031762344135));
#7168 = CARTESIAN_POINT('',(-18.24663165897,413.90257795428,
    7.96122900013));
#7169 = CARTESIAN_POINT('',(-18.56827317457,413.734249281,7.884769474702
    ));
#7170 = CARTESIAN_POINT('',(-18.88865476195,413.56657998171,
    7.802504556637));
#7171 = CARTESIAN_POINT('',(-19.20772719119,413.39959582051,
    7.714573346496));
#7172 = PCURVE('',#5979,#7173);
#7173 = DEFINITIONAL_REPRESENTATION('',(#7174),#7181);
#7174 = B_SPLINE_CURVE_WITH_KNOTS('',5,(#7175,#7176,#7177,#7178,#7179,
    #7180),.UNSPECIFIED.,.F.,.F.,(6,6),(0.,1.),
  .PIECEWISE_BEZIER_KNOTS.);
#7175 = CARTESIAN_POINT('',(48.593804968389,-8.096277805206));
#7176 = CARTESIAN_POINT('',(48.228144922373,-8.031762344135));
#7177 = CARTESIAN_POINT('',(47.863762827677,-7.96122900013));
#7178 = CARTESIAN_POINT('',(47.50073692391,-7.884769474702));
#7179 = CARTESIAN_POINT('',(47.139133058532,-7.802504556637));
#7180 = CARTESIAN_POINT('',(46.779006795686,-7.714573346496));
#7181 = ( GEOMETRIC_REPRESENTATION_CONTEXT(2) 
PARAMETRIC_REPRESENTATION_CONTEXT() REPRESENTATION_CONTEXT('2D SPACE',''
  ) );
#7182 = PCURVE('',#6640,#7183);
#7183 = DEFINITIONAL_REPRESENTATION('',(#7184),#7190);
#7184 = B_SPLINE_CURVE_WITH_KNOTS('',4,(#7185,#7186,#7187,#7188,#7189),
  .UNSPECIFIED.,.F.,.F.,(5,5),(0.,1.),.PIECEWISE_BEZIER_KNOTS.);
#7185 = CARTESIAN_POINT('',(6.,0.198381314221));
#7186 = CARTESIAN_POINT('',(5.75079569537,0.202646811257));
#7187 = CARTESIAN_POINT('',(5.500927996539,0.206827624817));
#7188 = CARTESIAN_POINT('',(5.25060480094,0.210924731809));
#7189 = CARTESIAN_POINT('',(5.,0.214939745118));
#7190 = ( GEOMETRIC_REPRESENTATION_CONTEXT(2) 
PARAMETRIC_REPRESENTATION_CONTEXT() REPRESENTATION_CONTEXT('2D SPACE',''
  ) );
#7191 = ORIENTED_EDGE('',*,*,#7192,.T.);
#7192 = EDGE_CURVE('',#7162,#7193,#7195,.T.);
#7193 = VERTEX_POINT('',#7194);
#7194 = CARTESIAN_POINT('',(-20.78416947821,412.57457658078,
    7.296008180906));
#7195 = SURFACE_CURVE('',#7196,(#7202,#7211),.PCURVE_S1.);
#7196 = B_SPLINE_CURVE_WITH_KNOTS('',4,(#7197,#7198,#7199,#7200,#7201),
  .UNSPECIFIED.,.F.,.F.,(5,5),(0.,1.),.PIECEWISE_BEZIER_KNOTS.);
#7197 = CARTESIAN_POINT('',(-19.20772719119,413.39959582051,
    7.714573346496));
#7198 = CARTESIAN_POINT('',(-19.6045857045,413.19190289598,
    7.622098694471));
#7199 = CARTESIAN_POINT('',(-19.9996709115,412.98513801801,
    7.521332949303));
#7200 = CARTESIAN_POINT('',(-20.39288578292,412.77935196613,
    7.412531697388));
#7201 = CARTESIAN_POINT('',(-20.78416947821,412.57457658078,
    7.296008180906));
#7202 = PCURVE('',#5979,#7203);
#7203 = DEFINITIONAL_REPRESENTATION('',(#7204),#7210);
#7204 = B_SPLINE_CURVE_WITH_KNOTS('',4,(#7205,#7206,#7207,#7208,#7209),
  .UNSPECIFIED.,.F.,.F.,(5,5),(0.,1.),.PIECEWISE_BEZIER_KNOTS.);
#7205 = CARTESIAN_POINT('',(46.779006795686,-7.714573346496));
#7206 = CARTESIAN_POINT('',(46.331086009736,-7.622098694471));
#7207 = CARTESIAN_POINT('',(45.885166694667,-7.521332949303));
#7208 = CARTESIAN_POINT('',(45.441358364124,-7.412531697388));
#7209 = CARTESIAN_POINT('',(44.999729686792,-7.296008180906));
#7210 = ( GEOMETRIC_REPRESENTATION_CONTEXT(2) 
PARAMETRIC_REPRESENTATION_CONTEXT() REPRESENTATION_CONTEXT('2D SPACE',''
  ) );
#7211 = PCURVE('',#6714,#7212);
#7212 = DEFINITIONAL_REPRESENTATION('',(#7213),#7219);
#7213 = B_SPLINE_CURVE_WITH_KNOTS('',4,(#7214,#7215,#7216,#7217,#7218),
  .UNSPECIFIED.,.F.,.F.,(5,5),(0.,1.),.PIECEWISE_BEZIER_KNOTS.);
#7214 = CARTESIAN_POINT('',(5.,0.214939745118));
#7215 = CARTESIAN_POINT('',(4.750640548636,0.218934804742));
#7216 = CARTESIAN_POINT('',(4.500759167512,0.222852468692));
#7217 = CARTESIAN_POINT('',(4.250505139494,0.226694286874));
#7218 = CARTESIAN_POINT('',(4.,0.230462173536));
#7219 = ( GEOMETRIC_REPRESENTATION_CONTEXT(2) 
PARAMETRIC_REPRESENTATION_CONTEXT() REPRESENTATION_CONTEXT('2D SPACE',''
  ) );
#7220 = ORIENTED_EDGE('',*,*,#7221,.T.);
#7221 = EDGE_CURVE('',#7193,#6874,#7222,.T.);
#7222 = SURFACE_CURVE('',#7223,(#7229,#7238),.PCURVE_S1.);
#7223 = B_SPLINE_CURVE_WITH_KNOTS('',4,(#7224,#7225,#7226,#7227,#7228),
  .UNSPECIFIED.,.F.,.F.,(5,5),(0.,1.),.PIECEWISE_BEZIER_KNOTS.);
#7224 = CARTESIAN_POINT('',(-20.78416947821,412.57457658078,
    7.296008180906));
#7225 = CARTESIAN_POINT('',(-21.173199541,412.37098061709,7.217216874358
    ));
#7226 = CARTESIAN_POINT('',(-21.56099872983,412.16802882204,
    7.132837262839));
#7227 = CARTESIAN_POINT('',(-21.94753598095,411.96573745263,
    7.043032627276));
#7228 = CARTESIAN_POINT('',(-22.33279453996,411.76411527713,
    6.947989948908));
#7229 = PCURVE('',#5979,#7230);
#7230 = DEFINITIONAL_REPRESENTATION('',(#7231),#7237);
#7231 = B_SPLINE_CURVE_WITH_KNOTS('',4,(#7232,#7233,#7234,#7235,#7236),
  .UNSPECIFIED.,.F.,.F.,(5,5),(0.,1.),.PIECEWISE_BEZIER_KNOTS.);
#7232 = CARTESIAN_POINT('',(44.999729686792,-7.296008180906));
#7233 = CARTESIAN_POINT('',(44.56064460826,-7.217216874358));
#7234 = CARTESIAN_POINT('',(44.122948775555,-7.132837262839));
#7235 = CARTESIAN_POINT('',(43.686677249278,-7.043032627276));
#7236 = CARTESIAN_POINT('',(43.251848939547,-6.947989948908));
#7237 = ( GEOMETRIC_REPRESENTATION_CONTEXT(2) 
PARAMETRIC_REPRESENTATION_CONTEXT() REPRESENTATION_CONTEXT('2D SPACE',''
  ) );
#7238 = PCURVE('',#6788,#7239);
#7239 = DEFINITIONAL_REPRESENTATION('',(#7240),#7246);
#7240 = B_SPLINE_CURVE_WITH_KNOTS('',4,(#7241,#7242,#7243,#7244,#7245),
  .UNSPECIFIED.,.F.,.F.,(5,5),(0.,1.),.PIECEWISE_BEZIER_KNOTS.);
#7241 = CARTESIAN_POINT('',(4.,0.230462173536));
#7242 = CARTESIAN_POINT('',(3.750937683499,0.23420835853));
#7243 = CARTESIAN_POINT('',(3.501193027255,0.237887987735));
#7244 = CARTESIAN_POINT('',(3.250855436119,0.241502783411));
#7245 = CARTESIAN_POINT('',(3.,0.245054548058));
#7246 = ( GEOMETRIC_REPRESENTATION_CONTEXT(2) 
PARAMETRIC_REPRESENTATION_CONTEXT() REPRESENTATION_CONTEXT('2D SPACE',''
  ) );
#7247 = ORIENTED_EDGE('',*,*,#6873,.T.);
#7248 = ADVANCED_FACE('',(#7249,#7295),#5951,.F.);
#7249 = FACE_BOUND('',#7250,.F.);
#7250 = EDGE_LOOP('',(#7251,#7252,#7273,#7294));
#7251 = ORIENTED_EDGE('',*,*,#5935,.F.);
#7252 = ORIENTED_EDGE('',*,*,#7253,.F.);
#7253 = EDGE_CURVE('',#7254,#5910,#7256,.T.);
#7254 = VERTEX_POINT('',#7255);
#7255 = CARTESIAN_POINT('',(-38.75264336036,318.09664685633,18.3));
#7256 = SURFACE_CURVE('',#7257,(#7261,#7267),.PCURVE_S1.);
#7257 = LINE('',#7258,#7259);
#7258 = CARTESIAN_POINT('',(-38.75264336036,318.09664685633,-7.925));
#7259 = VECTOR('',#7260,1.);
#7260 = DIRECTION('',(0.,0.,-1.));
#7261 = PCURVE('',#5951,#7262);
#7262 = DEFINITIONAL_REPRESENTATION('',(#7263),#7266);
#7263 = B_SPLINE_CURVE_WITH_KNOTS('',1,(#7264,#7265),.UNSPECIFIED.,.F.,
  .F.,(2,2),(-26.225,-14.725),.PIECEWISE_BEZIER_KNOTS.);
#7264 = CARTESIAN_POINT('',(2.211473229214,-18.3));
#7265 = CARTESIAN_POINT('',(2.211473229214,-6.8));
#7266 = ( GEOMETRIC_REPRESENTATION_CONTEXT(2) 
PARAMETRIC_REPRESENTATION_CONTEXT() REPRESENTATION_CONTEXT('2D SPACE',''
  ) );
#7267 = PCURVE('',#5924,#7268);
#7268 = DEFINITIONAL_REPRESENTATION('',(#7269),#7272);
#7269 = B_SPLINE_CURVE_WITH_KNOTS('',1,(#7270,#7271),.UNSPECIFIED.,.F.,
  .F.,(2,2),(-26.225,-14.725),.PIECEWISE_BEZIER_KNOTS.);
#7270 = CARTESIAN_POINT('',(34.15,66.919286567836));
#7271 = CARTESIAN_POINT('',(22.65,66.919286567836));
#7272 = ( GEOMETRIC_REPRESENTATION_CONTEXT(2) 
PARAMETRIC_REPRESENTATION_CONTEXT() REPRESENTATION_CONTEXT('2D SPACE',''
  ) );
#7273 = ORIENTED_EDGE('',*,*,#7274,.T.);
#7274 = EDGE_CURVE('',#7254,#6947,#7275,.T.);
#7275 = SURFACE_CURVE('',#7276,(#7280,#7287),.PCURVE_S1.);
#7276 = LINE('',#7277,#7278);
#7277 = CARTESIAN_POINT('',(-38.122,315.977,18.3));
#7278 = VECTOR('',#7279,1.);
#7279 = DIRECTION('',(-0.285168887432,0.958477284885,0.));
#7280 = PCURVE('',#5951,#7281);
#7281 = DEFINITIONAL_REPRESENTATION('',(#7282),#7286);
#7282 = LINE('',#7283,#7284);
#7283 = CARTESIAN_POINT('',(0.,-18.3));
#7284 = VECTOR('',#7285,1.);
#7285 = DIRECTION('',(1.,0.));
#7286 = ( GEOMETRIC_REPRESENTATION_CONTEXT(2) 
PARAMETRIC_REPRESENTATION_CONTEXT() REPRESENTATION_CONTEXT('2D SPACE',''
  ) );
#7287 = PCURVE('',#6162,#7288);
#7288 = DEFINITIONAL_REPRESENTATION('',(#7289),#7293);
#7289 = LINE('',#7290,#7291);
#7290 = CARTESIAN_POINT('',(38.122806987405,84.358204137994));
#7291 = VECTOR('',#7292,1.);
#7292 = DIRECTION('',(0.285168887432,0.958477284885));
#7293 = ( GEOMETRIC_REPRESENTATION_CONTEXT(2) 
PARAMETRIC_REPRESENTATION_CONTEXT() REPRESENTATION_CONTEXT('2D SPACE',''
  ) );
#7294 = ORIENTED_EDGE('',*,*,#6946,.F.);
#7295 = FACE_BOUND('',#7296,.F.);
#7296 = EDGE_LOOP('',(#7297));
#7297 = ORIENTED_EDGE('',*,*,#7298,.F.);
#7298 = EDGE_CURVE('',#7299,#7299,#7301,.T.);
#7299 = VERTEX_POINT('',#7300);
#7300 = CARTESIAN_POINT('',(-40.03030653817,322.39098325711,9.6));
#7301 = SURFACE_CURVE('',#7302,(#7307,#7314),.PCURVE_S1.);
#7302 = ELLIPSE('',#7303,2.900000000028,2.9);
#7303 = AXIS2_PLACEMENT_3D('',#7304,#7305,#7306);
#7304 = CARTESIAN_POINT('',(-40.03030653817,322.39098325711,12.5));
#7305 = DIRECTION('',(-0.958477284885,-0.285168887432,0.));
#7306 = DIRECTION('',(-0.285168887432,0.958477284885,5.067970545341E-11)
  );
#7307 = PCURVE('',#5951,#7308);
#7308 = DEFINITIONAL_REPRESENTATION('',(#7309),#7313);
#7309 = ELLIPSE('',#7310,2.900000000028,2.9);
#7310 = AXIS2_PLACEMENT_2D('',#7311,#7312);
#7311 = CARTESIAN_POINT('',(6.69184690995,-12.5));
#7312 = DIRECTION('',(1.,-5.067970545341E-11));
#7313 = ( GEOMETRIC_REPRESENTATION_CONTEXT(2) 
PARAMETRIC_REPRESENTATION_CONTEXT() REPRESENTATION_CONTEXT('2D SPACE',''
  ) );
#7314 = PCURVE('',#7315,#7320);
#7315 = CYLINDRICAL_SURFACE('',#7316,2.9);
#7316 = AXIS2_PLACEMENT_3D('',#7317,#7318,#7319);
#7317 = CARTESIAN_POINT('',(-39.0415214657,322.68516468802,12.5));
#7318 = DIRECTION('',(-0.958478534295,-0.285164688023,2.22044604925E-16)
  );
#7319 = DIRECTION('',(-2.128249874767E-16,-6.331928049056E-17,-1.));
#7320 = DEFINITIONAL_REPRESENTATION('',(#7321),#7330);
#7321 = B_SPLINE_CURVE_WITH_KNOTS('',7,(#7322,#7323,#7324,#7325,#7326,
    #7327,#7328,#7329),.UNSPECIFIED.,.F.,.F.,(8,8),(1.570796326846,
    7.853981634025),.PIECEWISE_BEZIER_KNOTS.);
#7322 = CARTESIAN_POINT('',(0.,1.031619422964));
#7323 = CARTESIAN_POINT('',(0.897597901026,1.031608018209));
#7324 = CARTESIAN_POINT('',(1.795195802051,1.031596813461));
#7325 = CARTESIAN_POINT('',(2.692793703078,1.031598678115));
#7326 = CARTESIAN_POINT('',(3.590391604103,1.031640167814));
#7327 = CARTESIAN_POINT('',(4.487989505129,1.031642032468));
#7328 = CARTESIAN_POINT('',(5.385587406154,1.03163082772));
#7329 = CARTESIAN_POINT('',(6.28318530718,1.031619422964));
#7330 = ( GEOMETRIC_REPRESENTATION_CONTEXT(2) 
PARAMETRIC_REPRESENTATION_CONTEXT() REPRESENTATION_CONTEXT('2D SPACE',''
  ) );
#7331 = ADVANCED_FACE('',(#7332),#5924,.F.);
#7332 = FACE_BOUND('',#7333,.F.);
#7333 = EDGE_LOOP('',(#7334,#7335,#7336,#7337));
#7334 = ORIENTED_EDGE('',*,*,#7253,.T.);
#7335 = ORIENTED_EDGE('',*,*,#5909,.T.);
#7336 = ORIENTED_EDGE('',*,*,#6125,.F.);
#7337 = ORIENTED_EDGE('',*,*,#7338,.T.);
#7338 = EDGE_CURVE('',#6126,#7254,#7339,.T.);
#7339 = SURFACE_CURVE('',#7340,(#7344,#7350),.PCURVE_S1.);
#7340 = LINE('',#7341,#7342);
#7341 = CARTESIAN_POINT('',(-70.95347920625,301.24017401043,18.3));
#7342 = VECTOR('',#7343,1.);
#7343 = DIRECTION('',(0.885951737257,0.463777445819,0.));
#7344 = PCURVE('',#5924,#7345);
#7345 = DEFINITIONAL_REPRESENTATION('',(#7346),#7349);
#7346 = B_SPLINE_CURVE_WITH_KNOTS('',1,(#7347,#7348),.UNSPECIFIED.,.F.,
  .F.,(2,2),(3.794548452988,59.426751812965),.PIECEWISE_BEZIER_KNOTS.);
#7347 = CARTESIAN_POINT('',(34.15,34.367796640022));
#7348 = CARTESIAN_POINT('',(34.15,90.));
#7349 = ( GEOMETRIC_REPRESENTATION_CONTEXT(2) 
PARAMETRIC_REPRESENTATION_CONTEXT() REPRESENTATION_CONTEXT('2D SPACE',''
  ) );
#7350 = PCURVE('',#6162,#7351);
#7351 = DEFINITIONAL_REPRESENTATION('',(#7352),#7355);
#7352 = B_SPLINE_CURVE_WITH_KNOTS('',1,(#7353,#7354),.UNSPECIFIED.,.F.,
  .F.,(2,2),(3.794548452988,59.426751812965),.PIECEWISE_BEZIER_KNOTS.);
#7353 = CARTESIAN_POINT('',(67.592499399628,71.381204137994));
#7354 = CARTESIAN_POINT('',(18.3050521854,97.182165317582));
#7355 = ( GEOMETRIC_REPRESENTATION_CONTEXT(2) 
PARAMETRIC_REPRESENTATION_CONTEXT() REPRESENTATION_CONTEXT('2D SPACE',''
  ) );
#7356 = ADVANCED_FACE('',(#7357),#6162,.F.);
#7357 = FACE_BOUND('',#7358,.F.);
#7358 = EDGE_LOOP('',(#7359,#7360,#7361,#7362,#7384,#7385));
#7359 = ORIENTED_EDGE('',*,*,#7338,.F.);
#7360 = ORIENTED_EDGE('',*,*,#6146,.T.);
#7361 = ORIENTED_EDGE('',*,*,#6200,.T.);
#7362 = ORIENTED_EDGE('',*,*,#7363,.F.);
#7363 = EDGE_CURVE('',#6970,#6201,#7364,.T.);
#7364 = SURFACE_CURVE('',#7365,(#7370,#7377),.PCURVE_S1.);
#7365 = CIRCLE('',#7366,50.937650636176);
#7366 = AXIS2_PLACEMENT_3D('',#7367,#7368,#7369);
#7367 = CARTESIAN_POINT('',(-2.28324494233E-02,468.11073258021,18.3));
#7368 = DIRECTION('',(-0.,0.,-1.));
#7369 = DIRECTION('',(-0.197460374104,-0.980310869397,0.));
#7370 = PCURVE('',#6162,#7371);
#7371 = DEFINITIONAL_REPRESENTATION('',(#7372),#7376);
#7372 = CIRCLE('',#7373,50.937650636176);
#7373 = AXIS2_PLACEMENT_2D('',#7374,#7375);
#7374 = CARTESIAN_POINT('',(2.363943682786E-02,236.49193671821));
#7375 = DIRECTION('',(0.197460374104,-0.980310869397));
#7376 = ( GEOMETRIC_REPRESENTATION_CONTEXT(2) 
PARAMETRIC_REPRESENTATION_CONTEXT() REPRESENTATION_CONTEXT('2D SPACE',''
  ) );
#7377 = PCURVE('',#6239,#7378);
#7378 = DEFINITIONAL_REPRESENTATION('',(#7379),#7383);
#7379 = LINE('',#7380,#7381);
#7380 = CARTESIAN_POINT('',(0.,-18.3));
#7381 = VECTOR('',#7382,1.);
#7382 = DIRECTION('',(1.,0.));
#7383 = ( GEOMETRIC_REPRESENTATION_CONTEXT(2) 
PARAMETRIC_REPRESENTATION_CONTEXT() REPRESENTATION_CONTEXT('2D SPACE',''
  ) );
#7384 = ORIENTED_EDGE('',*,*,#6969,.F.);
#7385 = ORIENTED_EDGE('',*,*,#7274,.F.);
#7386 = ADVANCED_FACE('',(#7387),#6788,.F.);
#7387 = FACE_BOUND('',#7388,.F.);
#7388 = EDGE_LOOP('',(#7389,#7390,#7391,#7431));
#7389 = ORIENTED_EDGE('',*,*,#6901,.F.);
#7390 = ORIENTED_EDGE('',*,*,#7221,.F.);
#7391 = ORIENTED_EDGE('',*,*,#7392,.T.);
#7392 = EDGE_CURVE('',#7193,#6695,#7393,.T.);
#7393 = SURFACE_CURVE('',#7394,(#7417,#7424),.PCURVE_S1.);
#7394 = ( BOUNDED_CURVE() B_SPLINE_CURVE(3,(#7395,#7396,#7397,#7398,
    #7399,#7400,#7401,#7402,#7403,#7404,#7405,#7406,#7407,#7408,#7409,
    #7410,#7411,#7412,#7413,#7414,#7415,#7416),.UNSPECIFIED.,.F.,.F.) 
B_SPLINE_CURVE_WITH_KNOTS((4,1,1,1,1,1,1,1,1,1,1,1,1,1,1,1,1,1,1,4),(0.,
    5.245000615645E-02,0.105056142816,0.157827138689,0.210729740208,
    0.263703235816,0.316673593925,0.369567354274,0.422325530646,
    0.474917777959,0.52735694777,0.57971823004,0.632142347135,
    0.684734332274,0.737455393694,0.790192360737,0.842823921577,
0.89528663,0.947644996011,1.),.UNSPECIFIED.) CURVE() 
GEOMETRIC_REPRESENTATION_ITEM() RATIONAL_B_SPLINE_CURVE((1.,
    1.000000000036,0.999999999983,1.000000000004,0.999999999999,1.,1.,1.
    ,1.,1.,1.,1.,1.,1.,1.,1.,1.,1.000000000002,0.999999999994,
1.000000000024,0.999999999949,1.)) REPRESENTATION_ITEM('') );
#7395 = CARTESIAN_POINT('',(-3.107447401925,408.89937137394,
    6.814505583744));
#7396 = CARTESIAN_POINT('',(-4.488906926344,408.97178894881,
    6.827117365546));
#7397 = CARTESIAN_POINT('',(-7.248117039512,409.21341793506,
    6.868039947231));
#7398 = CARTESIAN_POINT('',(-11.34494971205,409.86279062787,
    6.966725204789));
#7399 = CARTESIAN_POINT('',(-15.3849062126,410.79592885109,
    7.093297169762));
#7400 = CARTESIAN_POINT('',(-19.34895592807,412.00816678384,
    7.238313372751));
#7401 = CARTESIAN_POINT('',(-23.21838131249,413.49360394348,
    7.392343665989));
#7402 = CARTESIAN_POINT('',(-26.97487156238,415.24515790653,
    7.546014207153));
#7403 = CARTESIAN_POINT('',(-30.60060639467,417.2545853444,
    7.689780898614));
#7404 = CARTESIAN_POINT('',(-34.07834377046,419.51252882364,
    7.814719798332));
#7405 = CARTESIAN_POINT('',(-37.39147311534,422.00855355824,
    7.909532405846));
#7406 = CARTESIAN_POINT('',(-40.52420553103,424.73129200694,
    7.971615871233));
#7407 = CARTESIAN_POINT('',(-43.46122923418,427.66823965751,
    7.965807447346));
#7408 = CARTESIAN_POINT('',(-46.18499865194,430.80220905673,
    8.01920595246));
#7409 = CARTESIAN_POINT('',(-48.67961496534,434.11352934856,
    8.117168952623));
#7410 = CARTESIAN_POINT('',(-50.93593365415,437.58835771608,
    8.237610501295));
#7411 = CARTESIAN_POINT('',(-52.94450681166,441.21164743035,
    8.360649195883));
#7412 = CARTESIAN_POINT('',(-54.69665836646,444.96804695944,
    8.465898261032));
#7413 = CARTESIAN_POINT('',(-56.18441345153,448.84251571002,
    8.532874522461));
#7414 = CARTESIAN_POINT('',(-57.39878688595,452.81378139779,
    8.541311941985));
#7415 = CARTESIAN_POINT('',(-58.01996743068,455.50651436737,
    8.519186385913));
#7416 = CARTESIAN_POINT('',(-58.2841140172,456.86371589951,8.534375));
#7417 = PCURVE('',#6788,#7418);
#7418 = DEFINITIONAL_REPRESENTATION('',(#7419),#7423);
#7419 = LINE('',#7420,#7421);
#7420 = CARTESIAN_POINT('',(4.,0.));
#7421 = VECTOR('',#7422,1.);
#7422 = DIRECTION('',(0.,1.));
#7423 = ( GEOMETRIC_REPRESENTATION_CONTEXT(2) 
PARAMETRIC_REPRESENTATION_CONTEXT() REPRESENTATION_CONTEXT('2D SPACE',''
  ) );
#7424 = PCURVE('',#6714,#7425);
#7425 = DEFINITIONAL_REPRESENTATION('',(#7426),#7430);
#7426 = LINE('',#7427,#7428);
#7427 = CARTESIAN_POINT('',(4.,0.));
#7428 = VECTOR('',#7429,1.);
#7429 = DIRECTION('',(0.,1.));
#7430 = ( GEOMETRIC_REPRESENTATION_CONTEXT(2) 
PARAMETRIC_REPRESENTATION_CONTEXT() REPRESENTATION_CONTEXT('2D SPACE',''
  ) );
#7431 = ORIENTED_EDGE('',*,*,#6768,.T.);
#7432 = ADVANCED_FACE('',(#7433),#6714,.F.);
#7433 = FACE_BOUND('',#7434,.F.);
#7434 = EDGE_LOOP('',(#7435,#7436,#7437,#7477));
#7435 = ORIENTED_EDGE('',*,*,#7392,.F.);
#7436 = ORIENTED_EDGE('',*,*,#7192,.F.);
#7437 = ORIENTED_EDGE('',*,*,#7438,.T.);
#7438 = EDGE_CURVE('',#7162,#6621,#7439,.T.);
#7439 = SURFACE_CURVE('',#7440,(#7463,#7470),.PCURVE_S1.);
#7440 = ( BOUNDED_CURVE() B_SPLINE_CURVE(3,(#7441,#7442,#7443,#7444,
    #7445,#7446,#7447,#7448,#7449,#7450,#7451,#7452,#7453,#7454,#7455,
    #7456,#7457,#7458,#7459,#7460,#7461,#7462),.UNSPECIFIED.,.F.,.F.) 
B_SPLINE_CURVE_WITH_KNOTS((4,1,1,1,1,1,1,1,1,1,1,1,1,1,1,1,1,1,1,4),(0.,
    5.245000615645E-02,0.105056142816,0.157827138689,0.210729740208,
    0.263703235816,0.316673593925,0.369567354274,0.422325530646,
    0.474917777959,0.52735694777,0.57971823004,0.632142347135,
    0.684734332274,0.737455393694,0.790192360737,0.842823921577,
0.89528663,0.947644996011,1.),.UNSPECIFIED.) CURVE() 
GEOMETRIC_REPRESENTATION_ITEM() RATIONAL_B_SPLINE_CURVE((1.,
    1.000000000036,0.999999999983,1.000000000004,0.999999999999,1.,1.,1.
    ,1.,1.,1.,1.,1.,1.,1.,1.,1.,1.000000000002,0.999999999994,
1.000000000024,0.999999999949,1.)) REPRESENTATION_ITEM('') );
#7441 = CARTESIAN_POINT('',(-3.038756459356,410.21007263831,
    6.829373807081));
#7442 = CARTESIAN_POINT('',(-4.389678458191,410.28088940648,
    6.854912665233));
#7443 = CARTESIAN_POINT('',(-7.087895504607,410.51717711622,
    6.937780893141));
#7444 = CARTESIAN_POINT('',(-11.09416661324,411.15219525645,
    7.137618539698));
#7445 = CARTESIAN_POINT('',(-15.04481881209,412.06470621324,
    7.393926768768));
#7446 = CARTESIAN_POINT('',(-18.92124216546,413.25014730759,
    7.687584579822));
#7447 = CARTESIAN_POINT('',(-22.70513288347,414.70274848788,
    7.999495923627));
#7448 = CARTESIAN_POINT('',(-26.37858492784,416.41558388965,
    8.310678769484));
#7449 = CARTESIAN_POINT('',(-29.92417193753,418.38059240521,
    8.601806319693));
#7450 = CARTESIAN_POINT('',(-33.32503301343,420.58862344964,
    8.854807591622));
#7451 = CARTESIAN_POINT('',(-36.56492476226,423.02947290064,
    9.046803121838));
#7452 = CARTESIAN_POINT('',(-39.6284073035,425.69202449942,
    9.172522139247));
#7453 = CARTESIAN_POINT('',(-42.50050732479,428.5640501493,
    9.160760080875));
#7454 = CARTESIAN_POINT('',(-45.16406710279,431.62874233022,
    9.268892053731));
#7455 = CARTESIAN_POINT('',(-47.60353926611,434.86686501559,
    9.467267129063));
#7456 = CARTESIAN_POINT('',(-49.80998143654,438.26488138763,
    9.711161265123));
#7457 = CARTESIAN_POINT('',(-51.7741545558,441.80807732919,
    9.960314621666));
#7458 = CARTESIAN_POINT('',(-53.48757433951,445.48144065847,
    10.173443978583));
#7459 = CARTESIAN_POINT('',(-54.94244220646,449.27026325659,
    10.309070908008));
#7460 = CARTESIAN_POINT('',(-56.1299715982,453.15374307548,
    10.326156682431));
#7461 = CARTESIAN_POINT('',(-56.73742077938,455.78695246368,
    10.281352431666));
#7462 = CARTESIAN_POINT('',(-56.99572833893,457.11415270594,10.312109375
    ));
#7463 = PCURVE('',#6714,#7464);
#7464 = DEFINITIONAL_REPRESENTATION('',(#7465),#7469);
#7465 = LINE('',#7466,#7467);
#7466 = CARTESIAN_POINT('',(5.,0.));
#7467 = VECTOR('',#7468,1.);
#7468 = DIRECTION('',(0.,1.));
#7469 = ( GEOMETRIC_REPRESENTATION_CONTEXT(2) 
PARAMETRIC_REPRESENTATION_CONTEXT() REPRESENTATION_CONTEXT('2D SPACE',''
  ) );
#7470 = PCURVE('',#6640,#7471);
#7471 = DEFINITIONAL_REPRESENTATION('',(#7472),#7476);
#7472 = LINE('',#7473,#7474);
#7473 = CARTESIAN_POINT('',(5.,0.));
#7474 = VECTOR('',#7475,1.);
#7475 = DIRECTION('',(0.,1.));
#7476 = ( GEOMETRIC_REPRESENTATION_CONTEXT(2) 
PARAMETRIC_REPRESENTATION_CONTEXT() REPRESENTATION_CONTEXT('2D SPACE',''
  ) );
#7477 = ORIENTED_EDGE('',*,*,#6694,.T.);
#7478 = ADVANCED_FACE('',(#7479),#6640,.F.);
#7479 = FACE_BOUND('',#7480,.F.);
#7480 = EDGE_LOOP('',(#7481,#7482,#7483,#7523));
#7481 = ORIENTED_EDGE('',*,*,#7438,.F.);
#7482 = ORIENTED_EDGE('',*,*,#7161,.F.);
#7483 = ORIENTED_EDGE('',*,*,#7484,.T.);
#7484 = EDGE_CURVE('',#7131,#6547,#7485,.T.);
#7485 = SURFACE_CURVE('',#7486,(#7509,#7516),.PCURVE_S1.);
#7486 = ( BOUNDED_CURVE() B_SPLINE_CURVE(3,(#7487,#7488,#7489,#7490,
    #7491,#7492,#7493,#7494,#7495,#7496,#7497,#7498,#7499,#7500,#7501,
    #7502,#7503,#7504,#7505,#7506,#7507,#7508),.UNSPECIFIED.,.F.,.F.) 
B_SPLINE_CURVE_WITH_KNOTS((4,1,1,1,1,1,1,1,1,1,1,1,1,1,1,1,1,1,1,4),(0.,
    5.245000615645E-02,0.105056142816,0.157827138689,0.210729740208,
    0.263703235816,0.316673593925,0.369567354274,0.422325530646,
    0.474917777959,0.52735694777,0.57971823004,0.632142347135,
    0.684734332274,0.737455393694,0.790192360737,0.842823921577,
0.89528663,0.947644996011,1.),.UNSPECIFIED.) CURVE() 
GEOMETRIC_REPRESENTATION_ITEM() RATIONAL_B_SPLINE_CURVE((1.,
    1.000000000036,0.999999999983,1.000000000004,0.999999999999,1.,1.,1.
    ,1.,1.,1.,1.,1.,1.,1.,1.,1.,1.000000000002,0.999999999994,
1.000000000024,0.999999999949,1.)) REPRESENTATION_ITEM('') );
#7487 = CARTESIAN_POINT('',(-2.970065516787,411.52077390267,
    6.84641786798));
#7488 = CARTESIAN_POINT('',(-4.290449988536,411.58998987199,
    6.886775569872));
#7489 = CARTESIAN_POINT('',(-6.927673970402,411.82093629373,
    7.01772783108));
#7490 = CARTESIAN_POINT('',(-10.84338351425,412.44159988602,
    7.333520655341));
#7491 = CARTESIAN_POINT('',(-14.70473141163,413.33348357511,
    7.738550943235));
#7492 = CARTESIAN_POINT('',(-18.49352840283,414.49212783142,
    8.202602792806));
#7493 = CARTESIAN_POINT('',(-22.19188445446,415.91189303226,
    8.695499731164));
#7494 = CARTESIAN_POINT('',(-25.7822982933,417.58600987278,
    9.187245462889));
#7495 = CARTESIAN_POINT('',(-29.24773748038,419.50659946602,
    9.647298875565));
#7496 = CARTESIAN_POINT('',(-32.5717222564,421.66471807565,
    10.047103354662));
#7497 = CARTESIAN_POINT('',(-35.73837640919,424.05039224303,
    10.350503698707));
#7498 = CARTESIAN_POINT('',(-38.73260907597,426.6527569919,
    10.549170787945));
#7499 = CARTESIAN_POINT('',(-41.53978541541,429.45986064108,
    10.530583831506));
#7500 = CARTESIAN_POINT('',(-44.14313555365,432.4552756037,
    10.701459047871));
#7501 = CARTESIAN_POINT('',(-46.52746356687,435.62020068261,
    11.014940648395));
#7502 = CARTESIAN_POINT('',(-48.68402921892,438.94140505921,
    11.400353604145));
#7503 = CARTESIAN_POINT('',(-50.60380229996,442.40450722796,
    11.794077426828));
#7504 = CARTESIAN_POINT('',(-52.27849031245,445.99483435779,
    12.130874435299));
#7505 = CARTESIAN_POINT('',(-53.70047096179,449.69801080209,
    12.345198471884));
#7506 = CARTESIAN_POINT('',(-54.86115630894,453.49370475715,
    12.372198214322));
#7507 = CARTESIAN_POINT('',(-55.45487413135,456.06739055137,
    12.30139643499));
#7508 = CARTESIAN_POINT('',(-55.70734266065,457.36458951238,12.35));
#7509 = PCURVE('',#6640,#7510);
#7510 = DEFINITIONAL_REPRESENTATION('',(#7511),#7515);
#7511 = LINE('',#7512,#7513);
#7512 = CARTESIAN_POINT('',(6.,0.));
#7513 = VECTOR('',#7514,1.);
#7514 = DIRECTION('',(0.,1.));
#7515 = ( GEOMETRIC_REPRESENTATION_CONTEXT(2) 
PARAMETRIC_REPRESENTATION_CONTEXT() REPRESENTATION_CONTEXT('2D SPACE',''
  ) );
#7516 = PCURVE('',#6566,#7517);
#7517 = DEFINITIONAL_REPRESENTATION('',(#7518),#7522);
#7518 = LINE('',#7519,#7520);
#7519 = CARTESIAN_POINT('',(6.,0.));
#7520 = VECTOR('',#7521,1.);
#7521 = DIRECTION('',(0.,1.));
#7522 = ( GEOMETRIC_REPRESENTATION_CONTEXT(2) 
PARAMETRIC_REPRESENTATION_CONTEXT() REPRESENTATION_CONTEXT('2D SPACE',''
  ) );
#7523 = ORIENTED_EDGE('',*,*,#6620,.T.);
#7524 = ADVANCED_FACE('',(#7525),#6566,.F.);
#7525 = FACE_BOUND('',#7526,.F.);
#7526 = EDGE_LOOP('',(#7527,#7528,#7529,#7569));
#7527 = ORIENTED_EDGE('',*,*,#7484,.F.);
#7528 = ORIENTED_EDGE('',*,*,#7130,.F.);
#7529 = ORIENTED_EDGE('',*,*,#7530,.T.);
#7530 = EDGE_CURVE('',#7101,#6473,#7531,.T.);
#7531 = SURFACE_CURVE('',#7532,(#7555,#7562),.PCURVE_S1.);
#7532 = ( BOUNDED_CURVE() B_SPLINE_CURVE(3,(#7533,#7534,#7535,#7536,
    #7537,#7538,#7539,#7540,#7541,#7542,#7543,#7544,#7545,#7546,#7547,
    #7548,#7549,#7550,#7551,#7552,#7553,#7554),.UNSPECIFIED.,.F.,.F.) 
B_SPLINE_CURVE_WITH_KNOTS((4,1,1,1,1,1,1,1,1,1,1,1,1,1,1,1,1,1,1,4),(0.,
    5.245000615645E-02,0.105056142816,0.157827138689,0.210729740208,
    0.263703235816,0.316673593925,0.369567354274,0.422325530646,
    0.474917777959,0.52735694777,0.57971823004,0.632142347135,
    0.684734332274,0.737455393694,0.790192360737,0.842823921577,
0.89528663,0.947644996011,1.),.UNSPECIFIED.) CURVE() 
GEOMETRIC_REPRESENTATION_ITEM() RATIONAL_B_SPLINE_CURVE((1.,
    1.000000000036,0.999999999983,1.000000000004,0.999999999999,1.,1.,1.
    ,1.,1.,1.,1.,1.,1.,1.,1.,1.,1.000000000002,0.999999999994,
1.000000000024,0.999999999949,1.)) REPRESENTATION_ITEM('') );
#7533 = CARTESIAN_POINT('',(-2.901374574218,412.83147516704,
    6.863461928879));
#7534 = CARTESIAN_POINT('',(-4.19122151976,412.89909031765,
    6.918638474455));
#7535 = CARTESIAN_POINT('',(-6.767452435788,413.12469548048,
    7.097674769045));
#7536 = CARTESIAN_POINT('',(-10.59260041537,413.7310045131,
    7.529422770977));
#7537 = CARTESIAN_POINT('',(-14.36464401113,414.60226093766,
    8.083175117703));
#7538 = CARTESIAN_POINT('',(-18.06581464021,415.73410835506,
    8.717621005789));
#7539 = CARTESIAN_POINT('',(-21.67863602545,417.12103757669,9.3915035387
    ));
#7540 = CARTESIAN_POINT('',(-25.18601165877,418.75643585589,
    10.063812156293));
#7541 = CARTESIAN_POINT('',(-28.57130302324,420.63260652682,
    10.692791431436));
#7542 = CARTESIAN_POINT('',(-31.81841149936,422.74081270165,
    11.239399117702));
#7543 = CARTESIAN_POINT('',(-34.91182805611,425.07131158543,
    11.654204275576));
#7544 = CARTESIAN_POINT('',(-37.83681084845,427.61348948438,
    11.925819436644));
#7545 = CARTESIAN_POINT('',(-40.57906350602,430.35567113286,
    11.900407582137));
#7546 = CARTESIAN_POINT('',(-43.1222040045,433.28180887718,
    12.134026042011));
#7547 = CARTESIAN_POINT('',(-45.45138786764,436.37353634965,
    12.562614167727));
#7548 = CARTESIAN_POINT('',(-47.5580770013,439.61792873074,
    13.089545943168));
#7549 = CARTESIAN_POINT('',(-49.43345004413,443.00093712691,
    13.627840231988));
#7550 = CARTESIAN_POINT('',(-51.0694062854,446.5082280564,
    14.088304892023));
#7551 = CARTESIAN_POINT('',(-52.45849971707,450.12575835021,
    14.381326035733));
#7552 = CARTESIAN_POINT('',(-53.59234101991,453.83366642908,
    14.418239746313));
#7553 = CARTESIAN_POINT('',(-54.17232748283,456.3478286601,
    14.321440438096));
#7554 = CARTESIAN_POINT('',(-54.41895698238,457.61502631881,14.387890625
    ));
#7555 = PCURVE('',#6566,#7556);
#7556 = DEFINITIONAL_REPRESENTATION('',(#7557),#7561);
#7557 = LINE('',#7558,#7559);
#7558 = CARTESIAN_POINT('',(7.,0.));
#7559 = VECTOR('',#7560,1.);
#7560 = DIRECTION('',(0.,1.));
#7561 = ( GEOMETRIC_REPRESENTATION_CONTEXT(2) 
PARAMETRIC_REPRESENTATION_CONTEXT() REPRESENTATION_CONTEXT('2D SPACE',''
  ) );
#7562 = PCURVE('',#6492,#7563);
#7563 = DEFINITIONAL_REPRESENTATION('',(#7564),#7568);
#7564 = LINE('',#7565,#7566);
#7565 = CARTESIAN_POINT('',(7.,0.));
#7566 = VECTOR('',#7567,1.);
#7567 = DIRECTION('',(0.,1.));
#7568 = ( GEOMETRIC_REPRESENTATION_CONTEXT(2) 
PARAMETRIC_REPRESENTATION_CONTEXT() REPRESENTATION_CONTEXT('2D SPACE',''
  ) );
#7569 = ORIENTED_EDGE('',*,*,#6546,.T.);
#7570 = ADVANCED_FACE('',(#7571),#6492,.F.);
#7571 = FACE_BOUND('',#7572,.F.);
#7572 = EDGE_LOOP('',(#7573,#7574,#7575,#7615));
#7573 = ORIENTED_EDGE('',*,*,#7530,.F.);
#7574 = ORIENTED_EDGE('',*,*,#7100,.F.);
#7575 = ORIENTED_EDGE('',*,*,#7576,.T.);
#7576 = EDGE_CURVE('',#7072,#6399,#7577,.T.);
#7577 = SURFACE_CURVE('',#7578,(#7601,#7608),.PCURVE_S1.);
#7578 = ( BOUNDED_CURVE() B_SPLINE_CURVE(3,(#7579,#7580,#7581,#7582,
    #7583,#7584,#7585,#7586,#7587,#7588,#7589,#7590,#7591,#7592,#7593,
    #7594,#7595,#7596,#7597,#7598,#7599,#7600),.UNSPECIFIED.,.F.,.F.) 
B_SPLINE_CURVE_WITH_KNOTS((4,1,1,1,1,1,1,1,1,1,1,1,1,1,1,1,1,1,1,4),(0.,
    5.245000615645E-02,0.105056142816,0.157827138689,0.210729740208,
    0.263703235816,0.316673593925,0.369567354274,0.422325530646,
    0.474917777959,0.52735694777,0.57971823004,0.632142347135,
    0.684734332274,0.737455393694,0.790192360737,0.842823921577,
0.89528663,0.947644996011,1.),.UNSPECIFIED.) CURVE() 
GEOMETRIC_REPRESENTATION_ITEM() RATIONAL_B_SPLINE_CURVE((1.,
    1.000000000036,0.999999999983,1.000000000004,0.999999999999,1.,1.,1.
    ,1.,1.,1.,1.,1.,1.,1.,1.,1.,1.000000000002,0.999999999994,
1.000000000024,0.999999999949,1.)) REPRESENTATION_ITEM('') );
#7579 = CARTESIAN_POINT('',(-2.832683631649,414.1421764314,
    6.878330152216));
#7580 = CARTESIAN_POINT('',(-4.09199305038,414.20819077876,
    6.946433774169));
#7581 = CARTESIAN_POINT('',(-6.607230901454,414.42845466004,
    7.167415714943));
#7582 = CARTESIAN_POINT('',(-10.34181731641,415.02040914211,
    7.700316105889));
#7583 = CARTESIAN_POINT('',(-14.02455661066,415.87103829969,
    8.383804716709));
#7584 = CARTESIAN_POINT('',(-17.63810087759,416.97608887884,
    9.166892212859));
#7585 = CARTESIAN_POINT('',(-21.16538759644,418.33018212108,
    9.998655796339));
#7586 = CARTESIAN_POINT('',(-24.58972502423,419.92686183901,
    10.828476718625));
#7587 = CARTESIAN_POINT('',(-27.89486856609,421.75861358763,
    11.604816852515));
#7588 = CARTESIAN_POINT('',(-31.06510074233,423.81690732765,
    12.279486910992));
#7589 = CARTESIAN_POINT('',(-34.08527970304,426.09223092783,
    12.791474991568));
#7590 = CARTESIAN_POINT('',(-36.94101262092,428.57422197686,
    13.126725704658));
#7591 = CARTESIAN_POINT('',(-39.61834159663,431.25148162464,
    13.095360215667));
#7592 = CARTESIAN_POINT('',(-42.10127245535,434.10834215067,
    13.383712143282));
#7593 = CARTESIAN_POINT('',(-44.3753121684,437.12687201668,
    13.912712344166));
#7594 = CARTESIAN_POINT('',(-46.43212478368,440.29445240227,
    14.563096706996));
#7595 = CARTESIAN_POINT('',(-48.2630977883,443.59736702583,
    15.227505657766));
#7596 = CARTESIAN_POINT('',(-49.86032225833,447.02162175516,
    15.795850609587));
#7597 = CARTESIAN_POINT('',(-51.21652847245,450.55350589781,
    16.157522421233));
#7598 = CARTESIAN_POINT('',(-52.32352573049,454.17362810294,
    16.203084486934));
#7599 = CARTESIAN_POINT('',(-52.88978083514,456.62826676463,
    16.083606483474));
#7600 = CARTESIAN_POINT('',(-53.1305713041,457.86546312524,16.165625));
#7601 = PCURVE('',#6492,#7602);
#7602 = DEFINITIONAL_REPRESENTATION('',(#7603),#7607);
#7603 = LINE('',#7604,#7605);
#7604 = CARTESIAN_POINT('',(8.,0.));
#7605 = VECTOR('',#7606,1.);
#7606 = DIRECTION('',(0.,1.));
#7607 = ( GEOMETRIC_REPRESENTATION_CONTEXT(2) 
PARAMETRIC_REPRESENTATION_CONTEXT() REPRESENTATION_CONTEXT('2D SPACE',''
  ) );
#7608 = PCURVE('',#6418,#7609);
#7609 = DEFINITIONAL_REPRESENTATION('',(#7610),#7614);
#7610 = LINE('',#7611,#7612);
#7611 = CARTESIAN_POINT('',(8.,0.));
#7612 = VECTOR('',#7613,1.);
#7613 = DIRECTION('',(0.,1.));
#7614 = ( GEOMETRIC_REPRESENTATION_CONTEXT(2) 
PARAMETRIC_REPRESENTATION_CONTEXT() REPRESENTATION_CONTEXT('2D SPACE',''
  ) );
#7615 = ORIENTED_EDGE('',*,*,#6472,.T.);
#7616 = ADVANCED_FACE('',(#7617),#6418,.F.);
#7617 = FACE_BOUND('',#7618,.F.);
#7618 = EDGE_LOOP('',(#7619,#7620,#7621,#7661));
#7619 = ORIENTED_EDGE('',*,*,#7576,.F.);
#7620 = ORIENTED_EDGE('',*,*,#7071,.F.);
#7621 = ORIENTED_EDGE('',*,*,#7622,.T.);
#7622 = EDGE_CURVE('',#7044,#6325,#7623,.T.);
#7623 = SURFACE_CURVE('',#7624,(#7647,#7654),.PCURVE_S1.);
#7624 = ( BOUNDED_CURVE() B_SPLINE_CURVE(3,(#7625,#7626,#7627,#7628,
    #7629,#7630,#7631,#7632,#7633,#7634,#7635,#7636,#7637,#7638,#7639,
    #7640,#7641,#7642,#7643,#7644,#7645,#7646),.UNSPECIFIED.,.F.,.F.) 
B_SPLINE_CURVE_WITH_KNOTS((4,1,1,1,1,1,1,1,1,1,1,1,1,1,1,1,1,1,1,4),(0.,
    5.245000615645E-02,0.105056142816,0.157827138689,0.210729740208,
    0.263703235816,0.316673593925,0.369567354274,0.422325530646,
    0.474917777959,0.52735694777,0.57971823004,0.632142347135,
    0.684734332274,0.737455393694,0.790192360737,0.842823921577,
0.89528663,0.947644996011,1.),.UNSPECIFIED.) CURVE() 
GEOMETRIC_REPRESENTATION_ITEM() RATIONAL_B_SPLINE_CURVE((1.,
    1.000000000036,0.999999999983,1.000000000004,0.999999999999,1.,1.,1.
    ,1.,1.,1.,1.,1.,1.,1.,1.,1.,1.000000000002,0.999999999994,
1.000000000024,0.999999999949,1.)) REPRESENTATION_ITEM('') );
#7625 = CARTESIAN_POINT('',(-2.76399268908,415.45287769577,6.88884670043
    ));
#7626 = CARTESIAN_POINT('',(-3.992764581941,415.51729121876,
    6.96609386434));
#7627 = CARTESIAN_POINT('',(-6.447009366683,415.73221384942,
    7.216744676615));
#7628 = CARTESIAN_POINT('',(-10.09103421757,416.30981376848,
    7.82119187938));
#7629 = CARTESIAN_POINT('',(-13.68446921016,417.13981566243,
    8.596445164781));
#7630 = CARTESIAN_POINT('',(-17.21038711497,418.21806940243,
    9.484669408106));
#7631 = CARTESIAN_POINT('',(-20.65213916742,419.53932666552,
    10.42810495418));
#7632 = CARTESIAN_POINT('',(-23.99343838969,421.09728782212,
    11.369337018811));
#7633 = CARTESIAN_POINT('',(-27.21843410895,422.88462064844,
    12.24990800401));
#7634 = CARTESIAN_POINT('',(-30.3117899853,424.89300195366,
    13.015158764783));
#7635 = CARTESIAN_POINT('',(-33.25873134996,427.11315027022,
    13.595885985806));
#7636 = CARTESIAN_POINT('',(-36.04521439339,429.53495446933,
    13.976147211302));
#7637 = CARTESIAN_POINT('',(-38.65761968724,432.14729211642,
    13.940570614992));
#7638 = CARTESIAN_POINT('',(-41.0803409062,434.93487542415,
    14.267636458815));
#7639 = CARTESIAN_POINT('',(-43.29923646917,437.88020768371,
    14.867659834819));
#7640 = CARTESIAN_POINT('',(-45.30617256606,440.97097607381,
    15.605364320434));
#7641 = CARTESIAN_POINT('',(-47.09274553246,444.19379692475,
    16.358976324786));
#7642 = CARTESIAN_POINT('',(-48.65123823128,447.53501545391,
    17.003626848819));
#7643 = CARTESIAN_POINT('',(-49.97455722771,450.98125344542,
    17.413856450078));
#7644 = CARTESIAN_POINT('',(-51.05471044151,454.51358977674,
    17.465535644649));
#7645 = CARTESIAN_POINT('',(-51.6072341865,456.90870486931,
    17.330016613744));
#7646 = CARTESIAN_POINT('',(-51.84218562583,458.11589993167,17.423046875
    ));
#7647 = PCURVE('',#6418,#7648);
#7648 = DEFINITIONAL_REPRESENTATION('',(#7649),#7653);
#7649 = LINE('',#7650,#7651);
#7650 = CARTESIAN_POINT('',(9.,0.));
#7651 = VECTOR('',#7652,1.);
#7652 = DIRECTION('',(0.,1.));
#7653 = ( GEOMETRIC_REPRESENTATION_CONTEXT(2) 
PARAMETRIC_REPRESENTATION_CONTEXT() REPRESENTATION_CONTEXT('2D SPACE',''
  ) );
#7654 = PCURVE('',#6344,#7655);
#7655 = DEFINITIONAL_REPRESENTATION('',(#7656),#7660);
#7656 = LINE('',#7657,#7658);
#7657 = CARTESIAN_POINT('',(9.,0.));
#7658 = VECTOR('',#7659,1.);
#7659 = DIRECTION('',(0.,1.));
#7660 = ( GEOMETRIC_REPRESENTATION_CONTEXT(2) 
PARAMETRIC_REPRESENTATION_CONTEXT() REPRESENTATION_CONTEXT('2D SPACE',''
  ) );
#7661 = ORIENTED_EDGE('',*,*,#6398,.T.);
#7662 = ADVANCED_FACE('',(#7663),#6344,.F.);
#7663 = FACE_BOUND('',#7664,.F.);
#7664 = EDGE_LOOP('',(#7665,#7666,#7667,#7707));
#7665 = ORIENTED_EDGE('',*,*,#7622,.F.);
#7666 = ORIENTED_EDGE('',*,*,#7043,.F.);
#7667 = ORIENTED_EDGE('',*,*,#7668,.T.);
#7668 = EDGE_CURVE('',#7016,#6251,#7669,.T.);
#7669 = SURFACE_CURVE('',#7670,(#7693,#7700),.PCURVE_S1.);
#7670 = ( BOUNDED_CURVE() B_SPLINE_CURVE(3,(#7671,#7672,#7673,#7674,
    #7675,#7676,#7677,#7678,#7679,#7680,#7681,#7682,#7683,#7684,#7685,
    #7686,#7687,#7688,#7689,#7690,#7691,#7692),.UNSPECIFIED.,.F.,.F.) 
B_SPLINE_CURVE_WITH_KNOTS((4,1,1,1,1,1,1,1,1,1,1,1,1,1,1,1,1,1,1,4),(0.,
    5.245000615645E-02,0.105056142816,0.157827138689,0.210729740208,
    0.263703235816,0.316673593925,0.369567354274,0.422325530646,
    0.474917777959,0.52735694777,0.57971823004,0.632142347135,
    0.684734332274,0.737455393694,0.790192360737,0.842823921577,
0.89528663,0.947644996011,1.),.UNSPECIFIED.) CURVE() 
GEOMETRIC_REPRESENTATION_ITEM() RATIONAL_B_SPLINE_CURVE((1.,
    1.000000000036,0.999999999983,1.000000000004,0.999999999999,1.,1.,1.
    ,1.,1.,1.,1.,1.,1.,1.,1.,1.,1.000000000002,0.999999999994,
1.000000000024,0.999999999949,1.)) REPRESENTATION_ITEM('') );
#7671 = CARTESIAN_POINT('',(-2.695301746512,416.76357896014,
    6.892835735959));
#7672 = CARTESIAN_POINT('',(-3.89353611268,416.82639168764,
    6.973551139748));
#7673 = CARTESIAN_POINT('',(-6.286787832294,417.03597302536,
    7.235455662158));
#7674 = CARTESIAN_POINT('',(-9.840251118628,417.59921839847,
    7.867041310683));
#7675 = CARTESIAN_POINT('',(-13.34438180968,418.40859302419,
    8.67710188647));
#7676 = CARTESIAN_POINT('',(-16.78267335235,419.46004992628,
    9.605205585611));
#7677 = CARTESIAN_POINT('',(-20.13889073841,420.7484712099,
    10.590999462327));
#7678 = CARTESIAN_POINT('',(-23.39715175516,422.26771380525,
    11.574490925778));
#7679 = CARTESIAN_POINT('',(-26.5419996518,424.01062770925,
    12.494597751129));
#7680 = CARTESIAN_POINT('',(-29.55847922827,425.96909657966,
    13.294206709324));
#7681 = CARTESIAN_POINT('',(-32.43218299688,428.13406961262,
    13.901007397413));
#7682 = CARTESIAN_POINT('',(-35.14941616586,430.49568696181,
    14.298341575891));
#7683 = CARTESIAN_POINT('',(-37.69689777786,433.0431026082,
    14.261167663012));
#7684 = CARTESIAN_POINT('',(-40.05940935705,435.76140869763,
    14.602918095742));
#7685 = CARTESIAN_POINT('',(-42.22316076994,438.63354335075,
    15.22988129679));
#7686 = CARTESIAN_POINT('',(-44.18022034844,441.64749974533,
    16.000707208291));
#7687 = CARTESIAN_POINT('',(-45.92239327663,444.79022682375,
    16.78815485365));
#7688 = CARTESIAN_POINT('',(-47.4421542042,448.04840915236,
    17.46174887062));
#7689 = CARTESIAN_POINT('',(-48.73258598313,451.40900099416,
    17.890396943689));
#7690 = CARTESIAN_POINT('',(-49.78589515193,454.85355144636,
    17.944396428939));
#7691 = CARTESIAN_POINT('',(-50.32468753915,457.18914298298,
    17.802792869345));
#7692 = CARTESIAN_POINT('',(-50.55379994755,458.3663367381,17.9));
#7693 = PCURVE('',#6344,#7694);
#7694 = DEFINITIONAL_REPRESENTATION('',(#7695),#7699);
#7695 = LINE('',#7696,#7697);
#7696 = CARTESIAN_POINT('',(10.,0.));
#7697 = VECTOR('',#7698,1.);
#7698 = DIRECTION('',(0.,1.));
#7699 = ( GEOMETRIC_REPRESENTATION_CONTEXT(2) 
PARAMETRIC_REPRESENTATION_CONTEXT() REPRESENTATION_CONTEXT('2D SPACE',''
  ) );
#7700 = PCURVE('',#6270,#7701);
#7701 = DEFINITIONAL_REPRESENTATION('',(#7702),#7706);
#7702 = LINE('',#7703,#7704);
#7703 = CARTESIAN_POINT('',(10.,0.));
#7704 = VECTOR('',#7705,1.);
#7705 = DIRECTION('',(0.,1.));
#7706 = ( GEOMETRIC_REPRESENTATION_CONTEXT(2) 
PARAMETRIC_REPRESENTATION_CONTEXT() REPRESENTATION_CONTEXT('2D SPACE',''
  ) );
#7707 = ORIENTED_EDGE('',*,*,#6324,.T.);
#7708 = ADVANCED_FACE('',(#7709),#6270,.F.);
#7709 = FACE_BOUND('',#7710,.F.);
#7710 = EDGE_LOOP('',(#7711,#7712,#7713,#7955));
#7711 = ORIENTED_EDGE('',*,*,#7668,.F.);
#7712 = ORIENTED_EDGE('',*,*,#7015,.F.);
#7713 = ORIENTED_EDGE('',*,*,#7714,.T.);
#7714 = EDGE_CURVE('',#6993,#6224,#7715,.T.);
#7715 = SURFACE_CURVE('',#7716,(#7803,#7865),.PCURVE_S1.);
#7716 = B_SPLINE_CURVE_WITH_KNOTS('',7,(#7717,#7718,#7719,#7720,#7721,
    #7722,#7723,#7724,#7725,#7726,#7727,#7728,#7729,#7730,#7731,#7732,
    #7733,#7734,#7735,#7736,#7737,#7738,#7739,#7740,#7741,#7742,#7743,
    #7744,#7745,#7746,#7747,#7748,#7749,#7750,#7751,#7752,#7753,#7754,
    #7755,#7756,#7757,#7758,#7759,#7760,#7761,#7762,#7763,#7764,#7765,
    #7766,#7767,#7768,#7769,#7770,#7771,#7772,#7773,#7774,#7775,#7776,
    #7777,#7778,#7779,#7780,#7781,#7782,#7783,#7784,#7785,#7786,#7787,
    #7788,#7789,#7790,#7791,#7792,#7793,#7794,#7795,#7796,#7797,#7798,
    #7799,#7800,#7801,#7802),.UNSPECIFIED.,.F.,.F.,(8,6,6,6,6,6,6,6,6,6,
    6,6,6,6,8),(0.,8.237948634962E-02,0.20458655321,0.333530097942,
    0.406960951242,0.471340572041,0.526630045502,0.575067502034,
    0.660300288212,0.69066363486,0.800207447868,0.827890408386,
    0.91031755201,0.931325122836,1.),.UNSPECIFIED.);
#7717 = CARTESIAN_POINT('',(-10.081,418.176,7.967790204114));
#7718 = CARTESIAN_POINT('',(-10.44001519006,418.24831509509,
    8.043669057385));
#7719 = CARTESIAN_POINT('',(-10.79762604075,418.32348105647,
    8.121511323989));
#7720 = CARTESIAN_POINT('',(-11.15382948063,418.40147184448,
    8.201198374841));
#7721 = CARTESIAN_POINT('',(-11.50862611626,418.48226345879,
    8.282614797373));
#7722 = CARTESIAN_POINT('',(-11.86202023224,418.56583393848,
    8.365648395535));
#7723 = CARTESIAN_POINT('',(-12.2140197912,418.652163362,8.450190189793)
  );
#7724 = CARTESIAN_POINT('',(-13.08476387542,418.87336677515,
    8.663629651707));
#7725 = CARTESIAN_POINT('',(-13.60184398107,419.01153117005,
    8.794210542375));
#7726 = CARTESIAN_POINT('',(-14.11591839135,419.15567064869,
    8.927528677551));
#7727 = CARTESIAN_POINT('',(-14.62702892058,419.30573643601,
    9.063262369673));
#7728 = CARTESIAN_POINT('',(-15.13522561151,419.46169008856,
    9.201098532067));
#7729 = CARTESIAN_POINT('',(-15.64056835294,419.62350490063,
    9.340728664545));
#7730 = CARTESIAN_POINT('',(-16.67337827353,419.96806914673,
    9.63076882216));
#7731 = CARTESIAN_POINT('',(-17.20052391489,420.15147898935,
    9.781346960506));
#7732 = CARTESIAN_POINT('',(-17.72463761445,420.34137850267,
    9.933241928682));
#7733 = CARTESIAN_POINT('',(-18.24578530587,420.53775849329,
    10.086130320538));
#7734 = CARTESIAN_POINT('',(-18.76404190107,420.74062457654,
    10.239673999555));
#7735 = CARTESIAN_POINT('',(-19.27947488291,420.94999225299,
    10.393552369099));
#7736 = CARTESIAN_POINT('',(-20.08411700319,421.28884162355,
    10.635075804781));
#7737 = CARTESIAN_POINT('',(-20.37518483773,421.4139096475,
    10.722714715383));
#7738 = CARTESIAN_POINT('',(-20.66537178733,421.5411007634,
    10.810295706351));
#7739 = CARTESIAN_POINT('',(-20.95469008095,421.67042143359,
    10.897757587407));
#7740 = CARTESIAN_POINT('',(-21.24315127396,421.80187918765,
    10.985038861451));
#7741 = CARTESIAN_POINT('',(-21.5307662482,421.93548262246,
    11.072077724568));
#7742 = CARTESIAN_POINT('',(-22.06897523231,422.19026628568,
    11.234855360661));
#7743 = CARTESIAN_POINT('',(-22.31976242342,422.31094780947,
    11.31066457463));
#7744 = CARTESIAN_POINT('',(-22.56991386893,422.43329258874,
    11.386197330634));
#7745 = CARTESIAN_POINT('',(-22.81943527061,422.55730734533,
    11.46141230843));
#7746 = CARTESIAN_POINT('',(-23.06833251389,422.68299973105,
    11.53626599289));
#7747 = CARTESIAN_POINT('',(-23.31661107143,422.81037799174,
    11.610713957221));
#7748 = CARTESIAN_POINT('',(-23.77696650045,423.05029657123,
    11.748270514023));
#7749 = CARTESIAN_POINT('',(-23.98920517419,423.16239249941,
    11.811495661046));
#7750 = CARTESIAN_POINT('',(-24.20099130221,423.27574221792,
    11.874365826961));
#7751 = CARTESIAN_POINT('',(-24.41232647567,423.39035083095,
    11.936854348042));
#7752 = CARTESIAN_POINT('',(-24.62321184055,423.50622358573,
    11.998934192263));
#7753 = CARTESIAN_POINT('',(-24.83364809765,423.62336587255,
    12.060577959297));
#7754 = CARTESIAN_POINT('',(-25.22759919702,423.84552513061,
    12.175355782422));
#7755 = CARTESIAN_POINT('',(-25.41121836574,423.95024561803,
    12.228597614097));
#7756 = CARTESIAN_POINT('',(-25.59449315277,424.05594839214,
    12.28146476449));
#7757 = CARTESIAN_POINT('',(-25.77742338925,424.16263718217,
    12.333938304016));
#7758 = CARTESIAN_POINT('',(-25.96000859357,424.27031574143,
    12.385998984553));
#7759 = CARTESIAN_POINT('',(-26.14224797128,424.37898784736,
    12.43762723945));
#7760 = CARTESIAN_POINT('',(-26.64420676222,424.68163673928,
    12.578854738883));
#7761 = CARTESIAN_POINT('',(-26.96319917033,424.87770447725,
    12.667503074423));
#7762 = CARTESIAN_POINT('',(-27.28112383413,425.0768885422,
    12.754612823897));
#7763 = CARTESIAN_POINT('',(-27.59798128091,425.27921626217,
    12.84004431928));
#7764 = CARTESIAN_POINT('',(-27.91376662099,425.48471397976,
    12.923653468878));
#7765 = CARTESIAN_POINT('',(-28.22846979803,425.69340676554,
    13.005291635435));
#7766 = CARTESIAN_POINT('',(-28.65379492514,425.98080948337,
    13.113131556073));
#7767 = CARTESIAN_POINT('',(-28.76537465183,426.05670921058,
    13.141188140225));
#7768 = CARTESIAN_POINT('',(-28.87681447926,426.13301847319,
    13.168967631133));
#7769 = CARTESIAN_POINT('',(-28.98811322918,426.20973801126,
    13.19646414281));
#7770 = CARTESIAN_POINT('',(-29.09927007405,426.28686883827,
    13.223670189036));
#7771 = CARTESIAN_POINT('',(-29.21028435908,426.36441211196,
    13.250577254893));
#7772 = CARTESIAN_POINT('',(-29.72114677327,426.72361534989,
    13.37315778172));
#7773 = CARTESIAN_POINT('',(-30.11925689292,427.01023331498,
    13.465186186052));
#7774 = CARTESIAN_POINT('',(-30.51536150266,427.302211834,
    13.553140353949));
#7775 = CARTESIAN_POINT('',(-30.90933076933,427.59953216504,
    13.636893008965));
#7776 = CARTESIAN_POINT('',(-31.30102857787,427.9021659726,
    13.716315688431));
#7777 = CARTESIAN_POINT('',(-31.69031296866,428.21007423186,13.791279685
    ));
#7778 = CARTESIAN_POINT('',(-32.17476600433,428.60233810607,
    13.879442128688));
#7779 = CARTESIAN_POINT('',(-32.2723314857,428.68180334589,
    13.896936196766));
#7780 = CARTESIAN_POINT('',(-32.36973328311,428.76160315943,
    13.914125104773));
#7781 = CARTESIAN_POINT('',(-32.46697231499,428.84173944551,
    13.930990667639));
#7782 = CARTESIAN_POINT('',(-32.56404891005,428.92221367347,
    13.947515632596));
#7783 = CARTESIAN_POINT('',(-32.66096267504,429.00302676342,
    13.963684285672));
#7784 = CARTESIAN_POINT('',(-33.04579292481,429.3258165454,
    14.026506953973));
#7785 = CARTESIAN_POINT('',(-33.33242173431,429.57046285324,
    14.070217109035));
#7786 = CARTESIAN_POINT('',(-33.61759856982,429.81815086756,
    14.11015808904));
#7787 = CARTESIAN_POINT('',(-33.9012840068,430.0688840472,
    14.145859433968));
#7788 = CARTESIAN_POINT('',(-34.18340253622,430.32263334349,
    14.17683791016));
#7789 = CARTESIAN_POINT('',(-34.46384457128,430.57933331001,
    14.20260418557));
#7790 = CARTESIAN_POINT('',(-34.81347917602,430.90502642126,
    14.227783398352));
#7791 = CARTESIAN_POINT('',(-34.88437143349,430.97135907679,
    14.232523090544));
#7792 = CARTESIAN_POINT('',(-34.95514223433,431.03787383267,
    14.236889433649));
#7793 = CARTESIAN_POINT('',(-35.02578575473,431.10456559373,
    14.240923243672));
#7794 = CARTESIAN_POINT('',(-35.09629757697,431.17143048016,
    14.24465541987));
#7795 = CARTESIAN_POINT('',(-35.1666752425,431.23846636245,
    14.248100242523));
#7796 = CARTESIAN_POINT('',(-35.46653305463,431.52536215983,
    14.261725382756));
#7797 = CARTESIAN_POINT('',(-35.69465842813,431.74682751567,
    14.26943477194));
#7798 = CARTESIAN_POINT('',(-35.92122817647,431.97001104404,
    14.275357594985));
#7799 = CARTESIAN_POINT('',(-36.14618837154,432.19486235537,
    14.280435821909));
#7800 = CARTESIAN_POINT('',(-36.369493774,432.4213362275,14.285613408985
    ));
#7801 = CARTESIAN_POINT('',(-36.59110738533,432.64939317189,
    14.29183389324));
#7802 = CARTESIAN_POINT('',(-36.811,432.879,14.30003798694));
#7803 = PCURVE('',#6270,#7804);
#7804 = DEFINITIONAL_REPRESENTATION('',(#7805),#7864);
#7805 = B_SPLINE_CURVE_WITH_KNOTS('',8,(#7806,#7807,#7808,#7809,#7810,
    #7811,#7812,#7813,#7814,#7815,#7816,#7817,#7818,#7819,#7820,#7821,
    #7822,#7823,#7824,#7825,#7826,#7827,#7828,#7829,#7830,#7831,#7832,
    #7833,#7834,#7835,#7836,#7837,#7838,#7839,#7840,#7841,#7842,#7843,
    #7844,#7845,#7846,#7847,#7848,#7849,#7850,#7851,#7852,#7853,#7854,
    #7855,#7856,#7857,#7858,#7859,#7860,#7861,#7862,#7863),
  .UNSPECIFIED.,.F.,.F.,(9,7,7,7,7,7,7,7,9),(0.,0.25,0.4375,0.578125,
    0.68359375,0.7626953125,0.822021484375,0.911010742188,1.),
  .UNSPECIFIED.);
#7806 = CARTESIAN_POINT('',(10.030786630836,0.110265228689));
#7807 = CARTESIAN_POINT('',(10.030779074204,0.124654851157));
#7808 = CARTESIAN_POINT('',(10.030773438027,0.138976139465));
#7809 = CARTESIAN_POINT('',(10.030770990233,0.153231420619));
#7810 = CARTESIAN_POINT('',(10.030770497811,0.167431195795));
#7811 = CARTESIAN_POINT('',(10.030771754165,0.181582733009));
#7812 = CARTESIAN_POINT('',(10.030775335851,0.195693331382));
#7813 = CARTESIAN_POINT('',(10.030781268848,0.209774881076));
#7814 = CARTESIAN_POINT('',(10.030795313669,0.234382476731));
#7815 = CARTESIAN_POINT('',(10.030802475571,0.244917265257));
#7816 = CARTESIAN_POINT('',(10.03081083012,0.255444909844));
#7817 = CARTESIAN_POINT('',(10.0308204135,0.265969636871));
#7818 = CARTESIAN_POINT('',(10.030831238167,0.276495697844));
#7819 = CARTESIAN_POINT('',(10.030843292854,0.287027369407));
#7820 = CARTESIAN_POINT('',(10.030856542569,0.297568953332));
#7821 = CARTESIAN_POINT('',(10.030881732027,0.316041613126));
#7822 = CARTESIAN_POINT('',(10.030893237036,0.323966366754));
#7823 = CARTESIAN_POINT('',(10.030905450377,0.331900788638));
#7824 = CARTESIAN_POINT('',(10.030918374472,0.339846531577));
#7825 = CARTESIAN_POINT('',(10.030932007411,0.347805149941));
#7826 = CARTESIAN_POINT('',(10.030946342946,0.355778099675));
#7827 = CARTESIAN_POINT('',(10.030961370498,0.363766738291));
#7828 = CARTESIAN_POINT('',(10.030988856576,0.377776520485));
#7829 = CARTESIAN_POINT('',(10.0310010317,0.383790288308));
#7830 = CARTESIAN_POINT('',(10.031013633732,0.389814470714));
#7831 = CARTESIAN_POINT('',(10.031026680533,0.395849820757));
#7832 = CARTESIAN_POINT('',(10.03104017462,0.401897002179));
#7833 = CARTESIAN_POINT('',(10.031054103163,0.407956589415));
#7834 = CARTESIAN_POINT('',(10.031068437986,0.414029067588));
#7835 = CARTESIAN_POINT('',(10.031094162187,0.424679134577));
#7836 = CARTESIAN_POINT('',(10.031105371675,0.429250978353));
#7837 = CARTESIAN_POINT('',(10.031116807013,0.433830263142));
#7838 = CARTESIAN_POINT('',(10.031128499023,0.438416869475));
#7839 = CARTESIAN_POINT('',(10.031140466373,0.443010659123));
#7840 = CARTESIAN_POINT('',(10.031152715574,0.447611475087));
#7841 = CARTESIAN_POINT('',(10.031165240987,0.452219141603));
#7842 = CARTESIAN_POINT('',(10.031187613585,0.460294214658));
#7843 = CARTESIAN_POINT('',(10.031197340022,0.46375866346));
#7844 = CARTESIAN_POINT('',(10.031207214641,0.467226855119));
#7845 = CARTESIAN_POINT('',(10.031217215089,0.470698629762));
#7846 = CARTESIAN_POINT('',(10.031227309109,0.474173782901));
#7847 = CARTESIAN_POINT('',(10.031237477503,0.477652225258));
#7848 = CARTESIAN_POINT('',(10.031247737093,0.481134142588));
#7849 = CARTESIAN_POINT('',(10.031273796701,0.489849151381));
#7850 = CARTESIAN_POINT('',(10.031289747162,0.495086804527));
#7851 = CARTESIAN_POINT('',(10.031306085183,0.500333984773));
#7852 = CARTESIAN_POINT('',(10.031322838339,0.505591084123));
#7853 = CARTESIAN_POINT('',(10.031339991665,0.510858016759));
#7854 = CARTESIAN_POINT('',(10.031357487661,0.516134219036));
#7855 = CARTESIAN_POINT('',(10.03137522629,0.521418649487));
#7856 = CARTESIAN_POINT('',(10.031410904496,0.532000908479));
#7857 = CARTESIAN_POINT('',(10.031428812479,0.537298561856));
#7858 = CARTESIAN_POINT('',(10.031446986075,0.542600391131));
#7859 = CARTESIAN_POINT('',(10.031465544133,0.547898104323));
#7860 = CARTESIAN_POINT('',(10.031484591716,0.55320191598));
#7861 = CARTESIAN_POINT('',(10.031504088634,0.558501861989));
#7862 = CARTESIAN_POINT('',(10.031523983846,0.563802651516));
#7863 = CARTESIAN_POINT('',(10.031544127286,0.569102224983));
#7864 = ( GEOMETRIC_REPRESENTATION_CONTEXT(2) 
PARAMETRIC_REPRESENTATION_CONTEXT() REPRESENTATION_CONTEXT('2D SPACE',''
  ) );
#7865 = PCURVE('',#6239,#7866);
#7866 = DEFINITIONAL_REPRESENTATION('',(#7867),#7954);
#7867 = B_SPLINE_CURVE_WITH_KNOTS('',7,(#7868,#7869,#7870,#7871,#7872,
    #7873,#7874,#7875,#7876,#7877,#7878,#7879,#7880,#7881,#7882,#7883,
    #7884,#7885,#7886,#7887,#7888,#7889,#7890,#7891,#7892,#7893,#7894,
    #7895,#7896,#7897,#7898,#7899,#7900,#7901,#7902,#7903,#7904,#7905,
    #7906,#7907,#7908,#7909,#7910,#7911,#7912,#7913,#7914,#7915,#7916,
    #7917,#7918,#7919,#7920,#7921,#7922,#7923,#7924,#7925,#7926,#7927,
    #7928,#7929,#7930,#7931,#7932,#7933,#7934,#7935,#7936,#7937,#7938,
    #7939,#7940,#7941,#7942,#7943,#7944,#7945,#7946,#7947,#7948,#7949,
    #7950,#7951,#7952,#7953),.UNSPECIFIED.,.F.,.F.,(8,6,6,6,6,6,6,6,6,6,
    6,6,6,6,8),(0.,8.237948634962E-02,0.20458655321,0.333530097942,
    0.406960951242,0.471340572041,0.526630045502,0.575067502034,
    0.660300288212,0.69066363486,0.800207447868,0.827890408386,
    0.91031755201,0.931325122836,1.),.UNSPECIFIED.);
#7868 = CARTESIAN_POINT('',(0.,-7.967790204114));
#7869 = CARTESIAN_POINT('',(7.189688850091E-03,-8.043669057385));
#7870 = CARTESIAN_POINT('',(1.43634028111E-02,-8.121511323989));
#7871 = CARTESIAN_POINT('',(2.152158735359E-02,-8.201198374841));
#7872 = CARTESIAN_POINT('',(2.866475626129E-02,-8.282614797373));
#7873 = CARTESIAN_POINT('',(3.579349163102E-02,-8.365648395535));
#7874 = CARTESIAN_POINT('',(4.290844387275E-02,-8.450190189793));
#7875 = CARTESIAN_POINT('',(6.054573221001E-02,-8.663629651707));
#7876 = CARTESIAN_POINT('',(7.105230411291E-02,-8.794210542375));
#7877 = CARTESIAN_POINT('',(8.153247712023E-02,-8.927528677551));
#7878 = CARTESIAN_POINT('',(9.198867417911E-02,-9.063262369673));
#7879 = CARTESIAN_POINT('',(0.102423487987,-9.201098532067));
#7880 = CARTESIAN_POINT('',(0.112839730564,-9.340728664545));
#7881 = CARTESIAN_POINT('',(0.134214299782,-9.63076882216));
#7882 = CARTESIAN_POINT('',(0.145170741566,-9.781346960506));
#7883 = CARTESIAN_POINT('',(0.156113198356,-9.933241928682));
#7884 = CARTESIAN_POINT('',(0.167044968541,-10.08613032053));
#7885 = CARTESIAN_POINT('',(0.177969594792,-10.23967399955));
#7886 = CARTESIAN_POINT('',(0.188890543466,-10.39355236909));
#7887 = CARTESIAN_POINT('',(0.206030704094,-10.63507580478));
#7888 = CARTESIAN_POINT('',(0.212249916885,-10.72271471538));
#7889 = CARTESIAN_POINT('',(0.218469760496,-10.81029570635));
#7890 = CARTESIAN_POINT('',(0.224690898606,-10.8977575874));
#7891 = CARTESIAN_POINT('',(0.230913992296,-10.98503886145));
#7892 = CARTESIAN_POINT('',(0.237139700048,-11.07207772456));
#7893 = CARTESIAN_POINT('',(0.248829859308,-11.23485536066));
#7894 = CARTESIAN_POINT('',(0.254293550063,-11.31066457463));
#7895 = CARTESIAN_POINT('',(0.259760197312,-11.38619733063));
#7896 = CARTESIAN_POINT('',(0.265230225807,-11.46141230843));
#7897 = CARTESIAN_POINT('',(0.270704073003,-11.53626599289));
#7898 = CARTESIAN_POINT('',(0.276182176131,-11.61071395722));
#7899 = CARTESIAN_POINT('',(0.286373505607,-11.74827051402));
#7900 = CARTESIAN_POINT('',(0.291085516948,-11.81149566104));
#7901 = CARTESIAN_POINT('',(0.295801195841,-11.87436582696));
#7902 = CARTESIAN_POINT('',(0.300520787987,-11.93685434804));
#7903 = CARTESIAN_POINT('',(0.305244534062,-11.99893419226));
#7904 = CARTESIAN_POINT('',(0.309972669714,-12.06057795929));
#7905 = CARTESIAN_POINT('',(0.31885165164,-12.17535578242));
#7906 = CARTESIAN_POINT('',(0.323001423003,-12.22859761409));
#7907 = CARTESIAN_POINT('',(0.327154894157,-12.28146476449));
#7908 = CARTESIAN_POINT('',(0.331312215525,-12.33393830401));
#7909 = CARTESIAN_POINT('',(0.335473533462,-12.38599898455));
#7910 = CARTESIAN_POINT('',(0.339638990248,-12.43762723945));
#7911 = CARTESIAN_POINT('',(0.351145980407,-12.57885473888));
#7912 = CARTESIAN_POINT('',(0.358496486698,-12.66750307442));
#7913 = CARTESIAN_POINT('',(0.365861276241,-12.75461282389));
#7914 = CARTESIAN_POINT('',(0.373241290762,-12.84004431928));
#7915 = CARTESIAN_POINT('',(0.380637383447,-12.92365346887));
#7916 = CARTESIAN_POINT('',(0.388050321944,-13.00529163543));
#7917 = CARTESIAN_POINT('',(0.398127823436,-13.11313155607));
#7918 = CARTESIAN_POINT('',(0.400777077335,-13.14118814022));
#7919 = CARTESIAN_POINT('',(0.403428587319,-13.16896763113));
#7920 = CARTESIAN_POINT('',(0.406082372877,-13.19646414281));
#7921 = CARTESIAN_POINT('',(0.408738462448,-13.22367018903));
#7922 = CARTESIAN_POINT('',(0.411396889114,-13.25057725489));
#7923 = CARTESIAN_POINT('',(0.423657087506,-13.37315778172));
#7924 = CARTESIAN_POINT('',(0.433286933042,-13.46518618605));
#7925 = CARTESIAN_POINT('',(0.442946546205,-13.55314035394));
#7926 = CARTESIAN_POINT('',(0.452635117136,-13.63689300896));
#7927 = CARTESIAN_POINT('',(0.462351664888,-13.71631568843));
#7928 = CARTESIAN_POINT('',(0.472095027525,-13.791279685));
#7929 = CARTESIAN_POINT('',(0.484332544722,-13.87944212868));
#7930 = CARTESIAN_POINT('',(0.486802852968,-13.89693619676));
#7931 = CARTESIAN_POINT('',(0.489274821716,-13.91412510477));
#7932 = CARTESIAN_POINT('',(0.491748513156,-13.93099066763));
#7933 = CARTESIAN_POINT('',(0.494223975331,-13.94751563259));
#7934 = CARTESIAN_POINT('',(0.496701238653,-13.96368428567));
#7935 = CARTESIAN_POINT('',(0.506561967389,-14.02650695397));
#7936 = CARTESIAN_POINT('',(0.513959745871,-14.07021710903));
#7937 = CARTESIAN_POINT('',(0.521374715633,-14.11015808904));
#7938 = CARTESIAN_POINT('',(0.528806999492,-14.14585943396));
#7939 = CARTESIAN_POINT('',(0.536255780442,-14.17683791016));
#7940 = CARTESIAN_POINT('',(0.543719278686,-14.20260418557));
#7941 = CARTESIAN_POINT('',(0.55309993899,-14.22778339835));
#7942 = CARTESIAN_POINT('',(0.555005915714,-14.23252309054));
#7943 = CARTESIAN_POINT('',(0.556912595753,-14.23688943364));
#7944 = CARTESIAN_POINT('',(0.558819838605,-14.24092324367));
#7945 = CARTESIAN_POINT('',(0.560727540257,-14.24465541987));
#7946 = CARTESIAN_POINT('',(0.562635648269,-14.24810024252));
#7947 = CARTESIAN_POINT('',(0.570782837564,-14.26172538275));
#7948 = CARTESIAN_POINT('',(0.577024490079,-14.26943477194));
#7949 = CARTESIAN_POINT('',(0.583267791598,-14.27535759498));
#7950 = CARTESIAN_POINT('',(0.589511691217,-14.2804358219));
#7951 = CARTESIAN_POINT('',(0.595755331351,-14.28561340898));
#7952 = CARTESIAN_POINT('',(0.601998047954,-14.29183389324));
#7953 = CARTESIAN_POINT('',(0.608239370727,-14.30003798694));
#7954 = ( GEOMETRIC_REPRESENTATION_CONTEXT(2) 
PARAMETRIC_REPRESENTATION_CONTEXT() REPRESENTATION_CONTEXT('2D SPACE',''
  ) );
#7955 = ORIENTED_EDGE('',*,*,#6250,.T.);
#7956 = ADVANCED_FACE('',(#7957,#7963),#6239,.F.);
#7957 = FACE_BOUND('',#7958,.F.);
#7958 = EDGE_LOOP('',(#7959,#7960,#7961,#7962));
#7959 = ORIENTED_EDGE('',*,*,#7714,.F.);
#7960 = ORIENTED_EDGE('',*,*,#6992,.T.);
#7961 = ORIENTED_EDGE('',*,*,#7363,.T.);
#7962 = ORIENTED_EDGE('',*,*,#6223,.F.);
#7963 = FACE_BOUND('',#7964,.F.);
#7964 = EDGE_LOOP('',(#7965));
#7965 = ORIENTED_EDGE('',*,*,#7966,.F.);
#7966 = EDGE_CURVE('',#7967,#7967,#7969,.T.);
#7967 = VERTEX_POINT('',#7968);
#7968 = CARTESIAN_POINT('',(-17.86860358234,420.40148080443,11.5));
#7969 = SURFACE_CURVE('',#7970,(#8036,#8105),.PCURVE_S1.);
#7970 = B_SPLINE_CURVE_WITH_KNOTS('',8,(#7971,#7972,#7973,#7974,#7975,
    #7976,#7977,#7978,#7979,#7980,#7981,#7982,#7983,#7984,#7985,#7986,
    #7987,#7988,#7989,#7990,#7991,#7992,#7993,#7994,#7995,#7996,#7997,
    #7998,#7999,#8000,#8001,#8002,#8003,#8004,#8005,#8006,#8007,#8008,
    #8009,#8010,#8011,#8012,#8013,#8014,#8015,#8016,#8017,#8018,#8019,
    #8020,#8021,#8022,#8023,#8024,#8025,#8026,#8027,#8028,#8029,#8030,
    #8031,#8032,#8033,#8034,#8035),.UNSPECIFIED.,.T.,.F.,(9,7,7,7,7,7,7,
    7,7,9),(0.,8.238156335627E-02,0.180527757607,0.373521563214,
    0.476906724366,0.58105022149,0.748720993186,0.873819035875,
    0.948416498112,1.),.UNSPECIFIED.);
#7971 = CARTESIAN_POINT('',(-17.86860358234,420.40148080443,11.5));
#7972 = CARTESIAN_POINT('',(-17.65550923685,420.32177230393,11.5));
#7973 = CARTESIAN_POINT('',(-17.44379701863,420.24382045039,
    11.520399018818));
#7974 = CARTESIAN_POINT('',(-17.23603513285,420.16855080322,
    11.560598060368));
#7975 = CARTESIAN_POINT('',(-17.03471171849,420.09677268601,
    11.619437013607));
#7976 = CARTESIAN_POINT('',(-16.842131694,420.02915588439,11.69522047762
    ));
#7977 = CARTESIAN_POINT('',(-16.66032123659,419.96621744482,
    11.785740193909));
#7978 = CARTESIAN_POINT('',(-16.4909398952,419.9083185743,11.88829408585
    ));
#7979 = CARTESIAN_POINT('',(-16.14965827758,419.79295013022,
    12.132428853556));
#7980 = CARTESIAN_POINT('',(-15.98152442133,419.73702206174,
    12.279120482192));
#7981 = CARTESIAN_POINT('',(-15.83064662681,419.68753205104,
    12.436952756813));
#7982 = CARTESIAN_POINT('',(-15.69666890076,419.64410551693,
    12.603638309815));
#7983 = CARTESIAN_POINT('',(-15.57912709352,419.60638103237,
    12.777320049316));
#7984 = CARTESIAN_POINT('',(-15.47752628505,419.57403314977,
    12.95648648087));
#7985 = CARTESIAN_POINT('',(-15.39139986149,419.54678570087,
    13.139908741995));
#7986 = CARTESIAN_POINT('',(-15.18063902027,419.48042714716,
    13.693706103796));
#7987 = CARTESIAN_POINT('',(-15.09937517902,419.45534561424,
    14.073058704927));
#7988 = CARTESIAN_POINT('',(-15.07307520183,419.44733399294,
    14.457768892054));
#7989 = CARTESIAN_POINT('',(-15.10050267393,419.45576965667,
    14.843317521541));
#7990 = CARTESIAN_POINT('',(-15.18229612686,419.48092569033,
    15.225170726061));
#7991 = CARTESIAN_POINT('',(-15.32070377273,419.52390613823,
    15.597670199924));
#7992 = CARTESIAN_POINT('',(-15.51919739821,419.58668618221,
    15.952840654267));
#7993 = CARTESIAN_POINT('',(-15.9221938318,419.71779494169,
    16.451294776974));
#7994 = CARTESIAN_POINT('',(-16.08264741316,419.77051170741,
    16.61828651786));
#7995 = CARTESIAN_POINT('',(-16.26308206557,419.83050164209,
    16.774548008163));
#7996 = CARTESIAN_POINT('',(-16.46300713699,419.89791739482,
    16.916246637773));
#7997 = CARTESIAN_POINT('',(-16.6813783914,419.97277019857,
    17.039582680108));
#7998 = CARTESIAN_POINT('',(-16.91660791483,420.05490018214,
    17.140789721314));
#7999 = CARTESIAN_POINT('',(-17.16654309412,420.14392030323,
    17.216117465414));
#8000 = CARTESIAN_POINT('',(-17.69220708601,420.33504589927,
    17.307811426662));
#8001 = CARTESIAN_POINT('',(-17.96156186111,420.43486136945,
    17.322598601677));
#8002 = CARTESIAN_POINT('',(-18.23069862953,420.5366313543,
    17.304585253491));
#8003 = CARTESIAN_POINT('',(-18.49367111559,420.6381276548,
    17.254157974791));
#8004 = CARTESIAN_POINT('',(-18.74484362302,420.73696438088,
    17.173578812165));
#8005 = CARTESIAN_POINT('',(-18.97929443104,420.83081523424,
    17.066914101093));
#8006 = CARTESIAN_POINT('',(-19.19314233057,420.91766151331,
    16.939978729116));
#8007 = CARTESIAN_POINT('',(-19.69073889038,421.12213998103,
    16.575412620115));
#8008 = CARTESIAN_POINT('',(-19.94775190558,421.23042629996,
    16.310017581447));
#8009 = CARTESIAN_POINT('',(-20.15615847226,421.31991709842,
    16.017612769232));
#8010 = CARTESIAN_POINT('',(-20.31864328862,421.39059886478,
    15.707560180536));
#8011 = CARTESIAN_POINT('',(-20.43798843647,421.44294694123,
    15.386636585753));
#8012 = CARTESIAN_POINT('',(-20.51656397878,421.47755692444,
    15.059632595103));
#8013 = CARTESIAN_POINT('',(-20.55586904809,421.49486982545,
    14.729855958517));
#8014 = CARTESIAN_POINT('',(-20.55586904809,421.49486982545,
    14.153896672852));
#8015 = CARTESIAN_POINT('',(-20.53399028298,421.48523282723,
    13.907997364188));
#8016 = CARTESIAN_POINT('',(-20.49029335756,421.46598546167,
    13.663536283478));
#8017 = CARTESIAN_POINT('',(-20.42443321572,421.4370445631,
    13.421851490677));
#8018 = CARTESIAN_POINT('',(-20.33572332833,421.39824390911,
    13.18453669303));
#8019 = CARTESIAN_POINT('',(-20.22320079395,421.34937740701,
    12.953616789247));
#8020 = CARTESIAN_POINT('',(-20.08570544392,421.29025617358,
    12.731765043798));
#8021 = CARTESIAN_POINT('',(-19.82435820258,421.17934566349,
    12.397840090608));
#8022 = CARTESIAN_POINT('',(-19.71716784284,421.1341303537,
    12.277301614165));
#8023 = CARTESIAN_POINT('',(-19.60026135532,421.08515894913,
    12.162009494487));
#8024 = CARTESIAN_POINT('',(-19.47355084644,421.03250151162,
    12.053074603032));
#8025 = CARTESIAN_POINT('',(-19.33702709433,420.97627534997,
    11.951682717577));
#8026 = CARTESIAN_POINT('',(-19.19077518912,420.91664880557,
    11.859104712741));
#8027 = CARTESIAN_POINT('',(-19.0349928573,420.85384371469,
    11.776707756478));
#8028 = CARTESIAN_POINT('',(-18.75592826325,420.74270060752,
    11.657051243831));
#8029 = CARTESIAN_POINT('',(-18.63743062417,420.69587045093,
    11.613702043795));
#8030 = CARTESIAN_POINT('',(-18.51507178578,420.64791512057,
    11.576602563798));
#8031 = CARTESIAN_POINT('',(-18.38947049413,420.5991207767,
    11.546312488272));
#8032 = CARTESIAN_POINT('',(-18.26129841736,420.54978364731,
    11.523266104768));
#8033 = CARTESIAN_POINT('',(-18.13126755493,420.50020297873,
    11.507769874018));
#8034 = CARTESIAN_POINT('',(-18.00011764675,420.45067398619,11.5));
#8035 = CARTESIAN_POINT('',(-17.86860358234,420.40148080443,11.5));
#8036 = PCURVE('',#6239,#8037);
#8037 = DEFINITIONAL_REPRESENTATION('',(#8038),#8104);
#8038 = B_SPLINE_CURVE_WITH_KNOTS('',8,(#8039,#8040,#8041,#8042,#8043,
    #8044,#8045,#8046,#8047,#8048,#8049,#8050,#8051,#8052,#8053,#8054,
    #8055,#8056,#8057,#8058,#8059,#8060,#8061,#8062,#8063,#8064,#8065,
    #8066,#8067,#8068,#8069,#8070,#8071,#8072,#8073,#8074,#8075,#8076,
    #8077,#8078,#8079,#8080,#8081,#8082,#8083,#8084,#8085,#8086,#8087,
    #8088,#8089,#8090,#8091,#8092,#8093,#8094,#8095,#8096,#8097,#8098,
    #8099,#8100,#8101,#8102,#8103),.UNSPECIFIED.,.T.,.F.,(9,7,7,7,7,7,7,
    7,7,9),(0.,8.238156335627E-02,0.180527757607,0.373521563214,
    0.476906724366,0.58105022149,0.748720993186,0.873819035875,
    0.948416498112,1.),.UNSPECIFIED.);
#8039 = CARTESIAN_POINT('',(0.159173232897,-11.5));
#8040 = CARTESIAN_POINT('',(0.154706712514,-11.5));
#8041 = CARTESIAN_POINT('',(0.150277688075,-11.52039901881));
#8042 = CARTESIAN_POINT('',(0.145939613572,-11.56059806036));
#8043 = CARTESIAN_POINT('',(0.141743678342,-11.6194370136));
#8044 = CARTESIAN_POINT('',(0.137736790568,-11.69522047762));
#8045 = CARTESIAN_POINT('',(0.133959747968,-11.7857401939));
#8046 = CARTESIAN_POINT('',(0.130445595681,-11.88829408585));
#8047 = CARTESIAN_POINT('',(0.123373143363,-12.13242885355));
#8048 = CARTESIAN_POINT('',(0.119894582186,-12.27912048219));
#8049 = CARTESIAN_POINT('',(0.116777337439,-12.43695275681));
#8050 = CARTESIAN_POINT('',(0.114012416271,-12.60363830981));
#8051 = CARTESIAN_POINT('',(0.111588934144,-12.77732004931));
#8052 = CARTESIAN_POINT('',(0.10949567467,-12.95648648087));
#8053 = CARTESIAN_POINT('',(0.107722258506,-13.13990874199));
#8054 = CARTESIAN_POINT('',(0.103384394387,-13.69370610379));
#8055 = CARTESIAN_POINT('',(0.10171480283,-14.07305870492));
#8056 = CARTESIAN_POINT('',(0.101175048782,-14.45776889205));
#8057 = CARTESIAN_POINT('',(0.101738397471,-14.84331752154));
#8058 = CARTESIAN_POINT('',(0.103418388999,-15.22517072606));
#8059 = CARTESIAN_POINT('',(0.106263569752,-15.59767019992));
#8060 = CARTESIAN_POINT('',(0.110350490209,-15.95284065426));
#8061 = CARTESIAN_POINT('',(0.118670215276,-16.45129477697));
#8062 = CARTESIAN_POINT('',(0.121985855764,-16.61828651786));
#8063 = CARTESIAN_POINT('',(0.125718732731,-16.77454800816));
#8064 = CARTESIAN_POINT('',(0.12986068659,-16.91624663777));
#8065 = CARTESIAN_POINT('',(0.134392450065,-17.0395826801));
#8066 = CARTESIAN_POINT('',(0.139283675073,-17.14078972131));
#8067 = CARTESIAN_POINT('',(0.144492188934,-17.21611746541));
#8068 = CARTESIAN_POINT('',(0.155472895792,-17.30781142666));
#8069 = CARTESIAN_POINT('',(0.161112124243,-17.32259860167));
#8070 = CARTESIAN_POINT('',(0.16676069367,-17.30458525349));
#8071 = CARTESIAN_POINT('',(0.172294261832,-17.25415797479));
#8072 = CARTESIAN_POINT('',(0.17759307492,-17.17357881216));
#8073 = CARTESIAN_POINT('',(0.182550747631,-17.06691410109));
#8074 = CARTESIAN_POINT('',(0.187081931867,-16.93997872911));
#8075 = CARTESIAN_POINT('',(0.19764331244,-16.57541262011));
#8076 = CARTESIAN_POINT('',(0.203118292125,-16.31001758144));
#8077 = CARTESIAN_POINT('',(0.207570826503,-16.01761276923));
#8078 = CARTESIAN_POINT('',(0.211049414154,-15.70756018053));
#8079 = CARTESIAN_POINT('',(0.213607851201,-15.38663658575));
#8080 = CARTESIAN_POINT('',(0.215293445488,-15.0596325951));
#8081 = CARTESIAN_POINT('',(0.216136615283,-14.72985595851));
#8082 = CARTESIAN_POINT('',(0.216136615283,-14.15389667285));
#8083 = CARTESIAN_POINT('',(0.215667273771,-13.90799736418));
#8084 = CARTESIAN_POINT('',(0.214729890105,-13.66353628347));
#8085 = CARTESIAN_POINT('',(0.213317607453,-13.42185149067));
#8086 = CARTESIAN_POINT('',(0.211416774934,-13.18453669303));
#8087 = CARTESIAN_POINT('',(0.209008449919,-12.95361678924));
#8088 = CARTESIAN_POINT('',(0.206070238471,-12.73176504379));
#8089 = CARTESIAN_POINT('',(0.200496608941,-12.3978400906));
#8090 = CARTESIAN_POINT('',(0.198212713035,-12.27730161416));
#8091 = CARTESIAN_POINT('',(0.195724408238,-12.16200949448));
#8092 = CARTESIAN_POINT('',(0.193030619124,-12.05307460303));
#8093 = CARTESIAN_POINT('',(0.190132037244,-11.95168271757));
#8094 = CARTESIAN_POINT('',(0.187031427162,-11.85910471274));
#8095 = CARTESIAN_POINT('',(0.18373397206,-11.77670775647));
#8096 = CARTESIAN_POINT('',(0.177836903483,-11.65705124383));
#8097 = CARTESIAN_POINT('',(0.17533550741,-11.61370204379));
#8098 = CARTESIAN_POINT('',(0.172755494734,-11.57660256379));
#8099 = CARTESIAN_POINT('',(0.170110200262,-11.54631248827));
#8100 = CARTESIAN_POINT('',(0.167413991997,-11.52326610476));
#8101 = CARTESIAN_POINT('',(0.164681993544,-11.50776987401));
#8102 = CARTESIAN_POINT('',(0.161929806507,-11.5));
#8103 = CARTESIAN_POINT('',(0.159173232897,-11.5));
#8104 = ( GEOMETRIC_REPRESENTATION_CONTEXT(2) 
PARAMETRIC_REPRESENTATION_CONTEXT() REPRESENTATION_CONTEXT('2D SPACE',''
  ) );
#8105 = PCURVE('',#8106,#8111);
#8106 = CYLINDRICAL_SURFACE('',#8107,2.9);
#8107 = AXIS2_PLACEMENT_3D('',#8108,#8109,#8110);
#8108 = CARTESIAN_POINT('',(-17.52978960303,421.30767106171,14.4));
#8109 = DIRECTION('',(-0.350210396964,-0.936671061717,2.22044604925E-16)
  );
#8110 = DIRECTION('',(-7.776232923445E-17,-2.079827558437E-16,-1.));
#8111 = DEFINITIONAL_REPRESENTATION('',(#8112),#8178);
#8112 = B_SPLINE_CURVE_WITH_KNOTS('',8,(#8113,#8114,#8115,#8116,#8117,
    #8118,#8119,#8120,#8121,#8122,#8123,#8124,#8125,#8126,#8127,#8128,
    #8129,#8130,#8131,#8132,#8133,#8134,#8135,#8136,#8137,#8138,#8139,
    #8140,#8141,#8142,#8143,#8144,#8145,#8146,#8147,#8148,#8149,#8150,
    #8151,#8152,#8153,#8154,#8155,#8156,#8157,#8158,#8159,#8160,#8161,
    #8162,#8163,#8164,#8165,#8166,#8167,#8168,#8169,#8170,#8171,#8172,
    #8173,#8174,#8175,#8176,#8177),.UNSPECIFIED.,.F.,.F.,(9,7,7,7,7,7,7,
    7,7,9),(0.,8.238156335627E-02,0.180527757607,0.373521563214,
    0.476906724366,0.58105022149,0.748720993186,0.873819035875,
    0.948416498112,1.),.UNSPECIFIED.);
#8113 = CARTESIAN_POINT('',(0.,0.967458368594));
#8114 = CARTESIAN_POINT('',(7.845312153301E-02,0.967491159066));
#8115 = CARTESIAN_POINT('',(0.156247608494,0.966362584493));
#8116 = CARTESIAN_POINT('',(0.233178418455,0.964105112333));
#8117 = CARTESIAN_POINT('',(0.309027206234,0.960832044729));
#8118 = CARTESIAN_POINT('',(0.383548420111,0.956723219266));
#8119 = CARTESIAN_POINT('',(0.456449264921,0.952003921824));
#8120 = CARTESIAN_POINT('',(0.527363532059,0.946917011532));
#8121 = CARTESIAN_POINT('',(0.677374834624,0.935458923762));
#8122 = CARTESIAN_POINT('',(0.756300427343,0.928962902502));
#8123 = CARTESIAN_POINT('',(0.832949656723,0.922479791057));
#8124 = CARTESIAN_POINT('',(0.90762026719,0.916235776242));
#8125 = CARTESIAN_POINT('',(0.98057704005,0.910406846272));
#8126 = CARTESIAN_POINT('',(1.052068972632,0.90512451235));
#8127 = CARTESIAN_POINT('',(1.122340761929,0.900484040252));
#8128 = CARTESIAN_POINT('',(1.327905232431,0.888829539346));
#8129 = CARTESIAN_POINT('',(1.46026285539,0.883863243305));
#8130 = CARTESIAN_POINT('',(1.590853098703,0.882156971688));
#8131 = CARTESIAN_POINT('',(1.721354662235,0.883860915474));
#8132 = CARTESIAN_POINT('',(1.853318286716,0.888942904335));
#8133 = CARTESIAN_POINT('',(1.988337920337,0.897156159172));
#8134 = CARTESIAN_POINT('',(2.128095758252,0.907866440105));
#8135 = CARTESIAN_POINT('',(2.353613062362,0.92619420014));
#8136 = CARTESIAN_POINT('',(2.435173578857,0.933008443643));
#8137 = CARTESIAN_POINT('',(2.519400634279,0.940007699085));
#8138 = CARTESIAN_POINT('',(2.606171117329,0.946877153025));
#8139 = CARTESIAN_POINT('',(2.695445067847,0.953240581556));
#8140 = CARTESIAN_POINT('',(2.787259022977,0.958691627422));
#8141 = CARTESIAN_POINT('',(2.881733766572,0.962838954439));
#8142 = CARTESIAN_POINT('',(3.077173358126,0.967910134746));
#8143 = CARTESIAN_POINT('',(3.175746012305,0.968746715027));
#8144 = CARTESIAN_POINT('',(3.274091016362,0.967676209776));
#8145 = CARTESIAN_POINT('',(3.371564347986,0.964703260957));
#8146 = CARTESIAN_POINT('',(3.467509124278,0.960088983336));
#8147 = CARTESIAN_POINT('',(3.561170098037,0.954288715422));
#8148 = CARTESIAN_POINT('',(3.651583642442,0.947834076787));
#8149 = CARTESIAN_POINT('',(3.875595311882,0.93056850207));
#8150 = CARTESIAN_POINT('',(4.006485251357,0.91914847082));
#8151 = CARTESIAN_POINT('',(4.131746981694,0.908311176065));
#8152 = CARTESIAN_POINT('',(4.252536907064,0.899009482959));
#8153 = CARTESIAN_POINT('',(4.369928849434,0.89177246621));
#8154 = CARTESIAN_POINT('',(4.484929083164,0.886872268365));
#8155 = CARTESIAN_POINT('',(4.598645546413,0.884420818916));
#8156 = CARTESIAN_POINT('',(4.797252196643,0.884420818916));
#8157 = CARTESIAN_POINT('',(4.882044934562,0.885785345253));
#8158 = CARTESIAN_POINT('',(4.967273604687,0.888510677993));
#8159 = CARTESIAN_POINT('',(5.053400126473,0.892553873768));
#8160 = CARTESIAN_POINT('',(5.140889263204,0.89783019866));
#8161 = CARTESIAN_POINT('',(5.230218440044,0.904195475626));
#8162 = CARTESIAN_POINT('',(5.321896650667,0.911420322998));
#8163 = CARTESIAN_POINT('',(5.472975459706,0.923780467109));
#8164 = CARTESIAN_POINT('',(5.530603169449,0.928593160904));
#8165 = CARTESIAN_POINT('',(5.589450939448,0.933521391012));
#8166 = CARTESIAN_POINT('',(5.649562791663,0.938468751296));
#8167 = CARTESIAN_POINT('',(5.710995463779,0.943322132404));
#8168 = CARTESIAN_POINT('',(5.773819594321,0.947953653267));
#8169 = CARTESIAN_POINT('',(5.838124646837,0.95222477216));
#8170 = CARTESIAN_POINT('',(5.949598878377,0.958597982092));
#8171 = CARTESIAN_POINT('',(5.995940615919,0.960963329368));
#8172 = CARTESIAN_POINT('',(6.04291364,0.963030362211));
#8173 = CARTESIAN_POINT('',(6.090393485628,0.96474773388));
#8174 = CARTESIAN_POINT('',(6.138266434585,0.966073201358));
#8175 = CARTESIAN_POINT('',(6.186425581442,0.966975818887));
#8176 = CARTESIAN_POINT('',(6.234766899575,0.967438131509));
#8177 = CARTESIAN_POINT('',(6.28318530718,0.967458368594));
#8178 = ( GEOMETRIC_REPRESENTATION_CONTEXT(2) 
PARAMETRIC_REPRESENTATION_CONTEXT() REPRESENTATION_CONTEXT('2D SPACE',''
  ) );
#8179 = ADVANCED_FACE('',(#8180),#7315,.F.);
#8180 = FACE_BOUND('',#8181,.F.);
#8181 = EDGE_LOOP('',(#8182,#8205,#8232,#8233));
#8182 = ORIENTED_EDGE('',*,*,#8183,.T.);
#8183 = EDGE_CURVE('',#7299,#8184,#8186,.T.);
#8184 = VERTEX_POINT('',#8185);
#8185 = CARTESIAN_POINT('',(-43.06713130974,321.48747299832,9.6));
#8186 = SEAM_CURVE('',#8187,(#8191,#8198),.PCURVE_S1.);
#8187 = LINE('',#8188,#8189);
#8188 = CARTESIAN_POINT('',(-39.0415214657,322.68516468802,9.6));
#8189 = VECTOR('',#8190,1.);
#8190 = DIRECTION('',(-0.958478534295,-0.285164688023,2.22044604925E-16)
  );
#8191 = PCURVE('',#7315,#8192);
#8192 = DEFINITIONAL_REPRESENTATION('',(#8193),#8197);
#8193 = LINE('',#8194,#8195);
#8194 = CARTESIAN_POINT('',(6.28318530718,-0.));
#8195 = VECTOR('',#8196,1.);
#8196 = DIRECTION('',(0.,1.));
#8197 = ( GEOMETRIC_REPRESENTATION_CONTEXT(2) 
PARAMETRIC_REPRESENTATION_CONTEXT() REPRESENTATION_CONTEXT('2D SPACE',''
  ) );
#8198 = PCURVE('',#7315,#8199);
#8199 = DEFINITIONAL_REPRESENTATION('',(#8200),#8204);
#8200 = LINE('',#8201,#8202);
#8201 = CARTESIAN_POINT('',(0.,-0.));
#8202 = VECTOR('',#8203,1.);
#8203 = DIRECTION('',(0.,1.));
#8204 = ( GEOMETRIC_REPRESENTATION_CONTEXT(2) 
PARAMETRIC_REPRESENTATION_CONTEXT() REPRESENTATION_CONTEXT('2D SPACE',''
  ) );
#8205 = ORIENTED_EDGE('',*,*,#8206,.F.);
#8206 = EDGE_CURVE('',#8184,#8184,#8207,.T.);
#8207 = SURFACE_CURVE('',#8208,(#8213,#8220),.PCURVE_S1.);
#8208 = CIRCLE('',#8209,2.9);
#8209 = AXIS2_PLACEMENT_3D('',#8210,#8211,#8212);
#8210 = CARTESIAN_POINT('',(-43.06713130974,321.48747299832,12.5));
#8211 = DIRECTION('',(-0.958478534295,-0.285164688023,2.22044604925E-16)
  );
#8212 = DIRECTION('',(-2.128249874767E-16,-6.331928049056E-17,-1.));
#8213 = PCURVE('',#7315,#8214);
#8214 = DEFINITIONAL_REPRESENTATION('',(#8215),#8219);
#8215 = LINE('',#8216,#8217);
#8216 = CARTESIAN_POINT('',(0.,4.2));
#8217 = VECTOR('',#8218,1.);
#8218 = DIRECTION('',(1.,0.));
#8219 = ( GEOMETRIC_REPRESENTATION_CONTEXT(2) 
PARAMETRIC_REPRESENTATION_CONTEXT() REPRESENTATION_CONTEXT('2D SPACE',''
  ) );
#8220 = PCURVE('',#8221,#8226);
#8221 = PLANE('',#8222);
#8222 = AXIS2_PLACEMENT_3D('',#8223,#8224,#8225);
#8223 = CARTESIAN_POINT('',(-43.06713130974,321.48747299832,12.5));
#8224 = DIRECTION('',(-0.958478534295,-0.285164688023,2.22044604925E-16)
  );
#8225 = DIRECTION('',(-2.128249874767E-16,-6.331928049056E-17,-1.));
#8226 = DEFINITIONAL_REPRESENTATION('',(#8227),#8231);
#8227 = CIRCLE('',#8228,2.9);
#8228 = AXIS2_PLACEMENT_2D('',#8229,#8230);
#8229 = CARTESIAN_POINT('',(0.,0.));
#8230 = DIRECTION('',(1.,0.));
#8231 = ( GEOMETRIC_REPRESENTATION_CONTEXT(2) 
PARAMETRIC_REPRESENTATION_CONTEXT() REPRESENTATION_CONTEXT('2D SPACE',''
  ) );
#8232 = ORIENTED_EDGE('',*,*,#8183,.F.);
#8233 = ORIENTED_EDGE('',*,*,#7298,.T.);
#8234 = ADVANCED_FACE('',(#8235),#8106,.F.);
#8235 = FACE_BOUND('',#8236,.F.);
#8236 = EDGE_LOOP('',(#8237,#8260,#8287,#8288));
#8237 = ORIENTED_EDGE('',*,*,#8238,.T.);
#8238 = EDGE_CURVE('',#7967,#8239,#8241,.T.);
#8239 = VERTEX_POINT('',#8240);
#8240 = CARTESIAN_POINT('',(-19.00067327028,417.3736526025,11.5));
#8241 = SEAM_CURVE('',#8242,(#8246,#8253),.PCURVE_S1.);
#8242 = LINE('',#8243,#8244);
#8243 = CARTESIAN_POINT('',(-17.52978960303,421.30767106171,11.5));
#8244 = VECTOR('',#8245,1.);
#8245 = DIRECTION('',(-0.350210396964,-0.936671061717,2.22044604925E-16)
  );
#8246 = PCURVE('',#8106,#8247);
#8247 = DEFINITIONAL_REPRESENTATION('',(#8248),#8252);
#8248 = LINE('',#8249,#8250);
#8249 = CARTESIAN_POINT('',(6.28318530718,-0.));
#8250 = VECTOR('',#8251,1.);
#8251 = DIRECTION('',(0.,1.));
#8252 = ( GEOMETRIC_REPRESENTATION_CONTEXT(2) 
PARAMETRIC_REPRESENTATION_CONTEXT() REPRESENTATION_CONTEXT('2D SPACE',''
  ) );
#8253 = PCURVE('',#8106,#8254);
#8254 = DEFINITIONAL_REPRESENTATION('',(#8255),#8259);
#8255 = LINE('',#8256,#8257);
#8256 = CARTESIAN_POINT('',(0.,-0.));
#8257 = VECTOR('',#8258,1.);
#8258 = DIRECTION('',(0.,1.));
#8259 = ( GEOMETRIC_REPRESENTATION_CONTEXT(2) 
PARAMETRIC_REPRESENTATION_CONTEXT() REPRESENTATION_CONTEXT('2D SPACE',''
  ) );
#8260 = ORIENTED_EDGE('',*,*,#8261,.F.);
#8261 = EDGE_CURVE('',#8239,#8239,#8262,.T.);
#8262 = SURFACE_CURVE('',#8263,(#8268,#8275),.PCURVE_S1.);
#8263 = CIRCLE('',#8264,2.9);
#8264 = AXIS2_PLACEMENT_3D('',#8265,#8266,#8267);
#8265 = CARTESIAN_POINT('',(-19.00067327028,417.3736526025,14.4));
#8266 = DIRECTION('',(-0.350210396964,-0.936671061717,2.22044604925E-16)
  );
#8267 = DIRECTION('',(-7.776232923445E-17,-2.079827558437E-16,-1.));
#8268 = PCURVE('',#8106,#8269);
#8269 = DEFINITIONAL_REPRESENTATION('',(#8270),#8274);
#8270 = LINE('',#8271,#8272);
#8271 = CARTESIAN_POINT('',(0.,4.2));
#8272 = VECTOR('',#8273,1.);
#8273 = DIRECTION('',(1.,0.));
#8274 = ( GEOMETRIC_REPRESENTATION_CONTEXT(2) 
PARAMETRIC_REPRESENTATION_CONTEXT() REPRESENTATION_CONTEXT('2D SPACE',''
  ) );
#8275 = PCURVE('',#8276,#8281);
#8276 = PLANE('',#8277);
#8277 = AXIS2_PLACEMENT_3D('',#8278,#8279,#8280);
#8278 = CARTESIAN_POINT('',(-19.00067327028,417.3736526025,14.4));
#8279 = DIRECTION('',(-0.350210396964,-0.936671061717,2.22044604925E-16)
  );
#8280 = DIRECTION('',(-7.776232923445E-17,-2.079827558437E-16,-1.));
#8281 = DEFINITIONAL_REPRESENTATION('',(#8282),#8286);
#8282 = CIRCLE('',#8283,2.9);
#8283 = AXIS2_PLACEMENT_2D('',#8284,#8285);
#8284 = CARTESIAN_POINT('',(0.,0.));
#8285 = DIRECTION('',(1.,0.));
#8286 = ( GEOMETRIC_REPRESENTATION_CONTEXT(2) 
PARAMETRIC_REPRESENTATION_CONTEXT() REPRESENTATION_CONTEXT('2D SPACE',''
  ) );
#8287 = ORIENTED_EDGE('',*,*,#8238,.F.);
#8288 = ORIENTED_EDGE('',*,*,#7966,.T.);
#8289 = ADVANCED_FACE('',(#8290),#8221,.F.);
#8290 = FACE_BOUND('',#8291,.F.);
#8291 = EDGE_LOOP('',(#8292));
#8292 = ORIENTED_EDGE('',*,*,#8206,.T.);
#8293 = ADVANCED_FACE('',(#8294),#8276,.F.);
#8294 = FACE_BOUND('',#8295,.F.);
#8295 = EDGE_LOOP('',(#8296));
#8296 = ORIENTED_EDGE('',*,*,#8261,.T.);
#8297 = ( GEOMETRIC_REPRESENTATION_CONTEXT(3) 
GLOBAL_UNCERTAINTY_ASSIGNED_CONTEXT((#8301)) 
GLOBAL_UNIT_ASSIGNED_CONTEXT((#8298,#8299,#8300)) REPRESENTATION_CONTEXT
('Context #1','3D Context with UNIT and UNCERTAINTY') );
#8298 = ( LENGTH_UNIT() NAMED_UNIT(*) SI_UNIT(.MILLI.,.METRE.) );
#8299 = ( NAMED_UNIT(*) PLANE_ANGLE_UNIT() SI_UNIT($,.RADIAN.) );
#8300 = ( NAMED_UNIT(*) SI_UNIT($,.STERADIAN.) SOLID_ANGLE_UNIT() );
#8301 = UNCERTAINTY_MEASURE_WITH_UNIT(LENGTH_MEASURE(2.E-06),#8298,
  'distance_accuracy_value','confusion accuracy');
#8302 = CONTEXT_DEPENDENT_SHAPE_REPRESENTATION(#8303,#8305);
#8303 = ( REPRESENTATION_RELATIONSHIP('','',#5867,#10) 
REPRESENTATION_RELATIONSHIP_WITH_TRANSFORMATION(#8304) 
SHAPE_REPRESENTATION_RELATIONSHIP() );
#8304 = ITEM_DEFINED_TRANSFORMATION('','',#11,#31);
#8305 = PRODUCT_DEFINITION_SHAPE('Placement','Placement of an item',
  #8306);
#8306 = NEXT_ASSEMBLY_USAGE_OCCURRENCE('5','attach_v1b1_wing_left','',#5
  ,#5862,$);
#8307 = PRODUCT_RELATED_PRODUCT_CATEGORY('part',$,(#5864));
#8308 = SHAPE_DEFINITION_REPRESENTATION(#8309,#8315);
#8309 = PRODUCT_DEFINITION_SHAPE('','',#8310);
#8310 = PRODUCT_DEFINITION('design','',#8311,#8314);
#8311 = PRODUCT_DEFINITION_FORMATION('','',#8312);
#8312 = PRODUCT('attach_v1b1_wing_right','attach_v1b1_wing_right','',(
    #8313));
#8313 = PRODUCT_CONTEXT('',#2,'mechanical');
#8314 = PRODUCT_DEFINITION_CONTEXT('part definition',#2,'design');
#8315 = ADVANCED_BREP_SHAPE_REPRESENTATION('',(#11,#8316),#10745);
#8316 = MANIFOLD_SOLID_BREP('',#8317);
#8317 = CLOSED_SHELL('',(#8318,#8568,#8678,#9355,#9429,#9732,#9779,#9804
    ,#9834,#9889,#10353,#10399,#10445,#10491,#10537,#10583,#10629,#10675
    ,#10682,#10686,#10741));
#8318 = ADVANCED_FACE('',(#8319),#8333,.F.);
#8319 = FACE_BOUND('',#8320,.F.);
#8320 = EDGE_LOOP('',(#8321,#8356,#8382,#8410,#8437,#8543));
#8321 = ORIENTED_EDGE('',*,*,#8322,.T.);
#8322 = EDGE_CURVE('',#8323,#8325,#8327,.T.);
#8323 = VERTEX_POINT('',#8324);
#8324 = CARTESIAN_POINT('',(60.654,391.709,6.8));
#8325 = VERTEX_POINT('',#8326);
#8326 = CARTESIAN_POINT('',(38.752580884689,318.09667956105,6.8));
#8327 = SURFACE_CURVE('',#8328,(#8332,#8344),.PCURVE_S1.);
#8328 = LINE('',#8329,#8330);
#8329 = CARTESIAN_POINT('',(60.654,391.709,6.8));
#8330 = VECTOR('',#8331,1.);
#8331 = DIRECTION('',(-0.285169751144,-0.958477027911,
    -1.123648546724E-17));
#8332 = PCURVE('',#8333,#8338);
#8333 = PLANE('',#8334);
#8334 = AXIS2_PLACEMENT_3D('',#8335,#8336,#8337);
#8335 = CARTESIAN_POINT('',(-200.,300.,6.8));
#8336 = DIRECTION('',(0.,0.,1.));
#8337 = DIRECTION('',(1.,0.,-0.));
#8338 = DEFINITIONAL_REPRESENTATION('',(#8339),#8343);
#8339 = LINE('',#8340,#8341);
#8340 = CARTESIAN_POINT('',(260.654,91.709));
#8341 = VECTOR('',#8342,1.);
#8342 = DIRECTION('',(-0.285169751144,-0.958477027911));
#8343 = ( GEOMETRIC_REPRESENTATION_CONTEXT(2) 
PARAMETRIC_REPRESENTATION_CONTEXT() REPRESENTATION_CONTEXT('2D SPACE',''
  ) );
#8344 = PCURVE('',#8345,#8350);
#8345 = PLANE('',#8346);
#8346 = AXIS2_PLACEMENT_3D('',#8347,#8348,#8349);
#8347 = CARTESIAN_POINT('',(60.654,391.709,0.));
#8348 = DIRECTION('',(0.958477027911,-0.285169751144,0.));
#8349 = DIRECTION('',(-0.285169751144,-0.958477027911,0.));
#8350 = DEFINITIONAL_REPRESENTATION('',(#8351),#8355);
#8351 = LINE('',#8352,#8353);
#8352 = CARTESIAN_POINT('',(0.,-6.8));
#8353 = VECTOR('',#8354,1.);
#8354 = DIRECTION('',(1.,1.123648546724E-17));
#8355 = ( GEOMETRIC_REPRESENTATION_CONTEXT(2) 
PARAMETRIC_REPRESENTATION_CONTEXT() REPRESENTATION_CONTEXT('2D SPACE',''
  ) );
#8356 = ORIENTED_EDGE('',*,*,#8357,.T.);
#8357 = EDGE_CURVE('',#8325,#8358,#8360,.T.);
#8358 = VERTEX_POINT('',#8359);
#8359 = CARTESIAN_POINT('',(56.755550727354,308.67249648237,6.8));
#8360 = SURFACE_CURVE('',#8361,(#8365,#8371),.PCURVE_S1.);
#8361 = LINE('',#8362,#8363);
#8362 = CARTESIAN_POINT('',(-21.58563833547,349.6824917655,6.8));
#8363 = VECTOR('',#8364,1.);
#8364 = DIRECTION('',(0.885951737257,-0.463777445819,0.));
#8365 = PCURVE('',#8333,#8366);
#8366 = DEFINITIONAL_REPRESENTATION('',(#8367),#8370);
#8367 = B_SPLINE_CURVE_WITH_KNOTS('',1,(#8368,#8369),.UNSPECIFIED.,.F.,
  .F.,(2,2),(51.292072622465,100.65709789538),.PIECEWISE_BEZIER_KNOTS.);
#8368 = CARTESIAN_POINT('',(223.85666251192,25.894385333878));
#8369 = CARTESIAN_POINT('',(267.59169241222,3.));
#8370 = ( GEOMETRIC_REPRESENTATION_CONTEXT(2) 
PARAMETRIC_REPRESENTATION_CONTEXT() REPRESENTATION_CONTEXT('2D SPACE',''
  ) );
#8371 = PCURVE('',#8372,#8377);
#8372 = PLANE('',#8373);
#8373 = AXIS2_PLACEMENT_3D('',#8374,#8375,#8376);
#8374 = CARTESIAN_POINT('',(98.03990155116,287.06099105585,-15.85));
#8375 = DIRECTION('',(-0.463777445819,-0.885951737257,0.));
#8376 = DIRECTION('',(0.,0.,1.));
#8377 = DEFINITIONAL_REPRESENTATION('',(#8378),#8381);
#8378 = B_SPLINE_CURVE_WITH_KNOTS('',1,(#8379,#8380),.UNSPECIFIED.,.F.,
  .F.,(2,2),(51.292072622465,100.65709789538),.PIECEWISE_BEZIER_KNOTS.);
#8379 = CARTESIAN_POINT('',(22.65,83.732821912943));
#8380 = CARTESIAN_POINT('',(22.65,34.367796640022));
#8381 = ( GEOMETRIC_REPRESENTATION_CONTEXT(2) 
PARAMETRIC_REPRESENTATION_CONTEXT() REPRESENTATION_CONTEXT('2D SPACE',''
  ) );
#8382 = ORIENTED_EDGE('',*,*,#8383,.F.);
#8383 = EDGE_CURVE('',#8384,#8358,#8386,.T.);
#8384 = VERTEX_POINT('',#8385);
#8385 = CARTESIAN_POINT('',(83.807,399.591,6.8));
#8386 = SURFACE_CURVE('',#8387,(#8391,#8398),.PCURVE_S1.);
#8387 = LINE('',#8388,#8389);
#8388 = CARTESIAN_POINT('',(83.807,399.591,6.8));
#8389 = VECTOR('',#8390,1.);
#8390 = DIRECTION('',(-0.285179710787,-0.958474064623,
    -9.147032063016E-18));
#8391 = PCURVE('',#8333,#8392);
#8392 = DEFINITIONAL_REPRESENTATION('',(#8393),#8397);
#8393 = LINE('',#8394,#8395);
#8394 = CARTESIAN_POINT('',(283.807,99.591));
#8395 = VECTOR('',#8396,1.);
#8396 = DIRECTION('',(-0.285179710787,-0.958474064623));
#8397 = ( GEOMETRIC_REPRESENTATION_CONTEXT(2) 
PARAMETRIC_REPRESENTATION_CONTEXT() REPRESENTATION_CONTEXT('2D SPACE',''
  ) );
#8398 = PCURVE('',#8399,#8404);
#8399 = PLANE('',#8400);
#8400 = AXIS2_PLACEMENT_3D('',#8401,#8402,#8403);
#8401 = CARTESIAN_POINT('',(83.807,399.591,0.));
#8402 = DIRECTION('',(0.958474064623,-0.285179710787,0.));
#8403 = DIRECTION('',(-0.285179710787,-0.958474064623,0.));
#8404 = DEFINITIONAL_REPRESENTATION('',(#8405),#8409);
#8405 = LINE('',#8406,#8407);
#8406 = CARTESIAN_POINT('',(0.,-6.8));
#8407 = VECTOR('',#8408,1.);
#8408 = DIRECTION('',(1.,9.147032063016E-18));
#8409 = ( GEOMETRIC_REPRESENTATION_CONTEXT(2) 
PARAMETRIC_REPRESENTATION_CONTEXT() REPRESENTATION_CONTEXT('2D SPACE',''
  ) );
#8410 = ORIENTED_EDGE('',*,*,#8411,.F.);
#8411 = EDGE_CURVE('',#8412,#8384,#8414,.T.);
#8412 = VERTEX_POINT('',#8413);
#8413 = CARTESIAN_POINT('',(45.854859410389,426.46373860746,6.8));
#8414 = SURFACE_CURVE('',#8415,(#8419,#8426),.PCURVE_S1.);
#8415 = LINE('',#8416,#8417);
#8416 = CARTESIAN_POINT('',(-14.48322451738,469.18727230744,6.8));
#8417 = VECTOR('',#8418,1.);
#8418 = DIRECTION('',(0.816126178543,-0.577873741138,0.));
#8419 = PCURVE('',#8333,#8420);
#8420 = DEFINITIONAL_REPRESENTATION('',(#8421),#8425);
#8421 = LINE('',#8422,#8423);
#8422 = CARTESIAN_POINT('',(185.51677548261,169.18727230744));
#8423 = VECTOR('',#8424,1.);
#8424 = DIRECTION('',(0.816126178543,-0.577873741138));
#8425 = ( GEOMETRIC_REPRESENTATION_CONTEXT(2) 
PARAMETRIC_REPRESENTATION_CONTEXT() REPRESENTATION_CONTEXT('2D SPACE',''
  ) );
#8426 = PCURVE('',#8427,#8432);
#8427 = PLANE('',#8428);
#8428 = AXIS2_PLACEMENT_3D('',#8429,#8430,#8431);
#8429 = CARTESIAN_POINT('',(36.813,432.866,0.));
#8430 = DIRECTION('',(0.577873741138,0.816126178543,0.));
#8431 = DIRECTION('',(0.816126178543,-0.577873741138,0.));
#8432 = DEFINITIONAL_REPRESENTATION('',(#8433),#8436);
#8433 = B_SPLINE_CURVE_WITH_KNOTS('',1,(#8434,#8435),.UNSPECIFIED.,.F.,
  .F.,(2,2),(62.853301200248,120.43508357106),.PIECEWISE_BEZIER_KNOTS.);
#8434 = CARTESIAN_POINT('',(0.,-6.8));
#8435 = CARTESIAN_POINT('',(57.581782370816,-6.8));
#8436 = ( GEOMETRIC_REPRESENTATION_CONTEXT(2) 
PARAMETRIC_REPRESENTATION_CONTEXT() REPRESENTATION_CONTEXT('2D SPACE',''
  ) );
#8437 = ORIENTED_EDGE('',*,*,#8438,.F.);
#8438 = EDGE_CURVE('',#8439,#8412,#8441,.T.);
#8439 = VERTEX_POINT('',#8440);
#8440 = CARTESIAN_POINT('',(23.856662511925,410.96661041063,6.8));
#8441 = SURFACE_CURVE('',#8442,(#8465,#8491),.PCURVE_S1.);
#8442 = ( BOUNDED_CURVE() B_SPLINE_CURVE(3,(#8443,#8444,#8445,#8446,
    #8447,#8448,#8449,#8450,#8451,#8452,#8453,#8454,#8455,#8456,#8457,
    #8458,#8459,#8460,#8461,#8462,#8463,#8464),.UNSPECIFIED.,.F.,.F.) 
B_SPLINE_CURVE_WITH_KNOTS((4,1,1,1,1,1,1,1,1,1,1,1,1,1,1,1,1,1,1,4),(0.,
    5.245000615645E-02,0.105056142816,0.157827138689,0.210729740208,
    0.263703235816,0.316673593925,0.369567354274,0.422325530646,
    0.474917777959,0.52735694777,0.57971823004,0.632142347135,
    0.684734332274,0.737455393694,0.790192360737,0.842823921577,
0.89528663,0.947644996011,1.),.UNSPECIFIED.) CURVE() 
GEOMETRIC_REPRESENTATION_ITEM() RATIONAL_B_SPLINE_CURVE((1.,
    1.000000000036,0.999999999983,1.000000000004,0.999999999999,1.,1.,1.
    ,1.,1.,1.,1.,1.,1.,1.,1.,1.,1.000000000002,0.999999999994,
1.000000000024,0.999999999949,1.)) REPRESENTATION_ITEM('') );
#8443 = CARTESIAN_POINT('',(3.244829287063,406.27796884521,6.8));
#8444 = CARTESIAN_POINT('',(4.68736386409,406.35358804444,6.799999999728
    ));
#8445 = CARTESIAN_POINT('',(7.568560108651,406.60589956764,
    6.800000000127));
#8446 = CARTESIAN_POINT('',(11.84651590984,407.28398137208,
    6.799999999966));
#8447 = CARTESIAN_POINT('',(16.065081013589,408.25837412644,
    6.800000000009));
#8448 = CARTESIAN_POINT('',(20.20438345332,409.52420573644,
    6.799999999998));
#8449 = CARTESIAN_POINT('',(24.244878170519,411.07531485465,
    6.800000000001));
#8450 = CARTESIAN_POINT('',(28.167444831457,412.9043059403,6.8));
#8451 = CARTESIAN_POINT('',(31.95347530897,415.00257122279,6.8));
#8452 = CARTESIAN_POINT('',(35.584965284526,417.36033957163,6.8));
#8453 = CARTESIAN_POINT('',(39.044569821496,419.96671487345,6.8));
#8454 = CARTESIAN_POINT('',(42.315801986092,422.80982702199,6.8));
#8455 = CARTESIAN_POINT('',(45.382673052959,425.87661867395,6.8));
#8456 = CARTESIAN_POINT('',(48.226861750243,429.14914250977,6.8));
#8457 = CARTESIAN_POINT('',(50.831766363812,432.60685801449,6.8));
#8458 = CARTESIAN_POINT('',(53.187838089397,436.23531037302,6.8));
#8459 = CARTESIAN_POINT('',(55.285211323311,440.01878763246,
    6.800000000001));
#8460 = CARTESIAN_POINT('',(57.114826420656,443.94125956212,
    6.799999999995));
#8461 = CARTESIAN_POINT('',(58.668355940629,447.9870206141,
    6.800000000017));
#8462 = CARTESIAN_POINT('',(59.936417465329,452.13385805276,
    6.799999999936));
#8463 = CARTESIAN_POINT('',(60.585060724895,454.94563815249,
    6.800000000137));
#8464 = CARTESIAN_POINT('',(60.860885373755,456.36284228665,6.8));
#8465 = PCURVE('',#8333,#8466);
#8466 = DEFINITIONAL_REPRESENTATION('',(#8467),#8490);
#8467 = ( BOUNDED_CURVE() B_SPLINE_CURVE(3,(#8468,#8469,#8470,#8471,
    #8472,#8473,#8474,#8475,#8476,#8477,#8478,#8479,#8480,#8481,#8482,
    #8483,#8484,#8485,#8486,#8487,#8488,#8489),.UNSPECIFIED.,.F.,.F.) 
B_SPLINE_CURVE_WITH_KNOTS((4,1,1,1,1,1,1,1,1,1,1,1,1,1,1,1,1,1,1,4),(0.,
    5.245000615645E-02,0.105056142816,0.157827138689,0.210729740208,
    0.263703235816,0.316673593925,0.369567354274,0.422325530646,
    0.474917777959,0.52735694777,0.57971823004,0.632142347135,
    0.684734332274,0.737455393694,0.790192360737,0.842823921577,
0.89528663,0.947644996011,1.),.UNSPECIFIED.) CURVE() 
GEOMETRIC_REPRESENTATION_ITEM() RATIONAL_B_SPLINE_CURVE((1.,
    1.000000000036,0.999999999983,1.000000000004,0.999999999999,1.,1.,1.
    ,1.,1.,1.,1.,1.,1.,1.,1.,1.,1.000000000002,0.999999999994,
1.000000000024,0.999999999949,1.)) REPRESENTATION_ITEM('') );
#8468 = CARTESIAN_POINT('',(203.24482928706,106.27796884521));
#8469 = CARTESIAN_POINT('',(204.68736386409,106.35358804444));
#8470 = CARTESIAN_POINT('',(207.56856010865,106.60589956764));
#8471 = CARTESIAN_POINT('',(211.84651590984,107.28398137208));
#8472 = CARTESIAN_POINT('',(216.06508101358,108.25837412644));
#8473 = CARTESIAN_POINT('',(220.20438345332,109.52420573644));
#8474 = CARTESIAN_POINT('',(224.24487817051,111.07531485465));
#8475 = CARTESIAN_POINT('',(228.16744483145,112.9043059403));
#8476 = CARTESIAN_POINT('',(231.95347530897,115.00257122279));
#8477 = CARTESIAN_POINT('',(235.58496528452,117.36033957163));
#8478 = CARTESIAN_POINT('',(239.04456982149,119.96671487345));
#8479 = CARTESIAN_POINT('',(242.31580198609,122.80982702199));
#8480 = CARTESIAN_POINT('',(245.38267305295,125.87661867395));
#8481 = CARTESIAN_POINT('',(248.22686175024,129.14914250977));
#8482 = CARTESIAN_POINT('',(250.83176636381,132.60685801449));
#8483 = CARTESIAN_POINT('',(253.18783808939,136.23531037302));
#8484 = CARTESIAN_POINT('',(255.28521132331,140.01878763246));
#8485 = CARTESIAN_POINT('',(257.11482642065,143.94125956212));
#8486 = CARTESIAN_POINT('',(258.66835594062,147.9870206141));
#8487 = CARTESIAN_POINT('',(259.93641746532,152.13385805276));
#8488 = CARTESIAN_POINT('',(260.58506072489,154.94563815249));
#8489 = CARTESIAN_POINT('',(260.86088537375,156.36284228665));
#8490 = ( GEOMETRIC_REPRESENTATION_CONTEXT(2) 
PARAMETRIC_REPRESENTATION_CONTEXT() REPRESENTATION_CONTEXT('2D SPACE',''
  ) );
#8491 = PCURVE('',#8492,#8537);
#8492 = ( BOUNDED_SURFACE() B_SPLINE_SURFACE(1,3,(
    (#8493,#8494,#8495,#8496,#8497,#8498,#8499,#8500,#8501,#8502,#8503
      ,#8504,#8505,#8506,#8507,#8508,#8509,#8510,#8511,#8512,#8513,#8514
      )
    ,(#8515,#8516,#8517,#8518,#8519,#8520,#8521,#8522,#8523,#8524,#8525
      ,#8526,#8527,#8528,#8529,#8530,#8531,#8532,#8533,#8534,#8535,#8536
)),.UNSPECIFIED.,.F.,.F.,.F.) B_SPLINE_SURFACE_WITH_KNOTS((2,2),(4,1,1,1
    ,1,1,1,1,1,1,1,1,1,1,1,1,1,1,1,4),(2.,3.),(0.,5.245000615645E-02,
    0.105056142816,0.157827138689,0.210729740208,0.263703235816,
    0.316673593925,0.369567354274,0.422325530646,0.474917777959,
    0.52735694777,0.57971823004,0.632142347135,0.684734332274,
    0.737455393694,0.790192360737,0.842823921577,0.89528663,
0.947644996011,1.),.UNSPECIFIED.) GEOMETRIC_REPRESENTATION_ITEM() 
RATIONAL_B_SPLINE_SURFACE((
    (1.,1.000000000036,0.999999999983,1.000000000004,0.999999999999,1.
      ,1.,1.,1.,1.,1.,1.,1.,1.,1.,1.,1.,1.000000000002,0.999999999994
      ,1.000000000024,0.999999999949,1.)
    ,(1.,1.000000000036,0.999999999983,1.000000000004,0.999999999999,1.
      ,1.,1.,1.,1.,1.,1.,1.,1.,1.,1.,1.,1.000000000002,0.999999999994
,1.000000000024,0.999999999949,1.
  ))) REPRESENTATION_ITEM('') SURFACE() );
#8493 = CARTESIAN_POINT('',(3.244829287063,406.27796884521,6.8));
#8494 = CARTESIAN_POINT('',(4.68736386409,406.35358804444,6.799999999728
    ));
#8495 = CARTESIAN_POINT('',(7.568560108651,406.60589956764,
    6.800000000127));
#8496 = CARTESIAN_POINT('',(11.84651590984,407.28398137208,
    6.799999999966));
#8497 = CARTESIAN_POINT('',(16.065081013589,408.25837412644,
    6.800000000009));
#8498 = CARTESIAN_POINT('',(20.20438345332,409.52420573644,
    6.799999999998));
#8499 = CARTESIAN_POINT('',(24.244878170519,411.07531485465,
    6.800000000001));
#8500 = CARTESIAN_POINT('',(28.167444831457,412.9043059403,6.8));
#8501 = CARTESIAN_POINT('',(31.95347530897,415.00257122279,6.8));
#8502 = CARTESIAN_POINT('',(35.584965284526,417.36033957163,6.8));
#8503 = CARTESIAN_POINT('',(39.044569821496,419.96671487345,6.8));
#8504 = CARTESIAN_POINT('',(42.315801986092,422.80982702199,6.8));
#8505 = CARTESIAN_POINT('',(45.382673052959,425.87661867395,6.8));
#8506 = CARTESIAN_POINT('',(48.226861750243,429.14914250977,6.8));
#8507 = CARTESIAN_POINT('',(50.831766363812,432.60685801449,6.8));
#8508 = CARTESIAN_POINT('',(53.187838089397,436.23531037302,6.8));
#8509 = CARTESIAN_POINT('',(55.285211323311,440.01878763246,
    6.800000000001));
#8510 = CARTESIAN_POINT('',(57.114826420656,443.94125956212,
    6.799999999995));
#8511 = CARTESIAN_POINT('',(58.668355940629,447.9870206141,
    6.800000000017));
#8512 = CARTESIAN_POINT('',(59.936417465329,452.13385805276,
    6.799999999936));
#8513 = CARTESIAN_POINT('',(60.585060724895,454.94563815249,
    6.800000000137));
#8514 = CARTESIAN_POINT('',(60.860885373755,456.36284228665,6.8));
#8515 = CARTESIAN_POINT('',(3.176138344494,407.58867010958,6.80398903553
    ));
#8516 = CARTESIAN_POINT('',(4.588135395115,407.66268850209,
    6.807457275208));
#8517 = CARTESIAN_POINT('',(7.408338574129,407.9096587488,6.818710985636
    ));
#8518 = CARTESIAN_POINT('',(11.595732810933,408.57338600066,
    6.845849431277));
#8519 = CARTESIAN_POINT('',(15.724993613102,409.52715148858,
    6.880656721695));
#8520 = CARTESIAN_POINT('',(19.776669690699,410.76618626019,
    6.920536177504));
#8521 = CARTESIAN_POINT('',(23.731629741507,412.28445939905,
    6.962894508148));
#8522 = CARTESIAN_POINT('',(27.57115819692,414.07473192342,
    7.005153906967));
#8523 = CARTESIAN_POINT('',(31.277040851824,416.12857828359,
    7.044689747119));
#8524 = CARTESIAN_POINT('',(34.831654527494,418.43643419764,
    7.079047944541));
#8525 = CARTESIAN_POINT('',(38.21802146842,420.98763421584,
    7.105121411608));
#8526 = CARTESIAN_POINT('',(41.420003758564,423.77055951447,
    7.122194364589));
#8527 = CARTESIAN_POINT('',(44.421951143572,426.77242916573,
    7.12059704802));
#8528 = CARTESIAN_POINT('',(47.205930201094,429.97567578326,
    7.135281636926));
#8529 = CARTESIAN_POINT('',(49.755690664579,433.36019368152,
    7.162221461971));
#8530 = CARTESIAN_POINT('',(52.061885871776,436.91183404459,
    7.195342887856));
#8531 = CARTESIAN_POINT('',(54.114859067484,440.61521753123,
    7.229178528868));
#8532 = CARTESIAN_POINT('',(55.905742393571,444.45465326142,
    7.258122021785));
#8533 = CARTESIAN_POINT('',(57.426384696048,448.41476815968,
    7.276540493673));
#8534 = CARTESIAN_POINT('',(58.667602175761,452.47381973413,
    7.278860784061));
#8535 = CARTESIAN_POINT('',(59.302514077526,455.22607624085,
    7.272776256094));
#8536 = CARTESIAN_POINT('',(59.57249969548,456.61327909308,7.276953125)
  );
#8537 = DEFINITIONAL_REPRESENTATION('',(#8538),#8542);
#8538 = LINE('',#8539,#8540);
#8539 = CARTESIAN_POINT('',(2.,0.));
#8540 = VECTOR('',#8541,1.);
#8541 = DIRECTION('',(0.,1.));
#8542 = ( GEOMETRIC_REPRESENTATION_CONTEXT(2) 
PARAMETRIC_REPRESENTATION_CONTEXT() REPRESENTATION_CONTEXT('2D SPACE',''
  ) );
#8543 = ORIENTED_EDGE('',*,*,#8544,.T.);
#8544 = EDGE_CURVE('',#8439,#8323,#8545,.T.);
#8545 = SURFACE_CURVE('',#8546,(#8550,#8557),.PCURVE_S1.);
#8546 = LINE('',#8547,#8548);
#8547 = CARTESIAN_POINT('',(-51.37725531823,450.33971667703,6.8));
#8548 = VECTOR('',#8549,1.);
#8549 = DIRECTION('',(0.886001555993,-0.463682264894,0.));
#8550 = PCURVE('',#8333,#8551);
#8551 = DEFINITIONAL_REPRESENTATION('',(#8552),#8556);
#8552 = LINE('',#8553,#8554);
#8553 = CARTESIAN_POINT('',(148.62274468176,150.33971667703));
#8554 = VECTOR('',#8555,1.);
#8555 = DIRECTION('',(0.886001555993,-0.463682264894));
#8556 = ( GEOMETRIC_REPRESENTATION_CONTEXT(2) 
PARAMETRIC_REPRESENTATION_CONTEXT() REPRESENTATION_CONTEXT('2D SPACE',''
  ) );
#8557 = PCURVE('',#8558,#8563);
#8558 = PLANE('',#8559);
#8559 = AXIS2_PLACEMENT_3D('',#8560,#8561,#8562);
#8560 = CARTESIAN_POINT('',(10.081,418.176,0.));
#8561 = DIRECTION('',(0.463682264894,0.886001555993,0.));
#8562 = DIRECTION('',(0.886001555993,-0.463682264894,0.));
#8563 = DEFINITIONAL_REPRESENTATION('',(#8564),#8567);
#8564 = B_SPLINE_CURVE_WITH_KNOTS('',1,(#8565,#8566),.UNSPECIFIED.,.F.,
  .F.,(2,2),(69.365854836811,126.44589003301),.PIECEWISE_BEZIER_KNOTS.);
#8565 = CARTESIAN_POINT('',(0.,-6.8));
#8566 = CARTESIAN_POINT('',(57.080035196205,-6.8));
#8567 = ( GEOMETRIC_REPRESENTATION_CONTEXT(2) 
PARAMETRIC_REPRESENTATION_CONTEXT() REPRESENTATION_CONTEXT('2D SPACE',''
  ) );
#8568 = ADVANCED_FACE('',(#8569,#8642),#8345,.F.);
#8569 = FACE_BOUND('',#8570,.F.);
#8570 = EDGE_LOOP('',(#8571,#8572,#8595,#8623));
#8571 = ORIENTED_EDGE('',*,*,#8322,.F.);
#8572 = ORIENTED_EDGE('',*,*,#8573,.T.);
#8573 = EDGE_CURVE('',#8323,#8574,#8576,.T.);
#8574 = VERTEX_POINT('',#8575);
#8575 = CARTESIAN_POINT('',(60.654,391.709,18.3));
#8576 = SURFACE_CURVE('',#8577,(#8581,#8588),.PCURVE_S1.);
#8577 = LINE('',#8578,#8579);
#8578 = CARTESIAN_POINT('',(60.654,391.709,0.));
#8579 = VECTOR('',#8580,1.);
#8580 = DIRECTION('',(-0.,-0.,1.));
#8581 = PCURVE('',#8345,#8582);
#8582 = DEFINITIONAL_REPRESENTATION('',(#8583),#8587);
#8583 = LINE('',#8584,#8585);
#8584 = CARTESIAN_POINT('',(0.,0.));
#8585 = VECTOR('',#8586,1.);
#8586 = DIRECTION('',(0.,-1.));
#8587 = ( GEOMETRIC_REPRESENTATION_CONTEXT(2) 
PARAMETRIC_REPRESENTATION_CONTEXT() REPRESENTATION_CONTEXT('2D SPACE',''
  ) );
#8588 = PCURVE('',#8558,#8589);
#8589 = DEFINITIONAL_REPRESENTATION('',(#8590),#8594);
#8590 = LINE('',#8591,#8592);
#8591 = CARTESIAN_POINT('',(57.080035196205,0.));
#8592 = VECTOR('',#8593,1.);
#8593 = DIRECTION('',(0.,-1.));
#8594 = ( GEOMETRIC_REPRESENTATION_CONTEXT(2) 
PARAMETRIC_REPRESENTATION_CONTEXT() REPRESENTATION_CONTEXT('2D SPACE',''
  ) );
#8595 = ORIENTED_EDGE('',*,*,#8596,.T.);
#8596 = EDGE_CURVE('',#8574,#8597,#8599,.T.);
#8597 = VERTEX_POINT('',#8598);
#8598 = CARTESIAN_POINT('',(38.752580884689,318.09667956105,18.3));
#8599 = SURFACE_CURVE('',#8600,(#8604,#8611),.PCURVE_S1.);
#8600 = LINE('',#8601,#8602);
#8601 = CARTESIAN_POINT('',(60.654,391.709,18.3));
#8602 = VECTOR('',#8603,1.);
#8603 = DIRECTION('',(-0.285169751144,-0.958477027911,0.));
#8604 = PCURVE('',#8345,#8605);
#8605 = DEFINITIONAL_REPRESENTATION('',(#8606),#8610);
#8606 = LINE('',#8607,#8608);
#8607 = CARTESIAN_POINT('',(0.,-18.3));
#8608 = VECTOR('',#8609,1.);
#8609 = DIRECTION('',(1.,0.));
#8610 = ( GEOMETRIC_REPRESENTATION_CONTEXT(2) 
PARAMETRIC_REPRESENTATION_CONTEXT() REPRESENTATION_CONTEXT('2D SPACE',''
  ) );
#8611 = PCURVE('',#8612,#8617);
#8612 = PLANE('',#8613);
#8613 = AXIS2_PLACEMENT_3D('',#8614,#8615,#8616);
#8614 = CARTESIAN_POINT('',(8.069874045631E-04,231.618795862,18.3));
#8615 = DIRECTION('',(0.,-0.,-1.));
#8616 = DIRECTION('',(-1.,0.,0.));
#8617 = DEFINITIONAL_REPRESENTATION('',(#8618),#8622);
#8618 = LINE('',#8619,#8620);
#8619 = CARTESIAN_POINT('',(-60.65319301259,160.09020413799));
#8620 = VECTOR('',#8621,1.);
#8621 = DIRECTION('',(0.285169751144,-0.958477027911));
#8622 = ( GEOMETRIC_REPRESENTATION_CONTEXT(2) 
PARAMETRIC_REPRESENTATION_CONTEXT() REPRESENTATION_CONTEXT('2D SPACE',''
  ) );
#8623 = ORIENTED_EDGE('',*,*,#8624,.T.);
#8624 = EDGE_CURVE('',#8597,#8325,#8625,.T.);
#8625 = SURFACE_CURVE('',#8626,(#8630,#8636),.PCURVE_S1.);
#8626 = LINE('',#8627,#8628);
#8627 = CARTESIAN_POINT('',(38.752580884689,318.09667956105,-7.925));
#8628 = VECTOR('',#8629,1.);
#8629 = DIRECTION('',(0.,-0.,-1.));
#8630 = PCURVE('',#8345,#8631);
#8631 = DEFINITIONAL_REPRESENTATION('',(#8632),#8635);
#8632 = B_SPLINE_CURVE_WITH_KNOTS('',1,(#8633,#8634),.UNSPECIFIED.,.F.,
  .F.,(2,2),(-26.225,-14.725),.PIECEWISE_BEZIER_KNOTS.);
#8633 = CARTESIAN_POINT('',(76.801340350739,-18.3));
#8634 = CARTESIAN_POINT('',(76.801340350739,-6.8));
#8635 = ( GEOMETRIC_REPRESENTATION_CONTEXT(2) 
PARAMETRIC_REPRESENTATION_CONTEXT() REPRESENTATION_CONTEXT('2D SPACE',''
  ) );
#8636 = PCURVE('',#8372,#8637);
#8637 = DEFINITIONAL_REPRESENTATION('',(#8638),#8641);
#8638 = B_SPLINE_CURVE_WITH_KNOTS('',1,(#8639,#8640),.UNSPECIFIED.,.F.,
  .F.,(2,2),(-26.225,-14.725),.PIECEWISE_BEZIER_KNOTS.);
#8639 = CARTESIAN_POINT('',(34.15,66.91935708598));
#8640 = CARTESIAN_POINT('',(22.65,66.91935708598));
#8641 = ( GEOMETRIC_REPRESENTATION_CONTEXT(2) 
PARAMETRIC_REPRESENTATION_CONTEXT() REPRESENTATION_CONTEXT('2D SPACE',''
  ) );
#8642 = FACE_BOUND('',#8643,.F.);
#8643 = EDGE_LOOP('',(#8644));
#8644 = ORIENTED_EDGE('',*,*,#8645,.F.);
#8645 = EDGE_CURVE('',#8646,#8646,#8648,.T.);
#8646 = VERTEX_POINT('',#8647);
#8647 = CARTESIAN_POINT('',(40.030244073651,322.39100184144,9.6));
#8648 = SURFACE_CURVE('',#8649,(#8654,#8661),.PCURVE_S1.);
#8649 = ELLIPSE('',#8650,2.90000000004,2.9);
#8650 = AXIS2_PLACEMENT_3D('',#8651,#8652,#8653);
#8651 = CARTESIAN_POINT('',(40.030244073651,322.39100184144,12.5));
#8652 = DIRECTION('',(0.958477027911,-0.285169751144,-1.615587133893E-27
    ));
#8653 = DIRECTION('',(0.285169751144,0.958477027911,4.203431526455E-11)
  );
#8654 = PCURVE('',#8345,#8655);
#8655 = DEFINITIONAL_REPRESENTATION('',(#8656),#8660);
#8656 = ELLIPSE('',#8657,2.90000000004,2.9);
#8657 = AXIS2_PLACEMENT_2D('',#8658,#8659);
#8658 = CARTESIAN_POINT('',(72.320980200905,-12.5));
#8659 = DIRECTION('',(-1.,-4.203431526455E-11));
#8660 = ( GEOMETRIC_REPRESENTATION_CONTEXT(2) 
PARAMETRIC_REPRESENTATION_CONTEXT() REPRESENTATION_CONTEXT('2D SPACE',''
  ) );
#8661 = PCURVE('',#8662,#8667);
#8662 = CYLINDRICAL_SURFACE('',#8663,2.9);
#8663 = AXIS2_PLACEMENT_3D('',#8664,#8665,#8666);
#8664 = CARTESIAN_POINT('',(39.041521465705,322.68516468802,12.5));
#8665 = DIRECTION('',(0.958478534295,-0.285164688023,2.22044604925E-16)
  );
#8666 = DIRECTION('',(2.128249874767E-16,-6.331928049056E-17,-1.));
#8667 = DEFINITIONAL_REPRESENTATION('',(#8668),#8677);
#8668 = B_SPLINE_CURVE_WITH_KNOTS('',7,(#8669,#8670,#8671,#8672,#8673,
    #8674,#8675,#8676),.UNSPECIFIED.,.F.,.F.,(8,8),(4.712388980343,
    10.995574287522),.PIECEWISE_BEZIER_KNOTS.);
#8669 = CARTESIAN_POINT('',(0.,1.031554252462));
#8670 = CARTESIAN_POINT('',(0.897597901026,1.031568002886));
#8671 = CARTESIAN_POINT('',(1.795195802051,1.031581512166));
#8672 = CARTESIAN_POINT('',(2.692793703078,1.031579264));
#8673 = CARTESIAN_POINT('',(3.590391604102,1.031529240925));
#8674 = CARTESIAN_POINT('',(4.487989505129,1.031526992758));
#8675 = CARTESIAN_POINT('',(5.385587406154,1.031540502039));
#8676 = CARTESIAN_POINT('',(6.28318530718,1.031554252462));
#8677 = ( GEOMETRIC_REPRESENTATION_CONTEXT(2) 
PARAMETRIC_REPRESENTATION_CONTEXT() REPRESENTATION_CONTEXT('2D SPACE',''
  ) );
#8678 = ADVANCED_FACE('',(#8679),#8558,.F.);
#8679 = FACE_BOUND('',#8680,.F.);
#8680 = EDGE_LOOP('',(#8681,#8682,#8683,#8711,#8785,#8859,#8935,#9011,
    #9086,#9160,#9233,#9306,#9334));
#8681 = ORIENTED_EDGE('',*,*,#8573,.F.);
#8682 = ORIENTED_EDGE('',*,*,#8544,.F.);
#8683 = ORIENTED_EDGE('',*,*,#8684,.F.);
#8684 = EDGE_CURVE('',#8685,#8439,#8687,.T.);
#8685 = VERTEX_POINT('',#8686);
#8686 = CARTESIAN_POINT('',(22.332794539966,411.76411527713,
    6.947989948908));
#8687 = SURFACE_CURVE('',#8688,(#8694,#8703),.PCURVE_S1.);
#8688 = B_SPLINE_CURVE_WITH_KNOTS('',4,(#8689,#8690,#8691,#8692,#8693),
  .UNSPECIFIED.,.F.,.F.,(5,5),(0.,1.),.PIECEWISE_BEZIER_KNOTS.);
#8689 = CARTESIAN_POINT('',(22.332794539966,411.76411527713,
    6.947989948908));
#8690 = CARTESIAN_POINT('',(22.714674358824,411.56426133994,
    6.913996529969));
#8691 = CARTESIAN_POINT('',(23.09593883191,411.36472943934,
    6.877966036477));
#8692 = CARTESIAN_POINT('',(23.476597978379,411.16551433188,
    6.839948570789));
#8693 = CARTESIAN_POINT('',(23.856662511925,410.96661041063,6.8));
#8694 = PCURVE('',#8558,#8695);
#8695 = DEFINITIONAL_REPRESENTATION('',(#8696),#8702);
#8696 = B_SPLINE_CURVE_WITH_KNOTS('',4,(#8697,#8698,#8699,#8700,#8701),
  .UNSPECIFIED.,.F.,.F.,(5,5),(0.,1.),.PIECEWISE_BEZIER_KNOTS.);
#8697 = CARTESIAN_POINT('',(13.828186256658,-6.947989948908));
#8698 = CARTESIAN_POINT('',(14.259201096614,-6.913996529969));
#8699 = CARTESIAN_POINT('',(14.689521416603,-6.877966036477));
#8700 = CARTESIAN_POINT('',(15.119158524906,-6.839948570789));
#8701 = CARTESIAN_POINT('',(15.548124513708,-6.8));
#8702 = ( GEOMETRIC_REPRESENTATION_CONTEXT(2) 
PARAMETRIC_REPRESENTATION_CONTEXT() REPRESENTATION_CONTEXT('2D SPACE',''
  ) );
#8703 = PCURVE('',#8492,#8704);
#8704 = DEFINITIONAL_REPRESENTATION('',(#8705),#8710);
#8705 = B_SPLINE_CURVE_WITH_KNOTS('',3,(#8706,#8707,#8708,#8709),
  .UNSPECIFIED.,.F.,.F.,(4,4),(0.,1.),.PIECEWISE_BEZIER_KNOTS.);
#8706 = CARTESIAN_POINT('',(3.,0.245054548058));
#8707 = CARTESIAN_POINT('',(2.668459115551,0.249748697297));
#8708 = CARTESIAN_POINT('',(2.33506787841,0.254330829918));
#8709 = CARTESIAN_POINT('',(2.,0.258807268886));
#8710 = ( GEOMETRIC_REPRESENTATION_CONTEXT(2) 
PARAMETRIC_REPRESENTATION_CONTEXT() REPRESENTATION_CONTEXT('2D SPACE',''
  ) );
#8711 = ORIENTED_EDGE('',*,*,#8712,.F.);
#8712 = EDGE_CURVE('',#8713,#8685,#8715,.T.);
#8713 = VERTEX_POINT('',#8714);
#8714 = CARTESIAN_POINT('',(20.784169478216,412.57457658078,
    7.296008180906));
#8715 = SURFACE_CURVE('',#8716,(#8722,#8731),.PCURVE_S1.);
#8716 = B_SPLINE_CURVE_WITH_KNOTS('',4,(#8717,#8718,#8719,#8720,#8721),
  .UNSPECIFIED.,.F.,.F.,(5,5),(0.,1.),.PIECEWISE_BEZIER_KNOTS.);
#8717 = CARTESIAN_POINT('',(20.784169478216,412.57457658078,
    7.296008180906));
#8718 = CARTESIAN_POINT('',(21.173199541009,412.37098061709,
    7.217216874358));
#8719 = CARTESIAN_POINT('',(21.560998729838,412.16802882204,
    7.132837262839));
#8720 = CARTESIAN_POINT('',(21.947535980955,411.96573745263,
    7.043032627276));
#8721 = CARTESIAN_POINT('',(22.332794539966,411.76411527713,
    6.947989948908));
#8722 = PCURVE('',#8558,#8723);
#8723 = DEFINITIONAL_REPRESENTATION('',(#8724),#8730);
#8724 = B_SPLINE_CURVE_WITH_KNOTS('',4,(#8725,#8726,#8727,#8728,#8729),
  .UNSPECIFIED.,.F.,.F.,(5,5),(0.,1.),.PIECEWISE_BEZIER_KNOTS.);
#8725 = CARTESIAN_POINT('',(12.080305509413,-7.296008180906));
#8726 = CARTESIAN_POINT('',(12.519390587945,-7.217216874358));
#8727 = CARTESIAN_POINT('',(12.95708642065,-7.132837262839));
#8728 = CARTESIAN_POINT('',(13.393357946927,-7.043032627276));
#8729 = CARTESIAN_POINT('',(13.828186256658,-6.947989948908));
#8730 = ( GEOMETRIC_REPRESENTATION_CONTEXT(2) 
PARAMETRIC_REPRESENTATION_CONTEXT() REPRESENTATION_CONTEXT('2D SPACE',''
  ) );
#8731 = PCURVE('',#8732,#8777);
#8732 = ( BOUNDED_SURFACE() B_SPLINE_SURFACE(1,3,(
    (#8733,#8734,#8735,#8736,#8737,#8738,#8739,#8740,#8741,#8742,#8743
      ,#8744,#8745,#8746,#8747,#8748,#8749,#8750,#8751,#8752,#8753,#8754
      )
    ,(#8755,#8756,#8757,#8758,#8759,#8760,#8761,#8762,#8763,#8764,#8765
      ,#8766,#8767,#8768,#8769,#8770,#8771,#8772,#8773,#8774,#8775,#8776
)),.UNSPECIFIED.,.F.,.F.,.F.) B_SPLINE_SURFACE_WITH_KNOTS((2,2),(4,1,1,1
    ,1,1,1,1,1,1,1,1,1,1,1,1,1,1,1,4),(3.,4.),(0.,5.245000615645E-02,
    0.105056142816,0.157827138689,0.210729740208,0.263703235816,
    0.316673593925,0.369567354274,0.422325530646,0.474917777959,
    0.52735694777,0.57971823004,0.632142347135,0.684734332274,
    0.737455393694,0.790192360737,0.842823921577,0.89528663,
0.947644996011,1.),.UNSPECIFIED.) GEOMETRIC_REPRESENTATION_ITEM() 
RATIONAL_B_SPLINE_SURFACE((
    (1.,1.000000000036,0.999999999983,1.000000000004,0.999999999999,1.
      ,1.,1.,1.,1.,1.,1.,1.,1.,1.,1.,1.,1.000000000002,0.999999999994
      ,1.000000000024,0.999999999949,1.)
    ,(1.,1.000000000036,0.999999999983,1.000000000004,0.999999999999,1.
      ,1.,1.,1.,1.,1.,1.,1.,1.,1.,1.,1.,1.000000000002,0.999999999994
,1.000000000024,0.999999999949,1.
  ))) REPRESENTATION_ITEM('') SURFACE() );
#8733 = CARTESIAN_POINT('',(3.176138344494,407.58867010958,6.80398903553
    ));
#8734 = CARTESIAN_POINT('',(4.588135395115,407.66268850209,
    6.807457275208));
#8735 = CARTESIAN_POINT('',(7.408338574129,407.9096587488,6.818710985636
    ));
#8736 = CARTESIAN_POINT('',(11.595732810933,408.57338600066,
    6.845849431277));
#8737 = CARTESIAN_POINT('',(15.724993613102,409.52715148858,
    6.880656721695));
#8738 = CARTESIAN_POINT('',(19.776669690699,410.76618626019,
    6.920536177504));
#8739 = CARTESIAN_POINT('',(23.731629741507,412.28445939905,
    6.962894508148));
#8740 = CARTESIAN_POINT('',(27.57115819692,414.07473192342,
    7.005153906967));
#8741 = CARTESIAN_POINT('',(31.277040851824,416.12857828359,
    7.044689747119));
#8742 = CARTESIAN_POINT('',(34.831654527494,418.43643419764,
    7.079047944541));
#8743 = CARTESIAN_POINT('',(38.21802146842,420.98763421584,
    7.105121411608));
#8744 = CARTESIAN_POINT('',(41.420003758564,423.77055951447,
    7.122194364589));
#8745 = CARTESIAN_POINT('',(44.421951143572,426.77242916573,
    7.12059704802));
#8746 = CARTESIAN_POINT('',(47.205930201094,429.97567578326,
    7.135281636926));
#8747 = CARTESIAN_POINT('',(49.755690664579,433.36019368152,
    7.162221461971));
#8748 = CARTESIAN_POINT('',(52.061885871776,436.91183404459,
    7.195342887856));
#8749 = CARTESIAN_POINT('',(54.114859067484,440.61521753123,
    7.229178528868));
#8750 = CARTESIAN_POINT('',(55.905742393571,444.45465326142,
    7.258122021785));
#8751 = CARTESIAN_POINT('',(57.426384696048,448.41476815968,
    7.276540493673));
#8752 = CARTESIAN_POINT('',(58.667602175761,452.47381973413,
    7.278860784061));
#8753 = CARTESIAN_POINT('',(59.302514077526,455.22607624085,
    7.272776256094));
#8754 = CARTESIAN_POINT('',(59.57249969548,456.61327909308,7.276953125)
  );
#8755 = CARTESIAN_POINT('',(3.107447401925,408.89937137394,
    6.814505583744));
#8756 = CARTESIAN_POINT('',(4.488906926344,408.97178894881,
    6.827117365546));
#8757 = CARTESIAN_POINT('',(7.248117039512,409.21341793506,
    6.868039947231));
#8758 = CARTESIAN_POINT('',(11.344949712051,409.86279062787,
    6.966725204789));
#8759 = CARTESIAN_POINT('',(15.384906212609,410.79592885109,
    7.093297169762));
#8760 = CARTESIAN_POINT('',(19.348955928079,412.00816678384,
    7.238313372751));
#8761 = CARTESIAN_POINT('',(23.218381312493,413.49360394348,
    7.392343665989));
#8762 = CARTESIAN_POINT('',(26.974871562383,415.24515790653,
    7.546014207153));
#8763 = CARTESIAN_POINT('',(30.600606394679,417.2545853444,
    7.689780898614));
#8764 = CARTESIAN_POINT('',(34.078343770463,419.51252882364,
    7.814719798332));
#8765 = CARTESIAN_POINT('',(37.391473115344,422.00855355824,
    7.909532405846));
#8766 = CARTESIAN_POINT('',(40.524205531035,424.73129200694,
    7.971615871233));
#8767 = CARTESIAN_POINT('',(43.461229234185,427.66823965751,
    7.965807447346));
#8768 = CARTESIAN_POINT('',(46.184998651946,430.80220905673,
    8.01920595246));
#8769 = CARTESIAN_POINT('',(48.679614965346,434.11352934856,
    8.117168952623));
#8770 = CARTESIAN_POINT('',(50.935933654154,437.58835771608,
    8.237610501295));
#8771 = CARTESIAN_POINT('',(52.944506811662,441.21164743035,
    8.360649195883));
#8772 = CARTESIAN_POINT('',(54.696658366469,444.96804695944,
    8.465898261032));
#8773 = CARTESIAN_POINT('',(56.184413451532,448.84251571002,
    8.532874522461));
#8774 = CARTESIAN_POINT('',(57.39878688595,452.81378139779,
    8.541311941985));
#8775 = CARTESIAN_POINT('',(58.019967430681,455.50651436737,
    8.519186385913));
#8776 = CARTESIAN_POINT('',(58.284114017205,456.86371589951,8.534375));
#8777 = DEFINITIONAL_REPRESENTATION('',(#8778),#8784);
#8778 = B_SPLINE_CURVE_WITH_KNOTS('',4,(#8779,#8780,#8781,#8782,#8783),
  .UNSPECIFIED.,.F.,.F.,(5,5),(0.,1.),.PIECEWISE_BEZIER_KNOTS.);
#8779 = CARTESIAN_POINT('',(4.,0.230462173536));
#8780 = CARTESIAN_POINT('',(3.750937683499,0.23420835853));
#8781 = CARTESIAN_POINT('',(3.501193027255,0.237887987735));
#8782 = CARTESIAN_POINT('',(3.250855436119,0.241502783411));
#8783 = CARTESIAN_POINT('',(3.,0.245054548058));
#8784 = ( GEOMETRIC_REPRESENTATION_CONTEXT(2) 
PARAMETRIC_REPRESENTATION_CONTEXT() REPRESENTATION_CONTEXT('2D SPACE',''
  ) );
#8785 = ORIENTED_EDGE('',*,*,#8786,.F.);
#8786 = EDGE_CURVE('',#8787,#8713,#8789,.T.);
#8787 = VERTEX_POINT('',#8788);
#8788 = CARTESIAN_POINT('',(19.207727191193,413.39959582051,
    7.714573346496));
#8789 = SURFACE_CURVE('',#8790,(#8796,#8805),.PCURVE_S1.);
#8790 = B_SPLINE_CURVE_WITH_KNOTS('',4,(#8791,#8792,#8793,#8794,#8795),
  .UNSPECIFIED.,.F.,.F.,(5,5),(0.,1.),.PIECEWISE_BEZIER_KNOTS.);
#8791 = CARTESIAN_POINT('',(19.207727191193,413.39959582051,
    7.714573346496));
#8792 = CARTESIAN_POINT('',(19.604585704506,413.19190289598,
    7.622098694471));
#8793 = CARTESIAN_POINT('',(19.999670911505,412.98513801801,
    7.521332949303));
#8794 = CARTESIAN_POINT('',(20.392885782929,412.77935196613,
    7.412531697388));
#8795 = CARTESIAN_POINT('',(20.784169478216,412.57457658078,
    7.296008180906));
#8796 = PCURVE('',#8558,#8797);
#8797 = DEFINITIONAL_REPRESENTATION('',(#8798),#8804);
#8798 = B_SPLINE_CURVE_WITH_KNOTS('',4,(#8799,#8800,#8801,#8802,#8803),
  .UNSPECIFIED.,.F.,.F.,(5,5),(0.,1.),.PIECEWISE_BEZIER_KNOTS.);
#8799 = CARTESIAN_POINT('',(10.301028400519,-7.714573346496));
#8800 = CARTESIAN_POINT('',(10.748949186469,-7.622098694471));
#8801 = CARTESIAN_POINT('',(11.194868501538,-7.521332949303));
#8802 = CARTESIAN_POINT('',(11.638676832081,-7.412531697388));
#8803 = CARTESIAN_POINT('',(12.080305509413,-7.296008180906));
#8804 = ( GEOMETRIC_REPRESENTATION_CONTEXT(2) 
PARAMETRIC_REPRESENTATION_CONTEXT() REPRESENTATION_CONTEXT('2D SPACE',''
  ) );
#8805 = PCURVE('',#8806,#8851);
#8806 = ( BOUNDED_SURFACE() B_SPLINE_SURFACE(1,3,(
    (#8807,#8808,#8809,#8810,#8811,#8812,#8813,#8814,#8815,#8816,#8817
      ,#8818,#8819,#8820,#8821,#8822,#8823,#8824,#8825,#8826,#8827,#8828
      )
    ,(#8829,#8830,#8831,#8832,#8833,#8834,#8835,#8836,#8837,#8838,#8839
      ,#8840,#8841,#8842,#8843,#8844,#8845,#8846,#8847,#8848,#8849,#8850
)),.UNSPECIFIED.,.F.,.F.,.F.) B_SPLINE_SURFACE_WITH_KNOTS((2,2),(4,1,1,1
    ,1,1,1,1,1,1,1,1,1,1,1,1,1,1,1,4),(4.,5.),(0.,5.245000615645E-02,
    0.105056142816,0.157827138689,0.210729740208,0.263703235816,
    0.316673593925,0.369567354274,0.422325530646,0.474917777959,
    0.52735694777,0.57971823004,0.632142347135,0.684734332274,
    0.737455393694,0.790192360737,0.842823921577,0.89528663,
0.947644996011,1.),.UNSPECIFIED.) GEOMETRIC_REPRESENTATION_ITEM() 
RATIONAL_B_SPLINE_SURFACE((
    (1.,1.000000000036,0.999999999983,1.000000000004,0.999999999999,1.
      ,1.,1.,1.,1.,1.,1.,1.,1.,1.,1.,1.,1.000000000002,0.999999999994
      ,1.000000000024,0.999999999949,1.)
    ,(1.,1.000000000036,0.999999999983,1.000000000004,0.999999999999,1.
      ,1.,1.,1.,1.,1.,1.,1.,1.,1.,1.,1.,1.000000000002,0.999999999994
,1.000000000024,0.999999999949,1.
  ))) REPRESENTATION_ITEM('') SURFACE() );
#8807 = CARTESIAN_POINT('',(3.107447401925,408.89937137394,
    6.814505583744));
#8808 = CARTESIAN_POINT('',(4.488906926344,408.97178894881,
    6.827117365546));
#8809 = CARTESIAN_POINT('',(7.248117039512,409.21341793506,
    6.868039947231));
#8810 = CARTESIAN_POINT('',(11.344949712051,409.86279062787,
    6.966725204789));
#8811 = CARTESIAN_POINT('',(15.384906212609,410.79592885109,
    7.093297169762));
#8812 = CARTESIAN_POINT('',(19.348955928079,412.00816678384,
    7.238313372751));
#8813 = CARTESIAN_POINT('',(23.218381312493,413.49360394348,
    7.392343665989));
#8814 = CARTESIAN_POINT('',(26.974871562383,415.24515790653,
    7.546014207153));
#8815 = CARTESIAN_POINT('',(30.600606394679,417.2545853444,
    7.689780898614));
#8816 = CARTESIAN_POINT('',(34.078343770463,419.51252882364,
    7.814719798332));
#8817 = CARTESIAN_POINT('',(37.391473115344,422.00855355824,
    7.909532405846));
#8818 = CARTESIAN_POINT('',(40.524205531035,424.73129200694,
    7.971615871233));
#8819 = CARTESIAN_POINT('',(43.461229234185,427.66823965751,
    7.965807447346));
#8820 = CARTESIAN_POINT('',(46.184998651946,430.80220905673,
    8.01920595246));
#8821 = CARTESIAN_POINT('',(48.679614965346,434.11352934856,
    8.117168952623));
#8822 = CARTESIAN_POINT('',(50.935933654154,437.58835771608,
    8.237610501295));
#8823 = CARTESIAN_POINT('',(52.944506811662,441.21164743035,
    8.360649195883));
#8824 = CARTESIAN_POINT('',(54.696658366469,444.96804695944,
    8.465898261032));
#8825 = CARTESIAN_POINT('',(56.184413451532,448.84251571002,
    8.532874522461));
#8826 = CARTESIAN_POINT('',(57.39878688595,452.81378139779,
    8.541311941985));
#8827 = CARTESIAN_POINT('',(58.019967430681,455.50651436737,
    8.519186385913));
#8828 = CARTESIAN_POINT('',(58.284114017205,456.86371589951,8.534375));
#8829 = CARTESIAN_POINT('',(3.038756459356,410.21007263831,
    6.829373807081));
#8830 = CARTESIAN_POINT('',(4.389678458191,410.28088940648,
    6.854912665233));
#8831 = CARTESIAN_POINT('',(7.087895504607,410.51717711622,
    6.937780893141));
#8832 = CARTESIAN_POINT('',(11.094166613246,411.15219525645,
    7.137618539698));
#8833 = CARTESIAN_POINT('',(15.044818812094,412.06470621324,
    7.393926768768));
#8834 = CARTESIAN_POINT('',(18.921242165465,413.25014730759,
    7.687584579822));
#8835 = CARTESIAN_POINT('',(22.705132883478,414.70274848788,
    7.999495923627));
#8836 = CARTESIAN_POINT('',(26.378584927847,416.41558388965,
    8.310678769484));
#8837 = CARTESIAN_POINT('',(29.924171937533,418.38059240521,
    8.601806319693));
#8838 = CARTESIAN_POINT('',(33.325033013432,420.58862344964,
    8.854807591622));
#8839 = CARTESIAN_POINT('',(36.564924762268,423.02947290064,
    9.046803121838));
#8840 = CARTESIAN_POINT('',(39.628407303507,425.69202449942,
    9.172522139247));
#8841 = CARTESIAN_POINT('',(42.500507324798,428.5640501493,
    9.160760080875));
#8842 = CARTESIAN_POINT('',(45.164067102798,431.62874233022,
    9.268892053731));
#8843 = CARTESIAN_POINT('',(47.60353926611,434.86686501559,
    9.467267129063));
#8844 = CARTESIAN_POINT('',(49.809981436543,438.26488138763,
    9.711161265123));
#8845 = CARTESIAN_POINT('',(51.7741545558,441.80807732919,9.960314621666
    ));
#8846 = CARTESIAN_POINT('',(53.487574339515,445.48144065847,
    10.173443978583));
#8847 = CARTESIAN_POINT('',(54.942442206462,449.27026325659,
    10.309070908008));
#8848 = CARTESIAN_POINT('',(56.129971598203,453.15374307548,
    10.326156682431));
#8849 = CARTESIAN_POINT('',(56.737420779388,455.78695246368,
    10.281352431666));
#8850 = CARTESIAN_POINT('',(56.99572833893,457.11415270594,10.312109375)
  );
#8851 = DEFINITIONAL_REPRESENTATION('',(#8852),#8858);
#8852 = B_SPLINE_CURVE_WITH_KNOTS('',4,(#8853,#8854,#8855,#8856,#8857),
  .UNSPECIFIED.,.F.,.F.,(5,5),(0.,1.),.PIECEWISE_BEZIER_KNOTS.);
#8853 = CARTESIAN_POINT('',(5.,0.214939745118));
#8854 = CARTESIAN_POINT('',(4.750640548636,0.218934804742));
#8855 = CARTESIAN_POINT('',(4.500759167512,0.222852468692));
#8856 = CARTESIAN_POINT('',(4.250505139494,0.226694286874));
#8857 = CARTESIAN_POINT('',(4.,0.230462173536));
#8858 = ( GEOMETRIC_REPRESENTATION_CONTEXT(2) 
PARAMETRIC_REPRESENTATION_CONTEXT() REPRESENTATION_CONTEXT('2D SPACE',''
  ) );
#8859 = ORIENTED_EDGE('',*,*,#8860,.F.);
#8860 = EDGE_CURVE('',#8861,#8787,#8863,.T.);
#8861 = VERTEX_POINT('',#8862);
#8862 = CARTESIAN_POINT('',(17.599813186364,414.24108554755,
    8.096277805206));
#8863 = SURFACE_CURVE('',#8864,(#8871,#8881),.PCURVE_S1.);
#8864 = B_SPLINE_CURVE_WITH_KNOTS('',5,(#8865,#8866,#8867,#8868,#8869,
    #8870),.UNSPECIFIED.,.F.,.F.,(6,6),(0.,1.),
  .PIECEWISE_BEZIER_KNOTS.);
#8865 = CARTESIAN_POINT('',(17.599813186364,414.24108554755,
    8.096277805206));
#8866 = CARTESIAN_POINT('',(17.923788556099,414.07153546923,
    8.031762344135));
#8867 = CARTESIAN_POINT('',(18.246631658975,413.90257795428,
    7.96122900013));
#8868 = CARTESIAN_POINT('',(18.568273174579,413.734249281,7.884769474702
    ));
#8869 = CARTESIAN_POINT('',(18.888654761957,413.56657998171,
    7.802504556637));
#8870 = CARTESIAN_POINT('',(19.207727191193,413.39959582051,
    7.714573346496));
#8871 = PCURVE('',#8558,#8872);
#8872 = DEFINITIONAL_REPRESENTATION('',(#8873),#8880);
#8873 = B_SPLINE_CURVE_WITH_KNOTS('',5,(#8874,#8875,#8876,#8877,#8878,
    #8879),.UNSPECIFIED.,.F.,.F.,(6,6),(0.,1.),
  .PIECEWISE_BEZIER_KNOTS.);
#8874 = CARTESIAN_POINT('',(8.486230227816,-8.096277805206));
#8875 = CARTESIAN_POINT('',(8.851890273832,-8.031762344135));
#8876 = CARTESIAN_POINT('',(9.216272368528,-7.96122900013));
#8877 = CARTESIAN_POINT('',(9.579298272295,-7.884769474702));
#8878 = CARTESIAN_POINT('',(9.940902137673,-7.802504556637));
#8879 = CARTESIAN_POINT('',(10.301028400519,-7.714573346496));
#8880 = ( GEOMETRIC_REPRESENTATION_CONTEXT(2) 
PARAMETRIC_REPRESENTATION_CONTEXT() REPRESENTATION_CONTEXT('2D SPACE',''
  ) );
#8881 = PCURVE('',#8882,#8927);
#8882 = ( BOUNDED_SURFACE() B_SPLINE_SURFACE(1,3,(
    (#8883,#8884,#8885,#8886,#8887,#8888,#8889,#8890,#8891,#8892,#8893
      ,#8894,#8895,#8896,#8897,#8898,#8899,#8900,#8901,#8902,#8903,#8904
      )
    ,(#8905,#8906,#8907,#8908,#8909,#8910,#8911,#8912,#8913,#8914,#8915
      ,#8916,#8917,#8918,#8919,#8920,#8921,#8922,#8923,#8924,#8925,#8926
)),.UNSPECIFIED.,.F.,.F.,.F.) B_SPLINE_SURFACE_WITH_KNOTS((2,2),(4,1,1,1
    ,1,1,1,1,1,1,1,1,1,1,1,1,1,1,1,4),(5.,6.),(0.,5.245000615645E-02,
    0.105056142816,0.157827138689,0.210729740208,0.263703235816,
    0.316673593925,0.369567354274,0.422325530646,0.474917777959,
    0.52735694777,0.57971823004,0.632142347135,0.684734332274,
    0.737455393694,0.790192360737,0.842823921577,0.89528663,
0.947644996011,1.),.UNSPECIFIED.) GEOMETRIC_REPRESENTATION_ITEM() 
RATIONAL_B_SPLINE_SURFACE((
    (1.,1.000000000036,0.999999999983,1.000000000004,0.999999999999,1.
      ,1.,1.,1.,1.,1.,1.,1.,1.,1.,1.,1.,1.000000000002,0.999999999994
      ,1.000000000024,0.999999999949,1.)
    ,(1.,1.000000000036,0.999999999983,1.000000000004,0.999999999999,1.
      ,1.,1.,1.,1.,1.,1.,1.,1.,1.,1.,1.,1.000000000002,0.999999999994
,1.000000000024,0.999999999949,1.
  ))) REPRESENTATION_ITEM('') SURFACE() );
#8883 = CARTESIAN_POINT('',(3.038756459356,410.21007263831,
    6.829373807081));
#8884 = CARTESIAN_POINT('',(4.389678458191,410.28088940648,
    6.854912665233));
#8885 = CARTESIAN_POINT('',(7.087895504607,410.51717711622,
    6.937780893141));
#8886 = CARTESIAN_POINT('',(11.094166613246,411.15219525645,
    7.137618539698));
#8887 = CARTESIAN_POINT('',(15.044818812094,412.06470621324,
    7.393926768768));
#8888 = CARTESIAN_POINT('',(18.921242165465,413.25014730759,
    7.687584579822));
#8889 = CARTESIAN_POINT('',(22.705132883478,414.70274848788,
    7.999495923627));
#8890 = CARTESIAN_POINT('',(26.378584927847,416.41558388965,
    8.310678769484));
#8891 = CARTESIAN_POINT('',(29.924171937533,418.38059240521,
    8.601806319693));
#8892 = CARTESIAN_POINT('',(33.325033013432,420.58862344964,
    8.854807591622));
#8893 = CARTESIAN_POINT('',(36.564924762268,423.02947290064,
    9.046803121838));
#8894 = CARTESIAN_POINT('',(39.628407303507,425.69202449942,
    9.172522139247));
#8895 = CARTESIAN_POINT('',(42.500507324798,428.5640501493,
    9.160760080875));
#8896 = CARTESIAN_POINT('',(45.164067102798,431.62874233022,
    9.268892053731));
#8897 = CARTESIAN_POINT('',(47.60353926611,434.86686501559,
    9.467267129063));
#8898 = CARTESIAN_POINT('',(49.809981436543,438.26488138763,
    9.711161265123));
#8899 = CARTESIAN_POINT('',(51.7741545558,441.80807732919,9.960314621666
    ));
#8900 = CARTESIAN_POINT('',(53.487574339515,445.48144065847,
    10.173443978583));
#8901 = CARTESIAN_POINT('',(54.942442206462,449.27026325659,
    10.309070908008));
#8902 = CARTESIAN_POINT('',(56.129971598203,453.15374307548,
    10.326156682431));
#8903 = CARTESIAN_POINT('',(56.737420779388,455.78695246368,
    10.281352431666));
#8904 = CARTESIAN_POINT('',(56.99572833893,457.11415270594,10.312109375)
  );
#8905 = CARTESIAN_POINT('',(2.970065516787,411.52077390267,6.84641786798
    ));
#8906 = CARTESIAN_POINT('',(4.290449988536,411.58998987199,
    6.886775569872));
#8907 = CARTESIAN_POINT('',(6.927673970402,411.82093629373,7.01772783108
    ));
#8908 = CARTESIAN_POINT('',(10.843383514253,412.44159988602,
    7.333520655341));
#8909 = CARTESIAN_POINT('',(14.704731411631,413.33348357511,
    7.738550943235));
#8910 = CARTESIAN_POINT('',(18.493528402838,414.49212783142,
    8.202602792806));
#8911 = CARTESIAN_POINT('',(22.191884454467,415.91189303226,
    8.695499731164));
#8912 = CARTESIAN_POINT('',(25.782298293309,417.58600987278,
    9.187245462889));
#8913 = CARTESIAN_POINT('',(29.247737480388,419.50659946602,
    9.647298875565));
#8914 = CARTESIAN_POINT('',(32.5717222564,421.66471807565,
    10.047103354662));
#8915 = CARTESIAN_POINT('',(35.738376409192,424.05039224303,
    10.350503698707));
#8916 = CARTESIAN_POINT('',(38.732609075979,426.6527569919,
    10.549170787945));
#8917 = CARTESIAN_POINT('',(41.53978541541,429.45986064108,
    10.530583831506));
#8918 = CARTESIAN_POINT('',(44.14313555365,432.4552756037,
    10.701459047871));
#8919 = CARTESIAN_POINT('',(46.527463566877,435.62020068261,
    11.014940648395));
#8920 = CARTESIAN_POINT('',(48.684029218924,438.94140505921,
    11.400353604145));
#8921 = CARTESIAN_POINT('',(50.603802299967,442.40450722796,
    11.794077426828));
#8922 = CARTESIAN_POINT('',(52.278490312452,445.99483435779,
    12.130874435299));
#8923 = CARTESIAN_POINT('',(53.700470961798,449.69801080209,
    12.345198471884));
#8924 = CARTESIAN_POINT('',(54.861156308945,453.49370475715,
    12.372198214322));
#8925 = CARTESIAN_POINT('',(55.454874131353,456.06739055137,
    12.30139643499));
#8926 = CARTESIAN_POINT('',(55.707342660655,457.36458951238,12.35));
#8927 = DEFINITIONAL_REPRESENTATION('',(#8928),#8934);
#8928 = B_SPLINE_CURVE_WITH_KNOTS('',4,(#8929,#8930,#8931,#8932,#8933),
  .UNSPECIFIED.,.F.,.F.,(5,5),(0.,1.),.PIECEWISE_BEZIER_KNOTS.);
#8929 = CARTESIAN_POINT('',(6.,0.198381314221));
#8930 = CARTESIAN_POINT('',(5.75079569537,0.202646811257));
#8931 = CARTESIAN_POINT('',(5.50092799654,0.206827624817));
#8932 = CARTESIAN_POINT('',(5.25060480094,0.210924731809));
#8933 = CARTESIAN_POINT('',(5.,0.214939745118));
#8934 = ( GEOMETRIC_REPRESENTATION_CONTEXT(2) 
PARAMETRIC_REPRESENTATION_CONTEXT() REPRESENTATION_CONTEXT('2D SPACE',''
  ) );
#8935 = ORIENTED_EDGE('',*,*,#8936,.F.);
#8936 = EDGE_CURVE('',#8937,#8861,#8939,.T.);
#8937 = VERTEX_POINT('',#8938);
#8938 = CARTESIAN_POINT('',(15.956006733796,415.10135931775,
    8.359545558491));
#8939 = SURFACE_CURVE('',#8940,(#8947,#8957),.PCURVE_S1.);
#8940 = B_SPLINE_CURVE_WITH_KNOTS('',5,(#8941,#8942,#8943,#8944,#8945,
    #8946),.UNSPECIFIED.,.F.,.F.,(6,6),(0.,1.),
  .PIECEWISE_BEZIER_KNOTS.);
#8941 = CARTESIAN_POINT('',(15.956006733796,415.10135931775,
    8.359545558491));
#8942 = CARTESIAN_POINT('',(16.28676452382,414.92825971067,
    8.319396533731));
#8943 = CARTESIAN_POINT('',(16.616606025125,414.75563963642,
    8.272955219658));
#8944 = CARTESIAN_POINT('',(16.945445526962,414.58354395107,
    8.22024134134));
#8945 = CARTESIAN_POINT('',(17.273205099014,414.41201343887,
    8.161317537579));
#8946 = CARTESIAN_POINT('',(17.599813186364,414.24108554755,
    8.096277805206));
#8947 = PCURVE('',#8558,#8948);
#8948 = DEFINITIONAL_REPRESENTATION('',(#8949),#8956);
#8949 = B_SPLINE_CURVE_WITH_KNOTS('',5,(#8950,#8951,#8952,#8953,#8954,
    #8955),.UNSPECIFIED.,.F.,.F.,(6,6),(0.,1.),
  .PIECEWISE_BEZIER_KNOTS.);
#8950 = CARTESIAN_POINT('',(6.630921462896,-8.359545558491));
#8951 = CARTESIAN_POINT('',(7.004236597375,-8.319396533731));
#8952 = CARTESIAN_POINT('',(7.376517547756,-8.272955219658));
#8953 = CARTESIAN_POINT('',(7.747667575216,-8.22024134134));
#8954 = CARTESIAN_POINT('',(8.117598722442,-8.161317537579));
#8955 = CARTESIAN_POINT('',(8.486230227816,-8.096277805206));
#8956 = ( GEOMETRIC_REPRESENTATION_CONTEXT(2) 
PARAMETRIC_REPRESENTATION_CONTEXT() REPRESENTATION_CONTEXT('2D SPACE',''
  ) );
#8957 = PCURVE('',#8958,#9003);
#8958 = ( BOUNDED_SURFACE() B_SPLINE_SURFACE(1,3,(
    (#8959,#8960,#8961,#8962,#8963,#8964,#8965,#8966,#8967,#8968,#8969
      ,#8970,#8971,#8972,#8973,#8974,#8975,#8976,#8977,#8978,#8979,#8980
      )
    ,(#8981,#8982,#8983,#8984,#8985,#8986,#8987,#8988,#8989,#8990,#8991
      ,#8992,#8993,#8994,#8995,#8996,#8997,#8998,#8999,#9000,#9001,#9002
)),.UNSPECIFIED.,.F.,.F.,.F.) B_SPLINE_SURFACE_WITH_KNOTS((2,2),(4,1,1,1
    ,1,1,1,1,1,1,1,1,1,1,1,1,1,1,1,4),(6.,7.),(0.,5.245000615645E-02,
    0.105056142816,0.157827138689,0.210729740208,0.263703235816,
    0.316673593925,0.369567354274,0.422325530646,0.474917777959,
    0.52735694777,0.57971823004,0.632142347135,0.684734332274,
    0.737455393694,0.790192360737,0.842823921577,0.89528663,
0.947644996011,1.),.UNSPECIFIED.) GEOMETRIC_REPRESENTATION_ITEM() 
RATIONAL_B_SPLINE_SURFACE((
    (1.,1.000000000036,0.999999999983,1.000000000004,0.999999999999,1.
      ,1.,1.,1.,1.,1.,1.,1.,1.,1.,1.,1.,1.000000000002,0.999999999994
      ,1.000000000024,0.999999999949,1.)
    ,(1.,1.000000000036,0.999999999983,1.000000000004,0.999999999999,1.
      ,1.,1.,1.,1.,1.,1.,1.,1.,1.,1.,1.,1.000000000002,0.999999999994
,1.000000000024,0.999999999949,1.
  ))) REPRESENTATION_ITEM('') SURFACE() );
#8959 = CARTESIAN_POINT('',(2.970065516787,411.52077390267,6.84641786798
    ));
#8960 = CARTESIAN_POINT('',(4.290449988536,411.58998987199,
    6.886775569872));
#8961 = CARTESIAN_POINT('',(6.927673970402,411.82093629373,7.01772783108
    ));
#8962 = CARTESIAN_POINT('',(10.843383514253,412.44159988602,
    7.333520655341));
#8963 = CARTESIAN_POINT('',(14.704731411631,413.33348357511,
    7.738550943235));
#8964 = CARTESIAN_POINT('',(18.493528402838,414.49212783142,
    8.202602792806));
#8965 = CARTESIAN_POINT('',(22.191884454467,415.91189303226,
    8.695499731164));
#8966 = CARTESIAN_POINT('',(25.782298293309,417.58600987278,
    9.187245462889));
#8967 = CARTESIAN_POINT('',(29.247737480388,419.50659946602,
    9.647298875565));
#8968 = CARTESIAN_POINT('',(32.5717222564,421.66471807565,
    10.047103354662));
#8969 = CARTESIAN_POINT('',(35.738376409192,424.05039224303,
    10.350503698707));
#8970 = CARTESIAN_POINT('',(38.732609075979,426.6527569919,
    10.549170787945));
#8971 = CARTESIAN_POINT('',(41.53978541541,429.45986064108,
    10.530583831506));
#8972 = CARTESIAN_POINT('',(44.14313555365,432.4552756037,
    10.701459047871));
#8973 = CARTESIAN_POINT('',(46.527463566877,435.62020068261,
    11.014940648395));
#8974 = CARTESIAN_POINT('',(48.684029218924,438.94140505921,
    11.400353604145));
#8975 = CARTESIAN_POINT('',(50.603802299967,442.40450722796,
    11.794077426828));
#8976 = CARTESIAN_POINT('',(52.278490312452,445.99483435779,
    12.130874435299));
#8977 = CARTESIAN_POINT('',(53.700470961798,449.69801080209,
    12.345198471884));
#8978 = CARTESIAN_POINT('',(54.861156308945,453.49370475715,
    12.372198214322));
#8979 = CARTESIAN_POINT('',(55.454874131353,456.06739055137,
    12.30139643499));
#8980 = CARTESIAN_POINT('',(55.707342660655,457.36458951238,12.35));
#8981 = CARTESIAN_POINT('',(2.901374574218,412.83147516704,
    6.863461928879));
#8982 = CARTESIAN_POINT('',(4.19122151976,412.89909031765,6.918638474455
    ));
#8983 = CARTESIAN_POINT('',(6.767452435788,413.12469548048,
    7.097674769045));
#8984 = CARTESIAN_POINT('',(10.592600415371,413.7310045131,
    7.529422770977));
#8985 = CARTESIAN_POINT('',(14.364644011137,414.60226093766,
    8.083175117703));
#8986 = CARTESIAN_POINT('',(18.065814640218,415.73410835506,
    8.717621005789));
#8987 = CARTESIAN_POINT('',(21.678636025454,417.12103757669,9.3915035387
    ));
#8988 = CARTESIAN_POINT('',(25.186011658772,418.75643585589,
    10.063812156293));
#8989 = CARTESIAN_POINT('',(28.571303023242,420.63260652682,
    10.692791431436));
#8990 = CARTESIAN_POINT('',(31.818411499369,422.74081270165,
    11.239399117702));
#8991 = CARTESIAN_POINT('',(34.911828056116,425.07131158543,
    11.654204275576));
#8992 = CARTESIAN_POINT('',(37.836810848451,427.61348948438,
    11.925819436644));
#8993 = CARTESIAN_POINT('',(40.579063506023,430.35567113286,
    11.900407582137));
#8994 = CARTESIAN_POINT('',(43.122204004501,433.28180887718,
    12.134026042011));
#8995 = CARTESIAN_POINT('',(45.451387867643,436.37353634965,
    12.562614167727));
#8996 = CARTESIAN_POINT('',(47.558077001306,439.61792873074,
    13.089545943168));
#8997 = CARTESIAN_POINT('',(49.43345004413,443.00093712691,
    13.627840231988));
#8998 = CARTESIAN_POINT('',(51.069406285406,446.5082280564,
    14.088304892023));
#8999 = CARTESIAN_POINT('',(52.458499717073,450.12575835021,
    14.381326035733));
#9000 = CARTESIAN_POINT('',(53.592341019912,453.83366642908,
    14.418239746313));
#9001 = CARTESIAN_POINT('',(54.172327482831,456.3478286601,
    14.321440438096));
#9002 = CARTESIAN_POINT('',(54.41895698238,457.61502631881,14.387890625)
  );
#9003 = DEFINITIONAL_REPRESENTATION('',(#9004),#9010);
#9004 = B_SPLINE_CURVE_WITH_KNOTS('',4,(#9005,#9006,#9007,#9008,#9009),
  .UNSPECIFIED.,.F.,.F.,(5,5),(0.,1.),.PIECEWISE_BEZIER_KNOTS.);
#9005 = CARTESIAN_POINT('',(7.,0.180661068979));
#9006 = CARTESIAN_POINT('',(6.751453771276,0.185221668693));
#9007 = CARTESIAN_POINT('',(6.501785310117,0.189694931949));
#9008 = CARTESIAN_POINT('',(6.251229407419,0.194081155005));
#9009 = CARTESIAN_POINT('',(6.,0.198381314221));
#9010 = ( GEOMETRIC_REPRESENTATION_CONTEXT(2) 
PARAMETRIC_REPRESENTATION_CONTEXT() REPRESENTATION_CONTEXT('2D SPACE',''
  ) );
#9011 = ORIENTED_EDGE('',*,*,#9012,.F.);
#9012 = EDGE_CURVE('',#9013,#8937,#9015,.T.);
#9013 = VERTEX_POINT('',#9014);
#9014 = CARTESIAN_POINT('',(14.270885458436,415.98325489038,
    8.452522164345));
#9015 = SURFACE_CURVE('',#9016,(#9023,#9033),.PCURVE_S1.);
#9016 = B_SPLINE_CURVE_WITH_KNOTS('',5,(#9017,#9018,#9019,#9020,#9021,
    #9022),.UNSPECIFIED.,.F.,.F.,(6,6),(0.,1.),
  .PIECEWISE_BEZIER_KNOTS.);
#9017 = CARTESIAN_POINT('',(14.270885458436,415.98325489038,
    8.452522164345));
#9018 = CARTESIAN_POINT('',(14.609187976052,415.80620680675,
    8.445196305508));
#9019 = CARTESIAN_POINT('',(14.946918332105,415.62945815957,8.4323000856
    ));
#9020 = CARTESIAN_POINT('',(15.284009993397,415.4530437685,8.4137467274)
  );
#9021 = CARTESIAN_POINT('',(15.620395622905,415.27699887387,
    8.389495858942));
#9022 = CARTESIAN_POINT('',(15.956006733796,415.10135931775,
    8.359545558491));
#9023 = PCURVE('',#8558,#9024);
#9024 = DEFINITIONAL_REPRESENTATION('',(#9025),#9032);
#9025 = B_SPLINE_CURVE_WITH_KNOTS('',5,(#9026,#9027,#9028,#9029,#9030,
    #9031),.UNSPECIFIED.,.F.,.F.,(6,6),(0.,1.),
  .PIECEWISE_BEZIER_KNOTS.);
#9026 = CARTESIAN_POINT('',(4.728982054369,-8.452522164345));
#9027 = CARTESIAN_POINT('',(5.110812667789,-8.445196305508));
#9028 = CARTESIAN_POINT('',(5.491997501798,-8.4323000856));
#9029 = CARTESIAN_POINT('',(5.872461462624,-8.4137467274));
#9030 = CARTESIAN_POINT('',(6.252128549249,-8.389495858942));
#9031 = CARTESIAN_POINT('',(6.630921462896,-8.359545558491));
#9032 = ( GEOMETRIC_REPRESENTATION_CONTEXT(2) 
PARAMETRIC_REPRESENTATION_CONTEXT() REPRESENTATION_CONTEXT('2D SPACE',''
  ) );
#9033 = PCURVE('',#9034,#9079);
#9034 = ( BOUNDED_SURFACE() B_SPLINE_SURFACE(1,3,(
    (#9035,#9036,#9037,#9038,#9039,#9040,#9041,#9042,#9043,#9044,#9045
      ,#9046,#9047,#9048,#9049,#9050,#9051,#9052,#9053,#9054,#9055,#9056
      )
    ,(#9057,#9058,#9059,#9060,#9061,#9062,#9063,#9064,#9065,#9066,#9067
      ,#9068,#9069,#9070,#9071,#9072,#9073,#9074,#9075,#9076,#9077,#9078
)),.UNSPECIFIED.,.F.,.F.,.F.) B_SPLINE_SURFACE_WITH_KNOTS((2,2),(4,1,1,1
    ,1,1,1,1,1,1,1,1,1,1,1,1,1,1,1,4),(7.,8.),(0.,5.245000615645E-02,
    0.105056142816,0.157827138689,0.210729740208,0.263703235816,
    0.316673593925,0.369567354274,0.422325530646,0.474917777959,
    0.52735694777,0.57971823004,0.632142347135,0.684734332274,
    0.737455393694,0.790192360737,0.842823921577,0.89528663,
0.947644996011,1.),.UNSPECIFIED.) GEOMETRIC_REPRESENTATION_ITEM() 
RATIONAL_B_SPLINE_SURFACE((
    (1.,1.000000000036,0.999999999983,1.000000000004,0.999999999999,1.
      ,1.,1.,1.,1.,1.,1.,1.,1.,1.,1.,1.,1.000000000002,0.999999999994
      ,1.000000000024,0.999999999949,1.)
    ,(1.,1.000000000036,0.999999999983,1.000000000004,0.999999999999,1.
      ,1.,1.,1.,1.,1.,1.,1.,1.,1.,1.,1.,1.000000000002,0.999999999994
,1.000000000024,0.999999999949,1.
  ))) REPRESENTATION_ITEM('') SURFACE() );
#9035 = CARTESIAN_POINT('',(2.901374574218,412.83147516704,
    6.863461928879));
#9036 = CARTESIAN_POINT('',(4.19122151976,412.89909031765,6.918638474455
    ));
#9037 = CARTESIAN_POINT('',(6.767452435788,413.12469548048,
    7.097674769045));
#9038 = CARTESIAN_POINT('',(10.592600415371,413.7310045131,
    7.529422770977));
#9039 = CARTESIAN_POINT('',(14.364644011137,414.60226093766,
    8.083175117703));
#9040 = CARTESIAN_POINT('',(18.065814640218,415.73410835506,
    8.717621005789));
#9041 = CARTESIAN_POINT('',(21.678636025454,417.12103757669,9.3915035387
    ));
#9042 = CARTESIAN_POINT('',(25.186011658772,418.75643585589,
    10.063812156293));
#9043 = CARTESIAN_POINT('',(28.571303023242,420.63260652682,
    10.692791431436));
#9044 = CARTESIAN_POINT('',(31.818411499369,422.74081270165,
    11.239399117702));
#9045 = CARTESIAN_POINT('',(34.911828056116,425.07131158543,
    11.654204275576));
#9046 = CARTESIAN_POINT('',(37.836810848451,427.61348948438,
    11.925819436644));
#9047 = CARTESIAN_POINT('',(40.579063506023,430.35567113286,
    11.900407582137));
#9048 = CARTESIAN_POINT('',(43.122204004501,433.28180887718,
    12.134026042011));
#9049 = CARTESIAN_POINT('',(45.451387867643,436.37353634965,
    12.562614167727));
#9050 = CARTESIAN_POINT('',(47.558077001306,439.61792873074,
    13.089545943168));
#9051 = CARTESIAN_POINT('',(49.43345004413,443.00093712691,
    13.627840231988));
#9052 = CARTESIAN_POINT('',(51.069406285406,446.5082280564,
    14.088304892023));
#9053 = CARTESIAN_POINT('',(52.458499717073,450.12575835021,
    14.381326035733));
#9054 = CARTESIAN_POINT('',(53.592341019912,453.83366642908,
    14.418239746313));
#9055 = CARTESIAN_POINT('',(54.172327482831,456.3478286601,
    14.321440438096));
#9056 = CARTESIAN_POINT('',(54.41895698238,457.61502631881,14.387890625)
  );
#9057 = CARTESIAN_POINT('',(2.832683631649,414.1421764314,6.878330152216
    ));
#9058 = CARTESIAN_POINT('',(4.09199305038,414.20819077876,6.946433774169
    ));
#9059 = CARTESIAN_POINT('',(6.607230901454,414.42845466004,
    7.167415714943));
#9060 = CARTESIAN_POINT('',(10.341817316412,415.02040914211,
    7.700316105889));
#9061 = CARTESIAN_POINT('',(14.024556610664,415.87103829969,
    8.383804716709));
#9062 = CARTESIAN_POINT('',(17.638100877593,416.97608887884,
    9.166892212859));
#9063 = CARTESIAN_POINT('',(21.165387596442,418.33018212108,
    9.998655796339));
#9064 = CARTESIAN_POINT('',(24.589725024235,419.92686183901,
    10.828476718625));
#9065 = CARTESIAN_POINT('',(27.894868566097,421.75861358763,
    11.604816852515));
#9066 = CARTESIAN_POINT('',(31.065100742338,423.81690732765,
    12.279486910992));
#9067 = CARTESIAN_POINT('',(34.08527970304,426.09223092783,
    12.791474991568));
#9068 = CARTESIAN_POINT('',(36.941012620923,428.57422197686,
    13.126725704658));
#9069 = CARTESIAN_POINT('',(39.618341596636,431.25148162464,
    13.095360215667));
#9070 = CARTESIAN_POINT('',(42.101272455353,434.10834215067,
    13.383712143282));
#9071 = CARTESIAN_POINT('',(44.375312168409,437.12687201668,
    13.912712344166));
#9072 = CARTESIAN_POINT('',(46.432124783686,440.29445240227,
    14.563096706996));
#9073 = CARTESIAN_POINT('',(48.2630977883,443.59736702583,
    15.227505657766));
#9074 = CARTESIAN_POINT('',(49.860322258331,447.02162175516,
    15.795850609587));
#9075 = CARTESIAN_POINT('',(51.216528472452,450.55350589781,
    16.157522421233));
#9076 = CARTESIAN_POINT('',(52.32352573049,454.17362810294,
    16.203084486934));
#9077 = CARTESIAN_POINT('',(52.889780835147,456.62826676463,
    16.083606483474));
#9078 = CARTESIAN_POINT('',(53.130571304105,457.86546312524,16.165625));
#9079 = DEFINITIONAL_REPRESENTATION('',(#9080),#9085);
#9080 = B_SPLINE_CURVE_WITH_KNOTS('',3,(#9081,#9082,#9083,#9084),
  .UNSPECIFIED.,.F.,.F.,(4,4),(0.,1.),.PIECEWISE_BEZIER_KNOTS.);
#9081 = CARTESIAN_POINT('',(8.,0.161627849402));
#9082 = CARTESIAN_POINT('',(7.669865032745,0.168147329928));
#9083 = CARTESIAN_POINT('',(7.336257908242,0.174491064667));
#9084 = CARTESIAN_POINT('',(7.,0.180661068979));
#9085 = ( GEOMETRIC_REPRESENTATION_CONTEXT(2) 
PARAMETRIC_REPRESENTATION_CONTEXT() REPRESENTATION_CONTEXT('2D SPACE',''
  ) );
#9086 = ORIENTED_EDGE('',*,*,#9087,.F.);
#9087 = EDGE_CURVE('',#9088,#9013,#9090,.T.);
#9088 = VERTEX_POINT('',#9089);
#9089 = CARTESIAN_POINT('',(12.537693660718,416.89030781013,
    8.356756567764));
#9090 = SURFACE_CURVE('',#9091,(#9097,#9106),.PCURVE_S1.);
#9091 = B_SPLINE_CURVE_WITH_KNOTS('',4,(#9092,#9093,#9094,#9095,#9096),
  .UNSPECIFIED.,.F.,.F.,(5,5),(0.,1.),.PIECEWISE_BEZIER_KNOTS.);
#9092 = CARTESIAN_POINT('',(12.537693660718,416.89030781013,
    8.356756567764));
#9093 = CARTESIAN_POINT('',(12.971970991111,416.66303202851,
    8.390433425185));
#9094 = CARTESIAN_POINT('',(13.405626017345,416.43608192511,
    8.417871593089));
#9095 = CARTESIAN_POINT('',(13.838621161993,416.20947716579,
    8.438646705963));
#9096 = CARTESIAN_POINT('',(14.270885458436,415.98325489038,
    8.452522164345));
#9097 = PCURVE('',#8558,#9098);
#9098 = DEFINITIONAL_REPRESENTATION('',(#9099),#9105);
#9099 = B_SPLINE_CURVE_WITH_KNOTS('',4,(#9100,#9101,#9102,#9103,#9104),
  .UNSPECIFIED.,.F.,.F.,(5,5),(0.,1.),.PIECEWISE_BEZIER_KNOTS.);
#9100 = CARTESIAN_POINT('',(2.77278707255,-8.356756567764));
#9101 = CARTESIAN_POINT('',(3.262941212184,-8.390433425185));
#9102 = CARTESIAN_POINT('',(3.752392978156,-8.417871593089));
#9103 = CARTESIAN_POINT('',(4.241099958092,-8.438646705963));
#9104 = CARTESIAN_POINT('',(4.728982054369,-8.452522164345));
#9105 = ( GEOMETRIC_REPRESENTATION_CONTEXT(2) 
PARAMETRIC_REPRESENTATION_CONTEXT() REPRESENTATION_CONTEXT('2D SPACE',''
  ) );
#9106 = PCURVE('',#9107,#9152);
#9107 = ( BOUNDED_SURFACE() B_SPLINE_SURFACE(1,3,(
    (#9108,#9109,#9110,#9111,#9112,#9113,#9114,#9115,#9116,#9117,#9118
      ,#9119,#9120,#9121,#9122,#9123,#9124,#9125,#9126,#9127,#9128,#9129
      )
    ,(#9130,#9131,#9132,#9133,#9134,#9135,#9136,#9137,#9138,#9139,#9140
      ,#9141,#9142,#9143,#9144,#9145,#9146,#9147,#9148,#9149,#9150,#9151
)),.UNSPECIFIED.,.F.,.F.,.F.) B_SPLINE_SURFACE_WITH_KNOTS((2,2),(4,1,1,1
    ,1,1,1,1,1,1,1,1,1,1,1,1,1,1,1,4),(8.,9.),(0.,5.245000615645E-02,
    0.105056142816,0.157827138689,0.210729740208,0.263703235816,
    0.316673593925,0.369567354274,0.422325530646,0.474917777959,
    0.52735694777,0.57971823004,0.632142347135,0.684734332274,
    0.737455393694,0.790192360737,0.842823921577,0.89528663,
0.947644996011,1.),.UNSPECIFIED.) GEOMETRIC_REPRESENTATION_ITEM() 
RATIONAL_B_SPLINE_SURFACE((
    (1.,1.000000000036,0.999999999983,1.000000000004,0.999999999999,1.
      ,1.,1.,1.,1.,1.,1.,1.,1.,1.,1.,1.,1.000000000002,0.999999999994
      ,1.000000000024,0.999999999949,1.)
    ,(1.,1.000000000036,0.999999999983,1.000000000004,0.999999999999,1.
      ,1.,1.,1.,1.,1.,1.,1.,1.,1.,1.,1.,1.000000000002,0.999999999994
,1.000000000024,0.999999999949,1.
  ))) REPRESENTATION_ITEM('') SURFACE() );
#9108 = CARTESIAN_POINT('',(2.832683631649,414.1421764314,6.878330152216
    ));
#9109 = CARTESIAN_POINT('',(4.09199305038,414.20819077876,6.946433774169
    ));
#9110 = CARTESIAN_POINT('',(6.607230901454,414.42845466004,
    7.167415714943));
#9111 = CARTESIAN_POINT('',(10.341817316412,415.02040914211,
    7.700316105889));
#9112 = CARTESIAN_POINT('',(14.024556610664,415.87103829969,
    8.383804716709));
#9113 = CARTESIAN_POINT('',(17.638100877593,416.97608887884,
    9.166892212859));
#9114 = CARTESIAN_POINT('',(21.165387596442,418.33018212108,
    9.998655796339));
#9115 = CARTESIAN_POINT('',(24.589725024235,419.92686183901,
    10.828476718625));
#9116 = CARTESIAN_POINT('',(27.894868566097,421.75861358763,
    11.604816852515));
#9117 = CARTESIAN_POINT('',(31.065100742338,423.81690732765,
    12.279486910992));
#9118 = CARTESIAN_POINT('',(34.08527970304,426.09223092783,
    12.791474991568));
#9119 = CARTESIAN_POINT('',(36.941012620923,428.57422197686,
    13.126725704658));
#9120 = CARTESIAN_POINT('',(39.618341596636,431.25148162464,
    13.095360215667));
#9121 = CARTESIAN_POINT('',(42.101272455353,434.10834215067,
    13.383712143282));
#9122 = CARTESIAN_POINT('',(44.375312168409,437.12687201668,
    13.912712344166));
#9123 = CARTESIAN_POINT('',(46.432124783686,440.29445240227,
    14.563096706996));
#9124 = CARTESIAN_POINT('',(48.2630977883,443.59736702583,
    15.227505657766));
#9125 = CARTESIAN_POINT('',(49.860322258331,447.02162175516,
    15.795850609587));
#9126 = CARTESIAN_POINT('',(51.216528472452,450.55350589781,
    16.157522421233));
#9127 = CARTESIAN_POINT('',(52.32352573049,454.17362810294,
    16.203084486934));
#9128 = CARTESIAN_POINT('',(52.889780835147,456.62826676463,
    16.083606483474));
#9129 = CARTESIAN_POINT('',(53.130571304105,457.86546312524,16.165625));
#9130 = CARTESIAN_POINT('',(2.76399268908,415.45287769577,6.88884670043)
  );
#9131 = CARTESIAN_POINT('',(3.992764581941,415.51729121876,6.96609386434
    ));
#9132 = CARTESIAN_POINT('',(6.447009366683,415.73221384942,
    7.216744676615));
#9133 = CARTESIAN_POINT('',(10.091034217572,416.30981376848,
    7.82119187938));
#9134 = CARTESIAN_POINT('',(13.68446921016,417.13981566243,
    8.596445164781));
#9135 = CARTESIAN_POINT('',(17.210387114977,418.21806940243,
    9.484669408106));
#9136 = CARTESIAN_POINT('',(20.652139167428,419.53932666552,
    10.42810495418));
#9137 = CARTESIAN_POINT('',(23.993438389699,421.09728782212,
    11.369337018811));
#9138 = CARTESIAN_POINT('',(27.218434108951,422.88462064844,
    12.24990800401));
#9139 = CARTESIAN_POINT('',(30.311789985307,424.89300195366,
    13.015158764783));
#9140 = CARTESIAN_POINT('',(33.258731349964,427.11315027022,
    13.595885985806));
#9141 = CARTESIAN_POINT('',(36.045214393395,429.53495446933,
    13.976147211302));
#9142 = CARTESIAN_POINT('',(38.657619687249,432.14729211642,
    13.940570614992));
#9143 = CARTESIAN_POINT('',(41.080340906205,434.93487542415,
    14.267636458815));
#9144 = CARTESIAN_POINT('',(43.299236469175,437.88020768371,
    14.867659834819));
#9145 = CARTESIAN_POINT('',(45.306172566068,440.97097607381,
    15.605364320434));
#9146 = CARTESIAN_POINT('',(47.092745532462,444.19379692475,
    16.358976324786));
#9147 = CARTESIAN_POINT('',(48.651238231289,447.53501545391,
    17.003626848819));
#9148 = CARTESIAN_POINT('',(49.974557227712,450.98125344542,
    17.413856450078));
#9149 = CARTESIAN_POINT('',(51.054710441516,454.51358977674,
    17.465535644649));
#9150 = CARTESIAN_POINT('',(51.6072341865,456.90870486931,
    17.330016613744));
#9151 = CARTESIAN_POINT('',(51.84218562583,458.11589993167,17.423046875)
  );
#9152 = DEFINITIONAL_REPRESENTATION('',(#9153),#9159);
#9153 = B_SPLINE_CURVE_WITH_KNOTS('',4,(#9154,#9155,#9156,#9157,#9158),
  .UNSPECIFIED.,.F.,.F.,(5,5),(0.,1.),.PIECEWISE_BEZIER_KNOTS.);
#9154 = CARTESIAN_POINT('',(9.,0.141097403921));
#9155 = CARTESIAN_POINT('',(8.753237603094,0.146366045283));
#9156 = CARTESIAN_POINT('',(8.504225536303,0.15154292974));
#9157 = CARTESIAN_POINT('',(8.253097186592,0.15662972361));
#9158 = CARTESIAN_POINT('',(8.,0.161627849402));
#9159 = ( GEOMETRIC_REPRESENTATION_CONTEXT(2) 
PARAMETRIC_REPRESENTATION_CONTEXT() REPRESENTATION_CONTEXT('2D SPACE',''
  ) );
#9160 = ORIENTED_EDGE('',*,*,#9161,.F.);
#9161 = EDGE_CURVE('',#9162,#9088,#9164,.T.);
#9162 = VERTEX_POINT('',#9163);
#9163 = CARTESIAN_POINT('',(10.747858055589,417.82700484137,
    8.090070855487));
#9164 = SURFACE_CURVE('',#9165,(#9171,#9180),.PCURVE_S1.);
#9165 = B_SPLINE_CURVE_WITH_KNOTS('',4,(#9166,#9167,#9168,#9169,#9170),
  .UNSPECIFIED.,.F.,.F.,(5,5),(0.,1.),.PIECEWISE_BEZIER_KNOTS.);
#9166 = CARTESIAN_POINT('',(10.747858055589,417.82700484137,
    8.090070855487));
#9167 = CARTESIAN_POINT('',(11.196595953213,417.59216123042,
    8.159402768781));
#9168 = CARTESIAN_POINT('',(11.644435110035,417.35778796873,
    8.227254520892));
#9169 = CARTESIAN_POINT('',(12.091450868751,417.12384562625,
    8.293151016591));
#9170 = CARTESIAN_POINT('',(12.537693660718,416.89030781013,
    8.356756567764));
#9171 = PCURVE('',#8558,#9172);
#9172 = DEFINITIONAL_REPRESENTATION('',(#9173),#9179);
#9173 = B_SPLINE_CURVE_WITH_KNOTS('',4,(#9174,#9175,#9176,#9177,#9178),
  .UNSPECIFIED.,.F.,.F.,(5,5),(0.,1.),.PIECEWISE_BEZIER_KNOTS.);
#9174 = CARTESIAN_POINT('',(0.752660140468,-8.090070855487));
#9175 = CARTESIAN_POINT('',(1.259135433416,-8.159402768781));
#9176 = CARTESIAN_POINT('',(1.764596348007,-8.227254520892));
#9177 = CARTESIAN_POINT('',(2.269127920996,-8.293151016591));
#9178 = CARTESIAN_POINT('',(2.77278707255,-8.356756567764));
#9179 = ( GEOMETRIC_REPRESENTATION_CONTEXT(2) 
PARAMETRIC_REPRESENTATION_CONTEXT() REPRESENTATION_CONTEXT('2D SPACE',''
  ) );
#9180 = PCURVE('',#9181,#9226);
#9181 = ( BOUNDED_SURFACE() B_SPLINE_SURFACE(1,3,(
    (#9182,#9183,#9184,#9185,#9186,#9187,#9188,#9189,#9190,#9191,#9192
      ,#9193,#9194,#9195,#9196,#9197,#9198,#9199,#9200,#9201,#9202,#9203
      )
    ,(#9204,#9205,#9206,#9207,#9208,#9209,#9210,#9211,#9212,#9213,#9214
      ,#9215,#9216,#9217,#9218,#9219,#9220,#9221,#9222,#9223,#9224,#9225
)),.UNSPECIFIED.,.F.,.F.,.F.) B_SPLINE_SURFACE_WITH_KNOTS((2,2),(4,1,1,1
    ,1,1,1,1,1,1,1,1,1,1,1,1,1,1,1,4),(9.,10.),(0.,5.245000615645E-02,
    0.105056142816,0.157827138689,0.210729740208,0.263703235816,
    0.316673593925,0.369567354274,0.422325530646,0.474917777959,
    0.52735694777,0.57971823004,0.632142347135,0.684734332274,
    0.737455393694,0.790192360737,0.842823921577,0.89528663,
0.947644996011,1.),.UNSPECIFIED.) GEOMETRIC_REPRESENTATION_ITEM() 
RATIONAL_B_SPLINE_SURFACE((
    (1.,1.000000000036,0.999999999983,1.000000000004,0.999999999999,1.
      ,1.,1.,1.,1.,1.,1.,1.,1.,1.,1.,1.,1.000000000002,0.999999999994
      ,1.000000000024,0.999999999949,1.)
    ,(1.,1.000000000036,0.999999999983,1.000000000004,0.999999999999,1.
      ,1.,1.,1.,1.,1.,1.,1.,1.,1.,1.,1.,1.000000000002,0.999999999994
,1.000000000024,0.999999999949,1.
  ))) REPRESENTATION_ITEM('') SURFACE() );
#9182 = CARTESIAN_POINT('',(2.76399268908,415.45287769577,6.88884670043)
  );
#9183 = CARTESIAN_POINT('',(3.992764581941,415.51729121876,6.96609386434
    ));
#9184 = CARTESIAN_POINT('',(6.447009366683,415.73221384942,
    7.216744676615));
#9185 = CARTESIAN_POINT('',(10.091034217572,416.30981376848,
    7.82119187938));
#9186 = CARTESIAN_POINT('',(13.68446921016,417.13981566243,
    8.596445164781));
#9187 = CARTESIAN_POINT('',(17.210387114977,418.21806940243,
    9.484669408106));
#9188 = CARTESIAN_POINT('',(20.652139167428,419.53932666552,
    10.42810495418));
#9189 = CARTESIAN_POINT('',(23.993438389699,421.09728782212,
    11.369337018811));
#9190 = CARTESIAN_POINT('',(27.218434108951,422.88462064844,
    12.24990800401));
#9191 = CARTESIAN_POINT('',(30.311789985307,424.89300195366,
    13.015158764783));
#9192 = CARTESIAN_POINT('',(33.258731349964,427.11315027022,
    13.595885985806));
#9193 = CARTESIAN_POINT('',(36.045214393395,429.53495446933,
    13.976147211302));
#9194 = CARTESIAN_POINT('',(38.657619687249,432.14729211642,
    13.940570614992));
#9195 = CARTESIAN_POINT('',(41.080340906205,434.93487542415,
    14.267636458815));
#9196 = CARTESIAN_POINT('',(43.299236469175,437.88020768371,
    14.867659834819));
#9197 = CARTESIAN_POINT('',(45.306172566068,440.97097607381,
    15.605364320434));
#9198 = CARTESIAN_POINT('',(47.092745532462,444.19379692475,
    16.358976324786));
#9199 = CARTESIAN_POINT('',(48.651238231289,447.53501545391,
    17.003626848819));
#9200 = CARTESIAN_POINT('',(49.974557227712,450.98125344542,
    17.413856450078));
#9201 = CARTESIAN_POINT('',(51.054710441516,454.51358977674,
    17.465535644649));
#9202 = CARTESIAN_POINT('',(51.6072341865,456.90870486931,
    17.330016613744));
#9203 = CARTESIAN_POINT('',(51.84218562583,458.11589993167,17.423046875)
  );
#9204 = CARTESIAN_POINT('',(2.695301746512,416.76357896014,
    6.892835735959));
#9205 = CARTESIAN_POINT('',(3.89353611268,416.82639168764,6.973551139748
    ));
#9206 = CARTESIAN_POINT('',(6.286787832294,417.03597302536,
    7.235455662158));
#9207 = CARTESIAN_POINT('',(9.840251118628,417.59921839847,
    7.867041310683));
#9208 = CARTESIAN_POINT('',(13.344381809683,418.40859302419,
    8.67710188647));
#9209 = CARTESIAN_POINT('',(16.782673352353,419.46004992628,
    9.605205585611));
#9210 = CARTESIAN_POINT('',(20.138890738416,420.7484712099,
    10.590999462327));
#9211 = CARTESIAN_POINT('',(23.397151755162,422.26771380525,
    11.574490925778));
#9212 = CARTESIAN_POINT('',(26.541999651806,424.01062770925,
    12.494597751129));
#9213 = CARTESIAN_POINT('',(29.558479228275,425.96909657966,
    13.294206709324));
#9214 = CARTESIAN_POINT('',(32.432182996888,428.13406961262,
    13.901007397413));
#9215 = CARTESIAN_POINT('',(35.149416165866,430.49568696181,
    14.298341575891));
#9216 = CARTESIAN_POINT('',(37.696897777862,433.0431026082,
    14.261167663012));
#9217 = CARTESIAN_POINT('',(40.059409357056,435.76140869763,
    14.602918095742));
#9218 = CARTESIAN_POINT('',(42.223160769942,438.63354335075,
    15.22988129679));
#9219 = CARTESIAN_POINT('',(44.180220348447,441.64749974533,
    16.000707208291));
#9220 = CARTESIAN_POINT('',(45.922393276635,444.79022682375,
    16.78815485365));
#9221 = CARTESIAN_POINT('',(47.442154204203,448.04840915236,
    17.46174887062));
#9222 = CARTESIAN_POINT('',(48.732585983134,451.40900099416,
    17.890396943689));
#9223 = CARTESIAN_POINT('',(49.785895151936,454.85355144636,
    17.944396428939));
#9224 = CARTESIAN_POINT('',(50.324687539158,457.18914298298,
    17.802792869345));
#9225 = CARTESIAN_POINT('',(50.553799947555,458.3663367381,17.9));
#9226 = DEFINITIONAL_REPRESENTATION('',(#9227),#9232);
#9227 = B_SPLINE_CURVE_WITH_KNOTS('',3,(#9228,#9229,#9230,#9231),
  .UNSPECIFIED.,.F.,.F.,(4,4),(0.,1.),.PIECEWISE_BEZIER_KNOTS.);
#9228 = CARTESIAN_POINT('',(10.,0.118840107637));
#9229 = CARTESIAN_POINT('',(9.671544748056,0.1264641058));
#9230 = CARTESIAN_POINT('',(9.338081611739,0.133878974428));
#9231 = CARTESIAN_POINT('',(9.,0.141097403921));
#9232 = ( GEOMETRIC_REPRESENTATION_CONTEXT(2) 
PARAMETRIC_REPRESENTATION_CONTEXT() REPRESENTATION_CONTEXT('2D SPACE',''
  ) );
#9233 = ORIENTED_EDGE('',*,*,#9234,.F.);
#9234 = EDGE_CURVE('',#9235,#9162,#9237,.T.);
#9235 = VERTEX_POINT('',#9236);
#9236 = CARTESIAN_POINT('',(10.081,418.176,7.967790204114));
#9237 = SURFACE_CURVE('',#9238,(#9244,#9253),.PCURVE_S1.);
#9238 = B_SPLINE_CURVE_WITH_KNOTS('',4,(#9239,#9240,#9241,#9242,#9243),
  .UNSPECIFIED.,.F.,.F.,(5,5),(0.,1.),.PIECEWISE_BEZIER_KNOTS.);
#9239 = CARTESIAN_POINT('',(10.081,418.176,7.967790204114));
#9240 = CARTESIAN_POINT('',(10.247755423562,418.08872980057,
    7.998086870924));
#9241 = CARTESIAN_POINT('',(10.414481842309,418.0014747806,
    8.028579093484));
#9242 = CARTESIAN_POINT('',(10.581181876575,417.91423356875,
    8.059246618089));
#9243 = CARTESIAN_POINT('',(10.747858055589,417.82700484137,
    8.090070855487));
#9244 = PCURVE('',#8558,#9245);
#9245 = DEFINITIONAL_REPRESENTATION('',(#9246),#9252);
#9246 = B_SPLINE_CURVE_WITH_KNOTS('',4,(#9247,#9248,#9249,#9250,#9251),
  .UNSPECIFIED.,.F.,.F.,(5,5),(0.,1.),.PIECEWISE_BEZIER_KNOTS.);
#9247 = CARTESIAN_POINT('',(0.,-7.967790204114));
#9248 = CARTESIAN_POINT('',(0.188211208473,-7.998086870924));
#9249 = CARTESIAN_POINT('',(0.37638968019,-8.028579093484));
#9250 = CARTESIAN_POINT('',(0.564538372638,-8.059246618089));
#9251 = CARTESIAN_POINT('',(0.752660140468,-8.090070855487));
#9252 = ( GEOMETRIC_REPRESENTATION_CONTEXT(2) 
PARAMETRIC_REPRESENTATION_CONTEXT() REPRESENTATION_CONTEXT('2D SPACE',''
  ) );
#9253 = PCURVE('',#9254,#9299);
#9254 = ( BOUNDED_SURFACE() B_SPLINE_SURFACE(1,3,(
    (#9255,#9256,#9257,#9258,#9259,#9260,#9261,#9262,#9263,#9264,#9265
      ,#9266,#9267,#9268,#9269,#9270,#9271,#9272,#9273,#9274,#9275,#9276
      )
    ,(#9277,#9278,#9279,#9280,#9281,#9282,#9283,#9284,#9285,#9286,#9287
      ,#9288,#9289,#9290,#9291,#9292,#9293,#9294,#9295,#9296,#9297,#9298
)),.UNSPECIFIED.,.F.,.F.,.F.) B_SPLINE_SURFACE_WITH_KNOTS((2,2),(4,1,1,1
    ,1,1,1,1,1,1,1,1,1,1,1,1,1,1,1,4),(10.,11.),(0.,5.245000615645E-02,
    0.105056142816,0.157827138689,0.210729740208,0.263703235816,
    0.316673593925,0.369567354274,0.422325530646,0.474917777959,
    0.52735694777,0.57971823004,0.632142347135,0.684734332274,
    0.737455393694,0.790192360737,0.842823921577,0.89528663,
0.947644996011,1.),.UNSPECIFIED.) GEOMETRIC_REPRESENTATION_ITEM() 
RATIONAL_B_SPLINE_SURFACE((
    (1.,1.000000000036,0.999999999983,1.000000000004,0.999999999999,1.
      ,1.,1.,1.,1.,1.,1.,1.,1.,1.,1.,1.,1.000000000002,0.999999999994
      ,1.000000000024,0.999999999949,1.)
    ,(1.,1.000000000036,0.999999999983,1.000000000004,0.999999999999,1.
      ,1.,1.,1.,1.,1.,1.,1.,1.,1.,1.,1.,1.000000000002,0.999999999994
,1.000000000024,0.999999999949,1.
  ))) REPRESENTATION_ITEM('') SURFACE() );
#9255 = CARTESIAN_POINT('',(2.695301746512,416.76357896014,
    6.892835735959));
#9256 = CARTESIAN_POINT('',(3.89353611268,416.82639168764,6.973551139748
    ));
#9257 = CARTESIAN_POINT('',(6.286787832294,417.03597302536,
    7.235455662158));
#9258 = CARTESIAN_POINT('',(9.840251118628,417.59921839847,
    7.867041310683));
#9259 = CARTESIAN_POINT('',(13.344381809683,418.40859302419,
    8.67710188647));
#9260 = CARTESIAN_POINT('',(16.782673352353,419.46004992628,
    9.605205585611));
#9261 = CARTESIAN_POINT('',(20.138890738416,420.7484712099,
    10.590999462327));
#9262 = CARTESIAN_POINT('',(23.397151755162,422.26771380525,
    11.574490925778));
#9263 = CARTESIAN_POINT('',(26.541999651806,424.01062770925,
    12.494597751129));
#9264 = CARTESIAN_POINT('',(29.558479228275,425.96909657966,
    13.294206709324));
#9265 = CARTESIAN_POINT('',(32.432182996888,428.13406961262,
    13.901007397413));
#9266 = CARTESIAN_POINT('',(35.149416165866,430.49568696181,
    14.298341575891));
#9267 = CARTESIAN_POINT('',(37.696897777862,433.0431026082,
    14.261167663012));
#9268 = CARTESIAN_POINT('',(40.059409357056,435.76140869763,
    14.602918095742));
#9269 = CARTESIAN_POINT('',(42.223160769942,438.63354335075,
    15.22988129679));
#9270 = CARTESIAN_POINT('',(44.180220348447,441.64749974533,
    16.000707208291));
#9271 = CARTESIAN_POINT('',(45.922393276635,444.79022682375,
    16.78815485365));
#9272 = CARTESIAN_POINT('',(47.442154204203,448.04840915236,
    17.46174887062));
#9273 = CARTESIAN_POINT('',(48.732585983134,451.40900099416,
    17.890396943689));
#9274 = CARTESIAN_POINT('',(49.785895151936,454.85355144636,
    17.944396428939));
#9275 = CARTESIAN_POINT('',(50.324687539158,457.18914298298,
    17.802792869345));
#9276 = CARTESIAN_POINT('',(50.553799947555,458.3663367381,17.9));
#9277 = CARTESIAN_POINT('',(1.884094424746,432.24233674883,
    6.892835735959));
#9278 = CARTESIAN_POINT('',(2.721695147289,432.2862446635,6.973551139748
    ));
#9279 = CARTESIAN_POINT('',(4.394647804838,432.43274813952,
    7.235455662158));
#9280 = CARTESIAN_POINT('',(6.878622141247,432.82647305382,
    7.867041310683));
#9281 = CARTESIAN_POINT('',(9.328111556264,433.39224949302,8.67710188647
    ));
#9282 = CARTESIAN_POINT('',(11.731577489028,434.12724849206,
    9.605205585611));
#9283 = CARTESIAN_POINT('',(14.077671195785,435.02789249627,
    10.590999462327));
#9284 = CARTESIAN_POINT('',(16.355290547298,436.08988732017,
    11.574490925778));
#9285 = CARTESIAN_POINT('',(18.553630824563,437.30823490355,
    12.494597751129));
#9286 = CARTESIAN_POINT('',(20.662237907144,438.67726168675,
    13.294206709324));
#9287 = CARTESIAN_POINT('',(22.671040541514,440.19064089426,
    13.901007397413));
#9288 = CARTESIAN_POINT('',(24.570465669344,441.84148020631,
    14.298341575891));
#9289 = CARTESIAN_POINT('',(26.351229514622,443.62219793971,
    14.261167663012));
#9290 = CARTESIAN_POINT('',(28.002693919496,445.52237307019,
    14.602918095742));
#9291 = CARTESIAN_POINT('',(29.515219178988,447.53007884713,
    15.22988129679));
#9292 = CARTESIAN_POINT('',(30.883260826101,449.63692215206,
    16.000707208291));
#9293 = CARTESIAN_POINT('',(32.101090445796,451.83377991565,
    16.78815485365));
#9294 = CARTESIAN_POINT('',(33.16344759908,454.11134426175,
    17.46174887062));
#9295 = CARTESIAN_POINT('',(34.065496997825,456.46049584092,
    17.890396943689));
#9296 = CARTESIAN_POINT('',(34.801790786167,458.86833693211,
    17.944396428939));
#9297 = CARTESIAN_POINT('',(35.17842235672,460.50098344715,
    17.802792869345));
#9298 = CARTESIAN_POINT('',(35.338578604116,461.32387616644,17.9));
#9299 = DEFINITIONAL_REPRESENTATION('',(#9300),#9305);
#9300 = B_SPLINE_CURVE_WITH_KNOTS('',3,(#9301,#9302,#9303,#9304),
  .UNSPECIFIED.,.F.,.F.,(4,4),(0.,1.),.PIECEWISE_BEZIER_KNOTS.);
#9301 = CARTESIAN_POINT('',(10.030786630836,0.110265228689));
#9302 = CARTESIAN_POINT('',(10.020593320956,0.11315015847));
#9303 = CARTESIAN_POINT('',(10.010330570774,0.116008292623));
#9304 = CARTESIAN_POINT('',(10.,0.118840107637));
#9305 = ( GEOMETRIC_REPRESENTATION_CONTEXT(2) 
PARAMETRIC_REPRESENTATION_CONTEXT() REPRESENTATION_CONTEXT('2D SPACE',''
  ) );
#9306 = ORIENTED_EDGE('',*,*,#9307,.T.);
#9307 = EDGE_CURVE('',#9235,#9308,#9310,.T.);
#9308 = VERTEX_POINT('',#9309);
#9309 = CARTESIAN_POINT('',(10.081,418.176,18.3));
#9310 = SURFACE_CURVE('',#9311,(#9315,#9322),.PCURVE_S1.);
#9311 = LINE('',#9312,#9313);
#9312 = CARTESIAN_POINT('',(10.081,418.176,0.));
#9313 = VECTOR('',#9314,1.);
#9314 = DIRECTION('',(-0.,-0.,1.));
#9315 = PCURVE('',#8558,#9316);
#9316 = DEFINITIONAL_REPRESENTATION('',(#9317),#9321);
#9317 = LINE('',#9318,#9319);
#9318 = CARTESIAN_POINT('',(0.,0.));
#9319 = VECTOR('',#9320,1.);
#9320 = DIRECTION('',(0.,-1.));
#9321 = ( GEOMETRIC_REPRESENTATION_CONTEXT(2) 
PARAMETRIC_REPRESENTATION_CONTEXT() REPRESENTATION_CONTEXT('2D SPACE',''
  ) );
#9322 = PCURVE('',#9323,#9328);
#9323 = CYLINDRICAL_SURFACE('',#9324,51.051679222198);
#9324 = AXIS2_PLACEMENT_3D('',#9325,#9326,#9327);
#9325 = CARTESIAN_POINT('',(-1.680935954139E-02,468.21906343085,0.));
#9326 = DIRECTION('',(0.,-0.,-1.));
#9327 = DIRECTION('',(0.721422094643,-0.692495603856,0.));
#9328 = DEFINITIONAL_REPRESENTATION('',(#9329),#9333);
#9329 = LINE('',#9330,#9331);
#9330 = CARTESIAN_POINT('',(0.606744892209,0.));
#9331 = VECTOR('',#9332,1.);
#9332 = DIRECTION('',(0.,-1.));
#9333 = ( GEOMETRIC_REPRESENTATION_CONTEXT(2) 
PARAMETRIC_REPRESENTATION_CONTEXT() REPRESENTATION_CONTEXT('2D SPACE',''
  ) );
#9334 = ORIENTED_EDGE('',*,*,#9335,.T.);
#9335 = EDGE_CURVE('',#9308,#8574,#9336,.T.);
#9336 = SURFACE_CURVE('',#9337,(#9341,#9348),.PCURVE_S1.);
#9337 = LINE('',#9338,#9339);
#9338 = CARTESIAN_POINT('',(10.081,418.176,18.3));
#9339 = VECTOR('',#9340,1.);
#9340 = DIRECTION('',(0.886001555993,-0.463682264894,0.));
#9341 = PCURVE('',#8558,#9342);
#9342 = DEFINITIONAL_REPRESENTATION('',(#9343),#9347);
#9343 = LINE('',#9344,#9345);
#9344 = CARTESIAN_POINT('',(0.,-18.3));
#9345 = VECTOR('',#9346,1.);
#9346 = DIRECTION('',(1.,0.));
#9347 = ( GEOMETRIC_REPRESENTATION_CONTEXT(2) 
PARAMETRIC_REPRESENTATION_CONTEXT() REPRESENTATION_CONTEXT('2D SPACE',''
  ) );
#9348 = PCURVE('',#8612,#9349);
#9349 = DEFINITIONAL_REPRESENTATION('',(#9350),#9354);
#9350 = LINE('',#9351,#9352);
#9351 = CARTESIAN_POINT('',(-10.08019301259,186.55720413799));
#9352 = VECTOR('',#9353,1.);
#9353 = DIRECTION('',(-0.886001555993,-0.463682264894));
#9354 = ( GEOMETRIC_REPRESENTATION_CONTEXT(2) 
PARAMETRIC_REPRESENTATION_CONTEXT() REPRESENTATION_CONTEXT('2D SPACE',''
  ) );
#9355 = ADVANCED_FACE('',(#9356),#8492,.T.);
#9356 = FACE_BOUND('',#9357,.T.);
#9357 = EDGE_LOOP('',(#9358,#9359,#9360,#9402));
#9358 = ORIENTED_EDGE('',*,*,#8438,.F.);
#9359 = ORIENTED_EDGE('',*,*,#8684,.F.);
#9360 = ORIENTED_EDGE('',*,*,#9361,.T.);
#9361 = EDGE_CURVE('',#8685,#9362,#9364,.T.);
#9362 = VERTEX_POINT('',#9363);
#9363 = CARTESIAN_POINT('',(44.77547030693,427.22802069491,7.12434265511
    ));
#9364 = SURFACE_CURVE('',#9365,(#9388,#9395),.PCURVE_S1.);
#9365 = ( BOUNDED_CURVE() B_SPLINE_CURVE(3,(#9366,#9367,#9368,#9369,
    #9370,#9371,#9372,#9373,#9374,#9375,#9376,#9377,#9378,#9379,#9380,
    #9381,#9382,#9383,#9384,#9385,#9386,#9387),.UNSPECIFIED.,.F.,.F.) 
B_SPLINE_CURVE_WITH_KNOTS((4,1,1,1,1,1,1,1,1,1,1,1,1,1,1,1,1,1,1,4),(0.,
    5.245000615645E-02,0.105056142816,0.157827138689,0.210729740208,
    0.263703235816,0.316673593925,0.369567354274,0.422325530646,
    0.474917777959,0.52735694777,0.57971823004,0.632142347135,
    0.684734332274,0.737455393694,0.790192360737,0.842823921577,
0.89528663,0.947644996011,1.),.UNSPECIFIED.) CURVE() 
GEOMETRIC_REPRESENTATION_ITEM() RATIONAL_B_SPLINE_CURVE((1.,
    1.000000000036,0.999999999983,1.000000000004,0.999999999999,1.,1.,1.
    ,1.,1.,1.,1.,1.,1.,1.,1.,1.,1.000000000002,0.999999999994,
1.000000000024,0.999999999949,1.)) REPRESENTATION_ITEM('') );
#9366 = CARTESIAN_POINT('',(3.176138344494,407.58867010958,6.80398903553
    ));
#9367 = CARTESIAN_POINT('',(4.588135395115,407.66268850209,
    6.807457275208));
#9368 = CARTESIAN_POINT('',(7.408338574129,407.9096587488,6.818710985636
    ));
#9369 = CARTESIAN_POINT('',(11.595732810933,408.57338600066,
    6.845849431277));
#9370 = CARTESIAN_POINT('',(15.724993613102,409.52715148858,
    6.880656721695));
#9371 = CARTESIAN_POINT('',(19.776669690699,410.76618626019,
    6.920536177504));
#9372 = CARTESIAN_POINT('',(23.731629741507,412.28445939905,
    6.962894508148));
#9373 = CARTESIAN_POINT('',(27.57115819692,414.07473192342,
    7.005153906967));
#9374 = CARTESIAN_POINT('',(31.277040851824,416.12857828359,
    7.044689747119));
#9375 = CARTESIAN_POINT('',(34.831654527494,418.43643419764,
    7.079047944541));
#9376 = CARTESIAN_POINT('',(38.21802146842,420.98763421584,
    7.105121411608));
#9377 = CARTESIAN_POINT('',(41.420003758564,423.77055951447,
    7.122194364589));
#9378 = CARTESIAN_POINT('',(44.421951143572,426.77242916573,
    7.12059704802));
#9379 = CARTESIAN_POINT('',(47.205930201094,429.97567578326,
    7.135281636926));
#9380 = CARTESIAN_POINT('',(49.755690664579,433.36019368152,
    7.162221461971));
#9381 = CARTESIAN_POINT('',(52.061885871776,436.91183404459,
    7.195342887856));
#9382 = CARTESIAN_POINT('',(54.114859067484,440.61521753123,
    7.229178528868));
#9383 = CARTESIAN_POINT('',(55.905742393571,444.45465326142,
    7.258122021785));
#9384 = CARTESIAN_POINT('',(57.426384696048,448.41476815968,
    7.276540493673));
#9385 = CARTESIAN_POINT('',(58.667602175761,452.47381973413,
    7.278860784061));
#9386 = CARTESIAN_POINT('',(59.302514077526,455.22607624085,
    7.272776256094));
#9387 = CARTESIAN_POINT('',(59.57249969548,456.61327909308,7.276953125)
  );
#9388 = PCURVE('',#8492,#9389);
#9389 = DEFINITIONAL_REPRESENTATION('',(#9390),#9394);
#9390 = LINE('',#9391,#9392);
#9391 = CARTESIAN_POINT('',(3.,0.));
#9392 = VECTOR('',#9393,1.);
#9393 = DIRECTION('',(0.,1.));
#9394 = ( GEOMETRIC_REPRESENTATION_CONTEXT(2) 
PARAMETRIC_REPRESENTATION_CONTEXT() REPRESENTATION_CONTEXT('2D SPACE',''
  ) );
#9395 = PCURVE('',#8732,#9396);
#9396 = DEFINITIONAL_REPRESENTATION('',(#9397),#9401);
#9397 = LINE('',#9398,#9399);
#9398 = CARTESIAN_POINT('',(3.,0.));
#9399 = VECTOR('',#9400,1.);
#9400 = DIRECTION('',(0.,1.));
#9401 = ( GEOMETRIC_REPRESENTATION_CONTEXT(2) 
PARAMETRIC_REPRESENTATION_CONTEXT() REPRESENTATION_CONTEXT('2D SPACE',''
  ) );
#9402 = ORIENTED_EDGE('',*,*,#9403,.T.);
#9403 = EDGE_CURVE('',#9362,#8412,#9404,.T.);
#9404 = SURFACE_CURVE('',#9405,(#9411,#9420),.PCURVE_S1.);
#9405 = B_SPLINE_CURVE_WITH_KNOTS('',4,(#9406,#9407,#9408,#9409,#9410),
  .UNSPECIFIED.,.F.,.F.,(5,5),(0.,1.),.PIECEWISE_BEZIER_KNOTS.);
#9406 = CARTESIAN_POINT('',(44.77547030693,427.22802069491,7.12434265511
    ));
#9407 = CARTESIAN_POINT('',(45.045345372885,427.03693049575,
    7.043346761148));
#9408 = CARTESIAN_POINT('',(45.315201756791,426.84585352476,
    6.962291625658));
#9409 = CARTESIAN_POINT('',(45.58503968838,426.65478961929,
    6.881176254939));
#9410 = CARTESIAN_POINT('',(45.854859410389,426.46373860746,6.8));
#9411 = PCURVE('',#8492,#9412);
#9412 = DEFINITIONAL_REPRESENTATION('',(#9413),#9419);
#9413 = B_SPLINE_CURVE_WITH_KNOTS('',4,(#9414,#9415,#9416,#9417,#9418),
  .UNSPECIFIED.,.F.,.F.,(5,5),(0.,1.),.PIECEWISE_BEZIER_KNOTS.);
#9414 = CARTESIAN_POINT('',(3.,0.586849837994));
#9415 = CARTESIAN_POINT('',(2.750015953457,0.587358973829));
#9416 = CARTESIAN_POINT('',(2.500020806092,0.587860744905));
#9417 = CARTESIAN_POINT('',(2.25001527806,0.588355390208));
#9418 = CARTESIAN_POINT('',(2.,0.588843129178));
#9419 = ( GEOMETRIC_REPRESENTATION_CONTEXT(2) 
PARAMETRIC_REPRESENTATION_CONTEXT() REPRESENTATION_CONTEXT('2D SPACE',''
  ) );
#9420 = PCURVE('',#8427,#9421);
#9421 = DEFINITIONAL_REPRESENTATION('',(#9422),#9428);
#9422 = B_SPLINE_CURVE_WITH_KNOTS('',4,(#9423,#9424,#9425,#9426,#9427),
  .UNSPECIFIED.,.F.,.F.,(5,5),(0.,1.),.PIECEWISE_BEZIER_KNOTS.);
#9423 = CARTESIAN_POINT('',(9.756420656844,-7.12434265511));
#9424 = CARTESIAN_POINT('',(10.087098771393,-7.043346761148));
#9425 = CARTESIAN_POINT('',(10.417753994814,-6.962291625658));
#9426 = CARTESIAN_POINT('',(10.748386608597,-6.881176254939));
#9427 = CARTESIAN_POINT('',(11.07899691017,-6.8));
#9428 = ( GEOMETRIC_REPRESENTATION_CONTEXT(2) 
PARAMETRIC_REPRESENTATION_CONTEXT() REPRESENTATION_CONTEXT('2D SPACE',''
  ) );
#9429 = ADVANCED_FACE('',(#9430),#8427,.T.);
#9430 = FACE_BOUND('',#9431,.T.);
#9431 = EDGE_LOOP('',(#9432,#9455,#9456,#9457,#9486,#9515,#9544,#9573,
    #9602,#9631,#9660,#9689,#9711));
#9432 = ORIENTED_EDGE('',*,*,#9433,.F.);
#9433 = EDGE_CURVE('',#8384,#9434,#9436,.T.);
#9434 = VERTEX_POINT('',#9435);
#9435 = CARTESIAN_POINT('',(83.807,399.591,18.3));
#9436 = SURFACE_CURVE('',#9437,(#9441,#9448),.PCURVE_S1.);
#9437 = LINE('',#9438,#9439);
#9438 = CARTESIAN_POINT('',(83.807,399.591,0.));
#9439 = VECTOR('',#9440,1.);
#9440 = DIRECTION('',(-0.,-0.,1.));
#9441 = PCURVE('',#8427,#9442);
#9442 = DEFINITIONAL_REPRESENTATION('',(#9443),#9447);
#9443 = LINE('',#9444,#9445);
#9444 = CARTESIAN_POINT('',(57.581782370816,0.));
#9445 = VECTOR('',#9446,1.);
#9446 = DIRECTION('',(0.,-1.));
#9447 = ( GEOMETRIC_REPRESENTATION_CONTEXT(2) 
PARAMETRIC_REPRESENTATION_CONTEXT() REPRESENTATION_CONTEXT('2D SPACE',''
  ) );
#9448 = PCURVE('',#8399,#9449);
#9449 = DEFINITIONAL_REPRESENTATION('',(#9450),#9454);
#9450 = LINE('',#9451,#9452);
#9451 = CARTESIAN_POINT('',(0.,0.));
#9452 = VECTOR('',#9453,1.);
#9453 = DIRECTION('',(0.,-1.));
#9454 = ( GEOMETRIC_REPRESENTATION_CONTEXT(2) 
PARAMETRIC_REPRESENTATION_CONTEXT() REPRESENTATION_CONTEXT('2D SPACE',''
  ) );
#9455 = ORIENTED_EDGE('',*,*,#8411,.F.);
#9456 = ORIENTED_EDGE('',*,*,#9403,.F.);
#9457 = ORIENTED_EDGE('',*,*,#9458,.F.);
#9458 = EDGE_CURVE('',#9459,#9362,#9461,.T.);
#9459 = VERTEX_POINT('',#9460);
#9460 = CARTESIAN_POINT('',(43.695712980429,427.99256350973,
    7.978215140009));
#9461 = SURFACE_CURVE('',#9462,(#9468,#9477),.PCURVE_S1.);
#9462 = B_SPLINE_CURVE_WITH_KNOTS('',4,(#9463,#9464,#9465,#9466,#9467),
  .UNSPECIFIED.,.F.,.F.,(5,5),(0.,1.),.PIECEWISE_BEZIER_KNOTS.);
#9463 = CARTESIAN_POINT('',(43.695712980429,427.99256350973,
    7.978215140009));
#9464 = CARTESIAN_POINT('',(43.96573315474,427.80137056381,
    7.764936105307));
#9465 = CARTESIAN_POINT('',(44.235699779863,427.61021553443,
    7.551532741763));
#9466 = CARTESIAN_POINT('',(44.505612271018,427.41909883563,
    7.338002230027));
#9467 = CARTESIAN_POINT('',(44.77547030693,427.22802069491,7.12434265511
    ));
#9468 = PCURVE('',#8427,#9469);
#9469 = DEFINITIONAL_REPRESENTATION('',(#9470),#9476);
#9470 = B_SPLINE_CURVE_WITH_KNOTS('',4,(#9471,#9472,#9473,#9474,#9475),
  .UNSPECIFIED.,.F.,.F.,(5,5),(0.,1.),.PIECEWISE_BEZIER_KNOTS.);
#9471 = CARTESIAN_POINT('',(8.433393219556,-7.978215140009));
#9472 = CARTESIAN_POINT('',(8.76424913548,-7.764936105307));
#9473 = CARTESIAN_POINT('',(9.095039437544,-7.551532741763));
#9474 = CARTESIAN_POINT('',(9.425763409219,-7.338002230027));
#9475 = CARTESIAN_POINT('',(9.756420656844,-7.12434265511));
#9476 = ( GEOMETRIC_REPRESENTATION_CONTEXT(2) 
PARAMETRIC_REPRESENTATION_CONTEXT() REPRESENTATION_CONTEXT('2D SPACE',''
  ) );
#9477 = PCURVE('',#8732,#9478);
#9478 = DEFINITIONAL_REPRESENTATION('',(#9479),#9485);
#9479 = B_SPLINE_CURVE_WITH_KNOTS('',4,(#9480,#9481,#9482,#9483,#9484),
  .UNSPECIFIED.,.F.,.F.,(5,5),(0.,1.),.PIECEWISE_BEZIER_KNOTS.);
#9480 = CARTESIAN_POINT('',(4.,0.584767844127));
#9481 = CARTESIAN_POINT('',(3.749969684878,0.58529999043));
#9482 = CARTESIAN_POINT('',(3.499958582401,0.585824199184));
#9483 = CARTESIAN_POINT('',(3.249968271692,0.586340734287));
#9484 = CARTESIAN_POINT('',(3.,0.586849837994));
#9485 = ( GEOMETRIC_REPRESENTATION_CONTEXT(2) 
PARAMETRIC_REPRESENTATION_CONTEXT() REPRESENTATION_CONTEXT('2D SPACE',''
  ) );
#9486 = ORIENTED_EDGE('',*,*,#9487,.F.);
#9487 = EDGE_CURVE('',#9488,#9459,#9490,.T.);
#9488 = VERTEX_POINT('',#9489);
#9489 = CARTESIAN_POINT('',(42.615561939337,428.75738510168,
    9.183515471766));
#9490 = SURFACE_CURVE('',#9491,(#9497,#9506),.PCURVE_S1.);
#9491 = B_SPLINE_CURVE_WITH_KNOTS('',4,(#9492,#9493,#9494,#9495,#9496),
  .UNSPECIFIED.,.F.,.F.,(5,5),(0.,1.),.PIECEWISE_BEZIER_KNOTS.);
#9492 = CARTESIAN_POINT('',(42.615561939337,428.75738510168,
    9.183515471766));
#9493 = CARTESIAN_POINT('',(42.885718744584,428.56609541162,
    8.882402542028));
#9494 = CARTESIAN_POINT('',(43.155797218984,428.37486118522,
    8.581150879172));
#9495 = CARTESIAN_POINT('',(43.425795673368,428.18368361851,
    8.279756106298));
#9496 = CARTESIAN_POINT('',(43.695712980429,427.99256350973,
    7.978215140009));
#9497 = PCURVE('',#8427,#9498);
#9498 = DEFINITIONAL_REPRESENTATION('',(#9499),#9505);
#9499 = B_SPLINE_CURVE_WITH_KNOTS('',4,(#9500,#9501,#9502,#9503,#9504),
  .UNSPECIFIED.,.F.,.F.,(5,5),(0.,1.),.PIECEWISE_BEZIER_KNOTS.);
#9500 = CARTESIAN_POINT('',(7.109883363495,-9.183515471766));
#9501 = CARTESIAN_POINT('',(7.440906693403,-8.882402542028));
#9502 = CARTESIAN_POINT('',(7.771834044469,-8.581150879172));
#9503 = CARTESIAN_POINT('',(8.102663346949,-8.279756106298));
#9504 = CARTESIAN_POINT('',(8.433393219556,-7.978215140009));
#9505 = ( GEOMETRIC_REPRESENTATION_CONTEXT(2) 
PARAMETRIC_REPRESENTATION_CONTEXT() REPRESENTATION_CONTEXT('2D SPACE',''
  ) );
#9506 = PCURVE('',#8806,#9507);
#9507 = DEFINITIONAL_REPRESENTATION('',(#9508),#9514);
#9508 = B_SPLINE_CURVE_WITH_KNOTS('',4,(#9509,#9510,#9511,#9512,#9513),
  .UNSPECIFIED.,.F.,.F.,(5,5),(0.,1.),.PIECEWISE_BEZIER_KNOTS.);
#9509 = CARTESIAN_POINT('',(5.,0.582591065337));
#9510 = CARTESIAN_POINT('',(4.749937466912,0.58314778913));
#9511 = CARTESIAN_POINT('',(4.499914916948,0.583695970925));
#9512 = CARTESIAN_POINT('',(4.249935063236,0.584235900552));
#9513 = CARTESIAN_POINT('',(4.,0.584767844127));
#9514 = ( GEOMETRIC_REPRESENTATION_CONTEXT(2) 
PARAMETRIC_REPRESENTATION_CONTEXT() REPRESENTATION_CONTEXT('2D SPACE',''
  ) );
#9515 = ORIENTED_EDGE('',*,*,#9516,.F.);
#9516 = EDGE_CURVE('',#9517,#9488,#9519,.T.);
#9517 = VERTEX_POINT('',#9518);
#9518 = CARTESIAN_POINT('',(41.534989262376,429.52250524097,
    10.562968009028));
#9519 = SURFACE_CURVE('',#9520,(#9526,#9535),.PCURVE_S1.);
#9520 = B_SPLINE_CURVE_WITH_KNOTS('',4,(#9521,#9522,#9523,#9524,#9525),
  .UNSPECIFIED.,.F.,.F.,(5,5),(0.,1.),.PIECEWISE_BEZIER_KNOTS.);
#9521 = CARTESIAN_POINT('',(41.534989262376,429.52250524097,
    10.562968009028));
#9522 = CARTESIAN_POINT('',(41.805264028449,429.3311320265,
    10.218310977627));
#9523 = CARTESIAN_POINT('',(42.075452815745,429.13981969094,
    9.873520286555));
#9524 = CARTESIAN_POINT('',(42.345552789027,428.94857024184,
    9.528589913032));
#9525 = CARTESIAN_POINT('',(42.615561939337,428.75738510168,
    9.183515471766));
#9526 = PCURVE('',#8427,#9527);
#9527 = DEFINITIONAL_REPRESENTATION('',(#9528),#9534);
#9528 = B_SPLINE_CURVE_WITH_KNOTS('',4,(#9529,#9530,#9531,#9532,#9533),
  .UNSPECIFIED.,.F.,.F.,(5,5),(0.,1.),.PIECEWISE_BEZIER_KNOTS.);
#9529 = CARTESIAN_POINT('',(5.785856876696,-10.56296800902));
#9530 = CARTESIAN_POINT('',(6.11702474409,-10.21831097762));
#9531 = CARTESIAN_POINT('',(6.448087261628,-9.873520286555));
#9532 = CARTESIAN_POINT('',(6.779040955288,-9.528589913032));
#9533 = CARTESIAN_POINT('',(7.109883363495,-9.183515471766));
#9534 = ( GEOMETRIC_REPRESENTATION_CONTEXT(2) 
PARAMETRIC_REPRESENTATION_CONTEXT() REPRESENTATION_CONTEXT('2D SPACE',''
  ) );
#9535 = PCURVE('',#8882,#9536);
#9536 = DEFINITIONAL_REPRESENTATION('',(#9537),#9543);
#9537 = B_SPLINE_CURVE_WITH_KNOTS('',4,(#9538,#9539,#9540,#9541,#9542),
  .UNSPECIFIED.,.F.,.F.,(5,5),(0.,1.),.PIECEWISE_BEZIER_KNOTS.);
#9538 = CARTESIAN_POINT('',(6.,0.580312847692));
#9539 = CARTESIAN_POINT('',(5.749929312008,0.580895840355));
#9540 = CARTESIAN_POINT('',(5.499903302732,0.58146966764));
#9541 = CARTESIAN_POINT('',(5.249925860731,0.582034645823));
#9542 = CARTESIAN_POINT('',(5.,0.582591065337));
#9543 = ( GEOMETRIC_REPRESENTATION_CONTEXT(2) 
PARAMETRIC_REPRESENTATION_CONTEXT() REPRESENTATION_CONTEXT('2D SPACE',''
  ) );
#9544 = ORIENTED_EDGE('',*,*,#9545,.F.);
#9545 = EDGE_CURVE('',#9546,#9517,#9548,.T.);
#9546 = VERTEX_POINT('',#9547);
#9547 = CARTESIAN_POINT('',(40.453964325061,430.28794561185,
    11.940081138686));
#9548 = SURFACE_CURVE('',#9549,(#9555,#9564),.PCURVE_S1.);
#9549 = B_SPLINE_CURVE_WITH_KNOTS('',4,(#9550,#9551,#9552,#9553,#9554),
  .UNSPECIFIED.,.F.,.F.,(5,5),(0.,1.),.PIECEWISE_BEZIER_KNOTS.);
#9550 = CARTESIAN_POINT('',(40.453964325061,430.28794561185,
    11.940081138686));
#9551 = CARTESIAN_POINT('',(40.724344062977,430.09649807006,
    11.595991643267));
#9552 = CARTESIAN_POINT('',(40.994643076427,429.90510768676,
    11.251779842014));
#9553 = CARTESIAN_POINT('',(41.264859093967,429.71377607031,
    10.90744064807));
#9554 = CARTESIAN_POINT('',(41.534989262376,429.52250524097,
    10.562968009028));
#9555 = PCURVE('',#8427,#9556);
#9556 = DEFINITIONAL_REPRESENTATION('',(#9557),#9563);
#9557 = B_SPLINE_CURVE_WITH_KNOTS('',4,(#9558,#9559,#9560,#9561,#9562),
  .UNSPECIFIED.,.F.,.F.,(5,5),(0.,1.),.PIECEWISE_BEZIER_KNOTS.);
#9558 = CARTESIAN_POINT('',(4.461276234957,-11.94008113868));
#9559 = CARTESIAN_POINT('',(4.792572724427,-11.59599164326));
#9560 = CARTESIAN_POINT('',(5.12377030215,-11.25177984201));
#9561 = CARTESIAN_POINT('',(5.454866184924,-10.90744064807));
#9562 = CARTESIAN_POINT('',(5.785856876696,-10.56296800902));
#9563 = ( GEOMETRIC_REPRESENTATION_CONTEXT(2) 
PARAMETRIC_REPRESENTATION_CONTEXT() REPRESENTATION_CONTEXT('2D SPACE',''
  ) );
#9564 = PCURVE('',#8958,#9565);
#9565 = DEFINITIONAL_REPRESENTATION('',(#9566),#9572);
#9566 = B_SPLINE_CURVE_WITH_KNOTS('',4,(#9567,#9568,#9569,#9570,#9571),
  .UNSPECIFIED.,.F.,.F.,(5,5),(0.,1.),.PIECEWISE_BEZIER_KNOTS.);
#9567 = CARTESIAN_POINT('',(7.,0.577925896298));
#9568 = CARTESIAN_POINT('',(6.749940582405,0.578537022999));
#9569 = CARTESIAN_POINT('',(6.49991839335,0.579138330582));
#9570 = CARTESIAN_POINT('',(6.249936899559,0.579730166932));
#9571 = CARTESIAN_POINT('',(6.,0.580312847692));
#9572 = ( GEOMETRIC_REPRESENTATION_CONTEXT(2) 
PARAMETRIC_REPRESENTATION_CONTEXT() REPRESENTATION_CONTEXT('2D SPACE',''
  ) );
#9573 = ORIENTED_EDGE('',*,*,#9574,.F.);
#9574 = EDGE_CURVE('',#9575,#9546,#9577,.T.);
#9575 = VERTEX_POINT('',#9576);
#9576 = CARTESIAN_POINT('',(39.372453671594,431.05372990334,
    13.139029706395));
#9577 = SURFACE_CURVE('',#9578,(#9584,#9593),.PCURVE_S1.);
#9578 = B_SPLINE_CURVE_WITH_KNOTS('',4,(#9579,#9580,#9581,#9582,#9583),
  .UNSPECIFIED.,.F.,.F.,(5,5),(0.,1.),.PIECEWISE_BEZIER_KNOTS.);
#9579 = CARTESIAN_POINT('',(39.372453671594,431.05372990334,
    13.139029706395));
#9580 = CARTESIAN_POINT('',(39.642931343155,430.86221301775,
    12.839456079117));
#9581 = CARTESIAN_POINT('',(39.913343577615,430.67074246616,
    12.539776819095));
#9582 = CARTESIAN_POINT('',(40.183688574525,430.4793195234,
    12.239986937121));
#9583 = CARTESIAN_POINT('',(40.453964325061,430.28794561185,
    11.940081138686));
#9584 = PCURVE('',#8427,#9585);
#9585 = DEFINITIONAL_REPRESENTATION('',(#9586),#9592);
#9586 = B_SPLINE_CURVE_WITH_KNOTS('',4,(#9587,#9588,#9589,#9590,#9591),
  .UNSPECIFIED.,.F.,.F.,(5,5),(0.,1.),.PIECEWISE_BEZIER_KNOTS.);
#9587 = CARTESIAN_POINT('',(3.136100444864,-13.13902970639));
#9588 = CARTESIAN_POINT('',(3.467516932499,-12.83945607911));
#9589 = CARTESIAN_POINT('',(3.798853240008,-12.53977681909));
#9590 = CARTESIAN_POINT('',(4.1301071613,-12.23998693712));
#9591 = CARTESIAN_POINT('',(4.461276234957,-11.94008113868));
#9592 = ( GEOMETRIC_REPRESENTATION_CONTEXT(2) 
PARAMETRIC_REPRESENTATION_CONTEXT() REPRESENTATION_CONTEXT('2D SPACE',''
  ) );
#9593 = PCURVE('',#9034,#9594);
#9594 = DEFINITIONAL_REPRESENTATION('',(#9595),#9601);
#9595 = B_SPLINE_CURVE_WITH_KNOTS('',4,(#9596,#9597,#9598,#9599,#9600),
  .UNSPECIFIED.,.F.,.F.,(5,5),(0.,1.),.PIECEWISE_BEZIER_KNOTS.);
#9596 = CARTESIAN_POINT('',(8.,0.57542219449));
#9597 = CARTESIAN_POINT('',(7.749966436737,0.576063517464));
#9598 = CARTESIAN_POINT('',(7.499953130963,0.576694327082));
#9599 = CARTESIAN_POINT('',(7.249963245359,0.577315004634));
#9600 = CARTESIAN_POINT('',(7.,0.577925896298));
#9601 = ( GEOMETRIC_REPRESENTATION_CONTEXT(2) 
PARAMETRIC_REPRESENTATION_CONTEXT() REPRESENTATION_CONTEXT('2D SPACE',''
  ) );
#9602 = ORIENTED_EDGE('',*,*,#9603,.F.);
#9603 = EDGE_CURVE('',#9604,#9575,#9606,.T.);
#9604 = VERTEX_POINT('',#9605);
#9605 = CARTESIAN_POINT('',(38.290420555968,431.81988413414,
    13.984523315606));
#9606 = SURFACE_CURVE('',#9607,(#9613,#9622),.PCURVE_S1.);
#9607 = B_SPLINE_CURVE_WITH_KNOTS('',4,(#9608,#9609,#9610,#9611,#9612),
  .UNSPECIFIED.,.F.,.F.,(5,5),(0.,1.),.PIECEWISE_BEZIER_KNOTS.);
#9608 = CARTESIAN_POINT('',(38.290420555967,431.81988413414,
    13.984523315606));
#9609 = CARTESIAN_POINT('',(38.560992249972,431.62830067417,
    13.7732661701));
#9610 = CARTESIAN_POINT('',(38.831522076139,431.43674685952,
    13.561933970944));
#9611 = CARTESIAN_POINT('',(39.102009501544,431.24522306754,
    13.350523235553));
#9612 = CARTESIAN_POINT('',(39.372453671594,431.05372990334,
    13.139029706395));
#9613 = PCURVE('',#8427,#9614);
#9614 = DEFINITIONAL_REPRESENTATION('',(#9615),#9621);
#9615 = B_SPLINE_CURVE_WITH_KNOTS('',4,(#9616,#9617,#9618,#9619,#9620),
  .UNSPECIFIED.,.F.,.F.,(5,5),(0.,1.),.PIECEWISE_BEZIER_KNOTS.);
#9616 = CARTESIAN_POINT('',(1.810284481506,-13.9845233156));
#9617 = CARTESIAN_POINT('',(2.141816174911,-13.7732661701));
#9618 = CARTESIAN_POINT('',(2.473296567625,-13.56193397094));
#9619 = CARTESIAN_POINT('',(2.804725006653,-13.35052323555));
#9620 = CARTESIAN_POINT('',(3.136100444864,-13.13902970639));
#9621 = ( GEOMETRIC_REPRESENTATION_CONTEXT(2) 
PARAMETRIC_REPRESENTATION_CONTEXT() REPRESENTATION_CONTEXT('2D SPACE',''
  ) );
#9622 = PCURVE('',#9107,#9623);
#9623 = DEFINITIONAL_REPRESENTATION('',(#9624),#9630);
#9624 = B_SPLINE_CURVE_WITH_KNOTS('',4,(#9625,#9626,#9627,#9628,#9629),
  .UNSPECIFIED.,.F.,.F.,(5,5),(0.,1.),.PIECEWISE_BEZIER_KNOTS.);
#9625 = CARTESIAN_POINT('',(9.,0.572792912386));
#9626 = CARTESIAN_POINT('',(8.750004794364,0.573466709316));
#9627 = CARTESIAN_POINT('',(8.50000494966,0.574129249064));
#9628 = CARTESIAN_POINT('',(8.250002593971,0.574780950951));
#9629 = CARTESIAN_POINT('',(8.,0.57542219449));
#9630 = ( GEOMETRIC_REPRESENTATION_CONTEXT(2) 
PARAMETRIC_REPRESENTATION_CONTEXT() REPRESENTATION_CONTEXT('2D SPACE',''
  ) );
#9631 = ORIENTED_EDGE('',*,*,#9632,.F.);
#9632 = EDGE_CURVE('',#9633,#9604,#9635,.T.);
#9633 = VERTEX_POINT('',#9634);
#9634 = CARTESIAN_POINT('',(37.207824386513,432.58643704598,
    14.301697608036));
#9635 = SURFACE_CURVE('',#9636,(#9642,#9651),.PCURVE_S1.);
#9636 = B_SPLINE_CURVE_WITH_KNOTS('',4,(#9637,#9638,#9639,#9640,#9641),
  .UNSPECIFIED.,.F.,.F.,(5,5),(0.,1.),.PIECEWISE_BEZIER_KNOTS.);
#9637 = CARTESIAN_POINT('',(37.207824386513,432.58643704598,
    14.301697608036));
#9638 = CARTESIAN_POINT('',(37.478502627434,432.39477814342,
    14.222423306008));
#9639 = CARTESIAN_POINT('',(37.749160964678,432.20313333405,
    14.143136289865));
#9640 = CARTESIAN_POINT('',(38.019800107904,432.01150211536,
    14.063836648275));
#9641 = CARTESIAN_POINT('',(38.290420555968,431.81988413414,
    13.984523315606));
#9642 = PCURVE('',#8427,#9643);
#9643 = DEFINITIONAL_REPRESENTATION('',(#9644),#9650);
#9644 = B_SPLINE_CURVE_WITH_KNOTS('',4,(#9645,#9646,#9647,#9648,#9649),
  .UNSPECIFIED.,.F.,.F.,(5,5),(0.,1.),.PIECEWISE_BEZIER_KNOTS.);
#9645 = CARTESIAN_POINT('',(0.483778607883,-14.30169760803));
#9646 = CARTESIAN_POINT('',(0.815440853303,-14.222423306));
#9647 = CARTESIAN_POINT('',(1.147078710732,-14.14313628986));
#9648 = CARTESIAN_POINT('',(1.478693049717,-14.06383664827));
#9649 = CARTESIAN_POINT('',(1.810284481506,-13.9845233156));
#9650 = ( GEOMETRIC_REPRESENTATION_CONTEXT(2) 
PARAMETRIC_REPRESENTATION_CONTEXT() REPRESENTATION_CONTEXT('2D SPACE',''
  ) );
#9651 = PCURVE('',#9181,#9652);
#9652 = DEFINITIONAL_REPRESENTATION('',(#9653),#9659);
#9653 = B_SPLINE_CURVE_WITH_KNOTS('',4,(#9654,#9655,#9656,#9657,#9658),
  .UNSPECIFIED.,.F.,.F.,(5,5),(0.,1.),.PIECEWISE_BEZIER_KNOTS.);
#9654 = CARTESIAN_POINT('',(10.,0.570028301233));
#9655 = CARTESIAN_POINT('',(9.750041399941,0.570737128588));
#9656 = CARTESIAN_POINT('',(9.500054438256,0.571433872033));
#9657 = CARTESIAN_POINT('',(9.250040252037,0.572118994046));
#9658 = CARTESIAN_POINT('',(9.,0.572792912386));
#9659 = ( GEOMETRIC_REPRESENTATION_CONTEXT(2) 
PARAMETRIC_REPRESENTATION_CONTEXT() REPRESENTATION_CONTEXT('2D SPACE',''
  ) );
#9660 = ORIENTED_EDGE('',*,*,#9661,.F.);
#9661 = EDGE_CURVE('',#9662,#9633,#9664,.T.);
#9662 = VERTEX_POINT('',#9663);
#9663 = CARTESIAN_POINT('',(36.813,432.866,14.299832208182));
#9664 = SURFACE_CURVE('',#9665,(#9671,#9680),.PCURVE_S1.);
#9665 = B_SPLINE_CURVE_WITH_KNOTS('',4,(#9666,#9667,#9668,#9669,#9670),
  .UNSPECIFIED.,.F.,.F.,(5,5),(0.,1.),.PIECEWISE_BEZIER_KNOTS.);
#9666 = CARTESIAN_POINT('',(36.813,432.866,14.299832208182));
#9667 = CARTESIAN_POINT('',(36.911706154349,432.79610922062,
    14.300292047734));
#9668 = CARTESIAN_POINT('',(37.010412270393,432.72621846837,
    14.300756154615));
#9669 = CARTESIAN_POINT('',(37.109118347817,432.65632774346,
    14.301224643225));
#9670 = CARTESIAN_POINT('',(37.207824386513,432.58643704598,
    14.301697608036));
#9671 = PCURVE('',#8427,#9672);
#9672 = DEFINITIONAL_REPRESENTATION('',(#9673),#9679);
#9673 = B_SPLINE_CURVE_WITH_KNOTS('',4,(#9674,#9675,#9676,#9677,#9678),
  .UNSPECIFIED.,.F.,.F.,(5,5),(0.,1.),.PIECEWISE_BEZIER_KNOTS.);
#9674 = CARTESIAN_POINT('',(0.,-14.29983220818));
#9675 = CARTESIAN_POINT('',(0.120944722696,-14.30029204773));
#9676 = CARTESIAN_POINT('',(0.241889398458,-14.30075615461));
#9677 = CARTESIAN_POINT('',(0.362834026897,-14.30122464322));
#9678 = CARTESIAN_POINT('',(0.483778607883,-14.30169760803));
#9679 = ( GEOMETRIC_REPRESENTATION_CONTEXT(2) 
PARAMETRIC_REPRESENTATION_CONTEXT() REPRESENTATION_CONTEXT('2D SPACE',''
  ) );
#9680 = PCURVE('',#9254,#9681);
#9681 = DEFINITIONAL_REPRESENTATION('',(#9682),#9688);
#9682 = B_SPLINE_CURVE_WITH_KNOTS('',4,(#9683,#9684,#9685,#9686,#9687),
  .UNSPECIFIED.,.F.,.F.,(5,5),(0.,1.),.PIECEWISE_BEZIER_KNOTS.);
#9683 = CARTESIAN_POINT('',(10.030870344488,0.56898468078));
#9684 = CARTESIAN_POINT('',(10.02315355807,0.569248030693));
#9685 = CARTESIAN_POINT('',(10.015436234286,0.569509737957));
#9686 = CARTESIAN_POINT('',(10.007718378555,0.56976981891));
#9687 = CARTESIAN_POINT('',(10.,0.570028301233));
#9688 = ( GEOMETRIC_REPRESENTATION_CONTEXT(2) 
PARAMETRIC_REPRESENTATION_CONTEXT() REPRESENTATION_CONTEXT('2D SPACE',''
  ) );
#9689 = ORIENTED_EDGE('',*,*,#9690,.T.);
#9690 = EDGE_CURVE('',#9662,#9691,#9693,.T.);
#9691 = VERTEX_POINT('',#9692);
#9692 = CARTESIAN_POINT('',(36.813,432.866,18.3));
#9693 = SURFACE_CURVE('',#9694,(#9698,#9705),.PCURVE_S1.);
#9694 = LINE('',#9695,#9696);
#9695 = CARTESIAN_POINT('',(36.813,432.866,0.));
#9696 = VECTOR('',#9697,1.);
#9697 = DIRECTION('',(-0.,-0.,1.));
#9698 = PCURVE('',#8427,#9699);
#9699 = DEFINITIONAL_REPRESENTATION('',(#9700),#9704);
#9700 = LINE('',#9701,#9702);
#9701 = CARTESIAN_POINT('',(0.,0.));
#9702 = VECTOR('',#9703,1.);
#9703 = DIRECTION('',(0.,-1.));
#9704 = ( GEOMETRIC_REPRESENTATION_CONTEXT(2) 
PARAMETRIC_REPRESENTATION_CONTEXT() REPRESENTATION_CONTEXT('2D SPACE',''
  ) );
#9705 = PCURVE('',#9323,#9706);
#9706 = DEFINITIONAL_REPRESENTATION('',(#9707),#9710);
#9707 = B_SPLINE_CURVE_WITH_KNOTS('',1,(#9708,#9709),.UNSPECIFIED.,.F.,
  .F.,(2,2),(14.299832208182,18.3),.PIECEWISE_BEZIER_KNOTS.);
#9708 = CARTESIAN_POINT('',(0.,-14.29983220818));
#9709 = CARTESIAN_POINT('',(0.,-18.3));
#9710 = ( GEOMETRIC_REPRESENTATION_CONTEXT(2) 
PARAMETRIC_REPRESENTATION_CONTEXT() REPRESENTATION_CONTEXT('2D SPACE',''
  ) );
#9711 = ORIENTED_EDGE('',*,*,#9712,.T.);
#9712 = EDGE_CURVE('',#9691,#9434,#9713,.T.);
#9713 = SURFACE_CURVE('',#9714,(#9718,#9725),.PCURVE_S1.);
#9714 = LINE('',#9715,#9716);
#9715 = CARTESIAN_POINT('',(36.813,432.866,18.3));
#9716 = VECTOR('',#9717,1.);
#9717 = DIRECTION('',(0.816126178543,-0.577873741138,0.));
#9718 = PCURVE('',#8427,#9719);
#9719 = DEFINITIONAL_REPRESENTATION('',(#9720),#9724);
#9720 = LINE('',#9721,#9722);
#9721 = CARTESIAN_POINT('',(0.,-18.3));
#9722 = VECTOR('',#9723,1.);
#9723 = DIRECTION('',(1.,0.));
#9724 = ( GEOMETRIC_REPRESENTATION_CONTEXT(2) 
PARAMETRIC_REPRESENTATION_CONTEXT() REPRESENTATION_CONTEXT('2D SPACE',''
  ) );
#9725 = PCURVE('',#8612,#9726);
#9726 = DEFINITIONAL_REPRESENTATION('',(#9727),#9731);
#9727 = LINE('',#9728,#9729);
#9728 = CARTESIAN_POINT('',(-36.81219301259,201.24720413799));
#9729 = VECTOR('',#9730,1.);
#9730 = DIRECTION('',(-0.816126178543,-0.577873741138));
#9731 = ( GEOMETRIC_REPRESENTATION_CONTEXT(2) 
PARAMETRIC_REPRESENTATION_CONTEXT() REPRESENTATION_CONTEXT('2D SPACE',''
  ) );
#9732 = ADVANCED_FACE('',(#9733),#8399,.T.);
#9733 = FACE_BOUND('',#9734,.T.);
#9734 = EDGE_LOOP('',(#9735,#9736,#9737,#9760));
#9735 = ORIENTED_EDGE('',*,*,#8383,.F.);
#9736 = ORIENTED_EDGE('',*,*,#9433,.T.);
#9737 = ORIENTED_EDGE('',*,*,#9738,.T.);
#9738 = EDGE_CURVE('',#9434,#9739,#9741,.T.);
#9739 = VERTEX_POINT('',#9740);
#9740 = CARTESIAN_POINT('',(56.755550727354,308.67249648237,18.3));
#9741 = SURFACE_CURVE('',#9742,(#9746,#9753),.PCURVE_S1.);
#9742 = LINE('',#9743,#9744);
#9743 = CARTESIAN_POINT('',(83.807,399.591,18.3));
#9744 = VECTOR('',#9745,1.);
#9745 = DIRECTION('',(-0.285179710787,-0.958474064623,0.));
#9746 = PCURVE('',#8399,#9747);
#9747 = DEFINITIONAL_REPRESENTATION('',(#9748),#9752);
#9748 = LINE('',#9749,#9750);
#9749 = CARTESIAN_POINT('',(0.,-18.3));
#9750 = VECTOR('',#9751,1.);
#9751 = DIRECTION('',(1.,0.));
#9752 = ( GEOMETRIC_REPRESENTATION_CONTEXT(2) 
PARAMETRIC_REPRESENTATION_CONTEXT() REPRESENTATION_CONTEXT('2D SPACE',''
  ) );
#9753 = PCURVE('',#8612,#9754);
#9754 = DEFINITIONAL_REPRESENTATION('',(#9755),#9759);
#9755 = LINE('',#9756,#9757);
#9756 = CARTESIAN_POINT('',(-83.80619301259,167.97220413799));
#9757 = VECTOR('',#9758,1.);
#9758 = DIRECTION('',(0.285179710787,-0.958474064623));
#9759 = ( GEOMETRIC_REPRESENTATION_CONTEXT(2) 
PARAMETRIC_REPRESENTATION_CONTEXT() REPRESENTATION_CONTEXT('2D SPACE',''
  ) );
#9760 = ORIENTED_EDGE('',*,*,#9761,.T.);
#9761 = EDGE_CURVE('',#9739,#8358,#9762,.T.);
#9762 = SURFACE_CURVE('',#9763,(#9767,#9773),.PCURVE_S1.);
#9763 = LINE('',#9764,#9765);
#9764 = CARTESIAN_POINT('',(56.755550727354,308.67249648237,-7.925));
#9765 = VECTOR('',#9766,1.);
#9766 = DIRECTION('',(0.,-0.,-1.));
#9767 = PCURVE('',#8399,#9768);
#9768 = DEFINITIONAL_REPRESENTATION('',(#9769),#9772);
#9769 = B_SPLINE_CURVE_WITH_KNOTS('',1,(#9770,#9771),.UNSPECIFIED.,.F.,
  .F.,(2,2),(-26.225,-14.725),.PIECEWISE_BEZIER_KNOTS.);
#9770 = CARTESIAN_POINT('',(94.857552095947,-18.3));
#9771 = CARTESIAN_POINT('',(94.857552095947,-6.8));
#9772 = ( GEOMETRIC_REPRESENTATION_CONTEXT(2) 
PARAMETRIC_REPRESENTATION_CONTEXT() REPRESENTATION_CONTEXT('2D SPACE',''
  ) );
#9773 = PCURVE('',#8372,#9774);
#9774 = DEFINITIONAL_REPRESENTATION('',(#9775),#9778);
#9775 = B_SPLINE_CURVE_WITH_KNOTS('',1,(#9776,#9777),.UNSPECIFIED.,.F.,
  .F.,(2,2),(-26.225,-14.725),.PIECEWISE_BEZIER_KNOTS.);
#9776 = CARTESIAN_POINT('',(34.15,46.598871120913));
#9777 = CARTESIAN_POINT('',(22.65,46.598871120913));
#9778 = ( GEOMETRIC_REPRESENTATION_CONTEXT(2) 
PARAMETRIC_REPRESENTATION_CONTEXT() REPRESENTATION_CONTEXT('2D SPACE',''
  ) );
#9779 = ADVANCED_FACE('',(#9780),#8372,.T.);
#9780 = FACE_BOUND('',#9781,.T.);
#9781 = EDGE_LOOP('',(#9782,#9783,#9784,#9785));
#9782 = ORIENTED_EDGE('',*,*,#8624,.T.);
#9783 = ORIENTED_EDGE('',*,*,#8357,.T.);
#9784 = ORIENTED_EDGE('',*,*,#9761,.F.);
#9785 = ORIENTED_EDGE('',*,*,#9786,.T.);
#9786 = EDGE_CURVE('',#9739,#8597,#9787,.T.);
#9787 = SURFACE_CURVE('',#9788,(#9792,#9798),.PCURVE_S1.);
#9788 = LINE('',#9789,#9790);
#9789 = CARTESIAN_POINT('',(70.954112619127,301.23984243187,18.3));
#9790 = VECTOR('',#9791,1.);
#9791 = DIRECTION('',(-0.885951737257,0.463777445819,-0.));
#9792 = PCURVE('',#8372,#9793);
#9793 = DEFINITIONAL_REPRESENTATION('',(#9794),#9797);
#9794 = B_SPLINE_CURVE_WITH_KNOTS('',1,(#9795,#9796),.UNSPECIFIED.,.F.,
  .F.,(2,2),(3.795263404881,59.427466764858),.PIECEWISE_BEZIER_KNOTS.);
#9795 = CARTESIAN_POINT('',(34.15,34.367796640022));
#9796 = CARTESIAN_POINT('',(34.15,90.));
#9797 = ( GEOMETRIC_REPRESENTATION_CONTEXT(2) 
PARAMETRIC_REPRESENTATION_CONTEXT() REPRESENTATION_CONTEXT('2D SPACE',''
  ) );
#9798 = PCURVE('',#8612,#9799);
#9799 = DEFINITIONAL_REPRESENTATION('',(#9800),#9803);
#9800 = B_SPLINE_CURVE_WITH_KNOTS('',1,(#9801,#9802),.UNSPECIFIED.,.F.,
  .F.,(2,2),(3.795263404881,59.427466764858),.PIECEWISE_BEZIER_KNOTS.);
#9801 = CARTESIAN_POINT('',(-67.59088542481,71.381204137994));
#9802 = CARTESIAN_POINT('',(-18.30343821059,97.182165317582));
#9803 = ( GEOMETRIC_REPRESENTATION_CONTEXT(2) 
PARAMETRIC_REPRESENTATION_CONTEXT() REPRESENTATION_CONTEXT('2D SPACE',''
  ) );
#9804 = ADVANCED_FACE('',(#9805),#8612,.F.);
#9805 = FACE_BOUND('',#9806,.F.);
#9806 = EDGE_LOOP('',(#9807,#9808,#9809,#9810,#9832,#9833));
#9807 = ORIENTED_EDGE('',*,*,#9786,.T.);
#9808 = ORIENTED_EDGE('',*,*,#8596,.F.);
#9809 = ORIENTED_EDGE('',*,*,#9335,.F.);
#9810 = ORIENTED_EDGE('',*,*,#9811,.F.);
#9811 = EDGE_CURVE('',#9691,#9308,#9812,.T.);
#9812 = SURFACE_CURVE('',#9813,(#9818,#9825),.PCURVE_S1.);
#9813 = CIRCLE('',#9814,51.051679222198);
#9814 = AXIS2_PLACEMENT_3D('',#9815,#9816,#9817);
#9815 = CARTESIAN_POINT('',(-1.680935954139E-02,468.21906343085,18.3));
#9816 = DIRECTION('',(0.,-0.,-1.));
#9817 = DIRECTION('',(0.721422094643,-0.692495603856,0.));
#9818 = PCURVE('',#8612,#9819);
#9819 = DEFINITIONAL_REPRESENTATION('',(#9820),#9824);
#9820 = CIRCLE('',#9821,51.051679222198);
#9821 = AXIS2_PLACEMENT_2D('',#9822,#9823);
#9822 = CARTESIAN_POINT('',(1.761634694595E-02,236.60026756884));
#9823 = DIRECTION('',(-0.721422094643,-0.692495603856));
#9824 = ( GEOMETRIC_REPRESENTATION_CONTEXT(2) 
PARAMETRIC_REPRESENTATION_CONTEXT() REPRESENTATION_CONTEXT('2D SPACE',''
  ) );
#9825 = PCURVE('',#9323,#9826);
#9826 = DEFINITIONAL_REPRESENTATION('',(#9827),#9831);
#9827 = LINE('',#9828,#9829);
#9828 = CARTESIAN_POINT('',(0.,-18.3));
#9829 = VECTOR('',#9830,1.);
#9830 = DIRECTION('',(1.,0.));
#9831 = ( GEOMETRIC_REPRESENTATION_CONTEXT(2) 
PARAMETRIC_REPRESENTATION_CONTEXT() REPRESENTATION_CONTEXT('2D SPACE',''
  ) );
#9832 = ORIENTED_EDGE('',*,*,#9712,.T.);
#9833 = ORIENTED_EDGE('',*,*,#9738,.T.);
#9834 = ADVANCED_FACE('',(#9835),#8662,.F.);
#9835 = FACE_BOUND('',#9836,.F.);
#9836 = EDGE_LOOP('',(#9837,#9860,#9887,#9888));
#9837 = ORIENTED_EDGE('',*,*,#9838,.T.);
#9838 = EDGE_CURVE('',#8646,#9839,#9841,.T.);
#9839 = VERTEX_POINT('',#9840);
#9840 = CARTESIAN_POINT('',(43.067131309745,321.48747299832,9.6));
#9841 = SEAM_CURVE('',#9842,(#9846,#9853),.PCURVE_S1.);
#9842 = LINE('',#9843,#9844);
#9843 = CARTESIAN_POINT('',(39.041521465705,322.68516468802,9.6));
#9844 = VECTOR('',#9845,1.);
#9845 = DIRECTION('',(0.958478534295,-0.285164688023,2.22044604925E-16)
  );
#9846 = PCURVE('',#8662,#9847);
#9847 = DEFINITIONAL_REPRESENTATION('',(#9848),#9852);
#9848 = LINE('',#9849,#9850);
#9849 = CARTESIAN_POINT('',(6.28318530718,-0.));
#9850 = VECTOR('',#9851,1.);
#9851 = DIRECTION('',(0.,1.));
#9852 = ( GEOMETRIC_REPRESENTATION_CONTEXT(2) 
PARAMETRIC_REPRESENTATION_CONTEXT() REPRESENTATION_CONTEXT('2D SPACE',''
  ) );
#9853 = PCURVE('',#8662,#9854);
#9854 = DEFINITIONAL_REPRESENTATION('',(#9855),#9859);
#9855 = LINE('',#9856,#9857);
#9856 = CARTESIAN_POINT('',(0.,-0.));
#9857 = VECTOR('',#9858,1.);
#9858 = DIRECTION('',(0.,1.));
#9859 = ( GEOMETRIC_REPRESENTATION_CONTEXT(2) 
PARAMETRIC_REPRESENTATION_CONTEXT() REPRESENTATION_CONTEXT('2D SPACE',''
  ) );
#9860 = ORIENTED_EDGE('',*,*,#9861,.F.);
#9861 = EDGE_CURVE('',#9839,#9839,#9862,.T.);
#9862 = SURFACE_CURVE('',#9863,(#9868,#9875),.PCURVE_S1.);
#9863 = CIRCLE('',#9864,2.9);
#9864 = AXIS2_PLACEMENT_3D('',#9865,#9866,#9867);
#9865 = CARTESIAN_POINT('',(43.067131309745,321.48747299832,12.5));
#9866 = DIRECTION('',(0.958478534295,-0.285164688023,2.22044604925E-16)
  );
#9867 = DIRECTION('',(2.128249874767E-16,-6.331928049056E-17,-1.));
#9868 = PCURVE('',#8662,#9869);
#9869 = DEFINITIONAL_REPRESENTATION('',(#9870),#9874);
#9870 = LINE('',#9871,#9872);
#9871 = CARTESIAN_POINT('',(0.,4.2));
#9872 = VECTOR('',#9873,1.);
#9873 = DIRECTION('',(1.,0.));
#9874 = ( GEOMETRIC_REPRESENTATION_CONTEXT(2) 
PARAMETRIC_REPRESENTATION_CONTEXT() REPRESENTATION_CONTEXT('2D SPACE',''
  ) );
#9875 = PCURVE('',#9876,#9881);
#9876 = PLANE('',#9877);
#9877 = AXIS2_PLACEMENT_3D('',#9878,#9879,#9880);
#9878 = CARTESIAN_POINT('',(43.067131309745,321.48747299832,12.5));
#9879 = DIRECTION('',(0.958478534295,-0.285164688023,2.22044604925E-16)
  );
#9880 = DIRECTION('',(2.128249874767E-16,-6.331928049056E-17,-1.));
#9881 = DEFINITIONAL_REPRESENTATION('',(#9882),#9886);
#9882 = CIRCLE('',#9883,2.9);
#9883 = AXIS2_PLACEMENT_2D('',#9884,#9885);
#9884 = CARTESIAN_POINT('',(0.,0.));
#9885 = DIRECTION('',(1.,0.));
#9886 = ( GEOMETRIC_REPRESENTATION_CONTEXT(2) 
PARAMETRIC_REPRESENTATION_CONTEXT() REPRESENTATION_CONTEXT('2D SPACE',''
  ) );
#9887 = ORIENTED_EDGE('',*,*,#9838,.F.);
#9888 = ORIENTED_EDGE('',*,*,#8645,.T.);
#9889 = ADVANCED_FACE('',(#9890,#10137),#9323,.F.);
#9890 = FACE_BOUND('',#9891,.F.);
#9891 = EDGE_LOOP('',(#9892,#10134,#10135,#10136));
#9892 = ORIENTED_EDGE('',*,*,#9893,.T.);
#9893 = EDGE_CURVE('',#9235,#9662,#9894,.T.);
#9894 = SURFACE_CURVE('',#9895,(#9982,#10072),.PCURVE_S1.);
#9895 = B_SPLINE_CURVE_WITH_KNOTS('',7,(#9896,#9897,#9898,#9899,#9900,
    #9901,#9902,#9903,#9904,#9905,#9906,#9907,#9908,#9909,#9910,#9911,
    #9912,#9913,#9914,#9915,#9916,#9917,#9918,#9919,#9920,#9921,#9922,
    #9923,#9924,#9925,#9926,#9927,#9928,#9929,#9930,#9931,#9932,#9933,
    #9934,#9935,#9936,#9937,#9938,#9939,#9940,#9941,#9942,#9943,#9944,
    #9945,#9946,#9947,#9948,#9949,#9950,#9951,#9952,#9953,#9954,#9955,
    #9956,#9957,#9958,#9959,#9960,#9961,#9962,#9963,#9964,#9965,#9966,
    #9967,#9968,#9969,#9970,#9971,#9972,#9973,#9974,#9975,#9976,#9977,
    #9978,#9979,#9980,#9981),.UNSPECIFIED.,.F.,.F.,(8,6,6,6,6,6,6,6,6,6,
    6,6,6,6,8),(0.,8.239654818544E-02,0.20822052722,0.334976151362,
    0.408419609126,0.472807839291,0.528103252806,0.576545127932,
    0.659899023545,0.690272466418,0.799854882154,0.827548314416,
    0.910009287173,0.931025384161,1.),.UNSPECIFIED.);
#9896 = CARTESIAN_POINT('',(10.081,418.176,7.967790204114));
#9897 = CARTESIAN_POINT('',(10.439987948335,418.24843744919,
    8.043668533149));
#9898 = CARTESIAN_POINT('',(10.797571875864,418.32371850205,
    8.121510448719));
#9899 = CARTESIAN_POINT('',(11.153748838011,418.40181719621,
    8.201197326038));
#9900 = CARTESIAN_POINT('',(11.508519567675,418.48270960868,
    8.282613753261));
#9901 = CARTESIAN_POINT('',(11.861888475233,418.56637385582,
    8.365647531476));
#9902 = CARTESIAN_POINT('',(12.213863648541,418.65279009334,
    8.450189674709));
#9903 = CARTESIAN_POINT('',(13.099831610372,418.87807802698,
    8.667376662172));
#9904 = CARTESIAN_POINT('',(13.631978968695,419.0205904886,
    8.801889416293));
#9905 = CARTESIAN_POINT('',(14.160946743135,419.16941712855,
    8.93928963395));
#9906 = CARTESIAN_POINT('',(14.686777265282,419.32450439336,
    9.079234728502));
#9907 = CARTESIAN_POINT('',(15.209531145982,419.48581246345,
    9.221373395854));
#9908 = CARTESIAN_POINT('',(15.729270781852,419.65331257107,
    9.365377961293));
#9909 = CARTESIAN_POINT('',(16.766694864562,420.00195442935,
    9.657550738388));
#9910 = CARTESIAN_POINT('',(17.284330060754,420.18318614686,
    9.805740340955));
#9911 = CARTESIAN_POINT('',(17.79904929761,420.37067070888,
    9.955163650901));
#9912 = CARTESIAN_POINT('',(18.310916667971,420.56440100885,
    10.105512327267));
#9913 = CARTESIAN_POINT('',(18.820003137788,420.76438333361,
    10.256466643125));
#9914 = CARTESIAN_POINT('',(19.326373288548,420.9706333223,
    10.40772185087));
#9915 = CARTESIAN_POINT('',(20.12195587144,421.30633130396,
    10.646602845837));
#9916 = CARTESIAN_POINT('',(20.412926753833,421.43159619884,
    10.73423404817));
#9917 = CARTESIAN_POINT('',(20.703020334969,421.55897999961,
    10.821801526277));
#9918 = CARTESIAN_POINT('',(20.992248900417,421.68848929213,
    10.909244051337));
#9919 = CARTESIAN_POINT('',(21.28062404722,421.82013172057,
    10.99650009267));
#9920 = CARTESIAN_POINT('',(21.568156683903,421.95391598747,
    11.083507817733));
#9921 = CARTESIAN_POINT('',(22.10620859349,422.2090274768,
    11.246213006615));
#9922 = CARTESIAN_POINT('',(22.356920397978,422.32985682256,
    11.321981951417));
#9923 = CARTESIAN_POINT('',(22.606998920951,422.45234623837,
    11.3974708486));
#9924 = CARTESIAN_POINT('',(22.85645065761,422.57650292966,
    11.472636697767));
#9925 = CARTESIAN_POINT('',(23.105281497833,422.70233460747,
    11.547435937281));
#9926 = CARTESIAN_POINT('',(23.353496102668,422.82984913608,
    11.621825805514));
#9927 = CARTESIAN_POINT('',(23.813732563674,423.07001306774,
    11.759263908911));
#9928 = CARTESIAN_POINT('',(24.025915380436,423.18221867557,
    11.822430133636));
#9929 = CARTESIAN_POINT('',(24.237647768137,423.29567599493,
    11.885238054246));
#9930 = CARTESIAN_POINT('',(24.448931316175,423.41039015676,
    11.947660978339));
#9931 = CARTESIAN_POINT('',(24.65976716633,423.52636643205,
    12.009671843126));
#9932 = CARTESIAN_POINT('',(24.870156012758,423.64361023187,
    12.071243215426));
#9933 = CARTESIAN_POINT('',(25.264019115039,423.86595451935,
    12.185877880252));
#9934 = CARTESIAN_POINT('',(25.44759724511,423.97075897515,
    12.239049671429));
#9935 = CARTESIAN_POINT('',(25.630832440811,424.07654406079,
    12.291844570654));
#9936 = CARTESIAN_POINT('',(25.813724923454,424.1833137601,
    12.344242597338));
#9937 = CARTESIAN_POINT('',(25.996274052553,424.2910717538,
    12.396224836153));
#9938 = CARTESIAN_POINT('',(26.178478533456,424.39982153188,
    12.447772938613));
#9939 = CARTESIAN_POINT('',(26.673263348597,424.69840680796,
    12.586779544902));
#9940 = CARTESIAN_POINT('',(26.985167372457,424.89019544675,
    12.673341842117));
#9941 = CARTESIAN_POINT('',(27.296055661654,425.08495943607,
    12.758425294514));
#9942 = CARTESIAN_POINT('',(27.605928662523,425.28272432029,
    12.841899193087));
#9943 = CARTESIAN_POINT('',(27.914781867621,425.48351473084,
    12.923628785234));
#9944 = CARTESIAN_POINT('',(28.222606038529,425.68735412914,
    13.003475168104));
#9945 = CARTESIAN_POINT('',(28.641175929478,425.96966092782,
    13.109652125888));
#9946 = CARTESIAN_POINT('',(28.752825903823,426.04546503683,
    13.137739890361));
#9947 = CARTESIAN_POINT('',(28.864336559671,426.12167785358,
    13.165551823073));
#9948 = CARTESIAN_POINT('',(28.975707119308,426.19830039561,
    13.193080749234));
#9949 = CARTESIAN_POINT('',(29.086936718405,426.27533364605,
    13.220319328993));
#9950 = CARTESIAN_POINT('',(29.198024305095,426.35277847857,
    13.247260414891));
#9951 = CARTESIAN_POINT('',(29.709237195396,426.71153128292,
    13.369999329867));
#9952 = CARTESIAN_POINT('',(30.107636106602,426.99779064523,
    13.462153890538));
#9953 = CARTESIAN_POINT('',(30.504042542103,427.28940370836,
    13.550235996017));
#9954 = CARTESIAN_POINT('',(30.898327044215,427.58635204311,
    13.634118429841));
#9955 = CARTESIAN_POINT('',(31.290353862047,427.88860765865,
    13.713672795346));
#9956 = CARTESIAN_POINT('',(31.67998138544,428.19613190914,
    13.788770456661));
#9957 = CARTESIAN_POINT('',(32.164884905027,428.58791000954,
    13.877103379109));
#9958 = CARTESIAN_POINT('',(32.262544337317,428.66727867183,
    13.894631868304));
#9959 = CARTESIAN_POINT('',(32.36003971966,428.74698054047,
    13.911860888067));
#9960 = CARTESIAN_POINT('',(32.457374420168,428.82701948468,
    13.928762168121));
#9961 = CARTESIAN_POINT('',(32.55454611065,428.9073948189,
    13.945329417312));
#9962 = CARTESIAN_POINT('',(32.651556344179,428.98810903448,
    13.961539475179));
#9963 = CARTESIAN_POINT('',(33.036781923869,429.31051083208,
    14.02453650637));
#9964 = CARTESIAN_POINT('',(33.32371556082,429.55486450307,
    14.068391105379));
#9965 = CARTESIAN_POINT('',(33.609204603447,429.80225627631,
    14.108490368602));
#9966 = CARTESIAN_POINT('',(33.893210538756,430.0526903443,
    14.144364177624));
#9967 = CARTESIAN_POINT('',(34.175658842815,430.30613860668,
    14.175529604617));
#9968 = CARTESIAN_POINT('',(34.456440970303,430.56253680227,
    14.201497512466));
#9969 = CARTESIAN_POINT('',(34.806516324039,430.8878518198,
    14.226948157277));
#9970 = CARTESIAN_POINT('',(34.877498421054,430.95410734054,
    14.231745448774));
#9971 = CARTESIAN_POINT('',(34.948360410564,431.0205455814,
    14.236161986441));
#9972 = CARTESIAN_POINT('',(35.019096097922,431.08716112416,
    14.240242971961));
#9973 = CARTESIAN_POINT('',(35.089700856312,431.1539499108,
    14.244021090148));
#9974 = CARTESIAN_POINT('',(35.160172413612,431.22090999277,
    14.247506938758));
#9975 = CARTESIAN_POINT('',(35.461343916071,431.50835089189,
    14.261336527581));
#9976 = CARTESIAN_POINT('',(35.690684807149,431.73045263179,
    14.269154817705));
#9977 = CARTESIAN_POINT('',(35.918464372735,431.95428642015,
    14.275140178198));
#9978 = CARTESIAN_POINT('',(36.144627271925,432.17980068341,
    14.280245813693));
#9979 = CARTESIAN_POINT('',(36.36912752214,432.4069495627,
    14.285426979781));
#9980 = CARTESIAN_POINT('',(36.591928009632,432.63569352926,
    14.291638487557));
#9981 = CARTESIAN_POINT('',(36.813,432.866,14.299832208182));
#9982 = PCURVE('',#9323,#9983);
#9983 = DEFINITIONAL_REPRESENTATION('',(#9984),#10071);
#9984 = B_SPLINE_CURVE_WITH_KNOTS('',7,(#9985,#9986,#9987,#9988,#9989,
    #9990,#9991,#9992,#9993,#9994,#9995,#9996,#9997,#9998,#9999,#10000,
    #10001,#10002,#10003,#10004,#10005,#10006,#10007,#10008,#10009,
    #10010,#10011,#10012,#10013,#10014,#10015,#10016,#10017,#10018,
    #10019,#10020,#10021,#10022,#10023,#10024,#10025,#10026,#10027,
    #10028,#10029,#10030,#10031,#10032,#10033,#10034,#10035,#10036,
    #10037,#10038,#10039,#10040,#10041,#10042,#10043,#10044,#10045,
    #10046,#10047,#10048,#10049,#10050,#10051,#10052,#10053,#10054,
    #10055,#10056,#10057,#10058,#10059,#10060,#10061,#10062,#10063,
    #10064,#10065,#10066,#10067,#10068,#10069,#10070),.UNSPECIFIED.,.F.,
  .F.,(8,6,6,6,6,6,6,6,6,6,6,6,6,6,8),(0.,8.239654818544E-02,
    0.20822052722,0.334976151362,0.408419609126,0.472807839291,
    0.528103252806,0.576545127932,0.659899023545,0.690272466418,
    0.799854882154,0.827548314416,0.910009287173,0.931025384161,1.),
  .UNSPECIFIED.);
#9985 = CARTESIAN_POINT('',(0.606744892209,-7.967790204114));
#9986 = CARTESIAN_POINT('',(0.599571311622,-8.043668533149));
#9987 = CARTESIAN_POINT('',(0.592413671674,-8.121510448719));
#9988 = CARTESIAN_POINT('',(0.585271528029,-8.201197326038));
#9989 = CARTESIAN_POINT('',(0.578144368149,-8.282613753261));
#9990 = CARTESIAN_POINT('',(0.571031611288,-8.365647531476));
#9991 = CARTESIAN_POINT('',(0.563932608499,-8.450189674709));
#9992 = CARTESIAN_POINT('',(0.546025990053,-8.667376662172));
#9993 = CARTESIAN_POINT('',(0.535235832148,-8.801889416293));
#9994 = CARTESIAN_POINT('',(0.524473485223,-8.939289633949));
#9995 = CARTESIAN_POINT('',(0.51373638722,-9.079234728502));
#9996 = CARTESIAN_POINT('',(0.503021603196,-9.221373395854));
#9997 = CARTESIAN_POINT('',(0.492326138016,-9.365377961293));
#9998 = CARTESIAN_POINT('',(0.470888244985,-9.657550738388));
#9999 = CARTESIAN_POINT('',(0.460146170224,-9.805740340955));
#10000 = CARTESIAN_POINT('',(0.44941718664,-9.955163650901));
#10001 = CARTESIAN_POINT('',(0.438698142516,-10.10551232726));
#10002 = CARTESIAN_POINT('',(0.427985688225,-10.25646664312));
#10003 = CARTESIAN_POINT('',(0.417276533419,-10.40772185087));
#10004 = CARTESIAN_POINT('',(0.400362158238,-10.64660284583));
#10005 = CARTESIAN_POINT('',(0.39415705682,-10.73423404817));
#10006 = CARTESIAN_POINT('',(0.387951263098,-10.82180152627));
#10007 = CARTESIAN_POINT('',(0.381744114663,-10.90924405133));
#10008 = CARTESIAN_POINT('',(0.375534951992,-10.99650009267));
#10009 = CARTESIAN_POINT('',(0.369323118444,-11.08350781773));
#10010 = CARTESIAN_POINT('',(0.357659101411,-11.24621300661));
#10011 = CARTESIAN_POINT('',(0.352207687902,-11.32198195141));
#10012 = CARTESIAN_POINT('',(0.346753287614,-11.3974708486));
#10013 = CARTESIAN_POINT('',(0.341295459757,-11.47263669776));
#10014 = CARTESIAN_POINT('',(0.335833768397,-11.54743593728));
#10015 = CARTESIAN_POINT('',(0.330367795976,-11.62182580551));
#10016 = CARTESIAN_POINT('',(0.320199073772,-11.75926390891));
#10017 = CARTESIAN_POINT('',(0.315497550328,-11.82243013363));
#10018 = CARTESIAN_POINT('',(0.310792336775,-11.88523805424));
#10019 = CARTESIAN_POINT('',(0.306083188467,-11.94766097833));
#10020 = CARTESIAN_POINT('',(0.301369865829,-12.00967184312));
#10021 = CARTESIAN_POINT('',(0.296652134368,-12.07124321542));
#10022 = CARTESIAN_POINT('',(0.287792704663,-12.18587788025));
#10023 = CARTESIAN_POINT('',(0.283652085077,-12.23904967142));
#10024 = CARTESIAN_POINT('',(0.279507756603,-12.29184457065));
#10025 = CARTESIAN_POINT('',(0.275359560553,-12.34424259733));
#10026 = CARTESIAN_POINT('',(0.271207354865,-12.39622483615));
#10027 = CARTESIAN_POINT('',(0.267051009381,-12.44777293861));
#10028 = CARTESIAN_POINT('',(0.255731162228,-12.5867795449));
#10029 = CARTESIAN_POINT('',(0.248559235816,-12.67334184211));
#10030 = CARTESIAN_POINT('',(0.24137363249,-12.75842529451));
#10031 = CARTESIAN_POINT('',(0.234173477158,-12.84189919308));
#10032 = CARTESIAN_POINT('',(0.226957975668,-12.92362878523));
#10033 = CARTESIAN_POINT('',(0.219726412155,-13.0034751681));
#10034 = CARTESIAN_POINT('',(0.209836940687,-13.10965212588));
#10035 = CARTESIAN_POINT('',(0.207193518755,-13.13773989036));
#10036 = CARTESIAN_POINT('',(0.204547852679,-13.16555182307));
#10037 = CARTESIAN_POINT('',(0.20189991362,-13.19308074923));
#10038 = CARTESIAN_POINT('',(0.19924967429,-13.22031932899));
#10039 = CARTESIAN_POINT('',(0.196597111402,-13.24726041489));
#10040 = CARTESIAN_POINT('',(0.184363751197,-13.36999932986));
#10041 = CARTESIAN_POINT('',(0.174754921288,-13.46215389053));
#10042 = CARTESIAN_POINT('',(0.165116363624,-13.55023599601));
#10043 = CARTESIAN_POINT('',(0.155448884144,-13.63411842984));
#10044 = CARTESIAN_POINT('',(0.145753459368,-13.71367279534));
#10045 = CARTESIAN_POINT('',(0.136031246236,-13.78877045666));
#10046 = CARTESIAN_POINT('',(0.123820185765,-13.8771033791));
#10047 = CARTESIAN_POINT('',(0.121355161507,-13.8946318683));
#10048 = CARTESIAN_POINT('',(0.118888510508,-13.91186088806));
#10049 = CARTESIAN_POINT('',(0.11642010926,-13.92876216812));
#10050 = CARTESIAN_POINT('',(0.113949976959,-13.94532941731));
#10051 = CARTESIAN_POINT('',(0.111478034389,-13.96153947517));
#10052 = CARTESIAN_POINT('',(0.101638275617,-14.02453650637));
#10053 = CARTESIAN_POINT('',(9.425619480779E-02,-14.06839110537));
#10054 = CARTESIAN_POINT('',(8.685696843123E-02,-14.1084903686));
#10055 = CARTESIAN_POINT('',(7.9440454422E-02,-14.14436417762));
#10056 = CARTESIAN_POINT('',(7.200744462675E-02,-14.17552960461));
#10057 = CARTESIAN_POINT('',(6.455968752692E-02,-14.20149751246));
#10058 = CARTESIAN_POINT('',(5.519870385053E-02,-14.22694815727));
#10059 = CARTESIAN_POINT('',(5.329673020593E-02,-14.23174544877));
#10060 = CARTESIAN_POINT('',(5.139403235141E-02,-14.23616198644));
#10061 = CARTESIAN_POINT('',(4.949076015336E-02,-14.24024297196));
#10062 = CARTESIAN_POINT('',(4.758702281971E-02,-14.24402109014));
#10063 = CARTESIAN_POINT('',(4.568286763017E-02,-14.24750693875));
#10064 = CARTESIAN_POINT('',(3.752789500454E-02,-14.26133652758));
#10065 = CARTESIAN_POINT('',(3.127441410418E-02,-14.2691548177));
#10066 = CARTESIAN_POINT('',(2.501923391869E-02,-14.27514017819));
#10067 = CARTESIAN_POINT('',(1.87634358945E-02,-14.28024581369));
#10068 = CARTESIAN_POINT('',(1.25078916349E-02,-14.28542697978));
#10069 = CARTESIAN_POINT('',(6.253262632221E-03,-14.29163848755));
#10070 = CARTESIAN_POINT('',(0.,-14.29983220818));
#10071 = ( GEOMETRIC_REPRESENTATION_CONTEXT(2) 
PARAMETRIC_REPRESENTATION_CONTEXT() REPRESENTATION_CONTEXT('2D SPACE',''
  ) );
#10072 = PCURVE('',#9254,#10073);
#10073 = DEFINITIONAL_REPRESENTATION('',(#10074),#10133);
#10074 = B_SPLINE_CURVE_WITH_KNOTS('',8,(#10075,#10076,#10077,#10078,
    #10079,#10080,#10081,#10082,#10083,#10084,#10085,#10086,#10087,
    #10088,#10089,#10090,#10091,#10092,#10093,#10094,#10095,#10096,
    #10097,#10098,#10099,#10100,#10101,#10102,#10103,#10104,#10105,
    #10106,#10107,#10108,#10109,#10110,#10111,#10112,#10113,#10114,
    #10115,#10116,#10117,#10118,#10119,#10120,#10121,#10122,#10123,
    #10124,#10125,#10126,#10127,#10128,#10129,#10130,#10131,#10132),
  .UNSPECIFIED.,.F.,.F.,(9,7,7,7,7,7,7,7,9),(0.,0.25,0.4375,0.578125,
    0.68359375,0.7626953125,0.822021484375,0.911010742188,1.),
  .UNSPECIFIED.);
#10075 = CARTESIAN_POINT('',(10.030786630836,0.110265228689));
#10076 = CARTESIAN_POINT('',(10.030800541362,0.124651770525));
#10077 = CARTESIAN_POINT('',(10.030813191358,0.138970115491));
#10078 = CARTESIAN_POINT('',(10.030825905934,0.15322253751));
#10079 = CARTESIAN_POINT('',(10.030837512444,0.167419549494));
#10080 = CARTESIAN_POINT('',(10.03084785434,0.181568376602));
#10081 = CARTESIAN_POINT('',(10.030857547789,0.195676282465));
#10082 = CARTESIAN_POINT('',(10.030866650261,0.209755182839));
#10083 = CARTESIAN_POINT('',(10.030881122909,0.234358117911));
#10084 = CARTESIAN_POINT('',(10.030886822656,0.244890908184));
#10085 = CARTESIAN_POINT('',(10.030892077209,0.255416543902));
#10086 = CARTESIAN_POINT('',(10.030896926614,0.265939242487));
#10087 = CARTESIAN_POINT('',(10.030901383304,0.276463246867));
#10088 = CARTESIAN_POINT('',(10.030905432099,0.286992825476));
#10089 = CARTESIAN_POINT('',(10.030909030206,0.297532272255));
#10090 = CARTESIAN_POINT('',(10.030914428937,0.316001101621));
#10091 = CARTESIAN_POINT('',(10.030916520088,0.323924183803));
#10092 = CARTESIAN_POINT('',(10.03091838251,0.331856900978));
#10093 = CARTESIAN_POINT('',(10.030920012876,0.339800902396));
#10094 = CARTESIAN_POINT('',(10.03092140269,0.347757738777));
#10095 = CARTESIAN_POINT('',(10.030922538287,0.355728862304));
#10096 = CARTESIAN_POINT('',(10.030923400831,0.363715626629));
#10097 = CARTESIAN_POINT('',(10.030924393242,0.377722037938));
#10098 = CARTESIAN_POINT('',(10.030924665761,0.383734329309));
#10099 = CARTESIAN_POINT('',(10.030924812765,0.38975700208));
#10100 = CARTESIAN_POINT('',(10.030924847737,0.395790807877));
#10101 = CARTESIAN_POINT('',(10.030924768747,0.401836408856));
#10102 = CARTESIAN_POINT('',(10.03092455846,0.407894377706));
#10103 = CARTESIAN_POINT('',(10.030924184127,0.413965197644));
#10104 = CARTESIAN_POINT('',(10.030923161364,0.424612288815));
#10105 = CARTESIAN_POINT('',(10.030922583907,0.429182836116));
#10106 = CARTESIAN_POINT('',(10.030921906985,0.433760803339));
#10107 = CARTESIAN_POINT('',(10.030921160387,0.438346070651));
#10108 = CARTESIAN_POINT('',(10.030920361922,0.442938499368));
#10109 = CARTESIAN_POINT('',(10.030919517421,0.447537931955));
#10110 = CARTESIAN_POINT('',(10.030918620737,0.452144192027));
#10111 = CARTESIAN_POINT('',(10.03091692949,0.460216763112));
#10112 = CARTESIAN_POINT('',(10.030916157697,0.46368012425));
#10113 = CARTESIAN_POINT('',(10.030915349,0.467147216235));
#10114 = CARTESIAN_POINT('',(10.030914481269,0.470617879817));
#10115 = CARTESIAN_POINT('',(10.030913522264,0.474091908677));
#10116 = CARTESIAN_POINT('',(10.030912452282,0.477569210105));
#10117 = CARTESIAN_POINT('',(10.030911286804,0.481049965658));
#10118 = CARTESIAN_POINT('',(10.030908310849,0.489762008717));
#10119 = CARTESIAN_POINT('',(10.030906417356,0.494997837608));
#10120 = CARTESIAN_POINT('',(10.03090448446,0.500243147986));
#10121 = CARTESIAN_POINT('',(10.03090253743,0.505498333404));
#10122 = CARTESIAN_POINT('',(10.030900561012,0.510763311496));
#10123 = CARTESIAN_POINT('',(10.030898499423,0.516037523967));
#10124 = CARTESIAN_POINT('',(10.030896256355,0.521319936599));
#10125 = CARTESIAN_POINT('',(10.030891135186,0.531898111267));
#10126 = CARTESIAN_POINT('',(10.030888221459,0.537193756643));
#10127 = CARTESIAN_POINT('',(10.030885159969,0.542493505844));
#10128 = CARTESIAN_POINT('',(10.030882109073,0.547789154301));
#10129 = CARTESIAN_POINT('',(10.030879130645,0.55309090895));
#10130 = CARTESIAN_POINT('',(10.03087623592,0.558388680529));
#10131 = CARTESIAN_POINT('',(10.030873352742,0.56368730189));
#10132 = CARTESIAN_POINT('',(10.03087034487,0.568984681942));
#10133 = ( GEOMETRIC_REPRESENTATION_CONTEXT(2) 
PARAMETRIC_REPRESENTATION_CONTEXT() REPRESENTATION_CONTEXT('2D SPACE',''
  ) );
#10134 = ORIENTED_EDGE('',*,*,#9690,.T.);
#10135 = ORIENTED_EDGE('',*,*,#9811,.T.);
#10136 = ORIENTED_EDGE('',*,*,#9307,.F.);
#10137 = FACE_BOUND('',#10138,.F.);
#10138 = EDGE_LOOP('',(#10139));
#10139 = ORIENTED_EDGE('',*,*,#10140,.F.);
#10140 = EDGE_CURVE('',#10141,#10141,#10143,.T.);
#10141 = VERTEX_POINT('',#10142);
#10142 = CARTESIAN_POINT('',(17.868139676274,420.40272156541,11.5));
#10143 = SURFACE_CURVE('',#10144,(#10210,#10279),.PCURVE_S1.);
#10144 = B_SPLINE_CURVE_WITH_KNOTS('',8,(#10145,#10146,#10147,#10148,
    #10149,#10150,#10151,#10152,#10153,#10154,#10155,#10156,#10157,
    #10158,#10159,#10160,#10161,#10162,#10163,#10164,#10165,#10166,
    #10167,#10168,#10169,#10170,#10171,#10172,#10173,#10174,#10175,
    #10176,#10177,#10178,#10179,#10180,#10181,#10182,#10183,#10184,
    #10185,#10186,#10187,#10188,#10189,#10190,#10191,#10192,#10193,
    #10194,#10195,#10196,#10197,#10198,#10199,#10200,#10201,#10202,
    #10203,#10204,#10205,#10206,#10207,#10208,#10209),.UNSPECIFIED.,.T.,
  .F.,(9,7,7,7,7,7,7,7,7,9),(0.,8.238226167847E-02,0.180529127619,
    0.373523769018,0.476909890574,0.58105313436,0.748718780391,
    0.873818288598,0.94841606439,1.),.UNSPECIFIED.);
#10145 = CARTESIAN_POINT('',(17.868139676274,420.40272156541,11.5));
#10146 = CARTESIAN_POINT('',(18.081236386435,420.48242703121,11.5));
#10147 = CARTESIAN_POINT('',(18.292138050923,420.56254836951,
    11.520399224379));
#10148 = CARTESIAN_POINT('',(18.498299555172,420.64209860909,
    11.560598491099));
#10149 = CARTESIAN_POINT('',(18.697312401483,420.72005578624,
    11.619437564735));
#10150 = CARTESIAN_POINT('',(18.886997859916,420.79541303638,
    11.695220988855));
#10151 = CARTESIAN_POINT('',(19.065487722323,420.86723127703,
    11.785740523424));
#10152 = CARTESIAN_POINT('',(19.231292659511,420.93469448215,
    11.888294187233));
#10153 = CARTESIAN_POINT('',(19.564522841277,421.07159540988,
    12.132428516043));
#10154 = CARTESIAN_POINT('',(19.728094712077,421.13972420783,
    12.27911983474));
#10155 = CARTESIAN_POINT('',(19.87442148278,421.20138618103,
    12.436951886655));
#10156 = CARTESIAN_POINT('',(20.00401730496,421.25653275542,
    12.60363734192));
#10157 = CARTESIAN_POINT('',(20.117469355984,421.30519615978,
    12.777319126901));
#10158 = CARTESIAN_POINT('',(20.215364466369,421.34745587568,
    12.956485747828));
#10159 = CARTESIAN_POINT('',(20.298235811435,421.38340992107,
    13.139908326703));
#10160 = CARTESIAN_POINT('',(20.500821761983,421.47163335044,
    13.693705997849));
#10161 = CARTESIAN_POINT('',(20.578603009686,421.50602981008,
    14.073058853353));
#10162 = CARTESIAN_POINT('',(20.603706627055,421.51724132217,
    14.457769544087));
#10163 = CARTESIAN_POINT('',(20.577473877846,421.50560976425,
    14.843318687178));
#10164 = CARTESIAN_POINT('',(20.499243832883,421.4709220964,
    15.225172175464));
#10165 = CARTESIAN_POINT('',(20.366596032795,421.41253551402,
    15.597671534353));
#10166 = CARTESIAN_POINT('',(20.17561558864,421.32966078977,
    15.95284143898));
#10167 = CARTESIAN_POINT('',(19.785482618376,421.16414830404,
    16.451295218832));
#10168 = CARTESIAN_POINT('',(19.629812528069,421.09863729738,
    16.618286944399));
#10169 = CARTESIAN_POINT('',(19.454293015537,421.02550158796,
    16.774548240777));
#10170 = CARTESIAN_POINT('',(19.259194392183,420.94517770725,
    16.916246663259));
#10171 = CARTESIAN_POINT('',(19.04529748971,420.85835864496,
    17.039582576933));
#10172 = CARTESIAN_POINT('',(18.813905636812,420.76596501065,
    17.140789603159));
#10173 = CARTESIAN_POINT('',(18.566897319394,420.66911663443,
    17.216117419827));
#10174 = CARTESIAN_POINT('',(18.044837115004,420.46836016629,
    17.307810933199));
#10175 = CARTESIAN_POINT('',(17.776096585586,420.36690669364,
    17.322598522213));
#10176 = CARTESIAN_POINT('',(17.506238756426,420.26706679498,
    17.304585905835));
#10177 = CARTESIAN_POINT('',(17.241212770032,420.17106170089,
    17.2541592576));
#10178 = CARTESIAN_POINT('',(16.986836708447,420.08079035514,
    17.173580375519));
#10179 = CARTESIAN_POINT('',(16.748350634083,419.9977284851,
    17.066915500292));
#10180 = CARTESIAN_POINT('',(16.530007525849,419.92290118922,
    16.939979556346));
#10181 = CARTESIAN_POINT('',(16.020388403912,419.75059576494,
    16.575417615985));
#10182 = CARTESIAN_POINT('',(15.755411158351,419.66360760174,
    16.310025276933));
#10183 = CARTESIAN_POINT('',(15.539439191508,419.59433656517,
    16.017617973151));
#10184 = CARTESIAN_POINT('',(15.370458711371,419.54101384042,
    15.707558293675));
#10185 = CARTESIAN_POINT('',(15.246060816976,419.50217414904,
    15.386625842148));
#10186 = CARTESIAN_POINT('',(15.164066909997,419.47671225581,
    15.059615702048));
#10187 = CARTESIAN_POINT('',(15.123054527086,419.46397679468,
    14.729841048695));
#10188 = CARTESIAN_POINT('',(15.123054527086,419.46397679468,
    14.153897390699));
#10189 = CARTESIAN_POINT('',(15.145885547801,419.47106649687,
    13.907998835338));
#10190 = CARTESIAN_POINT('',(15.191484377062,419.48522621093,
    13.663538376849));
#10191 = CARTESIAN_POINT('',(15.260166058398,419.50661956581,
    13.421853924183));
#10192 = CARTESIAN_POINT('',(15.352557901132,419.53557155187,
    13.184539079947));
#10193 = CARTESIAN_POINT('',(15.469522013763,419.57255834282,
    12.953618707305));
#10194 = CARTESIAN_POINT('',(15.612058157018,419.61819839461,
    12.731766119347));
#10195 = CARTESIAN_POINT('',(15.88202656987,419.706052652,
    12.397840386244));
#10196 = CARTESIAN_POINT('',(15.992572849005,419.74229184949,
    12.277301991815));
#10197 = CARTESIAN_POINT('',(16.112915206019,419.78207362525,
    12.162009825772));
#10198 = CARTESIAN_POINT('',(16.243074060228,419.82550832377,
    12.053074829569));
#10199 = CARTESIAN_POINT('',(16.382979468292,419.8726902714,
    11.951682834217));
#10200 = CARTESIAN_POINT('',(16.532456840243,419.92369037331,
    11.859104749101));
#10201 = CARTESIAN_POINT('',(16.691211497825,419.97854595537,
    11.776707756606));
#10202 = CARTESIAN_POINT('',(16.97470691646,420.07783987582,
    11.657051038056));
#10203 = CARTESIAN_POINT('',(17.094847719174,420.12027647203,
    11.613701727682));
#10204 = CARTESIAN_POINT('',(17.218640520657,420.16439744299,
    11.57660222497));
#10205 = CARTESIAN_POINT('',(17.34543068446,420.21001252646,
    11.546312198585));
#10206 = CARTESIAN_POINT('',(17.47451702578,420.25690434311,
    11.52326591179));
#10207 = CARTESIAN_POINT('',(17.605165936925,420.30483134519,
    11.507769791944));
#10208 = CARTESIAN_POINT('',(17.73662551278,420.35353076537,11.5));
#10209 = CARTESIAN_POINT('',(17.868139676274,420.40272156541,11.5));
#10210 = PCURVE('',#9323,#10211);
#10211 = DEFINITIONAL_REPRESENTATION('',(#10212),#10278);
#10212 = B_SPLINE_CURVE_WITH_KNOTS('',8,(#10213,#10214,#10215,#10216,
    #10217,#10218,#10219,#10220,#10221,#10222,#10223,#10224,#10225,
    #10226,#10227,#10228,#10229,#10230,#10231,#10232,#10233,#10234,
    #10235,#10236,#10237,#10238,#10239,#10240,#10241,#10242,#10243,
    #10244,#10245,#10246,#10247,#10248,#10249,#10250,#10251,#10252,
    #10253,#10254,#10255,#10256,#10257,#10258,#10259,#10260,#10261,
    #10262,#10263,#10264,#10265,#10266,#10267,#10268,#10269,#10270,
    #10271,#10272,#10273,#10274,#10275,#10276,#10277),.UNSPECIFIED.,.T.,
  .F.,(9,7,7,7,7,7,7,7,7,9),(0.,8.238226167847E-02,0.180529127619,
    0.373523769018,0.476909890574,0.58105313436,0.748718780391,
    0.873818288598,0.94841606439,1.),.UNSPECIFIED.);
#10213 = CARTESIAN_POINT('',(0.447930000817,-11.5));
#10214 = CARTESIAN_POINT('',(0.443473434257,-11.5));
#10215 = CARTESIAN_POINT('',(0.439054285426,-11.52039922437));
#10216 = CARTESIAN_POINT('',(0.434725887322,-11.56059849109));
#10217 = CARTESIAN_POINT('',(0.430539313596,-11.61943756473));
#10218 = CARTESIAN_POINT('',(0.426541366064,-11.69522098885));
#10219 = CARTESIAN_POINT('',(0.422772749379,-11.78574052342));
#10220 = CARTESIAN_POINT('',(0.419266432876,-11.88829418723));
#10221 = CARTESIAN_POINT('',(0.412209744966,-12.13242851604));
#10222 = CARTESIAN_POINT('',(0.40873893408,-12.27911983474));
#10223 = CARTESIAN_POINT('',(0.405628630048,-12.43695188665));
#10224 = CARTESIAN_POINT('',(0.402869861736,-12.60363734192));
#10225 = CARTESIAN_POINT('',(0.400451770272,-12.7773191269));
#10226 = CARTESIAN_POINT('',(0.398363165458,-12.95648574782));
#10227 = CARTESIAN_POINT('',(0.39659369206,-13.1399083267));
#10228 = CARTESIAN_POINT('',(0.392265479236,-13.69370599784));
#10229 = CARTESIAN_POINT('',(0.390599600193,-14.07305885335));
#10230 = CARTESIAN_POINT('',(0.390061046542,-14.45776954408));
#10231 = CARTESIAN_POINT('',(0.390623144981,-14.84331868717));
#10232 = CARTESIAN_POINT('',(0.392299404583,-15.22517217546));
#10233 = CARTESIAN_POINT('',(0.395138259928,-15.59767153435));
#10234 = CARTESIAN_POINT('',(0.399216085261,-15.95284143898));
#10235 = CARTESIAN_POINT('',(0.407517284895,-16.45129521883));
#10236 = CARTESIAN_POINT('',(0.410825546331,-16.61828694439));
#10237 = CARTESIAN_POINT('',(0.414550110219,-16.77454824077));
#10238 = CARTESIAN_POINT('',(0.418682835327,-16.91624666325));
#10239 = CARTESIAN_POINT('',(0.423204497953,-17.03958257693));
#10240 = CARTESIAN_POINT('',(0.428084818686,-17.14078960315));
#10241 = CARTESIAN_POINT('',(0.433281719332,-17.21611741982));
#10242 = CARTESIAN_POINT('',(0.444237871599,-17.30781093319));
#10243 = CARTESIAN_POINT('',(0.449864476028,-17.32259852221));
#10244 = CARTESIAN_POINT('',(0.455500413572,-17.30458590583));
#10245 = CARTESIAN_POINT('',(0.461021613511,-17.2541592576));
#10246 = CARTESIAN_POINT('',(0.466308583734,-17.17358037551));
#10247 = CARTESIAN_POINT('',(0.471255172549,-17.06691550029));
#10248 = CARTESIAN_POINT('',(0.475776220735,-16.93997955634));
#10249 = CARTESIAN_POINT('',(0.486313775347,-16.57541761598));
#10250 = CARTESIAN_POINT('',(0.491776466198,-16.31002527693));
#10251 = CARTESIAN_POINT('',(0.496219076141,-16.01761797315));
#10252 = CARTESIAN_POINT('',(0.499689921158,-15.70755829367));
#10253 = CARTESIAN_POINT('',(0.502242626623,-15.38662584214));
#10254 = CARTESIAN_POINT('',(0.503924380917,-15.05961570204));
#10255 = CARTESIAN_POINT('',(0.504765572207,-14.72984104869));
#10256 = CARTESIAN_POINT('',(0.504765572207,-14.15389739069));
#10257 = CARTESIAN_POINT('',(0.504297292414,-13.90799883533));
#10258 = CARTESIAN_POINT('',(0.503362029483,-13.66353837684));
#10259 = CARTESIAN_POINT('',(0.501952940078,-13.42185392418));
#10260 = CARTESIAN_POINT('',(0.500056400228,-13.18453907994));
#10261 = CARTESIAN_POINT('',(0.49765350459,-12.9536187073));
#10262 = CARTESIAN_POINT('',(0.494721903205,-12.73176611934));
#10263 = CARTESIAN_POINT('',(0.489160799032,-12.39784038624));
#10264 = CARTESIAN_POINT('',(0.486882041282,-12.27730199181));
#10265 = CARTESIAN_POINT('',(0.484399329264,-12.16200982577));
#10266 = CARTESIAN_POINT('',(0.481711589591,-12.05307482956));
#10267 = CARTESIAN_POINT('',(0.47881951211,-11.95168283421));
#10268 = CARTESIAN_POINT('',(0.475725855227,-11.8591047491));
#10269 = CARTESIAN_POINT('',(0.47243579071,-11.7767077566));
#10270 = CARTESIAN_POINT('',(0.466551923213,-11.65705103805));
#10271 = CARTESIAN_POINT('',(0.464056120106,-11.61370172768));
#10272 = CARTESIAN_POINT('',(0.461481876101,-11.57660222497));
#10273 = CARTESIAN_POINT('',(0.45884249664,-11.54631219858));
#10274 = CARTESIAN_POINT('',(0.45615231816,-11.52326591179));
#10275 = CARTESIAN_POINT('',(0.453426431089,-11.50776979194));
#10276 = CARTESIAN_POINT('',(0.450680402842,-11.5));
#10277 = CARTESIAN_POINT('',(0.447930000817,-11.5));
#10278 = ( GEOMETRIC_REPRESENTATION_CONTEXT(2) 
PARAMETRIC_REPRESENTATION_CONTEXT() REPRESENTATION_CONTEXT('2D SPACE',''
  ) );
#10279 = PCURVE('',#10280,#10285);
#10280 = CYLINDRICAL_SURFACE('',#10281,2.9);
#10281 = AXIS2_PLACEMENT_3D('',#10282,#10283,#10284);
#10282 = CARTESIAN_POINT('',(17.529789603036,421.30767106171,14.4));
#10283 = DIRECTION('',(0.350210396964,-0.936671061717,2.22044604925E-16)
  );
#10284 = DIRECTION('',(7.776232923445E-17,-2.079827558437E-16,-1.));
#10285 = DEFINITIONAL_REPRESENTATION('',(#10286),#10352);
#10286 = B_SPLINE_CURVE_WITH_KNOTS('',8,(#10287,#10288,#10289,#10290,
    #10291,#10292,#10293,#10294,#10295,#10296,#10297,#10298,#10299,
    #10300,#10301,#10302,#10303,#10304,#10305,#10306,#10307,#10308,
    #10309,#10310,#10311,#10312,#10313,#10314,#10315,#10316,#10317,
    #10318,#10319,#10320,#10321,#10322,#10323,#10324,#10325,#10326,
    #10327,#10328,#10329,#10330,#10331,#10332,#10333,#10334,#10335,
    #10336,#10337,#10338,#10339,#10340,#10341,#10342,#10343,#10344,
    #10345,#10346,#10347,#10348,#10349,#10350,#10351),.UNSPECIFIED.,.F.,
  .F.,(9,7,7,7,7,7,7,7,7,9),(0.,8.238226167847E-02,0.180529127619,
    0.373523769018,0.476909890574,0.58105313436,0.748718780391,
    0.873818288598,0.94841606439,1.),.UNSPECIFIED.);
#10287 = CARTESIAN_POINT('',(0.,0.966133718962));
#10288 = CARTESIAN_POINT('',(7.845351881762E-02,0.96610459915));
#10289 = CARTESIAN_POINT('',(0.156248196756,0.964917215773));
#10290 = CARTESIAN_POINT('',(0.233179044393,0.962604710651));
#10291 = CARTESIAN_POINT('',(0.309027755679,0.95928084667));
#10292 = CARTESIAN_POINT('',(0.383548817558,0.955125710864));
#10293 = CARTESIAN_POINT('',(0.456449481126,0.95036464871));
#10294 = CARTESIAN_POINT('',(0.527363594355,0.945240429622));
#10295 = CARTESIAN_POINT('',(0.677374627235,0.933709966523));
#10296 = CARTESIAN_POINT('',(0.756300086468,0.927180262827));
#10297 = CARTESIAN_POINT('',(0.83294924813,0.920668433375));
#10298 = CARTESIAN_POINT('',(0.907619850203,0.914400037322));
#10299 = CARTESIAN_POINT('',(0.980576667726,0.908550522519));
#10300 = CARTESIAN_POINT('',(1.052068690841,0.903250955025));
#10301 = CARTESIAN_POINT('',(1.122340607776,0.898596247806));
#10302 = CARTESIAN_POINT('',(1.327905193104,0.886907620715));
#10303 = CARTESIAN_POINT('',(1.460262915328,0.881929253974));
#10304 = CARTESIAN_POINT('',(1.59085332188,0.880219302853));
#10305 = CARTESIAN_POINT('',(1.721355050605,0.881927265042));
#10306 = CARTESIAN_POINT('',(1.853318785576,0.887021224609));
#10307 = CARTESIAN_POINT('',(1.988338422914,0.895255607998));
#10308 = CARTESIAN_POINT('',(2.128096113282,0.905998626789));
#10309 = CARTESIAN_POINT('',(2.353613262274,0.924400760139));
#10310 = CARTESIAN_POINT('',(2.435173800853,0.931245740178));
#10311 = CARTESIAN_POINT('',(2.519400793209,0.938281084613));
#10312 = CARTESIAN_POINT('',(2.606171174216,0.94519257291));
#10313 = CARTESIAN_POINT('',(2.695445020591,0.951604557039));
#10314 = CARTESIAN_POINT('',(2.787258911468,0.957111167928));
#10315 = CARTESIAN_POINT('',(2.881733669406,0.961321358409));
#10316 = CARTESIAN_POINT('',(3.077172306341,0.966533221145));
#10317 = CARTESIAN_POINT('',(3.175744404926,0.967446025601));
#10318 = CARTESIAN_POINT('',(3.27408921988,0.966456152008));
#10319 = CARTESIAN_POINT('',(3.371562636096,0.963566489515));
#10320 = CARTESIAN_POINT('',(3.467507696641,0.959035905278));
#10321 = CARTESIAN_POINT('',(3.561169091165,0.953317252501));
#10322 = CARTESIAN_POINT('',(3.651583134142,0.946939788577));
#10323 = CARTESIAN_POINT('',(3.875592242114,0.92985937828));
#10324 = CARTESIAN_POINT('',(4.006481952274,0.918540887105));
#10325 = CARTESIAN_POINT('',(4.131745361111,0.907789434235));
#10326 = CARTESIAN_POINT('',(4.252538041175,0.898556566415));
#10327 = CARTESIAN_POINT('',(4.369932856165,0.8913711454));
#10328 = CARTESIAN_POINT('',(4.484934908756,0.886505445253));
#10329 = CARTESIAN_POINT('',(4.598650687731,0.88407142025));
#10330 = CARTESIAN_POINT('',(4.797251949109,0.88407142025));
#10331 = CARTESIAN_POINT('',(4.882044427257,0.885426362197));
#10332 = CARTESIAN_POINT('',(4.967272874716,0.888132551896));
#10333 = CARTESIAN_POINT('',(5.053399253628,0.892147054345));
#10334 = CARTESIAN_POINT('',(5.140888364142,0.897385150746));
#10335 = CARTESIAN_POINT('',(5.230217661641,0.903702742313));
#10336 = CARTESIAN_POINT('',(5.321896164053,0.910870665862));
#10337 = CARTESIAN_POINT('',(5.47297532595,0.923125870347));
#10338 = CARTESIAN_POINT('',(5.530602983941,0.927896119052));
#10339 = CARTESIAN_POINT('',(5.589450758818,0.932778825539));
#10340 = CARTESIAN_POINT('',(5.649562650606,0.93767778436));
#10341 = CARTESIAN_POINT('',(5.710995377531,0.94248014788));
#10342 = CARTESIAN_POINT('',(5.773819560468,0.947058358039));
#10343 = CARTESIAN_POINT('',(5.838124646718,0.951274253401));
#10344 = CARTESIAN_POINT('',(5.949599070081,0.957551554609));
#10345 = CARTESIAN_POINT('',(5.99594096052,0.959876981191));
#10346 = CARTESIAN_POINT('',(6.04291409156,0.961903670629));
#10347 = CARTESIAN_POINT('',(6.090393990633,0.963580575555));
#10348 = CARTESIAN_POINT('',(6.138266931205,0.964865746709));
#10349 = CARTESIAN_POINT('',(6.186425998495,0.965728517817));
#10350 = CARTESIAN_POINT('',(6.234767155193,0.966151690463));
#10351 = CARTESIAN_POINT('',(6.28318530718,0.966133718962));
#10352 = ( GEOMETRIC_REPRESENTATION_CONTEXT(2) 
PARAMETRIC_REPRESENTATION_CONTEXT() REPRESENTATION_CONTEXT('2D SPACE',''
  ) );
#10353 = ADVANCED_FACE('',(#10354),#9254,.T.);
#10354 = FACE_BOUND('',#10355,.T.);
#10355 = EDGE_LOOP('',(#10356,#10396,#10397,#10398));
#10356 = ORIENTED_EDGE('',*,*,#10357,.F.);
#10357 = EDGE_CURVE('',#9162,#9633,#10358,.T.);
#10358 = SURFACE_CURVE('',#10359,(#10382,#10389),.PCURVE_S1.);
#10359 = ( BOUNDED_CURVE() B_SPLINE_CURVE(3,(#10360,#10361,#10362,#10363
    ,#10364,#10365,#10366,#10367,#10368,#10369,#10370,#10371,#10372,
    #10373,#10374,#10375,#10376,#10377,#10378,#10379,#10380,#10381),
.UNSPECIFIED.,.F.,.F.) B_SPLINE_CURVE_WITH_KNOTS((4,1,1,1,1,1,1,1,1,1,1,
    1,1,1,1,1,1,1,1,4),(0.,5.245000615645E-02,0.105056142816,
    0.157827138689,0.210729740208,0.263703235816,0.316673593925,
    0.369567354274,0.422325530646,0.474917777959,0.52735694777,
    0.57971823004,0.632142347135,0.684734332274,0.737455393694,
    0.790192360737,0.842823921577,0.89528663,0.947644996011,1.),
.UNSPECIFIED.) CURVE() GEOMETRIC_REPRESENTATION_ITEM() 
RATIONAL_B_SPLINE_CURVE((1.,1.000000000036,0.999999999983,1.000000000004
    ,0.999999999999,1.,1.,1.,1.,1.,1.,1.,1.,1.,1.,1.,1.,1.000000000002,
    0.999999999994,1.000000000024,0.999999999949,1.)) 
REPRESENTATION_ITEM('') );
#10360 = CARTESIAN_POINT('',(2.695301746512,416.76357896014,
    6.892835735959));
#10361 = CARTESIAN_POINT('',(3.89353611268,416.82639168764,
    6.973551139748));
#10362 = CARTESIAN_POINT('',(6.286787832294,417.03597302536,
    7.235455662158));
#10363 = CARTESIAN_POINT('',(9.840251118628,417.59921839847,
    7.867041310683));
#10364 = CARTESIAN_POINT('',(13.344381809683,418.40859302419,
    8.67710188647));
#10365 = CARTESIAN_POINT('',(16.782673352353,419.46004992628,
    9.605205585611));
#10366 = CARTESIAN_POINT('',(20.138890738416,420.7484712099,
    10.590999462327));
#10367 = CARTESIAN_POINT('',(23.397151755162,422.26771380525,
    11.574490925778));
#10368 = CARTESIAN_POINT('',(26.541999651806,424.01062770925,
    12.494597751129));
#10369 = CARTESIAN_POINT('',(29.558479228275,425.96909657966,
    13.294206709324));
#10370 = CARTESIAN_POINT('',(32.432182996888,428.13406961262,
    13.901007397413));
#10371 = CARTESIAN_POINT('',(35.149416165866,430.49568696181,
    14.298341575891));
#10372 = CARTESIAN_POINT('',(37.696897777862,433.0431026082,
    14.261167663012));
#10373 = CARTESIAN_POINT('',(40.059409357056,435.76140869763,
    14.602918095742));
#10374 = CARTESIAN_POINT('',(42.223160769942,438.63354335075,
    15.22988129679));
#10375 = CARTESIAN_POINT('',(44.180220348447,441.64749974533,
    16.000707208291));
#10376 = CARTESIAN_POINT('',(45.922393276635,444.79022682375,
    16.78815485365));
#10377 = CARTESIAN_POINT('',(47.442154204203,448.04840915236,
    17.46174887062));
#10378 = CARTESIAN_POINT('',(48.732585983134,451.40900099416,
    17.890396943689));
#10379 = CARTESIAN_POINT('',(49.785895151936,454.85355144636,
    17.944396428939));
#10380 = CARTESIAN_POINT('',(50.324687539158,457.18914298298,
    17.802792869345));
#10381 = CARTESIAN_POINT('',(50.553799947555,458.3663367381,17.9));
#10382 = PCURVE('',#9254,#10383);
#10383 = DEFINITIONAL_REPRESENTATION('',(#10384),#10388);
#10384 = LINE('',#10385,#10386);
#10385 = CARTESIAN_POINT('',(10.,0.));
#10386 = VECTOR('',#10387,1.);
#10387 = DIRECTION('',(0.,1.));
#10388 = ( GEOMETRIC_REPRESENTATION_CONTEXT(2) 
PARAMETRIC_REPRESENTATION_CONTEXT() REPRESENTATION_CONTEXT('2D SPACE',''
  ) );
#10389 = PCURVE('',#9181,#10390);
#10390 = DEFINITIONAL_REPRESENTATION('',(#10391),#10395);
#10391 = LINE('',#10392,#10393);
#10392 = CARTESIAN_POINT('',(10.,0.));
#10393 = VECTOR('',#10394,1.);
#10394 = DIRECTION('',(0.,1.));
#10395 = ( GEOMETRIC_REPRESENTATION_CONTEXT(2) 
PARAMETRIC_REPRESENTATION_CONTEXT() REPRESENTATION_CONTEXT('2D SPACE',''
  ) );
#10396 = ORIENTED_EDGE('',*,*,#9234,.F.);
#10397 = ORIENTED_EDGE('',*,*,#9893,.T.);
#10398 = ORIENTED_EDGE('',*,*,#9661,.T.);
#10399 = ADVANCED_FACE('',(#10400),#9181,.T.);
#10400 = FACE_BOUND('',#10401,.T.);
#10401 = EDGE_LOOP('',(#10402,#10442,#10443,#10444));
#10402 = ORIENTED_EDGE('',*,*,#10403,.F.);
#10403 = EDGE_CURVE('',#9088,#9604,#10404,.T.);
#10404 = SURFACE_CURVE('',#10405,(#10428,#10435),.PCURVE_S1.);
#10405 = ( BOUNDED_CURVE() B_SPLINE_CURVE(3,(#10406,#10407,#10408,#10409
    ,#10410,#10411,#10412,#10413,#10414,#10415,#10416,#10417,#10418,
    #10419,#10420,#10421,#10422,#10423,#10424,#10425,#10426,#10427),
.UNSPECIFIED.,.F.,.F.) B_SPLINE_CURVE_WITH_KNOTS((4,1,1,1,1,1,1,1,1,1,1,
    1,1,1,1,1,1,1,1,4),(0.,5.245000615645E-02,0.105056142816,
    0.157827138689,0.210729740208,0.263703235816,0.316673593925,
    0.369567354274,0.422325530646,0.474917777959,0.52735694777,
    0.57971823004,0.632142347135,0.684734332274,0.737455393694,
    0.790192360737,0.842823921577,0.89528663,0.947644996011,1.),
.UNSPECIFIED.) CURVE() GEOMETRIC_REPRESENTATION_ITEM() 
RATIONAL_B_SPLINE_CURVE((1.,1.000000000036,0.999999999983,1.000000000004
    ,0.999999999999,1.,1.,1.,1.,1.,1.,1.,1.,1.,1.,1.,1.,1.000000000002,
    0.999999999994,1.000000000024,0.999999999949,1.)) 
REPRESENTATION_ITEM('') );
#10406 = CARTESIAN_POINT('',(2.76399268908,415.45287769577,6.88884670043
    ));
#10407 = CARTESIAN_POINT('',(3.992764581941,415.51729121876,
    6.96609386434));
#10408 = CARTESIAN_POINT('',(6.447009366683,415.73221384942,
    7.216744676615));
#10409 = CARTESIAN_POINT('',(10.091034217572,416.30981376848,
    7.82119187938));
#10410 = CARTESIAN_POINT('',(13.68446921016,417.13981566243,
    8.596445164781));
#10411 = CARTESIAN_POINT('',(17.210387114977,418.21806940243,
    9.484669408106));
#10412 = CARTESIAN_POINT('',(20.652139167428,419.53932666552,
    10.42810495418));
#10413 = CARTESIAN_POINT('',(23.993438389699,421.09728782212,
    11.369337018811));
#10414 = CARTESIAN_POINT('',(27.218434108951,422.88462064844,
    12.24990800401));
#10415 = CARTESIAN_POINT('',(30.311789985307,424.89300195366,
    13.015158764783));
#10416 = CARTESIAN_POINT('',(33.258731349964,427.11315027022,
    13.595885985806));
#10417 = CARTESIAN_POINT('',(36.045214393395,429.53495446933,
    13.976147211302));
#10418 = CARTESIAN_POINT('',(38.657619687249,432.14729211642,
    13.940570614992));
#10419 = CARTESIAN_POINT('',(41.080340906205,434.93487542415,
    14.267636458815));
#10420 = CARTESIAN_POINT('',(43.299236469175,437.88020768371,
    14.867659834819));
#10421 = CARTESIAN_POINT('',(45.306172566068,440.97097607381,
    15.605364320434));
#10422 = CARTESIAN_POINT('',(47.092745532462,444.19379692475,
    16.358976324786));
#10423 = CARTESIAN_POINT('',(48.651238231289,447.53501545391,
    17.003626848819));
#10424 = CARTESIAN_POINT('',(49.974557227712,450.98125344542,
    17.413856450078));
#10425 = CARTESIAN_POINT('',(51.054710441516,454.51358977674,
    17.465535644649));
#10426 = CARTESIAN_POINT('',(51.6072341865,456.90870486931,
    17.330016613744));
#10427 = CARTESIAN_POINT('',(51.84218562583,458.11589993167,17.423046875
    ));
#10428 = PCURVE('',#9181,#10429);
#10429 = DEFINITIONAL_REPRESENTATION('',(#10430),#10434);
#10430 = LINE('',#10431,#10432);
#10431 = CARTESIAN_POINT('',(9.,0.));
#10432 = VECTOR('',#10433,1.);
#10433 = DIRECTION('',(0.,1.));
#10434 = ( GEOMETRIC_REPRESENTATION_CONTEXT(2) 
PARAMETRIC_REPRESENTATION_CONTEXT() REPRESENTATION_CONTEXT('2D SPACE',''
  ) );
#10435 = PCURVE('',#9107,#10436);
#10436 = DEFINITIONAL_REPRESENTATION('',(#10437),#10441);
#10437 = LINE('',#10438,#10439);
#10438 = CARTESIAN_POINT('',(9.,0.));
#10439 = VECTOR('',#10440,1.);
#10440 = DIRECTION('',(0.,1.));
#10441 = ( GEOMETRIC_REPRESENTATION_CONTEXT(2) 
PARAMETRIC_REPRESENTATION_CONTEXT() REPRESENTATION_CONTEXT('2D SPACE',''
  ) );
#10442 = ORIENTED_EDGE('',*,*,#9161,.F.);
#10443 = ORIENTED_EDGE('',*,*,#10357,.T.);
#10444 = ORIENTED_EDGE('',*,*,#9632,.T.);
#10445 = ADVANCED_FACE('',(#10446),#9107,.T.);
#10446 = FACE_BOUND('',#10447,.T.);
#10447 = EDGE_LOOP('',(#10448,#10488,#10489,#10490));
#10448 = ORIENTED_EDGE('',*,*,#10449,.F.);
#10449 = EDGE_CURVE('',#9013,#9575,#10450,.T.);
#10450 = SURFACE_CURVE('',#10451,(#10474,#10481),.PCURVE_S1.);
#10451 = ( BOUNDED_CURVE() B_SPLINE_CURVE(3,(#10452,#10453,#10454,#10455
    ,#10456,#10457,#10458,#10459,#10460,#10461,#10462,#10463,#10464,
    #10465,#10466,#10467,#10468,#10469,#10470,#10471,#10472,#10473),
.UNSPECIFIED.,.F.,.F.) B_SPLINE_CURVE_WITH_KNOTS((4,1,1,1,1,1,1,1,1,1,1,
    1,1,1,1,1,1,1,1,4),(0.,5.245000615645E-02,0.105056142816,
    0.157827138689,0.210729740208,0.263703235816,0.316673593925,
    0.369567354274,0.422325530646,0.474917777959,0.52735694777,
    0.57971823004,0.632142347135,0.684734332274,0.737455393694,
    0.790192360737,0.842823921577,0.89528663,0.947644996011,1.),
.UNSPECIFIED.) CURVE() GEOMETRIC_REPRESENTATION_ITEM() 
RATIONAL_B_SPLINE_CURVE((1.,1.000000000036,0.999999999983,1.000000000004
    ,0.999999999999,1.,1.,1.,1.,1.,1.,1.,1.,1.,1.,1.,1.,1.000000000002,
    0.999999999994,1.000000000024,0.999999999949,1.)) 
REPRESENTATION_ITEM('') );
#10452 = CARTESIAN_POINT('',(2.832683631649,414.1421764314,
    6.878330152216));
#10453 = CARTESIAN_POINT('',(4.09199305038,414.20819077876,
    6.946433774169));
#10454 = CARTESIAN_POINT('',(6.607230901454,414.42845466004,
    7.167415714943));
#10455 = CARTESIAN_POINT('',(10.341817316412,415.02040914211,
    7.700316105889));
#10456 = CARTESIAN_POINT('',(14.024556610664,415.87103829969,
    8.383804716709));
#10457 = CARTESIAN_POINT('',(17.638100877593,416.97608887884,
    9.166892212859));
#10458 = CARTESIAN_POINT('',(21.165387596442,418.33018212108,
    9.998655796339));
#10459 = CARTESIAN_POINT('',(24.589725024235,419.92686183901,
    10.828476718625));
#10460 = CARTESIAN_POINT('',(27.894868566097,421.75861358763,
    11.604816852515));
#10461 = CARTESIAN_POINT('',(31.065100742338,423.81690732765,
    12.279486910992));
#10462 = CARTESIAN_POINT('',(34.08527970304,426.09223092783,
    12.791474991568));
#10463 = CARTESIAN_POINT('',(36.941012620923,428.57422197686,
    13.126725704658));
#10464 = CARTESIAN_POINT('',(39.618341596636,431.25148162464,
    13.095360215667));
#10465 = CARTESIAN_POINT('',(42.101272455353,434.10834215067,
    13.383712143282));
#10466 = CARTESIAN_POINT('',(44.375312168409,437.12687201668,
    13.912712344166));
#10467 = CARTESIAN_POINT('',(46.432124783686,440.29445240227,
    14.563096706996));
#10468 = CARTESIAN_POINT('',(48.2630977883,443.59736702583,
    15.227505657766));
#10469 = CARTESIAN_POINT('',(49.860322258331,447.02162175516,
    15.795850609587));
#10470 = CARTESIAN_POINT('',(51.216528472452,450.55350589781,
    16.157522421233));
#10471 = CARTESIAN_POINT('',(52.32352573049,454.17362810294,
    16.203084486934));
#10472 = CARTESIAN_POINT('',(52.889780835147,456.62826676463,
    16.083606483474));
#10473 = CARTESIAN_POINT('',(53.130571304105,457.86546312524,16.165625)
  );
#10474 = PCURVE('',#9107,#10475);
#10475 = DEFINITIONAL_REPRESENTATION('',(#10476),#10480);
#10476 = LINE('',#10477,#10478);
#10477 = CARTESIAN_POINT('',(8.,0.));
#10478 = VECTOR('',#10479,1.);
#10479 = DIRECTION('',(0.,1.));
#10480 = ( GEOMETRIC_REPRESENTATION_CONTEXT(2) 
PARAMETRIC_REPRESENTATION_CONTEXT() REPRESENTATION_CONTEXT('2D SPACE',''
  ) );
#10481 = PCURVE('',#9034,#10482);
#10482 = DEFINITIONAL_REPRESENTATION('',(#10483),#10487);
#10483 = LINE('',#10484,#10485);
#10484 = CARTESIAN_POINT('',(8.,0.));
#10485 = VECTOR('',#10486,1.);
#10486 = DIRECTION('',(0.,1.));
#10487 = ( GEOMETRIC_REPRESENTATION_CONTEXT(2) 
PARAMETRIC_REPRESENTATION_CONTEXT() REPRESENTATION_CONTEXT('2D SPACE',''
  ) );
#10488 = ORIENTED_EDGE('',*,*,#9087,.F.);
#10489 = ORIENTED_EDGE('',*,*,#10403,.T.);
#10490 = ORIENTED_EDGE('',*,*,#9603,.T.);
#10491 = ADVANCED_FACE('',(#10492),#9034,.T.);
#10492 = FACE_BOUND('',#10493,.T.);
#10493 = EDGE_LOOP('',(#10494,#10534,#10535,#10536));
#10494 = ORIENTED_EDGE('',*,*,#10495,.F.);
#10495 = EDGE_CURVE('',#8937,#9546,#10496,.T.);
#10496 = SURFACE_CURVE('',#10497,(#10520,#10527),.PCURVE_S1.);
#10497 = ( BOUNDED_CURVE() B_SPLINE_CURVE(3,(#10498,#10499,#10500,#10501
    ,#10502,#10503,#10504,#10505,#10506,#10507,#10508,#10509,#10510,
    #10511,#10512,#10513,#10514,#10515,#10516,#10517,#10518,#10519),
.UNSPECIFIED.,.F.,.F.) B_SPLINE_CURVE_WITH_KNOTS((4,1,1,1,1,1,1,1,1,1,1,
    1,1,1,1,1,1,1,1,4),(0.,5.245000615645E-02,0.105056142816,
    0.157827138689,0.210729740208,0.263703235816,0.316673593925,
    0.369567354274,0.422325530646,0.474917777959,0.52735694777,
    0.57971823004,0.632142347135,0.684734332274,0.737455393694,
    0.790192360737,0.842823921577,0.89528663,0.947644996011,1.),
.UNSPECIFIED.) CURVE() GEOMETRIC_REPRESENTATION_ITEM() 
RATIONAL_B_SPLINE_CURVE((1.,1.000000000036,0.999999999983,1.000000000004
    ,0.999999999999,1.,1.,1.,1.,1.,1.,1.,1.,1.,1.,1.,1.,1.000000000002,
    0.999999999994,1.000000000024,0.999999999949,1.)) 
REPRESENTATION_ITEM('') );
#10498 = CARTESIAN_POINT('',(2.901374574218,412.83147516704,
    6.863461928879));
#10499 = CARTESIAN_POINT('',(4.19122151976,412.89909031765,
    6.918638474455));
#10500 = CARTESIAN_POINT('',(6.767452435788,413.12469548048,
    7.097674769045));
#10501 = CARTESIAN_POINT('',(10.592600415371,413.7310045131,
    7.529422770977));
#10502 = CARTESIAN_POINT('',(14.364644011137,414.60226093766,
    8.083175117703));
#10503 = CARTESIAN_POINT('',(18.065814640218,415.73410835506,
    8.717621005789));
#10504 = CARTESIAN_POINT('',(21.678636025454,417.12103757669,
    9.3915035387));
#10505 = CARTESIAN_POINT('',(25.186011658772,418.75643585589,
    10.063812156293));
#10506 = CARTESIAN_POINT('',(28.571303023242,420.63260652682,
    10.692791431436));
#10507 = CARTESIAN_POINT('',(31.818411499369,422.74081270165,
    11.239399117702));
#10508 = CARTESIAN_POINT('',(34.911828056116,425.07131158543,
    11.654204275576));
#10509 = CARTESIAN_POINT('',(37.836810848451,427.61348948438,
    11.925819436644));
#10510 = CARTESIAN_POINT('',(40.579063506023,430.35567113286,
    11.900407582137));
#10511 = CARTESIAN_POINT('',(43.122204004501,433.28180887718,
    12.134026042011));
#10512 = CARTESIAN_POINT('',(45.451387867643,436.37353634965,
    12.562614167727));
#10513 = CARTESIAN_POINT('',(47.558077001306,439.61792873074,
    13.089545943168));
#10514 = CARTESIAN_POINT('',(49.43345004413,443.00093712691,
    13.627840231988));
#10515 = CARTESIAN_POINT('',(51.069406285406,446.5082280564,
    14.088304892023));
#10516 = CARTESIAN_POINT('',(52.458499717073,450.12575835021,
    14.381326035733));
#10517 = CARTESIAN_POINT('',(53.592341019912,453.83366642908,
    14.418239746313));
#10518 = CARTESIAN_POINT('',(54.172327482831,456.3478286601,
    14.321440438096));
#10519 = CARTESIAN_POINT('',(54.41895698238,457.61502631881,14.387890625
    ));
#10520 = PCURVE('',#9034,#10521);
#10521 = DEFINITIONAL_REPRESENTATION('',(#10522),#10526);
#10522 = LINE('',#10523,#10524);
#10523 = CARTESIAN_POINT('',(7.,0.));
#10524 = VECTOR('',#10525,1.);
#10525 = DIRECTION('',(0.,1.));
#10526 = ( GEOMETRIC_REPRESENTATION_CONTEXT(2) 
PARAMETRIC_REPRESENTATION_CONTEXT() REPRESENTATION_CONTEXT('2D SPACE',''
  ) );
#10527 = PCURVE('',#8958,#10528);
#10528 = DEFINITIONAL_REPRESENTATION('',(#10529),#10533);
#10529 = LINE('',#10530,#10531);
#10530 = CARTESIAN_POINT('',(7.,0.));
#10531 = VECTOR('',#10532,1.);
#10532 = DIRECTION('',(0.,1.));
#10533 = ( GEOMETRIC_REPRESENTATION_CONTEXT(2) 
PARAMETRIC_REPRESENTATION_CONTEXT() REPRESENTATION_CONTEXT('2D SPACE',''
  ) );
#10534 = ORIENTED_EDGE('',*,*,#9012,.F.);
#10535 = ORIENTED_EDGE('',*,*,#10449,.T.);
#10536 = ORIENTED_EDGE('',*,*,#9574,.T.);
#10537 = ADVANCED_FACE('',(#10538),#8958,.T.);
#10538 = FACE_BOUND('',#10539,.T.);
#10539 = EDGE_LOOP('',(#10540,#10580,#10581,#10582));
#10540 = ORIENTED_EDGE('',*,*,#10541,.F.);
#10541 = EDGE_CURVE('',#8861,#9517,#10542,.T.);
#10542 = SURFACE_CURVE('',#10543,(#10566,#10573),.PCURVE_S1.);
#10543 = ( BOUNDED_CURVE() B_SPLINE_CURVE(3,(#10544,#10545,#10546,#10547
    ,#10548,#10549,#10550,#10551,#10552,#10553,#10554,#10555,#10556,
    #10557,#10558,#10559,#10560,#10561,#10562,#10563,#10564,#10565),
.UNSPECIFIED.,.F.,.F.) B_SPLINE_CURVE_WITH_KNOTS((4,1,1,1,1,1,1,1,1,1,1,
    1,1,1,1,1,1,1,1,4),(0.,5.245000615645E-02,0.105056142816,
    0.157827138689,0.210729740208,0.263703235816,0.316673593925,
    0.369567354274,0.422325530646,0.474917777959,0.52735694777,
    0.57971823004,0.632142347135,0.684734332274,0.737455393694,
    0.790192360737,0.842823921577,0.89528663,0.947644996011,1.),
.UNSPECIFIED.) CURVE() GEOMETRIC_REPRESENTATION_ITEM() 
RATIONAL_B_SPLINE_CURVE((1.,1.000000000036,0.999999999983,1.000000000004
    ,0.999999999999,1.,1.,1.,1.,1.,1.,1.,1.,1.,1.,1.,1.,1.000000000002,
    0.999999999994,1.000000000024,0.999999999949,1.)) 
REPRESENTATION_ITEM('') );
#10544 = CARTESIAN_POINT('',(2.970065516787,411.52077390267,
    6.84641786798));
#10545 = CARTESIAN_POINT('',(4.290449988536,411.58998987199,
    6.886775569872));
#10546 = CARTESIAN_POINT('',(6.927673970402,411.82093629373,
    7.01772783108));
#10547 = CARTESIAN_POINT('',(10.843383514253,412.44159988602,
    7.333520655341));
#10548 = CARTESIAN_POINT('',(14.704731411631,413.33348357511,
    7.738550943235));
#10549 = CARTESIAN_POINT('',(18.493528402838,414.49212783142,
    8.202602792806));
#10550 = CARTESIAN_POINT('',(22.191884454467,415.91189303226,
    8.695499731164));
#10551 = CARTESIAN_POINT('',(25.782298293309,417.58600987278,
    9.187245462889));
#10552 = CARTESIAN_POINT('',(29.247737480388,419.50659946602,
    9.647298875565));
#10553 = CARTESIAN_POINT('',(32.5717222564,421.66471807565,
    10.047103354662));
#10554 = CARTESIAN_POINT('',(35.738376409192,424.05039224303,
    10.350503698707));
#10555 = CARTESIAN_POINT('',(38.732609075979,426.6527569919,
    10.549170787945));
#10556 = CARTESIAN_POINT('',(41.53978541541,429.45986064108,
    10.530583831506));
#10557 = CARTESIAN_POINT('',(44.14313555365,432.4552756037,
    10.701459047871));
#10558 = CARTESIAN_POINT('',(46.527463566877,435.62020068261,
    11.014940648395));
#10559 = CARTESIAN_POINT('',(48.684029218924,438.94140505921,
    11.400353604145));
#10560 = CARTESIAN_POINT('',(50.603802299967,442.40450722796,
    11.794077426828));
#10561 = CARTESIAN_POINT('',(52.278490312452,445.99483435779,
    12.130874435299));
#10562 = CARTESIAN_POINT('',(53.700470961798,449.69801080209,
    12.345198471884));
#10563 = CARTESIAN_POINT('',(54.861156308945,453.49370475715,
    12.372198214322));
#10564 = CARTESIAN_POINT('',(55.454874131353,456.06739055137,
    12.30139643499));
#10565 = CARTESIAN_POINT('',(55.707342660655,457.36458951238,12.35));
#10566 = PCURVE('',#8958,#10567);
#10567 = DEFINITIONAL_REPRESENTATION('',(#10568),#10572);
#10568 = LINE('',#10569,#10570);
#10569 = CARTESIAN_POINT('',(6.,0.));
#10570 = VECTOR('',#10571,1.);
#10571 = DIRECTION('',(0.,1.));
#10572 = ( GEOMETRIC_REPRESENTATION_CONTEXT(2) 
PARAMETRIC_REPRESENTATION_CONTEXT() REPRESENTATION_CONTEXT('2D SPACE',''
  ) );
#10573 = PCURVE('',#8882,#10574);
#10574 = DEFINITIONAL_REPRESENTATION('',(#10575),#10579);
#10575 = LINE('',#10576,#10577);
#10576 = CARTESIAN_POINT('',(6.,0.));
#10577 = VECTOR('',#10578,1.);
#10578 = DIRECTION('',(0.,1.));
#10579 = ( GEOMETRIC_REPRESENTATION_CONTEXT(2) 
PARAMETRIC_REPRESENTATION_CONTEXT() REPRESENTATION_CONTEXT('2D SPACE',''
  ) );
#10580 = ORIENTED_EDGE('',*,*,#8936,.F.);
#10581 = ORIENTED_EDGE('',*,*,#10495,.T.);
#10582 = ORIENTED_EDGE('',*,*,#9545,.T.);
#10583 = ADVANCED_FACE('',(#10584),#8882,.T.);
#10584 = FACE_BOUND('',#10585,.T.);
#10585 = EDGE_LOOP('',(#10586,#10626,#10627,#10628));
#10586 = ORIENTED_EDGE('',*,*,#10587,.F.);
#10587 = EDGE_CURVE('',#8787,#9488,#10588,.T.);
#10588 = SURFACE_CURVE('',#10589,(#10612,#10619),.PCURVE_S1.);
#10589 = ( BOUNDED_CURVE() B_SPLINE_CURVE(3,(#10590,#10591,#10592,#10593
    ,#10594,#10595,#10596,#10597,#10598,#10599,#10600,#10601,#10602,
    #10603,#10604,#10605,#10606,#10607,#10608,#10609,#10610,#10611),
.UNSPECIFIED.,.F.,.F.) B_SPLINE_CURVE_WITH_KNOTS((4,1,1,1,1,1,1,1,1,1,1,
    1,1,1,1,1,1,1,1,4),(0.,5.245000615645E-02,0.105056142816,
    0.157827138689,0.210729740208,0.263703235816,0.316673593925,
    0.369567354274,0.422325530646,0.474917777959,0.52735694777,
    0.57971823004,0.632142347135,0.684734332274,0.737455393694,
    0.790192360737,0.842823921577,0.89528663,0.947644996011,1.),
.UNSPECIFIED.) CURVE() GEOMETRIC_REPRESENTATION_ITEM() 
RATIONAL_B_SPLINE_CURVE((1.,1.000000000036,0.999999999983,1.000000000004
    ,0.999999999999,1.,1.,1.,1.,1.,1.,1.,1.,1.,1.,1.,1.,1.000000000002,
    0.999999999994,1.000000000024,0.999999999949,1.)) 
REPRESENTATION_ITEM('') );
#10590 = CARTESIAN_POINT('',(3.038756459356,410.21007263831,
    6.829373807081));
#10591 = CARTESIAN_POINT('',(4.389678458191,410.28088940648,
    6.854912665233));
#10592 = CARTESIAN_POINT('',(7.087895504607,410.51717711622,
    6.937780893141));
#10593 = CARTESIAN_POINT('',(11.094166613246,411.15219525645,
    7.137618539698));
#10594 = CARTESIAN_POINT('',(15.044818812094,412.06470621324,
    7.393926768768));
#10595 = CARTESIAN_POINT('',(18.921242165465,413.25014730759,
    7.687584579822));
#10596 = CARTESIAN_POINT('',(22.705132883478,414.70274848788,
    7.999495923627));
#10597 = CARTESIAN_POINT('',(26.378584927847,416.41558388965,
    8.310678769484));
#10598 = CARTESIAN_POINT('',(29.924171937533,418.38059240521,
    8.601806319693));
#10599 = CARTESIAN_POINT('',(33.325033013432,420.58862344964,
    8.854807591622));
#10600 = CARTESIAN_POINT('',(36.564924762268,423.02947290064,
    9.046803121838));
#10601 = CARTESIAN_POINT('',(39.628407303507,425.69202449942,
    9.172522139247));
#10602 = CARTESIAN_POINT('',(42.500507324798,428.5640501493,
    9.160760080875));
#10603 = CARTESIAN_POINT('',(45.164067102798,431.62874233022,
    9.268892053731));
#10604 = CARTESIAN_POINT('',(47.60353926611,434.86686501559,
    9.467267129063));
#10605 = CARTESIAN_POINT('',(49.809981436543,438.26488138763,
    9.711161265123));
#10606 = CARTESIAN_POINT('',(51.7741545558,441.80807732919,
    9.960314621666));
#10607 = CARTESIAN_POINT('',(53.487574339515,445.48144065847,
    10.173443978583));
#10608 = CARTESIAN_POINT('',(54.942442206462,449.27026325659,
    10.309070908008));
#10609 = CARTESIAN_POINT('',(56.129971598203,453.15374307548,
    10.326156682431));
#10610 = CARTESIAN_POINT('',(56.737420779388,455.78695246368,
    10.281352431666));
#10611 = CARTESIAN_POINT('',(56.99572833893,457.11415270594,10.312109375
    ));
#10612 = PCURVE('',#8882,#10613);
#10613 = DEFINITIONAL_REPRESENTATION('',(#10614),#10618);
#10614 = LINE('',#10615,#10616);
#10615 = CARTESIAN_POINT('',(5.,0.));
#10616 = VECTOR('',#10617,1.);
#10617 = DIRECTION('',(0.,1.));
#10618 = ( GEOMETRIC_REPRESENTATION_CONTEXT(2) 
PARAMETRIC_REPRESENTATION_CONTEXT() REPRESENTATION_CONTEXT('2D SPACE',''
  ) );
#10619 = PCURVE('',#8806,#10620);
#10620 = DEFINITIONAL_REPRESENTATION('',(#10621),#10625);
#10621 = LINE('',#10622,#10623);
#10622 = CARTESIAN_POINT('',(5.,0.));
#10623 = VECTOR('',#10624,1.);
#10624 = DIRECTION('',(0.,1.));
#10625 = ( GEOMETRIC_REPRESENTATION_CONTEXT(2) 
PARAMETRIC_REPRESENTATION_CONTEXT() REPRESENTATION_CONTEXT('2D SPACE',''
  ) );
#10626 = ORIENTED_EDGE('',*,*,#8860,.F.);
#10627 = ORIENTED_EDGE('',*,*,#10541,.T.);
#10628 = ORIENTED_EDGE('',*,*,#9516,.T.);
#10629 = ADVANCED_FACE('',(#10630),#8806,.T.);
#10630 = FACE_BOUND('',#10631,.T.);
#10631 = EDGE_LOOP('',(#10632,#10672,#10673,#10674));
#10632 = ORIENTED_EDGE('',*,*,#10633,.F.);
#10633 = EDGE_CURVE('',#8713,#9459,#10634,.T.);
#10634 = SURFACE_CURVE('',#10635,(#10658,#10665),.PCURVE_S1.);
#10635 = ( BOUNDED_CURVE() B_SPLINE_CURVE(3,(#10636,#10637,#10638,#10639
    ,#10640,#10641,#10642,#10643,#10644,#10645,#10646,#10647,#10648,
    #10649,#10650,#10651,#10652,#10653,#10654,#10655,#10656,#10657),
.UNSPECIFIED.,.F.,.F.) B_SPLINE_CURVE_WITH_KNOTS((4,1,1,1,1,1,1,1,1,1,1,
    1,1,1,1,1,1,1,1,4),(0.,5.245000615645E-02,0.105056142816,
    0.157827138689,0.210729740208,0.263703235816,0.316673593925,
    0.369567354274,0.422325530646,0.474917777959,0.52735694777,
    0.57971823004,0.632142347135,0.684734332274,0.737455393694,
    0.790192360737,0.842823921577,0.89528663,0.947644996011,1.),
.UNSPECIFIED.) CURVE() GEOMETRIC_REPRESENTATION_ITEM() 
RATIONAL_B_SPLINE_CURVE((1.,1.000000000036,0.999999999983,1.000000000004
    ,0.999999999999,1.,1.,1.,1.,1.,1.,1.,1.,1.,1.,1.,1.,1.000000000002,
    0.999999999994,1.000000000024,0.999999999949,1.)) 
REPRESENTATION_ITEM('') );
#10636 = CARTESIAN_POINT('',(3.107447401925,408.89937137394,
    6.814505583744));
#10637 = CARTESIAN_POINT('',(4.488906926344,408.97178894881,
    6.827117365546));
#10638 = CARTESIAN_POINT('',(7.248117039512,409.21341793506,
    6.868039947231));
#10639 = CARTESIAN_POINT('',(11.344949712051,409.86279062787,
    6.966725204789));
#10640 = CARTESIAN_POINT('',(15.384906212609,410.79592885109,
    7.093297169762));
#10641 = CARTESIAN_POINT('',(19.348955928079,412.00816678384,
    7.238313372751));
#10642 = CARTESIAN_POINT('',(23.218381312493,413.49360394348,
    7.392343665989));
#10643 = CARTESIAN_POINT('',(26.974871562383,415.24515790653,
    7.546014207153));
#10644 = CARTESIAN_POINT('',(30.600606394679,417.2545853444,
    7.689780898614));
#10645 = CARTESIAN_POINT('',(34.078343770463,419.51252882364,
    7.814719798332));
#10646 = CARTESIAN_POINT('',(37.391473115344,422.00855355824,
    7.909532405846));
#10647 = CARTESIAN_POINT('',(40.524205531035,424.73129200694,
    7.971615871233));
#10648 = CARTESIAN_POINT('',(43.461229234185,427.66823965751,
    7.965807447346));
#10649 = CARTESIAN_POINT('',(46.184998651946,430.80220905673,
    8.01920595246));
#10650 = CARTESIAN_POINT('',(48.679614965346,434.11352934856,
    8.117168952623));
#10651 = CARTESIAN_POINT('',(50.935933654154,437.58835771608,
    8.237610501295));
#10652 = CARTESIAN_POINT('',(52.944506811662,441.21164743035,
    8.360649195883));
#10653 = CARTESIAN_POINT('',(54.696658366469,444.96804695944,
    8.465898261032));
#10654 = CARTESIAN_POINT('',(56.184413451532,448.84251571002,
    8.532874522461));
#10655 = CARTESIAN_POINT('',(57.39878688595,452.81378139779,
    8.541311941985));
#10656 = CARTESIAN_POINT('',(58.019967430681,455.50651436737,
    8.519186385913));
#10657 = CARTESIAN_POINT('',(58.284114017205,456.86371589951,8.534375));
#10658 = PCURVE('',#8806,#10659);
#10659 = DEFINITIONAL_REPRESENTATION('',(#10660),#10664);
#10660 = LINE('',#10661,#10662);
#10661 = CARTESIAN_POINT('',(4.,0.));
#10662 = VECTOR('',#10663,1.);
#10663 = DIRECTION('',(0.,1.));
#10664 = ( GEOMETRIC_REPRESENTATION_CONTEXT(2) 
PARAMETRIC_REPRESENTATION_CONTEXT() REPRESENTATION_CONTEXT('2D SPACE',''
  ) );
#10665 = PCURVE('',#8732,#10666);
#10666 = DEFINITIONAL_REPRESENTATION('',(#10667),#10671);
#10667 = LINE('',#10668,#10669);
#10668 = CARTESIAN_POINT('',(4.,0.));
#10669 = VECTOR('',#10670,1.);
#10670 = DIRECTION('',(0.,1.));
#10671 = ( GEOMETRIC_REPRESENTATION_CONTEXT(2) 
PARAMETRIC_REPRESENTATION_CONTEXT() REPRESENTATION_CONTEXT('2D SPACE',''
  ) );
#10672 = ORIENTED_EDGE('',*,*,#8786,.F.);
#10673 = ORIENTED_EDGE('',*,*,#10587,.T.);
#10674 = ORIENTED_EDGE('',*,*,#9487,.T.);
#10675 = ADVANCED_FACE('',(#10676),#8732,.T.);
#10676 = FACE_BOUND('',#10677,.T.);
#10677 = EDGE_LOOP('',(#10678,#10679,#10680,#10681));
#10678 = ORIENTED_EDGE('',*,*,#9361,.F.);
#10679 = ORIENTED_EDGE('',*,*,#8712,.F.);
#10680 = ORIENTED_EDGE('',*,*,#10633,.T.);
#10681 = ORIENTED_EDGE('',*,*,#9458,.T.);
#10682 = ADVANCED_FACE('',(#10683),#9876,.F.);
#10683 = FACE_BOUND('',#10684,.F.);
#10684 = EDGE_LOOP('',(#10685));
#10685 = ORIENTED_EDGE('',*,*,#9861,.T.);
#10686 = ADVANCED_FACE('',(#10687),#10280,.F.);
#10687 = FACE_BOUND('',#10688,.F.);
#10688 = EDGE_LOOP('',(#10689,#10712,#10739,#10740));
#10689 = ORIENTED_EDGE('',*,*,#10690,.T.);
#10690 = EDGE_CURVE('',#10141,#10691,#10693,.T.);
#10691 = VERTEX_POINT('',#10692);
#10692 = CARTESIAN_POINT('',(19.000673270284,417.3736526025,11.5));
#10693 = SEAM_CURVE('',#10694,(#10698,#10705),.PCURVE_S1.);
#10694 = LINE('',#10695,#10696);
#10695 = CARTESIAN_POINT('',(17.529789603036,421.30767106171,11.5));
#10696 = VECTOR('',#10697,1.);
#10697 = DIRECTION('',(0.350210396964,-0.936671061717,2.22044604925E-16)
  );
#10698 = PCURVE('',#10280,#10699);
#10699 = DEFINITIONAL_REPRESENTATION('',(#10700),#10704);
#10700 = LINE('',#10701,#10702);
#10701 = CARTESIAN_POINT('',(6.28318530718,-0.));
#10702 = VECTOR('',#10703,1.);
#10703 = DIRECTION('',(0.,1.));
#10704 = ( GEOMETRIC_REPRESENTATION_CONTEXT(2) 
PARAMETRIC_REPRESENTATION_CONTEXT() REPRESENTATION_CONTEXT('2D SPACE',''
  ) );
#10705 = PCURVE('',#10280,#10706);
#10706 = DEFINITIONAL_REPRESENTATION('',(#10707),#10711);
#10707 = LINE('',#10708,#10709);
#10708 = CARTESIAN_POINT('',(0.,-0.));
#10709 = VECTOR('',#10710,1.);
#10710 = DIRECTION('',(0.,1.));
#10711 = ( GEOMETRIC_REPRESENTATION_CONTEXT(2) 
PARAMETRIC_REPRESENTATION_CONTEXT() REPRESENTATION_CONTEXT('2D SPACE',''
  ) );
#10712 = ORIENTED_EDGE('',*,*,#10713,.F.);
#10713 = EDGE_CURVE('',#10691,#10691,#10714,.T.);
#10714 = SURFACE_CURVE('',#10715,(#10720,#10727),.PCURVE_S1.);
#10715 = CIRCLE('',#10716,2.9);
#10716 = AXIS2_PLACEMENT_3D('',#10717,#10718,#10719);
#10717 = CARTESIAN_POINT('',(19.000673270284,417.3736526025,14.4));
#10718 = DIRECTION('',(0.350210396964,-0.936671061717,2.22044604925E-16)
  );
#10719 = DIRECTION('',(7.776232923445E-17,-2.079827558437E-16,-1.));
#10720 = PCURVE('',#10280,#10721);
#10721 = DEFINITIONAL_REPRESENTATION('',(#10722),#10726);
#10722 = LINE('',#10723,#10724);
#10723 = CARTESIAN_POINT('',(0.,4.2));
#10724 = VECTOR('',#10725,1.);
#10725 = DIRECTION('',(1.,0.));
#10726 = ( GEOMETRIC_REPRESENTATION_CONTEXT(2) 
PARAMETRIC_REPRESENTATION_CONTEXT() REPRESENTATION_CONTEXT('2D SPACE',''
  ) );
#10727 = PCURVE('',#10728,#10733);
#10728 = PLANE('',#10729);
#10729 = AXIS2_PLACEMENT_3D('',#10730,#10731,#10732);
#10730 = CARTESIAN_POINT('',(19.000673270284,417.3736526025,14.4));
#10731 = DIRECTION('',(0.350210396964,-0.936671061717,2.22044604925E-16)
  );
#10732 = DIRECTION('',(7.776232923445E-17,-2.079827558437E-16,-1.));
#10733 = DEFINITIONAL_REPRESENTATION('',(#10734),#10738);
#10734 = CIRCLE('',#10735,2.9);
#10735 = AXIS2_PLACEMENT_2D('',#10736,#10737);
#10736 = CARTESIAN_POINT('',(0.,0.));
#10737 = DIRECTION('',(1.,0.));
#10738 = ( GEOMETRIC_REPRESENTATION_CONTEXT(2) 
PARAMETRIC_REPRESENTATION_CONTEXT() REPRESENTATION_CONTEXT('2D SPACE',''
  ) );
#10739 = ORIENTED_EDGE('',*,*,#10690,.F.);
#10740 = ORIENTED_EDGE('',*,*,#10140,.T.);
#10741 = ADVANCED_FACE('',(#10742),#10728,.F.);
#10742 = FACE_BOUND('',#10743,.F.);
#10743 = EDGE_LOOP('',(#10744));
#10744 = ORIENTED_EDGE('',*,*,#10713,.T.);
#10745 = ( GEOMETRIC_REPRESENTATION_CONTEXT(3) 
GLOBAL_UNCERTAINTY_ASSIGNED_CONTEXT((#10749)) 
GLOBAL_UNIT_ASSIGNED_CONTEXT((#10746,#10747,#10748)) 
REPRESENTATION_CONTEXT('Context #1',
  '3D Context with UNIT and UNCERTAINTY') );
#10746 = ( LENGTH_UNIT() NAMED_UNIT(*) SI_UNIT(.MILLI.,.METRE.) );
#10747 = ( NAMED_UNIT(*) PLANE_ANGLE_UNIT() SI_UNIT($,.RADIAN.) );
#10748 = ( NAMED_UNIT(*) SI_UNIT($,.STERADIAN.) SOLID_ANGLE_UNIT() );
#10749 = UNCERTAINTY_MEASURE_WITH_UNIT(LENGTH_MEASURE(2.E-06),#10746,
  'distance_accuracy_value','confusion accuracy');
#10750 = CONTEXT_DEPENDENT_SHAPE_REPRESENTATION(#10751,#10753);
#10751 = ( REPRESENTATION_RELATIONSHIP('','',#8315,#10) 
REPRESENTATION_RELATIONSHIP_WITH_TRANSFORMATION(#10752) 
SHAPE_REPRESENTATION_RELATIONSHIP() );
#10752 = ITEM_DEFINED_TRANSFORMATION('','',#11,#35);
#10753 = PRODUCT_DEFINITION_SHAPE('Placement','Placement of an item',
  #10754);
#10754 = NEXT_ASSEMBLY_USAGE_OCCURRENCE('6','attach_v1b1_wing_right','',
  #5,#8310,$);
#10755 = PRODUCT_RELATED_PRODUCT_CATEGORY('part',$,(#8312));
ENDSEC;
END-ISO-10303-21;
