artifact_id,state,variant,part,print_orientation,group,sites,magnet_count,last_completely_open_layer_z_mm,cavity_bury_roof_start_plane_z_mm,first_closing_layer_z_mm,pause_marker_z_mm,minimum_seated_below_last_open_layer_mm,minimum_seated_below_first_closing_layer_mm,print_insertion_direction_xyz,insertion_instruction,stl,stl_sha256,gcode,gcode_sha256,audited_bambu_3mf,audited_bambu_3mf_sha256,ready_project,ready_project_output_fingerprint,discovery_gcode,discovery_gcode_sha256,discovery_bambu_3mf,discovery_bambu_3mf_sha256,bambu_arrange_rz_degrees,polarity
floor_stand:A:stock_shoulder_1_of_4_top_left,floor_stand,A,stock_shoulder_1_of_4_top_left,front_face_down,1,stock_upper_left_receiver,1,5.8,5.80,5.96,5.96,0.09999990000004377,0.2599999000000439,"[0.0,0.0,-1.0]",insert vertically downward from above the paused part (+Z side) through the open loading chimney along print -Z,/Users/antor/gh/lx/top_baffle_v2/build/floor_stand/stl/stock_shoulder_1_of_4_top_left.stl,c226846fba25d831631e1ae83f2d20bd4229407e62ae8a196c1116f13d903091,/Users/antor/gh/lx/top_baffle_v2/review/captive_magnet_slice_audit_06hf/slices/floor_stand_A_stock_shoulder_1_of_4_top_left/ready/plate_1.gcode,c0af9749a0637df6e34db906676faaf20fa97bdd3cb097bd39d94b3b7b8b630f,/Users/antor/gh/lx/top_baffle_v2/review/captive_magnet_slice_audit_06hf/slices/floor_stand_A_stock_shoulder_1_of_4_top_left/ready/ready_to_print.gcode.3mf,1429988530d40833a1b4036b8324188c3a726e5c30aaeb7e445916b46fe11d8d,True,6a3fddb6d93bf513850217c16f426fb6681e5e8062406adb61ba9f86055edb23,/Users/antor/gh/lx/top_baffle_v2/review/captive_magnet_slice_audit_06hf/slices/floor_stand_A_stock_shoulder_1_of_4_top_left/plate_1.gcode,a252c4de5192862ae23242b061215885f517a1b7441847f43ab269d3a6db88da,/Users/antor/gh/lx/top_baffle_v2/review/captive_magnet_slice_audit_06hf/slices/floor_stand_A_stock_shoulder_1_of_4_top_left/audited_slice_project.3mf,78c5e3ae0b34b2fa2e858186b6c242d9fba1a81c1036df396a32404df82b45ec,0.0,"[{""site"":""stock_upper_left_receiver"",""print_marked_pole_axis_xyz"":[-0.35021039696371,0.9366710617172503,0.0],""installed_marked_pole_axis_xyz"":[-0.35021039696371,-0.9366710617172503,0.0],""instruction"":""marked/N pole points along the same installed pair-axis vector as the carrier magnet; the face toward the carrier is therefore the opposite pole""}]"
floor_stand:A:stock_shoulder_2_of_4_top_right,floor_stand,A,stock_shoulder_2_of_4_top_right,front_face_down,1,stock_upper_right_receiver,1,5.8,5.80,5.96,5.96,0.09999990000004377,0.2599999000000439,"[0.0,0.0,-1.0]",insert vertically downward from above the paused part (+Z side) through the open loading chimney along print -Z,/Users/antor/gh/lx/top_baffle_v2/build/floor_stand/stl/stock_shoulder_2_of_4_top_right.stl,97d976c11078ed0a4e6e6f4f3862bbcd9042994b48a21ef5ee254f8f71fd838f,/Users/antor/gh/lx/top_baffle_v2/review/captive_magnet_slice_audit_06hf/slices/floor_stand_A_stock_shoulder_2_of_4_top_right/ready/plate_1.gcode,3729bb367cbaa57172db88c2fb8115360829b418855f8771f2664a0743582373,/Users/antor/gh/lx/top_baffle_v2/review/captive_magnet_slice_audit_06hf/slices/floor_stand_A_stock_shoulder_2_of_4_top_right/ready/ready_to_print.gcode.3mf,8c5fba900108863a7e528560b10302a3ab537529b707f5b9c29ebea3f7bf2f2a,True,c2f33ca0bed8a12a456912254840d50c7ca010149c2461de39ab850048d7499c,/Users/antor/gh/lx/top_baffle_v2/review/captive_magnet_slice_audit_06hf/slices/floor_stand_A_stock_shoulder_2_of_4_top_right/plate_1.gcode,d1f278732464a62b32c10d4a37c8aa01f1269c64894f81d74948a7a6fca871da,/Users/antor/gh/lx/top_baffle_v2/review/captive_magnet_slice_audit_06hf/slices/floor_stand_A_stock_shoulder_2_of_4_top_right/audited_slice_project.3mf,26c8471db10fa85ef81e890ec3423a8a72cc82fb34f537afa2192b113c03c611,0.0,"[{""site"":""stock_upper_right_receiver"",""print_marked_pole_axis_xyz"":[0.35021039696371,0.9366710617172503,0.0],""installed_marked_pole_axis_xyz"":[0.35021039696371,-0.9366710617172503,0.0],""instruction"":""marked/N pole points along the same installed pair-axis vector as the carrier magnet; the face toward the carrier is therefore the opposite pole""}]"
floor_stand:A:stock_shoulder_3_of_4_bottom_left,floor_stand,A,stock_shoulder_3_of_4_bottom_left,front_face_down,1,stock_lower_left_receiver,1,5.8,5.80,5.96,5.96,0.10000000000003428,0.2600000000000344,"[0.0,0.0,-1.0]",insert vertically downward from above the paused part (+Z side) through the open loading chimney along print -Z,/Users/antor/gh/lx/top_baffle_v2/build/floor_stand/stl/stock_shoulder_3_of_4_bottom_left.stl,498086f24109d792c45212144855bd570c06af4b5128fdca371a8cdb00960cf3,/Users/antor/gh/lx/top_baffle_v2/review/captive_magnet_slice_audit_06hf/slices/floor_stand_A_stock_shoulder_3_of_4_bottom_left/ready/plate_1.gcode,744bdc32e0a983fa537cc2249e610050790a53e4b5c49559d2df25be9a012d05,/Users/antor/gh/lx/top_baffle_v2/review/captive_magnet_slice_audit_06hf/slices/floor_stand_A_stock_shoulder_3_of_4_bottom_left/ready/ready_to_print.gcode.3mf,49c0e44124421ab8f1c2cb97759acf1b352e5e995112895a0d34f3425cad7c23,True,2697d2059997a71c431d246539b228ec5c0463a74788c39aec4e454f0cd822eb,/Users/antor/gh/lx/top_baffle_v2/review/captive_magnet_slice_audit_06hf/slices/floor_stand_A_stock_shoulder_3_of_4_bottom_left/plate_1.gcode,b1be4895fa5f7427113b5aa898f3df43a71ffd6dccbb87c848bf8bbdada5f4de,/Users/antor/gh/lx/top_baffle_v2/review/captive_magnet_slice_audit_06hf/slices/floor_stand_A_stock_shoulder_3_of_4_bottom_left/audited_slice_project.3mf,5936875363505799759ed3b99d99179fc6a4c6e4edaf19cddb0c1ccc4bc249ea,0.0,"[{""site"":""stock_lower_left_receiver"",""print_marked_pole_axis_xyz"":[-0.9584785342953424,0.2851646880226448,0.0],""installed_marked_pole_axis_xyz"":[-0.9584785342953424,-0.2851646880226448,0.0],""instruction"":""marked/N pole points along the same installed pair-axis vector as the carrier magnet; the face toward the carrier is therefore the opposite pole""}]"
floor_stand:A:stock_shoulder_4_of_4_bottom_right,floor_stand,A,stock_shoulder_4_of_4_bottom_right,front_face_down,1,stock_lower_right_receiver,1,5.8,5.80,5.96,5.96,0.10000000000003428,0.2600000000000344,"[0.0,0.0,-1.0]",insert vertically downward from above the paused part (+Z side) through the open loading chimney along print -Z,/Users/antor/gh/lx/top_baffle_v2/build/floor_stand/stl/stock_shoulder_4_of_4_bottom_right.stl,43fa254e1c788a6b9ec2170bf892955be8ec8321bc9aea0408f494038ea10792,/Users/antor/gh/lx/top_baffle_v2/review/captive_magnet_slice_audit_06hf/slices/floor_stand_A_stock_shoulder_4_of_4_bottom_right/ready/plate_1.gcode,0932e397a59fbb11325d710373d5e4c097f7948afd9dbf0af48608a7abd75841,/Users/antor/gh/lx/top_baffle_v2/review/captive_magnet_slice_audit_06hf/slices/floor_stand_A_stock_shoulder_4_of_4_bottom_right/ready/ready_to_print.gcode.3mf,76fa19f41c0c785566cd0f4b1c10b717133dfba31eea107be2eeeea43bbd8b09,True,7a9aded416ef9bead98e6a0389a094400b887bdbc38ba5e9d230c4600a4071bf,/Users/antor/gh/lx/top_baffle_v2/review/captive_magnet_slice_audit_06hf/slices/floor_stand_A_stock_shoulder_4_of_4_bottom_right/plate_1.gcode,fd6f250844e157904c5e2ea522d863c273044cd8ff054b3a3e82dc8fa1cd4fa0,/Users/antor/gh/lx/top_baffle_v2/review/captive_magnet_slice_audit_06hf/slices/floor_stand_A_stock_shoulder_4_of_4_bottom_right/audited_slice_project.3mf,bf16327627cd091e03acd56f63093a60350c33a0ff6d90d836d25f032780e292,0.0,"[{""site"":""stock_lower_right_receiver"",""print_marked_pole_axis_xyz"":[0.9584785342953424,0.2851646880226448,0.0],""installed_marked_pole_axis_xyz"":[0.9584785342953424,-0.2851646880226448,0.0],""instruction"":""marked/N pole points along the same installed pair-axis vector as the carrier magnet; the face toward the carrier is therefore the opposite pole""}]"
floor_stand:B1:stock_wing_1_of_2_left,floor_stand,B1,stock_wing_1_of_2_left,front_face_down,1,stock_lower_left_receiver; stock_upper_left_receiver,2,5.8,5.80,5.96,5.96,0.09999990000004733,0.25999990000004747,"[0.0,0.0,-1.0]",insert vertically downward from above the paused part (+Z side) through the open loading chimney along print -Z,/Users/antor/gh/lx/top_baffle_v2/build/floor_stand/stl/stock_wing_1_of_2_left.stl,7749a25921f930432d155f8988afe0dd8516f2b119560c11890f4f2a309794f1,/Users/antor/gh/lx/top_baffle_v2/review/captive_magnet_slice_audit_06hf/slices/floor_stand_B1_stock_wing_1_of_2_left/ready/plate_1.gcode,38c965d78757f9affe82b6adec85e98ea328b4633cf2bdd43cef66883fdb1c0c,/Users/antor/gh/lx/top_baffle_v2/review/captive_magnet_slice_audit_06hf/slices/floor_stand_B1_stock_wing_1_of_2_left/ready/ready_to_print.gcode.3mf,16de99ddff75b4b692308d4dd92f1863e0bb60834455eeff7582f30426dea7e1,True,c97cac470be25dd448dd1b7affd01c1e1cdc4f5956fe207c488159449aa09023,/Users/antor/gh/lx/top_baffle_v2/review/captive_magnet_slice_audit_06hf/slices/floor_stand_B1_stock_wing_1_of_2_left/plate_1.gcode,6fbf29711716d9da4a6cc3c8e760e8a3b0108f404e28c8515f67f8057572931b,/Users/antor/gh/lx/top_baffle_v2/review/captive_magnet_slice_audit_06hf/slices/floor_stand_B1_stock_wing_1_of_2_left/audited_slice_project.3mf,aa962527169677b3b2825dd325ddb346233211c8b9edb9c651fd00c22405909f,0.0,"[{""site"":""stock_lower_left_receiver"",""print_marked_pole_axis_xyz"":[-0.9584785342953424,0.2851646880226448,0.0],""installed_marked_pole_axis_xyz"":[-0.9584785342953424,-0.2851646880226448,0.0],""instruction"":""marked/N pole points along the same installed pair-axis vector as the carrier magnet; the face toward the carrier is therefore the opposite pole""},{""site"":""stock_upper_left_receiver"",""print_marked_pole_axis_xyz"":[-0.35021039696371,0.9366710617172503,0.0],""installed_marked_pole_axis_xyz"":[-0.35021039696371,-0.9366710617172503,0.0],""instruction"":""marked/N pole points along the same installed pair-axis vector as the carrier magnet; the face toward the carrier is therefore the opposite pole""}]"
floor_stand:B1:stock_wing_2_of_2_right,floor_stand,B1,stock_wing_2_of_2_right,front_face_down,1,stock_lower_right_receiver; stock_upper_right_receiver,2,5.8,5.80,5.96,5.96,0.09999990000004377,0.2599999000000439,"[0.0,0.0,-1.0]",insert vertically downward from above the paused part (+Z side) through the open loading chimney along print -Z,/Users/antor/gh/lx/top_baffle_v2/build/floor_stand/stl/stock_wing_2_of_2_right.stl,8da84750e2cff0075955bd8245831ebfc0ddfc97d9bc36e97789069cadf5d67b,/Users/antor/gh/lx/top_baffle_v2/review/captive_magnet_slice_audit_06hf/slices/floor_stand_B1_stock_wing_2_of_2_right/ready/plate_1.gcode,4be96c002b70ab4e5dc8b0502c008d5c021714e0f6aff06503fe4c20d3af9f12,/Users/antor/gh/lx/top_baffle_v2/review/captive_magnet_slice_audit_06hf/slices/floor_stand_B1_stock_wing_2_of_2_right/ready/ready_to_print.gcode.3mf,4b56aa155390c22ad6f975cecd746fadf65a5160a4efd5e114676eec17d6f4f1,True,baef7876f2967ce982aac23087e59e7c5bd4a9b7c623e1866eb3a5c40023a827,/Users/antor/gh/lx/top_baffle_v2/review/captive_magnet_slice_audit_06hf/slices/floor_stand_B1_stock_wing_2_of_2_right/plate_1.gcode,c23bb9611e478352191f03a90acb848e096b59eea0bfb275a7bc108b49258a19,/Users/antor/gh/lx/top_baffle_v2/review/captive_magnet_slice_audit_06hf/slices/floor_stand_B1_stock_wing_2_of_2_right/audited_slice_project.3mf,54cdea0358b8253ef51cbdc6c0d99fc67e59280577e75538929e9d69d961f331,0.0,"[{""site"":""stock_lower_right_receiver"",""print_marked_pole_axis_xyz"":[0.9584785342953424,0.2851646880226448,0.0],""installed_marked_pole_axis_xyz"":[0.9584785342953424,-0.2851646880226448,0.0],""instruction"":""marked/N pole points along the same installed pair-axis vector as the carrier magnet; the face toward the carrier is therefore the opposite pole""},{""site"":""stock_upper_right_receiver"",""print_marked_pole_axis_xyz"":[0.35021039696371,0.9366710617172503,0.0],""installed_marked_pole_axis_xyz"":[0.35021039696371,-0.9366710617172503,0.0],""instruction"":""marked/N pole points along the same installed pair-axis vector as the carrier magnet; the face toward the carrier is therefore the opposite pole""}]"
floor_stand:B2:stock_4_of_4_vase_b2,floor_stand,B2,stock_4_of_4_vase_b2,front_face_down,1,stock_lower_right_base; stock_lower_left_base; stock_upper_right_base; stock_upper_left_base,4,5.8,5.80,5.96,5.96,0.09999990000003667,0.2599999000000368,"[0.0,0.0,-1.0]",insert vertically downward from above the paused part (+Z side) through the open loading chimney along print -Z,/Users/antor/gh/lx/top_baffle_v2/build/floor_stand/stl/stock_4_of_4_vase_b2.stl,6c7b57df55b27ffa725e07d2d034f816f8350c86876d29a788fbc33ef0dfb25a,/Users/antor/gh/lx/top_baffle_v2/review/captive_magnet_slice_audit_06hf/slices/floor_stand_B2_stock_4_of_4_vase_b2/ready/plate_1.gcode,b2266ab7e5108a4ccb84d9c15bf1b4ac36ac33ce44c426999e197f08b03b2368,/Users/antor/gh/lx/top_baffle_v2/review/captive_magnet_slice_audit_06hf/slices/floor_stand_B2_stock_4_of_4_vase_b2/ready/ready_to_print.gcode.3mf,487899c43536d2ae0a5a68d02a70a62e784981603d2caad881f9795e81cccf11,True,44028b668aae4124a863fb13dd4f862408038032904426a7c87d5cd82d5a4bfa,/Users/antor/gh/lx/top_baffle_v2/review/captive_magnet_slice_audit_06hf/slices/floor_stand_B2_stock_4_of_4_vase_b2/plate_1.gcode,9b68e86880ee4574e170109fc77cc031ee6bc67567a44ffdd53a696e56f3bfcc,/Users/antor/gh/lx/top_baffle_v2/review/captive_magnet_slice_audit_06hf/slices/floor_stand_B2_stock_4_of_4_vase_b2/audited_slice_project.3mf,7f7a56a745bd0e14fe7215c2a3f1f11924bb54134749611ced09cae49d9abf8c,0.0,"[{""site"":""stock_lower_right_base"",""print_marked_pole_axis_xyz"":[0.9584785342953424,0.2851646880226448,0.0],""installed_marked_pole_axis_xyz"":[0.9584785342953424,-0.2851646880226448,0.0],""instruction"":""marked/N pole points OUT from carrier toward its mating piece, along installed_marked_pole_axis_xyz""},{""site"":""stock_lower_left_base"",""print_marked_pole_axis_xyz"":[-0.9584785342953424,0.2851646880226448,0.0],""installed_marked_pole_axis_xyz"":[-0.9584785342953424,-0.2851646880226448,0.0],""instruction"":""marked/N pole points OUT from carrier toward its mating piece, along installed_marked_pole_axis_xyz""},{""site"":""stock_upper_right_base"",""print_marked_pole_axis_xyz"":[0.35021039696371,0.9366710617172503,0.0],""installed_marked_pole_axis_xyz"":[0.35021039696371,-0.9366710617172503,0.0],""instruction"":""marked/N pole points OUT from carrier toward its mating piece, along installed_marked_pole_axis_xyz""},{""site"":""stock_upper_left_base"",""print_marked_pole_axis_xyz"":[-0.35021039696371,0.9366710617172503,0.0],""installed_marked_pole_axis_xyz"":[-0.35021039696371,-0.9366710617172503,0.0],""instruction"":""marked/N pole points OUT from carrier toward its mating piece, along installed_marked_pole_axis_xyz""}]"
floor_stand:Obi-Wan-split:obiwan_optional_lm_keyed_1_of_2_bottom,floor_stand,Obi-Wan-split,obiwan_optional_lm_keyed_1_of_2_bottom,front_face_down,1,lm_lower_left; lm_lower_right,2,5.8,5.80,5.96,5.96,0.0999999000000047,0.25999990000000484,"[0.0,0.0,-1.0]",insert vertically downward from above the paused part (+Z side) through the open loading chimney along print -Z,/Users/antor/gh/lx/top_baffle_v2/build/floor_stand/stl/obiwan_optional_lm_keyed_1_of_2_bottom.stl,ef9fc6f41df88e938267656f651b4d58162bc6cbe1a7b00231d09d1a88fdb782,/Users/antor/gh/lx/top_baffle_v2/review/captive_magnet_slice_audit_06hf/slices/floor_stand_Obi-Wan-split_obiwan_optional_lm_keyed_1_of_2_bottom/ready/plate_1.gcode,e5beb21709f390caa480baeb32de0148d0e93d82c873bccd53ca123757fe6a52,/Users/antor/gh/lx/top_baffle_v2/review/captive_magnet_slice_audit_06hf/slices/floor_stand_Obi-Wan-split_obiwan_optional_lm_keyed_1_of_2_bottom/ready/ready_to_print.gcode.3mf,249996768821b761fd632287743cfa0e16801452a1560af553666bfd7cc8e42b,True,bbe535d0f468be6fc243f2e54c9c81299c8c88837fb514ec8b90f4a3e9f1bbab,/Users/antor/gh/lx/top_baffle_v2/review/captive_magnet_slice_audit_06hf/slices/floor_stand_Obi-Wan-split_obiwan_optional_lm_keyed_1_of_2_bottom/plate_1.gcode,d4d2694983d478fd3059a0172997f42719b0aeab6ea4c0189c0501c2d331eb8d,/Users/antor/gh/lx/top_baffle_v2/review/captive_magnet_slice_audit_06hf/slices/floor_stand_Obi-Wan-split_obiwan_optional_lm_keyed_1_of_2_bottom/audited_slice_project.3mf,132e99aec5f86718350f1086551f06573705d719ed4d53d334fe2fc700fe8b74,0.0,"[{""site"":""lm_lower_left"",""print_marked_pole_axis_xyz"":[-0.9452165115184645,0.3264440937631809,0.0],""installed_marked_pole_axis_xyz"":[-0.7064513012709772,-0.7077616540421945,0.0],""instruction"":""marked/N pole points OUT from carrier toward its mating piece, along installed_marked_pole_axis_xyz""},{""site"":""lm_lower_right"",""print_marked_pole_axis_xyz"":[0.32469193564684246,0.9458198279407695,0.0],""installed_marked_pole_axis_xyz"":[0.7064513012709772,-0.7077616540421945,0.0],""instruction"":""marked/N pole points OUT from carrier toward its mating piece, along installed_marked_pole_axis_xyz""}]"
floor_stand:Obi-Wan-split:obiwan_optional_lm_keyed_2_of_2_top,floor_stand,Obi-Wan-split,obiwan_optional_lm_keyed_2_of_2_top,front_face_down,1,lm_upper_left; lm_upper_right,2,5.8,5.80,5.96,5.96,0.09999990000001535,0.2599999000000155,"[0.0,0.0,-1.0]",insert vertically downward from above the paused part (+Z side) through the open loading chimney along print -Z,/Users/antor/gh/lx/top_baffle_v2/build/floor_stand/stl/obiwan_optional_lm_keyed_2_of_2_top.stl,6b835da885eea11b3068375e67aa12c1356b3791987c8cd981a8c4d0d428b0c3,/Users/antor/gh/lx/top_baffle_v2/review/captive_magnet_slice_audit_06hf/slices/floor_stand_Obi-Wan-split_obiwan_optional_lm_keyed_2_of_2_top/ready/plate_1.gcode,b2c725adb7e34cf009277053ff58c3c454ec235e3d8a3784b96897b20ab2f14f,/Users/antor/gh/lx/top_baffle_v2/review/captive_magnet_slice_audit_06hf/slices/floor_stand_Obi-Wan-split_obiwan_optional_lm_keyed_2_of_2_top/ready/ready_to_print.gcode.3mf,b9b93427ba7f8071821000e20ca1129c243f33d4ba8085f7a77fc3bdd307ca87,True,cde38b4f4bfc9a641341c4c9873b36ca768940b3c17b7f57cd09e3dbb2ade962,/Users/antor/gh/lx/top_baffle_v2/review/captive_magnet_slice_audit_06hf/slices/floor_stand_Obi-Wan-split_obiwan_optional_lm_keyed_2_of_2_top/plate_1.gcode,3ccc39c10717d61ee519356b4994665889f6099e6c3ad0dcecb9cce9aaf922fc,/Users/antor/gh/lx/top_baffle_v2/review/captive_magnet_slice_audit_06hf/slices/floor_stand_Obi-Wan-split_obiwan_optional_lm_keyed_2_of_2_top/audited_slice_project.3mf,58ca48b8442db489c20dbab069f3bdfd8c57c03644bd15306789d649becdbab1,0.0,"[{""site"":""lm_upper_left"",""print_marked_pole_axis_xyz"":[0.3255681544571566,-0.9455185755993172,0.0],""installed_marked_pole_axis_xyz"":[-0.4383711467890776,0.8987940462991671,0.0],""instruction"":""marked/N pole points OUT from carrier toward its mating piece, along installed_marked_pole_axis_xyz""},{""site"":""lm_upper_right"",""print_marked_pole_axis_xyz"":[0.9455185755993168,-0.32556815445715676,0.0],""installed_marked_pole_axis_xyz"":[0.43837114678907746,0.898794046299167,0.0],""instruction"":""marked/N pole points OUT from carrier toward its mating piece, along installed_marked_pole_axis_xyz""}]"
floor_stand:Obi-Wan:obiwan_core_2_of_2_um_carrier,floor_stand,Obi-Wan,obiwan_core_2_of_2_um_carrier,front_face_down,1,um_left; um_right,2,5.8,5.80,5.96,5.96,0.09999990000003667,0.2599999000000368,"[0.0,0.0,-1.0]",insert vertically downward from above the paused part (+Z side) through the open loading chimney along print -Z,/Users/antor/gh/lx/top_baffle_v2/build/floor_stand/stl/obiwan_core_2_of_2_um_carrier.stl,775e47af7a1ee0b0092762a3080c525e32259d98ba29c926ae17f3a089a8b340,/Users/antor/gh/lx/top_baffle_v2/review/captive_magnet_slice_audit_06hf/slices/floor_stand_Obi-Wan_obiwan_core_2_of_2_um_carrier/ready/plate_1.gcode,07c6e5f3bb461c5dabb7d7060b2fb5366f840ebdf79dabb9dffcd64eea41e3a0,/Users/antor/gh/lx/top_baffle_v2/review/captive_magnet_slice_audit_06hf/slices/floor_stand_Obi-Wan_obiwan_core_2_of_2_um_carrier/ready/ready_to_print.gcode.3mf,e1cc8d9102e9172610e494e4138840ec56fc084ce26d22f9159f0df4277fea47,True,89eae1e1dae21363c48be0ca8febac95b844e9495b2aeb3808606ba7169689ee,/Users/antor/gh/lx/top_baffle_v2/review/captive_magnet_slice_audit_06hf/slices/floor_stand_Obi-Wan_obiwan_core_2_of_2_um_carrier/plate_1.gcode,7899c5e30bf5d061eaccb7e3f2d73c1cd87a13cd50df64aff4555dc43da97048,/Users/antor/gh/lx/top_baffle_v2/review/captive_magnet_slice_audit_06hf/slices/floor_stand_Obi-Wan_obiwan_core_2_of_2_um_carrier/audited_slice_project.3mf,4c8e2ad3ccdc57bf326e86554b84de1adf5363e2822df521d3c86af43a5d466f,0.0,"[{""site"":""um_left"",""print_marked_pole_axis_xyz"":[-0.6360782202777641,-0.7716245833877199,0.0],""installed_marked_pole_axis_xyz"":[-0.6360782202777641,0.7716245833877199,0.0],""instruction"":""marked/N pole points OUT from carrier toward its mating piece, along installed_marked_pole_axis_xyz""},{""site"":""um_right"",""print_marked_pole_axis_xyz"":[0.636078220277764,-0.77162458338772,0.0],""installed_marked_pole_axis_xyz"":[0.636078220277764,0.77162458338772,0.0],""instruction"":""marked/N pole points OUT from carrier toward its mating piece, along installed_marked_pole_axis_xyz""}]"
floor_stand:V1-A:slim_shoulder_1_of_4_bottom_left,floor_stand,V1-A,slim_shoulder_1_of_4_bottom_left,front_face_down,1,v1_lower_left_receiver,1,5.8,5.80,5.96,5.96,0.10000000000003428,0.2600000000000344,"[0.0,0.0,-1.0]",insert vertically downward from above the paused part (+Z side) through the open loading chimney along print -Z,/Users/antor/gh/lx/top_baffle_v2/build/floor_stand/stl/slim_shoulder_1_of_4_bottom_left.stl,7ece5a1b6edf2e30a5764feb5abc982f8bb85bffb5269ebc66cbfacff1bcd2af,/Users/antor/gh/lx/top_baffle_v2/review/captive_magnet_slice_audit_06hf/slices/floor_stand_V1-A_slim_shoulder_1_of_4_bottom_left/ready/plate_1.gcode,7dd9b45d39fe5bfbaa9e9d961874fe4d951d7b0431f80bd28532d760d5397a04,/Users/antor/gh/lx/top_baffle_v2/review/captive_magnet_slice_audit_06hf/slices/floor_stand_V1-A_slim_shoulder_1_of_4_bottom_left/ready/ready_to_print.gcode.3mf,4a7340025e22647ba91123decf8dbc665f960cd265905a76827347867efd5029,True,e76ae0665c9c899e2d3359e8e9a213bc07741da202b6cb64e019e5bd81dfaec6,/Users/antor/gh/lx/top_baffle_v2/review/captive_magnet_slice_audit_06hf/slices/floor_stand_V1-A_slim_shoulder_1_of_4_bottom_left/plate_1.gcode,a3803b49f56e13b4d4a862ada4f47b21f1db40c526a8d22aa8c97fe501d46eba,/Users/antor/gh/lx/top_baffle_v2/review/captive_magnet_slice_audit_06hf/slices/floor_stand_V1-A_slim_shoulder_1_of_4_bottom_left/audited_slice_project.3mf,f1905f315d4a1b15736b832942424f8806cb9611fc42f21efb4df57ade8a07df,0.0,"[{""site"":""v1_lower_left_receiver"",""print_marked_pole_axis_xyz"":[-0.9584785342953424,0.2851646880226448,0.0],""installed_marked_pole_axis_xyz"":[-0.9584785342953424,-0.2851646880226448,0.0],""instruction"":""marked/N pole points along the same installed pair-axis vector as the carrier magnet; the face toward the carrier is therefore the opposite pole""}]"
floor_stand:V1-A:slim_shoulder_2_of_4_top_left,floor_stand,V1-A,slim_shoulder_2_of_4_top_left,front_face_down,1,v1_upper_left_receiver,1,5.8,5.80,5.96,5.96,0.09999990000004377,0.2599999000000439,"[0.0,0.0,-1.0]",insert vertically downward from above the paused part (+Z side) through the open loading chimney along print -Z,/Users/antor/gh/lx/top_baffle_v2/build/floor_stand/stl/slim_shoulder_2_of_4_top_left.stl,6336437600757c539da9e109d44901fdb078da56c6e41d37c03b7c4717e5c6a1,/Users/antor/gh/lx/top_baffle_v2/review/captive_magnet_slice_audit_06hf/slices/floor_stand_V1-A_slim_shoulder_2_of_4_top_left/ready/plate_1.gcode,d747a96a56d41b5c3ff4444a8bce211cb34eb4304e3ca2f92ec8fbd249a33f31,/Users/antor/gh/lx/top_baffle_v2/review/captive_magnet_slice_audit_06hf/slices/floor_stand_V1-A_slim_shoulder_2_of_4_top_left/ready/ready_to_print.gcode.3mf,2f1c3a55164f781cafc30012606f34911adf1970881ffbc8cbe08afa1e42bb4d,True,d7c4a4dbee6ccd859d7b1f27aed5a5595be86ba5ab4e0271e71de75bf98e85b8,/Users/antor/gh/lx/top_baffle_v2/review/captive_magnet_slice_audit_06hf/slices/floor_stand_V1-A_slim_shoulder_2_of_4_top_left/plate_1.gcode,ed885d00150d62cbac5636eee7727e37179b0034afa50777b927071ad82013ea,/Users/antor/gh/lx/top_baffle_v2/review/captive_magnet_slice_audit_06hf/slices/floor_stand_V1-A_slim_shoulder_2_of_4_top_left/audited_slice_project.3mf,7381a4eaef3d41cb22a3d004873155acb9c40fabf70b13965fe47c3b01d64d55,0.0,"[{""site"":""v1_upper_left_receiver"",""print_marked_pole_axis_xyz"":[-0.35021039696371,0.9366710617172503,0.0],""installed_marked_pole_axis_xyz"":[-0.35021039696371,-0.9366710617172503,0.0],""instruction"":""marked/N pole points along the same installed pair-axis vector as the carrier magnet; the face toward the carrier is therefore the opposite pole""}]"
floor_stand:V1-A:slim_shoulder_3_of_4_bottom_right,floor_stand,V1-A,slim_shoulder_3_of_4_bottom_right,front_face_down,1,v1_lower_right_receiver,1,5.8,5.80,5.96,5.96,0.10000000000003428,0.2600000000000344,"[0.0,0.0,-1.0]",insert vertically downward from above the paused part (+Z side) through the open loading chimney along print -Z,/Users/antor/gh/lx/top_baffle_v2/build/floor_stand/stl/slim_shoulder_3_of_4_bottom_right.stl,3c520a232faa90973f9b422c8f8f549dc2d4d25cbb67ba466989bdb5f079b398,/Users/antor/gh/lx/top_baffle_v2/review/captive_magnet_slice_audit_06hf/slices/floor_stand_V1-A_slim_shoulder_3_of_4_bottom_right/ready/plate_1.gcode,9198ac948cfa873c43c517233246f6579f828273d41f01d8047724bf0c48b534,/Users/antor/gh/lx/top_baffle_v2/review/captive_magnet_slice_audit_06hf/slices/floor_stand_V1-A_slim_shoulder_3_of_4_bottom_right/ready/ready_to_print.gcode.3mf,6b9f4f92c452e5aee006f929430535707e11a1c9e6d3a55197260c4efeb2633a,True,b53421454d218abb93a80d2e561a5c3313590f82fdb5bac3d5392cee2f373fef,/Users/antor/gh/lx/top_baffle_v2/review/captive_magnet_slice_audit_06hf/slices/floor_stand_V1-A_slim_shoulder_3_of_4_bottom_right/plate_1.gcode,e3aa7f19666116ff9b092eb317e3a0f0eb34d8812f6ece39e81c2aa165aca5a4,/Users/antor/gh/lx/top_baffle_v2/review/captive_magnet_slice_audit_06hf/slices/floor_stand_V1-A_slim_shoulder_3_of_4_bottom_right/audited_slice_project.3mf,9d9e68992fa117faa5423becf903395d74c247c8225da932d21f3a0104d707b6,0.0,"[{""site"":""v1_lower_right_receiver"",""print_marked_pole_axis_xyz"":[0.9584785342953424,0.2851646880226448,0.0],""installed_marked_pole_axis_xyz"":[0.9584785342953424,-0.2851646880226448,0.0],""instruction"":""marked/N pole points along the same installed pair-axis vector as the carrier magnet; the face toward the carrier is therefore the opposite pole""}]"
floor_stand:V1-A:slim_shoulder_4_of_4_top_right,floor_stand,V1-A,slim_shoulder_4_of_4_top_right,front_face_down,1,v1_upper_right_receiver,1,5.8,5.80,5.96,5.96,0.09999990000004377,0.2599999000000439,"[0.0,0.0,-1.0]",insert vertically downward from above the paused part (+Z side) through the open loading chimney along print -Z,/Users/antor/gh/lx/top_baffle_v2/build/floor_stand/stl/slim_shoulder_4_of_4_top_right.stl,647ee1a713b756e5fc4900af2d5f824c204598c99108a6b34ab602f12e1f562e,/Users/antor/gh/lx/top_baffle_v2/review/captive_magnet_slice_audit_06hf/slices/floor_stand_V1-A_slim_shoulder_4_of_4_top_right/ready/plate_1.gcode,33a2b46a953e637409f04b40b440704bead5f7d1827195af55d47c1dedc6170d,/Users/antor/gh/lx/top_baffle_v2/review/captive_magnet_slice_audit_06hf/slices/floor_stand_V1-A_slim_shoulder_4_of_4_top_right/ready/ready_to_print.gcode.3mf,29cab68006f942f2483ec7b0238fd12e69a0d47f9699e1f7088dcf325bf6f888,True,d6ff302d066b97cc7fdc4cfc1d66d3b76c8453436b98f76074bf06a0557a7d41,/Users/antor/gh/lx/top_baffle_v2/review/captive_magnet_slice_audit_06hf/slices/floor_stand_V1-A_slim_shoulder_4_of_4_top_right/plate_1.gcode,24a3565a0b50807d1e5718739b416691f1a843f8296641ceed988252af4df104,/Users/antor/gh/lx/top_baffle_v2/review/captive_magnet_slice_audit_06hf/slices/floor_stand_V1-A_slim_shoulder_4_of_4_top_right/audited_slice_project.3mf,f0c9d44d2f365abcae159b0d05089369f95f459cef2de1650ed5c697c7018b22,0.0,"[{""site"":""v1_upper_right_receiver"",""print_marked_pole_axis_xyz"":[0.35021039696371,0.9366710617172503,0.0],""installed_marked_pole_axis_xyz"":[0.35021039696371,-0.9366710617172503,0.0],""instruction"":""marked/N pole points along the same installed pair-axis vector as the carrier magnet; the face toward the carrier is therefore the opposite pole""}]"
floor_stand:V1-B1:slim_wing_1_of_2_left,floor_stand,V1-B1,slim_wing_1_of_2_left,front_face_down,1,v1_lower_left_receiver; v1_upper_left_receiver,2,5.8,5.80,5.96,5.96,0.09999990000004733,0.25999990000004747,"[0.0,0.0,-1.0]",insert vertically downward from above the paused part (+Z side) through the open loading chimney along print -Z,/Users/antor/gh/lx/top_baffle_v2/build/floor_stand/stl/slim_wing_1_of_2_left.stl,7b8a1ef0d700cd196d177ad16eed0e51da2601f81e91f777a77df314e40cd788,/Users/antor/gh/lx/top_baffle_v2/review/captive_magnet_slice_audit_06hf/slices/floor_stand_V1-B1_slim_wing_1_of_2_left/ready/plate_1.gcode,99a37579c6d72ec2515513cd11b71f73e31140b2c1645035e096b6a38884343a,/Users/antor/gh/lx/top_baffle_v2/review/captive_magnet_slice_audit_06hf/slices/floor_stand_V1-B1_slim_wing_1_of_2_left/ready/ready_to_print.gcode.3mf,8c2a1844171e8b05843a69c3374d637547f5cb44d16d1b9e957f91933da6ad75,True,ca197165cbec37601d340b67be7d3e5d1486ccba8fedeacbb008fae10b6e0e57,/Users/antor/gh/lx/top_baffle_v2/review/captive_magnet_slice_audit_06hf/slices/floor_stand_V1-B1_slim_wing_1_of_2_left/plate_1.gcode,725a3e20b703fc1762f7ab47bae6c60060adb38a965d539676d2c74deb44b44b,/Users/antor/gh/lx/top_baffle_v2/review/captive_magnet_slice_audit_06hf/slices/floor_stand_V1-B1_slim_wing_1_of_2_left/audited_slice_project.3mf,d521dc9ace62f411015c28b88cb94ac7a5e70700cc1dc695ae1ba8cb82ac8e69,0.0,"[{""site"":""v1_lower_left_receiver"",""print_marked_pole_axis_xyz"":[-0.9584785342953424,0.2851646880226448,0.0],""installed_marked_pole_axis_xyz"":[-0.9584785342953424,-0.2851646880226448,0.0],""instruction"":""marked/N pole points along the same installed pair-axis vector as the carrier magnet; the face toward the carrier is therefore the opposite pole""},{""site"":""v1_upper_left_receiver"",""print_marked_pole_axis_xyz"":[-0.35021039696371,0.9366710617172503,0.0],""installed_marked_pole_axis_xyz"":[-0.35021039696371,-0.9366710617172503,0.0],""instruction"":""marked/N pole points along the same installed pair-axis vector as the carrier magnet; the face toward the carrier is therefore the opposite pole""}]"
floor_stand:V1-B1:slim_wing_2_of_2_right,floor_stand,V1-B1,slim_wing_2_of_2_right,front_face_down,1,v1_lower_right_receiver; v1_upper_right_receiver,2,5.8,5.80,5.96,5.96,0.09999990000004377,0.2599999000000439,"[0.0,0.0,-1.0]",insert vertically downward from above the paused part (+Z side) through the open loading chimney along print -Z,/Users/antor/gh/lx/top_baffle_v2/build/floor_stand/stl/slim_wing_2_of_2_right.stl,52491d7e9e756a76699d176edd2f0303dbb2ab9a473b85f588fb0dee194d73e9,/Users/antor/gh/lx/top_baffle_v2/review/captive_magnet_slice_audit_06hf/slices/floor_stand_V1-B1_slim_wing_2_of_2_right/ready/plate_1.gcode,47ce19b408d5411936d8a5e128cf1122533537c730d821030768fa9eb14ede31,/Users/antor/gh/lx/top_baffle_v2/review/captive_magnet_slice_audit_06hf/slices/floor_stand_V1-B1_slim_wing_2_of_2_right/ready/ready_to_print.gcode.3mf,de7d136bee7e8ded2bfd2a052cc02e4683b67b10cc6d41f963e3e6765efa24c7,True,ea1e62e2c99269cea436ea6d4d63caf919f4090db2533c4124a6780e2b99627c,/Users/antor/gh/lx/top_baffle_v2/review/captive_magnet_slice_audit_06hf/slices/floor_stand_V1-B1_slim_wing_2_of_2_right/plate_1.gcode,7a82b3d1fc5b7cbc35e9e40b1a6dbaf7be131cd8631f4483d6a2a6f05b4dbd13,/Users/antor/gh/lx/top_baffle_v2/review/captive_magnet_slice_audit_06hf/slices/floor_stand_V1-B1_slim_wing_2_of_2_right/audited_slice_project.3mf,cda222ea5683b32775b348c21fac4a1c7b9e3ff4096486577d01ef9dbe298c06,0.0,"[{""site"":""v1_lower_right_receiver"",""print_marked_pole_axis_xyz"":[0.9584785342953424,0.2851646880226448,0.0],""installed_marked_pole_axis_xyz"":[0.9584785342953424,-0.2851646880226448,0.0],""instruction"":""marked/N pole points along the same installed pair-axis vector as the carrier magnet; the face toward the carrier is therefore the opposite pole""},{""site"":""v1_upper_right_receiver"",""print_marked_pole_axis_xyz"":[0.35021039696371,0.9366710617172503,0.0],""installed_marked_pole_axis_xyz"":[0.35021039696371,-0.9366710617172503,0.0],""instruction"":""marked/N pole points along the same installed pair-axis vector as the carrier magnet; the face toward the carrier is therefore the opposite pole""}]"
floor_stand:V1L:slim_4_of_4_vase_b2,floor_stand,V1L,slim_4_of_4_vase_b2,front_face_down,1,v1_lower_right_base; v1_lower_left_base; v1_upper_right_base; v1_upper_left_base,4,5.8,5.80,5.96,5.96,0.09999990000003667,0.2599999000000368,"[0.0,0.0,-1.0]",insert vertically downward from above the paused part (+Z side) through the open loading chimney along print -Z,/Users/antor/gh/lx/top_baffle_v2/build/floor_stand/stl/slim_4_of_4_vase_b2.stl,894fdc60dc89f515b7b8f15b1e6af96d493423f4f0f8ec213e6f66643602de7a,/Users/antor/gh/lx/top_baffle_v2/review/captive_magnet_slice_audit_06hf/slices/floor_stand_V1L_slim_4_of_4_vase_b2/ready/plate_1.gcode,470da5ef0015fdc5b1f77aa8301b232c265fddaa732d6eb27aaa12923d1b3d8b,/Users/antor/gh/lx/top_baffle_v2/review/captive_magnet_slice_audit_06hf/slices/floor_stand_V1L_slim_4_of_4_vase_b2/ready/ready_to_print.gcode.3mf,0a24ec8f5e3f85702929f0510020e7c65c541bbe1258b5ff803e4e4e369d4395,True,65f97704b99c55e85c87c97ef4b4cb44334a259d09b8b694e7819fc826a93327,/Users/antor/gh/lx/top_baffle_v2/review/captive_magnet_slice_audit_06hf/slices/floor_stand_V1L_slim_4_of_4_vase_b2/plate_1.gcode,2549721b5219443f8903b574c3e39ec66db995e81dacb3a26b6ec73f21009323,/Users/antor/gh/lx/top_baffle_v2/review/captive_magnet_slice_audit_06hf/slices/floor_stand_V1L_slim_4_of_4_vase_b2/audited_slice_project.3mf,8f0c8014361dec751c3f8afa71a4438fac24db914b356b67346b40cc5e6df05c,0.0,"[{""site"":""v1_lower_right_base"",""print_marked_pole_axis_xyz"":[0.9584785342953424,0.2851646880226448,0.0],""installed_marked_pole_axis_xyz"":[0.9584785342953424,-0.2851646880226448,0.0],""instruction"":""marked/N pole points OUT from carrier toward its mating piece, along installed_marked_pole_axis_xyz""},{""site"":""v1_lower_left_base"",""print_marked_pole_axis_xyz"":[-0.9584785342953424,0.2851646880226448,0.0],""installed_marked_pole_axis_xyz"":[-0.9584785342953424,-0.2851646880226448,0.0],""instruction"":""marked/N pole points OUT from carrier toward its mating piece, along installed_marked_pole_axis_xyz""},{""site"":""v1_upper_right_base"",""print_marked_pole_axis_xyz"":[0.35021039696371,0.9366710617172503,0.0],""installed_marked_pole_axis_xyz"":[0.35021039696371,-0.9366710617172503,0.0],""instruction"":""marked/N pole points OUT from carrier toward its mating piece, along installed_marked_pole_axis_xyz""},{""site"":""v1_upper_left_base"",""print_marked_pole_axis_xyz"":[-0.35021039696371,0.9366710617172503,0.0],""installed_marked_pole_axis_xyz"":[-0.35021039696371,-0.9366710617172503,0.0],""instruction"":""marked/N pole points OUT from carrier toward its mating piece, along installed_marked_pole_axis_xyz""}]"
floor_stand:coupon1:lx521_coupon_1_fit_plate,floor_stand,coupon1,lx521_coupon_1_fit_plate,front_face_down,1,coupon1_v1_upper_base,1,6.6,6.60,6.76,6.76,0.1999999999999993,0.35999999999999943,"[0.0,0.0,-1.0]",insert vertically downward from above the paused part (+Z side) through the open loading chimney along print -Z,/Users/antor/gh/lx/top_baffle_v2/build/floor_stand/stl/lx521_coupon_1_fit_plate.stl,88ec70cfeaf03b854e8271aaac5d0646c24efbdba8d6f374fad12a644df425a3,/Users/antor/gh/lx/top_baffle_v2/review/captive_magnet_slice_audit_06hf/slices/floor_stand_coupon1_lx521_coupon_1_fit_plate/ready/plate_1.gcode,86a0b10452cf31eb1f75ccf32944e848e714520074f8dbda100a092e7f89dc50,/Users/antor/gh/lx/top_baffle_v2/review/captive_magnet_slice_audit_06hf/slices/floor_stand_coupon1_lx521_coupon_1_fit_plate/ready/ready_to_print.gcode.3mf,4451ff1e88e3f319ba96046f6b43bc933b9920e725c8de81fa7c11a472cd7d86,True,7e08098913bae2a09e6afacc85e6c1408ddc290a7f43e5af245578ba2c64cc5d,/Users/antor/gh/lx/top_baffle_v2/review/captive_magnet_slice_audit_06hf/slices/floor_stand_coupon1_lx521_coupon_1_fit_plate/plate_1.gcode,5a099169b1521aa9a0f16b51232d99442172a94f3993a14c05b228d6c3190bb9,/Users/antor/gh/lx/top_baffle_v2/review/captive_magnet_slice_audit_06hf/slices/floor_stand_coupon1_lx521_coupon_1_fit_plate/audited_slice_project.3mf,c0ea92e126a9bc86ac483deab170f6e2e65db9b30d5b710c2606959721aaa72c,0.0,"[{""site"":""coupon1_v1_upper_base"",""print_marked_pole_axis_xyz"":[0.0,1.0,0.0],""installed_marked_pole_axis_xyz"":[0.0,-1.0,0.0],""instruction"":""unpaired coupon1 regression station: marked/N pole points along installed -Y (print +Y under its X180/Z0 transform); there is no mating magnet and no attraction claim""}]"
no_floor_stand:A:stock_shoulder_1_of_4_top_left,no_floor_stand,A,stock_shoulder_1_of_4_top_left,front_face_down,1,stock_upper_left_receiver,1,5.8,5.80,5.96,5.96,0.09999990000004377,0.2599999000000439,"[0.0,0.0,-1.0]",insert vertically downward from above the paused part (+Z side) through the open loading chimney along print -Z,/Users/antor/gh/lx/top_baffle_v2/build/no_floor_stand/stl/stock_shoulder_1_of_4_top_left.stl,c226846fba25d831631e1ae83f2d20bd4229407e62ae8a196c1116f13d903091,/Users/antor/gh/lx/top_baffle_v2/review/captive_magnet_slice_audit_06hf/slices/no_floor_stand_A_stock_shoulder_1_of_4_top_left/ready/plate_1.gcode,c0af9749a0637df6e34db906676faaf20fa97bdd3cb097bd39d94b3b7b8b630f,/Users/antor/gh/lx/top_baffle_v2/review/captive_magnet_slice_audit_06hf/slices/no_floor_stand_A_stock_shoulder_1_of_4_top_left/ready/ready_to_print.gcode.3mf,465f8d3744bc6a4d02fb776f936d91ab59022a2a745a184201016baa25738105,True,23aa3e0394864da8315fd0c5be27ce7a4d7bc9e2b9a0ec716516305afd7816df,/Users/antor/gh/lx/top_baffle_v2/review/captive_magnet_slice_audit_06hf/slices/no_floor_stand_A_stock_shoulder_1_of_4_top_left/plate_1.gcode,a252c4de5192862ae23242b061215885f517a1b7441847f43ab269d3a6db88da,/Users/antor/gh/lx/top_baffle_v2/review/captive_magnet_slice_audit_06hf/slices/no_floor_stand_A_stock_shoulder_1_of_4_top_left/audited_slice_project.3mf,d8b5afd4cc9885e45f00bd343cb732e20161bc30c3038d087c7f7202ac6f5878,0.0,"[{""site"":""stock_upper_left_receiver"",""print_marked_pole_axis_xyz"":[-0.35021039696371,0.9366710617172503,0.0],""installed_marked_pole_axis_xyz"":[-0.35021039696371,-0.9366710617172503,0.0],""instruction"":""marked/N pole points along the same installed pair-axis vector as the carrier magnet; the face toward the carrier is therefore the opposite pole""}]"
no_floor_stand:A:stock_shoulder_2_of_4_top_right,no_floor_stand,A,stock_shoulder_2_of_4_top_right,front_face_down,1,stock_upper_right_receiver,1,5.8,5.80,5.96,5.96,0.09999990000004377,0.2599999000000439,"[0.0,0.0,-1.0]",insert vertically downward from above the paused part (+Z side) through the open loading chimney along print -Z,/Users/antor/gh/lx/top_baffle_v2/build/no_floor_stand/stl/stock_shoulder_2_of_4_top_right.stl,97d976c11078ed0a4e6e6f4f3862bbcd9042994b48a21ef5ee254f8f71fd838f,/Users/antor/gh/lx/top_baffle_v2/review/captive_magnet_slice_audit_06hf/slices/no_floor_stand_A_stock_shoulder_2_of_4_top_right/ready/plate_1.gcode,3729bb367cbaa57172db88c2fb8115360829b418855f8771f2664a0743582373,/Users/antor/gh/lx/top_baffle_v2/review/captive_magnet_slice_audit_06hf/slices/no_floor_stand_A_stock_shoulder_2_of_4_top_right/ready/ready_to_print.gcode.3mf,34bb894dcf3adbddbaa39372655fd8870e0629fe50cb06e3cefb670b2eef27f5,True,7bfcf6df8c035e9b9add402b40e69a5a567e534750951eb355ac7b488d30f821,/Users/antor/gh/lx/top_baffle_v2/review/captive_magnet_slice_audit_06hf/slices/no_floor_stand_A_stock_shoulder_2_of_4_top_right/plate_1.gcode,d1f278732464a62b32c10d4a37c8aa01f1269c64894f81d74948a7a6fca871da,/Users/antor/gh/lx/top_baffle_v2/review/captive_magnet_slice_audit_06hf/slices/no_floor_stand_A_stock_shoulder_2_of_4_top_right/audited_slice_project.3mf,ca16915ac203a421b5857faa0af76c727c6329b4e32223def52f5f4d5be42abb,0.0,"[{""site"":""stock_upper_right_receiver"",""print_marked_pole_axis_xyz"":[0.35021039696371,0.9366710617172503,0.0],""installed_marked_pole_axis_xyz"":[0.35021039696371,-0.9366710617172503,0.0],""instruction"":""marked/N pole points along the same installed pair-axis vector as the carrier magnet; the face toward the carrier is therefore the opposite pole""}]"
no_floor_stand:A:stock_shoulder_3_of_4_bottom_left,no_floor_stand,A,stock_shoulder_3_of_4_bottom_left,front_face_down,1,stock_lower_left_receiver,1,5.8,5.80,5.96,5.96,0.10000000000003428,0.2600000000000344,"[0.0,0.0,-1.0]",insert vertically downward from above the paused part (+Z side) through the open loading chimney along print -Z,/Users/antor/gh/lx/top_baffle_v2/build/no_floor_stand/stl/stock_shoulder_3_of_4_bottom_left.stl,498086f24109d792c45212144855bd570c06af4b5128fdca371a8cdb00960cf3,/Users/antor/gh/lx/top_baffle_v2/review/captive_magnet_slice_audit_06hf/slices/no_floor_stand_A_stock_shoulder_3_of_4_bottom_left/ready/plate_1.gcode,744bdc32e0a983fa537cc2249e610050790a53e4b5c49559d2df25be9a012d05,/Users/antor/gh/lx/top_baffle_v2/review/captive_magnet_slice_audit_06hf/slices/no_floor_stand_A_stock_shoulder_3_of_4_bottom_left/ready/ready_to_print.gcode.3mf,b3884590b3f92519dfe4f9a8d8f6813528343657458169b31ac58a270fdfc20d,True,fa8e99edd4decdd91bf5a57257cb0b81a5078825dda82ce52be81ea7f65517e3,/Users/antor/gh/lx/top_baffle_v2/review/captive_magnet_slice_audit_06hf/slices/no_floor_stand_A_stock_shoulder_3_of_4_bottom_left/plate_1.gcode,b1be4895fa5f7427113b5aa898f3df43a71ffd6dccbb87c848bf8bbdada5f4de,/Users/antor/gh/lx/top_baffle_v2/review/captive_magnet_slice_audit_06hf/slices/no_floor_stand_A_stock_shoulder_3_of_4_bottom_left/audited_slice_project.3mf,adc444fc9293a64473b5b7f9be91da4f794fe1b982e6d042b4fb8292de40e347,0.0,"[{""site"":""stock_lower_left_receiver"",""print_marked_pole_axis_xyz"":[-0.9584785342953424,0.2851646880226448,0.0],""installed_marked_pole_axis_xyz"":[-0.9584785342953424,-0.2851646880226448,0.0],""instruction"":""marked/N pole points along the same installed pair-axis vector as the carrier magnet; the face toward the carrier is therefore the opposite pole""}]"
no_floor_stand:A:stock_shoulder_4_of_4_bottom_right,no_floor_stand,A,stock_shoulder_4_of_4_bottom_right,front_face_down,1,stock_lower_right_receiver,1,5.8,5.80,5.96,5.96,0.10000000000003428,0.2600000000000344,"[0.0,0.0,-1.0]",insert vertically downward from above the paused part (+Z side) through the open loading chimney along print -Z,/Users/antor/gh/lx/top_baffle_v2/build/no_floor_stand/stl/stock_shoulder_4_of_4_bottom_right.stl,43fa254e1c788a6b9ec2170bf892955be8ec8321bc9aea0408f494038ea10792,/Users/antor/gh/lx/top_baffle_v2/review/captive_magnet_slice_audit_06hf/slices/no_floor_stand_A_stock_shoulder_4_of_4_bottom_right/ready/plate_1.gcode,50123c9eb21d5d2df94e20875ac63cd2fed71fc586a19ef273ffa199dad9b665,/Users/antor/gh/lx/top_baffle_v2/review/captive_magnet_slice_audit_06hf/slices/no_floor_stand_A_stock_shoulder_4_of_4_bottom_right/ready/ready_to_print.gcode.3mf,5855f92d4abd33eaad2923fa7705911bdbf8a1478bd5d2957d7e3c7b37aec7ff,True,13ba3d28fbf7380ac434be0046d824070d8eddfe05aaf7bcdf84fa05f4647b65,/Users/antor/gh/lx/top_baffle_v2/review/captive_magnet_slice_audit_06hf/slices/no_floor_stand_A_stock_shoulder_4_of_4_bottom_right/plate_1.gcode,fd6f250844e157904c5e2ea522d863c273044cd8ff054b3a3e82dc8fa1cd4fa0,/Users/antor/gh/lx/top_baffle_v2/review/captive_magnet_slice_audit_06hf/slices/no_floor_stand_A_stock_shoulder_4_of_4_bottom_right/audited_slice_project.3mf,3952ee216e2eb7284c74b96b573b9346af84879d80f26bbd1197bccc5e2f22a2,0.0,"[{""site"":""stock_lower_right_receiver"",""print_marked_pole_axis_xyz"":[0.9584785342953424,0.2851646880226448,0.0],""installed_marked_pole_axis_xyz"":[0.9584785342953424,-0.2851646880226448,0.0],""instruction"":""marked/N pole points along the same installed pair-axis vector as the carrier magnet; the face toward the carrier is therefore the opposite pole""}]"
no_floor_stand:B1:stock_wing_1_of_2_left,no_floor_stand,B1,stock_wing_1_of_2_left,front_face_down,1,stock_lower_left_receiver; stock_upper_left_receiver,2,5.8,5.80,5.96,5.96,0.09999990000004733,0.25999990000004747,"[0.0,0.0,-1.0]",insert vertically downward from above the paused part (+Z side) through the open loading chimney along print -Z,/Users/antor/gh/lx/top_baffle_v2/build/no_floor_stand/stl/stock_wing_1_of_2_left.stl,7749a25921f930432d155f8988afe0dd8516f2b119560c11890f4f2a309794f1,/Users/antor/gh/lx/top_baffle_v2/review/captive_magnet_slice_audit_06hf/slices/no_floor_stand_B1_stock_wing_1_of_2_left/ready/plate_1.gcode,38c965d78757f9affe82b6adec85e98ea328b4633cf2bdd43cef66883fdb1c0c,/Users/antor/gh/lx/top_baffle_v2/review/captive_magnet_slice_audit_06hf/slices/no_floor_stand_B1_stock_wing_1_of_2_left/ready/ready_to_print.gcode.3mf,a0e4024ab18c8cb5221d64a58def1e21a8d014a31bdd3ceb06b4d95b5021838a,True,f28c385ae168c532083ca6ffae72b75ef7c3daa967069902ad8b96b0898e9740,/Users/antor/gh/lx/top_baffle_v2/review/captive_magnet_slice_audit_06hf/slices/no_floor_stand_B1_stock_wing_1_of_2_left/plate_1.gcode,6fbf29711716d9da4a6cc3c8e760e8a3b0108f404e28c8515f67f8057572931b,/Users/antor/gh/lx/top_baffle_v2/review/captive_magnet_slice_audit_06hf/slices/no_floor_stand_B1_stock_wing_1_of_2_left/audited_slice_project.3mf,816c0615934bc1831b05485e8dff985e322bf0d9d4d9de350c1c2a594a42c8ba,0.0,"[{""site"":""stock_lower_left_receiver"",""print_marked_pole_axis_xyz"":[-0.9584785342953424,0.2851646880226448,0.0],""installed_marked_pole_axis_xyz"":[-0.9584785342953424,-0.2851646880226448,0.0],""instruction"":""marked/N pole points along the same installed pair-axis vector as the carrier magnet; the face toward the carrier is therefore the opposite pole""},{""site"":""stock_upper_left_receiver"",""print_marked_pole_axis_xyz"":[-0.35021039696371,0.9366710617172503,0.0],""installed_marked_pole_axis_xyz"":[-0.35021039696371,-0.9366710617172503,0.0],""instruction"":""marked/N pole points along the same installed pair-axis vector as the carrier magnet; the face toward the carrier is therefore the opposite pole""}]"
no_floor_stand:B1:stock_wing_2_of_2_right,no_floor_stand,B1,stock_wing_2_of_2_right,front_face_down,1,stock_lower_right_receiver; stock_upper_right_receiver,2,5.8,5.80,5.96,5.96,0.09999990000004377,0.2599999000000439,"[0.0,0.0,-1.0]",insert vertically downward from above the paused part (+Z side) through the open loading chimney along print -Z,/Users/antor/gh/lx/top_baffle_v2/build/no_floor_stand/stl/stock_wing_2_of_2_right.stl,8da84750e2cff0075955bd8245831ebfc0ddfc97d9bc36e97789069cadf5d67b,/Users/antor/gh/lx/top_baffle_v2/review/captive_magnet_slice_audit_06hf/slices/no_floor_stand_B1_stock_wing_2_of_2_right/ready/plate_1.gcode,4be96c002b70ab4e5dc8b0502c008d5c021714e0f6aff06503fe4c20d3af9f12,/Users/antor/gh/lx/top_baffle_v2/review/captive_magnet_slice_audit_06hf/slices/no_floor_stand_B1_stock_wing_2_of_2_right/ready/ready_to_print.gcode.3mf,0d9ee5f6b857b6bdcf2174b796dfb608c8411cb15aaa002a4d23132547eef1ec,True,c3461792d32b4c14a76de4ca3bf11009ea94e2e82f93339c450fe01cacd622dc,/Users/antor/gh/lx/top_baffle_v2/review/captive_magnet_slice_audit_06hf/slices/no_floor_stand_B1_stock_wing_2_of_2_right/plate_1.gcode,8252ce5c05c9849e887d326eb12b43b7cb57c3ce4b29f01bdf63b78bc49f719f,/Users/antor/gh/lx/top_baffle_v2/review/captive_magnet_slice_audit_06hf/slices/no_floor_stand_B1_stock_wing_2_of_2_right/audited_slice_project.3mf,8b7e4cfe5bb4cbd9f3bb0af81c76cafe53d7c037895fd13e21b44ded2f369ef4,0.0,"[{""site"":""stock_lower_right_receiver"",""print_marked_pole_axis_xyz"":[0.9584785342953424,0.2851646880226448,0.0],""installed_marked_pole_axis_xyz"":[0.9584785342953424,-0.2851646880226448,0.0],""instruction"":""marked/N pole points along the same installed pair-axis vector as the carrier magnet; the face toward the carrier is therefore the opposite pole""},{""site"":""stock_upper_right_receiver"",""print_marked_pole_axis_xyz"":[0.35021039696371,0.9366710617172503,0.0],""installed_marked_pole_axis_xyz"":[0.35021039696371,-0.9366710617172503,0.0],""instruction"":""marked/N pole points along the same installed pair-axis vector as the carrier magnet; the face toward the carrier is therefore the opposite pole""}]"
no_floor_stand:B2:stock_4_of_4_vase_b2,no_floor_stand,B2,stock_4_of_4_vase_b2,front_face_down,1,stock_lower_right_base; stock_lower_left_base; stock_upper_right_base; stock_upper_left_base,4,5.8,5.80,5.96,5.96,0.09999990000003667,0.2599999000000368,"[0.0,0.0,-1.0]",insert vertically downward from above the paused part (+Z side) through the open loading chimney along print -Z,/Users/antor/gh/lx/top_baffle_v2/build/no_floor_stand/stl/stock_4_of_4_vase_b2.stl,b8bf6122dbb5fa5e9f26f401264ef92a13c94149629db6742231b4a35ed38833,/Users/antor/gh/lx/top_baffle_v2/review/captive_magnet_slice_audit_06hf/slices/no_floor_stand_B2_stock_4_of_4_vase_b2/ready/plate_1.gcode,f7dbf4da7c3afd00a0f925ad15013b438952388571b24eb619d5071fcb0ad279,/Users/antor/gh/lx/top_baffle_v2/review/captive_magnet_slice_audit_06hf/slices/no_floor_stand_B2_stock_4_of_4_vase_b2/ready/ready_to_print.gcode.3mf,f957d0c3c9d90679b92371c73655d7450bdeeb88e788f722fb3c98020468d371,True,766ab635f4ab4ccad37a8b52864487fb2fed703b9ac95e9065e8ae23ade28bc2,/Users/antor/gh/lx/top_baffle_v2/review/captive_magnet_slice_audit_06hf/slices/no_floor_stand_B2_stock_4_of_4_vase_b2/plate_1.gcode,32adb26daae35b5eb47069d5a53fa2cba158f11544f526d537593fae774fce98,/Users/antor/gh/lx/top_baffle_v2/review/captive_magnet_slice_audit_06hf/slices/no_floor_stand_B2_stock_4_of_4_vase_b2/audited_slice_project.3mf,aa8ed8aa7f61083903937f449472510821bea7b06a86112df163c4b1db79870d,0.0,"[{""site"":""stock_lower_right_base"",""print_marked_pole_axis_xyz"":[0.9584785342953424,0.2851646880226448,0.0],""installed_marked_pole_axis_xyz"":[0.9584785342953424,-0.2851646880226448,0.0],""instruction"":""marked/N pole points OUT from carrier toward its mating piece, along installed_marked_pole_axis_xyz""},{""site"":""stock_lower_left_base"",""print_marked_pole_axis_xyz"":[-0.9584785342953424,0.2851646880226448,0.0],""installed_marked_pole_axis_xyz"":[-0.9584785342953424,-0.2851646880226448,0.0],""instruction"":""marked/N pole points OUT from carrier toward its mating piece, along installed_marked_pole_axis_xyz""},{""site"":""stock_upper_right_base"",""print_marked_pole_axis_xyz"":[0.35021039696371,0.9366710617172503,0.0],""installed_marked_pole_axis_xyz"":[0.35021039696371,-0.9366710617172503,0.0],""instruction"":""marked/N pole points OUT from carrier toward its mating piece, along installed_marked_pole_axis_xyz""},{""site"":""stock_upper_left_base"",""print_marked_pole_axis_xyz"":[-0.35021039696371,0.9366710617172503,0.0],""installed_marked_pole_axis_xyz"":[-0.35021039696371,-0.9366710617172503,0.0],""instruction"":""marked/N pole points OUT from carrier toward its mating piece, along installed_marked_pole_axis_xyz""}]"
no_floor_stand:Obi-Wan-split:obiwan_optional_lm_keyed_1_of_2_bottom,no_floor_stand,Obi-Wan-split,obiwan_optional_lm_keyed_1_of_2_bottom,front_face_down,1,lm_lower_left; lm_lower_right,2,5.8,5.80,5.96,5.96,0.09999990000001535,0.2599999000000155,"[0.0,0.0,-1.0]",insert vertically downward from above the paused part (+Z side) through the open loading chimney along print -Z,/Users/antor/gh/lx/top_baffle_v2/build/no_floor_stand/stl/obiwan_optional_lm_keyed_1_of_2_bottom.stl,c99727fc462885ebe49b8f374873d2ee61ba7fe9c159d86ec05dba928ea69ae5,/Users/antor/gh/lx/top_baffle_v2/review/captive_magnet_slice_audit_06hf/slices/no_floor_stand_Obi-Wan-split_obiwan_optional_lm_keyed_1_of_2_bottom/ready/plate_1.gcode,8394364f8b2e55f331a8ad0bdc742d99f6947ace578783c2abc49d5902c0f0ac,/Users/antor/gh/lx/top_baffle_v2/review/captive_magnet_slice_audit_06hf/slices/no_floor_stand_Obi-Wan-split_obiwan_optional_lm_keyed_1_of_2_bottom/ready/ready_to_print.gcode.3mf,c0e2b799a9088201e2964544124e611d53de32b1a08d777263ba87fd027579fd,True,8a4fce52e0228ec13b3a6c93452ddb8c18ba8b74522fd2c57c2cfc95d7812c41,/Users/antor/gh/lx/top_baffle_v2/review/captive_magnet_slice_audit_06hf/slices/no_floor_stand_Obi-Wan-split_obiwan_optional_lm_keyed_1_of_2_bottom/plate_1.gcode,24a7db22a069d5d622ffc78cdddaa141f035f135088009f9e9ce9a414befffa7,/Users/antor/gh/lx/top_baffle_v2/review/captive_magnet_slice_audit_06hf/slices/no_floor_stand_Obi-Wan-split_obiwan_optional_lm_keyed_1_of_2_bottom/audited_slice_project.3mf,82832478134f5ea20bb51bd416acdac728b2779babd1932bd3964e4b763cea06,0.0,"[{""site"":""lm_lower_left"",""print_marked_pole_axis_xyz"":[-0.9452165115184645,0.3264440937631809,0.0],""installed_marked_pole_axis_xyz"":[-0.7064513012709772,-0.7077616540421945,0.0],""instruction"":""marked/N pole points OUT from carrier toward its mating piece, along installed_marked_pole_axis_xyz""},{""site"":""lm_lower_right"",""print_marked_pole_axis_xyz"":[0.32469193564684246,0.9458198279407695,0.0],""installed_marked_pole_axis_xyz"":[0.7064513012709772,-0.7077616540421945,0.0],""instruction"":""marked/N pole points OUT from carrier toward its mating piece, along installed_marked_pole_axis_xyz""}]"
no_floor_stand:Obi-Wan-split:obiwan_optional_lm_keyed_2_of_2_top,no_floor_stand,Obi-Wan-split,obiwan_optional_lm_keyed_2_of_2_top,front_face_down,1,lm_upper_left; lm_upper_right,2,5.8,5.80,5.96,5.96,0.09999990000001535,0.2599999000000155,"[0.0,0.0,-1.0]",insert vertically downward from above the paused part (+Z side) through the open loading chimney along print -Z,/Users/antor/gh/lx/top_baffle_v2/build/no_floor_stand/stl/obiwan_optional_lm_keyed_2_of_2_top.stl,557e78934785ba317f9721becbb4dc3442f9ed81aec296c83885b813257e3099,/Users/antor/gh/lx/top_baffle_v2/review/captive_magnet_slice_audit_06hf/slices/no_floor_stand_Obi-Wan-split_obiwan_optional_lm_keyed_2_of_2_top/ready/plate_1.gcode,589359a594da6c5b7128be312e87f950cb9c866b0945a099015f40c52941b4a9,/Users/antor/gh/lx/top_baffle_v2/review/captive_magnet_slice_audit_06hf/slices/no_floor_stand_Obi-Wan-split_obiwan_optional_lm_keyed_2_of_2_top/ready/ready_to_print.gcode.3mf,bb2e7d3fd92528a366a63853176f763961ade34712775c164fb9e686bacb568c,True,8f91be82bfb2040c23906cd79dfaca47776a4b8de5cbffef4567856dec6c0521,/Users/antor/gh/lx/top_baffle_v2/review/captive_magnet_slice_audit_06hf/slices/no_floor_stand_Obi-Wan-split_obiwan_optional_lm_keyed_2_of_2_top/plate_1.gcode,6dbdd746e0a2e6c40d1f9dc0ea98daa7d49710685a39f8fbb546829775e19db6,/Users/antor/gh/lx/top_baffle_v2/review/captive_magnet_slice_audit_06hf/slices/no_floor_stand_Obi-Wan-split_obiwan_optional_lm_keyed_2_of_2_top/audited_slice_project.3mf,b070d01896a3eac6071f4f0ca4b3252f414fad655580d572b751201b59b3f1f5,0.0,"[{""site"":""lm_upper_left"",""print_marked_pole_axis_xyz"":[0.3255681544571566,-0.9455185755993172,0.0],""installed_marked_pole_axis_xyz"":[-0.4383711467890776,0.8987940462991671,0.0],""instruction"":""marked/N pole points OUT from carrier toward its mating piece, along installed_marked_pole_axis_xyz""},{""site"":""lm_upper_right"",""print_marked_pole_axis_xyz"":[0.9455185755993168,-0.32556815445715676,0.0],""installed_marked_pole_axis_xyz"":[0.43837114678907746,0.898794046299167,0.0],""instruction"":""marked/N pole points OUT from carrier toward its mating piece, along installed_marked_pole_axis_xyz""}]"
no_floor_stand:Obi-Wan:obiwan_core_2_of_2_um_carrier,no_floor_stand,Obi-Wan,obiwan_core_2_of_2_um_carrier,front_face_down,1,um_left; um_right,2,5.8,5.80,5.96,5.96,0.09999990000003667,0.2599999000000368,"[0.0,0.0,-1.0]",insert vertically downward from above the paused part (+Z side) through the open loading chimney along print -Z,/Users/antor/gh/lx/top_baffle_v2/build/no_floor_stand/stl/obiwan_core_2_of_2_um_carrier.stl,a2b070ecc6406c392eb7f652a823b5efb38f5fcbd8f17acc2270820a4126f6bd,/Users/antor/gh/lx/top_baffle_v2/review/captive_magnet_slice_audit_06hf/slices/no_floor_stand_Obi-Wan_obiwan_core_2_of_2_um_carrier/ready/plate_1.gcode,2a8d3899c78ddb17f29a40b19e937b5b5221e6e53b6a7d04bd3f6dfbf9fd84d9,/Users/antor/gh/lx/top_baffle_v2/review/captive_magnet_slice_audit_06hf/slices/no_floor_stand_Obi-Wan_obiwan_core_2_of_2_um_carrier/ready/ready_to_print.gcode.3mf,93bd35a37c5201fed311d92d2d21baa6caea5fdfe9a53f981abcb30c69b21b36,True,429e5267d96f9e1b01181deadf7cb02d152ac80c1cd2821e836a9562c5855ddb,/Users/antor/gh/lx/top_baffle_v2/review/captive_magnet_slice_audit_06hf/slices/no_floor_stand_Obi-Wan_obiwan_core_2_of_2_um_carrier/plate_1.gcode,d3294ca8ee445a4973e3dc0adf9354e4d6e8c106a46f737c05e9836a81fff1c1,/Users/antor/gh/lx/top_baffle_v2/review/captive_magnet_slice_audit_06hf/slices/no_floor_stand_Obi-Wan_obiwan_core_2_of_2_um_carrier/audited_slice_project.3mf,4a86f5e8d49a1ee67c0d0f8731662b18cd1e8106a56ecca3f4c84b6911f714ef,0.0,"[{""site"":""um_left"",""print_marked_pole_axis_xyz"":[-0.6360782202777641,-0.7716245833877199,0.0],""installed_marked_pole_axis_xyz"":[-0.6360782202777641,0.7716245833877199,0.0],""instruction"":""marked/N pole points OUT from carrier toward its mating piece, along installed_marked_pole_axis_xyz""},{""site"":""um_right"",""print_marked_pole_axis_xyz"":[0.636078220277764,-0.77162458338772,0.0],""installed_marked_pole_axis_xyz"":[0.636078220277764,0.77162458338772,0.0],""instruction"":""marked/N pole points OUT from carrier toward its mating piece, along installed_marked_pole_axis_xyz""}]"
no_floor_stand:V1-A:slim_shoulder_1_of_4_bottom_left,no_floor_stand,V1-A,slim_shoulder_1_of_4_bottom_left,front_face_down,1,v1_lower_left_receiver,1,5.8,5.80,5.96,5.96,0.10000000000003428,0.2600000000000344,"[0.0,0.0,-1.0]",insert vertically downward from above the paused part (+Z side) through the open loading chimney along print -Z,/Users/antor/gh/lx/top_baffle_v2/build/no_floor_stand/stl/slim_shoulder_1_of_4_bottom_left.stl,7ece5a1b6edf2e30a5764feb5abc982f8bb85bffb5269ebc66cbfacff1bcd2af,/Users/antor/gh/lx/top_baffle_v2/review/captive_magnet_slice_audit_06hf/slices/no_floor_stand_V1-A_slim_shoulder_1_of_4_bottom_left/ready/plate_1.gcode,7dd9b45d39fe5bfbaa9e9d961874fe4d951d7b0431f80bd28532d760d5397a04,/Users/antor/gh/lx/top_baffle_v2/review/captive_magnet_slice_audit_06hf/slices/no_floor_stand_V1-A_slim_shoulder_1_of_4_bottom_left/ready/ready_to_print.gcode.3mf,9ca952553ead267cf8e774886a53254ab5d8f5f38b1e6dc9c834ce52007ce7bd,True,e8aebbfe719131eeeda8b6b6b88756ab58b8db2687d540d43d7a775e6d1ad424,/Users/antor/gh/lx/top_baffle_v2/review/captive_magnet_slice_audit_06hf/slices/no_floor_stand_V1-A_slim_shoulder_1_of_4_bottom_left/plate_1.gcode,a3803b49f56e13b4d4a862ada4f47b21f1db40c526a8d22aa8c97fe501d46eba,/Users/antor/gh/lx/top_baffle_v2/review/captive_magnet_slice_audit_06hf/slices/no_floor_stand_V1-A_slim_shoulder_1_of_4_bottom_left/audited_slice_project.3mf,b2752b494852f7d5c745fc9287869eb84764eda6beac3e1e27280b2a320d2b3a,0.0,"[{""site"":""v1_lower_left_receiver"",""print_marked_pole_axis_xyz"":[-0.9584785342953424,0.2851646880226448,0.0],""installed_marked_pole_axis_xyz"":[-0.9584785342953424,-0.2851646880226448,0.0],""instruction"":""marked/N pole points along the same installed pair-axis vector as the carrier magnet; the face toward the carrier is therefore the opposite pole""}]"
no_floor_stand:V1-A:slim_shoulder_2_of_4_top_left,no_floor_stand,V1-A,slim_shoulder_2_of_4_top_left,front_face_down,1,v1_upper_left_receiver,1,5.8,5.80,5.96,5.96,0.09999990000004377,0.2599999000000439,"[0.0,0.0,-1.0]",insert vertically downward from above the paused part (+Z side) through the open loading chimney along print -Z,/Users/antor/gh/lx/top_baffle_v2/build/no_floor_stand/stl/slim_shoulder_2_of_4_top_left.stl,6336437600757c539da9e109d44901fdb078da56c6e41d37c03b7c4717e5c6a1,/Users/antor/gh/lx/top_baffle_v2/review/captive_magnet_slice_audit_06hf/slices/no_floor_stand_V1-A_slim_shoulder_2_of_4_top_left/ready/plate_1.gcode,d747a96a56d41b5c3ff4444a8bce211cb34eb4304e3ca2f92ec8fbd249a33f31,/Users/antor/gh/lx/top_baffle_v2/review/captive_magnet_slice_audit_06hf/slices/no_floor_stand_V1-A_slim_shoulder_2_of_4_top_left/ready/ready_to_print.gcode.3mf,fe99b97b6c70c48744751a21748f7525b726ed575e40aee962cd6a6f122a1c47,True,9e99f96180ab6cbbfccc0895d17ac1350b1dad8ba21dc998f249a71ef2bb45f1,/Users/antor/gh/lx/top_baffle_v2/review/captive_magnet_slice_audit_06hf/slices/no_floor_stand_V1-A_slim_shoulder_2_of_4_top_left/plate_1.gcode,ed885d00150d62cbac5636eee7727e37179b0034afa50777b927071ad82013ea,/Users/antor/gh/lx/top_baffle_v2/review/captive_magnet_slice_audit_06hf/slices/no_floor_stand_V1-A_slim_shoulder_2_of_4_top_left/audited_slice_project.3mf,63dbadf527cd02962b7242d618069c720a6750814508878ddfaba4c62326a7d6,0.0,"[{""site"":""v1_upper_left_receiver"",""print_marked_pole_axis_xyz"":[-0.35021039696371,0.9366710617172503,0.0],""installed_marked_pole_axis_xyz"":[-0.35021039696371,-0.9366710617172503,0.0],""instruction"":""marked/N pole points along the same installed pair-axis vector as the carrier magnet; the face toward the carrier is therefore the opposite pole""}]"
no_floor_stand:V1-A:slim_shoulder_3_of_4_bottom_right,no_floor_stand,V1-A,slim_shoulder_3_of_4_bottom_right,front_face_down,1,v1_lower_right_receiver,1,5.8,5.80,5.96,5.96,0.10000000000003428,0.2600000000000344,"[0.0,0.0,-1.0]",insert vertically downward from above the paused part (+Z side) through the open loading chimney along print -Z,/Users/antor/gh/lx/top_baffle_v2/build/no_floor_stand/stl/slim_shoulder_3_of_4_bottom_right.stl,3c520a232faa90973f9b422c8f8f549dc2d4d25cbb67ba466989bdb5f079b398,/Users/antor/gh/lx/top_baffle_v2/review/captive_magnet_slice_audit_06hf/slices/no_floor_stand_V1-A_slim_shoulder_3_of_4_bottom_right/ready/plate_1.gcode,9198ac948cfa873c43c517233246f6579f828273d41f01d8047724bf0c48b534,/Users/antor/gh/lx/top_baffle_v2/review/captive_magnet_slice_audit_06hf/slices/no_floor_stand_V1-A_slim_shoulder_3_of_4_bottom_right/ready/ready_to_print.gcode.3mf,d3fb0eb9b63d94fb59b8ba38152cf7c6e7505d112a162faf043de6093a8cdeaf,True,07aee4851f58dbfc4ed2ecd1a0c88d25c541371f93b43637a4a8cc43a6230b78,/Users/antor/gh/lx/top_baffle_v2/review/captive_magnet_slice_audit_06hf/slices/no_floor_stand_V1-A_slim_shoulder_3_of_4_bottom_right/plate_1.gcode,e3aa7f19666116ff9b092eb317e3a0f0eb34d8812f6ece39e81c2aa165aca5a4,/Users/antor/gh/lx/top_baffle_v2/review/captive_magnet_slice_audit_06hf/slices/no_floor_stand_V1-A_slim_shoulder_3_of_4_bottom_right/audited_slice_project.3mf,b83e2ea4969dcd79dc8f0335340ea64a93c7149a937d8d09dbdc048a89713b56,0.0,"[{""site"":""v1_lower_right_receiver"",""print_marked_pole_axis_xyz"":[0.9584785342953424,0.2851646880226448,0.0],""installed_marked_pole_axis_xyz"":[0.9584785342953424,-0.2851646880226448,0.0],""instruction"":""marked/N pole points along the same installed pair-axis vector as the carrier magnet; the face toward the carrier is therefore the opposite pole""}]"
no_floor_stand:V1-A:slim_shoulder_4_of_4_top_right,no_floor_stand,V1-A,slim_shoulder_4_of_4_top_right,front_face_down,1,v1_upper_right_receiver,1,5.8,5.80,5.96,5.96,0.09999990000004377,0.2599999000000439,"[0.0,0.0,-1.0]",insert vertically downward from above the paused part (+Z side) through the open loading chimney along print -Z,/Users/antor/gh/lx/top_baffle_v2/build/no_floor_stand/stl/slim_shoulder_4_of_4_top_right.stl,647ee1a713b756e5fc4900af2d5f824c204598c99108a6b34ab602f12e1f562e,/Users/antor/gh/lx/top_baffle_v2/review/captive_magnet_slice_audit_06hf/slices/no_floor_stand_V1-A_slim_shoulder_4_of_4_top_right/ready/plate_1.gcode,33a2b46a953e637409f04b40b440704bead5f7d1827195af55d47c1dedc6170d,/Users/antor/gh/lx/top_baffle_v2/review/captive_magnet_slice_audit_06hf/slices/no_floor_stand_V1-A_slim_shoulder_4_of_4_top_right/ready/ready_to_print.gcode.3mf,cbde50cf35cc5bd177d16d0ccff1972ba8c48ba803be15d9c52b78a7e8745bb0,True,b68839b8e24e067b19296f38870ee2d8d50ab66b0b4fc62850359535eced9e7a,/Users/antor/gh/lx/top_baffle_v2/review/captive_magnet_slice_audit_06hf/slices/no_floor_stand_V1-A_slim_shoulder_4_of_4_top_right/plate_1.gcode,24a3565a0b50807d1e5718739b416691f1a843f8296641ceed988252af4df104,/Users/antor/gh/lx/top_baffle_v2/review/captive_magnet_slice_audit_06hf/slices/no_floor_stand_V1-A_slim_shoulder_4_of_4_top_right/audited_slice_project.3mf,7bab7578d120b6ad9cfd6a73012af858ab9e6fa9bf943907acdad39b21404986,0.0,"[{""site"":""v1_upper_right_receiver"",""print_marked_pole_axis_xyz"":[0.35021039696371,0.9366710617172503,0.0],""installed_marked_pole_axis_xyz"":[0.35021039696371,-0.9366710617172503,0.0],""instruction"":""marked/N pole points along the same installed pair-axis vector as the carrier magnet; the face toward the carrier is therefore the opposite pole""}]"
no_floor_stand:V1-B1:slim_wing_1_of_2_left,no_floor_stand,V1-B1,slim_wing_1_of_2_left,front_face_down,1,v1_lower_left_receiver; v1_upper_left_receiver,2,5.8,5.80,5.96,5.96,0.09999990000004733,0.25999990000004747,"[0.0,0.0,-1.0]",insert vertically downward from above the paused part (+Z side) through the open loading chimney along print -Z,/Users/antor/gh/lx/top_baffle_v2/build/no_floor_stand/stl/slim_wing_1_of_2_left.stl,7b8a1ef0d700cd196d177ad16eed0e51da2601f81e91f777a77df314e40cd788,/Users/antor/gh/lx/top_baffle_v2/review/captive_magnet_slice_audit_06hf/slices/no_floor_stand_V1-B1_slim_wing_1_of_2_left/ready/plate_1.gcode,99a37579c6d72ec2515513cd11b71f73e31140b2c1645035e096b6a38884343a,/Users/antor/gh/lx/top_baffle_v2/review/captive_magnet_slice_audit_06hf/slices/no_floor_stand_V1-B1_slim_wing_1_of_2_left/ready/ready_to_print.gcode.3mf,ced3c55ca9c0c353252bb95f173398e7b139f35f81e5dab5098452f8e9eb6d3d,True,dfaaad2b9c5923985b3119566d2cf97f570a38e72a8f8e7aa96e8a21e3745574,/Users/antor/gh/lx/top_baffle_v2/review/captive_magnet_slice_audit_06hf/slices/no_floor_stand_V1-B1_slim_wing_1_of_2_left/plate_1.gcode,725a3e20b703fc1762f7ab47bae6c60060adb38a965d539676d2c74deb44b44b,/Users/antor/gh/lx/top_baffle_v2/review/captive_magnet_slice_audit_06hf/slices/no_floor_stand_V1-B1_slim_wing_1_of_2_left/audited_slice_project.3mf,feee631f2c99d8edd8f2a00f153dacb193f66a80fd4e42cbe93817712834e936,0.0,"[{""site"":""v1_lower_left_receiver"",""print_marked_pole_axis_xyz"":[-0.9584785342953424,0.2851646880226448,0.0],""installed_marked_pole_axis_xyz"":[-0.9584785342953424,-0.2851646880226448,0.0],""instruction"":""marked/N pole points along the same installed pair-axis vector as the carrier magnet; the face toward the carrier is therefore the opposite pole""},{""site"":""v1_upper_left_receiver"",""print_marked_pole_axis_xyz"":[-0.35021039696371,0.9366710617172503,0.0],""installed_marked_pole_axis_xyz"":[-0.35021039696371,-0.9366710617172503,0.0],""instruction"":""marked/N pole points along the same installed pair-axis vector as the carrier magnet; the face toward the carrier is therefore the opposite pole""}]"
no_floor_stand:V1-B1:slim_wing_2_of_2_right,no_floor_stand,V1-B1,slim_wing_2_of_2_right,front_face_down,1,v1_lower_right_receiver; v1_upper_right_receiver,2,5.8,5.80,5.96,5.96,0.09999990000004377,0.2599999000000439,"[0.0,0.0,-1.0]",insert vertically downward from above the paused part (+Z side) through the open loading chimney along print -Z,/Users/antor/gh/lx/top_baffle_v2/build/no_floor_stand/stl/slim_wing_2_of_2_right.stl,52491d7e9e756a76699d176edd2f0303dbb2ab9a473b85f588fb0dee194d73e9,/Users/antor/gh/lx/top_baffle_v2/review/captive_magnet_slice_audit_06hf/slices/no_floor_stand_V1-B1_slim_wing_2_of_2_right/ready/plate_1.gcode,47ce19b408d5411936d8a5e128cf1122533537c730d821030768fa9eb14ede31,/Users/antor/gh/lx/top_baffle_v2/review/captive_magnet_slice_audit_06hf/slices/no_floor_stand_V1-B1_slim_wing_2_of_2_right/ready/ready_to_print.gcode.3mf,49072b0c3c5e02d7472ffc68eef3a20d8b7977bedc614f11184c9f25458fa7b6,True,bc460073f0982640e2c3ea25212b21101963ebe3ff361d7e78c7c37fe9072a53,/Users/antor/gh/lx/top_baffle_v2/review/captive_magnet_slice_audit_06hf/slices/no_floor_stand_V1-B1_slim_wing_2_of_2_right/plate_1.gcode,7a82b3d1fc5b7cbc35e9e40b1a6dbaf7be131cd8631f4483d6a2a6f05b4dbd13,/Users/antor/gh/lx/top_baffle_v2/review/captive_magnet_slice_audit_06hf/slices/no_floor_stand_V1-B1_slim_wing_2_of_2_right/audited_slice_project.3mf,533d9d4d4b06da1f521611d1e46f28aedbae28633092c7f684fffd8c6f12899a,0.0,"[{""site"":""v1_lower_right_receiver"",""print_marked_pole_axis_xyz"":[0.9584785342953424,0.2851646880226448,0.0],""installed_marked_pole_axis_xyz"":[0.9584785342953424,-0.2851646880226448,0.0],""instruction"":""marked/N pole points along the same installed pair-axis vector as the carrier magnet; the face toward the carrier is therefore the opposite pole""},{""site"":""v1_upper_right_receiver"",""print_marked_pole_axis_xyz"":[0.35021039696371,0.9366710617172503,0.0],""installed_marked_pole_axis_xyz"":[0.35021039696371,-0.9366710617172503,0.0],""instruction"":""marked/N pole points along the same installed pair-axis vector as the carrier magnet; the face toward the carrier is therefore the opposite pole""}]"
no_floor_stand:V1L:slim_4_of_4_vase_b2,no_floor_stand,V1L,slim_4_of_4_vase_b2,front_face_down,1,v1_lower_right_base; v1_lower_left_base; v1_upper_right_base; v1_upper_left_base,4,5.8,5.80,5.96,5.96,0.09999990000003667,0.2599999000000368,"[0.0,0.0,-1.0]",insert vertically downward from above the paused part (+Z side) through the open loading chimney along print -Z,/Users/antor/gh/lx/top_baffle_v2/build/no_floor_stand/stl/slim_4_of_4_vase_b2.stl,33ee34409d1de413ca149d16c06fd670b093f110a6e9ce60fa7248821068ea0d,/Users/antor/gh/lx/top_baffle_v2/review/captive_magnet_slice_audit_06hf/slices/no_floor_stand_V1L_slim_4_of_4_vase_b2/ready/plate_1.gcode,bfbb10b2f8e8a9f5f1589b1f9cfefc08fda8011e191731dba086604f1d75b563,/Users/antor/gh/lx/top_baffle_v2/review/captive_magnet_slice_audit_06hf/slices/no_floor_stand_V1L_slim_4_of_4_vase_b2/ready/ready_to_print.gcode.3mf,4b9e58ea89336d2cca5fc41d58a7c461f1a307b3ca3e967ee235d769606de5c3,True,53d0fade5c44064da13a7996bd4c7a2e309b30b1e650ad43dac19d05812189bd,/Users/antor/gh/lx/top_baffle_v2/review/captive_magnet_slice_audit_06hf/slices/no_floor_stand_V1L_slim_4_of_4_vase_b2/plate_1.gcode,36ae04b32c806451fd0380a77fd0ee35580e0a80ecb047b6690bfd7f086d9822,/Users/antor/gh/lx/top_baffle_v2/review/captive_magnet_slice_audit_06hf/slices/no_floor_stand_V1L_slim_4_of_4_vase_b2/audited_slice_project.3mf,f04bfc87cae7f7e54ccea5056002cbc0cacae7e931bc549fff1226f510331ee0,0.0,"[{""site"":""v1_lower_right_base"",""print_marked_pole_axis_xyz"":[0.9584785342953424,0.2851646880226448,0.0],""installed_marked_pole_axis_xyz"":[0.9584785342953424,-0.2851646880226448,0.0],""instruction"":""marked/N pole points OUT from carrier toward its mating piece, along installed_marked_pole_axis_xyz""},{""site"":""v1_lower_left_base"",""print_marked_pole_axis_xyz"":[-0.9584785342953424,0.2851646880226448,0.0],""installed_marked_pole_axis_xyz"":[-0.9584785342953424,-0.2851646880226448,0.0],""instruction"":""marked/N pole points OUT from carrier toward its mating piece, along installed_marked_pole_axis_xyz""},{""site"":""v1_upper_right_base"",""print_marked_pole_axis_xyz"":[0.35021039696371,0.9366710617172503,0.0],""installed_marked_pole_axis_xyz"":[0.35021039696371,-0.9366710617172503,0.0],""instruction"":""marked/N pole points OUT from carrier toward its mating piece, along installed_marked_pole_axis_xyz""},{""site"":""v1_upper_left_base"",""print_marked_pole_axis_xyz"":[-0.35021039696371,0.9366710617172503,0.0],""installed_marked_pole_axis_xyz"":[-0.35021039696371,-0.9366710617172503,0.0],""instruction"":""marked/N pole points OUT from carrier toward its mating piece, along installed_marked_pole_axis_xyz""}]"
no_floor_stand:coupon1:lx521_coupon_1_fit_plate,no_floor_stand,coupon1,lx521_coupon_1_fit_plate,front_face_down,1,coupon1_v1_upper_base,1,6.6,6.60,6.76,6.76,0.1999999999999993,0.35999999999999943,"[0.0,0.0,-1.0]",insert vertically downward from above the paused part (+Z side) through the open loading chimney along print -Z,/Users/antor/gh/lx/top_baffle_v2/build/no_floor_stand/stl/lx521_coupon_1_fit_plate.stl,88ec70cfeaf03b854e8271aaac5d0646c24efbdba8d6f374fad12a644df425a3,/Users/antor/gh/lx/top_baffle_v2/review/captive_magnet_slice_audit_06hf/slices/no_floor_stand_coupon1_lx521_coupon_1_fit_plate/ready/plate_1.gcode,86a0b10452cf31eb1f75ccf32944e848e714520074f8dbda100a092e7f89dc50,/Users/antor/gh/lx/top_baffle_v2/review/captive_magnet_slice_audit_06hf/slices/no_floor_stand_coupon1_lx521_coupon_1_fit_plate/ready/ready_to_print.gcode.3mf,a3d841e815c1855fbe3c51769f51de8461c19f8088b14b6eff85369602b3c5e6,True,3b042ded4027f8d4afb077f5ac9c20ec081d88e07cd29089d7e25dc1f044f702,/Users/antor/gh/lx/top_baffle_v2/review/captive_magnet_slice_audit_06hf/slices/no_floor_stand_coupon1_lx521_coupon_1_fit_plate/plate_1.gcode,5a099169b1521aa9a0f16b51232d99442172a94f3993a14c05b228d6c3190bb9,/Users/antor/gh/lx/top_baffle_v2/review/captive_magnet_slice_audit_06hf/slices/no_floor_stand_coupon1_lx521_coupon_1_fit_plate/audited_slice_project.3mf,753dc87564173390570584aeb96d4c5a8e3adca375d81e20463ecb222b02c02b,0.0,"[{""site"":""coupon1_v1_upper_base"",""print_marked_pole_axis_xyz"":[0.0,1.0,0.0],""installed_marked_pole_axis_xyz"":[0.0,-1.0,0.0],""instruction"":""unpaired coupon1 regression station: marked/N pole points along installed -Y (print +Y under its X180/Z0 transform); there is no mating magnet and no attraction claim""}]"
shared:Obi-Wan-Flat:obiwan_wing_flat_left_1_of_3_lm_lower,shared,Obi-Wan-Flat,obiwan_wing_flat_left_1_of_3_lm_lower,front_face_down,1,lm_lower_left,1,5.8,5.80,5.96,5.96,0.10000000000000941,0.26000000000000956,"[0.0,0.0,-1.0]",insert vertically downward from above the paused part (+Z side) through the open loading chimney along print -Z,/Users/antor/gh/lx/top_baffle_v2/build/wings/flat/stl/obiwan_wing_flat_left_1_of_3_lm_lower.stl,6a810e136c585d3419011ae003ff4445b09fa76a2b6eaa912f0850ff50eb1d3a,/Users/antor/gh/lx/top_baffle_v2/review/captive_magnet_slice_audit_06hf/slices/shared_Obi-Wan-Flat_obiwan_wing_flat_left_1_of_3_lm_lower/ready/plate_1.gcode,55dd65e56bc6a941a47519be309a675161276d8b065cf72b590e1a781d17398f,/Users/antor/gh/lx/top_baffle_v2/review/captive_magnet_slice_audit_06hf/slices/shared_Obi-Wan-Flat_obiwan_wing_flat_left_1_of_3_lm_lower/ready/ready_to_print.gcode.3mf,cc373b197a8d77f33ca0199142460ff7c806471ad8bfe54a374dc0c42b609d2f,True,e0faa13296bd5ec3c5ba4cb61e56d7eed66895ccdd263080cd5c5acc6a65c23b,/Users/antor/gh/lx/top_baffle_v2/review/captive_magnet_slice_audit_06hf/slices/shared_Obi-Wan-Flat_obiwan_wing_flat_left_1_of_3_lm_lower/plate_1.gcode,5362c10f18b7b187a3cba27fa420c3172c8c81f2f78b84756bfdb0a5aca1f7d8,/Users/antor/gh/lx/top_baffle_v2/review/captive_magnet_slice_audit_06hf/slices/shared_Obi-Wan-Flat_obiwan_wing_flat_left_1_of_3_lm_lower/audited_slice_project.3mf,7a881c6574910c4c5e1a3983a30aa4090a5b21a2aa364b67c294212ed6cd5b84,0.0,"[{""site"":""lm_lower_left"",""print_marked_pole_axis_xyz"":[-0.9806556088468728,0.19574109644417936,0.0],""installed_marked_pole_axis_xyz"":[-0.7064513012709772,-0.7077616540421945,0.0],""instruction"":""marked/N pole points along the same installed pair-axis vector as the carrier magnet; the face toward the carrier is therefore the opposite pole""}]"
shared:Obi-Wan-Flat:obiwan_wing_flat_left_2_of_3_lm_upper,shared,Obi-Wan-Flat,obiwan_wing_flat_left_2_of_3_lm_upper,front_face_down,1,lm_upper_left,1,5.8,5.80,5.96,5.96,0.09999990000002246,0.2599999000000226,"[0.0,0.0,-1.0]",insert vertically downward from above the paused part (+Z side) through the open loading chimney along print -Z,/Users/antor/gh/lx/top_baffle_v2/build/wings/flat/stl/obiwan_wing_flat_left_2_of_3_lm_upper.stl,a5cabaf070118696297cd52f3e6858811b32ed63691a698bc346a1718debb464,/Users/antor/gh/lx/top_baffle_v2/review/captive_magnet_slice_audit_06hf/slices/shared_Obi-Wan-Flat_obiwan_wing_flat_left_2_of_3_lm_upper/ready/plate_1.gcode,9f5cb1f696403609c3e3114f1d0ab54acad8ac9c0860a7451a6df77f83c95841,/Users/antor/gh/lx/top_baffle_v2/review/captive_magnet_slice_audit_06hf/slices/shared_Obi-Wan-Flat_obiwan_wing_flat_left_2_of_3_lm_upper/ready/ready_to_print.gcode.3mf,d64ed407f1fd2d3b464f039153837d131d99ceb2948847e00c757b7c95ccdbdb,True,df28a9ff9c0e6facf6fe169844e33ced0291f619602797f9071f5d4427a82803,/Users/antor/gh/lx/top_baffle_v2/review/captive_magnet_slice_audit_06hf/slices/shared_Obi-Wan-Flat_obiwan_wing_flat_left_2_of_3_lm_upper/plate_1.gcode,e574dea02a42879b2df7d09713bf6cebd1dd02c089c69decf0dd55d6755ba986,/Users/antor/gh/lx/top_baffle_v2/review/captive_magnet_slice_audit_06hf/slices/shared_Obi-Wan-Flat_obiwan_wing_flat_left_2_of_3_lm_upper/audited_slice_project.3mf,0d6ef75252913c03d51007c447ea92c98914881c0d3af222165bdf5a65401116,0.0,"[{""site"":""lm_upper_left"",""print_marked_pole_axis_xyz"":[0.4989756559332109,-0.8666160019212792,0.0],""installed_marked_pole_axis_xyz"":[-0.4383711467890776,0.8987940462991671,0.0],""instruction"":""marked/N pole points along the same installed pair-axis vector as the carrier magnet; the face toward the carrier is therefore the opposite pole""}]"
shared:Obi-Wan-Flat:obiwan_wing_flat_left_3_of_3_um,shared,Obi-Wan-Flat,obiwan_wing_flat_left_3_of_3_um,front_face_down,1,um_left,1,5.8,5.80,5.96,5.96,0.09999990000004022,0.25999990000004036,"[0.0,0.0,-1.0]",insert vertically downward from above the paused part (+Z side) through the open loading chimney along print -Z,/Users/antor/gh/lx/top_baffle_v2/build/wings/flat/stl/obiwan_wing_flat_left_3_of_3_um.stl,93bb2d35833369ea720b4077e07b9a14855dd266ad674726096a71b009c0e16a,/Users/antor/gh/lx/top_baffle_v2/review/captive_magnet_slice_audit_06hf/slices/shared_Obi-Wan-Flat_obiwan_wing_flat_left_3_of_3_um/ready/plate_1.gcode,5e405deeef2c56bc47d0b2777a75a1b63ff5a2c6d7bbd2a8a0958ed5c384d456,/Users/antor/gh/lx/top_baffle_v2/review/captive_magnet_slice_audit_06hf/slices/shared_Obi-Wan-Flat_obiwan_wing_flat_left_3_of_3_um/ready/ready_to_print.gcode.3mf,d24fadcb6602b1db746f64b61ea9e122f2b3da2e2159ebf1949059e52a7e33ca,True,82dbb605a4e17f8d2cc74ddb15754a443a19f0dd8d44cb1b80cc783377691e65,/Users/antor/gh/lx/top_baffle_v2/review/captive_magnet_slice_audit_06hf/slices/shared_Obi-Wan-Flat_obiwan_wing_flat_left_3_of_3_um/plate_1.gcode,18974429b5664b770b912963e5ef2bf14b08e1b0b9cc4bef9a45bc87ed355101,/Users/antor/gh/lx/top_baffle_v2/review/captive_magnet_slice_audit_06hf/slices/shared_Obi-Wan-Flat_obiwan_wing_flat_left_3_of_3_um/audited_slice_project.3mf,3aebfceef4c4c73880acf264f58d8efc6315380efc89584cbda4820a3df83efa,0.0,"[{""site"":""um_left"",""print_marked_pole_axis_xyz"":[0.7663732546556418,0.6423955436866906,0.0],""installed_marked_pole_axis_xyz"":[-0.6360782202777641,0.7716245833877199,0.0],""instruction"":""marked/N pole points along the same installed pair-axis vector as the carrier magnet; the face toward the carrier is therefore the opposite pole""}]"
shared:Obi-Wan-Flat:obiwan_wing_flat_left_split2_1_of_2_lm_lower,shared,Obi-Wan-Flat,obiwan_wing_flat_left_split2_1_of_2_lm_lower,front_face_down,1,lm_lower_left,1,5.8,5.80,5.96,5.96,0.10000000000000941,0.26000000000000956,"[0.0,0.0,-1.0]",insert vertically downward from above the paused part (+Z side) through the open loading chimney along print -Z,/Users/antor/gh/lx/top_baffle_v2/build/wings/flat/stl/obiwan_wing_flat_left_split2_1_of_2_lm_lower.stl,6a810e136c585d3419011ae003ff4445b09fa76a2b6eaa912f0850ff50eb1d3a,/Users/antor/gh/lx/top_baffle_v2/review/captive_magnet_slice_audit_06hf/slices/shared_Obi-Wan-Flat_obiwan_wing_flat_left_split2_1_of_2_lm_lower/ready/plate_1.gcode,55dd65e56bc6a941a47519be309a675161276d8b065cf72b590e1a781d17398f,/Users/antor/gh/lx/top_baffle_v2/review/captive_magnet_slice_audit_06hf/slices/shared_Obi-Wan-Flat_obiwan_wing_flat_left_split2_1_of_2_lm_lower/ready/ready_to_print.gcode.3mf,3bd431d034a89d39b2c90d3cdb32bb595cbb2584fc4c52ba4f74b9a25ee01236,True,b2fcff93409d0b28fb3f3e2e68e4b7182a5e2c9bef36279fcf127284eb8dbb1b,/Users/antor/gh/lx/top_baffle_v2/review/captive_magnet_slice_audit_06hf/slices/shared_Obi-Wan-Flat_obiwan_wing_flat_left_split2_1_of_2_lm_lower/plate_1.gcode,5362c10f18b7b187a3cba27fa420c3172c8c81f2f78b84756bfdb0a5aca1f7d8,/Users/antor/gh/lx/top_baffle_v2/review/captive_magnet_slice_audit_06hf/slices/shared_Obi-Wan-Flat_obiwan_wing_flat_left_split2_1_of_2_lm_lower/audited_slice_project.3mf,992037b888621dd647065c608c673d9345106826c989abba318ff257d8ba1bf6,0.0,"[{""site"":""lm_lower_left"",""print_marked_pole_axis_xyz"":[-0.9806556088468728,0.19574109644417936,0.0],""installed_marked_pole_axis_xyz"":[-0.7064513012709772,-0.7077616540421945,0.0],""instruction"":""marked/N pole points along the same installed pair-axis vector as the carrier magnet; the face toward the carrier is therefore the opposite pole""}]"
shared:Obi-Wan-Flat:obiwan_wing_flat_left_split2_2_of_2_lm_um_upper,shared,Obi-Wan-Flat,obiwan_wing_flat_left_split2_2_of_2_lm_um_upper,front_face_down,1,lm_upper_left; um_left,2,5.8,5.80,5.96,5.96,0.09999990000002246,0.2599999000000226,"[0.0,0.0,-1.0]",insert vertically downward from above the paused part (+Z side) through the open loading chimney along print -Z,/Users/antor/gh/lx/top_baffle_v2/build/wings/flat/stl/obiwan_wing_flat_left_split2_2_of_2_lm_um_upper.stl,c750c0025c0a168f50705ede3a77e84d3954432f56155d29a86d494c6d5cef79,/Users/antor/gh/lx/top_baffle_v2/review/captive_magnet_slice_audit_06hf/slices/shared_Obi-Wan-Flat_obiwan_wing_flat_left_split2_2_of_2_lm_um_upper/ready/plate_1.gcode,b46cb76954694e2708df58181b1e8cf7e0c47aaa7c1bc0189706931c9c30fd87,/Users/antor/gh/lx/top_baffle_v2/review/captive_magnet_slice_audit_06hf/slices/shared_Obi-Wan-Flat_obiwan_wing_flat_left_split2_2_of_2_lm_um_upper/ready/ready_to_print.gcode.3mf,08753cdf2e0c06ee04ad7addd4a75b5718afd67a122c652be944975c3f0b054b,True,7a842a474ef7139dd786789fb7fc394c418970894277e4f6358e4eb1c2198adc,/Users/antor/gh/lx/top_baffle_v2/review/captive_magnet_slice_audit_06hf/slices/shared_Obi-Wan-Flat_obiwan_wing_flat_left_split2_2_of_2_lm_um_upper/plate_1.gcode,9ea2cc67a90949b6bb71b7dae239fecb38c26a4406d8a5feecd2a398aba2b2dc,/Users/antor/gh/lx/top_baffle_v2/review/captive_magnet_slice_audit_06hf/slices/shared_Obi-Wan-Flat_obiwan_wing_flat_left_split2_2_of_2_lm_um_upper/audited_slice_project.3mf,83da884204a463c764c1c061ce485c31e036751cb2f4b2c498d0c0cb86872f64,0.0,"[{""site"":""lm_upper_left"",""print_marked_pole_axis_xyz"":[0.9999143275740072,0.013089595571344037,0.0],""installed_marked_pole_axis_xyz"":[-0.4383711467890776,0.8987940462991671,0.0],""instruction"":""marked/N pole points along the same installed pair-axis vector as the carrier magnet; the face toward the carrier is therefore the opposite pole""},{""site"":""um_left"",""print_marked_pole_axis_xyz"":[0.9753423205085127,-0.22069743502150146,0.0],""installed_marked_pole_axis_xyz"":[-0.6360782202777641,0.7716245833877199,0.0],""instruction"":""marked/N pole points along the same installed pair-axis vector as the carrier magnet; the face toward the carrier is therefore the opposite pole""}]"
shared:Obi-Wan-Flat:obiwan_wing_flat_right_1_of_3_lm_lower,shared,Obi-Wan-Flat,obiwan_wing_flat_right_1_of_3_lm_lower,front_face_down,1,lm_lower_right,1,5.8,5.80,5.96,5.96,0.10000000000000941,0.26000000000000956,"[0.0,0.0,-1.0]",insert vertically downward from above the paused part (+Z side) through the open loading chimney along print -Z,/Users/antor/gh/lx/top_baffle_v2/build/wings/flat/stl/obiwan_wing_flat_right_1_of_3_lm_lower.stl,d2c17b218d7c5a2898e334d0edfc0d54c6a15c8f73c4850585661a977ac522d8,/Users/antor/gh/lx/top_baffle_v2/review/captive_magnet_slice_audit_06hf/slices/shared_Obi-Wan-Flat_obiwan_wing_flat_right_1_of_3_lm_lower/ready/plate_1.gcode,43c2f8977c8b1d1c9f4c196cea236f84efb71a91d48bb0106b7692b33f66978f,/Users/antor/gh/lx/top_baffle_v2/review/captive_magnet_slice_audit_06hf/slices/shared_Obi-Wan-Flat_obiwan_wing_flat_right_1_of_3_lm_lower/ready/ready_to_print.gcode.3mf,b2cfe93349e3316b770db8c959aafbac35cfb1d8876db8a50d403ca681507a9b,True,36c6bf8a21470965d424fe9186a88f37a6cec33470b2943a11dac3500665a978,/Users/antor/gh/lx/top_baffle_v2/review/captive_magnet_slice_audit_06hf/slices/shared_Obi-Wan-Flat_obiwan_wing_flat_right_1_of_3_lm_lower/plate_1.gcode,57f6d8ec16e66276d950850fd4dc4f4c38e39c978704840c86754db3036978fc,/Users/antor/gh/lx/top_baffle_v2/review/captive_magnet_slice_audit_06hf/slices/shared_Obi-Wan-Flat_obiwan_wing_flat_right_1_of_3_lm_lower/audited_slice_project.3mf,5bb3ade480e9313daf7d07dd101bae04ef3362395535c2695786b421c575c68a,0.0,"[{""site"":""lm_lower_right"",""print_marked_pole_axis_xyz"":[-0.19574109644417936,0.9806556088468728,0.0],""installed_marked_pole_axis_xyz"":[0.7064513012709772,-0.7077616540421945,0.0],""instruction"":""marked/N pole points along the same installed pair-axis vector as the carrier magnet; the face toward the carrier is therefore the opposite pole""}]"
shared:Obi-Wan-Flat:obiwan_wing_flat_right_2_of_3_lm_upper,shared,Obi-Wan-Flat,obiwan_wing_flat_right_2_of_3_lm_upper,front_face_down,1,lm_upper_right,1,5.8,5.80,5.96,5.96,0.09999990000002246,0.2599999000000226,"[0.0,0.0,-1.0]",insert vertically downward from above the paused part (+Z side) through the open loading chimney along print -Z,/Users/antor/gh/lx/top_baffle_v2/build/wings/flat/stl/obiwan_wing_flat_right_2_of_3_lm_upper.stl,21c2c8daf1e8d590631f03534313ba0862930174e08def2ec9e93b9d99f51939,/Users/antor/gh/lx/top_baffle_v2/review/captive_magnet_slice_audit_06hf/slices/shared_Obi-Wan-Flat_obiwan_wing_flat_right_2_of_3_lm_upper/ready/plate_1.gcode,27d1a7d958bbf63fe1d910ec8b97a84d567b7edbf02ecc911f69efd65600528d,/Users/antor/gh/lx/top_baffle_v2/review/captive_magnet_slice_audit_06hf/slices/shared_Obi-Wan-Flat_obiwan_wing_flat_right_2_of_3_lm_upper/ready/ready_to_print.gcode.3mf,3cba60901f3dc21e589559a7ccf096a7a83941dee74789efa83d5ae4fec39a78,True,088da5ab3ad79b6e6c4c4db9c5357b0e35936752cf740fe0356b6c542f93704c,/Users/antor/gh/lx/top_baffle_v2/review/captive_magnet_slice_audit_06hf/slices/shared_Obi-Wan-Flat_obiwan_wing_flat_right_2_of_3_lm_upper/plate_1.gcode,6907194ea6331f4e77e40000996d523f66089935947cb280629d01854a2c3621,/Users/antor/gh/lx/top_baffle_v2/review/captive_magnet_slice_audit_06hf/slices/shared_Obi-Wan-Flat_obiwan_wing_flat_right_2_of_3_lm_upper/audited_slice_project.3mf,111e422d4792d984442316346921ad5b7e4f79b2514a4f58267d1752ae6ca126,0.0,"[{""site"":""lm_upper_right"",""print_marked_pole_axis_xyz"":[0.49897565593321086,0.8666160019212789,0.0],""installed_marked_pole_axis_xyz"":[0.43837114678907746,0.898794046299167,0.0],""instruction"":""marked/N pole points along the same installed pair-axis vector as the carrier magnet; the face toward the carrier is therefore the opposite pole""}]"
shared:Obi-Wan-Flat:obiwan_wing_flat_right_3_of_3_um,shared,Obi-Wan-Flat,obiwan_wing_flat_right_3_of_3_um,front_face_down,1,um_right,1,5.8,5.80,5.96,5.96,0.09999990000004022,0.25999990000004036,"[0.0,0.0,-1.0]",insert vertically downward from above the paused part (+Z side) through the open loading chimney along print -Z,/Users/antor/gh/lx/top_baffle_v2/build/wings/flat/stl/obiwan_wing_flat_right_3_of_3_um.stl,e7d29f9b60a03f60de1054261e32398a73a12f519a02cc88664b3875dcebabd9,/Users/antor/gh/lx/top_baffle_v2/review/captive_magnet_slice_audit_06hf/slices/shared_Obi-Wan-Flat_obiwan_wing_flat_right_3_of_3_um/ready/plate_1.gcode,d9800ca2a1dbebdd798d727b0f2b3d5f8480169fce670c244771444371464e20,/Users/antor/gh/lx/top_baffle_v2/review/captive_magnet_slice_audit_06hf/slices/shared_Obi-Wan-Flat_obiwan_wing_flat_right_3_of_3_um/ready/ready_to_print.gcode.3mf,b3b2cbd66ebeab2c730410eb3051808647235aafef608ec932edb52ba25562c9,True,20b551e89ec46cfd2de4bd12cc8f76d2f8f26ceb6ae0057fcadca7173855b7bd,/Users/antor/gh/lx/top_baffle_v2/review/captive_magnet_slice_audit_06hf/slices/shared_Obi-Wan-Flat_obiwan_wing_flat_right_3_of_3_um/plate_1.gcode,4171d25e0200085912cdf891fe34e206ed77bf779347995d106930e92dfa2217,/Users/antor/gh/lx/top_baffle_v2/review/captive_magnet_slice_audit_06hf/slices/shared_Obi-Wan-Flat_obiwan_wing_flat_right_3_of_3_um/audited_slice_project.3mf,06283fa1ba65cb8d7e4f9c93b53b07ce99528071e5f891f62f24011c456e1532,0.0,"[{""site"":""um_right"",""print_marked_pole_axis_xyz"":[0.642395543686691,0.7663732546556417,0.0],""installed_marked_pole_axis_xyz"":[0.636078220277764,0.77162458338772,0.0],""instruction"":""marked/N pole points along the same installed pair-axis vector as the carrier magnet; the face toward the carrier is therefore the opposite pole""}]"
shared:Obi-Wan-Flat:obiwan_wing_flat_right_split2_1_of_2_lm_lower,shared,Obi-Wan-Flat,obiwan_wing_flat_right_split2_1_of_2_lm_lower,front_face_down,1,lm_lower_right,1,5.8,5.80,5.96,5.96,0.10000000000000941,0.26000000000000956,"[0.0,0.0,-1.0]",insert vertically downward from above the paused part (+Z side) through the open loading chimney along print -Z,/Users/antor/gh/lx/top_baffle_v2/build/wings/flat/stl/obiwan_wing_flat_right_split2_1_of_2_lm_lower.stl,d2c17b218d7c5a2898e334d0edfc0d54c6a15c8f73c4850585661a977ac522d8,/Users/antor/gh/lx/top_baffle_v2/review/captive_magnet_slice_audit_06hf/slices/shared_Obi-Wan-Flat_obiwan_wing_flat_right_split2_1_of_2_lm_lower/ready/plate_1.gcode,43c2f8977c8b1d1c9f4c196cea236f84efb71a91d48bb0106b7692b33f66978f,/Users/antor/gh/lx/top_baffle_v2/review/captive_magnet_slice_audit_06hf/slices/shared_Obi-Wan-Flat_obiwan_wing_flat_right_split2_1_of_2_lm_lower/ready/ready_to_print.gcode.3mf,c44553b782fe568a5859f948e14088d3217836ed3ebb89b0d157345716269973,True,52642ffc7bb2252e11494be295085f7a351305b6e3a933500f211eb442b5c862,/Users/antor/gh/lx/top_baffle_v2/review/captive_magnet_slice_audit_06hf/slices/shared_Obi-Wan-Flat_obiwan_wing_flat_right_split2_1_of_2_lm_lower/plate_1.gcode,23aea10b6d2619cbdd9c3551b2e7e3031b9d204dd07fd5b7c3c5503ab4635c09,/Users/antor/gh/lx/top_baffle_v2/review/captive_magnet_slice_audit_06hf/slices/shared_Obi-Wan-Flat_obiwan_wing_flat_right_split2_1_of_2_lm_lower/audited_slice_project.3mf,29431ba054d0d24454ef0bb2e1025b378686dd58c4a989ebe8b88bef9d3da8e4,0.0,"[{""site"":""lm_lower_right"",""print_marked_pole_axis_xyz"":[-0.19574109644417936,0.9806556088468728,0.0],""installed_marked_pole_axis_xyz"":[0.7064513012709772,-0.7077616540421945,0.0],""instruction"":""marked/N pole points along the same installed pair-axis vector as the carrier magnet; the face toward the carrier is therefore the opposite pole""}]"
shared:Obi-Wan-Flat:obiwan_wing_flat_right_split2_2_of_2_lm_um_upper,shared,Obi-Wan-Flat,obiwan_wing_flat_right_split2_2_of_2_lm_um_upper,front_face_down,1,lm_upper_right; um_right,2,5.8,5.80,5.96,5.96,0.09999990000002246,0.2599999000000226,"[0.0,0.0,-1.0]",insert vertically downward from above the paused part (+Z side) through the open loading chimney along print -Z,/Users/antor/gh/lx/top_baffle_v2/build/wings/flat/stl/obiwan_wing_flat_right_split2_2_of_2_lm_um_upper.stl,8be9c65c59b2a961419d2af159bd585c20e49ded7b1a266ae8070b4ec3fa1ae5,/Users/antor/gh/lx/top_baffle_v2/review/captive_magnet_slice_audit_06hf/slices/shared_Obi-Wan-Flat_obiwan_wing_flat_right_split2_2_of_2_lm_um_upper/ready/plate_1.gcode,7db3b536c4726bf03cdf7fdaf6fdcb7e702e8a135bf96c64f3b89f6fd1c81b2b,/Users/antor/gh/lx/top_baffle_v2/review/captive_magnet_slice_audit_06hf/slices/shared_Obi-Wan-Flat_obiwan_wing_flat_right_split2_2_of_2_lm_um_upper/ready/ready_to_print.gcode.3mf,7f94b66b5910785af9ac553ecda51a927458a3ebc5fffab2a24d8a55944da550,True,1b1b0dc883920da3f7c8bfaedb972c085267a08392dd3908445482102f76d4d1,/Users/antor/gh/lx/top_baffle_v2/review/captive_magnet_slice_audit_06hf/slices/shared_Obi-Wan-Flat_obiwan_wing_flat_right_split2_2_of_2_lm_um_upper/plate_1.gcode,ad30313ee1a047b0e617a277db585206e16c5ae545da4451b8d49147768a5ce0,/Users/antor/gh/lx/top_baffle_v2/review/captive_magnet_slice_audit_06hf/slices/shared_Obi-Wan-Flat_obiwan_wing_flat_right_split2_2_of_2_lm_um_upper/audited_slice_project.3mf,4bee6e80dd61759c935c1d790e9b40631188e24d7ddd5addc3f2ba042f6a7bd9,0.0,"[{""site"":""lm_upper_right"",""print_marked_pole_axis_xyz"":[0.999914327574007,-0.013089595571344537,0.0],""installed_marked_pole_axis_xyz"":[0.43837114678907746,0.898794046299167,0.0],""instruction"":""marked/N pole points along the same installed pair-axis vector as the carrier magnet; the face toward the carrier is therefore the opposite pole""},{""site"":""um_right"",""print_marked_pole_axis_xyz"":[0.9753423205085128,0.22069743502150102,0.0],""installed_marked_pole_axis_xyz"":[0.636078220277764,0.77162458338772,0.0],""instruction"":""marked/N pole points along the same installed pair-axis vector as the carrier magnet; the face toward the carrier is therefore the opposite pole""}]"
shared:Obi-Wan-Graded:obiwan_wing_graded_left_1_of_3_lm_lower,shared,Obi-Wan-Graded,obiwan_wing_graded_left_1_of_3_lm_lower,front_face_down,1,lm_lower_left,1,5.8,5.80,5.96,5.96,0.09999990000000825,0.2599999000000084,"[0.0,0.0,-1.0]",insert vertically downward from above the paused part (+Z side) through the open loading chimney along print -Z,/Users/antor/gh/lx/top_baffle_v2/build/wings/graded/stl/obiwan_wing_graded_left_1_of_3_lm_lower.stl,bb82846c5a0581c4eab2b7e84750b67c6d12be3abf59d5ced1d727ac80e4bb4b,/Users/antor/gh/lx/top_baffle_v2/review/captive_magnet_slice_audit_06hf/slices/shared_Obi-Wan-Graded_obiwan_wing_graded_left_1_of_3_lm_lower/ready/plate_1.gcode,872b73d34edbc4a8d17ece226e63ebdaa2d0a27f95b3746f77d99940db8b4c2f,/Users/antor/gh/lx/top_baffle_v2/review/captive_magnet_slice_audit_06hf/slices/shared_Obi-Wan-Graded_obiwan_wing_graded_left_1_of_3_lm_lower/ready/ready_to_print.gcode.3mf,6d80f4d732a91316360479bd36f443d0d64811e2818ea2adc8327189f1ea9008,True,e219ade7180fcd63832e964ad5dc6276e2d59a7eb71cffdaa2b5e2faec05f7a0,/Users/antor/gh/lx/top_baffle_v2/review/captive_magnet_slice_audit_06hf/slices/shared_Obi-Wan-Graded_obiwan_wing_graded_left_1_of_3_lm_lower/plate_1.gcode,625c5748f3cf4c65a10d8e7a7eaf72b4256c6a6647dd7761face818a44134cfa,/Users/antor/gh/lx/top_baffle_v2/review/captive_magnet_slice_audit_06hf/slices/shared_Obi-Wan-Graded_obiwan_wing_graded_left_1_of_3_lm_lower/audited_slice_project.3mf,fcf0a2cf10454c47b80e26240f060db7f7bec035b176e7d712b9bfc56ab8b9d0,0.0,"[{""site"":""lm_lower_left"",""print_marked_pole_axis_xyz"":[-0.9806556088468728,0.19574109644417936,0.0],""installed_marked_pole_axis_xyz"":[-0.7064513012709772,-0.7077616540421945,0.0],""instruction"":""marked/N pole points along the same installed pair-axis vector as the carrier magnet; the face toward the carrier is therefore the opposite pole""}]"
shared:Obi-Wan-Graded:obiwan_wing_graded_left_2_of_3_lm_upper,shared,Obi-Wan-Graded,obiwan_wing_graded_left_2_of_3_lm_upper,front_face_down,1,lm_upper_left,1,5.8,5.80,5.96,5.96,0.09999990000002246,0.2599999000000226,"[0.0,0.0,-1.0]",insert vertically downward from above the paused part (+Z side) through the open loading chimney along print -Z,/Users/antor/gh/lx/top_baffle_v2/build/wings/graded/stl/obiwan_wing_graded_left_2_of_3_lm_upper.stl,b1a8c90a815c27046e5942b00ce05b13abd51b83c3686f523c721b928b4fb2b6,/Users/antor/gh/lx/top_baffle_v2/review/captive_magnet_slice_audit_06hf/slices/shared_Obi-Wan-Graded_obiwan_wing_graded_left_2_of_3_lm_upper/ready/plate_1.gcode,a213e8f02fdfd5549d46faf6435680da25c7b2fbd89753410509856d9fbd1613,/Users/antor/gh/lx/top_baffle_v2/review/captive_magnet_slice_audit_06hf/slices/shared_Obi-Wan-Graded_obiwan_wing_graded_left_2_of_3_lm_upper/ready/ready_to_print.gcode.3mf,c9da2a0064f322ad4bd9bd4636584c991927a4913f6c1173fb51cb4038fb0d91,True,b1d9a91cf431ebcc8844ef793ae1c13a21938e3d4dcec046aae215ea962c36e5,/Users/antor/gh/lx/top_baffle_v2/review/captive_magnet_slice_audit_06hf/slices/shared_Obi-Wan-Graded_obiwan_wing_graded_left_2_of_3_lm_upper/plate_1.gcode,f68367f7d87ef565ebae8f76b6265a4a79bde1830083d32b498ca37a6f51ad52,/Users/antor/gh/lx/top_baffle_v2/review/captive_magnet_slice_audit_06hf/slices/shared_Obi-Wan-Graded_obiwan_wing_graded_left_2_of_3_lm_upper/audited_slice_project.3mf,e5139feb989f434b5790ec4dc062e134006182f2271b84af3fe5ed59466e1110,0.0,"[{""site"":""lm_upper_left"",""print_marked_pole_axis_xyz"":[0.4989756559332109,-0.8666160019212792,0.0],""installed_marked_pole_axis_xyz"":[-0.4383711467890776,0.8987940462991671,0.0],""instruction"":""marked/N pole points along the same installed pair-axis vector as the carrier magnet; the face toward the carrier is therefore the opposite pole""}]"
shared:Obi-Wan-Graded:obiwan_wing_graded_left_3_of_3_um,shared,Obi-Wan-Graded,obiwan_wing_graded_left_3_of_3_um,front_face_down,1,um_left,1,5.8,5.80,5.96,5.96,0.09999990000004022,0.25999990000004036,"[0.0,0.0,-1.0]",insert vertically downward from above the paused part (+Z side) through the open loading chimney along print -Z,/Users/antor/gh/lx/top_baffle_v2/build/wings/graded/stl/obiwan_wing_graded_left_3_of_3_um.stl,6b001a9af5b2eb31056ef26d9bd33b0af0778b58bdd3ba61add8141ffa1e8a24,/Users/antor/gh/lx/top_baffle_v2/review/captive_magnet_slice_audit_06hf/slices/shared_Obi-Wan-Graded_obiwan_wing_graded_left_3_of_3_um/ready/plate_1.gcode,f853cf06bad9d13dc570f668cf870a28041fe450d7ef35143cf1f188c96dedfa,/Users/antor/gh/lx/top_baffle_v2/review/captive_magnet_slice_audit_06hf/slices/shared_Obi-Wan-Graded_obiwan_wing_graded_left_3_of_3_um/ready/ready_to_print.gcode.3mf,27b6d7447abb0b69afa9728bccdce222cfa7d654c50855ee0d2ff746a5b2fd4c,True,ac55607b3319f6b671cb6acda914d698bf0537929e6944282d75308fa2a55311,/Users/antor/gh/lx/top_baffle_v2/review/captive_magnet_slice_audit_06hf/slices/shared_Obi-Wan-Graded_obiwan_wing_graded_left_3_of_3_um/plate_1.gcode,2b46dddf77e9867737d4e65890c053ffdeebfa7fec092462b0811901e9fa6cfd,/Users/antor/gh/lx/top_baffle_v2/review/captive_magnet_slice_audit_06hf/slices/shared_Obi-Wan-Graded_obiwan_wing_graded_left_3_of_3_um/audited_slice_project.3mf,8f35e23fa2e0ec6d2ddf05fe052f7ab9f3fb9875ef3818983ba213114e6f56ef,0.0,"[{""site"":""um_left"",""print_marked_pole_axis_xyz"":[0.7663732546556418,0.6423955436866906,0.0],""installed_marked_pole_axis_xyz"":[-0.6360782202777641,0.7716245833877199,0.0],""instruction"":""marked/N pole points along the same installed pair-axis vector as the carrier magnet; the face toward the carrier is therefore the opposite pole""}]"
shared:Obi-Wan-Graded:obiwan_wing_graded_left_split2_1_of_2_lm_lower,shared,Obi-Wan-Graded,obiwan_wing_graded_left_split2_1_of_2_lm_lower,front_face_down,1,lm_lower_left,1,5.8,5.80,5.96,5.96,0.09999990000000825,0.2599999000000084,"[0.0,0.0,-1.0]",insert vertically downward from above the paused part (+Z side) through the open loading chimney along print -Z,/Users/antor/gh/lx/top_baffle_v2/build/wings/graded/stl/obiwan_wing_graded_left_split2_1_of_2_lm_lower.stl,bb82846c5a0581c4eab2b7e84750b67c6d12be3abf59d5ced1d727ac80e4bb4b,/Users/antor/gh/lx/top_baffle_v2/review/captive_magnet_slice_audit_06hf/slices/shared_Obi-Wan-Graded_obiwan_wing_graded_left_split2_1_of_2_lm_lower/ready/plate_1.gcode,8a5a9745662e3172eac6e483a30d8af93358649f45ddf76109d1d02d6b3393bd,/Users/antor/gh/lx/top_baffle_v2/review/captive_magnet_slice_audit_06hf/slices/shared_Obi-Wan-Graded_obiwan_wing_graded_left_split2_1_of_2_lm_lower/ready/ready_to_print.gcode.3mf,9dff2d901e30883284aebb5b540ee761174bcd2e865aa05515acf875c889ed06,True,164752a8854c450c0e6ec303f0291c16fe4801cf0b61d9db056243cac2b1baf2,/Users/antor/gh/lx/top_baffle_v2/review/captive_magnet_slice_audit_06hf/slices/shared_Obi-Wan-Graded_obiwan_wing_graded_left_split2_1_of_2_lm_lower/plate_1.gcode,625c5748f3cf4c65a10d8e7a7eaf72b4256c6a6647dd7761face818a44134cfa,/Users/antor/gh/lx/top_baffle_v2/review/captive_magnet_slice_audit_06hf/slices/shared_Obi-Wan-Graded_obiwan_wing_graded_left_split2_1_of_2_lm_lower/audited_slice_project.3mf,c43c3c0409d89ce767d574261a90c82ed06ca2d4a034631117cc44282eef6515,0.0,"[{""site"":""lm_lower_left"",""print_marked_pole_axis_xyz"":[-0.9806556088468728,0.19574109644417936,0.0],""installed_marked_pole_axis_xyz"":[-0.7064513012709772,-0.7077616540421945,0.0],""instruction"":""marked/N pole points along the same installed pair-axis vector as the carrier magnet; the face toward the carrier is therefore the opposite pole""}]"
shared:Obi-Wan-Graded:obiwan_wing_graded_left_split2_2_of_2_lm_um_upper,shared,Obi-Wan-Graded,obiwan_wing_graded_left_split2_2_of_2_lm_um_upper,front_face_down,1,lm_upper_left; um_left,2,5.8,5.80,5.96,5.96,0.09999990000002246,0.2599999000000226,"[0.0,0.0,-1.0]",insert vertically downward from above the paused part (+Z side) through the open loading chimney along print -Z,/Users/antor/gh/lx/top_baffle_v2/build/wings/graded/stl/obiwan_wing_graded_left_split2_2_of_2_lm_um_upper.stl,fa15e5f241e426367f4c85aba41c417f5cf037c3cd152956cb67bba51b77cac5,/Users/antor/gh/lx/top_baffle_v2/review/captive_magnet_slice_audit_06hf/slices/shared_Obi-Wan-Graded_obiwan_wing_graded_left_split2_2_of_2_lm_um_upper/ready/plate_1.gcode,58e97bbd005571d2f01a41f2e3001ce27415f8eae0888e6066392b8b6205faa0,/Users/antor/gh/lx/top_baffle_v2/review/captive_magnet_slice_audit_06hf/slices/shared_Obi-Wan-Graded_obiwan_wing_graded_left_split2_2_of_2_lm_um_upper/ready/ready_to_print.gcode.3mf,f208baf5eff4b206dd92f039947f8c665104f69db2d73f697c5936a2390231f0,True,b2b272e9a4daa0b2cd61e4561b532374ca47baa8f84e537bcafbce346ebd5ee4,/Users/antor/gh/lx/top_baffle_v2/review/captive_magnet_slice_audit_06hf/slices/shared_Obi-Wan-Graded_obiwan_wing_graded_left_split2_2_of_2_lm_um_upper/plate_1.gcode,795d6b20ef728986cc5d6c0e4609b9bc08ee6af645825943d25970ff6384700f,/Users/antor/gh/lx/top_baffle_v2/review/captive_magnet_slice_audit_06hf/slices/shared_Obi-Wan-Graded_obiwan_wing_graded_left_split2_2_of_2_lm_um_upper/audited_slice_project.3mf,82769f75aff3ba022956c9c6714570ab53a64e21b483521b5a93c3a4b4994e3b,0.0,"[{""site"":""lm_upper_left"",""print_marked_pole_axis_xyz"":[0.013089595571344259,-0.9999143275740072,0.0],""installed_marked_pole_axis_xyz"":[-0.4383711467890776,0.8987940462991671,0.0],""instruction"":""marked/N pole points along the same installed pair-axis vector as the carrier magnet; the face toward the carrier is therefore the opposite pole""},{""site"":""um_left"",""print_marked_pole_axis_xyz"":[-0.22069743502150124,-0.9753423205085127,0.0],""installed_marked_pole_axis_xyz"":[-0.6360782202777641,0.7716245833877199,0.0],""instruction"":""marked/N pole points along the same installed pair-axis vector as the carrier magnet; the face toward the carrier is therefore the opposite pole""}]"
shared:Obi-Wan-Graded:obiwan_wing_graded_right_1_of_3_lm_lower,shared,Obi-Wan-Graded,obiwan_wing_graded_right_1_of_3_lm_lower,front_face_down,1,lm_lower_right,1,5.8,5.80,5.96,5.96,0.09999990000000825,0.2599999000000084,"[0.0,0.0,-1.0]",insert vertically downward from above the paused part (+Z side) through the open loading chimney along print -Z,/Users/antor/gh/lx/top_baffle_v2/build/wings/graded/stl/obiwan_wing_graded_right_1_of_3_lm_lower.stl,e94e8cb163407d9e608e1345d9041207bda0b228b190ac8764effdcc4ba750af,/Users/antor/gh/lx/top_baffle_v2/review/captive_magnet_slice_audit_06hf/slices/shared_Obi-Wan-Graded_obiwan_wing_graded_right_1_of_3_lm_lower/ready/plate_1.gcode,9df8a8747b33ef37f780b47b347529cd632f5f405e69579433ad0d61afb21f44,/Users/antor/gh/lx/top_baffle_v2/review/captive_magnet_slice_audit_06hf/slices/shared_Obi-Wan-Graded_obiwan_wing_graded_right_1_of_3_lm_lower/ready/ready_to_print.gcode.3mf,70dd50de0e09e17951a3d33d6a18a067cf0c9ce615e9fa993516d161fc7c5f9f,True,8fcfa90b0595106e2555b24bab11f4ac8fbf1f90af26dc2109684aca382004ee,/Users/antor/gh/lx/top_baffle_v2/review/captive_magnet_slice_audit_06hf/slices/shared_Obi-Wan-Graded_obiwan_wing_graded_right_1_of_3_lm_lower/plate_1.gcode,ee86e68148e2329287473505fe5fb3b67a4a3c8f8638f889dc6c5681d3eadda1,/Users/antor/gh/lx/top_baffle_v2/review/captive_magnet_slice_audit_06hf/slices/shared_Obi-Wan-Graded_obiwan_wing_graded_right_1_of_3_lm_lower/audited_slice_project.3mf,38205ed4f5d0f01831913ab42cc5963e96385c81a02d24fb02b7b4145a64bfc6,0.0,"[{""site"":""lm_lower_right"",""print_marked_pole_axis_xyz"":[-0.19574109644417936,0.9806556088468728,0.0],""installed_marked_pole_axis_xyz"":[0.7064513012709772,-0.7077616540421945,0.0],""instruction"":""marked/N pole points along the same installed pair-axis vector as the carrier magnet; the face toward the carrier is therefore the opposite pole""}]"
shared:Obi-Wan-Graded:obiwan_wing_graded_right_2_of_3_lm_upper,shared,Obi-Wan-Graded,obiwan_wing_graded_right_2_of_3_lm_upper,front_face_down,1,lm_upper_right,1,5.8,5.80,5.96,5.96,0.09999990000002246,0.2599999000000226,"[0.0,0.0,-1.0]",insert vertically downward from above the paused part (+Z side) through the open loading chimney along print -Z,/Users/antor/gh/lx/top_baffle_v2/build/wings/graded/stl/obiwan_wing_graded_right_2_of_3_lm_upper.stl,c409d1c10404efa4e5724417046a2202a34666745bcf92fb85f7650ed8016f12,/Users/antor/gh/lx/top_baffle_v2/review/captive_magnet_slice_audit_06hf/slices/shared_Obi-Wan-Graded_obiwan_wing_graded_right_2_of_3_lm_upper/ready/plate_1.gcode,12ffbefbbb6f8aff520124947b00632ded941c82ebcbf4adf7fcc18fcb4e165e,/Users/antor/gh/lx/top_baffle_v2/review/captive_magnet_slice_audit_06hf/slices/shared_Obi-Wan-Graded_obiwan_wing_graded_right_2_of_3_lm_upper/ready/ready_to_print.gcode.3mf,cf512a36f7d730984509278ac0d43675391306b240cca20b57544452805cd7b2,True,527d502b6fffd4ea136eff779c983e3adcd93164e147e71544eec698c9aeee57,/Users/antor/gh/lx/top_baffle_v2/review/captive_magnet_slice_audit_06hf/slices/shared_Obi-Wan-Graded_obiwan_wing_graded_right_2_of_3_lm_upper/plate_1.gcode,e8f61506c184fce9fdf8c10682dcba5baba6b310e2dd8e07988f2f9fa7e566d4,/Users/antor/gh/lx/top_baffle_v2/review/captive_magnet_slice_audit_06hf/slices/shared_Obi-Wan-Graded_obiwan_wing_graded_right_2_of_3_lm_upper/audited_slice_project.3mf,12733eab8147d674934e188c12743010aed8dc01e19844389e845b80cf043ce7,0.0,"[{""site"":""lm_upper_right"",""print_marked_pole_axis_xyz"":[0.49897565593321086,0.8666160019212789,0.0],""installed_marked_pole_axis_xyz"":[0.43837114678907746,0.898794046299167,0.0],""instruction"":""marked/N pole points along the same installed pair-axis vector as the carrier magnet; the face toward the carrier is therefore the opposite pole""}]"
shared:Obi-Wan-Graded:obiwan_wing_graded_right_3_of_3_um,shared,Obi-Wan-Graded,obiwan_wing_graded_right_3_of_3_um,front_face_down,1,um_right,1,5.8,5.80,5.96,5.96,0.09999990000004022,0.25999990000004036,"[0.0,0.0,-1.0]",insert vertically downward from above the paused part (+Z side) through the open loading chimney along print -Z,/Users/antor/gh/lx/top_baffle_v2/build/wings/graded/stl/obiwan_wing_graded_right_3_of_3_um.stl,ef1fb40e5d4a749fb7816be89381ffc4dc615569308f91ee2087fdbcad579f65,/Users/antor/gh/lx/top_baffle_v2/review/captive_magnet_slice_audit_06hf/slices/shared_Obi-Wan-Graded_obiwan_wing_graded_right_3_of_3_um/ready/plate_1.gcode,cb1f1a80ff00770beaa66d9343c41a438abd30d4ad54dc90eba63843e974735d,/Users/antor/gh/lx/top_baffle_v2/review/captive_magnet_slice_audit_06hf/slices/shared_Obi-Wan-Graded_obiwan_wing_graded_right_3_of_3_um/ready/ready_to_print.gcode.3mf,4b79daaf40ae6a5bfab1e1b4ac3e6a834c0ecb3418e7f43a54e45a048f785d9f,True,98aad50e0dd3df0f711d9759e29862763586715cfe71c6f3522623c70936eef8,/Users/antor/gh/lx/top_baffle_v2/review/captive_magnet_slice_audit_06hf/slices/shared_Obi-Wan-Graded_obiwan_wing_graded_right_3_of_3_um/plate_1.gcode,dd0cf15f2ddec41eceed0c7a43919119035dd6d1a634f0ae2d2be6a832b23043,/Users/antor/gh/lx/top_baffle_v2/review/captive_magnet_slice_audit_06hf/slices/shared_Obi-Wan-Graded_obiwan_wing_graded_right_3_of_3_um/audited_slice_project.3mf,a7c3b83e65c6faa4577ab1b46cde59ea496e3ecee0dca8b15f74314e4c8662b5,0.0,"[{""site"":""um_right"",""print_marked_pole_axis_xyz"":[0.642395543686691,0.7663732546556417,0.0],""installed_marked_pole_axis_xyz"":[0.636078220277764,0.77162458338772,0.0],""instruction"":""marked/N pole points along the same installed pair-axis vector as the carrier magnet; the face toward the carrier is therefore the opposite pole""}]"
shared:Obi-Wan-Graded:obiwan_wing_graded_right_split2_1_of_2_lm_lower,shared,Obi-Wan-Graded,obiwan_wing_graded_right_split2_1_of_2_lm_lower,front_face_down,1,lm_lower_right,1,5.8,5.80,5.96,5.96,0.09999990000000825,0.2599999000000084,"[0.0,0.0,-1.0]",insert vertically downward from above the paused part (+Z side) through the open loading chimney along print -Z,/Users/antor/gh/lx/top_baffle_v2/build/wings/graded/stl/obiwan_wing_graded_right_split2_1_of_2_lm_lower.stl,e94e8cb163407d9e608e1345d9041207bda0b228b190ac8764effdcc4ba750af,/Users/antor/gh/lx/top_baffle_v2/review/captive_magnet_slice_audit_06hf/slices/shared_Obi-Wan-Graded_obiwan_wing_graded_right_split2_1_of_2_lm_lower/ready/plate_1.gcode,606fec59f8c83ca7ccf159bb0462d08e00fc1fad05dfddea0f65d935c2283641,/Users/antor/gh/lx/top_baffle_v2/review/captive_magnet_slice_audit_06hf/slices/shared_Obi-Wan-Graded_obiwan_wing_graded_right_split2_1_of_2_lm_lower/ready/ready_to_print.gcode.3mf,fd3822abaadb608a7d3e361bc439173e33a6c56a9de24e8e56cddc44a0ddef4e,True,8ba115186aca9cdb82e79ba445298b049ff2ea3361842262fa9b8a7f1fbe5e07,/Users/antor/gh/lx/top_baffle_v2/review/captive_magnet_slice_audit_06hf/slices/shared_Obi-Wan-Graded_obiwan_wing_graded_right_split2_1_of_2_lm_lower/plate_1.gcode,6590fe684a3570a71657c0ae4578ed2e816a85a1a46f07309e0847849cb4ade2,/Users/antor/gh/lx/top_baffle_v2/review/captive_magnet_slice_audit_06hf/slices/shared_Obi-Wan-Graded_obiwan_wing_graded_right_split2_1_of_2_lm_lower/audited_slice_project.3mf,323470adeef1aed2a57d15eedcd104ae2d250f03096d11674da1876f33c5fdfc,0.0,"[{""site"":""lm_lower_right"",""print_marked_pole_axis_xyz"":[-0.19574109644417936,0.9806556088468728,0.0],""installed_marked_pole_axis_xyz"":[0.7064513012709772,-0.7077616540421945,0.0],""instruction"":""marked/N pole points along the same installed pair-axis vector as the carrier magnet; the face toward the carrier is therefore the opposite pole""}]"
shared:Obi-Wan-Graded:obiwan_wing_graded_right_split2_2_of_2_lm_um_upper,shared,Obi-Wan-Graded,obiwan_wing_graded_right_split2_2_of_2_lm_um_upper,front_face_down,1,lm_upper_right; um_right,2,5.8,5.80,5.96,5.96,0.09999990000002246,0.2599999000000226,"[0.0,0.0,-1.0]",insert vertically downward from above the paused part (+Z side) through the open loading chimney along print -Z,/Users/antor/gh/lx/top_baffle_v2/build/wings/graded/stl/obiwan_wing_graded_right_split2_2_of_2_lm_um_upper.stl,cd1c013a5d78a0478261d8665b91cd44e7bbd098b1e45f35a77d36994507fd60,/Users/antor/gh/lx/top_baffle_v2/review/captive_magnet_slice_audit_06hf/slices/shared_Obi-Wan-Graded_obiwan_wing_graded_right_split2_2_of_2_lm_um_upper/ready/plate_1.gcode,52d20817bfd2e673a27751083da57893e030bac8f78409df1cfe209daaf63dcf,/Users/antor/gh/lx/top_baffle_v2/review/captive_magnet_slice_audit_06hf/slices/shared_Obi-Wan-Graded_obiwan_wing_graded_right_split2_2_of_2_lm_um_upper/ready/ready_to_print.gcode.3mf,c9ebd8fd36fb55ccdcf6b6d883a752b3c2556efed393fdab7950923cd10b4df9,True,b606f4ca0f6c0d10db7607911776c4daaef649f3b0e9fddeaea797c28fae4a2e,/Users/antor/gh/lx/top_baffle_v2/review/captive_magnet_slice_audit_06hf/slices/shared_Obi-Wan-Graded_obiwan_wing_graded_right_split2_2_of_2_lm_um_upper/plate_1.gcode,8d1c306a11ad4f39460ba29ef1766806ab02fea804c193a87a3de7c39f675514,/Users/antor/gh/lx/top_baffle_v2/review/captive_magnet_slice_audit_06hf/slices/shared_Obi-Wan-Graded_obiwan_wing_graded_right_split2_2_of_2_lm_um_upper/audited_slice_project.3mf,0e4c17ef77b08451879e58b9fc7ca39a01ca16da718bc41a13756dd11ad12362,0.0,"[{""site"":""lm_upper_right"",""print_marked_pole_axis_xyz"":[0.999914327574007,-0.013089595571344537,0.0],""installed_marked_pole_axis_xyz"":[0.43837114678907746,0.898794046299167,0.0],""instruction"":""marked/N pole points along the same installed pair-axis vector as the carrier magnet; the face toward the carrier is therefore the opposite pole""},{""site"":""um_right"",""print_marked_pole_axis_xyz"":[0.9753423205085128,0.22069743502150102,0.0],""installed_marked_pole_axis_xyz"":[0.636078220277764,0.77162458338772,0.0],""instruction"":""marked/N pole points along the same installed pair-axis vector as the carrier magnet; the face toward the carrier is therefore the opposite pole""}]"
